date,code,event_ret_pct,vol_ratio,amount,avg_amt20,fwd1_pct,fwd3_pct,fwd5_pct,fwd10_pct,fwd20_pct,close_px,shares,mktcap_e8,cap_bucket,industry,market,in_disposal,streak,locked,year,liquidity_bucket,breadth_down,breadth_bucket
2015-06-03,3095,-9.86301369863014,3.088123206144159,113173438.0,37215089.8,-7.598784194528873,-11.854103343465038,-23.404255319148938,-28.267477203647406,-24.620060790273545,16.45,10000000,1.645,D_小型(<50億),通信網路業,otc,False,2,True,2015,5000萬-2億,8,4-10檔
2015-06-09,1783,-9.876543209876553,3.3753863483932087,19435050.0,7071223.25,4.337899543378998,8.675799086757996,11.415525114155244,25.799086757990874,15.525114155251153,21.9,89698115,19.643887184999997,D_小型(<50億),生技醫療業,sii,False,2,True,2015,1000萬-5000萬,195,30+檔(全面性恐慌)
2015-06-09,2375,-9.708737864077666,4.063928218304234,41891826.0,12329785.2,0.0,0.0,6.093189964157708,8.24372759856631,-6.093189964157708,13.95,108675334,15.160209092999999,D_小型(<50億),電子零組件業,sii,False,2,True,2015,1000萬-5000萬,195,30+檔(全面性恐慌)
2015-06-09,2614,-9.913793103448276,2.3607966546184347,52102022.0,30042721.3,6.2200956937799035,-2.7113237639553422,-0.31897926634768536,3.8277511961722466,-6.6985645933014375,6.27,327264946,20.519512114199998,D_小型(<50億),其他,sii,False,2,True,2015,5000萬-2億,195,30+檔(全面性恐慌)
2015-06-09,3149,-9.79381443298969,2.4226105155383637,53720595.0,26518966.15,1.7142857142857126,-2.000000000000013,-1.1428571428571344,-3.1428571428571472,-6.8571428571428505,17.5,226233604,39.5908807,D_小型(<50億),光電業,sii,False,2,True,2015,5000萬-2億,195,30+檔(全面性恐慌)
2015-06-09,3508,-9.824561403508769,3.601763153551548,19536275.0,6701986.85,5.447470817120625,16.731517509727635,12.840466926070038,15.175097276264605,39.29961089494163,12.85,104311737,13.4040582045,D_小型(<50億),其他電子業,otc,False,2,True,2015,1000萬-5000萬,195,30+檔(全面性恐慌)
2015-06-09,3591,-9.772727272727266,3.246292422572587,32097226.0,11472596.85,0.25188916876572875,-1.2594458438287104,-3.2745591939546737,1.76322418136019,4.030226700251882,19.85,145386835,28.8592867475,D_小型(<50億),光電業,sii,False,2,False,2015,1000萬-5000萬,195,30+檔(全面性恐慌)
2015-06-09,5251,-9.876543209876543,4.137484414835216,12831994.0,3471618.8,6.849315068493156,11.232876712328776,13.15068493150684,15.068493150684926,1.3698630136986356,36.5,33733377,12.312682605,D_小型(<50億),光電業,otc,False,2,False,2015,1000萬-5000萬,195,30+檔(全面性恐慌)
2015-06-09,8074,-9.95575221238938,6.236927538505809,19980562.0,3681418.4,5.159705159705141,5.405405405405395,3.1941031941031817,6.142506142506132,12.530712530712517,20.35,80974466,16.478303831,D_小型(<50億),電子零組件業,otc,False,2,True,2015,1000萬-5000萬,195,30+檔(全面性恐慌)
2015-06-09,8105,-9.914320685434507,2.408885247583268,27104195.0,13321067.25,2.1739130434782483,7.065217391304346,10.733695652173903,11.820652173913038,4.755434782608692,7.36,441544851,32.4977010336,D_小型(<50億),光電業,sii,False,2,True,2015,1000萬-5000萬,195,30+檔(全面性恐慌)
2015-06-09,8171,-9.756097560975608,2.0749593214909825,9951902.0,5786821.9,4.86486486486486,9.72972972972974,3.3513513513513615,10.270270270270254,7.135135135135129,9.25,112853326,10.438932655,D_小型(<50億),綠能環保,otc,False,2,True,2015,<1000萬(極低),195,30+檔(全面性恐慌)
2015-06-09,8176,-9.921671018276756,2.6868473738008127,3459978.0,1508436.55,-6.521739130434789,-2.1739130434782705,-3.1884057971014568,15.217391304347828,8.405797101449286,6.9,71701000,4.947369,D_小型(<50億),通信網路業,otc,False,2,True,2015,<1000萬(極低),195,30+檔(全面性恐慌)
2015-06-09,8410,-9.591836734693882,4.377348370225342,10798166.0,2931183.2,4.288939051918739,2.934537246049662,2.483069977426644,8.12641083521446,2.031602708803626,22.15,36589200,8.1045078,D_小型(<50億),電腦及週邊設備業,otc,False,2,False,2015,1000萬-5000萬,195,30+檔(全面性恐慌)
2015-06-10,5484,-9.585121602288982,5.034212629931416,7195115.0,1680977.3,-4.113924050632923,-5.063291139240511,-16.77215189873419,-12.5,-18.19620253164558,6.32,66801000,4.2218232,D_小型(<50億),光電業,sii,False,2,False,2015,<1000萬(極低),6,4-10檔
2015-06-10,6259,-9.829059829059815,2.4223158249221752,11620312.0,5857388.35,2.369668246445489,8.056872037914697,1.8957345971563955,12.796208530805675,0.0,10.55,28056146,2.959923403,D_小型(<50億),電子零組件業,otc,False,2,True,2015,1000萬-5000萬,6,4-10檔
2015-06-10,8101,-9.829059829059828,3.1253289638400266,29424663.0,11277155.7,9.478672985782,18.246445497630347,14.691943127962093,16.706161137440766,16.706161137440766,8.44,52166216,4.402828630399999,D_小型(<50億),通信網路業,sii,False,2,False,2015,1000萬-5000萬,6,4-10檔
2015-06-17,5704,-9.938837920489307,2.159427587741384,2739189.0,1597736.3,-4.753820033955858,2.2071307300509435,-0.5093378607809784,-1.5280135823429464,-7.979626485568758,29.45,58861658,17.334758281,D_小型(<50億),觀光餐旅,otc,False,2,True,2015,<1000萬(極低),5,4-10檔
2015-06-17,6199,-9.523809523809534,10.0,30400.0,3305.0,-9.210526315789469,-17.763157894736835,,-27.302631578947356,-33.55263157894737,15.2,61760018,9.387522736,D_小型(<50億),其他,otc,False,2,True,2015,<1000萬(極低),5,4-10檔
2015-07-08,910861,-9.999999999999998,3.3598855096310665,2757950.0,1067544.1,0.33670033670034627,11.447811447811462,5.387205387205385,14.47811447811449,10.437710437710424,14.85,1673607386,248.530696821,B_中型(100-500億),存託憑證,sii,False,2,True,2015,<1000萬(極低),45,30+檔(全面性恐慌)
2015-07-23,9802,-13.598673300165832,3.393101867947559,559605113.0,237127046.1,-9.98080614203456,-25.335892514395397,-36.66026871401152,-33.20537428023034,-22.64875239923225,52.1,200991673,104.71666163300002,B_中型(100-500億),運動休閒,sii,False,3,True,2015,>2億(高),21,11-30檔
2015-07-24,8080,-9.9009900990099,4.760468832984038,23161214.0,5691801.35,-9.890109890109889,-17.216117216117212,-24.17582417582418,-55.091575091575095,-32.74725274725275,13.65,67163821,9.1678615665,D_小型(<50億),建材營造,otc,False,2,True,2015,1000萬-5000萬,13,11-30檔
2015-07-27,3257,-9.920182440136838,3.447025430729804,49847438.0,17870967.8,4.936708860759498,1.8987341772152,-0.25316455696202667,8.860759493670889,-16.455696202531644,39.5,79823590,31.53031805,D_小型(<50億),半導體業,sii,False,2,True,2015,1000萬-5000萬,188,30+檔(全面性恐慌)
2015-07-27,8080,-9.890109890109889,2.99389100670398,15009329.0,6262228.95,-6.504065040650408,-6.504065040650408,-24.227642276422767,-45.203252032520325,-32.113821138211385,12.3,67163821,8.261149983000001,D_小型(<50億),建材營造,otc,False,3,True,2015,1000萬-5000萬,188,30+檔(全面性恐慌)
2015-07-30,6114,-9.927360774818384,6.65392977139469,11350850.0,1957947.05,0.0,-9.408602150537638,-13.978494623655923,6.182795698924726,3.360215053763449,37.2,43911937,16.335240564,D_小型(<50億),電子零組件業,otc,False,2,True,2015,1000萬-5000萬,5,4-10檔
2015-08-04,3545,-9.75056689342405,2.3171046550658896,171416350.0,97928620.95,9.798994974874397,14.321608040201017,16.331658291457284,14.572864321608048,22.1105527638191,19.9,222456016,44.268747184,D_小型(<50億),半導體業,sii,False,2,False,2015,5000萬-2億,67,30+檔(全面性恐慌)
2015-08-05,2425,-9.774436090225569,4.2214560944735595,21916320.0,7481946.2,-0.4166666666666763,-1.6666666666666607,4.583333333333339,7.499999999999996,12.5,12.0,96498831,11.57985972,D_小型(<50億),電腦及週邊設備業,sii,False,3,True,2015,1000萬-5000萬,14,11-30檔
2015-08-13,3060,-9.999999999999998,4.383389550806402,639848237.0,178069601.25,0.5005005005005003,-1.7017017017017078,3.1031031031030887,-4.70470470470471,12.712712712712705,49.95,137563190,68.712813405,C_中小型(50-100億),電腦及週邊設備業,sii,False,2,True,2015,>2億(高),9,4-10檔
2015-08-14,6103,-9.987515605493137,9.126774513040608,159936.0,20386.3,-2.219140083217752,-11.927877947295428,,-9.847434119278775,2.6352288488210807,7.21,13604891,0.9809126411,D_小型(<50億),半導體業,otc,False,2,True,2015,<1000萬(極低),8,4-10檔
2015-08-17,4924,-9.97624703087886,2.6528637637224763,13099854.0,4771942.2,-9.894459102902376,-14.511873350923477,-5.408970976253302,-6.33245382585752,1.451187335092352,7.58,37164409,2.8170622022000003,D_小型(<50億),綠能環保,otc,True,2,True,2015,1000萬-5000萬,21,11-30檔
2015-08-18,1742,-9.722222222222221,2.2334547384436907,7245053.0,4092399.7,-10.000000000000009,-10.769230769230775,-27.61538461538462,3.8461538461538547,,13.0,92671300,12.047269,D_小型(<50億),化學工業,otc,False,2,True,2015,<1000萬(極低),11,11-30檔
2015-08-19,3064,-9.887640449438194,3.54602884375089,4515497.0,1584039.95,-5.735660847880308,-23.441396508728186,-26.683291770573568,-17.45635910224439,13.216957605985025,20.05,13011451,2.6087959255,D_小型(<50億),文化創意業,otc,False,2,True,2015,<1000萬(極低),40,30+檔(全面性恐慌)
2015-08-21,5243,-9.856630824372758,2.8286419140059818,43168691.0,19207319.0,-9.741550695825051,-5.367793240556651,14.314115308151099,1.7892644135188984,10.735586481113323,25.15,168528915,42.3850221225,D_小型(<50億),光電業,sii,False,2,True,2015,1000萬-5000萬,67,30+檔(全面性恐慌)
2015-08-24,1784,-9.956709956709965,3.675027911648695,16560072.0,5650707.1,0.0,3.8461538461538547,9.134615384615374,16.58653846153846,44.230769230769226,20.8,53121191,11.049207727999999,D_小型(<50億),生技醫療業,otc,False,2,True,2015,1000萬-5000萬,496,30+檔(全面性恐慌)
2015-08-24,2405,-9.697933227345,2.6762320502790153,31929497.0,14705460.8,0.7042253521126751,8.27464788732395,10.915492957746476,19.190140845070424,20.246478873239447,5.68,343427303,19.5066708104,D_小型(<50億),電腦及週邊設備業,sii,False,2,False,2015,1000萬-5000萬,496,30+檔(全面性恐慌)
2015-08-24,2481,-9.834123222748802,3.9589358595001145,31417281.0,9544598.25,5.124835742444156,11.695137976346913,17.345597897503275,19.18528252299605,23.127463863337706,7.61,382114927,29.078945944700003,D_小型(<50億),半導體業,sii,False,2,False,2015,1000萬-5000萬,496,30+檔(全面性恐慌)
2015-08-24,2719,-9.999999999999998,3.0934100591025313,4027000.0,1665635.6,1.683501683501687,13.468013468013474,16.835016835016848,19.191919191919183,19.865319865319876,14.85,69182500,10.27360125,D_小型(<50億),觀光餐旅,otc,False,2,True,2015,<1000萬(極低),496,30+檔(全面性恐慌)
2015-08-24,3025,-9.973404255319151,4.033280513688287,3322329.0,961755.85,-2.8064992614475592,-0.5908419497784201,3.988183161004444,5.908419497784356,14.475627769571652,6.77,56736440,3.8410569879999996,D_小型(<50億),通信網路業,sii,False,2,True,2015,<1000萬(極低),496,30+檔(全面性恐慌)
2015-08-24,3047,-9.948320413436695,2.277371213185341,7188538.0,3837447.25,1.147776183644189,10.616929698708756,15.064562410329984,26.111908177905296,38.16355810616932,6.97,224761608,15.6658840776,D_小型(<50億),通信網路業,sii,False,2,True,2015,<1000萬(極低),496,30+檔(全面性恐慌)
2015-08-24,3236,-9.97807017543858,3.3035877147598725,7385039.0,2631195.0,3.5322777101096214,4.750304506699132,10.475030450669909,19.61023142509135,27.283800243605327,8.21,105000613,8.620550327300002,D_小型(<50億),電子零組件業,otc,False,2,True,2015,<1000萬(極低),496,30+檔(全面性恐慌)
2015-08-24,3257,-9.959072305593452,2.6717233306294896,25170495.0,11199408.6,7.878787878787885,-3.9393939393939426,-4.3939393939393945,14.545454545454529,14.090909090909086,33.0,79823590,26.3417847,D_小型(<50億),半導體業,sii,False,2,True,2015,1000萬-5000萬,496,30+檔(全面性恐慌)
2015-08-24,3325,-9.960159362549803,4.572310656543724,10373833.0,2758345.15,-5.3097345132743445,-3.539823008849563,1.327433628318575,1.7699115044247815,5.752212389380529,11.3,110168610,12.44905293,D_小型(<50億),電腦及週邊設備業,otc,False,2,True,2015,1000萬-5000萬,496,30+檔(全面性恐慌)
2015-08-24,3443,-9.863945578231291,4.083318154978542,82653198.0,24581864.05,-0.9433962264150941,7.735849056603783,8.490566037735858,8.113207547169798,15.849056603773581,53.0,134011911,71.02631283,C_中小型(50-100億),半導體業,sii,False,2,True,2015,5000萬-2億,496,30+檔(全面性恐慌)
2015-08-24,3518,-9.905020352781547,3.1524541879972054,33015134.0,13474378.6,0.9036144578313143,7.2289156626506035,7.981927710843362,6.174698795180711,15.662650602409634,33.2,102467230,34.01912036,D_小型(<50億),其他電子業,sii,False,2,True,2015,1000萬-5000萬,496,30+檔(全面性恐慌)
2015-08-24,3646,-9.999999999999998,3.07421315575161,3046354.0,1212382.85,-9.661835748792269,-4.347826086956519,-2.898550724637672,-4.251207729468598,24.63768115942029,10.35,39297371,4.0672778984999995,D_小型(<50億),電子零組件業,otc,False,2,True,2015,<1000萬(極低),496,30+檔(全面性恐慌)
2015-08-24,3687,-9.988385598141692,2.324725162825801,21630432.0,11734561.45,0.0,14.70967741935485,13.677419354838705,10.580645161290336,29.54838709677421,38.75,30060820,11.64856775,D_小型(<50億),數位雲端,otc,False,2,True,2015,1000萬-5000萬,496,30+檔(全面性恐慌)
2015-08-24,3693,-9.924487594390508,2.154432689098329,59602045.0,34345975.9,0.0,7.784431137724557,7.425149700598799,11.976047904191622,19.64071856287426,83.5,42990694,35.89722949,D_小型(<50億),電腦及週邊設備業,otc,False,2,True,2015,5000萬-2億,496,30+檔(全面性恐慌)
2015-08-24,4714,-9.927360774818395,4.163959946724162,14257061.0,4287656.0,-3.4946236559139865,6.317204301075274,8.870967741935477,14.247311827956977,17.069892473118276,7.44,178088188,13.2497611872,D_小型(<50億),化學工業,otc,False,2,True,2015,1000萬-5000萬,496,30+檔(全面性恐慌)
2015-08-24,5211,-9.948979591836748,2.2978534910762076,4400850.0,2357802.85,-1.4164305949008527,6.5155807365439244,9.065155807365443,13.31444759206799,20.396600566572243,17.65,32024727,5.6523643155,D_小型(<50億),資訊服務業,otc,False,2,True,2015,<1000萬(極低),496,30+檔(全面性恐慌)
2015-08-24,5243,-9.741550695825051,3.1647231185219833,48877937.0,20678559.7,2.643171806167399,15.19823788546255,14.09691629955947,13.215859030836995,20.044052863436136,22.7,168528915,38.256063705,D_小型(<50億),光電業,sii,False,3,False,2015,1000萬-5000萬,496,30+檔(全面性恐慌)
2015-08-24,6129,-9.914529914529913,4.505090447317165,6487810.0,1740268.25,1.5180265654648917,17.647058823529417,17.267552182163183,22.77039848197344,29.791271347248593,5.27,180943675,9.535731672499999,D_小型(<50億),半導體業,otc,False,2,True,2015,<1000萬(極低),496,30+檔(全面性恐慌)
2015-08-24,6170,-9.999999999999998,3.056641628821457,5222040.0,2072128.45,5.882352941176472,14.052287581699341,19.11764705882353,31.5359477124183,44.44444444444444,6.12,97260038,5.952314325600001,D_小型(<50億),通信網路業,otc,False,2,True,2015,<1000萬(極低),496,30+檔(全面性恐慌)
2015-08-24,6233,-10.000000000000009,2.8577755682939223,7498564.0,3259677.6,-3.1746031746031633,1.5873015873015817,8.994708994709,13.227513227513231,23.809523809523814,9.45,81021896,7.656569171999999,D_小型(<50億),半導體業,otc,False,2,True,2015,<1000萬(極低),496,30+檔(全面性恐慌)
2015-08-24,6411,-9.836065573770503,2.5262811642886223,40853018.0,21740277.8,4.935064935064926,13.506493506493511,17.922077922077918,26.4935064935065,48.05194805194806,19.25,99497331,19.1532362175,D_小型(<50億),半導體業,otc,False,2,True,2015,1000萬-5000萬,496,30+檔(全面性恐慌)
2015-08-24,8201,-9.967320261437917,4.4751103043472495,3014363.0,793517.0,0.9074410163339319,6.533575317604368,12.522686025408358,21.778584392014523,26.497277676951004,5.51,62366275,3.4363817525,D_小型(<50億),其他電子業,sii,False,2,True,2015,<1000萬(極低),496,30+檔(全面性恐慌)
2015-08-25,1742,-9.952153110047835,2.3165079071354846,6069781.0,3851338.9,9.989373007438896,32.30605738575982,43.4643995749203,41.870350690754506,,9.41,92671300,8.72036933,D_小型(<50億),化學工業,otc,True,2,True,2015,<1000萬(極低),19,11-30檔
2015-08-25,2424,-9.856630824372758,3.645975754261234,151250.0,48258.25,9.542743538767407,3.379721669980129,8.349900596421467,,25.24850894632207,25.15,59585000,14.9856275,D_小型(<50億),通信網路業,sii,False,2,True,2015,<1000萬(極低),19,11-30檔
2015-08-25,3056,-17.999999999999993,3.418186301629156,14110247.0,5267919.75,0.0,3.2520325203251987,20.731707317073166,21.95121951219512,16.66666666666665,12.3,480555051,59.108271273,C_中小型(50-100億),建材營造,sii,False,2,False,2015,1000萬-5000萬,19,11-30檔
2015-08-25,3444,-9.734513274336276,7.050137575601301,1679000.0,265455.85,-9.150326797385622,-3.9215686274509887,-1.9607843137254943,-4.2483660130719025,0.32679738562091387,15.3,44996877,6.884522181,D_小型(<50億),電子通路業,otc,False,2,True,2015,<1000萬(極低),19,11-30檔
2015-08-25,3685,-9.94708994708995,3.8794641671990897,47351792.0,15010881.35,-1.1750881316098694,3.055229142185678,-11.16333725029377,-17.03877790834313,6.580493537015286,42.55,79574000,33.858737,D_小型(<50億),電機機械,otc,False,2,True,2015,1000萬-5000萬,19,11-30檔
2015-08-25,4549,-9.661835748792269,3.725368255656401,14213000.0,4940254.2,1.8716577540107027,-1.3368983957219305,1.6042780748663166,5.614973262032086,13.636363636363647,74.8,57002445,42.63782886,D_小型(<50億),電機機械,otc,False,2,False,2015,1000萬-5000萬,19,11-30檔
2015-08-25,4726,-9.594882729211085,2.8841578134694426,7751440.0,3436932.35,0.70754716981134,5.4245283018868,10.14150943396228,15.566037735849058,57.54716981132076,21.2,207041800,43.8928616,D_小型(<50億),生技醫療業,otc,False,2,False,2015,<1000萬(極低),19,11-30檔
2015-10-26,2364,-9.97876857749469,2.1419372116182602,10581954.0,4854104.45,9.905660377358494,5.188679245283012,-2.358490566037752,-5.660377358490576,-37.5,4.24,52388648,2.2212786752,D_小型(<50億),電腦及週邊設備業,sii,True,2,True,2015,1000萬-5000萬,5,4-10檔
2015-10-26,3465,-9.76744186046512,5.3055088867273845,60900.0,12481.45,-7.216494845360821,3.0927835051546504,8.247422680412386,,3.0927835051546504,9.7,35329862,3.4269966139999997,D_小型(<50億),其他電子業,otc,False,2,True,2015,<1000萬(極低),5,4-10檔
2015-11-17,9906,-9.909909909909898,2.1216392516689657,7790900.0,4746985.3,-9.333333333333337,-3.9999999999999925,-7.666666666666666,-9.666666666666657,-12.666666666666671,15.0,90376358,13.5564537,D_小型(<50億),建材營造,sii,False,2,True,2015,<1000萬(極低),3,1-3檔(單一個股)
2016-01-07,9906,-9.958506224066399,3.8021582294591085,6691034.0,2059981.8,1.382488479262678,-7.834101382488479,-13.548387096774183,-16.682027649769594,-12.442396313364057,10.85,90376358,9.805834843,D_小型(<50億),建材營造,sii,False,2,True,2016,<1000萬(極低),18,11-30檔
2016-01-08,4950,-9.818181818181815,2.037037037037037,409200.0,261897.5,0.0,-5.645161290322587,12.5,31.4516129032258,41.1290322580645,12.4,57729107,7.158409268000001,D_小型(<50億),鋼鐵工業,otc,False,3,True,2016,<1000萬(極低),3,1-3檔(單一個股)
2016-01-12,6199,-9.958506224066399,9.995002498750624,10850.0,1145.6,,,,,29.032258064516125,10.85,61760018,6.700961952999999,D_小型(<50億),其他,otc,False,2,True,2016,<1000萬(極低),16,11-30檔
2016-01-13,2364,-9.79381443298969,2.3305835669036448,1706330.0,961905.2,9.714285714285719,-5.714285714285716,8.571428571428562,1.7142857142857126,2.857142857142869,1.75,52388648,0.91680134,D_小型(<50億),電腦及週邊設備業,sii,False,2,True,2016,<1000萬(極低),5,4-10檔
2016-01-15,6171,-9.999999999999998,3.454231433506045,7437820.0,2611501.0,-0.30030030030029353,8.608608608608591,2.6026026026026106,-1.2012012012012074,,9.99,100000000,9.99,D_小型(<50億),建材營造,otc,False,2,True,2016,<1000萬(極低),3,1-3檔(單一個股)
2016-02-22,8068,-9.541984732824426,2.1153642753435062,131750.0,68100.8,8.860759493670889,-2.5316455696202445,1.2658227848101333,10.54852320675106,6.329113924050622,11.85,80765949,9.5707649565,D_小型(<50億),電子通路業,otc,False,2,False,2016,<1000萬(極低),8,4-10檔
2016-02-24,3615,-9.960159362549803,3.940865129066644,134405226.0,35113762.85,-0.8849557522124019,-1.3274336283185861,-1.106194690265483,-3.0973451327433787,-11.283185840707965,22.6,68466976,15.473536576,D_小型(<50億),光電業,otc,False,2,True,2016,5000萬-2億,7,4-10檔
2016-02-24,4174,-9.96376811594203,4.786301998173094,3389897393.0,821743495.25,-9.959758551307852,-10.462776659959761,-12.87726358148893,-11.167002012072436,-16.80080482897385,497.0,131579687,653.95104439,A_大型(>=500億),生技醫療業,otc,False,3,True,2016,>2億(高),7,4-10檔
2016-02-25,1529,-10.000000000000009,2.9866666415505554,1198689.0,531153.15,2.645502645502651,-15.343915343915338,-16.402116402116395,-22.22222222222222,-23.28042328042328,3.78,155095074,5.862593797200001,D_小型(<50億),電機機械,sii,False,2,True,2016,<1000萬(極低),7,4-10檔
2016-03-03,1529,-10.000000000000009,4.237923756444345,1146459.0,404696.6,9.722222222222232,9.02777777777779,6.944444444444442,4.166666666666674,-12.847222222222221,2.88,155095074,4.4667381312,D_小型(<50億),電機機械,sii,False,2,True,2016,<1000萬(極低),2,1-3檔(單一個股)
2016-04-11,6222,-9.906291834002667,4.970927984490129,4650430.0,1377686.5,-9.955423476968805,3.1203566121842385,-4.16047548291234,-14.561664190193168,-38.484398216939084,6.73,95688878,6.4398614894,D_小型(<50億),光電業,otc,False,3,True,2016,<1000萬(極低),9,4-10檔
2016-04-25,6118,-9.985935302391002,3.6233350182237842,1676806.0,548642.85,9.999999999999986,1.5625,4.218749999999982,1.2499999999999956,-0.9375000000000022,6.4,90889573,5.816932672,D_小型(<50億),電子通路業,otc,False,2,True,2016,<1000萬(極低),6,4-10檔
2016-05-09,3035,-9.788359788359779,2.9634169940879724,326769589.0,133000551.95,1.1730205278592365,-6.7448680351906205,-4.8387096774193505,-2.052785923753675,0.2932551319648091,34.1,260550313,88.84765673300001,C_中小型(50-100億),半導體業,sii,False,2,True,2016,>2億(高),21,11-30檔
2016-05-09,6150,-9.572901325478655,5.540827282192744,3142808.0,683457.8,3.0944625407166138,14.983713355048867,12.703583061889256,16.775244299674274,27.8501628664495,6.14,48345985,2.968443479,D_小型(<50億),電腦及週邊設備業,otc,False,2,False,2016,<1000萬(極低),21,11-30檔
2016-05-12,3293,-9.999999999999998,2.978115389614807,989435186.0,390922062.45,9.615384615384626,9.829059829059839,13.034188034188032,26.923076923076916,24.14529914529915,234.0,281801560,659.4156504,A_大型(>=500億),文化創意業,otc,False,2,True,2016,>2億(高),21,11-30檔
2016-05-19,1456,-9.727626459143968,5.482475404075895,2345201.0,455476.1,-9.913793103448276,-9.482758620689658,-10.775862068965514,-22.327586206896555,-22.06896551724138,11.6,93720000,10.87152,D_小型(<50億),建材營造,sii,False,2,True,2016,<1000萬(極低),5,4-10檔
2016-05-20,1456,-9.913793103448276,2.481437310045012,1087440.0,509848.1,7.177033492822971,-0.4784688995215225,-6.315789473684208,-10.526315789473683,-12.440191387559796,10.45,93720000,9.79374,D_小型(<50億),建材營造,sii,False,3,True,2016,<1000萬(極低),2,1-3檔(單一個股)
2016-05-26,3095,-9.897610921501709,2.4299127396256175,730347.0,411282.5,3.409090909090895,2.2727272727272707,7.575757575757569,0.37878787878786735,-1.5151515151515138,2.64,10000000,0.264,D_小型(<50億),通信網路業,otc,False,2,True,2016,<1000萬(極低),2,1-3檔(單一個股)
2016-08-09,6241,-9.898989898989896,2.0002232957690214,53031390.0,29929057.45,-9.865470852017932,-21.52466367713005,-29.372197309417047,-39.46188340807175,-39.23766816143498,22.3,35533670,7.92400841,D_小型(<50億),通信網路業,otc,False,3,True,2016,5000萬-2億,13,11-30檔
2016-08-11,1472,-9.763313609467449,2.0580604366051807,20901912.0,9707086.65,-3.60655737704918,-1.6393442622950838,-0.3278688524590234,-4.918032786885251,-8.196721311475407,15.25,52488082,8.004432505,D_小型(<50億),建材營造,sii,False,2,True,2016,1000萬-5000萬,8,4-10檔
2016-08-15,6199,-9.961685823754795,5.0,11750.0,2567.5,,,,,,11.75,61760018,7.256802115,D_小型(<50億),其他,otc,False,2,True,2016,<1000萬(極低),6,4-10檔
2016-08-16,8077,-9.956076134699854,9.487666034155597,2566200.0,301235.7,-7.47967479674797,-0.1626016260162677,5.691056910569103,1.1382113821138296,-2.4390243902439046,30.75,21945669,6.7482932175,D_小型(<50億),觀光餐旅,otc,False,2,True,2016,<1000萬(極低),7,4-10檔
2016-08-19,3086,-9.958071278825987,2.6192306675812893,22815127.0,12210887.8,-6.2863795110593585,-4.772991850989527,1.2805587892898762,-24.097788125727593,-23.51571594877765,8.59,272710510,23.425832809,D_小型(<50億),文化創意業,otc,False,3,True,2016,1000萬-5000萬,1,1-3檔(單一個股)
2016-09-12,8080,-9.826589595375722,2.2534109477519952,12787153.0,7017997.05,-9.935897435897434,-26.923076923076916,-27.564102564102555,-7.371794871794879,-17.307692307692303,15.6,67163821,10.477556076,D_小型(<50億),建材營造,otc,False,2,True,2016,1000萬-5000萬,4,4-10檔
2016-09-23,5516,-9.953917050691242,2.6168795905796753,4576232.0,2048447.35,-3.4800409416581357,-7.0624360286591585,-8.904810644831107,-9.621289662231314,-7.778915046059365,9.77,51545223,5.0359682871,D_小型(<50億),建材營造,otc,False,2,True,2016,<1000萬(極低),2,1-3檔(單一個股)
2016-10-12,3067,-9.797297297297302,2.8334864089374885,831338.0,329489.55,1.8726591760299671,-0.7490636704119868,-6.741573033707871,-2.621722846441943,-3.3707865168539297,13.35,20000000,2.67,D_小型(<50億),居家生活,otc,False,2,True,2016,<1000萬(極低),5,4-10檔
2016-10-12,3708,-9.9882491186839,4.175301382100659,393541434.0,124803592.4,-1.0443864229764954,-12.402088772845953,-14.751958224543083,-7.049608355091374,-17.88511749347258,76.6,92105384,70.552724144,C_中小型(50-100億),綠能環保,sii,False,3,True,2016,>2億(高),5,4-10檔
2016-11-08,4131,-9.954058192955594,6.088574094395315,309980.0,54516.6,9.693877551020403,,,,-2.8911564625850317,5.88,39790000,2.339652,D_小型(<50億),生技醫療業,otc,False,2,True,2016,<1000萬(極低),8,4-10檔
2016-11-09,2609,-9.886547811993518,9.261172439493771,451757242.0,54025434.8,2.6978417266187105,8.992805755395693,8.453237410071957,3.597122302158273,-7.733812949640284,5.56,3492104270,194.16099741199997,B_中型(100-500億),航運業,sii,False,2,True,2016,>2億(高),39,30+檔(全面性恐慌)
2016-11-14,4432,-9.70072239422085,4.771162325749587,22314539.0,5516528.2,0.11428571428571122,2.400000000000002,5.142857142857138,5.142857142857138,0.9142857142857119,43.75,50589000,22.1326875,D_小型(<50億),紡織纖維,otc,False,2,False,2016,1000萬-5000萬,7,4-10檔
2016-11-15,4402,-9.836065573770492,3.092502948186144,1113750.0,405527.45,-1.4141414141414232,-11.919191919191919,-10.1010101010101,-7.4747474747474785,-12.72727272727272,4.95,67991830,3.365595585,D_小型(<50億),紡織纖維,otc,False,2,True,2016,<1000萬(極低),7,4-10檔
2016-12-28,6240,-9.985734664764612,3.2758166156487163,5939165.0,2255332.4,-1.7432646592710044,0.15847860538826808,-3.1695721077654504,-7.60697305863709,-0.47543581616482644,31.55,22867370,7.214655235,D_小型(<50億),資訊服務業,otc,False,2,True,2016,<1000萬(極低),2,1-3檔(單一個股)
2017-01-03,1707,-9.89304812834224,3.617357334027157,1440109749.0,468985538.05,3.5608308605341144,7.41839762611276,4.451038575667665,3.264094955489605,6.528189910979232,168.5,148137373,249.611473505,B_中型(100-500億),生技醫療業,sii,False,2,True,2017,>2億(高),2,1-3檔(單一個股)
2017-02-15,5386,-10.000000000000009,2.0317039302279367,136456658.0,67030810.9,-9.876543209876543,-26.929012345679006,-40.74074074074075,-56.32716049382716,-44.44444444444444,64.8,36080881,23.380410887999997,D_小型(<50億),電腦及週邊設備業,otc,False,2,True,2017,5000萬-2億,2,1-3檔(單一個股)
2017-03-28,3535,-9.627329192546586,2.149362661314826,232965331.0,134880722.8,1.3745704467353903,-0.3436426116838587,-0.3436426116838587,2.405498281786933,0.6872852233676952,14.55,79052356,11.502117797999999,D_小型(<50億),光電業,sii,False,2,False,2017,>2億(高),8,4-10檔
2017-03-28,6197,-9.63855421686748,2.4819397722295227,396737730.0,169480947.55,1.185185185185178,-3.5555555555555673,0.4444444444444473,-7.703703703703713,-10.370370370370374,33.75,122085882,41.203985175,D_小型(<50億),電子零組件業,sii,False,2,False,2017,>2億(高),8,4-10檔
2017-04-18,6222,-9.999999999999998,4.854875503567441,120630.0,27328.95,9.950248756218905,,9.950248756218905,4.975124378109452,1.1608623548921893,6.03,95688878,5.770039343400001,D_小型(<50億),光電業,otc,False,2,True,2017,<1000萬(極低),2,1-3檔(單一個股)
2017-05-02,9928,-9.726962457337883,4.850398074345104,5775616.0,1338604.8,-7.750472589792068,-1.5122873345935761,-1.7013232514177634,0.1890359168241984,29.111531190926286,5.29,70724583,3.7413304407,D_小型(<50億),其他,sii,False,2,False,2017,<1000萬(極低),2,1-3檔(單一個股)
2017-06-12,6198,-9.876543209876543,3.941865369530169,730000.0,214910.35,0.0,,23.630136986301387,10.95890410958904,13.013698630136993,14.6,171400350,25.0244511,D_小型(<50億),建材營造,otc,False,2,True,2017,<1000萬(極低),3,1-3檔(單一個股)
2017-07-21,3520,-9.928352098259985,2.46501871156422,76553840.0,36647634.3,-9.999999999999998,-11.477272727272725,-28.181818181818173,-48.01136363636363,-34.09090909090909,88.0,68846778,60.58516464,C_中小型(50-100億),電子零組件業,otc,False,2,True,2017,5000萬-2億,3,1-3檔(單一個股)
2017-07-21,6165,-9.979423868312765,4.1266285173447725,234770916.0,70894718.6,5.142857142857138,-4.0000000000000036,-6.285714285714283,-39.88571428571428,-48.11428571428572,43.75,77752623,34.0167725625,D_小型(<50億),數位雲端,sii,False,2,True,2017,>2億(高),3,1-3檔(單一個股)
2017-07-24,3520,-9.999999999999998,6.725277427623301,268553500.0,48140752.15,0.37878787878786735,-11.363636363636365,-28.156565656565657,-36.489898989899,-26.767676767676775,79.2,68846778,54.526648176,C_中小型(50-100億),電子零組件業,otc,False,3,True,2017,>2億(高),8,4-10檔
2017-07-24,4903,-9.921082299887251,3.3160699250162646,403074196.0,158476933.4,0.0,-4.005006257822286,-17.897371714643317,-37.79724655819775,-33.66708385481852,39.95,105343714,42.084813743000005,D_小型(<50億),通信網路業,otc,False,3,True,2017,>2億(高),8,4-10檔
2017-08-10,6470,-10.000000000000009,5.49313024730481,60564000.0,12532591.05,-3.3096926713947927,-5.79196217494089,-1.6548463356973908,13.711583924349902,0.47281323877068626,42.3,37694100,15.9446043,D_小型(<50億),通信網路業,otc,False,2,True,2017,5000萬-2億,15,11-30檔
2017-08-14,6523,-9.756097560975608,3.2587541847227532,20653140.0,7449598.4,3.0888030888030826,0.38610038610038533,-0.7722007722007707,7.722007722007729,8.108108108108114,129.5,45047625,58.336674375,C_中小型(50-100億),生技醫療業,otc,False,2,True,2017,1000萬-5000萬,42,30+檔(全面性恐慌)
2017-09-25,6222,-9.974747474747481,2.602009357241753,3229968.0,890559.4,-1.9635343618513268,-1.1220196353436185,1.6830294530154388,-4.488078541374474,40.953716690042086,7.13,95688878,6.8226170014,D_小型(<50億),光電業,otc,True,2,True,2017,<1000萬(極低),14,11-30檔
2017-09-30,3018,-9.882747068676723,3.167649494550057,500093659.0,194633513.4,5.947955390334569,8.921933085501866,10.037174721189611,16.171003717472132,33.085501858736066,53.8,75377715,40.55321067,D_小型(<50億),其他電子業,sii,False,2,True,2017,>2億(高),1,1-3檔(單一個股)
2017-10-30,3064,-9.722222222222221,3.9524343194914158,4663184.0,1300679.6,4.615384615384621,3.8461538461538547,-1.538461538461533,-2.3076923076923106,-6.153846153846154,13.0,13011451,1.69148863,D_小型(<50億),文化創意業,otc,False,2,True,2017,<1000萬(極低),5,4-10檔
2017-11-21,3064,-9.751243781094532,3.9070157860116903,5282977.0,1771451.9,9.26130099228224,31.753031973539137,40.02205071664828,30.099228224917308,32.30429988974641,9.07,13011451,1.1801386057,D_小型(<50億),文化創意業,otc,False,2,False,2017,<1000萬(極低),1,1-3檔(單一個股)
2017-12-05,4943,-9.999999999999998,2.054367910767434,3400874192.0,1519702305.2,-4.569055036344761,-11.734164070612675,-20.45690550363447,-17.96469366562824,-34.994807892004154,481.5,126694353,610.033309695,A_大型(>=500億),電子零組件業,sii,False,2,True,2017,>2億(高),9,4-10檔
2017-12-07,911622,-9.999999999999986,7.619047619047619,70170.0,10091.0,-9.95370370370371,-13.194444444444454,-28.935185185185198,,,8.64,596748900,51.55910496,C_中小型(50-100億),存託憑證,sii,False,2,True,2017,<1000萬(極低),9,4-10檔
2017-12-19,6114,-9.912854030501084,6.912638150584976,39308736.0,6579407.85,2.7811366384522307,3.3857315598548876,-0.6045949214026569,19.83071342200724,16.565900846432903,41.35,43911937,18.1575859495,D_小型(<50億),電子零組件業,otc,False,2,True,2017,1000萬-5000萬,2,1-3檔(單一個股)
2018-01-16,3362,-9.903381642512077,4.972931076101677,399375109.0,93376163.05,0.536193029490617,-0.6702412868632712,-1.3404825737265424,2.2788203753351333,-2.815013404825728,37.3,147445475,54.997162175,C_中小型(50-100億),光電業,otc,False,2,True,2018,>2億(高),7,4-10檔
2018-02-06,6236,-10.000000000000009,3.6437369488242592,85029.0,25539.2,0.0,9.677419354838722,21.14695340501791,0.35842293906811484,-6.810035842293905,13.95,41654039,5.8107384405,D_小型(<50億),數位雲端,otc,False,2,True,2018,<1000萬(極低),165,30+檔(全面性恐慌)
2018-02-09,3339,-9.649122807017541,2.5618371786342546,9656742.0,4098765.1,-3.592233009708745,2.9126213592232997,13.10679611650485,6.796116504854366,0.0,10.3,66568300,6.8565349,D_小型(<50億),光電業,otc,True,3,True,2018,<1000萬(極低),8,4-10檔
2018-02-09,6283,-9.918478260869568,2.9460042611898296,80233743.0,33791104.55,2.1116138763197734,15.535444947209642,17.043740573152345,16.28959276018098,20.36199095022624,33.15,148981343,49.3873152045,D_小型(<50億),其他電子業,sii,False,2,True,2018,5000萬-2億,8,4-10檔
2018-03-21,3629,-9.999999999999998,8.97450272464288,405200.0,49438.9,-6.172839506172845,9.135802469135811,,66.41975308641976,,20.25,32954782,6.673343355,D_小型(<50億),文化創意業,otc,False,2,True,2018,<1000萬(極低),3,1-3檔(單一個股)
2018-04-02,1475,-9.9025974025974,2.1834567276805052,7641270.0,5441244.65,1.2612612612612706,0.9009009009008917,0.9009009009008917,-2.7027027027026973,-4.684684684684692,27.75,66016749,18.3196478475,D_小型(<50億),紡織纖維,sii,False,2,True,2018,<1000萬(極低),2,1-3檔(單一個股)
2018-04-11,5906,-9.565217391304348,2.9239937339339086,7343202.0,2570031.7,9.615384615384626,13.942307692307686,9.615384615384626,6.25,-1.9230769230769384,10.4,35741412,3.7171068480000002,D_小型(<50億),貿易百貨,sii,False,2,True,2018,<1000萬(極低),8,4-10檔
2018-04-17,6150,-9.927797833935015,2.4155221635086006,2132588053.0,1178019685.1,-5.811623246492981,-23.647294589178358,-34.66933867735471,-37.274549098196395,-35.07014028056113,249.5,48345985,120.623232575,B_中型(100-500億),電腦及週邊設備業,otc,False,3,True,2018,>2億(高),9,4-10檔
2018-05-04,1591,-9.861325115562414,3.200247476725839,15358682.0,5856590.55,-3.589743589743588,-5.641025641025632,-9.059829059829049,-9.059829059829049,7.008547008547006,29.25,38048047,11.1290537475,D_小型(<50億),電機機械,otc,False,2,True,2018,1000萬-5000萬,5,4-10檔
2018-05-14,1526,-9.902912621359228,4.403680967794301,62114813.0,16834326.4,-9.913793103448276,0.5387931034482651,-0.6465517241379226,-6.896551724137923,-5.064655172413801,46.4,60000000,27.84,D_小型(<50億),電機機械,sii,False,2,False,2018,5000萬-2億,9,4-10檔
2018-05-14,3605,-9.787234042553195,5.75958856837153,102020054.0,20321670.15,-4.009433962264142,-1.8867924528301772,0.943396226415083,2.358490566037741,4.952830188679247,21.2,174697441,37.035857492,D_小型(<50億),電子零組件業,sii,False,2,False,2018,5000萬-2億,9,4-10檔
2018-05-15,1526,-9.913793103448276,3.9335441154953634,59113543.0,18623106.5,9.928229665071786,10.047846889952151,10.645933014354082,0.4784688995215447,2.7511961722488154,41.8,60000000,25.08,D_小型(<50億),電機機械,sii,False,3,True,2018,5000萬-2億,6,4-10檔
2018-05-15,5225,-9.85324947589099,7.814101555380207,7518007.0,1066964.8,-0.23255813953488857,-2.0930232558139528,-3.7209302325581395,-11.627906976744185,3.953488372093039,21.5,79136499,17.014347285,D_小型(<50億),其他電子業,sii,False,2,True,2018,<1000萬(極低),6,4-10檔
2018-05-18,1538,-9.876543209876553,2.9447954760178487,2678729.0,1066880.7,-1.82648401826484,-2.0547945205479423,-4.337899543378986,-5.936073059360725,-4.109589041095885,4.38,32300000,1.41474,D_小型(<50億),電機機械,sii,False,2,True,2018,<1000萬(極低),5,4-10檔
2018-05-22,3522,-9.890109890109889,5.2748319116537905,50171197.0,11193950.05,9.959349593495936,25.609756097560954,19.715447154471534,26.42276422764227,13.414634146341452,24.6,104096209,25.607667414,D_小型(<50億),觀光餐旅,otc,False,2,True,2018,5000萬-2億,7,4-10檔
2018-06-04,6225,-9.96376811594203,3.0019242029376954,1958180.0,698674.0,-7.042253521126751,-6.237424547283698,-12.273641851106632,-10.663983903420515,-15.69416498993963,4.97,27800000,1.38166,D_小型(<50億),光電業,sii,True,3,True,2018,<1000萬(極低),3,1-3檔(單一個股)
2018-06-22,4430,-9.938837920489307,2.7281040825312854,15549484.0,6281755.35,-7.640067911714777,-5.942275042444822,-8.31918505942275,-10.696095076400669,-12.05432937181664,29.45,56273609,16.5725778505,D_小型(<50億),其他,otc,False,2,True,2018,1000萬-5000萬,3,1-3檔(單一個股)
2018-07-04,8924,-9.671532846715325,4.108126998748816,109151364.0,31856282.95,1.0101010101010166,1.21212121212122,1.21212121212122,3.232323232323231,10.505050505050505,24.75,83800000,20.7405,D_小型(<50億),運動休閒,otc,False,2,False,2018,5000萬-2億,14,11-30檔
2018-07-06,6026,-9.842519685039374,3.654235446697104,44549725.0,14246252.7,-3.9301310043668103,-2.183406113537123,-3.056768558951961,-2.183406113537123,-0.8733624454148492,11.45,396161841,45.3605307945,D_小型(<50億),金融業,otc,False,2,True,2018,1000萬-5000萬,5,4-10檔
2018-07-11,8446,-9.964412811387902,4.219298831237346,193503898.0,52017768.35,-9.881422924901184,-3.9525691699604737,-1.5810276679841917,-1.9762845849802368,0.7905138339920903,126.5,52914405,66.936722325,C_中小型(50-100億),文化創意業,otc,False,2,True,2018,5000萬-2億,10,4-10檔
2018-07-12,8446,-9.881422924901184,4.870896172613139,270536464.0,65058710.8,-0.43859649122807154,6.140350877192979,14.035087719298245,7.017543859649122,11.403508771929815,114.0,52914405,60.3224217,C_中小型(50-100億),文化創意業,otc,False,3,True,2018,>2億(高),6,4-10檔
2018-07-24,2424,-9.597523219814242,3.0657144918127393,1500850.0,594214.75,2.0547945205479534,8.732876712328764,4.452054794520555,11.472602739726012,11.301369863013711,29.2,59585000,17.39882,D_小型(<50億),通信網路業,sii,False,2,False,2018,<1000萬(極低),4,4-10檔
2018-07-25,3105,-9.589041095890416,6.19486141913011,8868926576.0,1731233387.95,0.60606060606061,-11.515151515151512,-5.454545454545457,2.4242424242424176,-1.5151515151515138,165.0,423940384,699.5016336,A_大型(>=500億),半導體業,otc,False,3,False,2018,>2億(高),3,1-3檔(單一個股)
2018-08-14,1526,-9.777777777777786,5.657505731897944,45660840.0,9473475.55,1.1494252873563315,2.791461412151075,3.776683087027921,15.763546798029559,-2.1346469622331665,30.45,60000000,18.27,D_小型(<50億),電機機械,sii,False,2,False,2018,1000萬-5000萬,7,4-10檔
2018-08-15,1441,-9.863945578231291,2.5801745766911264,18018069.0,8329393.4,-9.81132075471699,-10.566037735849054,-2.264150943396237,1.132075471698113,1.8867924528301883,13.25,71744387,9.5061312775,D_小型(<50億),紡織纖維,sii,False,2,True,2018,1000萬-5000萬,13,11-30檔
2018-09-11,6451,-9.951690821256031,2.5470194870831344,376630799.0,173703854.65,-8.369098712446343,-3.9699570815450724,-5.579399141630903,-2.7896995708154626,-25.965665236051507,93.2,114725607,106.924265724,B_中型(100-500億),半導體業,sii,False,2,True,2018,>2億(高),7,4-10檔
2018-09-11,6462,-9.594095940959413,2.118917154459295,914823435.0,529391618.65,-6.938775510204087,-3.6734693877551017,-4.489795918367346,-7.346938775510203,-27.918367346938776,122.5,91250754,111.78217365,B_中型(100-500億),半導體業,otc,False,2,False,2018,>2億(高),7,4-10檔
2018-09-11,8080,-9.876543209876543,2.3893662070674946,730605.0,450509.0,6.301369863013706,28.21917808219179,54.794520547945226,58.63013698630137,15.342465753424662,3.65,67163821,2.4514794665,D_小型(<50億),建材營造,otc,False,3,True,2018,<1000萬(極低),7,4-10檔
2018-09-20,1526,-9.906542056074763,7.177452100241156,62714298.0,10583740.7,-2.4896265560165998,-2.2821576763485507,7.883817427385886,-8.713692946058094,-23.651452282157692,24.1,60000000,14.46,D_小型(<50億),電機機械,sii,False,2,True,2018,5000萬-2億,11,11-30檔
2018-10-09,4943,-9.972299168975074,3.158179112668652,832697523.0,350048900.9,-9.846153846153848,-13.846153846153841,-8.923076923076923,-3.384615384615386,-22.461538461538467,162.5,126694353,205.878323625,B_中型(100-500億),電子零組件業,sii,False,3,True,2018,>2億(高),22,11-30檔
2018-10-09,5274,-9.9882491186839,2.191211567008111,208751180.0,144407820.25,-9.921671018276768,1.8276762402088753,3.1331592689294974,0.5221932114882533,27.54569190600522,383.0,37802685,144.78428355,B_中型(100-500億),半導體業,otc,True,3,True,2018,>2億(高),22,11-30檔
2018-10-11,3518,-9.919571045576392,4.917874346118904,15965498.0,3982196.2,-4.1666666666666625,-4.1666666666666625,0.29761904761904656,-1.4880952380952328,-0.5952380952381042,16.8,102467230,17.21449464,D_小型(<50億),其他電子業,sii,False,2,True,2018,1000萬-5000萬,600,30+檔(全面性恐慌)
2018-10-11,6103,-9.999999999999998,2.5708228945846985,26164.0,11595.85,-9.578544061302685,-9.578544061302685,-24.98084291187741,,-16.47509578544062,13.05,13604891,1.7754382755000002,D_小型(<50億),半導體業,otc,False,2,True,2018,<1000萬(極低),600,30+檔(全面性恐慌)
2018-10-12,4804,-9.965635738831624,2.7922005875853224,4882854.0,2272388.7,0.7633587786259444,0.0,-0.7633587786259555,-20.22900763358779,-20.610687022900752,13.1,71991920,9.43094152,D_小型(<50億),觀光餐旅,otc,False,2,True,2018,<1000萬(極低),6,4-10檔
2018-10-12,6101,-9.645909645909656,7.581991088737903,33159985.0,5291993.45,-0.6756756756756799,0.40540540540541237,-5.810810810810807,-24.054054054054053,-14.864864864864868,37.0,114618371,42.40879727,D_小型(<50億),文化創意業,otc,False,2,False,2018,1000萬-5000萬,6,4-10檔
2018-10-12,8291,-9.880749574105618,10.569012797074954,195730.0,19950.75,,,,-1.7013232514177634,,5.29,17478450,0.924610005,D_小型(<50億),電子零組件業,otc,False,2,True,2018,<1000萬(極低),6,4-10檔
2018-10-16,3499,-9.999999999999998,5.55252011613576,12843963.0,2617957.65,-2.314814814814814,-4.629629629629628,-5.092592592592604,-7.500000000000007,-4.166666666666674,10.8,54970596,5.936824368000001,D_小型(<50億),通信網路業,otc,False,2,True,2018,1000萬-5000萬,2,1-3檔(單一個股)
2018-10-26,3025,-9.523809523809524,3.244974225864892,19930209.0,7711449.7,-9.999999999999998,-15.000000000000002,-10.526315789473683,-11.315789473684202,2.368421052631575,19.0,56736440,10.7799236,D_小型(<50億),通信網路業,sii,False,2,False,2018,1000萬-5000萬,9,4-10檔
2018-10-29,3025,-9.999999999999998,2.1954469297037487,12173071.0,7305155.75,-9.35672514619884,-0.29239766081872176,-0.5847953216374324,-0.5847953216374324,18.128654970760216,17.1,56736440,9.70193124,D_小型(<50億),通信網路業,sii,False,3,True,2018,1000萬-5000萬,17,11-30檔
2018-10-29,5468,-9.955752212389369,3.979757863045289,129819.0,34441.05,4.176904176904173,-12.53071253071254,-14.4963144963145,-14.742014742014742,-9.090909090909093,4.07,58922909,2.3981623963,D_小型(<50億),半導體業,otc,False,2,True,2018,<1000萬(極低),17,11-30檔
2018-10-31,8489,-9.742120343839545,4.0226094161604165,898855370.0,297611128.4,-3.4920634920634908,-3.4920634920634908,-0.6349206349206327,-2.5396825396825418,-3.1746031746031744,157.5,59948960,94.419612,C_中小型(50-100億),其他,otc,False,3,True,2018,>2億(高),1,1-3檔(單一個股)
2019-01-25,911608,-9.722222222222221,10.043721051036751,242080.0,24961.5,-8.461538461538465,-3.8461538461538547,15.384615384615374,16.15384615384614,-9.230769230769242,1.3,480000000,6.24,D_小型(<50億),存託憑證,sii,False,2,True,2019,<1000萬(極低),1,1-3檔(單一個股)
2019-03-22,3555,-9.937238493723854,2.4814519067517384,688972.0,317273.3,-9.988385598141692,-26.94541231126597,-27.06155632984901,-32.86875725900116,-40.30197444831592,43.05,39998797,17.2194821085,D_小型(<50億),半導體業,otc,False,2,True,2019,<1000萬(極低),3,1-3檔(單一個股)
2019-03-25,1475,-9.911054637865313,5.906413277328142,328369.0,68590.95,1.5514809590973178,11.847672778561357,7.334273624823706,12.834978843441469,-5.218617771509171,7.09,66016749,4.6805875041,D_小型(<50億),紡織纖維,sii,False,2,True,2019,<1000萬(極低),5,4-10檔
2019-03-27,5468,-9.976798143851507,3.1409803564103735,214279.0,71185.25,-4.639175257731953,,-17.525773195876283,-12.371134020618557,-4.639175257731953,3.88,58922909,2.2862088691999998,D_小型(<50億),半導體業,otc,False,2,True,2019,<1000萬(極低),2,1-3檔(單一個股)
2019-03-29,6169,-9.823677581863999,3.594198294942208,5032737.0,1646838.55,-9.77653631284916,-10.6145251396648,-6.145251396648033,-9.49720670391061,-9.49720670391061,17.9,23394960,4.187697839999999,D_小型(<50億),文化創意業,otc,False,2,True,2019,<1000萬(極低),6,4-10檔
2019-04-01,5345,-9.967845659163988,5.3140404762525195,2640986.0,576228.55,-8.92857142857143,-1.7857142857142794,18.75000000000002,11.964285714285715,1.7857142857143016,5.6,37795000,2.11652,D_小型(<50億),其他,otc,False,2,True,2019,<1000萬(極低),7,4-10檔
2019-04-01,6169,-9.77653631284916,2.176060219979421,2795609.0,1622189.15,-9.907120743034048,8.978328173374628,5.2631578947368585,-1.5479876160990558,-1.238390092879249,16.15,23394960,3.7782860399999993,D_小型(<50億),文化創意業,otc,False,3,True,2019,<1000萬(極低),7,4-10檔
2019-04-03,1213,-9.979423868312765,4.439666307220135,3278259.0,869963.9,,,,,,8.75,56622627,4.9544798625,D_小型(<50億),食品工業,sii,False,2,True,2019,<1000萬(極低),2,1-3檔(單一個股)
2019-04-19,2364,-9.85401459854015,4.736117807035014,1503820.0,388759.05,0.4048582995951344,6.072874493927127,6.072874493927127,18.623481781376515,12.550607287449367,2.47,52388648,1.2939996056000003,D_小型(<50億),電腦及週邊設備業,sii,False,2,True,2019,<1000萬(極低),5,4-10檔
2019-04-19,3557,-9.85324947589099,3.3029535538737624,27533191.0,9613711.8,4.651162790697683,4.651162790697683,7.674418604651145,13.023255813953494,13.953488372093027,21.5,84315435,18.127818525,D_小型(<50億),居家生活,sii,False,2,True,2019,1000萬-5000萬,5,4-10檔
2019-04-29,3027,-9.852774631936578,2.8879115803144613,92881322.0,44923083.25,5.904522613065333,3.7688442211055273,0.6281407035175768,-1.6331658291457218,4.522613065326642,7.96,129960299,10.344839800399999,D_小型(<50億),通信網路業,sii,False,3,False,2019,5000萬-2億,14,11-30檔
2019-05-10,3664,-9.999999999999998,4.186656186088488,3136343.0,887532.05,-7.407407407407418,-5.092592592592604,-13.425925925925931,0.0,1.8518518518518379,10.8,75945377,8.202100716,D_小型(<50億),通信網路業,otc,False,2,True,2019,<1000萬(極低),6,4-10檔
2019-05-13,6240,-9.97830802603037,4.976394580489937,2386250.0,569346.85,-9.879518072289162,-26.746987951807235,-22.891566265060238,-22.40963855421686,-2.8915662650602525,20.75,22867370,4.744979275,D_小型(<50億),資訊服務業,otc,False,2,True,2019,<1000萬(極低),17,11-30檔
2019-05-14,6240,-9.879518072289162,4.715361894594687,2397550.0,609519.35,-9.89304812834223,-10.6951871657754,-13.636363636363635,-13.101604278074863,14.438502673796783,18.7,22867370,4.27619819,D_小型(<50億),資訊服務業,otc,False,3,True,2019,<1000萬(極低),3,1-3檔(單一個股)
2019-05-21,6236,-9.790209790209792,3.119134474480092,64730.0,21660.2,,-0.3875968992248069,-13.178294573643424,,-23.875968992248065,12.9,41654039,5.3733710310000005,D_小型(<50億),數位雲端,otc,False,2,True,2019,<1000萬(極低),2,1-3檔(單一個股)
2019-05-22,3085,-9.981851179673317,3.4263354762885,241881.0,85296.3,-9.879032258064523,-9.2741935483871,-9.2741935483871,-9.879032258064523,-26.411290322580648,4.96,69019288,3.4233566848000003,D_小型(<50億),數位雲端,otc,False,2,True,2019,<1000萬(極低),2,1-3檔(單一個股)
2019-05-23,3085,-9.879032258064523,10.533123118052155,1409058.0,155393.05,-2.684563758389269,0.6711409395973256,0.6711409395973256,-2.0134228187919434,-18.344519015659955,4.47,69019288,3.0851621735999997,D_小型(<50億),數位雲端,otc,False,3,True,2019,<1000萬(極低),4,4-10檔
2019-06-10,6169,-9.771986970684043,2.1997856006344296,3926330.0,2069839.6,-3.2490974729241784,0.3610108303249149,-3.2490974729241784,-1.4440433212996373,-2.8880866425992857,13.85,23394960,3.24020196,D_小型(<50億),文化創意業,otc,False,2,True,2019,<1000萬(極低),2,1-3檔(單一個股)
2019-06-13,6236,-9.836065573770492,4.33443202137056,110812.0,29180.7,9.545454545454547,,-7.272727272727275,-24.363636363636367,-26.636363636363637,11.0,41654039,4.58194429,D_小型(<50億),數位雲端,otc,False,2,True,2019,<1000萬(極低),3,1-3檔(單一個股)
2019-06-24,3708,-9.935897435897434,3.4869444373065797,956700058.0,310358815.2,-0.9489916963226541,0.3558718861209842,0.8303677342823335,0.5931198102016699,-4.507710557532619,84.3,92105384,77.644838712,C_中小型(50-100億),綠能環保,sii,False,2,True,2019,>2億(高),1,1-3檔(單一個股)
2019-07-16,8084,-9.551656920077967,3.473844525820962,2537296.0,943473.45,0.0,3.6637931034482873,-0.4310344827586077,-9.051724137931028,-7.3275862068965525,23.2,69514149,16.127282568,D_小型(<50億),電子通路業,otc,False,2,False,2019,<1000萬(極低),1,1-3檔(單一個股)
2019-07-30,4414,-9.81132075471699,9.426249378974946,370086478.0,42580280.95,2.092050209205021,-2.5104602510460206,-2.5104602510460206,-8.368200836820083,-8.786610878661083,11.95,263795773,31.5235948735,D_小型(<50億),紡織纖維,sii,False,2,True,2019,>2億(高),6,4-10檔
2019-07-31,6472,-16.795865633074936,2.6608076272124275,408936940.0,175428098.55,-0.9316770186335366,-10.559006211180122,-5.590062111801242,-12.11180124223602,-6.211180124223603,161.0,127756059,205.68725499,B_中型(100-500億),生技醫療業,sii,False,2,False,2019,>2億(高),3,1-3檔(單一個股)
2019-08-28,5345,-9.898477157360407,4.617104864708421,1233190.0,356223.95,9.859154929577475,11.267605633802823,11.267605633802823,5.915492957746471,,3.55,37795000,1.3417225,D_小型(<50億),其他,otc,False,2,True,2019,<1000萬(極低),8,4-10檔
2019-10-31,4304,-9.928352098259975,5.414177381147479,1306364.0,281901.1,-10.000000000000009,-18.181818181818187,-4.431818181818192,-22.72727272727274,-19.545454545454554,8.8,61038065,5.37134972,D_小型(<50億),塑膠工業,otc,False,2,True,2019,<1000萬(極低),3,1-3檔(單一個股)
2019-11-01,4304,-10.000000000000009,5.995235477368517,1821993.0,371828.25,-9.974747474747481,-3.409090909090906,4.292929292929282,-22.72727272727273,-10.984848484848486,7.92,61038065,4.834214748,D_小型(<50億),塑膠工業,otc,False,3,True,2019,<1000萬(極低),1,1-3檔(單一個股)
2019-11-12,4304,-9.946236559139788,2.7747280465210133,1661344.0,723280.95,-4.477611940298509,-8.656716417910449,-19.850746268656717,3.88059701492538,,6.7,61038065,4.089550355,D_小型(<50億),塑膠工業,otc,True,2,True,2019,<1000萬(極低),2,1-3檔(單一個股)
2019-11-19,1512,-9.86842105263156,5.715674383101083,1901925.0,383676.0,-1.4598540145985495,11.922141119221386,-2.4330900243309084,-7.542579075425804,-2.676399026763998,4.11,98183498,4.0353417678,D_小型(<50億),汽車工業,sii,False,2,True,2019,<1000萬(極低),7,4-10檔
2019-11-26,3085,-9.63302752293579,4.095739392257569,275480.0,85343.5,0.0,-12.690355329949243,5.076142131979688,67.51269035532994,67.00507614213198,1.97,69019288,1.3596799735999998,D_小型(<50億),數位雲端,otc,False,2,True,2019,<1000萬(極低),5,4-10檔
2019-11-27,2025,-9.999999999999986,2.4828883113266924,3220792.0,1386744.15,-6.481481481481488,7.407407407407396,1.85185185185186,2.77777777777779,-2.777777777777779,2.16,172660536,3.7294675776000004,D_小型(<50億),鋼鐵工業,sii,False,2,True,2019,<1000萬(極低),10,4-10檔
2019-11-27,2364,-9.92063492063492,3.2821104243961092,968298.0,331383.4,-9.691629955947146,1.7621145374449254,0.8810572687224738,5.286343612334798,-0.8810572687224627,2.27,52388648,1.1892223096,D_小型(<50億),電腦及週邊設備業,sii,False,2,True,2019,<1000萬(極低),10,4-10檔
2019-11-27,3043,-9.756097560975597,4.909250576887969,1881092.0,430873.3,-9.90990990990992,7.2072072072072,-3.1531531531531654,-11.261261261261268,-18.918918918918926,2.22,38975634,0.8652590748000001,D_小型(<50億),其他電子業,sii,False,2,True,2019,<1000萬(極低),10,4-10檔
2019-11-28,1471,-9.92063492063492,2.069601382890033,2618542.0,1833860.95,-7.048458149779746,-6.607929515418498,-5.286343612334809,-17.180616740088105,5.286343612334798,2.27,150414536,3.4144099672,D_小型(<50億),電子零組件業,sii,False,2,True,2019,<1000萬(極低),10,4-10檔
2019-11-28,2364,-9.691629955947146,4.4966370517757035,1490388.0,398338.15,2.4390243902439046,12.195121951219523,12.195121951219523,7.317073170731736,8.292682926829297,2.05,52388648,1.0739672839999999,D_小型(<50億),電腦及週邊設備業,sii,False,3,True,2019,<1000萬(極低),10,4-10檔
2019-11-28,3043,-9.90990990990992,7.67946650558598,4078408.0,617416.5,10.000000000000009,14.500000000000002,1.0000000000000009,0.49999999999998934,-9.499999999999996,2.0,38975634,0.77951268,D_小型(<50億),其他電子業,sii,False,3,True,2019,<1000萬(極低),10,4-10檔
2019-11-28,6259,-9.623430962343093,2.9460164628808143,184470.0,73651.85,0.0,-4.166666666666686,-3.703703703703709,-9.722222222222232,15.27777777777779,2.16,28056146,0.6060127536000001,D_小型(<50億),電子零組件業,otc,False,2,True,2019,<1000萬(極低),10,4-10檔
2019-11-29,1235,-9.999999999999998,4.694378870962686,20077629.0,5178197.0,1.157407407407418,0.694444444444442,1.157407407407418,-0.6944444444444531,-0.462962962962965,21.6,188577836,40.732812576,D_小型(<50億),食品工業,sii,False,2,True,2019,1000萬-5000萬,1,1-3檔(單一個股)
2019-12-13,4147,-9.787234042553195,2.7061786560427143,744127224.0,327112317.25,-1.8867924528301883,-5.849056603773583,-4.245283018867929,-6.509433962264155,-10.094339622641513,106.0,273202425,289.5945705,B_中型(100-500億),生技醫療業,otc,False,2,True,2019,>2億(高),5,4-10檔
2020-01-14,2702,-9.829059829059815,5.905572619529968,164671741.0,29984762.05,-2.1327014218009643,-5.924170616113744,-16.350710900473942,-21.800947867298582,-22.985781990521335,21.1,156613249,33.045395539,D_小型(<50億),觀光餐旅,sii,False,2,True,2020,5000萬-2億,5,4-10檔
2020-01-14,2736,-9.909909909909898,5.19737981307306,21298295.0,4434268.55,-6.333333333333324,-8.333333333333337,-18.999999999999993,-22.666666666666668,-11.66666666666667,15.0,79972230,11.9958345,D_小型(<50億),觀光餐旅,otc,False,2,True,2020,1000萬-5000萬,5,4-10檔
2020-01-31,2723,-9.649122807017541,2.8034233371426907,195932935.0,83477282.8,-9.999999999999998,-7.281553398058249,-7.7669902912621325,0.0,-5.339805825242716,103.0,180000000,185.4,B_中型(100-500億),觀光餐旅,sii,False,2,True,2020,5000萬-2億,8,4-10檔
2020-01-31,2726,-9.812409812409806,3.258719603552726,41721470.0,14510212.6,-5.600000000000005,3.200000000000003,2.5599999999999845,-3.200000000000003,-8.479999999999999,62.5,37922454,23.70153375,D_小型(<50億),觀光餐旅,otc,False,2,False,2020,1000萬-5000萬,8,4-10檔
2020-01-31,4190,-9.952606635071092,2.248951688180872,155379496.0,85468733.2,-9.999999999999998,-0.736842105263158,1.0526315789473717,-1.5789473684210575,-6.631578947368421,95.0,61444112,58.3719064,C_中小型(50-100億),生技醫療業,sii,False,2,True,2020,5000萬-2億,8,4-10檔
2020-01-31,5014,-9.999999999999998,2.31925388865644,34421819.0,16424527.05,-7.407407407407418,-2.77777777777779,-6.172839506172856,-4.73251028806585,-13.271604938271608,9.72,183265054,17.8133632488,D_小型(<50億),鋼鐵工業,otc,False,2,True,2020,1000萬-5000萬,8,4-10檔
2020-01-31,5340,-9.777777777777775,3.4556164822921707,100255392.0,35974308.85,-9.975369458128093,8.743842364532007,15.763546798029559,10.098522167487678,-8.374384236453203,40.6,194893964,79.126949384,C_中小型(50-100億),電子零組件業,otc,False,2,False,2020,5000萬-2億,8,4-10檔
2020-01-31,5907,-9.836065573770492,7.01425814790992,50360950.0,8258055.75,-5.909090909090908,-3.1818181818181746,0.2272727272727204,2.2727272727272707,-0.9090909090909038,22.0,195531000,43.01682,D_小型(<50億),貿易百貨,sii,False,2,True,2020,5000萬-2億,8,4-10檔
2020-02-04,6506,-9.54653937947494,4.531584826075321,83564812.0,21049529.15,-2.110817941952503,-1.846965699208436,-2.638522427440637,-2.638522427440637,-5.54089709762533,18.95,82360826,15.607376527000001,D_小型(<50億),紡織纖維,otc,False,2,False,2020,5000萬-2億,4,4-10檔
2020-02-05,1730,-9.931506849315053,2.1120140971039563,294281916.0,151079881.25,-7.984790874524728,-3.802281368821292,-6.083650190114087,-5.956907477820028,-6.590621039290245,78.9,63233851,49.891508439000006,D_小型(<50億),化學工業,sii,False,2,True,2020,>2億(高),6,4-10檔
2020-02-19,5205,-9.999999999999998,5.285278974466744,36667.0,8000.1,9.876543209876543,,,,,7.29,13500000,0.98415,D_小型(<50億),綠能環保,otc,False,2,True,2020,<1000萬(極低),6,4-10檔
2020-02-21,6236,-9.947089947089937,17.559405361114365,127660.0,7368.1,0.0,,,,2.232667450058745,8.51,41654039,3.5447587189,D_小型(<50億),數位雲端,otc,False,2,True,2020,<1000萬(極低),1,1-3檔(單一個股)
2020-02-26,5351,-9.903381642512066,2.6051397051780056,18168068.0,8192103.4,-5.36193029490617,-9.51742627345844,-11.930294906166218,-25.60321715817695,-32.30563002680965,7.46,328464781,24.503472662599997,D_小型(<50億),半導體業,otc,False,2,True,2020,1000萬-5000萬,2,1-3檔(單一個股)
2020-03-05,2719,-9.908536585365846,2.423515856730005,752086.0,322496.9,6.091370558375631,1.1844331641285955,-15.39763113367174,-12.859560067681898,11.675126903553302,5.91,69182500,4.08868575,D_小型(<50億),觀光餐旅,otc,False,2,True,2020,<1000萬(極低),4,4-10檔
2020-03-09,5225,-9.87261146496815,3.4931603563643376,54350799.0,19438677.1,-0.35335689045936647,-12.720848056537104,-22.26148409893993,-29.681978798586584,-9.010600706713777,28.3,79136499,22.395629217000003,D_小型(<50億),其他電子業,sii,False,2,True,2020,5000萬-2億,32,30+檔(全面性恐慌)
2020-03-12,6245,-9.564393939393934,2.261962375495289,102932354.0,54962811.5,-7.539267015706807,-15.916230366492146,-23.66492146596858,-3.2460732984293084,3.7696335078533982,47.75,146608303,70.0054646825,C_中小型(50-100億),通信網路業,otc,False,2,False,2020,5000萬-2億,217,30+檔(全面性恐慌)
2020-03-13,2062,-9.798994974874365,4.379296769903275,12119751.0,3393390.55,-7.799442896935926,-16.15598885793871,-16.434540389972142,10.027855153203348,5.013927576601684,17.95,199994152,35.898950284,D_小型(<50億),居家生活,sii,False,2,True,2020,1000萬-5000萬,159,30+檔(全面性恐慌)
2020-03-13,2497,-9.880239520958078,3.655956489489615,4554938.0,1513464.6,-2.657807308970106,-8.30564784053156,-13.289036544850497,-7.973421926910307,-6.312292358803995,15.05,130887676,19.698595238000003,D_小型(<50億),汽車工業,sii,False,2,True,2020,<1000萬(極低),159,30+檔(全面性恐慌)
2020-03-13,3360,-9.85401459854014,2.866829548846031,10984646.0,4686635.75,-4.453441295546545,-14.574898785425095,-12.145748987854255,-2.8340080971659853,14.574898785425106,12.35,76402244,9.435677134,D_小型(<50億),電子通路業,otc,False,2,True,2020,1000萬-5000萬,159,30+檔(全面性恐慌)
2020-03-13,3390,-9.937888198757772,4.3476014659042574,19121700.0,5296488.85,-9.6551724137931,-10.689655172413804,-5.1724137931034475,-0.34482758620689724,-2.0689655172413834,14.5,79329659,11.502800555,D_小型(<50億),電子零組件業,otc,False,2,True,2020,1000萬-5000萬,159,30+檔(全面性恐慌)
2020-03-13,3419,-9.689922480620151,3.204595616761776,13802426.0,5144131.8,-8.58369098712446,-16.652360515021456,-17.51072961373391,-13.733905579399142,5.150214592274671,11.65,120480417,14.035968580499999,D_小型(<50億),通信網路業,sii,False,2,True,2020,1000萬-5000萬,159,30+檔(全面性恐慌)
2020-03-13,3540,-9.655172413793112,2.686040805814518,16214509.0,7448354.35,-0.7633587786259444,-12.468193384223913,-16.53944020356234,-11.45038167938931,-3.562340966921118,19.65,72458548,14.238104681999998,D_小型(<50億),電腦及週邊設備業,otc,False,2,False,2020,1000萬-5000萬,159,30+檔(全面性恐慌)
2020-03-13,3710,-9.72972972972973,3.3803350887257317,10930123.0,3942210.2,3.79241516966069,9.381237524950103,3.592814371257491,7.185628742514982,20.75848303393213,5.01,287250734,14.391261773399998,D_小型(<50億),電子零組件業,otc,False,2,False,2020,1000萬-5000萬,159,30+檔(全面性恐慌)
2020-03-13,4402,-9.677419354838712,3.014169631066113,598250.0,242498.25,1.5306122448979664,0.0,-8.163265306122447,9.693877551020403,30.612244897959194,3.92,67991830,2.665279736,D_小型(<50億),紡織纖維,otc,False,2,False,2020,<1000萬(極低),159,30+檔(全面性恐慌)
2020-03-13,4939,-9.606986899563319,2.173791468944566,6831470.0,4009767.4,-3.8647342995169143,-15.94202898550725,-16.81159420289855,-1.9323671497584516,21.256038647343,10.35,98200868,10.163789838,D_小型(<50億),電子零組件業,otc,False,2,True,2020,<1000萬(極低),159,30+檔(全面性恐慌)
2020-03-13,4976,-9.523809523809511,2.7105754177348302,20392400.0,9445147.45,-9.941520467836263,-21.052631578947377,-21.92982456140352,-7.602339181286554,7.6023391812865215,17.1,141351000,24.171021,D_小型(<50億),光電業,sii,False,2,False,2020,1000萬-5000萬,159,30+檔(全面性恐慌)
2020-03-13,4979,-9.826589595375722,2.649862804299295,38162630.0,17967504.1,-9.935897435897434,-25.320512820512818,-27.243589743589748,-27.243589743589748,-3.525641025641024,15.6,142359284,22.208048304000002,D_小型(<50億),通信網路業,otc,False,2,True,2020,1000萬-5000萬,159,30+檔(全面性恐慌)
2020-03-13,5210,-9.76491862567812,3.705767102654199,2372678.0,794924.05,0.0,-2.8056112224449037,-9.819639278557112,2.2044088176352616,24.64929859719438,4.99,82177779,4.1006711721,D_小型(<50億),資訊服務業,otc,False,2,False,2020,<1000萬(極低),159,30+檔(全面性恐慌)
2020-03-13,5272,-9.898477157360407,2.0949436880481906,7675756.0,4622700.4,-9.859154929577462,-22.535211267605636,-29.01408450704226,-17.746478873239436,-4.225352112676061,17.75,55276118,9.811510945,D_小型(<50億),半導體業,otc,False,2,True,2020,<1000萬(極低),159,30+檔(全面性恐慌)
2020-03-13,5474,-9.983633387888712,4.722802077366166,23508100.0,5904333.95,0.0,0.0,-0.9090909090909038,17.81818181818182,28.181818181818173,55.0,39756944,21.8663192,D_小型(<50億),電腦及週邊設備業,otc,False,2,True,2020,1000萬-5000萬,159,30+檔(全面性恐慌)
2020-03-13,6185,-9.9236641221374,2.832675879298063,27817563.0,12761626.7,-4.661016949152552,-3.3898305084745783,-4.661016949152552,0.0,13.13559322033897,11.8,149867531,17.684368658,D_小型(<50億),電子零組件業,otc,False,2,True,2020,1000萬-5000萬,159,30+檔(全面性恐慌)
2020-03-13,6283,-9.782608695652161,2.8010451342789433,16607621.0,7720923.15,-9.036144578313266,-19.277108433734945,-25.00000000000001,-5.120481927710852,6.024096385542177,16.6,148981343,24.730902938000003,D_小型(<50億),其他電子業,sii,False,2,True,2020,1000萬-5000萬,159,30+檔(全面性恐慌)
2020-03-13,6499,-9.958932238193018,2.252521923221977,6234132.0,3560192.75,-8.779931584948697,-18.700114025085522,-18.472063854047892,-12.08665906499431,4.561003420752563,43.85,96944893,42.510335580500005,D_小型(<50億),生技醫療業,otc,False,2,True,2020,<1000萬(極低),159,30+檔(全面性恐慌)
2020-03-13,8933,-9.942638623326971,3.3607017160670942,2236484.0,843824.25,-9.97876857749469,-14.012738853503192,-15.074309978768575,-19.108280254777064,-2.972399150743088,4.71,326724305,15.3887147655,D_小型(<50億),運動休閒,otc,False,2,True,2020,<1000萬(極低),159,30+檔(全面性恐慌)
2020-03-16,2231,-9.756097560975608,2.5363108009992605,303593953.0,158859238.4,-9.652509652509655,-26.640926640926644,-33.97683397683397,-11.196911196911197,9.26640926640927,129.5,135931870,176.03177165,B_中型(100-500億),汽車工業,sii,False,2,True,2020,>2億(高),117,30+檔(全面性恐慌)
2020-03-16,3321,-9.956236323851208,2.228063333607874,9882321.0,6016066.95,-9.963547995139733,-24.665856622114212,-28.432563791008512,-24.54434993924667,5.710814094775207,8.23,86113769,7.0871631887,D_小型(<50億),電子零組件業,sii,False,3,True,2020,<1000萬(極低),117,30+檔(全面性恐慌)
2020-03-16,3552,-10.000000000000009,3.2198947321512104,54239323.0,22568761.65,-9.92063492063492,-26.984126984126977,-34.25925925925925,-26.984126984126977,30.026455026455025,37.8,97918334,37.013130251999996,D_小型(<50億),其他電子業,otc,False,3,True,2020,5000萬-2億,117,30+檔(全面性恐慌)
2020-03-16,3686,-9.756097560975608,6.2305107491009215,5266227.0,1019340.85,-1.2012012012012074,-11.41141141141141,-17.417417417417425,-14.414414414414411,14.114114114114095,3.33,76495118,2.5472874294,D_小型(<50億),半導體業,sii,False,3,True,2020,<1000萬(極低),117,30+檔(全面性恐慌)
2020-03-16,4153,-9.950248756218905,3.5234057486472516,4234826.0,1548287.2,-9.11602209944753,-9.944751381215477,4.972375690607733,31.491712707182316,53.86740331491713,18.1,58668197,10.618943657,D_小型(<50億),生技醫療業,otc,False,2,True,2020,<1000萬(極低),117,30+檔(全面性恐慌)
2020-03-16,4188,-9.84126984126985,3.334849173866909,3192550.0,1267240.8,-9.859154929577452,-14.436619718309851,-17.6056338028169,-15.492957746478863,16.19718309859155,14.2,63332900,8.9932718,D_小型(<50億),生技醫療業,otc,False,3,True,2020,<1000萬(極低),117,30+檔(全面性恐慌)
2020-03-16,4401,-9.967320261437907,2.819774359314192,20978666.0,9584256.55,-9.981851179673317,-26.86025408348458,-29.5825771324864,-18.33030852994556,-9.618874773139751,27.55,122692012,33.801649306,D_小型(<50億),紡織纖維,otc,False,2,True,2020,1000萬-5000萬,117,30+檔(全面性恐慌)
2020-03-16,4543,-9.764309764309765,7.719172132866086,1389570.0,206382.6,-3.3582089552238847,-16.417910447761198,-16.791044776119403,-6.343283582089554,15.671641791044767,13.4,59772300,8.0094882,D_小型(<50億),電機機械,otc,False,2,True,2020,<1000萬(極低),117,30+檔(全面性恐慌)
2020-03-16,4931,-9.999999999999998,2.051388596335466,13017619.0,8485681.55,-6.712962962962976,-8.564814814814826,1.8518518518518379,9.490740740740723,28.7037037037037,21.6,65565761,14.162204376000002,D_小型(<50億),電腦及週邊設備業,otc,False,2,True,2020,1000萬-5000萬,117,30+檔(全面性恐慌)
2020-03-16,4976,-9.941520467836263,3.0078195733835176,24635426.0,10419501.25,-9.415584415584421,-21.1038961038961,-14.935064935064934,-0.649350649350644,20.779220779220786,15.4,141351000,21.768054,D_小型(<50億),光電業,sii,False,3,True,2020,1000萬-5000萬,117,30+檔(全面性恐慌)
2020-03-16,4979,-9.935897435897434,3.1436550044292004,48236377.0,19697342.85,-9.964412811387902,-25.266903914590756,-27.046263345195733,-20.640569395017792,8.185053380782904,14.05,142359284,20.001479402,D_小型(<50億),通信網路業,otc,False,3,True,2020,1000萬-5000萬,117,30+檔(全面性恐慌)
2020-03-16,5291,-9.74358974358973,4.989079016394129,23594600.0,6015029.0,-0.8522727272727404,-7.670454545454552,1.4204545454545414,8.806818181818166,24.431818181818166,17.6,39890606,7.020746656,D_小型(<50億),電子零組件業,otc,False,2,False,2020,1000萬-5000萬,117,30+檔(全面性恐慌)
2020-03-16,6111,-9.876543209876543,2.1709897836090404,122767975.0,82345790.05,-9.931506849315063,-26.96917808219178,-32.96232876712328,-16.0958904109589,9.760273972602729,58.4,108511051,63.370453784,C_中小型(50-100億),文化創意業,otc,False,3,True,2020,5000萬-2億,117,30+檔(全面性恐慌)
2020-03-16,6160,-9.80392156862745,3.3950740372854464,3230462.0,1179748.0,-9.999999999999998,-12.173913043478269,-4.782608695652179,-3.913043478260858,5.65217391304349,11.5,68489120,7.8762488,D_小型(<50億),電腦及週邊設備業,otc,False,2,True,2020,<1000萬(極低),117,30+檔(全面性恐慌)
2020-03-16,6482,-9.693877551020403,2.318599087692597,2817202.0,1646150.3,1.1299435028248705,-11.299435028248583,,-8.851224105461398,2.259887005649719,26.55,28634463,7.602449926499999,D_小型(<50億),文化創意業,otc,False,2,False,2020,<1000萬(極低),117,30+檔(全面性恐慌)
2020-03-16,6558,-9.975369458128093,4.38743094043874,137747597.0,41076888.75,-9.986320109439117,-26.949384404924757,-29.274965800273588,-0.1367989056087482,13.132694938440515,36.55,93788875,34.279833812499994,D_小型(<50億),其他電子業,sii,False,3,True,2020,5000萬-2億,117,30+檔(全面性恐慌)
2020-03-16,6625,-9.880239520958078,6.41469665397236,3635671.0,668862.45,-9.966777408637872,-11.960132890365449,-2.657807308970106,3.1561461794019863,17.109634551495013,30.1,57972488,17.449718888000003,D_小型(<50億),其他,sii,False,2,True,2020,<1000萬(極低),117,30+檔(全面性恐慌)
2020-03-16,8444,-9.961685823754795,3.5685442217756327,4499250.0,1557492.1,-10.000000000000009,0.8510638297872353,-7.127659574468092,-19.468085106382972,-20.21276595744681,47.0,125104845,58.79927715,C_中小型(50-100億),其他,otc,False,2,True,2020,<1000萬(極低),117,30+檔(全面性恐慌)
2020-03-16,9914,-9.811320754716979,3.957855409678606,381315410.0,114345495.5,0.4184100418409997,-15.899581589958157,-28.45188284518828,-5.4393305439330515,7.112970711297062,119.5,298983800,357.285641,B_中型(100-500億),運動休閒,sii,False,2,True,2020,>2億(高),117,30+檔(全面性恐慌)
2020-03-17,2231,-9.652509652509655,2.307454437889178,268894323.0,169026472.3,-9.829059829059828,-18.88888888888889,-23.076923076923073,-4.273504273504269,24.35897435897436,117.0,135931870,159.0402879,B_中型(100-500億),汽車工業,sii,False,3,True,2020,>2億(高),161,30+檔(全面性恐慌)
2020-03-17,2314,-9.87261146496815,2.864240691409962,45906348.0,21102234.35,-5.300353356890463,-6.7137809187279185,2.1201413427561766,7.067137809187285,28.97526501766785,14.15,108596422,15.366393712999999,D_小型(<50億),通信網路業,sii,False,2,True,2020,1000萬-5000萬,161,30+檔(全面性恐慌)
2020-03-17,2481,-9.77653631284916,2.6456405100382554,110280062.0,56366630.6,-5.882352941176472,-6.811145510835903,2.786377708978338,18.57585139318885,33.126934984520126,16.15,382114927,61.711560710499995,C_中小型(50-100億),半導體業,sii,False,2,True,2020,5000萬-2億,161,30+檔(全面性恐慌)
2020-03-17,3022,-9.985734664764612,2.2057554836383417,19700856.0,10970996.45,-2.377179080824088,-4.120443740095093,-0.15847860538827918,-6.180665610142633,9.825673534072887,31.55,176597790,55.716602745,C_中小型(50-100億),電腦及週邊設備業,sii,False,2,True,2020,1000萬-5000萬,161,30+檔(全面性恐慌)
2020-03-17,3086,-9.830508474576272,8.421063877522675,524511.0,75135.1,1.5037593984962294,11.2781954887218,13.909774436090228,,27.44360902255638,13.3,272710510,36.27049783,D_小型(<50億),文化創意業,otc,False,2,True,2020,<1000萬(極低),161,30+檔(全面性恐慌)
2020-03-17,3504,-9.999999999999998,2.3491490568380344,94991453.0,57477109.8,-6.270627062706269,-11.771177117711773,-14.301430143014304,-0.11001100110011874,28.93289328932893,45.45,114059785,51.8401722825,C_中小型(50-100億),光電業,sii,False,2,True,2020,5000萬-2億,161,30+檔(全面性恐慌)
2020-03-17,3563,-9.653916211293257,2.6524786899783184,669647130.0,335114409.75,-9.879032258064512,-11.290322580645162,-7.6612903225806495,2.2177419354838745,31.0483870967742,248.0,63960858,158.62292784,B_中型(100-500億),光電業,sii,False,2,False,2020,>2億(高),161,30+檔(全面性恐慌)
2020-03-17,3652,-9.790209790209792,3.505429568218253,3012037.0,1030445.6,-2.3255813953488413,-5.813953488372093,-4.651162790697672,-1.5503875968992276,10.852713178294572,12.9,75097500,9.6875775,D_小型(<50億),電腦及週邊設備業,sii,False,2,True,2020,<1000萬(極低),161,30+檔(全面性恐慌)
2020-03-17,4109,-9.81132075471699,2.314330233522251,12519746.0,7832822.8,-5.439330543933041,-6.2761506276150625,2.9288702928870425,-0.4184100418409997,14.644351464435147,11.95,118736681,14.189033379499998,D_小型(<50億),生技醫療業,otc,False,2,True,2020,1000萬-5000萬,161,30+檔(全面性恐慌)
2020-03-17,4174,-9.899749373433576,2.2936638076520732,69245664.0,41471377.9,-9.457579972183606,-9.596662030598058,-9.040333796940192,-3.477051460361613,27.26008344923503,71.9,131579687,94.60579495300001,C_中小型(50-100億),生技醫療業,otc,False,2,True,2020,5000萬-2億,161,30+檔(全面性恐慌)
2020-03-17,4529,-9.988649262202054,2.1483337292319558,3013677.0,2077713.35,-9.962168978562424,-14.249684741488021,-27.36443883984868,-5.422446406052961,26.103404791929385,7.93,84549096,6.7047433128,D_小型(<50億),其他,otc,False,2,True,2020,<1000萬(極低),161,30+檔(全面性恐慌)
2020-03-17,5425,-9.986130374479874,2.166628657943848,124254686.0,74149385.6,-9.090909090909093,-13.559322033898313,-12.63482280431434,-5.855161787365182,11.864406779661007,32.45,263485486,85.501040207,C_中小型(50-100億),半導體業,otc,False,2,True,2020,5000萬-2億,161,30+檔(全面性恐慌)
2020-03-17,5475,-9.829059829059828,2.8235723123005796,574469.0,261686.0,-9.952606635071092,-18.00947867298578,-15.63981042654028,1.4218009478673022,12.322274881516604,2.11,127127017,2.6823800586999997,D_小型(<50億),電子零組件業,otc,False,2,True,2020,<1000萬(極低),161,30+檔(全面性恐慌)
2020-03-17,5490,-9.97624703087887,2.7536933070728282,21202906.0,10325602.25,-1.055408970976246,-4.485488126649062,12.66490765171504,15.303430079155689,33.50923482849606,18.95,96152201,18.2208420895,D_小型(<50億),電腦及週邊設備業,otc,False,2,True,2020,1000萬-5000萬,161,30+檔(全面性恐慌)
2020-03-17,6124,-9.9009900990099,8.12430200472898,30744835.0,4864961.1,-1.098901098901095,-3.956043956043953,-1.318681318681325,18.021978021978025,35.60439560439561,22.75,182479945,41.5141874875,D_小型(<50億),電子零組件業,otc,False,3,True,2020,1000萬-5000萬,161,30+檔(全面性恐慌)
2020-03-17,6160,-9.999999999999998,4.015980328053485,3985835.0,1313101.4,-2.4154589371980673,4.347826086956541,9.178743961352676,7.246376811594213,17.87439613526569,10.35,68489120,7.08862392,D_小型(<50億),電腦及週邊設備業,otc,False,3,True,2020,<1000萬(極低),161,30+檔(全面性恐慌)
2020-03-17,6237,-9.636363636363644,5.12831514991305,8043890.0,2036356.4,-0.1006036217303774,-3.5211267605633756,-1.6096579476861161,0.6036217303823088,16.70020120724347,9.94,79645371,7.9167498774,D_小型(<50億),半導體業,otc,False,2,False,2020,<1000萬(極低),161,30+檔(全面性恐慌)
2020-03-17,6426,-9.935897435897434,2.8571039695704745,200562327.0,99159704.2,-9.964412811387891,-10.794780545670225,-15.302491103202842,-1.542111506524313,37.01067615658364,84.3,38509000,32.463087,D_小型(<50億),通信網路業,sii,False,2,True,2020,>2億(高),161,30+檔(全面性恐慌)
2020-03-17,6542,-9.916367980884111,4.647383294252787,5432812.0,1447276.2,-0.5305039787798504,-7.55968169761273,-4.1114058355437795,14.058355437665782,,37.7,42000630,15.834237510000003,D_小型(<50億),文化創意業,otc,False,2,True,2020,<1000萬(極低),161,30+檔(全面性恐慌)
2020-03-17,6552,-9.78593272171253,2.103152840609758,94435120.0,63402700.0,0.9039548022598876,-6.214689265536721,-3.5028248587570587,6.327683615819213,25.649717514124305,44.25,83000000,36.7275,D_小型(<50億),半導體業,sii,False,2,False,2020,5000萬-2億,161,30+檔(全面性恐慌)
2020-03-17,6625,-9.966777408637872,3.5026678993284492,2024238.0,721808.85,2.58302583025829,7.011070110701101,10.7011070110701,17.527675276752763,29.151291512915112,27.1,57972488,15.710544248000001,D_小型(<50億),其他,sii,False,3,True,2020,<1000萬(極低),161,30+檔(全面性恐慌)
2020-03-17,6674,-9.819121447028433,2.2909326465801905,2561550.0,1485217.05,-1.1461318051575908,-4.871060171919761,-4.297994269340977,7.163323782234965,24.35530085959885,17.45,68550659,11.9620899955,D_小型(<50億),通信網路業,sii,False,2,True,2020,<1000萬(極低),161,30+檔(全面性恐慌)
2020-03-17,8444,-10.000000000000009,3.202799604135358,3517427.0,1422172.35,9.929078014184412,14.42080378250592,2.8368794326241176,-18.79432624113474,-2.4822695035460973,42.3,125104845,52.919349435,C_中小型(50-100億),其他,otc,False,3,True,2020,<1000萬(極低),161,30+檔(全面性恐慌)
2020-03-18,1538,-9.907120743034048,8.321726641608272,335276.0,49551.55,-9.965635738831613,-26.116838487972515,-25.085910652920962,-22.68041237113403,,2.91,32300000,0.93993,D_小型(<50億),電機機械,sii,False,2,True,2020,<1000萬(極低),63,30+檔(全面性恐慌)
2020-03-18,1795,-9.863945578231291,2.4856032856770587,364521280.0,220942372.1,-9.999999999999998,-15.943396226415096,-0.18867924528301883,14.905660377358497,32.64150943396227,53.0,266873812,141.44312036,B_中型(100-500億),生技醫療業,sii,False,3,True,2020,>2億(高),63,30+檔(全面性恐慌)
2020-03-18,2712,-9.895052473763123,2.396797279635088,977450.0,516551.95,-9.983361064891849,-1.1647254575707255,3.3277870216306127,13.477537437604003,9.816971713810307,30.05,105000000,31.5525,D_小型(<50億),觀光餐旅,sii,False,2,True,2020,<1000萬(極低),63,30+檔(全面性恐慌)
2020-03-18,3260,-9.98970133882594,2.471674847322309,1109248996.0,629694642.6,-9.95423340961099,-12.585812356979408,4.691075514874132,-2.974828375286054,21.052631578947366,43.7,325744048,142.350148976,B_中型(100-500億),半導體業,otc,False,2,True,2020,>2億(高),63,30+檔(全面性恐慌)
2020-03-18,3529,-9.92366412213741,5.314250756587392,517527784.0,129428227.4,-9.887005649717517,2.259887005649719,16.666666666666675,43.220338983050844,43.78531073446328,177.0,74686492,132.19509084,B_中型(100-500億),半導體業,otc,False,2,True,2020,>2億(高),63,30+檔(全面性恐慌)
2020-03-18,3563,-9.879032258064512,2.983123990494323,754465436.0,349593497.55,-9.843400447427298,-3.803131991051456,3.5794183445190253,14.541387024608499,46.30872483221478,223.5,63960858,142.95251763,B_中型(100-500億),光電業,sii,False,3,True,2020,>2億(高),63,30+檔(全面性恐慌)
2020-03-18,4168,-9.701492537313438,2.50303064546743,4594272.0,2490545.15,-9.917355371900815,-15.702479338842979,-9.917355371900815,1.2396694214876103,22.72727272727273,12.1,112521318,13.615079478,D_小型(<50億),生技醫療業,otc,False,2,True,2020,<1000萬(極低),63,30+檔(全面性恐慌)
2020-03-18,4503,-9.909909909909898,3.679140407318813,2731515.0,912945.05,-9.999999999999998,-14.66666666666666,-7.000000000000006,-9.666666666666657,20.333333333333336,15.0,78313326,11.7469989,D_小型(<50億),電機機械,otc,False,2,True,2020,<1000萬(極低),63,30+檔(全面性恐慌)
2020-03-18,4561,-10.000000000000009,4.1404285403199586,3398890.0,1058146.1,-9.876543209876543,5.246913580246915,6.481481481481488,33.95061728395061,42.28395061728396,16.2,58521619,9.480502278,D_小型(<50億),電機機械,otc,False,2,True,2020,<1000萬(極低),63,30+檔(全面性恐慌)
2020-03-18,4702,-9.926470588235304,4.726730540562414,2263706.0,630369.3,-9.93197278911564,-5.306122448979589,8.979591836734691,31.70068027210884,33.74149659863945,7.35,72333200,5.3164902,D_小型(<50億),居家生活,otc,False,2,True,2020,<1000萬(極低),63,30+檔(全面性恐慌)
2020-03-18,4807,-9.935205183585305,2.210081592020843,4874750.0,3080001.55,-9.832134292565954,-11.990407673860915,-8.153477218225436,-3.3573141486810676,19.18465227817745,20.85,48996032,10.215672672,D_小型(<50億),貿易百貨,sii,False,2,True,2020,<1000萬(極低),63,30+檔(全面性恐慌)
2020-03-18,5706,-9.922178988326847,2.0573095654866096,10163483.0,6725152.1,-7.9913606911447,3.455723542116629,19.65442764578833,18.790496760259188,29.589632829373656,23.15,84910920,19.656877979999997,D_小型(<50億),觀光餐旅,sii,False,2,True,2020,1000萬-5000萬,63,30+檔(全面性恐慌)
2020-03-19,1529,-9.999999999999998,2.052650855915985,3632493.0,2464811.05,4.485219164118237,7.033639143730874,23.343527013251773,16.717635066258897,32.51783893985729,9.81,155095074,15.214826759400001,D_小型(<50億),電機機械,sii,False,2,True,2020,<1000萬(極低),813,30+檔(全面性恐慌)
2020-03-19,2516,-9.946236559139788,5.419101097554629,6240114.0,1503249.4,4.477611940298498,4.179104477611939,10.149253731343277,25.671641791044774,34.02985074626865,3.35,226278457,7.5803283095000005,D_小型(<50億),建材營造,sii,False,2,True,2020,<1000萬(極低),813,30+檔(全面性恐慌)
2020-03-19,2618,-9.941520467836263,2.0680268403553668,365813498.0,241650238.25,2.7272727272727337,12.077922077922087,18.3116883116883,17.142857142857125,32.46753246753244,7.7,5400444335,415.834213795,B_中型(100-500億),航運業,sii,False,2,True,2020,>2億(高),813,30+檔(全面性恐慌)
2020-03-19,2712,-9.983361064891849,2.544529262086514,1031215.0,554667.7,3.3271719038816983,9.79667282809611,21.256931608133065,31.238447319778185,21.996303142329012,27.05,105000000,28.4025,D_小型(<50億),觀光餐旅,sii,False,3,True,2020,<1000萬(極低),813,30+檔(全面性恐慌)
2020-03-19,3232,-9.81132075471699,2.065906444092221,3467167.0,2277940.25,9.623430962343104,18.828451882845187,18.410041841004187,34.728033472803375,44.35146443514646,11.95,46567865,5.5648598675,D_小型(<50億),電子通路業,otc,False,2,True,2020,<1000萬(極低),813,30+檔(全面性恐慌)
2020-03-19,3529,-9.887005649717517,2.9731700989213503,289358480.0,140793867.1,9.717868338557988,18.181818181818187,41.06583072100314,56.11285266457679,60.81504702194358,159.5,74686492,119.12495474,B_中型(100-500億),半導體業,otc,False,3,True,2020,>2億(高),813,30+檔(全面性恐慌)
2020-03-19,4503,-9.999999999999998,3.449172283606917,2750350.0,1040075.05,4.444444444444451,-4.814814814814817,9.999999999999986,-3.703703703703709,27.40740740740739,13.5,78313326,10.57229901,D_小型(<50億),電機機械,otc,False,3,True,2020,<1000萬(極低),813,30+檔(全面性恐慌)
2020-03-19,4561,-9.876543209876543,4.175633299309536,3805162.0,1226068.9,6.849315068493156,17.12328767123288,20.205479452054796,50.68493150684932,56.849315068493155,14.6,58521619,8.544156374,D_小型(<50億),電機機械,otc,False,3,True,2020,<1000萬(極低),813,30+檔(全面性恐慌)
2020-03-19,4702,-9.93197278911564,2.113938309760623,998980.0,674903.0,5.1359516616314105,12.839879154078538,17.673716012084583,42.74924471299093,49.84894259818731,6.62,72333200,4.78845784,D_小型(<50億),居家生活,otc,False,3,True,2020,<1000萬(極低),813,30+檔(全面性恐慌)
2020-03-19,6248,-9.663865546218487,3.1453599167267194,1067208.0,403037.15,0.9302325581395321,9.302325581395344,19.30232558139535,25.34883720930232,27.906976744186053,21.5,99956149,21.490572035,D_小型(<50億),鋼鐵工業,otc,False,2,False,2020,<1000萬(極低),813,30+檔(全面性恐慌)
2020-03-19,8462,-9.829059829059828,2.2170501655735273,67257644.0,42082909.6,6.635071090047395,12.796208530805696,31.753554502369674,23.222748815165883,38.862559241706165,105.5,80386616,84.80787988,C_中小型(50-100億),運動休閒,sii,False,2,True,2020,5000萬-2億,813,30+檔(全面性恐慌)
2020-03-20,3672,-9.704641350210974,9.130896213241181,2648379.0,324314.35,-8.971962616822427,-16.635514018691588,-21.30841121495327,-6.542056074766345,6.074766355140193,10.7,40790375,4.364570125,D_小型(<50億),通信網路業,otc,False,2,True,2020,<1000萬(極低),9,4-10檔
2020-03-20,4304,-9.94671403197157,4.340614196908863,428500.0,121748.3,2.366863905325456,-2.3668639053254448,-6.508875739644971,-7.297830374753456,-1.7751479289940808,5.07,61038065,3.0946298955000002,D_小型(<50億),塑膠工業,otc,False,2,True,2020,<1000萬(極低),9,4-10檔
2020-03-27,1472,-9.967497291440953,6.407029324396728,37338762.0,6490495.95,9.987966305655839,5.415162454873634,7.340553549939832,62.454873646209386,63.65824308062573,8.31,52488082,4.3617596142,D_小型(<50億),建材營造,sii,True,2,True,2020,1000萬-5000萬,7,4-10檔
2020-04-06,6103,-9.876543209876543,2.7016074564365797,7300.0,3102.35,-9.589041095890416,,-31.506849315068497,,,7.3,13604891,0.993157043,D_小型(<50億),半導體業,otc,False,2,True,2020,<1000萬(極低),8,4-10檔
2020-04-07,6103,-9.589041095890416,3.1333228889237037,6600.0,2609.5,-7.57575757575758,-16.666666666666664,-16.666666666666664,,,6.6,13604891,0.897922806,D_小型(<50億),半導體業,otc,False,3,True,2020,<1000萬(極低),5,4-10檔
2020-04-10,6222,-9.999999999999998,3.424509627496851,214087.0,69531.95,,-6.666666666666665,4.0000000000000036,11.111111111111116,9.33333333333335,11.25,95688878,10.764998775,D_小型(<50億),光電業,otc,False,2,True,2020,<1000萬(極低),7,4-10檔
2020-04-30,5205,-9.861325115562414,8.112692676451065,128700.0,16895.7,,,,,,5.85,13500000,0.78975,D_小型(<50億),綠能環保,otc,False,2,True,2020,<1000萬(極低),3,1-3檔(單一個股)
2020-05-19,2349,-9.531250000000002,2.444903695101211,200017470.0,80384039.95,2.763385146804831,-1.5544041450777146,-3.4542314335060498,-2.2452504317789224,-4.317789291882557,5.79,693679663,40.1640524877,D_小型(<50億),光電業,sii,False,2,False,2020,>2億(高),7,4-10檔
2020-05-25,1512,-9.856630824372758,2.3287850205576026,3646215.0,1615771.0,4.373757455268379,16.30218687872762,20.477137176938353,19.284294234592437,5.367793240556651,5.03,98183498,4.9386299494,D_小型(<50億),汽車工業,sii,True,2,True,2020,<1000萬(極低),4,4-10檔
2020-06-10,2719,-9.620253164556958,2.8259354366978573,5742289.0,1883694.7,9.80392156862746,11.484593837534995,3.6414565826330403,-7.5630252100840405,-13.725490196078438,17.85,69182500,12.34907625,D_小型(<50億),觀光餐旅,otc,True,2,False,2020,<1000萬(極低),5,4-10檔
2020-06-10,5310,-9.999999999999998,2.5770440262879144,1623668.0,824978.3,-8.529741863075191,-9.652076318742974,-14.702581369248048,-5.274971941638618,-9.090909090909093,8.91,28943517,2.5788673646999998,D_小型(<50億),資訊服務業,otc,False,2,True,2020,<1000萬(極低),5,4-10檔
2020-06-16,2724,-9.686609686609682,2.485336514564072,79050.0,34307.5,1.5772870662460692,0.9463722397476504,0.9463722397476504,,13.564668769716093,3.17,59656345,1.8911061365000001,D_小型(<50億),其他,otc,False,2,False,2020,<1000萬(極低),1,1-3檔(單一個股)
2020-07-08,1466,-9.97067448680352,2.3683456159945773,65207418.0,30646451.8,-9.771986970684043,8.794788273615639,2.6058631921824116,-0.9771986970684043,16.61237785016285,15.35,111157320,17.06264862,D_小型(<50億),紡織纖維,sii,False,2,True,2020,5000萬-2億,5,4-10檔
2020-07-09,1466,-9.771986970684043,2.1335144028801696,56389618.0,32533430.15,9.747292418772568,18.0505415162455,8.664259927797847,8.303249097472932,41.87725631768953,13.85,111157320,15.39528882,D_小型(<50億),紡織纖維,sii,False,3,True,2020,5000萬-2億,9,4-10檔
2020-07-09,8093,-9.951690821256031,2.1657935651553126,12322018.0,5141849.8,-9.978540772532185,-8.261802575107291,-15.450643776824036,-8.905579399141628,7.081545064377681,9.32,56567567,5.2720972444,D_小型(<50億),電子零組件業,otc,True,2,True,2020,1000萬-5000萬,9,4-10檔
2020-07-15,4192,-9.865470852017932,2.0681088736258104,213803279.0,89333070.95,-9.452736318407961,-26.567164179104484,-27.263681592039802,-40.49751243781095,-9.154228855721392,100.5,35164500,35.3403225,D_小型(<50億),生技醫療業,otc,True,3,True,2020,>2億(高),14,11-30檔
2020-07-15,6531,-9.621993127147766,2.8857613304453973,3118494980.0,1133816180.8,4.816223067173642,-2.91508238276299,8.111533586818753,4.055766793409377,-2.281368821292773,394.5,162846540,642.4296003,A_大型(>=500億),半導體業,sii,False,2,False,2020,>2億(高),14,11-30檔
2020-07-17,6236,-9.523809523809534,6.985008782320984,1786950.0,257380.3,-9.952153110047835,-1.4354066985645786,,9.090909090909104,,10.45,41654039,4.3528470755,D_小型(<50億),數位雲端,otc,True,2,True,2020,<1000萬(極低),49,30+檔(全面性恐慌)
2020-07-27,2719,-9.677419354838722,2.4777688328752925,902007.0,498503.25,5.803571428571441,22.76785714285714,41.071428571428584,21.42857142857144,2.6785714285714413,11.2,69182500,7.74844,D_小型(<50億),觀光餐旅,otc,False,2,True,2020,<1000萬(極低),37,30+檔(全面性恐慌)
2020-07-27,6259,-10.000000000000009,3.393181625099903,1270618.0,447624.15,-9.090909090909083,-4.545454545454552,14.64646464646464,48.989898989899004,19.696969696969703,1.98,28056146,0.5555116908,D_小型(<50億),電子零組件業,otc,False,3,True,2020,<1000萬(極低),37,30+檔(全面性恐慌)
2020-07-31,2371,-9.859154929577462,9.656859725202633,985818522.0,115725604.9,-9.999999999999998,-9.375,-11.250000000000004,6.25,7.8125,16.0,2150834851,344.13357616,B_中型(100-500億),電機機械,sii,False,2,True,2020,>2億(高),2,1-3檔(單一個股)
2020-08-03,2371,-9.999999999999998,5.774937598620544,730396056.0,148324065.9,0.694444444444442,-9.375,1.736111111111116,20.138888888888886,19.444444444444443,14.4,2150834851,309.72021854400003,B_中型(100-500億),電機機械,sii,False,3,True,2020,>2億(高),4,4-10檔
2020-08-21,4943,-9.999999999999998,3.3744392768603064,731174136.0,260415058.55,1.0101010101010166,1.0101010101010166,3.535353535353525,-10.505050505050505,-10.303030303030303,99.0,126694353,125.42740947,B_中型(100-500億),電子零組件業,sii,False,2,True,2020,>2億(高),5,4-10檔
2020-09-08,3661,-9.713701431492838,2.6698207229964965,6475824244.0,2970932871.5,-9.28652321630804,-6.908267270668178,3.737259343148347,17.780294450736122,16.647791619479047,441.5,86204722,380.59384763,B_中型(100-500億),半導體業,sii,False,2,False,2020,>2億(高),9,4-10檔
2020-10-14,3465,-9.764309764309765,2.665783972801389,68331790.0,28473993.55,-3.3582089552238847,0.746268656716409,10.447761194029859,4.477611940298498,4.477611940298498,134.0,35329862,47.34201508,D_小型(<50億),其他電子業,otc,False,2,True,2020,5000萬-2億,2,1-3檔(單一個股)
2020-10-21,911608,-9.95121951219512,2.030430609551619,26080538.0,23681209.75,-9.967497291440953,-26.977248104008666,-24.485373781148432,-34.019501625135426,-53.19609967497292,9.23,480000000,44.304,D_小型(<50億),存託憑證,sii,False,3,True,2020,1000萬-5000萬,6,4-10檔
2020-10-21,912000,-9.838998211091232,3.1943571726954487,182862891.0,89168173.4,-9.92063492063492,-22.420634920634917,-19.64285714285715,-21.031746031746035,-26.58730158730158,5.04,2362546300,119.07233352,B_中型(100-500億),存託憑證,sii,False,3,True,2020,5000萬-2億,6,4-10檔
2020-10-26,6446,-9.940119760479039,4.291439712187522,138562523.0,40985554.9,7.446808510638281,6.781914893617014,5.718085106382964,5.18617021276595,12.499999999999979,75.2,381606370,286.96799024,B_中型(100-500億),生技醫療業,sii,False,3,True,2020,5000萬-2億,6,4-10檔
2020-10-26,9103,-9.840810419681622,3.469175267022385,3214219830.0,1370252413.75,9.9518459069021,26.645264847512063,23.91653290529696,21.99036918138042,-9.791332263242369,31.15,549411240,171.14160126,B_中型(100-500億),存託憑證,sii,False,3,False,2020,>2億(高),6,4-10檔
2020-11-11,5603,-9.825327510917026,3.026487320614805,251418538.0,84200940.4,-9.927360774818384,-18.886198547215493,-16.707021791767552,5.084745762711873,-3.874092009685215,20.65,104876607,21.657019345499997,D_小型(<50億),航運業,otc,False,2,True,2020,>2億(高),7,4-10檔
2020-11-12,6227,-9.985528219971041,3.926878012532301,169977589.0,49747001.0,-1.4469453376205865,-6.430868167202575,-6.109324758842449,-10.289389067524123,-10.61093247588425,31.1,76111786,23.670765446,D_小型(<50億),電子通路業,otc,False,2,True,2020,5000萬-2億,10,4-10檔
2020-11-17,3191,-9.999999999999998,2.405434310358734,23987851.0,14583335.4,-9.979423868312765,-3.0864197530864224,-0.2057613168724437,3.9094650205761194,12.139917695473246,9.72,43597381,4.2376654332,D_小型(<50億),電子零組件業,otc,True,2,True,2020,1000萬-5000萬,4,4-10檔
2020-11-20,3229,-9.891598915989153,2.047113356581923,1070777.0,681025.65,-9.924812030075191,-10.676691729323306,-2.2556390977443663,-11.428571428571443,-12.030075187969935,6.65,64263000,4.2734895,D_小型(<50億),電子零組件業,sii,False,3,True,2020,<1000萬(極低),8,4-10檔
2020-12-01,2929,-15.238095238095239,2.0210509720819534,67614797.0,40060348.7,-8.42696629213483,-19.10112359550561,-34.269662921348306,-52.43445692883895,-43.07116104868914,26.7,109493838,29.234854746,D_小型(<50億),貿易百貨,sii,False,2,False,2020,5000萬-2億,2,1-3檔(單一個股)
2020-12-07,1456,-9.742120343839533,2.8609351376327385,39893656.0,14927879.7,0.0,-6.349206349206349,-7.301587301587309,-16.825396825396833,-0.6349206349206327,15.75,93720000,14.7609,D_小型(<50億),建材營造,sii,True,3,True,2020,1000萬-5000萬,5,4-10檔
2020-12-22,3206,-9.905660377358483,2.1492716653140884,275294692.0,131977118.7,-0.5235602094240899,-0.5235602094240899,-2.0942408376963484,2.486910994764391,-11.38743455497383,38.2,58916621,22.506149222,D_小型(<50億),電子零組件業,otc,False,2,True,2020,>2億(高),13,11-30檔
2021-01-06,3629,-9.849749582637724,2.303831753365729,548899.0,299221.3,-9.259259259259256,-19.999999999999996,,-7.4074074074074066,,54.0,32954782,17.79558228,D_小型(<50億),文化創意業,otc,False,2,True,2021,<1000萬(極低),15,11-30檔
2021-01-12,5484,-9.597523219814242,3.0319540257474658,34637560.0,12098755.7,-2.73972602739726,-2.397260273972601,-0.6849315068493178,5.821917808219168,9.589041095890405,14.6,66801000,9.752946,D_小型(<50億),光電業,sii,False,2,False,2021,1000萬-5000萬,12,11-30檔
2021-01-12,8171,-9.80392156862745,2.1270901814093963,168025629.0,91232408.95,2.898550724637694,5.072463768115942,2.0531400966183666,-5.434782608695654,15.217391304347828,41.4,112853326,46.721276964,D_小型(<50億),綠能環保,otc,False,2,False,2021,5000萬-2億,12,11-30檔
2021-01-20,4562,-9.624413145539911,2.168506365751514,15077669.0,7416386.45,5.1948051948051965,3.6363636363636376,1.298701298701288,-2.0779220779220675,11.168831168831161,19.25,87546000,16.852605,D_小型(<50億),電機機械,sii,False,2,True,2021,1000萬-5000萬,22,11-30檔
2021-01-26,4961,-9.677419354838712,2.2708112505512728,3193053346.0,1509994156.4,0.7936507936507908,0.7936507936507908,5.555555555555558,65.07936507936508,65.47619047619047,126.0,121253603,152.77953978,B_中型(100-500億),半導體業,sii,False,2,True,2021,>2億(高),4,4-10檔
2021-02-02,6150,-9.846827133479207,3.041744372784761,1110743607.0,426164904.8,2.4271844660194164,4.0048543689320315,25.60679611650485,46.84466019417475,62.62135922330096,82.4,48345985,39.837091640000004,D_小型(<50億),電腦及週邊設備業,otc,False,2,False,2021,>2億(高),2,1-3檔(單一個股)
2021-03-09,5227,-9.956709956709965,3.6221366100718044,22286347.0,7818415.0,1.4423076923076872,-2.4038461538461564,9.134615384615374,0.48076923076922906,16.826923076923084,10.4,68000000,7.072,D_小型(<50億),電子零組件業,otc,False,3,True,2021,1000萬-5000萬,3,1-3檔(單一個股)
2021-03-12,6103,-9.700427960057056,3.500821789152383,9426.0,3325.45,-9.63665086887836,-9.478672985781989,9.478672985781976,39.02053712480254,106.95102685624013,6.33,13604891,0.8611896003,D_小型(<50億),半導體業,otc,False,2,True,2021,<1000萬(極低),4,4-10檔
2021-03-15,6103,-9.63665086887836,4.152733845458653,10520.0,3164.55,-8.916083916083917,10.139860139860147,,69.23076923076923,127.2727272727273,5.72,13604891,0.7781997652,D_小型(<50億),半導體業,otc,False,3,True,2021,<1000萬(極低),2,1-3檔(單一個股)
2021-04-13,2061,-9.983633387888712,3.0050168519285103,60746370.0,22101719.6,-6.909090909090909,-14.363636363636356,-13.27272727272727,-16.727272727272734,-31.09090909090909,27.5,57378052,15.7789643,D_小型(<50億),電器電纜,otc,False,2,True,2021,5000萬-2億,13,11-30檔
2021-05-11,5205,-9.965635738831624,2.473450732625353,30160.0,15097.0625,,,,,,13.1,13500000,1.7685,D_小型(<50億),綠能環保,otc,True,2,True,2021,<1000萬(極低),115,30+檔(全面性恐慌)
2021-05-12,3006,-9.677419354838712,2.6472105502547842,6432236531.0,2933777340.4,2.678571428571419,-12.767857142857142,0.44642857142858094,12.5,17.410714285714278,112.0,298127841,333.90318192,B_中型(100-500億),半導體業,sii,False,2,True,2021,>2億(高),282,30+檔(全面性恐慌)
2021-05-13,6477,-9.935897435897434,3.3159554455605833,414759843.0,170053756.6,-1.0676156583629748,-2.016607354685651,0.11862396204034287,6.9988137603796075,11.032028469750887,42.15,123787196,52.176303114,C_中小型(50-100億),光電業,sii,False,3,True,2021,>2億(高),64,30+檔(全面性恐慌)
2021-05-14,1475,-9.80392156862745,3.1316925933991993,13376361.0,6276856.6,-9.937888198757772,7.608695652173902,3.881987577639756,9.1614906832298,18.322981366459622,32.2,66016749,21.257393178,D_小型(<50億),紡織纖維,sii,False,3,False,2021,1000萬-5000萬,34,30+檔(全面性恐慌)
2021-07-14,6640,-9.701492537313428,2.7966292107170028,105951311.0,42528670.9,2.4793388429751984,4.545454545454541,14.876033057851235,4.132231404958686,-4.958677685950407,121.0,28517500,34.506175,D_小型(<50億),半導體業,otc,False,3,True,2021,5000萬-2億,16,11-30檔
2021-08-10,2726,-9.963436928702018,7.615740705514984,50201941.0,7802811.85,-1.116751269035532,-3.9593908629441676,-13.604060913705585,-9.543147208121837,-19.695431472081225,49.25,37922454,18.676808595,D_小型(<50億),觀光餐旅,otc,False,2,True,2021,5000萬-2億,18,11-30檔
2021-08-16,2345,-9.932659932659938,5.053737757058387,2194331265.0,501660877.75,1.3084112149532645,8.037383177570101,7.663551401869162,7.289719626168223,2.990654205607468,267.5,561117897,1500.990374475,A_大型(>=500億),通信網路業,sii,False,2,True,2021,>2億(高),16,11-30檔
2021-08-17,9103,-9.742120343839533,2.9688771313489037,144605680.0,57426592.65,1.5873015873015817,-3.1746031746031744,-3.1746031746031744,0.952380952380949,7.619047619047614,15.75,549411240,86.5322703,C_中小型(50-100億),存託憑證,sii,False,2,True,2021,5000萬-2億,13,11-30檔
2021-08-20,3051,-9.939148073022297,2.543440278021574,57335976.0,27499138.4,2.4774774774774633,-2.2522522522522626,17.68018018018016,14.864864864864845,12.612612612612594,8.88,167000000,14.829600000000003,D_小型(<50億),光電業,sii,False,2,True,2021,5000萬-2億,6,4-10檔
2021-08-20,9950,-9.999999999999998,2.1261329116765344,728877.0,447344.85,-9.941520467836263,-3.040935672514633,-6.432748538011701,4.093567251461994,9.824561403508781,8.55,167716000,14.339718,D_小型(<50億),塑膠工業,otc,False,3,True,2021,<1000萬(極低),6,4-10檔
2021-10-01,6446,-9.706546275395024,4.727959322911346,174094521.0,41597960.25,0.0,-8.375,-10.250000000000004,18.375000000000007,22.500000000000007,80.0,381606370,305.285096,B_中型(100-500億),生技醫療業,sii,False,2,False,2021,5000萬-2億,22,11-30檔
2021-12-17,3085,-9.583333333333332,2.426826767133059,1591724.0,715825.55,0.9216589861751112,-5.069124423963123,-4.147465437788012,7.834101382488479,,10.85,69019288,7.488592747999999,D_小型(<50億),數位雲端,otc,True,2,False,2021,<1000萬(極低),4,4-10檔
2022-01-11,4513,-9.999999999999998,2.561955088334408,57401967.0,24891425.35,-2.430555555555558,-4.861111111111116,-3.125000000000011,-6.944444444444442,28.125,14.4,143761921,20.701716624,D_小型(<50億),電機機械,otc,False,2,True,2022,5000萬-2億,29,11-30檔
2022-01-25,8454,-9.689922480620151,2.2658158672847106,1326871996.0,757648009.65,-4.29184549356223,-7.296137339055797,1.2875536480686733,-0.8583690987124415,-18.884120171673825,1165.0,264975275,3086.96195375,A_大型(>=500億),數位雲端,sii,False,2,True,2022,>2億(高),5,4-10檔
2022-02-14,6568,-9.892473118279565,2.0658191121257343,391135603.0,240629482.7,0.23866348448686736,6.921241050119331,6.205250596658707,4.057279236276856,-9.54653937947494,209.5,30799700,64.5253715,C_中小型(50-100億),半導體業,otc,False,2,True,2022,>2億(高),6,4-10檔
2022-03-15,4198,-9.961685823754785,10.084794246748093,1966482.0,217741.6,1.7021276595744705,2.3404255319148914,4.255319148936176,9.787234042553195,6.382978723404253,4.7,24108000,1.133076,D_小型(<50億),生技醫療業,otc,False,2,True,2022,<1000萬(極低),11,11-30檔
2022-03-15,6415,-9.918699186991875,2.2343100401025984,3511466090.0,1950231496.25,3.790613718411562,19.133574007220222,23.104693140794218,20.938628158844775,5.054151624548742,2770.0,389452853,10787.8440281,A_大型(>=500億),半導體業,sii,False,2,True,2022,>2億(高),11,11-30檔
2022-04-25,3529,-9.638554216867467,2.271226408766016,1826668405.0,1062133127.25,-1.7777777777777781,7.1111111111111125,17.777777777777782,9.777777777777775,21.333333333333336,1125.0,74686492,840.223035,A_大型(>=500億),半導體業,otc,False,2,True,2022,>2億(高),24,11-30檔
2022-04-26,4304,-9.92063492063492,2.184470344954791,4778782.0,2361632.05,-9.691629955947134,-18.41409691629956,-22.90748898678414,-31.01321585903083,-16.035242290748897,11.35,61038065,6.9278203775,D_小型(<50億),塑膠工業,otc,False,2,True,2022,<1000萬(極低),10,4-10檔
2022-04-27,8444,-9.909909909909908,4.150971563900642,8580728.0,2476991.55,-3.57142857142857,-1.1428571428571344,-3.857142857142859,-4.428571428571415,-9.42857142857143,70.0,125104845,87.5733915,C_中小型(50-100億),其他,otc,False,2,True,2022,<1000萬(極低),9,4-10檔
2022-05-09,1308,-9.92366412213741,2.9178276092446347,334364887.0,130531738.05,-1.5254237288135575,-7.796610169491524,-4.5762711864406835,-2.3728813559321993,-0.16949152542372614,29.5,593743919,175.154456105,B_中型(100-500億),塑膠工業,sii,False,2,True,2022,>2億(高),20,11-30檔
2022-05-09,2915,-9.9009900990099,6.405731752873014,3834943764.0,672415457.9,-3.736263736263745,-9.890109890109889,-10.989010989010994,-8.571428571428562,-6.593406593406592,91.0,1104318772,1004.93008252,A_大型(>=500億),貿易百貨,sii,False,3,True,2022,>2億(高),20,11-30檔
2022-05-09,3629,-9.914712153518124,3.2400350636226083,1232435.0,466147.95,0.591715976331364,-17.159763313609467,-25.44378698224852,-21.893491124260358,-5.3254437869822535,42.25,32954782,13.923395395,D_小型(<50億),文化創意業,otc,False,2,True,2022,<1000萬(極低),20,11-30檔
2022-05-11,4133,-9.96309963099632,2.362084987275234,1143262686.0,621126537.65,-4.610655737704916,-1.43442622950819,3.893442622950838,-6.147540983606559,-3.483606557377039,48.8,60553594,29.550153872,D_小型(<50億),生技醫療業,sii,False,2,True,2022,>2億(高),11,11-30檔
2022-05-12,4908,-9.826589595375722,2.5360205689703563,85766655.0,38265958.15,0.3205128205128194,2.564102564102577,5.128205128205132,2.2435897435897356,13.782051282051277,31.2,78216907,24.403674984000002,D_小型(<50億),通信網路業,otc,False,2,False,2022,5000萬-2億,21,11-30檔
2022-05-13,2239,-9.999999999999998,9.67052978177694,38530952.0,4398691.35,0.0,1.85185185185186,5.370370370370359,4.629629629629628,4.444444444444451,54.0,117712593,63.56480022,C_中小型(50-100億),汽車工業,sii,False,2,True,2022,1000萬-5000萬,6,4-10檔
2022-05-16,8463,-9.9236641221374,2.074707499556457,63390768.0,38641681.65,-1.6949152542372947,-3.177966101694918,-3.601694915254239,-6.779661016949157,-12.076271186440678,23.6,150000000,35.4,D_小型(<50億),其他,sii,False,2,True,2022,5000萬-2億,3,1-3檔(單一個股)
2022-06-14,8444,-9.964412811387902,3.8943001150673386,4881572.0,1478446.1,3.5573122529644285,0.7905138339920903,-1.1857707509881465,-3.9525691699604737,-6.9169960474308345,50.6,125104845,63.30305157,C_中小型(50-100億),其他,otc,False,2,True,2022,<1000萬(極低),1,1-3檔(單一個股)
2022-06-29,3675,-9.92366412213741,2.719271059238792,1523877453.0,706658997.75,-2.330508474576276,-18.220338983050844,-25.21186440677966,-25.847457627118644,-9.322033898305083,236.0,53057923,125.21669828,B_中型(100-500億),半導體業,otc,False,2,True,2022,>2億(高),7,4-10檔
2022-07-04,2351,-9.787234042553195,2.6279624802190247,493735106.0,231499829.35,-5.660377358490565,-12.075471698113205,-10.754716981132084,3.7735849056603765,14.622641509433954,106.0,182140249,193.06866394,B_中型(100-500億),半導體業,sii,False,2,True,2022,>2億(高),17,11-30檔
2022-07-04,3707,-9.999999999999998,2.0505915204477825,2572452213.0,1570317056.65,-0.8800880088008944,-6.490649064906496,-3.300330033003296,2.310231023102305,10.561056105610556,90.9,396471909,360.392965281,B_中型(100-500億),半導體業,otc,False,3,True,2022,>2億(高),17,11-30檔
2022-07-12,6216,-9.80392156862745,2.62397778362644,158182948.0,66615074.55,-0.36231884057971175,1.9927536231884035,4.891304347826075,5.072463768115942,17.93478260869563,27.6,96981387,26.766862812000003,D_小型(<50億),通信網路業,sii,False,2,False,2022,5000萬-2億,30,11-30檔
2022-07-21,2915,-9.876543209876543,2.5294952743075934,571095532.0,259035316.9,1.3698630136986134,5.47945205479452,4.109589041095885,-3.0441400304414,0.45662100456620447,65.7,1104318772,725.5374332040001,A_大型(>=500億),貿易百貨,sii,False,2,True,2022,>2億(高),5,4-10檔
2022-08-19,1799,-9.82142857142857,2.62190487652479,6462178.0,3159991.85,-1.5841584158415856,-2.7722772277227636,0.4950495049504955,-0.4950495049504844,4.455445544554459,10.1,124689527,12.593642227,D_小型(<50億),生技醫療業,otc,False,2,True,2022,<1000萬(極低),3,1-3檔(單一個股)
2022-09-20,3022,-9.579100145137897,2.24143670627122,1012857645.0,518288733.7,-0.6420545746388395,-6.741573033707859,-10.27287319422151,-7.544141252006408,-12.520064205457459,62.3,176597790,110.02042317,B_中型(100-500億),電腦及週邊設備業,sii,False,2,False,2022,>2億(高),2,1-3檔(單一個股)
2022-09-27,6550,-9.742120343839545,4.962732257358325,8268874535.0,1958602004.05,-9.84126984126984,-18.73015873015873,-19.365079365079364,-33.96825396825397,-46.6031746031746,157.5,894792688,1409.2984836,A_大型(>=500億),生技醫療業,sii,False,3,True,2022,>2億(高),6,4-10檔
2022-09-29,2338,-9.822866344605474,4.468782296311588,686911670.0,178762984.3,-1.4285714285714235,-2.1428571428571463,12.5,-1.6071428571428514,1.4285714285714235,56.0,366849183,205.43554248,B_中型(100-500億),半導體業,sii,False,2,True,2022,>2億(高),2,1-3檔(單一個股)
2022-10-12,4912,-9.89304812834223,6.650749143950314,67669078.0,11529655.1,-4.8961424332344405,-2.2255192878338326,6.2314540059347,0.4451038575667532,17.95252225519286,67.4,66993099,45.153348726000004,D_小型(<50億),電子零組件業,sii,False,2,True,2022,5000萬-2億,12,11-30檔
2022-10-12,6642,-9.903121636167922,9.883091834663018,22216302.0,2425619.95,-8.960573476702505,-4.898446833930715,-3.584229390681004,-4.301075268817211,-2.508960573476715,41.85,37399662,15.651758547,D_小型(<50億),電子零組件業,otc,False,2,True,2022,1000萬-5000萬,12,11-30檔
2022-10-13,3219,-9.98890122086571,2.928684292339595,3752590.0,1691593.25,-3.6991368680641235,-2.5893958076448786,17.755856966707782,13.440197287299638,8.384710234278693,40.55,71780880,29.10714684,D_小型(<50億),其他電子業,otc,False,2,True,2022,<1000萬(極低),62,30+檔(全面性恐慌)
2022-10-13,3443,-9.9290780141844,2.6373146981663345,7091528441.0,3244625244.7,-2.5871766029246346,-7.0866141732283445,-3.937007874015752,-3.712035995500562,34.3082114735658,444.5,134011911,595.682944395,A_大型(>=500億),半導體業,sii,False,3,True,2022,>2億(高),62,30+檔(全面性恐慌)
2022-10-28,3081,-10.000000000000009,2.6578225617874542,380789583.0,184134531.05,-5.504587155963292,-5.91233435270132,-6.218144750254839,-1.3251783893985736,13.659531090723753,98.1,92517277,90.75944873699999,C_中小型(50-100億),通信網路業,otc,False,2,True,2022,>2億(高),4,4-10檔
2023-02-01,8478,-9.89304812834224,2.6171403990665265,3835386159.0,1422286066.2,-0.14836795252225476,1.4836795252225476,1.4836795252225476,2.8189910979228516,16.468842729970333,337.0,93972276,316.68657012,B_中型(100-500億),運動休閒,sii,False,2,True,2023,>2億(高),2,1-3檔(單一個股)
2023-03-29,4907,-9.909909909909898,4.270484252754697,26366581.0,6689792.75,3.499999999999992,9.83333333333334,14.000000000000012,16.166666666666664,20.166666666666664,30.0,118145778,35.4437334,D_小型(<50億),建材營造,otc,False,2,True,2023,1000萬-5000萬,3,1-3檔(單一個股)
2023-04-10,3432,-9.708737864077666,2.3336785968514615,101526252.0,57193283.4,6.451612903225801,4.301075268817223,2.8673835125448077,0.0,-6.093189964157708,13.95,42230000,5.891085,D_小型(<50億),電子零組件業,sii,False,3,True,2023,5000萬-2億,5,4-10檔
2023-05-12,4728,-9.719626168224305,2.3382929711772054,285327153.0,122943955.0,-7.660455486542439,-2.4844720496894457,-1.449275362318836,-4.761904761904767,-6.62525879917184,241.5,54463000,131.528145,B_中型(100-500億),生技醫療業,otc,False,2,False,2023,>2億(高),4,4-10檔
2023-05-18,4804,-9.867172675521818,3.755771239452158,2280968.0,740920.5,-1.8947368421052602,-3.578947368421048,16.42105263157896,18.526315789473678,10.947368421052616,4.75,71991920,3.4196162,D_小型(<50億),觀光餐旅,otc,False,2,True,2023,<1000萬(極低),3,1-3檔(單一個股)
2023-05-30,3629,-9.966777408637872,2.7055902202979754,9237192.0,4921318.5,6.088560885608851,25.09225092250922,37.82287822878227,24.7232472324723,30.627306273062715,54.2,32954782,17.861491844,D_小型(<50億),文化創意業,otc,False,3,True,2023,<1000萬(極低),4,4-10檔
2023-05-31,2444,-9.663865546218487,2.4014221788204364,14000181.0,7881649.35,9.76744186046512,6.511627906976747,13.023255813953494,7.906976744186034,9.302325581395344,10.75,101569573,10.9187290975,D_小型(<50億),通信網路業,sii,False,3,True,2023,1000萬-5000萬,4,4-10檔
2023-07-20,4154,-9.876543209876543,8.234098204878748,14669698.0,2205884.4,-9.931506849315063,-26.712328767123296,-23.630136986301366,-24.65753424657534,1.0273972602739656,14.6,38390000,5.60494,D_小型(<50億),其他,otc,False,2,True,2023,1000萬-5000萬,7,4-10檔
2023-07-21,4154,-9.931506849315063,2.660850849639602,4911068.0,2442137.3,-9.885931558935368,-11.026615969581755,-20.53231939163499,-14.828897338403046,5.323193916349811,13.15,38390000,5.048285,D_小型(<50億),其他,otc,False,3,True,2023,<1000萬(極低),10,4-10檔
2023-07-24,3541,-9.927611168562578,4.161293330965204,15257037.0,4230534.9,-0.4592422502870175,2.9850746268656803,2.4110218140068973,1.148105625717566,-8.381171067738224,43.55,56349142,24.540051340999998,D_小型(<50億),其他電子業,otc,False,2,True,2023,1000萬-5000萬,10,4-10檔
2023-08-25,3085,-9.615384615384615,3.822003972632973,401902.0,123217.3,-2.4822695035460973,,-2.127659574468077,,25.886524822695044,14.1,69019288,9.731719607999999,D_小型(<50億),數位雲端,otc,False,2,True,2023,<1000萬(極低),8,4-10檔
2023-09-18,4979,-9.84126984126984,3.10407797884262,5206829559.0,1879933101.0,-9.859154929577462,-11.61971830985915,-6.338028169014088,-3.5211267605633756,9.507042253521124,142.0,142359284,202.15018328,B_中型(100-500億),通信網路業,otc,False,2,True,2023,>2億(高),5,4-10檔
2023-09-19,4979,-9.859154929577462,3.3190031594244975,5567372123.0,1948326406.6,2.34375,3.90625,5.078125,10.546875,19.140625,128.0,142359284,182.21988352,B_中型(100-500億),通信網路業,otc,False,3,True,2023,>2億(高),3,1-3檔(單一個股)
2023-10-16,8996,-9.895833333333337,2.1638971852731625,3125847222.0,1556230404.25,-1.5414258188824692,-10.982658959537572,-13.680154142581891,-16.184971098265898,-18.497109826589597,259.5,93387429,242.340378255,B_中型(100-500億),電機機械,sii,False,2,True,2023,>2億(高),5,4-10檔
2023-10-31,6117,-9.939759036144569,2.0976999819883377,1008003389.0,491099830.1,-3.455964325529548,-4.905239687848395,14.82720178372352,19.95540691192863,14.158305462653287,44.85,92545408,41.506615488,D_小型(<50億),電腦及週邊設備業,sii,False,2,True,2023,>2億(高),10,4-10檔
2023-11-14,3085,-9.9236641221374,5.344004373190293,376158.0,81436.7,-7.6271186440677985,-11.44067796610171,-16.10169491525424,-8.47457627118644,-2.9661016949152685,11.8,69019288,8.144275984,D_小型(<50億),數位雲端,otc,False,2,True,2023,<1000萬(極低),4,4-10檔
2023-11-15,5516,-9.790209790209781,3.0107248164075653,13269239.0,4804908.65,7.751937984496116,0.0,1.2919896640826822,0.7751937984496138,2.5839793281653645,19.35,51545223,9.9740006505,D_小型(<50億),建材營造,otc,False,2,True,2023,1000萬-5000萬,1,1-3檔(單一個股)
2023-11-17,2380,-9.903381642512066,3.1540393143214107,10019960.0,3739909.1,-9.919571045576415,-14.477211796246648,-11.796246648793563,-12.064343163538883,-10.589812332439674,7.46,60000000,4.476,D_小型(<50億),電腦及週邊設備業,sii,False,2,True,2023,1000萬-5000萬,2,1-3檔(單一個股)
2023-11-20,2380,-9.919571045576415,4.245143867192527,15078806.0,4406553.05,-4.91071428571429,-3.125,2.6785714285714413,-3.4226190476190355,0.44642857142858094,6.72,60000000,4.032,D_小型(<50億),電腦及週邊設備業,sii,False,3,True,2023,1000萬-5000萬,2,1-3檔(單一個股)
2023-12-15,3623,-9.725685785536154,2.351654809191723,194806272.0,95336003.1,-3.176795580110514,-6.491712707182328,-11.602209944751385,-11.049723756906072,-2.6243093922652005,36.2,29185946,10.565312452,D_小型(<50億),光電業,otc,False,3,True,2023,5000萬-2億,3,1-3檔(單一個股)
2024-03-08,3294,-9.9236641221374,2.032521645532789,511610347.0,238073253.35,-3.601694915254239,-12.076271186440678,-8.47457627118644,-4.661016949152552,5.720338983050843,47.2,132015919,62.311513768000005,C_中小型(50-100億),電子零組件業,otc,False,2,True,2024,>2億(高),40,30+檔(全面性恐慌)
2024-03-19,3308,-9.922480620155039,3.2947084150776327,110057588.0,40764131.4,-2.9259896729776247,,,7.745266781411364,-7.5731497418244365,29.05,60000000,17.43,D_小型(<50億),電子零組件業,sii,False,2,True,2024,5000萬-2億,4,4-10檔
2024-04-09,4304,-9.907120743034048,4.784837651076545,2117038.0,555230.15,-7.388316151202757,-4.467353951890041,-17.697594501718218,-14.948453608247425,-12.714776632302405,5.82,61038065,3.552415383,D_小型(<50億),塑膠工業,otc,False,3,True,2024,<1000萬(極低),8,4-10檔
2024-04-12,1570,-9.944751381215477,3.227087616609723,143435056.0,48228393.2,-9.969325153374232,-14.570552147239269,-22.546012269938654,-23.159509202453986,-12.576687116564422,32.6,51500839,16.789273514,D_小型(<50億),電機機械,otc,False,2,True,2024,5000萬-2億,3,1-3檔(單一個股)
2024-04-15,1570,-9.969325153374232,2.498245506028948,113669643.0,53527740.5,-3.5775127768313486,-4.429301533219765,-16.524701873935264,-11.584327086882462,-1.5332197614991605,29.35,51500839,15.115496246500001,D_小型(<50億),電機機械,otc,False,3,True,2024,5000萬-2億,5,4-10檔
2024-04-17,5314,-9.986320109439129,2.176806241145027,395884086.0,184321158.25,-9.878419452887544,-23.252279635258354,-23.100303951367785,-9.118541033434646,-39.665653495440736,329.0,292000000,960.68,A_大型(>=500億),其他,otc,False,2,True,2024,>2億(高),1,1-3檔(單一個股)
2024-05-09,3036,-9.594095940959413,2.2079414287989363,4727626368.0,2557233360.8,-0.8163265306122436,0.8163265306122547,0.40816326530612734,-4.081632653061229,-5.714285714285716,122.5,1269148301,1554.706668725,A_大型(>=500億),電子通路業,sii,False,2,False,2024,>2億(高),7,4-10檔
2024-06-06,3564,-9.829059829059828,2.0760774988262027,1709685070.0,724965261.05,7.109004739336489,9.004739336492884,3.791469194312791,-4.739336492891,-3.3175355450236976,105.5,59123100,62.3748705,C_中小型(50-100億),通信網路業,otc,False,2,True,2024,>2億(高),7,4-10檔
2024-07-29,6869,-9.885931558935358,3.011629426456801,2468907907.0,860488527.15,-2.9535864978902926,-3.797468354430378,-16.666666666666664,-8.64978902953587,4.8523206751054815,237.0,137830041,326.65719717,B_中型(100-500億),綠能環保,sii,False,3,True,2024,>2億(高),25,11-30檔
2024-08-06,3305,-9.969788519637468,2.4769925636742505,252739825.0,122457745.2,8.7248322147651,7.550335570469779,8.7248322147651,10.402684563758392,12.248322147651013,59.6,144635669,86.202858724,C_中小型(50-100億),其他電子業,sii,False,2,True,2024,>2億(高),49,30+檔(全面性恐慌)
2024-08-06,3558,-9.507042253521124,3.354383323496362,103866028.0,37795522.55,9.727626459143979,11.284046692607008,14.785992217898825,29.57198443579767,36.18677042801557,128.5,59060881,75.893232085,C_中小型(50-100億),通信網路業,otc,False,2,False,2024,5000萬-2億,49,30+檔(全面性恐慌)
2024-08-06,4919,-9.944751381215466,3.5164306222659127,891712944.0,337180476.3,6.748466257668717,-0.36809815950920033,2.0858895705521574,7.6073619631901845,4.539877300613493,81.5,419765268,342.10869342,B_中型(100-500億),半導體業,sii,False,2,True,2024,>2億(高),49,30+檔(全面性恐慌)
2024-08-06,6171,-9.949238578680198,2.2636124105185105,18105025.0,8966657.6,7.779030439684309,13.866967305524236,15.670800450958279,15.445321307779025,8.906426155580593,44.35,100000000,44.35,D_小型(<50億),建材營造,otc,False,2,True,2024,1000萬-5000萬,49,30+檔(全面性恐慌)
2024-08-06,6198,-9.8786828422877,2.5168884025810674,26098544.0,12037530.6,4.038461538461546,7.307692307692304,7.692307692307687,13.269230769230766,3.653846153846141,52.0,171400350,89.128182,C_中小型(50-100億),建材營造,otc,False,2,True,2024,1000萬-5000萬,49,30+檔(全面性恐慌)
2024-08-06,6804,-9.903381642512077,2.2523777286477835,17828254.0,9086479.3,1.608579088471851,-8.445040214477206,-6.434316353887393,2.0107238605898026,-5.630026809651456,37.3,47500000,17.717499999999998,D_小型(<50億),運動休閒,otc,False,2,True,2024,1000萬-5000萬,49,30+檔(全面性恐慌)
2024-08-06,6869,-9.873417721518985,2.3097081081327016,2239131885.0,1256927060.6,9.831460674157299,19.662921348314597,20.78651685393258,37.35955056179776,32.30337078651686,178.0,137830041,245.33747298,B_中型(100-500億),綠能環保,sii,False,2,True,2024,>2億(高),49,30+檔(全面性恐慌)
2024-08-06,8155,-9.50413223140496,2.6412109464194122,160905501.0,74012480.9,4.109589041095885,3.65296803652968,4.566210045662111,10.045662100456632,11.87214611872147,109.5,60693426,66.45930147,C_中小型(50-100億),電子零組件業,otc,False,2,False,2024,5000萬-2億,49,30+檔(全面性恐慌)
2024-08-09,2429,-9.908256880733946,2.027344593748071,25841906.0,17590347.9,9.979633401221989,18.94093686354379,30.75356415478616,40.122199592668004,24.032586558044812,24.55,85500000,20.99025,D_小型(<50億),光電業,sii,False,3,True,2024,1000萬-5000萬,6,4-10檔
2024-08-12,8291,-9.935897435897434,3.365014466359737,1341401.0,503750.45,-9.964412811387902,-9.371293001186242,8.659549228944252,-4.507710557532607,-4.863582443653625,8.43,17478450,1.473433335,D_小型(<50億),電子零組件業,otc,False,2,True,2024,<1000萬(極低),8,4-10檔
2024-08-12,8477,-9.749303621169913,2.473713612730501,4906688.0,2370470.85,-3.703703703703698,-8.024691358024683,-20.061728395061728,-24.691358024691358,-26.234567901234573,16.2,64170616,10.395639791999999,D_小型(<50億),數位雲端,otc,False,2,True,2024,<1000萬(極低),8,4-10檔
2024-08-19,8101,-10.000000000000009,2.2472041260267805,1581269.0,860210.15,-9.829059829059828,,,,,2.34,52166216,1.2206894544,D_小型(<50億),通信網路業,sii,False,2,True,2024,<1000萬(極低),2,1-3檔(單一個股)
2024-08-20,8101,-9.829059829059828,2.628863015330308,1890554.0,938613.55,-9.952606635071092,,,,,2.11,52166216,1.1007071575999998,D_小型(<50億),通信網路業,sii,False,3,True,2024,<1000萬(極低),4,4-10檔
2024-09-04,3228,-9.650924024640661,2.918975822118384,589401191.0,240094800.2,5.454545454545445,7.954545454545459,8.636363636363642,13.636363636363647,5.681818181818188,220.0,71937495,158.262489,B_中型(100-500億),半導體業,otc,False,2,False,2024,>2億(高),16,11-30檔
2024-09-05,3230,-9.918200408997958,2.3382160785212984,242604516.0,82991877.55,-3.291713961407483,-14.755959137343932,-11.237230419977283,23.26901248581157,30.533484676503985,44.05,86010900,37.88780145,D_小型(<50億),光電業,otc,False,2,True,2024,>2億(高),3,1-3檔(單一個股)
2024-09-23,2442,-9.731543624161077,3.5244772327909417,262088454.0,85306212.95,1.8587360594795488,1.8587360594795488,2.0446096654275214,-8.364312267657992,-13.754646840148698,26.9,325232021,87.48741364899999,C_中小型(50-100億),建材營造,sii,False,2,False,2024,>2億(高),15,11-30檔
2024-09-23,3188,-9.909909909909908,2.2655167523832116,101858402.0,52036698.75,-0.5714285714285783,1.4285714285714235,-0.5714285714285783,-6.571428571428561,-18.999999999999993,35.0,188612415,66.01434525,C_中小型(50-100億),建材營造,otc,False,2,True,2024,5000萬-2億,15,11-30檔
2024-09-23,4113,-9.899749373433576,2.5800791363871998,164446542.0,73801345.5,-0.4172461752434131,1.947148817802491,0.13908205841446364,-9.457579972183606,-17.941585535465933,35.95,231138137,83.0941602515,C_中小型(50-100億),建材營造,otc,False,2,True,2024,5000萬-2億,15,11-30檔
2024-09-23,6177,-9.611829944547134,2.6621569503405977,651955019.0,288646444.05,-1.5337423312883458,0.0,1.0224948875255713,-5.0102249488752415,-12.67893660531697,48.9,471891426,230.75490731399998,B_中型(100-500億),建材營造,sii,False,2,False,2024,>2億(高),15,11-30檔
2024-09-23,6198,-9.783728115345003,2.668290907685569,7242836.0,3163736.7,-3.1963470319634646,-3.7671232876712257,-3.1963470319634646,-4.908675799086759,-15.639269406392685,43.8,171400350,75.0733533,C_中小型(50-100億),建材營造,otc,False,2,False,2024,<1000萬(極低),15,11-30檔
2024-09-27,1799,-9.774436090225569,2.1709661914260967,172911995.0,111858172.25,-9.999999999999998,-11.250000000000004,5.000000000000004,-2.500000000000002,-21.83333333333334,120.0,124689527,149.6274324,B_中型(100-500億),生技醫療業,otc,False,2,True,2024,5000萬-2億,3,1-3檔(單一個股)
2024-10-09,5543,-9.931506849315063,5.687654625293275,2464018.0,541959.5,-9.885931558935368,-23.193916349809896,-15.209125475285168,-18.250950570342205,1.520912547528508,26.3,46703593,12.283044959000001,D_小型(<50億),建材營造,otc,False,3,True,2024,<1000萬(極低),4,4-10檔
2024-11-05,8088,-9.873949579831942,7.814960682071116,69717572.0,9936435.75,-3.4965034965035002,-2.7972027972027913,-3.4965034965035002,-6.293706293706281,-3.9627039627039506,21.45,60921749,13.067715160499999,D_小型(<50億),半導體業,otc,False,2,True,2024,5000萬-2億,5,4-10檔
2024-11-11,1799,-9.89717223650386,2.30974940995009,70788832.0,41803235.65,-0.14265335235377208,-1.5691868758915706,-4.422253922967179,2.567760342368053,-11.554921540656194,70.1,124689527,87.40735842699999,C_中小型(50-100億),生技醫療業,otc,False,2,True,2024,5000萬-2億,14,11-30檔
2024-11-13,6294,-9.999999999999998,8.722658420850136,66777773.0,8417163.1,-9.948320413436695,-8.656330749354012,-16.795865633074936,-16.40826873385013,-17.312661498708014,77.4,26047106,20.160460044,D_小型(<50億),文化創意業,otc,False,2,True,2024,5000萬-2億,5,4-10檔
2024-11-14,6294,-9.948320413436695,4.761607459729827,43153574.0,10384957.35,4.160688665710177,-0.5738880918221057,-9.182209469153523,-8.608321377331418,-8.464849354375904,69.7,26047106,18.154832882,D_小型(<50億),文化創意業,otc,False,3,True,2024,1000萬-5000萬,11,11-30檔
2024-11-19,4807,-9.851301115241629,2.017946340061502,62555135.0,41086409.85,-6.185567010309279,-3.0927835051546393,-10.103092783505152,-15.051546391752568,-17.319587628865975,24.25,48996032,11.88153776,D_小型(<50億),貿易百貨,sii,False,3,True,2024,5000萬-2億,4,4-10檔
2024-11-19,6228,-9.928057553956837,5.808218963136532,6994387.0,1469414.2,9.904153354632573,18.21086261980831,7.348242811501593,-0.31948881789137795,-5.111821086261981,31.3,26000000,8.138,D_小型(<50億),電腦及週邊設備業,otc,False,2,True,2024,<1000萬(極低),4,4-10檔
2024-11-21,2380,-9.657947686116696,3.5551983738988775,6582611.0,2266698.25,3.563474387527843,5.567928730512239,13.58574610244987,13.140311804008897,-0.44543429844099425,4.49,60000000,2.694,D_小型(<50億),電腦及週邊設備業,sii,False,2,True,2024,<1000萬(極低),3,1-3檔(單一個股)
2024-12-17,2230,-9.848484848484851,3.6039313880375228,396241589.0,130225340.4,-1.6806722689075682,-5.042016806722693,-6.302521008403361,-6.302521008403361,-14.70588235294118,119.0,68029605,80.95522995,C_中小型(50-100億),居家生活,otc,False,2,True,2024,>2億(高),3,1-3檔(單一個股)
2024-12-20,1435,-9.9009900990099,7.900875801484997,964858.0,139308.6,3.1397174254317095,3.1397174254317095,6.593406593406592,8.791208791208781,9.890109890109876,31.85,139780080,44.51995548,D_小型(<50億),其他,sii,False,2,True,2024,<1000萬(極低),5,4-10檔
2024-12-23,1225,-9.92063492063492,10.018487852640458,210009827.0,24245804.45,-1.6519823788546217,1.8722466960352513,0.22026431718062955,-9.03083700440529,0.7709251101321701,45.4,242268306,109.989810924,B_中型(100-500億),食品工業,sii,False,2,True,2024,>2億(高),2,1-3檔(單一個股)
2024-12-30,8059,-9.93377483443708,3.1632614491426505,123069008.0,44761155.15,8.088235294117641,-2.941176470588236,-6.911764705882362,-6.323529411764706,2.2058823529411686,34.0,193849750,65.908915,C_中小型(50-100億),通信網路業,otc,False,2,True,2024,5000萬-2億,3,1-3檔(單一個股)
2025-02-04,2360,-9.941520467836263,2.8623834119808276,3901337546.0,1593167249.55,6.980519480519476,12.337662337662337,14.935064935064934,14.123376623376615,6.006493506493515,308.0,425245742,1309.75688536,A_大型(>=500億),其他電子業,sii,False,2,True,2025,>2億(高),8,4-10檔
2025-02-04,3653,-9.999999999999998,3.0584325218345922,3433098925.0,1346441685.5,4.888888888888898,15.11111111111112,13.777777777777779,23.55555555555555,15.555555555555545,1125.0,146732803,1650.74403375,A_大型(>=500億),電子零組件業,sii,False,2,True,2025,>2億(高),8,4-10檔
2025-03-11,3712,-9.771986970684043,3.6056640153749187,606950788.0,191376456.6,-1.6245487364620947,-2.527075812274371,0.7220216606498076,-2.7075812274368283,-23.55595667870035,55.4,246242146,136.418148884,B_中型(100-500億),電腦及週邊設備業,sii,False,2,False,2025,>2億(高),8,4-10檔
2025-03-14,1446,-9.560723514211888,5.06097938967386,157491545.0,36096146.6,-2.000000000000013,-2.571428571428569,-1.8571428571428572,-7.9999999999999964,-21.285714285714285,35.0,137709513,48.19832955,D_小型(<50億),紡織纖維,sii,False,2,False,2025,5000萬-2億,4,4-10檔
2025-03-18,4943,-9.966777408637872,5.021951756400502,1967347.0,443605.75,-9.96309963099632,-14.760147601476014,-5.166051660516613,-4.797047970479706,-11.439114391143912,13.55,126694353,17.167084831500002,D_小型(<50億),電子零組件業,sii,False,2,True,2025,<1000萬(極低),4,4-10檔
2025-03-19,4943,-9.96309963099632,5.197542862575664,2401007.0,549593.1,-1.6393442622950727,-4.098360655737709,8.196721311475418,8.606557377049185,-1.6393442622950727,12.2,126694353,15.456711065999999,D_小型(<50億),電子零組件業,sii,False,3,True,2025,<1000萬(極低),4,4-10檔
2025-04-08,1310,-9.944751381215477,4.637517132608622,28601651.0,7422828.5,-8.95705521472393,4.7852760736196265,10.42944785276072,7.975460122699385,13.865030674846611,8.15,527869764,43.021385766,D_小型(<50億),塑膠工業,sii,False,2,True,2025,1000萬-5000萬,822,30+檔(全面性恐慌)
2025-04-08,1339,-9.80198019801981,6.168496288034764,15567668.0,2983819.85,-9.98902305159165,2.524698133918779,13.06256860592756,7.793633369923181,10.428100987925347,45.55,74123875,33.7634250625,D_小型(<50億),汽車工業,sii,False,2,False,2025,1000萬-5000萬,822,30+檔(全面性恐慌)
2025-04-08,1340,-9.893048128342253,5.035367210293222,3166610.0,756010.95,-7.566765578635016,6.0830860534124565,8.456973293768533,3.857566765578624,7.566765578635004,6.74,152922855,10.307000427,D_小型(<50億),塑膠工業,sii,False,2,True,2025,<1000萬(極低),822,30+檔(全面性恐慌)
2025-04-08,1464,-9.968847352024934,2.2911188708456227,88137635.0,47690803.15,-8.996539792387537,-2.422145328719716,1.384083044982698,-4.152249134948094,-3.806228373702414,14.45,425575733,61.4956934185,C_中小型(50-100億),紡織纖維,sii,False,2,True,2025,5000萬-2億,822,30+檔(全面性恐慌)
2025-04-08,1467,-9.965237543453087,5.453023381472165,10273563.0,2279438.3,-9.266409266409259,9.26640926640927,17.88931788931789,15.05791505791505,14.800514800514808,7.77,233624667,18.152636625899998,D_小型(<50億),紡織纖維,sii,False,2,True,2025,1000萬-5000萬,822,30+檔(全面性恐慌)
2025-04-08,1515,-9.931506849315063,2.7162766667948492,20716979.0,9572418.85,-9.885931558935368,-5.703422053231943,13.87832699619771,18.441064638783256,15.969581749049432,26.3,181473500,47.7275305,D_小型(<50億),電機機械,sii,False,2,True,2025,1000萬-5000萬,822,30+檔(全面性恐慌)
2025-04-08,1517,-9.876543209876553,3.0165918010479977,5005226.0,2049916.05,-9.954337899543376,0.0,4.109589041095907,-1.826484018264829,3.65296803652968,10.95,220000007,24.090000766499998,D_小型(<50億),電機機械,sii,False,2,True,2025,<1000萬(極低),822,30+檔(全面性恐慌)
2025-04-08,1539,-9.693877551020414,2.8137283551133425,11176029.0,4799151.1,-9.887005649717517,-1.412429378531077,6.214689265536721,2.824858757062154,7.909604519774027,17.7,65370000,11.57049,D_小型(<50億),電機機械,sii,False,2,False,2025,1000萬-5000萬,822,30+檔(全面性恐慌)
2025-04-08,1563,-9.931506849315063,2.765798913738578,114156213.0,51322606.4,-6.8441064638783295,3.6121673003802313,11.596958174904938,8.745247148288971,14.448669201520925,52.6,225608140,118.66988164,B_中型(100-500億),汽車工業,sii,False,2,True,2025,5000萬-2億,822,30+檔(全面性恐慌)
2025-04-08,1568,-9.815950920245397,3.403402242351381,9598556.0,3411010.2,-9.523809523809534,-0.45351473922903285,9.75056689342404,2.947845804988658,7.029478458049887,22.05,103086559,22.730586259500004,D_小型(<50億),汽車工業,sii,False,2,True,2025,<1000萬(極低),822,30+檔(全面性恐慌)
2025-04-08,1570,-9.896907216494844,3.7907628702424567,16060190.0,5168471.9,-9.839816933638456,-0.22883295194507935,6.178489702517154,2.7459954233409523,2.0594965675057253,21.85,51500839,11.2529333215,D_小型(<50億),電機機械,otc,False,2,True,2025,1000萬-5000萬,822,30+檔(全面性恐慌)
2025-04-08,1587,-9.694793536804314,3.770528350519634,29496571.0,9855193.8,-9.940357852882709,5.168986083499005,13.320079522862827,6.361829025844945,19.28429423459246,25.15,80055672,20.134001508,D_小型(<50億),汽車工業,sii,False,2,False,2025,1000萬-5000萬,822,30+檔(全面性恐慌)
2025-04-08,1589,-9.859154929577462,2.9062683687993163,22939197.0,10191627.05,-9.895833333333337,-2.083333333333337,0.17361111111111605,-4.340277777777779,1.736111111111116,28.8,153135941,44.103151008000005,D_小型(<50億),電機機械,sii,False,2,True,2025,1000萬-5000萬,822,30+檔(全面性恐慌)
2025-04-08,1605,-9.610983981693366,2.1442165387512278,834759386.0,493910192.6,-9.873417721518985,-0.5063291139240533,4.556962025316458,-3.2911392405063244,8.101265822784809,19.75,4431332948,875.18825723,A_大型(>=500億),電器電纜,sii,False,2,False,2025,>2億(高),822,30+檔(全面性恐慌)
2025-04-08,1711,-9.971509971509974,3.94912770863946,83525569.0,25518480.85,-9.810126582278489,1.5822784810126667,6.329113924050622,1.2658227848101111,6.645569620253178,15.8,547752226,86.54485170800001,C_中小型(50-100億),化學工業,sii,False,2,True,2025,5000萬-2億,822,30+檔(全面性恐慌)
2025-04-08,1727,-9.917355371900815,2.0181660719500276,24348974.0,15102126.85,-9.86238532110093,-1.3761467889908285,5.504587155963292,-1.1467889908256867,7.339449541284404,21.8,128019559,27.908263862000002,D_小型(<50億),化學工業,sii,False,2,True,2025,1000萬-5000萬,822,30+檔(全面性恐慌)
2025-04-08,1732,-9.57446808510638,3.7449114404439756,11824181.0,3836632.8,-5.41176470588235,3.7647058823529367,7.76470588235294,5.411764705882338,17.176470588235283,21.25,42443957,9.0193408625,D_小型(<50億),化學工業,sii,False,2,False,2025,1000萬-5000萬,822,30+檔(全面性恐慌)
2025-04-08,1786,-9.951690821256031,2.5863975971371653,223166840.0,107260023.0,-9.978540772532185,-3.433476394849788,3.0042918454935563,-2.896995708154504,0.7510729613734002,93.2,74827641,69.739361412,C_中小型(50-100億),生技醫療業,sii,False,2,True,2025,>2億(高),822,30+檔(全面性恐慌)
2025-04-08,2070,-9.921414538310403,2.0350970918888787,20101724.0,12678684.55,-9.92366412213741,2.1810250817884347,11.45038167938932,2.72628135223556,3.3805888767720838,45.85,41782800,19.1574138,D_小型(<50億),電機機械,otc,False,2,True,2025,1000萬-5000萬,822,30+檔(全面性恐慌)
2025-04-08,2204,-9.925925925925927,2.667850427742619,282702534.0,129917518.6,-9.868421052631582,5.263157894736836,6.907894736842102,9.868421052631572,18.91447368421053,60.8,553620342,336.60116793599997,B_中型(100-500億),汽車工業,sii,False,2,True,2025,>2億(高),822,30+檔(全面性恐慌)
2025-04-08,2228,-9.813664596273297,5.100670433994696,84659496.0,20212834.55,-4.820936639118456,6.887052341597788,15.289256198347111,24.79338842975207,29.476584022038587,72.6,79779692,57.920056392,C_中小型(50-100億),汽車工業,sii,False,2,False,2025,5000萬-2億,822,30+檔(全面性恐慌)
2025-04-08,2258,-9.961685823754785,2.5075554114750753,72247912.0,36988963.05,-9.9290780141844,8.794326241134765,15.602836879432624,8.936170212765958,16.02836879432623,35.25,1751076800,617.254572,A_大型(>=500億),汽車工業,sii,False,2,True,2025,5000萬-2億,822,30+檔(全面性恐慌)
2025-04-08,2305,-9.865470852017932,3.03050953537983,11729845.0,4936165.0,-9.950248756218905,2.487562189054726,10.447761194029837,2.985074626865658,6.965174129353224,10.05,205660827,20.6689131135,D_小型(<50億),電腦及週邊設備業,sii,False,2,True,2025,1000萬-5000萬,822,30+檔(全面性恐慌)
2025-04-08,2317,-9.747292418772568,4.713325515194542,39130023694.0,9980024185.45,-9.999999999999998,7.600000000000007,11.60000000000001,5.600000000000005,15.999999999999993,125.0,14028648626,17535.8107825,A_大型(>=500億),其他電子業,sii,False,2,True,2025,>2億(高),822,30+檔(全面性恐慌)
2025-04-08,2331,-9.846153846153848,2.2260889691020087,55344422.0,31742739.45,-9.897610921501709,4.778156996587035,8.87372013651877,0.3412969283276279,5.119453924914685,14.65,557402968,81.659534812,C_中小型(50-100億),電腦及週邊設備業,sii,False,2,True,2025,5000萬-2億,822,30+檔(全面性恐慌)
2025-04-08,2349,-10.000000000000009,2.4972273484841967,63107098.0,31662569.05,-9.206349206349195,3.3862433862433816,13.227513227513231,9.523809523809534,9.523809523809534,9.45,693679663,65.5527281535,C_中小型(50-100億),光電業,sii,False,2,True,2025,5000萬-2億,822,30+檔(全面性恐慌)
2025-04-08,2352,-9.981167608286256,3.013313699259234,341321992.0,142405549.15,-9.832635983263593,2.3012552301255207,11.087866108786626,2.9288702928870425,8.786610878661104,23.9,1580506505,377.741054695,B_中型(100-500億),電腦及週邊設備業,sii,False,2,True,2025,>2億(高),822,30+檔(全面性恐慌)
2025-04-08,2353,-9.895052473763123,2.2716042998957104,774677321.0,416474837.3,-9.983361064891849,1.830282861896837,5.15806988352745,4.492512479201327,13.31114808652245,30.05,3047853828,915.8800753140001,A_大型(>=500億),電腦及週邊設備業,sii,False,2,True,2025,>2億(高),822,30+檔(全面性恐慌)
2025-04-08,2354,-9.895833333333337,2.0879070340092682,989922175.0,610306663.25,-7.899807321772645,5.009633911368017,12.331406551059732,6.551059730250475,14.836223506743739,51.9,1414485192,734.117814648,A_大型(>=500億),其他電子業,sii,False,2,True,2025,>2億(高),822,30+檔(全面性恐慌)
2025-04-08,2376,-9.662921348314601,2.243042636924265,1503299300.0,839200743.95,-9.950248756218905,0.4975124378109541,9.203980099502495,3.9800995024875663,18.15920398009949,201.0,669888886,1346.47666086,A_大型(>=500億),電腦及週邊設備業,sii,False,2,False,2025,>2億(高),822,30+檔(全面性恐慌)
2025-04-08,2380,-9.831460674157311,3.2935650906096012,962805.0,358533.3,-9.968847352024913,-4.049844236760125,0.6230529595015577,16.1993769470405,17.757009345794383,3.21,60000000,1.926,D_小型(<50億),電腦及週邊設備業,sii,False,2,True,2025,<1000萬(極低),822,30+檔(全面性恐慌)
2025-04-08,2390,-9.95121951219512,2.689074123892051,9454411.0,4361728.2,-9.967497291440953,0.5417118093174356,8.017334777898167,6.500541711809316,14.301191765980503,9.23,192619442,17.7787744966,D_小型(<50億),其他電子業,sii,False,2,True,2025,<1000萬(極低),822,30+檔(全面性恐慌)
2025-04-08,2397,-9.893455098934556,2.8229594362281114,25614010.0,11179126.9,-9.966216216216228,-1.858108108108114,2.195945945945943,-4.8986486486486625,0.33783783783782884,59.2,114488857,67.777403344,C_中小型(50-100億),電腦及週邊設備業,sii,False,2,True,2025,1000萬-5000萬,822,30+檔(全面性恐慌)
2025-04-08,2402,-9.915014164305935,2.587543145756532,189774497.0,88213289.4,-9.905660377358494,2.2012578616352085,10.377358490566046,4.088050314465419,14.779874213836486,31.8,307536533,97.796617494,C_中小型(50-100億),電子零組件業,sii,False,2,True,2025,5000萬-2億,822,30+檔(全面性恐慌)
2025-04-08,2426,-9.937888198757772,2.9915156789044284,40452338.0,17390826.1,-9.999999999999998,0.6896551724137945,8.965517241379306,1.724137931034475,6.896551724137923,14.5,300622252,43.59022654,D_小型(<50億),光電業,sii,False,2,True,2025,1000萬-5000萬,822,30+檔(全面性恐慌)
2025-04-08,2428,-9.701492537313428,5.147302800962323,123170430.0,29008497.85,-9.917355371900827,4.132231404958686,8.677685950413228,-1.6528925619834656,3.7190082644628086,121.0,128112726,155.01639846,B_中型(100-500億),電子零組件業,sii,False,2,True,2025,5000萬-2億,822,30+檔(全面性恐慌)
2025-04-08,2461,-9.93975903614459,3.001453510504126,26068089.0,11011216.2,-9.698996655518389,2.34113712374584,10.367892976588644,5.351170568561869,15.719063545150513,14.95,191887963,28.6872504685,D_小型(<50億),其他電子業,sii,False,2,True,2025,1000萬-5000萬,822,30+檔(全面性恐慌)
2025-04-08,2462,-9.799554565701552,2.427454686104875,10388483.0,5315557.05,-9.876543209876543,-3.703703703703709,3.2098765432098775,-3.4567901234567877,5.679012345679002,20.25,150784482,30.533857605,D_小型(<50億),電子零組件業,sii,False,2,True,2025,1000萬-5000萬,822,30+檔(全面性恐慌)
2025-04-08,2476,-9.878213802435742,3.586539408339305,326751304.0,115139079.45,-9.909909909909898,0.45045045045046805,5.705705705705721,-2.552552552552534,3.45345345345347,66.6,218080998,145.241944668,B_中型(100-500億),電子零組件業,sii,False,2,True,2025,>2億(高),822,30+檔(全面性恐慌)
2025-04-08,2483,-9.80392156862745,3.665684220636169,7882214.0,2691416.3,-9.316770186335411,1.8633540372670732,9.006211180124213,7.14285714285714,13.664596273291929,16.1,107889807,17.370258927000002,D_小型(<50億),電子零組件業,sii,False,2,True,2025,<1000萬(極低),822,30+檔(全面性恐慌)
2025-04-08,2484,-9.92907801418439,2.773280521116585,12025531.0,5451098.0,-9.711286089238857,2.6246719160105014,6.299212598425186,3.6745406824146842,6.5616797900262425,19.05,159421022,30.369704691,D_小型(<50億),電子零組件業,sii,False,2,True,2025,1000萬-5000萬,822,30+檔(全面性恐慌)
2025-04-08,2491,-9.871244635193133,3.1959224837098636,1389183.0,542740.45,-10.000000000000009,0.952380952380949,8.571428571428585,1.904761904761898,4.761904761904767,10.5,82008000,8.61084,D_小型(<50億),光電業,sii,False,2,True,2025,<1000萬(極低),822,30+檔(全面性恐慌)
2025-04-08,2492,-10.000000000000009,2.8794874210873456,210001430.0,88812356.75,-9.891598915989153,0.27100271002711285,8.265582655826575,0.27100271002711285,11.38211382113823,73.8,485204774,358.08112321199997,B_中型(100-500億),電子零組件業,sii,False,2,True,2025,>2億(高),822,30+檔(全面性恐慌)
2025-04-08,2497,-9.967845659163988,3.4400551860611612,56714790.0,21217664.1,-7.023809523809533,5.119047619047623,10.952380952380958,4.404761904761911,16.547619047619055,42.0,130887676,54.97282392,C_中小型(50-100億),汽車工業,sii,False,2,True,2025,5000萬-2億,822,30+檔(全面性恐慌)
2025-04-08,2524,-9.999999999999998,6.432467940157557,340060021.0,61654233.3,-10.000000000000009,-3.4343434343434454,-0.303030303030305,-9.090909090909093,5.656565656565649,49.5,365983545,181.161854775,B_中型(100-500億),建材營造,sii,False,2,True,2025,>2億(高),822,30+檔(全面性恐慌)
2025-04-08,2528,-9.917355371900815,3.259650923844953,107624075.0,41010010.35,-7.798165137614688,0.3058103975535076,4.587155963302747,-0.152905198776776,15.596330275229331,32.7,435996467,142.57084470900003,B_中型(100-500億),建材營造,sii,False,2,True,2025,5000萬-2億,822,30+檔(全面性恐慌)
2025-04-08,2609,-9.899569583931145,2.253877011997942,4158190934.0,2174079672.4,-9.87261146496815,8.91719745222932,16.560509554140147,10.66878980891721,13.05732484076434,62.8,3492104270,2193.04148156,A_大型(>=500億),航運業,sii,False,2,True,2025,>2億(高),822,30+檔(全面性恐慌)
2025-04-08,2636,-9.985528219971041,2.6661426303872418,85071847.0,39116334.65,-6.913183279742774,10.12861736334405,16.077170418006425,10.932475884244376,14.147909967845651,62.2,141835230,88.22151306,C_中小型(50-100億),航運業,sii,False,2,True,2025,5000萬-2億,822,30+檔(全面性恐慌)
2025-04-08,2712,-9.882352941176475,11.129008239849101,2584097.0,254941.45,-7.049608355091374,0.783289817232391,-0.7832898172323688,-3.394255874673624,4.960835509138395,19.15,105000000,20.107499999999998,D_小型(<50億),觀光餐旅,sii,False,2,True,2025,<1000萬(極低),822,30+檔(全面性恐慌)
2025-04-08,2719,-9.93975903614459,3.441793222575679,3841829.0,1434312.75,-9.866220735785946,3.3444816053511683,7.0234113712374535,2.6755852842809347,25.75250836120402,29.9,69182500,20.6855675,D_小型(<50億),觀光餐旅,otc,False,2,True,2025,<1000萬(極低),822,30+檔(全面性恐慌)
2025-04-08,2724,-9.999999999999998,3.270150917886272,905795.0,335519.0,-9.876543209876553,6.790123456790109,7.407407407407418,-10.288065843621396,4.938271604938271,24.3,59656345,14.496491835,D_小型(<50億),其他,otc,False,2,True,2025,<1000萬(極低),822,30+檔(全面性恐慌)
2025-04-08,2739,-9.963099630996307,3.1497614220030132,32131681.0,12873466.85,-7.10382513661203,8.743169398907092,12.021857923497258,7.650273224043702,13.387978142076506,36.6,91526000,33.498516,D_小型(<50億),觀光餐旅,sii,False,2,True,2025,1000萬-5000萬,822,30+檔(全面性恐慌)
2025-04-08,2743,-9.891435464414966,3.39428640584134,47260625.0,17022989.75,-9.90629183400269,4.149933065595701,10.307898259705484,3.07898259705488,28.11244979919678,74.7,46815210,34.97096187,D_小型(<50億),觀光餐旅,otc,False,2,True,2025,1000萬-5000萬,822,30+檔(全面性恐慌)
2025-04-08,3008,-9.977324263038545,2.637298014049157,3827498680.0,1765246493.25,-9.319899244332497,2.5188916876574208,8.816120906801018,5.5415617128463435,5.793450881612094,1985.0,130798197,2596.34421045,A_大型(>=500億),光電業,sii,False,2,True,2025,>2億(高),822,30+檔(全面性恐慌)
2025-04-08,3016,-9.880239520958078,2.8741838779104727,40774851.0,17919119.45,-9.966777408637872,3.1561461794019863,10.299003322259148,3.322259136212624,8.803986710963452,30.1,288541819,86.85108751899999,C_中小型(50-100億),半導體業,sii,False,2,True,2025,1000萬-5000萬,822,30+檔(全面性恐慌)
2025-04-08,3021,-9.756097560975618,2.61688401065564,16836403.0,8338834.4,-9.909909909909898,-0.6006006006005871,7.207207207207222,-2.7027027027026973,3.3033033033033066,16.65,94890000,15.799184999999998,D_小型(<50億),電子零組件業,sii,False,2,True,2025,1000萬-5000萬,822,30+檔(全面性恐慌)
2025-04-08,3031,-9.944751381215477,3.345170054734052,25411118.0,9562447.9,-8.282208588957063,3.3742331288343586,9.202453987730053,4.294478527607359,10.42944785276072,16.3,173203224,28.232125512000003,D_小型(<50億),光電業,sii,False,2,True,2025,1000萬-5000萬,822,30+檔(全面性恐慌)
2025-04-08,3038,-9.911894273127754,2.61136788817246,22746265.0,11323140.6,-9.7799511002445,4.1564792176039145,13.691931540342296,10.757946210268955,12.224938875305625,20.45,157407603,32.1898548135,D_小型(<50億),光電業,sii,False,2,True,2025,1000萬-5000萬,822,30+檔(全面性恐慌)
2025-04-08,3040,-9.899888765294772,4.784134607449952,71096870.0,17739612.3,-9.999999999999998,5.061728395061715,14.814814814814813,13.58024691358024,7.901234567901239,40.5,66224538,26.82093789,D_小型(<50億),其他,sii,False,2,True,2025,5000萬-2億,822,30+檔(全面性恐慌)
2025-04-08,3043,-9.926470588235292,3.187541070871054,12363187.0,4861442.4,-9.999999999999998,-3.8775510204081653,3.469387755102038,-1.8367346938775508,4.489795918367356,24.5,38975634,9.54903033,D_小型(<50億),其他電子業,sii,False,2,True,2025,1000萬-5000萬,822,30+檔(全面性恐慌)
2025-04-08,3044,-9.890109890109889,2.657778856984331,875243261.0,400756105.0,-9.756097560975608,2.4390243902439046,6.707317073170738,1.5243902439024293,14.32926829268293,164.0,525605898,861.99367272,A_大型(>=500億),電子零組件業,sii,False,2,True,2025,>2億(高),822,30+檔(全面性恐慌)
2025-04-08,3051,-9.981515711645095,2.9263846928666415,43113306.0,18293090.1,-9.856262833675578,-1.0266940451745366,11.498973305954818,17.043121149897324,30.800821355236142,24.35,167000000,40.6645,D_小型(<50億),光電業,sii,False,2,True,2025,1000萬-5000萬,822,30+檔(全面性恐慌)
2025-04-08,3054,-9.638554216867467,3.5976281073146237,1231479.0,391269.35,2.400000000000002,11.466666666666669,19.466666666666654,29.866666666666664,31.733333333333324,18.75,80651041,15.1220701875,D_小型(<50億),食品工業,sii,False,2,False,2025,<1000萬(極低),822,30+檔(全面性恐慌)
2025-04-08,3066,-9.887005649717517,2.4194928667658524,7049698.0,3804346.3,-9.717868338557988,-0.31347962382444194,5.0156739811912265,-3.1347962382445194,7.836990595611293,15.95,83070612,13.249762613999998,D_小型(<50億),光電業,otc,False,2,True,2025,<1000萬(極低),822,30+檔(全面性恐慌)
2025-04-08,3071,-9.903381642512077,3.049519984720647,6006940.0,2411104.95,-9.919571045576392,0.8042895442359255,5.898123324396787,-3.4852546916889993,4.557640750670244,18.65,110000000,20.514999999999997,D_小型(<50億),電腦及週邊設備業,otc,False,2,True,2025,<1000萬(極低),822,30+檔(全面性恐慌)
2025-04-08,3085,-9.788359788359779,4.0465465128290345,777352.0,216101.75,0.8797653958944274,2.346041055718473,,,1.4662756598240456,17.05,69019288,11.767788604000001,D_小型(<50億),數位雲端,otc,False,2,True,2025,<1000萬(極低),822,30+檔(全面性恐慌)
2025-04-08,3093,-9.999999999999998,4.02087140580486,6617807.0,1994432.75,-9.876543209876543,8.888888888888902,28.148148148148145,23.209876543209873,24.444444444444446,20.25,145155576,29.39400414,D_小型(<50億),其他電子業,otc,False,2,True,2025,<1000萬(極低),822,30+檔(全面性恐慌)
2025-04-08,3094,-9.876543209876553,2.9914072833343,7793823.0,3235457.55,-9.817351598173508,0.22831050228311334,9.589041095890426,-0.91324200913242,5.4794520547945424,21.9,83117089,18.202642491,D_小型(<50億),半導體業,sii,False,2,True,2025,<1000萬(極低),822,30+檔(全面性恐慌)
2025-04-08,3122,-9.856262833675578,4.67154409569191,11178169.0,3027267.8,-9.79498861047835,-1.1389521640091105,6.150341685649208,-3.4168564920273314,-2.505694760820054,21.95,40764826,8.947879307,D_小型(<50億),半導體業,otc,False,2,True,2025,1000萬-5000萬,822,30+檔(全面性恐慌)
2025-04-08,3169,-9.955257270693519,2.0804607250987703,60103150.0,39141005.25,-9.937888198757761,2.360248447204971,10.062111801242235,4.720496894409942,12.54658385093168,80.5,63306981,50.962119705,C_中小型(50-100億),半導體業,otc,False,2,True,2025,5000萬-2億,822,30+檔(全面性恐慌)
2025-04-08,3205,-9.981851179673317,3.38812556727489,6718738.0,2444251.3,-9.879032258064512,-11.08870967741935,-3.8306451612903247,-11.895161290322577,-7.459677419354849,24.8,67545631,16.751316488,D_小型(<50億),生技醫療業,otc,False,2,True,2025,<1000萬(極低),822,30+檔(全面性恐慌)
2025-04-08,3206,-9.791122715404699,4.1629301488317205,9753310.0,2768912.0,-8.538350217076685,3.61794500723589,6.512301013024602,1.302460202604938,4.920405209840828,34.55,58916621,20.355692555499996,D_小型(<50億),電子零組件業,otc,False,2,False,2025,<1000萬(極低),822,30+檔(全面性恐慌)
2025-04-08,3221,-9.876543209876543,3.417586939627608,8714710.0,3096263.9,-9.86301369863014,-0.5479452054794609,5.47945205479452,1.9178082191780854,7.397260273972606,18.25,105062110,19.173835075,D_小型(<50億),通信網路業,otc,False,2,True,2025,<1000萬(極低),822,30+檔(全面性恐慌)
2025-04-08,3229,-9.85401459854014,4.257442363090796,1756636.0,514680.4,-9.716599190283393,1.619433198380582,9.716599190283404,4.453441295546567,4.858299595141702,12.35,64263000,7.9364805,D_小型(<50億),電子零組件業,sii,False,2,True,2025,<1000萬(極低),822,30+檔(全面性恐慌)
2025-04-08,3231,-9.9009900990099,2.644306853434461,3684040184.0,1688332064.9,-8.791208791208794,10.256410256410241,25.152625152625152,20.63492063492063,30.03663003663002,81.9,3180052250,2604.4627927500005,A_大型(>=500億),電腦及週邊設備業,sii,False,2,True,2025,>2億(高),822,30+檔(全面性恐慌)
2025-04-08,3232,-9.807692307692307,2.4480202503154,12773532.0,6376803.6,-5.970149253731338,11.087420042643936,18.336886993603407,14.072494669509595,30.06396588486142,23.45,46567865,10.9201643425,D_小型(<50億),電子通路業,otc,False,2,False,2025,1000萬-5000萬,822,30+檔(全面性恐慌)
2025-04-08,3236,-9.876543209876543,2.0909215419094505,3717580.0,2222123.2,-9.931506849315063,-3.424657534246578,0.6849315068493178,0.0,18.150684931506845,14.6,105000613,15.330089498,D_小型(<50億),電子零組件業,otc,False,2,True,2025,<1000萬(極低),822,30+檔(全面性恐慌)
2025-04-08,3257,-9.935205183585305,3.8415697821580035,53899800.0,17738761.05,-9.952038369304573,-0.9592326139088891,10.431654676258972,2.1582733812949506,19.424460431654666,41.7,79823590,33.28643703,D_小型(<50億),半導體業,sii,False,2,True,2025,5000萬-2億,822,30+檔(全面性恐慌)
2025-04-08,3284,-9.964412811387902,3.2115495238441656,12099307.0,4662835.2,-9.486166007905151,3.754940711462451,14.229249011857693,4.940711462450587,15.019762845849804,25.3,108482473,27.446065669,D_小型(<50億),其他,otc,False,2,True,2025,1000萬-5000萬,822,30+檔(全面性恐慌)
2025-04-08,3306,-9.8901098901099,2.999720277998268,14387380.0,5961810.5,-9.891598915989153,4.742547425474264,17.208672086720878,9.349593495934961,13.008130081300816,36.9,50607702,18.674242038,D_小型(<50億),通信網路業,otc,False,2,True,2025,1000萬-5000萬,822,30+檔(全面性恐慌)
2025-04-08,3317,-9.765142150803463,3.30276507581733,18536679.0,6765687.8,-9.999999999999998,-1.2328767123287787,6.02739726027397,0.8219178082191636,11.917808219178095,36.5,90000000,32.85,D_小型(<50億),半導體業,otc,False,2,False,2025,1000萬-5000萬,822,30+檔(全面性恐慌)
2025-04-08,3322,-9.701492537313438,3.55220307680076,14388547.0,5164403.0,-9.917355371900815,-4.545454545454541,7.02479338842974,-4.1322314049586755,0.8264462809917328,12.1,137582157,16.647440997,D_小型(<50億),電子零組件業,otc,False,2,True,2025,1000萬-5000萬,822,30+檔(全面性恐慌)
2025-04-08,3325,-9.907120743034048,5.586109599569037,22367520.0,4902377.75,-9.965635738831624,-11.683848797250862,2.7491408934707806,0.3436426116838476,15.807560137457056,14.55,110168610,16.029532755,D_小型(<50億),電腦及週邊設備業,otc,False,2,True,2025,1000萬-5000萬,822,30+檔(全面性恐慌)
2025-04-08,3413,-9.960159362549803,2.214703818417865,380953048.0,214224484.1,-6.415929203539827,7.964601769911495,12.831858407079654,8.185840707964598,23.893805309734507,226.0,110762280,250.3227528,B_中型(100-500億),半導體業,sii,False,2,True,2025,>2億(高),822,30+檔(全面性恐慌)
2025-04-08,3437,-9.756097560975597,2.4463211385601644,16156741.0,8284137.8,-9.797297297297302,-0.6756756756756799,6.756756756756754,-3.378378378378377,8.445945945945944,14.8,144548000,21.393104,D_小型(<50億),光電業,sii,False,2,True,2025,1000萬-5000萬,822,30+檔(全面性恐慌)
2025-04-08,3438,-9.94708994708995,2.0467705438495356,5061103.0,3173088.15,-9.9882491186839,-8.695652173913038,1.292596944770863,2.4676850763807323,18.213866039953007,42.55,47165815,20.069054282499998,D_小型(<50億),半導體業,otc,False,2,True,2025,<1000萬(極低),822,30+檔(全面性恐慌)
2025-04-08,3441,-9.954751131221705,2.241231144888371,12026197.0,6635879.3,-9.882747068676723,2.1775544388609624,13.065326633165819,8.20770519262981,7.705192629815727,29.85,40039920,11.95191612,D_小型(<50億),光電業,otc,False,2,True,2025,1000萬-5000萬,822,30+檔(全面性恐慌)
2025-04-08,3490,-9.850107066381163,3.0324056726704924,11457107.0,4809439.05,-9.97624703087887,0.47505938242278223,7.125890736342044,1.6627078384797933,8.788598574821837,21.05,55006435,11.5788545675,D_小型(<50億),光電業,otc,False,2,True,2025,1000萬-5000萬,822,30+檔(全面性恐慌)
2025-04-08,3508,-9.610983981693366,2.5756070495562984,8918481.0,4506955.55,-9.873417721518985,0.25316455696202667,9.873417721518972,-2.025316455696191,1.0126582278481067,19.75,104311737,20.6015680575,D_小型(<50億),其他電子業,otc,False,2,False,2025,<1000萬(極低),822,30+檔(全面性恐慌)
2025-04-08,3516,-9.547738693467334,3.68897286498512,7734952.0,2561121.8,-4.1666666666666625,7.777777777777772,19.444444444444443,12.5,15.833333333333343,18.0,59560874,10.72095732,D_小型(<50億),光電業,otc,False,2,False,2025,<1000萬(極低),822,30+檔(全面性恐慌)
2025-04-08,3521,-9.689922480620151,2.360627571551295,3650214.0,1904058.6,-9.871244635193133,3.0042918454935563,2.5751072961373245,-0.8583690987124415,1.2875536480686733,11.65,185765552,21.641686808000003,D_小型(<50億),建材營造,otc,False,2,True,2025,<1000萬(極低),822,30+檔(全面性恐慌)
2025-04-08,3527,-9.999999999999998,4.112740083666677,12243437.0,3616270.5,-9.876543209876543,4.409171075837737,13.051146384479706,5.820105820105814,5.467372134038784,56.7,44445125,25.200385875,D_小型(<50億),半導體業,otc,False,2,True,2025,1000萬-5000萬,822,30+檔(全面性恐慌)
2025-04-08,3537,-9.872241579558649,5.1711942468186844,33613103.0,7792623.75,-8.376288659793818,1.4175257731958935,6.572164948453629,-0.6443298969072142,6.70103092783505,38.8,56242979,21.822275851999997,D_小型(<50億),電子零組件業,otc,False,2,False,2025,1000萬-5000萬,822,30+檔(全面性恐慌)
2025-04-08,3541,-9.964412811387902,3.184694482894997,5637298.0,2133612.15,-7.905138339920947,4.545454545454541,7.905138339920947,3.5573122529644285,9.090909090909083,25.3,56349142,14.256332926,D_小型(<50億),其他電子業,otc,False,2,True,2025,<1000萬(極低),822,30+檔(全面性恐慌)
2025-04-08,3557,-9.927140255009103,3.6874294884444825,36825449.0,12545952.95,-9.504550050556126,1.7189079878665137,-0.2022244691607722,-7.077856420626894,-0.9100101112234582,49.45,84315435,41.693982607500004,D_小型(<50億),居家生活,sii,False,2,True,2025,1000萬-5000萬,822,30+檔(全面性恐慌)
2025-04-08,3567,-9.523809523809534,8.585380663808703,9070222.0,1199874.8,-6.43274853801169,4.873294346978563,8.382066276803135,12.085769980506832,10.916179337231968,25.65,33954000,8.709201,D_小型(<50億),半導體業,otc,False,2,False,2025,<1000萬(極低),822,30+檔(全面性恐慌)
2025-04-08,3576,-9.95203836930456,2.9123108911365443,49841587.0,21436438.8,-9.986684420772306,0.13315579227695107,13.182423435419445,15.179760319573909,13.981358189081238,7.51,1627795375,122.2474326625,B_中型(100-500億),光電業,sii,False,2,True,2025,1000萬-5000萬,822,30+檔(全面性恐慌)
2025-04-08,3588,-9.969481180061035,3.619098397142209,32296173.0,11395748.2,-9.943502824858752,1.1299435028248483,8.700564971751422,5.197740112994342,9.830508474576272,44.25,61993182,27.431983035,D_小型(<50億),半導體業,sii,False,2,True,2025,1000萬-5000萬,822,30+檔(全面性恐慌)
2025-04-08,3607,-9.584664536741217,2.460824112285689,15942329.0,7827554.8,-9.893992932862194,-2.473498233215543,6.7137809187279185,0.7067137809187329,6.0070671378091856,14.15,121662239,17.2152068185,D_小型(<50億),電子零組件業,sii,False,2,False,2025,1000萬-5000萬,822,30+檔(全面性恐慌)
2025-04-08,3615,-9.952606635071092,2.7878364230964916,14719035.0,6644107.1,-9.999999999999998,0.5263157894736858,12.631578947368416,17.105263157894733,19.210526315789455,19.0,68466976,13.00872544,D_小型(<50億),光電業,otc,False,2,True,2025,1000萬-5000萬,822,30+檔(全面性恐慌)
2025-04-08,3666,-9.932659932659927,2.300884100317971,5756330.0,3007271.7,-9.906542056074763,8.785046728971956,13.644859813084098,14.579439252336446,17.383177570093444,26.75,138949850,37.169084875,D_小型(<50億),光電業,otc,False,2,True,2025,<1000萬(極低),822,30+檔(全面性恐慌)
2025-04-08,3669,-9.9290780141844,4.811578559033708,11201940.0,2757744.05,-9.921259842519682,5.6692913385826715,15.118110236220472,0.9448818897637601,10.39370078740156,31.75,92919950,29.502084125,D_小型(<50億),通信網路業,sii,False,2,True,2025,1000萬-5000萬,822,30+檔(全面性恐慌)
2025-04-08,3673,-9.968847352024934,2.9157375204881024,130717220.0,55297312.85,-9.861591695501726,1.038062283737018,7.26643598615917,2.941176470588247,4.152249134948116,28.9,406663759,117.52582635099998,B_中型(100-500億),光電業,sii,False,2,True,2025,5000萬-2億,822,30+檔(全面性恐慌)
2025-04-08,3686,-9.96309963099632,2.0516849397995562,4189987.0,2711893.2,-9.836065573770492,1.2295081967213184,19.262295081967217,26.22950819672132,28.278688524590166,12.2,76495118,9.332404396,D_小型(<50億),半導體業,sii,False,2,True,2025,<1000萬(極低),822,30+檔(全面性恐慌)
2025-04-08,3687,-9.89304812834223,2.543116654120693,14636268.0,7213787.4,-9.940652818991103,-2.9673590504451064,8.902077151335309,1.6320474777447913,21.66172106824924,67.4,30060820,20.26099268,D_小型(<50億),數位雲端,otc,False,2,True,2025,1000萬-5000萬,822,30+檔(全面性恐慌)
2025-04-08,3710,-9.956236323851208,3.05103747474946,27737921.0,11302924.5,-9.842041312272176,2.673147023086253,9.963547995139743,0.9720534629404698,7.047387606318356,8.23,287250734,23.6407354082,D_小型(<50億),電子零組件業,otc,False,2,True,2025,1000萬-5000萬,822,30+檔(全面性恐慌)
2025-04-08,4108,-9.629629629629633,3.4387853510999804,6306621.0,2234597.45,-9.836065573770492,1.6393442622950838,11.475409836065587,3.688524590163933,23.36065573770494,12.2,198618879,24.231503238,D_小型(<50億),生技醫療業,sii,False,2,True,2025,<1000萬(極低),822,30+檔(全面性恐慌)
2025-04-08,4113,-9.62800875273524,3.2520257494914944,40073370.0,15517201.65,-9.927360774818384,-0.9685230024213065,4.1162227602905554,-1.210653753026636,8.71670702179177,20.65,231138137,47.730025290499995,D_小型(<50億),建材營造,otc,False,2,False,2025,1000萬-5000萬,822,30+檔(全面性恐慌)
2025-04-08,4121,-9.790209790209792,4.598970658678026,8118236.0,2177036.05,-9.689922480620151,-2.3255813953488413,2.7131782945736482,12.4031007751938,16.279069767441868,12.9,83111045,10.721324805,D_小型(<50億),生技醫療業,otc,False,2,True,2025,<1000萬(極低),822,30+檔(全面性恐慌)
2025-04-08,4128,-9.939148073022308,2.4091176274222703,59854761.0,31924430.7,-9.909909909909908,2.9279279279279313,4.279279279279269,0.22522522522523403,2.4774774774774855,22.2,588170597,130.573872534,B_中型(100-500億),生技醫療業,otc,False,2,True,2025,5000萬-2億,822,30+檔(全面性恐慌)
2025-04-08,4155,-9.941520467836263,4.560429743070313,15154738.0,4010710.95,-7.792207792207795,10.71428571428572,13.636363636363624,14.610389610389607,16.883116883116877,15.4,144684164,22.281361256,D_小型(<50億),生技醫療業,sii,False,2,True,2025,1000萬-5000萬,822,30+檔(全面性恐慌)
2025-04-08,4160,-9.861591695501726,2.071432021084296,6283830.0,3829247.65,-8.829174664107487,4.0307101727447225,6.717850287907878,5.758157389635321,5.566218809980805,52.1,26690334,13.905664014000001,D_小型(<50億),生技醫療業,otc,False,2,True,2025,<1000萬(極低),822,30+檔(全面性恐慌)
2025-04-08,4167,-9.915014164305935,4.37771568046695,50648402.0,13996741.2,-9.119496855345922,1.8867924528301883,12.578616352201255,7.547169811320753,24.52830188679245,15.9,310444107,49.360613013000005,D_小型(<50億),生技醫療業,otc,False,2,True,2025,5000萬-2億,822,30+檔(全面性恐慌)
2025-04-08,4168,-9.79381443298969,3.367459375459878,8878891.0,3303023.9,-9.999999999999998,-3.4285714285714364,-2.571428571428569,-9.714285714285708,1.7142857142857126,17.5,112521318,19.69123065,D_小型(<50億),生技醫療業,otc,False,2,True,2025,<1000萬(極低),822,30+檔(全面性恐慌)
2025-04-08,4190,-9.946949602122013,4.477772158506942,4695838.0,1267087.4,-9.867452135493371,-1.620029455081018,2.503681885125175,-0.44182621502211195,4.565537555228261,33.95,61444112,20.860276024,D_小型(<50億),生技醫療業,sii,False,2,True,2025,<1000萬(極低),822,30+檔(全面性恐慌)
2025-04-08,4401,-9.944751381215477,4.615359736388006,7925250.0,2061962.2,-9.81595092024541,-1.8404907975460127,1.2269938650306678,2.4539877300613355,4.294478527607359,16.3,122692012,19.998797956,D_小型(<50億),紡織纖維,otc,False,2,True,2025,<1000萬(極低),822,30+檔(全面性恐慌)
2025-04-08,4440,-9.832134292565954,3.1240463272044563,13009484.0,5360630.75,-9.840425531914898,-2.659574468085102,2.127659574468077,-4.255319148936176,3.1914893617021267,18.8,67598000,12.708424,D_小型(<50億),紡織纖維,sii,False,2,True,2025,1000萬-5000萬,822,30+檔(全面性恐慌)
2025-04-08,4536,-9.999999999999998,2.68498320364996,115288486.0,53415832.15,-9.876543209876543,3.0864197530864113,8.333333333333325,4.012345679012341,7.407407407407418,162.0,90820000,147.1284,B_中型(100-500億),運動休閒,sii,False,2,True,2025,5000萬-2億,822,30+檔(全面性恐慌)
2025-04-08,4542,-9.97109826589596,3.0045146709067416,23752169.0,10571491.45,-11.39646869983948,-6.741573033707859,-2.4077046548956704,-20.30497592295345,-7.86516853932584,62.3,34586446,21.547355857999996,D_小型(<50億),電子零組件業,otc,False,2,True,2025,1000萬-5000萬,822,30+檔(全面性恐慌)
2025-04-08,4543,-9.947643979057585,2.2919640390270666,9013586.0,5135393.35,-9.883720930232565,-1.1627906976744207,10.658914728682166,6.3953488372092915,19.573643410852725,25.8,59772300,15.4212534,D_小型(<50億),電機機械,otc,False,2,True,2025,<1000萬(極低),822,30+檔(全面性恐慌)
2025-04-08,4545,-9.867452135493371,2.33174409579776,10510414.0,5819638.05,-9.967320261437907,-0.326797385620925,4.738562091503251,-3.104575163398704,33.33333333333333,30.6,77000000,23.562,D_小型(<50億),電子零組件業,sii,False,2,True,2025,1000萬-5000萬,822,30+檔(全面性恐慌)
2025-04-08,4558,-9.944751381215466,3.07008384658735,2624571.0,1066308.8,-9.815950920245397,-9.815950920245397,-3.885480572597133,-11.451942740286302,4.703476482617597,24.45,50000000,12.225,D_小型(<50億),電機機械,otc,False,2,True,2025,<1000萬(極低),822,30+檔(全面性恐慌)
2025-04-08,4563,-9.971509971509974,2.072784206269556,41071143.0,25672738.8,-9.968354430379755,1.7405063291139111,11.075949367088601,5.221518987341778,11.5506329113924,63.2,54950000,34.7284,D_小型(<50億),電機機械,otc,False,2,True,2025,1000萬-5000萬,822,30+檔(全面性恐慌)
2025-04-08,4577,-9.74358974358973,2.1709549169813336,5555843.0,3427119.1,-9.943181818181824,-4.545454545454552,4.829545454545436,-0.28409090909091717,10.511363636363624,17.6,49137998,8.648287648,D_小型(<50億),其他電子業,otc,False,2,False,2025,<1000萬(極低),822,30+檔(全面性恐慌)
2025-04-08,4581,-9.92063492063492,5.43806807659543,8423344.0,1813189.85,-7.15859030837005,2.2026431718061623,12.555066079295152,5.616740088105732,13.656387665198256,45.4,33899000,15.390146,D_小型(<50億),汽車工業,sii,False,2,True,2025,<1000萬(極低),822,30+檔(全面性恐慌)
2025-04-08,4702,-9.952606635071092,3.854213252761813,2440306.0,763746.35,-9.999999999999998,-4.6315789473684195,-1.684210526315788,-4.421052631578948,13.684210526315788,9.5,72333200,6.871654,D_小型(<50億),居家生活,otc,False,2,True,2025,<1000萬(極低),822,30+檔(全面性恐慌)
2025-04-08,4716,-9.722222222222221,2.4910897879394884,33632469.0,17075919.9,-9.846153846153848,2.153846153846173,4.923076923076919,-2.7692307692307683,1.846153846153853,16.25,94427191,15.3444185375,D_小型(<50億),化學工業,otc,False,2,False,2025,1000萬-5000萬,822,30+檔(全面性恐慌)
2025-04-08,4721,-9.98168498168499,2.0121226429979817,16939520.0,10630495.3,-9.969481180061035,-1.1190233977619424,5.1881993896236045,-0.4069175991861518,3.967446592065116,49.15,74986304,36.855768416,D_小型(<50億),化學工業,otc,False,2,True,2025,1000萬-5000萬,822,30+檔(全面性恐慌)
2025-04-08,4726,-9.925925925925927,3.355685939623667,25432304.0,9475784.2,-9.868421052631582,1.3157894736842257,6.25,-0.3289473684210509,4.7697368421052655,30.4,207041800,62.9407072,C_中小型(50-100億),生技醫療業,otc,False,2,True,2025,1000萬-5000萬,822,30+檔(全面性恐慌)
2025-04-08,4739,-9.999999999999998,2.790664109577855,25935363.0,11026253.5,-9.977324263038545,0.22675736961450532,4.87528344671202,-3.5147392290249546,-0.9070294784580435,44.1,124649269,54.970327629,C_中小型(50-100億),化學工業,sii,False,2,True,2025,1000萬-5000萬,822,30+檔(全面性恐慌)
2025-04-08,4741,-9.922480620155039,3.9147519104370274,1756075.0,533233.65,-9.982788296041312,-19.793459552495698,-9.46643717728055,-14.974182444061967,-10.843373493975905,29.05,34812079,10.112908949500001,D_小型(<50億),化學工業,otc,False,2,True,2025,<1000萬(極低),822,30+檔(全面性恐慌)
2025-04-08,4746,-9.983633387888712,3.2341782127050505,78986188.0,30034645.95,-9.999999999999998,3.2727272727272716,9.818181818181815,2.9090909090909056,11.090909090909085,55.0,120255963,66.14077965,C_中小型(50-100億),生技醫療業,sii,False,2,True,2025,5000萬-2億,822,30+檔(全面性恐慌)
2025-04-08,4760,-9.894736842105267,4.630382178127977,52495908.0,13746793.5,-9.813084112149529,2.686915887850483,10.981308411214963,7.3598130841121545,17.99065420560748,85.6,32218283,27.578850248,D_小型(<50億),其他電子業,otc,False,2,False,2025,5000萬-2億,822,30+檔(全面性恐慌)
2025-04-08,4906,-9.760589318600365,4.543257209376258,205094225.0,54570897.2,-8.163265306122447,2.448979591836742,9.591836734693882,6.530612244897971,8.979591836734691,24.5,436353471,106.906600395,B_中型(100-500億),通信網路業,sii,False,2,False,2025,>2億(高),822,30+檔(全面性恐慌)
2025-04-08,4919,-9.93197278911564,2.1083319943886956,190516045.0,116480217.85,-9.969788519637468,-0.9063444108761476,4.8338368580060465,-4.380664652567989,7.099697885196377,66.2,419765268,277.88460741600005,B_中型(100-500億),半導體業,sii,False,2,True,2025,5000萬-2億,822,30+檔(全面性恐慌)
2025-04-08,4923,-9.965635738831624,2.0215792702223165,3531757.0,2203468.1,-9.9236641221374,-0.7633587786259555,10.687022900763354,19.274809160305352,17.938931297709914,26.2,33890800,8.8793896,D_小型(<50億),半導體業,otc,False,2,True,2025,<1000萬(極低),822,30+檔(全面性恐慌)
2025-04-08,4934,-9.951690821256031,2.068799311983545,7439501.0,4715882.35,-9.978540772532185,-2.5751072961373467,10.51502145922747,10.51502145922747,11.051502145922743,9.32,225000000,20.97,D_小型(<50億),光電業,sii,False,2,True,2025,<1000萬(極低),822,30+檔(全面性恐慌)
2025-04-08,4935,-9.94708994708995,4.3317669026906165,19625507.0,5526448.65,-9.870740305522908,2.2326674500587673,5.287896592244423,-0.1175088131609825,4.582843713278506,42.55,128864091,54.83167072049999,C_中小型(50-100億),光電業,sii,False,2,True,2025,1000萬-5000萬,822,30+檔(全面性恐慌)
2025-04-08,4951,-9.9009900990099,11.330955918869376,125478931.0,12584336.05,-9.98168498168499,8.791208791208781,11.904761904761907,7.14285714285714,10.256410256410264,54.6,34148713,18.645197298,D_小型(<50億),半導體業,otc,False,2,True,2025,5000萬-2億,822,30+檔(全面性恐慌)
2025-04-08,4952,-9.905660377358483,3.1554096957489515,23380953.0,9190175.25,-9.947643979057597,6.020942408376961,9.685863874345536,1.308900523560208,6.806282722513068,38.2,108815816,41.567641712000004,D_小型(<50億),半導體業,sii,False,2,True,2025,1000萬-5000萬,822,30+檔(全面性恐慌)
2025-04-08,5011,-9.999999999999998,6.542844552940783,23330540.0,4218468.4,-9.80392156862745,-5.55555555555557,-1.9607843137254943,-11.111111111111116,-3.9215686274509887,15.3,100673922,15.403110066000002,D_小型(<50億),鋼鐵工業,otc,False,2,True,2025,1000萬-5000萬,822,30+檔(全面性恐慌)
2025-04-08,5211,-9.850107066381163,2.857831411974174,1672361.0,736170.5,-8.78859857482186,4.51306413301662,12.826603325415675,13.30166270783848,6.413301662707838,21.05,32024727,6.7412050335,D_小型(<50億),資訊服務業,otc,False,2,True,2025,<1000萬(極低),822,30+檔(全面性恐慌)
2025-04-08,5215,-9.561752988047811,5.365209733236084,9430664.0,2087954.4,-4.552129221732737,6.314243759177707,12.187958883994154,8.66372980910426,13.656387665198256,34.05,64337500,21.90691875,D_小型(<50億),電腦及週邊設備業,sii,False,2,False,2025,<1000萬(極低),822,30+檔(全面性恐慌)
2025-04-08,5230,-9.85576923076923,2.775608306099624,9189905.0,4132387.6,-9.86666666666668,3.733333333333322,8.799999999999986,7.200000000000006,11.20000000000001,18.75,55976730,10.495636875,D_小型(<50億),光電業,otc,False,2,True,2025,<1000萬(極低),822,30+檔(全面性恐慌)
2025-04-08,5234,-9.677419354838712,2.3240174407453305,359954772.0,202884252.5,-9.999999999999998,7.499999999999996,16.785714285714292,6.071428571428572,17.500000000000004,140.0,102715911,143.8022754,B_中型(100-500億),光電業,sii,False,2,False,2025,>2億(高),822,30+檔(全面性恐慌)
2025-04-08,5236,-9.92366412213741,3.042059181474729,56873815.0,23028120.2,-9.745762711864403,1.6949152542372836,8.05084745762712,1.6949152542372836,4.237288135593231,118.0,60004038,70.80476484,C_中小型(50-100億),半導體業,sii,False,2,True,2025,5000萬-2億,822,30+檔(全面性恐慌)
2025-04-08,5243,-9.903121636167922,2.1985919217566408,72478213.0,41595080.5,-9.916367980884111,-0.9557945041815952,5.854241338112298,-2.0310633213859064,5.973715651135003,41.85,168528915,70.5293509275,C_中小型(50-100億),光電業,sii,False,2,True,2025,5000萬-2億,822,30+檔(全面性恐慌)
2025-04-08,5263,-9.906152241918665,3.8346306767300113,88592034.0,28139815.55,0.578703703703698,10.532407407407396,11.226851851851837,6.481481481481466,16.319444444444443,86.4,73936891,63.881473824000004,C_中小型(50-100億),文化創意業,otc,False,2,True,2025,5000萬-2億,822,30+檔(全面性恐慌)
2025-04-08,5288,-9.87261146496815,2.2407679701108085,70484100.0,38753768.65,-9.893992932862194,2.1201413427561766,8.833922261484094,-1.7667844522968212,-0.7067137809187329,141.5,69698722,98.62369163,C_中小型(50-100億),電機機械,sii,False,2,True,2025,5000萬-2億,822,30+檔(全面性恐慌)
2025-04-08,5301,-9.689440993788834,2.963752320110502,804265.0,324727.45,-9.903713892709764,-4.676753782668497,-4.814305364511684,-18.707015130673998,-19.807427785419527,7.27,65890304,4.7902251008,D_小型(<50億),觀光餐旅,otc,False,2,False,2025,<1000萬(極低),822,30+檔(全面性恐慌)
2025-04-08,5302,-9.765142150803463,5.058862067775635,3906831.0,936657.5,-9.999999999999998,-5.205479452054796,4.383561643835621,-4.109589041095885,4.93150684931507,7.3,159888349,11.671849477,D_小型(<50億),半導體業,otc,False,2,False,2025,<1000萬(極低),822,30+檔(全面性恐慌)
2025-04-08,5306,-9.999999999999998,3.5094955851636134,57275054.0,20307517.95,-9.912854030501084,-3.05010893246187,3.9215686274509887,-0.5446623093681935,1.3071895424836555,91.8,126000772,115.66870869600001,B_中型(100-500億),運動休閒,sii,False,2,True,2025,5000萬-2億,822,30+檔(全面性恐慌)
2025-04-08,5344,-9.756097560975608,4.269413817383854,1956212.0,555983.2,-9.652509652509655,-6.949806949806936,0.38610038610038533,-3.474903474903468,2.7027027027027195,12.95,79447460,10.28844607,D_小型(<50億),半導體業,otc,False,2,True,2025,<1000萬(極低),822,30+檔(全面性恐慌)
2025-04-08,5353,-9.833024118738399,5.856995600152405,14498754.0,2955166.85,-8.64197530864198,2.0576131687242816,9.4650205761317,-0.6172839506172978,8.64197530864197,24.3,75765000,18.410895,D_小型(<50億),通信網路業,otc,False,2,True,2025,1000萬-5000萬,822,30+檔(全面性恐慌)
2025-04-08,5355,-10.000000000000009,2.0151089786126284,1601139.0,961319.1,-9.999999999999998,-3.0864197530864224,4.938271604938271,-1.3580246913580174,7.283950617283952,8.1,166122792,13.455946152000001,D_小型(<50億),電子零組件業,otc,False,2,True,2025,<1000萬(極低),822,30+檔(全面性恐慌)
2025-04-08,5386,-9.904153354632594,2.158894652174996,16881602.0,9679276.9,-9.9290780141844,1.2411347517730542,8.510638297872353,3.546099290780136,14.539007092198574,56.4,36080881,20.349616884,D_小型(<50億),電腦及週邊設備業,otc,False,2,True,2025,1000萬-5000萬,822,30+檔(全面性恐慌)
2025-04-08,5450,-9.740259740259738,3.787770202689292,2698629.0,878239.45,-9.712230215827333,0.0,8.633093525179847,5.755395683453224,14.388489208633093,13.9,122403239,17.014050221,D_小型(<50億),其他,otc,False,2,True,2025,<1000萬(極低),822,30+檔(全面性恐慌)
2025-04-08,5455,-9.824561403508781,2.5505107292738933,1554126.0,768571.15,-9.987029831387794,-2.075226977950706,-2.7237354085603016,-5.317769130998695,,38.55,65501813,25.250948911499997,D_小型(<50億),建材營造,otc,False,2,False,2025,<1000萬(極低),822,30+檔(全面性恐慌)
2025-04-08,5464,-9.799554565701552,5.615996898511043,2838177.0,590172.7,0.7407407407407307,6.666666666666665,12.34567901234569,10.123456790123452,12.83950617283951,20.25,71071490,14.391976725,D_小型(<50億),電子零組件業,otc,False,2,True,2025,<1000萬(極低),822,30+檔(全面性恐慌)
2025-04-08,5483,-9.999999999999998,2.320298050235086,772103125.0,418448668.3,-8.994708994709,8.994708994709,10.052910052910047,8.465608465608465,12.698412698412698,94.5,641221651,605.954460195,A_大型(>=500億),半導體業,otc,False,2,True,2025,>2億(高),822,30+檔(全面性恐慌)
2025-04-08,5488,-10.000000000000009,4.099698108267668,10312841.0,3172779.75,-9.999999999999998,-0.8641975308641969,7.283950617283952,1.2345679012345734,9.259259259259256,8.1,91586124,7.418476044,D_小型(<50億),電子零組件業,otc,False,2,True,2025,1000萬-5000萬,822,30+檔(全面性恐慌)
2025-04-08,5490,-9.905660377358483,3.700998989536334,9650616.0,3181868.4,-8.638743455497389,1.5706806282722363,6.282722513089012,17.801047120418833,40.83769633507852,19.1,96152201,18.365070391,D_小型(<50億),電腦及週邊設備業,otc,False,2,True,2025,<1000萬(極低),822,30+檔(全面性恐慌)
2025-04-08,5498,-10.000000000000009,3.332894073644258,10061109.0,3707085.25,-9.999999999999998,-1.2345679012345623,9.259259259259256,5.555555555555558,10.000000000000009,8.1,193548545,15.677432145,D_小型(<50億),電子零組件業,otc,False,2,True,2025,1000萬-5000萬,822,30+檔(全面性恐慌)
2025-04-08,5864,-9.689922480620151,5.997606560628818,58549814.0,11698813.2,-5.150214592274671,2.5751072961373245,9.012875536480669,6.008583690987113,8.58369098712446,11.65,454495572,52.948734138,C_中小型(50-100億),金融業,otc,False,2,True,2025,5000萬-2億,822,30+檔(全面性恐慌)
2025-04-08,6116,-9.93006993006993,3.685048432469917,93393830.0,30821690.75,-9.472049689440997,5.745341614906829,11.024844720496896,7.14285714285714,14.130434782608692,6.44,2858654851,184.09737240440003,B_中型(100-500億),光電業,sii,False,2,True,2025,5000萬-2億,822,30+檔(全面性恐慌)
2025-04-08,6120,-9.865470852017932,2.2145294264109965,24671635.0,14314276.25,-9.950248756218905,-1.3930348258706537,4.477611940298498,-0.7960199004975133,10.945273631840791,10.05,598999602,60.199460001000006,C_中小型(50-100億),光電業,sii,False,2,True,2025,1000萬-5000萬,822,30+檔(全面性恐慌)
2025-04-08,6122,-9.952606635071092,3.9868711006633983,51973691.0,16231171.05,0.6578947368421018,14.605263157894722,18.026315789473692,10.789473684210527,31.447368421052644,38.0,78091632,29.67482016,D_小型(<50億),電機機械,otc,False,2,True,2025,5000萬-2億,822,30+檔(全面性恐慌)
2025-04-08,6124,-9.941520467836252,2.1154456981529726,1797727.0,1042405.7,-9.956709956709965,1.7316017316017174,7.14285714285714,0.21645021645020357,14.28571428571428,23.1,182479945,42.15286729500001,D_小型(<50億),電子零組件業,otc,False,2,True,2025,<1000萬(極低),822,30+檔(全面性恐慌)
2025-04-08,6126,-9.80392156862745,4.862385255733098,35407785.0,8840018.75,-9.903381642512077,0.24154589371980784,10.6280193236715,6.2801932367149815,12.801932367149771,20.7,129770908,26.862577956,D_小型(<50億),電子零組件業,otc,False,2,True,2025,1000萬-5000萬,822,30+檔(全面性恐慌)
2025-04-08,6129,-9.638554216867467,2.0364194255952124,6429129.0,4067008.7,-9.777777777777775,-0.8888888888888835,7.55555555555556,1.777777777777767,4.444444444444451,11.25,180943675,20.3561634375,D_小型(<50億),半導體業,otc,False,2,True,2025,<1000萬(極低),822,30+檔(全面性恐慌)
2025-04-08,6142,-9.956236323851208,2.8185717554260687,13328553.0,5981272.15,-9.963547995139733,1.5795868772782384,8.14094775212637,2.1871202916160293,5.346294046172528,8.23,330779215,27.223129394500003,D_小型(<50億),通信網路業,sii,False,2,True,2025,1000萬-5000萬,822,30+檔(全面性恐慌)
2025-04-08,6152,-9.947089947089937,2.1155072829111123,9764022.0,5882109.25,-9.518213866039948,-0.1175088131609825,10.223266745005887,2.350176263219761,13.396004700352538,8.51,167738463,14.274543201299998,D_小型(<50億),通信網路業,sii,False,2,True,2025,<1000萬(極低),822,30+檔(全面性恐慌)
2025-04-08,6153,-9.677419354838722,2.228325765516545,41165995.0,22785626.45,-9.82142857142857,-0.8928571428571397,6.25,-2.678571428571419,4.464285714285721,11.2,636177694,71.25190172799999,C_中小型(50-100億),電子零組件業,sii,False,2,True,2025,1000萬-5000萬,822,30+檔(全面性恐慌)
2025-04-08,6155,-9.790209790209781,5.306622249228767,16759569.0,3815003.15,-8.010335917312661,3.875968992248069,8.010335917312638,4.909560723514206,12.919896640826867,19.35,88023988,17.032641678,D_小型(<50億),電子零組件業,sii,False,2,True,2025,1000萬-5000萬,822,30+檔(全面性恐慌)
2025-04-08,6158,-9.937888198757761,3.002930225875754,5909579.0,2342947.45,-9.885057471264357,-3.218390804597693,3.67816091954023,2.0689655172413834,6.20689655172415,21.75,55698288,12.11437764,D_小型(<50億),電子零組件業,otc,False,2,True,2025,<1000萬(極低),822,30+檔(全面性恐慌)
2025-04-08,6167,-9.663865546218487,3.135800986887747,5960904.0,2343828.8,-9.953488372093023,-5.581395348837203,-3.7209302325581395,-6.04651162790698,8.837209302325565,10.75,146000000,15.695,D_小型(<50億),光電業,otc,False,2,True,2025,<1000萬(極低),822,30+檔(全面性恐慌)
2025-04-08,6173,-9.986320109439117,2.052925978273912,17337225.0,10574994.8,-9.878419452887544,-0.6079027355622935,8.358662613981771,-0.3039513677811634,7.902735562310026,32.9,171200000,56.3248,C_中小型(50-100億),電子零組件業,otc,False,2,True,2025,1000萬-5000萬,822,30+檔(全面性恐慌)
2025-04-08,6194,-9.9290780141844,3.162617391972461,15464186.0,5721430.8,-9.921259842519682,1.4173228346456845,5.1968503937007915,2.0472440944881765,9.291338582677167,31.75,48000000,15.24,D_小型(<50億),電子零組件業,otc,False,2,True,2025,1000萬-5000萬,822,30+檔(全面性恐慌)
2025-04-08,6197,-9.92063492063492,2.170381789005396,249332413.0,132706609.25,-9.691629955947134,4.405286343612325,8.370044052863435,0.0,14.977973568281943,113.5,122085882,138.56747607,B_中型(100-500億),電子零組件業,sii,False,2,True,2025,>2億(高),822,30+檔(全面性恐慌)
2025-04-08,6204,-9.98080614203456,2.8875250267124493,10453944.0,4775481.85,-9.914712153518124,-7.036247334754798,2.558635394456288,10.874200426439229,37.73987206823026,46.9,23102080,10.83487552,D_小型(<50億),電子零組件業,otc,False,2,True,2025,1000萬-5000萬,822,30+檔(全面性恐慌)
2025-04-08,6224,-9.98877665544331,3.2342375443881894,29329772.0,11287726.0,-5.985037406483784,-0.6234413965087282,5.860349127182052,-0.12468827930175452,3.990024937655856,40.1,85645361,34.343789761,D_小型(<50億),電子零組件業,sii,False,2,True,2025,1000萬-5000萬,822,30+檔(全面性恐慌)
2025-04-08,6226,-9.728183118741063,2.4305704060334823,2200101.0,1143495.15,-8.082408874801894,2.0602218700475516,12.995245641838359,13.94611727416799,15.372424722662448,6.31,115534789,7.290245185899999,D_小型(<50億),光電業,sii,False,2,False,2025,<1000萬(極低),822,30+檔(全面性恐慌)
2025-04-08,6229,-9.97830802603037,2.037308871115975,4951277.0,3174924.7,-9.879518072289162,-1.6867469879518149,11.566265060240966,7.2289156626506035,25.542168674698807,20.75,40360700,8.37484525,D_小型(<50億),半導體業,otc,False,2,True,2025,<1000萬(極低),822,30+檔(全面性恐慌)
2025-04-08,6246,-9.824561403508769,2.70226991309178,2432159.0,1047092.35,-9.727626459143968,-7.392996108949412,0.0,-0.38910505836574627,7.78210116731517,12.85,37851415,4.8639068275,D_小型(<50億),光電業,otc,False,2,True,2025,<1000萬(極低),822,30+檔(全面性恐慌)
2025-04-08,6270,-9.999999999999998,4.091757030797865,9350743.0,2723403.95,-9.819121447028433,2.8423772609818876,12.4031007751938,10.077519379844958,20.41343669250646,19.35,72145759,13.960204366500001,D_小型(<50億),電子通路業,otc,False,2,True,2025,<1000萬(極低),822,30+檔(全面性恐慌)
2025-04-08,6284,-9.887005649717517,2.2278061817147115,108972321.0,60038914.55,-9.874608150470209,0.15673981191222097,6.112852664576818,-3.4482758620689613,7.053291536050166,63.8,148980341,95.04945755799999,C_中小型(50-100億),電子零組件業,otc,False,2,True,2025,5000萬-2億,822,30+檔(全面性恐慌)
2025-04-08,6405,-9.832635983263593,2.1293722435422073,13514693.0,8167711.7,-9.976798143851518,-2.784222737819031,3.944315545243615,0.23201856148491462,13.921113689095122,21.55,65800000,14.1799,D_小型(<50億),光電業,sii,False,2,True,2025,1000萬-5000萬,822,30+檔(全面性恐慌)
2025-04-08,6411,-9.537166900420758,5.413547226266212,54533708.0,11936575.35,-9.922480620155039,4.651162790697683,9.76744186046512,5.4263565891472965,15.503875968992254,64.5,99497331,64.175778495,C_中小型(50-100億),半導體業,otc,False,2,False,2025,5000萬-2億,822,30+檔(全面性恐慌)
2025-04-08,6412,-9.950738916256153,2.065688600139351,136376452.0,83946574.2,-7.002188183807445,7.877461706783362,14.879649890590807,5.142231947483578,8.86214442013129,91.4,400769126,366.302981164,B_中型(100-500億),電子零組件業,sii,False,2,True,2025,5000萬-2億,822,30+檔(全面性恐慌)
2025-04-08,6423,-9.950248756218905,3.691070083079302,10973935.0,3563657.55,-9.944751381215477,0.0,1.933701657458542,10.220994475138113,1.5193370165745845,72.4,31016000,22.455584,D_小型(<50億),半導體業,otc,False,2,True,2025,1000萬-5000萬,822,30+檔(全面性恐慌)
2025-04-08,6441,-10.000000000000009,2.536745168131054,3201819.0,1618930.45,-9.941520467836252,-7.602339181286544,-5.263157894736836,-13.450292397660812,17.543859649122815,25.65,53318429,13.676177038499999,D_小型(<50億),電腦及週邊設備業,otc,False,2,True,2025,<1000萬(極低),822,30+檔(全面性恐慌)
2025-04-08,6456,-9.988649262202042,2.774033044518614,47786113.0,21393254.45,-9.962168978562413,-2.2698612862547263,5.926860025220693,5.548549810844894,19.41992433795714,39.65,337939800,133.9931307,B_中型(100-500億),光電業,sii,False,2,True,2025,1000萬-5000萬,822,30+檔(全面性恐慌)
2025-04-08,6461,-9.62962962962962,3.4430577171024312,5700301.0,2008847.25,-9.289617486338797,-0.819672131147553,3.825136612021862,-5.464480874316935,-1.9125683060109422,18.3,178351761,32.638372263,D_小型(<50億),生技醫療業,otc,False,2,False,2025,<1000萬(極低),822,30+檔(全面性恐慌)
2025-04-08,6492,-9.971509971509974,4.243645349959133,27009567.0,7729277.1,-8.544303797468366,3.164556962025311,6.012658227848089,-1.1075949367088667,1.1075949367088445,31.6,89903620,28.40954392,D_小型(<50億),生技醫療業,otc,False,2,True,2025,1000萬-5000萬,822,30+檔(全面性恐慌)
2025-04-08,6494,-9.913258983890948,3.9044345982778172,6713985.0,2083723.9,-9.903713892709764,2.888583218706997,11.554332874828056,5.226960110041268,9.766162310866576,36.35,31559690,11.471947315,D_小型(<50億),半導體業,otc,False,2,True,2025,<1000萬(極低),822,30+檔(全面性恐慌)
2025-04-08,6504,-9.981343283582088,2.4186285711432567,7062259.0,3660151.5,-9.948186528497406,3.3160621761658016,11.088082901554408,5.9067357512953444,17.098445595854916,48.25,72600000,35.0295,D_小型(<50億),其他,sii,False,2,True,2025,<1000萬(極低),822,30+檔(全面性恐慌)
2025-04-08,6526,-9.961685823754785,3.275517114995992,510860705.0,191005527.9,-9.999999999999998,2.3404255319148914,7.87234042553191,-0.42553191489361764,3.404255319148941,470.0,167505554,787.2761038,A_大型(>=500億),半導體業,sii,False,2,True,2025,>2億(高),822,30+檔(全面性恐慌)
2025-04-08,6532,-9.968847352024934,3.5505809218047473,28152434.0,9277468.65,-9.861591695501726,0.519031141868509,6.747404844290661,-2.249134948096876,4.844290657439454,57.8,37445147,21.643294966,D_小型(<50億),半導體業,otc,False,2,True,2025,1000萬-5000萬,822,30+檔(全面性恐慌)
2025-04-08,6550,-9.999999999999998,2.967927532565567,51673829.0,23369804.9,-9.914529914529913,3.9316239316239177,13.846153846153841,28.205128205128215,50.427350427350426,29.25,894792688,261.72686124,B_中型(100-500億),生技醫療業,sii,False,2,True,2025,5000萬-2億,822,30+檔(全面性恐慌)
2025-04-08,6552,-9.71731448763251,4.377087904299185,8901213.0,2496251.5,-9.980430528375738,-4.500978473581219,4.3052837573385405,-2.3483365949119483,4.500978473581219,25.55,83000000,21.2065,D_小型(<50億),半導體業,sii,False,2,False,2025,<1000萬(極低),822,30+檔(全面性恐慌)
2025-04-08,6556,-9.947643979057597,7.531921556718593,5460522.0,821795.45,-9.883720930232553,3.197674418604657,8.284883720930235,,,68.8,28750000,19.78,D_小型(<50億),光電業,otc,False,2,True,2025,<1000萬(極低),822,30+檔(全面性恐慌)
2025-04-08,6560,-9.81481481481481,2.3766656196930414,1637675.0,841513.5,-9.856262833675578,8.82956878850103,27.515400410677614,31.416837782340856,38.398357289527716,24.35,32474715,7.9075931025,D_小型(<50億),光電業,otc,False,2,False,2025,<1000萬(極低),822,30+檔(全面性恐慌)
2025-04-08,6573,-9.787234042553195,2.736899719908801,2453114.0,1063649.25,-5.754716981132068,3.7735849056603765,12.735849056603765,3.301886792452824,3.7735849056603765,10.6,80499345,8.53293057,D_小型(<50億),半導體業,sii,False,2,True,2025,<1000萬(極低),822,30+檔(全面性恐慌)
2025-04-08,6576,-9.971910112359561,2.6262989699090755,37800562.0,17896224.3,-9.672386895475816,0.46801872074884177,2.9641185647425905,-1.0920436817472678,3.588143525741039,64.1,157540541,100.98348678099998,B_中型(100-500億),生技醫療業,otc,False,2,True,2025,1000萬-5000萬,822,30+檔(全面性恐慌)
2025-04-08,6589,-9.861325115562414,5.097199412466791,95674626.0,22533241.9,-9.914529914529913,3.418803418803429,8.547008547008538,4.2735042735042805,3.9316239316239177,58.5,306871174,179.51963679,B_中型(100-500億),生技醫療業,sii,False,2,True,2025,5000萬-2億,822,30+檔(全面性恐慌)
2025-04-08,6612,-10.000000000000009,3.2024556140087923,26234636.0,10072873.5,-7.135575942915395,10.091743119266061,9.582059123343534,7.543323139653424,12.640163098878698,98.1,47514584,46.611806904,D_小型(<50億),生技醫療業,otc,False,2,True,2025,1000萬-5000萬,822,30+檔(全面性恐慌)
2025-04-08,6613,-9.677419354838712,3.368729807973958,170449898.0,64179114.8,-7.467532467532467,1.6233766233766156,5.844155844155852,-1.2987012987012991,10.71428571428572,154.0,77801485,119.8142869,B_中型(100-500億),其他電子業,otc,False,2,False,2025,5000萬-2億,822,30+檔(全面性恐慌)
2025-04-08,6616,-9.514563106796114,5.463047136648573,2160376.0,458495.7,-0.10729613733905241,9.4420600858369,8.905579399141628,6.330472103004281,11.587982832618016,9.32,35478473,3.3065936836,D_小型(<50億),居家生活,otc,False,2,False,2025,<1000萬(極低),822,30+檔(全面性恐慌)
2025-04-08,6674,-9.788359788359779,3.423254904118298,1448100.0,521200.5,-9.97067448680352,-3.2258064516129115,-0.5865102639296293,0.8797653958944274,33.724340175953074,17.05,68550659,11.687887359500001,D_小型(<50億),通信網路業,sii,False,2,True,2025,<1000萬(極低),822,30+檔(全面性恐慌)
2025-04-08,6679,-9.85324947589099,3.17261421731975,136346042.0,52680024.15,-9.999999999999998,-9.76744186046512,1.1627906976744207,-7.20930232558139,-4.1860465116279055,215.0,54975335,118.19697025,B_中型(100-500億),半導體業,otc,False,2,True,2025,5000萬-2億,822,30+檔(全面性恐慌)
2025-04-08,6689,-9.964412811387891,2.20005561415136,75935250.0,43298552.95,-7.64163372859027,6.587615283267456,15.019762845849783,6.8511198945981455,15.546772068511183,75.9,68000000,51.612,C_中小型(50-100億),數位雲端,sii,False,2,True,2025,5000萬-2億,822,30+檔(全面性恐慌)
2025-04-08,6708,-9.965635738831624,2.5564306787928466,2726881.0,1306001.9,-5.9796437659032975,-0.5089058524172962,2.926208651399498,-0.7633587786259444,-0.7633587786259444,39.3,29008779,11.400450146999997,D_小型(<50億),半導體業,otc,False,2,True,2025,<1000萬(極低),822,30+檔(全面性恐慌)
2025-04-08,6715,-9.677419354838712,2.5377351335712373,35472198.0,16374378.05,-9.82142857142857,0.44642857142858094,7.14285714285714,0.0,8.03571428571428,112.0,67114944,75.16873728,C_中小型(50-100億),電子零組件業,sii,False,2,True,2025,1000萬-5000萬,822,30+檔(全面性恐慌)
2025-04-08,6733,-9.807355516637484,3.3079490675336873,10549840.0,3847386.7,-9.902912621359228,-0.7766990291262155,3.106796116504862,2.1359223300970953,10.679611650485432,25.75,134316026,34.586376695,D_小型(<50億),生技醫療業,otc,False,2,False,2025,1000萬-5000萬,822,30+檔(全面性恐慌)
2025-04-08,6735,-9.999999999999998,2.376768886023882,7039121.0,3958823.45,-9.9009900990099,-3.0803080308030917,-1.2101210121012174,-5.610561056105623,1.4301430143014215,45.45,46182292,20.989851714,D_小型(<50億),其他電子業,otc,False,2,True,2025,<1000萬(極低),822,30+檔(全面性恐慌)
2025-04-08,6743,-9.999999999999998,2.4220043420099366,15386543.0,8001592.35,-9.98389694041868,-4.99194847020934,5.636070853462138,-4.669887278582929,0.16103059581320522,31.05,150000000,46.575,D_小型(<50億),其他電子業,sii,False,2,True,2025,1000萬-5000萬,822,30+檔(全面性恐慌)
2025-04-08,6751,-9.60929250263992,2.566019885167713,2527608.0,1237143.8,-7.943925233644855,1.1682242990654235,13.31775700934581,6.308411214953269,9.81308411214954,42.8,22200000,9.501599999999998,D_小型(<50億),資訊服務業,otc,False,2,False,2025,<1000萬(極低),822,30+檔(全面性恐慌)
2025-04-08,6782,-9.9009900990099,2.651024520487669,109261976.0,51313400.6,-8.791208791208794,7.326007326007322,16.117216117216127,8.424908424908416,19.413919413919412,136.5,63000000,85.995,C_中小型(50-100億),生技醫療業,sii,False,2,True,2025,5000萬-2億,822,30+檔(全面性恐慌)
2025-04-08,6788,-9.826589595375722,2.0021573512176603,109951609.0,71231729.9,-9.935897435897434,7.692307692307687,14.102564102564097,4.487179487179493,16.025641025641036,156.0,38739683,60.43390548,C_中小型(50-100億),半導體業,otc,False,2,True,2025,5000萬-2億,822,30+檔(全面性恐慌)
2025-04-08,6789,-9.999999999999998,2.1625131218683866,440031736.0,264748198.0,-9.756097560975608,2.4390243902439046,9.485094850948506,0.27100271002709064,11.65311653116532,184.5,318299119,587.261874555,A_大型(>=500億),半導體業,sii,False,2,True,2025,>2億(高),822,30+檔(全面性恐慌)
2025-04-08,6792,-9.909909909909908,2.1359828828106404,4237843.0,2462895.5,-6.999999999999995,-1.0999999999999899,2.0000000000000018,-2.0999999999999908,7.800000000000007,50.0,47875325,23.9376625,D_小型(<50億),通信網路業,sii,False,2,False,2025,<1000萬(極低),822,30+檔(全面性恐慌)
2025-04-08,6804,-9.836065573770492,3.025786537708553,1316683.0,522339.4,-9.999999999999998,-1.1363636363636354,5.000000000000004,2.7272727272727337,9.999999999999986,22.0,47500000,10.45,D_小型(<50億),運動休閒,otc,False,2,True,2025,<1000萬(極低),822,30+檔(全面性恐慌)
2025-04-08,6811,-9.790209790209792,2.510068321091913,64213683.0,32152438.55,-7.751937984496127,3.3591731266149782,12.919896640826867,1.8087855297157729,28.42377260981912,193.5,41449000,80.203815,C_中小型(50-100億),數位雲端,otc,False,2,True,2025,5000萬-2億,822,30+檔(全面性恐慌)
2025-04-08,6821,-9.873060648801136,2.912136007126168,4845715.0,1992744.45,-9.859154929577462,0.7824726134585402,13.458528951486691,10.641627543035991,38.65414710485133,31.95,31858507,10.1787929865,D_小型(<50億),電子零組件業,otc,False,2,True,2025,<1000萬(極低),822,30+檔(全面性恐慌)
2025-04-08,6859,-9.937888198757761,4.734911798267593,147830406.0,37162924.45,-9.999999999999998,-7.241379310344831,-2.4137931034482807,-8.965517241379306,0.34482758620688614,145.0,41588600,60.30347,C_中小型(50-100億),光電業,otc,False,2,True,2025,5000萬-2億,822,30+檔(全面性恐慌)
2025-04-08,6861,-9.999999999999998,5.190616426722859,16605038.0,3945328.6,-9.912854030501084,-1.089324618736387,6.318082788671031,-0.9803921568627305,6.100217864923763,45.9,41599250,19.09405575,D_小型(<50億),生技醫療業,sii,False,2,True,2025,1000萬-5000萬,822,30+檔(全面性恐慌)
2025-04-08,6862,-9.963099630996307,2.4334588630622065,19567107.0,9959972.35,-9.836065573770492,-1.6393442622950838,2.4590163934426146,-5.327868852459017,13.934426229508201,122.0,50000000,61.0,C_中小型(50-100億),電子零組件業,sii,False,2,True,2025,1000萬-5000萬,822,30+檔(全面性恐慌)
2025-04-08,6901,-9.979633401221989,2.7714949307087067,38167682.0,17480434.25,-9.954751131221728,-3.6199095022624417,2.941176470588225,-4.524886877828049,1.8099547511312153,22.1,852860000,188.48206,B_中型(100-500億),其他,sii,False,2,True,2025,1000萬-5000萬,822,30+檔(全面性恐慌)
2025-04-08,6903,-9.719626168224305,3.2074251730260537,27426346.0,10689950.45,-9.316770186335399,0.5175983436852993,5.072463768115942,-3.002070393374734,6.62525879917184,96.6,66676000,64.409016,C_中小型(50-100億),其他電子業,otc,False,2,False,2025,1000萬-5000萬,822,30+檔(全面性恐慌)
2025-04-08,6913,-9.829059829059828,2.347275012358293,48827951.0,26679077.7,-9.952606635071092,-11.279620853080575,0.0,-1.8957345971563955,2.369668246445489,105.5,43848863,46.260550465,D_小型(<50億),電子零組件業,otc,False,2,True,2025,1000萬-5000萬,822,30+檔(全面性恐慌)
2025-04-08,6953,-9.831460674157299,2.3763281110304133,8668547.0,4551034.15,-9.968847352024923,0.6230529595015577,3.4267912772585563,,4.049844236760114,160.5,30014600,48.173433,D_小型(<50億),半導體業,otc,False,2,True,2025,<1000萬(極低),822,30+檔(全面性恐慌)
2025-04-08,6982,-9.980430528375738,2.5194061333215774,13707580.0,6938715.7,-8.369565217391306,3.4782608695652195,11.52173913043477,-1.9565217391304346,2.1739130434782705,46.0,40749145,18.7446067,D_小型(<50億),電機機械,otc,False,2,True,2025,1000萬-5000萬,822,30+檔(全面性恐慌)
2025-04-08,6996,-9.883720930232553,2.881538594819371,39080216.0,17040424.95,-8.709677419354833,6.451612903225801,15.161290322580644,10.967741935483865,3.2258064516129004,155.0,41997833,65.09664115,C_中小型(50-100億),半導體業,otc,False,2,True,2025,1000萬-5000萬,822,30+檔(全面性恐慌)
2025-04-08,7704,-9.982174688057043,2.820752316419648,4700005.0,2160861.35,-9.999999999999998,-3.3663366336633693,8.118811881188126,14.653465346534645,16.237623762376252,50.5,33769804,17.05375102,D_小型(<50億),半導體業,otc,False,2,True,2025,<1000萬(極低),822,30+檔(全面性恐慌)
2025-04-08,8034,-9.909909909909898,3.146475731884324,7256629.0,2857626.95,-9.999999999999998,1.6666666666666607,9.000000000000007,2.3333333333333206,7.999999999999985,15.0,56586353,8.48795295,D_小型(<50億),通信網路業,otc,False,2,True,2025,<1000萬(極低),822,30+檔(全面性恐慌)
2025-04-08,8040,-9.999999999999998,2.8417096768979913,33730913.0,14599875.15,-9.999999999999998,-4.074074074074074,0.7407407407407307,-8.333333333333337,7.222222222222219,54.0,96413874,52.06349196,C_中小型(50-100億),半導體業,otc,False,2,True,2025,1000萬-5000萬,822,30+檔(全面性恐慌)
2025-04-08,8043,-9.92063492063492,3.4042739315556134,25104746.0,9457565.4,-9.911894273127754,1.3215859030837107,8.370044052863456,2.643171806167399,9.911894273127754,22.7,79907170,18.13892759,D_小型(<50億),電子零組件業,otc,False,2,True,2025,1000萬-5000萬,822,30+檔(全面性恐慌)
2025-04-08,8084,-9.905660377358483,3.141712945510186,13676301.0,5482103.5,-9.947643979057597,-4.450261780104714,1.4397905759162333,-5.235602094240832,-3.5340314136125706,38.2,69514149,26.554404918000003,D_小型(<50億),電子通路業,otc,False,2,True,2025,1000萬-5000萬,822,30+檔(全面性恐慌)
2025-04-08,8101,-9.941520467836263,2.1392354193564938,783134.0,451492.6,-9.740259740259738,5.1948051948051965,6.168831168831179,4.545454545454541,-4.2207792207792245,15.4,52166216,8.033597263999999,D_小型(<50億),通信網路業,sii,False,2,True,2025,<1000萬(極低),822,30+檔(全面性恐慌)
2025-04-08,8103,-9.905660377358483,2.4192344098794907,77046579.0,40888646.1,-9.947643979057597,2.486910994764391,9.293193717277482,5.366492146596857,23.821989528795797,38.2,78436671,29.962808322000004,D_小型(<50億),電子零組件業,sii,False,2,True,2025,5000萬-2億,822,30+檔(全面性恐慌)
2025-04-08,8105,-9.917355371900815,3.4555635114725893,38339095.0,13524440.25,-9.999999999999998,0.4587155963302614,11.926605504587151,10.550458715596323,21.100917431192645,10.9,441544851,48.128388759,D_小型(<50億),光電業,sii,False,2,True,2025,1000萬-5000萬,822,30+檔(全面性恐慌)
2025-04-08,8150,-9.904761904761905,2.31237714245942,104974273.0,56441616.95,-9.936575052854113,8.456659619450324,9.936575052854124,4.439746300211422,10.782241014799165,23.65,704523126,166.619719299,B_中型(100-500億),半導體業,sii,False,2,True,2025,5000萬-2億,822,30+檔(全面性恐慌)
2025-04-08,8183,-9.954058192955594,2.649352681319886,14215428.0,6702010.65,-9.863945578231291,0.8503401360544283,6.632653061224492,-0.6802721088435382,-4.421768707482987,29.4,121251068,35.647813991999996,D_小型(<50億),其他電子業,otc,False,2,True,2025,1000萬-5000萬,822,30+檔(全面性恐慌)
2025-04-08,8215,-9.829059829059815,2.6930703781985112,19021453.0,8880544.9,-8.293838862559245,5.687203791469186,12.559241706161139,6.3981042654028375,11.137440758293838,21.1,320674514,67.662322454,C_中小型(50-100億),光電業,sii,False,2,True,2025,1000萬-5000萬,822,30+檔(全面性恐慌)
2025-04-08,8255,-9.765625,2.4372148697109264,66475164.0,34187308.75,-9.956709956709952,0.43290043290042934,13.41991341991342,4.761904761904767,6.493506493506485,115.5,101797480,117.5760894,B_中型(100-500億),電機機械,otc,False,2,True,2025,5000萬-2億,822,30+檔(全面性恐慌)
2025-04-08,8289,-9.80392156862745,5.430028473271827,6588655.0,1479546.35,-9.782608695652161,-1.90217391304347,4.619565217391308,1.6304347826086918,8.15217391304348,18.4,68333765,12.57341276,D_小型(<50億),電子零組件業,otc,False,2,True,2025,<1000萬(極低),822,30+檔(全面性恐慌)
2025-04-08,8440,-9.871244635193143,2.382762764282536,12178896.0,6268417.8,-9.999999999999998,1.2698412698412653,8.571428571428585,7.619047619047614,21.42857142857142,31.5,50255299,15.830419185,D_小型(<50億),綠能環保,otc,False,2,True,2025,1000萬-5000萬,822,30+檔(全面性恐慌)
2025-04-08,8478,-9.87261146496815,2.3123519160889905,59898831.0,31542780.85,-9.893992932862194,-0.35335689045936647,6.0070671378091856,-6.7137809187279185,0.35335689045936647,141.5,93972276,132.97077054,B_中型(100-500億),運動休閒,sii,False,2,True,2025,5000萬-2億,822,30+檔(全面性恐慌)
2025-04-08,8482,-9.98685939553219,2.342566541058323,35469960.0,20103568.9,-7.153284671532845,-3.50364963503651,5.401459854014612,-2.1897810218978075,-6.86131386861314,68.5,107444000,73.59914,C_中小型(50-100億),居家生活,sii,False,2,True,2025,1000萬-5000萬,822,30+檔(全面性恐慌)
2025-04-08,8906,-9.893992932862194,8.088426990369939,11032565.0,1562639.75,-9.999999999999998,-4.117647058823537,-1.5686274509803866,-5.098039215686279,14.117647058823547,25.5,44037370,11.22952935,D_小型(<50億),其他,otc,False,2,True,2025,1000萬-5000萬,822,30+檔(全面性恐慌)
2025-04-08,8932,-9.55555555555555,2.05919448616363,112090492.0,65218632.7,-4.668304668304679,7.002457002456985,10.073710073710052,6.511056511056501,16.70761670761669,81.4,357963284,291.382113176,B_中型(100-500億),數位雲端,otc,False,2,False,2025,5000萬-2億,822,30+檔(全面性恐慌)
2025-04-08,8933,-9.931034482758616,4.165847443929987,5019332.0,1471614.95,-9.954058192955594,1.6845329249617125,7.963246554364467,2.9096477794793074,5.97243491577335,6.53,326724305,21.335097116500002,D_小型(<50億),運動休閒,otc,False,2,True,2025,<1000萬(極低),822,30+檔(全面性恐慌)
2025-04-08,8942,-9.999999999999998,7.074032154899408,88891112.0,14499653.35,-5.136268343815519,3.3542976939203273,3.98322851153039,-0.10482180293501786,6.498951781970641,47.7,198842255,94.847755635,C_中小型(50-100億),其他,otc,False,2,True,2025,5000萬-2億,822,30+檔(全面性恐慌)
2025-04-08,9902,-9.81132075471699,5.904749422886083,9057860.0,1828224.65,-9.623430962343082,4.184100418410042,9.623430962343104,5.020920502092063,29.707112970711314,11.95,98049600,11.7169272,D_小型(<50億),其他,sii,False,2,True,2025,<1000萬(極低),822,30+檔(全面性恐慌)
2025-04-08,9904,-9.921259842519682,2.453246617003715,858502348.0,427041513.9,-5.944055944055949,5.944055944055937,10.314685314685313,6.818181818181812,13.636363636363624,28.6,2946787213,842.781142918,A_大型(>=500億),運動休閒,sii,False,2,True,2025,>2億(高),822,30+檔(全面性恐慌)
2025-04-08,9935,-9.869646182495352,2.9855535541418567,38863829.0,15983667.85,-9.917355371900815,-2.685950413223137,2.892561983471076,-5.578512396694202,-3.0991735537190035,24.2,177838926,43.037020092,D_小型(<50億),居家生活,sii,False,2,True,2025,1000萬-5000萬,822,30+檔(全面性恐慌)
2025-04-08,9946,-9.80392156862745,3.4895875331899657,28718948.0,10325302.95,-9.782608695652161,-4.891304347826075,-0.5434782608695565,0.27173913043478937,7.336956521739135,18.4,326554150,60.0859636,C_中小型(50-100億),建材營造,sii,False,2,True,2025,1000萬-5000萬,822,30+檔(全面性恐慌)
2025-04-09,1339,-9.98902305159165,2.229479918545018,5517663.0,3104263.55,10.000000000000009,15.365853658536576,27.31707317073171,24.878048780487806,24.878048780487806,41.0,74123875,30.39078875,D_小型(<50億),汽車工業,sii,False,3,True,2025,<1000萬(極低),937,30+檔(全面性恐慌)
2025-04-09,1473,-9.847198641765697,2.4955469379136956,21738961.0,11415504.35,9.604519774011312,6.591337099811678,6.591337099811678,5.838041431261765,12.052730696798486,26.55,146153534,38.803763277,D_小型(<50億),紡織纖維,sii,False,3,True,2025,1000萬-5000萬,937,30+檔(全面性恐慌)
2025-04-09,1503,-9.92063492063492,2.205286311157004,445023018.0,271304466.15,9.691629955947146,21.145374449339215,24.229074889867853,23.788546255506617,46.25550660792952,113.5,520972223,591.303473105,A_大型(>=500億),電機機械,sii,False,3,True,2025,>2億(高),937,30+檔(全面性恐慌)
2025-04-09,1515,-9.885931558935368,3.694034815953429,29819377.0,10590897.25,9.282700421940927,14.978902953586504,38.81856540084387,31.22362869198314,32.06751054852322,23.7,181473500,43.0092195,D_小型(<50億),電機機械,sii,False,3,True,2025,1000萬-5000萬,937,30+檔(全面性恐慌)
2025-04-09,1517,-9.954337899543376,4.147068837727677,7500148.0,2336180.5,9.533468559837743,11.561866125760645,12.068965517241391,11.05476673427992,16.632860040567966,9.86,220000007,21.6920006902,D_小型(<50億),電機機械,sii,False,3,True,2025,<1000萬(極低),937,30+檔(全面性恐慌)
2025-04-09,1522,-9.89876265466818,2.562762605834612,163496961.0,83806058.7,9.987515605493137,14.232209737827727,19.850187265917608,15.7303370786517,24.594257178526856,40.05,312897881,125.3156013405,B_中型(100-500億),汽車工業,sii,False,3,True,2025,5000萬-2億,937,30+檔(全面性恐慌)
2025-04-09,1526,-9.768637532133672,3.7548918513902185,3231514.0,1136666.35,9.686609686609682,5.413105413105401,6.267806267806253,6.552706552706544,21.36752136752136,17.55,60000000,10.53,D_小型(<50億),電機機械,sii,False,3,True,2025,<1000萬(極低),937,30+檔(全面性恐慌)
2025-04-09,1533,-9.859154929577452,3.1605267141771742,5712173.0,2455408.8,9.960937499999979,8.203125,16.6015625,11.328125,19.72656249999998,25.6,98547486,25.228156415999997,D_小型(<50億),汽車工業,sii,False,3,True,2025,<1000萬(極低),937,30+檔(全面性恐慌)
2025-04-09,1539,-9.887005649717517,2.0743608432048517,8110648.0,5038503.55,9.717868338557988,11.598746081504707,16.614420062695935,16.614420062695935,20.68965517241379,15.95,65370000,10.426515,D_小型(<50億),電機機械,sii,False,3,True,2025,<1000萬(極低),937,30+檔(全面性恐慌)
2025-04-09,1568,-9.523809523809534,4.579347608816722,14779260.0,4010652.85,9.774436090225569,10.275689223057638,17.543859649122815,14.786967418546372,22.55639097744362,19.95,103086559,20.5657685205,D_小型(<50億),汽車工業,sii,False,3,False,2025,1000萬-5000萬,937,30+檔(全面性恐慌)
2025-04-09,1570,-9.839816933638456,3.218150076286301,14258894.0,5673590.4,9.898477157360407,12.944162436548234,14.720812182741128,17.25888324873097,14.974619289340097,19.7,51500839,10.145665283,D_小型(<50億),電機機械,otc,False,3,True,2025,1000萬-5000萬,937,30+檔(全面性恐慌)
2025-04-09,1582,-9.9236641221374,3.736615595647123,174415137.0,61143831.45,8.898305084745761,7.344632768361592,8.05084745762712,7.6271186440677985,5.225988700564965,70.8,144268604,102.14217163199999,B_中型(100-500億),電子零組件業,sii,False,3,True,2025,5000萬-2億,937,30+檔(全面性恐慌)
2025-04-09,1587,-9.940357852882709,2.7819509516649648,22237488.0,10412045.55,9.933774834437092,17.88079470198676,20.529801324503328,21.41280353200883,33.55408388520973,22.65,80055672,18.132609708,D_小型(<50億),汽車工業,sii,False,3,True,2025,1000萬-5000萬,937,30+檔(全面性恐慌)
2025-04-09,1589,-9.895833333333337,3.093728628846161,24978664.0,10994500.1,8.670520231213864,6.936416184971095,7.707129094412335,8.285163776493265,14.065510597302522,25.95,153135941,39.7387766895,D_小型(<50億),電機機械,sii,False,3,True,2025,1000萬-5000萬,937,30+檔(全面性恐慌)
2025-04-09,1591,-9.986684420772306,2.2049990510352857,10289296.0,6520018.35,8.72781065088759,9.763313609467472,22.928994082840237,17.01183431952662,5.621301775147947,33.8,38048047,12.860239885999999,D_小型(<50億),電機機械,otc,False,3,True,2025,1000萬-5000萬,937,30+檔(全面性恐慌)
2025-04-09,1595,-9.938837920489307,2.112978410547061,22560181.0,15014861.15,9.847198641765708,11.205432937181659,13.242784380305617,13.921901528013581,20.373514431239403,29.45,54199480,15.96174686,D_小型(<50億),半導體業,otc,False,3,True,2025,1000萬-5000萬,937,30+檔(全面性恐慌)
2025-04-09,1597,-9.999999999999998,2.036705452012636,99565058.0,69283636.25,9.967320261437894,10.620915032679745,12.091503267973835,6.045751633986929,32.35294117647059,61.2,89261804,54.628224048,C_中小型(50-100億),電機機械,sii,False,3,True,2025,5000萬-2億,937,30+檔(全面性恐慌)
2025-04-09,1598,-9.977324263038545,2.066978676909164,43195730.0,27595197.75,9.823677581863976,12.846347607052877,27.95969773299747,18.639798488664972,12.594458438287148,19.85,179142092,35.559705262,D_小型(<50億),運動休閒,sii,False,3,True,2025,1000萬-5000萬,937,30+檔(全面性恐慌)
2025-04-09,1711,-9.810126582278489,4.8302889645678455,119764884.0,30493903.5,9.824561403508781,13.33333333333333,16.84210526315788,13.684210526315788,20.70175438596491,14.25,547752226,78.054692205,C_中小型(50-100億),化學工業,sii,False,3,True,2025,5000萬-2億,937,30+檔(全面性恐慌)
2025-04-09,1721,-9.999999999999998,3.5500287371036516,37122721.0,14102312.25,9.595959595959581,13.636363636363624,15.15151515151516,13.636363636363624,31.818181818181813,9.9,184884092,18.303525108,D_小型(<50億),化學工業,sii,False,3,True,2025,1000萬-5000萬,937,30+檔(全面性恐慌)
2025-04-09,1786,-9.978540772532185,2.1285514402579016,176883668.0,110244245.55,9.892729439809301,7.032181168057194,12.514898688915377,12.038140643623363,15.852205005959474,83.9,74827641,62.780390799,C_中小型(50-100億),生技醫療業,sii,False,3,True,2025,5000萬-2億,937,30+檔(全面性恐慌)
2025-04-09,2062,-9.896907216494844,4.395668493249372,86714311.0,26235484.55,9.839816933638446,11.441647597254011,13.043478260869556,12.12814645308924,18.535469107551485,21.85,199994152,43.698722212,D_小型(<50億),居家生活,sii,False,3,True,2025,5000萬-2億,937,30+檔(全面性恐慌)
2025-04-09,2070,-9.92366412213741,2.220989018904789,21404080.0,13027871.1,9.927360774818418,15.496368038740925,19.733656174334158,19.249394673123497,17.554479418886192,41.3,41782800,17.2562964,D_小型(<50億),電機機械,otc,False,3,True,2025,1000萬-5000萬,937,30+檔(全面性恐慌)
2025-04-09,2201,-9.913793103448265,2.742334878921271,293280340.0,145855104.15,9.090909090909104,12.91866028708133,18.02232854864434,22.807017543859654,26.475279106858054,31.35,1070001251,335.4453921885,B_中型(100-500億),汽車工業,sii,False,3,True,2025,>2億(高),937,30+檔(全面性恐慌)
2025-04-09,2204,-9.868421052631582,3.017158071263731,334002396.0,141851000.8,9.85401459854016,14.598540145985407,22.080291970802946,21.350364963503665,33.02919708029199,54.8,553620342,303.383947416,B_中型(100-500億),汽車工業,sii,False,3,True,2025,>2億(高),937,30+檔(全面性恐慌)
2025-04-09,2233,-9.863945578231291,2.5397665102156894,209816403.0,116041752.95,9.811320754716979,10.188679245283016,13.207547169811317,18.867924528301884,25.66037735849056,132.5,60288089,79.881717925,C_中小型(50-100億),汽車工業,sii,False,3,True,2025,>2億(高),937,30+檔(全面性恐慌)
2025-04-09,2258,-9.9290780141844,2.5722469725000323,74882421.0,38842900.85,9.921259842519682,21.732283464566926,30.393700787401578,20.787401574803145,24.566929133858252,31.75,1751076800,555.966884,A_大型(>=500億),汽車工業,sii,False,3,True,2025,5000萬-2億,937,30+檔(全面性恐慌)
2025-04-09,2312,-9.944751381215477,2.0755922910980225,286992146.0,188533981.55,9.815950920245387,19.631901840490794,17.17791411042946,17.484662576687104,24.23312883435582,16.3,1505781211,245.442337393,B_中型(100-500億),其他電子業,sii,False,3,True,2025,>2億(高),937,30+檔(全面性恐慌)
2025-04-09,2317,-9.999999999999998,4.472113950460839,42809132937.0,11810188042.95,9.777777777777775,23.111111111111104,20.88888888888889,23.55555555555555,29.77777777777777,112.5,14028648626,15782.22970425,A_大型(>=500億),其他電子業,sii,False,3,True,2025,>2億(高),937,30+檔(全面性恐慌)
2025-04-09,2324,-9.885931558935368,2.072081394539942,1300559067.0,867457078.2,9.915611814345993,19.620253164556978,16.03375527426161,16.24472573839664,17.08860759493671,23.7,4407146625,1044.493750125,A_大型(>=500億),電腦及週邊設備業,sii,False,3,True,2025,>2億(高),937,30+檔(全面性恐慌)
2025-04-09,2331,-9.897610921501709,2.237014102954714,55815894.0,33298556.0,9.848484848484862,16.287878787878785,15.15151515151516,15.15151515151516,28.030303030303028,13.2,557402968,73.57719177599999,C_中小型(50-100億),電腦及週邊設備業,sii,False,3,True,2025,5000萬-2億,937,30+檔(全面性恐慌)
2025-04-09,2352,-9.832635983263593,3.110818778540714,347302561.0,144947079.65,9.976798143851507,17.169373549883993,20.649651972157777,17.401392111368907,21.57772621809744,21.55,1580506505,340.5991518275,B_中型(100-500億),電腦及週邊設備業,sii,False,3,True,2025,>2億(高),937,30+檔(全面性恐慌)
2025-04-09,2353,-9.983361064891849,2.807068019972946,983332828.0,448778282.85,9.981515711645095,14.417744916820707,14.417744916820707,18.29944547134934,27.541589648798514,27.05,3047853828,824.444460474,A_大型(>=500億),電腦及週邊設備業,sii,False,3,True,2025,>2億(高),937,30+檔(全面性恐慌)
2025-04-09,2357,-9.999999999999998,2.210372404243309,5871251075.0,3529002250.8,9.977324263038545,22.90249433106577,25.396825396825395,23.129251700680275,34.6938775510204,441.0,742760280,3275.5728348,A_大型(>=500億),電腦及週邊設備業,sii,False,3,True,2025,>2億(高),937,30+檔(全面性恐慌)
2025-04-09,2363,-9.965635738831624,2.142398494771531,334185218.0,216743407.25,9.92366412213741,19.2111959287532,19.720101781170495,20.737913486005112,24.809160305343504,39.3,514988161,202.390347273,B_中型(100-500億),半導體業,sii,False,3,True,2025,>2億(高),937,30+檔(全面性恐慌)
2025-04-09,2364,-9.908536585365846,2.7315547319463005,32188029.0,15942880.85,9.983079526226724,24.19627749576989,26.56514382402706,22.842639593908622,37.225042301184416,59.1,52388648,30.961690968000003,D_小型(<50億),電腦及週邊設備業,sii,False,3,True,2025,1000萬-5000萬,937,30+檔(全面性恐慌)
2025-04-09,2367,-9.999999999999998,2.505481670547351,257285671.0,141532549.65,9.84848484848484,16.161616161616156,17.42424242424243,17.676767676767668,26.010101010100996,19.8,706253175,139.83812865,B_中型(100-500億),電子零組件業,sii,False,3,True,2025,>2億(高),937,30+檔(全面性恐慌)
2025-04-09,2369,-9.92063492063492,2.4836509693505904,30996745.0,16425283.9,9.691629955947123,17.180616740088105,18.942731277533053,18.06167400881058,22.90748898678414,11.35,380102344,43.141616043999996,D_小型(<50億),半導體業,sii,False,3,True,2025,1000萬-5000萬,937,30+檔(全面性恐慌)
2025-04-09,2376,-9.950248756218905,2.0845299938110227,1418136619.0,882097236.4,9.944751381215466,17.403314917127076,18.78453038674033,21.54696132596685,33.42541436464088,181.0,669888886,1212.49888366,A_大型(>=500億),電腦及週邊設備業,sii,False,3,True,2025,>2億(高),937,30+檔(全面性恐慌)
2025-04-09,2380,-9.968847352024913,2.440593459067984,731962.0,387904.25,9.688581314878885,9.342560553633227,22.837370242214526,29.06574394463668,33.21799307958477,2.89,60000000,1.734,D_小型(<50億),電腦及週邊設備業,sii,False,3,True,2025,<1000萬(極低),937,30+檔(全面性恐慌)
2025-04-09,2390,-9.967497291440953,2.5528190187394824,8745567.0,4450225.25,9.987966305655839,14.199759326113103,23.947051744885673,22.14199759326112,27.557160048134755,8.31,192619442,16.0066756302,D_小型(<50億),其他電子業,sii,False,3,True,2025,<1000萬(極低),937,30+檔(全面性恐慌)
2025-04-09,2392,-9.98925886143931,3.512608730044494,316852047.0,120692946.5,9.904534606205239,13.007159904534603,11.933174224343679,9.665871121718395,17.06443914081146,41.9,512326940,214.66498786,B_中型(100-500億),電子零組件業,sii,False,3,True,2025,>2億(高),937,30+檔(全面性恐慌)
2025-04-09,2397,-9.966216216216228,3.4680380113800515,33091114.0,12280839.9,9.005628517823649,10.881801125703582,11.257035647279556,9.943714821763617,14.446529080675429,53.3,114488857,61.022560780999996,C_中小型(50-100億),電腦及週邊設備業,sii,False,3,True,2025,1000萬-5000萬,937,30+檔(全面性恐慌)
2025-04-09,2399,-9.798270893371763,3.119850916907943,64388931.0,27795016.1,9.904153354632573,15.015974440894574,15.015974440894574,13.418530351437695,21.405750798722046,15.65,178100000,27.87265,D_小型(<50億),電腦及週邊設備業,sii,False,3,True,2025,5000萬-2億,937,30+檔(全面性恐慌)
2025-04-09,2401,-9.903381642512077,2.5119121165024416,73380078.0,39399259.7,9.919571045576415,10.72386058981234,12.600536193029498,9.383378016085796,15.281501340482585,18.65,591994919,110.40705239349998,B_中型(100-500億),半導體業,sii,False,3,True,2025,5000萬-2億,937,30+檔(全面性恐慌)
2025-04-09,2402,-9.905660377358494,2.7017096954489968,206361465.0,95694966.25,9.947643979057608,16.7539267015707,20.418848167539274,18.673647469458988,29.668411867364753,28.65,307536533,88.10921670449999,C_中小型(50-100億),電子零組件業,sii,False,3,True,2025,>2億(高),937,30+檔(全面性恐慌)
2025-04-09,2406,-10.000000000000009,2.29759475238791,27035469.0,16086359.45,9.523809523809534,16.40211640211642,16.40211640211642,32.27513227513228,28.042328042328045,9.45,350905689,33.160587610499995,D_小型(<50億),光電業,sii,False,3,True,2025,1000萬-5000萬,937,30+檔(全面性恐慌)
2025-04-09,2415,-9.817351598173508,2.1381976642819733,5932899.0,3689640.55,9.873417721518972,12.151898734177212,11.898734177215186,10.126582278481022,19.493670886075964,19.75,90000000,17.775,D_小型(<50億),電子零組件業,sii,False,3,True,2025,<1000萬(極低),937,30+檔(全面性恐慌)
2025-04-09,2419,-9.876543209876543,2.665647825387065,28160661.0,14192374.7,9.86301369863014,11.232876712328776,13.972602739726025,12.876712328767127,14.794520547945211,18.25,321317229,58.6403942925,C_中小型(50-100億),通信網路業,sii,False,3,True,2025,1000萬-5000萬,937,30+檔(全面性恐慌)
2025-04-09,2426,-9.999999999999998,3.0113237619628563,41201057.0,18347797.55,9.961685823754785,15.708812260536398,18.00766283524904,16.09195402298851,22.60536398467432,13.05,300622252,39.231203886,D_小型(<50億),光電業,sii,False,3,True,2025,1000萬-5000萬,937,30+檔(全面性恐慌)
2025-04-09,2428,-9.917355371900827,4.492819571553607,120389320.0,32645428.35,9.633027522935777,16.5137614678899,15.13761467889909,13.761467889908264,19.266055045871553,109.0,128112726,139.64287134,B_中型(100-500億),電子零組件業,sii,False,3,True,2025,5000萬-2億,937,30+檔(全面性恐慌)
2025-04-09,2460,-9.846153846153848,3.275246827644696,13196478.0,5391580.4,9.89761092150172,5.802047781569963,14.675767918088734,17.40614334470989,24.914675767918084,14.65,169200000,24.7878,D_小型(<50億),電子零組件業,sii,False,3,True,2025,1000萬-5000萬,937,30+檔(全面性恐慌)
2025-04-09,2461,-9.698996655518389,3.27723518967736,28295922.0,11201162.25,9.999999999999986,18.518518518518512,19.999999999999996,19.62962962962962,28.148148148148145,13.5,191887963,25.904875005,D_小型(<50億),其他電子業,sii,False,3,True,2025,1000萬-5000萬,937,30+檔(全面性恐慌)
2025-04-09,2462,-9.876543209876543,3.2667532383248687,14867627.0,5962290.6,9.86301369863014,8.219178082191792,12.876712328767127,11.780821917808204,19.17808219178083,18.25,150784482,27.518167965,D_小型(<50億),電子零組件業,sii,False,3,True,2025,1000萬-5000萬,937,30+檔(全面性恐慌)
2025-04-09,2467,-9.876543209876543,2.3239909842325535,121856422.0,72288512.4,9.589041095890405,15.068493150684926,20.091324200913242,21.91780821917808,28.31050228310503,109.5,156755348,171.64710606,B_中型(100-500億),電子零組件業,sii,False,3,True,2025,5000萬-2億,937,30+檔(全面性恐慌)
2025-04-09,2476,-9.909909909909898,3.3148821381448803,314386994.0,123486563.0,10.000000000000009,12.333333333333352,13.666666666666671,11.66666666666667,17.833333333333346,60.0,218080998,130.8485988,B_中型(100-500億),電子零組件業,sii,False,3,True,2025,>2億(高),937,30+檔(全面性恐慌)
2025-04-09,2482,-9.971509971509974,3.0544877082635797,8606658.0,3811509.7,9.810126582278489,11.075949367088601,17.405063291139243,16.77215189873418,24.367088607594912,15.8,77882711,12.305468337999999,D_小型(<50億),其他電子業,sii,False,3,True,2025,<1000萬(極低),937,30+檔(全面性恐慌)
2025-04-09,2484,-9.711286089238857,3.983554330587958,19152913.0,6229522.45,9.883720930232553,13.66279069767442,15.697674418604656,15.697674418604656,18.895348837209312,17.2,159421022,27.420415784,D_小型(<50億),電子零組件業,sii,False,3,False,2025,1000萬-5000萬,937,30+檔(全面性恐慌)
2025-04-09,2489,-9.652509652509655,2.683887383221699,85347422.0,42612140.65,9.829059829059839,14.102564102564097,15.811965811965823,18.803418803418804,20.940170940170955,11.7,610000000,71.37,C_中小型(50-100億),光電業,sii,False,3,True,2025,5000萬-2億,937,30+檔(全面性恐慌)
2025-04-09,2491,-10.000000000000009,3.2596277073909277,1514136.0,608799.15,9.523809523809534,19.576719576719604,16.93121693121695,13.227513227513231,15.873015873015884,9.45,82008000,7.749756,D_小型(<50億),光電業,sii,False,3,True,2025,<1000萬(極低),937,30+檔(全面性恐慌)
2025-04-09,2492,-9.891598915989153,2.828918388717859,216406427.0,97629780.65,9.92481203007518,14.28571428571428,16.090225563909776,15.037593984962406,24.511278195488728,66.5,485204774,322.66117471,B_中型(100-500億),電子零組件業,sii,False,3,True,2025,>2億(高),937,30+檔(全面性恐慌)
2025-04-09,2495,-9.82142857142857,2.6344455606879995,58703720.0,29486632.5,9.90099009900991,13.366336633663355,14.851485148514843,15.34653465346536,20.544554455445564,20.2,273551538,55.25741067599999,C_中小型(50-100億),電腦及週邊設備業,sii,False,3,True,2025,5000萬-2億,937,30+檔(全面性恐慌)
2025-04-09,2524,-10.000000000000009,2.7534904918880603,158234335.0,68821979.9,9.988776655443331,5.948372615039288,10.325476992143656,5.948372615039288,14.47811447811449,44.55,365983545,163.04566929749998,B_中型(100-500億),建材營造,sii,False,3,True,2025,5000萬-2億,937,30+檔(全面性恐慌)
2025-04-09,2613,-9.876543209876553,3.2839843216509963,25610823.0,10530091.25,9.817351598173518,32.64840182648403,36.98630136986303,28.767123287671236,30.136986301369873,21.9,148423458,32.504737301999995,D_小型(<50億),航運業,sii,False,3,True,2025,1000萬-5000萬,937,30+檔(全面性恐慌)
2025-04-09,2719,-9.866220735785946,2.755834211089917,2971133.0,1455649.55,9.83302411873841,13.543599257884974,18.738404452690173,16.69758812615956,53.432282003710576,26.95,69182500,18.64468375,D_小型(<50億),觀光餐旅,otc,False,3,True,2025,<1000萬(極低),937,30+檔(全面性恐慌)
2025-04-09,2724,-9.876543209876553,5.074525790238948,1674804.0,414181.7,9.817351598173518,18.2648401826484,11.64383561643836,-0.45662100456620447,16.43835616438356,21.9,59656345,13.064739555,D_小型(<50億),其他,otc,False,3,True,2025,<1000萬(極低),937,30+檔(全面性恐慌)
2025-04-09,2743,-9.90629183400269,2.9126834405952002,42594867.0,18522338.55,9.955423476968805,17.087667161961374,21.693907875185747,20.0594353640416,56.01783060921248,67.3,46815210,31.50663633,D_小型(<50億),觀光餐旅,otc,False,3,True,2025,1000萬-5000萬,937,30+檔(全面性恐慌)
2025-04-09,3003,-9.980430528375738,3.243303473677888,106412946.0,43950390.35,5.217391304347818,10.217391304347823,9.13043478260871,9.13043478260871,22.173913043478265,46.0,155654890,71.6012494,C_中小型(50-100億),電子零組件業,sii,False,3,True,2025,5000萬-2億,937,30+檔(全面性恐慌)
2025-04-09,3005,-9.912854030501084,3.674165831243661,825439106.0,280947453.45,9.915356711003632,16.08222490931075,20.91898428053205,23.941958887545333,33.61547762998791,82.7,624310150,516.30449405,A_大型(>=500億),電腦及週邊設備業,sii,False,3,True,2025,>2億(高),937,30+檔(全面性恐慌)
2025-04-09,3015,-9.958071278825997,2.4334833754775853,64872339.0,34884134.85,9.895227008149,16.18160651920837,16.41443538998835,15.832363213038402,24.097788125727583,42.95,187261950,80.429007525,C_中小型(50-100億),電子零組件業,sii,False,3,True,2025,5000萬-2億,937,30+檔(全面性恐慌)
2025-04-09,3021,-9.909909909909898,2.0427326871101568,13067403.0,8799735.9,10.000000000000009,13.33333333333333,14.666666666666671,12.00000000000001,15.333333333333332,15.0,94890000,14.2335,D_小型(<50億),電子零組件業,sii,False,3,True,2025,1000萬-5000萬,937,30+檔(全面性恐慌)
2025-04-09,3024,-9.782608695652184,2.655696905671888,46283168.0,22131757.5,9.63855421686748,10.843373493975905,15.26104417670684,14.05622489959839,24.497991967871503,12.45,277157496,34.506108252,D_小型(<50億),光電業,sii,False,3,True,2025,1000萬-5000萬,937,30+檔(全面性恐慌)
2025-04-09,3025,-9.958932238193018,2.8301096854990235,48279828.0,22701788.1,9.920182440136838,13.34093500570126,15.393386545039899,13.226909920182429,19.270239452679583,43.85,56736440,24.87892894,D_小型(<50億),通信網路業,sii,False,3,True,2025,1000萬-5000萬,937,30+檔(全面性恐慌)
2025-04-09,3030,-9.978540772532185,3.9451310287443295,457896566.0,150856168.6,9.892729439809301,12.753277711561362,18.59356376638854,17.878426698450546,24.553039332538717,83.9,236216000,198.185224,B_中型(100-500億),其他電子業,sii,False,3,True,2025,>2億(高),937,30+檔(全面性恐慌)
2025-04-09,3038,-9.7799511002445,3.023290092349114,27610472.0,12258691.85,9.756097560975618,16.80216802168022,23.30623306233064,27.10027100271002,24.390243902439025,18.45,157407603,29.041702753499997,D_小型(<50億),光電業,sii,False,3,True,2025,1000萬-5000萬,937,30+檔(全面性恐慌)
2025-04-09,3040,-9.999999999999998,2.828163511317282,42797905.0,19230394.15,9.87654320987652,19.478737997256502,25.514403292181065,28.12071330589849,21.810699588477345,36.45,66224538,24.138844101000004,D_小型(<50億),其他,sii,False,3,True,2025,1000萬-5000萬,937,30+檔(全面性恐慌)
2025-04-09,3043,-9.999999999999998,2.1564519065815677,8078194.0,4971564.15,9.977324263038545,11.111111111111116,13.151927437641708,14.058956916099774,17.23356009070296,22.05,38975634,8.594127297,D_小型(<50億),其他電子業,sii,False,3,True,2025,<1000萬(極低),937,30+檔(全面性恐慌)
2025-04-09,3044,-9.756097560975608,2.801370387216999,936034397.0,429311942.05,9.797297297297302,14.527027027027017,16.216216216216207,18.581081081081074,30.067567567567565,148.0,525605898,777.89672904,A_大型(>=500億),電子零組件業,sii,False,3,True,2025,>2億(高),937,30+檔(全面性恐慌)
2025-04-09,3047,-9.756097560975618,2.017924104004176,57459987.0,40610935.15,9.90990990990992,17.417417417417425,19.519519519519513,15.915915915915924,27.02702702702704,16.65,224761608,37.422807731999995,D_小型(<50億),通信網路業,sii,False,3,True,2025,5000萬-2億,937,30+檔(全面性恐慌)
2025-04-09,3048,-9.817351598173508,3.65831403090879,44351491.0,16229096.9,9.873417721518972,13.924050632911399,20.50632911392405,19.493670886075964,24.0506329113924,19.75,269829794,53.291384315,C_中小型(50-100億),電子通路業,sii,False,3,True,2025,1000萬-5000萬,937,30+檔(全面性恐慌)
2025-04-09,3050,-9.917355371900815,2.3429894311652695,20434355.0,11753110.6,9.633027522935777,16.055045871559635,17.889908256880727,19.266055045871553,25.68807339449539,10.9,154984450,16.89330505,D_小型(<50億),光電業,sii,False,3,True,2025,1000萬-5000萬,937,30+檔(全面性恐慌)
2025-04-09,3051,-9.856262833675578,2.721569461023854,40003616.0,19216530.15,9.794988610478361,16.17312072892938,21.184510250569488,31.435079726651495,43.507972665148074,21.95,167000000,36.6565,D_小型(<50億),光電業,sii,False,3,True,2025,1000萬-5000萬,937,30+檔(全面性恐慌)
2025-04-09,3058,-10.000000000000009,2.500212802776258,12447367.0,6967358.55,9.492988133764847,9.492988133764847,12.189859762675304,16.504854368932055,17.58360302049624,9.27,201722779,18.6997016133,D_小型(<50億),電子零組件業,sii,False,3,True,2025,1000萬-5000萬,937,30+檔(全面性恐慌)
2025-04-09,3071,-9.919571045576392,2.9627579476911947,6034041.0,2607783.3,9.821428571428559,13.392857142857139,15.476190476190466,11.011904761904745,17.85714285714286,16.8,110000000,18.48,D_小型(<50億),電腦及週邊設備業,otc,False,3,True,2025,<1000萬(極低),937,30+檔(全面性恐慌)
2025-04-09,3073,-9.920000000000007,2.6183794880499907,5560816.0,2997074.3,6.927175843694511,4.085257548845478,17.22912966252221,16.34103019538189,80.8170515097691,28.15,39511028,11.122354382000001,D_小型(<50億),綠能環保,otc,False,3,True,2025,<1000萬(極低),937,30+檔(全面性恐慌)
2025-04-09,3092,-9.952606635071092,3.4636727874693674,6902913.0,2645214.6,2.894736842105261,-1.0526315789473606,3.9473684210526327,-1.3157894736842146,2.894736842105261,19.0,106649250,20.2633575,D_小型(<50億),電子零組件業,sii,False,3,True,2025,<1000萬(極低),937,30+檔(全面性恐慌)
2025-04-09,3093,-9.876543209876543,3.9393006005830413,6937669.0,2229446.15,9.86301369863014,32.87671232876712,38.08219178082191,38.35616438356164,41.095890410958916,18.25,145155576,26.49089262,D_小型(<50億),其他電子業,otc,False,3,True,2025,<1000萬(極低),937,30+檔(全面性恐慌)
2025-04-09,3094,-9.817351598173508,2.658652435411291,7026019.0,3456463.25,9.873417721518972,12.911392405063292,17.215189873417724,12.151898734177212,21.26582278481013,19.75,83117089,16.4156250775,D_小型(<50億),半導體業,sii,False,3,True,2025,<1000萬(極低),937,30+檔(全面性恐慌)
2025-04-09,3122,-9.79498861047835,2.4796337717410606,6082686.0,3216005.9,9.84848484848484,8.838383838383844,13.636363636363624,12.87878787878789,10.35353535353536,19.8,40764826,8.071435548,D_小型(<50億),半導體業,otc,False,3,True,2025,<1000萬(極低),937,30+檔(全面性恐慌)
2025-04-09,3138,-9.973753280839903,2.0466042314071875,30892066.0,21715985.65,9.912536443148712,10.204081632653072,15.014577259475237,16.326530612244895,31.04956268221577,68.6,51736226,35.491051036,D_小型(<50億),通信網路業,sii,False,3,True,2025,1000萬-5000萬,937,30+檔(全面性恐慌)
2025-04-09,3141,-9.943714821763594,2.167802662100783,24229872.0,15886805.2,8.333333333333325,9.166666666666657,15.000000000000014,13.124999999999986,18.958333333333343,48.0,75460728,36.22114944,D_小型(<50億),半導體業,otc,False,3,True,2025,1000萬-5000萬,937,30+檔(全面性恐慌)
2025-04-09,3152,-9.871244635193133,3.5624171110038994,45148045.0,16778542.2,10.000000000000009,9.523809523809534,9.047619047619037,10.000000000000009,10.952380952380958,105.0,39016200,40.96701,D_小型(<50億),通信網路業,otc,False,3,True,2025,1000萬-5000萬,937,30+檔(全面性恐慌)
2025-04-09,3169,-9.937888198757761,2.0999687880142677,57037901.0,38256276.1,9.931034482758626,17.517241379310345,20.413793103448263,21.379310344827584,24.9655172413793,72.5,63306981,45.897561225,D_小型(<50億),半導體業,otc,False,3,True,2025,5000萬-2億,937,30+檔(全面性恐慌)
2025-04-09,3178,-9.927611168562578,2.175607673487179,6358797.0,4034821.2,9.988518943742818,10.218140068886349,16.18828932261769,12.514351320321481,13.547646383467281,43.55,45050000,19.619275,D_小型(<50億),半導體業,otc,False,3,True,2025,<1000萬(極低),937,30+檔(全面性恐慌)
2025-04-09,3205,-9.879032258064512,2.4238509080040136,4781367.0,2606404.65,5.369127516778516,1.5659955257270708,5.592841163310958,1.5659955257270708,6.040268456375819,22.35,67545631,15.096448528500002,D_小型(<50億),生技醫療業,otc,False,3,True,2025,<1000萬(極低),937,30+檔(全面性恐慌)
2025-04-09,3207,-9.898477157360407,2.195065163233521,50500921.0,32535642.1,9.436619718309869,7.183098591549286,18.873239436619716,14.366197183098596,-0.5633802816901512,71.0,66422124,47.15970804,D_小型(<50億),電子零組件業,otc,False,3,True,2025,5000萬-2億,937,30+檔(全面性恐慌)
2025-04-09,3221,-9.86301369863014,4.620818037991936,13398040.0,3634566.45,9.726443768996962,13.373860182370812,15.197568389057746,15.50151975683891,20.668693009118556,16.45,105062110,17.282717095,D_小型(<50億),通信網路業,otc,False,3,True,2025,1000萬-5000萬,937,30+檔(全面性恐慌)
2025-04-09,3229,-9.716599190283393,2.710790989626673,1165703.0,554342.2,9.865470852017943,11.659192825112097,20.627802690582953,17.488789237668144,18.385650224215233,11.15,64263000,7.1653245,D_小型(<50億),電子零組件業,sii,False,3,True,2025,<1000萬(極低),937,30+檔(全面性恐慌)
2025-04-09,3236,-9.931506849315063,2.8461368877240094,5340468.0,2436903.75,9.505703422053235,7.22433460076044,11.026615969581744,12.16730038022813,27.376425855513297,13.15,105000613,13.8075806095,D_小型(<50億),電子零組件業,otc,False,3,True,2025,<1000萬(極低),937,30+檔(全面性恐慌)
2025-04-09,3257,-9.952038369304573,2.9120819826560096,40998203.0,18842249.55,9.986684420772306,15.179760319573909,19.70705725699069,16.378162450066604,44.07456724367511,37.55,79823590,29.973758045,D_小型(<50億),半導體業,sii,False,3,True,2025,1000萬-5000萬,937,30+檔(全面性恐慌)
2025-04-09,3265,-9.98719590268886,3.5884961636549924,86883284.0,32113508.3,9.95732574679944,20.199146514935997,23.755334281650086,23.47083926031295,27.311522048364157,70.3,136261659,95.791946277,C_中小型(50-100億),半導體業,otc,False,3,True,2025,5000萬-2億,937,30+檔(全面性恐慌)
2025-04-09,3289,-9.967497291440953,3.3085279458858876,139358366.0,55653941.55,9.98796630565586,18.892900120336954,20.336943441636592,20.938628158844775,22.743682310469325,83.1,86746371,72.08623430099999,C_中小型(50-100億),其他電子業,otc,False,3,True,2025,5000萬-2億,937,30+檔(全面性恐慌)
2025-04-09,3290,-9.943714821763594,2.6098770687099937,41695802.0,20349393.45,9.999999999999986,11.04166666666666,16.45833333333333,10.83333333333334,20.833333333333325,24.0,90215034,21.65160816,D_小型(<50億),電子零組件業,otc,False,3,True,2025,1000萬-5000萬,937,30+檔(全面性恐慌)
2025-04-09,3303,-9.8901098901099,3.555614339083042,56284594.0,21055639.45,9.891598915989164,19.241192411924125,31.300813008130103,27.10027100271002,31.97831978319785,36.9,94090607,34.719433982999995,D_小型(<50億),其他電子業,otc,False,3,True,2025,5000萬-2億,937,30+檔(全面性恐慌)
2025-04-09,3306,-9.891598915989153,3.214282868472986,16293828.0,6600595.25,9.92481203007518,22.10526315789474,29.9248120300752,26.16541353383459,28.1203007518797,33.25,50607702,16.827060915,D_小型(<50億),通信網路業,otc,False,3,True,2025,1000萬-5000萬,937,30+檔(全面性恐慌)
2025-04-09,3310,-9.941520467836263,3.9828206936410053,11633220.0,3869099.85,9.9025974025974,15.909090909090917,22.077922077922075,27.759740259740262,37.98701298701299,61.6,74948402,46.168215632,D_小型(<50億),電子零組件業,otc,False,3,True,2025,1000萬-5000萬,937,30+檔(全面性恐慌)
2025-04-09,3317,-9.999999999999998,3.0736716451846693,18092383.0,7455091.7,9.893455098934556,11.87214611872145,15.677321156773205,16.590563165905614,29.071537290715366,32.85,90000000,29.565,D_小型(<50億),半導體業,otc,False,3,True,2025,1000萬-5000萬,937,30+檔(全面性恐慌)
2025-04-09,3322,-9.917355371900815,2.6189210957583064,10945222.0,5650993.75,9.633027522935777,8.25688073394495,15.596330275229352,9.633027522935777,12.385321100917434,10.9,137582157,14.996455113,D_小型(<50億),電子零組件業,otc,False,3,True,2025,1000萬-5000萬,937,30+檔(全面性恐慌)
2025-04-09,3325,-9.965635738831624,2.721121197556513,11202001.0,5298421.05,6.870229007633588,3.8167938931297662,10.687022900763354,14.885496183206115,35.114503816793885,13.1,110168610,14.43208791,D_小型(<50億),電腦及週邊設備業,otc,False,3,True,2025,1000萬-5000萬,937,30+檔(全面性恐慌)
2025-04-09,3338,-9.988649262202042,3.523623442688539,89451694.0,35796727.05,9.962168978562435,16.015132408575038,16.51954602774277,15.510718789407306,29.12988650693571,39.65,87908141,34.8555779065,D_小型(<50億),電子零組件業,sii,False,3,True,2025,5000萬-2億,937,30+檔(全面性恐慌)
2025-04-09,3339,-9.833024118738399,3.9300644475282955,26672937.0,8714616.05,9.876543209876543,10.082304526748963,13.786008230452662,21.399176954732503,58.64197530864197,24.3,66568300,16.1760969,D_小型(<50億),光電業,otc,False,3,True,2025,1000萬-5000萬,937,30+檔(全面性恐慌)
2025-04-09,3346,-9.999999999999998,4.462434425336458,29954304.0,9001846.45,9.977324263038545,17.23356009070296,31.51927437641724,22.22222222222221,29.251700680272098,22.05,121228352,26.730851616,D_小型(<50億),汽車工業,sii,False,3,True,2025,1000萬-5000萬,937,30+檔(全面性恐慌)
2025-04-09,3372,-9.82142857142857,3.422932620446571,8752175.0,3449970.6,9.90099009900991,17.821782178217838,18.811881188118807,30.6930693069307,32.178217821782184,10.1,175324000,17.707724,D_小型(<50億),半導體業,otc,False,3,True,2025,<1000萬(極低),937,30+檔(全面性恐慌)
2025-04-09,3380,-9.859154929577475,2.123184928351729,32427859.0,20693332.05,9.82142857142858,10.71428571428572,14.0625,19.19642857142858,15.84821428571428,22.4,541718460,121.34493504,B_中型(100-500億),通信網路業,sii,False,3,True,2025,1000萬-5000萬,937,30+檔(全面性恐慌)
2025-04-09,3430,-9.98925886143931,3.335066656798736,21918604.0,8726169.9,9.904534606205239,8.233890214797146,13.842482100238684,13.603818615751795,18.85441527446301,41.9,33716085,14.127039615,D_小型(<50億),化學工業,otc,False,3,True,2025,1000萬-5000萬,937,30+檔(全面性恐慌)
2025-04-09,3437,-9.797297297297302,2.6653275938180876,16695715.0,8297097.0,9.737827715355806,13.483146067415742,14.606741573033721,12.35955056179776,20.599250936329593,13.35,144548000,19.297158,D_小型(<50億),光電業,sii,False,3,True,2025,1000萬-5000萬,937,30+檔(全面性恐慌)
2025-04-09,3438,-9.9882491186839,4.589860330815359,13007795.0,3755681.35,7.571801566579639,6.396866840731086,9.530026109660582,15.665796344647532,32.375979112271544,38.3,47165815,18.064507144999997,D_小型(<50億),半導體業,otc,False,3,True,2025,1000萬-5000萬,937,30+檔(全面性恐慌)
2025-04-09,3441,-9.882747068676723,2.6781018425721217,14567357.0,7144644.4,9.85130111524164,15.055762081784385,24.34944237918217,22.304832713754653,21.189591078066925,26.9,40039920,10.77073848,D_小型(<50億),光電業,otc,False,3,True,2025,1000萬-5000萬,937,30+檔(全面性恐慌)
2025-04-09,3444,-9.551656920077967,2.7136456893347503,39059363.0,19303833.05,9.913793103448288,18.965517241379317,24.35344827586208,19.18103448275861,28.23275862068966,46.4,44996877,20.878550928,D_小型(<50億),電子通路業,otc,False,3,False,2025,1000萬-5000萬,937,30+檔(全面性恐慌)
2025-04-09,3455,-9.938650306748464,2.1744565165920555,59945997.0,38299867.0,9.945504087193457,18.80108991825613,23.705722070844672,21.25340599455039,27.656675749318804,73.4,59850750,43.9304505,D_小型(<50億),光電業,otc,False,3,True,2025,5000萬-2億,937,30+檔(全面性恐慌)
2025-04-09,3465,-9.999999999999998,2.6872997106499485,6292708.0,2962161.45,10.000000000000009,22.888888888888893,26.66666666666666,22.222222222222232,18.88888888888889,45.0,35329862,15.8984379,D_小型(<50億),其他電子業,otc,False,3,True,2025,<1000萬(極低),937,30+檔(全面性恐慌)
2025-04-09,3490,-9.97624703087887,2.6337818793588963,9861896.0,4995743.4,9.76253298153036,14.24802110817942,16.358839050131934,20.316622691292885,21.899736147757267,18.95,55006435,10.4237194325,D_小型(<50億),光電業,otc,False,3,True,2025,<1000萬(極低),937,30+檔(全面性恐慌)
2025-04-09,3504,-9.988649262202042,2.0683832938380315,50405174.0,33897269.7,9.962168978562435,10.088272383354347,10.970996216897856,8.448928121059263,13.240857503152581,39.65,114059785,45.2247047525,D_小型(<50億),光電業,sii,False,3,True,2025,5000萬-2億,937,30+檔(全面性恐慌)
2025-04-09,3518,-9.999999999999998,3.0425526783632764,15274191.0,6713540.05,9.764309764309775,15.82491582491583,19.52861952861953,18.518518518518533,17.508417508417516,14.85,102467230,15.216383655,D_小型(<50億),其他電子業,sii,False,3,True,2025,1000萬-5000萬,937,30+檔(全面性恐慌)
2025-04-09,3520,-10.000000000000009,2.413047867878686,6253690.0,3464852.45,9.829059829059839,14.529914529914546,21.36752136752136,15.811965811965823,23.931623931623935,11.7,68846778,8.055073025999999,D_小型(<50億),電子零組件業,otc,False,3,True,2025,<1000萬(極低),937,30+檔(全面性恐慌)
2025-04-09,3521,-9.871244635193133,2.7951468377081534,4296685.0,1996431.05,10.000000000000009,12.857142857142856,14.28571428571428,12.857142857142856,16.190476190476176,10.5,185765552,19.50538296,D_小型(<50億),建材營造,otc,False,3,True,2025,<1000萬(極低),937,30+檔(全面性恐慌)
2025-04-09,3527,-9.876543209876543,2.8818568856103015,8910126.0,3934915.75,9.980430528375738,26.22309197651662,25.440313111545976,19.7651663405088,18.982387475538154,51.1,44445125,22.711458875,D_小型(<50億),半導體業,otc,False,3,True,2025,<1000萬(極低),937,30+檔(全面性恐慌)
2025-04-09,3530,-9.964412811387902,3.5137461580488463,22750470.0,8757317.9,9.486166007905128,8.89328063241106,10.869565217391308,9.486166007905128,24.30830039525691,50.6,77475900,39.2028054,D_小型(<50億),半導體業,sii,False,3,True,2025,1000萬-5000萬,937,30+檔(全面性恐慌)
2025-04-09,3552,-9.849749582637724,2.9660674477852704,31139431.0,14316160.55,9.999999999999986,13.148148148148152,15.740740740740744,17.407407407407405,24.814814814814824,54.0,97918334,52.87590036,C_中小型(50-100億),其他電子業,otc,False,3,True,2025,1000萬-5000萬,937,30+檔(全面性恐慌)
2025-04-09,3557,-9.504550050556126,3.4777032804327694,37351919.0,14002785.7,9.944134078212308,11.955307262569836,5.810055865921782,5.4748603351955305,15.307262569832414,44.75,84315435,37.7311571625,D_小型(<50億),居家生活,sii,False,3,False,2025,1000萬-5000萬,937,30+檔(全面性恐慌)
2025-04-09,3576,-9.986684420772306,2.607137222568482,45427300.0,22968770.25,9.911242603550296,19.378698224852076,19.82248520710059,33.72781065088757,26.77514792899409,6.76,1627795375,110.03896735,B_中型(100-500億),光電業,sii,False,3,True,2025,1000萬-5000萬,937,30+檔(全面性恐慌)
2025-04-09,3580,-9.982174688057043,2.2199631426697435,40294862.0,25725260.15,9.90099009900991,12.871287128712861,15.247524752475261,34.05940594059407,41.18811881188118,50.5,39470657,19.932681785,D_小型(<50億),其他電子業,otc,False,3,True,2025,1000萬-5000萬,937,30+檔(全面性恐慌)
2025-04-09,3588,-9.943502824858752,3.403577456081037,32356739.0,12676013.05,9.912170639899621,15.432873274780423,16.43663739021328,19.447929736511927,25.345043914680044,39.85,61993182,24.704283027000002,D_小型(<50億),半導體業,sii,False,3,True,2025,1000萬-5000萬,937,30+檔(全面性恐慌)
2025-04-09,3607,-9.893992932862194,2.4252499986243294,15941751.0,8430454.5,9.80392156862746,11.372549019607847,14.50980392156862,14.117647058823547,18.43137254901961,12.75,121662239,15.5119354725,D_小型(<50億),電子零組件業,sii,False,3,True,2025,1000萬-5000萬,937,30+檔(全面性恐慌)
2025-04-09,3615,-9.999999999999998,3.6211202468006896,20483094.0,7433479.25,9.941520467836252,20.175438596491226,23.09941520467835,31.57894736842104,34.502923976608166,17.1,68466976,11.707852896000002,D_小型(<50億),光電業,otc,False,3,True,2025,1000萬-5000萬,937,30+檔(全面性恐慌)
2025-04-09,3661,-9.95370370370371,2.1130946264451835,9965029255.0,6507915631.75,9.768637532133685,14.652956298200515,11.568123393316188,7.197943444730082,20.565552699228796,1945.0,86204722,1676.6818429,A_大型(>=500億),半導體業,sii,False,3,True,2025,>2億(高),937,30+檔(全面性恐慌)
2025-04-09,3666,-9.906542056074763,2.820065050816476,7206475.0,3260068.2,9.958506224066376,23.65145228215768,27.800829875518662,28.42323651452281,29.460580912863055,24.1,138949850,33.48691385,D_小型(<50億),光電業,otc,False,3,True,2025,<1000萬(極低),937,30+檔(全面性恐慌)
2025-04-09,3669,-9.921259842519682,3.709555109089942,9332641.0,3111900.85,9.965034965034958,20.97902097902098,22.55244755244754,23.25174825174825,21.328671328671334,28.6,92919950,26.5751057,D_小型(<50億),通信網路業,sii,False,3,True,2025,<1000萬(極低),937,30+檔(全面性恐慌)
2025-04-09,3673,-9.861591695501726,4.206354054760558,212295325.0,64598027.05,9.980806142034538,16.890595009596932,16.698656429942417,18.2341650671785,21.88099808061419,26.05,406663759,105.9359092195,B_中型(100-500億),光電業,sii,False,3,True,2025,>2億(高),937,30+檔(全面性恐慌)
2025-04-09,3685,-9.956709956709965,2.0077931954424355,1728493.0,1120150.55,9.615384615384626,7.692307692307687,12.98076923076923,12.5,16.826923076923084,10.4,79574000,8.275696,D_小型(<50億),電機機械,otc,False,3,True,2025,<1000萬(極低),937,30+檔(全面性恐慌)
2025-04-09,3687,-9.940652818991103,3.74529270797672,23253822.0,8144777.85,9.8846787479407,14.332784184514002,18.780889621087304,17.627677100494243,37.06754530477758,60.7,30060820,18.24691774,D_小型(<50億),數位雲端,otc,False,3,True,2025,1000萬-5000萬,937,30+檔(全面性恐慌)
2025-04-09,3707,-9.928057553956837,2.2998700380765635,60091956.0,36554836.0,9.904153354632573,7.348242811501593,6.869009584664543,4.952076677316297,16.134185303514382,31.3,396471909,124.09570751700001,B_中型(100-500億),半導體業,otc,False,3,True,2025,5000萬-2億,937,30+檔(全面性恐慌)
2025-04-09,3708,-9.9025974025974,3.4622310493721304,88391285.0,33573021.75,9.90990990990992,25.40540540540539,27.027027027027017,28.648648648648667,36.396396396396405,55.5,92105384,51.11848812,C_中小型(50-100億),綠能環保,sii,False,3,True,2025,5000萬-2億,937,30+檔(全面性恐慌)
2025-04-09,3709,-9.967320261437907,2.82025208433954,222916538.0,89986666.4,9.981851179673317,10.707803992740473,12.159709618874759,43.37568058076224,74.22867513611615,27.55,125569450,34.594383475,D_小型(<50億),電腦及週邊設備業,otc,False,3,True,2025,>2億(高),937,30+檔(全面性恐慌)
2025-04-09,3710,-9.842041312272176,2.5179714435224154,23663652.0,12165902.9,9.973045822102433,16.307277628032345,18.733153638814027,16.576819407008102,21.024258760107827,7.42,287250734,21.3140044628,D_小型(<50億),電子零組件業,otc,False,3,False,2025,1000萬-5000萬,937,30+檔(全面性恐慌)
2025-04-09,3715,-9.909909909909908,2.3784927810082883,172647061.0,100738568.0,10.000000000000009,14.857142857142858,15.714285714285726,13.571428571428568,23.428571428571445,35.0,283574584,99.2511044,C_中小型(50-100億),電子零組件業,sii,False,3,True,2025,5000萬-2億,937,30+檔(全面性恐慌)
2025-04-09,4108,-9.836065573770492,2.8657703326871986,5509998.0,2423225.65,9.999999999999986,14.090909090909086,19.545454545454554,18.181818181818187,40.90909090909092,11.0,198618879,21.84807669,D_小型(<50億),生技醫療業,sii,False,3,True,2025,<1000萬(極低),937,30+檔(全面性恐慌)
2025-04-09,4113,-9.927360774818384,3.4435130645767544,47321729.0,17642234.65,9.946236559139777,14.784946236559149,11.827956989247301,10.483870967741925,24.193548387096776,18.6,231138137,42.99169348200001,D_小型(<50億),建材營造,otc,False,3,True,2025,1000萬-5000萬,937,30+檔(全面性恐慌)
2025-04-09,4121,-9.689922480620151,4.295353720096785,8598537.0,2545872.4,9.871244635193133,8.58369098712446,17.59656652360515,24.892703862660937,28.755364806866957,11.65,83111045,9.6824367425,D_小型(<50億),生技醫療業,otc,False,3,True,2025,<1000萬(極低),937,30+檔(全面性恐慌)
2025-04-09,4128,-9.909909909909908,4.388373348426265,114066971.0,33149997.9,10.000000000000009,12.749999999999995,13.249999999999984,15.999999999999993,18.500000000000007,20.0,588170597,117.6341194,B_中型(100-500億),生技醫療業,otc,False,3,True,2025,5000萬-2億,937,30+檔(全面性恐慌)
2025-04-09,4164,-9.937106918239003,2.945385201401819,205409854.0,93753975.8,9.916201117318458,17.45810055865922,21.50837988826817,19.27374301675979,19.27374301675979,35.8,195310989,69.921334062,C_中小型(50-100億),生技醫療業,sii,False,3,True,2025,>2億(高),937,30+檔(全面性恐慌)
2025-04-09,4168,-9.999999999999998,4.529581381293825,13485676.0,3860229.0,9.84126984126985,4.444444444444451,7.619047619047614,1.9047619047619202,13.333333333333353,15.75,112521318,17.722107585,D_小型(<50億),生技醫療業,otc,False,3,True,2025,1000萬-5000萬,937,30+檔(全面性恐慌)
2025-04-09,4188,-9.890109890109889,2.830462859352877,2659365.0,1252700.55,9.756097560975597,10.162601626016254,8.943089430894302,9.756097560975597,13.414634146341452,12.3,63332900,7.7899467,D_小型(<50億),生技醫療業,otc,False,3,True,2025,<1000萬(極低),937,30+檔(全面性恐慌)
2025-04-09,4190,-9.867452135493371,6.296846509234504,8638874.0,1697888.8,9.967320261437894,8.169934640522868,11.43790849673203,10.457516339869265,19.281045751633986,30.6,61444112,18.801898272,D_小型(<50億),生技醫療業,sii,False,3,True,2025,<1000萬(極低),937,30+檔(全面性恐慌)
2025-04-09,4401,-9.81595092024541,3.6579913863286984,6734682.0,2311906.3,9.183673469387754,8.163265306122458,13.265306122448983,14.62585034013606,17.34693877551021,14.7,122692012,18.035725764,D_小型(<50億),紡織纖維,otc,False,3,True,2025,<1000萬(極低),937,30+檔(全面性恐慌)
2025-04-09,4413,-9.965635738831624,6.011259148057797,425949.0,88689.1,8.778625954198471,7.6335877862595325,,11.832061068702293,22.519083969465647,13.1,31314689,4.102224259,D_小型(<50億),紡織纖維,otc,False,3,True,2025,<1000萬(極低),937,30+檔(全面性恐慌)
2025-04-09,4536,-9.876543209876543,3.2661224920319185,148135194.0,58114311.15,9.931506849315074,15.410958904109595,17.465753424657528,18.493150684931514,20.547945205479444,146.0,90820000,132.5972,B_中型(100-500億),運動休閒,sii,False,3,True,2025,5000萬-2億,937,30+檔(全面性恐慌)
2025-04-09,4543,-9.883720930232565,2.477753370375156,9407709.0,5214211.8,9.892473118279565,12.473118279569896,22.150537634408597,21.720430107526887,33.763440860215056,23.25,59772300,13.89705975,D_小型(<50億),電機機械,otc,False,3,True,2025,<1000萬(極低),937,30+檔(全面性恐慌)
2025-04-09,4545,-9.967320261437907,2.966069400035568,13942167.0,6245446.7,9.981851179673317,11.07078039927405,11.796733212341204,12.522686025408337,62.794918330308526,27.55,77000000,21.2135,D_小型(<50億),電子零組件業,sii,False,3,True,2025,1000萬-5000萬,937,30+檔(全面性恐慌)
2025-04-09,4549,-9.777777777777775,2.4745644285433057,75162649.0,41439063.4,9.852216748768484,12.807881773399021,14.778325123152714,13.300492610837434,16.748768472906406,101.5,57002445,57.857481675,C_中小型(50-100億),電機機械,otc,False,3,True,2025,5000萬-2億,937,30+檔(全面性恐慌)
2025-04-09,4558,-9.815950920245397,3.4055507089799226,3068646.0,1184811.95,2.0408163265306145,2.26757369614512,7.256235827664392,2.4943310657596474,13.832199546485269,22.05,50000000,11.025,D_小型(<50億),電機機械,otc,False,3,True,2025,<1000萬(極低),937,30+檔(全面性恐慌)
2025-04-09,4563,-9.968354430379755,2.9885292504398575,61538986.0,27471465.9,9.841827768014056,18.10193321616873,21.265377855887536,23.37434094903339,25.659050966608078,56.9,54950000,31.26655,D_小型(<50億),電機機械,otc,False,3,True,2025,5000萬-2億,937,30+檔(全面性恐慌)
2025-04-09,4584,-9.947643979057585,2.969807723831438,6659378.0,2572392.35,9.689922480620151,1.9379844961240345,5.03875968992249,5.620155038759678,11.627906976744185,51.6,30002400,15.4812384,D_小型(<50億),電機機械,otc,False,2,True,2025,<1000萬(極低),937,30+檔(全面性恐慌)
2025-04-09,4702,-9.999999999999998,3.0273014066417714,2056938.0,854838.75,7.017543859649122,6.198830409356715,9.707602339181287,8.654970760233894,26.900584795321624,8.55,72333200,6.1844886,D_小型(<50億),居家生活,otc,False,3,True,2025,<1000萬(極低),937,30+檔(全面性恐慌)
2025-04-09,4716,-9.846153846153848,2.057441300977835,28678935.0,18245146.75,9.89761092150172,13.310580204778155,14.334470989761083,10.921501706484648,15.358361774744012,14.65,94427191,13.833583481500002,D_小型(<50億),化學工業,otc,False,3,True,2025,1000萬-5000萬,937,30+檔(全面性恐慌)
2025-04-09,4721,-9.969481180061035,2.6099308956111846,22338546.0,11416815.15,9.943502824858763,12.994350282485879,14.124293785310726,14.576271186440692,18.87005649717515,44.25,74986304,33.18143952,D_小型(<50億),化學工業,otc,False,3,True,2025,1000萬-5000萬,937,30+檔(全面性恐慌)
2025-04-09,4726,-9.868421052631582,4.4932812945969784,39074530.0,11035267.75,9.85401459854016,13.686131386861323,16.788321167883225,12.40875912408761,17.518248175182507,27.4,207041800,56.7294532,C_中小型(50-100億),生技醫療業,otc,False,3,True,2025,1000萬-5000萬,937,30+檔(全面性恐慌)
2025-04-09,4729,-9.86301369863014,2.9698874220175226,14079759.0,6358004.85,9.726443768996962,20.668693009118556,24.62006079027357,20.668693009118556,27.65957446808511,16.45,79226741,13.0327988945,D_小型(<50億),光電業,otc,False,3,True,2025,1000萬-5000萬,937,30+檔(全面性恐慌)
2025-04-09,4739,-9.977324263038545,2.8037711691034457,26098522.0,11674077.7,9.94962216624684,11.712846347607053,15.61712846347605,9.319899244332476,11.964735516372805,39.7,124649269,49.485759793,D_小型(<50億),化學工業,sii,False,3,True,2025,1000萬-5000萬,937,30+檔(全面性恐慌)
2025-04-09,4741,-9.982788296041312,16.343028082188415,26108205.0,1684624.6,-1.7208413001912004,-5.544933078393877,-0.19120458891012104,-3.2504780114722687,0.19120458891013214,26.15,34812079,9.1033586585,D_小型(<50億),化學工業,otc,False,3,True,2025,1000萬-5000萬,937,30+檔(全面性恐慌)
2025-04-09,4746,-9.999999999999998,4.261944766749617,115177452.0,33725181.1,9.898989898989896,16.161616161616156,19.191919191919183,16.36363636363636,27.878787878787882,49.5,120255963,59.526701685,C_中小型(50-100億),生技醫療業,sii,False,3,True,2025,5000萬-2億,937,30+檔(全面性恐慌)
2025-04-09,4760,-9.813084112149529,3.6090137635507307,43950471.0,15150389.55,9.974093264248719,16.83937823834196,20.85492227979273,23.18652849740932,31.476683937823836,77.2,32218283,24.872514476,D_小型(<50億),其他電子業,otc,False,3,False,2025,1000萬-5000萬,937,30+檔(全面性恐慌)
2025-04-09,4768,-9.81132075471699,3.9285423221028712,114730872.0,38978917.25,9.832635983263604,18.723849372384937,19.246861924686208,19.246861924686208,14.016736401673647,95.6,47487969,45.398498364,D_小型(<50億),化學工業,otc,False,3,False,2025,5000萬-2億,937,30+檔(全面性恐慌)
2025-04-09,4907,-9.911894273127754,2.64372142414678,13861193.0,7297227.15,8.068459657701732,1.833740831295838,7.457212713936445,4.034229828850844,9.7799511002445,40.9,118145778,48.321623202,D_小型(<50億),建材營造,otc,False,3,True,2025,1000萬-5000萬,937,30+檔(全面性恐慌)
2025-04-09,4912,-9.919261822376024,2.5030616014305154,75830241.0,43071912.85,4.865556978233054,6.017925736235608,8.194622279129327,6.017925736235608,13.956466069142138,78.1,66993099,52.321610318999994,C_中小型(50-100億),電子零組件業,sii,False,3,True,2025,5000萬-2億,937,30+檔(全面性恐慌)
2025-04-09,4915,-9.925925925925927,2.8898922667748366,327918751.0,145468518.25,9.868421052631572,15.46052631578949,20.230263157894733,17.763157894736835,27.631578947368407,60.8,471880824,286.903540992,B_中型(100-500億),電子零組件業,sii,False,3,True,2025,>2億(高),937,30+檔(全面性恐慌)
2025-04-09,4919,-9.969788519637468,3.6460696935834815,350563479.0,130068604.25,9.899328859060397,10.570469798657722,12.583892617449655,12.248322147651013,20.46979865771812,59.6,419765268,250.180099728,B_中型(100-500億),半導體業,sii,False,3,True,2025,>2億(高),937,30+檔(全面性恐慌)
2025-04-09,4923,-9.9236641221374,2.3136766526548755,3795188.0,2174750.85,9.957627118644051,14.406779661016934,27.118644067796605,45.55084745762712,27.330508474576277,23.6,33890800,7.9982288,D_小型(<50億),半導體業,otc,False,3,True,2025,<1000萬(極低),937,30+檔(全面性恐慌)
2025-04-09,4935,-9.870740305522908,3.2684510808768503,15793031.0,6137220.15,9.908735332464147,13.037809647979138,13.68970013037809,14.471968709256844,16.688396349413303,38.35,128864091,49.41937889850001,D_小型(<50億),光電業,sii,False,3,False,2025,1000萬-5000萬,937,30+檔(全面性恐慌)
2025-04-09,4951,-9.98168498168499,2.7563451541554382,31406840.0,13609601.1,9.867751780264488,20.44760935910479,21.46490335707021,22.075279755849444,24.923702950152602,49.15,34148713,16.7840924395,D_小型(<50億),半導體業,otc,False,3,True,2025,1000萬-5000萬,937,30+檔(全面性恐慌)
2025-04-09,4952,-9.947643979057597,4.280287847965829,36230900.0,10696492.0,9.883720930232553,17.296511627906995,19.76744186046513,15.261627906976738,20.348837209302317,34.4,108815816,37.43264070399999,D_小型(<50億),半導體業,sii,False,3,True,2025,1000萬-5000萬,937,30+檔(全面性恐慌)
2025-04-09,4976,-9.980430528375738,2.4274362514123076,17971014.0,10254556.75,10.000000000000009,9.13043478260871,10.869565217391308,12.391304347826093,21.304347826086946,23.0,141351000,32.51073,D_小型(<50億),光電業,sii,False,3,True,2025,1000萬-5000萬,937,30+檔(全面性恐慌)
2025-04-09,5011,-9.80392156862745,3.8121844062400854,14732804.0,4810096.95,5.797101449275344,6.884057971014479,6.521739130434767,1.086956521739113,5.072463768115942,13.8,100673922,13.893001236000002,D_小型(<50億),鋼鐵工業,otc,False,3,True,2025,1000萬-5000萬,937,30+檔(全面性恐慌)
2025-04-09,5230,-9.86666666666668,4.0497440410880134,14888730.0,4789976.95,9.763313609467472,16.863905325443795,21.00591715976332,20.118343195266284,26.035502958579904,16.9,55976730,9.460067369999999,D_小型(<50億),光電業,otc,False,3,True,2025,1000萬-5000萬,937,30+檔(全面性恐慌)
2025-04-09,5234,-9.999999999999998,2.0921208650387415,319955150.0,207076365.55,9.92063492063493,24.603174603174605,25.0,26.58730158730158,32.93650793650793,126.0,102715911,129.42204786,B_中型(100-500億),光電業,sii,False,3,True,2025,>2億(高),937,30+檔(全面性恐慌)
2025-04-09,5236,-9.745762711864403,4.411126786829154,94827200.0,27173902.3,9.859154929577475,15.02347417840375,17.84037558685445,17.84037558685445,17.37089201877935,106.5,60004038,63.90430047,C_中小型(50-100億),半導體業,sii,False,3,True,2025,5000萬-2億,937,30+檔(全面性恐慌)
2025-04-09,5243,-9.916367980884111,3.4860279733630555,124753698.0,46683971.65,9.946949602122013,12.599469496021221,11.538461538461519,13.6604774535809,21.08753315649865,37.7,168528915,63.53540095500001,C_中小型(50-100億),光電業,sii,False,3,True,2025,5000萬-2億,937,30+檔(全面性恐慌)
2025-04-09,5288,-9.893992932862194,2.5776701383651712,82159016.0,41240210.5,9.80392156862746,11.764705882352944,13.33333333333333,11.764705882352944,13.725490196078427,127.5,69698722,88.86587055,C_中小型(50-100億),電機機械,sii,False,3,True,2025,5000萬-2億,937,30+檔(全面性恐慌)
2025-04-09,5301,-9.903713892709764,6.4822570671785735,2301067.0,435317.8,6.717557251908413,5.954198473282446,-4.8854961832060955,-7.175572519083961,-10.99236641221374,6.55,65890304,4.315814912,D_小型(<50億),觀光餐旅,otc,False,3,True,2025,<1000萬(極低),937,30+檔(全面性恐慌)
2025-04-09,5302,-9.999999999999998,4.071066037353265,3549426.0,1078237.1,9.893455098934535,11.111111111111093,14.155251141552515,8.675799086757973,20.39573820395737,6.57,159888349,10.504664529300001,D_小型(<50億),半導體業,otc,False,3,True,2025,<1000萬(極低),937,30+檔(全面性恐慌)
2025-04-09,5306,-9.912854030501084,4.22296010612019,78022179.0,23731396.35,9.915356711003632,9.431680773881501,14.993954050785963,13.301088270858518,16.324062877871825,82.7,126000772,104.202638444,B_中型(100-500億),運動休閒,sii,False,3,True,2025,5000萬-2億,937,30+檔(全面性恐慌)
2025-04-09,5328,-9.623430962343082,2.29285474643847,21970647.0,12602769.55,9.72222222222221,15.740740740740744,18.055555555555557,17.129629629629626,29.629629629629626,10.8,172710724,18.652758192,D_小型(<50億),電子零組件業,otc,False,3,True,2025,1000萬-5000萬,937,30+檔(全面性恐慌)
2025-04-09,5340,-9.982788296041312,2.1461605010003884,22749711.0,14559719.8,9.94263862332696,14.722753346080308,15.869980879541124,16.826003824091785,31.73996175908225,26.15,194893964,50.964771586,C_中小型(50-100億),電子零組件業,otc,False,3,True,2025,1000萬-5000萬,937,30+檔(全面性恐慌)
2025-04-09,5344,-9.652509652509655,2.6122129794917983,1264907.0,609643.55,9.829059829059839,4.2735042735042805,11.111111111111116,11.965811965811968,12.393162393162394,11.7,79447460,9.29535282,D_小型(<50億),半導體業,otc,False,3,True,2025,<1000萬(極低),937,30+檔(全面性恐慌)
2025-04-09,5386,-9.9290780141844,3.8422005306876286,31985157.0,10753284.75,9.842519685039374,16.33858267716537,18.11023622047245,20.27559055118111,31.88976377952757,50.8,36080881,18.329087548,D_小型(<50億),電腦及週邊設備業,otc,False,3,True,2025,1000萬-5000萬,937,30+檔(全面性恐慌)
2025-04-09,5425,-9.911054637865302,2.7747663593222462,176382064.0,87669374.5,9.873060648801136,16.078984485190407,17.48942172073342,18.617771509167834,28.77291960507755,35.45,263485486,93.405604787,C_中小型(50-100億),半導體業,otc,False,3,True,2025,5000萬-2億,937,30+檔(全面性恐慌)
2025-04-09,5450,-9.712230215827333,3.8094148527766074,2997557.0,1011680.5,9.960159362549792,12.350597609561742,17.928286852589647,19.521912350597592,27.091633466135455,12.55,122403239,15.3616064945,D_小型(<50億),其他,otc,False,3,True,2025,<1000萬(極低),937,30+檔(全面性恐慌)
2025-04-09,5488,-9.999999999999998,2.145368494612379,5196555.0,3215803.5,9.876543209876543,12.208504801097387,15.637860082304522,17.832647462277084,22.90809327846366,7.29,91586124,6.6766284396,D_小型(<50億),電子零組件業,otc,False,3,True,2025,<1000萬(極低),937,30+檔(全面性恐慌)
2025-04-09,5498,-9.999999999999998,3.428426921363258,10876971.0,4105861.5,9.876543209876543,12.894375857338837,21.26200274348422,20.164609053497927,24.00548696844993,7.29,193548545,14.109688930499999,D_小型(<50億),電子零組件業,otc,False,3,True,2025,1000萬-5000萬,937,30+檔(全面性恐慌)
2025-04-09,6120,-9.950248756218905,3.0416650607115736,34572112.0,15225333.45,9.944751381215443,11.602209944751362,14.364640883977886,13.25966850828728,24.861878453038667,9.05,598999602,54.209463981000006,C_中小型(50-100億),光電業,sii,False,3,True,2025,1000萬-5000萬,937,30+檔(全面性恐慌)
2025-04-09,6124,-9.956709956709965,5.81764619177518,6019007.0,1295550.6,9.85576923076923,12.5,14.182692307692314,13.701923076923062,28.12499999999998,20.8,182479945,37.95582856,D_小型(<50億),電子零組件業,otc,False,3,True,2025,<1000萬(極低),937,30+檔(全面性恐慌)
2025-04-09,6126,-9.903381642512077,3.5409688754381725,28001806.0,9941438.75,9.919571045576415,14.745308310991966,20.107238605898115,19.83914209115283,26.809651474530828,18.65,129770908,24.202274342,D_小型(<50億),電子零組件業,otc,False,3,True,2025,1000萬-5000萬,937,30+檔(全面性恐慌)
2025-04-09,6129,-9.777777777777775,3.290549542892209,10885830.0,4476854.1,9.852216748768484,12.807881773399,19.21182266009851,16.256157635467993,18.226600985221665,10.15,180943675,18.3657830125,D_小型(<50億),半導體業,otc,False,3,True,2025,1000萬-5000萬,937,30+檔(全面性恐慌)
2025-04-09,6133,-9.818181818181815,2.066368292216266,10115426.0,6607707.4,9.677419354838701,9.677419354838701,11.290322580645174,12.5,18.548387096774178,12.4,117006294,14.508780456000002,D_小型(<50億),電子零組件業,sii,False,3,True,2025,1000萬-5000萬,937,30+檔(全面性恐慌)
2025-04-09,6139,-9.974424552429673,2.167057355722361,1217542158.0,760741909.0,9.943181818181813,16.47727272727273,22.72727272727273,28.693181818181813,38.35227272727273,176.0,235575724,414.61327424,B_中型(100-500億),其他電子業,sii,False,3,True,2025,>2億(高),937,30+檔(全面性恐慌)
2025-04-09,6142,-9.963547995139733,3.0939851989495706,15011818.0,6386437.95,9.986504723346833,14.70985155195681,15.789473684210531,15.924426450742235,17.81376518218625,7.41,330779215,24.5107398315,D_小型(<50億),通信網路業,sii,False,3,True,2025,1000萬-5000萬,937,30+檔(全面性恐慌)
2025-04-09,6152,-9.518213866039948,2.6606934569978944,12380287.0,6227186.75,10.000000000000009,17.532467532467532,17.792207792207805,17.01298701298701,24.02597402597404,7.7,167738463,12.915861651000002,D_小型(<50億),通信網路業,sii,False,3,False,2025,1000萬-5000萬,937,30+檔(全面性恐慌)
2025-04-09,6153,-9.82142857142857,2.6645214919982063,50544869.0,24544487.75,9.90099009900991,12.871287128712883,10.396039603960405,11.881188118811892,18.31683168316831,10.1,636177694,64.253947094,C_中小型(50-100億),電子零組件業,sii,False,3,True,2025,5000萬-2億,937,30+檔(全面性恐慌)
2025-04-09,6158,-9.885057471264357,4.678682810055043,10686797.0,2830452.4,9.948979591836737,12.244897959183664,14.795918367346928,17.34693877551019,19.13265306122449,19.6,55698288,10.916864448000002,D_小型(<50億),電子零組件業,otc,False,3,True,2025,1000萬-5000萬,937,30+檔(全面性恐慌)
2025-04-09,6167,-9.953488372093023,4.794793040484488,10558695.0,2790966.35,9.50413223140496,5.371900826446274,6.921487603305776,9.50413223140496,23.450413223140497,9.68,146000000,14.1328,D_小型(<50億),光電業,otc,False,3,True,2025,1000萬-5000萬,937,30+檔(全面性恐慌)
2025-04-09,6168,-9.9009900990099,3.154351034224989,18346269.0,7819406.9,9.890109890109876,15.01831501831501,16.483516483516492,16.117216117216103,19.780219780219777,13.65,205761801,28.0864858365,D_小型(<50億),光電業,sii,False,3,True,2025,1000萬-5000萬,937,30+檔(全面性恐慌)
2025-04-09,6173,-9.878419452887544,3.4707541395384824,31508436.0,11862551.5,9.94940978077572,13.15345699831365,15.85160202360878,14.333895446880263,23.9460370994941,29.65,171200000,50.7608,C_中小型(50-100億),電子零組件業,otc,False,3,True,2025,1000萬-5000萬,937,30+檔(全面性恐慌)
2025-04-09,6182,-9.943181818181824,2.938356228752197,90632871.0,42283942.45,9.779179810725536,21.76656151419558,23.34384858044165,23.65930599369086,26.182965299684536,15.85,593601315,94.0858084275,C_中小型(50-100億),半導體業,otc,False,3,True,2025,5000萬-2億,937,30+檔(全面性恐慌)
2025-04-09,6188,-9.9290780141844,2.353355312928129,244984727.0,150267382.65,9.921259842519682,18.8976377952756,20.472440944881896,19.685039370078748,26.92913385826772,63.5,278358910,176.75790785,B_中型(100-500億),電腦及週邊設備業,otc,False,3,True,2025,>2億(高),937,30+檔(全面性恐慌)
2025-04-09,6194,-9.921259842519682,3.8983988753242205,21251568.0,6726166.1,9.965034965034958,13.98601398601398,15.384615384615374,15.384615384615374,23.95104895104896,28.6,48000000,13.728,D_小型(<50億),電子零組件業,otc,False,3,True,2025,1000萬-5000萬,937,30+檔(全面性恐慌)
2025-04-09,6202,-9.959072305593452,2.239053416662679,40351026.0,25083089.05,9.999999999999986,14.090909090909086,16.8181818181818,15.15151515151516,30.303030303030297,33.0,230388200,76.028106,C_中小型(50-100億),半導體業,sii,False,3,True,2025,1000萬-5000萬,937,30+檔(全面性恐慌)
2025-04-09,6207,-10.000000000000009,2.212320629926518,27131802.0,16577951.55,9.956709956709965,11.976911976911975,14.285714285714302,16.594516594516605,24.531024531024535,34.65,79679910,27.609088815,D_小型(<50億),電子零組件業,otc,False,3,True,2025,1000萬-5000萬,937,30+檔(全面性恐慌)
2025-04-09,6213,-9.999999999999998,3.038472035426893,295932165.0,128912577.55,9.865005192108,18.172377985462095,20.04153686396677,25.233644859813076,47.87123572170302,48.15,363562218,175.055207967,B_中型(100-500億),電子零組件業,sii,False,3,True,2025,>2億(高),937,30+檔(全面性恐慌)
2025-04-09,6217,-9.936575052854113,2.418358268027614,28961854.0,16432462.5,9.859154929577452,17.840375586854474,20.657276995305153,26.760563380281678,34.97652582159625,21.3,117210018,24.965733834,D_小型(<50億),電子零組件業,otc,False,3,True,2025,1000萬-5000萬,937,30+檔(全面性恐慌)
2025-04-09,6218,-9.943181818181824,2.1074961051727366,5947588.0,3914747.95,9.46372239747635,8.201892744479489,15.14195583596214,11.041009463722418,29.96845425867509,15.85,64262000,10.185527,D_小型(<50億),通信網路業,otc,False,3,True,2025,<1000萬(極低),937,30+檔(全面性恐慌)
2025-04-09,6229,-9.879518072289162,3.897194644619133,10179112.0,3540176.3,9.893048128342263,19.78609625668448,28.342245989304814,22.459893048128343,46.25668449197862,18.7,40360700,7.5474509,D_小型(<50億),半導體業,otc,False,3,True,2025,1000萬-5000萬,937,30+檔(全面性恐慌)
2025-04-09,6235,-9.951456310679617,3.4535011092763592,105317073.0,42123530.05,9.97304582210241,20.61994609164419,27.088948787061984,25.60646900269541,39.35309973045822,37.1,199906306,74.16523952600001,C_中小型(50-100億),電腦及週邊設備業,sii,False,3,True,2025,5000萬-2億,937,30+檔(全面性恐慌)
2025-04-09,6246,-9.727626459143968,2.4780185966220567,2250763.0,1141149.2,6.034482758620707,4.31034482758621,10.344827586206895,10.775862068965525,20.68965517241379,11.6,37851415,4.39076414,D_小型(<50億),光電業,otc,False,3,True,2025,<1000萬(極低),937,30+檔(全面性恐慌)
2025-04-09,6269,-9.918200408997958,3.572287460017013,188393836.0,68850445.6,9.988649262202065,13.961407491486955,14.415437003405218,12.031782065834285,15.55051078320091,44.05,323831481,142.6477673805,B_中型(100-500億),電子零組件業,sii,False,3,True,2025,5000萬-2億,937,30+檔(全面性恐慌)
2025-04-09,6270,-9.819121447028433,3.8550272439274464,9959816.0,3133174.55,9.742120343839545,18.338108882521496,24.068767908309454,29.51289398280803,35.53008595988538,17.45,72145759,12.589434945499999,D_小型(<50億),電子通路業,otc,False,3,True,2025,<1000萬(極低),937,30+檔(全面性恐慌)
2025-04-09,6271,-9.978540772532185,2.279891891312132,246015046.0,139271060.85,9.892729439809301,14.66030989272944,15.971394517282466,21.573301549463643,28.128724672228845,83.9,209058024,175.39968213600002,B_中型(100-500億),半導體業,sii,False,3,True,2025,>2億(高),937,30+檔(全面性恐慌)
2025-04-09,6282,-9.959349593495947,2.3109466385043937,111308846.0,63548981.55,9.932279909706555,12.415349887133175,18.510158013544032,11.060948081264122,18.510158013544032,22.15,856031294,189.610931621,B_中型(100-500億),電子零組件業,sii,False,3,True,2025,5000萬-2億,937,30+檔(全面性恐慌)
2025-04-09,6284,-9.874608150470209,2.46301518329825,117332025.0,62253451.15,9.913043478260875,12.86956521739131,15.652173913043477,12.347826086956504,22.260869565217376,57.5,148980341,85.663696075,C_中小型(50-100億),電子零組件業,otc,False,3,True,2025,5000萬-2億,937,30+檔(全面性恐慌)
2025-04-09,6411,-9.922480620155039,4.442164335263614,51562805.0,14055298.45,9.982788296041312,17.728055077452677,19.621342512908768,20.654044750430288,28.915662650602414,58.1,99497331,57.807949311,C_中小型(50-100億),半導體業,otc,False,3,True,2025,5000萬-2億,937,30+檔(全面性恐慌)
2025-04-09,6416,-9.915356711003632,2.2251991683710295,174695118.0,114324694.15,9.932885906040267,17.4496644295302,18.120805369127524,15.033557046979862,17.18120805369128,74.5,73348460,54.6446027,C_中小型(50-100億),通信網路業,sii,False,3,True,2025,5000萬-2億,937,30+檔(全面性恐慌)
2025-04-09,6423,-9.944751381215477,4.13422810619153,13307896.0,4082329.2,9.969325153374232,12.883435582822077,14.26380368098159,20.398773006134974,15.644171779141104,65.2,31016000,20.222432,D_小型(<50億),半導體業,otc,False,3,True,2025,1000萬-5000萬,937,30+檔(全面性恐慌)
2025-04-09,6441,-9.941520467836252,3.6409527934170636,4891246.0,1792802.55,9.956709956709942,0.8658008658008587,3.463203463203457,-1.515151515151525,31.38528138528138,23.1,53318429,12.316557099,D_小型(<50億),電腦及週邊設備業,otc,False,3,True,2025,<1000萬(極低),937,30+檔(全面性恐慌)
2025-04-09,6456,-9.962168978562413,3.54294108554727,66448212.0,24048278.5,9.9439775910364,12.04481792717087,15.68627450980391,21.84873949579831,32.63305322128851,35.7,337939800,120.64450860000002,B_中型(100-500億),光電業,sii,False,3,True,2025,5000萬-2億,937,30+檔(全面性恐慌)
2025-04-09,6470,-9.95423340961099,2.5303855337323724,22320698.0,11739807.15,9.911054637865302,13.214739517153728,15.37484116899619,13.977128335451084,18.932655654383733,39.35,37694100,14.83262835,D_小型(<50億),通信網路業,otc,False,3,True,2025,1000萬-5000萬,937,30+檔(全面性恐慌)
2025-04-09,6494,-9.903713892709764,3.35571087758584,6182787.0,2298889.45,9.92366412213741,18.167938931297712,23.206106870229014,20.305343511450367,24.580152671755705,32.75,31559690,10.335798475,D_小型(<50億),半導體業,otc,False,3,True,2025,<1000萬(極低),937,30+檔(全面性恐慌)
2025-04-09,6510,-9.944751381215466,2.5546483389619628,304530450.0,159180122.95,9.81595092024541,15.95092024539877,29.03885480572597,38.24130879345604,53.16973415132924,489.0,32789022,160.33831758,B_中型(100-500億),半導體業,otc,False,3,True,2025,>2億(高),937,30+檔(全面性恐慌)
2025-04-09,6526,-9.999999999999998,2.6199224684842872,414866103.0,203317914.2,9.92907801418439,15.366430260047292,19.14893617021276,15.602836879432624,18.91252955082743,423.0,167505554,708.54849342,A_大型(>=500億),半導體業,sii,False,3,True,2025,>2億(高),937,30+檔(全面性恐慌)
2025-04-09,6530,-9.999999999999998,2.6556105854697543,32474564.0,17577419.75,9.934640522875803,11.503267973856213,15.294117647058837,27.189542483660123,33.59477124183008,38.25,33750000,12.909375,D_小型(<50億),通信網路業,otc,False,3,True,2025,1000萬-5000萬,937,30+檔(全面性恐慌)
2025-04-09,6532,-9.861591695501726,2.8018118293927796,22975275.0,10110681.8,9.980806142034538,13.62763915547025,15.930902111324375,14.779270633397301,18.809980806142022,52.1,37445147,19.508921587,D_小型(<50億),半導體業,otc,False,3,True,2025,1000萬-5000萬,937,30+檔(全面性恐慌)
2025-04-09,6533,-9.906542056074763,2.262624056335858,269731518.0,165589929.4,9.958506224066399,15.145228215767625,17.634854771784237,17.01244813278009,19.50207468879668,241.0,50650911,122.06869551,B_中型(100-500億),半導體業,sii,False,3,True,2025,>2億(高),937,30+檔(全面性恐慌)
2025-04-09,6535,-9.722222222222221,2.484232177208112,114796061.0,65309785.75,10.000000000000009,23.076923076923084,21.53846153846153,21.923076923076934,21.153846153846146,130.0,167840825,218.1930725,B_中型(100-500億),生技醫療業,otc,False,3,True,2025,5000萬-2億,937,30+檔(全面性恐慌)
2025-04-09,6550,-9.914529914529913,3.0129234988529103,54521638.0,24796710.4,9.867172675521818,14.990512333965844,38.89943074003794,43.26375711574953,67.55218216318784,26.35,894792688,235.77787328800002,B_中型(100-500億),生技醫療業,sii,False,3,True,2025,5000萬-2億,937,30+檔(全面性恐慌)
2025-04-09,6552,-9.980430528375738,2.425978866132521,4863467.0,2607320.0,10.000000000000009,6.739130434782603,10.652173913043473,10.434782608695636,17.82608695652175,23.0,83000000,19.09,D_小型(<50億),半導體業,sii,False,3,True,2025,<1000萬(極低),937,30+檔(全面性恐慌)
2025-04-09,6556,-9.883720930232553,2.4680733622701156,1850587.0,909566.8,10.000000000000009,18.709677419354833,22.580645161290324,28.38709677419353,25.322580645161285,62.0,28750000,17.825,D_小型(<50億),光電業,otc,False,3,True,2025,<1000萬(極低),937,30+檔(全面性恐慌)
2025-04-09,6560,-9.856262833675578,4.753807866288,3800736.0,998398.8,9.794988610478361,32.8018223234624,53.075170842824605,43.96355353075172,47.60820045558087,21.95,32474715,7.1281999425,D_小型(<50億),光電業,otc,False,3,True,2025,<1000萬(極低),937,30+檔(全面性恐慌)
2025-04-09,6576,-9.672386895475816,2.373584957133817,33632318.0,18809596.15,9.844559585492242,9.67184801381693,10.708117443868726,11.226252158894656,13.644214162348867,57.9,157540541,91.215973239,C_中小型(50-100億),生技醫療業,otc,False,3,False,2025,1000萬-5000萬,937,30+檔(全面性恐慌)
2025-04-09,6585,-9.876543209876543,2.3330007575489633,78433352.0,46418110.05,9.589041095890405,8.219178082191792,12.785388127853881,10.95890410958904,9.1324200913242,109.5,72133587,78.986277765,C_中小型(50-100億),其他,sii,False,3,True,2025,5000萬-2億,937,30+檔(全面性恐慌)
2025-04-09,6589,-9.914529914529913,3.4646409165560135,68831964.0,24806377.1,9.867172675521818,17.647058823529417,17.83681214421251,17.647058823529417,16.129032258064523,52.7,306871174,161.72110869800002,B_中型(100-500億),生技醫療業,sii,False,3,True,2025,5000萬-2億,937,30+檔(全面性恐慌)
2025-04-09,6605,-9.968847352024923,3.134027042553455,224897874.0,93970975.55,9.688581314878885,16.608996539792397,22.491349480968847,20.41522491349481,22.491349480968847,144.5,165816397,239.604693665,B_中型(100-500億),汽車工業,sii,False,3,True,2025,>2億(高),937,30+檔(全面性恐慌)
2025-04-09,6629,-9.944134078212297,5.7340239447003105,34155326.0,7719089.6,9.925558312655092,1.2406947890818865,22.332506203473955,27.79156327543426,23.076923076923084,80.6,38379563,30.933927777999997,D_小型(<50億),居家生活,otc,False,3,True,2025,1000萬-5000萬,937,30+檔(全面性恐慌)
2025-04-09,6664,-9.876543209876543,3.975576276521106,138503439.0,45164573.15,9.931506849315074,10.95890410958904,18.835616438356162,18.835616438356162,21.575342465753433,146.0,60806570,88.7775922,C_中小型(50-100億),電子零組件業,otc,False,3,True,2025,5000萬-2億,937,30+檔(全面性恐慌)
2025-04-09,6674,-9.97067448680352,2.6360137654456772,1123091.0,561737.55,9.446254071661242,6.1889250814332275,9.771986970684043,10.097719869706822,48.859934853420214,15.35,68550659,10.5225261565,D_小型(<50億),通信網路業,sii,False,3,True,2025,<1000萬(極低),937,30+檔(全面性恐慌)
2025-04-09,6679,-9.999999999999998,3.1535016182115982,143136022.0,58965233.3,7.4935400516795925,5.167958656330751,4.909560723514206,8.010335917312661,8.52713178294573,193.5,54975335,106.377273225,B_中型(100-500億),半導體業,otc,False,3,True,2025,5000萬-2億,937,30+檔(全面性恐慌)
2025-04-09,6698,-9.84848484848484,2.682387054759444,13987502.0,7003987.55,9.873949579831919,8.193277310924362,12.394957983193278,11.5546218487395,16.176470588235283,23.8,66389753,15.800761214000001,D_小型(<50億),其他電子業,sii,False,3,True,2025,1000萬-5000萬,937,30+檔(全面性恐慌)
2025-04-09,6715,-9.82142857142857,3.5393031581669603,45591203.0,15803041.5,9.90099009900991,12.376237623762387,14.851485148514843,13.861386138613852,17.821782178217816,101.0,67114944,67.78609344,C_中小型(50-100億),電子零組件業,sii,False,3,True,2025,1000萬-5000萬,937,30+檔(全面性恐慌)
2025-04-09,6733,-9.902912621359228,2.6837330532178245,8756913.0,4131533.6,9.913793103448288,10.56034482758621,14.43965517241379,12.93103448275863,22.62931034482758,23.2,134316026,31.161318031999997,D_小型(<50億),生技醫療業,otc,False,3,True,2025,<1000萬(極低),937,30+檔(全面性恐慌)
2025-04-09,6735,-9.9009900990099,2.502670571817929,4417780.0,2317741.8,9.890109890109876,3.4188034188034067,5.738705738705718,9.645909645909633,12.698412698412698,40.95,46182292,18.911648574,D_小型(<50億),其他電子業,otc,False,3,True,2025,<1000萬(極低),937,30+檔(全面性恐慌)
2025-04-09,6743,-9.98389694041868,2.8328042488664535,18721338.0,8774464.95,9.838998211091244,8.58676207513418,11.270125223613615,8.94454382826475,14.490161001788904,27.95,150000000,41.925,D_小型(<50億),其他電子業,sii,False,3,True,2025,1000萬-5000萬,937,30+檔(全面性恐慌)
2025-04-09,6756,-9.966024915062288,2.7417991815451797,22342144.0,11325471.2,9.937106918238992,14.716981132075468,14.968553459119494,11.82389937106918,17.73584905660377,79.5,69990000,55.64205,C_中小型(50-100億),半導體業,sii,False,3,True,2025,1000萬-5000萬,937,30+檔(全面性恐慌)
2025-04-09,6788,-9.935897435897434,3.067958771570154,156262643.0,66776353.75,9.964412811387891,22.419928825622783,23.13167259786477,23.13167259786477,27.75800711743772,140.5,38739683,54.429254615,C_中小型(50-100億),半導體業,otc,False,3,True,2025,5000萬-2億,937,30+檔(全面性恐慌)
2025-04-09,6789,-9.756097560975608,3.023141067200613,635810017.0,282334111.9,9.90990990990992,16.51651651651651,15.315315315315313,15.615615615615619,25.225225225225234,166.5,318299119,529.968033135,A_大型(>=500億),半導體業,sii,False,3,True,2025,>2億(高),937,30+檔(全面性恐慌)
2025-04-09,6804,-9.999999999999998,4.756692607003891,2449152.0,642592.85,9.84848484848484,12.12121212121211,13.636363636363624,19.444444444444443,20.2020202020202,19.8,47500000,9.405,D_小型(<50億),運動休閒,otc,False,3,True,2025,<1000萬(極低),937,30+檔(全面性恐慌)
2025-04-09,6821,-9.859154929577462,2.6049114317940174,4009551.0,1939115.05,9.895833333333325,14.583333333333325,25.0,25.868055555555557,69.09722222222223,28.8,31858507,9.175250016,D_小型(<50億),電子零組件業,otc,False,3,True,2025,<1000萬(極低),937,30+檔(全面性恐慌)
2025-04-09,6861,-9.912854030501084,3.0618282800965573,10350602.0,4343167.35,9.915356711003632,11.487303506650548,15.59854897218862,13.301088270858518,22.128174123337363,41.35,41599250,17.201289875,D_小型(<50億),生技醫療業,sii,False,3,True,2025,1000萬-5000萬,937,30+檔(全面性恐慌)
2025-04-09,6901,-9.954751131221728,3.6119341192874197,50711916.0,18266038.1,9.798994974874397,9.296482412060314,10.80402010050252,11.557788944723612,15.577889447236192,19.9,852860000,169.71913999999998,B_中型(100-500億),其他,sii,False,3,True,2025,5000萬-2億,937,30+檔(全面性恐慌)
2025-04-09,6919,-9.952606635071092,3.2228606403054947,1671610702.0,692175266.45,5.263157894736836,10.350877192982466,7.36842105263158,7.017543859649122,23.50877192982457,570.0,1557267860,8876.426802,A_大型(>=500億),生技醫療業,sii,False,3,True,2025,>2億(高),937,30+檔(全面性恐慌)
2025-04-09,6953,-9.968847352024923,2.0501697272702213,7055572.0,4583503.45,9.688581314878885,14.878892733564019,16.955017301038055,11.764705882352944,19.031141868512115,144.5,30014600,43.371097,D_小型(<50億),半導體業,otc,False,3,True,2025,<1000萬(極低),937,30+檔(全面性恐慌)
2025-04-09,6957,-9.87261146496815,3.2079525009646557,113941761.0,48902453.1,9.893992932862194,21.5547703180212,25.441696113074208,24.38162544169611,20.4946996466431,141.5,55512950,78.55082425,C_中小型(50-100億),其他,sii,False,3,True,2025,5000萬-2億,937,30+檔(全面性恐慌)
2025-04-09,7704,-9.999999999999998,2.299817526786132,3372269.0,2011778.8,9.90099009900991,9.35093509350935,27.39273927392738,29.592959295929578,31.57315731573156,45.45,33769804,15.348375918000002,D_小型(<50億),半導體業,otc,False,3,True,2025,<1000萬(極低),937,30+檔(全面性恐慌)
2025-04-09,8024,-10.000000000000009,2.9224594019883567,1551838.0,705069.75,8.119658119658135,4.2735042735042805,7.692307692307687,10.256410256410264,20.512820512820507,11.7,45160100,5.2837317,D_小型(<50億),半導體業,otc,False,3,True,2025,<1000萬(極低),937,30+檔(全面性恐慌)
2025-04-09,8027,-9.868421052631582,2.9020260723124065,84444468.0,39449895.2,9.85401459854016,25.182481751824803,40.6934306569343,36.67883211678833,31.569343065693435,54.8,109750596,60.143326607999995,C_中小型(50-100億),電機機械,otc,False,3,True,2025,5000萬-2億,937,30+檔(全面性恐慌)
2025-04-09,8034,-9.999999999999998,3.6458023780758855,9136116.0,3228273.5,9.999999999999986,13.703703703703706,19.259259259259267,16.296296296296298,21.111111111111125,13.5,56586353,7.639157655,D_小型(<50億),通信網路業,otc,False,3,True,2025,<1000萬(極低),937,30+檔(全面性恐慌)
2025-04-09,8040,-9.999999999999998,2.303726732353766,27240699.0,15470734.1,9.876543209876543,9.670781893004099,9.4650205761317,4.526748971193406,23.86831275720165,48.6,96413874,46.857142764,D_小型(<50億),半導體業,otc,False,3,True,2025,1000萬-5000萬,937,30+檔(全面性恐慌)
2025-04-09,8047,-9.961685823754795,2.474803898810264,6073045.0,3343361.6,9.787234042553195,11.06382978723406,13.191489361702136,10.63829787234043,17.021276595744684,11.75,41666343,4.8957953025,D_小型(<50億),其他電子業,otc,False,3,True,2025,<1000萬(極低),937,30+檔(全面性恐慌)
2025-04-09,8050,-9.874326750448837,3.497433249480421,98665591.0,36654187.05,9.960159362549792,16.33466135458166,16.533864541832656,16.33466135458166,23.30677290836651,50.2,205204891,103.012855282,B_中型(100-500億),電腦及週邊設備業,otc,False,3,True,2025,5000萬-2億,937,30+檔(全面性恐慌)
2025-04-09,8059,-9.865470852017932,2.299887565009878,16789982.0,10874985.95,9.950248756218905,2.736318407960181,11.194029850746269,12.189054726368154,37.81094527363182,20.1,193849750,38.96379975000001,D_小型(<50億),通信網路業,otc,False,3,True,2025,1000萬-5000萬,937,30+檔(全面性恐慌)
2025-04-09,8070,-9.869375907111767,2.002259201262603,301994121.0,197396717.45,9.98389694041868,16.26409017713366,21.57809983896941,22.222222222222232,43.15619967793882,31.05,725648455,225.3138452775,B_中型(100-500億),電子通路業,sii,False,3,True,2025,>2億(高),937,30+檔(全面性恐慌)
2025-04-09,8103,-9.947643979057597,2.8659960891032092,95002513.0,44802426.75,9.883720930232553,16.715116279069765,18.459302325581394,22.238372093023262,38.662790697674446,34.4,78436671,26.982214824,D_小型(<50億),電子零組件業,sii,False,3,True,2025,5000萬-2億,937,30+檔(全面性恐慌)
2025-04-09,8105,-9.999999999999998,4.740552130556525,60768883.0,16140202.75,9.582059123343512,18.246687054026502,20.795107033639137,27.420998980631992,35.06625891946993,9.81,441544851,43.315549883100005,D_小型(<50億),光電業,sii,False,3,True,2025,5000萬-2億,937,30+檔(全面性恐慌)
2025-04-09,8107,-9.941520467836263,2.047970151905481,12292874.0,7881863.55,9.740259740259738,11.688311688311682,18.50649350649349,19.8051948051948,29.220779220779214,15.4,75000000,11.55,D_小型(<50億),電機機械,otc,False,3,True,2025,1000萬-5000萬,937,30+檔(全面性恐慌)
2025-04-09,8150,-9.936575052854113,4.848397913839113,258232188.0,67762902.65,9.859154929577452,18.7793427230047,18.7793427230047,20.4225352112676,23.004694835680752,21.3,704523126,150.063425838,B_中型(100-500億),半導體業,sii,False,3,True,2025,>2億(高),937,30+檔(全面性恐慌)
2025-04-09,8183,-9.863945578231291,2.8864893898083364,16069518.0,7310071.4,9.999999999999986,13.962264150943394,15.849056603773581,13.962264150943394,12.83018867924528,26.5,121251068,32.13153302,D_小型(<50億),其他電子業,otc,False,3,True,2025,1000萬-5000萬,937,30+檔(全面性恐慌)
2025-04-09,8240,-9.98389694041868,4.481065296640058,34618727.0,10263670.25,9.838998211091244,13.416815742397148,14.490161001788904,15.02683363148478,18.604651162790688,27.95,100004414,27.951233712999997,D_小型(<50億),光電業,otc,False,3,True,2025,1000萬-5000萬,937,30+檔(全面性恐慌)
2025-04-09,8255,-9.956709956709952,3.5790933115524504,102365707.0,37120770.85,9.615384615384626,14.903846153846146,17.78846153846154,21.634615384615373,21.153846153846146,104.0,101797480,105.8693792,B_中型(100-500億),電機機械,otc,False,3,True,2025,5000萬-2億,937,30+檔(全面性恐慌)
2025-04-09,8277,-9.912854030501094,2.7357689574512185,6200703.0,3011293.9,9.915356711003632,12.454655380894808,12.81741233373641,20.677146311970994,16.2031438935913,8.27,91628833,7.577704489099999,D_小型(<50億),半導體業,otc,False,3,True,2025,<1000萬(極低),937,30+檔(全面性恐慌)
2025-04-09,8289,-9.782608695652161,4.61428247792388,6446680.0,1751548.2,9.939759036144569,12.04819277108433,13.55421686746987,14.457831325301186,20.180722891566248,16.6,68333765,11.34340499,D_小型(<50億),電子零組件業,otc,False,3,True,2025,<1000萬(極低),937,30+檔(全面性恐慌)
2025-04-09,8440,-9.999999999999998,2.5879064828927754,12856165.0,6399303.55,9.876543209876543,15.873015873015884,19.400352733686077,23.28042328042328,36.50793650793651,28.35,50255299,14.247377266500001,D_小型(<50億),綠能環保,otc,False,3,True,2025,1000萬-5000萬,937,30+檔(全面性恐慌)
2025-04-09,8442,-10.000000000000009,2.32708635164232,28085676.0,16772120.2,9.956709956709965,17.027417027417012,15.440115440115454,15.007215007215024,19.047619047619047,69.3,70169764,48.627646452,D_小型(<50億),其他,sii,False,3,True,2025,1000萬-5000萬,937,30+檔(全面性恐慌)
2025-04-09,8466,-9.882747068676723,2.329373986144505,10582559.0,6168427.1,6.133828996282542,3.90334572490707,7.620817843866168,7.0631970260223165,6.3197026022304925,26.9,79825628,21.473093931999998,D_小型(<50億),其他,sii,False,3,True,2025,1000萬-5000萬,937,30+檔(全面性恐慌)
2025-04-09,8478,-9.893992932862194,3.7520870720151756,102113276.0,34644517.6,9.80392156862746,9.019607843137244,12.15686274509804,13.725490196078427,16.862745098039223,127.5,93972276,119.8146519,B_中型(100-500億),運動休閒,sii,False,3,True,2025,5000萬-2億,937,30+檔(全面性恐慌)
2025-04-09,8906,-9.999999999999998,4.330811514814886,6632805.0,1819114.95,9.80392156862746,7.18954248366015,6.75381263616559,8.278867102396514,26.1437908496732,22.95,44037370,10.106576415,D_小型(<50億),其他,otc,False,3,True,2025,<1000萬(極低),937,30+檔(全面性恐慌)
2025-04-09,8933,-9.954058192955594,4.034043899214461,5258637.0,1659967.9,9.863945578231291,17.68707482993197,20.74829931972788,14.79591836734695,17.006802721088434,5.88,326724305,19.211389133999997,D_小型(<50億),運動休閒,otc,False,3,True,2025,<1000萬(極低),937,30+檔(全面性恐慌)
2025-04-09,9105,-9.999999999999998,3.521554908923897,384013526.0,147502557.7,9.876543209876543,23.25102880658436,23.662551440329203,25.1028806584362,44.03292181069958,4.86,10450002831,507.87013758660004,A_大型(>=500億),存託憑證,sii,False,3,True,2025,>2億(高),937,30+檔(全面性恐慌)
2025-04-09,9902,-9.623430962343082,3.7005579252692846,6214544.0,2089492.85,9.72222222222221,15.740740740740744,18.981481481481467,20.370370370370374,41.66666666666667,10.8,98049600,10.589356800000001,D_小型(<50億),其他,sii,False,3,True,2025,<1000萬(極低),937,30+檔(全面性恐慌)
2025-04-09,9910,-9.928352098259985,3.1272886600939374,273568193.0,117609185.45,9.999999999999986,21.590909090909083,18.75,20.45454545454546,32.38636363636365,88.0,987482831,868.98489128,A_大型(>=500億),運動休閒,sii,False,3,True,2025,>2億(高),937,30+檔(全面性恐慌)
2025-04-09,9935,-9.917355371900815,3.1095690854394715,40537753.0,16734825.1,9.86238532110091,8.715596330275233,11.238532110091736,8.027522935779817,8.25688073394495,21.8,177838926,38.768885868000005,D_小型(<50億),居家生活,sii,False,3,True,2025,1000萬-5000萬,937,30+檔(全面性恐慌)
2025-04-09,9938,-9.96275605214153,3.325108798965624,249083734.0,97018973.6,9.824198552223361,10.031023784901771,12.099276111685619,12.306101344364006,17.063081695966908,48.35,297963902,144.065546617,B_中型(100-500億),其他,sii,False,3,True,2025,>2億(高),937,30+檔(全面性恐慌)
2025-04-09,9946,-9.782608695652161,3.411723571973462,29641341.0,11432710.1,9.939759036144569,6.927710843373491,14.156626506024072,13.253012048192758,21.084337349397586,16.6,326554150,54.2079889,C_中小型(50-100億),建材營造,sii,False,3,True,2025,1000萬-5000萬,937,30+檔(全面性恐慌)
2025-04-15,8921,-9.902912621359228,5.911176292726826,5790808.0,1140440.2,-3.0172413793103425,-11.853448275862066,-10.99137931034483,-10.99137931034483,-20.6896551724138,23.2,46592159,10.809380888,D_小型(<50億),其他,otc,False,2,True,2025,<1000萬(極低),3,1-3檔(單一個股)
2025-04-16,3067,-9.999999999999998,3.7010483664758755,766126.0,251632.35,0.5167958656330685,1.8087855297157507,3.875968992248069,6.976744186046502,4.392764857881115,19.35,20000000,3.87,D_小型(<50億),居家生活,otc,False,2,True,2025,<1000萬(極低),5,4-10檔
2025-04-21,9933,-9.968354430379755,2.0622279806632426,176882416.0,109351779.6,-9.841827768014067,0.7029876977152849,-1.2302284710017486,0.7029876977152849,-5.975395430579966,28.45,944437034,268.692336173,B_中型(100-500億),其他,sii,False,3,True,2025,5000萬-2億,19,11-30檔
2025-05-19,6902,-9.935897435897434,3.617445682219977,7529284.0,2343584.65,-3.084223013048626,-3.3214709371293005,16.844602609727175,3.084223013048648,-0.3558718861209953,84.3,35529948,29.951746164,D_小型(<50億),數位雲端,sii,False,2,True,2025,<1000萬(極低),4,4-10檔
2025-05-20,2067,-9.934640522875826,5.666501400629664,3154468.0,626232.15,-9.869375907111754,-7.692307692307687,-5.805515239477499,-3.9187227866473107,-9.433962264150942,6.89,45138177,3.1100203953,D_小型(<50億),電機機械,otc,False,2,True,2025,<1000萬(極低),2,1-3檔(單一個股)
2025-05-21,2067,-9.869375907111754,4.4375194704613214,2876583.0,770061.3,-1.2882447665056418,2.4154589371980784,4.347826086956519,4.025764895330108,2.093397745571668,6.21,45138177,2.8030807917000002,D_小型(<50億),電機機械,otc,False,3,True,2025,<1000萬(極低),1,1-3檔(單一個股)
2025-05-26,1235,-9.958071278825997,4.951226236354785,7447638.0,1681284.8,-9.89522700814901,-24.44703143189756,-28.63795110593714,-24.912689173457515,-22.118742724097785,85.9,188577836,161.98836112400002,B_中型(100-500億),食品工業,sii,False,2,True,2025,<1000萬(極低),2,1-3檔(單一個股)
2025-05-27,1235,-9.89522700814901,7.571896053897979,16340350.0,2488172.45,-9.948320413436695,-20.93023255813954,-19.25064599483205,-13.695090439276491,-15.891472868217072,77.4,188577836,145.95924506400002,B_中型(100-500億),食品工業,sii,False,3,True,2025,1000萬-5000萬,7,4-10檔
2025-07-01,3018,-10.000000000000009,3.75004367490343,3129461.0,1003695.9,-2.4691358024691246,-7.4074074074074066,-8.64197530864197,-13.58024691358024,-16.975308641975307,16.2,75377715,12.21118983,D_小型(<50億),其他電子業,sii,False,2,True,2025,<1000萬(極低),3,1-3檔(單一個股)
2025-08-06,1786,-9.661835748792269,2.083373928592749,653966707.0,366044677.65,-0.5347593582887722,-0.21390374331551332,-0.8556149732620311,-6.310160427807487,-3.6363636363636376,93.5,74827641,69.963844335,C_中小型(50-100億),生技醫療業,sii,False,2,False,2025,>2億(高),2,1-3檔(單一個股)
2025-08-14,3528,-9.977064220183484,2.4790120067975807,460033932.0,202705525.15,-5.4777070063694255,-9.936305732484074,-8.917197452229297,-5.22292993630572,-7.261146496815285,78.5,66639216,52.31178456,C_中小型(50-100億),電子通路業,sii,False,2,True,2025,>2億(高),4,4-10檔
2025-10-22,5468,-9.762532981530336,2.519234509560391,9933744.0,4542531.75,-1.7543859649122862,1.1695906432748426,9.64912280701753,-1.4619883040935644,13.450292397660801,17.1,58922909,10.075817439000001,D_小型(<50億),半導體業,otc,True,2,True,2025,<1000萬(極低),5,4-10檔
2025-10-31,2337,-9.956709956709952,2.145765282387638,8165013795.0,3791319622.55,-0.8012820512820484,0.48076923076922906,12.98076923076923,21.955128205128194,9.294871794871806,31.2,1981308820,618.16835184,A_大型(>=500億),半導體業,sii,False,2,True,2025,>2億(高),3,1-3檔(單一個股)
2025-11-11,4523,-9.957924263674611,2.9535325734722595,51275570.0,19688923.4,-4.984423676012462,-10.124610591900307,-11.370716510903433,-9.345794392523366,-7.3208722741433085,32.1,64949000,20.848629,D_小型(<50億),電機機械,otc,False,2,True,2025,5000萬-2億,12,11-30檔
2025-11-12,6128,-9.940357852882709,5.142884358027148,12351360.0,2737831.55,-1.7660044150110354,0.6622516556291425,-1.3245033112582627,2.428256070640189,0.6622516556291425,22.65,127588740,28.89884961,D_小型(<50億),電腦及週邊設備業,sii,False,2,True,2025,1000萬-5000萬,8,4-10檔
2025-11-18,8422,-9.91902834008097,5.178376383010483,876839215.0,659891766.3846154,-6.067415730337089,-0.22471910112359383,3.370786516853941,5.617977528089879,10.1123595505618,22.25,1357391830,302.019682175,B_中型(100-500億),綠能環保,sii,False,2,True,2025,>2億(高),10,4-10檔
2025-11-20,3710,-9.88274706867671,3.1733281566673845,17109853.0,7330748.8,0.9293680297397744,9.66542750929369,9.66542750929369,15.241635687732359,8.921933085501866,5.38,287250734,15.454089489200001,D_小型(<50億),電子零組件業,otc,False,3,True,2025,1000萬-5000萬,5,4-10檔
2025-11-21,4442,-9.937888198757772,2.1918409707807758,32361894.0,16936974.3,0.0,-6.034482758620685,-6.034482758620685,-2.931034482758621,9.482758620689658,58.0,32341344,18.75797952,D_小型(<50億),紡織纖維,otc,False,2,True,2025,1000萬-5000萬,15,11-30檔
2025-12-29,6236,-9.885057471264357,16.10305958132045,98000.0,6214.15,9.948979591836737,,,13.265306122448962,37.49999999999998,19.6,41654039,8.164191644,D_小型(<50億),數位雲端,otc,False,2,True,2025,<1000萬(極低),4,4-10檔
2026-02-05,3028,-9.980039920159678,2.597316819451119,827501999.0,308859304.7,-7.427937915742799,2.4390243902439046,9.866962305986693,15.299334811529919,25.49889135254988,45.1,237241193,106.99577804300002,B_中型(100-500億),電子通路業,sii,False,2,True,2026,>2億(高),3,1-3檔(單一個股)
2026-02-25,6785,-9.819639278557112,3.771877600219406,119629056.0,35923676.3,-2.0000000000000018,-17.555555555555557,-18.444444444444443,-16.888888888888886,-23.55555555555555,225.0,66800000,150.3,B_中型(100-500億),生技醫療業,otc,False,2,True,2026,5000萬-2億,3,1-3檔(單一個股)
2026-03-04,8489,-9.947643979057585,8.063622399120206,42646053.0,6049246.65,-9.689922480620151,-12.4031007751938,-15.697674418604656,0.19379844961240345,1.3565891472868241,25.8,59948960,15.46683168,D_小型(<50億),其他,otc,False,2,True,2026,1000萬-5000萬,76,30+檔(全面性恐慌)
2026-03-05,8489,-9.689922480620151,6.999711578824811,50449994.0,8403506.1,7.725321888412018,-0.21459227467811592,2.5751072961373245,7.510729613733913,14.592274678111572,23.3,59948960,13.96810768,D_小型(<50億),其他,otc,False,3,False,2026,5000萬-2億,8,4-10檔
2026-03-06,4416,-9.973045822102433,2.5990251401290245,13790599.0,8025439.1,-9.880239520958078,-20.35928143712574,-11.976047904191622,-9.58083832335329,-21.856287425149688,16.7,73586213,12.288897571,D_小型(<50億),建材營造,otc,False,3,True,2026,1000萬-5000萬,6,4-10檔
2026-03-11,8917,-9.935897435897434,3.605903453622285,24543177.0,7478451.75,0.5338078291814874,-1.067615658362997,-1.9572953736654797,-1.9572953736654797,-5.693950177935947,56.2,162652459,91.41068195800001,C_中小型(50-100億),油電燃氣業,otc,False,2,True,2026,1000萬-5000萬,8,4-10檔
2026-03-11,9931,-9.956709956709965,2.1527459154094024,31278301.0,15356079.85,2.163461538461542,-6.490384615384626,-8.653846153846157,-8.052884615384615,-14.903846153846157,41.6,120369303,50.073630048000005,C_中小型(50-100億),油電燃氣業,sii,False,2,True,2026,1000萬-5000萬,8,4-10檔
2026-03-31,3661,-9.636363636363631,2.3736537026039213,12967150770.0,6628342743.0,9.859154929577475,8.853118712273634,16.498993963782695,39.839034205231385,66.39839034205231,2485.0,86204722,2142.1873417,A_大型(>=500億),半導體業,sii,False,2,False,2026,>2億(高),46,30+檔(全面性恐慌)
2026-03-31,3664,-9.865470852017932,2.669133708698047,3267835.0,1532998.7,-9.950248756218905,-15.223880597014938,-12.43781094527363,-24.875621890547272,-51.442786069651746,10.05,75945377,7.6325103885,D_小型(<50億),通信網路業,otc,False,2,True,2026,<1000萬(極低),46,30+檔(全面性恐慌)
2026-04-01,3664,-9.950248756218905,2.4469394695254905,2878671.0,1579401.55,-2.7624309392265234,-8.839779005524873,-4.088397790055264,-18.895027624309403,-40.77348066298343,9.05,75945377,6.873056618500001,D_小型(<50億),通信網路業,otc,False,3,True,2026,<1000萬(極低),4,4-10檔
2026-04-07,4804,-9.981851179673317,3.6416433082425925,1702109.0,509668.25,-9.879032258064523,-26.814516129032263,,,,4.96,71991920,3.5707992319999997,D_小型(<50億),觀光餐旅,otc,False,2,True,2026,<1000萬(極低),8,4-10檔
2026-04-08,4804,-9.879032258064523,5.358653318593657,2791792.0,601705.25,-9.843400447427285,-26.84563758389261,,,,4.47,71991920,3.2180388239999997,D_小型(<50億),觀光餐旅,otc,False,3,True,2026,<1000萬(極低),12,11-30檔
2026-05-15,4127,-9.80392156862745,5.040736526093837,101893127.0,21686823.55,9.974424552429673,32.992327365728904,60.86956521739128,76.47058823529412,73.91304347826086,39.1,45760000,17.89216,D_小型(<50億),生技醫療業,otc,False,2,False,2026,5000萬-2億,33,30+檔(全面性恐慌)
2026-05-15,6994,-9.844559585492219,5.230871404864097,202548231.0,46513963.95,-2.298850574712652,-0.3831417624521105,7.279693486590033,24.13793103448274,8.429118773946364,52.2,74162071,38.712601062000005,D_小型(<50億),綠能環保,sii,False,2,True,2026,>2億(高),33,30+檔(全面性恐慌)
2026-06-09,6016,-9.567901234567898,2.5682080763768433,1362535389.0,529728291.05,-6.655290102389078,-2.901023890784993,-0.6825938566552892,-2.901023890784993,-7.849829351535842,29.3,686595508,201.17248384400003,B_中型(100-500億),金融業,otc,False,2,False,2026,>2億(高),5,4-10檔
2026-06-12,4744,-9.925925925925927,5.121689549776208,73517475.0,16050066.8,-9.703947368421051,-10.526315789473683,-9.210526315789469,-17.105263157894733,-7.236842105263152,30.4,56948450,17.3123288,D_小型(<50億),生技醫療業,otc,False,2,True,2026,5000萬-2億,5,4-10檔
2026-06-15,4744,-9.703947368421051,4.162139361077796,65131243.0,18619499.3,-9.836065573770492,2.3679417122040247,-2.1857923497267673,-7.832422586520938,6.921675774134806,27.45,56948450,15.632349525,D_小型(<50億),生技醫療業,otc,False,3,False,2026,5000萬-2億,8,4-10檔
2026-06-25,2233,-9.9609375,4.107446026546729,1624231451.0,502754518.15,-7.158351409978303,-8.026030368763559,8.459869848156188,9.544468546637752,,230.5,60288089,138.964045145,B_中型(100-500億),汽車工業,sii,False,3,True,2026,>2億(高),5,4-10檔
2026-06-30,3147,-9.838998211091232,3.0246740586080305,1047980395.0,390090389.55,-3.373015873015872,-6.349206349206349,-10.71428571428571,-3.57142857142857,,252.0,43686831,110.09081412,B_中型(100-500億),資訊服務業,otc,False,3,True,2026,>2億(高),6,4-10檔
2026-07-07,4991,-9.980806142034549,2.6114837018041226,4896289367.0,2081234878.85,2.771855010660973,-3.9445628997867854,-9.168443496801704,,,469.0,121087559,567.90065171,A_大型(>=500億),半導體業,otc,False,2,True,2026,>2億(高),62,30+檔(全面性恐慌)
