signal_date,entry_date,stock_id,strategy,signal_close,entry_close,whale_base_4w_pct,whale_current_pct,whale_change_4w_pp,whale_relative_change_pct,selected_lot_bucket,daily_value_20d,prior_20d_return_pct,distance_ma20_pct,distance_ma60_pct,prev_day_limit_down,prev_day_single_limit_down,company_name,strategy_name,strategy_description,daily_value_20d_m
2026-07-17,,1104,low_1m,91.309355,,68.680000,68.270000,-0.410000,-0.596971,800,32632256.250000,-2.350972,-1.488271,-0.219535,False,False,環泥,1個月相對低位,位於近1個月價格區間的下三分之一。,32.632256
2026-07-17,,1215,low_1m,345.007085,,62.100000,60.870000,-1.230000,-1.980676,200,150228563.850000,-5.150215,-2.449790,-9.808039,False,False,卜蜂,1個月相對低位,位於近1個月價格區間的下三分之一。,150.228564
2026-07-17,,1218,low_1m,26.987393,,63.370000,63.520000,0.150000,0.236705,1000,25452488.400000,-8.635097,-5.092593,-6.477283,False,False,泰山,1個月相對低位,位於近1個月價格區間的下三分之一。,25.452488
2026-07-17,,1294,low_1m,81.199837,,39.840000,40.780000,0.940000,2.359438,1000,22420790.600000,-11.683973,-7.124637,-9.211005,False,False,漢田生技,1個月相對低位,位於近1個月價格區間的下三分之一。,22.420791
2026-07-17,,1304,low_1m,45.167387,,57.920000,57.830000,-0.090000,-0.155387,1000,134504052.200000,3.088803,-2.714520,0.704048,False,False,台聚,1個月相對低位,位於近1個月價格區間的下三分之一。,134.504052
2026-07-17,,1305,low_1m,30.217992,,48.630000,48.160000,-0.470000,-0.966482,1000,65370210.700000,-1.171875,-4.402040,-3.857116,False,False,華夏,1個月相對低位,位於近1個月價格區間的下三分之一。,65.370211
2026-07-17,,1307,low_1m,129.932532,,81.110000,80.150000,-0.960000,-1.183578,600,41913607.850000,-5.405784,-2.256702,2.175349,False,False,三芳,1個月相對低位,位於近1個月價格區間的下三分之一。,41.913608
2026-07-17,,1308,low_1m,71.887883,,48.450000,48.820000,0.370000,0.763674,1000,65606732.300000,4.744526,-1.017417,2.402474,False,False,亞聚,1個月相對低位,位於近1個月價格區間的下三分之一。,65.606732
2026-07-17,,1309,low_1m,29.571387,,43.380000,42.880000,-0.500000,-1.152605,1000,80860480.900000,-0.689655,-3.404327,-10.762239,False,False,台達化,1個月相對低位,位於近1個月價格區間的下三分之一。,80.860481
2026-07-17,,1312,low_1m,21.390015,,45.210000,56.120000,10.910000,24.131829,1000,330132133.150000,-3.018868,-6.934637,1.697598,False,False,國喬,1個月相對低位,位於近1個月價格區間的下三分之一。,330.132133
2026-07-17,,1316,low_1m,8.718076,,28.500000,32.680000,4.180000,14.666667,1000,20003302.100000,-9.459459,-3.527718,-6.118636,False,False,上曜,1個月相對低位,位於近1個月價格區間的下三分之一。,20.003302
2026-07-17,,1319,low_1m,177.158203,,86.520000,79.910000,-6.610000,-7.639852,400,491546638.500000,-24.383823,-5.647074,-8.220259,False,False,東陽,1個月相對低位,位於近1個月價格區間的下三分之一。,491.546638
2026-07-17,,1409,low_1m,52.954753,,64.070000,60.130000,-3.940000,-6.149524,1000,1620771922.050000,-13.059034,-11.046033,7.399359,False,False,新纖,1個月相對低位,位於近1個月價格區間的下三分之一。,1620.771922
2026-07-17,,1436,low_1m,99.641002,,74.780000,73.880000,-0.900000,-1.203530,800,30354214.000000,-3.850267,-0.646516,-3.423333,False,False,華友聯,1個月相對低位,位於近1個月價格區間的下三分之一。,30.354214
2026-07-17,,1440,low_1m,23.700350,,73.040000,73.110000,0.070000,0.095838,1000,55353160.400000,-1.885650,-2.302183,2.254898,False,False,南紡,1個月相對低位,位於近1個月價格區間的下三分之一。,55.353160
2026-07-17,,1455,low_1m,15.564318,,63.020000,62.620000,-0.400000,-0.634719,1000,32478691.300000,-5.122048,-5.324151,2.570900,False,False,集盛,1個月相對低位,位於近1個月價格區間的下三分之一。,32.478691
2026-07-17,,1477,low_1m,834.924406,,73.480000,73.680000,0.200000,0.272183,100,740422348.650000,-0.460829,-2.394939,-1.784699,False,False,聚陽,1個月相對低位,位於近1個月價格區間的下三分之一。,740.422349
2026-07-17,,1503,low_1m,353.594709,,76.280000,75.790000,-0.490000,-0.642370,200,954576732.950000,-17.970402,-15.578764,-9.935005,False,False,士電,1個月相對低位,位於近1個月價格區間的下三分之一。,954.576733
2026-07-17,,1513,low_1m,418.501314,,44.710000,45.800000,1.090000,2.437933,200,1470208971.500000,-4.508010,-6.827702,-0.848882,False,False,中興電,1個月相對低位,位於近1個月價格區間的下三分之一。,1470.208971
2026-07-17,,1514,low_1m,237.667383,,47.140000,41.690000,-5.450000,-11.561307,400,809728169.300000,-14.937759,-14.529915,-14.925993,False,False,亞力,1個月相對低位,位於近1個月價格區間的下三分之一。,809.728169
2026-07-17,,1519,low_1m,1833.326964,,80.560000,78.620000,-1.940000,-2.408143,100,1685628402.150000,-18.430884,-13.810119,-20.400227,False,False,華城,1個月相對低位,位於近1個月價格區間的下三分之一。,1685.628402
2026-07-17,,1522,low_1m,78.271026,,52.390000,52.390000,0.000000,0.000000,1000,22163963.550000,-4.126944,-0.729467,-2.376911,False,False,堤維西,1個月相對低位,位於近1個月價格區間的下三分之一。,22.163964
2026-07-17,,1528,low_1m,44.295422,,28.900000,27.740000,-1.160000,-4.013841,1000,47397318.300000,-20.512821,-13.630519,-20.970061,False,False,恩德,1個月相對低位,位於近1個月價格區間的下三分之一。,47.397318
2026-07-17,,1536,low_1m,104.257490,,29.190000,29.960000,0.770000,2.637890,800,227944623.400000,1.435897,-2.402921,-3.189493,False,False,和大,1個月相對低位,位於近1個月價格區間的下三分之一。,227.944623
2026-07-17,,1560,low_1m,2059.685104,,77.790000,78.350000,0.560000,0.719887,100,1071786688.250000,-3.864560,-8.590633,-0.794507,False,False,中砂,1個月相對低位,位於近1個月價格區間的下三分之一。,1071.786688
2026-07-17,,1563,low_1m,56.537988,,34.090000,35.660000,1.570000,4.605456,1000,201560430.150000,2.194805,-4.714564,11.566408,False,False,巧新,1個月相對低位,位於近1個月價格區間的下三分之一。,201.560430
2026-07-17,,1568,low_1m,45.120051,,58.060000,55.030000,-3.030000,-5.218739,1000,55554319.000000,-27.684964,-18.113641,-13.497236,False,False,倉佑,1個月相對低位,位於近1個月價格區間的下三分之一。,55.554319
2026-07-17,,1569,low_1m,81.848990,,42.890000,43.520000,0.630000,1.468874,1000,27645801.950000,-10.092688,-7.280548,-15.422002,False,False,濱川,1個月相對低位,位於近1個月價格區間的下三分之一。,27.645802
2026-07-17,,1582,low_1m,218.082442,,31.030000,30.470000,-0.560000,-1.804705,400,115816336.650000,-21.639344,-13.295846,-21.978394,False,False,信錦,1個月相對低位,位於近1個月價格區間的下三分之一。,115.816337
2026-07-17,,1584,low_1m,23.632256,,36.170000,36.080000,-0.090000,-0.248825,1000,22231132.700000,-0.773196,-1.142637,-1.704352,False,False,精剛,1個月相對低位,位於近1個月價格區間的下三分之一。,22.231133
2026-07-17,,1590,low_1m,1892.803618,,89.270000,89.540000,0.270000,0.302453,100,1115992771.250000,-4.166667,-6.848306,-8.614773,False,False,亞德客-KY,1個月相對低位,位於近1個月價格區間的下三分之一。,1115.992771
2026-07-17,,1595,low_1m,124.869813,,40.680000,42.240000,1.560000,3.834808,600,73778899.350000,-21.607378,-20.177086,-24.848434,False,False,川寶,1個月相對低位,位於近1個月價格區間的下三分之一。,73.778899
2026-07-17,,1597,low_1m,266.819983,,60.760000,59.350000,-1.410000,-2.320606,200,223784702.800000,-12.925170,-11.586945,-18.717257,False,False,直得,1個月相對低位,位於近1個月價格區間的下三分之一。,223.784703
2026-07-17,,1605,low_1m,67.588126,,71.400000,70.400000,-1.000000,-1.400560,1000,1154356524.600000,-15.762274,-9.356319,-7.654238,False,False,華新,1個月相對低位,位於近1個月價格區間的下三分之一。,1154.356525
2026-07-17,,1608,low_1m,67.367353,,61.020000,60.580000,-0.440000,-0.721075,1000,100283512.100000,-7.194245,-4.839186,-4.808757,False,False,華榮,1個月相對低位,位於近1個月價格區間的下三分之一。,100.283512
2026-07-17,,1609,low_1m,74.247185,,27.340000,28.500000,1.160000,4.242868,1000,449225047.700000,-1.630478,-4.559248,1.615192,False,False,大亞,1個月相對低位,位於近1個月價格區間的下三分之一。,449.225048
2026-07-17,,1612,low_1m,92.694644,,57.730000,55.320000,-2.410000,-4.174606,800,52587409.950000,-12.500665,-8.796819,-9.431946,False,False,宏泰,1個月相對低位,位於近1個月價格區間的下三分之一。,52.587410
2026-07-17,,1618,low_1m,63.222347,,53.780000,53.720000,-0.060000,-0.111566,1000,35677783.000000,-10.859189,-7.389040,-7.621914,False,False,合機,1個月相對低位,位於近1個月價格區間的下三分之一。,35.677783
2026-07-17,,1623,low_1m,226.041667,,78.140000,76.500000,-1.640000,-2.098797,400,98707353.450000,1.165501,-2.175138,-5.022431,False,False,大東電,1個月相對低位,位於近1個月價格區間的下三分之一。,98.707353
2026-07-17,,1707,low_1m,218.184949,,55.730000,52.940000,-2.790000,-5.006280,400,55924056.000000,-8.826479,-2.811932,-8.807775,False,False,葡萄王,1個月相對低位,位於近1個月價格區間的下三分之一。,55.924056
2026-07-17,,1711,low_1m,86.186639,,38.980000,39.740000,0.760000,1.949718,1000,412219612.900000,-11.023622,-11.063638,-18.813507,False,False,永光,1個月相對低位,位於近1個月價格區間的下三分之一。,412.219613
2026-07-17,,1714,low_1m,38.147910,,57.640000,49.780000,-7.860000,-13.636364,1000,582901953.450000,-20.519481,-17.431193,13.694066,False,False,和桐,1個月相對低位,位於近1個月價格區間的下三分之一。,582.901953
2026-07-17,,1717,low_1m,271.340041,,67.850000,68.760000,0.910000,1.341194,200,1748096551.700000,-9.282700,-12.548302,-15.375626,False,False,長興,1個月相對低位,位於近1個月價格區間的下三分之一。,1748.096552
2026-07-17,,1721,low_1m,14.121098,,33.880000,31.580000,-2.300000,-6.788666,1000,78144006.000000,-9.574468,-13.203308,-19.942233,False,False,三晃,1個月相對低位,位於近1個月價格區間的下三分之一。,78.144006
2026-07-17,,1722,low_1m,101.442921,,61.820000,61.970000,0.150000,0.242640,800,95885225.100000,-3.582395,-1.500497,-0.130756,False,False,台肥,1個月相對低位,位於近1個月價格區間的下三分之一。,95.885225
2026-07-17,,1727,low_1m,220.752279,,55.510000,55.370000,-0.140000,-0.252207,400,579700302.250000,-12.147239,-10.568598,-6.071203,False,False,中華化,1個月相對低位,位於近1個月價格區間的下三分之一。,579.700302
2026-07-17,,1785,low_1m,399.546011,,51.270000,47.820000,-3.450000,-6.729081,200,2617685770.500000,-23.828068,-21.424893,-25.440685,False,False,光洋科,1個月相對低位,位於近1個月價格區間的下三分之一。,2617.685771
2026-07-17,,1795,low_1m,218.007292,,57.390000,57.450000,0.060000,0.104548,400,473753401.100000,-2.842377,-3.897764,-7.183412,False,False,美時,1個月相對低位,位於近1個月價格區間的下三分之一。,473.753401
2026-07-17,,1802,low_1m,112.900965,,75.840000,75.500000,-0.340000,-0.448312,800,4908873161.500000,-18.326118,-15.980108,-16.488381,False,False,台玻,1個月相對低位,位於近1個月價格區間的下三分之一。,4908.873161
2026-07-17,,1809,low_1m,60.048027,,42.500000,44.190000,1.690000,3.976471,1000,361374060.200000,-22.727273,-20.619939,-9.770191,False,False,中釉,1個月相對低位,位於近1個月價格區間的下三分之一。,361.374060
2026-07-17,,1815,low_1m,132.771760,,32.710000,31.550000,-1.160000,-3.546316,600,2885913152.100000,-14.210526,-17.124263,-20.613017,False,False,富喬,1個月相對低位,位於近1個月價格區間的下三分之一。,2885.913152
2026-07-17,,1904,low_1m,52.687820,,61.830000,62.190000,0.360000,0.582242,1000,66080664.150000,-2.890872,-1.793722,8.163698,False,False,正隆,1個月相對低位,位於近1個月價格區間的下三分之一。,66.080664
2026-07-17,,1905,low_1m,23.072398,,69.550000,69.250000,-0.300000,-0.431344,1000,224106746.100000,-7.717042,-11.610718,3.255981,False,False,華紙,1個月相對低位,位於近1個月價格區間的下三分之一。,224.106746
2026-07-17,,2002,low_1m,56.885243,,48.360000,47.850000,-0.510000,-1.054591,1000,1226274900.900000,-0.533333,-1.087245,-0.876960,False,False,中鋼,1個月相對低位,位於近1個月價格區間的下三分之一。,1226.274901
2026-07-17,,2009,low_1m,60.731197,,55.160000,55.320000,0.160000,0.290065,1000,53736075.250000,-7.615481,-4.089171,-5.682422,False,False,第一銅,1個月相對低位,位於近1個月價格區間的下三分之一。,53.736075
2026-07-17,,2010,low_1m,71.577529,,66.130000,64.230000,-1.900000,-2.873129,1000,47466948.050000,-7.958600,-3.661581,-3.931653,False,False,春源,1個月相對低位,位於近1個月價格區間的下三分之一。,47.466948
2026-07-17,,2014,low_1m,21.061216,,46.560000,46.870000,0.310000,0.665808,1000,67472829.600000,-3.399433,-2.095894,-3.590614,False,False,中鴻,1個月相對低位,位於近1個月價格區間的下三分之一。,67.472830
2026-07-17,,2023,low_1m,32.061846,,76.880000,77.540000,0.660000,0.858481,1000,33387358.050000,-2.857143,-1.090909,-1.698591,False,False,燁輝,1個月相對低位,位於近1個月價格區間的下三分之一。,33.387358
2026-07-17,,2030,low_1m,54.239353,,43.170000,44.150000,0.980000,2.270095,1000,29489083.900000,-6.504065,-6.605306,-1.537354,False,False,彰源,1個月相對低位,位於近1個月價格區間的下三分之一。,29.489084
2026-07-17,,2049,low_1m,546.507594,,76.980000,77.050000,0.070000,0.090933,100,1107267379.650000,-5.004055,-7.942148,-10.147526,False,False,上銀,1個月相對低位,位於近1個月價格區間的下三分之一。,1107.267380
2026-07-17,,2061,low_1m,60.096835,,32.780000,31.590000,-1.190000,-3.630262,1000,179632404.250000,18.002081,-15.214953,37.838823,False,False,風青,1個月相對低位,位於近1個月價格區間的下三分之一。,179.632404
2026-07-17,,2072,low_1m,144.836066,,73.570000,73.600000,0.030000,0.040777,600,80682944.350000,-20.285714,-8.854883,-17.723797,False,False,世紀風電,1個月相對低位,位於近1個月價格區間的下三分之一。,80.682944
2026-07-17,,2108,low_1m,134.219550,,68.400000,68.360000,-0.040000,-0.058480,600,34525780.950000,-4.965753,-2.451885,-1.391768,False,False,南帝,1個月相對低位,位於近1個月價格區間的下三分之一。,34.525781
2026-07-17,,2211,low_1m,124.579845,,81.160000,81.570000,0.410000,0.505175,600,55224467.300000,0.106270,-0.784665,-1.015762,False,False,長榮鋼,1個月相對低位,位於近1個月價格區間的下三分之一。,55.224467
2026-07-17,,2233,low_1m,551.680736,,66.250000,61.170000,-5.080000,-7.667925,100,405410892.350000,-27.887789,-11.672562,-24.127554,False,False,宇隆,1個月相對低位,位於近1個月價格區間的下三分之一。,405.410892
2026-07-17,,2241,low_1m,36.953125,,35.410000,32.640000,-2.770000,-7.822649,1000,114867954.500000,-20.629750,-17.832856,-4.254622,False,False,艾姆勒,1個月相對低位,位於近1個月價格區間的下三分之一。,114.867954
2026-07-17,,2243,low_1m,52.923623,,47.600000,53.510000,5.910000,12.415966,1000,53329746.050000,10.638298,-4.788062,43.606738,False,False,宏旭-KY,1個月相對低位,位於近1個月價格區間的下三分之一。,53.329746
2026-07-17,,2250,low_1m,76.356567,,48.970000,48.970000,0.000000,0.000000,1000,23087408.050000,0.651466,-4.489607,-2.592797,False,False,IKKA-KY,1個月相對低位,位於近1個月價格區間的下三分之一。,23.087408
2026-07-17,,2258,low_1m,32.100000,,92.630000,92.650000,0.020000,0.021591,1000,22256503.750000,0.784929,-1.774786,5.056456,False,False,鴻華先進-創,1個月相對低位,位於近1個月價格區間的下三分之一。,22.256504
2026-07-17,,2301,low_1m,595.976994,,82.740000,82.720000,-0.020000,-0.024172,100,5585838363.250000,-6.428571,-9.059354,-6.687772,False,False,光寶科,1個月相對低位,位於近1個月價格區間的下三分之一。,5585.838363
2026-07-17,,2302,low_1m,20.802436,,58.920000,56.690000,-2.230000,-3.784793,1000,505773262.100000,-9.784561,-14.998246,17.442386,False,False,麗正,1個月相對低位,位於近1個月價格區間的下三分之一。,505.773262
2026-07-17,,2303,low_1m,312.082899,,78.660000,78.080000,-0.580000,-0.737351,200,33912489349.549999,4.543326,-10.261210,13.786793,False,False,聯電,1個月相對低位,位於近1個月價格區間的下三分之一。,33912.489350
2026-07-17,,2305,low_1m,32.150000,,63.130000,63.030000,-0.100000,-0.158403,1000,187012305.100000,5.065359,-12.984640,25.361495,False,False,全友,1個月相對低位,位於近1個月價格區間的下三分之一。,187.012305
2026-07-17,,2308,low_1m,4229.061949,,89.400000,88.040000,-1.360000,-1.521253,100,25969532575.900002,-19.257541,-10.746345,-17.684465,False,False,台達電,1個月相對低位,位於近1個月價格區間的下三分之一。,25969.532576
2026-07-17,,2312,low_1m,54.432467,,45.980000,42.850000,-3.130000,-6.807308,1000,1322830252.600000,-8.657773,-9.302421,-4.962825,False,False,金寶,1個月相對低位,位於近1個月價格區間的下三分之一。,1322.830253
2026-07-17,,2313,low_1m,372.401450,,62.320000,60.320000,-2.000000,-3.209243,200,8706595050.750000,-19.696970,-8.719053,-14.470023,False,False,華通,1個月相對低位,位於近1個月價格區間的下三分之一。,8706.595051
2026-07-17,,2316,low_1m,213.120010,,67.880000,65.810000,-2.070000,-3.049499,400,803449248.100000,-13.877784,-22.481272,-2.459725,False,False,楠梓電,1個月相對低位,位於近1個月價格區間的下三分之一。,803.449248
2026-07-17,,2317,low_1m,1352.861110,,74.880000,73.370000,-1.510000,-2.016560,100,13780712896.500000,-11.471809,-3.703065,-5.080621,False,False,鴻海,1個月相對低位,位於近1個月價格區間的下三分之一。,13780.712896
2026-07-17,,2323,low_1m,7.719263,,37.650000,39.460000,1.810000,4.807437,1000,121148545.800000,-8.888889,-9.171467,-5.365689,False,False,中環,1個月相對低位,位於近1個月價格區間的下三分之一。,121.148546
2026-07-17,,2327,low_1m,1587.389443,,79.590000,78.310000,-1.280000,-1.608242,100,56486673193.500000,-28.963415,-27.725792,-1.332779,False,False,國巨*,1個月相對低位,位於近1個月價格區間的下三分之一。,56486.673193
2026-07-17,,2328,low_1m,93.224220,,38.730000,37.650000,-1.080000,-2.788536,800,230157833.350000,-10.515275,-7.057056,-9.343497,False,False,廣宇,1個月相對低位,位於近1個月價格區間的下三分之一。,230.157833
2026-07-17,,2329,low_1m,21.256250,,48.150000,46.880000,-1.270000,-2.637591,1000,392120403.500000,-16.850829,-14.468387,-17.822739,False,False,華泰,1個月相對低位,位於近1個月價格區間的下三分之一。,392.120404
2026-07-17,,2330,low_1m,5054.947723,,90.430000,90.210000,-0.220000,-0.243282,100,102239224727.050003,-3.983229,-5.693401,-1.328208,False,False,台積電,1個月相對低位,位於近1個月價格區間的下三分之一。,102239.224727
2026-07-17,,2331,low_1m,47.140371,,54.600000,54.170000,-0.430000,-0.787546,1000,65851194.450000,-12.808989,-7.925961,-8.060503,False,False,精英,1個月相對低位,位於近1個月價格區間的下三分之一。,65.851194
2026-07-17,,2337,low_1m,130.314201,,47.530000,42.260000,-5.270000,-11.087734,600,15728359040.750000,-22.600619,-17.245945,-18.433931,False,False,旺宏,1個月相對低位,位於近1個月價格區間的下三分之一。,15728.359041
2026-07-17,,2338,low_1m,93.914313,,45.560000,44.650000,-0.910000,-1.997366,800,206864321.850000,-17.241379,-13.021594,-14.408836,False,False,光罩,1個月相對低位,位於近1個月價格區間的下三分之一。,206.864322
2026-07-17,,2340,low_1m,35.199893,,32.830000,33.400000,0.570000,1.736217,1000,440625907.050000,-15.714286,-13.982770,-13.097815,False,False,台亞,1個月相對低位,位於近1個月價格區間的下三分之一。,440.625907
2026-07-17,,2342,low_1m,3.204518,,36.480000,33.160000,-3.320000,-9.100877,1000,452833261.550000,-15.737052,-19.981083,-4.886824,False,False,茂矽,1個月相對低位,位於近1個月價格區間的下三分之一。,452.833262
2026-07-17,,2344,low_1m,204.527806,,74.460000,69.810000,-4.650000,-6.244964,400,38552643245.099998,-22.110553,-18.259723,1.609361,False,False,華邦電,1個月相對低位,位於近1個月價格區間的下三分之一。,38552.643245
2026-07-17,,2345,low_1m,5543.416857,,86.260000,86.090000,-0.170000,-0.197079,100,8341797457.400000,-16.232465,-14.693878,-14.227086,False,False,智邦,1個月相對低位,位於近1個月價格區間的下三分之一。,8341.797457
2026-07-17,,2349,low_1m,3.127040,,22.540000,21.970000,-0.570000,-2.528838,1000,46295460.200000,-17.582418,-12.790698,-14.165819,False,False,錸德,1個月相對低位,位於近1個月價格區間的下三分之一。,46.295460
2026-07-17,,2351,low_1m,370.982939,,78.500000,75.880000,-2.620000,-3.337580,200,1938091892.950000,-4.166667,-15.461897,-8.726134,False,False,順德,1個月相對低位,位於近1個月價格區間的下三分之一。,1938.091893
2026-07-17,,2352,low_1m,37.829540,,43.220000,43.980000,0.760000,1.758445,1000,768575584.850000,-1.298701,-4.619970,4.659169,False,False,佳世達,1個月相對低位,位於近1個月價格區間的下三分之一。,768.575585
2026-07-17,,2353,low_1m,75.259977,,35.060000,33.190000,-1.870000,-5.333714,1000,1194608408.800000,-15.428571,-8.599660,-5.536965,False,False,宏碁,1個月相對低位,位於近1個月價格區間的下三分之一。,1194.608409
2026-07-17,,2354,low_1m,209.553786,,45.210000,45.120000,-0.090000,-0.199071,400,371367297.750000,-3.453881,-3.038851,-4.197463,False,False,鴻準,1個月相對低位,位於近1個月價格區間的下三分之一。,371.367298
2026-07-17,,2355,low_1m,113.453652,,34.140000,31.750000,-2.390000,-7.000586,800,300764988.700000,-25.172414,-16.558520,-21.311475,False,False,敬鵬,1個月相對低位,位於近1個月價格區間的下三分之一。,300.764989
2026-07-17,,2356,low_1m,251.841382,,73.130000,72.430000,-0.700000,-0.957200,400,2678689180.350000,-10.524041,-8.054760,-1.251278,False,False,英業達,1個月相對低位,位於近1個月價格區間的下三分之一。,2678.689180
2026-07-17,,2360,low_1m,4902.079187,,87.030000,86.720000,-0.310000,-0.356199,100,5441893026.500000,-17.040359,-10.811137,-16.241851,False,False,致茂,1個月相對低位,位於近1個月價格區間的下三分之一。,5441.893026
2026-07-17,,2362,low_1m,97.567229,,77.320000,77.120000,-0.200000,-0.258665,800,62262559.200000,-12.107805,-5.545854,-2.213383,False,False,藍天,1個月相對低位,位於近1個月價格區間的下三分之一。,62.262559
2026-07-17,,2363,low_1m,32.970609,,32.040000,31.270000,-0.770000,-2.403246,1000,1819575765.350000,-3.898305,-15.599881,-9.289676,False,False,矽統,1個月相對低位,位於近1個月價格區間的下三分之一。,1819.575765
2026-07-17,,2365,low_1m,80.854158,,17.690000,18.740000,1.050000,5.935557,1000,115747013.400000,-11.071212,-9.596009,-14.573246,False,False,昆盈,1個月相對低位,位於近1個月價格區間的下三分之一。,115.747013
2026-07-17,,2367,low_1m,87.542146,,23.650000,23.530000,-0.120000,-0.507400,1000,739993998.500000,-28.320000,-16.589090,-25.327111,False,False,燿華,1個月相對低位,位於近1個月價格區間的下三分之一。,739.993998
2026-07-17,,2368,low_1m,1216.637767,,87.760000,86.540000,-1.220000,-1.390155,100,6483725750.650000,-31.847216,-20.760043,-28.100223,False,False,金像電,1個月相對低位,位於近1個月價格區間的下三分之一。,6483.725751
2026-07-17,,2369,low_1m,75.954085,,31.910000,32.800000,0.890000,2.789094,1000,1428513529.000000,4.057971,-11.423637,1.484099,False,False,菱生,1個月相對低位,位於近1個月價格區間的下三分之一。,1428.513529
2026-07-17,,2371,low_1m,11.460183,,42.300000,42.150000,-0.150000,-0.354610,1000,318433300.800000,-6.964286,-4.918332,-9.968031,False,False,大同,1個月相對低位,位於近1個月價格區間的下三分之一。,318.433301
2026-07-17,,2374,low_1m,184.145458,,28.440000,27.520000,-0.920000,-3.234880,400,435962282.650000,-11.271298,-9.395075,-12.220421,False,False,佳能,1個月相對低位,位於近1個月價格區間的下三分之一。,435.962283
2026-07-17,,2375,low_1m,42.610636,,30.010000,21.950000,-8.060000,-26.857714,1000,3506857781.000000,-25.563910,-24.905183,-0.480286,False,False,凱美,1個月相對低位,位於近1個月價格區間的下三分之一。,3506.857781
2026-07-17,,2376,low_1m,1098.096919,,76.130000,75.830000,-0.300000,-0.394063,100,2206020854.250000,-6.474820,-2.992314,-1.178259,False,False,技嘉,1個月相對低位,位於近1個月價格區間的下三分之一。,2206.020854
2026-07-17,,2379,low_1m,1240.175789,,87.300000,85.930000,-1.370000,-1.569301,100,5098258403.950000,-3.624161,-9.377761,9.287399,False,False,瑞昱,1個月相對低位,位於近1個月價格區間的下三分之一。,5098.258404
2026-07-17,,2382,low_1m,1207.579055,,88.200000,88.090000,-0.110000,-0.124717,100,6794936299.900000,-9.277087,-8.650970,-3.450246,False,False,廣達,1個月相對低位,位於近1個月價格區間的下三分之一。,6794.936300
2026-07-17,,2383,low_1m,12100.356285,,83.220000,83.300000,0.080000,0.096131,100,10807976941.750000,-13.557692,-16.492499,-10.313752,False,False,台光電,1個月相對低位,位於近1個月價格區間的下三分之一。,10807.976942
2026-07-17,,2385,low_1m,573.915637,,82.970000,80.540000,-2.430000,-2.928769,100,569294576.000000,-10.869565,-3.846154,-13.783247,False,False,群光,1個月相對低位,位於近1個月價格區間的下三分之一。,569.294576
2026-07-17,,2387,low_1m,94.268357,,55.170000,55.120000,-0.050000,-0.090629,800,25637221.450000,-3.299492,-3.727100,-5.212091,False,False,精元,1個月相對低位,位於近1個月價格區間的下三分之一。,25.637221
2026-07-17,,2388,low_1m,14.535199,,63.760000,64.390000,0.630000,0.988080,1000,709502984.500000,-12.367021,-10.540962,-11.668119,False,False,威盛,1個月相對低位,位於近1個月價格區間的下三分之一。,709.502985
2026-07-17,,2392,low_1m,115.311197,,46.690000,46.400000,-0.290000,-0.621118,600,70615097.750000,-11.235955,-6.212901,-6.897929,False,False,正崴,1個月相對低位,位於近1個月價格區間的下三分之一。,70.615098
2026-07-17,,2393,low_1m,217.467235,,68.470000,68.670000,0.200000,0.292099,400,204590940.950000,-6.993007,-3.672050,-2.815666,False,False,億光,1個月相對低位,位於近1個月價格區間的下三分之一。,204.590941
2026-07-17,,2397,low_1m,202.282090,,70.410000,69.280000,-1.130000,-1.604886,400,26037540.350000,-7.020148,-5.466307,-5.763214,False,False,友通,1個月相對低位,位於近1個月價格區間的下三分之一。,26.037540
2026-07-17,,2399,low_1m,82.184965,,31.850000,23.690000,-8.160000,-25.620094,1000,545533888.350000,-28.131021,-22.315943,-19.959944,False,False,映泰,1個月相對低位,位於近1個月價格區間的下三分之一。,545.533888
2026-07-17,,2401,low_1m,64.950175,,35.500000,37.330000,1.830000,5.154930,1000,474962152.750000,-13.015873,-14.794371,-4.590564,False,False,凌陽,1個月相對低位,位於近1個月價格區間的下三分之一。,474.962153
2026-07-17,,2402,low_1m,134.587314,,36.200000,35.860000,-0.340000,-0.939227,600,335742824.200000,-17.489422,-11.134741,-12.978803,False,False,毅嘉,1個月相對低位,位於近1個月價格區間的下三分之一。,335.742824
2026-07-17,,2404,low_1m,4752.825148,,67.760000,69.140000,1.380000,2.036600,100,3889356763.250000,-6.463353,-6.690903,3.112954,False,False,漢唐,1個月相對低位,位於近1個月價格區間的下三分之一。,3889.356763
2026-07-17,,2405,low_1m,22.497656,,20.120000,18.930000,-1.190000,-5.914513,1000,52139539.050000,-13.932598,-5.198289,-2.484840,False,False,輔信,1個月相對低位,位於近1個月價格區間的下三分之一。,52.139539
2026-07-17,,2406,low_1m,14.916122,,31.470000,25.780000,-5.690000,-18.080712,1000,1044038126.800000,-15.055249,-17.037637,-11.502302,False,False,國碩,1個月相對低位,位於近1個月價格區間的下三分之一。,1044.038127
2026-07-17,,2408,low_1m,25.184823,,82.040000,80.180000,-1.860000,-2.267187,1000,47071488648.250000,-9.172570,-9.640362,11.966317,False,False,南亞科,1個月相對低位,位於近1個月價格區間的下三分之一。,47071.488648
2026-07-17,,2409,low_1m,53.330003,,45.370000,43.700000,-1.670000,-3.680846,1000,15005872193.549999,-1.714286,-12.845199,7.406765,False,False,友達,1個月相對低位,位於近1個月價格區間的下三分之一。,15005.872194
2026-07-17,,2413,low_1m,50.273014,,53.870000,50.630000,-3.240000,-6.014479,1000,102203321.900000,-29.462738,-15.186246,-17.474908,False,False,環科,1個月相對低位,位於近1個月價格區間的下三分之一。,102.203322
2026-07-17,,2414,low_1m,222.302906,,59.300000,59.190000,-0.110000,-0.185497,400,30460322.300000,-1.153213,-2.208459,10.439611,False,False,精技,1個月相對低位,位於近1個月價格區間的下三分之一。,30.460322
2026-07-17,,2415,low_1m,81.961454,,58.940000,58.680000,-0.260000,-0.441127,1000,52261727.900000,8.443709,-7.440119,9.036429,False,False,錩新,1個月相對低位,位於近1個月價格區間的下三分之一。,52.261728
2026-07-17,,2417,low_1m,83.610950,,38.760000,40.310000,1.550000,3.998968,1000,58701220.250000,-15.191467,-10.976726,-15.058826,False,False,圓剛,1個月相對低位,位於近1個月價格區間的下三分之一。,58.701220
2026-07-17,,2419,low_1m,53.994733,,62.670000,62.970000,0.300000,0.478698,1000,37106993.550000,-13.996627,-8.847185,-14.189568,False,False,仲琦,1個月相對低位,位於近1個月價格區間的下三分之一。,37.106994
2026-07-17,,2420,low_1m,272.166382,,55.500000,55.380000,-0.120000,-0.216216,200,37324429.750000,-5.098684,-5.059646,-3.670108,False,False,新巨,1個月相對低位,位於近1個月價格區間的下三分之一。,37.324430
2026-07-17,,2421,low_1m,384.972387,,62.920000,62.720000,-0.200000,-0.317864,200,317080141.900000,-12.110727,-10.814607,-12.656936,False,False,建準,1個月相對低位,位於近1個月價格區間的下三分之一。,317.080142
2026-07-17,,2426,low_1m,81.903562,,37.310000,37.800000,0.490000,1.313321,1000,1764314454.650000,-25.134409,-26.234936,-20.824584,False,False,鼎元,1個月相對低位,位於近1個月價格區間的下三分之一。,1764.314455
2026-07-17,,2428,low_1m,737.666907,,74.720000,74.530000,-0.190000,-0.254283,100,810426377.100000,-11.705686,-13.732538,2.461270,False,False,興勤,1個月相對低位,位於近1個月價格區間的下三分之一。,810.426377
2026-07-17,,2436,low_1m,94.630222,,19.730000,21.340000,1.610000,8.160162,800,398352109.400000,-15.561264,-17.320168,-18.232768,False,False,偉詮電,1個月相對低位,位於近1個月價格區間的下三分之一。,398.352109
2026-07-17,,2439,low_1m,323.242668,,40.460000,38.640000,-1.820000,-4.498270,200,157497787.100000,-11.530172,-8.124440,-7.675007,False,False,美律,1個月相對低位,位於近1個月價格區間的下三分之一。,157.497787
2026-07-17,,2441,low_1m,605.534195,,73.140000,74.880000,1.740000,2.378999,100,1683360690.000000,0.000000,-7.882760,5.242724,False,False,超豐,1個月相對低位,位於近1個月價格區間的下三分之一。,1683.360690
2026-07-17,,2442,low_1m,20.248212,,50.770000,49.710000,-1.060000,-2.087847,1000,26688107.000000,-4.010025,-1.084711,0.634990,False,False,新美齊,1個月相對低位,位於近1個月價格區間的下三分之一。,26.688107
2026-07-17,,2449,low_1m,918.187196,,67.700000,73.060000,5.360000,7.917282,100,12615851717.700001,2.139037,-10.531657,-6.884784,False,False,京元電子,1個月相對低位,位於近1個月價格區間的下三分之一。,12615.851718
2026-07-17,,2451,low_1m,992.759823,,81.690000,78.490000,-3.200000,-3.917248,100,1420651775.800000,-22.897995,-13.164748,-19.502108,False,False,創見,1個月相對低位,位於近1個月價格區間的下三分之一。,1420.651776
2026-07-17,,2453,low_1m,111.734879,,42.150000,42.040000,-0.110000,-0.260973,800,22324130.400000,-5.528040,-4.483116,-4.908318,False,False,凌群,1個月相對低位,位於近1個月價格區間的下三分之一。,22.324130
2026-07-17,,2454,low_1m,11608.683719,,86.030000,84.770000,-1.260000,-1.464605,100,46878514624.099998,-23.978727,-16.744680,-11.067348,False,False,聯發科,1個月相對低位,位於近1個月價格區間的下三分之一。,46878.514624
2026-07-17,,2455,low_1m,728.710953,,64.560000,62.740000,-1.820000,-2.819083,100,1940654875.700000,-33.685415,-19.053582,-22.776021,False,False,全新,1個月相對低位,位於近1個月價格區間的下三分之一。,1940.654876
2026-07-17,,2457,low_1m,41.032038,,25.040000,25.970000,0.930000,3.714058,1000,133882276.650000,-15.344828,-13.624769,-9.183390,False,False,飛宏,1個月相對低位,位於近1個月價格區間的下三分之一。,133.882277
2026-07-17,,2458,low_1m,354.288985,,63.430000,64.630000,1.200000,1.891849,200,1674884815.300000,5.111821,-7.843137,2.914342,False,False,義隆,1個月相對低位,位於近1個月價格區間的下三分之一。,1674.884815
2026-07-17,,2460,low_1m,79.358978,,54.900000,53.820000,-1.080000,-1.967213,1000,79088280.200000,-10.845070,-11.524216,-8.016469,False,False,建通,1個月相對低位,位於近1個月價格區間的下三分之一。,79.088280
2026-07-17,,2461,low_1m,35.873664,,36.610000,36.070000,-0.540000,-1.475007,1000,21211654.950000,-13.477089,-7.372673,-6.996958,False,False,光群雷,1個月相對低位,位於近1個月價格區間的下三分之一。,21.211655
2026-07-17,,2464,low_1m,564.572652,,48.480000,46.620000,-1.860000,-3.836634,100,2580716373.100000,-13.855422,-14.152784,-3.343547,False,False,盟立,1個月相對低位,位於近1個月價格區間的下三分之一。,2580.716373
2026-07-17,,2465,low_1m,24.340128,,30.720000,29.580000,-1.140000,-3.710938,1000,167609031.000000,-6.601467,-1.673102,-3.782377,False,False,麗臺,1個月相對低位,位於近1個月價格區間的下三分之一。,167.609031
2026-07-17,,2467,low_1m,2141.733358,,76.610000,77.310000,0.700000,0.913719,100,1368859867.100000,-3.793103,-6.407246,-4.762553,False,False,志聖,1個月相對低位,位於近1個月價格區間的下三分之一。,1368.859867
2026-07-17,,2468,low_1m,79.289238,,50.020000,50.020000,0.000000,0.000000,1000,33456337.000000,-9.138381,-5.338320,-3.913854,False,False,華經,1個月相對低位,位於近1個月價格區間的下三分之一。,33.456337
2026-07-17,,2472,low_1m,631.212230,,63.020000,64.600000,1.580000,2.507141,100,4914050237.450000,-21.203830,-23.713661,-6.670267,False,False,立隆電,1個月相對低位,位於近1個月價格區間的下三分之一。,4914.050237
2026-07-17,,2474,low_1m,852.715719,,77.360000,73.720000,-3.640000,-4.705274,100,1306978878.800000,-6.069343,-4.679778,-6.686777,False,False,可成,1個月相對低位,位於近1個月價格區間的下三分之一。,1306.978879
2026-07-17,,2476,low_1m,360.349024,,67.610000,70.590000,2.980000,4.407632,200,562591824.000000,-3.265306,-7.817970,-3.403301,False,False,鉅祥,1個月相對低位,位於近1個月價格區間的下三分之一。,562.591824
2026-07-17,,2478,low_1m,285.187246,,72.990000,67.610000,-5.380000,-7.370873,200,1264686472.000000,-36.662779,-29.432671,-0.426034,False,False,大毅,1個月相對低位,位於近1個月價格區間的下三分之一。,1264.686472
2026-07-17,,2481,low_1m,295.164928,,67.230000,68.620000,1.390000,2.067529,200,3857610341.900000,4.123711,-19.926004,2.078631,False,False,強茂,1個月相對低位,位於近1個月價格區間的下三分之一。,3857.610342
2026-07-17,,2483,low_1m,112.164227,,57.360000,60.720000,3.360000,5.857741,800,331368926.500000,20.665742,-20.980926,20.632280,False,False,百容,1個月相對低位,位於近1個月價格區間的下三分之一。,331.368926
2026-07-17,,2485,low_1m,111.780331,,17.390000,17.890000,0.500000,2.875216,800,403924791.800000,-31.111111,-17.744610,-30.730864,False,False,兆赫,1個月相對低位,位於近1個月價格區間的下三分之一。,403.924792
2026-07-17,,2486,low_1m,426.374705,,46.050000,48.390000,2.340000,5.081433,200,2360362856.850000,-6.361829,-5.421687,-8.401050,False,False,一詮,1個月相對低位,位於近1個月價格區間的下三分之一。,2360.362857
2026-07-17,,2489,low_1m,139.077930,,34.010000,27.950000,-6.060000,-17.818289,600,769125979.250000,-32.118266,-21.759514,-24.550286,False,False,瑞軒,1個月相對低位,位於近1個月價格區間的下三分之一。,769.125979
2026-07-17,,2491,low_1m,3.894317,,66.700000,66.440000,-0.260000,-0.389805,1000,32600477.050000,-19.822109,-17.527121,11.098069,False,False,吉祥全,1個月相對低位,位於近1個月價格區間的下三分之一。,32.600477
2026-07-17,,2492,low_1m,515.920219,,76.050000,74.920000,-1.130000,-1.485865,200,6849395153.200000,-42.964864,-39.013745,-13.767974,True,True,華新科,1個月相對低位,位於近1個月價格區間的下三分之一。,6849.395153
2026-07-17,,2493,low_1m,961.311501,,63.290000,60.870000,-2.420000,-3.823669,100,928844282.650000,-13.782951,-21.514702,11.232528,False,False,揚博,1個月相對低位,位於近1個月價格區間的下三分之一。,928.844283
2026-07-17,,2495,low_1m,139.351044,,50.150000,47.510000,-2.640000,-5.264207,600,437585456.500000,-26.765799,-20.540486,-14.133159,False,False,普安,1個月相對低位,位於近1個月價格區間的下三分之一。,437.585457
2026-07-17,,2497,low_1m,81.889498,,56.890000,58.590000,1.700000,2.988223,1000,57898538.300000,-9.120521,-6.084322,-6.050062,False,False,怡利電,1個月相對低位,位於近1個月價格區間的下三分之一。,57.898538
2026-07-17,,2498,low_1m,155.152243,,38.800000,36.740000,-2.060000,-5.309278,600,390524909.800000,-12.637542,-8.109016,-5.630438,False,False,宏達電,1個月相對低位,位於近1個月價格區間的下三分之一。,390.524910
2026-07-17,,2501,low_1m,51.364986,,74.090000,72.610000,-1.480000,-1.997571,1000,121874618.500000,-12.572662,-2.559389,-0.877288,False,False,國建,1個月相對低位,位於近1個月價格區間的下三分之一。,121.874618
2026-07-17,,2515,low_1m,23.600153,,53.650000,54.250000,0.600000,1.118360,1000,159386070.800000,-3.376365,-4.891902,-2.538376,False,False,中工,1個月相對低位,位於近1個月價格區間的下三分之一。,159.386071
2026-07-17,,2535,low_1m,310.715328,,66.550000,66.420000,-0.130000,-0.195342,200,34862368.650000,-10.548087,-4.556990,4.093544,False,False,達欣工,1個月相對低位,位於近1個月價格區間的下三分之一。,34.862369
2026-07-17,,2540,low_1m,32.002002,,89.020000,89.260000,0.240000,0.269602,1000,31827288.500000,-2.372263,-0.112024,-1.038937,False,False,愛山林,1個月相對低位,位於近1個月價格區間的下三分之一。,31.827289
2026-07-17,,2542,low_1m,668.844402,,70.950000,70.740000,-0.210000,-0.295983,100,412401749.700000,-4.730473,-0.178664,1.898337,False,False,興富發,1個月相對低位,位於近1個月價格區間的下三分之一。,412.401750
2026-07-17,,2543,low_1m,90.787879,,68.190000,67.680000,-0.510000,-0.747910,800,62149272.200000,-17.653391,-3.207440,-11.220286,False,False,皇昌,1個月相對低位,位於近1個月價格區間的下三分之一。,62.149272
2026-07-17,,2548,low_1m,817.143730,,63.550000,61.920000,-1.630000,-2.564910,100,187372512.950000,-6.481481,-0.751732,-7.480397,False,False,華固,1個月相對低位,位於近1個月價格區間的下三分之一。,187.372513
2026-07-17,,2597,low_1m,1257.641841,,86.770000,86.850000,0.080000,0.092198,100,62090004.900000,-5.459770,-2.315914,1.804453,False,False,潤弘,1個月相對低位,位於近1個月價格區間的下三分之一。,62.090005
2026-07-17,,2606,low_1m,224.538376,,75.350000,75.110000,-0.240000,-0.318514,400,256741837.850000,-2.250804,-1.546433,-2.951084,False,False,裕民,1個月相對低位,位於近1個月價格區間的下三分之一。,256.741838
2026-07-17,,2610,low_1m,21.287221,,66.530000,69.560000,3.030000,4.554336,1000,1500927671.100000,-1.346338,-3.715011,7.278450,False,False,華航,1個月相對低位,位於近1個月價格區間的下三分之一。,1500.927671
2026-07-17,,2612,low_1m,120.858008,,72.600000,72.480000,-0.120000,-0.165289,600,22459356.350000,-5.698529,-3.833536,-5.263087,False,False,中航,1個月相對低位,位於近1個月價格區間的下三分之一。,22.459356
2026-07-17,,2636,low_1m,256.198966,,41.690000,41.210000,-0.480000,-1.151355,400,33281161.450000,-4.377983,-3.467971,-1.839450,False,False,台驊控股,1個月相對低位,位於近1個月價格區間的下三分之一。,33.281161
2026-07-17,,2641,low_1m,16.947897,,24.340000,23.220000,-1.120000,-4.601479,1000,28202605.050000,-8.426852,-5.828891,-5.034584,False,False,正德,1個月相對低位,位於近1個月價格區間的下三分之一。,28.202605
2026-07-17,,2646,low_1m,21.200000,,63.260000,63.470000,0.210000,0.331963,1000,140606314.450000,0.000000,-0.317386,2.386606,False,False,星宇航空,1個月相對低位,位於近1個月價格區間的下三分之一。,140.606314
2026-07-17,,2707,low_1m,916.686662,,66.520000,66.710000,0.190000,0.285628,100,27572029.000000,-0.833333,-0.543251,1.382052,False,False,晶華,1個月相對低位,位於近1個月價格區間的下三分之一。,27.572029
2026-07-17,,2727,low_1m,470.369891,,46.840000,45.050000,-1.790000,-3.821520,200,149160540.900000,-3.863294,-3.495264,-1.311063,False,False,王品,1個月相對低位,位於近1個月價格區間的下三分之一。,149.160541
2026-07-17,,2731,low_1m,222.735604,,45.490000,42.480000,-3.010000,-6.616839,400,111953331.700000,-6.229508,-3.573837,-4.714063,False,False,雄獅,1個月相對低位,位於近1個月價格區間的下三分之一。,111.953332
2026-07-17,,2745,low_1m,123.769346,,51.420000,51.280000,-0.140000,-0.272268,600,20115392.000000,-5.555556,-3.659976,-1.868035,False,False,五福,1個月相對低位,位於近1個月價格區間的下三分之一。,20.115392
2026-07-17,,2753,low_1m,221.425212,,55.530000,54.680000,-0.850000,-1.530704,400,75747476.200000,-2.539368,-2.663171,0.186225,False,False,八方雲集,1個月相對低位,位於近1個月價格區間的下三分之一。,75.747476
2026-07-17,,2820,low_1m,57.431754,,62.640000,62.340000,-0.300000,-0.478927,1000,58416557.850000,-2.920812,-2.373887,0.378268,False,False,華票,1個月相對低位,位於近1個月價格區間的下三分之一。,58.416558
2026-07-17,,2838,low_1m,45.452274,,89.120000,88.850000,-0.270000,-0.302962,1000,71564607.950000,-1.148254,-3.408174,3.520138,False,False,聯邦銀,1個月相對低位,位於近1個月價格區間的下三分之一。,71.564608
2026-07-17,,2851,low_1m,115.564077,,69.720000,68.800000,-0.920000,-1.319564,600,119442472.750000,-5.632320,-2.884827,6.667255,False,False,中再保,1個月相對低位,位於近1個月價格區間的下三分之一。,119.442473
2026-07-17,,2855,low_1m,163.416367,,76.040000,75.700000,-0.340000,-0.447133,400,401975928.650000,-10.837178,-10.825368,-0.809639,False,False,統一證,1個月相對低位,位於近1個月價格區間的下三分之一。,401.975929
2026-07-17,,2882,low_1m,254.064120,,85.860000,85.540000,-0.320000,-0.372700,400,4234020162.950000,-13.949025,-5.250594,7.093836,False,False,國泰金,1個月相對低位,位於近1個月價格區間的下三分之一。,4234.020163
2026-07-17,,2885,low_1m,171.319567,,83.140000,82.970000,-0.170000,-0.204474,400,2117558725.000000,-2.548726,-3.439055,6.924015,False,False,元大金,1個月相對低位,位於近1個月價格區間的下三分之一。,2117.558725
2026-07-17,,2891,low_1m,243.910891,,82.130000,81.810000,-0.320000,-0.389626,400,3935132844.850000,-9.290968,-7.517728,2.543050,False,False,中信金,1個月相對低位,位於近1個月價格區間的下三分之一。,3935.132845
2026-07-17,,2897,low_1m,14.661623,,81.180000,81.240000,0.060000,0.073910,1000,44709615.750000,-1.421801,-1.117186,1.214903,False,False,王道銀行,1個月相對低位,位於近1個月價格區間的下三分之一。,44.709616
2026-07-17,,3002,low_1m,47.695034,,58.010000,59.210000,1.200000,2.068609,1000,22131339.800000,-13.157895,-13.530253,-5.411274,False,False,歐格,1個月相對低位,位於近1個月價格區間的下三分之一。,22.131340
2026-07-17,,3003,low_1m,146.841720,,54.460000,56.220000,1.760000,3.231730,600,86890031.000000,-10.447761,-9.118449,-3.160726,False,False,健和興,1個月相對低位,位於近1個月價格區間的下三分之一。,86.890031
2026-07-17,,3006,low_1m,477.667201,,56.920000,58.580000,1.660000,2.916374,200,3271902673.400000,-11.584906,-12.487777,-9.189713,False,False,晶豪科,1個月相對低位,位於近1個月價格區間的下三分之一。,3271.902673
2026-07-17,,3008,low_1m,7734.366828,,73.110000,71.420000,-1.690000,-2.311585,100,11675256855.000000,-22.060253,-9.414356,8.314951,False,False,大立光,1個月相對低位,位於近1個月價格區間的下三分之一。,11675.256855
2026-07-17,,3010,low_1m,454.724656,,69.320000,67.820000,-1.500000,-2.163878,200,193039998.050000,-8.932402,-8.186845,-11.010745,False,False,華立,1個月相對低位,位於近1個月價格區間的下三分之一。,193.039998
2026-07-17,,3013,low_1m,144.105898,,42.760000,41.710000,-1.050000,-2.455566,600,169482535.150000,-21.098738,-15.072339,-19.000053,False,False,晟銘電,1個月相對低位,位於近1個月價格區間的下三分之一。,169.482535
2026-07-17,,3014,low_1m,360.456416,,42.750000,41.800000,-0.950000,-2.222222,200,509445782.850000,-12.655059,-14.215090,-8.572522,False,False,聯陽,1個月相對低位,位於近1個月價格區間的下三分之一。,509.445783
2026-07-17,,3015,low_1m,262.054211,,62.500000,63.800000,1.300000,2.080000,400,219175047.750000,-7.907743,-11.787912,0.356718,False,False,全漢,1個月相對低位,位於近1個月價格區間的下三分之一。,219.175048
2026-07-17,,3016,low_1m,150.055521,,73.440000,70.720000,-2.720000,-3.703704,600,1972504030.950000,-14.349901,-17.901836,-9.282012,False,False,嘉晶,1個月相對低位,位於近1個月價格區間的下三分之一。,1972.504031
2026-07-17,,3017,low_1m,5580.792368,,78.450000,79.120000,0.670000,0.854047,100,10217444712.049999,-6.976744,-8.732628,-13.046342,False,False,奇鋐,1個月相對低位,位於近1個月價格區間的下三分之一。,10217.444712
2026-07-17,,3019,low_1m,244.027776,,42.400000,38.840000,-3.560000,-8.396226,400,829302602.850000,-14.911310,-10.449630,-9.176953,False,False,亞光,1個月相對低位,位於近1個月價格區間的下三分之一。,829.302603
2026-07-17,,3021,low_1m,34.374231,,65.240000,65.240000,0.000000,0.000000,1000,21286739.750000,-30.288462,-20.901900,-10.389343,False,False,鴻名,1個月相對低位,位於近1個月價格區間的下三分之一。,21.286740
2026-07-17,,3022,low_1m,261.558547,,61.880000,62.630000,0.750000,1.212023,400,215709396.650000,-5.017921,-6.651794,2.045182,False,False,威強電,1個月相對低位,位於近1個月價格區間的下三分之一。,215.709397
2026-07-17,,3023,low_1m,1098.166598,,82.270000,82.620000,0.350000,0.425428,100,735768683.850000,-3.194888,-6.119287,-2.286958,False,False,信邦,1個月相對低位,位於近1個月價格區間的下三分之一。,735.768684
2026-07-17,,3025,low_1m,82.418478,,14.720000,12.380000,-2.340000,-15.896739,1000,33379714.850000,-20.851064,-13.829048,-15.676002,False,False,星通,1個月相對低位,位於近1個月價格區間的下三分之一。,33.379715
2026-07-17,,3026,low_1m,1836.059588,,66.850000,68.220000,1.370000,2.049364,100,7807568076.500000,-22.475387,-19.265196,15.957031,False,False,禾伸堂,1個月相對低位,位於近1個月價格區間的下三分之一。,7807.568076
2026-07-17,,3028,low_1m,327.218498,,47.800000,49.300000,1.500000,3.138075,200,275955804.950000,-8.479139,-12.303327,-8.967863,False,False,增你強,1個月相對低位,位於近1個月價格區間的下三分之一。,275.955805
2026-07-17,,3030,low_1m,1739.977529,,68.620000,67.780000,-0.840000,-1.224133,100,862896539.150000,-13.383459,-9.277052,-17.263933,False,False,德律,1個月相對低位,位於近1個月價格區間的下三分之一。,862.896539
2026-07-17,,3031,low_1m,80.875300,,57.860000,58.350000,0.490000,0.846872,1000,135438503.400000,-7.420495,-14.886705,-14.644079,False,False,佰鴻,1個月相對低位,位於近1個月價格區間的下三分之一。,135.438503
2026-07-17,,3032,low_1m,261.845109,,51.340000,51.810000,0.470000,0.915466,400,53850575.250000,-10.047281,-4.540893,-4.079661,False,False,偉訓,1個月相對低位,位於近1個月價格區間的下三分之一。,53.850575
2026-07-17,,3033,low_1m,298.066189,,45.390000,50.150000,4.760000,10.486891,200,668507502.950000,-0.204499,-3.083263,3.165795,False,False,威健,1個月相對低位,位於近1個月價格區間的下三分之一。,668.507503
2026-07-17,,3034,low_1m,2150.984689,,80.350000,80.220000,-0.130000,-0.161792,100,3793013263.500000,-6.619900,-8.513382,-1.469118,False,False,聯詠,1個月相對低位,位於近1個月價格區間的下三分之一。,3793.013263
2026-07-17,,3035,low_1m,350.200149,,32.080000,33.990000,1.910000,5.953865,200,2229057649.500000,-8.910891,-13.897988,-6.853110,False,False,智原,1個月相對低位,位於近1個月價格區間的下三分之一。,2229.057650
2026-07-17,,3036,low_1m,953.996044,,91.320000,89.420000,-1.900000,-2.080596,100,2097871129.900000,-15.848214,-11.231457,-19.593610,False,False,文曄,1個月相對低位,位於近1個月價格區間的下三分之一。,2097.871130
2026-07-17,,3037,low_1m,1578.325517,,82.530000,81.230000,-1.300000,-1.575185,100,31131230497.099998,-19.469414,-15.390095,-13.285137,False,False,欣興,1個月相對低位,位於近1個月價格區間的下三分之一。,31131.230497
2026-07-17,,3041,low_1m,16.537828,,24.750000,22.110000,-2.640000,-10.666667,1000,101339356.950000,-19.827586,-15.928404,-9.699971,False,False,揚智,1個月相對低位,位於近1個月價格區間的下三分之一。,101.339357
2026-07-17,,3042,low_1m,682.226562,,70.070000,63.510000,-6.560000,-9.362067,100,6363663716.150000,-24.776786,-15.602304,-9.139427,False,False,晶技,1個月相對低位,位於近1個月價格區間的下三分之一。,6363.663716
2026-07-17,,3044,low_1m,1541.896674,,89.470000,87.700000,-1.770000,-1.978317,100,1943310368.200000,-28.491526,-17.202931,-17.093705,False,False,健鼎,1個月相對低位,位於近1個月價格區間的下三分之一。,1943.310368
2026-07-17,,3046,low_1m,14.872723,,45.400000,45.400000,0.000000,0.000000,1000,42752379.000000,-2.866600,-1.420706,1.854466,False,False,建碁,1個月相對低位,位於近1個月價格區間的下三分之一。,42.752379
2026-07-17,,3047,low_1m,39.044448,,16.710000,15.420000,-1.290000,-7.719928,1000,35601017.300000,-13.313609,-7.731066,-4.895862,False,False,訊舟,1個月相對低位,位於近1個月價格區間的下三分之一。,35.601017
2026-07-17,,3048,low_1m,239.561847,,52.070000,50.780000,-1.290000,-2.477434,400,303151635.000000,-29.067259,-18.354313,-13.792532,False,False,益登,1個月相對低位,位於近1個月價格區間的下三分之一。,303.151635
2026-07-17,,3049,low_1m,6.884812,,43.270000,43.040000,-0.230000,-0.531546,1000,64076413.550000,-23.489933,-12.391931,-13.570887,False,False,精金,1個月相對低位,位於近1個月價格區間的下三分之一。,64.076414
2026-07-17,,3051,low_1m,8.345788,,25.730000,25.610000,-0.120000,-0.466382,1000,53203521.100000,-15.653775,-13.117708,-14.501727,False,False,力特,1個月相對低位,位於近1個月價格區間的下三分之一。,53.203521
2026-07-17,,3056,low_1m,86.993854,,27.120000,26.360000,-0.760000,-2.802360,1000,22259603.800000,-4.934211,-2.000678,1.736682,False,False,富華新,1個月相對低位,位於近1個月價格區間的下三分之一。,22.259604
2026-07-17,,3059,low_1m,116.279701,,22.920000,22.570000,-0.350000,-1.527051,600,356938244.650000,-17.722772,-12.461814,-6.800254,False,False,華晶科,1個月相對低位,位於近1個月價格區間的下三分之一。,356.938245
2026-07-17,,3060,low_1m,75.461061,,22.040000,19.150000,-2.890000,-13.112523,1000,292646091.700000,-20.495438,-18.096545,-6.227278,False,False,銘異,1個月相對低位,位於近1個月價格區間的下三分之一。,292.646092
2026-07-17,,3062,low_1m,42.018429,,16.950000,16.040000,-0.910000,-5.368732,1000,72784192.000000,-16.569201,-11.961329,-19.369525,False,False,建漢,1個月相對低位,位於近1個月價格區間的下三分之一。,72.784192
2026-07-17,,3066,low_1m,12.193433,,68.220000,67.730000,-0.490000,-0.718264,1000,48598018.350000,7.246377,-11.022044,2.873031,False,False,李洲,1個月相對低位,位於近1個月價格區間的下三分之一。,48.598018
2026-07-17,,3078,low_1m,182.184358,,38.630000,37.750000,-0.880000,-2.278022,400,105171134.400000,-5.807623,-5.153509,-6.827838,False,False,僑威,1個月相對低位,位於近1個月價格區間的下三分之一。,105.171134
2026-07-17,,3081,low_1m,2971.085862,,65.870000,65.620000,-0.250000,-0.379535,100,4119585060.750000,-27.275512,-19.890450,-33.158644,False,False,聯亞,1個月相對低位,位於近1個月價格區間的下三分之一。,4119.585061
2026-07-17,,3088,low_1m,451.954119,,54.880000,57.250000,2.370000,4.318513,200,170026017.000000,-8.510638,-8.234039,-2.750380,False,False,艾訊,1個月相對低位,位於近1個月價格區間的下三分之一。,170.026017
2026-07-17,,3090,low_1m,1462.008550,,74.660000,73.810000,-0.850000,-1.138495,100,1980738436.850000,-34.668757,-32.774010,-8.060379,False,False,日電貿,1個月相對低位,位於近1個月價格區間的下三分之一。,1980.738437
2026-07-17,,3092,low_1m,57.379148,,29.210000,30.180000,0.970000,3.320781,1000,34262956.900000,-25.465839,-19.048824,-20.525415,False,False,鴻碩,1個月相對低位,位於近1個月價格區間的下三分之一。,34.262957
2026-07-17,,3093,low_1m,581.355658,,80.770000,81.200000,0.430000,0.532376,100,201684692.400000,-25.459535,-25.180145,-19.993021,False,False,港建*,1個月相對低位,位於近1個月價格區間的下三分之一。,201.684692
2026-07-17,,3094,low_1m,74.974442,,12.630000,11.440000,-1.190000,-9.422011,1000,254397120.000000,-4.762146,-8.357134,7.057762,False,False,聯傑,1個月相對低位,位於近1個月價格區間的下三分之一。,254.397120
2026-07-17,,3105,low_1m,299.681296,,60.090000,56.050000,-4.040000,-6.723248,200,10215587687.150000,-35.934489,-22.244958,-30.776967,False,False,穩懋,1個月相對低位,位於近1個月價格區間的下三分之一。,10215.587687
2026-07-17,,3114,low_1m,103.261840,,49.230000,47.600000,-1.630000,-3.310989,800,90656250.550000,-23.245109,-25.641026,-6.984311,False,False,好德,1個月相對低位,位於近1個月價格區間的下三分之一。,90.656251
2026-07-17,,3131,low_1m,6190.922490,,70.990000,72.670000,1.680000,2.366530,100,1682290753.250000,-9.707242,-14.220889,-8.114465,False,False,弘塑,1個月相對低位,位於近1個月價格區間的下三分之一。,1682.290753
2026-07-17,,3135,low_1m,147.755633,,48.950000,48.280000,-0.670000,-1.368744,600,343987086.000000,-24.935065,-18.476728,-23.823749,False,False,凌航,1個月相對低位,位於近1個月價格區間的下三分之一。,343.987086
2026-07-17,,3138,low_1m,111.704150,,20.480000,22.220000,1.740000,8.496094,800,65422889.800000,-25.830258,-15.118243,-30.693638,False,False,耀登,1個月相對低位,位於近1個月價格區間的下三分之一。,65.422890
2026-07-17,,3141,low_1m,46.212944,,5.210000,5.210000,0.000000,0.000000,1000,151449422.550000,-11.731844,-15.048054,-7.426395,False,False,晶宏,1個月相對低位,位於近1個月價格區間的下三分之一。,151.449423
2026-07-17,,3147,low_1m,366.867353,,69.350000,64.380000,-4.970000,-7.166547,200,238349356.450000,-34.242424,-18.120932,-6.347779,False,False,大綜,1個月相對低位,位於近1個月價格區間的下三分之一。,238.349356
2026-07-17,,3149,low_1m,33.683451,,23.200000,19.140000,-4.060000,-17.500000,1000,1623683417.800000,-15.048026,-14.006374,7.755655,False,False,正達,1個月相對低位,位於近1個月價格區間的下三分之一。,1623.683418
2026-07-17,,3152,low_1m,298.160913,,63.070000,53.860000,-9.210000,-14.602822,200,137346492.466667,-33.289000,-18.839837,-24.622109,False,False,璟德,1個月相對低位,位於近1個月價格區間的下三分之一。,137.346492
2026-07-17,,3162,low_1m,60.953776,,56.510000,57.390000,0.880000,1.557247,1000,98829154.900000,-15.839246,-12.511651,-14.518604,False,False,精確,1個月相對低位,位於近1個月價格區間的下三分之一。,98.829155
2026-07-17,,3163,low_1m,947.081472,,46.910000,45.310000,-1.600000,-3.410787,100,1648588673.150000,-27.796235,-15.919789,-31.340716,False,False,波若威,1個月相對低位,位於近1個月價格區間的下三分之一。,1648.588673
2026-07-17,,3167,low_1m,1585.191796,,73.160000,73.320000,0.160000,0.218699,100,2140221111.800000,-4.609481,-6.320066,-4.373901,False,False,大量,1個月相對低位,位於近1個月價格區間的下三分之一。,2140.221112
2026-07-17,,3169,low_1m,205.287595,,36.640000,35.200000,-1.440000,-3.930131,400,30232362.800000,-5.620190,-6.878999,-8.638157,False,False,亞信,1個月相對低位,位於近1個月價格區間的下三分之一。,30.232363
2026-07-17,,3176,low_1m,33.550000,,28.450000,28.670000,0.220000,0.773286,1000,27367651.000000,0.449102,-3.529581,-1.054339,False,False,基亞,1個月相對低位,位於近1個月價格區間的下三分之一。,27.367651
2026-07-17,,3189,low_1m,1658.117048,,78.850000,78.710000,-0.140000,-0.177552,100,15753844656.450001,-1.619783,-12.071570,5.561163,False,False,景碩,1個月相對低位,位於近1個月價格區間的下三分之一。,15753.844656
2026-07-17,,3207,low_1m,52.703450,,19.710000,22.440000,2.730000,13.850837,1000,56707168.000000,-23.598820,-18.018517,-18.465857,False,False,耀勝,1個月相對低位,位於近1個月價格區間的下三分之一。,56.707168
2026-07-17,,3209,low_1m,407.219104,,54.590000,53.000000,-1.590000,-2.912621,200,95461751.900000,-7.296849,-6.286672,-12.140303,False,False,全科,1個月相對低位,位於近1個月價格區間的下三分之一。,95.461752
2026-07-17,,3211,low_1m,1686.461275,,61.670000,60.640000,-1.030000,-1.670180,100,3248708165.300000,-7.317533,-6.860437,-3.114603,False,False,順達,1個月相對低位,位於近1個月價格區間的下三分之一。,3248.708165
2026-07-17,,3213,low_1m,649.039780,,41.800000,43.540000,1.740000,4.162679,100,119420201.050000,-6.160790,-6.087952,1.251454,False,False,茂訊,1個月相對低位,位於近1個月價格區間的下三分之一。,119.420201
2026-07-17,,3217,low_1m,522.643401,,51.370000,51.450000,0.080000,0.155733,200,163964546.200000,-7.656987,-10.150615,-12.668332,False,False,優群,1個月相對低位,位於近1個月價格區間的下三分之一。,163.964546
2026-07-17,,3218,low_1m,239.032131,,56.250000,56.620000,0.370000,0.657778,400,43326267.550000,0.000000,-2.651653,-0.124224,False,False,大學光,1個月相對低位,位於近1個月價格區間的下三分之一。,43.326268
2026-07-17,,3219,low_1m,18.927671,,77.680000,77.280000,-0.400000,-0.514933,1000,22227115.550000,-10.943912,-11.602960,-13.932530,False,False,倚強科,1個月相對低位,位於近1個月價格區間的下三分之一。,22.227116
2026-07-17,,3221,low_1m,112.760013,,14.140000,12.820000,-1.320000,-9.335219,800,634665883.350000,-17.017641,-14.809076,-8.113112,False,False,台嘉碩,1個月相對低位,位於近1個月價格區間的下三分之一。,634.665883
2026-07-17,,3227,low_1m,425.969495,,45.840000,47.670000,1.830000,3.992147,200,989924485.750000,-14.291459,-16.218985,-15.811239,False,False,原相,1個月相對低位,位於近1個月價格區間的下三分之一。,989.924486
2026-07-17,,3228,low_1m,192.856400,,24.220000,24.410000,0.190000,0.784476,400,85526337.700000,-12.121212,-10.506382,-17.670337,False,False,金麗科,1個月相對低位,位於近1個月價格區間的下三分之一。,85.526338
2026-07-17,,3231,low_1m,750.814616,,69.450000,66.480000,-2.970000,-4.276458,100,5292435206.100000,-11.325128,-7.078172,-5.141939,False,False,緯創,1個月相對低位,位於近1個月價格區間的下三分之一。,5292.435206
2026-07-17,,3234,low_1m,103.886374,,24.590000,23.450000,-1.140000,-4.636031,800,391607181.350000,-23.863636,-20.158888,-12.946815,False,False,光環,1個月相對低位,位於近1個月價格區間的下三分之一。,391.607181
2026-07-17,,3236,low_1m,117.989888,,31.430000,28.530000,-2.900000,-9.226853,600,940590496.050000,-27.943368,-23.620710,-6.189367,False,False,千如,1個月相對低位,位於近1個月價格區間的下三分之一。,940.590496
2026-07-17,,3257,low_1m,169.830906,,43.670000,43.770000,0.100000,0.228990,400,185014408.850000,-2.697842,-16.820418,-7.435181,False,False,虹冠電,1個月相對低位,位於近1個月價格區間的下三分之一。,185.014409
2026-07-17,,3260,low_1m,757.289757,,42.800000,40.720000,-2.080000,-4.859813,100,3827570298.400000,-11.899038,-9.806817,-12.847036,False,False,威剛,1個月相對低位,位於近1個月價格區間的下三分之一。,3827.570298
2026-07-17,,3264,low_1m,664.706100,,77.250000,79.510000,2.260000,2.925566,100,2164218134.000000,3.095641,-6.851068,-3.102238,False,False,欣銓,1個月相對低位,位於近1個月價格區間的下三分之一。,2164.218134
2026-07-17,,3265,low_1m,257.829270,,64.890000,64.910000,0.020000,0.030821,400,297148442.400000,-7.308433,-11.301986,-10.958971,False,False,台星科,1個月相對低位,位於近1個月價格區間的下三分之一。,297.148442
2026-07-17,,3284,low_1m,45.253042,,68.190000,67.500000,-0.690000,-1.011879,1000,46549181.500000,9.088035,-12.138971,16.953482,False,False,太普高,1個月相對低位,位於近1個月價格區間的下三分之一。,46.549182
2026-07-17,,3289,low_1m,243.475233,,26.950000,26.270000,-0.680000,-2.523191,400,520401125.200000,-12.979351,-11.477869,-14.302314,False,False,宜特,1個月相對低位,位於近1個月價格區間的下三分之一。,520.401125
2026-07-17,,3290,low_1m,89.044874,,49.000000,48.060000,-0.940000,-1.918367,800,146580765.600000,-2.792029,-6.658204,13.439197,False,False,東浦,1個月相對低位,位於近1個月價格區間的下三分之一。,146.580766
2026-07-17,,3293,low_1m,8672.627313,,63.070000,63.820000,0.750000,1.189155,100,1506611395.450000,-7.142480,-6.560787,-5.217284,False,False,鈊象,1個月相對低位,位於近1個月價格區間的下三分之一。,1506.611395
2026-07-17,,3294,low_1m,49.182958,,47.060000,47.080000,0.020000,0.042499,1000,64342243.700000,-20.300752,-15.329828,-12.755207,False,False,英濟,1個月相對低位,位於近1個月價格區間的下三分之一。,64.342244
2026-07-17,,3303,low_1m,145.973263,,43.190000,42.360000,-0.830000,-1.921741,600,81029838.600000,-6.016773,-3.867445,5.771048,False,False,岱稜,1個月相對低位,位於近1個月價格區間的下三分之一。,81.029839
2026-07-17,,3305,low_1m,359.646932,,52.630000,50.270000,-2.360000,-4.484135,200,359688335.700000,-21.874344,-15.561800,-16.845551,False,False,昇貿,1個月相對低位,位於近1個月價格區間的下三分之一。,359.688336
2026-07-17,,3311,low_1m,64.369122,,48.880000,50.340000,1.460000,2.986907,1000,25393077.000000,-12.838777,-8.923242,-3.359624,False,False,閎暉,1個月相對低位,位於近1個月價格區間的下三分之一。,25.393077
2026-07-17,,3312,low_1m,107.609589,,44.560000,42.500000,-2.060000,-4.622980,800,272324430.550000,-21.590909,-17.110005,-8.983841,False,False,弘憶股,1個月相對低位,位於近1個月價格區間的下三分之一。,272.324431
2026-07-17,,3317,low_1m,190.493387,,28.990000,29.770000,0.780000,2.690583,400,719351550.600000,4.981320,-9.223066,6.859907,False,False,尼克森,1個月相對低位,位於近1個月價格區間的下三分之一。,719.351551
2026-07-17,,3321,low_1m,3.833436,,36.880000,37.360000,0.480000,1.301518,1000,27723437.700000,-20.253165,-19.049149,-4.275524,False,False,同泰,1個月相對低位,位於近1個月價格區間的下三分之一。,27.723438
2026-07-17,,3323,low_1m,82.087907,,14.420000,14.440000,0.020000,0.138696,1000,47903746.550000,-12.322946,-9.575634,-12.291888,False,False,加百裕,1個月相對低位,位於近1個月價格區間的下三分之一。,47.903747
2026-07-17,,3324,low_1m,1301.255619,,58.200000,53.380000,-4.820000,-8.281787,100,2046728247.550000,-13.047619,-6.765382,-12.278949,False,False,雙鴻,1個月相對低位,位於近1個月價格區間的下三分之一。,2046.728248
2026-07-17,,3338,low_1m,106.504938,,26.710000,24.820000,-1.890000,-7.076001,800,47146230.050000,-12.258871,-9.056936,-12.771476,False,False,泰碩,1個月相對低位,位於近1個月價格區間的下三分之一。,47.146230
2026-07-17,,3339,low_1m,6.293642,,14.970000,17.000000,2.030000,13.560454,1000,73856489.800000,-25.206612,-12.849834,-24.189805,False,False,泰谷,1個月相對低位,位於近1個月價格區間的下三分之一。,73.856490
2026-07-17,,3346,low_1m,26.409331,,20.500000,20.500000,0.000000,0.000000,1000,60321395.000000,-15.510204,-17.938553,-3.131459,False,False,麗清,1個月相對低位,位於近1個月價格區間的下三分之一。,60.321395
2026-07-17,,3356,low_1m,251.440912,,30.490000,33.000000,2.510000,8.232207,400,47354901.850000,-6.176962,-6.737471,-2.269942,False,False,奇偶,1個月相對低位,位於近1個月價格區間的下三分之一。,47.354902
2026-07-17,,3357,low_1m,284.712374,,68.550000,67.230000,-1.320000,-1.925602,200,1466460047.000000,-29.956189,-23.784604,-13.298015,False,False,臺慶科,1個月相對低位,位於近1個月價格區間的下三分之一。,1466.460047
2026-07-17,,3362,low_1m,179.456789,,62.250000,59.820000,-2.430000,-3.903614,400,1172878414.500000,-24.819277,-14.882008,7.734807,False,False,先進光,1個月相對低位,位於近1個月價格區間的下三分之一。,1172.878414
2026-07-17,,3363,low_1m,777.584551,,57.570000,56.160000,-1.410000,-2.449192,100,2109594913.900000,-26.423358,-16.139767,-32.295981,False,False,上詮,1個月相對低位,位於近1個月價格區間的下三分之一。,2109.594914
2026-07-17,,3372,low_1m,8.720599,,43.860000,43.640000,-0.220000,-0.501596,1000,39918278.250000,-14.824121,-15.545590,-15.436744,False,False,典範,1個月相對低位,位於近1個月價格區間的下三分之一。,39.918278
2026-07-17,,3376,low_1m,491.308799,,55.530000,51.840000,-3.690000,-6.645057,200,832543110.500000,-5.316456,-5.472008,-9.142441,False,False,新日興,1個月相對低位,位於近1個月價格區間的下三分之一。,832.543111
2026-07-17,,3380,low_1m,92.186449,,66.230000,65.390000,-0.840000,-1.268307,800,98728874.850000,-14.520123,-10.175669,-11.933129,False,False,明泰,1個月相對低位,位於近1個月價格區間的下三分之一。,98.728875
2026-07-17,,3388,low_1m,286.633094,,47.090000,46.930000,-0.160000,-0.339775,200,37889951.450000,-12.895826,-9.828286,-20.679027,False,False,崇越電,1個月相對低位,位於近1個月價格區間的下三分之一。,37.889951
2026-07-17,,3390,low_1m,73.998558,,19.490000,17.950000,-1.540000,-7.901488,1000,28104751.700000,-14.840989,-11.745857,-12.196011,False,False,旭軟,1個月相對低位,位於近1個月價格區間的下三分之一。,28.104752
2026-07-17,,3402,low_1m,517.405416,,34.100000,37.920000,3.820000,11.202346,200,203578615.150000,4.301075,-1.070882,2.314679,False,False,漢科,1個月相對低位,位於近1個月價格區間的下三分之一。,203.578615
2026-07-17,,3406,low_1m,784.544725,,73.460000,69.560000,-3.900000,-5.309012,100,1970182645.200000,-28.116343,-20.233613,-13.412040,False,False,玉晶光,1個月相對低位,位於近1個月價格區間的下三分之一。,1970.182645
2026-07-17,,3416,low_1m,773.397962,,67.320000,67.950000,0.630000,0.935829,100,99388195.550000,-4.289123,-7.285104,-4.090118,False,False,融程電,1個月相對低位,位於近1個月價格區間的下三分之一。,99.388196
2026-07-17,,3430,low_1m,152.308970,,33.440000,33.470000,0.030000,0.089713,600,160057869.450000,-2.213058,-5.962789,-9.411464,False,False,奇鈦科,1個月相對低位,位於近1個月價格區間的下三分之一。,160.057869
2026-07-17,,3437,low_1m,22.107743,,19.150000,20.080000,0.930000,4.856397,1000,27571357.200000,-16.550117,-15.466352,-22.844828,False,False,榮創,1個月相對低位,位於近1個月價格區間的下三分之一。,27.571357
2026-07-17,,3438,low_1m,83.202433,,43.530000,43.530000,0.000000,0.000000,1000,30917221.700000,-21.782117,-20.274036,-17.195827,False,False,類比科,1個月相對低位,位於近1個月價格區間的下三分之一。,30.917222
2026-07-17,,3441,low_1m,112.735947,,21.680000,16.740000,-4.940000,-22.785978,800,243481172.150000,-23.681257,-12.308982,16.081493,False,False,聯一光電,1個月相對低位,位於近1個月價格區間的下三分之一。,243.481172
2026-07-17,,3443,low_1m,6690.177912,,78.860000,78.340000,-0.520000,-0.659396,100,10476113430.750000,-24.433498,-16.106098,-17.238657,False,False,創意,1個月相對低位,位於近1個月價格區間的下三分之一。,10476.113431
2026-07-17,,3444,low_1m,236.367181,,48.600000,48.860000,0.260000,0.534979,400,28428909.850000,-15.032680,-11.242604,-16.147065,False,False,利機,1個月相對低位,位於近1個月價格區間的下三分之一。,28.428910
2026-07-17,,3450,low_1m,1908.913331,,52.720000,55.650000,2.930000,5.557663,100,3932772062.450000,-15.953307,-17.090490,-6.585419,False,False,聯鈞,1個月相對低位,位於近1個月價格區間的下三分之一。,3932.772062
2026-07-17,,3455,low_1m,461.968321,,37.940000,37.330000,-0.610000,-1.607802,200,521311827.100000,-12.280702,-15.966387,-18.649583,False,False,由田,1個月相對低位,位於近1個月價格區間的下三分之一。,521.311827
2026-07-17,,3481,low_1m,90.282731,,42.370000,36.320000,-6.050000,-14.278971,800,37454647802.000000,-10.238908,-18.380014,10.092190,False,False,群創,1個月相對低位,位於近1個月價格區間的下三分之一。,37454.647802
2026-07-17,,3483,low_1m,237.122846,,21.600000,22.650000,1.050000,4.861111,400,42868894.150000,-15.443593,-12.915962,-16.462271,False,False,力致,1個月相對低位,位於近1個月價格區間的下三分之一。,42.868894
2026-07-17,,3484,low_1m,179.327705,,31.890000,31.380000,-0.510000,-1.599247,400,64247970.050000,-9.266409,-9.301428,-0.145179,False,False,崧騰,1個月相對低位,位於近1個月價格區間的下三分之一。,64.247970
2026-07-17,,3485,low_1m,238.500000,,52.450000,52.350000,-0.100000,-0.190658,400,127919801.650000,-21.803279,-17.223427,-20.645224,False,False,敘豐,1個月相對低位,位於近1個月價格區間的下三分之一。,127.919802
2026-07-17,,3490,low_1m,63.594630,,12.040000,12.070000,0.030000,0.249169,1000,23847132.400000,-16.081130,-12.384281,-16.787018,False,False,單井,1個月相對低位,位於近1個月價格區間的下三分之一。,23.847132
2026-07-17,,3498,low_1m,148.847184,,49.020000,44.610000,-4.410000,-8.996328,600,275651357.150000,-1.680672,-3.723514,-3.521069,False,False,陽程,1個月相對低位,位於近1個月價格區間的下三分之一。,275.651357
2026-07-17,,3501,low_1m,137.495859,,48.720000,45.290000,-3.430000,-7.040230,600,23640507.800000,-6.549708,-1.728061,-5.735690,False,False,維熹,1個月相對低位,位於近1個月價格區間的下三分之一。,23.640508
2026-07-17,,3504,low_1m,107.529102,,60.600000,61.840000,1.240000,2.046205,800,156513923.500000,-26.011561,-18.802334,-15.628502,False,False,揚明光,1個月相對低位,位於近1個月價格區間的下三分之一。,156.513924
2026-07-17,,3511,low_1m,40.621478,,52.390000,51.130000,-1.260000,-2.405039,1000,46670653.700000,-17.038540,-15.912829,-10.906186,False,False,矽瑪,1個月相對低位,位於近1個月價格區間的下三分之一。,46.670654
2026-07-17,,3515,low_1m,774.761073,,80.390000,78.410000,-1.980000,-2.462993,100,130129935.850000,-14.821808,-7.814145,-10.652737,False,False,華擎,1個月相對低位,位於近1個月價格區間的下三分之一。,130.129936
2026-07-17,,3518,low_1m,50.335068,,28.450000,26.410000,-2.040000,-7.170475,1000,42095679.550000,-5.653710,-12.908750,-17.012018,False,False,柏騰,1個月相對低位,位於近1個月價格區間的下三分之一。,42.095680
2026-07-17,,3526,low_1m,1157.132009,,68.880000,66.440000,-2.440000,-3.542393,100,227292625.450000,-6.180666,-6.299462,-12.746567,False,False,凡甲,1個月相對低位,位於近1個月價格區間的下三分之一。,227.292625
2026-07-17,,3528,low_1m,284.056159,,75.150000,71.850000,-3.300000,-4.391218,200,84501854.700000,-31.428571,-14.399266,-15.402175,False,False,安馳,1個月相對低位,位於近1個月價格區間的下三分之一。,84.501855
2026-07-17,,3529,low_1m,3092.893047,,74.140000,72.800000,-1.340000,-1.807391,100,1884787939.000000,-25.042135,-16.989307,-30.477147,False,False,力旺,1個月相對低位,位於近1個月價格區間的下三分之一。,1884.787939
2026-07-17,,3530,low_1m,63.830933,,53.750000,53.680000,-0.070000,-0.130233,1000,29464832.800000,-19.686467,-15.415102,-14.219466,False,False,晶相光,1個月相對低位,位於近1個月價格區間的下三分之一。,29.464833
2026-07-17,,3533,low_1m,3954.353408,,80.410000,81.000000,0.590000,0.733740,100,1836050596.850000,-18.913043,-11.211616,-21.457149,False,False,嘉澤,1個月相對低位,位於近1個月價格區間的下三分之一。,1836.050597
2026-07-17,,3535,low_1m,175.818911,,29.500000,25.520000,-3.980000,-13.491525,400,177932455.400000,-31.821561,-17.820496,-25.058229,False,False,晶彩科,1個月相對低位,位於近1個月價格區間的下三分之一。,177.932455
2026-07-17,,3537,low_1m,199.296258,,33.010000,29.350000,-3.660000,-11.087549,400,238196073.000000,-30.061350,-22.221464,-12.978206,False,False,堡達,1個月相對低位,位於近1個月價格區間的下三分之一。,238.196073
2026-07-17,,3543,low_1m,38.408168,,33.090000,33.410000,0.320000,0.967060,1000,33647578.450000,-6.741573,-3.974878,-14.924154,False,False,州巧,1個月相對低位,位於近1個月價格區間的下三分之一。,33.647578
2026-07-17,,3545,low_1m,55.763922,,18.930000,17.960000,-0.970000,-5.124142,1000,95835028.700000,-14.762742,-13.923152,-13.446953,False,False,敦泰,1個月相對低位,位於近1個月價格區間的下三分之一。,95.835029
2026-07-17,,3546,low_1m,371.370701,,40.790000,38.660000,-2.130000,-5.221868,200,28033833.050000,-10.143294,-4.943518,-1.408274,False,False,宇峻,1個月相對低位,位於近1個月價格區間的下三分之一。,28.033833
2026-07-17,,3548,low_1m,171.711551,,32.700000,33.410000,0.710000,2.171254,400,25679565.000000,-16.240267,-10.250298,-19.410652,False,False,兆利,1個月相對低位,位於近1個月價格區間的下三分之一。,25.679565
2026-07-17,,3550,low_1m,48.942333,,44.560000,33.570000,-10.990000,-24.663375,1000,242125210.650000,-33.628319,-27.137306,-10.967487,False,False,聯穎,1個月相對低位,位於近1個月價格區間的下三分之一。,242.125211
2026-07-17,,3551,low_1m,488.249439,,55.110000,58.080000,2.970000,5.389222,200,240852658.800000,-1.315789,-3.674813,-3.561320,False,False,世禾,1個月相對低位,位於近1個月價格區間的下三分之一。,240.852659
2026-07-17,,3556,low_1m,269.479128,,21.920000,20.780000,-1.140000,-5.200730,200,129490434.750000,-16.492147,-10.675534,1.563873,False,False,禾瑞亞,1個月相對低位,位於近1個月價格區間的下三分之一。,129.490435
2026-07-17,,3558,low_1m,208.097030,,51.010000,51.030000,0.020000,0.039208,400,45813959.900000,-4.444444,-4.691540,0.952133,False,False,神準,1個月相對低位,位於近1個月價格區間的下三分之一。,45.813960
2026-07-17,,3563,low_1m,2025.399623,,61.590000,60.130000,-1.460000,-2.370515,100,666455166.300000,-8.487063,-11.454227,-18.921203,False,False,牧德,1個月相對低位,位於近1個月價格區間的下三分之一。,666.455166
2026-07-17,,3564,low_1m,66.639998,,60.150000,60.060000,-0.090000,-0.149626,1000,27008559.250000,-2.611212,-4.310977,0.473683,False,False,其陽,1個月相對低位,位於近1個月價格區間的下三分之一。,27.008559
2026-07-17,,3580,low_1m,73.430180,,7.100000,7.100000,0.000000,0.000000,1000,92819447.050000,-15.047141,-9.877715,-11.219810,False,False,友威科,1個月相對低位,位於近1個月價格區間的下三分之一。,92.819447
2026-07-17,,3581,low_1m,182.577884,,58.790000,57.790000,-1.000000,-1.700970,400,76092030.700000,-29.093221,-18.309664,-35.615917,False,False,博磊,1個月相對低位,位於近1個月價格區間的下三分之一。,76.092031
2026-07-17,,3583,low_1m,1080.293317,,70.110000,70.720000,0.610000,0.870061,100,1468054932.250000,-9.673519,-11.377388,-11.398411,False,False,辛耘,1個月相對低位,位於近1個月價格區間的下三分之一。,1468.054932
2026-07-17,,3587,low_1m,549.892244,,46.160000,44.570000,-1.590000,-3.444541,100,264152767.100000,-13.298791,-13.522825,-20.137876,False,False,閎康,1個月相對低位,位於近1個月價格區間的下三分之一。,264.152767
2026-07-17,,3588,low_1m,137.867996,,27.090000,26.800000,-0.290000,-1.070506,600,134048591.400000,-4.313725,-17.602909,-12.388768,False,False,通嘉,1個月相對低位,位於近1個月價格區間的下三分之一。,134.048591
2026-07-17,,3591,low_1m,36.304941,,50.530000,49.170000,-1.360000,-2.691470,1000,105516476.050000,-8.207343,-17.186282,-13.987925,False,False,艾笛森,1個月相對低位,位於近1個月價格區間的下三分之一。,105.516476
2026-07-17,,3592,low_1m,351.471855,,45.920000,43.560000,-2.360000,-5.139373,200,296266239.950000,-11.377083,-11.433630,-7.901270,False,False,瑞鼎,1個月相對低位,位於近1個月價格區間的下三分之一。,296.266240
2026-07-17,,3594,low_1m,67.104829,,42.400000,42.190000,-0.210000,-0.495283,1000,88770807.300000,0.527426,-7.390311,-6.547249,False,False,磐儀,1個月相對低位,位於近1個月價格區間的下三分之一。,88.770807
2026-07-17,,3596,low_1m,479.583027,,79.190000,78.540000,-0.650000,-0.820811,200,394625709.500000,-6.201550,-4.924044,-1.179673,False,False,智易,1個月相對低位,位於近1個月價格區間的下三分之一。,394.625710
2026-07-17,,3605,low_1m,190.532339,,45.530000,52.050000,6.520000,14.320228,400,827876352.000000,2.853437,-4.933165,-1.378381,False,False,宏致,1個月相對低位,位於近1個月價格區間的下三分之一。,827.876352
2026-07-17,,3615,low_1m,63.437880,,24.590000,23.130000,-1.460000,-5.937373,1000,213179564.050000,-21.898830,-17.390442,-8.132938,False,False,安可,1個月相對低位,位於近1個月價格區間的下三分之一。,213.179564
2026-07-17,,3617,low_1m,467.064198,,75.630000,75.480000,-0.150000,-0.198334,200,180637910.700000,-3.546099,-6.891830,-1.781416,False,False,碩天,1個月相對低位,位於近1個月價格區間的下三分之一。,180.637911
2026-07-17,,3624,low_1m,178.034057,,61.130000,59.200000,-1.930000,-3.157206,400,693858214.300000,-32.577152,-30.448394,-6.161926,False,False,光頡,1個月相對低位,位於近1個月價格區間的下三分之一。,693.858214
2026-07-17,,3628,low_1m,163.215518,,59.150000,59.150000,0.000000,0.000000,400,26544563.400000,-3.180020,-5.161714,-0.979894,False,False,盈正,1個月相對低位,位於近1個月價格區間的下三分之一。,26.544563
2026-07-17,,3630,low_1m,29.136076,,51.090000,51.090000,0.000000,0.000000,1000,51180640.100000,-27.337110,-13.271344,-9.968410,False,False,新鉅科,1個月相對低位,位於近1個月價格區間的下三分之一。,51.180640
2026-07-17,,3645,low_1m,107.871223,,36.300000,37.110000,0.810000,2.231405,800,150550475.750000,-23.823133,-18.838039,-27.583198,False,False,達邁,1個月相對低位,位於近1個月價格區間的下三分之一。,150.550476
2026-07-17,,3652,low_1m,45.270013,,67.580000,67.580000,0.000000,0.000000,1000,36504782.850000,-19.119359,-18.040313,-10.463865,False,False,精聯,1個月相對低位,位於近1個月價格區間的下三分之一。,36.504783
2026-07-17,,3653,low_1m,7063.249383,,82.850000,82.720000,-0.130000,-0.156910,100,4178108034.750000,-19.548872,-5.858201,-16.012559,False,False,健策,1個月相對低位,位於近1個月價格區間的下三分之一。,4178.108035
2026-07-17,,3661,low_1m,3884.973429,,60.890000,59.380000,-1.510000,-2.479882,100,9213284190.150000,-19.444444,-16.184971,-20.148383,False,False,世芯-KY,1個月相對低位,位於近1個月價格區間的下三分之一。,9213.284190
2026-07-17,,3663,low_1m,93.931585,,58.690000,63.410000,4.720000,8.042256,800,246557565.600000,-10.371319,-11.722051,-9.096812,False,False,鑫科,1個月相對低位,位於近1個月價格區間的下三分之一。,246.557566
2026-07-17,,3665,low_1m,3728.030080,,78.030000,77.550000,-0.480000,-0.615148,100,5644416086.000000,-14.830497,-8.050860,-20.264114,False,False,貿聯-KY,1個月相對低位,位於近1個月價格區間的下三分之一。,5644.416086
2026-07-17,,3673,low_1m,119.525458,,43.700000,39.050000,-4.650000,-10.640732,600,1163313604.250000,-22.484465,-14.822880,-10.769207,False,False,TPK-KY,1個月相對低位,位於近1個月價格區間的下三分之一。,1163.313604
2026-07-17,,3675,low_1m,442.694744,,65.000000,62.740000,-2.260000,-3.476923,200,673181689.200000,-14.776119,-25.085279,-11.119182,False,False,德微,1個月相對低位,位於近1個月價格區間的下三分之一。,673.181689
2026-07-17,,3680,low_1m,748.138812,,67.250000,66.800000,-0.450000,-0.669145,100,1259174155.050000,-10.154739,-10.245882,-11.892826,False,False,家登,1個月相對低位,位於近1個月價格區間的下三分之一。,1259.174155
2026-07-17,,3689,low_1m,195.441151,,27.450000,29.320000,1.870000,6.812386,400,201631035.600000,-10.548523,-10.886927,-15.013029,False,False,湧德,1個月相對低位,位於近1個月價格區間的下三分之一。,201.631036
2026-07-17,,3691,low_1m,286.343596,,61.120000,62.360000,1.240000,2.028796,200,230583013.050000,-25.159236,-19.726729,-19.118912,False,False,碩禾,1個月相對低位,位於近1個月價格區間的下三分之一。,230.583013
2026-07-17,,3693,low_1m,610.860298,,52.980000,52.010000,-0.970000,-1.830880,100,373333386.900000,-10.976838,-10.666465,-20.295735,False,False,營邦,1個月相對低位,位於近1個月價格區間的下三分之一。,373.333387
2026-07-17,,3701,low_1m,3.528893,,70.710000,71.190000,0.480000,0.678829,1000,40505614.250000,-17.386723,-10.878709,-26.636410,False,False,大眾控,1個月相對低位,位於近1個月價格區間的下三分之一。,40.505614
2026-07-17,,3707,low_1m,70.244085,,47.010000,43.290000,-3.720000,-7.913210,1000,2021777030.600000,-14.658385,-18.072864,-11.985139,False,False,漢磊,1個月相對低位,位於近1個月價格區間的下三分之一。,2021.777031
2026-07-17,,3708,low_1m,138.204011,,45.940000,44.400000,-1.540000,-3.352199,600,93038861.800000,-11.967480,-10.936021,-14.674777,False,False,上緯投控,1個月相對低位,位於近1個月價格區間的下三分之一。,93.038862
2026-07-17,,3709,low_1m,102.980624,,68.560000,67.720000,-0.840000,-1.225204,800,105141983.700000,-0.804290,-2.219873,-7.879995,False,False,鑫聯大投控,1個月相對低位,位於近1個月價格區間的下三分之一。,105.141984
2026-07-17,,3711,low_1m,884.174753,,90.770000,90.950000,0.180000,0.198303,100,19703495536.500000,4.196545,-6.632553,5.681997,False,False,日月光投控,1個月相對低位,位於近1個月價格區間的下三分之一。,19703.495536
2026-07-17,,3712,low_1m,23.287987,,51.950000,54.420000,2.470000,4.754572,1000,23230624.350000,-7.541899,-6.444319,-8.942976,False,False,永崴投控,1個月相對低位,位於近1個月價格區間的下三分之一。,23.230624
2026-07-17,,3714,low_1m,57.809629,,35.290000,34.880000,-0.410000,-1.161802,1000,734355692.800000,-19.167993,-16.638835,-21.886596,False,False,富采,1個月相對低位,位於近1個月價格區間的下三分之一。,734.355693
2026-07-17,,3715,low_1m,135.210759,,31.780000,27.430000,-4.350000,-13.687854,600,1711860033.000000,-29.419192,-23.806381,-27.561577,False,False,定穎投控,1個月相對低位,位於近1個月價格區間的下三分之一。,1711.860033
2026-07-17,,3717,low_1m,22.628175,,36.320000,29.280000,-7.040000,-19.383260,1000,298994890.100000,0.793651,-10.658876,-2.057144,False,False,聯嘉投控,1個月相對低位,位於近1個月價格區間的下三分之一。,298.994890
2026-07-17,,4123,low_1m,325.099883,,62.140000,62.550000,0.410000,0.659800,200,94321534.200000,-0.403769,-3.039832,-3.312210,False,False,晟德,1個月相對低位,位於近1個月價格區間的下三分之一。,94.321534
2026-07-17,,4128,low_1m,32.839916,,39.490000,39.680000,0.190000,0.481134,1000,74820368.900000,4.745763,-3.977626,0.210799,False,False,中天,1個月相對低位,位於近1個月價格區間的下三分之一。,74.820369
2026-07-17,,4137,low_1m,199.533271,,54.110000,53.710000,-0.400000,-0.739235,400,28342023.250000,-4.609373,-2.809992,-2.265748,False,False,麗豐-KY,1個月相對低位,位於近1個月價格區間的下三分之一。,28.342023
2026-07-17,,4142,low_1m,16.954696,,32.920000,32.640000,-0.280000,-0.850547,1000,21831476.000000,-4.000000,-3.211868,-4.136947,False,False,國光生,1個月相對低位,位於近1個月價格區間的下三分之一。,21.831476
2026-07-17,,4147,low_1m,59.900000,,43.120000,44.130000,1.010000,2.342301,1000,162676136.800000,4.720280,-7.640120,6.994537,False,False,中裕,1個月相對低位,位於近1個月價格區間的下三分之一。,162.676137
2026-07-17,,4164,low_1m,45.894547,,42.140000,41.640000,-0.500000,-1.186521,1000,21444699.850000,-8.995943,-6.538239,-5.347774,False,False,承業醫,1個月相對低位,位於近1個月價格區間的下三分之一。,21.444700
2026-07-17,,4174,low_1m,13.850000,,34.540000,35.570000,1.030000,2.982050,1000,22369869.650000,-1.247772,-4.301261,-8.626093,False,False,浩鼎,1個月相對低位,位於近1個月價格區間的下三分之一。,22.369870
2026-07-17,,4303,low_1m,53.691434,,13.710000,13.630000,-0.080000,-0.583516,1000,26615754.650000,-10.095643,-7.838118,-12.331606,False,False,信立,1個月相對低位,位於近1個月價格區間的下三分之一。,26.615755
2026-07-17,,4306,low_1m,64.940402,,51.040000,51.890000,0.850000,1.665361,1000,32288985.750000,-3.149623,-2.908292,5.282063,False,False,炎洲,1個月相對低位,位於近1個月價格區間的下三分之一。,32.288986
2026-07-17,,4510,low_1m,67.420212,,29.650000,30.570000,0.920000,3.102867,1000,53551636.600000,-12.946429,-8.867858,-15.370705,False,False,高鋒,1個月相對低位,位於近1個月價格區間的下三分之一。,53.551637
2026-07-17,,4526,low_1m,89.372473,,44.070000,46.220000,2.150000,4.878602,800,213219636.500000,-15.891473,-16.425958,-15.127548,False,False,東台,1個月相對低位,位於近1個月價格區間的下三分之一。,213.219637
2026-07-17,,4532,low_1m,75.611482,,64.270000,65.470000,1.200000,1.867123,1000,106957224.600000,2.277433,-5.282332,0.974314,False,False,瑞智,1個月相對低位,位於近1個月價格區間的下三分之一。,106.957225
2026-07-17,,4533,low_1m,54.559442,,23.090000,23.350000,0.260000,1.126029,1000,47261627.600000,-13.043478,-10.398897,-14.972475,False,False,協易機,1個月相對低位,位於近1個月價格區間的下三分之一。,47.261628
2026-07-17,,4540,low_1m,59.375017,,26.450000,25.520000,-0.930000,-3.516068,1000,159695834.850000,-12.984823,-11.960416,-19.347696,False,False,全球傳動,1個月相對低位,位於近1個月價格區間的下三分之一。,159.695835
2026-07-17,,4542,low_1m,560.889038,,72.440000,68.660000,-3.780000,-5.218112,100,461086277.350000,-13.359788,-18.359716,9.309376,False,False,科嶠,1個月相對低位,位於近1個月價格區間的下三分之一。,461.086277
2026-07-17,,4551,low_1m,251.344428,,81.280000,83.050000,1.770000,2.177657,400,430091298.850000,-6.699752,-18.641134,7.031028,False,False,智伸科,1個月相對低位,位於近1個月價格區間的下三分之一。,430.091299
2026-07-17,,4566,low_1m,80.821008,,49.710000,48.530000,-1.180000,-2.373768,1000,70964413.500000,-4.113924,-5.511811,-6.945795,False,False,時碩工業,1個月相對低位,位於近1個月價格區間的下三分之一。,70.964414
2026-07-17,,4571,low_1m,197.172800,,66.120000,66.220000,0.100000,0.151240,400,51794302.300000,-12.391931,-9.344289,-16.767808,False,False,鈞興-KY,1個月相對低位,位於近1個月價格區間的下三分之一。,51.794302
2026-07-17,,4576,low_1m,204.004747,,65.640000,65.640000,0.000000,0.000000,400,436720620.750000,-3.047824,-10.167048,-13.954000,False,False,大銀微系統,1個月相對低位,位於近1個月價格區間的下三分之一。,436.720621
2026-07-17,,4577,low_1m,78.168322,,56.510000,55.810000,-0.700000,-1.238719,1000,71104313.350000,-19.354839,-21.343896,-39.522226,False,False,達航科技,1個月相對低位,位於近1個月價格區間的下三分之一。,71.104313
2026-07-17,,4583,low_1m,628.987134,,92.890000,92.810000,-0.080000,-0.086123,100,54063582.500000,-10.828025,-7.468605,-17.151593,False,False,台灣精銳,1個月相對低位,位於近1個月價格區間的下三分之一。,54.063583
2026-07-17,,4585,low_1m,302.365136,,77.270000,76.500000,-0.770000,-0.996506,200,132623719.800000,-1.470588,-3.365385,-7.248111,False,False,達明,1個月相對低位,位於近1個月價格區間的下三分之一。,132.623720
2026-07-17,,4716,low_1m,42.185303,,25.620000,27.000000,1.380000,5.386417,1000,110312562.050000,9.302326,-15.181593,5.980176,False,False,大立,1個月相對低位,位於近1個月價格區間的下三分之一。,110.312562
2026-07-17,,4720,low_1m,45.240373,,33.740000,34.560000,0.820000,2.430350,1000,62392224.100000,-15.001554,-13.241353,-17.902203,False,False,德淵,1個月相對低位,位於近1個月價格區間的下三分之一。,62.392224
2026-07-17,,4721,low_1m,176.017507,,39.340000,35.560000,-3.780000,-9.608541,400,128132733.550000,-24.500990,-16.739502,-17.663442,False,False,美琪瑪,1個月相對低位,位於近1個月價格區間的下三分之一。,128.132734
2026-07-17,,4722,low_1m,597.137859,,74.800000,76.140000,1.340000,1.791444,100,628321765.350000,-13.353668,-15.997544,-8.444597,False,False,國精化,1個月相對低位,位於近1個月價格區間的下三分之一。,628.321765
2026-07-17,,4739,low_1m,128.378608,,40.460000,37.520000,-2.940000,-7.266436,600,350076080.250000,-31.067861,-21.901843,-19.047659,False,False,康普,1個月相對低位,位於近1個月價格區間的下三分之一。,350.076080
2026-07-17,,4741,low_1m,70.291866,,43.200000,40.070000,-3.130000,-7.245370,1000,44949092.250000,-35.684585,-17.881743,-23.751284,False,False,泓瀚,1個月相對低位,位於近1個月價格區間的下三分之一。,44.949092
2026-07-17,,4743,low_1m,87.053198,,41.250000,42.040000,0.790000,1.915152,1000,224671874.850000,2.208202,-5.827641,-5.122907,False,False,合一,1個月相對低位,位於近1個月價格區間的下三分之一。,224.671875
2026-07-17,,4746,low_1m,74.087963,,30.960000,32.280000,1.320000,4.263566,1000,43000424.150000,-0.383142,-2.557856,-1.942297,False,False,台耀,1個月相對低位,位於近1個月價格區間的下三分之一。,43.000424
2026-07-17,,4749,low_1m,811.886856,,52.070000,49.580000,-2.490000,-4.782024,100,986567688.450000,-15.212766,-10.740284,-18.663099,False,False,新應材,1個月相對低位,位於近1個月價格區間的下三分之一。,986.567688
2026-07-17,,4755,low_1m,207.729223,,71.240000,70.190000,-1.050000,-1.473891,400,68943445.250000,-11.730942,-6.306682,-9.701711,False,False,三福化,1個月相對低位,位於近1個月價格區間的下三分之一。,68.943445
2026-07-17,,4760,low_1m,359.827458,,52.190000,47.370000,-4.820000,-9.235486,200,302505507.500000,-32.065217,-22.785885,-23.753368,False,False,勤凱科技,1個月相對低位,位於近1個月價格區間的下三分之一。,302.505508
2026-07-17,,4763,low_1m,1078.359228,,68.630000,68.650000,0.020000,0.029142,100,531563154.250000,1.795735,-3.710388,2.509042,False,False,材料*-KY,1個月相對低位,位於近1個月價格區間的下三分之一。,531.563154
2026-07-17,,4764,low_1m,425.978901,,81.910000,82.350000,0.440000,0.537175,200,894918095.950000,-6.329114,-5.799984,-1.006104,True,True,雙鍵,1個月相對低位,位於近1個月價格區間的下三分之一。,894.918096
2026-07-17,,4766,low_1m,481.046488,,77.050000,76.540000,-0.510000,-0.661908,200,215831571.550000,-5.195284,-4.556562,-4.773691,False,False,南寶,1個月相對低位,位於近1個月價格區間的下三分之一。,215.831572
2026-07-17,,4768,low_1m,384.794096,,47.920000,48.180000,0.260000,0.542571,200,200659086.900000,-21.887287,-16.156714,-30.146700,False,False,晶呈科技,1個月相對低位,位於近1個月價格區間的下三分之一。,200.659087
2026-07-17,,4770,low_1m,252.107769,,62.930000,64.240000,1.310000,2.081678,400,71809970.700000,0.234192,-0.799629,-5.581293,False,False,上品,1個月相對低位,位於近1個月價格區間的下三分之一。,71.809971
2026-07-17,,4771,low_1m,203.946820,,59.330000,59.640000,0.310000,0.522501,400,49986287.850000,4.825737,-2.530226,0.449583,False,False,望隼,1個月相對低位,位於近1個月價格區間的下三分之一。,49.986288
2026-07-17,,4772,low_1m,250.360742,,48.980000,49.000000,0.020000,0.040833,400,209338558.200000,-11.697382,-8.889582,-14.645334,False,False,台特化,1個月相對低位,位於近1個月價格區間的下三分之一。,209.338558
2026-07-17,,4903,low_1m,29.127547,,38.830000,36.690000,-2.140000,-5.511203,1000,83766707.850000,-10.180412,-12.089298,-18.800847,False,False,聯光通,1個月相對低位,位於近1個月價格區間的下三分之一。,83.766708
2026-07-17,,4906,low_1m,117.496869,,30.480000,26.660000,-3.820000,-12.532808,600,397748492.600000,-17.384507,-13.836858,-13.113340,False,False,正文,1個月相對低位,位於近1個月價格區間的下三分之一。,397.748493
2026-07-17,,4908,low_1m,424.236859,,59.290000,57.870000,-1.420000,-2.395008,200,348245098.500000,-28.497409,-21.945701,-33.910684,False,False,前鼎,1個月相對低位,位於近1個月價格區間的下三分之一。,348.245098
2026-07-17,,4909,low_1m,95.903792,,23.680000,23.030000,-0.650000,-2.744932,800,26716913.750000,-23.757455,-13.626126,-23.620793,False,False,新復興,1個月相對低位,位於近1個月價格區間的下三分之一。,26.716914
2026-07-17,,4912,low_1m,210.404086,,50.580000,51.440000,0.860000,1.700277,400,30685030.750000,-7.207207,-5.151079,-10.762189,False,False,聯德控股-KY,1個月相對低位,位於近1個月價格區間的下三分之一。,30.685031
2026-07-17,,4915,low_1m,129.675259,,63.650000,60.490000,-3.160000,-4.964650,600,346733950.600000,-8.904018,-4.468338,-5.656279,False,False,致伸,1個月相對低位,位於近1個月價格區間的下三分之一。,346.733951
2026-07-17,,4916,low_1m,167.154119,,38.930000,29.230000,-9.700000,-24.916517,400,1061354770.000000,3.343465,-4.623872,8.001271,False,False,事欣科,1個月相對低位,位於近1個月價格區間的下三分之一。,1061.354770
2026-07-17,,4919,low_1m,268.789364,,68.970000,64.880000,-4.090000,-5.930115,200,2472842059.200000,-24.800000,-18.520659,-18.829456,False,False,新唐,1個月相對低位,位於近1個月價格區間的下三分之一。,2472.842059
2026-07-17,,4923,low_1m,69.077714,,21.130000,23.330000,2.200000,10.411737,1000,99938283.050000,-6.857143,-17.690624,4.260687,False,False,力士,1個月相對低位,位於近1個月價格區間的下三分之一。,99.938283
2026-07-17,,4927,low_1m,64.499551,,20.050000,16.070000,-3.980000,-19.850374,1000,240208303.550000,-27.000000,-18.408405,-27.923777,False,False,泰鼎-KY,1個月相對低位,位於近1個月價格區間的下三分之一。,240.208304
2026-07-17,,4931,low_1m,247.245097,,31.610000,29.700000,-1.910000,-6.042392,400,1731762369.300000,-20.501731,-17.610956,-7.840133,False,False,新盛力,1個月相對低位,位於近1個月價格區間的下三分之一。,1731.762369
2026-07-17,,4934,low_1m,10.404402,,29.530000,29.990000,0.460000,1.557738,1000,25035643.850000,-12.356322,-11.350094,-10.849126,False,False,太極,1個月相對低位,位於近1個月價格區間的下三分之一。,25.035644
2026-07-17,,4938,low_1m,186.069276,,77.820000,77.530000,-0.290000,-0.372655,400,1294461883.250000,-0.963855,-0.832429,0.069692,False,False,和碩,1個月相對低位,位於近1個月價格區間的下三分之一。,1294.461883
2026-07-17,,4949,low_1m,72.677814,,40.850000,41.060000,0.210000,0.514076,1000,89678008.650000,-20.207852,-13.673559,-22.986904,False,False,有成精密,1個月相對低位,位於近1個月價格區間的下三分之一。,89.678009
2026-07-17,,4951,low_1m,92.439768,,12.900000,12.900000,0.000000,0.000000,800,49991627.250000,-18.969072,-15.483871,-25.532888,False,False,精拓科,1個月相對低位,位於近1個月價格區間的下三分之一。,49.991627
2026-07-17,,4952,low_1m,121.752103,,50.340000,51.490000,1.150000,2.284466,600,99635986.050000,-14.200134,-14.112719,-7.253042,False,False,凌通,1個月相對低位,位於近1個月價格區間的下三分之一。,99.635986
2026-07-17,,4953,low_1m,257.533584,,48.540000,47.430000,-1.110000,-2.286774,400,54353664.350000,-4.840226,-2.143973,-0.379896,False,False,緯致,1個月相對低位,位於近1個月價格區間的下三分之一。,54.353664
2026-07-17,,4956,low_1m,34.940249,,33.130000,32.450000,-0.680000,-2.052520,1000,90826579.000000,-23.186528,-20.327825,-30.014359,False,False,光鋐,1個月相對低位,位於近1個月價格區間的下三分之一。,90.826579
2026-07-17,,4958,low_1m,1006.456476,,82.010000,80.530000,-1.480000,-1.804658,100,24077348956.650002,-18.466354,-12.503149,2.633696,False,False,臻鼎-KY,1個月相對低位,位於近1個月價格區間的下三分之一。,24077.348957
2026-07-17,,4960,low_1m,30.317082,,57.180000,57.420000,0.240000,0.419727,1000,119522695.300000,-26.575809,-15.290881,-32.578997,False,False,誠美材,1個月相對低位,位於近1個月價格區間的下三分之一。,119.522695
2026-07-17,,4961,low_1m,155.154132,,38.310000,40.780000,2.470000,6.447403,600,199651280.400000,-6.473430,-7.828961,-5.090950,False,False,天鈺,1個月相對低位,位於近1個月價格區間的下三分之一。,199.651280
2026-07-17,,4966,low_1m,1097.043512,,60.120000,54.770000,-5.350000,-8.898869,100,1102740158.150000,-13.333333,-9.337466,-15.102554,False,False,譜瑞-KY,1個月相對低位,位於近1個月價格區間的下三分之一。,1102.740158
2026-07-17,,4967,low_1m,200.021656,,21.850000,20.500000,-1.350000,-6.178490,400,960650871.200000,-24.000000,-17.121047,-22.702336,False,False,十銓,1個月相對低位,位於近1個月價格區間的下三分之一。,960.650871
2026-07-17,,4968,low_1m,188.966687,,17.320000,18.950000,1.630000,9.411085,400,120630166.350000,-6.144781,-10.263736,-11.699604,False,False,立積,1個月相對低位,位於近1個月價格區間的下三分之一。,120.630166
2026-07-17,,4971,low_1m,487.139348,,47.950000,58.310000,10.360000,21.605839,200,459181401.550000,-28.707224,-20.567676,-40.397351,False,False,IET-KY,1個月相對低位,位於近1個月價格區間的下三分之一。,459.181402
2026-07-17,,4973,low_1m,329.125903,,32.040000,28.280000,-3.760000,-11.735331,200,441941758.800000,-26.370757,-16.469194,-1.784367,False,False,廣穎電通,1個月相對低位,位於近1個月價格區間的下三分之一。,441.941759
2026-07-17,,4976,low_1m,37.819819,,27.030000,25.060000,-1.970000,-7.288198,1000,163017542.700000,-20.743405,-13.146311,-2.216524,False,False,佳凌,1個月相對低位,位於近1個月價格區間的下三分之一。,163.017543
2026-07-17,,4977,low_1m,267.962894,,24.440000,28.670000,4.230000,17.307692,200,292287983.400000,-27.374302,-19.691120,-33.518246,False,False,眾達-KY,1個月相對低位,位於近1個月價格區間的下三分之一。,292.287983
2026-07-17,,4979,low_1m,601.165238,,50.940000,46.770000,-4.170000,-8.186101,100,3049866414.600000,-34.485818,-21.490710,-35.122487,False,False,華星光,1個月相對低位,位於近1個月價格區間的下三分之一。,3049.866415
2026-07-17,,4989,low_1m,85.380671,,17.150000,20.440000,3.290000,19.183673,1000,1326739493.250000,-12.655087,-21.903600,-25.331448,False,False,榮科,1個月相對低位,位於近1個月價格區間的下三分之一。,1326.739493
2026-07-17,,4991,low_1m,614.460658,,68.520000,64.990000,-3.530000,-5.151781,100,1453924087.500000,-35.714286,-27.598170,-41.443578,False,False,環宇-KY,1個月相對低位,位於近1個月價格區間的下三分之一。,1453.924088
2026-07-17,,5011,low_1m,3.166010,,34.150000,38.230000,4.080000,11.947291,1000,47257133.850000,-6.310680,-17.776121,2.319417,False,False,久陽,1個月相對低位,位於近1個月價格區間的下三分之一。,47.257134
2026-07-17,,5222,low_1m,170.266721,,32.330000,32.170000,-0.160000,-0.494896,400,86865789.450000,0.877193,-6.084116,-8.061292,False,False,全訊,1個月相對低位,位於近1個月價格區間的下三分之一。,86.865789
2026-07-17,,5227,low_1m,5.144666,,12.870000,11.180000,-1.690000,-13.131313,1000,28359323.550000,-23.902439,-10.563279,11.025443,False,False,立凱-KY,1個月相對低位,位於近1個月價格區間的下三分之一。,28.359324
2026-07-17,,5228,low_1m,45.073044,,47.950000,44.940000,-3.010000,-6.277372,1000,77600431.150000,-40.424077,-28.224145,-20.886507,False,False,鈺鎧,1個月相對低位,位於近1個月價格區間的下三分之一。,77.600431
2026-07-17,,5230,low_1m,44.085909,,10.330000,10.270000,-0.060000,-0.580833,1000,33981513.900000,-12.862998,-11.985428,-0.531772,False,False,雷笛克光學,1個月相對低位,位於近1個月價格區間的下三分之一。,33.981514
2026-07-17,,5234,low_1m,774.523953,,78.670000,78.280000,-0.390000,-0.495742,100,171821063.800000,-10.065359,-10.416667,-14.782932,False,False,達興材料,1個月相對低位,位於近1個月價格區間的下三分之一。,171.821064
2026-07-17,,5236,low_1m,204.800651,,62.620000,63.700000,1.080000,1.724689,400,47035182.200000,-10.802469,-12.424242,-11.121948,False,False,凌陽創新,1個月相對低位,位於近1個月價格區間的下三分之一。,47.035182
2026-07-17,,5243,low_1m,147.086809,,57.320000,54.380000,-2.940000,-5.129100,600,218421069.950000,-17.870370,-11.578528,-18.406770,False,False,乙盛-KY,1個月相對低位,位於近1個月價格區間的下三分之一。,218.421070
2026-07-17,,5274,low_1m,26904.206873,,58.080000,57.600000,-0.480000,-0.826446,100,4839282613.750000,-22.577325,-13.153243,-16.246330,False,False,信驊,1個月相對低位,位於近1個月價格區間的下三分之一。,4839.282614
2026-07-17,,5284,low_1m,441.259598,,66.580000,64.790000,-1.790000,-2.688495,200,219271889.750000,-28.032544,-20.301063,-24.361412,False,False,jpp-KY,1個月相對低位,位於近1個月價格區間的下三分之一。,219.271890
2026-07-17,,5285,low_1m,158.760792,,59.800000,59.500000,-0.300000,-0.501672,600,538784150.300000,-4.137225,-12.689334,3.384772,False,False,界霖,1個月相對低位,位於近1個月價格區間的下三分之一。,538.784150
2026-07-17,,5289,low_1m,3089.139240,,56.310000,50.490000,-5.820000,-10.335642,100,5214775308.250000,-31.266846,-21.393342,-22.429527,False,False,宜鼎,1個月相對低位,位於近1個月價格區間的下三分之一。,5214.775308
2026-07-17,,5291,low_1m,78.047673,,22.260000,18.560000,-3.700000,-16.621743,1000,32580016.600000,-21.118012,-11.966034,-21.331785,False,False,邑昇,1個月相對低位,位於近1個月價格區間的下三分之一。,32.580017
2026-07-17,,5292,low_1m,241.018051,,53.030000,50.600000,-2.430000,-4.582312,400,40553349.650000,-16.589568,-12.396604,-15.726693,False,False,華懋,1個月相對低位,位於近1個月價格區間的下三分之一。,40.553350
2026-07-17,,5299,low_1m,145.142102,,50.670000,49.150000,-1.520000,-2.999803,600,210159655.800000,-7.091121,-18.270664,-8.263195,False,False,杰力,1個月相對低位,位於近1個月價格區間的下三分之一。,210.159656
2026-07-17,,5302,low_1m,11.000000,,46.180000,46.500000,0.320000,0.692941,1000,34812166.900000,-12.000000,-15.514593,-5.875642,False,False,太欣,1個月相對低位,位於近1個月價格區間的下三分之一。,34.812167
2026-07-17,,5309,low_1m,39.556518,,33.170000,28.690000,-4.480000,-13.506180,1000,318246360.550000,-21.386431,-16.062992,-19.127672,False,False,系統電,1個月相對低位,位於近1個月價格區間的下三分之一。,318.246361
2026-07-17,,5314,low_1m,227.104646,,45.810000,40.550000,-5.260000,-11.482209,400,676397265.250000,4.225352,-7.202759,-9.923664,False,False,世紀*,1個月相對低位,位於近1個月價格區間的下三分之一。,676.397265
2026-07-17,,5328,low_1m,49.940602,,42.390000,36.280000,-6.110000,-14.413777,1000,2589091343.850000,17.315175,-11.297440,33.695471,False,False,華容,1個月相對低位,位於近1個月價格區間的下三分之一。,2589.091344
2026-07-17,,5340,low_1m,71.800037,,53.320000,53.420000,0.100000,0.187547,1000,150519895.650000,-19.134396,-18.759654,-27.521952,False,False,建榮,1個月相對低位,位於近1個月價格區間的下三分之一。,150.519896
2026-07-17,,5347,low_1m,393.983833,,87.940000,87.140000,-0.800000,-0.909711,200,6875005490.600000,3.918204,-9.841506,0.680951,False,False,世界,1個月相對低位,位於近1個月價格區間的下三分之一。,6875.005491
2026-07-17,,5351,low_1m,61.034617,,31.220000,34.100000,2.880000,9.224856,1000,2965957489.750000,-4.347826,-4.139434,4.020962,False,False,鈺創,1個月相對低位,位於近1個月價格區間的下三分之一。,2965.957490
2026-07-17,,5381,low_1m,7.911988,,48.140000,48.710000,0.570000,1.184047,1000,48400617.900000,-13.949275,-14.866924,-11.600496,False,False,光譜,1個月相對低位,位於近1個月價格區間的下三分之一。,48.400618
2026-07-17,,5386,low_1m,115.721273,,32.650000,34.330000,1.680000,5.145482,600,698247470.950000,-24.400000,-14.343984,-18.124222,False,False,青雲,1個月相對低位,位於近1個月價格區間的下三分之一。,698.247471
2026-07-17,,5392,low_1m,106.239759,,31.850000,31.330000,-0.520000,-1.632653,800,320456119.850000,-5.016722,-6.681271,-1.988228,False,False,能率,1個月相對低位,位於近1個月價格區間的下三分之一。,320.456120
2026-07-17,,5410,low_1m,112.865893,,31.550000,31.950000,0.400000,1.267829,800,39847719.050000,-18.526786,-14.873768,-8.019908,False,False,國眾,1個月相對低位,位於近1個月價格區間的下三分之一。,39.847719
2026-07-17,,5425,low_1m,195.271722,,41.880000,40.020000,-1.860000,-4.441261,400,2488215901.850000,-14.351852,-24.211389,-4.841918,False,False,台半,1個月相對低位,位於近1個月價格區間的下三分之一。,2488.215902
2026-07-17,,5426,low_1m,61.629560,,54.390000,52.770000,-1.620000,-2.978489,1000,70012228.400000,-29.624665,-17.885352,2.672751,False,False,振發,1個月相對低位,位於近1個月價格區間的下三分之一。,70.012228
2026-07-17,,5432,low_1m,8.640256,,51.400000,51.400000,0.000000,0.000000,1000,36917961.700000,-11.827957,-17.036357,-13.268738,False,False,新門,1個月相對低位,位於近1個月價格區間的下三分之一。,36.917962
2026-07-17,,5439,low_1m,811.381576,,59.410000,57.120000,-2.290000,-3.854570,100,764507010.600000,-19.010819,-17.616540,-26.524889,False,False,高技,1個月相對低位,位於近1個月價格區間的下三分之一。,764.507011
2026-07-17,,5443,low_1m,161.530449,,39.780000,39.500000,-0.280000,-0.703871,400,358607409.700000,-6.507177,-10.812908,-14.747971,False,False,均豪,1個月相對低位,位於近1個月價格區間的下三分之一。,358.607410
2026-07-17,,5452,low_1m,47.047940,,38.810000,38.500000,-0.310000,-0.798763,1000,88405605.450000,-18.283487,-16.193088,-17.268512,False,False,佶優,1個月相對低位,位於近1個月價格區間的下三分之一。,88.405605
2026-07-17,,5457,low_1m,20.583838,,49.620000,48.770000,-0.850000,-1.713019,1000,33529372.350000,-19.319728,-12.523971,-11.928513,False,False,宣德,1個月相對低位,位於近1個月價格區間的下三分之一。,33.529372
2026-07-17,,5464,low_1m,244.247070,,73.090000,72.490000,-0.600000,-0.820906,400,128359448.750000,6.403270,-16.510770,10.658496,False,False,霖宏,1個月相對低位,位於近1個月價格區間的下三分之一。,128.359449
2026-07-17,,5468,low_1m,1.607072,,59.230000,60.060000,0.830000,1.401317,1000,22932114.300000,-13.553114,-21.796040,5.149816,False,False,凱鈺,1個月相對低位,位於近1個月價格區間的下三分之一。,22.932114
2026-07-17,,5469,low_1m,235.713769,,71.670000,71.790000,0.120000,0.167434,400,537795850.850000,-19.054543,-16.816160,-16.918239,False,False,瀚宇博,1個月相對低位,位於近1個月價格區間的下三分之一。,537.795851
2026-07-17,,5471,low_1m,218.146767,,29.620000,30.170000,0.550000,1.856853,400,387397711.100000,-9.590139,-8.796890,4.816214,False,False,松翰,1個月相對低位,位於近1個月價格區間的下三分之一。,387.397711
2026-07-17,,5474,low_1m,383.363174,,59.820000,59.610000,-0.210000,-0.351053,200,57331801.650000,-18.218569,-11.505134,-11.237541,False,False,聰泰,1個月相對低位,位於近1個月價格區間的下三分之一。,57.331802
2026-07-17,,5475,low_1m,89.951907,,35.200000,34.610000,-0.590000,-1.676136,800,571088344.950000,-31.154684,-29.369692,-42.905324,False,False,德宏,1個月相對低位,位於近1個月價格區間的下三分之一。,571.088345
2026-07-17,,5478,low_1m,253.896861,,79.310000,79.550000,0.240000,0.302610,400,22373836.000000,-6.190476,-3.986743,-2.186326,False,False,智冠,1個月相對低位,位於近1個月價格區間的下三分之一。,22.373836
2026-07-17,,5484,low_1m,36.387747,,34.130000,34.070000,-0.060000,-0.175798,1000,27683145.000000,-10.337553,-8.641445,-6.001180,False,False,慧友,1個月相對低位,位於近1個月價格區間的下三分之一。,27.683145
2026-07-17,,5489,low_1m,134.747781,,82.700000,82.630000,-0.070000,-0.084643,600,33869886.500000,9.080189,-20.330735,0.387078,False,False,彩富,1個月相對低位,位於近1個月價格區間的下三分之一。,33.869886
2026-07-17,,5493,low_1m,253.803063,,44.790000,43.880000,-0.910000,-2.031704,400,21188629.350000,-8.896632,-8.952360,-9.659536,False,False,三聯,1個月相對低位,位於近1個月價格區間的下三分之一。,21.188629
2026-07-17,,5498,low_1m,55.978727,,30.250000,29.670000,-0.580000,-1.917355,1000,192392115.350000,-26.129518,-18.287452,-25.332048,False,False,凱崴,1個月相對低位,位於近1個月價格區間的下三分之一。,192.392115
2026-07-17,,5508,low_1m,463.624320,,71.570000,71.570000,0.000000,0.000000,200,52331382.550000,-10.474632,-2.703664,4.291457,False,False,永信建,1個月相對低位,位於近1個月價格區間的下三分之一。,52.331383
2026-07-17,,5519,low_1m,286.174111,,63.660000,62.460000,-1.200000,-1.885014,200,27064598.150000,-6.380191,-4.136963,-1.809099,False,False,隆大,1個月相對低位,位於近1個月價格區間的下三分之一。,27.064598
2026-07-17,,5521,low_1m,15.177434,,52.180000,52.070000,-0.110000,-0.210809,1000,37862800.000000,-4.700251,-2.826442,-5.242437,False,False,工信,1個月相對低位,位於近1個月價格區間的下三分之一。,37.862800
2026-07-17,,5536,low_1m,7232.034408,,74.470000,74.550000,0.080000,0.107426,100,1298156396.000000,-3.186151,-11.069349,5.452804,False,False,聖暉*,1個月相對低位,位於近1個月價格區間的下三分之一。,1298.156396
2026-07-17,,5607,low_1m,75.911461,,68.520000,68.910000,0.390000,0.569177,1000,22967788.950000,-5.308880,-3.658237,-2.332990,False,False,遠雄港,1個月相對低位,位於近1個月價格區間的下三分之一。,22.967789
2026-07-17,,5864,low_1m,71.539545,,62.020000,59.190000,-2.830000,-4.563044,1000,273548618.350000,-23.228821,-18.202498,-6.581952,False,False,致和證,1個月相對低位,位於近1個月價格區間的下三分之一。,273.548618
2026-07-17,,5904,low_1m,1973.981147,,84.520000,82.320000,-2.200000,-2.602934,100,459724468.900000,3.330306,-5.216113,5.244838,False,False,寶雅,1個月相對低位,位於近1個月價格區間的下三分之一。,459.724469
2026-07-17,,6005,low_1m,102.321441,,72.660000,69.780000,-2.880000,-3.963666,800,461774202.350000,-16.349810,-11.284361,-6.132221,False,False,群益證,1個月相對低位,位於近1個月價格區間的下三分之一。,461.774202
2026-07-17,,6015,low_1m,29.737153,,45.190000,42.210000,-2.980000,-6.594379,1000,56128471.700000,-9.340659,-6.740144,-3.499366,False,False,宏遠證,1個月相對低位,位於近1個月價格區間的下三分之一。,56.128472
2026-07-17,,6016,low_1m,50.396832,,45.720000,44.610000,-1.110000,-2.427822,1000,203522395.100000,-16.521739,-12.854031,-6.856404,False,False,康和證,1個月相對低位,位於近1個月價格區間的下三分之一。,203.522395
2026-07-17,,6026,low_1m,33.517824,,41.520000,41.030000,-0.490000,-1.180154,1000,57078110.800000,-9.668026,-8.816332,-6.791752,False,False,福邦證,1個月相對低位,位於近1個月價格區間的下三分之一。,57.078111
2026-07-17,,6101,low_1m,9.786244,,80.120000,78.500000,-1.620000,-2.021967,1000,44897213.950000,-5.555556,-11.077531,-6.209771,False,False,寬魚國際,1個月相對低位,位於近1個月價格區間的下三分之一。,44.897214
2026-07-17,,6104,low_1m,181.350072,,18.930000,19.750000,0.820000,4.331749,400,222863326.750000,-10.447761,-11.591356,-10.474485,False,False,創惟,1個月相對低位,位於近1個月價格區間的下三分之一。,222.863327
2026-07-17,,6112,low_1m,685.804303,,63.530000,63.330000,-0.200000,-0.314812,100,24849054.850000,-4.674787,-2.262875,-3.818144,False,False,邁達特,1個月相對低位,位於近1個月價格區間的下三分之一。,24.849055
2026-07-17,,6116,low_1m,10.938940,,44.650000,39.990000,-4.660000,-10.436730,1000,2360605889.100000,-17.808219,-16.352990,3.568511,False,False,彩晶,1個月相對低位,位於近1個月價格區間的下三分之一。,2360.605889
2026-07-17,,6117,low_1m,95.135230,,50.960000,50.960000,0.000000,0.000000,800,21350072.600000,-12.317881,-8.424402,-16.907242,False,False,迎廣,1個月相對低位,位於近1個月價格區間的下三分之一。,21.350073
2026-07-17,,6120,low_1m,21.500355,,56.890000,56.370000,-0.520000,-0.914045,1000,50417622.500000,-8.687259,-7.368421,-4.008968,False,False,達運,1個月相對低位,位於近1個月價格區間的下三分之一。,50.417623
2026-07-17,,6121,low_1m,1001.229018,,80.150000,80.790000,0.640000,0.798503,100,652801822.350000,-6.294208,-8.675285,-3.815811,False,False,新普,1個月相對低位,位於近1個月價格區間的下三分之一。,652.801822
2026-07-17,,6125,low_1m,132.447350,,34.660000,34.200000,-0.460000,-1.327178,600,84799284.400000,-16.803954,-13.475542,-15.683437,False,False,廣運,1個月相對低位,位於近1個月價格區間的下三分之一。,84.799284
2026-07-17,,6126,low_1m,104.608218,,33.090000,32.180000,-0.910000,-2.750076,800,63083827.650000,-24.133663,-14.421332,-14.239746,False,False,信音,1個月相對低位,位於近1個月價格區間的下三分之一。,63.083828
2026-07-17,,6127,low_1m,70.832684,,20.340000,16.960000,-3.380000,-16.617502,1000,1030726431.150000,-25.434243,-25.738292,-9.231641,False,False,九豪,1個月相對低位,位於近1個月價格區間的下三分之一。,1030.726431
2026-07-17,,6129,low_1m,19.683888,,13.430000,14.440000,1.010000,7.520477,1000,49701863.200000,-4.658385,-15.496835,-8.784788,False,False,普誠,1個月相對低位,位於近1個月價格區間的下三分之一。,49.701863
2026-07-17,,6133,low_1m,40.105532,,44.220000,42.890000,-1.330000,-3.007689,1000,81983580.400000,-9.656652,-11.162693,-9.002486,False,False,金橋,1個月相對低位,位於近1個月價格區間的下三分之一。,81.983580
2026-07-17,,6134,low_1m,31.582231,,46.710000,46.560000,-0.150000,-0.321130,1000,27290269.500000,-26.056338,-19.255614,-20.170303,False,False,萬旭,1個月相對低位,位於近1個月價格區間的下三分之一。,27.290270
2026-07-17,,6138,low_1m,516.865694,,56.260000,53.690000,-2.570000,-4.568077,200,1146421811.300000,-6.441718,-16.871082,-4.533361,False,False,茂達,1個月相對低位,位於近1個月價格區間的下三分之一。,1146.421811
2026-07-17,,6139,low_1m,2800.137865,,78.230000,77.660000,-0.570000,-0.728621,100,4505110842.900000,-0.868486,-8.722225,1.419535,False,False,亞翔,1個月相對低位,位於近1個月價格區間的下三分之一。,4505.110843
2026-07-17,,6142,low_1m,19.617409,,50.670000,51.490000,0.820000,1.618315,1000,23028902.700000,0.000000,-3.220819,5.139402,False,False,友勁,1個月相對低位,位於近1個月價格區間的下三分之一。,23.028903
2026-07-17,,6146,low_1m,566.963667,,70.690000,70.740000,0.050000,0.070731,100,95515299.750000,-4.134367,-4.455318,-8.346805,False,False,耕興,1個月相對低位,位於近1個月價格區間的下三分之一。,95.515300
2026-07-17,,6147,low_1m,492.136986,,72.670000,67.940000,-4.730000,-6.508876,200,6890686906.050000,-22.222222,-18.119266,-16.420158,False,False,頎邦,1個月相對低位,位於近1個月價格區間的下三分之一。,6890.686906
2026-07-17,,6153,low_1m,26.914332,,43.840000,42.360000,-1.480000,-3.375912,1000,231963846.550000,-30.532787,-18.421369,-13.604893,False,False,嘉聯益,1個月相對低位,位於近1個月價格區間的下三分之一。,231.963847
2026-07-17,,6155,low_1m,197.872080,,59.120000,55.040000,-4.080000,-6.901218,400,676382434.900000,-32.188950,-25.395915,-10.584985,False,False,鈞寶,1個月相對低位,位於近1個月價格區間的下三分之一。,676.382435
2026-07-17,,6156,low_1m,3.333742,,38.040000,31.980000,-6.060000,-15.930599,1000,171631916.400000,5.023562,-10.441792,9.928042,False,False,松上,1個月相對低位,位於近1個月價格區間的下三分之一。,171.631916
2026-07-17,,6163,low_1m,71.085270,,37.780000,37.250000,-0.530000,-1.402859,1000,72067444.100000,-20.512821,-15.131094,-23.324507,False,False,華電網,1個月相對低位,位於近1個月價格區間的下三分之一。,72.067444
2026-07-17,,6164,low_1m,24.299171,,13.000000,13.990000,0.990000,7.615385,1000,41679207.600000,-6.250000,-9.734513,-1.860167,False,False,華興,1個月相對低位,位於近1個月價格區間的下三分之一。,41.679208
2026-07-17,,6166,low_1m,467.787520,,81.780000,81.300000,-0.480000,-0.586941,200,290484963.500000,-15.516859,-13.054568,0.166689,False,False,凌華,1個月相對低位,位於近1個月價格區間的下三分之一。,290.484963
2026-07-17,,6168,low_1m,65.906042,,42.810000,44.110000,1.300000,3.036674,1000,266892366.550000,-11.290323,-16.785744,-10.719654,False,False,宏齊,1個月相對低位,位於近1個月價格區間的下三分之一。,266.892367
2026-07-17,,6170,low_1m,103.479300,,51.280000,53.570000,2.290000,4.465679,800,20349593.950000,-3.253220,-2.837880,-2.377104,False,False,統振,1個月相對低位,位於近1個月價格區間的下三分之一。,20.349594
2026-07-17,,6173,low_1m,330.764322,,70.590000,67.760000,-2.830000,-4.009066,200,2219238784.950000,-34.964481,-31.226578,-7.969693,False,False,信昌電,1個月相對低位,位於近1個月價格區間的下三分之一。,2219.238785
2026-07-17,,6175,low_1m,176.972747,,65.580000,64.500000,-1.080000,-1.646844,400,1115211424.050000,-7.906977,-9.153476,8.257851,False,False,立敦,1個月相對低位,位於近1個月價格區間的下三分之一。,1115.211424
2026-07-17,,6176,low_1m,372.785025,,55.960000,53.230000,-2.730000,-4.878485,200,613950512.450000,-4.195011,-5.008150,-11.073082,False,False,瑞儀,1個月相對低位,位於近1個月價格區間的下三分之一。,613.950512
2026-07-17,,6179,low_1m,21.770859,,29.540000,31.560000,2.020000,6.838186,1000,65995712.000000,-3.313840,-7.376284,-0.941983,False,False,亞通,1個月相對低位,位於近1個月價格區間的下三分之一。,65.995712
2026-07-17,,6180,low_1m,95.177136,,47.800000,47.250000,-0.550000,-1.150628,800,88785851.650000,-13.690476,-9.237911,0.157335,False,False,橘子,1個月相對低位,位於近1個月價格區間的下三分之一。,88.785852
2026-07-17,,6187,low_1m,1796.942419,,69.200000,67.350000,-1.850000,-2.673410,100,2142525779.850000,-15.584416,-7.788339,-12.676140,False,False,萬潤,1個月相對低位,位於近1個月價格區間的下三分之一。,2142.525780
2026-07-17,,6188,low_1m,206.023831,,43.980000,42.420000,-1.560000,-3.547067,400,146282330.650000,-12.090680,-9.497569,-14.399591,False,False,廣明,1個月相對低位,位於近1個月價格區間的下三分之一。,146.282331
2026-07-17,,6189,low_1m,390.710597,,38.200000,38.810000,0.610000,1.596859,200,63320724.550000,-8.324269,-6.745291,-3.195722,False,False,豐藝,1個月相對低位,位於近1個月價格區間的下三分之一。,63.320725
2026-07-17,,6190,low_1m,125.465405,,33.610000,33.680000,0.070000,0.208271,600,322943475.800000,-10.465502,-13.958827,-11.560744,False,False,萬泰科,1個月相對低位,位於近1個月價格區間的下三分之一。,322.943476
2026-07-17,,6191,low_1m,238.153303,,55.450000,58.040000,2.590000,4.670875,400,1435117700.750000,-8.634951,-10.585809,-8.156391,False,False,精成科,1個月相對低位,位於近1個月價格區間的下三分之一。,1435.117701
2026-07-17,,6192,low_1m,412.575394,,66.270000,65.900000,-0.370000,-0.558322,200,24993590.250000,-1.287554,-4.186628,-6.434335,False,False,巨路,1個月相對低位,位於近1個月價格區間的下三分之一。,24.993590
2026-07-17,,6196,low_1m,1661.425408,,79.890000,80.320000,0.430000,0.538240,100,1103877269.950000,1.308411,-2.767003,12.029914,False,False,帆宣,1個月相對低位,位於近1個月價格區間的下三分之一。,1103.877270
2026-07-17,,6197,low_1m,922.228784,,56.290000,54.420000,-1.870000,-3.322082,100,1298283253.700000,-6.681462,-12.207780,6.648345,False,False,佳必琪,1個月相對低位,位於近1個月價格區間的下三分之一。,1298.283254
2026-07-17,,6202,low_1m,203.169961,,39.440000,41.210000,1.770000,4.487830,400,724495145.900000,-11.773700,-14.676525,-4.775003,True,True,盛群,1個月相對低位,位於近1個月價格區間的下三分之一。,724.495146
2026-07-17,,6204,low_1m,242.626357,,29.710000,29.710000,0.000000,0.000000,400,85989278.250000,-28.638498,-30.124581,-19.610747,False,False,艾華,1個月相對低位,位於近1個月價格區間的下三分之一。,85.989278
2026-07-17,,6205,low_1m,157.091948,,43.700000,41.170000,-2.530000,-5.789474,600,67623783.700000,-22.952120,-16.052027,-22.035420,False,False,詮欣,1個月相對低位,位於近1個月價格區間的下三分之一。,67.623784
2026-07-17,,6206,low_1m,822.588038,,63.070000,62.700000,-0.370000,-0.586650,100,116732260.350000,-9.848485,-7.716169,-7.308841,False,False,飛捷,1個月相對低位,位於近1個月價格區間的下三分之一。,116.732260
2026-07-17,,6207,low_1m,439.861219,,33.830000,24.940000,-8.890000,-26.278451,200,2007025571.250000,-20.142639,-11.012345,16.086388,False,False,雷科,1個月相對低位,位於近1個月價格區間的下三分之一。,2007.025571
2026-07-17,,6208,low_1m,155.243792,,60.580000,58.170000,-2.410000,-3.978211,600,184909227.950000,-7.830446,-11.456323,-6.683206,False,False,日揚,1個月相對低位,位於近1個月價格區間的下三分之一。,184.909228
2026-07-17,,6209,low_1m,121.762538,,42.620000,39.700000,-2.920000,-6.851244,600,816381133.700000,-27.586207,-15.729312,-10.803158,False,False,今國光,1個月相對低位,位於近1個月價格區間的下三分之一。,816.381134
2026-07-17,,6215,low_1m,203.366650,,32.530000,32.690000,0.160000,0.491854,400,199922317.050000,-4.848512,-6.864519,-11.595466,False,False,和椿,1個月相對低位,位於近1個月價格區間的下三分之一。,199.922317
2026-07-17,,6217,low_1m,340.549127,,35.800000,32.470000,-3.330000,-9.301676,200,1411329233.200000,-15.845824,-21.084337,-26.097722,False,False,中探針,1個月相對低位,位於近1個月價格區間的下三分之一。,1411.329233
2026-07-17,,6218,low_1m,114.956940,,43.210000,43.500000,0.290000,0.671141,600,53126521.350000,3.746398,-2.306649,-3.584341,False,False,豪勉,1個月相對低位,位於近1個月價格區間的下三分之一。,53.126521
2026-07-17,,6220,low_1m,68.220082,,53.150000,53.590000,0.440000,0.827846,1000,37618095.300000,-9.914558,-9.601520,-2.675020,False,False,岳豐,1個月相對低位,位於近1個月價格區間的下三分之一。,37.618095
2026-07-17,,6223,low_1m,11980.417433,,71.970000,72.080000,0.110000,0.152841,100,5816569733.750000,-12.501693,-14.586257,-5.557964,False,False,旺矽,1個月相對低位,位於近1個月價格區間的下三分之一。,5816.569734
2026-07-17,,6224,low_1m,166.284348,,38.670000,38.560000,-0.110000,-0.284458,400,143207906.900000,-25.572519,-22.228131,-23.660802,False,False,聚鼎,1個月相對低位,位於近1個月價格區間的下三分之一。,143.207907
2026-07-17,,6227,low_1m,301.639069,,74.540000,74.340000,-0.200000,-0.268312,200,52123671.950000,-14.516129,-10.849453,-8.911231,False,False,茂綸,1個月相對低位,位於近1個月價格區間的下三分之一。,52.123672
2026-07-17,,6231,low_1m,542.702128,,47.450000,47.610000,0.160000,0.337197,100,177222377.050000,-14.471243,-16.704309,-21.288523,False,False,系微,1個月相對低位,位於近1個月價格區間的下三分之一。,177.222377
2026-07-17,,6234,low_1m,78.754201,,49.620000,49.620000,0.000000,0.000000,1000,90650949.050000,-15.807560,-18.887601,-23.416227,False,False,高僑,1個月相對低位,位於近1個月價格區間的下三分之一。,90.650949
2026-07-17,,6235,low_1m,28.514637,,36.430000,36.400000,-0.030000,-0.082350,1000,68357502.450000,-2.453988,-4.515974,-6.052429,False,False,華孚,1個月相對低位,位於近1個月價格區間的下三分之一。,68.357502
2026-07-17,,6237,low_1m,53.692076,,15.660000,12.700000,-2.960000,-18.901660,1000,26922797.300000,-21.644338,-17.857440,-20.502237,False,False,驊訊,1個月相對低位,位於近1個月價格區間的下三分之一。,26.922797
2026-07-17,,6239,low_1m,1308.617189,,75.320000,72.500000,-2.820000,-3.744025,100,10151040367.799999,-16.521739,-12.034209,-2.301125,False,False,力成,1個月相對低位,位於近1個月價格區間的下三分之一。,10151.040368
2026-07-17,,6244,low_1m,34.326620,,29.060000,28.030000,-1.030000,-3.544391,1000,120564782.100000,-10.977702,-3.968915,-8.508638,False,False,茂迪,1個月相對低位,位於近1個月價格區間的下三分之一。,120.564782
2026-07-17,,6245,low_1m,273.467695,,52.420000,52.380000,-0.040000,-0.076307,200,50205645.700000,-7.099143,-5.532392,-8.320416,False,False,立端,1個月相對低位,位於近1個月價格區間的下三分之一。,50.205646
2026-07-17,,6257,low_1m,862.223632,,58.100000,61.350000,3.250000,5.593804,100,2865036590.000000,1.724108,-9.530900,-1.023663,False,False,矽格,1個月相對低位,位於近1個月價格區間的下三分之一。,2865.036590
2026-07-17,,6259,low_1m,3.229898,,41.090000,41.090000,0.000000,0.000000,1000,121913549.550000,1.840491,-12.499176,13.659706,False,False,百徽,1個月相對低位,位於近1個月價格區間的下三分之一。,121.913550
2026-07-17,,6261,low_1m,308.363992,,43.510000,44.460000,0.950000,2.183406,200,99690695.700000,-11.122881,-10.176115,-18.946335,False,False,久元,1個月相對低位,位於近1個月價格區間的下三分之一。,99.690696
2026-07-17,,6263,low_1m,585.912072,,53.780000,53.660000,-0.120000,-0.223131,100,69457126.150000,-7.033639,-6.862745,-4.716622,False,False,普萊德,1個月相對低位,位於近1個月價格區間的下三分之一。,69.457126
2026-07-17,,6265,low_1m,74.792927,,41.520000,40.090000,-1.430000,-3.444123,1000,236649666.200000,-16.083916,-9.527848,-4.635762,False,False,方土昶,1個月相對低位,位於近1個月價格區間的下三分之一。,236.649666
2026-07-17,,6269,low_1m,187.939960,,37.400000,30.300000,-7.100000,-18.983957,400,660188619.450000,-29.662078,-18.016047,-15.482367,False,False,台郡,1個月相對低位,位於近1個月價格區間的下三分之一。,660.188619
2026-07-17,,6270,low_1m,95.165455,,38.990000,37.760000,-1.230000,-3.154655,800,124209470.200000,-9.412181,-15.564727,-0.826955,False,False,倍微,1個月相對低位,位於近1個月價格區間的下三分之一。,124.209470
2026-07-17,,6271,low_1m,427.442047,,53.990000,56.350000,2.360000,4.371180,200,4687255987.100000,-9.777778,-18.970163,-8.154840,False,False,同欣電,1個月相對低位,位於近1個月價格區間的下三分之一。,4687.255987
2026-07-17,,6274,low_1m,2522.223299,,77.180000,76.400000,-0.780000,-1.010625,100,9786381958.250000,-29.940120,-27.295324,-20.112889,True,True,台燿,1個月相對低位,位於近1個月價格區間的下三分之一。,9786.381958
2026-07-17,,6275,low_1m,75.638151,,23.420000,23.410000,-0.010000,-0.042699,1000,44520221.100000,-4.135737,-7.679739,-9.093956,False,False,元山,1個月相對低位,位於近1個月價格區間的下三分之一。,44.520221
2026-07-17,,6278,low_1m,668.370380,,72.520000,68.160000,-4.360000,-6.012135,100,1563214126.000000,-17.285246,-14.435888,-15.210775,False,False,台表科,1個月相對低位,位於近1個月價格區間的下三分之一。,1563.214126
2026-07-17,,6279,low_1m,337.011785,,52.240000,53.220000,0.980000,1.875957,200,82588118.450000,-2.118644,-3.830142,-1.827454,False,False,胡連,1個月相對低位,位於近1個月價格區間的下三分之一。,82.588118
2026-07-17,,6282,low_1m,140.210448,,46.070000,41.650000,-4.420000,-9.594096,600,1737544113.050000,-14.982578,-15.034387,-12.871405,False,False,康舒,1個月相對低位,位於近1個月價格區間的下三分之一。,1737.544113
2026-07-17,,6284,low_1m,152.429021,,50.780000,45.610000,-5.170000,-10.181174,600,410335669.450000,-23.096982,-16.826544,-13.777038,False,False,佳邦,1個月相對低位,位於近1個月價格區間的下三分之一。,410.335669
2026-07-17,,6285,low_1m,1256.449356,,71.720000,70.380000,-1.340000,-1.868377,100,2755852416.900000,-11.778841,-7.085321,-9.716264,False,False,啟碁,1個月相對低位,位於近1個月價格區間的下三分之一。,2755.852417
2026-07-17,,6290,low_1m,572.466821,,55.350000,46.870000,-8.480000,-15.320687,100,1305973343.750000,-23.519737,-21.512364,-22.420265,False,False,良維,1個月相對低位,位於近1個月價格區間的下三分之一。,1305.973344
2026-07-17,,6291,low_1m,32.026162,,62.850000,62.850000,0.000000,0.000000,1000,617249819.250000,-27.475728,-27.143275,-27.734155,False,False,沛亨,1個月相對低位,位於近1個月價格區間的下三分之一。,617.249819
2026-07-17,,6292,low_1m,202.314180,,45.600000,46.640000,1.040000,2.280702,400,26035399.650000,-21.871281,-15.680227,-10.351206,False,False,迅德,1個月相對低位,位於近1個月價格區間的下三分之一。,26.035400
2026-07-17,,6405,low_1m,62.885909,,38.400000,36.710000,-1.690000,-4.401042,1000,97165085.650000,-32.307692,-25.505799,-27.733600,False,False,悅城,1個月相對低位,位於近1個月價格區間的下三分之一。,97.165086
2026-07-17,,6409,low_1m,1731.999606,,77.090000,79.970000,2.880000,3.735893,100,1578983094.400000,3.978495,-9.065262,10.495344,False,False,旭隼,1個月相對低位,位於近1個月價格區間的下三分之一。,1578.983094
2026-07-17,,6411,low_1m,156.556442,,28.730000,29.640000,0.910000,3.167421,600,177549959.650000,-15.432099,-16.036772,-11.099895,False,False,晶焱,1個月相對低位,位於近1個月價格區間的下三分之一。,177.549960
2026-07-17,,6412,low_1m,160.847672,,80.720000,79.410000,-1.310000,-1.622894,400,239313326.400000,-14.702703,-12.880252,-11.851413,False,False,群電,1個月相對低位,位於近1個月價格區間的下三分之一。,239.313326
2026-07-17,,6415,low_1m,2294.377404,,90.120000,90.100000,-0.020000,-0.022193,100,2749857691.200000,-23.951049,-23.921123,-17.841853,False,False,矽力*-KY,1個月相對低位,位於近1個月價格區間的下三分之一。,2749.857691
2026-07-17,,6419,low_1m,82.806825,,32.170000,32.170000,0.000000,0.000000,1000,51950528.100000,-2.166065,-7.000686,-7.561114,False,False,京晨科,1個月相對低位,位於近1個月價格區間的下三分之一。,51.950528
2026-07-17,,6425,low_1m,75.382619,,34.030000,34.090000,0.060000,0.176315,1000,42241966.500000,-21.289762,-14.917398,-24.594201,False,False,易發,1個月相對低位,位於近1個月價格區間的下三分之一。,42.241966
2026-07-17,,6426,low_1m,208.493830,,40.560000,42.660000,2.100000,5.177515,400,138962290.850000,-19.487179,-18.229167,-30.118694,False,False,統新,1個月相對低位,位於近1個月價格區間的下三分之一。,138.962291
2026-07-17,,6432,low_1m,118.318119,,33.080000,29.050000,-4.030000,-12.182588,600,295837922.000000,-16.329114,-13.043478,5.839026,False,False,今展科,1個月相對低位,位於近1個月價格區間的下三分之一。,295.837922
2026-07-17,,6435,low_1m,490.948328,,61.420000,58.510000,-2.910000,-4.737870,200,831996386.450000,0.346021,-18.067524,3.586843,False,False,大中,1個月相對低位,位於近1個月價格區間的下三分之一。,831.996386
2026-07-17,,6438,low_1m,222.935293,,32.100000,33.300000,1.200000,3.738318,400,131962827.150000,-3.973510,-6.602254,-9.996449,False,False,迅得,1個月相對低位,位於近1個月價格區間的下三分之一。,131.962827
2026-07-17,,6442,low_1m,1989.872982,,70.700000,69.470000,-1.230000,-1.739745,100,3627778920.500000,-28.612442,-19.340474,-28.755620,False,False,光聖,1個月相對低位,位於近1個月價格區間的下三分之一。,3627.778920
2026-07-17,,6443,low_1m,20.049724,,15.760000,14.020000,-1.740000,-11.040609,1000,260017318.650000,-26.387176,-11.751663,-20.885237,False,False,元晶,1個月相對低位,位於近1個月價格區間的下三分之一。,260.017319
2026-07-17,,6449,low_1m,397.652252,,82.810000,80.240000,-2.570000,-3.103490,200,914931610.400000,-42.383505,-25.194648,-15.950129,False,False,鈺邦,1個月相對低位,位於近1個月價格區間的下三分之一。,914.931610
2026-07-17,,6451,low_1m,589.374380,,78.190000,75.920000,-2.270000,-2.903185,100,3032246528.850000,-20.902394,-19.955272,-18.938048,False,False,訊芯-KY,1個月相對低位,位於近1個月價格區間的下三分之一。,3032.246529
2026-07-17,,6456,low_1m,88.724792,,46.030000,44.600000,-1.430000,-3.106670,1000,370523757.800000,-16.170763,-7.421959,-11.406827,False,False,GIS-KY,1個月相對低位,位於近1個月價格區間的下三分之一。,370.523758
2026-07-17,,6462,low_1m,141.479969,,27.010000,27.780000,0.770000,2.850796,600,192415654.200000,-11.822222,-13.161465,-18.607354,False,False,神盾,1個月相對低位,位於近1個月價格區間的下三分之一。,192.415654
2026-07-17,,6465,low_1m,61.666060,,65.090000,65.090000,0.000000,0.000000,1000,30578765.350000,-24.005682,-13.952553,-1.823683,False,False,威潤,1個月相對低位,位於近1個月價格區間的下三分之一。,30.578765
2026-07-17,,6472,low_1m,1611.121451,,62.230000,61.810000,-0.420000,-0.674916,100,613069195.150000,-4.000000,-6.746733,-0.952540,False,False,保瑞,1個月相對低位,位於近1個月價格區間的下三分之一。,613.069195
2026-07-17,,6485,low_1m,126.480804,,24.660000,22.130000,-2.530000,-10.259530,600,45431670.850000,-26.487093,-18.048170,-27.521531,False,False,點序,1個月相對低位,位於近1個月價格區間的下三分之一。,45.431671
2026-07-17,,6494,low_1m,93.585658,,5.220000,5.220000,0.000000,0.000000,800,35411151.400000,-23.738872,-20.297721,-12.105851,False,False,九齊,1個月相對低位,位於近1個月價格區間的下三分之一。,35.411151
2026-07-17,,6498,low_1m,87.270408,,56.920000,56.410000,-0.510000,-0.895994,1000,20938315.900000,-22.576936,-11.266084,-13.313259,False,False,久禾光,1個月相對低位,位於近1個月價格區間的下三分之一。,20.938316
2026-07-17,,6499,low_1m,100.840548,,37.040000,37.730000,0.690000,1.862851,800,22406401.950000,-11.748634,-8.524497,-18.212319,False,False,益安,1個月相對低位,位於近1個月價格區間的下三分之一。,22.406402
2026-07-17,,6509,low_1m,82.753340,,28.780000,29.100000,0.320000,1.111883,1000,184757454.050000,1.797040,-5.309735,0.354314,False,False,聚和,1個月相對低位,位於近1個月價格區間的下三分之一。,184.757454
2026-07-17,,6510,low_1m,3023.655016,,72.020000,74.260000,2.240000,3.110247,100,1599938979.500000,-26.589671,-16.294491,-23.638801,False,False,精測,1個月相對低位,位於近1個月價格區間的下三分之一。,1599.938979
2026-07-17,,6515,low_1m,6986.231616,,71.820000,71.490000,-0.330000,-0.459482,100,3382200991.500000,-35.446688,-26.619825,-32.946711,False,False,穎崴,1個月相對低位,位於近1個月價格區間的下三分之一。,3382.200991
2026-07-17,,6526,low_1m,590.725342,,84.340000,84.650000,0.310000,0.367560,100,557196958.750000,-13.832555,-14.574499,-13.472430,False,False,達發,1個月相對低位,位於近1個月價格區間的下三分之一。,557.196959
2026-07-17,,6530,low_1m,103.267872,,11.660000,11.330000,-0.330000,-2.830189,800,56533981.550000,-26.192361,-18.676962,-30.690388,False,False,創威,1個月相對低位,位於近1個月價格區間的下三分之一。,56.533982
2026-07-17,,6531,low_1m,2146.249721,,77.660000,77.080000,-0.580000,-0.746845,100,4119070468.900000,-11.788349,-15.353212,-14.930741,False,False,愛普*,1個月相對低位,位於近1個月價格區間的下三分之一。,4119.070469
2026-07-17,,6532,low_1m,104.526671,,18.460000,18.460000,0.000000,0.000000,800,35409036.050000,-20.885358,-17.694987,-24.332859,False,False,瑞耘,1個月相對低位,位於近1個月價格區間的下三分之一。,35.409036
2026-07-17,,6535,low_1m,90.200000,,59.030000,58.810000,-0.220000,-0.372692,800,24638250.050000,-13.269231,-9.501354,-22.379668,False,False,順藥,1個月相對低位,位於近1個月價格區間的下三分之一。,24.638250
2026-07-17,,6541,low_1m,12.811480,,65.720000,65.230000,-0.490000,-0.745587,1000,24147729.450000,-5.067985,-5.905415,-4.221488,False,False,泰福-KY,1個月相對低位,位於近1個月價格區間的下三分之一。,24.147729
2026-07-17,,6546,low_1m,74.542100,,29.910000,29.910000,0.000000,0.000000,1000,23706851.600000,-16.240945,-11.063820,-12.987346,False,False,正基,1個月相對低位,位於近1個月價格區間的下三分之一。,23.706852
2026-07-17,,6548,low_1m,2587.025013,,91.540000,90.030000,-1.510000,-1.649552,100,1241843365.300000,-17.508418,-14.390542,2.696101,False,False,長科*,1個月相對低位,位於近1個月價格區間的下三分之一。,1241.843365
2026-07-17,,6561,low_1m,457.778540,,75.650000,75.680000,0.030000,0.039656,200,34208469.850000,-4.059516,-3.113927,-5.884127,False,False,是方,1個月相對低位,位於近1個月價格區間的下三分之一。,34.208470
2026-07-17,,6568,low_1m,220.330390,,40.510000,40.470000,-0.040000,-0.098741,400,31091685.800000,-19.770774,-13.540219,-30.121553,False,False,宏觀,1個月相對低位,位於近1個月價格區間的下三分之一。,31.091686
2026-07-17,,6579,low_1m,237.645573,,85.170000,85.680000,0.510000,0.598802,400,132151892.150000,-7.975460,-7.106363,-0.599698,False,False,研揚,1個月相對低位,位於近1個月價格區間的下三分之一。,132.151892
2026-07-17,,6584,low_1m,594.952955,,82.450000,83.840000,1.390000,1.685870,100,615094908.400000,-5.546493,-14.330103,-14.131053,False,False,南俊國際,1個月相對低位,位於近1個月價格區間的下三分之一。,615.094908
2026-07-17,,6585,low_1m,151.834913,,78.140000,78.120000,-0.020000,-0.025595,600,82819885.800000,-6.562771,-4.900444,14.293659,False,False,鼎基,1個月相對低位,位於近1個月價格區間的下三分之一。,82.819886
2026-07-17,,6588,low_1m,76.543020,,21.160000,18.130000,-3.030000,-14.319471,1000,46163711.200000,-33.703704,-18.082490,-36.655854,False,False,東典光電,1個月相對低位,位於近1個月價格區間的下三分之一。,46.163711
2026-07-17,,6589,low_1m,44.850000,,49.200000,49.840000,0.640000,1.300813,1000,65653916.850000,-1.320132,-6.338102,-1.666301,False,False,台康生技,1個月相對低位,位於近1個月價格區間的下三分之一。,65.653917
2026-07-17,,6605,low_1m,322.415370,,70.980000,69.880000,-1.100000,-1.549732,200,94458759.000000,-4.858617,-0.832065,0.398750,False,False,帝寶,1個月相對低位,位於近1個月價格區間的下三分之一。,94.458759
2026-07-17,,6609,low_1m,91.572336,,55.210000,55.310000,0.100000,0.181127,800,27001749.600000,-4.975728,-5.056384,-7.137633,False,False,瀧澤科,1個月相對低位,位於近1個月價格區間的下三分之一。,27.001750
2026-07-17,,6613,low_1m,1193.638479,,71.010000,70.130000,-0.880000,-1.239262,100,152233579.200000,-5.409466,-6.928649,14.277614,False,False,朋億*,1個月相對低位,位於近1個月價格區間的下三分之一。,152.233579
2026-07-17,,6640,low_1m,1313.257740,,75.430000,73.730000,-1.700000,-2.253745,100,320745899.950000,-13.640553,-9.778056,-23.182076,False,False,均華,1個月相對低位,位於近1個月價格區間的下三分之一。,320.745900
2026-07-17,,6642,low_1m,101.527623,,51.140000,51.140000,0.000000,0.000000,800,44677454.350000,-11.175786,-7.245320,-1.319193,False,False,富致,1個月相對低位,位於近1個月價格區間的下三分之一。,44.677454
2026-07-17,,6643,low_1m,578.838928,,46.850000,45.840000,-1.010000,-2.155816,100,217991729.000000,-18.860104,-15.955563,-27.212444,False,False,M31,1個月相對低位,位於近1個月價格區間的下三分之一。,217.991729
2026-07-17,,6651,low_1m,173.413351,,51.610000,51.010000,-0.600000,-1.162565,400,101197654.550000,-15.438596,-20.092838,-10.330030,False,False,全宇昕,1個月相對低位,位於近1個月價格區間的下三分之一。,101.197655
2026-07-17,,6654,low_1m,240.543269,,79.320000,78.220000,-1.100000,-1.386788,400,32528283.150000,-20.000000,-5.220674,23.620309,False,False,天正國際,1個月相對低位,位於近1個月價格區間的下三分之一。,32.528283
2026-07-17,,6658,low_1m,168.124006,,44.640000,41.020000,-3.620000,-8.109319,400,343635658.350000,-15.526316,-18.620864,-12.596631,False,False,聯策,1個月相對低位,位於近1個月價格區間的下三分之一。,343.635658
2026-07-17,,6664,low_1m,528.711565,,60.970000,60.440000,-0.530000,-0.869280,200,204876801.600000,-3.462051,-5.568219,-11.533221,False,False,群翊,1個月相對低位,位於近1個月價格區間的下三分之一。,204.876802
2026-07-17,,6667,low_1m,340.522334,,52.380000,52.410000,0.030000,0.057274,200,143909956.550000,-9.053585,-8.071009,-6.152827,False,False,信紘科,1個月相對低位,位於近1個月價格區間的下三分之一。,143.909957
2026-07-17,,6668,low_1m,36.326694,,51.970000,51.500000,-0.470000,-0.904368,1000,47889437.150000,-25.027086,-11.880810,-10.067579,False,False,中揚光,1個月相對低位,位於近1個月價格區間的下三分之一。,47.889437
2026-07-17,,6672,low_1m,344.443554,,31.750000,37.490000,5.740000,18.078740,200,1733851640.300000,6.401766,-13.997680,3.329999,False,False,騰輝電子-KY,1個月相對低位,位於近1個月價格區間的下三分之一。,1733.851640
2026-07-17,,6679,low_1m,260.730120,,58.970000,58.070000,-0.900000,-1.526200,400,74129284.700000,-19.337017,-15.971223,-22.833685,False,False,鈺太,1個月相對低位,位於近1個月價格區間的下三分之一。,74.129285
2026-07-17,,6683,low_1m,1451.957955,,45.930000,47.050000,1.120000,2.438493,100,1935782892.750000,-25.496073,-26.964186,-31.403668,False,False,雍智科技,1個月相對低位,位於近1個月價格區間的下三分之一。,1935.782893
2026-07-17,,6684,low_1m,58.990819,,31.510000,31.510000,0.000000,0.000000,1000,103816115.350000,-1.497006,-13.287942,-2.385152,False,False,安格,1個月相對低位,位於近1個月價格區間的下三分之一。,103.816115
2026-07-17,,6691,low_1m,1562.355446,,81.690000,81.380000,-0.310000,-0.379483,100,876377605.950000,0.142248,-5.389061,3.344506,False,False,洋基工程,1個月相對低位,位於近1個月價格區間的下三分之一。,876.377606
2026-07-17,,6693,low_1m,212.754382,,44.800000,47.420000,2.620000,5.848214,400,275441033.050000,-2.105214,-18.161503,6.421954,False,False,廣閎科,1個月相對低位,位於近1個月價格區間的下三分之一。,275.441033
2026-07-17,,6695,low_1m,52.300000,,41.830000,45.200000,3.370000,8.056419,1000,170243515.000000,-4.036697,-10.491186,-3.077850,False,False,芯鼎,1個月相對低位,位於近1個月價格區間的下三分之一。,170.243515
2026-07-17,,6698,low_1m,37.685173,,31.080000,31.080000,0.000000,0.000000,1000,43134443.200000,-5.992760,-13.780105,-2.963811,False,False,旭暉應材,1個月相對低位,位於近1個月價格區間的下三分之一。,43.134443
2026-07-17,,6706,low_1m,132.633188,,25.590000,21.000000,-4.590000,-17.936694,600,285599387.600000,-33.832335,-23.529412,-31.933679,False,False,惠特,1個月相對低位,位於近1個月價格區間的下三分之一。,285.599388
2026-07-17,,6712,low_1m,259.799032,,42.860000,41.340000,-1.520000,-3.546430,400,248886475.100000,8.695652,-4.988124,6.365092,False,False,長聖,1個月相對低位,位於近1個月價格區間的下三分之一。,248.886475
2026-07-17,,6715,low_1m,452.726602,,84.620000,84.650000,0.030000,0.035453,200,272344234.900000,-17.311319,-12.026752,-11.227552,False,False,嘉基,1個月相對低位,位於近1個月價格區間的下三分之一。,272.344235
2026-07-17,,6716,low_1m,142.843447,,25.370000,25.280000,-0.090000,-0.354750,600,44825928.450000,-17.014925,-13.377649,-11.779220,False,False,應廣,1個月相對低位,位於近1個月價格區間的下三分之一。,44.825928
2026-07-17,,6719,low_1m,240.548294,,49.090000,52.540000,3.450000,7.027908,400,1725515040.450000,-5.696203,-18.026774,-4.364570,False,False,力智,1個月相對低位,位於近1個月價格區間的下三分之一。,1725.515040
2026-07-17,,6725,low_1m,300.000000,,69.020000,70.540000,1.520000,2.202260,200,121667100.500000,-10.179641,-8.668848,-7.254740,False,False,矽科宏晟,1個月相對低位,位於近1個月價格區間的下三分之一。,121.667101
2026-07-17,,6727,low_1m,458.427363,,36.610000,42.290000,5.680000,15.514887,200,801448585.800000,-9.056490,-16.383899,-20.897498,False,False,亞泰金屬,1個月相對低位,位於近1個月價格區間的下三分之一。,801.448586
2026-07-17,,6735,low_1m,89.961357,,37.630000,37.630000,0.000000,0.000000,800,28133047.000000,-23.634337,-19.264541,-33.993929,False,False,美達科技,1個月相對低位,位於近1個月價格區間的下三分之一。,28.133047
2026-07-17,,6741,low_1m,61.012822,,59.160000,58.770000,-0.390000,-0.659229,1000,21011059.650000,-6.435644,-6.265498,-7.225234,False,False,91APP*-KY,1個月相對低位,位於近1個月價格區間的下三分之一。,21.011060
2026-07-17,,6742,low_1m,47.711218,,27.960000,25.920000,-2.040000,-7.296137,1000,236167690.350000,-31.259259,-25.203514,-14.795942,False,False,澤米,1個月相對低位,位於近1個月價格區間的下三分之一。,236.167690
2026-07-17,,6756,low_1m,102.779972,,57.450000,57.460000,0.010000,0.017406,800,27212788.300000,-7.474747,-8.009038,-5.730605,False,False,威鋒電子,1個月相對低位,位於近1個月價格區間的下三分之一。,27.212788
2026-07-17,,6757,low_1m,60.327295,,73.910000,73.570000,-0.340000,-0.460019,1000,208184645.800000,-4.906937,-6.551380,1.001932,False,False,台灣虎航,1個月相對低位,位於近1個月價格區間的下三分之一。,208.184646
2026-07-17,,6761,low_1m,208.137292,,39.330000,39.760000,0.430000,1.093313,400,116720913.350000,-19.473684,-18.443497,-22.983347,False,False,穩得,1個月相對低位,位於近1個月價格區間的下三分之一。,116.720913
2026-07-17,,6763,low_1m,524.969537,,64.530000,63.260000,-1.270000,-1.968077,200,24906857.100000,-7.788911,-5.520541,-5.844800,False,False,綠界科技*,1個月相對低位,位於近1個月價格區間的下三分之一。,24.906857
2026-07-17,,6768,low_1m,96.881343,,80.600000,79.350000,-1.250000,-1.550868,800,32853437.200000,-13.466956,-6.367449,-11.147304,False,False,志強-KY,1個月相對低位,位於近1個月價格區間的下三分之一。,32.853437
2026-07-17,,6770,low_1m,72.549754,,46.010000,45.420000,-0.590000,-1.282330,1000,19147518014.400002,-1.851852,-8.578253,0.014516,False,False,力積電,1個月相對低位,位於近1個月價格區間的下三分之一。,19147.518014
2026-07-17,,6781,low_1m,1052.360577,,76.650000,75.330000,-1.320000,-1.722114,100,1422869310.000000,-16.870761,-14.973928,-15.863199,False,False,AES-KY,1個月相對低位,位於近1個月價格區間的下三分之一。,1422.869310
2026-07-17,,6782,low_1m,206.178896,,47.030000,47.210000,0.180000,0.382734,400,59648042.650000,1.312336,-3.173210,-3.704628,False,False,視陽,1個月相對低位,位於近1個月價格區間的下三分之一。,59.648043
2026-07-17,,6788,low_1m,437.621045,,33.070000,31.040000,-2.030000,-6.138494,200,369921593.650000,-19.770115,-16.616892,-17.278483,False,False,華景電,1個月相對低位,位於近1個月價格區間的下三分之一。,369.921594
2026-07-17,,6789,low_1m,491.324096,,75.840000,75.420000,-0.420000,-0.553797,200,1484870369.650000,-3.611313,-9.018696,-10.904318,False,False,采鈺,1個月相對低位,位於近1個月價格區間的下三分之一。,1484.870370
2026-07-17,,6799,low_1m,89.760997,,25.100000,27.140000,2.040000,8.127490,800,96501802.300000,-9.570957,-17.228879,-14.432936,False,False,來頡,1個月相對低位,位於近1個月價格區間的下三分之一。,96.501802
2026-07-17,,6803,low_1m,662.779979,,61.000000,60.520000,-0.480000,-0.786885,100,39007838.600000,-0.101716,-1.102107,-0.854896,False,False,崑鼎,1個月相對低位,位於近1個月價格區間的下三分之一。,39.007839
2026-07-17,,6805,low_1m,1367.132778,,75.920000,75.050000,-0.870000,-1.145943,100,1824829509.750000,-21.574344,-14.981037,-24.860335,False,False,富世達,1個月相對低位,位於近1個月價格區間的下三分之一。,1824.829510
2026-07-17,,6821,low_1m,47.527652,,39.490000,38.850000,-0.640000,-1.620663,1000,67463924.550000,-28.536585,-23.697917,-25.592355,False,False,聯寶,1個月相對低位,位於近1個月價格區間的下三分之一。,67.463925
2026-07-17,,6829,low_1m,249.266750,,66.570000,67.490000,0.920000,1.382004,400,499742989.100000,5.240574,-5.441148,-4.360867,True,True,千附精密,1個月相對低位,位於近1個月價格區間的下三分之一。,499.742989
2026-07-17,,6830,low_1m,385.337654,,43.470000,42.700000,-0.770000,-1.771337,200,496752650.550000,-30.116959,-22.707918,-42.734679,False,False,汎銓,1個月相對低位,位於近1個月價格區間的下三分之一。,496.752651
2026-07-17,,6831,low_1m,616.544554,,78.230000,79.820000,1.590000,2.032468,100,1127101111.450000,-17.297297,-23.728814,-14.045950,False,False,邁科,1個月相對低位,位於近1個月價格區間的下三分之一。,1127.101111
2026-07-17,,6834,low_1m,102.556945,,53.470000,47.010000,-6.460000,-12.081541,800,551887475.150000,4.220779,-18.898434,21.352305,False,False,天二科技,1個月相對低位,位於近1個月價格區間的下三分之一。,551.887475
2026-07-17,,6841,low_1m,62.578741,,38.380000,37.030000,-1.350000,-3.517457,1000,49691864.300000,-2.970297,-5.557340,-2.051344,False,False,長佳智能,1個月相對低位,位於近1個月價格區間的下三分之一。,49.691864
2026-07-17,,6854,low_1m,103.000000,,57.830000,57.320000,-0.510000,-0.881895,800,44948438.050000,-20.769231,-13.354364,-26.111908,False,False,錼創科技-KY創,1個月相對低位,位於近1個月價格區間的下三分之一。,44.948438
2026-07-17,,6861,low_1m,241.325488,,58.130000,53.260000,-4.870000,-8.377774,400,236573858.750000,-33.333333,-26.995457,-35.011208,False,False,睿生光電,1個月相對低位,位於近1個月價格區間的下三分之一。,236.573859
2026-07-17,,6862,low_1m,165.051272,,69.710000,69.720000,0.010000,0.014345,400,190131677.500000,-23.461195,-17.220848,-15.003821,False,False,三集瑞-KY,1個月相對低位,位於近1個月價格區間的下三分之一。,190.131677
2026-07-17,,6869,low_1m,71.520784,,44.690000,44.440000,-0.250000,-0.559409,1000,45879240.850000,-14.800515,-8.202177,-16.547609,False,False,雲豹能源,1個月相對低位,位於近1個月價格區間的下三分之一。,45.879241
2026-07-17,,6873,low_1m,104.243406,,53.780000,54.350000,0.570000,1.059874,800,38820848.600000,4.896907,-3.331156,-6.141902,False,False,泓德能源,1個月相對低位,位於近1個月價格區間的下三分之一。,38.820849
2026-07-17,,6877,low_1m,151.519934,,70.710000,71.470000,0.760000,1.074813,600,53338408.850000,-0.793651,-4.852521,-16.662037,False,False,鏵友益,1個月相對低位,位於近1個月價格區間的下三分之一。,53.338409
2026-07-17,,6890,low_1m,189.422701,,92.460000,92.770000,0.310000,0.335280,400,121756060.950000,-20.656336,-13.500157,-6.904695,False,False,來億-KY,1個月相對低位,位於近1個月價格區間的下三分之一。,121.756061
2026-07-17,,6894,low_1m,349.582031,,70.500000,70.540000,0.040000,0.056738,200,23763435.050000,-9.129815,-11.497048,-10.675890,False,False,衛司特,1個月相對低位,位於近1個月價格區間的下三分之一。,23.763435
2026-07-17,,6902,low_1m,125.000000,,64.810000,64.200000,-0.610000,-0.941213,600,44898306.650000,-3.474903,-6.068007,-1.354728,False,False,GOGOLOOK,1個月相對低位,位於近1個月價格區間的下三分之一。,44.898307
2026-07-17,,6903,low_1m,418.412542,,72.420000,74.750000,2.330000,3.217343,200,321263821.250000,-3.623901,-6.038736,-6.848609,False,False,巨漢,1個月相對低位,位於近1個月價格區間的下三分之一。,321.263821
2026-07-17,,6909,low_1m,45.732542,,21.850000,21.500000,-0.350000,-1.601831,1000,103535901.300000,-5.183585,-18.973791,-17.259176,False,False,創控,1個月相對低位,位於近1個月價格區間的下三分之一。,103.535901
2026-07-17,,6913,low_1m,129.917840,,50.180000,50.180000,0.000000,0.000000,600,24003974.450000,-5.158730,-2.766477,-7.331174,False,False,鴻呈,1個月相對低位,位於近1個月價格區間的下三分之一。,24.003974
2026-07-17,,6919,low_1m,1035.000000,,82.440000,83.050000,0.610000,0.739932,100,1121551678.450000,4.439960,-1.202749,2.340145,False,False,康霈*,1個月相對低位,位於近1個月價格區間的下三分之一。,1121.551678
2026-07-17,,6922,low_1m,185.522045,,62.970000,62.970000,0.000000,0.000000,400,27380419.350000,-9.602033,-5.924855,-7.792499,False,False,宸曜,1個月相對低位,位於近1個月價格區間的下三分之一。,27.380419
2026-07-17,,6928,low_1m,50.244600,,76.070000,76.070000,0.000000,0.000000,1000,29767428.050000,2.935010,-5.825941,0.697293,False,False,攸泰科技,1個月相對低位,位於近1個月價格區間的下三分之一。,29.767428
2026-07-17,,6944,low_1m,1004.949153,,73.210000,72.120000,-1.090000,-1.488868,100,599853582.350000,-4.780488,-2.614249,1.886005,False,False,兆聯實業,1個月相對低位,位於近1個月價格區間的下三分之一。,599.853582
2026-07-17,,6945,low_1m,99.000000,,57.360000,57.060000,-0.300000,-0.523013,800,50035895.500000,0.507614,-4.578313,-3.960661,False,False,圓祥生技,1個月相對低位,位於近1個月價格區間的下三分之一。,50.035896
2026-07-17,,6962,low_1m,33.758468,,46.700000,46.770000,0.070000,0.149893,1000,148740174.850000,-15.823606,-12.979351,-12.506179,False,False,奕力-KY,1個月相對低位,位於近1個月價格區間的下三分之一。,148.740175
2026-07-17,,6983,low_1m,333.000000,,54.000000,54.050000,0.050000,0.092593,200,24338219.450000,-1.333333,-6.898721,-8.304348,False,False,華洋精機,1個月相對低位,位於近1個月價格區間的下三分之一。,24.338219
2026-07-17,,6994,low_1m,39.888821,,56.830000,38.040000,-18.790000,-33.063523,1000,84860929.000000,-27.879342,-12.995534,-28.981833,False,False,富威電力,1個月相對低位,位於近1個月價格區間的下三分之一。,84.860929
2026-07-17,,6996,low_1m,193.966644,,59.590000,59.600000,0.010000,0.016781,400,23385129.350000,-11.398964,-11.122661,-9.523810,False,False,力領科技,1個月相對低位,位於近1個月價格區間的下三分之一。,23.385129
2026-07-17,,7556,low_1m,317.796280,,67.580000,67.560000,-0.020000,-0.029595,200,25500448.600000,-16.360798,-15.050931,-16.524786,False,False,意德士科技,1個月相對低位,位於近1個月價格區間的下三分之一。,25.500449
2026-07-17,,7631,low_1m,143.233343,,67.380000,67.560000,0.180000,0.267142,600,40382763.650000,7.937036,-8.502649,2.972633,False,False,聚賢研發-創,1個月相對低位,位於近1個月價格區間的下三分之一。,40.382764
2026-07-17,,7703,low_1m,200.502852,,60.980000,57.750000,-3.230000,-5.296819,400,40796631.400000,-9.489051,-7.382049,-7.670176,False,False,銳澤,1個月相對低位,位於近1個月價格區間的下三分之一。,40.796631
2026-07-17,,7711,low_1m,303.428571,,67.950000,67.130000,-0.820000,-1.206770,200,86385858.750000,-15.831187,-8.057520,-18.377961,False,False,永擎,1個月相對低位,位於近1個月價格區間的下三分之一。,86.385859
2026-07-17,,7712,low_1m,148.217042,,46.570000,46.320000,-0.250000,-0.536826,600,205545087.600000,-13.988095,-23.474116,-9.687500,False,False,博盛半導體,1個月相對低位,位於近1個月價格區間的下三分之一。,205.545088
2026-07-17,,7717,low_1m,441.100101,,61.920000,61.830000,-0.090000,-0.145349,200,144989257.800000,-19.212436,-5.634909,-26.329423,False,False,萊德光電-KY,1個月相對低位,位於近1個月價格區間的下三分之一。,144.989258
2026-07-17,,7721,low_1m,62.722388,,52.040000,52.040000,0.000000,0.000000,1000,22589383.400000,-18.648005,-11.782950,-15.931151,False,False,微程式,1個月相對低位,位於近1個月價格區間的下三分之一。,22.589383
2026-07-17,,7722,low_1m,301.858519,,85.580000,85.790000,0.210000,0.245384,200,69814958.500000,-5.956113,-4.920371,1.806773,False,False,LINEPAY,1個月相對低位,位於近1個月價格區間的下三分之一。,69.814959
2026-07-17,,7728,low_1m,663.290274,,67.300000,67.980000,0.680000,1.010401,100,23772059.550000,-8.540494,-4.404386,-9.526296,False,False,光焱科技,1個月相對低位,位於近1個月價格區間的下三分之一。,23.772060
2026-07-17,,7734,low_1m,3662.398365,,83.460000,81.630000,-1.830000,-2.192667,100,620652400.250000,-14.388625,-7.258195,-14.159598,False,False,印能科技,1個月相對低位,位於近1個月價格區間的下三分之一。,620.652400
2026-07-17,,7744,low_1m,434.028169,,81.640000,81.390000,-0.250000,-0.306222,200,28290217.350000,-12.114990,-6.155786,-12.976931,False,False,崴寶,1個月相對低位,位於近1個月價格區間的下三分之一。,28.290217
2026-07-17,,7749,low_1m,366.730867,,59.820000,58.720000,-1.100000,-1.838850,200,111339632.300000,-24.463261,-13.949464,-21.298494,False,False,意騰-KY,1個月相對低位,位於近1個月價格區間的下三分之一。,111.339632
2026-07-17,,7750,low_1m,1836.780000,,88.070000,88.240000,0.170000,0.193028,100,409737547.000000,-18.243243,-13.105925,-21.178344,False,False,新代,1個月相對低位,位於近1個月價格區間的下三分之一。,409.737547
2026-07-17,,7751,low_1m,1145.270270,,74.230000,73.410000,-0.820000,-1.104675,100,325280034.250000,-22.336770,-17.049000,-32.950949,False,False,竑騰,1個月相對低位,位於近1個月價格區間的下三分之一。,325.280034
2026-07-17,,7768,low_1m,303.000000,,71.340000,71.000000,-0.340000,-0.476591,200,49124614.650000,-18.108108,-12.052826,-17.131605,False,False,頌勝科技,1個月相對低位,位於近1個月價格區間的下三分之一。,49.124615
2026-07-17,,7769,low_1m,6070.000000,,81.720000,82.190000,0.470000,0.575135,100,4858898994.450000,-17.189632,-8.635936,-8.872542,False,False,鴻勁,1個月相對低位,位於近1個月價格區間的下三分之一。,4858.898994
2026-07-17,,7780,low_1m,182.516576,,75.430000,75.580000,0.150000,0.198860,400,26277523.950000,-5.954302,-4.115283,-2.362168,False,False,大研生醫*,1個月相對低位,位於近1個月價格區間的下三分之一。,26.277524
2026-07-17,,7788,low_1m,235.000000,,72.920000,69.470000,-3.450000,-4.731212,400,618664553.900000,-14.545455,-8.861741,7.102165,False,False,松川精密,1個月相對低位,位於近1個月價格區間的下三分之一。,618.664554
2026-07-17,,7792,low_1m,215.132207,,70.700000,70.970000,0.270000,0.381895,400,29811498.700000,-18.395303,-16.708279,-24.408390,False,False,安葆,1個月相對低位,位於近1個月價格區間的下三分之一。,29.811499
2026-07-17,,7805,low_1m,601.000000,,79.130000,78.470000,-0.660000,-0.834071,100,43314789.550000,-12.005857,-8.118025,-14.636745,False,False,威聯通,1個月相對低位,位於近1個月價格區間的下三分之一。,43.314790
2026-07-17,,7822,low_1m,874.000000,,72.950000,72.940000,-0.010000,-0.013708,100,319065948.700000,-24.329004,-19.316871,-23.756906,False,False,倍利科,1個月相對低位,位於近1個月價格區間的下三分之一。,319.065949
2026-07-17,,7827,low_1m,159.000000,,73.390000,74.780000,1.390000,1.893991,600,98623552.400000,-4.504505,-4.690544,-2.761040,False,False,漢康-KY創,1個月相對低位,位於近1個月價格區間的下三分之一。,98.623552
2026-07-17,,7828,low_1m,1951.003086,,72.970000,73.580000,0.610000,0.835960,100,654146062.750000,-6.038647,-6.298928,19.311903,False,False,創新服務,1個月相對低位,位於近1個月價格區間的下三分之一。,654.146063
2026-07-17,,8016,low_1m,1499.086182,,60.170000,64.680000,4.510000,7.495430,100,1103382941.600000,-3.214890,-11.461961,0.852348,False,False,矽創,1個月相對低位,位於近1個月價格區間的下三分之一。,1103.382942
2026-07-17,,8021,low_1m,1205.913471,,57.540000,58.170000,0.630000,1.094891,100,1305934130.100000,-15.798469,-14.474113,-4.463479,False,False,尖點,1個月相對低位,位於近1個月價格區間的下三分之一。,1305.934130
2026-07-17,,8038,low_1m,37.500000,,15.000000,15.000000,0.000000,0.000000,1000,24947949.150000,-6.716418,-6.739617,-9.527735,False,False,長園科,1個月相對低位,位於近1個月價格區間的下三分之一。,24.947949
2026-07-17,,8040,low_1m,71.317736,,44.600000,44.600000,0.000000,0.000000,1000,364048448.900000,-19.358289,-23.872987,-19.984436,False,False,九暘,1個月相對低位,位於近1個月價格區間的下三分之一。,364.048449
2026-07-17,,8042,low_1m,354.118831,,75.390000,70.090000,-5.300000,-7.030110,200,1079134773.350000,-33.759591,-26.980547,-5.684859,False,False,金山電,1個月相對低位,位於近1個月價格區間的下三分之一。,1079.134773
2026-07-17,,8043,low_1m,277.045029,,62.320000,45.260000,-17.060000,-27.374840,200,2787851309.350000,-35.909091,-23.835246,-4.511439,False,False,蜜望實,1個月相對低位,位於近1個月價格區間的下三分之一。,2787.851309
2026-07-17,,8044,low_1m,57.992590,,54.950000,54.780000,-0.170000,-0.309372,1000,28641231.600000,-6.525573,-6.202991,-2.615300,False,False,網家,1個月相對低位,位於近1個月價格區間的下三分之一。,28.641232
2026-07-17,,8054,low_1m,201.759010,,34.640000,36.580000,1.940000,5.600462,400,618702229.300000,-9.638554,-17.928142,-15.677701,False,False,安國,1個月相對低位,位於近1個月價格區間的下三分之一。,618.702229
2026-07-17,,8064,low_1m,220.678842,,48.060000,43.620000,-4.440000,-9.238452,400,1114263745.900000,-24.108974,-16.807827,-11.095554,False,False,東捷,1個月相對低位,位於近1個月價格區間的下三分之一。,1114.263746
2026-07-17,,8069,low_1m,338.301344,,81.640000,80.940000,-0.700000,-0.857423,200,1792824068.800000,-8.564232,-8.999749,-7.200682,False,False,元太,1個月相對低位,位於近1個月價格區間的下三分之一。,1792.824069
2026-07-17,,8070,low_1m,1428.586752,,79.070000,78.010000,-1.060000,-1.340584,100,420784878.500000,-11.904762,-11.230045,-5.276231,False,False,長華*,1個月相對低位,位於近1個月價格區間的下三分之一。,420.784878
2026-07-17,,8071,low_1m,12.719077,,25.230000,22.860000,-2.370000,-9.393579,1000,176335408.050000,-17.218543,-15.390473,7.808963,False,False,能率網通,1個月相對低位,位於近1個月價格區間的下三分之一。,176.335408
2026-07-17,,8074,low_1m,161.315017,,39.790000,38.630000,-1.160000,-2.915305,400,86579921.250000,-25.634179,-16.616766,-24.080991,False,False,鉅橡,1個月相對低位,位於近1個月價格區間的下三分之一。,86.579921
2026-07-17,,8076,low_1m,81.058435,,25.850000,25.250000,-0.600000,-2.321083,1000,31415038.000000,-10.763209,-9.118087,-7.717215,False,False,伍豐,1個月相對低位,位於近1個月價格區間的下三分之一。,31.415038
2026-07-17,,8081,low_1m,912.802441,,59.230000,57.170000,-2.060000,-3.477967,100,657224174.850000,-13.583269,-17.822034,-10.219834,False,False,致新,1個月相對低位,位於近1個月價格區間的下三分之一。,657.224175
2026-07-17,,8086,low_1m,176.809210,,56.590000,53.060000,-3.530000,-6.237851,400,497277604.850000,-27.076923,-17.060367,-21.223201,False,False,宏捷科,1個月相對低位,位於近1個月價格區間的下三分之一。,497.277605
2026-07-17,,8088,low_1m,103.487428,,20.850000,18.030000,-2.820000,-13.525180,800,214740927.850000,-25.352716,-19.915228,-16.930521,False,False,品安,1個月相對低位,位於近1個月價格區間的下三分之一。,214.740928
2026-07-17,,8091,low_1m,636.793985,,64.640000,62.370000,-2.270000,-3.511757,100,531209856.500000,2.879079,-3.371192,10.744379,False,False,翔名,1個月相對低位,位於近1個月價格區間的下三分之一。,531.209857
2026-07-17,,8096,low_1m,305.622119,,61.150000,55.580000,-5.570000,-9.108749,200,1205243215.250000,-14.666667,-16.680228,1.689529,False,False,擎亞,1個月相對低位,位於近1個月價格區間的下三分之一。,1205.243215
2026-07-17,,8103,low_1m,237.699097,,46.170000,43.110000,-3.060000,-6.627680,400,136843412.050000,-14.196191,-15.196270,-21.746019,False,False,瀚荃,1個月相對低位,位於近1個月價格區間的下三分之一。,136.843412
2026-07-17,,8104,low_1m,42.652660,,32.140000,30.380000,-1.760000,-5.476042,1000,119627078.500000,-19.008264,-12.377060,-8.972289,False,False,錸寶,1個月相對低位,位於近1個月價格區間的下三分之一。,119.627078
2026-07-17,,8105,low_1m,21.773076,,57.480000,58.610000,1.130000,1.965901,1000,305984831.700000,-22.196262,-21.033910,-8.900237,False,False,凌巨,1個月相對低位,位於近1個月價格區間的下三分之一。,305.984832
2026-07-17,,8109,low_1m,702.966736,,70.570000,69.770000,-0.800000,-1.133626,100,113982300.400000,10.126582,-2.283789,4.651163,False,False,博大,1個月相對低位,位於近1個月價格區間的下三分之一。,113.982300
2026-07-17,,8110,low_1m,69.291293,,49.050000,48.470000,-0.580000,-1.182467,1000,796262416.200000,-23.005550,-17.332590,-15.488971,False,False,華東,1個月相對低位,位於近1個月價格區間的下三分之一。,796.262416
2026-07-17,,8111,low_1m,64.754818,,25.910000,25.310000,-0.600000,-2.315708,1000,51362442.000000,-10.183486,-5.878960,-18.376361,False,False,立碁,1個月相對低位,位於近1個月價格區間的下三分之一。,51.362442
2026-07-17,,8112,low_1m,280.929464,,43.000000,39.080000,-3.920000,-9.116279,200,1720881193.650000,-11.784164,-7.392657,-4.394731,False,False,至上,1個月相對低位,位於近1個月價格區間的下三分之一。,1720.881194
2026-07-17,,8114,low_1m,687.336046,,64.460000,63.980000,-0.480000,-0.744648,100,161520884.400000,-6.569232,-5.776590,-8.793651,False,False,振樺電,1個月相對低位,位於近1個月價格區間的下三分之一。,161.520884
2026-07-17,,8121,low_1m,60.315178,,55.970000,55.330000,-0.640000,-1.143470,1000,167986525.350000,-28.398792,-22.805494,-10.609140,False,False,越峰,1個月相對低位,位於近1個月價格區間的下三分之一。,167.986525
2026-07-17,,8131,low_1m,202.261384,,73.240000,74.410000,1.170000,1.597488,400,771336007.100000,-7.003066,-6.790433,0.089513,False,False,福懋科,1個月相對低位,位於近1個月價格區間的下三分之一。,771.336007
2026-07-17,,8147,low_1m,218.913854,,47.540000,48.740000,1.200000,2.524190,400,55190904.150000,-9.460738,-9.191651,-16.611083,False,False,正淩,1個月相對低位,位於近1個月價格區間的下三分之一。,55.190904
2026-07-17,,8155,low_1m,611.354954,,62.630000,59.770000,-2.860000,-4.566502,100,322012017.450000,-25.636696,-16.380469,-21.359091,False,False,博智,1個月相對低位,位於近1個月價格區間的下三分之一。,322.012017
2026-07-17,,8162,low_1m,70.132123,,62.130000,61.890000,-0.240000,-0.386287,1000,65538288.750000,-8.713693,-15.406306,-0.408220,False,False,微矽電子-創,1個月相對低位,位於近1個月價格區間的下三分之一。,65.538289
2026-07-17,,8163,low_1m,101.603205,,41.590000,41.870000,0.280000,0.673239,800,114112871.700000,-26.209224,-17.675849,-9.368037,False,False,達方,1個月相對低位,位於近1個月價格區間的下三分之一。,114.112872
2026-07-17,,8182,low_1m,100.872939,,64.700000,64.930000,0.230000,0.355487,800,360428259.300000,-17.053980,-15.163455,-5.262185,False,False,加高,1個月相對低位,位於近1個月價格區間的下三分之一。,360.428259
2026-07-17,,8183,low_1m,43.173068,,43.750000,43.370000,-0.380000,-0.868571,1000,31478201.400000,-5.863521,-7.994690,-6.338839,False,False,精星,1個月相對低位,位於近1個月價格區間的下三分之一。,31.478201
2026-07-17,,8210,low_1m,3455.185665,,80.910000,78.920000,-1.990000,-2.459523,100,1266460235.000000,-17.655155,-11.440753,-15.789764,False,False,勤誠,1個月相對低位,位於近1個月價格區間的下三分之一。,1266.460235
2026-07-17,,8213,low_1m,94.996269,,43.240000,43.460000,0.220000,0.508788,800,24327304.400000,-10.136986,-7.599127,-11.219380,False,False,志超,1個月相對低位,位於近1個月價格區間的下三分之一。,24.327304
2026-07-17,,8215,low_1m,40.634448,,50.170000,50.040000,-0.130000,-0.259119,1000,73993961.800000,-21.060842,-12.449174,-11.406811,False,False,明基材,1個月相對低位,位於近1個月價格區間的下三分之一。,73.993962
2026-07-17,,8222,low_1m,44.995178,,33.880000,33.010000,-0.870000,-2.567887,1000,110302166.050000,5.663576,-3.960822,1.406152,False,False,寶一,1個月相對低位,位於近1個月價格區間的下三分之一。,110.302166
2026-07-17,,8227,low_1m,153.492141,,26.770000,26.850000,0.080000,0.298842,600,326603481.150000,-18.255342,-20.993429,-22.535326,False,False,巨有科技,1個月相對低位,位於近1個月價格區間的下三分之一。,326.603481
2026-07-17,,8234,low_1m,241.096631,,52.850000,54.370000,1.520000,2.876064,400,130977454.900000,-4.702194,-11.156572,-11.078611,False,False,新漢,1個月相對低位,位於近1個月價格區間的下三分之一。,130.977455
2026-07-17,,8240,low_1m,94.658772,,49.620000,48.780000,-0.840000,-1.692866,800,30406202.750000,-22.165525,-15.898084,-27.268130,False,False,華宏,1個月相對低位,位於近1個月價格區間的下三分之一。,30.406203
2026-07-17,,8249,low_1m,155.766101,,56.530000,56.250000,-0.280000,-0.495312,600,22889159.350000,-13.051399,-7.747414,-9.694953,False,False,菱光,1個月相對低位,位於近1個月價格區間的下三分之一。,22.889159
2026-07-17,,8255,low_1m,416.284514,,56.490000,56.690000,0.200000,0.354045,200,513434014.700000,-13.661604,-17.109956,-8.394826,False,False,朋程,1個月相對低位,位於近1個月價格區間的下三分之一。,513.434015
2026-07-17,,8289,low_1m,103.879371,,36.480000,36.190000,-0.290000,-0.794956,800,185556296.300000,-31.149927,-20.128335,-20.310297,False,False,泰藝,1個月相對低位,位於近1個月價格區間的下三分之一。,185.556296
2026-07-17,,8299,low_1m,5934.038119,,56.960000,54.980000,-1.980000,-3.476124,100,12145729848.750000,-22.896303,-20.895135,-22.728345,False,False,群聯,1個月相對低位,位於近1個月價格區間的下三分之一。,12145.729849
2026-07-17,,8358,low_1m,652.452206,,64.890000,60.200000,-4.690000,-7.227616,100,6225659437.850000,-37.449406,-28.391001,-22.906733,False,False,金居,1個月相對低位,位於近1個月價格區間的下三分之一。,6225.659438
2026-07-17,,8374,low_1m,211.703216,,71.580000,71.680000,0.100000,0.139704,400,55128067.800000,-14.323336,-11.185425,-15.878661,False,False,羅昇,1個月相對低位,位於近1個月價格區間的下三分之一。,55.128068
2026-07-17,,8390,low_1m,221.607218,,50.950000,49.390000,-1.560000,-3.061825,400,64194561.750000,-13.427657,-7.637717,-9.278650,False,False,金益鼎,1個月相對低位,位於近1個月價格區間的下三分之一。,64.194562
2026-07-17,,8422,low_1m,583.230207,,45.460000,44.690000,-0.770000,-1.693797,100,356383768.200000,-5.108031,-5.003013,-3.538252,False,False,可寧衛*,1個月相對低位,位於近1個月價格區間的下三分之一。,356.383768
2026-07-17,,8438,low_1m,91.891051,,77.390000,78.850000,1.460000,1.886549,800,83896401.500000,-10.855217,-17.050760,-13.284537,False,False,昶昕,1個月相對低位,位於近1個月價格區間的下三分之一。,83.896401
2026-07-17,,8454,low_1m,665.771020,,85.480000,84.700000,-0.780000,-0.912494,100,546070027.350000,-19.365079,-13.502469,0.239442,False,False,富邦媒,1個月相對低位,位於近1個月價格區間的下三分之一。,546.070027
2026-07-17,,8473,low_1m,63.242138,,66.460000,65.590000,-0.870000,-1.309058,1000,54265582.950000,-12.524851,-7.814792,-0.701484,False,False,山林水,1個月相對低位,位於近1個月價格區間的下三分之一。,54.265583
2026-07-17,,8478,low_1m,185.707582,,76.210000,77.030000,0.820000,1.075974,400,37384022.550000,-0.986842,-2.225110,-4.696570,False,False,東哥遊艇,1個月相對低位,位於近1個月價格區間的下三分之一。,37.384023
2026-07-17,,8499,low_1m,335.758787,,82.220000,83.150000,0.930000,1.131112,200,25803865.200000,-6.116248,-6.610425,-2.967734,False,False,鼎炫-KY,1個月相對低位,位於近1個月價格區間的下三分之一。,25.803865
2026-07-17,,8926,low_1m,247.492729,,61.470000,59.080000,-2.390000,-3.888075,400,700177023.300000,-15.106896,-11.606243,2.866432,False,False,台汽電,1個月相對低位,位於近1個月價格區間的下三分之一。,700.177023
2026-07-17,,8936,low_1m,131.067246,,30.060000,29.580000,-0.480000,-1.596806,600,390085220.600000,-5.626134,-9.486510,-3.967497,False,False,國統,1個月相對低位,位於近1個月價格區間的下三分之一。,390.085221
2026-07-17,,8996,low_1m,2311.275434,,75.570000,74.310000,-1.260000,-1.667328,100,2381647225.000000,-33.003300,-25.641026,-16.711115,False,False,高力,1個月相對低位,位於近1個月價格區間的下三分之一。,2381.647225
2026-07-17,,9105,low_1m,47.695251,,14.060000,14.020000,-0.040000,-0.284495,1000,457840453.950000,-11.684211,-8.466070,3.580247,False,False,泰金寶-DR,1個月相對低位,位於近1個月價格區間的下三分之一。,457.840454
2026-07-17,,9802,low_1m,136.658925,,60.000000,60.050000,0.050000,0.083333,600,44780147.300000,-5.025773,-0.673854,-3.639137,False,False,鈺齊-KY,1個月相對低位,位於近1個月價格區間的下三分之一。,44.780147
2026-07-17,,9907,low_1m,35.474648,,71.310000,70.740000,-0.570000,-0.799327,1000,88226148.000000,-2.288095,-1.097102,-2.199007,False,False,統一實,1個月相對低位,位於近1個月價格區間的下三分之一。,88.226148
2026-07-17,,9910,low_1m,346.827632,,90.600000,90.100000,-0.500000,-0.551876,200,170174774.500000,-8.241758,-3.132251,-5.385243,False,False,豐泰,1個月相對低位,位於近1個月價格區間的下三分之一。,170.174775
2026-07-17,,9933,low_1m,130.297211,,56.930000,59.060000,2.130000,3.741437,600,131960368.650000,-9.059233,-5.759162,-1.696972,False,False,中鼎,1個月相對低位,位於近1個月價格區間的下三分之一。,131.960369
2026-07-17,,9958,low_1m,178.141319,,53.400000,53.730000,0.330000,0.617978,400,291712196.350000,-4.721030,-4.884319,1.069884,False,False,世紀鋼,1個月相對低位,位於近1個月價格區間的下三分之一。,291.712196
2026-07-17,,1215,low_3m,345.007085,,62.100000,60.870000,-1.230000,-1.980676,200,150228563.850000,-5.150215,-2.449790,-9.808039,False,False,卜蜂,3個月相對低位,位於近3個月價格區間的下三分之一。,150.228564
2026-07-17,,1218,low_3m,26.987393,,63.370000,63.520000,0.150000,0.236705,1000,25452488.400000,-8.635097,-5.092593,-6.477283,False,False,泰山,3個月相對低位,位於近3個月價格區間的下三分之一。,25.452488
2026-07-17,,1294,low_3m,81.199837,,39.840000,40.780000,0.940000,2.359438,1000,22420790.600000,-11.683973,-7.124637,-9.211005,False,False,漢田生技,3個月相對低位,位於近3個月價格區間的下三分之一。,22.420791
2026-07-17,,1305,low_3m,30.217992,,48.630000,48.160000,-0.470000,-0.966482,1000,65370210.700000,-1.171875,-4.402040,-3.857116,False,False,華夏,3個月相對低位,位於近3個月價格區間的下三分之一。,65.370211
2026-07-17,,1309,low_3m,29.571387,,43.380000,42.880000,-0.500000,-1.152605,1000,80860480.900000,-0.689655,-3.404327,-10.762239,False,False,台達化,3個月相對低位,位於近3個月價格區間的下三分之一。,80.860481
2026-07-17,,1316,low_3m,8.718076,,28.500000,32.680000,4.180000,14.666667,1000,20003302.100000,-9.459459,-3.527718,-6.118636,False,False,上曜,3個月相對低位,位於近3個月價格區間的下三分之一。,20.003302
2026-07-17,,1319,low_3m,177.158203,,86.520000,79.910000,-6.610000,-7.639852,400,491546638.500000,-24.383823,-5.647074,-8.220259,False,False,東陽,3個月相對低位,位於近3個月價格區間的下三分之一。,491.546638
2026-07-17,,1436,low_3m,99.641002,,74.780000,73.880000,-0.900000,-1.203530,800,30354214.000000,-3.850267,-0.646516,-3.423333,False,False,華友聯,3個月相對低位,位於近3個月價格區間的下三分之一。,30.354214
2026-07-17,,1477,low_3m,834.924406,,73.480000,73.680000,0.200000,0.272183,100,740422348.650000,-0.460829,-2.394939,-1.784699,False,False,聚陽,3個月相對低位,位於近3個月價格區間的下三分之一。,740.422349
2026-07-17,,1503,low_3m,353.594709,,76.280000,75.790000,-0.490000,-0.642370,200,954576732.950000,-17.970402,-15.578764,-9.935005,False,False,士電,3個月相對低位,位於近3個月價格區間的下三分之一。,954.576733
2026-07-17,,1504,low_3m,152.605976,,69.200000,68.380000,-0.820000,-1.184971,600,1043613064.350000,-2.765648,-3.760265,-3.059117,False,False,東元,3個月相對低位,位於近3個月價格區間的下三分之一。,1043.613064
2026-07-17,,1514,low_3m,237.667383,,47.140000,41.690000,-5.450000,-11.561307,400,809728169.300000,-14.937759,-14.529915,-14.925993,False,False,亞力,3個月相對低位,位於近3個月價格區間的下三分之一。,809.728169
2026-07-17,,1519,low_3m,1833.326964,,80.560000,78.620000,-1.940000,-2.408143,100,1685628402.150000,-18.430884,-13.810119,-20.400227,False,False,華城,3個月相對低位,位於近3個月價格區間的下三分之一。,1685.628402
2026-07-17,,1522,low_3m,78.271026,,52.390000,52.390000,0.000000,0.000000,1000,22163963.550000,-4.126944,-0.729467,-2.376911,False,False,堤維西,3個月相對低位,位於近3個月價格區間的下三分之一。,22.163964
2026-07-17,,1528,low_3m,44.295422,,28.900000,27.740000,-1.160000,-4.013841,1000,47397318.300000,-20.512821,-13.630519,-20.970061,False,False,恩德,3個月相對低位,位於近3個月價格區間的下三分之一。,47.397318
2026-07-17,,1536,low_3m,104.257490,,29.190000,29.960000,0.770000,2.637890,800,227944623.400000,1.435897,-2.402921,-3.189493,False,False,和大,3個月相對低位,位於近3個月價格區間的下三分之一。,227.944623
2026-07-17,,1568,low_3m,45.120051,,58.060000,55.030000,-3.030000,-5.218739,1000,55554319.000000,-27.684964,-18.113641,-13.497236,False,False,倉佑,3個月相對低位,位於近3個月價格區間的下三分之一。,55.554319
2026-07-17,,1569,low_3m,81.848990,,42.890000,43.520000,0.630000,1.468874,1000,27645801.950000,-10.092688,-7.280548,-15.422002,False,False,濱川,3個月相對低位,位於近3個月價格區間的下三分之一。,27.645802
2026-07-17,,1582,low_3m,218.082442,,31.030000,30.470000,-0.560000,-1.804705,400,115816336.650000,-21.639344,-13.295846,-21.978394,False,False,信錦,3個月相對低位,位於近3個月價格區間的下三分之一。,115.816337
2026-07-17,,1584,low_3m,23.632256,,36.170000,36.080000,-0.090000,-0.248825,1000,22231132.700000,-0.773196,-1.142637,-1.704352,False,False,精剛,3個月相對低位,位於近3個月價格區間的下三分之一。,22.231133
2026-07-17,,1590,low_3m,1892.803618,,89.270000,89.540000,0.270000,0.302453,100,1115992771.250000,-4.166667,-6.848306,-8.614773,False,False,亞德客-KY,3個月相對低位,位於近3個月價格區間的下三分之一。,1115.992771
2026-07-17,,1595,low_3m,124.869813,,40.680000,42.240000,1.560000,3.834808,600,73778899.350000,-21.607378,-20.177086,-24.848434,False,False,川寶,3個月相對低位,位於近3個月價格區間的下三分之一。,73.778899
2026-07-17,,1597,low_3m,266.819983,,60.760000,59.350000,-1.410000,-2.320606,200,223784702.800000,-12.925170,-11.586945,-18.717257,False,False,直得,3個月相對低位,位於近3個月價格區間的下三分之一。,223.784703
2026-07-17,,1605,low_3m,67.588126,,71.400000,70.400000,-1.000000,-1.400560,1000,1154356524.600000,-15.762274,-9.356319,-7.654238,False,False,華新,3個月相對低位,位於近3個月價格區間的下三分之一。,1154.356525
2026-07-17,,1608,low_3m,67.367353,,61.020000,60.580000,-0.440000,-0.721075,1000,100283512.100000,-7.194245,-4.839186,-4.808757,False,False,華榮,3個月相對低位,位於近3個月價格區間的下三分之一。,100.283512
2026-07-17,,1612,low_3m,92.694644,,57.730000,55.320000,-2.410000,-4.174606,800,52587409.950000,-12.500665,-8.796819,-9.431946,False,False,宏泰,3個月相對低位,位於近3個月價格區間的下三分之一。,52.587410
2026-07-17,,1618,low_3m,63.222347,,53.780000,53.720000,-0.060000,-0.111566,1000,35677783.000000,-10.859189,-7.389040,-7.621914,False,False,合機,3個月相對低位,位於近3個月價格區間的下三分之一。,35.677783
2026-07-17,,1623,low_3m,226.041667,,78.140000,76.500000,-1.640000,-2.098797,400,98707353.450000,1.165501,-2.175138,-5.022431,False,False,大東電,3個月相對低位,位於近3個月價格區間的下三分之一。,98.707353
2026-07-17,,1707,low_3m,218.184949,,55.730000,52.940000,-2.790000,-5.006280,400,55924056.000000,-8.826479,-2.811932,-8.807775,False,False,葡萄王,3個月相對低位,位於近3個月價格區間的下三分之一。,55.924056
2026-07-17,,1711,low_3m,86.186639,,38.980000,39.740000,0.760000,1.949718,1000,412219612.900000,-11.023622,-11.063638,-18.813507,False,False,永光,3個月相對低位,位於近3個月價格區間的下三分之一。,412.219613
2026-07-17,,1712,low_3m,127.076611,,53.050000,53.300000,0.250000,0.471254,600,26182257.650000,-0.378310,0.126743,-1.749440,False,False,興農,3個月相對低位,位於近3個月價格區間的下三分之一。,26.182258
2026-07-17,,1717,low_3m,271.340041,,67.850000,68.760000,0.910000,1.341194,200,1748096551.700000,-9.282700,-12.548302,-15.375626,False,False,長興,3個月相對低位,位於近3個月價格區間的下三分之一。,1748.096552
2026-07-17,,1721,low_3m,14.121098,,33.880000,31.580000,-2.300000,-6.788666,1000,78144006.000000,-9.574468,-13.203308,-19.942233,False,False,三晃,3個月相對低位,位於近3個月價格區間的下三分之一。,78.144006
2026-07-17,,1785,low_3m,399.546011,,51.270000,47.820000,-3.450000,-6.729081,200,2617685770.500000,-23.828068,-21.424893,-25.440685,False,False,光洋科,3個月相對低位,位於近3個月價格區間的下三分之一。,2617.685771
2026-07-17,,1795,low_3m,218.007292,,57.390000,57.450000,0.060000,0.104548,400,473753401.100000,-2.842377,-3.897764,-7.183412,False,False,美時,3個月相對低位,位於近3個月價格區間的下三分之一。,473.753401
2026-07-17,,1802,low_3m,112.900965,,75.840000,75.500000,-0.340000,-0.448312,800,4908873161.500000,-18.326118,-15.980108,-16.488381,False,False,台玻,3個月相對低位,位於近3個月價格區間的下三分之一。,4908.873161
2026-07-17,,1815,low_3m,132.771760,,32.710000,31.550000,-1.160000,-3.546316,600,2885913152.100000,-14.210526,-17.124263,-20.613017,False,False,富喬,3個月相對低位,位於近3個月價格區間的下三分之一。,2885.913152
2026-07-17,,2002,low_3m,56.885243,,48.360000,47.850000,-0.510000,-1.054591,1000,1226274900.900000,-0.533333,-1.087245,-0.876960,False,False,中鋼,3個月相對低位,位於近3個月價格區間的下三分之一。,1226.274901
2026-07-17,,2009,low_3m,60.731197,,55.160000,55.320000,0.160000,0.290065,1000,53736075.250000,-7.615481,-4.089171,-5.682422,False,False,第一銅,3個月相對低位,位於近3個月價格區間的下三分之一。,53.736075
2026-07-17,,2010,low_3m,71.577529,,66.130000,64.230000,-1.900000,-2.873129,1000,47466948.050000,-7.958600,-3.661581,-3.931653,False,False,春源,3個月相對低位,位於近3個月價格區間的下三分之一。,47.466948
2026-07-17,,2014,low_3m,21.061216,,46.560000,46.870000,0.310000,0.665808,1000,67472829.600000,-3.399433,-2.095894,-3.590614,False,False,中鴻,3個月相對低位,位於近3個月價格區間的下三分之一。,67.472830
2026-07-17,,2023,low_3m,32.061846,,76.880000,77.540000,0.660000,0.858481,1000,33387358.050000,-2.857143,-1.090909,-1.698591,False,False,燁輝,3個月相對低位,位於近3個月價格區間的下三分之一。,33.387358
2026-07-17,,2049,low_3m,546.507594,,76.980000,77.050000,0.070000,0.090933,100,1107267379.650000,-5.004055,-7.942148,-10.147526,False,False,上銀,3個月相對低位,位於近3個月價格區間的下三分之一。,1107.267380
2026-07-17,,2072,low_3m,144.836066,,73.570000,73.600000,0.030000,0.040777,600,80682944.350000,-20.285714,-8.854883,-17.723797,False,False,世紀風電,3個月相對低位,位於近3個月價格區間的下三分之一。,80.682944
2026-07-17,,2108,low_3m,134.219550,,68.400000,68.360000,-0.040000,-0.058480,600,34525780.950000,-4.965753,-2.451885,-1.391768,False,False,南帝,3個月相對低位,位於近3個月價格區間的下三分之一。,34.525781
2026-07-17,,2211,low_3m,124.579845,,81.160000,81.570000,0.410000,0.505175,600,55224467.300000,0.106270,-0.784665,-1.015762,False,False,長榮鋼,3個月相對低位,位於近3個月價格區間的下三分之一。,55.224467
2026-07-17,,2233,low_3m,551.680736,,66.250000,61.170000,-5.080000,-7.667925,100,405410892.350000,-27.887789,-11.672562,-24.127554,False,False,宇隆,3個月相對低位,位於近3個月價格區間的下三分之一。,405.410892
2026-07-17,,2250,low_3m,76.356567,,48.970000,48.970000,0.000000,0.000000,1000,23087408.050000,0.651466,-4.489607,-2.592797,False,False,IKKA-KY,3個月相對低位,位於近3個月價格區間的下三分之一。,23.087408
2026-07-17,,2308,low_3m,4229.061949,,89.400000,88.040000,-1.360000,-1.521253,100,25969532575.900002,-19.257541,-10.746345,-17.684465,False,False,台達電,3個月相對低位,位於近3個月價格區間的下三分之一。,25969.532576
2026-07-17,,2313,low_3m,372.401450,,62.320000,60.320000,-2.000000,-3.209243,200,8706595050.750000,-19.696970,-8.719053,-14.470023,False,False,華通,3個月相對低位,位於近3個月價格區間的下三分之一。,8706.595051
2026-07-17,,2323,low_3m,7.719263,,37.650000,39.460000,1.810000,4.807437,1000,121148545.800000,-8.888889,-9.171467,-5.365689,False,False,中環,3個月相對低位,位於近3個月價格區間的下三分之一。,121.148546
2026-07-17,,2328,low_3m,93.224220,,38.730000,37.650000,-1.080000,-2.788536,800,230157833.350000,-10.515275,-7.057056,-9.343497,False,False,廣宇,3個月相對低位,位於近3個月價格區間的下三分之一。,230.157833
2026-07-17,,2329,low_3m,21.256250,,48.150000,46.880000,-1.270000,-2.637591,1000,392120403.500000,-16.850829,-14.468387,-17.822739,False,False,華泰,3個月相對低位,位於近3個月價格區間的下三分之一。,392.120404
2026-07-17,,2331,low_3m,47.140371,,54.600000,54.170000,-0.430000,-0.787546,1000,65851194.450000,-12.808989,-7.925961,-8.060503,False,False,精英,3個月相對低位,位於近3個月價格區間的下三分之一。,65.851194
2026-07-17,,2337,low_3m,130.314201,,47.530000,42.260000,-5.270000,-11.087734,600,15728359040.750000,-22.600619,-17.245945,-18.433931,False,False,旺宏,3個月相對低位,位於近3個月價格區間的下三分之一。,15728.359041
2026-07-17,,2338,low_3m,93.914313,,45.560000,44.650000,-0.910000,-1.997366,800,206864321.850000,-17.241379,-13.021594,-14.408836,False,False,光罩,3個月相對低位,位於近3個月價格區間的下三分之一。,206.864322
2026-07-17,,2340,low_3m,35.199893,,32.830000,33.400000,0.570000,1.736217,1000,440625907.050000,-15.714286,-13.982770,-13.097815,False,False,台亞,3個月相對低位,位於近3個月價格區間的下三分之一。,440.625907
2026-07-17,,2345,low_3m,5543.416857,,86.260000,86.090000,-0.170000,-0.197079,100,8341797457.400000,-16.232465,-14.693878,-14.227086,False,False,智邦,3個月相對低位,位於近3個月價格區間的下三分之一。,8341.797457
2026-07-17,,2349,low_3m,3.127040,,22.540000,21.970000,-0.570000,-2.528838,1000,46295460.200000,-17.582418,-12.790698,-14.165819,False,False,錸德,3個月相對低位,位於近3個月價格區間的下三分之一。,46.295460
2026-07-17,,2353,low_3m,75.259977,,35.060000,33.190000,-1.870000,-5.333714,1000,1194608408.800000,-15.428571,-8.599660,-5.536965,False,False,宏碁,3個月相對低位,位於近3個月價格區間的下三分之一。,1194.608409
2026-07-17,,2354,low_3m,209.553786,,45.210000,45.120000,-0.090000,-0.199071,400,371367297.750000,-3.453881,-3.038851,-4.197463,False,False,鴻準,3個月相對低位,位於近3個月價格區間的下三分之一。,371.367298
2026-07-17,,2355,low_3m,113.453652,,34.140000,31.750000,-2.390000,-7.000586,800,300764988.700000,-25.172414,-16.558520,-21.311475,False,False,敬鵬,3個月相對低位,位於近3個月價格區間的下三分之一。,300.764989
2026-07-17,,2360,low_3m,4902.079187,,87.030000,86.720000,-0.310000,-0.356199,100,5441893026.500000,-17.040359,-10.811137,-16.241851,False,False,致茂,3個月相對低位,位於近3個月價格區間的下三分之一。,5441.893026
2026-07-17,,2362,low_3m,97.567229,,77.320000,77.120000,-0.200000,-0.258665,800,62262559.200000,-12.107805,-5.545854,-2.213383,False,False,藍天,3個月相對低位,位於近3個月價格區間的下三分之一。,62.262559
2026-07-17,,2363,low_3m,32.970609,,32.040000,31.270000,-0.770000,-2.403246,1000,1819575765.350000,-3.898305,-15.599881,-9.289676,False,False,矽統,3個月相對低位,位於近3個月價格區間的下三分之一。,1819.575765
2026-07-17,,2365,low_3m,80.854158,,17.690000,18.740000,1.050000,5.935557,1000,115747013.400000,-11.071212,-9.596009,-14.573246,False,False,昆盈,3個月相對低位,位於近3個月價格區間的下三分之一。,115.747013
2026-07-17,,2367,low_3m,87.542146,,23.650000,23.530000,-0.120000,-0.507400,1000,739993998.500000,-28.320000,-16.589090,-25.327111,False,False,燿華,3個月相對低位,位於近3個月價格區間的下三分之一。,739.993998
2026-07-17,,2368,low_3m,1216.637767,,87.760000,86.540000,-1.220000,-1.390155,100,6483725750.650000,-31.847216,-20.760043,-28.100223,False,False,金像電,3個月相對低位,位於近3個月價格區間的下三分之一。,6483.725751
2026-07-17,,2371,low_3m,11.460183,,42.300000,42.150000,-0.150000,-0.354610,1000,318433300.800000,-6.964286,-4.918332,-9.968031,False,False,大同,3個月相對低位,位於近3個月價格區間的下三分之一。,318.433301
2026-07-17,,2374,low_3m,184.145458,,28.440000,27.520000,-0.920000,-3.234880,400,435962282.650000,-11.271298,-9.395075,-12.220421,False,False,佳能,3個月相對低位,位於近3個月價格區間的下三分之一。,435.962283
2026-07-17,,2383,low_3m,12100.356285,,83.220000,83.300000,0.080000,0.096131,100,10807976941.750000,-13.557692,-16.492499,-10.313752,False,False,台光電,3個月相對低位,位於近3個月價格區間的下三分之一。,10807.976942
2026-07-17,,2385,low_3m,573.915637,,82.970000,80.540000,-2.430000,-2.928769,100,569294576.000000,-10.869565,-3.846154,-13.783247,False,False,群光,3個月相對低位,位於近3個月價格區間的下三分之一。,569.294576
2026-07-17,,2387,low_3m,94.268357,,55.170000,55.120000,-0.050000,-0.090629,800,25637221.450000,-3.299492,-3.727100,-5.212091,False,False,精元,3個月相對低位,位於近3個月價格區間的下三分之一。,25.637221
2026-07-17,,2388,low_3m,14.535199,,63.760000,64.390000,0.630000,0.988080,1000,709502984.500000,-12.367021,-10.540962,-11.668119,False,False,威盛,3個月相對低位,位於近3個月價格區間的下三分之一。,709.502985
2026-07-17,,2392,low_3m,115.311197,,46.690000,46.400000,-0.290000,-0.621118,600,70615097.750000,-11.235955,-6.212901,-6.897929,False,False,正崴,3個月相對低位,位於近3個月價格區間的下三分之一。,70.615098
2026-07-17,,2397,low_3m,202.282090,,70.410000,69.280000,-1.130000,-1.604886,400,26037540.350000,-7.020148,-5.466307,-5.763214,False,False,友通,3個月相對低位,位於近3個月價格區間的下三分之一。,26.037540
2026-07-17,,2399,low_3m,82.184965,,31.850000,23.690000,-8.160000,-25.620094,1000,545533888.350000,-28.131021,-22.315943,-19.959944,False,False,映泰,3個月相對低位,位於近3個月價格區間的下三分之一。,545.533888
2026-07-17,,2402,low_3m,134.587314,,36.200000,35.860000,-0.340000,-0.939227,600,335742824.200000,-17.489422,-11.134741,-12.978803,False,False,毅嘉,3個月相對低位,位於近3個月價格區間的下三分之一。,335.742824
2026-07-17,,2405,low_3m,22.497656,,20.120000,18.930000,-1.190000,-5.914513,1000,52139539.050000,-13.932598,-5.198289,-2.484840,False,False,輔信,3個月相對低位,位於近3個月價格區間的下三分之一。,52.139539
2026-07-17,,2406,low_3m,14.916122,,31.470000,25.780000,-5.690000,-18.080712,1000,1044038126.800000,-15.055249,-17.037637,-11.502302,False,False,國碩,3個月相對低位,位於近3個月價格區間的下三分之一。,1044.038127
2026-07-17,,2413,low_3m,50.273014,,53.870000,50.630000,-3.240000,-6.014479,1000,102203321.900000,-29.462738,-15.186246,-17.474908,False,False,環科,3個月相對低位,位於近3個月價格區間的下三分之一。,102.203322
2026-07-17,,2417,low_3m,83.610950,,38.760000,40.310000,1.550000,3.998968,1000,58701220.250000,-15.191467,-10.976726,-15.058826,False,False,圓剛,3個月相對低位,位於近3個月價格區間的下三分之一。,58.701220
2026-07-17,,2419,low_3m,53.994733,,62.670000,62.970000,0.300000,0.478698,1000,37106993.550000,-13.996627,-8.847185,-14.189568,False,False,仲琦,3個月相對低位,位於近3個月價格區間的下三分之一。,37.106994
2026-07-17,,2420,low_3m,272.166382,,55.500000,55.380000,-0.120000,-0.216216,200,37324429.750000,-5.098684,-5.059646,-3.670108,False,False,新巨,3個月相對低位,位於近3個月價格區間的下三分之一。,37.324430
2026-07-17,,2421,low_3m,384.972387,,62.920000,62.720000,-0.200000,-0.317864,200,317080141.900000,-12.110727,-10.814607,-12.656936,False,False,建準,3個月相對低位,位於近3個月價格區間的下三分之一。,317.080142
2026-07-17,,2426,low_3m,81.903562,,37.310000,37.800000,0.490000,1.313321,1000,1764314454.650000,-25.134409,-26.234936,-20.824584,False,False,鼎元,3個月相對低位,位於近3個月價格區間的下三分之一。,1764.314455
2026-07-17,,2429,low_3m,0.531577,,43.470000,43.270000,-0.200000,-0.460087,1000,57578217.300000,10.233161,-2.826149,-9.108710,False,False,銘旺科,3個月相對低位,位於近3個月價格區間的下三分之一。,57.578217
2026-07-17,,2436,low_3m,94.630222,,19.730000,21.340000,1.610000,8.160162,800,398352109.400000,-15.561264,-17.320168,-18.232768,False,False,偉詮電,3個月相對低位,位於近3個月價格區間的下三分之一。,398.352109
2026-07-17,,2439,low_3m,323.242668,,40.460000,38.640000,-1.820000,-4.498270,200,157497787.100000,-11.530172,-8.124440,-7.675007,False,False,美律,3個月相對低位,位於近3個月價格區間的下三分之一。,157.497787
2026-07-17,,2449,low_3m,918.187196,,67.700000,73.060000,5.360000,7.917282,100,12615851717.700001,2.139037,-10.531657,-6.884784,False,False,京元電子,3個月相對低位,位於近3個月價格區間的下三分之一。,12615.851718
2026-07-17,,2451,low_3m,992.759823,,81.690000,78.490000,-3.200000,-3.917248,100,1420651775.800000,-22.897995,-13.164748,-19.502108,False,False,創見,3個月相對低位,位於近3個月價格區間的下三分之一。,1420.651776
2026-07-17,,2453,low_3m,111.734879,,42.150000,42.040000,-0.110000,-0.260973,800,22324130.400000,-5.528040,-4.483116,-4.908318,False,False,凌群,3個月相對低位,位於近3個月價格區間的下三分之一。,22.324130
2026-07-17,,2455,low_3m,728.710953,,64.560000,62.740000,-1.820000,-2.819083,100,1940654875.700000,-33.685415,-19.053582,-22.776021,False,False,全新,3個月相對低位,位於近3個月價格區間的下三分之一。,1940.654876
2026-07-17,,2457,low_3m,41.032038,,25.040000,25.970000,0.930000,3.714058,1000,133882276.650000,-15.344828,-13.624769,-9.183390,False,False,飛宏,3個月相對低位,位於近3個月價格區間的下三分之一。,133.882277
2026-07-17,,2460,low_3m,79.358978,,54.900000,53.820000,-1.080000,-1.967213,1000,79088280.200000,-10.845070,-11.524216,-8.016469,False,False,建通,3個月相對低位,位於近3個月價格區間的下三分之一。,79.088280
2026-07-17,,2461,low_3m,35.873664,,36.610000,36.070000,-0.540000,-1.475007,1000,21211654.950000,-13.477089,-7.372673,-6.996958,False,False,光群雷,3個月相對低位,位於近3個月價格區間的下三分之一。,21.211655
2026-07-17,,2468,low_3m,79.289238,,50.020000,50.020000,0.000000,0.000000,1000,33456337.000000,-9.138381,-5.338320,-3.913854,False,False,華經,3個月相對低位,位於近3個月價格區間的下三分之一。,33.456337
2026-07-17,,2474,low_3m,852.715719,,77.360000,73.720000,-3.640000,-4.705274,100,1306978878.800000,-6.069343,-4.679778,-6.686777,False,False,可成,3個月相對低位,位於近3個月價格區間的下三分之一。,1306.978879
2026-07-17,,2476,low_3m,360.349024,,67.610000,70.590000,2.980000,4.407632,200,562591824.000000,-3.265306,-7.817970,-3.403301,False,False,鉅祥,3個月相對低位,位於近3個月價格區間的下三分之一。,562.591824
2026-07-17,,2485,low_3m,111.780331,,17.390000,17.890000,0.500000,2.875216,800,403924791.800000,-31.111111,-17.744610,-30.730864,False,False,兆赫,3個月相對低位,位於近3個月價格區間的下三分之一。,403.924792
2026-07-17,,2489,low_3m,139.077930,,34.010000,27.950000,-6.060000,-17.818289,600,769125979.250000,-32.118266,-21.759514,-24.550286,False,False,瑞軒,3個月相對低位,位於近3個月價格區間的下三分之一。,769.125979
2026-07-17,,2495,low_3m,139.351044,,50.150000,47.510000,-2.640000,-5.264207,600,437585456.500000,-26.765799,-20.540486,-14.133159,False,False,普安,3個月相對低位,位於近3個月價格區間的下三分之一。,437.585457
2026-07-17,,2497,low_3m,81.889498,,56.890000,58.590000,1.700000,2.988223,1000,57898538.300000,-9.120521,-6.084322,-6.050062,False,False,怡利電,3個月相對低位,位於近3個月價格區間的下三分之一。,57.898538
2026-07-17,,2498,low_3m,155.152243,,38.800000,36.740000,-2.060000,-5.309278,600,390524909.800000,-12.637542,-8.109016,-5.630438,False,False,宏達電,3個月相對低位,位於近3個月價格區間的下三分之一。,390.524910
2026-07-17,,2515,low_3m,23.600153,,53.650000,54.250000,0.600000,1.118360,1000,159386070.800000,-3.376365,-4.891902,-2.538376,False,False,中工,3個月相對低位,位於近3個月價格區間的下三分之一。,159.386071
2026-07-17,,2543,low_3m,90.787879,,68.190000,67.680000,-0.510000,-0.747910,800,62149272.200000,-17.653391,-3.207440,-11.220286,False,False,皇昌,3個月相對低位,位於近3個月價格區間的下三分之一。,62.149272
2026-07-17,,2548,low_3m,817.143730,,63.550000,61.920000,-1.630000,-2.564910,100,187372512.950000,-6.481481,-0.751732,-7.480397,False,False,華固,3個月相對低位,位於近3個月價格區間的下三分之一。,187.372513
2026-07-17,,2606,low_3m,224.538376,,75.350000,75.110000,-0.240000,-0.318514,400,256741837.850000,-2.250804,-1.546433,-2.951084,False,False,裕民,3個月相對低位,位於近3個月價格區間的下三分之一。,256.741838
2026-07-17,,2612,low_3m,120.858008,,72.600000,72.480000,-0.120000,-0.165289,600,22459356.350000,-5.698529,-3.833536,-5.263087,False,False,中航,3個月相對低位,位於近3個月價格區間的下三分之一。,22.459356
2026-07-17,,2641,low_3m,16.947897,,24.340000,23.220000,-1.120000,-4.601479,1000,28202605.050000,-8.426852,-5.828891,-5.034584,False,False,正德,3個月相對低位,位於近3個月價格區間的下三分之一。,28.202605
2026-07-17,,2731,low_3m,222.735604,,45.490000,42.480000,-3.010000,-6.616839,400,111953331.700000,-6.229508,-3.573837,-4.714063,False,False,雄獅,3個月相對低位,位於近3個月價格區間的下三分之一。,111.953332
2026-07-17,,2745,low_3m,123.769346,,51.420000,51.280000,-0.140000,-0.272268,600,20115392.000000,-5.555556,-3.659976,-1.868035,False,False,五福,3個月相對低位,位於近3個月價格區間的下三分之一。,20.115392
2026-07-17,,3002,low_3m,47.695034,,58.010000,59.210000,1.200000,2.068609,1000,22131339.800000,-13.157895,-13.530253,-5.411274,False,False,歐格,3個月相對低位,位於近3個月價格區間的下三分之一。,22.131340
2026-07-17,,3010,low_3m,454.724656,,69.320000,67.820000,-1.500000,-2.163878,200,193039998.050000,-8.932402,-8.186845,-11.010745,False,False,華立,3個月相對低位,位於近3個月價格區間的下三分之一。,193.039998
2026-07-17,,3013,low_3m,144.105898,,42.760000,41.710000,-1.050000,-2.455566,600,169482535.150000,-21.098738,-15.072339,-19.000053,False,False,晟銘電,3個月相對低位,位於近3個月價格區間的下三分之一。,169.482535
2026-07-17,,3014,low_3m,360.456416,,42.750000,41.800000,-0.950000,-2.222222,200,509445782.850000,-12.655059,-14.215090,-8.572522,False,False,聯陽,3個月相對低位,位於近3個月價格區間的下三分之一。,509.445783
2026-07-17,,3015,low_3m,262.054211,,62.500000,63.800000,1.300000,2.080000,400,219175047.750000,-7.907743,-11.787912,0.356718,False,False,全漢,3個月相對低位,位於近3個月價格區間的下三分之一。,219.175048
2026-07-17,,3017,low_3m,5580.792368,,78.450000,79.120000,0.670000,0.854047,100,10217444712.049999,-6.976744,-8.732628,-13.046342,False,False,奇鋐,3個月相對低位,位於近3個月價格區間的下三分之一。,10217.444712
2026-07-17,,3019,low_3m,244.027776,,42.400000,38.840000,-3.560000,-8.396226,400,829302602.850000,-14.911310,-10.449630,-9.176953,False,False,亞光,3個月相對低位,位於近3個月價格區間的下三分之一。,829.302603
2026-07-17,,3021,low_3m,34.374231,,65.240000,65.240000,0.000000,0.000000,1000,21286739.750000,-30.288462,-20.901900,-10.389343,False,False,鴻名,3個月相對低位,位於近3個月價格區間的下三分之一。,21.286740
2026-07-17,,3025,low_3m,82.418478,,14.720000,12.380000,-2.340000,-15.896739,1000,33379714.850000,-20.851064,-13.829048,-15.676002,False,False,星通,3個月相對低位,位於近3個月價格區間的下三分之一。,33.379715
2026-07-17,,3030,low_3m,1739.977529,,68.620000,67.780000,-0.840000,-1.224133,100,862896539.150000,-13.383459,-9.277052,-17.263933,False,False,德律,3個月相對低位,位於近3個月價格區間的下三分之一。,862.896539
2026-07-17,,3031,low_3m,80.875300,,57.860000,58.350000,0.490000,0.846872,1000,135438503.400000,-7.420495,-14.886705,-14.644079,False,False,佰鴻,3個月相對低位,位於近3個月價格區間的下三分之一。,135.438503
2026-07-17,,3036,low_3m,953.996044,,91.320000,89.420000,-1.900000,-2.080596,100,2097871129.900000,-15.848214,-11.231457,-19.593610,False,False,文曄,3個月相對低位,位於近3個月價格區間的下三分之一。,2097.871130
2026-07-17,,3041,low_3m,16.537828,,24.750000,22.110000,-2.640000,-10.666667,1000,101339356.950000,-19.827586,-15.928404,-9.699971,False,False,揚智,3個月相對低位,位於近3個月價格區間的下三分之一。,101.339357
2026-07-17,,3042,low_3m,682.226562,,70.070000,63.510000,-6.560000,-9.362067,100,6363663716.150000,-24.776786,-15.602304,-9.139427,False,False,晶技,3個月相對低位,位於近3個月價格區間的下三分之一。,6363.663716
2026-07-17,,3044,low_3m,1541.896674,,89.470000,87.700000,-1.770000,-1.978317,100,1943310368.200000,-28.491526,-17.202931,-17.093705,False,False,健鼎,3個月相對低位,位於近3個月價格區間的下三分之一。,1943.310368
2026-07-17,,3047,low_3m,39.044448,,16.710000,15.420000,-1.290000,-7.719928,1000,35601017.300000,-13.313609,-7.731066,-4.895862,False,False,訊舟,3個月相對低位,位於近3個月價格區間的下三分之一。,35.601017
2026-07-17,,3049,low_3m,6.884812,,43.270000,43.040000,-0.230000,-0.531546,1000,64076413.550000,-23.489933,-12.391931,-13.570887,False,False,精金,3個月相對低位,位於近3個月價格區間的下三分之一。,64.076414
2026-07-17,,3051,low_3m,8.345788,,25.730000,25.610000,-0.120000,-0.466382,1000,53203521.100000,-15.653775,-13.117708,-14.501727,False,False,力特,3個月相對低位,位於近3個月價格區間的下三分之一。,53.203521
2026-07-17,,3060,low_3m,75.461061,,22.040000,19.150000,-2.890000,-13.112523,1000,292646091.700000,-20.495438,-18.096545,-6.227278,False,False,銘異,3個月相對低位,位於近3個月價格區間的下三分之一。,292.646092
2026-07-17,,3062,low_3m,42.018429,,16.950000,16.040000,-0.910000,-5.368732,1000,72784192.000000,-16.569201,-11.961329,-19.369525,False,False,建漢,3個月相對低位,位於近3個月價格區間的下三分之一。,72.784192
2026-07-17,,3078,low_3m,182.184358,,38.630000,37.750000,-0.880000,-2.278022,400,105171134.400000,-5.807623,-5.153509,-6.827838,False,False,僑威,3個月相對低位,位於近3個月價格區間的下三分之一。,105.171134
2026-07-17,,3081,low_3m,2971.085862,,65.870000,65.620000,-0.250000,-0.379535,100,4119585060.750000,-27.275512,-19.890450,-33.158644,False,False,聯亞,3個月相對低位,位於近3個月價格區間的下三分之一。,4119.585061
2026-07-17,,3092,low_3m,57.379148,,29.210000,30.180000,0.970000,3.320781,1000,34262956.900000,-25.465839,-19.048824,-20.525415,False,False,鴻碩,3個月相對低位,位於近3個月價格區間的下三分之一。,34.262957
2026-07-17,,3093,low_3m,581.355658,,80.770000,81.200000,0.430000,0.532376,100,201684692.400000,-25.459535,-25.180145,-19.993021,False,False,港建*,3個月相對低位,位於近3個月價格區間的下三分之一。,201.684692
2026-07-17,,3105,low_3m,299.681296,,60.090000,56.050000,-4.040000,-6.723248,200,10215587687.150000,-35.934489,-22.244958,-30.776967,False,False,穩懋,3個月相對低位,位於近3個月價格區間的下三分之一。,10215.587687
2026-07-17,,3114,low_3m,103.261840,,49.230000,47.600000,-1.630000,-3.310989,800,90656250.550000,-23.245109,-25.641026,-6.984311,False,False,好德,3個月相對低位,位於近3個月價格區間的下三分之一。,90.656251
2026-07-17,,3131,low_3m,6190.922490,,70.990000,72.670000,1.680000,2.366530,100,1682290753.250000,-9.707242,-14.220889,-8.114465,False,False,弘塑,3個月相對低位,位於近3個月價格區間的下三分之一。,1682.290753
2026-07-17,,3135,low_3m,147.755633,,48.950000,48.280000,-0.670000,-1.368744,600,343987086.000000,-24.935065,-18.476728,-23.823749,False,False,凌航,3個月相對低位,位於近3個月價格區間的下三分之一。,343.987086
2026-07-17,,3138,low_3m,111.704150,,20.480000,22.220000,1.740000,8.496094,800,65422889.800000,-25.830258,-15.118243,-30.693638,False,False,耀登,3個月相對低位,位於近3個月價格區間的下三分之一。,65.422890
2026-07-17,,3147,low_3m,366.867353,,69.350000,64.380000,-4.970000,-7.166547,200,238349356.450000,-34.242424,-18.120932,-6.347779,False,False,大綜,3個月相對低位,位於近3個月價格區間的下三分之一。,238.349356
2026-07-17,,3152,low_3m,298.160913,,63.070000,53.860000,-9.210000,-14.602822,200,137346492.466667,-33.289000,-18.839837,-24.622109,False,False,璟德,3個月相對低位,位於近3個月價格區間的下三分之一。,137.346492
2026-07-17,,3162,low_3m,60.953776,,56.510000,57.390000,0.880000,1.557247,1000,98829154.900000,-15.839246,-12.511651,-14.518604,False,False,精確,3個月相對低位,位於近3個月價格區間的下三分之一。,98.829155
2026-07-17,,3163,low_3m,947.081472,,46.910000,45.310000,-1.600000,-3.410787,100,1648588673.150000,-27.796235,-15.919789,-31.340716,False,False,波若威,3個月相對低位,位於近3個月價格區間的下三分之一。,1648.588673
2026-07-17,,3169,low_3m,205.287595,,36.640000,35.200000,-1.440000,-3.930131,400,30232362.800000,-5.620190,-6.878999,-8.638157,False,False,亞信,3個月相對低位,位於近3個月價格區間的下三分之一。,30.232363
2026-07-17,,3207,low_3m,52.703450,,19.710000,22.440000,2.730000,13.850837,1000,56707168.000000,-23.598820,-18.018517,-18.465857,False,False,耀勝,3個月相對低位,位於近3個月價格區間的下三分之一。,56.707168
2026-07-17,,3209,low_3m,407.219104,,54.590000,53.000000,-1.590000,-2.912621,200,95461751.900000,-7.296849,-6.286672,-12.140303,False,False,全科,3個月相對低位,位於近3個月價格區間的下三分之一。,95.461752
2026-07-17,,3217,low_3m,522.643401,,51.370000,51.450000,0.080000,0.155733,200,163964546.200000,-7.656987,-10.150615,-12.668332,False,False,優群,3個月相對低位,位於近3個月價格區間的下三分之一。,163.964546
2026-07-17,,3219,low_3m,18.927671,,77.680000,77.280000,-0.400000,-0.514933,1000,22227115.550000,-10.943912,-11.602960,-13.932530,False,False,倚強科,3個月相對低位,位於近3個月價格區間的下三分之一。,22.227116
2026-07-17,,3227,low_3m,425.969495,,45.840000,47.670000,1.830000,3.992147,200,989924485.750000,-14.291459,-16.218985,-15.811239,False,False,原相,3個月相對低位,位於近3個月價格區間的下三分之一。,989.924486
2026-07-17,,3228,low_3m,192.856400,,24.220000,24.410000,0.190000,0.784476,400,85526337.700000,-12.121212,-10.506382,-17.670337,False,False,金麗科,3個月相對低位,位於近3個月價格區間的下三分之一。,85.526338
2026-07-17,,3231,low_3m,750.814616,,69.450000,66.480000,-2.970000,-4.276458,100,5292435206.100000,-11.325128,-7.078172,-5.141939,False,False,緯創,3個月相對低位,位於近3個月價格區間的下三分之一。,5292.435206
2026-07-17,,3234,low_3m,103.886374,,24.590000,23.450000,-1.140000,-4.636031,800,391607181.350000,-23.863636,-20.158888,-12.946815,False,False,光環,3個月相對低位,位於近3個月價格區間的下三分之一。,391.607181
2026-07-17,,3257,low_3m,169.830906,,43.670000,43.770000,0.100000,0.228990,400,185014408.850000,-2.697842,-16.820418,-7.435181,False,False,虹冠電,3個月相對低位,位於近3個月價格區間的下三分之一。,185.014409
2026-07-17,,3260,low_3m,757.289757,,42.800000,40.720000,-2.080000,-4.859813,100,3827570298.400000,-11.899038,-9.806817,-12.847036,False,False,威剛,3個月相對低位,位於近3個月價格區間的下三分之一。,3827.570298
2026-07-17,,3265,low_3m,257.829270,,64.890000,64.910000,0.020000,0.030821,400,297148442.400000,-7.308433,-11.301986,-10.958971,False,False,台星科,3個月相對低位,位於近3個月價格區間的下三分之一。,297.148442
2026-07-17,,3289,low_3m,243.475233,,26.950000,26.270000,-0.680000,-2.523191,400,520401125.200000,-12.979351,-11.477869,-14.302314,False,False,宜特,3個月相對低位,位於近3個月價格區間的下三分之一。,520.401125
2026-07-17,,3293,low_3m,8672.627313,,63.070000,63.820000,0.750000,1.189155,100,1506611395.450000,-7.142480,-6.560787,-5.217284,False,False,鈊象,3個月相對低位,位於近3個月價格區間的下三分之一。,1506.611395
2026-07-17,,3294,low_3m,49.182958,,47.060000,47.080000,0.020000,0.042499,1000,64342243.700000,-20.300752,-15.329828,-12.755207,False,False,英濟,3個月相對低位,位於近3個月價格區間的下三分之一。,64.342244
2026-07-17,,3305,low_3m,359.646932,,52.630000,50.270000,-2.360000,-4.484135,200,359688335.700000,-21.874344,-15.561800,-16.845551,False,False,昇貿,3個月相對低位,位於近3個月價格區間的下三分之一。,359.688336
2026-07-17,,3312,low_3m,107.609589,,44.560000,42.500000,-2.060000,-4.622980,800,272324430.550000,-21.590909,-17.110005,-8.983841,False,False,弘憶股,3個月相對低位,位於近3個月價格區間的下三分之一。,272.324431
2026-07-17,,3321,low_3m,3.833436,,36.880000,37.360000,0.480000,1.301518,1000,27723437.700000,-20.253165,-19.049149,-4.275524,False,False,同泰,3個月相對低位,位於近3個月價格區間的下三分之一。,27.723438
2026-07-17,,3323,low_3m,82.087907,,14.420000,14.440000,0.020000,0.138696,1000,47903746.550000,-12.322946,-9.575634,-12.291888,False,False,加百裕,3個月相對低位,位於近3個月價格區間的下三分之一。,47.903747
2026-07-17,,3324,low_3m,1301.255619,,58.200000,53.380000,-4.820000,-8.281787,100,2046728247.550000,-13.047619,-6.765382,-12.278949,False,False,雙鴻,3個月相對低位,位於近3個月價格區間的下三分之一。,2046.728248
2026-07-17,,3338,low_3m,106.504938,,26.710000,24.820000,-1.890000,-7.076001,800,47146230.050000,-12.258871,-9.056936,-12.771476,False,False,泰碩,3個月相對低位,位於近3個月價格區間的下三分之一。,47.146230
2026-07-17,,3339,low_3m,6.293642,,14.970000,17.000000,2.030000,13.560454,1000,73856489.800000,-25.206612,-12.849834,-24.189805,False,False,泰谷,3個月相對低位,位於近3個月價格區間的下三分之一。,73.856490
2026-07-17,,3357,low_3m,284.712374,,68.550000,67.230000,-1.320000,-1.925602,200,1466460047.000000,-29.956189,-23.784604,-13.298015,False,False,臺慶科,3個月相對低位,位於近3個月價格區間的下三分之一。,1466.460047
2026-07-17,,3363,low_3m,777.584551,,57.570000,56.160000,-1.410000,-2.449192,100,2109594913.900000,-26.423358,-16.139767,-32.295981,False,False,上詮,3個月相對低位,位於近3個月價格區間的下三分之一。,2109.594914
2026-07-17,,3372,low_3m,8.720599,,43.860000,43.640000,-0.220000,-0.501596,1000,39918278.250000,-14.824121,-15.545590,-15.436744,False,False,典範,3個月相對低位,位於近3個月價格區間的下三分之一。,39.918278
2026-07-17,,3376,low_3m,491.308799,,55.530000,51.840000,-3.690000,-6.645057,200,832543110.500000,-5.316456,-5.472008,-9.142441,False,False,新日興,3個月相對低位,位於近3個月價格區間的下三分之一。,832.543111
2026-07-17,,3380,low_3m,92.186449,,66.230000,65.390000,-0.840000,-1.268307,800,98728874.850000,-14.520123,-10.175669,-11.933129,False,False,明泰,3個月相對低位,位於近3個月價格區間的下三分之一。,98.728875
2026-07-17,,3388,low_3m,286.633094,,47.090000,46.930000,-0.160000,-0.339775,200,37889951.450000,-12.895826,-9.828286,-20.679027,False,False,崇越電,3個月相對低位,位於近3個月價格區間的下三分之一。,37.889951
2026-07-17,,3390,low_3m,73.998558,,19.490000,17.950000,-1.540000,-7.901488,1000,28104751.700000,-14.840989,-11.745857,-12.196011,False,False,旭軟,3個月相對低位,位於近3個月價格區間的下三分之一。,28.104752
2026-07-17,,3406,low_3m,784.544725,,73.460000,69.560000,-3.900000,-5.309012,100,1970182645.200000,-28.116343,-20.233613,-13.412040,False,False,玉晶光,3個月相對低位,位於近3個月價格區間的下三分之一。,1970.182645
2026-07-17,,3437,low_3m,22.107743,,19.150000,20.080000,0.930000,4.856397,1000,27571357.200000,-16.550117,-15.466352,-22.844828,False,False,榮創,3個月相對低位,位於近3個月價格區間的下三分之一。,27.571357
2026-07-17,,3438,low_3m,83.202433,,43.530000,43.530000,0.000000,0.000000,1000,30917221.700000,-21.782117,-20.274036,-17.195827,False,False,類比科,3個月相對低位,位於近3個月價格區間的下三分之一。,30.917222
2026-07-17,,3443,low_3m,6690.177912,,78.860000,78.340000,-0.520000,-0.659396,100,10476113430.750000,-24.433498,-16.106098,-17.238657,False,False,創意,3個月相對低位,位於近3個月價格區間的下三分之一。,10476.113431
2026-07-17,,3444,low_3m,236.367181,,48.600000,48.860000,0.260000,0.534979,400,28428909.850000,-15.032680,-11.242604,-16.147065,False,False,利機,3個月相對低位,位於近3個月價格區間的下三分之一。,28.428910
2026-07-17,,3455,low_3m,461.968321,,37.940000,37.330000,-0.610000,-1.607802,200,521311827.100000,-12.280702,-15.966387,-18.649583,False,False,由田,3個月相對低位,位於近3個月價格區間的下三分之一。,521.311827
2026-07-17,,3483,low_3m,237.122846,,21.600000,22.650000,1.050000,4.861111,400,42868894.150000,-15.443593,-12.915962,-16.462271,False,False,力致,3個月相對低位,位於近3個月價格區間的下三分之一。,42.868894
2026-07-17,,3485,low_3m,238.500000,,52.450000,52.350000,-0.100000,-0.190658,400,127919801.650000,-21.803279,-17.223427,-20.645224,False,False,敘豐,3個月相對低位,位於近3個月價格區間的下三分之一。,127.919802
2026-07-17,,3490,low_3m,63.594630,,12.040000,12.070000,0.030000,0.249169,1000,23847132.400000,-16.081130,-12.384281,-16.787018,False,False,單井,3個月相對低位,位於近3個月價格區間的下三分之一。,23.847132
2026-07-17,,3491,low_3m,4874.323416,,54.760000,53.790000,-0.970000,-1.771366,100,2626430774.750000,-12.580645,2.774451,-16.853874,False,False,昇達科,3個月相對低位,位於近3個月價格區間的下三分之一。,2626.430775
2026-07-17,,3501,low_3m,137.495859,,48.720000,45.290000,-3.430000,-7.040230,600,23640507.800000,-6.549708,-1.728061,-5.735690,False,False,維熹,3個月相對低位,位於近3個月價格區間的下三分之一。,23.640508
2026-07-17,,3504,low_3m,107.529102,,60.600000,61.840000,1.240000,2.046205,800,156513923.500000,-26.011561,-18.802334,-15.628502,False,False,揚明光,3個月相對低位,位於近3個月價格區間的下三分之一。,156.513924
2026-07-17,,3511,low_3m,40.621478,,52.390000,51.130000,-1.260000,-2.405039,1000,46670653.700000,-17.038540,-15.912829,-10.906186,False,False,矽瑪,3個月相對低位,位於近3個月價格區間的下三分之一。,46.670654
2026-07-17,,3515,low_3m,774.761073,,80.390000,78.410000,-1.980000,-2.462993,100,130129935.850000,-14.821808,-7.814145,-10.652737,False,False,華擎,3個月相對低位,位於近3個月價格區間的下三分之一。,130.129936
2026-07-17,,3518,low_3m,50.335068,,28.450000,26.410000,-2.040000,-7.170475,1000,42095679.550000,-5.653710,-12.908750,-17.012018,False,False,柏騰,3個月相對低位,位於近3個月價格區間的下三分之一。,42.095680
2026-07-17,,3526,low_3m,1157.132009,,68.880000,66.440000,-2.440000,-3.542393,100,227292625.450000,-6.180666,-6.299462,-12.746567,False,False,凡甲,3個月相對低位,位於近3個月價格區間的下三分之一。,227.292625
2026-07-17,,3528,low_3m,284.056159,,75.150000,71.850000,-3.300000,-4.391218,200,84501854.700000,-31.428571,-14.399266,-15.402175,False,False,安馳,3個月相對低位,位於近3個月價格區間的下三分之一。,84.501855
2026-07-17,,3529,low_3m,3092.893047,,74.140000,72.800000,-1.340000,-1.807391,100,1884787939.000000,-25.042135,-16.989307,-30.477147,False,False,力旺,3個月相對低位,位於近3個月價格區間的下三分之一。,1884.787939
2026-07-17,,3530,low_3m,63.830933,,53.750000,53.680000,-0.070000,-0.130233,1000,29464832.800000,-19.686467,-15.415102,-14.219466,False,False,晶相光,3個月相對低位,位於近3個月價格區間的下三分之一。,29.464833
2026-07-17,,3533,low_3m,3954.353408,,80.410000,81.000000,0.590000,0.733740,100,1836050596.850000,-18.913043,-11.211616,-21.457149,False,False,嘉澤,3個月相對低位,位於近3個月價格區間的下三分之一。,1836.050597
2026-07-17,,3535,low_3m,175.818911,,29.500000,25.520000,-3.980000,-13.491525,400,177932455.400000,-31.821561,-17.820496,-25.058229,False,False,晶彩科,3個月相對低位,位於近3個月價格區間的下三分之一。,177.932455
2026-07-17,,3537,low_3m,199.296258,,33.010000,29.350000,-3.660000,-11.087549,400,238196073.000000,-30.061350,-22.221464,-12.978206,False,False,堡達,3個月相對低位,位於近3個月價格區間的下三分之一。,238.196073
2026-07-17,,3543,low_3m,38.408168,,33.090000,33.410000,0.320000,0.967060,1000,33647578.450000,-6.741573,-3.974878,-14.924154,False,False,州巧,3個月相對低位,位於近3個月價格區間的下三分之一。,33.647578
2026-07-17,,3545,low_3m,55.763922,,18.930000,17.960000,-0.970000,-5.124142,1000,95835028.700000,-14.762742,-13.923152,-13.446953,False,False,敦泰,3個月相對低位,位於近3個月價格區間的下三分之一。,95.835029
2026-07-17,,3548,low_3m,171.711551,,32.700000,33.410000,0.710000,2.171254,400,25679565.000000,-16.240267,-10.250298,-19.410652,False,False,兆利,3個月相對低位,位於近3個月價格區間的下三分之一。,25.679565
2026-07-17,,3550,low_3m,48.942333,,44.560000,33.570000,-10.990000,-24.663375,1000,242125210.650000,-33.628319,-27.137306,-10.967487,False,False,聯穎,3個月相對低位,位於近3個月價格區間的下三分之一。,242.125211
2026-07-17,,3563,low_3m,2025.399623,,61.590000,60.130000,-1.460000,-2.370515,100,666455166.300000,-8.487063,-11.454227,-18.921203,False,False,牧德,3個月相對低位,位於近3個月價格區間的下三分之一。,666.455166
2026-07-17,,3580,low_3m,73.430180,,7.100000,7.100000,0.000000,0.000000,1000,92819447.050000,-15.047141,-9.877715,-11.219810,False,False,友威科,3個月相對低位,位於近3個月價格區間的下三分之一。,92.819447
2026-07-17,,3581,low_3m,182.577884,,58.790000,57.790000,-1.000000,-1.700970,400,76092030.700000,-29.093221,-18.309664,-35.615917,False,False,博磊,3個月相對低位,位於近3個月價格區間的下三分之一。,76.092031
2026-07-17,,3583,low_3m,1080.293317,,70.110000,70.720000,0.610000,0.870061,100,1468054932.250000,-9.673519,-11.377388,-11.398411,False,False,辛耘,3個月相對低位,位於近3個月價格區間的下三分之一。,1468.054932
2026-07-17,,3587,low_3m,549.892244,,46.160000,44.570000,-1.590000,-3.444541,100,264152767.100000,-13.298791,-13.522825,-20.137876,False,False,閎康,3個月相對低位,位於近3個月價格區間的下三分之一。,264.152767
2026-07-17,,3588,low_3m,137.867996,,27.090000,26.800000,-0.290000,-1.070506,600,134048591.400000,-4.313725,-17.602909,-12.388768,False,False,通嘉,3個月相對低位,位於近3個月價格區間的下三分之一。,134.048591
2026-07-17,,3591,low_3m,36.304941,,50.530000,49.170000,-1.360000,-2.691470,1000,105516476.050000,-8.207343,-17.186282,-13.987925,False,False,艾笛森,3個月相對低位,位於近3個月價格區間的下三分之一。,105.516476
2026-07-17,,3592,low_3m,351.471855,,45.920000,43.560000,-2.360000,-5.139373,200,296266239.950000,-11.377083,-11.433630,-7.901270,False,False,瑞鼎,3個月相對低位,位於近3個月價格區間的下三分之一。,296.266240
2026-07-17,,3594,low_3m,67.104829,,42.400000,42.190000,-0.210000,-0.495283,1000,88770807.300000,0.527426,-7.390311,-6.547249,False,False,磐儀,3個月相對低位,位於近3個月價格區間的下三分之一。,88.770807
2026-07-17,,3617,low_3m,467.064198,,75.630000,75.480000,-0.150000,-0.198334,200,180637910.700000,-3.546099,-6.891830,-1.781416,False,False,碩天,3個月相對低位,位於近3個月價格區間的下三分之一。,180.637911
2026-07-17,,3630,low_3m,29.136076,,51.090000,51.090000,0.000000,0.000000,1000,51180640.100000,-27.337110,-13.271344,-9.968410,False,False,新鉅科,3個月相對低位,位於近3個月價格區間的下三分之一。,51.180640
2026-07-17,,3645,low_3m,107.871223,,36.300000,37.110000,0.810000,2.231405,800,150550475.750000,-23.823133,-18.838039,-27.583198,False,False,達邁,3個月相對低位,位於近3個月價格區間的下三分之一。,150.550476
2026-07-17,,3652,low_3m,45.270013,,67.580000,67.580000,0.000000,0.000000,1000,36504782.850000,-19.119359,-18.040313,-10.463865,False,False,精聯,3個月相對低位,位於近3個月價格區間的下三分之一。,36.504783
2026-07-17,,3653,low_3m,7063.249383,,82.850000,82.720000,-0.130000,-0.156910,100,4178108034.750000,-19.548872,-5.858201,-16.012559,False,False,健策,3個月相對低位,位於近3個月價格區間的下三分之一。,4178.108035
2026-07-17,,3661,low_3m,3884.973429,,60.890000,59.380000,-1.510000,-2.479882,100,9213284190.150000,-19.444444,-16.184971,-20.148383,False,False,世芯-KY,3個月相對低位,位於近3個月價格區間的下三分之一。,9213.284190
2026-07-17,,3663,low_3m,93.931585,,58.690000,63.410000,4.720000,8.042256,800,246557565.600000,-10.371319,-11.722051,-9.096812,False,False,鑫科,3個月相對低位,位於近3個月價格區間的下三分之一。,246.557566
2026-07-17,,3665,low_3m,3728.030080,,78.030000,77.550000,-0.480000,-0.615148,100,5644416086.000000,-14.830497,-8.050860,-20.264114,False,False,貿聯-KY,3個月相對低位,位於近3個月價格區間的下三分之一。,5644.416086
2026-07-17,,3673,low_3m,119.525458,,43.700000,39.050000,-4.650000,-10.640732,600,1163313604.250000,-22.484465,-14.822880,-10.769207,False,False,TPK-KY,3個月相對低位,位於近3個月價格區間的下三分之一。,1163.313604
2026-07-17,,3675,low_3m,442.694744,,65.000000,62.740000,-2.260000,-3.476923,200,673181689.200000,-14.776119,-25.085279,-11.119182,False,False,德微,3個月相對低位,位於近3個月價格區間的下三分之一。,673.181689
2026-07-17,,3680,low_3m,748.138812,,67.250000,66.800000,-0.450000,-0.669145,100,1259174155.050000,-10.154739,-10.245882,-11.892826,False,False,家登,3個月相對低位,位於近3個月價格區間的下三分之一。,1259.174155
2026-07-17,,3689,low_3m,195.441151,,27.450000,29.320000,1.870000,6.812386,400,201631035.600000,-10.548523,-10.886927,-15.013029,False,False,湧德,3個月相對低位,位於近3個月價格區間的下三分之一。,201.631036
2026-07-17,,3691,low_3m,286.343596,,61.120000,62.360000,1.240000,2.028796,200,230583013.050000,-25.159236,-19.726729,-19.118912,False,False,碩禾,3個月相對低位,位於近3個月價格區間的下三分之一。,230.583013
2026-07-17,,3693,low_3m,610.860298,,52.980000,52.010000,-0.970000,-1.830880,100,373333386.900000,-10.976838,-10.666465,-20.295735,False,False,營邦,3個月相對低位,位於近3個月價格區間的下三分之一。,373.333387
2026-07-17,,3694,low_3m,65.847505,,56.710000,55.240000,-1.470000,-2.592135,1000,196754720.700000,-2.907916,-4.070231,-4.759389,False,False,海華,3個月相對低位,位於近3個月價格區間的下三分之一。,196.754721
2026-07-17,,3701,low_3m,3.528893,,70.710000,71.190000,0.480000,0.678829,1000,40505614.250000,-17.386723,-10.878709,-26.636410,False,False,大眾控,3個月相對低位,位於近3個月價格區間的下三分之一。,40.505614
2026-07-17,,3707,low_3m,70.244085,,47.010000,43.290000,-3.720000,-7.913210,1000,2021777030.600000,-14.658385,-18.072864,-11.985139,False,False,漢磊,3個月相對低位,位於近3個月價格區間的下三分之一。,2021.777031
2026-07-17,,3708,low_3m,138.204011,,45.940000,44.400000,-1.540000,-3.352199,600,93038861.800000,-11.967480,-10.936021,-14.674777,False,False,上緯投控,3個月相對低位,位於近3個月價格區間的下三分之一。,93.038862
2026-07-17,,3709,low_3m,102.980624,,68.560000,67.720000,-0.840000,-1.225204,800,105141983.700000,-0.804290,-2.219873,-7.879995,False,False,鑫聯大投控,3個月相對低位,位於近3個月價格區間的下三分之一。,105.141984
2026-07-17,,3712,low_3m,23.287987,,51.950000,54.420000,2.470000,4.754572,1000,23230624.350000,-7.541899,-6.444319,-8.942976,False,False,永崴投控,3個月相對低位,位於近3個月價格區間的下三分之一。,23.230624
2026-07-17,,3714,low_3m,57.809629,,35.290000,34.880000,-0.410000,-1.161802,1000,734355692.800000,-19.167993,-16.638835,-21.886596,False,False,富采,3個月相對低位,位於近3個月價格區間的下三分之一。,734.355693
2026-07-17,,3715,low_3m,135.210759,,31.780000,27.430000,-4.350000,-13.687854,600,1711860033.000000,-29.419192,-23.806381,-27.561577,False,False,定穎投控,3個月相對低位,位於近3個月價格區間的下三分之一。,1711.860033
2026-07-17,,3717,low_3m,22.628175,,36.320000,29.280000,-7.040000,-19.383260,1000,298994890.100000,0.793651,-10.658876,-2.057144,False,False,聯嘉投控,3個月相對低位,位於近3個月價格區間的下三分之一。,298.994890
2026-07-17,,4123,low_3m,325.099883,,62.140000,62.550000,0.410000,0.659800,200,94321534.200000,-0.403769,-3.039832,-3.312210,False,False,晟德,3個月相對低位,位於近3個月價格區間的下三分之一。,94.321534
2026-07-17,,4128,low_3m,32.839916,,39.490000,39.680000,0.190000,0.481134,1000,74820368.900000,4.745763,-3.977626,0.210799,False,False,中天,3個月相對低位,位於近3個月價格區間的下三分之一。,74.820369
2026-07-17,,4137,low_3m,199.533271,,54.110000,53.710000,-0.400000,-0.739235,400,28342023.250000,-4.609373,-2.809992,-2.265748,False,False,麗豐-KY,3個月相對低位,位於近3個月價格區間的下三分之一。,28.342023
2026-07-17,,4142,low_3m,16.954696,,32.920000,32.640000,-0.280000,-0.850547,1000,21831476.000000,-4.000000,-3.211868,-4.136947,False,False,國光生,3個月相對低位,位於近3個月價格區間的下三分之一。,21.831476
2026-07-17,,4164,low_3m,45.894547,,42.140000,41.640000,-0.500000,-1.186521,1000,21444699.850000,-8.995943,-6.538239,-5.347774,False,False,承業醫,3個月相對低位,位於近3個月價格區間的下三分之一。,21.444700
2026-07-17,,4174,low_3m,13.850000,,34.540000,35.570000,1.030000,2.982050,1000,22369869.650000,-1.247772,-4.301261,-8.626093,False,False,浩鼎,3個月相對低位,位於近3個月價格區間的下三分之一。,22.369870
2026-07-17,,4303,low_3m,53.691434,,13.710000,13.630000,-0.080000,-0.583516,1000,26615754.650000,-10.095643,-7.838118,-12.331606,False,False,信立,3個月相對低位,位於近3個月價格區間的下三分之一。,26.615755
2026-07-17,,4510,low_3m,67.420212,,29.650000,30.570000,0.920000,3.102867,1000,53551636.600000,-12.946429,-8.867858,-15.370705,False,False,高鋒,3個月相對低位,位於近3個月價格區間的下三分之一。,53.551637
2026-07-17,,4526,low_3m,89.372473,,44.070000,46.220000,2.150000,4.878602,800,213219636.500000,-15.891473,-16.425958,-15.127548,False,False,東台,3個月相對低位,位於近3個月價格區間的下三分之一。,213.219637
2026-07-17,,4532,low_3m,75.611482,,64.270000,65.470000,1.200000,1.867123,1000,106957224.600000,2.277433,-5.282332,0.974314,False,False,瑞智,3個月相對低位,位於近3個月價格區間的下三分之一。,106.957225
2026-07-17,,4533,low_3m,54.559442,,23.090000,23.350000,0.260000,1.126029,1000,47261627.600000,-13.043478,-10.398897,-14.972475,False,False,協易機,3個月相對低位,位於近3個月價格區間的下三分之一。,47.261628
2026-07-17,,4540,low_3m,59.375017,,26.450000,25.520000,-0.930000,-3.516068,1000,159695834.850000,-12.984823,-11.960416,-19.347696,False,False,全球傳動,3個月相對低位,位於近3個月價格區間的下三分之一。,159.695835
2026-07-17,,4566,low_3m,80.821008,,49.710000,48.530000,-1.180000,-2.373768,1000,70964413.500000,-4.113924,-5.511811,-6.945795,False,False,時碩工業,3個月相對低位,位於近3個月價格區間的下三分之一。,70.964414
2026-07-17,,4571,low_3m,197.172800,,66.120000,66.220000,0.100000,0.151240,400,51794302.300000,-12.391931,-9.344289,-16.767808,False,False,鈞興-KY,3個月相對低位,位於近3個月價格區間的下三分之一。,51.794302
2026-07-17,,4576,low_3m,204.004747,,65.640000,65.640000,0.000000,0.000000,400,436720620.750000,-3.047824,-10.167048,-13.954000,False,False,大銀微系統,3個月相對低位,位於近3個月價格區間的下三分之一。,436.720621
2026-07-17,,4577,low_3m,78.168322,,56.510000,55.810000,-0.700000,-1.238719,1000,71104313.350000,-19.354839,-21.343896,-39.522226,False,False,達航科技,3個月相對低位,位於近3個月價格區間的下三分之一。,71.104313
2026-07-17,,4583,low_3m,628.987134,,92.890000,92.810000,-0.080000,-0.086123,100,54063582.500000,-10.828025,-7.468605,-17.151593,False,False,台灣精銳,3個月相對低位,位於近3個月價格區間的下三分之一。,54.063583
2026-07-17,,4585,low_3m,302.365136,,77.270000,76.500000,-0.770000,-0.996506,200,132623719.800000,-1.470588,-3.365385,-7.248111,False,False,達明,3個月相對低位,位於近3個月價格區間的下三分之一。,132.623720
2026-07-17,,4720,low_3m,45.240373,,33.740000,34.560000,0.820000,2.430350,1000,62392224.100000,-15.001554,-13.241353,-17.902203,False,False,德淵,3個月相對低位,位於近3個月價格區間的下三分之一。,62.392224
2026-07-17,,4721,low_3m,176.017507,,39.340000,35.560000,-3.780000,-9.608541,400,128132733.550000,-24.500990,-16.739502,-17.663442,False,False,美琪瑪,3個月相對低位,位於近3個月價格區間的下三分之一。,128.132734
2026-07-17,,4739,low_3m,128.378608,,40.460000,37.520000,-2.940000,-7.266436,600,350076080.250000,-31.067861,-21.901843,-19.047659,False,False,康普,3個月相對低位,位於近3個月價格區間的下三分之一。,350.076080
2026-07-17,,4741,low_3m,70.291866,,43.200000,40.070000,-3.130000,-7.245370,1000,44949092.250000,-35.684585,-17.881743,-23.751284,False,False,泓瀚,3個月相對低位,位於近3個月價格區間的下三分之一。,44.949092
2026-07-17,,4743,low_3m,87.053198,,41.250000,42.040000,0.790000,1.915152,1000,224671874.850000,2.208202,-5.827641,-5.122907,False,False,合一,3個月相對低位,位於近3個月價格區間的下三分之一。,224.671875
2026-07-17,,4746,low_3m,74.087963,,30.960000,32.280000,1.320000,4.263566,1000,43000424.150000,-0.383142,-2.557856,-1.942297,False,False,台耀,3個月相對低位,位於近3個月價格區間的下三分之一。,43.000424
2026-07-17,,4749,low_3m,811.886856,,52.070000,49.580000,-2.490000,-4.782024,100,986567688.450000,-15.212766,-10.740284,-18.663099,False,False,新應材,3個月相對低位,位於近3個月價格區間的下三分之一。,986.567688
2026-07-17,,4755,low_3m,207.729223,,71.240000,70.190000,-1.050000,-1.473891,400,68943445.250000,-11.730942,-6.306682,-9.701711,False,False,三福化,3個月相對低位,位於近3個月價格區間的下三分之一。,68.943445
2026-07-17,,4760,low_3m,359.827458,,52.190000,47.370000,-4.820000,-9.235486,200,302505507.500000,-32.065217,-22.785885,-23.753368,False,False,勤凱科技,3個月相對低位,位於近3個月價格區間的下三分之一。,302.505508
2026-07-17,,4766,low_3m,481.046488,,77.050000,76.540000,-0.510000,-0.661908,200,215831571.550000,-5.195284,-4.556562,-4.773691,False,False,南寶,3個月相對低位,位於近3個月價格區間的下三分之一。,215.831572
2026-07-17,,4768,low_3m,384.794096,,47.920000,48.180000,0.260000,0.542571,200,200659086.900000,-21.887287,-16.156714,-30.146700,False,False,晶呈科技,3個月相對低位,位於近3個月價格區間的下三分之一。,200.659087
2026-07-17,,4770,low_3m,252.107769,,62.930000,64.240000,1.310000,2.081678,400,71809970.700000,0.234192,-0.799629,-5.581293,False,False,上品,3個月相對低位,位於近3個月價格區間的下三分之一。,71.809971
2026-07-17,,4772,low_3m,250.360742,,48.980000,49.000000,0.020000,0.040833,400,209338558.200000,-11.697382,-8.889582,-14.645334,False,False,台特化,3個月相對低位,位於近3個月價格區間的下三分之一。,209.338558
2026-07-17,,4903,low_3m,29.127547,,38.830000,36.690000,-2.140000,-5.511203,1000,83766707.850000,-10.180412,-12.089298,-18.800847,False,False,聯光通,3個月相對低位,位於近3個月價格區間的下三分之一。,83.766708
2026-07-17,,4906,low_3m,117.496869,,30.480000,26.660000,-3.820000,-12.532808,600,397748492.600000,-17.384507,-13.836858,-13.113340,False,False,正文,3個月相對低位,位於近3個月價格區間的下三分之一。,397.748493
2026-07-17,,4908,low_3m,424.236859,,59.290000,57.870000,-1.420000,-2.395008,200,348245098.500000,-28.497409,-21.945701,-33.910684,False,False,前鼎,3個月相對低位,位於近3個月價格區間的下三分之一。,348.245098
2026-07-17,,4909,low_3m,95.903792,,23.680000,23.030000,-0.650000,-2.744932,800,26716913.750000,-23.757455,-13.626126,-23.620793,False,False,新復興,3個月相對低位,位於近3個月價格區間的下三分之一。,26.716914
2026-07-17,,4912,low_3m,210.404086,,50.580000,51.440000,0.860000,1.700277,400,30685030.750000,-7.207207,-5.151079,-10.762189,False,False,聯德控股-KY,3個月相對低位,位於近3個月價格區間的下三分之一。,30.685031
2026-07-17,,4915,low_3m,129.675259,,63.650000,60.490000,-3.160000,-4.964650,600,346733950.600000,-8.904018,-4.468338,-5.656279,False,False,致伸,3個月相對低位,位於近3個月價格區間的下三分之一。,346.733951
2026-07-17,,4919,low_3m,268.789364,,68.970000,64.880000,-4.090000,-5.930115,200,2472842059.200000,-24.800000,-18.520659,-18.829456,False,False,新唐,3個月相對低位,位於近3個月價格區間的下三分之一。,2472.842059
2026-07-17,,4927,low_3m,64.499551,,20.050000,16.070000,-3.980000,-19.850374,1000,240208303.550000,-27.000000,-18.408405,-27.923777,False,False,泰鼎-KY,3個月相對低位,位於近3個月價格區間的下三分之一。,240.208304
2026-07-17,,4934,low_3m,10.404402,,29.530000,29.990000,0.460000,1.557738,1000,25035643.850000,-12.356322,-11.350094,-10.849126,False,False,太極,3個月相對低位,位於近3個月價格區間的下三分之一。,25.035644
2026-07-17,,4949,low_3m,72.677814,,40.850000,41.060000,0.210000,0.514076,1000,89678008.650000,-20.207852,-13.673559,-22.986904,False,False,有成精密,3個月相對低位,位於近3個月價格區間的下三分之一。,89.678009
2026-07-17,,4951,low_3m,92.439768,,12.900000,12.900000,0.000000,0.000000,800,49991627.250000,-18.969072,-15.483871,-25.532888,False,False,精拓科,3個月相對低位,位於近3個月價格區間的下三分之一。,49.991627
2026-07-17,,4956,low_3m,34.940249,,33.130000,32.450000,-0.680000,-2.052520,1000,90826579.000000,-23.186528,-20.327825,-30.014359,False,False,光鋐,3個月相對低位,位於近3個月價格區間的下三分之一。,90.826579
2026-07-17,,4960,low_3m,30.317082,,57.180000,57.420000,0.240000,0.419727,1000,119522695.300000,-26.575809,-15.290881,-32.578997,False,False,誠美材,3個月相對低位,位於近3個月價格區間的下三分之一。,119.522695
2026-07-17,,4961,low_3m,155.154132,,38.310000,40.780000,2.470000,6.447403,600,199651280.400000,-6.473430,-7.828961,-5.090950,False,False,天鈺,3個月相對低位,位於近3個月價格區間的下三分之一。,199.651280
2026-07-17,,4966,low_3m,1097.043512,,60.120000,54.770000,-5.350000,-8.898869,100,1102740158.150000,-13.333333,-9.337466,-15.102554,False,False,譜瑞-KY,3個月相對低位,位於近3個月價格區間的下三分之一。,1102.740158
2026-07-17,,4967,low_3m,200.021656,,21.850000,20.500000,-1.350000,-6.178490,400,960650871.200000,-24.000000,-17.121047,-22.702336,False,False,十銓,3個月相對低位,位於近3個月價格區間的下三分之一。,960.650871
2026-07-17,,4968,low_3m,188.966687,,17.320000,18.950000,1.630000,9.411085,400,120630166.350000,-6.144781,-10.263736,-11.699604,False,False,立積,3個月相對低位,位於近3個月價格區間的下三分之一。,120.630166
2026-07-17,,4971,low_3m,487.139348,,47.950000,58.310000,10.360000,21.605839,200,459181401.550000,-28.707224,-20.567676,-40.397351,False,False,IET-KY,3個月相對低位,位於近3個月價格區間的下三分之一。,459.181402
2026-07-17,,4976,low_3m,37.819819,,27.030000,25.060000,-1.970000,-7.288198,1000,163017542.700000,-20.743405,-13.146311,-2.216524,False,False,佳凌,3個月相對低位,位於近3個月價格區間的下三分之一。,163.017543
2026-07-17,,4977,low_3m,267.962894,,24.440000,28.670000,4.230000,17.307692,200,292287983.400000,-27.374302,-19.691120,-33.518246,False,False,眾達-KY,3個月相對低位,位於近3個月價格區間的下三分之一。,292.287983
2026-07-17,,4979,low_3m,601.165238,,50.940000,46.770000,-4.170000,-8.186101,100,3049866414.600000,-34.485818,-21.490710,-35.122487,False,False,華星光,3個月相對低位,位於近3個月價格區間的下三分之一。,3049.866415
2026-07-17,,4989,low_3m,85.380671,,17.150000,20.440000,3.290000,19.183673,1000,1326739493.250000,-12.655087,-21.903600,-25.331448,False,False,榮科,3個月相對低位,位於近3個月價格區間的下三分之一。,1326.739493
2026-07-17,,4991,low_3m,614.460658,,68.520000,64.990000,-3.530000,-5.151781,100,1453924087.500000,-35.714286,-27.598170,-41.443578,False,False,環宇-KY,3個月相對低位,位於近3個月價格區間的下三分之一。,1453.924088
2026-07-17,,5222,low_3m,170.266721,,32.330000,32.170000,-0.160000,-0.494896,400,86865789.450000,0.877193,-6.084116,-8.061292,False,False,全訊,3個月相對低位,位於近3個月價格區間的下三分之一。,86.865789
2026-07-17,,5228,low_3m,45.073044,,47.950000,44.940000,-3.010000,-6.277372,1000,77600431.150000,-40.424077,-28.224145,-20.886507,False,False,鈺鎧,3個月相對低位,位於近3個月價格區間的下三分之一。,77.600431
2026-07-17,,5230,low_3m,44.085909,,10.330000,10.270000,-0.060000,-0.580833,1000,33981513.900000,-12.862998,-11.985428,-0.531772,False,False,雷笛克光學,3個月相對低位,位於近3個月價格區間的下三分之一。,33.981514
2026-07-17,,5234,low_3m,774.523953,,78.670000,78.280000,-0.390000,-0.495742,100,171821063.800000,-10.065359,-10.416667,-14.782932,False,False,達興材料,3個月相對低位,位於近3個月價格區間的下三分之一。,171.821064
2026-07-17,,5236,low_3m,204.800651,,62.620000,63.700000,1.080000,1.724689,400,47035182.200000,-10.802469,-12.424242,-11.121948,False,False,凌陽創新,3個月相對低位,位於近3個月價格區間的下三分之一。,47.035182
2026-07-17,,5243,low_3m,147.086809,,57.320000,54.380000,-2.940000,-5.129100,600,218421069.950000,-17.870370,-11.578528,-18.406770,False,False,乙盛-KY,3個月相對低位,位於近3個月價格區間的下三分之一。,218.421070
2026-07-17,,5258,low_3m,65.664751,,36.100000,37.780000,1.680000,4.653740,1000,30762427.300000,0.793651,-0.450715,-1.518578,False,False,虹堡,3個月相對低位,位於近3個月價格區間的下三分之一。,30.762427
2026-07-17,,5274,low_3m,26904.206873,,58.080000,57.600000,-0.480000,-0.826446,100,4839282613.750000,-22.577325,-13.153243,-16.246330,False,False,信驊,3個月相對低位,位於近3個月價格區間的下三分之一。,4839.282614
2026-07-17,,5284,low_3m,441.259598,,66.580000,64.790000,-1.790000,-2.688495,200,219271889.750000,-28.032544,-20.301063,-24.361412,False,False,jpp-KY,3個月相對低位,位於近3個月價格區間的下三分之一。,219.271890
2026-07-17,,5289,low_3m,3089.139240,,56.310000,50.490000,-5.820000,-10.335642,100,5214775308.250000,-31.266846,-21.393342,-22.429527,False,False,宜鼎,3個月相對低位,位於近3個月價格區間的下三分之一。,5214.775308
2026-07-17,,5291,low_3m,78.047673,,22.260000,18.560000,-3.700000,-16.621743,1000,32580016.600000,-21.118012,-11.966034,-21.331785,False,False,邑昇,3個月相對低位,位於近3個月價格區間的下三分之一。,32.580017
2026-07-17,,5292,low_3m,241.018051,,53.030000,50.600000,-2.430000,-4.582312,400,40553349.650000,-16.589568,-12.396604,-15.726693,False,False,華懋,3個月相對低位,位於近3個月價格區間的下三分之一。,40.553350
2026-07-17,,5299,low_3m,145.142102,,50.670000,49.150000,-1.520000,-2.999803,600,210159655.800000,-7.091121,-18.270664,-8.263195,False,False,杰力,3個月相對低位,位於近3個月價格區間的下三分之一。,210.159656
2026-07-17,,5302,low_3m,11.000000,,46.180000,46.500000,0.320000,0.692941,1000,34812166.900000,-12.000000,-15.514593,-5.875642,False,False,太欣,3個月相對低位,位於近3個月價格區間的下三分之一。,34.812167
2026-07-17,,5309,low_3m,39.556518,,33.170000,28.690000,-4.480000,-13.506180,1000,318246360.550000,-21.386431,-16.062992,-19.127672,False,False,系統電,3個月相對低位,位於近3個月價格區間的下三分之一。,318.246361
2026-07-17,,5314,low_3m,227.104646,,45.810000,40.550000,-5.260000,-11.482209,400,676397265.250000,4.225352,-7.202759,-9.923664,False,False,世紀*,3個月相對低位,位於近3個月價格區間的下三分之一。,676.397265
2026-07-17,,5340,low_3m,71.800037,,53.320000,53.420000,0.100000,0.187547,1000,150519895.650000,-19.134396,-18.759654,-27.521952,False,False,建榮,3個月相對低位,位於近3個月價格區間的下三分之一。,150.519896
2026-07-17,,5381,low_3m,7.911988,,48.140000,48.710000,0.570000,1.184047,1000,48400617.900000,-13.949275,-14.866924,-11.600496,False,False,光譜,3個月相對低位,位於近3個月價格區間的下三分之一。,48.400618
2026-07-17,,5386,low_3m,115.721273,,32.650000,34.330000,1.680000,5.145482,600,698247470.950000,-24.400000,-14.343984,-18.124222,False,False,青雲,3個月相對低位,位於近3個月價格區間的下三分之一。,698.247471
2026-07-17,,5410,low_3m,112.865893,,31.550000,31.950000,0.400000,1.267829,800,39847719.050000,-18.526786,-14.873768,-8.019908,False,False,國眾,3個月相對低位,位於近3個月價格區間的下三分之一。,39.847719
2026-07-17,,5432,low_3m,8.640256,,51.400000,51.400000,0.000000,0.000000,1000,36917961.700000,-11.827957,-17.036357,-13.268738,False,False,新門,3個月相對低位,位於近3個月價格區間的下三分之一。,36.917962
2026-07-17,,5439,low_3m,811.381576,,59.410000,57.120000,-2.290000,-3.854570,100,764507010.600000,-19.010819,-17.616540,-26.524889,False,False,高技,3個月相對低位,位於近3個月價格區間的下三分之一。,764.507011
2026-07-17,,5443,low_3m,161.530449,,39.780000,39.500000,-0.280000,-0.703871,400,358607409.700000,-6.507177,-10.812908,-14.747971,False,False,均豪,3個月相對低位,位於近3個月價格區間的下三分之一。,358.607410
2026-07-17,,5452,low_3m,47.047940,,38.810000,38.500000,-0.310000,-0.798763,1000,88405605.450000,-18.283487,-16.193088,-17.268512,False,False,佶優,3個月相對低位,位於近3個月價格區間的下三分之一。,88.405605
2026-07-17,,5457,low_3m,20.583838,,49.620000,48.770000,-0.850000,-1.713019,1000,33529372.350000,-19.319728,-12.523971,-11.928513,False,False,宣德,3個月相對低位,位於近3個月價格區間的下三分之一。,33.529372
2026-07-17,,5469,low_3m,235.713769,,71.670000,71.790000,0.120000,0.167434,400,537795850.850000,-19.054543,-16.816160,-16.918239,False,False,瀚宇博,3個月相對低位,位於近3個月價格區間的下三分之一。,537.795851
2026-07-17,,5474,low_3m,383.363174,,59.820000,59.610000,-0.210000,-0.351053,200,57331801.650000,-18.218569,-11.505134,-11.237541,False,False,聰泰,3個月相對低位,位於近3個月價格區間的下三分之一。,57.331802
2026-07-17,,5475,low_3m,89.951907,,35.200000,34.610000,-0.590000,-1.676136,800,571088344.950000,-31.154684,-29.369692,-42.905324,False,False,德宏,3個月相對低位,位於近3個月價格區間的下三分之一。,571.088345
2026-07-17,,5478,low_3m,253.896861,,79.310000,79.550000,0.240000,0.302610,400,22373836.000000,-6.190476,-3.986743,-2.186326,False,False,智冠,3個月相對低位,位於近3個月價格區間的下三分之一。,22.373836
2026-07-17,,5484,low_3m,36.387747,,34.130000,34.070000,-0.060000,-0.175798,1000,27683145.000000,-10.337553,-8.641445,-6.001180,False,False,慧友,3個月相對低位,位於近3個月價格區間的下三分之一。,27.683145
2026-07-17,,5489,low_3m,134.747781,,82.700000,82.630000,-0.070000,-0.084643,600,33869886.500000,9.080189,-20.330735,0.387078,False,False,彩富,3個月相對低位,位於近3個月價格區間的下三分之一。,33.869886
2026-07-17,,5493,low_3m,253.803063,,44.790000,43.880000,-0.910000,-2.031704,400,21188629.350000,-8.896632,-8.952360,-9.659536,False,False,三聯,3個月相對低位,位於近3個月價格區間的下三分之一。,21.188629
2026-07-17,,5498,low_3m,55.978727,,30.250000,29.670000,-0.580000,-1.917355,1000,192392115.350000,-26.129518,-18.287452,-25.332048,False,False,凱崴,3個月相對低位,位於近3個月價格區間的下三分之一。,192.392115
2026-07-17,,5519,low_3m,286.174111,,63.660000,62.460000,-1.200000,-1.885014,200,27064598.150000,-6.380191,-4.136963,-1.809099,False,False,隆大,3個月相對低位,位於近3個月價格區間的下三分之一。,27.064598
2026-07-17,,5521,low_3m,15.177434,,52.180000,52.070000,-0.110000,-0.210809,1000,37862800.000000,-4.700251,-2.826442,-5.242437,False,False,工信,3個月相對低位,位於近3個月價格區間的下三分之一。,37.862800
2026-07-17,,6005,low_3m,102.321441,,72.660000,69.780000,-2.880000,-3.963666,800,461774202.350000,-16.349810,-11.284361,-6.132221,False,False,群益證,3個月相對低位,位於近3個月價格區間的下三分之一。,461.774202
2026-07-17,,6026,low_3m,33.517824,,41.520000,41.030000,-0.490000,-1.180154,1000,57078110.800000,-9.668026,-8.816332,-6.791752,False,False,福邦證,3個月相對低位,位於近3個月價格區間的下三分之一。,57.078111
2026-07-17,,6101,low_3m,9.786244,,80.120000,78.500000,-1.620000,-2.021967,1000,44897213.950000,-5.555556,-11.077531,-6.209771,False,False,寬魚國際,3個月相對低位,位於近3個月價格區間的下三分之一。,44.897214
2026-07-17,,6104,low_3m,181.350072,,18.930000,19.750000,0.820000,4.331749,400,222863326.750000,-10.447761,-11.591356,-10.474485,False,False,創惟,3個月相對低位,位於近3個月價格區間的下三分之一。,222.863327
2026-07-17,,6112,low_3m,685.804303,,63.530000,63.330000,-0.200000,-0.314812,100,24849054.850000,-4.674787,-2.262875,-3.818144,False,False,邁達特,3個月相對低位,位於近3個月價格區間的下三分之一。,24.849055
2026-07-17,,6117,low_3m,95.135230,,50.960000,50.960000,0.000000,0.000000,800,21350072.600000,-12.317881,-8.424402,-16.907242,False,False,迎廣,3個月相對低位,位於近3個月價格區間的下三分之一。,21.350073
2026-07-17,,6120,low_3m,21.500355,,56.890000,56.370000,-0.520000,-0.914045,1000,50417622.500000,-8.687259,-7.368421,-4.008968,False,False,達運,3個月相對低位,位於近3個月價格區間的下三分之一。,50.417623
2026-07-17,,6121,low_3m,1001.229018,,80.150000,80.790000,0.640000,0.798503,100,652801822.350000,-6.294208,-8.675285,-3.815811,False,False,新普,3個月相對低位,位於近3個月價格區間的下三分之一。,652.801822
2026-07-17,,6125,low_3m,132.447350,,34.660000,34.200000,-0.460000,-1.327178,600,84799284.400000,-16.803954,-13.475542,-15.683437,False,False,廣運,3個月相對低位,位於近3個月價格區間的下三分之一。,84.799284
2026-07-17,,6126,low_3m,104.608218,,33.090000,32.180000,-0.910000,-2.750076,800,63083827.650000,-24.133663,-14.421332,-14.239746,False,False,信音,3個月相對低位,位於近3個月價格區間的下三分之一。,63.083828
2026-07-17,,6127,low_3m,70.832684,,20.340000,16.960000,-3.380000,-16.617502,1000,1030726431.150000,-25.434243,-25.738292,-9.231641,False,False,九豪,3個月相對低位,位於近3個月價格區間的下三分之一。,1030.726431
2026-07-17,,6129,low_3m,19.683888,,13.430000,14.440000,1.010000,7.520477,1000,49701863.200000,-4.658385,-15.496835,-8.784788,False,False,普誠,3個月相對低位,位於近3個月價格區間的下三分之一。,49.701863
2026-07-17,,6133,low_3m,40.105532,,44.220000,42.890000,-1.330000,-3.007689,1000,81983580.400000,-9.656652,-11.162693,-9.002486,False,False,金橋,3個月相對低位,位於近3個月價格區間的下三分之一。,81.983580
2026-07-17,,6134,low_3m,31.582231,,46.710000,46.560000,-0.150000,-0.321130,1000,27290269.500000,-26.056338,-19.255614,-20.170303,False,False,萬旭,3個月相對低位,位於近3個月價格區間的下三分之一。,27.290270
2026-07-17,,6146,low_3m,566.963667,,70.690000,70.740000,0.050000,0.070731,100,95515299.750000,-4.134367,-4.455318,-8.346805,False,False,耕興,3個月相對低位,位於近3個月價格區間的下三分之一。,95.515300
2026-07-17,,6153,low_3m,26.914332,,43.840000,42.360000,-1.480000,-3.375912,1000,231963846.550000,-30.532787,-18.421369,-13.604893,False,False,嘉聯益,3個月相對低位,位於近3個月價格區間的下三分之一。,231.963847
2026-07-17,,6155,low_3m,197.872080,,59.120000,55.040000,-4.080000,-6.901218,400,676382434.900000,-32.188950,-25.395915,-10.584985,False,False,鈞寶,3個月相對低位,位於近3個月價格區間的下三分之一。,676.382435
2026-07-17,,6163,low_3m,71.085270,,37.780000,37.250000,-0.530000,-1.402859,1000,72067444.100000,-20.512821,-15.131094,-23.324507,False,False,華電網,3個月相對低位,位於近3個月價格區間的下三分之一。,72.067444
2026-07-17,,6164,low_3m,24.299171,,13.000000,13.990000,0.990000,7.615385,1000,41679207.600000,-6.250000,-9.734513,-1.860167,False,False,華興,3個月相對低位,位於近3個月價格區間的下三分之一。,41.679208
2026-07-17,,6168,low_3m,65.906042,,42.810000,44.110000,1.300000,3.036674,1000,266892366.550000,-11.290323,-16.785744,-10.719654,False,False,宏齊,3個月相對低位,位於近3個月價格區間的下三分之一。,266.892367
2026-07-17,,6170,low_3m,103.479300,,51.280000,53.570000,2.290000,4.465679,800,20349593.950000,-3.253220,-2.837880,-2.377104,False,False,統振,3個月相對低位,位於近3個月價格區間的下三分之一。,20.349594
2026-07-17,,6176,low_3m,372.785025,,55.960000,53.230000,-2.730000,-4.878485,200,613950512.450000,-4.195011,-5.008150,-11.073082,False,False,瑞儀,3個月相對低位,位於近3個月價格區間的下三分之一。,613.950512
2026-07-17,,6187,low_3m,1796.942419,,69.200000,67.350000,-1.850000,-2.673410,100,2142525779.850000,-15.584416,-7.788339,-12.676140,False,False,萬潤,3個月相對低位,位於近3個月價格區間的下三分之一。,2142.525780
2026-07-17,,6188,low_3m,206.023831,,43.980000,42.420000,-1.560000,-3.547067,400,146282330.650000,-12.090680,-9.497569,-14.399591,False,False,廣明,3個月相對低位,位於近3個月價格區間的下三分之一。,146.282331
2026-07-17,,6189,low_3m,390.710597,,38.200000,38.810000,0.610000,1.596859,200,63320724.550000,-8.324269,-6.745291,-3.195722,False,False,豐藝,3個月相對低位,位於近3個月價格區間的下三分之一。,63.320725
2026-07-17,,6190,low_3m,125.465405,,33.610000,33.680000,0.070000,0.208271,600,322943475.800000,-10.465502,-13.958827,-11.560744,False,False,萬泰科,3個月相對低位,位於近3個月價格區間的下三分之一。,322.943476
2026-07-17,,6191,low_3m,238.153303,,55.450000,58.040000,2.590000,4.670875,400,1435117700.750000,-8.634951,-10.585809,-8.156391,False,False,精成科,3個月相對低位,位於近3個月價格區間的下三分之一。,1435.117701
2026-07-17,,6192,low_3m,412.575394,,66.270000,65.900000,-0.370000,-0.558322,200,24993590.250000,-1.287554,-4.186628,-6.434335,False,False,巨路,3個月相對低位,位於近3個月價格區間的下三分之一。,24.993590
2026-07-17,,6202,low_3m,203.169961,,39.440000,41.210000,1.770000,4.487830,400,724495145.900000,-11.773700,-14.676525,-4.775003,True,True,盛群,3個月相對低位,位於近3個月價格區間的下三分之一。,724.495146
2026-07-17,,6204,low_3m,242.626357,,29.710000,29.710000,0.000000,0.000000,400,85989278.250000,-28.638498,-30.124581,-19.610747,False,False,艾華,3個月相對低位,位於近3個月價格區間的下三分之一。,85.989278
2026-07-17,,6205,low_3m,157.091948,,43.700000,41.170000,-2.530000,-5.789474,600,67623783.700000,-22.952120,-16.052027,-22.035420,False,False,詮欣,3個月相對低位,位於近3個月價格區間的下三分之一。,67.623784
2026-07-17,,6209,low_3m,121.762538,,42.620000,39.700000,-2.920000,-6.851244,600,816381133.700000,-27.586207,-15.729312,-10.803158,False,False,今國光,3個月相對低位,位於近3個月價格區間的下三分之一。,816.381134
2026-07-17,,6215,low_3m,203.366650,,32.530000,32.690000,0.160000,0.491854,400,199922317.050000,-4.848512,-6.864519,-11.595466,False,False,和椿,3個月相對低位,位於近3個月價格區間的下三分之一。,199.922317
2026-07-17,,6217,low_3m,340.549127,,35.800000,32.470000,-3.330000,-9.301676,200,1411329233.200000,-15.845824,-21.084337,-26.097722,False,False,中探針,3個月相對低位,位於近3個月價格區間的下三分之一。,1411.329233
2026-07-17,,6218,low_3m,114.956940,,43.210000,43.500000,0.290000,0.671141,600,53126521.350000,3.746398,-2.306649,-3.584341,False,False,豪勉,3個月相對低位,位於近3個月價格區間的下三分之一。,53.126521
2026-07-17,,6220,low_3m,68.220082,,53.150000,53.590000,0.440000,0.827846,1000,37618095.300000,-9.914558,-9.601520,-2.675020,False,False,岳豐,3個月相對低位,位於近3個月價格區間的下三分之一。,37.618095
2026-07-17,,6224,low_3m,166.284348,,38.670000,38.560000,-0.110000,-0.284458,400,143207906.900000,-25.572519,-22.228131,-23.660802,False,False,聚鼎,3個月相對低位,位於近3個月價格區間的下三分之一。,143.207907
2026-07-17,,6231,low_3m,542.702128,,47.450000,47.610000,0.160000,0.337197,100,177222377.050000,-14.471243,-16.704309,-21.288523,False,False,系微,3個月相對低位,位於近3個月價格區間的下三分之一。,177.222377
2026-07-17,,6234,low_3m,78.754201,,49.620000,49.620000,0.000000,0.000000,1000,90650949.050000,-15.807560,-18.887601,-23.416227,False,False,高僑,3個月相對低位,位於近3個月價格區間的下三分之一。,90.650949
2026-07-17,,6235,low_3m,28.514637,,36.430000,36.400000,-0.030000,-0.082350,1000,68357502.450000,-2.453988,-4.515974,-6.052429,False,False,華孚,3個月相對低位,位於近3個月價格區間的下三分之一。,68.357502
2026-07-17,,6237,low_3m,53.692076,,15.660000,12.700000,-2.960000,-18.901660,1000,26922797.300000,-21.644338,-17.857440,-20.502237,False,False,驊訊,3個月相對低位,位於近3個月價格區間的下三分之一。,26.922797
2026-07-17,,6244,low_3m,34.326620,,29.060000,28.030000,-1.030000,-3.544391,1000,120564782.100000,-10.977702,-3.968915,-8.508638,False,False,茂迪,3個月相對低位,位於近3個月價格區間的下三分之一。,120.564782
2026-07-17,,6245,low_3m,273.467695,,52.420000,52.380000,-0.040000,-0.076307,200,50205645.700000,-7.099143,-5.532392,-8.320416,False,False,立端,3個月相對低位,位於近3個月價格區間的下三分之一。,50.205646
2026-07-17,,6261,low_3m,308.363992,,43.510000,44.460000,0.950000,2.183406,200,99690695.700000,-11.122881,-10.176115,-18.946335,False,False,久元,3個月相對低位,位於近3個月價格區間的下三分之一。,99.690696
2026-07-17,,6269,low_3m,187.939960,,37.400000,30.300000,-7.100000,-18.983957,400,660188619.450000,-29.662078,-18.016047,-15.482367,False,False,台郡,3個月相對低位,位於近3個月價格區間的下三分之一。,660.188619
2026-07-17,,6271,low_3m,427.442047,,53.990000,56.350000,2.360000,4.371180,200,4687255987.100000,-9.777778,-18.970163,-8.154840,False,False,同欣電,3個月相對低位,位於近3個月價格區間的下三分之一。,4687.255987
2026-07-17,,6274,low_3m,2522.223299,,77.180000,76.400000,-0.780000,-1.010625,100,9786381958.250000,-29.940120,-27.295324,-20.112889,True,True,台燿,3個月相對低位,位於近3個月價格區間的下三分之一。,9786.381958
2026-07-17,,6275,low_3m,75.638151,,23.420000,23.410000,-0.010000,-0.042699,1000,44520221.100000,-4.135737,-7.679739,-9.093956,False,False,元山,3個月相對低位,位於近3個月價格區間的下三分之一。,44.520221
2026-07-17,,6278,low_3m,668.370380,,72.520000,68.160000,-4.360000,-6.012135,100,1563214126.000000,-17.285246,-14.435888,-15.210775,False,False,台表科,3個月相對低位,位於近3個月價格區間的下三分之一。,1563.214126
2026-07-17,,6282,low_3m,140.210448,,46.070000,41.650000,-4.420000,-9.594096,600,1737544113.050000,-14.982578,-15.034387,-12.871405,False,False,康舒,3個月相對低位,位於近3個月價格區間的下三分之一。,1737.544113
2026-07-17,,6284,low_3m,152.429021,,50.780000,45.610000,-5.170000,-10.181174,600,410335669.450000,-23.096982,-16.826544,-13.777038,False,False,佳邦,3個月相對低位,位於近3個月價格區間的下三分之一。,410.335669
2026-07-17,,6285,low_3m,1256.449356,,71.720000,70.380000,-1.340000,-1.868377,100,2755852416.900000,-11.778841,-7.085321,-9.716264,False,False,啟碁,3個月相對低位,位於近3個月價格區間的下三分之一。,2755.852417
2026-07-17,,6290,low_3m,572.466821,,55.350000,46.870000,-8.480000,-15.320687,100,1305973343.750000,-23.519737,-21.512364,-22.420265,False,False,良維,3個月相對低位,位於近3個月價格區間的下三分之一。,1305.973344
2026-07-17,,6291,low_3m,32.026162,,62.850000,62.850000,0.000000,0.000000,1000,617249819.250000,-27.475728,-27.143275,-27.734155,False,False,沛亨,3個月相對低位,位於近3個月價格區間的下三分之一。,617.249819
2026-07-17,,6292,low_3m,202.314180,,45.600000,46.640000,1.040000,2.280702,400,26035399.650000,-21.871281,-15.680227,-10.351206,False,False,迅德,3個月相對低位,位於近3個月價格區間的下三分之一。,26.035400
2026-07-17,,6405,low_3m,62.885909,,38.400000,36.710000,-1.690000,-4.401042,1000,97165085.650000,-32.307692,-25.505799,-27.733600,False,False,悅城,3個月相對低位,位於近3個月價格區間的下三分之一。,97.165086
2026-07-17,,6411,low_3m,156.556442,,28.730000,29.640000,0.910000,3.167421,600,177549959.650000,-15.432099,-16.036772,-11.099895,False,False,晶焱,3個月相對低位,位於近3個月價格區間的下三分之一。,177.549960
2026-07-17,,6412,low_3m,160.847672,,80.720000,79.410000,-1.310000,-1.622894,400,239313326.400000,-14.702703,-12.880252,-11.851413,False,False,群電,3個月相對低位,位於近3個月價格區間的下三分之一。,239.313326
2026-07-17,,6415,low_3m,2294.377404,,90.120000,90.100000,-0.020000,-0.022193,100,2749857691.200000,-23.951049,-23.921123,-17.841853,False,False,矽力*-KY,3個月相對低位,位於近3個月價格區間的下三分之一。,2749.857691
2026-07-17,,6419,low_3m,82.806825,,32.170000,32.170000,0.000000,0.000000,1000,51950528.100000,-2.166065,-7.000686,-7.561114,False,False,京晨科,3個月相對低位,位於近3個月價格區間的下三分之一。,51.950528
2026-07-17,,6425,low_3m,75.382619,,34.030000,34.090000,0.060000,0.176315,1000,42241966.500000,-21.289762,-14.917398,-24.594201,False,False,易發,3個月相對低位,位於近3個月價格區間的下三分之一。,42.241966
2026-07-17,,6426,low_3m,208.493830,,40.560000,42.660000,2.100000,5.177515,400,138962290.850000,-19.487179,-18.229167,-30.118694,False,False,統新,3個月相對低位,位於近3個月價格區間的下三分之一。,138.962291
2026-07-17,,6438,low_3m,222.935293,,32.100000,33.300000,1.200000,3.738318,400,131962827.150000,-3.973510,-6.602254,-9.996449,False,False,迅得,3個月相對低位,位於近3個月價格區間的下三分之一。,131.962827
2026-07-17,,6442,low_3m,1989.872982,,70.700000,69.470000,-1.230000,-1.739745,100,3627778920.500000,-28.612442,-19.340474,-28.755620,False,False,光聖,3個月相對低位,位於近3個月價格區間的下三分之一。,3627.778920
2026-07-17,,6443,low_3m,20.049724,,15.760000,14.020000,-1.740000,-11.040609,1000,260017318.650000,-26.387176,-11.751663,-20.885237,False,False,元晶,3個月相對低位,位於近3個月價格區間的下三分之一。,260.017319
2026-07-17,,6449,low_3m,397.652252,,82.810000,80.240000,-2.570000,-3.103490,200,914931610.400000,-42.383505,-25.194648,-15.950129,False,False,鈺邦,3個月相對低位,位於近3個月價格區間的下三分之一。,914.931610
2026-07-17,,6451,low_3m,589.374380,,78.190000,75.920000,-2.270000,-2.903185,100,3032246528.850000,-20.902394,-19.955272,-18.938048,False,False,訊芯-KY,3個月相對低位,位於近3個月價格區間的下三分之一。,3032.246529
2026-07-17,,6456,low_3m,88.724792,,46.030000,44.600000,-1.430000,-3.106670,1000,370523757.800000,-16.170763,-7.421959,-11.406827,False,False,GIS-KY,3個月相對低位,位於近3個月價格區間的下三分之一。,370.523758
2026-07-17,,6462,low_3m,141.479969,,27.010000,27.780000,0.770000,2.850796,600,192415654.200000,-11.822222,-13.161465,-18.607354,False,False,神盾,3個月相對低位,位於近3個月價格區間的下三分之一。,192.415654
2026-07-17,,6485,low_3m,126.480804,,24.660000,22.130000,-2.530000,-10.259530,600,45431670.850000,-26.487093,-18.048170,-27.521531,False,False,點序,3個月相對低位,位於近3個月價格區間的下三分之一。,45.431671
2026-07-17,,6494,low_3m,93.585658,,5.220000,5.220000,0.000000,0.000000,800,35411151.400000,-23.738872,-20.297721,-12.105851,False,False,九齊,3個月相對低位,位於近3個月價格區間的下三分之一。,35.411151
2026-07-17,,6498,low_3m,87.270408,,56.920000,56.410000,-0.510000,-0.895994,1000,20938315.900000,-22.576936,-11.266084,-13.313259,False,False,久禾光,3個月相對低位,位於近3個月價格區間的下三分之一。,20.938316
2026-07-17,,6499,low_3m,100.840548,,37.040000,37.730000,0.690000,1.862851,800,22406401.950000,-11.748634,-8.524497,-18.212319,False,False,益安,3個月相對低位,位於近3個月價格區間的下三分之一。,22.406402
2026-07-17,,6510,low_3m,3023.655016,,72.020000,74.260000,2.240000,3.110247,100,1599938979.500000,-26.589671,-16.294491,-23.638801,False,False,精測,3個月相對低位,位於近3個月價格區間的下三分之一。,1599.938979
2026-07-17,,6515,low_3m,6986.231616,,71.820000,71.490000,-0.330000,-0.459482,100,3382200991.500000,-35.446688,-26.619825,-32.946711,False,False,穎崴,3個月相對低位,位於近3個月價格區間的下三分之一。,3382.200991
2026-07-17,,6526,low_3m,590.725342,,84.340000,84.650000,0.310000,0.367560,100,557196958.750000,-13.832555,-14.574499,-13.472430,False,False,達發,3個月相對低位,位於近3個月價格區間的下三分之一。,557.196959
2026-07-17,,6530,low_3m,103.267872,,11.660000,11.330000,-0.330000,-2.830189,800,56533981.550000,-26.192361,-18.676962,-30.690388,False,False,創威,3個月相對低位,位於近3個月價格區間的下三分之一。,56.533982
2026-07-17,,6531,low_3m,2146.249721,,77.660000,77.080000,-0.580000,-0.746845,100,4119070468.900000,-11.788349,-15.353212,-14.930741,False,False,愛普*,3個月相對低位,位於近3個月價格區間的下三分之一。,4119.070469
2026-07-17,,6532,low_3m,104.526671,,18.460000,18.460000,0.000000,0.000000,800,35409036.050000,-20.885358,-17.694987,-24.332859,False,False,瑞耘,3個月相對低位,位於近3個月價格區間的下三分之一。,35.409036
2026-07-17,,6533,low_3m,225.299457,,21.920000,22.760000,0.840000,3.832117,400,171958293.150000,4.218362,3.054840,-4.371585,False,False,晶心科,3個月相對低位,位於近3個月價格區間的下三分之一。,171.958293
2026-07-17,,6535,low_3m,90.200000,,59.030000,58.810000,-0.220000,-0.372692,800,24638250.050000,-13.269231,-9.501354,-22.379668,False,False,順藥,3個月相對低位,位於近3個月價格區間的下三分之一。,24.638250
2026-07-17,,6541,low_3m,12.811480,,65.720000,65.230000,-0.490000,-0.745587,1000,24147729.450000,-5.067985,-5.905415,-4.221488,False,False,泰福-KY,3個月相對低位,位於近3個月價格區間的下三分之一。,24.147729
2026-07-17,,6546,low_3m,74.542100,,29.910000,29.910000,0.000000,0.000000,1000,23706851.600000,-16.240945,-11.063820,-12.987346,False,False,正基,3個月相對低位,位於近3個月價格區間的下三分之一。,23.706852
2026-07-17,,6561,low_3m,457.778540,,75.650000,75.680000,0.030000,0.039656,200,34208469.850000,-4.059516,-3.113927,-5.884127,False,False,是方,3個月相對低位,位於近3個月價格區間的下三分之一。,34.208470
2026-07-17,,6568,low_3m,220.330390,,40.510000,40.470000,-0.040000,-0.098741,400,31091685.800000,-19.770774,-13.540219,-30.121553,False,False,宏觀,3個月相對低位,位於近3個月價格區間的下三分之一。,31.091686
2026-07-17,,6584,low_3m,594.952955,,82.450000,83.840000,1.390000,1.685870,100,615094908.400000,-5.546493,-14.330103,-14.131053,False,False,南俊國際,3個月相對低位,位於近3個月價格區間的下三分之一。,615.094908
2026-07-17,,6588,low_3m,76.543020,,21.160000,18.130000,-3.030000,-14.319471,1000,46163711.200000,-33.703704,-18.082490,-36.655854,False,False,東典光電,3個月相對低位,位於近3個月價格區間的下三分之一。,46.163711
2026-07-17,,6609,low_3m,91.572336,,55.210000,55.310000,0.100000,0.181127,800,27001749.600000,-4.975728,-5.056384,-7.137633,False,False,瀧澤科,3個月相對低位,位於近3個月價格區間的下三分之一。,27.001750
2026-07-17,,6640,low_3m,1313.257740,,75.430000,73.730000,-1.700000,-2.253745,100,320745899.950000,-13.640553,-9.778056,-23.182076,False,False,均華,3個月相對低位,位於近3個月價格區間的下三分之一。,320.745900
2026-07-17,,6643,low_3m,578.838928,,46.850000,45.840000,-1.010000,-2.155816,100,217991729.000000,-18.860104,-15.955563,-27.212444,False,False,M31,3個月相對低位,位於近3個月價格區間的下三分之一。,217.991729
2026-07-17,,6664,low_3m,528.711565,,60.970000,60.440000,-0.530000,-0.869280,200,204876801.600000,-3.462051,-5.568219,-11.533221,False,False,群翊,3個月相對低位,位於近3個月價格區間的下三分之一。,204.876802
2026-07-17,,6667,low_3m,340.522334,,52.380000,52.410000,0.030000,0.057274,200,143909956.550000,-9.053585,-8.071009,-6.152827,False,False,信紘科,3個月相對低位,位於近3個月價格區間的下三分之一。,143.909957
2026-07-17,,6668,low_3m,36.326694,,51.970000,51.500000,-0.470000,-0.904368,1000,47889437.150000,-25.027086,-11.880810,-10.067579,False,False,中揚光,3個月相對低位,位於近3個月價格區間的下三分之一。,47.889437
2026-07-17,,6679,low_3m,260.730120,,58.970000,58.070000,-0.900000,-1.526200,400,74129284.700000,-19.337017,-15.971223,-22.833685,False,False,鈺太,3個月相對低位,位於近3個月價格區間的下三分之一。,74.129285
2026-07-17,,6683,low_3m,1451.957955,,45.930000,47.050000,1.120000,2.438493,100,1935782892.750000,-25.496073,-26.964186,-31.403668,False,False,雍智科技,3個月相對低位,位於近3個月價格區間的下三分之一。,1935.782893
2026-07-17,,6684,low_3m,58.990819,,31.510000,31.510000,0.000000,0.000000,1000,103816115.350000,-1.497006,-13.287942,-2.385152,False,False,安格,3個月相對低位,位於近3個月價格區間的下三分之一。,103.816115
2026-07-17,,6706,low_3m,132.633188,,25.590000,21.000000,-4.590000,-17.936694,600,285599387.600000,-33.832335,-23.529412,-31.933679,False,False,惠特,3個月相對低位,位於近3個月價格區間的下三分之一。,285.599388
2026-07-17,,6715,low_3m,452.726602,,84.620000,84.650000,0.030000,0.035453,200,272344234.900000,-17.311319,-12.026752,-11.227552,False,False,嘉基,3個月相對低位,位於近3個月價格區間的下三分之一。,272.344235
2026-07-17,,6716,low_3m,142.843447,,25.370000,25.280000,-0.090000,-0.354750,600,44825928.450000,-17.014925,-13.377649,-11.779220,False,False,應廣,3個月相對低位,位於近3個月價格區間的下三分之一。,44.825928
2026-07-17,,6725,low_3m,300.000000,,69.020000,70.540000,1.520000,2.202260,200,121667100.500000,-10.179641,-8.668848,-7.254740,False,False,矽科宏晟,3個月相對低位,位於近3個月價格區間的下三分之一。,121.667101
2026-07-17,,6727,low_3m,458.427363,,36.610000,42.290000,5.680000,15.514887,200,801448585.800000,-9.056490,-16.383899,-20.897498,False,False,亞泰金屬,3個月相對低位,位於近3個月價格區間的下三分之一。,801.448586
2026-07-17,,6735,low_3m,89.961357,,37.630000,37.630000,0.000000,0.000000,800,28133047.000000,-23.634337,-19.264541,-33.993929,False,False,美達科技,3個月相對低位,位於近3個月價格區間的下三分之一。,28.133047
2026-07-17,,6739,low_3m,1156.589519,,68.570000,69.030000,0.460000,0.670847,100,404117769.700000,1.357466,-0.735620,-9.794117,False,False,竹陞科技,3個月相對低位,位於近3個月價格區間的下三分之一。,404.117770
2026-07-17,,6741,low_3m,61.012822,,59.160000,58.770000,-0.390000,-0.659229,1000,21011059.650000,-6.435644,-6.265498,-7.225234,False,False,91APP*-KY,3個月相對低位,位於近3個月價格區間的下三分之一。,21.011060
2026-07-17,,6742,low_3m,47.711218,,27.960000,25.920000,-2.040000,-7.296137,1000,236167690.350000,-31.259259,-25.203514,-14.795942,False,False,澤米,3個月相對低位,位於近3個月價格區間的下三分之一。,236.167690
2026-07-17,,6761,low_3m,208.137292,,39.330000,39.760000,0.430000,1.093313,400,116720913.350000,-19.473684,-18.443497,-22.983347,False,False,穩得,3個月相對低位,位於近3個月價格區間的下三分之一。,116.720913
2026-07-17,,6763,low_3m,524.969537,,64.530000,63.260000,-1.270000,-1.968077,200,24906857.100000,-7.788911,-5.520541,-5.844800,False,False,綠界科技*,3個月相對低位,位於近3個月價格區間的下三分之一。,24.906857
2026-07-17,,6768,low_3m,96.881343,,80.600000,79.350000,-1.250000,-1.550868,800,32853437.200000,-13.466956,-6.367449,-11.147304,False,False,志強-KY,3個月相對低位,位於近3個月價格區間的下三分之一。,32.853437
2026-07-17,,6781,low_3m,1052.360577,,76.650000,75.330000,-1.320000,-1.722114,100,1422869310.000000,-16.870761,-14.973928,-15.863199,False,False,AES-KY,3個月相對低位,位於近3個月價格區間的下三分之一。,1422.869310
2026-07-17,,6782,low_3m,206.178896,,47.030000,47.210000,0.180000,0.382734,400,59648042.650000,1.312336,-3.173210,-3.704628,False,False,視陽,3個月相對低位,位於近3個月價格區間的下三分之一。,59.648043
2026-07-17,,6788,low_3m,437.621045,,33.070000,31.040000,-2.030000,-6.138494,200,369921593.650000,-19.770115,-16.616892,-17.278483,False,False,華景電,3個月相對低位,位於近3個月價格區間的下三分之一。,369.921594
2026-07-17,,6789,low_3m,491.324096,,75.840000,75.420000,-0.420000,-0.553797,200,1484870369.650000,-3.611313,-9.018696,-10.904318,False,False,采鈺,3個月相對低位,位於近3個月價格區間的下三分之一。,1484.870370
2026-07-17,,6799,low_3m,89.760997,,25.100000,27.140000,2.040000,8.127490,800,96501802.300000,-9.570957,-17.228879,-14.432936,False,False,來頡,3個月相對低位,位於近3個月價格區間的下三分之一。,96.501802
2026-07-17,,6803,low_3m,662.779979,,61.000000,60.520000,-0.480000,-0.786885,100,39007838.600000,-0.101716,-1.102107,-0.854896,False,False,崑鼎,3個月相對低位,位於近3個月價格區間的下三分之一。,39.007839
2026-07-17,,6805,low_3m,1367.132778,,75.920000,75.050000,-0.870000,-1.145943,100,1824829509.750000,-21.574344,-14.981037,-24.860335,False,False,富世達,3個月相對低位,位於近3個月價格區間的下三分之一。,1824.829510
2026-07-17,,6821,low_3m,47.527652,,39.490000,38.850000,-0.640000,-1.620663,1000,67463924.550000,-28.536585,-23.697917,-25.592355,False,False,聯寶,3個月相對低位,位於近3個月價格區間的下三分之一。,67.463925
2026-07-17,,6829,low_3m,249.266750,,66.570000,67.490000,0.920000,1.382004,400,499742989.100000,5.240574,-5.441148,-4.360867,True,True,千附精密,3個月相對低位,位於近3個月價格區間的下三分之一。,499.742989
2026-07-17,,6830,low_3m,385.337654,,43.470000,42.700000,-0.770000,-1.771337,200,496752650.550000,-30.116959,-22.707918,-42.734679,False,False,汎銓,3個月相對低位,位於近3個月價格區間的下三分之一。,496.752651
2026-07-17,,6831,low_3m,616.544554,,78.230000,79.820000,1.590000,2.032468,100,1127101111.450000,-17.297297,-23.728814,-14.045950,False,False,邁科,3個月相對低位,位於近3個月價格區間的下三分之一。,1127.101111
2026-07-17,,6841,low_3m,62.578741,,38.380000,37.030000,-1.350000,-3.517457,1000,49691864.300000,-2.970297,-5.557340,-2.051344,False,False,長佳智能,3個月相對低位,位於近3個月價格區間的下三分之一。,49.691864
2026-07-17,,6854,low_3m,103.000000,,57.830000,57.320000,-0.510000,-0.881895,800,44948438.050000,-20.769231,-13.354364,-26.111908,False,False,錼創科技-KY創,3個月相對低位,位於近3個月價格區間的下三分之一。,44.948438
2026-07-17,,6861,low_3m,241.325488,,58.130000,53.260000,-4.870000,-8.377774,400,236573858.750000,-33.333333,-26.995457,-35.011208,False,False,睿生光電,3個月相對低位,位於近3個月價格區間的下三分之一。,236.573859
2026-07-17,,6862,low_3m,165.051272,,69.710000,69.720000,0.010000,0.014345,400,190131677.500000,-23.461195,-17.220848,-15.003821,False,False,三集瑞-KY,3個月相對低位,位於近3個月價格區間的下三分之一。,190.131677
2026-07-17,,6869,low_3m,71.520784,,44.690000,44.440000,-0.250000,-0.559409,1000,45879240.850000,-14.800515,-8.202177,-16.547609,False,False,雲豹能源,3個月相對低位,位於近3個月價格區間的下三分之一。,45.879241
2026-07-17,,6873,low_3m,104.243406,,53.780000,54.350000,0.570000,1.059874,800,38820848.600000,4.896907,-3.331156,-6.141902,False,False,泓德能源,3個月相對低位,位於近3個月價格區間的下三分之一。,38.820849
2026-07-17,,6877,low_3m,151.519934,,70.710000,71.470000,0.760000,1.074813,600,53338408.850000,-0.793651,-4.852521,-16.662037,False,False,鏵友益,3個月相對低位,位於近3個月價格區間的下三分之一。,53.338409
2026-07-17,,6890,low_3m,189.422701,,92.460000,92.770000,0.310000,0.335280,400,121756060.950000,-20.656336,-13.500157,-6.904695,False,False,來億-KY,3個月相對低位,位於近3個月價格區間的下三分之一。,121.756061
2026-07-17,,6894,low_3m,349.582031,,70.500000,70.540000,0.040000,0.056738,200,23763435.050000,-9.129815,-11.497048,-10.675890,False,False,衛司特,3個月相對低位,位於近3個月價格區間的下三分之一。,23.763435
2026-07-17,,6903,low_3m,418.412542,,72.420000,74.750000,2.330000,3.217343,200,321263821.250000,-3.623901,-6.038736,-6.848609,False,False,巨漢,3個月相對低位,位於近3個月價格區間的下三分之一。,321.263821
2026-07-17,,6909,low_3m,45.732542,,21.850000,21.500000,-0.350000,-1.601831,1000,103535901.300000,-5.183585,-18.973791,-17.259176,False,False,創控,3個月相對低位,位於近3個月價格區間的下三分之一。,103.535901
2026-07-17,,6913,low_3m,129.917840,,50.180000,50.180000,0.000000,0.000000,600,24003974.450000,-5.158730,-2.766477,-7.331174,False,False,鴻呈,3個月相對低位,位於近3個月價格區間的下三分之一。,24.003974
2026-07-17,,6922,low_3m,185.522045,,62.970000,62.970000,0.000000,0.000000,400,27380419.350000,-9.602033,-5.924855,-7.792499,False,False,宸曜,3個月相對低位,位於近3個月價格區間的下三分之一。,27.380419
2026-07-17,,6933,low_3m,159.793049,,61.520000,61.350000,-0.170000,-0.276333,600,39199289.050000,0.902422,2.554203,-3.294095,False,False,AMAX-KY,3個月相對低位,位於近3個月價格區間的下三分之一。,39.199289
2026-07-17,,6937,low_3m,274.903613,,68.970000,70.090000,1.120000,1.623894,200,148699859.800000,-0.170796,0.059177,-6.802615,False,False,天虹,3個月相對低位,位於近3個月價格區間的下三分之一。,148.699860
2026-07-17,,6945,low_3m,99.000000,,57.360000,57.060000,-0.300000,-0.523013,800,50035895.500000,0.507614,-4.578313,-3.960661,False,False,圓祥生技,3個月相對低位,位於近3個月價格區間的下三分之一。,50.035896
2026-07-17,,6962,low_3m,33.758468,,46.700000,46.770000,0.070000,0.149893,1000,148740174.850000,-15.823606,-12.979351,-12.506179,False,False,奕力-KY,3個月相對低位,位於近3個月價格區間的下三分之一。,148.740175
2026-07-17,,6983,low_3m,333.000000,,54.000000,54.050000,0.050000,0.092593,200,24338219.450000,-1.333333,-6.898721,-8.304348,False,False,華洋精機,3個月相對低位,位於近3個月價格區間的下三分之一。,24.338219
2026-07-17,,6994,low_3m,39.888821,,56.830000,38.040000,-18.790000,-33.063523,1000,84860929.000000,-27.879342,-12.995534,-28.981833,False,False,富威電力,3個月相對低位,位於近3個月價格區間的下三分之一。,84.860929
2026-07-17,,6996,low_3m,193.966644,,59.590000,59.600000,0.010000,0.016781,400,23385129.350000,-11.398964,-11.122661,-9.523810,False,False,力領科技,3個月相對低位,位於近3個月價格區間的下三分之一。,23.385129
2026-07-17,,7556,low_3m,317.796280,,67.580000,67.560000,-0.020000,-0.029595,200,25500448.600000,-16.360798,-15.050931,-16.524786,False,False,意德士科技,3個月相對低位,位於近3個月價格區間的下三分之一。,25.500449
2026-07-17,,7631,low_3m,143.233343,,67.380000,67.560000,0.180000,0.267142,600,40382763.650000,7.937036,-8.502649,2.972633,False,False,聚賢研發-創,3個月相對低位,位於近3個月價格區間的下三分之一。,40.382764
2026-07-17,,7703,low_3m,200.502852,,60.980000,57.750000,-3.230000,-5.296819,400,40796631.400000,-9.489051,-7.382049,-7.670176,False,False,銳澤,3個月相對低位,位於近3個月價格區間的下三分之一。,40.796631
2026-07-17,,7711,low_3m,303.428571,,67.950000,67.130000,-0.820000,-1.206770,200,86385858.750000,-15.831187,-8.057520,-18.377961,False,False,永擎,3個月相對低位,位於近3個月價格區間的下三分之一。,86.385859
2026-07-17,,7712,low_3m,148.217042,,46.570000,46.320000,-0.250000,-0.536826,600,205545087.600000,-13.988095,-23.474116,-9.687500,False,False,博盛半導體,3個月相對低位,位於近3個月價格區間的下三分之一。,205.545088
2026-07-17,,7717,low_3m,441.100101,,61.920000,61.830000,-0.090000,-0.145349,200,144989257.800000,-19.212436,-5.634909,-26.329423,False,False,萊德光電-KY,3個月相對低位,位於近3個月價格區間的下三分之一。,144.989258
2026-07-17,,7721,low_3m,62.722388,,52.040000,52.040000,0.000000,0.000000,1000,22589383.400000,-18.648005,-11.782950,-15.931151,False,False,微程式,3個月相對低位,位於近3個月價格區間的下三分之一。,22.589383
2026-07-17,,7728,low_3m,663.290274,,67.300000,67.980000,0.680000,1.010401,100,23772059.550000,-8.540494,-4.404386,-9.526296,False,False,光焱科技,3個月相對低位,位於近3個月價格區間的下三分之一。,23.772060
2026-07-17,,7734,low_3m,3662.398365,,83.460000,81.630000,-1.830000,-2.192667,100,620652400.250000,-14.388625,-7.258195,-14.159598,False,False,印能科技,3個月相對低位,位於近3個月價格區間的下三分之一。,620.652400
2026-07-17,,7740,low_3m,153.000000,,59.720000,59.110000,-0.610000,-1.021433,600,37345548.250000,-6.134969,0.757326,-8.515621,False,False,熙特爾-創,3個月相對低位,位於近3個月價格區間的下三分之一。,37.345548
2026-07-17,,7744,low_3m,434.028169,,81.640000,81.390000,-0.250000,-0.306222,200,28290217.350000,-12.114990,-6.155786,-12.976931,False,False,崴寶,3個月相對低位,位於近3個月價格區間的下三分之一。,28.290217
2026-07-17,,7749,low_3m,366.730867,,59.820000,58.720000,-1.100000,-1.838850,200,111339632.300000,-24.463261,-13.949464,-21.298494,False,False,意騰-KY,3個月相對低位,位於近3個月價格區間的下三分之一。,111.339632
2026-07-17,,7750,low_3m,1836.780000,,88.070000,88.240000,0.170000,0.193028,100,409737547.000000,-18.243243,-13.105925,-21.178344,False,False,新代,3個月相對低位,位於近3個月價格區間的下三分之一。,409.737547
2026-07-17,,7751,low_3m,1145.270270,,74.230000,73.410000,-0.820000,-1.104675,100,325280034.250000,-22.336770,-17.049000,-32.950949,False,False,竑騰,3個月相對低位,位於近3個月價格區間的下三分之一。,325.280034
2026-07-17,,7768,low_3m,303.000000,,71.340000,71.000000,-0.340000,-0.476591,200,49124614.650000,-18.108108,-12.052826,-17.131605,False,False,頌勝科技,3個月相對低位,位於近3個月價格區間的下三分之一。,49.124615
2026-07-17,,7780,low_3m,182.516576,,75.430000,75.580000,0.150000,0.198860,400,26277523.950000,-5.954302,-4.115283,-2.362168,False,False,大研生醫*,3個月相對低位,位於近3個月價格區間的下三分之一。,26.277524
2026-07-17,,7792,low_3m,215.132207,,70.700000,70.970000,0.270000,0.381895,400,29811498.700000,-18.395303,-16.708279,-24.408390,False,False,安葆,3個月相對低位,位於近3個月價格區間的下三分之一。,29.811499
2026-07-17,,7805,low_3m,601.000000,,79.130000,78.470000,-0.660000,-0.834071,100,43314789.550000,-12.005857,-8.118025,-14.636745,False,False,威聯通,3個月相對低位,位於近3個月價格區間的下三分之一。,43.314790
2026-07-17,,7822,low_3m,874.000000,,72.950000,72.940000,-0.010000,-0.013708,100,319065948.700000,-24.329004,-19.316871,-23.756906,False,False,倍利科,3個月相對低位,位於近3個月價格區間的下三分之一。,319.065949
2026-07-17,,8038,low_3m,37.500000,,15.000000,15.000000,0.000000,0.000000,1000,24947949.150000,-6.716418,-6.739617,-9.527735,False,False,長園科,3個月相對低位,位於近3個月價格區間的下三分之一。,24.947949
2026-07-17,,8040,low_3m,71.317736,,44.600000,44.600000,0.000000,0.000000,1000,364048448.900000,-19.358289,-23.872987,-19.984436,False,False,九暘,3個月相對低位,位於近3個月價格區間的下三分之一。,364.048449
2026-07-17,,8054,low_3m,201.759010,,34.640000,36.580000,1.940000,5.600462,400,618702229.300000,-9.638554,-17.928142,-15.677701,False,False,安國,3個月相對低位,位於近3個月價格區間的下三分之一。,618.702229
2026-07-17,,8070,low_3m,1428.586752,,79.070000,78.010000,-1.060000,-1.340584,100,420784878.500000,-11.904762,-11.230045,-5.276231,False,False,長華*,3個月相對低位,位於近3個月價格區間的下三分之一。,420.784878
2026-07-17,,8074,low_3m,161.315017,,39.790000,38.630000,-1.160000,-2.915305,400,86579921.250000,-25.634179,-16.616766,-24.080991,False,False,鉅橡,3個月相對低位,位於近3個月價格區間的下三分之一。,86.579921
2026-07-17,,8076,low_3m,81.058435,,25.850000,25.250000,-0.600000,-2.321083,1000,31415038.000000,-10.763209,-9.118087,-7.717215,False,False,伍豐,3個月相對低位,位於近3個月價格區間的下三分之一。,31.415038
2026-07-17,,8081,low_3m,912.802441,,59.230000,57.170000,-2.060000,-3.477967,100,657224174.850000,-13.583269,-17.822034,-10.219834,False,False,致新,3個月相對低位,位於近3個月價格區間的下三分之一。,657.224175
2026-07-17,,8086,low_3m,176.809210,,56.590000,53.060000,-3.530000,-6.237851,400,497277604.850000,-27.076923,-17.060367,-21.223201,False,False,宏捷科,3個月相對低位,位於近3個月價格區間的下三分之一。,497.277605
2026-07-17,,8088,low_3m,103.487428,,20.850000,18.030000,-2.820000,-13.525180,800,214740927.850000,-25.352716,-19.915228,-16.930521,False,False,品安,3個月相對低位,位於近3個月價格區間的下三分之一。,214.740928
2026-07-17,,8103,low_3m,237.699097,,46.170000,43.110000,-3.060000,-6.627680,400,136843412.050000,-14.196191,-15.196270,-21.746019,False,False,瀚荃,3個月相對低位,位於近3個月價格區間的下三分之一。,136.843412
2026-07-17,,8104,low_3m,42.652660,,32.140000,30.380000,-1.760000,-5.476042,1000,119627078.500000,-19.008264,-12.377060,-8.972289,False,False,錸寶,3個月相對低位,位於近3個月價格區間的下三分之一。,119.627078
2026-07-17,,8105,low_3m,21.773076,,57.480000,58.610000,1.130000,1.965901,1000,305984831.700000,-22.196262,-21.033910,-8.900237,False,False,凌巨,3個月相對低位,位於近3個月價格區間的下三分之一。,305.984832
2026-07-17,,8110,low_3m,69.291293,,49.050000,48.470000,-0.580000,-1.182467,1000,796262416.200000,-23.005550,-17.332590,-15.488971,False,False,華東,3個月相對低位,位於近3個月價格區間的下三分之一。,796.262416
2026-07-17,,8111,low_3m,64.754818,,25.910000,25.310000,-0.600000,-2.315708,1000,51362442.000000,-10.183486,-5.878960,-18.376361,False,False,立碁,3個月相對低位,位於近3個月價格區間的下三分之一。,51.362442
2026-07-17,,8112,low_3m,280.929464,,43.000000,39.080000,-3.920000,-9.116279,200,1720881193.650000,-11.784164,-7.392657,-4.394731,False,False,至上,3個月相對低位,位於近3個月價格區間的下三分之一。,1720.881194
2026-07-17,,8114,low_3m,687.336046,,64.460000,63.980000,-0.480000,-0.744648,100,161520884.400000,-6.569232,-5.776590,-8.793651,False,False,振樺電,3個月相對低位,位於近3個月價格區間的下三分之一。,161.520884
2026-07-17,,8121,low_3m,60.315178,,55.970000,55.330000,-0.640000,-1.143470,1000,167986525.350000,-28.398792,-22.805494,-10.609140,False,False,越峰,3個月相對低位,位於近3個月價格區間的下三分之一。,167.986525
2026-07-17,,8147,low_3m,218.913854,,47.540000,48.740000,1.200000,2.524190,400,55190904.150000,-9.460738,-9.191651,-16.611083,False,False,正淩,3個月相對低位,位於近3個月價格區間的下三分之一。,55.190904
2026-07-17,,8155,low_3m,611.354954,,62.630000,59.770000,-2.860000,-4.566502,100,322012017.450000,-25.636696,-16.380469,-21.359091,False,False,博智,3個月相對低位,位於近3個月價格區間的下三分之一。,322.012017
2026-07-17,,8183,low_3m,43.173068,,43.750000,43.370000,-0.380000,-0.868571,1000,31478201.400000,-5.863521,-7.994690,-6.338839,False,False,精星,3個月相對低位,位於近3個月價格區間的下三分之一。,31.478201
2026-07-17,,8210,low_3m,3455.185665,,80.910000,78.920000,-1.990000,-2.459523,100,1266460235.000000,-17.655155,-11.440753,-15.789764,False,False,勤誠,3個月相對低位,位於近3個月價格區間的下三分之一。,1266.460235
2026-07-17,,8213,low_3m,94.996269,,43.240000,43.460000,0.220000,0.508788,800,24327304.400000,-10.136986,-7.599127,-11.219380,False,False,志超,3個月相對低位,位於近3個月價格區間的下三分之一。,24.327304
2026-07-17,,8215,low_3m,40.634448,,50.170000,50.040000,-0.130000,-0.259119,1000,73993961.800000,-21.060842,-12.449174,-11.406811,False,False,明基材,3個月相對低位,位於近3個月價格區間的下三分之一。,73.993962
2026-07-17,,8227,low_3m,153.492141,,26.770000,26.850000,0.080000,0.298842,600,326603481.150000,-18.255342,-20.993429,-22.535326,False,False,巨有科技,3個月相對低位,位於近3個月價格區間的下三分之一。,326.603481
2026-07-17,,8234,low_3m,241.096631,,52.850000,54.370000,1.520000,2.876064,400,130977454.900000,-4.702194,-11.156572,-11.078611,False,False,新漢,3個月相對低位,位於近3個月價格區間的下三分之一。,130.977455
2026-07-17,,8240,low_3m,94.658772,,49.620000,48.780000,-0.840000,-1.692866,800,30406202.750000,-22.165525,-15.898084,-27.268130,False,False,華宏,3個月相對低位,位於近3個月價格區間的下三分之一。,30.406203
2026-07-17,,8249,low_3m,155.766101,,56.530000,56.250000,-0.280000,-0.495312,600,22889159.350000,-13.051399,-7.747414,-9.694953,False,False,菱光,3個月相對低位,位於近3個月價格區間的下三分之一。,22.889159
2026-07-17,,8255,low_3m,416.284514,,56.490000,56.690000,0.200000,0.354045,200,513434014.700000,-13.661604,-17.109956,-8.394826,False,False,朋程,3個月相對低位,位於近3個月價格區間的下三分之一。,513.434015
2026-07-17,,8271,low_3m,405.564948,,50.120000,46.800000,-3.320000,-6.624102,200,520007985.550000,-6.714628,-0.337814,-10.617079,False,False,宇瞻,3個月相對低位,位於近3個月價格區間的下三分之一。,520.007986
2026-07-17,,8289,low_3m,103.879371,,36.480000,36.190000,-0.290000,-0.794956,800,185556296.300000,-31.149927,-20.128335,-20.310297,False,False,泰藝,3個月相對低位,位於近3個月價格區間的下三分之一。,185.556296
2026-07-17,,8299,low_3m,5934.038119,,56.960000,54.980000,-1.980000,-3.476124,100,12145729848.750000,-22.896303,-20.895135,-22.728345,False,False,群聯,3個月相對低位,位於近3個月價格區間的下三分之一。,12145.729849
2026-07-17,,8358,low_3m,652.452206,,64.890000,60.200000,-4.690000,-7.227616,100,6225659437.850000,-37.449406,-28.391001,-22.906733,False,False,金居,3個月相對低位,位於近3個月價格區間的下三分之一。,6225.659438
2026-07-17,,8374,low_3m,211.703216,,71.580000,71.680000,0.100000,0.139704,400,55128067.800000,-14.323336,-11.185425,-15.878661,False,False,羅昇,3個月相對低位,位於近3個月價格區間的下三分之一。,55.128068
2026-07-17,,8390,low_3m,221.607218,,50.950000,49.390000,-1.560000,-3.061825,400,64194561.750000,-13.427657,-7.637717,-9.278650,False,False,金益鼎,3個月相對低位,位於近3個月價格區間的下三分之一。,64.194562
2026-07-17,,8422,low_3m,583.230207,,45.460000,44.690000,-0.770000,-1.693797,100,356383768.200000,-5.108031,-5.003013,-3.538252,False,False,可寧衛*,3個月相對低位,位於近3個月價格區間的下三分之一。,356.383768
2026-07-17,,8436,low_3m,347.908241,,44.450000,43.940000,-0.510000,-1.147357,200,74481530.150000,-1.709402,0.000000,-2.666102,False,False,大江,3個月相對低位,位於近3個月價格區間的下三分之一。,74.481530
2026-07-17,,8438,low_3m,91.891051,,77.390000,78.850000,1.460000,1.886549,800,83896401.500000,-10.855217,-17.050760,-13.284537,False,False,昶昕,3個月相對低位,位於近3個月價格區間的下三分之一。,83.896401
2026-07-17,,8454,low_3m,665.771020,,85.480000,84.700000,-0.780000,-0.912494,100,546070027.350000,-19.365079,-13.502469,0.239442,False,False,富邦媒,3個月相對低位,位於近3個月價格區間的下三分之一。,546.070027
2026-07-17,,8478,low_3m,185.707582,,76.210000,77.030000,0.820000,1.075974,400,37384022.550000,-0.986842,-2.225110,-4.696570,False,False,東哥遊艇,3個月相對低位,位於近3個月價格區間的下三分之一。,37.384023
2026-07-17,,8936,low_3m,131.067246,,30.060000,29.580000,-0.480000,-1.596806,600,390085220.600000,-5.626134,-9.486510,-3.967497,False,False,國統,3個月相對低位,位於近3個月價格區間的下三分之一。,390.085221
2026-07-17,,8996,low_3m,2311.275434,,75.570000,74.310000,-1.260000,-1.667328,100,2381647225.000000,-33.003300,-25.641026,-16.711115,False,False,高力,3個月相對低位,位於近3個月價格區間的下三分之一。,2381.647225
2026-07-17,,9802,low_3m,136.658925,,60.000000,60.050000,0.050000,0.083333,600,44780147.300000,-5.025773,-0.673854,-3.639137,False,False,鈺齊-KY,3個月相對低位,位於近3個月價格區間的下三分之一。,44.780147
2026-07-17,,9904,low_3m,79.186117,,69.420000,65.000000,-4.420000,-6.367041,1000,713300046.600000,-1.892752,1.072851,0.150103,False,False,寶成,3個月相對低位,位於近3個月價格區間的下三分之一。,713.300047
2026-07-17,,9907,low_3m,35.474648,,71.310000,70.740000,-0.570000,-0.799327,1000,88226148.000000,-2.288095,-1.097102,-2.199007,False,False,統一實,3個月相對低位,位於近3個月價格區間的下三分之一。,88.226148
2026-07-17,,9910,low_3m,346.827632,,90.600000,90.100000,-0.500000,-0.551876,200,170174774.500000,-8.241758,-3.132251,-5.385243,False,False,豐泰,3個月相對低位,位於近3個月價格區間的下三分之一。,170.174775
2026-07-17,,1215,low_6m,345.007085,,62.100000,60.870000,-1.230000,-1.980676,200,150228563.850000,-5.150215,-2.449790,-9.808039,False,False,卜蜂,6個月相對低位,位於近6個月價格區間的下三分之一。,150.228564
2026-07-17,,1218,low_6m,26.987393,,63.370000,63.520000,0.150000,0.236705,1000,25452488.400000,-8.635097,-5.092593,-6.477283,False,False,泰山,6個月相對低位,位於近6個月價格區間的下三分之一。,25.452488
2026-07-17,,1294,low_6m,81.199837,,39.840000,40.780000,0.940000,2.359438,1000,22420790.600000,-11.683973,-7.124637,-9.211005,False,False,漢田生技,6個月相對低位,位於近6個月價格區間的下三分之一。,22.420791
2026-07-17,,1305,low_6m,30.217992,,48.630000,48.160000,-0.470000,-0.966482,1000,65370210.700000,-1.171875,-4.402040,-3.857116,False,False,華夏,6個月相對低位,位於近6個月價格區間的下三分之一。,65.370211
2026-07-17,,1308,low_6m,71.887883,,48.450000,48.820000,0.370000,0.763674,1000,65606732.300000,4.744526,-1.017417,2.402474,False,False,亞聚,6個月相對低位,位於近6個月價格區間的下三分之一。,65.606732
2026-07-17,,1309,low_6m,29.571387,,43.380000,42.880000,-0.500000,-1.152605,1000,80860480.900000,-0.689655,-3.404327,-10.762239,False,False,台達化,6個月相對低位,位於近6個月價格區間的下三分之一。,80.860481
2026-07-17,,1316,low_6m,8.718076,,28.500000,32.680000,4.180000,14.666667,1000,20003302.100000,-9.459459,-3.527718,-6.118636,False,False,上曜,6個月相對低位,位於近6個月價格區間的下三分之一。,20.003302
2026-07-17,,1319,low_6m,177.158203,,86.520000,79.910000,-6.610000,-7.639852,400,491546638.500000,-24.383823,-5.647074,-8.220259,False,False,東陽,6個月相對低位,位於近6個月價格區間的下三分之一。,491.546638
2026-07-17,,1436,low_6m,99.641002,,74.780000,73.880000,-0.900000,-1.203530,800,30354214.000000,-3.850267,-0.646516,-3.423333,False,False,華友聯,6個月相對低位,位於近6個月價格區間的下三分之一。,30.354214
2026-07-17,,1476,low_6m,1030.080156,,88.100000,87.930000,-0.170000,-0.192963,100,572536409.150000,3.091190,2.253564,2.338266,False,False,儒鴻,6個月相對低位,位於近6個月價格區間的下三分之一。,572.536409
2026-07-17,,1477,low_6m,834.924406,,73.480000,73.680000,0.200000,0.272183,100,740422348.650000,-0.460829,-2.394939,-1.784699,False,False,聚陽,6個月相對低位,位於近6個月價格區間的下三分之一。,740.422349
2026-07-17,,1503,low_6m,353.594709,,76.280000,75.790000,-0.490000,-0.642370,200,954576732.950000,-17.970402,-15.578764,-9.935005,False,False,士電,6個月相對低位,位於近6個月價格區間的下三分之一。,954.576733
2026-07-17,,1504,low_6m,152.605976,,69.200000,68.380000,-0.820000,-1.184971,600,1043613064.350000,-2.765648,-3.760265,-3.059117,False,False,東元,6個月相對低位,位於近6個月價格區間的下三分之一。,1043.613064
2026-07-17,,1514,low_6m,237.667383,,47.140000,41.690000,-5.450000,-11.561307,400,809728169.300000,-14.937759,-14.529915,-14.925993,False,False,亞力,6個月相對低位,位於近6個月價格區間的下三分之一。,809.728169
2026-07-17,,1519,low_6m,1833.326964,,80.560000,78.620000,-1.940000,-2.408143,100,1685628402.150000,-18.430884,-13.810119,-20.400227,False,False,華城,6個月相對低位,位於近6個月價格區間的下三分之一。,1685.628402
2026-07-17,,1522,low_6m,78.271026,,52.390000,52.390000,0.000000,0.000000,1000,22163963.550000,-4.126944,-0.729467,-2.376911,False,False,堤維西,6個月相對低位,位於近6個月價格區間的下三分之一。,22.163964
2026-07-17,,1528,low_6m,44.295422,,28.900000,27.740000,-1.160000,-4.013841,1000,47397318.300000,-20.512821,-13.630519,-20.970061,False,False,恩德,6個月相對低位,位於近6個月價格區間的下三分之一。,47.397318
2026-07-17,,1536,low_6m,104.257490,,29.190000,29.960000,0.770000,2.637890,800,227944623.400000,1.435897,-2.402921,-3.189493,False,False,和大,6個月相對低位,位於近6個月價格區間的下三分之一。,227.944623
2026-07-17,,1569,low_6m,81.848990,,42.890000,43.520000,0.630000,1.468874,1000,27645801.950000,-10.092688,-7.280548,-15.422002,False,False,濱川,6個月相對低位,位於近6個月價格區間的下三分之一。,27.645802
2026-07-17,,1582,low_6m,218.082442,,31.030000,30.470000,-0.560000,-1.804705,400,115816336.650000,-21.639344,-13.295846,-21.978394,False,False,信錦,6個月相對低位,位於近6個月價格區間的下三分之一。,115.816337
2026-07-17,,1584,low_6m,23.632256,,36.170000,36.080000,-0.090000,-0.248825,1000,22231132.700000,-0.773196,-1.142637,-1.704352,False,False,精剛,6個月相對低位,位於近6個月價格區間的下三分之一。,22.231133
2026-07-17,,1605,low_6m,67.588126,,71.400000,70.400000,-1.000000,-1.400560,1000,1154356524.600000,-15.762274,-9.356319,-7.654238,False,False,華新,6個月相對低位,位於近6個月價格區間的下三分之一。,1154.356525
2026-07-17,,1608,low_6m,67.367353,,61.020000,60.580000,-0.440000,-0.721075,1000,100283512.100000,-7.194245,-4.839186,-4.808757,False,False,華榮,6個月相對低位,位於近6個月價格區間的下三分之一。,100.283512
2026-07-17,,1612,low_6m,92.694644,,57.730000,55.320000,-2.410000,-4.174606,800,52587409.950000,-12.500665,-8.796819,-9.431946,False,False,宏泰,6個月相對低位,位於近6個月價格區間的下三分之一。,52.587410
2026-07-17,,1618,low_6m,63.222347,,53.780000,53.720000,-0.060000,-0.111566,1000,35677783.000000,-10.859189,-7.389040,-7.621914,False,False,合機,6個月相對低位,位於近6個月價格區間的下三分之一。,35.677783
2026-07-17,,1623,low_6m,226.041667,,78.140000,76.500000,-1.640000,-2.098797,400,98707353.450000,1.165501,-2.175138,-5.022431,False,False,大東電,6個月相對低位,位於近6個月價格區間的下三分之一。,98.707353
2026-07-17,,1707,low_6m,218.184949,,55.730000,52.940000,-2.790000,-5.006280,400,55924056.000000,-8.826479,-2.811932,-8.807775,False,False,葡萄王,6個月相對低位,位於近6個月價格區間的下三分之一。,55.924056
2026-07-17,,1712,low_6m,127.076611,,53.050000,53.300000,0.250000,0.471254,600,26182257.650000,-0.378310,0.126743,-1.749440,False,False,興農,6個月相對低位,位於近6個月價格區間的下三分之一。,26.182258
2026-07-17,,1721,low_6m,14.121098,,33.880000,31.580000,-2.300000,-6.788666,1000,78144006.000000,-9.574468,-13.203308,-19.942233,False,False,三晃,6個月相對低位,位於近6個月價格區間的下三分之一。,78.144006
2026-07-17,,1795,low_6m,218.007292,,57.390000,57.450000,0.060000,0.104548,400,473753401.100000,-2.842377,-3.897764,-7.183412,False,False,美時,6個月相對低位,位於近6個月價格區間的下三分之一。,473.753401
2026-07-17,,1815,low_6m,132.771760,,32.710000,31.550000,-1.160000,-3.546316,600,2885913152.100000,-14.210526,-17.124263,-20.613017,False,False,富喬,6個月相對低位,位於近6個月價格區間的下三分之一。,2885.913152
2026-07-17,,2002,low_6m,56.885243,,48.360000,47.850000,-0.510000,-1.054591,1000,1226274900.900000,-0.533333,-1.087245,-0.876960,False,False,中鋼,6個月相對低位,位於近6個月價格區間的下三分之一。,1226.274901
2026-07-17,,2009,low_6m,60.731197,,55.160000,55.320000,0.160000,0.290065,1000,53736075.250000,-7.615481,-4.089171,-5.682422,False,False,第一銅,6個月相對低位,位於近6個月價格區間的下三分之一。,53.736075
2026-07-17,,2014,low_6m,21.061216,,46.560000,46.870000,0.310000,0.665808,1000,67472829.600000,-3.399433,-2.095894,-3.590614,False,False,中鴻,6個月相對低位,位於近6個月價格區間的下三分之一。,67.472830
2026-07-17,,2023,low_6m,32.061846,,76.880000,77.540000,0.660000,0.858481,1000,33387358.050000,-2.857143,-1.090909,-1.698591,False,False,燁輝,6個月相對低位,位於近6個月價格區間的下三分之一。,33.387358
2026-07-17,,2072,low_6m,144.836066,,73.570000,73.600000,0.030000,0.040777,600,80682944.350000,-20.285714,-8.854883,-17.723797,False,False,世紀風電,6個月相對低位,位於近6個月價格區間的下三分之一。,80.682944
2026-07-17,,2104,low_6m,31.357740,,36.820000,36.340000,-0.480000,-1.303639,1000,53089429.250000,3.921569,0.722159,1.513120,False,False,國際中橡,6個月相對低位,位於近6個月價格區間的下三分之一。,53.089429
2026-07-17,,2211,low_6m,124.579845,,81.160000,81.570000,0.410000,0.505175,600,55224467.300000,0.106270,-0.784665,-1.015762,False,False,長榮鋼,6個月相對低位,位於近6個月價格區間的下三分之一。,55.224467
2026-07-17,,2233,low_6m,551.680736,,66.250000,61.170000,-5.080000,-7.667925,100,405410892.350000,-27.887789,-11.672562,-24.127554,False,False,宇隆,6個月相對低位,位於近6個月價格區間的下三分之一。,405.410892
2026-07-17,,2250,low_6m,76.356567,,48.970000,48.970000,0.000000,0.000000,1000,23087408.050000,0.651466,-4.489607,-2.592797,False,False,IKKA-KY,6個月相對低位,位於近6個月價格區間的下三分之一。,23.087408
2026-07-17,,2323,low_6m,7.719263,,37.650000,39.460000,1.810000,4.807437,1000,121148545.800000,-8.888889,-9.171467,-5.365689,False,False,中環,6個月相對低位,位於近6個月價格區間的下三分之一。,121.148546
2026-07-17,,2328,low_6m,93.224220,,38.730000,37.650000,-1.080000,-2.788536,800,230157833.350000,-10.515275,-7.057056,-9.343497,False,False,廣宇,6個月相對低位,位於近6個月價格區間的下三分之一。,230.157833
2026-07-17,,2329,low_6m,21.256250,,48.150000,46.880000,-1.270000,-2.637591,1000,392120403.500000,-16.850829,-14.468387,-17.822739,False,False,華泰,6個月相對低位,位於近6個月價格區間的下三分之一。,392.120404
2026-07-17,,2331,low_6m,47.140371,,54.600000,54.170000,-0.430000,-0.787546,1000,65851194.450000,-12.808989,-7.925961,-8.060503,False,False,精英,6個月相對低位,位於近6個月價格區間的下三分之一。,65.851194
2026-07-17,,2349,low_6m,3.127040,,22.540000,21.970000,-0.570000,-2.528838,1000,46295460.200000,-17.582418,-12.790698,-14.165819,False,False,錸德,6個月相對低位,位於近6個月價格區間的下三分之一。,46.295460
2026-07-17,,2353,low_6m,75.259977,,35.060000,33.190000,-1.870000,-5.333714,1000,1194608408.800000,-15.428571,-8.599660,-5.536965,False,False,宏碁,6個月相對低位,位於近6個月價格區間的下三分之一。,1194.608409
2026-07-17,,2365,low_6m,80.854158,,17.690000,18.740000,1.050000,5.935557,1000,115747013.400000,-11.071212,-9.596009,-14.573246,False,False,昆盈,6個月相對低位,位於近6個月價格區間的下三分之一。,115.747013
2026-07-17,,2367,low_6m,87.542146,,23.650000,23.530000,-0.120000,-0.507400,1000,739993998.500000,-28.320000,-16.589090,-25.327111,False,False,燿華,6個月相對低位,位於近6個月價格區間的下三分之一。,739.993998
2026-07-17,,2371,low_6m,11.460183,,42.300000,42.150000,-0.150000,-0.354610,1000,318433300.800000,-6.964286,-4.918332,-9.968031,False,False,大同,6個月相對低位,位於近6個月價格區間的下三分之一。,318.433301
2026-07-17,,2374,low_6m,184.145458,,28.440000,27.520000,-0.920000,-3.234880,400,435962282.650000,-11.271298,-9.395075,-12.220421,False,False,佳能,6個月相對低位,位於近6個月價格區間的下三分之一。,435.962283
2026-07-17,,2385,low_6m,573.915637,,82.970000,80.540000,-2.430000,-2.928769,100,569294576.000000,-10.869565,-3.846154,-13.783247,False,False,群光,6個月相對低位,位於近6個月價格區間的下三分之一。,569.294576
2026-07-17,,2392,low_6m,115.311197,,46.690000,46.400000,-0.290000,-0.621118,600,70615097.750000,-11.235955,-6.212901,-6.897929,False,False,正崴,6個月相對低位,位於近6個月價格區間的下三分之一。,70.615098
2026-07-17,,2397,low_6m,202.282090,,70.410000,69.280000,-1.130000,-1.604886,400,26037540.350000,-7.020148,-5.466307,-5.763214,False,False,友通,6個月相對低位,位於近6個月價格區間的下三分之一。,26.037540
2026-07-17,,2405,low_6m,22.497656,,20.120000,18.930000,-1.190000,-5.914513,1000,52139539.050000,-13.932598,-5.198289,-2.484840,False,False,輔信,6個月相對低位,位於近6個月價格區間的下三分之一。,52.139539
2026-07-17,,2413,low_6m,50.273014,,53.870000,50.630000,-3.240000,-6.014479,1000,102203321.900000,-29.462738,-15.186246,-17.474908,False,False,環科,6個月相對低位,位於近6個月價格區間的下三分之一。,102.203322
2026-07-17,,2417,low_6m,83.610950,,38.760000,40.310000,1.550000,3.998968,1000,58701220.250000,-15.191467,-10.976726,-15.058826,False,False,圓剛,6個月相對低位,位於近6個月價格區間的下三分之一。,58.701220
2026-07-17,,2419,low_6m,53.994733,,62.670000,62.970000,0.300000,0.478698,1000,37106993.550000,-13.996627,-8.847185,-14.189568,False,False,仲琦,6個月相對低位,位於近6個月價格區間的下三分之一。,37.106994
2026-07-17,,2421,low_6m,384.972387,,62.920000,62.720000,-0.200000,-0.317864,200,317080141.900000,-12.110727,-10.814607,-12.656936,False,False,建準,6個月相對低位,位於近6個月價格區間的下三分之一。,317.080142
2026-07-17,,2429,low_6m,0.531577,,43.470000,43.270000,-0.200000,-0.460087,1000,57578217.300000,10.233161,-2.826149,-9.108710,False,False,銘旺科,6個月相對低位,位於近6個月價格區間的下三分之一。,57.578217
2026-07-17,,2439,low_6m,323.242668,,40.460000,38.640000,-1.820000,-4.498270,200,157497787.100000,-11.530172,-8.124440,-7.675007,False,False,美律,6個月相對低位,位於近6個月價格區間的下三分之一。,157.497787
2026-07-17,,2442,low_6m,20.248212,,50.770000,49.710000,-1.060000,-2.087847,1000,26688107.000000,-4.010025,-1.084711,0.634990,False,False,新美齊,6個月相對低位,位於近6個月價格區間的下三分之一。,26.688107
2026-07-17,,2449,low_6m,918.187196,,67.700000,73.060000,5.360000,7.917282,100,12615851717.700001,2.139037,-10.531657,-6.884784,False,False,京元電子,6個月相對低位,位於近6個月價格區間的下三分之一。,12615.851718
2026-07-17,,2451,low_6m,992.759823,,81.690000,78.490000,-3.200000,-3.917248,100,1420651775.800000,-22.897995,-13.164748,-19.502108,False,False,創見,6個月相對低位,位於近6個月價格區間的下三分之一。,1420.651776
2026-07-17,,2453,low_6m,111.734879,,42.150000,42.040000,-0.110000,-0.260973,800,22324130.400000,-5.528040,-4.483116,-4.908318,False,False,凌群,6個月相對低位,位於近6個月價格區間的下三分之一。,22.324130
2026-07-17,,2457,low_6m,41.032038,,25.040000,25.970000,0.930000,3.714058,1000,133882276.650000,-15.344828,-13.624769,-9.183390,False,False,飛宏,6個月相對低位,位於近6個月價格區間的下三分之一。,133.882277
2026-07-17,,2461,low_6m,35.873664,,36.610000,36.070000,-0.540000,-1.475007,1000,21211654.950000,-13.477089,-7.372673,-6.996958,False,False,光群雷,6個月相對低位,位於近6個月價格區間的下三分之一。,21.211655
2026-07-17,,2468,low_6m,79.289238,,50.020000,50.020000,0.000000,0.000000,1000,33456337.000000,-9.138381,-5.338320,-3.913854,False,False,華經,6個月相對低位,位於近6個月價格區間的下三分之一。,33.456337
2026-07-17,,2474,low_6m,852.715719,,77.360000,73.720000,-3.640000,-4.705274,100,1306978878.800000,-6.069343,-4.679778,-6.686777,False,False,可成,6個月相對低位,位於近6個月價格區間的下三分之一。,1306.978879
2026-07-17,,2485,low_6m,111.780331,,17.390000,17.890000,0.500000,2.875216,800,403924791.800000,-31.111111,-17.744610,-30.730864,False,False,兆赫,6個月相對低位,位於近6個月價格區間的下三分之一。,403.924792
2026-07-17,,2498,low_6m,155.152243,,38.800000,36.740000,-2.060000,-5.309278,600,390524909.800000,-12.637542,-8.109016,-5.630438,False,False,宏達電,6個月相對低位,位於近6個月價格區間的下三分之一。,390.524910
2026-07-17,,2504,low_6m,65.276605,,70.770000,70.270000,-0.500000,-0.706514,1000,165813564.550000,-5.917160,-1.806392,-2.679124,False,False,國產,6個月相對低位,位於近6個月價格區間的下三分之一。,165.813565
2026-07-17,,2515,low_6m,23.600153,,53.650000,54.250000,0.600000,1.118360,1000,159386070.800000,-3.376365,-4.891902,-2.538376,False,False,中工,6個月相對低位,位於近6個月價格區間的下三分之一。,159.386071
2026-07-17,,2543,low_6m,90.787879,,68.190000,67.680000,-0.510000,-0.747910,800,62149272.200000,-17.653391,-3.207440,-11.220286,False,False,皇昌,6個月相對低位,位於近6個月價格區間的下三分之一。,62.149272
2026-07-17,,2548,low_6m,817.143730,,63.550000,61.920000,-1.630000,-2.564910,100,187372512.950000,-6.481481,-0.751732,-7.480397,False,False,華固,6個月相對低位,位於近6個月價格區間的下三分之一。,187.372513
2026-07-17,,2607,low_6m,48.504283,,70.410000,70.260000,-0.150000,-0.213038,1000,24508320.150000,-2.382372,-0.551613,0.521325,False,False,榮運,6個月相對低位,位於近6個月價格區間的下三分之一。,24.508320
2026-07-17,,2609,low_6m,77.309723,,53.000000,52.810000,-0.190000,-0.358491,1000,1101095887.100000,-0.686554,-0.437282,0.139330,False,False,陽明,6個月相對低位,位於近6個月價格區間的下三分之一。,1101.095887
2026-07-17,,2612,low_6m,120.858008,,72.600000,72.480000,-0.120000,-0.165289,600,22459356.350000,-5.698529,-3.833536,-5.263087,False,False,中航,6個月相對低位,位於近6個月價格區間的下三分之一。,22.459356
2026-07-17,,2617,low_6m,83.639382,,58.070000,58.240000,0.170000,0.292750,1000,24361922.900000,-0.672078,-0.399104,1.125293,False,False,台航,6個月相對低位,位於近6個月價格區間的下三分之一。,24.361923
2026-07-17,,2641,low_6m,16.947897,,24.340000,23.220000,-1.120000,-4.601479,1000,28202605.050000,-8.426852,-5.828891,-5.034584,False,False,正德,6個月相對低位,位於近6個月價格區間的下三分之一。,28.202605
2026-07-17,,2646,low_6m,21.200000,,63.260000,63.470000,0.210000,0.331963,1000,140606314.450000,0.000000,-0.317386,2.386606,False,False,星宇航空,6個月相對低位,位於近6個月價格區間的下三分之一。,140.606314
2026-07-17,,2731,low_6m,222.735604,,45.490000,42.480000,-3.010000,-6.616839,400,111953331.700000,-6.229508,-3.573837,-4.714063,False,False,雄獅,6個月相對低位,位於近6個月價格區間的下三分之一。,111.953332
2026-07-17,,2745,low_6m,123.769346,,51.420000,51.280000,-0.140000,-0.272268,600,20115392.000000,-5.555556,-3.659976,-1.868035,False,False,五福,6個月相對低位,位於近6個月價格區間的下三分之一。,20.115392
2026-07-17,,2913,low_6m,9.204895,,50.810000,49.610000,-1.200000,-2.361740,1000,49770915.100000,0.448430,0.900901,0.734523,False,False,農林,6個月相對低位,位於近6個月價格區間的下三分之一。,49.770915
2026-07-17,,3002,low_6m,47.695034,,58.010000,59.210000,1.200000,2.068609,1000,22131339.800000,-13.157895,-13.530253,-5.411274,False,False,歐格,6個月相對低位,位於近6個月價格區間的下三分之一。,22.131340
2026-07-17,,3010,low_6m,454.724656,,69.320000,67.820000,-1.500000,-2.163878,200,193039998.050000,-8.932402,-8.186845,-11.010745,False,False,華立,6個月相對低位,位於近6個月價格區間的下三分之一。,193.039998
2026-07-17,,3013,low_6m,144.105898,,42.760000,41.710000,-1.050000,-2.455566,600,169482535.150000,-21.098738,-15.072339,-19.000053,False,False,晟銘電,6個月相對低位,位於近6個月價格區間的下三分之一。,169.482535
2026-07-17,,3015,low_6m,262.054211,,62.500000,63.800000,1.300000,2.080000,400,219175047.750000,-7.907743,-11.787912,0.356718,False,False,全漢,6個月相對低位,位於近6個月價格區間的下三分之一。,219.175048
2026-07-17,,3019,low_6m,244.027776,,42.400000,38.840000,-3.560000,-8.396226,400,829302602.850000,-14.911310,-10.449630,-9.176953,False,False,亞光,6個月相對低位,位於近6個月價格區間的下三分之一。,829.302603
2026-07-17,,3021,low_6m,34.374231,,65.240000,65.240000,0.000000,0.000000,1000,21286739.750000,-30.288462,-20.901900,-10.389343,False,False,鴻名,6個月相對低位,位於近6個月價格區間的下三分之一。,21.286740
2026-07-17,,3025,low_6m,82.418478,,14.720000,12.380000,-2.340000,-15.896739,1000,33379714.850000,-20.851064,-13.829048,-15.676002,False,False,星通,6個月相對低位,位於近6個月價格區間的下三分之一。,33.379715
2026-07-17,,3036,low_6m,953.996044,,91.320000,89.420000,-1.900000,-2.080596,100,2097871129.900000,-15.848214,-11.231457,-19.593610,False,False,文曄,6個月相對低位,位於近6個月價格區間的下三分之一。,2097.871130
2026-07-17,,3041,low_6m,16.537828,,24.750000,22.110000,-2.640000,-10.666667,1000,101339356.950000,-19.827586,-15.928404,-9.699971,False,False,揚智,6個月相對低位,位於近6個月價格區間的下三分之一。,101.339357
2026-07-17,,3047,low_6m,39.044448,,16.710000,15.420000,-1.290000,-7.719928,1000,35601017.300000,-13.313609,-7.731066,-4.895862,False,False,訊舟,6個月相對低位,位於近6個月價格區間的下三分之一。,35.601017
2026-07-17,,3051,low_6m,8.345788,,25.730000,25.610000,-0.120000,-0.466382,1000,53203521.100000,-15.653775,-13.117708,-14.501727,False,False,力特,6個月相對低位,位於近6個月價格區間的下三分之一。,53.203521
2026-07-17,,3056,low_6m,86.993854,,27.120000,26.360000,-0.760000,-2.802360,1000,22259603.800000,-4.934211,-2.000678,1.736682,False,False,富華新,6個月相對低位,位於近6個月價格區間的下三分之一。,22.259604
2026-07-17,,3060,low_6m,75.461061,,22.040000,19.150000,-2.890000,-13.112523,1000,292646091.700000,-20.495438,-18.096545,-6.227278,False,False,銘異,6個月相對低位,位於近6個月價格區間的下三分之一。,292.646092
2026-07-17,,3062,low_6m,42.018429,,16.950000,16.040000,-0.910000,-5.368732,1000,72784192.000000,-16.569201,-11.961329,-19.369525,False,False,建漢,6個月相對低位,位於近6個月價格區間的下三分之一。,72.784192
2026-07-17,,3078,low_6m,182.184358,,38.630000,37.750000,-0.880000,-2.278022,400,105171134.400000,-5.807623,-5.153509,-6.827838,False,False,僑威,6個月相對低位,位於近6個月價格區間的下三分之一。,105.171134
2026-07-17,,3092,low_6m,57.379148,,29.210000,30.180000,0.970000,3.320781,1000,34262956.900000,-25.465839,-19.048824,-20.525415,False,False,鴻碩,6個月相對低位,位於近6個月價格區間的下三分之一。,34.262957
2026-07-17,,3114,low_6m,103.261840,,49.230000,47.600000,-1.630000,-3.310989,800,90656250.550000,-23.245109,-25.641026,-6.984311,False,False,好德,6個月相對低位,位於近6個月價格區間的下三分之一。,90.656251
2026-07-17,,3135,low_6m,147.755633,,48.950000,48.280000,-0.670000,-1.368744,600,343987086.000000,-24.935065,-18.476728,-23.823749,False,False,凌航,6個月相對低位,位於近6個月價格區間的下三分之一。,343.987086
2026-07-17,,3138,low_6m,111.704150,,20.480000,22.220000,1.740000,8.496094,800,65422889.800000,-25.830258,-15.118243,-30.693638,False,False,耀登,6個月相對低位,位於近6個月價格區間的下三分之一。,65.422890
2026-07-17,,3147,low_6m,366.867353,,69.350000,64.380000,-4.970000,-7.166547,200,238349356.450000,-34.242424,-18.120932,-6.347779,False,False,大綜,6個月相對低位,位於近6個月價格區間的下三分之一。,238.349356
2026-07-17,,3152,low_6m,298.160913,,63.070000,53.860000,-9.210000,-14.602822,200,137346492.466667,-33.289000,-18.839837,-24.622109,False,False,璟德,6個月相對低位,位於近6個月價格區間的下三分之一。,137.346492
2026-07-17,,3163,low_6m,947.081472,,46.910000,45.310000,-1.600000,-3.410787,100,1648588673.150000,-27.796235,-15.919789,-31.340716,False,False,波若威,6個月相對低位,位於近6個月價格區間的下三分之一。,1648.588673
2026-07-17,,3207,low_6m,52.703450,,19.710000,22.440000,2.730000,13.850837,1000,56707168.000000,-23.598820,-18.018517,-18.465857,False,False,耀勝,6個月相對低位,位於近6個月價格區間的下三分之一。,56.707168
2026-07-17,,3217,low_6m,522.643401,,51.370000,51.450000,0.080000,0.155733,200,163964546.200000,-7.656987,-10.150615,-12.668332,False,False,優群,6個月相對低位,位於近6個月價格區間的下三分之一。,163.964546
2026-07-17,,3219,low_6m,18.927671,,77.680000,77.280000,-0.400000,-0.514933,1000,22227115.550000,-10.943912,-11.602960,-13.932530,False,False,倚強科,6個月相對低位,位於近6個月價格區間的下三分之一。,22.227116
2026-07-17,,3227,low_6m,425.969495,,45.840000,47.670000,1.830000,3.992147,200,989924485.750000,-14.291459,-16.218985,-15.811239,False,False,原相,6個月相對低位,位於近6個月價格區間的下三分之一。,989.924486
2026-07-17,,3228,low_6m,192.856400,,24.220000,24.410000,0.190000,0.784476,400,85526337.700000,-12.121212,-10.506382,-17.670337,False,False,金麗科,6個月相對低位,位於近6個月價格區間的下三分之一。,85.526338
2026-07-17,,3231,low_6m,750.814616,,69.450000,66.480000,-2.970000,-4.276458,100,5292435206.100000,-11.325128,-7.078172,-5.141939,False,False,緯創,6個月相對低位,位於近6個月價格區間的下三分之一。,5292.435206
2026-07-17,,3257,low_6m,169.830906,,43.670000,43.770000,0.100000,0.228990,400,185014408.850000,-2.697842,-16.820418,-7.435181,False,False,虹冠電,6個月相對低位,位於近6個月價格區間的下三分之一。,185.014409
2026-07-17,,3293,low_6m,8672.627313,,63.070000,63.820000,0.750000,1.189155,100,1506611395.450000,-7.142480,-6.560787,-5.217284,False,False,鈊象,6個月相對低位,位於近6個月價格區間的下三分之一。,1506.611395
2026-07-17,,3294,low_6m,49.182958,,47.060000,47.080000,0.020000,0.042499,1000,64342243.700000,-20.300752,-15.329828,-12.755207,False,False,英濟,6個月相對低位,位於近6個月價格區間的下三分之一。,64.342244
2026-07-17,,3305,low_6m,359.646932,,52.630000,50.270000,-2.360000,-4.484135,200,359688335.700000,-21.874344,-15.561800,-16.845551,False,False,昇貿,6個月相對低位,位於近6個月價格區間的下三分之一。,359.688336
2026-07-17,,3321,low_6m,3.833436,,36.880000,37.360000,0.480000,1.301518,1000,27723437.700000,-20.253165,-19.049149,-4.275524,False,False,同泰,6個月相對低位,位於近6個月價格區間的下三分之一。,27.723438
2026-07-17,,3323,low_6m,82.087907,,14.420000,14.440000,0.020000,0.138696,1000,47903746.550000,-12.322946,-9.575634,-12.291888,False,False,加百裕,6個月相對低位,位於近6個月價格區間的下三分之一。,47.903747
2026-07-17,,3324,low_6m,1301.255619,,58.200000,53.380000,-4.820000,-8.281787,100,2046728247.550000,-13.047619,-6.765382,-12.278949,False,False,雙鴻,6個月相對低位,位於近6個月價格區間的下三分之一。,2046.728248
2026-07-17,,3339,low_6m,6.293642,,14.970000,17.000000,2.030000,13.560454,1000,73856489.800000,-25.206612,-12.849834,-24.189805,False,False,泰谷,6個月相對低位,位於近6個月價格區間的下三分之一。,73.856490
2026-07-17,,3363,low_6m,777.584551,,57.570000,56.160000,-1.410000,-2.449192,100,2109594913.900000,-26.423358,-16.139767,-32.295981,False,False,上詮,6個月相對低位,位於近6個月價格區間的下三分之一。,2109.594914
2026-07-17,,3372,low_6m,8.720599,,43.860000,43.640000,-0.220000,-0.501596,1000,39918278.250000,-14.824121,-15.545590,-15.436744,False,False,典範,6個月相對低位,位於近6個月價格區間的下三分之一。,39.918278
2026-07-17,,3376,low_6m,491.308799,,55.530000,51.840000,-3.690000,-6.645057,200,832543110.500000,-5.316456,-5.472008,-9.142441,False,False,新日興,6個月相對低位,位於近6個月價格區間的下三分之一。,832.543111
2026-07-17,,3380,low_6m,92.186449,,66.230000,65.390000,-0.840000,-1.268307,800,98728874.850000,-14.520123,-10.175669,-11.933129,False,False,明泰,6個月相對低位,位於近6個月價格區間的下三分之一。,98.728875
2026-07-17,,3388,low_6m,286.633094,,47.090000,46.930000,-0.160000,-0.339775,200,37889951.450000,-12.895826,-9.828286,-20.679027,False,False,崇越電,6個月相對低位,位於近6個月價格區間的下三分之一。,37.889951
2026-07-17,,3437,low_6m,22.107743,,19.150000,20.080000,0.930000,4.856397,1000,27571357.200000,-16.550117,-15.466352,-22.844828,False,False,榮創,6個月相對低位,位於近6個月價格區間的下三分之一。,27.571357
2026-07-17,,3483,low_6m,237.122846,,21.600000,22.650000,1.050000,4.861111,400,42868894.150000,-15.443593,-12.915962,-16.462271,False,False,力致,6個月相對低位,位於近6個月價格區間的下三分之一。,42.868894
2026-07-17,,3485,low_6m,238.500000,,52.450000,52.350000,-0.100000,-0.190658,400,127919801.650000,-21.803279,-17.223427,-20.645224,False,False,敘豐,6個月相對低位,位於近6個月價格區間的下三分之一。,127.919802
2026-07-17,,3490,low_6m,63.594630,,12.040000,12.070000,0.030000,0.249169,1000,23847132.400000,-16.081130,-12.384281,-16.787018,False,False,單井,6個月相對低位,位於近6個月價格區間的下三分之一。,23.847132
2026-07-17,,3501,low_6m,137.495859,,48.720000,45.290000,-3.430000,-7.040230,600,23640507.800000,-6.549708,-1.728061,-5.735690,False,False,維熹,6個月相對低位,位於近6個月價格區間的下三分之一。,23.640508
2026-07-17,,3504,low_6m,107.529102,,60.600000,61.840000,1.240000,2.046205,800,156513923.500000,-26.011561,-18.802334,-15.628502,False,False,揚明光,6個月相對低位,位於近6個月價格區間的下三分之一。,156.513924
2026-07-17,,3511,low_6m,40.621478,,52.390000,51.130000,-1.260000,-2.405039,1000,46670653.700000,-17.038540,-15.912829,-10.906186,False,False,矽瑪,6個月相對低位,位於近6個月價格區間的下三分之一。,46.670654
2026-07-17,,3515,low_6m,774.761073,,80.390000,78.410000,-1.980000,-2.462993,100,130129935.850000,-14.821808,-7.814145,-10.652737,False,False,華擎,6個月相對低位,位於近6個月價格區間的下三分之一。,130.129936
2026-07-17,,3528,low_6m,284.056159,,75.150000,71.850000,-3.300000,-4.391218,200,84501854.700000,-31.428571,-14.399266,-15.402175,False,False,安馳,6個月相對低位,位於近6個月價格區間的下三分之一。,84.501855
2026-07-17,,3529,low_6m,3092.893047,,74.140000,72.800000,-1.340000,-1.807391,100,1884787939.000000,-25.042135,-16.989307,-30.477147,False,False,力旺,6個月相對低位,位於近6個月價格區間的下三分之一。,1884.787939
2026-07-17,,3530,low_6m,63.830933,,53.750000,53.680000,-0.070000,-0.130233,1000,29464832.800000,-19.686467,-15.415102,-14.219466,False,False,晶相光,6個月相對低位,位於近6個月價格區間的下三分之一。,29.464833
2026-07-17,,3535,low_6m,175.818911,,29.500000,25.520000,-3.980000,-13.491525,400,177932455.400000,-31.821561,-17.820496,-25.058229,False,False,晶彩科,6個月相對低位,位於近6個月價格區間的下三分之一。,177.932455
2026-07-17,,3537,low_6m,199.296258,,33.010000,29.350000,-3.660000,-11.087549,400,238196073.000000,-30.061350,-22.221464,-12.978206,False,False,堡達,6個月相對低位,位於近6個月價格區間的下三分之一。,238.196073
2026-07-17,,3543,low_6m,38.408168,,33.090000,33.410000,0.320000,0.967060,1000,33647578.450000,-6.741573,-3.974878,-14.924154,False,False,州巧,6個月相對低位,位於近6個月價格區間的下三分之一。,33.647578
2026-07-17,,3545,low_6m,55.763922,,18.930000,17.960000,-0.970000,-5.124142,1000,95835028.700000,-14.762742,-13.923152,-13.446953,False,False,敦泰,6個月相對低位,位於近6個月價格區間的下三分之一。,95.835029
2026-07-17,,3548,low_6m,171.711551,,32.700000,33.410000,0.710000,2.171254,400,25679565.000000,-16.240267,-10.250298,-19.410652,False,False,兆利,6個月相對低位,位於近6個月價格區間的下三分之一。,25.679565
2026-07-17,,3581,low_6m,182.577884,,58.790000,57.790000,-1.000000,-1.700970,400,76092030.700000,-29.093221,-18.309664,-35.615917,False,False,博磊,6個月相對低位,位於近6個月價格區間的下三分之一。,76.092031
2026-07-17,,3587,low_6m,549.892244,,46.160000,44.570000,-1.590000,-3.444541,100,264152767.100000,-13.298791,-13.522825,-20.137876,False,False,閎康,6個月相對低位,位於近6個月價格區間的下三分之一。,264.152767
2026-07-17,,3588,low_6m,137.867996,,27.090000,26.800000,-0.290000,-1.070506,600,134048591.400000,-4.313725,-17.602909,-12.388768,False,False,通嘉,6個月相對低位,位於近6個月價格區間的下三分之一。,134.048591
2026-07-17,,3630,low_6m,29.136076,,51.090000,51.090000,0.000000,0.000000,1000,51180640.100000,-27.337110,-13.271344,-9.968410,False,False,新鉅科,6個月相對低位,位於近6個月價格區間的下三分之一。,51.180640
2026-07-17,,3645,low_6m,107.871223,,36.300000,37.110000,0.810000,2.231405,800,150550475.750000,-23.823133,-18.838039,-27.583198,False,False,達邁,6個月相對低位,位於近6個月價格區間的下三分之一。,150.550476
2026-07-17,,3652,low_6m,45.270013,,67.580000,67.580000,0.000000,0.000000,1000,36504782.850000,-19.119359,-18.040313,-10.463865,False,False,精聯,6個月相對低位,位於近6個月價格區間的下三分之一。,36.504783
2026-07-17,,3653,low_6m,7063.249383,,82.850000,82.720000,-0.130000,-0.156910,100,4178108034.750000,-19.548872,-5.858201,-16.012559,False,False,健策,6個月相對低位,位於近6個月價格區間的下三分之一。,4178.108035
2026-07-17,,3665,low_6m,3728.030080,,78.030000,77.550000,-0.480000,-0.615148,100,5644416086.000000,-14.830497,-8.050860,-20.264114,False,False,貿聯-KY,6個月相對低位,位於近6個月價格區間的下三分之一。,5644.416086
2026-07-17,,3689,low_6m,195.441151,,27.450000,29.320000,1.870000,6.812386,400,201631035.600000,-10.548523,-10.886927,-15.013029,False,False,湧德,6個月相對低位,位於近6個月價格區間的下三分之一。,201.631036
2026-07-17,,3701,low_6m,3.528893,,70.710000,71.190000,0.480000,0.678829,1000,40505614.250000,-17.386723,-10.878709,-26.636410,False,False,大眾控,6個月相對低位,位於近6個月價格區間的下三分之一。,40.505614
2026-07-17,,3708,low_6m,138.204011,,45.940000,44.400000,-1.540000,-3.352199,600,93038861.800000,-11.967480,-10.936021,-14.674777,False,False,上緯投控,6個月相對低位,位於近6個月價格區間的下三分之一。,93.038862
2026-07-17,,3712,low_6m,23.287987,,51.950000,54.420000,2.470000,4.754572,1000,23230624.350000,-7.541899,-6.444319,-8.942976,False,False,永崴投控,6個月相對低位,位於近6個月價格區間的下三分之一。,23.230624
2026-07-17,,3715,low_6m,135.210759,,31.780000,27.430000,-4.350000,-13.687854,600,1711860033.000000,-29.419192,-23.806381,-27.561577,False,False,定穎投控,6個月相對低位,位於近6個月價格區間的下三分之一。,1711.860033
2026-07-17,,4123,low_6m,325.099883,,62.140000,62.550000,0.410000,0.659800,200,94321534.200000,-0.403769,-3.039832,-3.312210,False,False,晟德,6個月相對低位,位於近6個月價格區間的下三分之一。,94.321534
2026-07-17,,4128,low_6m,32.839916,,39.490000,39.680000,0.190000,0.481134,1000,74820368.900000,4.745763,-3.977626,0.210799,False,False,中天,6個月相對低位,位於近6個月價格區間的下三分之一。,74.820369
2026-07-17,,4137,low_6m,199.533271,,54.110000,53.710000,-0.400000,-0.739235,400,28342023.250000,-4.609373,-2.809992,-2.265748,False,False,麗豐-KY,6個月相對低位,位於近6個月價格區間的下三分之一。,28.342023
2026-07-17,,4142,low_6m,16.954696,,32.920000,32.640000,-0.280000,-0.850547,1000,21831476.000000,-4.000000,-3.211868,-4.136947,False,False,國光生,6個月相對低位,位於近6個月價格區間的下三分之一。,21.831476
2026-07-17,,4164,low_6m,45.894547,,42.140000,41.640000,-0.500000,-1.186521,1000,21444699.850000,-8.995943,-6.538239,-5.347774,False,False,承業醫,6個月相對低位,位於近6個月價格區間的下三分之一。,21.444700
2026-07-17,,4174,low_6m,13.850000,,34.540000,35.570000,1.030000,2.982050,1000,22369869.650000,-1.247772,-4.301261,-8.626093,False,False,浩鼎,6個月相對低位,位於近6個月價格區間的下三分之一。,22.369870
2026-07-17,,4303,low_6m,53.691434,,13.710000,13.630000,-0.080000,-0.583516,1000,26615754.650000,-10.095643,-7.838118,-12.331606,False,False,信立,6個月相對低位,位於近6個月價格區間的下三分之一。,26.615755
2026-07-17,,4510,low_6m,67.420212,,29.650000,30.570000,0.920000,3.102867,1000,53551636.600000,-12.946429,-8.867858,-15.370705,False,False,高鋒,6個月相對低位,位於近6個月價格區間的下三分之一。,53.551637
2026-07-17,,4526,low_6m,89.372473,,44.070000,46.220000,2.150000,4.878602,800,213219636.500000,-15.891473,-16.425958,-15.127548,False,False,東台,6個月相對低位,位於近6個月價格區間的下三分之一。,213.219637
2026-07-17,,4532,low_6m,75.611482,,64.270000,65.470000,1.200000,1.867123,1000,106957224.600000,2.277433,-5.282332,0.974314,False,False,瑞智,6個月相對低位,位於近6個月價格區間的下三分之一。,106.957225
2026-07-17,,4533,low_6m,54.559442,,23.090000,23.350000,0.260000,1.126029,1000,47261627.600000,-13.043478,-10.398897,-14.972475,False,False,協易機,6個月相對低位,位於近6個月價格區間的下三分之一。,47.261628
2026-07-17,,4571,low_6m,197.172800,,66.120000,66.220000,0.100000,0.151240,400,51794302.300000,-12.391931,-9.344289,-16.767808,False,False,鈞興-KY,6個月相對低位,位於近6個月價格區間的下三分之一。,51.794302
2026-07-17,,4577,low_6m,78.168322,,56.510000,55.810000,-0.700000,-1.238719,1000,71104313.350000,-19.354839,-21.343896,-39.522226,False,False,達航科技,6個月相對低位,位於近6個月價格區間的下三分之一。,71.104313
2026-07-17,,4583,low_6m,628.987134,,92.890000,92.810000,-0.080000,-0.086123,100,54063582.500000,-10.828025,-7.468605,-17.151593,False,False,台灣精銳,6個月相對低位,位於近6個月價格區間的下三分之一。,54.063583
2026-07-17,,4585,low_6m,302.365136,,77.270000,76.500000,-0.770000,-0.996506,200,132623719.800000,-1.470588,-3.365385,-7.248111,False,False,達明,6個月相對低位,位於近6個月價格區間的下三分之一。,132.623720
2026-07-17,,4721,low_6m,176.017507,,39.340000,35.560000,-3.780000,-9.608541,400,128132733.550000,-24.500990,-16.739502,-17.663442,False,False,美琪瑪,6個月相對低位,位於近6個月價格區間的下三分之一。,128.132734
2026-07-17,,4739,low_6m,128.378608,,40.460000,37.520000,-2.940000,-7.266436,600,350076080.250000,-31.067861,-21.901843,-19.047659,False,False,康普,6個月相對低位,位於近6個月價格區間的下三分之一。,350.076080
2026-07-17,,4743,low_6m,87.053198,,41.250000,42.040000,0.790000,1.915152,1000,224671874.850000,2.208202,-5.827641,-5.122907,False,False,合一,6個月相對低位,位於近6個月價格區間的下三分之一。,224.671875
2026-07-17,,4746,low_6m,74.087963,,30.960000,32.280000,1.320000,4.263566,1000,43000424.150000,-0.383142,-2.557856,-1.942297,False,False,台耀,6個月相對低位,位於近6個月價格區間的下三分之一。,43.000424
2026-07-17,,4749,low_6m,811.886856,,52.070000,49.580000,-2.490000,-4.782024,100,986567688.450000,-15.212766,-10.740284,-18.663099,False,False,新應材,6個月相對低位,位於近6個月價格區間的下三分之一。,986.567688
2026-07-17,,4755,low_6m,207.729223,,71.240000,70.190000,-1.050000,-1.473891,400,68943445.250000,-11.730942,-6.306682,-9.701711,False,False,三福化,6個月相對低位,位於近6個月價格區間的下三分之一。,68.943445
2026-07-17,,4760,low_6m,359.827458,,52.190000,47.370000,-4.820000,-9.235486,200,302505507.500000,-32.065217,-22.785885,-23.753368,False,False,勤凱科技,6個月相對低位,位於近6個月價格區間的下三分之一。,302.505508
2026-07-17,,4768,low_6m,384.794096,,47.920000,48.180000,0.260000,0.542571,200,200659086.900000,-21.887287,-16.156714,-30.146700,False,False,晶呈科技,6個月相對低位,位於近6個月價格區間的下三分之一。,200.659087
2026-07-17,,4770,low_6m,252.107769,,62.930000,64.240000,1.310000,2.081678,400,71809970.700000,0.234192,-0.799629,-5.581293,False,False,上品,6個月相對低位,位於近6個月價格區間的下三分之一。,71.809971
2026-07-17,,4772,low_6m,250.360742,,48.980000,49.000000,0.020000,0.040833,400,209338558.200000,-11.697382,-8.889582,-14.645334,False,False,台特化,6個月相對低位,位於近6個月價格區間的下三分之一。,209.338558
2026-07-17,,4903,low_6m,29.127547,,38.830000,36.690000,-2.140000,-5.511203,1000,83766707.850000,-10.180412,-12.089298,-18.800847,False,False,聯光通,6個月相對低位,位於近6個月價格區間的下三分之一。,83.766708
2026-07-17,,4908,low_6m,424.236859,,59.290000,57.870000,-1.420000,-2.395008,200,348245098.500000,-28.497409,-21.945701,-33.910684,False,False,前鼎,6個月相對低位,位於近6個月價格區間的下三分之一。,348.245098
2026-07-17,,4909,low_6m,95.903792,,23.680000,23.030000,-0.650000,-2.744932,800,26716913.750000,-23.757455,-13.626126,-23.620793,False,False,新復興,6個月相對低位,位於近6個月價格區間的下三分之一。,26.716914
2026-07-17,,4912,low_6m,210.404086,,50.580000,51.440000,0.860000,1.700277,400,30685030.750000,-7.207207,-5.151079,-10.762189,False,False,聯德控股-KY,6個月相對低位,位於近6個月價格區間的下三分之一。,30.685031
2026-07-17,,4915,low_6m,129.675259,,63.650000,60.490000,-3.160000,-4.964650,600,346733950.600000,-8.904018,-4.468338,-5.656279,False,False,致伸,6個月相對低位,位於近6個月價格區間的下三分之一。,346.733951
2026-07-17,,4927,low_6m,64.499551,,20.050000,16.070000,-3.980000,-19.850374,1000,240208303.550000,-27.000000,-18.408405,-27.923777,False,False,泰鼎-KY,6個月相對低位,位於近6個月價格區間的下三分之一。,240.208304
2026-07-17,,4934,low_6m,10.404402,,29.530000,29.990000,0.460000,1.557738,1000,25035643.850000,-12.356322,-11.350094,-10.849126,False,False,太極,6個月相對低位,位於近6個月價格區間的下三分之一。,25.035644
2026-07-17,,4951,low_6m,92.439768,,12.900000,12.900000,0.000000,0.000000,800,49991627.250000,-18.969072,-15.483871,-25.532888,False,False,精拓科,6個月相對低位,位於近6個月價格區間的下三分之一。,49.991627
2026-07-17,,4956,low_6m,34.940249,,33.130000,32.450000,-0.680000,-2.052520,1000,90826579.000000,-23.186528,-20.327825,-30.014359,False,False,光鋐,6個月相對低位,位於近6個月價格區間的下三分之一。,90.826579
2026-07-17,,4960,low_6m,30.317082,,57.180000,57.420000,0.240000,0.419727,1000,119522695.300000,-26.575809,-15.290881,-32.578997,False,False,誠美材,6個月相對低位,位於近6個月價格區間的下三分之一。,119.522695
2026-07-17,,4966,low_6m,1097.043512,,60.120000,54.770000,-5.350000,-8.898869,100,1102740158.150000,-13.333333,-9.337466,-15.102554,False,False,譜瑞-KY,6個月相對低位,位於近6個月價格區間的下三分之一。,1102.740158
2026-07-17,,4967,low_6m,200.021656,,21.850000,20.500000,-1.350000,-6.178490,400,960650871.200000,-24.000000,-17.121047,-22.702336,False,False,十銓,6個月相對低位,位於近6個月價格區間的下三分之一。,960.650871
2026-07-17,,4968,low_6m,188.966687,,17.320000,18.950000,1.630000,9.411085,400,120630166.350000,-6.144781,-10.263736,-11.699604,False,False,立積,6個月相對低位,位於近6個月價格區間的下三分之一。,120.630166
2026-07-17,,4971,low_6m,487.139348,,47.950000,58.310000,10.360000,21.605839,200,459181401.550000,-28.707224,-20.567676,-40.397351,False,False,IET-KY,6個月相對低位,位於近6個月價格區間的下三分之一。,459.181402
2026-07-17,,4977,low_6m,267.962894,,24.440000,28.670000,4.230000,17.307692,200,292287983.400000,-27.374302,-19.691120,-33.518246,False,False,眾達-KY,6個月相對低位,位於近6個月價格區間的下三分之一。,292.287983
2026-07-17,,4979,low_6m,601.165238,,50.940000,46.770000,-4.170000,-8.186101,100,3049866414.600000,-34.485818,-21.490710,-35.122487,False,False,華星光,6個月相對低位,位於近6個月價格區間的下三分之一。,3049.866415
2026-07-17,,4991,low_6m,614.460658,,68.520000,64.990000,-3.530000,-5.151781,100,1453924087.500000,-35.714286,-27.598170,-41.443578,False,False,環宇-KY,6個月相對低位,位於近6個月價格區間的下三分之一。,1453.924088
2026-07-17,,5222,low_6m,170.266721,,32.330000,32.170000,-0.160000,-0.494896,400,86865789.450000,0.877193,-6.084116,-8.061292,False,False,全訊,6個月相對低位,位於近6個月價格區間的下三分之一。,86.865789
2026-07-17,,5230,low_6m,44.085909,,10.330000,10.270000,-0.060000,-0.580833,1000,33981513.900000,-12.862998,-11.985428,-0.531772,False,False,雷笛克光學,6個月相對低位,位於近6個月價格區間的下三分之一。,33.981514
2026-07-17,,5234,low_6m,774.523953,,78.670000,78.280000,-0.390000,-0.495742,100,171821063.800000,-10.065359,-10.416667,-14.782932,False,False,達興材料,6個月相對低位,位於近6個月價格區間的下三分之一。,171.821064
2026-07-17,,5243,low_6m,147.086809,,57.320000,54.380000,-2.940000,-5.129100,600,218421069.950000,-17.870370,-11.578528,-18.406770,False,False,乙盛-KY,6個月相對低位,位於近6個月價格區間的下三分之一。,218.421070
2026-07-17,,5258,low_6m,65.664751,,36.100000,37.780000,1.680000,4.653740,1000,30762427.300000,0.793651,-0.450715,-1.518578,False,False,虹堡,6個月相對低位,位於近6個月價格區間的下三分之一。,30.762427
2026-07-17,,5284,low_6m,441.259598,,66.580000,64.790000,-1.790000,-2.688495,200,219271889.750000,-28.032544,-20.301063,-24.361412,False,False,jpp-KY,6個月相對低位,位於近6個月價格區間的下三分之一。,219.271890
2026-07-17,,5292,low_6m,241.018051,,53.030000,50.600000,-2.430000,-4.582312,400,40553349.650000,-16.589568,-12.396604,-15.726693,False,False,華懋,6個月相對低位,位於近6個月價格區間的下三分之一。,40.553350
2026-07-17,,5302,low_6m,11.000000,,46.180000,46.500000,0.320000,0.692941,1000,34812166.900000,-12.000000,-15.514593,-5.875642,False,False,太欣,6個月相對低位,位於近6個月價格區間的下三分之一。,34.812167
2026-07-17,,5309,low_6m,39.556518,,33.170000,28.690000,-4.480000,-13.506180,1000,318246360.550000,-21.386431,-16.062992,-19.127672,False,False,系統電,6個月相對低位,位於近6個月價格區間的下三分之一。,318.246361
2026-07-17,,5314,low_6m,227.104646,,45.810000,40.550000,-5.260000,-11.482209,400,676397265.250000,4.225352,-7.202759,-9.923664,False,False,世紀*,6個月相對低位,位於近6個月價格區間的下三分之一。,676.397265
2026-07-17,,5340,low_6m,71.800037,,53.320000,53.420000,0.100000,0.187547,1000,150519895.650000,-19.134396,-18.759654,-27.521952,False,False,建榮,6個月相對低位,位於近6個月價格區間的下三分之一。,150.519896
2026-07-17,,5381,low_6m,7.911988,,48.140000,48.710000,0.570000,1.184047,1000,48400617.900000,-13.949275,-14.866924,-11.600496,False,False,光譜,6個月相對低位,位於近6個月價格區間的下三分之一。,48.400618
2026-07-17,,5432,low_6m,8.640256,,51.400000,51.400000,0.000000,0.000000,1000,36917961.700000,-11.827957,-17.036357,-13.268738,False,False,新門,6個月相對低位,位於近6個月價格區間的下三分之一。,36.917962
2026-07-17,,5439,low_6m,811.381576,,59.410000,57.120000,-2.290000,-3.854570,100,764507010.600000,-19.010819,-17.616540,-26.524889,False,False,高技,6個月相對低位,位於近6個月價格區間的下三分之一。,764.507011
2026-07-17,,5443,low_6m,161.530449,,39.780000,39.500000,-0.280000,-0.703871,400,358607409.700000,-6.507177,-10.812908,-14.747971,False,False,均豪,6個月相對低位,位於近6個月價格區間的下三分之一。,358.607410
2026-07-17,,5452,low_6m,47.047940,,38.810000,38.500000,-0.310000,-0.798763,1000,88405605.450000,-18.283487,-16.193088,-17.268512,False,False,佶優,6個月相對低位,位於近6個月價格區間的下三分之一。,88.405605
2026-07-17,,5457,low_6m,20.583838,,49.620000,48.770000,-0.850000,-1.713019,1000,33529372.350000,-19.319728,-12.523971,-11.928513,False,False,宣德,6個月相對低位,位於近6個月價格區間的下三分之一。,33.529372
2026-07-17,,5469,low_6m,235.713769,,71.670000,71.790000,0.120000,0.167434,400,537795850.850000,-19.054543,-16.816160,-16.918239,False,False,瀚宇博,6個月相對低位,位於近6個月價格區間的下三分之一。,537.795851
2026-07-17,,5474,low_6m,383.363174,,59.820000,59.610000,-0.210000,-0.351053,200,57331801.650000,-18.218569,-11.505134,-11.237541,False,False,聰泰,6個月相對低位,位於近6個月價格區間的下三分之一。,57.331802
2026-07-17,,5475,low_6m,89.951907,,35.200000,34.610000,-0.590000,-1.676136,800,571088344.950000,-31.154684,-29.369692,-42.905324,False,False,德宏,6個月相對低位,位於近6個月價格區間的下三分之一。,571.088345
2026-07-17,,5489,low_6m,134.747781,,82.700000,82.630000,-0.070000,-0.084643,600,33869886.500000,9.080189,-20.330735,0.387078,False,False,彩富,6個月相對低位,位於近6個月價格區間的下三分之一。,33.869886
2026-07-17,,5493,low_6m,253.803063,,44.790000,43.880000,-0.910000,-2.031704,400,21188629.350000,-8.896632,-8.952360,-9.659536,False,False,三聯,6個月相對低位,位於近6個月價格區間的下三分之一。,21.188629
2026-07-17,,5498,low_6m,55.978727,,30.250000,29.670000,-0.580000,-1.917355,1000,192392115.350000,-26.129518,-18.287452,-25.332048,False,False,凱崴,6個月相對低位,位於近6個月價格區間的下三分之一。,192.392115
2026-07-17,,5521,low_6m,15.177434,,52.180000,52.070000,-0.110000,-0.210809,1000,37862800.000000,-4.700251,-2.826442,-5.242437,False,False,工信,6個月相對低位,位於近6個月價格區間的下三分之一。,37.862800
2026-07-17,,5530,low_6m,72.759672,,79.810000,79.450000,-0.360000,-0.451071,1000,21339481.100000,-3.009027,-0.376037,1.029097,False,False,龍巖,6個月相對低位,位於近6個月價格區間的下三分之一。,21.339481
2026-07-17,,6101,low_6m,9.786244,,80.120000,78.500000,-1.620000,-2.021967,1000,44897213.950000,-5.555556,-11.077531,-6.209771,False,False,寬魚國際,6個月相對低位,位於近6個月價格區間的下三分之一。,44.897214
2026-07-17,,6104,low_6m,181.350072,,18.930000,19.750000,0.820000,4.331749,400,222863326.750000,-10.447761,-11.591356,-10.474485,False,False,創惟,6個月相對低位,位於近6個月價格區間的下三分之一。,222.863327
2026-07-17,,6112,low_6m,685.804303,,63.530000,63.330000,-0.200000,-0.314812,100,24849054.850000,-4.674787,-2.262875,-3.818144,False,False,邁達特,6個月相對低位,位於近6個月價格區間的下三分之一。,24.849055
2026-07-17,,6117,low_6m,95.135230,,50.960000,50.960000,0.000000,0.000000,800,21350072.600000,-12.317881,-8.424402,-16.907242,False,False,迎廣,6個月相對低位,位於近6個月價格區間的下三分之一。,21.350073
2026-07-17,,6120,low_6m,21.500355,,56.890000,56.370000,-0.520000,-0.914045,1000,50417622.500000,-8.687259,-7.368421,-4.008968,False,False,達運,6個月相對低位,位於近6個月價格區間的下三分之一。,50.417623
2026-07-17,,6122,low_6m,117.994618,,28.290000,29.690000,1.400000,4.948745,600,29253515.050000,7.889126,1.606426,4.050997,False,False,擎邦,6個月相對低位,位於近6個月價格區間的下三分之一。,29.253515
2026-07-17,,6125,low_6m,132.447350,,34.660000,34.200000,-0.460000,-1.327178,600,84799284.400000,-16.803954,-13.475542,-15.683437,False,False,廣運,6個月相對低位,位於近6個月價格區間的下三分之一。,84.799284
2026-07-17,,6126,low_6m,104.608218,,33.090000,32.180000,-0.910000,-2.750076,800,63083827.650000,-24.133663,-14.421332,-14.239746,False,False,信音,6個月相對低位,位於近6個月價格區間的下三分之一。,63.083828
2026-07-17,,6129,low_6m,19.683888,,13.430000,14.440000,1.010000,7.520477,1000,49701863.200000,-4.658385,-15.496835,-8.784788,False,False,普誠,6個月相對低位,位於近6個月價格區間的下三分之一。,49.701863
2026-07-17,,6133,low_6m,40.105532,,44.220000,42.890000,-1.330000,-3.007689,1000,81983580.400000,-9.656652,-11.162693,-9.002486,False,False,金橋,6個月相對低位,位於近6個月價格區間的下三分之一。,81.983580
2026-07-17,,6134,low_6m,31.582231,,46.710000,46.560000,-0.150000,-0.321130,1000,27290269.500000,-26.056338,-19.255614,-20.170303,False,False,萬旭,6個月相對低位,位於近6個月價格區間的下三分之一。,27.290270
2026-07-17,,6153,low_6m,26.914332,,43.840000,42.360000,-1.480000,-3.375912,1000,231963846.550000,-30.532787,-18.421369,-13.604893,False,False,嘉聯益,6個月相對低位,位於近6個月價格區間的下三分之一。,231.963847
2026-07-17,,6163,low_6m,71.085270,,37.780000,37.250000,-0.530000,-1.402859,1000,72067444.100000,-20.512821,-15.131094,-23.324507,False,False,華電網,6個月相對低位,位於近6個月價格區間的下三分之一。,72.067444
2026-07-17,,6164,low_6m,24.299171,,13.000000,13.990000,0.990000,7.615385,1000,41679207.600000,-6.250000,-9.734513,-1.860167,False,False,華興,6個月相對低位,位於近6個月價格區間的下三分之一。,41.679208
2026-07-17,,6176,low_6m,372.785025,,55.960000,53.230000,-2.730000,-4.878485,200,613950512.450000,-4.195011,-5.008150,-11.073082,False,False,瑞儀,6個月相對低位,位於近6個月價格區間的下三分之一。,613.950512
2026-07-17,,6179,low_6m,21.770859,,29.540000,31.560000,2.020000,6.838186,1000,65995712.000000,-3.313840,-7.376284,-0.941983,False,False,亞通,6個月相對低位,位於近6個月價格區間的下三分之一。,65.995712
2026-07-17,,6186,low_6m,44.794086,,46.620000,46.480000,-0.140000,-0.300300,1000,37886658.700000,1.075269,-0.123960,3.492568,False,False,新潤,6個月相對低位,位於近6個月價格區間的下三分之一。,37.886659
2026-07-17,,6188,low_6m,206.023831,,43.980000,42.420000,-1.560000,-3.547067,400,146282330.650000,-12.090680,-9.497569,-14.399591,False,False,廣明,6個月相對低位,位於近6個月價格區間的下三分之一。,146.282331
2026-07-17,,6191,low_6m,238.153303,,55.450000,58.040000,2.590000,4.670875,400,1435117700.750000,-8.634951,-10.585809,-8.156391,False,False,精成科,6個月相對低位,位於近6個月價格區間的下三分之一。,1435.117701
2026-07-17,,6204,low_6m,242.626357,,29.710000,29.710000,0.000000,0.000000,400,85989278.250000,-28.638498,-30.124581,-19.610747,False,False,艾華,6個月相對低位,位於近6個月價格區間的下三分之一。,85.989278
2026-07-17,,6205,low_6m,157.091948,,43.700000,41.170000,-2.530000,-5.789474,600,67623783.700000,-22.952120,-16.052027,-22.035420,False,False,詮欣,6個月相對低位,位於近6個月價格區間的下三分之一。,67.623784
2026-07-17,,6215,low_6m,203.366650,,32.530000,32.690000,0.160000,0.491854,400,199922317.050000,-4.848512,-6.864519,-11.595466,False,False,和椿,6個月相對低位,位於近6個月價格區間的下三分之一。,199.922317
2026-07-17,,6231,low_6m,542.702128,,47.450000,47.610000,0.160000,0.337197,100,177222377.050000,-14.471243,-16.704309,-21.288523,False,False,系微,6個月相對低位,位於近6個月價格區間的下三分之一。,177.222377
2026-07-17,,6234,low_6m,78.754201,,49.620000,49.620000,0.000000,0.000000,1000,90650949.050000,-15.807560,-18.887601,-23.416227,False,False,高僑,6個月相對低位,位於近6個月價格區間的下三分之一。,90.650949
2026-07-17,,6235,low_6m,28.514637,,36.430000,36.400000,-0.030000,-0.082350,1000,68357502.450000,-2.453988,-4.515974,-6.052429,False,False,華孚,6個月相對低位,位於近6個月價格區間的下三分之一。,68.357502
2026-07-17,,6237,low_6m,53.692076,,15.660000,12.700000,-2.960000,-18.901660,1000,26922797.300000,-21.644338,-17.857440,-20.502237,False,False,驊訊,6個月相對低位,位於近6個月價格區間的下三分之一。,26.922797
2026-07-17,,6261,low_6m,308.363992,,43.510000,44.460000,0.950000,2.183406,200,99690695.700000,-11.122881,-10.176115,-18.946335,False,False,久元,6個月相對低位,位於近6個月價格區間的下三分之一。,99.690696
2026-07-17,,6269,low_6m,187.939960,,37.400000,30.300000,-7.100000,-18.983957,400,660188619.450000,-29.662078,-18.016047,-15.482367,False,False,台郡,6個月相對低位,位於近6個月價格區間的下三分之一。,660.188619
2026-07-17,,6275,low_6m,75.638151,,23.420000,23.410000,-0.010000,-0.042699,1000,44520221.100000,-4.135737,-7.679739,-9.093956,False,False,元山,6個月相對低位,位於近6個月價格區間的下三分之一。,44.520221
2026-07-17,,6282,low_6m,140.210448,,46.070000,41.650000,-4.420000,-9.594096,600,1737544113.050000,-14.982578,-15.034387,-12.871405,False,False,康舒,6個月相對低位,位於近6個月價格區間的下三分之一。,1737.544113
2026-07-17,,6284,low_6m,152.429021,,50.780000,45.610000,-5.170000,-10.181174,600,410335669.450000,-23.096982,-16.826544,-13.777038,False,False,佳邦,6個月相對低位,位於近6個月價格區間的下三分之一。,410.335669
2026-07-17,,6405,low_6m,62.885909,,38.400000,36.710000,-1.690000,-4.401042,1000,97165085.650000,-32.307692,-25.505799,-27.733600,False,False,悅城,6個月相對低位,位於近6個月價格區間的下三分之一。,97.165086
2026-07-17,,6411,low_6m,156.556442,,28.730000,29.640000,0.910000,3.167421,600,177549959.650000,-15.432099,-16.036772,-11.099895,False,False,晶焱,6個月相對低位,位於近6個月價格區間的下三分之一。,177.549960
2026-07-17,,6412,low_6m,160.847672,,80.720000,79.410000,-1.310000,-1.622894,400,239313326.400000,-14.702703,-12.880252,-11.851413,False,False,群電,6個月相對低位,位於近6個月價格區間的下三分之一。,239.313326
2026-07-17,,6425,low_6m,75.382619,,34.030000,34.090000,0.060000,0.176315,1000,42241966.500000,-21.289762,-14.917398,-24.594201,False,False,易發,6個月相對低位,位於近6個月價格區間的下三分之一。,42.241966
2026-07-17,,6438,low_6m,222.935293,,32.100000,33.300000,1.200000,3.738318,400,131962827.150000,-3.973510,-6.602254,-9.996449,False,False,迅得,6個月相對低位,位於近6個月價格區間的下三分之一。,131.962827
2026-07-17,,6442,low_6m,1989.872982,,70.700000,69.470000,-1.230000,-1.739745,100,3627778920.500000,-28.612442,-19.340474,-28.755620,False,False,光聖,6個月相對低位,位於近6個月價格區間的下三分之一。,3627.778920
2026-07-17,,6443,low_6m,20.049724,,15.760000,14.020000,-1.740000,-11.040609,1000,260017318.650000,-26.387176,-11.751663,-20.885237,False,False,元晶,6個月相對低位,位於近6個月價格區間的下三分之一。,260.017319
2026-07-17,,6462,low_6m,141.479969,,27.010000,27.780000,0.770000,2.850796,600,192415654.200000,-11.822222,-13.161465,-18.607354,False,False,神盾,6個月相對低位,位於近6個月價格區間的下三分之一。,192.415654
2026-07-17,,6469,low_6m,416.938323,,52.060000,52.930000,0.870000,1.671149,200,29526409.750000,4.289544,2.341489,3.814078,False,False,大樹,6個月相對低位,位於近6個月價格區間的下三分之一。,29.526410
2026-07-17,,6472,low_6m,1611.121451,,62.230000,61.810000,-0.420000,-0.674916,100,613069195.150000,-4.000000,-6.746733,-0.952540,False,False,保瑞,6個月相對低位,位於近6個月價格區間的下三分之一。,613.069195
2026-07-17,,6485,low_6m,126.480804,,24.660000,22.130000,-2.530000,-10.259530,600,45431670.850000,-26.487093,-18.048170,-27.521531,False,False,點序,6個月相對低位,位於近6個月價格區間的下三分之一。,45.431671
2026-07-17,,6498,low_6m,87.270408,,56.920000,56.410000,-0.510000,-0.895994,1000,20938315.900000,-22.576936,-11.266084,-13.313259,False,False,久禾光,6個月相對低位,位於近6個月價格區間的下三分之一。,20.938316
2026-07-17,,6499,low_6m,100.840548,,37.040000,37.730000,0.690000,1.862851,800,22406401.950000,-11.748634,-8.524497,-18.212319,False,False,益安,6個月相對低位,位於近6個月價格區間的下三分之一。,22.406402
2026-07-17,,6510,low_6m,3023.655016,,72.020000,74.260000,2.240000,3.110247,100,1599938979.500000,-26.589671,-16.294491,-23.638801,False,False,精測,6個月相對低位,位於近6個月價格區間的下三分之一。,1599.938979
2026-07-17,,6530,low_6m,103.267872,,11.660000,11.330000,-0.330000,-2.830189,800,56533981.550000,-26.192361,-18.676962,-30.690388,False,False,創威,6個月相對低位,位於近6個月價格區間的下三分之一。,56.533982
2026-07-17,,6532,low_6m,104.526671,,18.460000,18.460000,0.000000,0.000000,800,35409036.050000,-20.885358,-17.694987,-24.332859,False,False,瑞耘,6個月相對低位,位於近6個月價格區間的下三分之一。,35.409036
2026-07-17,,6535,low_6m,90.200000,,59.030000,58.810000,-0.220000,-0.372692,800,24638250.050000,-13.269231,-9.501354,-22.379668,False,False,順藥,6個月相對低位,位於近6個月價格區間的下三分之一。,24.638250
2026-07-17,,6541,low_6m,12.811480,,65.720000,65.230000,-0.490000,-0.745587,1000,24147729.450000,-5.067985,-5.905415,-4.221488,False,False,泰福-KY,6個月相對低位,位於近6個月價格區間的下三分之一。,24.147729
2026-07-17,,6546,low_6m,74.542100,,29.910000,29.910000,0.000000,0.000000,1000,23706851.600000,-16.240945,-11.063820,-12.987346,False,False,正基,6個月相對低位,位於近6個月價格區間的下三分之一。,23.706852
2026-07-17,,6561,low_6m,457.778540,,75.650000,75.680000,0.030000,0.039656,200,34208469.850000,-4.059516,-3.113927,-5.884127,False,False,是方,6個月相對低位,位於近6個月價格區間的下三分之一。,34.208470
2026-07-17,,6568,low_6m,220.330390,,40.510000,40.470000,-0.040000,-0.098741,400,31091685.800000,-19.770774,-13.540219,-30.121553,False,False,宏觀,6個月相對低位,位於近6個月價格區間的下三分之一。,31.091686
2026-07-17,,6588,low_6m,76.543020,,21.160000,18.130000,-3.030000,-14.319471,1000,46163711.200000,-33.703704,-18.082490,-36.655854,False,False,東典光電,6個月相對低位,位於近6個月價格區間的下三分之一。,46.163711
2026-07-17,,6589,low_6m,44.850000,,49.200000,49.840000,0.640000,1.300813,1000,65653916.850000,-1.320132,-6.338102,-1.666301,False,False,台康生技,6個月相對低位,位於近6個月價格區間的下三分之一。,65.653917
2026-07-17,,6603,low_6m,53.721784,,38.790000,39.390000,0.600000,1.546790,1000,51491849.550000,7.500000,-4.231626,-1.693858,False,False,富強鑫,6個月相對低位,位於近6個月價格區間的下三分之一。,51.491850
2026-07-17,,6605,low_6m,322.415370,,70.980000,69.880000,-1.100000,-1.549732,200,94458759.000000,-4.858617,-0.832065,0.398750,False,False,帝寶,6個月相對低位,位於近6個月價格區間的下三分之一。,94.458759
2026-07-17,,6640,low_6m,1313.257740,,75.430000,73.730000,-1.700000,-2.253745,100,320745899.950000,-13.640553,-9.778056,-23.182076,False,False,均華,6個月相對低位,位於近6個月價格區間的下三分之一。,320.745900
2026-07-17,,6643,low_6m,578.838928,,46.850000,45.840000,-1.010000,-2.155816,100,217991729.000000,-18.860104,-15.955563,-27.212444,False,False,M31,6個月相對低位,位於近6個月價格區間的下三分之一。,217.991729
2026-07-17,,6667,low_6m,340.522334,,52.380000,52.410000,0.030000,0.057274,200,143909956.550000,-9.053585,-8.071009,-6.152827,False,False,信紘科,6個月相對低位,位於近6個月價格區間的下三分之一。,143.909957
2026-07-17,,6668,low_6m,36.326694,,51.970000,51.500000,-0.470000,-0.904368,1000,47889437.150000,-25.027086,-11.880810,-10.067579,False,False,中揚光,6個月相對低位,位於近6個月價格區間的下三分之一。,47.889437
2026-07-17,,6679,low_6m,260.730120,,58.970000,58.070000,-0.900000,-1.526200,400,74129284.700000,-19.337017,-15.971223,-22.833685,False,False,鈺太,6個月相對低位,位於近6個月價格區間的下三分之一。,74.129285
2026-07-17,,6706,low_6m,132.633188,,25.590000,21.000000,-4.590000,-17.936694,600,285599387.600000,-33.832335,-23.529412,-31.933679,False,False,惠特,6個月相對低位,位於近6個月價格區間的下三分之一。,285.599388
2026-07-17,,6735,low_6m,89.961357,,37.630000,37.630000,0.000000,0.000000,800,28133047.000000,-23.634337,-19.264541,-33.993929,False,False,美達科技,6個月相對低位,位於近6個月價格區間的下三分之一。,28.133047
2026-07-17,,6741,low_6m,61.012822,,59.160000,58.770000,-0.390000,-0.659229,1000,21011059.650000,-6.435644,-6.265498,-7.225234,False,False,91APP*-KY,6個月相對低位,位於近6個月價格區間的下三分之一。,21.011060
2026-07-17,,6742,low_6m,47.711218,,27.960000,25.920000,-2.040000,-7.296137,1000,236167690.350000,-31.259259,-25.203514,-14.795942,False,False,澤米,6個月相對低位,位於近6個月價格區間的下三分之一。,236.167690
2026-07-17,,6761,low_6m,208.137292,,39.330000,39.760000,0.430000,1.093313,400,116720913.350000,-19.473684,-18.443497,-22.983347,False,False,穩得,6個月相對低位,位於近6個月價格區間的下三分之一。,116.720913
2026-07-17,,6763,low_6m,524.969537,,64.530000,63.260000,-1.270000,-1.968077,200,24906857.100000,-7.788911,-5.520541,-5.844800,False,False,綠界科技*,6個月相對低位,位於近6個月價格區間的下三分之一。,24.906857
2026-07-17,,6768,low_6m,96.881343,,80.600000,79.350000,-1.250000,-1.550868,800,32853437.200000,-13.466956,-6.367449,-11.147304,False,False,志強-KY,6個月相對低位,位於近6個月價格區間的下三分之一。,32.853437
2026-07-17,,6781,low_6m,1052.360577,,76.650000,75.330000,-1.320000,-1.722114,100,1422869310.000000,-16.870761,-14.973928,-15.863199,False,False,AES-KY,6個月相對低位,位於近6個月價格區間的下三分之一。,1422.869310
2026-07-17,,6788,low_6m,437.621045,,33.070000,31.040000,-2.030000,-6.138494,200,369921593.650000,-19.770115,-16.616892,-17.278483,False,False,華景電,6個月相對低位,位於近6個月價格區間的下三分之一。,369.921594
2026-07-17,,6799,low_6m,89.760997,,25.100000,27.140000,2.040000,8.127490,800,96501802.300000,-9.570957,-17.228879,-14.432936,False,False,來頡,6個月相對低位,位於近6個月價格區間的下三分之一。,96.501802
2026-07-17,,6803,low_6m,662.779979,,61.000000,60.520000,-0.480000,-0.786885,100,39007838.600000,-0.101716,-1.102107,-0.854896,False,False,崑鼎,6個月相對低位,位於近6個月價格區間的下三分之一。,39.007839
2026-07-17,,6805,low_6m,1367.132778,,75.920000,75.050000,-0.870000,-1.145943,100,1824829509.750000,-21.574344,-14.981037,-24.860335,False,False,富世達,6個月相對低位,位於近6個月價格區間的下三分之一。,1824.829510
2026-07-17,,6821,low_6m,47.527652,,39.490000,38.850000,-0.640000,-1.620663,1000,67463924.550000,-28.536585,-23.697917,-25.592355,False,False,聯寶,6個月相對低位,位於近6個月價格區間的下三分之一。,67.463925
2026-07-17,,6830,low_6m,385.337654,,43.470000,42.700000,-0.770000,-1.771337,200,496752650.550000,-30.116959,-22.707918,-42.734679,False,False,汎銓,6個月相對低位,位於近6個月價格區間的下三分之一。,496.752651
2026-07-17,,6841,low_6m,62.578741,,38.380000,37.030000,-1.350000,-3.517457,1000,49691864.300000,-2.970297,-5.557340,-2.051344,False,False,長佳智能,6個月相對低位,位於近6個月價格區間的下三分之一。,49.691864
2026-07-17,,6854,low_6m,103.000000,,57.830000,57.320000,-0.510000,-0.881895,800,44948438.050000,-20.769231,-13.354364,-26.111908,False,False,錼創科技-KY創,6個月相對低位,位於近6個月價格區間的下三分之一。,44.948438
2026-07-17,,6862,low_6m,165.051272,,69.710000,69.720000,0.010000,0.014345,400,190131677.500000,-23.461195,-17.220848,-15.003821,False,False,三集瑞-KY,6個月相對低位,位於近6個月價格區間的下三分之一。,190.131677
2026-07-17,,6869,low_6m,71.520784,,44.690000,44.440000,-0.250000,-0.559409,1000,45879240.850000,-14.800515,-8.202177,-16.547609,False,False,雲豹能源,6個月相對低位,位於近6個月價格區間的下三分之一。,45.879241
2026-07-17,,6873,low_6m,104.243406,,53.780000,54.350000,0.570000,1.059874,800,38820848.600000,4.896907,-3.331156,-6.141902,False,False,泓德能源,6個月相對低位,位於近6個月價格區間的下三分之一。,38.820849
2026-07-17,,6890,low_6m,189.422701,,92.460000,92.770000,0.310000,0.335280,400,121756060.950000,-20.656336,-13.500157,-6.904695,False,False,來億-KY,6個月相對低位,位於近6個月價格區間的下三分之一。,121.756061
2026-07-17,,6909,low_6m,45.732542,,21.850000,21.500000,-0.350000,-1.601831,1000,103535901.300000,-5.183585,-18.973791,-17.259176,False,False,創控,6個月相對低位,位於近6個月價格區間的下三分之一。,103.535901
2026-07-17,,6919,low_6m,1035.000000,,82.440000,83.050000,0.610000,0.739932,100,1121551678.450000,4.439960,-1.202749,2.340145,False,False,康霈*,6個月相對低位,位於近6個月價格區間的下三分之一。,1121.551678
2026-07-17,,6922,low_6m,185.522045,,62.970000,62.970000,0.000000,0.000000,400,27380419.350000,-9.602033,-5.924855,-7.792499,False,False,宸曜,6個月相對低位,位於近6個月價格區間的下三分之一。,27.380419
2026-07-17,,6945,low_6m,99.000000,,57.360000,57.060000,-0.300000,-0.523013,800,50035895.500000,0.507614,-4.578313,-3.960661,False,False,圓祥生技,6個月相對低位,位於近6個月價格區間的下三分之一。,50.035896
2026-07-17,,6962,low_6m,33.758468,,46.700000,46.770000,0.070000,0.149893,1000,148740174.850000,-15.823606,-12.979351,-12.506179,False,False,奕力-KY,6個月相對低位,位於近6個月價格區間的下三分之一。,148.740175
2026-07-17,,6983,low_6m,333.000000,,54.000000,54.050000,0.050000,0.092593,200,24338219.450000,-1.333333,-6.898721,-8.304348,False,False,華洋精機,6個月相對低位,位於近6個月價格區間的下三分之一。,24.338219
2026-07-17,,6994,low_6m,39.888821,,56.830000,38.040000,-18.790000,-33.063523,1000,84860929.000000,-27.879342,-12.995534,-28.981833,False,False,富威電力,6個月相對低位,位於近6個月價格區間的下三分之一。,84.860929
2026-07-17,,7703,low_6m,200.502852,,60.980000,57.750000,-3.230000,-5.296819,400,40796631.400000,-9.489051,-7.382049,-7.670176,False,False,銳澤,6個月相對低位,位於近6個月價格區間的下三分之一。,40.796631
2026-07-17,,7717,low_6m,441.100101,,61.920000,61.830000,-0.090000,-0.145349,200,144989257.800000,-19.212436,-5.634909,-26.329423,False,False,萊德光電-KY,6個月相對低位,位於近6個月價格區間的下三分之一。,144.989258
2026-07-17,,7722,low_6m,301.858519,,85.580000,85.790000,0.210000,0.245384,200,69814958.500000,-5.956113,-4.920371,1.806773,False,False,LINEPAY,6個月相對低位,位於近6個月價格區間的下三分之一。,69.814959
2026-07-17,,7728,low_6m,663.290274,,67.300000,67.980000,0.680000,1.010401,100,23772059.550000,-8.540494,-4.404386,-9.526296,False,False,光焱科技,6個月相對低位,位於近6個月價格區間的下三分之一。,23.772060
2026-07-17,,7740,low_6m,153.000000,,59.720000,59.110000,-0.610000,-1.021433,600,37345548.250000,-6.134969,0.757326,-8.515621,False,False,熙特爾-創,6個月相對低位,位於近6個月價格區間的下三分之一。,37.345548
2026-07-17,,7749,low_6m,366.730867,,59.820000,58.720000,-1.100000,-1.838850,200,111339632.300000,-24.463261,-13.949464,-21.298494,False,False,意騰-KY,6個月相對低位,位於近6個月價格區間的下三分之一。,111.339632
2026-07-17,,7751,low_6m,1145.270270,,74.230000,73.410000,-0.820000,-1.104675,100,325280034.250000,-22.336770,-17.049000,-32.950949,False,False,竑騰,6個月相對低位,位於近6個月價格區間的下三分之一。,325.280034
2026-07-17,,7768,low_6m,303.000000,,71.340000,71.000000,-0.340000,-0.476591,200,49124614.650000,-18.108108,-12.052826,-17.131605,False,False,頌勝科技,6個月相對低位,位於近6個月價格區間的下三分之一。,49.124615
2026-07-17,,7780,low_6m,182.516576,,75.430000,75.580000,0.150000,0.198860,400,26277523.950000,-5.954302,-4.115283,-2.362168,False,False,大研生醫*,6個月相對低位,位於近6個月價格區間的下三分之一。,26.277524
2026-07-17,,7786,low_6m,127.500000,,79.250000,79.640000,0.390000,0.492114,600,28765757.150000,-1.162791,0.472813,0.638032,False,False,東方風能,6個月相對低位,位於近6個月價格區間的下三分之一。,28.765757
2026-07-17,,7792,low_6m,215.132207,,70.700000,70.970000,0.270000,0.381895,400,29811498.700000,-18.395303,-16.708279,-24.408390,False,False,安葆,6個月相對低位,位於近6個月價格區間的下三分之一。,29.811499
2026-07-17,,7805,low_6m,601.000000,,79.130000,78.470000,-0.660000,-0.834071,100,43314789.550000,-12.005857,-8.118025,-14.636745,False,False,威聯通,6個月相對低位,位於近6個月價格區間的下三分之一。,43.314790
2026-07-17,,7822,low_6m,874.000000,,72.950000,72.940000,-0.010000,-0.013708,100,319065948.700000,-24.329004,-19.316871,-23.756906,False,False,倍利科,6個月相對低位,位於近6個月價格區間的下三分之一。,319.065949
2026-07-17,,8038,low_6m,37.500000,,15.000000,15.000000,0.000000,0.000000,1000,24947949.150000,-6.716418,-6.739617,-9.527735,False,False,長園科,6個月相對低位,位於近6個月價格區間的下三分之一。,24.947949
2026-07-17,,8054,low_6m,201.759010,,34.640000,36.580000,1.940000,5.600462,400,618702229.300000,-9.638554,-17.928142,-15.677701,False,False,安國,6個月相對低位,位於近6個月價格區間的下三分之一。,618.702229
2026-07-17,,8074,low_6m,161.315017,,39.790000,38.630000,-1.160000,-2.915305,400,86579921.250000,-25.634179,-16.616766,-24.080991,False,False,鉅橡,6個月相對低位,位於近6個月價格區間的下三分之一。,86.579921
2026-07-17,,8076,low_6m,81.058435,,25.850000,25.250000,-0.600000,-2.321083,1000,31415038.000000,-10.763209,-9.118087,-7.717215,False,False,伍豐,6個月相對低位,位於近6個月價格區間的下三分之一。,31.415038
2026-07-17,,8081,low_6m,912.802441,,59.230000,57.170000,-2.060000,-3.477967,100,657224174.850000,-13.583269,-17.822034,-10.219834,False,False,致新,6個月相對低位,位於近6個月價格區間的下三分之一。,657.224175
2026-07-17,,8086,low_6m,176.809210,,56.590000,53.060000,-3.530000,-6.237851,400,497277604.850000,-27.076923,-17.060367,-21.223201,False,False,宏捷科,6個月相對低位,位於近6個月價格區間的下三分之一。,497.277605
2026-07-17,,8088,low_6m,103.487428,,20.850000,18.030000,-2.820000,-13.525180,800,214740927.850000,-25.352716,-19.915228,-16.930521,False,False,品安,6個月相對低位,位於近6個月價格區間的下三分之一。,214.740928
2026-07-17,,8103,low_6m,237.699097,,46.170000,43.110000,-3.060000,-6.627680,400,136843412.050000,-14.196191,-15.196270,-21.746019,False,False,瀚荃,6個月相對低位,位於近6個月價格區間的下三分之一。,136.843412
2026-07-17,,8104,low_6m,42.652660,,32.140000,30.380000,-1.760000,-5.476042,1000,119627078.500000,-19.008264,-12.377060,-8.972289,False,False,錸寶,6個月相對低位,位於近6個月價格區間的下三分之一。,119.627078
2026-07-17,,8110,low_6m,69.291293,,49.050000,48.470000,-0.580000,-1.182467,1000,796262416.200000,-23.005550,-17.332590,-15.488971,False,False,華東,6個月相對低位,位於近6個月價格區間的下三分之一。,796.262416
2026-07-17,,8111,low_6m,64.754818,,25.910000,25.310000,-0.600000,-2.315708,1000,51362442.000000,-10.183486,-5.878960,-18.376361,False,False,立碁,6個月相對低位,位於近6個月價格區間的下三分之一。,51.362442
2026-07-17,,8114,low_6m,687.336046,,64.460000,63.980000,-0.480000,-0.744648,100,161520884.400000,-6.569232,-5.776590,-8.793651,False,False,振樺電,6個月相對低位,位於近6個月價格區間的下三分之一。,161.520884
2026-07-17,,8183,low_6m,43.173068,,43.750000,43.370000,-0.380000,-0.868571,1000,31478201.400000,-5.863521,-7.994690,-6.338839,False,False,精星,6個月相對低位,位於近6個月價格區間的下三分之一。,31.478201
2026-07-17,,8213,low_6m,94.996269,,43.240000,43.460000,0.220000,0.508788,800,24327304.400000,-10.136986,-7.599127,-11.219380,False,False,志超,6個月相對低位,位於近6個月價格區間的下三分之一。,24.327304
2026-07-17,,8227,low_6m,153.492141,,26.770000,26.850000,0.080000,0.298842,600,326603481.150000,-18.255342,-20.993429,-22.535326,False,False,巨有科技,6個月相對低位,位於近6個月價格區間的下三分之一。,326.603481
2026-07-17,,8234,low_6m,241.096631,,52.850000,54.370000,1.520000,2.876064,400,130977454.900000,-4.702194,-11.156572,-11.078611,False,False,新漢,6個月相對低位,位於近6個月價格區間的下三分之一。,130.977455
2026-07-17,,8240,low_6m,94.658772,,49.620000,48.780000,-0.840000,-1.692866,800,30406202.750000,-22.165525,-15.898084,-27.268130,False,False,華宏,6個月相對低位,位於近6個月價格區間的下三分之一。,30.406203
2026-07-17,,8249,low_6m,155.766101,,56.530000,56.250000,-0.280000,-0.495312,600,22889159.350000,-13.051399,-7.747414,-9.694953,False,False,菱光,6個月相對低位,位於近6個月價格區間的下三分之一。,22.889159
2026-07-17,,8299,low_6m,5934.038119,,56.960000,54.980000,-1.980000,-3.476124,100,12145729848.750000,-22.896303,-20.895135,-22.728345,False,False,群聯,6個月相對低位,位於近6個月價格區間的下三分之一。,12145.729849
2026-07-17,,8374,low_6m,211.703216,,71.580000,71.680000,0.100000,0.139704,400,55128067.800000,-14.323336,-11.185425,-15.878661,False,False,羅昇,6個月相對低位,位於近6個月價格區間的下三分之一。,55.128068
2026-07-17,,8390,low_6m,221.607218,,50.950000,49.390000,-1.560000,-3.061825,400,64194561.750000,-13.427657,-7.637717,-9.278650,False,False,金益鼎,6個月相對低位,位於近6個月價格區間的下三分之一。,64.194562
2026-07-17,,8422,low_6m,583.230207,,45.460000,44.690000,-0.770000,-1.693797,100,356383768.200000,-5.108031,-5.003013,-3.538252,False,False,可寧衛*,6個月相對低位,位於近6個月價格區間的下三分之一。,356.383768
2026-07-17,,8436,low_6m,347.908241,,44.450000,43.940000,-0.510000,-1.147357,200,74481530.150000,-1.709402,0.000000,-2.666102,False,False,大江,6個月相對低位,位於近6個月價格區間的下三分之一。,74.481530
2026-07-17,,8454,low_6m,665.771020,,85.480000,84.700000,-0.780000,-0.912494,100,546070027.350000,-19.365079,-13.502469,0.239442,False,False,富邦媒,6個月相對低位,位於近6個月價格區間的下三分之一。,546.070027
2026-07-17,,8478,low_6m,185.707582,,76.210000,77.030000,0.820000,1.075974,400,37384022.550000,-0.986842,-2.225110,-4.696570,False,False,東哥遊艇,6個月相對低位,位於近6個月價格區間的下三分之一。,37.384023
2026-07-17,,8936,low_6m,131.067246,,30.060000,29.580000,-0.480000,-1.596806,600,390085220.600000,-5.626134,-9.486510,-3.967497,False,False,國統,6個月相對低位,位於近6個月價格區間的下三分之一。,390.085221
2026-07-17,,9802,low_6m,136.658925,,60.000000,60.050000,0.050000,0.083333,600,44780147.300000,-5.025773,-0.673854,-3.639137,False,False,鈺齊-KY,6個月相對低位,位於近6個月價格區間的下三分之一。,44.780147
2026-07-17,,9904,low_6m,79.186117,,69.420000,65.000000,-4.420000,-6.367041,1000,713300046.600000,-1.892752,1.072851,0.150103,False,False,寶成,6個月相對低位,位於近6個月價格區間的下三分之一。,713.300047
2026-07-17,,9907,low_6m,35.474648,,71.310000,70.740000,-0.570000,-0.799327,1000,88226148.000000,-2.288095,-1.097102,-2.199007,False,False,統一實,6個月相對低位,位於近6個月價格區間的下三分之一。,88.226148
2026-07-17,,9910,low_6m,346.827632,,90.600000,90.100000,-0.500000,-0.551876,200,170174774.500000,-8.241758,-3.132251,-5.385243,False,False,豐泰,6個月相對低位,位於近6個月價格區間的下三分之一。,170.174775
2026-07-17,,9938,low_6m,143.489620,,49.460000,51.060000,1.600000,3.234937,600,69526212.450000,3.265766,1.696795,2.881505,False,False,百和,6個月相對低位,位於近6個月價格區間的下三分之一。,69.526212
2026-07-17,,9958,low_6m,178.141319,,53.400000,53.730000,0.330000,0.617978,400,291712196.350000,-4.721030,-4.884319,1.069884,False,False,世紀鋼,6個月相對低位,位於近6個月價格區間的下三分之一。,291.712196
2026-07-17,,1304,pullback_20_30,45.167387,,57.920000,57.830000,-0.090000,-0.155387,1000,134504052.200000,3.088803,-2.714520,0.704048,False,False,台聚,中期回檔,距120日高點回檔20–30%，仍在240日均線之上。,134.504052
2026-07-17,,1308,pullback_20_30,71.887883,,48.450000,48.820000,0.370000,0.763674,1000,65606732.300000,4.744526,-1.017417,2.402474,False,False,亞聚,中期回檔,距120日高點回檔20–30%，仍在240日均線之上。,65.606732
2026-07-17,,1409,pullback_20_30,52.954753,,64.070000,60.130000,-3.940000,-6.149524,1000,1620771922.050000,-13.059034,-11.046033,7.399359,False,False,新纖,中期回檔,距120日高點回檔20–30%，仍在240日均線之上。,1620.771922
2026-07-17,,1605,pullback_20_30,67.588126,,71.400000,70.400000,-1.000000,-1.400560,1000,1154356524.600000,-15.762274,-9.356319,-7.654238,False,False,華新,中期回檔,距120日高點回檔20–30%，仍在240日均線之上。,1154.356525
2026-07-17,,1717,pullback_20_30,271.340041,,67.850000,68.760000,0.910000,1.341194,200,1748096551.700000,-9.282700,-12.548302,-15.375626,False,False,長興,中期回檔,距120日高點回檔20–30%，仍在240日均線之上。,1748.096552
2026-07-17,,1727,pullback_20_30,220.752279,,55.510000,55.370000,-0.140000,-0.252207,400,579700302.250000,-12.147239,-10.568598,-6.071203,False,False,中華化,中期回檔,距120日高點回檔20–30%，仍在240日均線之上。,579.700302
2026-07-17,,1802,pullback_20_30,112.900965,,75.840000,75.500000,-0.340000,-0.448312,800,4908873161.500000,-18.326118,-15.980108,-16.488381,False,False,台玻,中期回檔,距120日高點回檔20–30%，仍在240日均線之上。,4908.873161
2026-07-17,,1905,pullback_20_30,23.072398,,69.550000,69.250000,-0.300000,-0.431344,1000,224106746.100000,-7.717042,-11.610718,3.255981,False,False,華紙,中期回檔,距120日高點回檔20–30%，仍在240日均線之上。,224.106746
2026-07-17,,2049,pullback_20_30,546.507594,,76.980000,77.050000,0.070000,0.090933,100,1107267379.650000,-5.004055,-7.942148,-10.147526,False,False,上銀,中期回檔,距120日高點回檔20–30%，仍在240日均線之上。,1107.267380
2026-07-17,,2231,pullback_20_30,490.845023,,71.390000,70.570000,-0.820000,-1.148620,200,238938463.250000,17.868676,2.681920,1.209274,False,False,為升,中期回檔,距120日高點回檔20–30%，仍在240日均線之上。,238.938463
2026-07-17,,2241,pullback_20_30,36.953125,,35.410000,32.640000,-2.770000,-7.822649,1000,114867954.500000,-20.629750,-17.832856,-4.254622,False,False,艾姆勒,中期回檔,距120日高點回檔20–30%，仍在240日均線之上。,114.867954
2026-07-17,,2243,pullback_20_30,52.923623,,47.600000,53.510000,5.910000,12.415966,1000,53329746.050000,10.638298,-4.788062,43.606738,False,False,宏旭-KY,中期回檔,距120日高點回檔20–30%，仍在240日均線之上。,53.329746
2026-07-17,,2301,pullback_20_30,595.976994,,82.740000,82.720000,-0.020000,-0.024172,100,5585838363.250000,-6.428571,-9.059354,-6.687772,False,False,光寶科,中期回檔,距120日高點回檔20–30%，仍在240日均線之上。,5585.838363
2026-07-17,,2302,pullback_20_30,20.802436,,58.920000,56.690000,-2.230000,-3.784793,1000,505773262.100000,-9.784561,-14.998246,17.442386,False,False,麗正,中期回檔,距120日高點回檔20–30%，仍在240日均線之上。,505.773262
2026-07-17,,2305,pullback_20_30,32.150000,,63.130000,63.030000,-0.100000,-0.158403,1000,187012305.100000,5.065359,-12.984640,25.361495,False,False,全友,中期回檔,距120日高點回檔20–30%，仍在240日均線之上。,187.012305
2026-07-17,,2312,pullback_20_30,54.432467,,45.980000,42.850000,-3.130000,-6.807308,1000,1322830252.600000,-8.657773,-9.302421,-4.962825,False,False,金寶,中期回檔,距120日高點回檔20–30%，仍在240日均線之上。,1322.830253
2026-07-17,,2313,pullback_20_30,372.401450,,62.320000,60.320000,-2.000000,-3.209243,200,8706595050.750000,-19.696970,-8.719053,-14.470023,False,False,華通,中期回檔,距120日高點回檔20–30%，仍在240日均線之上。,8706.595051
2026-07-17,,2317,pullback_20_30,1352.861110,,74.880000,73.370000,-1.510000,-2.016560,100,13780712896.500000,-11.471809,-3.703065,-5.080621,False,False,鴻海,中期回檔,距120日高點回檔20–30%，仍在240日均線之上。,13780.712896
2026-07-17,,2323,pullback_20_30,7.719263,,37.650000,39.460000,1.810000,4.807437,1000,121148545.800000,-8.888889,-9.171467,-5.365689,False,False,中環,中期回檔,距120日高點回檔20–30%，仍在240日均線之上。,121.148546
2026-07-17,,2324,pullback_20_30,131.080578,,62.140000,61.100000,-1.040000,-1.673640,600,2061874666.800000,-3.485255,0.194823,4.795866,False,False,仁寶,中期回檔,距120日高點回檔20–30%，仍在240日均線之上。,2061.874667
2026-07-17,,2332,pullback_20_30,38.026955,,40.080000,35.870000,-4.210000,-10.503992,1000,694004262.850000,12.328767,1.409844,22.151050,False,False,友訊,中期回檔,距120日高點回檔20–30%，仍在240日均線之上。,694.004263
2026-07-17,,2338,pullback_20_30,93.914313,,45.560000,44.650000,-0.910000,-1.997366,800,206864321.850000,-17.241379,-13.021594,-14.408836,False,False,光罩,中期回檔,距120日高點回檔20–30%，仍在240日均線之上。,206.864322
2026-07-17,,2340,pullback_20_30,35.199893,,32.830000,33.400000,0.570000,1.736217,1000,440625907.050000,-15.714286,-13.982770,-13.097815,False,False,台亞,中期回檔,距120日高點回檔20–30%，仍在240日均線之上。,440.625907
2026-07-17,,2342,pullback_20_30,3.204518,,36.480000,33.160000,-3.320000,-9.100877,1000,452833261.550000,-15.737052,-19.981083,-4.886824,False,False,茂矽,中期回檔,距120日高點回檔20–30%，仍在240日均線之上。,452.833262
2026-07-17,,2345,pullback_20_30,5543.416857,,86.260000,86.090000,-0.170000,-0.197079,100,8341797457.400000,-16.232465,-14.693878,-14.227086,False,False,智邦,中期回檔,距120日高點回檔20–30%，仍在240日均線之上。,8341.797457
2026-07-17,,2351,pullback_20_30,370.982939,,78.500000,75.880000,-2.620000,-3.337580,200,1938091892.950000,-4.166667,-15.461897,-8.726134,False,False,順德,中期回檔,距120日高點回檔20–30%，仍在240日均線之上。,1938.091893
2026-07-17,,2353,pullback_20_30,75.259977,,35.060000,33.190000,-1.870000,-5.333714,1000,1194608408.800000,-15.428571,-8.599660,-5.536965,False,False,宏碁,中期回檔,距120日高點回檔20–30%，仍在240日均線之上。,1194.608409
2026-07-17,,2356,pullback_20_30,251.841382,,73.130000,72.430000,-0.700000,-0.957200,400,2678689180.350000,-10.524041,-8.054760,-1.251278,False,False,英業達,中期回檔,距120日高點回檔20–30%，仍在240日均線之上。,2678.689180
2026-07-17,,2357,pullback_20_30,533.554666,,81.650000,80.200000,-1.450000,-1.775873,100,3951554846.400000,-7.262659,0.916175,3.719838,False,False,華碩,中期回檔,距120日高點回檔20–30%，仍在240日均線之上。,3951.554846
2026-07-17,,2360,pullback_20_30,4902.079187,,87.030000,86.720000,-0.310000,-0.356199,100,5441893026.500000,-17.040359,-10.811137,-16.241851,False,False,致茂,中期回檔,距120日高點回檔20–30%，仍在240日均線之上。,5441.893026
2026-07-17,,2363,pullback_20_30,32.970609,,32.040000,31.270000,-0.770000,-2.403246,1000,1819575765.350000,-3.898305,-15.599881,-9.289676,False,False,矽統,中期回檔,距120日高點回檔20–30%，仍在240日均線之上。,1819.575765
2026-07-17,,2379,pullback_20_30,1240.175789,,87.300000,85.930000,-1.370000,-1.569301,100,5098258403.950000,-3.624161,-9.377761,9.287399,False,False,瑞昱,中期回檔,距120日高點回檔20–30%，仍在240日均線之上。,5098.258404
2026-07-17,,2383,pullback_20_30,12100.356285,,83.220000,83.300000,0.080000,0.096131,100,10807976941.750000,-13.557692,-16.492499,-10.313752,False,False,台光電,中期回檔,距120日高點回檔20–30%，仍在240日均線之上。,10807.976942
2026-07-17,,2388,pullback_20_30,14.535199,,63.760000,64.390000,0.630000,0.988080,1000,709502984.500000,-12.367021,-10.540962,-11.668119,False,False,威盛,中期回檔,距120日高點回檔20–30%，仍在240日均線之上。,709.502985
2026-07-17,,2401,pullback_20_30,64.950175,,35.500000,37.330000,1.830000,5.154930,1000,474962152.750000,-13.015873,-14.794371,-4.590564,False,False,凌陽,中期回檔,距120日高點回檔20–30%，仍在240日均線之上。,474.962153
2026-07-17,,2402,pullback_20_30,134.587314,,36.200000,35.860000,-0.340000,-0.939227,600,335742824.200000,-17.489422,-11.134741,-12.978803,False,False,毅嘉,中期回檔,距120日高點回檔20–30%，仍在240日均線之上。,335.742824
2026-07-17,,2406,pullback_20_30,14.916122,,31.470000,25.780000,-5.690000,-18.080712,1000,1044038126.800000,-15.055249,-17.037637,-11.502302,False,False,國碩,中期回檔,距120日高點回檔20–30%，仍在240日均線之上。,1044.038127
2026-07-17,,2408,pullback_20_30,25.184823,,82.040000,80.180000,-1.860000,-2.267187,1000,47071488648.250000,-9.172570,-9.640362,11.966317,False,False,南亞科,中期回檔,距120日高點回檔20–30%，仍在240日均線之上。,47071.488648
2026-07-17,,2409,pullback_20_30,53.330003,,45.370000,43.700000,-1.670000,-3.680846,1000,15005872193.549999,-1.714286,-12.845199,7.406765,False,False,友達,中期回檔,距120日高點回檔20–30%，仍在240日均線之上。,15005.872194
2026-07-17,,2415,pullback_20_30,81.961454,,58.940000,58.680000,-0.260000,-0.441127,1000,52261727.900000,8.443709,-7.440119,9.036429,False,False,錩新,中期回檔,距120日高點回檔20–30%，仍在240日均線之上。,52.261728
2026-07-17,,2428,pullback_20_30,737.666907,,74.720000,74.530000,-0.190000,-0.254283,100,810426377.100000,-11.705686,-13.732538,2.461270,False,False,興勤,中期回檔,距120日高點回檔20–30%，仍在240日均線之上。,810.426377
2026-07-17,,2436,pullback_20_30,94.630222,,19.730000,21.340000,1.610000,8.160162,800,398352109.400000,-15.561264,-17.320168,-18.232768,False,False,偉詮電,中期回檔,距120日高點回檔20–30%，仍在240日均線之上。,398.352109
2026-07-17,,2454,pullback_20_30,11608.683719,,86.030000,84.770000,-1.260000,-1.464605,100,46878514624.099998,-23.978727,-16.744680,-11.067348,False,False,聯發科,中期回檔,距120日高點回檔20–30%，仍在240日均線之上。,46878.514624
2026-07-17,,2460,pullback_20_30,79.358978,,54.900000,53.820000,-1.080000,-1.967213,1000,79088280.200000,-10.845070,-11.524216,-8.016469,False,False,建通,中期回檔,距120日高點回檔20–30%，仍在240日均線之上。,79.088280
2026-07-17,,2464,pullback_20_30,564.572652,,48.480000,46.620000,-1.860000,-3.836634,100,2580716373.100000,-13.855422,-14.152784,-3.343547,False,False,盟立,中期回檔,距120日高點回檔20–30%，仍在240日均線之上。,2580.716373
2026-07-17,,2486,pullback_20_30,426.374705,,46.050000,48.390000,2.340000,5.081433,200,2360362856.850000,-6.361829,-5.421687,-8.401050,False,False,一詮,中期回檔,距120日高點回檔20–30%，仍在240日均線之上。,2360.362857
2026-07-17,,2491,pullback_20_30,3.894317,,66.700000,66.440000,-0.260000,-0.389805,1000,32600477.050000,-19.822109,-17.527121,11.098069,False,False,吉祥全,中期回檔,距120日高點回檔20–30%，仍在240日均線之上。,32.600477
2026-07-17,,2495,pullback_20_30,139.351044,,50.150000,47.510000,-2.640000,-5.264207,600,437585456.500000,-26.765799,-20.540486,-14.133159,False,False,普安,中期回檔,距120日高點回檔20–30%，仍在240日均線之上。,437.585457
2026-07-17,,2605,pullback_20_30,111.259930,,51.340000,49.870000,-1.470000,-2.863265,800,178521856.700000,-1.162822,2.621390,0.545585,False,False,新興,中期回檔,距120日高點回檔20–30%，仍在240日均線之上。,178.521857
2026-07-17,,2855,pullback_20_30,163.416367,,76.040000,75.700000,-0.340000,-0.447133,400,401975928.650000,-10.837178,-10.825368,-0.809639,False,False,統一證,中期回檔,距120日高點回檔20–30%，仍在240日均線之上。,401.975929
2026-07-17,,3006,pullback_20_30,477.667201,,56.920000,58.580000,1.660000,2.916374,200,3271902673.400000,-11.584906,-12.487777,-9.189713,False,False,晶豪科,中期回檔,距120日高點回檔20–30%，仍在240日均線之上。,3271.902673
2026-07-17,,3008,pullback_20_30,7734.366828,,73.110000,71.420000,-1.690000,-2.311585,100,11675256855.000000,-22.060253,-9.414356,8.314951,False,False,大立光,中期回檔,距120日高點回檔20–30%，仍在240日均線之上。,11675.256855
2026-07-17,,3014,pullback_20_30,360.456416,,42.750000,41.800000,-0.950000,-2.222222,200,509445782.850000,-12.655059,-14.215090,-8.572522,False,False,聯陽,中期回檔,距120日高點回檔20–30%，仍在240日均線之上。,509.445783
2026-07-17,,3015,pullback_20_30,262.054211,,62.500000,63.800000,1.300000,2.080000,400,219175047.750000,-7.907743,-11.787912,0.356718,False,False,全漢,中期回檔,距120日高點回檔20–30%，仍在240日均線之上。,219.175048
2026-07-17,,3017,pullback_20_30,5580.792368,,78.450000,79.120000,0.670000,0.854047,100,10217444712.049999,-6.976744,-8.732628,-13.046342,False,False,奇鋐,中期回檔,距120日高點回檔20–30%，仍在240日均線之上。,10217.444712
2026-07-17,,3030,pullback_20_30,1739.977529,,68.620000,67.780000,-0.840000,-1.224133,100,862896539.150000,-13.383459,-9.277052,-17.263933,False,False,德律,中期回檔,距120日高點回檔20–30%，仍在240日均線之上。,862.896539
2026-07-17,,3031,pullback_20_30,80.875300,,57.860000,58.350000,0.490000,0.846872,1000,135438503.400000,-7.420495,-14.886705,-14.644079,False,False,佰鴻,中期回檔,距120日高點回檔20–30%，仍在240日均線之上。,135.438503
2026-07-17,,3035,pullback_20_30,350.200149,,32.080000,33.990000,1.910000,5.953865,200,2229057649.500000,-8.910891,-13.897988,-6.853110,False,False,智原,中期回檔,距120日高點回檔20–30%，仍在240日均線之上。,2229.057650
2026-07-17,,3037,pullback_20_30,1578.325517,,82.530000,81.230000,-1.300000,-1.575185,100,31131230497.099998,-19.469414,-15.390095,-13.285137,False,False,欣興,中期回檔,距120日高點回檔20–30%，仍在240日均線之上。,31131.230497
2026-07-17,,3044,pullback_20_30,1541.896674,,89.470000,87.700000,-1.770000,-1.978317,100,1943310368.200000,-28.491526,-17.202931,-17.093705,False,False,健鼎,中期回檔,距120日高點回檔20–30%，仍在240日均線之上。,1943.310368
2026-07-17,,3051,pullback_20_30,8.345788,,25.730000,25.610000,-0.120000,-0.466382,1000,53203521.100000,-15.653775,-13.117708,-14.501727,False,False,力特,中期回檔,距120日高點回檔20–30%，仍在240日均線之上。,53.203521
2026-07-17,,3060,pullback_20_30,75.461061,,22.040000,19.150000,-2.890000,-13.112523,1000,292646091.700000,-20.495438,-18.096545,-6.227278,False,False,銘異,中期回檔,距120日高點回檔20–30%，仍在240日均線之上。,292.646092
2026-07-17,,3066,pullback_20_30,12.193433,,68.220000,67.730000,-0.490000,-0.718264,1000,48598018.350000,7.246377,-11.022044,2.873031,False,False,李洲,中期回檔,距120日高點回檔20–30%，仍在240日均線之上。,48.598018
2026-07-17,,3131,pullback_20_30,6190.922490,,70.990000,72.670000,1.680000,2.366530,100,1682290753.250000,-9.707242,-14.220889,-8.114465,False,False,弘塑,中期回檔,距120日高點回檔20–30%，仍在240日均線之上。,1682.290753
2026-07-17,,3141,pullback_20_30,46.212944,,5.210000,5.210000,0.000000,0.000000,1000,151449422.550000,-11.731844,-15.048054,-7.426395,False,False,晶宏,中期回檔,距120日高點回檔20–30%，仍在240日均線之上。,151.449423
2026-07-17,,3149,pullback_20_30,33.683451,,23.200000,19.140000,-4.060000,-17.500000,1000,1623683417.800000,-15.048026,-14.006374,7.755655,False,False,正達,中期回檔,距120日高點回檔20–30%，仍在240日均線之上。,1623.683418
2026-07-17,,3162,pullback_20_30,60.953776,,56.510000,57.390000,0.880000,1.557247,1000,98829154.900000,-15.839246,-12.511651,-14.518604,False,False,精確,中期回檔,距120日高點回檔20–30%，仍在240日均線之上。,98.829155
2026-07-17,,3189,pullback_20_30,1658.117048,,78.850000,78.710000,-0.140000,-0.177552,100,15753844656.450001,-1.619783,-12.071570,5.561163,False,False,景碩,中期回檔,距120日高點回檔20–30%，仍在240日均線之上。,15753.844656
2026-07-17,,3221,pullback_20_30,112.760013,,14.140000,12.820000,-1.320000,-9.335219,800,634665883.350000,-17.017641,-14.809076,-8.113112,False,False,台嘉碩,中期回檔,距120日高點回檔20–30%，仍在240日均線之上。,634.665883
2026-07-17,,3229,pullback_20_30,17.311630,,69.030000,69.030000,0.000000,0.000000,1000,20865104.650000,-7.361268,-2.071112,-3.488418,False,False,晟鈦,中期回檔,距120日高點回檔20–30%，仍在240日均線之上。,20.865105
2026-07-17,,3231,pullback_20_30,750.814616,,69.450000,66.480000,-2.970000,-4.276458,100,5292435206.100000,-11.325128,-7.078172,-5.141939,False,False,緯創,中期回檔,距120日高點回檔20–30%，仍在240日均線之上。,5292.435206
2026-07-17,,3260,pullback_20_30,757.289757,,42.800000,40.720000,-2.080000,-4.859813,100,3827570298.400000,-11.899038,-9.806817,-12.847036,False,False,威剛,中期回檔,距120日高點回檔20–30%，仍在240日均線之上。,3827.570298
2026-07-17,,3284,pullback_20_30,45.253042,,68.190000,67.500000,-0.690000,-1.011879,1000,46549181.500000,9.088035,-12.138971,16.953482,False,False,太普高,中期回檔,距120日高點回檔20–30%，仍在240日均線之上。,46.549182
2026-07-17,,3289,pullback_20_30,243.475233,,26.950000,26.270000,-0.680000,-2.523191,400,520401125.200000,-12.979351,-11.477869,-14.302314,False,False,宜特,中期回檔,距120日高點回檔20–30%，仍在240日均線之上。,520.401125
2026-07-17,,3317,pullback_20_30,190.493387,,28.990000,29.770000,0.780000,2.690583,400,719351550.600000,4.981320,-9.223066,6.859907,False,False,尼克森,中期回檔,距120日高點回檔20–30%，仍在240日均線之上。,719.351551
2026-07-17,,3321,pullback_20_30,3.833436,,36.880000,37.360000,0.480000,1.301518,1000,27723437.700000,-20.253165,-19.049149,-4.275524,False,False,同泰,中期回檔,距120日高點回檔20–30%，仍在240日均線之上。,27.723438
2026-07-17,,3338,pullback_20_30,106.504938,,26.710000,24.820000,-1.890000,-7.076001,800,47146230.050000,-12.258871,-9.056936,-12.771476,False,False,泰碩,中期回檔,距120日高點回檔20–30%，仍在240日均線之上。,47.146230
2026-07-17,,3362,pullback_20_30,179.456789,,62.250000,59.820000,-2.430000,-3.903614,400,1172878414.500000,-24.819277,-14.882008,7.734807,False,False,先進光,中期回檔,距120日高點回檔20–30%，仍在240日均線之上。,1172.878414
2026-07-17,,3430,pullback_20_30,152.308970,,33.440000,33.470000,0.030000,0.089713,600,160057869.450000,-2.213058,-5.962789,-9.411464,False,False,奇鈦科,中期回檔,距120日高點回檔20–30%，仍在240日均線之上。,160.057869
2026-07-17,,3438,pullback_20_30,83.202433,,43.530000,43.530000,0.000000,0.000000,1000,30917221.700000,-21.782117,-20.274036,-17.195827,False,False,類比科,中期回檔,距120日高點回檔20–30%，仍在240日均線之上。,30.917222
2026-07-17,,3441,pullback_20_30,112.735947,,21.680000,16.740000,-4.940000,-22.785978,800,243481172.150000,-23.681257,-12.308982,16.081493,False,False,聯一光電,中期回檔,距120日高點回檔20–30%，仍在240日均線之上。,243.481172
2026-07-17,,3450,pullback_20_30,1908.913331,,52.720000,55.650000,2.930000,5.557663,100,3932772062.450000,-15.953307,-17.090490,-6.585419,False,False,聯鈞,中期回檔,距120日高點回檔20–30%，仍在240日均線之上。,3932.772062
2026-07-17,,3481,pullback_20_30,90.282731,,42.370000,36.320000,-6.050000,-14.278971,800,37454647802.000000,-10.238908,-18.380014,10.092190,False,False,群創,中期回檔,距120日高點回檔20–30%，仍在240日均線之上。,37454.647802
2026-07-17,,3498,pullback_20_30,148.847184,,49.020000,44.610000,-4.410000,-8.996328,600,275651357.150000,-1.680672,-3.723514,-3.521069,False,False,陽程,中期回檔,距120日高點回檔20–30%，仍在240日均線之上。,275.651357
2026-07-17,,3526,pullback_20_30,1157.132009,,68.880000,66.440000,-2.440000,-3.542393,100,227292625.450000,-6.180666,-6.299462,-12.746567,False,False,凡甲,中期回檔,距120日高點回檔20–30%，仍在240日均線之上。,227.292625
2026-07-17,,3580,pullback_20_30,73.430180,,7.100000,7.100000,0.000000,0.000000,1000,92819447.050000,-15.047141,-9.877715,-11.219810,False,False,友威科,中期回檔,距120日高點回檔20–30%，仍在240日均線之上。,92.819447
2026-07-17,,3583,pullback_20_30,1080.293317,,70.110000,70.720000,0.610000,0.870061,100,1468054932.250000,-9.673519,-11.377388,-11.398411,False,False,辛耘,中期回檔,距120日高點回檔20–30%，仍在240日均線之上。,1468.054932
2026-07-17,,3588,pullback_20_30,137.867996,,27.090000,26.800000,-0.290000,-1.070506,600,134048591.400000,-4.313725,-17.602909,-12.388768,False,False,通嘉,中期回檔,距120日高點回檔20–30%，仍在240日均線之上。,134.048591
2026-07-17,,3591,pullback_20_30,36.304941,,50.530000,49.170000,-1.360000,-2.691470,1000,105516476.050000,-8.207343,-17.186282,-13.987925,False,False,艾笛森,中期回檔,距120日高點回檔20–30%，仍在240日均線之上。,105.516476
2026-07-17,,3663,pullback_20_30,93.931585,,58.690000,63.410000,4.720000,8.042256,800,246557565.600000,-10.371319,-11.722051,-9.096812,False,False,鑫科,中期回檔,距120日高點回檔20–30%，仍在240日均線之上。,246.557566
2026-07-17,,3673,pullback_20_30,119.525458,,43.700000,39.050000,-4.650000,-10.640732,600,1163313604.250000,-22.484465,-14.822880,-10.769207,False,False,TPK-KY,中期回檔,距120日高點回檔20–30%，仍在240日均線之上。,1163.313604
2026-07-17,,3680,pullback_20_30,748.138812,,67.250000,66.800000,-0.450000,-0.669145,100,1259174155.050000,-10.154739,-10.245882,-11.892826,False,False,家登,中期回檔,距120日高點回檔20–30%，仍在240日均線之上。,1259.174155
2026-07-17,,3709,pullback_20_30,102.980624,,68.560000,67.720000,-0.840000,-1.225204,800,105141983.700000,-0.804290,-2.219873,-7.879995,False,False,鑫聯大投控,中期回檔,距120日高點回檔20–30%，仍在240日均線之上。,105.141984
2026-07-17,,3717,pullback_20_30,22.628175,,36.320000,29.280000,-7.040000,-19.383260,1000,298994890.100000,0.793651,-10.658876,-2.057144,False,False,聯嘉投控,中期回檔,距120日高點回檔20–30%，仍在240日均線之上。,298.994890
2026-07-17,,4716,pullback_20_30,42.185303,,25.620000,27.000000,1.380000,5.386417,1000,110312562.050000,9.302326,-15.181593,5.980176,False,False,大立,中期回檔,距120日高點回檔20–30%，仍在240日均線之上。,110.312562
2026-07-17,,4722,pullback_20_30,597.137859,,74.800000,76.140000,1.340000,1.791444,100,628321765.350000,-13.353668,-15.997544,-8.444597,False,False,國精化,中期回檔,距120日高點回檔20–30%，仍在240日均線之上。,628.321765
2026-07-17,,4755,pullback_20_30,207.729223,,71.240000,70.190000,-1.050000,-1.473891,400,68943445.250000,-11.730942,-6.306682,-9.701711,False,False,三福化,中期回檔,距120日高點回檔20–30%，仍在240日均線之上。,68.943445
2026-07-17,,4923,pullback_20_30,69.077714,,21.130000,23.330000,2.200000,10.411737,1000,99938283.050000,-6.857143,-17.690624,4.260687,False,False,力士,中期回檔,距120日高點回檔20–30%，仍在240日均線之上。,99.938283
2026-07-17,,4931,pullback_20_30,247.245097,,31.610000,29.700000,-1.910000,-6.042392,400,1731762369.300000,-20.501731,-17.610956,-7.840133,False,False,新盛力,中期回檔,距120日高點回檔20–30%，仍在240日均線之上。,1731.762369
2026-07-17,,4934,pullback_20_30,10.404402,,29.530000,29.990000,0.460000,1.557738,1000,25035643.850000,-12.356322,-11.350094,-10.849126,False,False,太極,中期回檔,距120日高點回檔20–30%，仍在240日均線之上。,25.035644
2026-07-17,,5011,pullback_20_30,3.166010,,34.150000,38.230000,4.080000,11.947291,1000,47257133.850000,-6.310680,-17.776121,2.319417,False,False,久陽,中期回檔,距120日高點回檔20–30%，仍在240日均線之上。,47.257134
2026-07-17,,5227,pullback_20_30,5.144666,,12.870000,11.180000,-1.690000,-13.131313,1000,28359323.550000,-23.902439,-10.563279,11.025443,False,False,立凱-KY,中期回檔,距120日高點回檔20–30%，仍在240日均線之上。,28.359324
2026-07-17,,5230,pullback_20_30,44.085909,,10.330000,10.270000,-0.060000,-0.580833,1000,33981513.900000,-12.862998,-11.985428,-0.531772,False,False,雷笛克光學,中期回檔,距120日高點回檔20–30%，仍在240日均線之上。,33.981514
2026-07-17,,5274,pullback_20_30,26904.206873,,58.080000,57.600000,-0.480000,-0.826446,100,4839282613.750000,-22.577325,-13.153243,-16.246330,False,False,信驊,中期回檔,距120日高點回檔20–30%，仍在240日均線之上。,4839.282614
2026-07-17,,5285,pullback_20_30,158.760792,,59.800000,59.500000,-0.300000,-0.501672,600,538784150.300000,-4.137225,-12.689334,3.384772,False,False,界霖,中期回檔,距120日高點回檔20–30%，仍在240日均線之上。,538.784150
2026-07-17,,5292,pullback_20_30,241.018051,,53.030000,50.600000,-2.430000,-4.582312,400,40553349.650000,-16.589568,-12.396604,-15.726693,False,False,華懋,中期回檔,距120日高點回檔20–30%，仍在240日均線之上。,40.553350
2026-07-17,,5299,pullback_20_30,145.142102,,50.670000,49.150000,-1.520000,-2.999803,600,210159655.800000,-7.091121,-18.270664,-8.263195,False,False,杰力,中期回檔,距120日高點回檔20–30%，仍在240日均線之上。,210.159656
2026-07-17,,5302,pullback_20_30,11.000000,,46.180000,46.500000,0.320000,0.692941,1000,34812166.900000,-12.000000,-15.514593,-5.875642,False,False,太欣,中期回檔,距120日高點回檔20–30%，仍在240日均線之上。,34.812167
2026-07-17,,5321,pullback_20_30,1.545487,,46.060000,42.000000,-4.060000,-8.814590,1000,34268065.250000,34.495641,-5.536605,29.016844,False,False,美而快,中期回檔,距120日高點回檔20–30%，仍在240日均線之上。,34.268065
2026-07-17,,5328,pullback_20_30,49.940602,,42.390000,36.280000,-6.110000,-14.413777,1000,2589091343.850000,17.315175,-11.297440,33.695471,False,False,華容,中期回檔,距120日高點回檔20–30%，仍在240日均線之上。,2589.091344
2026-07-17,,5347,pullback_20_30,393.983833,,87.940000,87.140000,-0.800000,-0.909711,200,6875005490.600000,3.918204,-9.841506,0.680951,False,False,世界,中期回檔,距120日高點回檔20–30%，仍在240日均線之上。,6875.005491
2026-07-17,,5410,pullback_20_30,112.865893,,31.550000,31.950000,0.400000,1.267829,800,39847719.050000,-18.526786,-14.873768,-8.019908,False,False,國眾,中期回檔,距120日高點回檔20–30%，仍在240日均線之上。,39.847719
2026-07-17,,5464,pullback_20_30,244.247070,,73.090000,72.490000,-0.600000,-0.820906,400,128359448.750000,6.403270,-16.510770,10.658496,False,False,霖宏,中期回檔,距120日高點回檔20–30%，仍在240日均線之上。,128.359449
2026-07-17,,5484,pullback_20_30,36.387747,,34.130000,34.070000,-0.060000,-0.175798,1000,27683145.000000,-10.337553,-8.641445,-6.001180,False,False,慧友,中期回檔,距120日高點回檔20–30%，仍在240日均線之上。,27.683145
2026-07-17,,5536,pullback_20_30,7232.034408,,74.470000,74.550000,0.080000,0.107426,100,1298156396.000000,-3.186151,-11.069349,5.452804,False,False,聖暉*,中期回檔,距120日高點回檔20–30%，仍在240日均線之上。,1298.156396
2026-07-17,,6005,pullback_20_30,102.321441,,72.660000,69.780000,-2.880000,-3.963666,800,461774202.350000,-16.349810,-11.284361,-6.132221,False,False,群益證,中期回檔,距120日高點回檔20–30%，仍在240日均線之上。,461.774202
2026-07-17,,6015,pullback_20_30,29.737153,,45.190000,42.210000,-2.980000,-6.594379,1000,56128471.700000,-9.340659,-6.740144,-3.499366,False,False,宏遠證,中期回檔,距120日高點回檔20–30%，仍在240日均線之上。,56.128472
2026-07-17,,6026,pullback_20_30,33.517824,,41.520000,41.030000,-0.490000,-1.180154,1000,57078110.800000,-9.668026,-8.816332,-6.791752,False,False,福邦證,中期回檔,距120日高點回檔20–30%，仍在240日均線之上。,57.078111
2026-07-17,,6133,pullback_20_30,40.105532,,44.220000,42.890000,-1.330000,-3.007689,1000,81983580.400000,-9.656652,-11.162693,-9.002486,False,False,金橋,中期回檔,距120日高點回檔20–30%，仍在240日均線之上。,81.983580
2026-07-17,,6156,pullback_20_30,3.333742,,38.040000,31.980000,-6.060000,-15.930599,1000,171631916.400000,5.023562,-10.441792,9.928042,False,False,松上,中期回檔,距120日高點回檔20–30%，仍在240日均線之上。,171.631916
2026-07-17,,6164,pullback_20_30,24.299171,,13.000000,13.990000,0.990000,7.615385,1000,41679207.600000,-6.250000,-9.734513,-1.860167,False,False,華興,中期回檔,距120日高點回檔20–30%，仍在240日均線之上。,41.679208
2026-07-17,,6166,pullback_20_30,467.787520,,81.780000,81.300000,-0.480000,-0.586941,200,290484963.500000,-15.516859,-13.054568,0.166689,False,False,凌華,中期回檔,距120日高點回檔20–30%，仍在240日均線之上。,290.484963
2026-07-17,,6182,pullback_20_30,246.414667,,43.470000,42.430000,-1.040000,-2.392455,400,16234756210.700001,31.140351,3.174603,58.469366,False,False,合晶,中期回檔,距120日高點回檔20–30%，仍在240日均線之上。,16234.756211
2026-07-17,,6187,pullback_20_30,1796.942419,,69.200000,67.350000,-1.850000,-2.673410,100,2142525779.850000,-15.584416,-7.788339,-12.676140,False,False,萬潤,中期回檔,距120日高點回檔20–30%，仍在240日均線之上。,2142.525780
2026-07-17,,6190,pullback_20_30,125.465405,,33.610000,33.680000,0.070000,0.208271,600,322943475.800000,-10.465502,-13.958827,-11.560744,False,False,萬泰科,中期回檔,距120日高點回檔20–30%，仍在240日均線之上。,322.943476
2026-07-17,,6202,pullback_20_30,203.169961,,39.440000,41.210000,1.770000,4.487830,400,724495145.900000,-11.773700,-14.676525,-4.775003,True,True,盛群,中期回檔,距120日高點回檔20–30%，仍在240日均線之上。,724.495146
2026-07-17,,6207,pullback_20_30,439.861219,,33.830000,24.940000,-8.890000,-26.278451,200,2007025571.250000,-20.142639,-11.012345,16.086388,False,False,雷科,中期回檔,距120日高點回檔20–30%，仍在240日均線之上。,2007.025571
2026-07-17,,6208,pullback_20_30,155.243792,,60.580000,58.170000,-2.410000,-3.978211,600,184909227.950000,-7.830446,-11.456323,-6.683206,False,False,日揚,中期回檔,距120日高點回檔20–30%，仍在240日均線之上。,184.909228
2026-07-17,,6209,pullback_20_30,121.762538,,42.620000,39.700000,-2.920000,-6.851244,600,816381133.700000,-27.586207,-15.729312,-10.803158,False,False,今國光,中期回檔,距120日高點回檔20–30%，仍在240日均線之上。,816.381134
2026-07-17,,6218,pullback_20_30,114.956940,,43.210000,43.500000,0.290000,0.671141,600,53126521.350000,3.746398,-2.306649,-3.584341,False,False,豪勉,中期回檔,距120日高點回檔20–30%，仍在240日均線之上。,53.126521
2026-07-17,,6220,pullback_20_30,68.220082,,53.150000,53.590000,0.440000,0.827846,1000,37618095.300000,-9.914558,-9.601520,-2.675020,False,False,岳豐,中期回檔,距120日高點回檔20–30%，仍在240日均線之上。,37.618095
2026-07-17,,6223,pullback_20_30,11980.417433,,71.970000,72.080000,0.110000,0.152841,100,5816569733.750000,-12.501693,-14.586257,-5.557964,False,False,旺矽,中期回檔,距120日高點回檔20–30%，仍在240日均線之上。,5816.569734
2026-07-17,,6227,pullback_20_30,301.639069,,74.540000,74.340000,-0.200000,-0.268312,200,52123671.950000,-14.516129,-10.849453,-8.911231,False,False,茂綸,中期回檔,距120日高點回檔20–30%，仍在240日均線之上。,52.123672
2026-07-17,,6239,pullback_20_30,1308.617189,,75.320000,72.500000,-2.820000,-3.744025,100,10151040367.799999,-16.521739,-12.034209,-2.301125,False,False,力成,中期回檔,距120日高點回檔20–30%，仍在240日均線之上。,10151.040368
2026-07-17,,6244,pullback_20_30,34.326620,,29.060000,28.030000,-1.030000,-3.544391,1000,120564782.100000,-10.977702,-3.968915,-8.508638,False,False,茂迪,中期回檔,距120日高點回檔20–30%，仍在240日均線之上。,120.564782
2026-07-17,,6257,pullback_20_30,862.223632,,58.100000,61.350000,3.250000,5.593804,100,2865036590.000000,1.724108,-9.530900,-1.023663,False,False,矽格,中期回檔,距120日高點回檔20–30%，仍在240日均線之上。,2865.036590
2026-07-17,,6259,pullback_20_30,3.229898,,41.090000,41.090000,0.000000,0.000000,1000,121913549.550000,1.840491,-12.499176,13.659706,False,False,百徽,中期回檔,距120日高點回檔20–30%，仍在240日均線之上。,121.913550
2026-07-17,,6265,pullback_20_30,74.792927,,41.520000,40.090000,-1.430000,-3.444123,1000,236649666.200000,-16.083916,-9.527848,-4.635762,False,False,方土昶,中期回檔,距120日高點回檔20–30%，仍在240日均線之上。,236.649666
2026-07-17,,6270,pullback_20_30,95.165455,,38.990000,37.760000,-1.230000,-3.154655,800,124209470.200000,-9.412181,-15.564727,-0.826955,False,False,倍微,中期回檔,距120日高點回檔20–30%，仍在240日均線之上。,124.209470
2026-07-17,,6271,pullback_20_30,427.442047,,53.990000,56.350000,2.360000,4.371180,200,4687255987.100000,-9.777778,-18.970163,-8.154840,False,False,同欣電,中期回檔,距120日高點回檔20–30%，仍在240日均線之上。,4687.255987
2026-07-17,,6285,pullback_20_30,1256.449356,,71.720000,70.380000,-1.340000,-1.868377,100,2755852416.900000,-11.778841,-7.085321,-9.716264,False,False,啟碁,中期回檔,距120日高點回檔20–30%，仍在240日均線之上。,2755.852417
2026-07-17,,6292,pullback_20_30,202.314180,,45.600000,46.640000,1.040000,2.280702,400,26035399.650000,-21.871281,-15.680227,-10.351206,False,False,迅德,中期回檔,距120日高點回檔20–30%，仍在240日均線之上。,26.035400
2026-07-17,,6409,pullback_20_30,1731.999606,,77.090000,79.970000,2.880000,3.735893,100,1578983094.400000,3.978495,-9.065262,10.495344,False,False,旭隼,中期回檔,距120日高點回檔20–30%，仍在240日均線之上。,1578.983094
2026-07-17,,6411,pullback_20_30,156.556442,,28.730000,29.640000,0.910000,3.167421,600,177549959.650000,-15.432099,-16.036772,-11.099895,False,False,晶焱,中期回檔,距120日高點回檔20–30%，仍在240日均線之上。,177.549960
2026-07-17,,6432,pullback_20_30,118.318119,,33.080000,29.050000,-4.030000,-12.182588,600,295837922.000000,-16.329114,-13.043478,5.839026,False,False,今展科,中期回檔,距120日高點回檔20–30%，仍在240日均線之上。,295.837922
2026-07-17,,6456,pullback_20_30,88.724792,,46.030000,44.600000,-1.430000,-3.106670,1000,370523757.800000,-16.170763,-7.421959,-11.406827,False,False,GIS-KY,中期回檔,距120日高點回檔20–30%，仍在240日均線之上。,370.523758
2026-07-17,,6465,pullback_20_30,61.666060,,65.090000,65.090000,0.000000,0.000000,1000,30578765.350000,-24.005682,-13.952553,-1.823683,False,False,威潤,中期回檔,距120日高點回檔20–30%，仍在240日均線之上。,30.578765
2026-07-17,,6494,pullback_20_30,93.585658,,5.220000,5.220000,0.000000,0.000000,800,35411151.400000,-23.738872,-20.297721,-12.105851,False,False,九齊,中期回檔,距120日高點回檔20–30%，仍在240日均線之上。,35.411151
2026-07-17,,6525,pullback_20_30,378.904413,,70.350000,74.850000,4.500000,6.396588,200,1093864825.000000,32.692308,-0.762261,32.365668,False,False,捷敏-KY,中期回檔,距120日高點回檔20–30%，仍在240日均線之上。,1093.864825
2026-07-17,,6526,pullback_20_30,590.725342,,84.340000,84.650000,0.310000,0.367560,100,557196958.750000,-13.832555,-14.574499,-13.472430,False,False,達發,中期回檔,距120日高點回檔20–30%，仍在240日均線之上。,557.196959
2026-07-17,,6547,pullback_20_30,68.316535,,27.950000,28.330000,0.380000,1.359571,1000,103532763.550000,1.428571,-0.248568,-1.977096,False,False,高端疫苗,中期回檔,距120日高點回檔20–30%，仍在240日均線之上。,103.532764
2026-07-17,,6548,pullback_20_30,2587.025013,,91.540000,90.030000,-1.510000,-1.649552,100,1241843365.300000,-17.508418,-14.390542,2.696101,False,False,長科*,中期回檔,距120日高點回檔20–30%，仍在240日均線之上。,1241.843365
2026-07-17,,6573,pullback_20_30,21.433878,,59.520000,59.270000,-0.250000,-0.420027,1000,47119401.350000,37.288136,-10.059960,19.846123,False,False,虹揚-KY,中期回檔,距120日高點回檔20–30%，仍在240日均線之上。,47.119401
2026-07-17,,6584,pullback_20_30,594.952955,,82.450000,83.840000,1.390000,1.685870,100,615094908.400000,-5.546493,-14.330103,-14.131053,False,False,南俊國際,中期回檔,距120日高點回檔20–30%，仍在240日均線之上。,615.094908
2026-07-17,,6603,pullback_20_30,53.721784,,38.790000,39.390000,0.600000,1.546790,1000,51491849.550000,7.500000,-4.231626,-1.693858,False,False,富強鑫,中期回檔,距120日高點回檔20–30%，仍在240日均線之上。,51.491850
2026-07-17,,6620,pullback_20_30,88.221393,,49.080000,48.650000,-0.430000,-0.876121,1000,112723413.500000,18.577141,-8.444530,9.465598,False,False,漢達,中期回檔,距120日高點回檔20–30%，仍在240日均線之上。,112.723414
2026-07-17,,6651,pullback_20_30,173.413351,,51.610000,51.010000,-0.600000,-1.162565,400,101197654.550000,-15.438596,-20.092838,-10.330030,False,False,全宇昕,中期回檔,距120日高點回檔20–30%，仍在240日均線之上。,101.197655
2026-07-17,,6654,pullback_20_30,240.543269,,79.320000,78.220000,-1.100000,-1.386788,400,32528283.150000,-20.000000,-5.220674,23.620309,False,False,天正國際,中期回檔,距120日高點回檔20–30%，仍在240日均線之上。,32.528283
2026-07-17,,6664,pullback_20_30,528.711565,,60.970000,60.440000,-0.530000,-0.869280,200,204876801.600000,-3.462051,-5.568219,-11.533221,False,False,群翊,中期回檔,距120日高點回檔20–30%，仍在240日均線之上。,204.876802
2026-07-17,,6672,pullback_20_30,344.443554,,31.750000,37.490000,5.740000,18.078740,200,1733851640.300000,6.401766,-13.997680,3.329999,False,False,騰輝電子-KY,中期回檔,距120日高點回檔20–30%，仍在240日均線之上。,1733.851640
2026-07-17,,6695,pullback_20_30,52.300000,,41.830000,45.200000,3.370000,8.056419,1000,170243515.000000,-4.036697,-10.491186,-3.077850,False,False,芯鼎,中期回檔,距120日高點回檔20–30%，仍在240日均線之上。,170.243515
2026-07-17,,6698,pullback_20_30,37.685173,,31.080000,31.080000,0.000000,0.000000,1000,43134443.200000,-5.992760,-13.780105,-2.963811,False,False,旭暉應材,中期回檔,距120日高點回檔20–30%，仍在240日均線之上。,43.134443
2026-07-17,,6716,pullback_20_30,142.843447,,25.370000,25.280000,-0.090000,-0.354750,600,44825928.450000,-17.014925,-13.377649,-11.779220,False,False,應廣,中期回檔,距120日高點回檔20–30%，仍在240日均線之上。,44.825928
2026-07-17,,6719,pullback_20_30,240.548294,,49.090000,52.540000,3.450000,7.027908,400,1725515040.450000,-5.696203,-18.026774,-4.364570,False,False,力智,中期回檔,距120日高點回檔20–30%，仍在240日均線之上。,1725.515040
2026-07-17,,6725,pullback_20_30,300.000000,,69.020000,70.540000,1.520000,2.202260,200,121667100.500000,-10.179641,-8.668848,-7.254740,False,False,矽科宏晟,中期回檔,距120日高點回檔20–30%，仍在240日均線之上。,121.667101
2026-07-17,,6770,pullback_20_30,72.549754,,46.010000,45.420000,-0.590000,-1.282330,1000,19147518014.400002,-1.851852,-8.578253,0.014516,False,False,力積電,中期回檔,距120日高點回檔20–30%，仍在240日均線之上。,19147.518014
2026-07-17,,6789,pullback_20_30,491.324096,,75.840000,75.420000,-0.420000,-0.553797,200,1484870369.650000,-3.611313,-9.018696,-10.904318,False,False,采鈺,中期回檔,距120日高點回檔20–30%，仍在240日均線之上。,1484.870370
2026-07-17,,6829,pullback_20_30,249.266750,,66.570000,67.490000,0.920000,1.382004,400,499742989.100000,5.240574,-5.441148,-4.360867,True,True,千附精密,中期回檔,距120日高點回檔20–30%，仍在240日均線之上。,499.742989
2026-07-17,,6834,pullback_20_30,102.556945,,53.470000,47.010000,-6.460000,-12.081541,800,551887475.150000,4.220779,-18.898434,21.352305,False,False,天二科技,中期回檔,距120日高點回檔20–30%，仍在240日均線之上。,551.887475
2026-07-17,,6894,pullback_20_30,349.582031,,70.500000,70.540000,0.040000,0.056738,200,23763435.050000,-9.129815,-11.497048,-10.675890,False,False,衛司特,中期回檔,距120日高點回檔20–30%，仍在240日均線之上。,23.763435
2026-07-17,,6937,pullback_20_30,274.903613,,68.970000,70.090000,1.120000,1.623894,200,148699859.800000,-0.170796,0.059177,-6.802615,False,False,天虹,中期回檔,距120日高點回檔20–30%，仍在240日均線之上。,148.699860
2026-07-17,,7556,pullback_20_30,317.796280,,67.580000,67.560000,-0.020000,-0.029595,200,25500448.600000,-16.360798,-15.050931,-16.524786,False,False,意德士科技,中期回檔,距120日高點回檔20–30%，仍在240日均線之上。,25.500449
2026-07-17,,7631,pullback_20_30,143.233343,,67.380000,67.560000,0.180000,0.267142,600,40382763.650000,7.937036,-8.502649,2.972633,False,False,聚賢研發-創,中期回檔,距120日高點回檔20–30%，仍在240日均線之上。,40.382764
2026-07-17,,7728,pullback_20_30,663.290274,,67.300000,67.980000,0.680000,1.010401,100,23772059.550000,-8.540494,-4.404386,-9.526296,False,False,光焱科技,中期回檔,距120日高點回檔20–30%，仍在240日均線之上。,23.772060
2026-07-17,,7744,pullback_20_30,434.028169,,81.640000,81.390000,-0.250000,-0.306222,200,28290217.350000,-12.114990,-6.155786,-12.976931,False,False,崴寶,中期回檔,距120日高點回檔20–30%，仍在240日均線之上。,28.290217
2026-07-17,,7769,pullback_20_30,6070.000000,,81.720000,82.190000,0.470000,0.575135,100,4858898994.450000,-17.189632,-8.635936,-8.872542,False,False,鴻勁,中期回檔,距120日高點回檔20–30%，仍在240日均線之上。,4858.898994
2026-07-17,,7795,pullback_20_30,509.420048,,82.350000,80.300000,-2.050000,-2.489375,200,509245733.950000,26.750000,-4.869125,16.614276,False,False,長廣,中期回檔,距120日高點回檔20–30%，仍在240日均線之上。,509.245734
2026-07-17,,8016,pullback_20_30,1499.086182,,60.170000,64.680000,4.510000,7.495430,100,1103382941.600000,-3.214890,-11.461961,0.852348,False,False,矽創,中期回檔,距120日高點回檔20–30%，仍在240日均線之上。,1103.382942
2026-07-17,,8021,pullback_20_30,1205.913471,,57.540000,58.170000,0.630000,1.094891,100,1305934130.100000,-15.798469,-14.474113,-4.463479,False,False,尖點,中期回檔,距120日高點回檔20–30%，仍在240日均線之上。,1305.934130
2026-07-17,,8027,pullback_20_30,254.450549,,29.590000,27.290000,-2.300000,-7.772896,400,807040612.950000,-12.753036,-6.871219,-6.971725,False,False,鈦昇,中期回檔,距120日高點回檔20–30%，仍在240日均線之上。,807.040613
2026-07-17,,8070,pullback_20_30,1428.586752,,79.070000,78.010000,-1.060000,-1.340584,100,420784878.500000,-11.904762,-11.230045,-5.276231,False,False,長華*,中期回檔,距120日高點回檔20–30%，仍在240日均線之上。,420.784878
2026-07-17,,8071,pullback_20_30,12.719077,,25.230000,22.860000,-2.370000,-9.393579,1000,176335408.050000,-17.218543,-15.390473,7.808963,False,False,能率網通,中期回檔,距120日高點回檔20–30%，仍在240日均線之上。,176.335408
2026-07-17,,8081,pullback_20_30,912.802441,,59.230000,57.170000,-2.060000,-3.477967,100,657224174.850000,-13.583269,-17.822034,-10.219834,False,False,致新,中期回檔,距120日高點回檔20–30%，仍在240日均線之上。,657.224175
2026-07-17,,8096,pullback_20_30,305.622119,,61.150000,55.580000,-5.570000,-9.108749,200,1205243215.250000,-14.666667,-16.680228,1.689529,False,False,擎亞,中期回檔,距120日高點回檔20–30%，仍在240日均線之上。,1205.243215
2026-07-17,,8162,pullback_20_30,70.132123,,62.130000,61.890000,-0.240000,-0.386287,1000,65538288.750000,-8.713693,-15.406306,-0.408220,False,False,微矽電子-創,中期回檔,距120日高點回檔20–30%，仍在240日均線之上。,65.538289
2026-07-17,,8182,pullback_20_30,100.872939,,64.700000,64.930000,0.230000,0.355487,800,360428259.300000,-17.053980,-15.163455,-5.262185,False,False,加高,中期回檔,距120日高點回檔20–30%，仍在240日均線之上。,360.428259
2026-07-17,,8210,pullback_20_30,3455.185665,,80.910000,78.920000,-1.990000,-2.459523,100,1266460235.000000,-17.655155,-11.440753,-15.789764,False,False,勤誠,中期回檔,距120日高點回檔20–30%，仍在240日均線之上。,1266.460235
2026-07-17,,8215,pullback_20_30,40.634448,,50.170000,50.040000,-0.130000,-0.259119,1000,73993961.800000,-21.060842,-12.449174,-11.406811,False,False,明基材,中期回檔,距120日高點回檔20–30%，仍在240日均線之上。,73.993962
2026-07-17,,8255,pullback_20_30,416.284514,,56.490000,56.690000,0.200000,0.354045,200,513434014.700000,-13.661604,-17.109956,-8.394826,False,False,朋程,中期回檔,距120日高點回檔20–30%，仍在240日均線之上。,513.434015
2026-07-17,,8261,pullback_20_30,309.532198,,53.430000,55.940000,2.510000,4.697735,200,3875599829.850000,30.260303,-11.332427,29.871388,False,False,富鼎,中期回檔,距120日高點回檔20–30%，仍在240日均線之上。,3875.599830
2026-07-17,,8271,pullback_20_30,405.564948,,50.120000,46.800000,-3.320000,-6.624102,200,520007985.550000,-6.714628,-0.337814,-10.617079,False,False,宇瞻,中期回檔,距120日高點回檔20–30%，仍在240日均線之上。,520.007986
2026-07-17,,8390,pullback_20_30,221.607218,,50.950000,49.390000,-1.560000,-3.061825,400,64194561.750000,-13.427657,-7.637717,-9.278650,False,False,金益鼎,中期回檔,距120日高點回檔20–30%，仍在240日均線之上。,64.194562
2026-07-17,,8438,pullback_20_30,91.891051,,77.390000,78.850000,1.460000,1.886549,800,83896401.500000,-10.855217,-17.050760,-13.284537,False,False,昶昕,中期回檔,距120日高點回檔20–30%，仍在240日均線之上。,83.896401
2026-07-17,,8473,pullback_20_30,63.242138,,66.460000,65.590000,-0.870000,-1.309058,1000,54265582.950000,-12.524851,-7.814792,-0.701484,False,False,山林水,中期回檔,距120日高點回檔20–30%，仍在240日均線之上。,54.265583
2026-07-17,,1307,dip_5_10d_above_ma240,129.932532,,81.110000,80.150000,-0.960000,-1.183578,600,41913607.850000,-5.405784,-2.256702,2.175349,False,False,三芳,淺幅回檔承接,近20日回檔5–10%，但仍站在240日均線之上。,41.913608
2026-07-17,,1455,dip_5_10d_above_ma240,15.564318,,63.020000,62.620000,-0.400000,-0.634719,1000,32478691.300000,-5.122048,-5.324151,2.570900,False,False,集盛,淺幅回檔承接,近20日回檔5–10%，但仍站在240日均線之上。,32.478691
2026-07-17,,1717,dip_5_10d_above_ma240,271.340041,,67.850000,68.760000,0.910000,1.341194,200,1748096551.700000,-9.282700,-12.548302,-15.375626,False,False,長興,淺幅回檔承接,近20日回檔5–10%，但仍站在240日均線之上。,1748.096552
2026-07-17,,1721,dip_5_10d_above_ma240,14.121098,,33.880000,31.580000,-2.300000,-6.788666,1000,78144006.000000,-9.574468,-13.203308,-19.942233,False,False,三晃,淺幅回檔承接,近20日回檔5–10%，但仍站在240日均線之上。,78.144006
2026-07-17,,1905,dip_5_10d_above_ma240,23.072398,,69.550000,69.250000,-0.300000,-0.431344,1000,224106746.100000,-7.717042,-11.610718,3.255981,False,False,華紙,淺幅回檔承接,近20日回檔5–10%，但仍站在240日均線之上。,224.106746
2026-07-17,,2010,dip_5_10d_above_ma240,71.577529,,66.130000,64.230000,-1.900000,-2.873129,1000,47466948.050000,-7.958600,-3.661581,-3.931653,False,False,春源,淺幅回檔承接,近20日回檔5–10%，但仍站在240日均線之上。,47.466948
2026-07-17,,2030,dip_5_10d_above_ma240,54.239353,,43.170000,44.150000,0.980000,2.270095,1000,29489083.900000,-6.504065,-6.605306,-1.537354,False,False,彰源,淺幅回檔承接,近20日回檔5–10%，但仍站在240日均線之上。,29.489084
2026-07-17,,2049,dip_5_10d_above_ma240,546.507594,,76.980000,77.050000,0.070000,0.090933,100,1107267379.650000,-5.004055,-7.942148,-10.147526,False,False,上銀,淺幅回檔承接,近20日回檔5–10%，但仍站在240日均線之上。,1107.267380
2026-07-17,,2301,dip_5_10d_above_ma240,595.976994,,82.740000,82.720000,-0.020000,-0.024172,100,5585838363.250000,-6.428571,-9.059354,-6.687772,False,False,光寶科,淺幅回檔承接,近20日回檔5–10%，但仍站在240日均線之上。,5585.838363
2026-07-17,,2302,dip_5_10d_above_ma240,20.802436,,58.920000,56.690000,-2.230000,-3.784793,1000,505773262.100000,-9.784561,-14.998246,17.442386,False,False,麗正,淺幅回檔承接,近20日回檔5–10%，但仍站在240日均線之上。,505.773262
2026-07-17,,2312,dip_5_10d_above_ma240,54.432467,,45.980000,42.850000,-3.130000,-6.807308,1000,1322830252.600000,-8.657773,-9.302421,-4.962825,False,False,金寶,淺幅回檔承接,近20日回檔5–10%，但仍站在240日均線之上。,1322.830253
2026-07-17,,2323,dip_5_10d_above_ma240,7.719263,,37.650000,39.460000,1.810000,4.807437,1000,121148545.800000,-8.888889,-9.171467,-5.365689,False,False,中環,淺幅回檔承接,近20日回檔5–10%，但仍站在240日均線之上。,121.148546
2026-07-17,,2357,dip_5_10d_above_ma240,533.554666,,81.650000,80.200000,-1.450000,-1.775873,100,3951554846.400000,-7.262659,0.916175,3.719838,False,False,華碩,淺幅回檔承接,近20日回檔5–10%，但仍站在240日均線之上。,3951.554846
2026-07-17,,2376,dip_5_10d_above_ma240,1098.096919,,76.130000,75.830000,-0.300000,-0.394063,100,2206020854.250000,-6.474820,-2.992314,-1.178259,False,False,技嘉,淺幅回檔承接,近20日回檔5–10%，但仍站在240日均線之上。,2206.020854
2026-07-17,,2382,dip_5_10d_above_ma240,1207.579055,,88.200000,88.090000,-0.110000,-0.124717,100,6794936299.900000,-9.277087,-8.650970,-3.450246,False,False,廣達,淺幅回檔承接,近20日回檔5–10%，但仍站在240日均線之上。,6794.936300
2026-07-17,,2393,dip_5_10d_above_ma240,217.467235,,68.470000,68.670000,0.200000,0.292099,400,204590940.950000,-6.993007,-3.672050,-2.815666,False,False,億光,淺幅回檔承接,近20日回檔5–10%，但仍站在240日均線之上。,204.590941
2026-07-17,,2404,dip_5_10d_above_ma240,4752.825148,,67.760000,69.140000,1.380000,2.036600,100,3889356763.250000,-6.463353,-6.690903,3.112954,False,False,漢唐,淺幅回檔承接,近20日回檔5–10%，但仍站在240日均線之上。,3889.356763
2026-07-17,,2408,dip_5_10d_above_ma240,25.184823,,82.040000,80.180000,-1.860000,-2.267187,1000,47071488648.250000,-9.172570,-9.640362,11.966317,False,False,南亞科,淺幅回檔承接,近20日回檔5–10%，但仍站在240日均線之上。,47071.488648
2026-07-17,,2420,dip_5_10d_above_ma240,272.166382,,55.500000,55.380000,-0.120000,-0.216216,200,37324429.750000,-5.098684,-5.059646,-3.670108,False,False,新巨,淺幅回檔承接,近20日回檔5–10%，但仍站在240日均線之上。,37.324430
2026-07-17,,2465,dip_5_10d_above_ma240,24.340128,,30.720000,29.580000,-1.140000,-3.710938,1000,167609031.000000,-6.601467,-1.673102,-3.782377,False,False,麗臺,淺幅回檔承接,近20日回檔5–10%，但仍站在240日均線之上。,167.609031
2026-07-17,,2486,dip_5_10d_above_ma240,426.374705,,46.050000,48.390000,2.340000,5.081433,200,2360362856.850000,-6.361829,-5.421687,-8.401050,False,False,一詮,淺幅回檔承接,近20日回檔5–10%，但仍站在240日均線之上。,2360.362857
2026-07-17,,2497,dip_5_10d_above_ma240,81.889498,,56.890000,58.590000,1.700000,2.988223,1000,57898538.300000,-9.120521,-6.084322,-6.050062,False,False,怡利電,淺幅回檔承接,近20日回檔5–10%，但仍站在240日均線之上。,57.898538
2026-07-17,,2597,dip_5_10d_above_ma240,1257.641841,,86.770000,86.850000,0.080000,0.092198,100,62090004.900000,-5.459770,-2.315914,1.804453,False,False,潤弘,淺幅回檔承接,近20日回檔5–10%，但仍站在240日均線之上。,62.090005
2026-07-17,,2851,dip_5_10d_above_ma240,115.564077,,69.720000,68.800000,-0.920000,-1.319564,600,119442472.750000,-5.632320,-2.884827,6.667255,False,False,中再保,淺幅回檔承接,近20日回檔5–10%，但仍站在240日均線之上。,119.442473
2026-07-17,,2881,dip_5_10d_above_ma240,421.529176,,87.750000,87.670000,-0.080000,-0.091168,200,4407615691.450000,-5.189574,-1.629592,13.999226,False,False,富邦金,淺幅回檔承接,近20日回檔5–10%，但仍站在240日均線之上。,4407.615691
2026-07-17,,2891,dip_5_10d_above_ma240,243.910891,,82.130000,81.810000,-0.320000,-0.389626,400,3935132844.850000,-9.290968,-7.517728,2.543050,False,False,中信金,淺幅回檔承接,近20日回檔5–10%，但仍站在240日均線之上。,3935.132845
2026-07-17,,3010,dip_5_10d_above_ma240,454.724656,,69.320000,67.820000,-1.500000,-2.163878,200,193039998.050000,-8.932402,-8.186845,-11.010745,False,False,華立,淺幅回檔承接,近20日回檔5–10%，但仍站在240日均線之上。,193.039998
2026-07-17,,3015,dip_5_10d_above_ma240,262.054211,,62.500000,63.800000,1.300000,2.080000,400,219175047.750000,-7.907743,-11.787912,0.356718,False,False,全漢,淺幅回檔承接,近20日回檔5–10%，但仍站在240日均線之上。,219.175048
2026-07-17,,3017,dip_5_10d_above_ma240,5580.792368,,78.450000,79.120000,0.670000,0.854047,100,10217444712.049999,-6.976744,-8.732628,-13.046342,False,False,奇鋐,淺幅回檔承接,近20日回檔5–10%，但仍站在240日均線之上。,10217.444712
2026-07-17,,3022,dip_5_10d_above_ma240,261.558547,,61.880000,62.630000,0.750000,1.212023,400,215709396.650000,-5.017921,-6.651794,2.045182,False,False,威強電,淺幅回檔承接,近20日回檔5–10%，但仍站在240日均線之上。,215.709397
2026-07-17,,3028,dip_5_10d_above_ma240,327.218498,,47.800000,49.300000,1.500000,3.138075,200,275955804.950000,-8.479139,-12.303327,-8.967863,False,False,增你強,淺幅回檔承接,近20日回檔5–10%，但仍站在240日均線之上。,275.955805
2026-07-17,,3031,dip_5_10d_above_ma240,80.875300,,57.860000,58.350000,0.490000,0.846872,1000,135438503.400000,-7.420495,-14.886705,-14.644079,False,False,佰鴻,淺幅回檔承接,近20日回檔5–10%，但仍站在240日均線之上。,135.438503
2026-07-17,,3034,dip_5_10d_above_ma240,2150.984689,,80.350000,80.220000,-0.130000,-0.161792,100,3793013263.500000,-6.619900,-8.513382,-1.469118,False,False,聯詠,淺幅回檔承接,近20日回檔5–10%，但仍站在240日均線之上。,3793.013263
2026-07-17,,3035,dip_5_10d_above_ma240,350.200149,,32.080000,33.990000,1.910000,5.953865,200,2229057649.500000,-8.910891,-13.897988,-6.853110,False,False,智原,淺幅回檔承接,近20日回檔5–10%，但仍站在240日均線之上。,2229.057650
2026-07-17,,3088,dip_5_10d_above_ma240,451.954119,,54.880000,57.250000,2.370000,4.318513,200,170026017.000000,-8.510638,-8.234039,-2.750380,False,False,艾訊,淺幅回檔承接,近20日回檔5–10%，但仍站在240日均線之上。,170.026017
2026-07-17,,3131,dip_5_10d_above_ma240,6190.922490,,70.990000,72.670000,1.680000,2.366530,100,1682290753.250000,-9.707242,-14.220889,-8.114465,False,False,弘塑,淺幅回檔承接,近20日回檔5–10%，但仍站在240日均線之上。,1682.290753
2026-07-17,,3169,dip_5_10d_above_ma240,205.287595,,36.640000,35.200000,-1.440000,-3.930131,400,30232362.800000,-5.620190,-6.878999,-8.638157,False,False,亞信,淺幅回檔承接,近20日回檔5–10%，但仍站在240日均線之上。,30.232363
2026-07-17,,3209,dip_5_10d_above_ma240,407.219104,,54.590000,53.000000,-1.590000,-2.912621,200,95461751.900000,-7.296849,-6.286672,-12.140303,False,False,全科,淺幅回檔承接,近20日回檔5–10%，但仍站在240日均線之上。,95.461752
2026-07-17,,3211,dip_5_10d_above_ma240,1686.461275,,61.670000,60.640000,-1.030000,-1.670180,100,3248708165.300000,-7.317533,-6.860437,-3.114603,False,False,順達,淺幅回檔承接,近20日回檔5–10%，但仍站在240日均線之上。,3248.708165
2026-07-17,,3213,dip_5_10d_above_ma240,649.039780,,41.800000,43.540000,1.740000,4.162679,100,119420201.050000,-6.160790,-6.087952,1.251454,False,False,茂訊,淺幅回檔承接,近20日回檔5–10%，但仍站在240日均線之上。,119.420201
2026-07-17,,3229,dip_5_10d_above_ma240,17.311630,,69.030000,69.030000,0.000000,0.000000,1000,20865104.650000,-7.361268,-2.071112,-3.488418,False,False,晟鈦,淺幅回檔承接,近20日回檔5–10%，但仍站在240日均線之上。,20.865105
2026-07-17,,3265,dip_5_10d_above_ma240,257.829270,,64.890000,64.910000,0.020000,0.030821,400,297148442.400000,-7.308433,-11.301986,-10.958971,False,False,台星科,淺幅回檔承接,近20日回檔5–10%，但仍站在240日均線之上。,297.148442
2026-07-17,,3303,dip_5_10d_above_ma240,145.973263,,43.190000,42.360000,-0.830000,-1.921741,600,81029838.600000,-6.016773,-3.867445,5.771048,False,False,岱稜,淺幅回檔承接,近20日回檔5–10%，但仍站在240日均線之上。,81.029839
2026-07-17,,3356,dip_5_10d_above_ma240,251.440912,,30.490000,33.000000,2.510000,8.232207,400,47354901.850000,-6.176962,-6.737471,-2.269942,False,False,奇偶,淺幅回檔承接,近20日回檔5–10%，但仍站在240日均線之上。,47.354902
2026-07-17,,3518,dip_5_10d_above_ma240,50.335068,,28.450000,26.410000,-2.040000,-7.170475,1000,42095679.550000,-5.653710,-12.908750,-17.012018,False,False,柏騰,淺幅回檔承接,近20日回檔5–10%，但仍站在240日均線之上。,42.095680
2026-07-17,,3526,dip_5_10d_above_ma240,1157.132009,,68.880000,66.440000,-2.440000,-3.542393,100,227292625.450000,-6.180666,-6.299462,-12.746567,False,False,凡甲,淺幅回檔承接,近20日回檔5–10%，但仍站在240日均線之上。,227.292625
2026-07-17,,3563,dip_5_10d_above_ma240,2025.399623,,61.590000,60.130000,-1.460000,-2.370515,100,666455166.300000,-8.487063,-11.454227,-18.921203,False,False,牧德,淺幅回檔承接,近20日回檔5–10%，但仍站在240日均線之上。,666.455166
2026-07-17,,3576,dip_5_10d_above_ma240,13.382883,,34.550000,32.960000,-1.590000,-4.602026,1000,325317554.600000,-6.788512,4.081633,2.778178,False,False,聯合再生,淺幅回檔承接,近20日回檔5–10%，但仍站在240日均線之上。,325.317555
2026-07-17,,3583,dip_5_10d_above_ma240,1080.293317,,70.110000,70.720000,0.610000,0.870061,100,1468054932.250000,-9.673519,-11.377388,-11.398411,False,False,辛耘,淺幅回檔承接,近20日回檔5–10%，但仍站在240日均線之上。,1468.054932
2026-07-17,,3591,dip_5_10d_above_ma240,36.304941,,50.530000,49.170000,-1.360000,-2.691470,1000,105516476.050000,-8.207343,-17.186282,-13.987925,False,False,艾笛森,淺幅回檔承接,近20日回檔5–10%，但仍站在240日均線之上。,105.516476
2026-07-17,,3704,dip_5_10d_above_ma240,56.346346,,59.870000,60.350000,0.480000,0.801737,1000,260981858.650000,-6.600413,-1.749407,6.982165,False,False,合勤控,淺幅回檔承接,近20日回檔5–10%，但仍站在240日均線之上。,260.981859
2026-07-17,,4551,dip_5_10d_above_ma240,251.344428,,81.280000,83.050000,1.770000,2.177657,400,430091298.850000,-6.699752,-18.641134,7.031028,False,False,智伸科,淺幅回檔承接,近20日回檔5–10%，但仍站在240日均線之上。,430.091299
2026-07-17,,4764,dip_5_10d_above_ma240,425.978901,,81.910000,82.350000,0.440000,0.537175,200,894918095.950000,-6.329114,-5.799984,-1.006104,True,True,雙鍵,淺幅回檔承接,近20日回檔5–10%，但仍站在240日均線之上。,894.918096
2026-07-17,,4923,dip_5_10d_above_ma240,69.077714,,21.130000,23.330000,2.200000,10.411737,1000,99938283.050000,-6.857143,-17.690624,4.260687,False,False,力士,淺幅回檔承接,近20日回檔5–10%，但仍站在240日均線之上。,99.938283
2026-07-17,,4939,dip_5_10d_above_ma240,108.975766,,27.410000,30.370000,2.960000,10.798978,800,528268555.450000,-7.098765,-1.222414,15.267654,False,False,亞電,淺幅回檔承接,近20日回檔5–10%，但仍站在240日均線之上。,528.268555
2026-07-17,,4961,dip_5_10d_above_ma240,155.154132,,38.310000,40.780000,2.470000,6.447403,600,199651280.400000,-6.473430,-7.828961,-5.090950,False,False,天鈺,淺幅回檔承接,近20日回檔5–10%，但仍站在240日均線之上。,199.651280
2026-07-17,,5011,dip_5_10d_above_ma240,3.166010,,34.150000,38.230000,4.080000,11.947291,1000,47257133.850000,-6.310680,-17.776121,2.319417,False,False,久陽,淺幅回檔承接,近20日回檔5–10%，但仍站在240日均線之上。,47.257134
2026-07-17,,5299,dip_5_10d_above_ma240,145.142102,,50.670000,49.150000,-1.520000,-2.999803,600,210159655.800000,-7.091121,-18.270664,-8.263195,False,False,杰力,淺幅回檔承接,近20日回檔5–10%，但仍站在240日均線之上。,210.159656
2026-07-17,,5471,dip_5_10d_above_ma240,218.146767,,29.620000,30.170000,0.550000,1.856853,400,387397711.100000,-9.590139,-8.796890,4.816214,False,False,松翰,淺幅回檔承接,近20日回檔5–10%，但仍站在240日均線之上。,387.397711
2026-07-17,,5478,dip_5_10d_above_ma240,253.896861,,79.310000,79.550000,0.240000,0.302610,400,22373836.000000,-6.190476,-3.986743,-2.186326,False,False,智冠,淺幅回檔承接,近20日回檔5–10%，但仍站在240日均線之上。,22.373836
2026-07-17,,5519,dip_5_10d_above_ma240,286.174111,,63.660000,62.460000,-1.200000,-1.885014,200,27064598.150000,-6.380191,-4.136963,-1.809099,False,False,隆大,淺幅回檔承接,近20日回檔5–10%，但仍站在240日均線之上。,27.064598
2026-07-17,,6015,dip_5_10d_above_ma240,29.737153,,45.190000,42.210000,-2.980000,-6.594379,1000,56128471.700000,-9.340659,-6.740144,-3.499366,False,False,宏遠證,淺幅回檔承接,近20日回檔5–10%，但仍站在240日均線之上。,56.128472
2026-07-17,,6026,dip_5_10d_above_ma240,33.517824,,41.520000,41.030000,-0.490000,-1.180154,1000,57078110.800000,-9.668026,-8.816332,-6.791752,False,False,福邦證,淺幅回檔承接,近20日回檔5–10%，但仍站在240日均線之上。,57.078111
2026-07-17,,6120,dip_5_10d_above_ma240,21.500355,,56.890000,56.370000,-0.520000,-0.914045,1000,50417622.500000,-8.687259,-7.368421,-4.008968,False,False,達運,淺幅回檔承接,近20日回檔5–10%，但仍站在240日均線之上。,50.417623
2026-07-17,,6121,dip_5_10d_above_ma240,1001.229018,,80.150000,80.790000,0.640000,0.798503,100,652801822.350000,-6.294208,-8.675285,-3.815811,False,False,新普,淺幅回檔承接,近20日回檔5–10%，但仍站在240日均線之上。,652.801822
2026-07-17,,6133,dip_5_10d_above_ma240,40.105532,,44.220000,42.890000,-1.330000,-3.007689,1000,81983580.400000,-9.656652,-11.162693,-9.002486,False,False,金橋,淺幅回檔承接,近20日回檔5–10%，但仍站在240日均線之上。,81.983580
2026-07-17,,6138,dip_5_10d_above_ma240,516.865694,,56.260000,53.690000,-2.570000,-4.568077,200,1146421811.300000,-6.441718,-16.871082,-4.533361,False,False,茂達,淺幅回檔承接,近20日回檔5–10%，但仍站在240日均線之上。,1146.421811
2026-07-17,,6164,dip_5_10d_above_ma240,24.299171,,13.000000,13.990000,0.990000,7.615385,1000,41679207.600000,-6.250000,-9.734513,-1.860167,False,False,華興,淺幅回檔承接,近20日回檔5–10%，但仍站在240日均線之上。,41.679208
2026-07-17,,6175,dip_5_10d_above_ma240,176.972747,,65.580000,64.500000,-1.080000,-1.646844,400,1115211424.050000,-7.906977,-9.153476,8.257851,False,False,立敦,淺幅回檔承接,近20日回檔5–10%，但仍站在240日均線之上。,1115.211424
2026-07-17,,6189,dip_5_10d_above_ma240,390.710597,,38.200000,38.810000,0.610000,1.596859,200,63320724.550000,-8.324269,-6.745291,-3.195722,False,False,豐藝,淺幅回檔承接,近20日回檔5–10%，但仍站在240日均線之上。,63.320725
2026-07-17,,6197,dip_5_10d_above_ma240,922.228784,,56.290000,54.420000,-1.870000,-3.322082,100,1298283253.700000,-6.681462,-12.207780,6.648345,False,False,佳必琪,淺幅回檔承接,近20日回檔5–10%，但仍站在240日均線之上。,1298.283254
2026-07-17,,6206,dip_5_10d_above_ma240,822.588038,,63.070000,62.700000,-0.370000,-0.586650,100,116732260.350000,-9.848485,-7.716169,-7.308841,False,False,飛捷,淺幅回檔承接,近20日回檔5–10%，但仍站在240日均線之上。,116.732260
2026-07-17,,6208,dip_5_10d_above_ma240,155.243792,,60.580000,58.170000,-2.410000,-3.978211,600,184909227.950000,-7.830446,-11.456323,-6.683206,False,False,日揚,淺幅回檔承接,近20日回檔5–10%，但仍站在240日均線之上。,184.909228
2026-07-17,,6220,dip_5_10d_above_ma240,68.220082,,53.150000,53.590000,0.440000,0.827846,1000,37618095.300000,-9.914558,-9.601520,-2.675020,False,False,岳豐,淺幅回檔承接,近20日回檔5–10%，但仍站在240日均線之上。,37.618095
2026-07-17,,6245,dip_5_10d_above_ma240,273.467695,,52.420000,52.380000,-0.040000,-0.076307,200,50205645.700000,-7.099143,-5.532392,-8.320416,False,False,立端,淺幅回檔承接,近20日回檔5–10%，但仍站在240日均線之上。,50.205646
2026-07-17,,6263,dip_5_10d_above_ma240,585.912072,,53.780000,53.660000,-0.120000,-0.223131,100,69457126.150000,-7.033639,-6.862745,-4.716622,False,False,普萊德,淺幅回檔承接,近20日回檔5–10%，但仍站在240日均線之上。,69.457126
2026-07-17,,6270,dip_5_10d_above_ma240,95.165455,,38.990000,37.760000,-1.230000,-3.154655,800,124209470.200000,-9.412181,-15.564727,-0.826955,False,False,倍微,淺幅回檔承接,近20日回檔5–10%，但仍站在240日均線之上。,124.209470
2026-07-17,,6271,dip_5_10d_above_ma240,427.442047,,53.990000,56.350000,2.360000,4.371180,200,4687255987.100000,-9.777778,-18.970163,-8.154840,False,False,同欣電,淺幅回檔承接,近20日回檔5–10%，但仍站在240日均線之上。,4687.255987
2026-07-17,,6517,dip_5_10d_above_ma240,78.163157,,17.960000,17.960000,0.000000,0.000000,1000,118068482.800000,-5.979644,4.099169,14.090161,False,False,保勝光學,淺幅回檔承接,近20日回檔5–10%，但仍站在240日均線之上。,118.068483
2026-07-17,,6579,dip_5_10d_above_ma240,237.645573,,85.170000,85.680000,0.510000,0.598802,400,132151892.150000,-7.975460,-7.106363,-0.599698,False,False,研揚,淺幅回檔承接,近20日回檔5–10%，但仍站在240日均線之上。,132.151892
2026-07-17,,6584,dip_5_10d_above_ma240,594.952955,,82.450000,83.840000,1.390000,1.685870,100,615094908.400000,-5.546493,-14.330103,-14.131053,False,False,南俊國際,淺幅回檔承接,近20日回檔5–10%，但仍站在240日均線之上。,615.094908
2026-07-17,,6585,dip_5_10d_above_ma240,151.834913,,78.140000,78.120000,-0.020000,-0.025595,600,82819885.800000,-6.562771,-4.900444,14.293659,False,False,鼎基,淺幅回檔承接,近20日回檔5–10%，但仍站在240日均線之上。,82.819886
2026-07-17,,6613,dip_5_10d_above_ma240,1193.638479,,71.010000,70.130000,-0.880000,-1.239262,100,152233579.200000,-5.409466,-6.928649,14.277614,False,False,朋億*,淺幅回檔承接,近20日回檔5–10%，但仍站在240日均線之上。,152.233579
2026-07-17,,6669,dip_5_10d_above_ma240,5967.418789,,79.640000,79.620000,-0.020000,-0.025113,100,8186182787.750000,-6.409781,-5.225909,-6.437672,False,False,緯穎,淺幅回檔承接,近20日回檔5–10%，但仍站在240日均線之上。,8186.182788
2026-07-17,,6670,dip_5_10d_above_ma240,414.966874,,84.670000,83.430000,-1.240000,-1.464509,200,218779023.000000,-8.545413,0.382010,2.316072,False,False,復盛應用,淺幅回檔承接,近20日回檔5–10%，但仍站在240日均線之上。,218.779023
2026-07-17,,6698,dip_5_10d_above_ma240,37.685173,,31.080000,31.080000,0.000000,0.000000,1000,43134443.200000,-5.992760,-13.780105,-2.963811,False,False,旭暉應材,淺幅回檔承接,近20日回檔5–10%，但仍站在240日均線之上。,43.134443
2026-07-17,,6719,dip_5_10d_above_ma240,240.548294,,49.090000,52.540000,3.450000,7.027908,400,1725515040.450000,-5.696203,-18.026774,-4.364570,False,False,力智,淺幅回檔承接,近20日回檔5–10%，但仍站在240日均線之上。,1725.515040
2026-07-17,,6727,dip_5_10d_above_ma240,458.427363,,36.610000,42.290000,5.680000,15.514887,200,801448585.800000,-9.056490,-16.383899,-20.897498,False,False,亞泰金屬,淺幅回檔承接,近20日回檔5–10%，但仍站在240日均線之上。,801.448586
2026-07-17,,6756,dip_5_10d_above_ma240,102.779972,,57.450000,57.460000,0.010000,0.017406,800,27212788.300000,-7.474747,-8.009038,-5.730605,False,False,威鋒電子,淺幅回檔承接,近20日回檔5–10%，但仍站在240日均線之上。,27.212788
2026-07-17,,6894,dip_5_10d_above_ma240,349.582031,,70.500000,70.540000,0.040000,0.056738,200,23763435.050000,-9.129815,-11.497048,-10.675890,False,False,衛司特,淺幅回檔承接,近20日回檔5–10%，但仍站在240日均線之上。,23.763435
2026-07-17,,7728,dip_5_10d_above_ma240,663.290274,,67.300000,67.980000,0.680000,1.010401,100,23772059.550000,-8.540494,-4.404386,-9.526296,False,False,光焱科技,淺幅回檔承接,近20日回檔5–10%，但仍站在240日均線之上。,23.772060
2026-07-17,,7828,dip_5_10d_above_ma240,1951.003086,,72.970000,73.580000,0.610000,0.835960,100,654146062.750000,-6.038647,-6.298928,19.311903,False,False,創新服務,淺幅回檔承接,近20日回檔5–10%，但仍站在240日均線之上。,654.146063
2026-07-17,,8131,dip_5_10d_above_ma240,202.261384,,73.240000,74.410000,1.170000,1.597488,400,771336007.100000,-7.003066,-6.790433,0.089513,False,False,福懋科,淺幅回檔承接,近20日回檔5–10%，但仍站在240日均線之上。,771.336007
2026-07-17,,8147,dip_5_10d_above_ma240,218.913854,,47.540000,48.740000,1.200000,2.524190,400,55190904.150000,-9.460738,-9.191651,-16.611083,False,False,正淩,淺幅回檔承接,近20日回檔5–10%，但仍站在240日均線之上。,55.190904
2026-07-17,,8162,dip_5_10d_above_ma240,70.132123,,62.130000,61.890000,-0.240000,-0.386287,1000,65538288.750000,-8.713693,-15.406306,-0.408220,False,False,微矽電子-創,淺幅回檔承接,近20日回檔5–10%，但仍站在240日均線之上。,65.538289
2026-07-17,,8271,dip_5_10d_above_ma240,405.564948,,50.120000,46.800000,-3.320000,-6.624102,200,520007985.550000,-6.714628,-0.337814,-10.617079,False,False,宇瞻,淺幅回檔承接,近20日回檔5–10%，但仍站在240日均線之上。,520.007986
2026-07-17,,8422,dip_5_10d_above_ma240,583.230207,,45.460000,44.690000,-0.770000,-1.693797,100,356383768.200000,-5.108031,-5.003013,-3.538252,False,False,可寧衛*,淺幅回檔承接,近20日回檔5–10%，但仍站在240日均線之上。,356.383768
2026-07-17,,9933,dip_5_10d_above_ma240,130.297211,,56.930000,59.060000,2.130000,3.741437,600,131960368.650000,-9.059233,-5.759162,-1.696972,False,False,中鼎,淺幅回檔承接,近20日回檔5–10%，但仍站在240日均線之上。,131.960369
2026-07-17,,1409,dip_10_20d_above_ma240,52.954753,,64.070000,60.130000,-3.940000,-6.149524,1000,1620771922.050000,-13.059034,-11.046033,7.399359,False,False,新纖,多頭回檔承接,近20日回檔10–20%，但仍站在240日均線之上。,1620.771922
2026-07-17,,1597,dip_10_20d_above_ma240,266.819983,,60.760000,59.350000,-1.410000,-2.320606,200,223784702.800000,-12.925170,-11.586945,-18.717257,False,False,直得,多頭回檔承接,近20日回檔10–20%，但仍站在240日均線之上。,223.784703
2026-07-17,,1605,dip_10_20d_above_ma240,67.588126,,71.400000,70.400000,-1.000000,-1.400560,1000,1154356524.600000,-15.762274,-9.356319,-7.654238,False,False,華新,多頭回檔承接,近20日回檔10–20%，但仍站在240日均線之上。,1154.356525
2026-07-17,,1711,dip_10_20d_above_ma240,86.186639,,38.980000,39.740000,0.760000,1.949718,1000,412219612.900000,-11.023622,-11.063638,-18.813507,False,False,永光,多頭回檔承接,近20日回檔10–20%，但仍站在240日均線之上。,412.219613
2026-07-17,,1727,dip_10_20d_above_ma240,220.752279,,55.510000,55.370000,-0.140000,-0.252207,400,579700302.250000,-12.147239,-10.568598,-6.071203,False,False,中華化,多頭回檔承接,近20日回檔10–20%，但仍站在240日均線之上。,579.700302
2026-07-17,,1802,dip_10_20d_above_ma240,112.900965,,75.840000,75.500000,-0.340000,-0.448312,800,4908873161.500000,-18.326118,-15.980108,-16.488381,False,False,台玻,多頭回檔承接,近20日回檔10–20%，但仍站在240日均線之上。,4908.873161
2026-07-17,,2308,dip_10_20d_above_ma240,4229.061949,,89.400000,88.040000,-1.360000,-1.521253,100,25969532575.900002,-19.257541,-10.746345,-17.684465,False,False,台達電,多頭回檔承接,近20日回檔10–20%，但仍站在240日均線之上。,25969.532576
2026-07-17,,2313,dip_10_20d_above_ma240,372.401450,,62.320000,60.320000,-2.000000,-3.209243,200,8706595050.750000,-19.696970,-8.719053,-14.470023,False,False,華通,多頭回檔承接,近20日回檔10–20%，但仍站在240日均線之上。,8706.595051
2026-07-17,,2316,dip_10_20d_above_ma240,213.120010,,67.880000,65.810000,-2.070000,-3.049499,400,803449248.100000,-13.877784,-22.481272,-2.459725,False,False,楠梓電,多頭回檔承接,近20日回檔10–20%，但仍站在240日均線之上。,803.449248
2026-07-17,,2317,dip_10_20d_above_ma240,1352.861110,,74.880000,73.370000,-1.510000,-2.016560,100,13780712896.500000,-11.471809,-3.703065,-5.080621,False,False,鴻海,多頭回檔承接,近20日回檔10–20%，但仍站在240日均線之上。,13780.712896
2026-07-17,,2338,dip_10_20d_above_ma240,93.914313,,45.560000,44.650000,-0.910000,-1.997366,800,206864321.850000,-17.241379,-13.021594,-14.408836,False,False,光罩,多頭回檔承接,近20日回檔10–20%，但仍站在240日均線之上。,206.864322
2026-07-17,,2340,dip_10_20d_above_ma240,35.199893,,32.830000,33.400000,0.570000,1.736217,1000,440625907.050000,-15.714286,-13.982770,-13.097815,False,False,台亞,多頭回檔承接,近20日回檔10–20%，但仍站在240日均線之上。,440.625907
2026-07-17,,2342,dip_10_20d_above_ma240,3.204518,,36.480000,33.160000,-3.320000,-9.100877,1000,452833261.550000,-15.737052,-19.981083,-4.886824,False,False,茂矽,多頭回檔承接,近20日回檔10–20%，但仍站在240日均線之上。,452.833262
2026-07-17,,2345,dip_10_20d_above_ma240,5543.416857,,86.260000,86.090000,-0.170000,-0.197079,100,8341797457.400000,-16.232465,-14.693878,-14.227086,False,False,智邦,多頭回檔承接,近20日回檔10–20%，但仍站在240日均線之上。,8341.797457
2026-07-17,,2353,dip_10_20d_above_ma240,75.259977,,35.060000,33.190000,-1.870000,-5.333714,1000,1194608408.800000,-15.428571,-8.599660,-5.536965,False,False,宏碁,多頭回檔承接,近20日回檔10–20%，但仍站在240日均線之上。,1194.608409
2026-07-17,,2356,dip_10_20d_above_ma240,251.841382,,73.130000,72.430000,-0.700000,-0.957200,400,2678689180.350000,-10.524041,-8.054760,-1.251278,False,False,英業達,多頭回檔承接,近20日回檔10–20%，但仍站在240日均線之上。,2678.689180
2026-07-17,,2360,dip_10_20d_above_ma240,4902.079187,,87.030000,86.720000,-0.310000,-0.356199,100,5441893026.500000,-17.040359,-10.811137,-16.241851,False,False,致茂,多頭回檔承接,近20日回檔10–20%，但仍站在240日均線之上。,5441.893026
2026-07-17,,2362,dip_10_20d_above_ma240,97.567229,,77.320000,77.120000,-0.200000,-0.258665,800,62262559.200000,-12.107805,-5.545854,-2.213383,False,False,藍天,多頭回檔承接,近20日回檔10–20%，但仍站在240日均線之上。,62.262559
2026-07-17,,2383,dip_10_20d_above_ma240,12100.356285,,83.220000,83.300000,0.080000,0.096131,100,10807976941.750000,-13.557692,-16.492499,-10.313752,False,False,台光電,多頭回檔承接,近20日回檔10–20%，但仍站在240日均線之上。,10807.976942
2026-07-17,,2388,dip_10_20d_above_ma240,14.535199,,63.760000,64.390000,0.630000,0.988080,1000,709502984.500000,-12.367021,-10.540962,-11.668119,False,False,威盛,多頭回檔承接,近20日回檔10–20%，但仍站在240日均線之上。,709.502985
2026-07-17,,2401,dip_10_20d_above_ma240,64.950175,,35.500000,37.330000,1.830000,5.154930,1000,474962152.750000,-13.015873,-14.794371,-4.590564,False,False,凌陽,多頭回檔承接,近20日回檔10–20%，但仍站在240日均線之上。,474.962153
2026-07-17,,2402,dip_10_20d_above_ma240,134.587314,,36.200000,35.860000,-0.340000,-0.939227,600,335742824.200000,-17.489422,-11.134741,-12.978803,False,False,毅嘉,多頭回檔承接,近20日回檔10–20%，但仍站在240日均線之上。,335.742824
2026-07-17,,2406,dip_10_20d_above_ma240,14.916122,,31.470000,25.780000,-5.690000,-18.080712,1000,1044038126.800000,-15.055249,-17.037637,-11.502302,False,False,國碩,多頭回檔承接,近20日回檔10–20%，但仍站在240日均線之上。,1044.038127
2026-07-17,,2428,dip_10_20d_above_ma240,737.666907,,74.720000,74.530000,-0.190000,-0.254283,100,810426377.100000,-11.705686,-13.732538,2.461270,False,False,興勤,多頭回檔承接,近20日回檔10–20%，但仍站在240日均線之上。,810.426377
2026-07-17,,2436,dip_10_20d_above_ma240,94.630222,,19.730000,21.340000,1.610000,8.160162,800,398352109.400000,-15.561264,-17.320168,-18.232768,False,False,偉詮電,多頭回檔承接,近20日回檔10–20%，但仍站在240日均線之上。,398.352109
2026-07-17,,2460,dip_10_20d_above_ma240,79.358978,,54.900000,53.820000,-1.080000,-1.967213,1000,79088280.200000,-10.845070,-11.524216,-8.016469,False,False,建通,多頭回檔承接,近20日回檔10–20%，但仍站在240日均線之上。,79.088280
2026-07-17,,2464,dip_10_20d_above_ma240,564.572652,,48.480000,46.620000,-1.860000,-3.836634,100,2580716373.100000,-13.855422,-14.152784,-3.343547,False,False,盟立,多頭回檔承接,近20日回檔10–20%，但仍站在240日均線之上。,2580.716373
2026-07-17,,2491,dip_10_20d_above_ma240,3.894317,,66.700000,66.440000,-0.260000,-0.389805,1000,32600477.050000,-19.822109,-17.527121,11.098069,False,False,吉祥全,多頭回檔承接,近20日回檔10–20%，但仍站在240日均線之上。,32.600477
2026-07-17,,2493,dip_10_20d_above_ma240,961.311501,,63.290000,60.870000,-2.420000,-3.823669,100,928844282.650000,-13.782951,-21.514702,11.232528,False,False,揚博,多頭回檔承接,近20日回檔10–20%，但仍站在240日均線之上。,928.844283
2026-07-17,,2501,dip_10_20d_above_ma240,51.364986,,74.090000,72.610000,-1.480000,-1.997571,1000,121874618.500000,-12.572662,-2.559389,-0.877288,False,False,國建,多頭回檔承接,近20日回檔10–20%，但仍站在240日均線之上。,121.874618
2026-07-17,,2535,dip_10_20d_above_ma240,310.715328,,66.550000,66.420000,-0.130000,-0.195342,200,34862368.650000,-10.548087,-4.556990,4.093544,False,False,達欣工,多頭回檔承接,近20日回檔10–20%，但仍站在240日均線之上。,34.862369
2026-07-17,,2855,dip_10_20d_above_ma240,163.416367,,76.040000,75.700000,-0.340000,-0.447133,400,401975928.650000,-10.837178,-10.825368,-0.809639,False,False,統一證,多頭回檔承接,近20日回檔10–20%，但仍站在240日均線之上。,401.975929
2026-07-17,,2882,dip_10_20d_above_ma240,254.064120,,85.860000,85.540000,-0.320000,-0.372700,400,4234020162.950000,-13.949025,-5.250594,7.093836,False,False,國泰金,多頭回檔承接,近20日回檔10–20%，但仍站在240日均線之上。,4234.020163
2026-07-17,,3003,dip_10_20d_above_ma240,146.841720,,54.460000,56.220000,1.760000,3.231730,600,86890031.000000,-10.447761,-9.118449,-3.160726,False,False,健和興,多頭回檔承接,近20日回檔10–20%，但仍站在240日均線之上。,86.890031
2026-07-17,,3006,dip_10_20d_above_ma240,477.667201,,56.920000,58.580000,1.660000,2.916374,200,3271902673.400000,-11.584906,-12.487777,-9.189713,False,False,晶豪科,多頭回檔承接,近20日回檔10–20%，但仍站在240日均線之上。,3271.902673
2026-07-17,,3014,dip_10_20d_above_ma240,360.456416,,42.750000,41.800000,-0.950000,-2.222222,200,509445782.850000,-12.655059,-14.215090,-8.572522,False,False,聯陽,多頭回檔承接,近20日回檔10–20%，但仍站在240日均線之上。,509.445783
2026-07-17,,3016,dip_10_20d_above_ma240,150.055521,,73.440000,70.720000,-2.720000,-3.703704,600,1972504030.950000,-14.349901,-17.901836,-9.282012,False,False,嘉晶,多頭回檔承接,近20日回檔10–20%，但仍站在240日均線之上。,1972.504031
2026-07-17,,3030,dip_10_20d_above_ma240,1739.977529,,68.620000,67.780000,-0.840000,-1.224133,100,862896539.150000,-13.383459,-9.277052,-17.263933,False,False,德律,多頭回檔承接,近20日回檔10–20%，但仍站在240日均線之上。,862.896539
2026-07-17,,3036,dip_10_20d_above_ma240,953.996044,,91.320000,89.420000,-1.900000,-2.080596,100,2097871129.900000,-15.848214,-11.231457,-19.593610,False,False,文曄,多頭回檔承接,近20日回檔10–20%，但仍站在240日均線之上。,2097.871130
2026-07-17,,3037,dip_10_20d_above_ma240,1578.325517,,82.530000,81.230000,-1.300000,-1.575185,100,31131230497.099998,-19.469414,-15.390095,-13.285137,False,False,欣興,多頭回檔承接,近20日回檔10–20%，但仍站在240日均線之上。,31131.230497
2026-07-17,,3051,dip_10_20d_above_ma240,8.345788,,25.730000,25.610000,-0.120000,-0.466382,1000,53203521.100000,-15.653775,-13.117708,-14.501727,False,False,力特,多頭回檔承接,近20日回檔10–20%，但仍站在240日均線之上。,53.203521
2026-07-17,,3141,dip_10_20d_above_ma240,46.212944,,5.210000,5.210000,0.000000,0.000000,1000,151449422.550000,-11.731844,-15.048054,-7.426395,False,False,晶宏,多頭回檔承接,近20日回檔10–20%，但仍站在240日均線之上。,151.449423
2026-07-17,,3149,dip_10_20d_above_ma240,33.683451,,23.200000,19.140000,-4.060000,-17.500000,1000,1623683417.800000,-15.048026,-14.006374,7.755655,False,False,正達,多頭回檔承接,近20日回檔10–20%，但仍站在240日均線之上。,1623.683418
2026-07-17,,3162,dip_10_20d_above_ma240,60.953776,,56.510000,57.390000,0.880000,1.557247,1000,98829154.900000,-15.839246,-12.511651,-14.518604,False,False,精確,多頭回檔承接,近20日回檔10–20%，但仍站在240日均線之上。,98.829155
2026-07-17,,3221,dip_10_20d_above_ma240,112.760013,,14.140000,12.820000,-1.320000,-9.335219,800,634665883.350000,-17.017641,-14.809076,-8.113112,False,False,台嘉碩,多頭回檔承接,近20日回檔10–20%，但仍站在240日均線之上。,634.665883
2026-07-17,,3228,dip_10_20d_above_ma240,192.856400,,24.220000,24.410000,0.190000,0.784476,400,85526337.700000,-12.121212,-10.506382,-17.670337,False,False,金麗科,多頭回檔承接,近20日回檔10–20%，但仍站在240日均線之上。,85.526338
2026-07-17,,3231,dip_10_20d_above_ma240,750.814616,,69.450000,66.480000,-2.970000,-4.276458,100,5292435206.100000,-11.325128,-7.078172,-5.141939,False,False,緯創,多頭回檔承接,近20日回檔10–20%，但仍站在240日均線之上。,5292.435206
2026-07-17,,3260,dip_10_20d_above_ma240,757.289757,,42.800000,40.720000,-2.080000,-4.859813,100,3827570298.400000,-11.899038,-9.806817,-12.847036,False,False,威剛,多頭回檔承接,近20日回檔10–20%，但仍站在240日均線之上。,3827.570298
2026-07-17,,3289,dip_10_20d_above_ma240,243.475233,,26.950000,26.270000,-0.680000,-2.523191,400,520401125.200000,-12.979351,-11.477869,-14.302314,False,False,宜特,多頭回檔承接,近20日回檔10–20%，但仍站在240日均線之上。,520.401125
2026-07-17,,3311,dip_10_20d_above_ma240,64.369122,,48.880000,50.340000,1.460000,2.986907,1000,25393077.000000,-12.838777,-8.923242,-3.359624,False,False,閎暉,多頭回檔承接,近20日回檔10–20%，但仍站在240日均線之上。,25.393077
2026-07-17,,3338,dip_10_20d_above_ma240,106.504938,,26.710000,24.820000,-1.890000,-7.076001,800,47146230.050000,-12.258871,-9.056936,-12.771476,False,False,泰碩,多頭回檔承接,近20日回檔10–20%，但仍站在240日均線之上。,47.146230
2026-07-17,,3388,dip_10_20d_above_ma240,286.633094,,47.090000,46.930000,-0.160000,-0.339775,200,37889951.450000,-12.895826,-9.828286,-20.679027,False,False,崇越電,多頭回檔承接,近20日回檔10–20%，但仍站在240日均線之上。,37.889951
2026-07-17,,3390,dip_10_20d_above_ma240,73.998558,,19.490000,17.950000,-1.540000,-7.901488,1000,28104751.700000,-14.840989,-11.745857,-12.196011,False,False,旭軟,多頭回檔承接,近20日回檔10–20%，但仍站在240日均線之上。,28.104752
2026-07-17,,3444,dip_10_20d_above_ma240,236.367181,,48.600000,48.860000,0.260000,0.534979,400,28428909.850000,-15.032680,-11.242604,-16.147065,False,False,利機,多頭回檔承接,近20日回檔10–20%，但仍站在240日均線之上。,28.428910
2026-07-17,,3450,dip_10_20d_above_ma240,1908.913331,,52.720000,55.650000,2.930000,5.557663,100,3932772062.450000,-15.953307,-17.090490,-6.585419,False,False,聯鈞,多頭回檔承接,近20日回檔10–20%，但仍站在240日均線之上。,3932.772062
2026-07-17,,3455,dip_10_20d_above_ma240,461.968321,,37.940000,37.330000,-0.610000,-1.607802,200,521311827.100000,-12.280702,-15.966387,-18.649583,False,False,由田,多頭回檔承接,近20日回檔10–20%，但仍站在240日均線之上。,521.311827
2026-07-17,,3481,dip_10_20d_above_ma240,90.282731,,42.370000,36.320000,-6.050000,-14.278971,800,37454647802.000000,-10.238908,-18.380014,10.092190,False,False,群創,多頭回檔承接,近20日回檔10–20%，但仍站在240日均線之上。,37454.647802
2026-07-17,,3490,dip_10_20d_above_ma240,63.594630,,12.040000,12.070000,0.030000,0.249169,1000,23847132.400000,-16.081130,-12.384281,-16.787018,False,False,單井,多頭回檔承接,近20日回檔10–20%，但仍站在240日均線之上。,23.847132
2026-07-17,,3491,dip_10_20d_above_ma240,4874.323416,,54.760000,53.790000,-0.970000,-1.771366,100,2626430774.750000,-12.580645,2.774451,-16.853874,False,False,昇達科,多頭回檔承接,近20日回檔10–20%，但仍站在240日均線之上。,2626.430775
2026-07-17,,3533,dip_10_20d_above_ma240,3954.353408,,80.410000,81.000000,0.590000,0.733740,100,1836050596.850000,-18.913043,-11.211616,-21.457149,False,False,嘉澤,多頭回檔承接,近20日回檔10–20%，但仍站在240日均線之上。,1836.050597
2026-07-17,,3556,dip_10_20d_above_ma240,269.479128,,21.920000,20.780000,-1.140000,-5.200730,200,129490434.750000,-16.492147,-10.675534,1.563873,False,False,禾瑞亞,多頭回檔承接,近20日回檔10–20%，但仍站在240日均線之上。,129.490435
2026-07-17,,3580,dip_10_20d_above_ma240,73.430180,,7.100000,7.100000,0.000000,0.000000,1000,92819447.050000,-15.047141,-9.877715,-11.219810,False,False,友威科,多頭回檔承接,近20日回檔10–20%，但仍站在240日均線之上。,92.819447
2026-07-17,,3587,dip_10_20d_above_ma240,549.892244,,46.160000,44.570000,-1.590000,-3.444541,100,264152767.100000,-13.298791,-13.522825,-20.137876,False,False,閎康,多頭回檔承接,近20日回檔10–20%，但仍站在240日均線之上。,264.152767
2026-07-17,,3653,dip_10_20d_above_ma240,7063.249383,,82.850000,82.720000,-0.130000,-0.156910,100,4178108034.750000,-19.548872,-5.858201,-16.012559,False,False,健策,多頭回檔承接,近20日回檔10–20%，但仍站在240日均線之上。,4178.108035
2026-07-17,,3663,dip_10_20d_above_ma240,93.931585,,58.690000,63.410000,4.720000,8.042256,800,246557565.600000,-10.371319,-11.722051,-9.096812,False,False,鑫科,多頭回檔承接,近20日回檔10–20%，但仍站在240日均線之上。,246.557566
2026-07-17,,3665,dip_10_20d_above_ma240,3728.030080,,78.030000,77.550000,-0.480000,-0.615148,100,5644416086.000000,-14.830497,-8.050860,-20.264114,False,False,貿聯-KY,多頭回檔承接,近20日回檔10–20%，但仍站在240日均線之上。,5644.416086
2026-07-17,,3675,dip_10_20d_above_ma240,442.694744,,65.000000,62.740000,-2.260000,-3.476923,200,673181689.200000,-14.776119,-25.085279,-11.119182,False,False,德微,多頭回檔承接,近20日回檔10–20%，但仍站在240日均線之上。,673.181689
2026-07-17,,3680,dip_10_20d_above_ma240,748.138812,,67.250000,66.800000,-0.450000,-0.669145,100,1259174155.050000,-10.154739,-10.245882,-11.892826,False,False,家登,多頭回檔承接,近20日回檔10–20%，但仍站在240日均線之上。,1259.174155
2026-07-17,,3693,dip_10_20d_above_ma240,610.860298,,52.980000,52.010000,-0.970000,-1.830880,100,373333386.900000,-10.976838,-10.666465,-20.295735,False,False,營邦,多頭回檔承接,近20日回檔10–20%，但仍站在240日均線之上。,373.333387
2026-07-17,,3707,dip_10_20d_above_ma240,70.244085,,47.010000,43.290000,-3.720000,-7.913210,1000,2021777030.600000,-14.658385,-18.072864,-11.985139,False,False,漢磊,多頭回檔承接,近20日回檔10–20%，但仍站在240日均線之上。,2021.777031
2026-07-17,,3714,dip_10_20d_above_ma240,57.809629,,35.290000,34.880000,-0.410000,-1.161802,1000,734355692.800000,-19.167993,-16.638835,-21.886596,False,False,富采,多頭回檔承接,近20日回檔10–20%，但仍站在240日均線之上。,734.355693
2026-07-17,,4540,dip_10_20d_above_ma240,59.375017,,26.450000,25.520000,-0.930000,-3.516068,1000,159695834.850000,-12.984823,-11.960416,-19.347696,False,False,全球傳動,多頭回檔承接,近20日回檔10–20%，但仍站在240日均線之上。,159.695835
2026-07-17,,4542,dip_10_20d_above_ma240,560.889038,,72.440000,68.660000,-3.780000,-5.218112,100,461086277.350000,-13.359788,-18.359716,9.309376,False,False,科嶠,多頭回檔承接,近20日回檔10–20%，但仍站在240日均線之上。,461.086277
2026-07-17,,4720,dip_10_20d_above_ma240,45.240373,,33.740000,34.560000,0.820000,2.430350,1000,62392224.100000,-15.001554,-13.241353,-17.902203,False,False,德淵,多頭回檔承接,近20日回檔10–20%，但仍站在240日均線之上。,62.392224
2026-07-17,,4722,dip_10_20d_above_ma240,597.137859,,74.800000,76.140000,1.340000,1.791444,100,628321765.350000,-13.353668,-15.997544,-8.444597,False,False,國精化,多頭回檔承接,近20日回檔10–20%，但仍站在240日均線之上。,628.321765
2026-07-17,,4755,dip_10_20d_above_ma240,207.729223,,71.240000,70.190000,-1.050000,-1.473891,400,68943445.250000,-11.730942,-6.306682,-9.701711,False,False,三福化,多頭回檔承接,近20日回檔10–20%，但仍站在240日均線之上。,68.943445
2026-07-17,,4906,dip_10_20d_above_ma240,117.496869,,30.480000,26.660000,-3.820000,-12.532808,600,397748492.600000,-17.384507,-13.836858,-13.113340,False,False,正文,多頭回檔承接,近20日回檔10–20%，但仍站在240日均線之上。,397.748493
2026-07-17,,4934,dip_10_20d_above_ma240,10.404402,,29.530000,29.990000,0.460000,1.557738,1000,25035643.850000,-12.356322,-11.350094,-10.849126,False,False,太極,多頭回檔承接,近20日回檔10–20%，但仍站在240日均線之上。,25.035644
2026-07-17,,4951,dip_10_20d_above_ma240,92.439768,,12.900000,12.900000,0.000000,0.000000,800,49991627.250000,-18.969072,-15.483871,-25.532888,False,False,精拓科,多頭回檔承接,近20日回檔10–20%，但仍站在240日均線之上。,49.991627
2026-07-17,,4952,dip_10_20d_above_ma240,121.752103,,50.340000,51.490000,1.150000,2.284466,600,99635986.050000,-14.200134,-14.112719,-7.253042,False,False,凌通,多頭回檔承接,近20日回檔10–20%，但仍站在240日均線之上。,99.635986
2026-07-17,,4958,dip_10_20d_above_ma240,1006.456476,,82.010000,80.530000,-1.480000,-1.804658,100,24077348956.650002,-18.466354,-12.503149,2.633696,False,False,臻鼎-KY,多頭回檔承接,近20日回檔10–20%，但仍站在240日均線之上。,24077.348957
2026-07-17,,4989,dip_10_20d_above_ma240,85.380671,,17.150000,20.440000,3.290000,19.183673,1000,1326739493.250000,-12.655087,-21.903600,-25.331448,False,False,榮科,多頭回檔承接,近20日回檔10–20%，但仍站在240日均線之上。,1326.739493
2026-07-17,,5230,dip_10_20d_above_ma240,44.085909,,10.330000,10.270000,-0.060000,-0.580833,1000,33981513.900000,-12.862998,-11.985428,-0.531772,False,False,雷笛克光學,多頭回檔承接,近20日回檔10–20%，但仍站在240日均線之上。,33.981514
2026-07-17,,5236,dip_10_20d_above_ma240,204.800651,,62.620000,63.700000,1.080000,1.724689,400,47035182.200000,-10.802469,-12.424242,-11.121948,False,False,凌陽創新,多頭回檔承接,近20日回檔10–20%，但仍站在240日均線之上。,47.035182
2026-07-17,,5243,dip_10_20d_above_ma240,147.086809,,57.320000,54.380000,-2.940000,-5.129100,600,218421069.950000,-17.870370,-11.578528,-18.406770,False,False,乙盛-KY,多頭回檔承接,近20日回檔10–20%，但仍站在240日均線之上。,218.421070
2026-07-17,,5292,dip_10_20d_above_ma240,241.018051,,53.030000,50.600000,-2.430000,-4.582312,400,40553349.650000,-16.589568,-12.396604,-15.726693,False,False,華懋,多頭回檔承接,近20日回檔10–20%，但仍站在240日均線之上。,40.553350
2026-07-17,,5302,dip_10_20d_above_ma240,11.000000,,46.180000,46.500000,0.320000,0.692941,1000,34812166.900000,-12.000000,-15.514593,-5.875642,False,False,太欣,多頭回檔承接,近20日回檔10–20%，但仍站在240日均線之上。,34.812167
2026-07-17,,5410,dip_10_20d_above_ma240,112.865893,,31.550000,31.950000,0.400000,1.267829,800,39847719.050000,-18.526786,-14.873768,-8.019908,False,False,國眾,多頭回檔承接,近20日回檔10–20%，但仍站在240日均線之上。,39.847719
2026-07-17,,5425,dip_10_20d_above_ma240,195.271722,,41.880000,40.020000,-1.860000,-4.441261,400,2488215901.850000,-14.351852,-24.211389,-4.841918,False,False,台半,多頭回檔承接,近20日回檔10–20%，但仍站在240日均線之上。,2488.215902
2026-07-17,,5468,dip_10_20d_above_ma240,1.607072,,59.230000,60.060000,0.830000,1.401317,1000,22932114.300000,-13.553114,-21.796040,5.149816,False,False,凱鈺,多頭回檔承接,近20日回檔10–20%，但仍站在240日均線之上。,22.932114
2026-07-17,,5484,dip_10_20d_above_ma240,36.387747,,34.130000,34.070000,-0.060000,-0.175798,1000,27683145.000000,-10.337553,-8.641445,-6.001180,False,False,慧友,多頭回檔承接,近20日回檔10–20%，但仍站在240日均線之上。,27.683145
2026-07-17,,6005,dip_10_20d_above_ma240,102.321441,,72.660000,69.780000,-2.880000,-3.963666,800,461774202.350000,-16.349810,-11.284361,-6.132221,False,False,群益證,多頭回檔承接,近20日回檔10–20%，但仍站在240日均線之上。,461.774202
2026-07-17,,6016,dip_10_20d_above_ma240,50.396832,,45.720000,44.610000,-1.110000,-2.427822,1000,203522395.100000,-16.521739,-12.854031,-6.856404,False,False,康和證,多頭回檔承接,近20日回檔10–20%，但仍站在240日均線之上。,203.522395
2026-07-17,,6116,dip_10_20d_above_ma240,10.938940,,44.650000,39.990000,-4.660000,-10.436730,1000,2360605889.100000,-17.808219,-16.352990,3.568511,False,False,彩晶,多頭回檔承接,近20日回檔10–20%，但仍站在240日均線之上。,2360.605889
2026-07-17,,6166,dip_10_20d_above_ma240,467.787520,,81.780000,81.300000,-0.480000,-0.586941,200,290484963.500000,-15.516859,-13.054568,0.166689,False,False,凌華,多頭回檔承接,近20日回檔10–20%，但仍站在240日均線之上。,290.484963
2026-07-17,,6168,dip_10_20d_above_ma240,65.906042,,42.810000,44.110000,1.300000,3.036674,1000,266892366.550000,-11.290323,-16.785744,-10.719654,False,False,宏齊,多頭回檔承接,近20日回檔10–20%，但仍站在240日均線之上。,266.892367
2026-07-17,,6187,dip_10_20d_above_ma240,1796.942419,,69.200000,67.350000,-1.850000,-2.673410,100,2142525779.850000,-15.584416,-7.788339,-12.676140,False,False,萬潤,多頭回檔承接,近20日回檔10–20%，但仍站在240日均線之上。,2142.525780
2026-07-17,,6190,dip_10_20d_above_ma240,125.465405,,33.610000,33.680000,0.070000,0.208271,600,322943475.800000,-10.465502,-13.958827,-11.560744,False,False,萬泰科,多頭回檔承接,近20日回檔10–20%，但仍站在240日均線之上。,322.943476
2026-07-17,,6202,dip_10_20d_above_ma240,203.169961,,39.440000,41.210000,1.770000,4.487830,400,724495145.900000,-11.773700,-14.676525,-4.775003,True,True,盛群,多頭回檔承接,近20日回檔10–20%，但仍站在240日均線之上。,724.495146
2026-07-17,,6217,dip_10_20d_above_ma240,340.549127,,35.800000,32.470000,-3.330000,-9.301676,200,1411329233.200000,-15.845824,-21.084337,-26.097722,False,False,中探針,多頭回檔承接,近20日回檔10–20%，但仍站在240日均線之上。,1411.329233
2026-07-17,,6223,dip_10_20d_above_ma240,11980.417433,,71.970000,72.080000,0.110000,0.152841,100,5816569733.750000,-12.501693,-14.586257,-5.557964,False,False,旺矽,多頭回檔承接,近20日回檔10–20%，但仍站在240日均線之上。,5816.569734
2026-07-17,,6227,dip_10_20d_above_ma240,301.639069,,74.540000,74.340000,-0.200000,-0.268312,200,52123671.950000,-14.516129,-10.849453,-8.911231,False,False,茂綸,多頭回檔承接,近20日回檔10–20%，但仍站在240日均線之上。,52.123672
2026-07-17,,6234,dip_10_20d_above_ma240,78.754201,,49.620000,49.620000,0.000000,0.000000,1000,90650949.050000,-15.807560,-18.887601,-23.416227,False,False,高僑,多頭回檔承接,近20日回檔10–20%，但仍站在240日均線之上。,90.650949
2026-07-17,,6239,dip_10_20d_above_ma240,1308.617189,,75.320000,72.500000,-2.820000,-3.744025,100,10151040367.799999,-16.521739,-12.034209,-2.301125,False,False,力成,多頭回檔承接,近20日回檔10–20%，但仍站在240日均線之上。,10151.040368
2026-07-17,,6244,dip_10_20d_above_ma240,34.326620,,29.060000,28.030000,-1.030000,-3.544391,1000,120564782.100000,-10.977702,-3.968915,-8.508638,False,False,茂迪,多頭回檔承接,近20日回檔10–20%，但仍站在240日均線之上。,120.564782
2026-07-17,,6261,dip_10_20d_above_ma240,308.363992,,43.510000,44.460000,0.950000,2.183406,200,99690695.700000,-11.122881,-10.176115,-18.946335,False,False,久元,多頭回檔承接,近20日回檔10–20%，但仍站在240日均線之上。,99.690696
2026-07-17,,6265,dip_10_20d_above_ma240,74.792927,,41.520000,40.090000,-1.430000,-3.444123,1000,236649666.200000,-16.083916,-9.527848,-4.635762,False,False,方土昶,多頭回檔承接,近20日回檔10–20%，但仍站在240日均線之上。,236.649666
2026-07-17,,6278,dip_10_20d_above_ma240,668.370380,,72.520000,68.160000,-4.360000,-6.012135,100,1563214126.000000,-17.285246,-14.435888,-15.210775,False,False,台表科,多頭回檔承接,近20日回檔10–20%，但仍站在240日均線之上。,1563.214126
2026-07-17,,6282,dip_10_20d_above_ma240,140.210448,,46.070000,41.650000,-4.420000,-9.594096,600,1737544113.050000,-14.982578,-15.034387,-12.871405,False,False,康舒,多頭回檔承接,近20日回檔10–20%，但仍站在240日均線之上。,1737.544113
2026-07-17,,6285,dip_10_20d_above_ma240,1256.449356,,71.720000,70.380000,-1.340000,-1.868377,100,2755852416.900000,-11.778841,-7.085321,-9.716264,False,False,啟碁,多頭回檔承接,近20日回檔10–20%，但仍站在240日均線之上。,2755.852417
2026-07-17,,6411,dip_10_20d_above_ma240,156.556442,,28.730000,29.640000,0.910000,3.167421,600,177549959.650000,-15.432099,-16.036772,-11.099895,False,False,晶焱,多頭回檔承接,近20日回檔10–20%，但仍站在240日均線之上。,177.549960
2026-07-17,,6426,dip_10_20d_above_ma240,208.493830,,40.560000,42.660000,2.100000,5.177515,400,138962290.850000,-19.487179,-18.229167,-30.118694,False,False,統新,多頭回檔承接,近20日回檔10–20%，但仍站在240日均線之上。,138.962291
2026-07-17,,6432,dip_10_20d_above_ma240,118.318119,,33.080000,29.050000,-4.030000,-12.182588,600,295837922.000000,-16.329114,-13.043478,5.839026,False,False,今展科,多頭回檔承接,近20日回檔10–20%，但仍站在240日均線之上。,295.837922
2026-07-17,,6456,dip_10_20d_above_ma240,88.724792,,46.030000,44.600000,-1.430000,-3.106670,1000,370523757.800000,-16.170763,-7.421959,-11.406827,False,False,GIS-KY,多頭回檔承接,近20日回檔10–20%，但仍站在240日均線之上。,370.523758
2026-07-17,,6526,dip_10_20d_above_ma240,590.725342,,84.340000,84.650000,0.310000,0.367560,100,557196958.750000,-13.832555,-14.574499,-13.472430,False,False,達發,多頭回檔承接,近20日回檔10–20%，但仍站在240日均線之上。,557.196959
2026-07-17,,6531,dip_10_20d_above_ma240,2146.249721,,77.660000,77.080000,-0.580000,-0.746845,100,4119070468.900000,-11.788349,-15.353212,-14.930741,False,False,愛普*,多頭回檔承接,近20日回檔10–20%，但仍站在240日均線之上。,4119.070469
2026-07-17,,6548,dip_10_20d_above_ma240,2587.025013,,91.540000,90.030000,-1.510000,-1.649552,100,1241843365.300000,-17.508418,-14.390542,2.696101,False,False,長科*,多頭回檔承接,近20日回檔10–20%，但仍站在240日均線之上。,1241.843365
2026-07-17,,6640,dip_10_20d_above_ma240,1313.257740,,75.430000,73.730000,-1.700000,-2.253745,100,320745899.950000,-13.640553,-9.778056,-23.182076,False,False,均華,多頭回檔承接,近20日回檔10–20%，但仍站在240日均線之上。,320.745900
2026-07-17,,6642,dip_10_20d_above_ma240,101.527623,,51.140000,51.140000,0.000000,0.000000,800,44677454.350000,-11.175786,-7.245320,-1.319193,False,False,富致,多頭回檔承接,近20日回檔10–20%，但仍站在240日均線之上。,44.677454
2026-07-17,,6651,dip_10_20d_above_ma240,173.413351,,51.610000,51.010000,-0.600000,-1.162565,400,101197654.550000,-15.438596,-20.092838,-10.330030,False,False,全宇昕,多頭回檔承接,近20日回檔10–20%，但仍站在240日均線之上。,101.197655
2026-07-17,,6658,dip_10_20d_above_ma240,168.124006,,44.640000,41.020000,-3.620000,-8.109319,400,343635658.350000,-15.526316,-18.620864,-12.596631,False,False,聯策,多頭回檔承接,近20日回檔10–20%，但仍站在240日均線之上。,343.635658
2026-07-17,,6715,dip_10_20d_above_ma240,452.726602,,84.620000,84.650000,0.030000,0.035453,200,272344234.900000,-17.311319,-12.026752,-11.227552,False,False,嘉基,多頭回檔承接,近20日回檔10–20%，但仍站在240日均線之上。,272.344235
2026-07-17,,6716,dip_10_20d_above_ma240,142.843447,,25.370000,25.280000,-0.090000,-0.354750,600,44825928.450000,-17.014925,-13.377649,-11.779220,False,False,應廣,多頭回檔承接,近20日回檔10–20%，但仍站在240日均線之上。,44.825928
2026-07-17,,6725,dip_10_20d_above_ma240,300.000000,,69.020000,70.540000,1.520000,2.202260,200,121667100.500000,-10.179641,-8.668848,-7.254740,False,False,矽科宏晟,多頭回檔承接,近20日回檔10–20%，但仍站在240日均線之上。,121.667101
2026-07-17,,6761,dip_10_20d_above_ma240,208.137292,,39.330000,39.760000,0.430000,1.093313,400,116720913.350000,-19.473684,-18.443497,-22.983347,False,False,穩得,多頭回檔承接,近20日回檔10–20%，但仍站在240日均線之上。,116.720913
2026-07-17,,6788,dip_10_20d_above_ma240,437.621045,,33.070000,31.040000,-2.030000,-6.138494,200,369921593.650000,-19.770115,-16.616892,-17.278483,False,False,華景電,多頭回檔承接,近20日回檔10–20%，但仍站在240日均線之上。,369.921594
2026-07-17,,6831,dip_10_20d_above_ma240,616.544554,,78.230000,79.820000,1.590000,2.032468,100,1127101111.450000,-17.297297,-23.728814,-14.045950,False,False,邁科,多頭回檔承接,近20日回檔10–20%，但仍站在240日均線之上。,1127.101111
2026-07-17,,6996,dip_10_20d_above_ma240,193.966644,,59.590000,59.600000,0.010000,0.016781,400,23385129.350000,-11.398964,-11.122661,-9.523810,False,False,力領科技,多頭回檔承接,近20日回檔10–20%，但仍站在240日均線之上。,23.385129
2026-07-17,,7556,dip_10_20d_above_ma240,317.796280,,67.580000,67.560000,-0.020000,-0.029595,200,25500448.600000,-16.360798,-15.050931,-16.524786,False,False,意德士科技,多頭回檔承接,近20日回檔10–20%，但仍站在240日均線之上。,25.500449
2026-07-17,,7711,dip_10_20d_above_ma240,303.428571,,67.950000,67.130000,-0.820000,-1.206770,200,86385858.750000,-15.831187,-8.057520,-18.377961,False,False,永擎,多頭回檔承接,近20日回檔10–20%，但仍站在240日均線之上。,86.385859
2026-07-17,,7712,dip_10_20d_above_ma240,148.217042,,46.570000,46.320000,-0.250000,-0.536826,600,205545087.600000,-13.988095,-23.474116,-9.687500,False,False,博盛半導體,多頭回檔承接,近20日回檔10–20%，但仍站在240日均線之上。,205.545088
2026-07-17,,7721,dip_10_20d_above_ma240,62.722388,,52.040000,52.040000,0.000000,0.000000,1000,22589383.400000,-18.648005,-11.782950,-15.931151,False,False,微程式,多頭回檔承接,近20日回檔10–20%，但仍站在240日均線之上。,22.589383
2026-07-17,,7734,dip_10_20d_above_ma240,3662.398365,,83.460000,81.630000,-1.830000,-2.192667,100,620652400.250000,-14.388625,-7.258195,-14.159598,False,False,印能科技,多頭回檔承接,近20日回檔10–20%，但仍站在240日均線之上。,620.652400
2026-07-17,,7744,dip_10_20d_above_ma240,434.028169,,81.640000,81.390000,-0.250000,-0.306222,200,28290217.350000,-12.114990,-6.155786,-12.976931,False,False,崴寶,多頭回檔承接,近20日回檔10–20%，但仍站在240日均線之上。,28.290217
2026-07-17,,7750,dip_10_20d_above_ma240,1836.780000,,88.070000,88.240000,0.170000,0.193028,100,409737547.000000,-18.243243,-13.105925,-21.178344,False,False,新代,多頭回檔承接,近20日回檔10–20%，但仍站在240日均線之上。,409.737547
2026-07-17,,7769,dip_10_20d_above_ma240,6070.000000,,81.720000,82.190000,0.470000,0.575135,100,4858898994.450000,-17.189632,-8.635936,-8.872542,False,False,鴻勁,多頭回檔承接,近20日回檔10–20%，但仍站在240日均線之上。,4858.898994
2026-07-17,,7788,dip_10_20d_above_ma240,235.000000,,72.920000,69.470000,-3.450000,-4.731212,400,618664553.900000,-14.545455,-8.861741,7.102165,False,False,松川精密,多頭回檔承接,近20日回檔10–20%，但仍站在240日均線之上。,618.664554
2026-07-17,,8021,dip_10_20d_above_ma240,1205.913471,,57.540000,58.170000,0.630000,1.094891,100,1305934130.100000,-15.798469,-14.474113,-4.463479,False,False,尖點,多頭回檔承接,近20日回檔10–20%，但仍站在240日均線之上。,1305.934130
2026-07-17,,8027,dip_10_20d_above_ma240,254.450549,,29.590000,27.290000,-2.300000,-7.772896,400,807040612.950000,-12.753036,-6.871219,-6.971725,False,False,鈦昇,多頭回檔承接,近20日回檔10–20%，但仍站在240日均線之上。,807.040613
2026-07-17,,8040,dip_10_20d_above_ma240,71.317736,,44.600000,44.600000,0.000000,0.000000,1000,364048448.900000,-19.358289,-23.872987,-19.984436,False,False,九暘,多頭回檔承接,近20日回檔10–20%，但仍站在240日均線之上。,364.048449
2026-07-17,,8070,dip_10_20d_above_ma240,1428.586752,,79.070000,78.010000,-1.060000,-1.340584,100,420784878.500000,-11.904762,-11.230045,-5.276231,False,False,長華*,多頭回檔承接,近20日回檔10–20%，但仍站在240日均線之上。,420.784878
2026-07-17,,8071,dip_10_20d_above_ma240,12.719077,,25.230000,22.860000,-2.370000,-9.393579,1000,176335408.050000,-17.218543,-15.390473,7.808963,False,False,能率網通,多頭回檔承接,近20日回檔10–20%，但仍站在240日均線之上。,176.335408
2026-07-17,,8081,dip_10_20d_above_ma240,912.802441,,59.230000,57.170000,-2.060000,-3.477967,100,657224174.850000,-13.583269,-17.822034,-10.219834,False,False,致新,多頭回檔承接,近20日回檔10–20%，但仍站在240日均線之上。,657.224175
2026-07-17,,8096,dip_10_20d_above_ma240,305.622119,,61.150000,55.580000,-5.570000,-9.108749,200,1205243215.250000,-14.666667,-16.680228,1.689529,False,False,擎亞,多頭回檔承接,近20日回檔10–20%，但仍站在240日均線之上。,1205.243215
2026-07-17,,8112,dip_10_20d_above_ma240,280.929464,,43.000000,39.080000,-3.920000,-9.116279,200,1720881193.650000,-11.784164,-7.392657,-4.394731,False,False,至上,多頭回檔承接,近20日回檔10–20%，但仍站在240日均線之上。,1720.881194
2026-07-17,,8182,dip_10_20d_above_ma240,100.872939,,64.700000,64.930000,0.230000,0.355487,800,360428259.300000,-17.053980,-15.163455,-5.262185,False,False,加高,多頭回檔承接,近20日回檔10–20%，但仍站在240日均線之上。,360.428259
2026-07-17,,8210,dip_10_20d_above_ma240,3455.185665,,80.910000,78.920000,-1.990000,-2.459523,100,1266460235.000000,-17.655155,-11.440753,-15.789764,False,False,勤誠,多頭回檔承接,近20日回檔10–20%，但仍站在240日均線之上。,1266.460235
2026-07-17,,8255,dip_10_20d_above_ma240,416.284514,,56.490000,56.690000,0.200000,0.354045,200,513434014.700000,-13.661604,-17.109956,-8.394826,False,False,朋程,多頭回檔承接,近20日回檔10–20%，但仍站在240日均線之上。,513.434015
2026-07-17,,8390,dip_10_20d_above_ma240,221.607218,,50.950000,49.390000,-1.560000,-3.061825,400,64194561.750000,-13.427657,-7.637717,-9.278650,False,False,金益鼎,多頭回檔承接,近20日回檔10–20%，但仍站在240日均線之上。,64.194562
2026-07-17,,8438,dip_10_20d_above_ma240,91.891051,,77.390000,78.850000,1.460000,1.886549,800,83896401.500000,-10.855217,-17.050760,-13.284537,False,False,昶昕,多頭回檔承接,近20日回檔10–20%，但仍站在240日均線之上。,83.896401
2026-07-17,,8454,dip_10_20d_above_ma240,665.771020,,85.480000,84.700000,-0.780000,-0.912494,100,546070027.350000,-19.365079,-13.502469,0.239442,False,False,富邦媒,多頭回檔承接,近20日回檔10–20%，但仍站在240日均線之上。,546.070027
2026-07-17,,8473,dip_10_20d_above_ma240,63.242138,,66.460000,65.590000,-0.870000,-1.309058,1000,54265582.950000,-12.524851,-7.814792,-0.701484,False,False,山林水,多頭回檔承接,近20日回檔10–20%，但仍站在240日均線之上。,54.265583
2026-07-17,,8926,dip_10_20d_above_ma240,247.492729,,61.470000,59.080000,-2.390000,-3.888075,400,700177023.300000,-15.106896,-11.606243,2.866432,False,False,台汽電,多頭回檔承接,近20日回檔10–20%，但仍站在240日均線之上。,700.177023
2026-07-17,,9105,dip_10_20d_above_ma240,47.695251,,14.060000,14.020000,-0.040000,-0.284495,1000,457840453.950000,-11.684211,-8.466070,3.580247,False,False,泰金寶-DR,多頭回檔承接,近20日回檔10–20%，但仍站在240日均線之上。,457.840454
2026-07-17,,1101,near_ma20_pm5,86.584753,,51.230000,50.880000,-0.350000,-0.683193,1000,748145385.200000,-0.983291,0.665724,-0.112368,False,False,台泥,月線附近,收盤價距20日均線正負5%內。,748.145385
2026-07-17,,1102,near_ma20_pm5,142.111429,,80.390000,80.090000,-0.300000,-0.373181,600,800115322.600000,0.149302,-0.172009,1.767251,False,False,亞泥,月線附近,收盤價距20日均線正負5%內。,800.115323
2026-07-17,,1104,near_ma20_pm5,91.309355,,68.680000,68.270000,-0.410000,-0.596971,800,32632256.250000,-2.350972,-1.488271,-0.219535,False,False,環泥,月線附近,收盤價距20日均線正負5%內。,32.632256
2026-07-17,,1210,near_ma20_pm5,270.907853,,67.360000,68.720000,1.360000,2.019002,200,171617285.050000,5.081670,2.260685,6.355621,False,False,大成,月線附近,收盤價距20日均線正負5%內。,171.617285
2026-07-17,,1215,near_ma20_pm5,345.007085,,62.100000,60.870000,-1.230000,-1.980676,200,150228563.850000,-5.150215,-2.449790,-9.808039,False,False,卜蜂,月線附近,收盤價距20日均線正負5%內。,150.228564
2026-07-17,,1216,near_ma20_pm5,263.118048,,88.970000,89.550000,0.580000,0.651905,400,1402510201.950000,5.263158,4.404568,8.018093,False,False,統一,月線附近,收盤價距20日均線正負5%內。,1402.510202
2026-07-17,,1227,near_ma20_pm5,167.432861,,66.860000,67.500000,0.640000,0.957224,400,37501375.950000,3.812825,1.122647,3.317427,False,False,佳格,月線附近,收盤價距20日均線正負5%內。,37.501376
2026-07-17,,1229,near_ma20_pm5,245.167623,,65.100000,65.440000,0.340000,0.522273,400,154743008.950000,3.691605,1.594499,4.500432,False,False,聯華,月線附近,收盤價距20日均線正負5%內。,154.743009
2026-07-17,,1231,near_ma20_pm5,442.380968,,66.880000,66.580000,-0.300000,-0.448565,200,37081650.350000,4.137931,3.030648,3.978577,False,False,聯華食,月線附近,收盤價距20日均線正負5%內。,37.081650
2026-07-17,,1256,near_ma20_pm5,466.955083,,69.260000,69.090000,-0.170000,-0.245452,200,24685719.550000,7.131972,1.439795,4.565895,False,False,鮮活果汁-KY,月線附近,收盤價距20日均線正負5%內。,24.685720
2026-07-17,,1304,near_ma20_pm5,45.167387,,57.920000,57.830000,-0.090000,-0.155387,1000,134504052.200000,3.088803,-2.714520,0.704048,False,False,台聚,月線附近,收盤價距20日均線正負5%內。,134.504052
2026-07-17,,1305,near_ma20_pm5,30.217992,,48.630000,48.160000,-0.470000,-0.966482,1000,65370210.700000,-1.171875,-4.402040,-3.857116,False,False,華夏,月線附近,收盤價距20日均線正負5%內。,65.370211
2026-07-17,,1307,near_ma20_pm5,129.932532,,81.110000,80.150000,-0.960000,-1.183578,600,41913607.850000,-5.405784,-2.256702,2.175349,False,False,三芳,月線附近,收盤價距20日均線正負5%內。,41.913608
2026-07-17,,1308,near_ma20_pm5,71.887883,,48.450000,48.820000,0.370000,0.763674,1000,65606732.300000,4.744526,-1.017417,2.402474,False,False,亞聚,月線附近,收盤價距20日均線正負5%內。,65.606732
2026-07-17,,1309,near_ma20_pm5,29.571387,,43.380000,42.880000,-0.500000,-1.152605,1000,80860480.900000,-0.689655,-3.404327,-10.762239,False,False,台達化,月線附近,收盤價距20日均線正負5%內。,80.860481
2026-07-17,,1310,near_ma20_pm5,18.660923,,23.580000,23.910000,0.330000,1.399491,1000,129984586.750000,16.532721,-2.347508,9.888127,False,False,台苯,月線附近,收盤價距20日均線正負5%內。,129.984587
2026-07-17,,1313,near_ma20_pm5,35.320624,,62.610000,63.780000,1.170000,1.868711,1000,170686817.950000,9.875776,-2.575364,6.588070,False,False,聯成,月線附近,收盤價距20日均線正負5%內。,170.686818
2026-07-17,,1314,near_ma20_pm5,15.995534,,30.850000,33.390000,2.540000,8.233387,1000,991310270.450000,13.385827,-0.866273,10.492998,False,False,中石化,月線附近,收盤價距20日均線正負5%內。,991.310270
2026-07-17,,1316,near_ma20_pm5,8.718076,,28.500000,32.680000,4.180000,14.666667,1000,20003302.100000,-9.459459,-3.527718,-6.118636,False,False,上曜,月線附近,收盤價距20日均線正負5%內。,20.003302
2026-07-17,,1342,near_ma20_pm5,166.487896,,58.290000,60.010000,1.720000,2.950763,400,79590910.400000,-1.287554,0.788782,11.182726,False,False,八貫,月線附近,收盤價距20日均線正負5%內。,79.590910
2026-07-17,,1402,near_ma20_pm5,89.097303,,86.590000,87.060000,0.470000,0.542788,800,746186791.900000,0.876872,2.020744,6.985063,False,False,遠東新,月線附近,收盤價距20日均線正負5%內。,746.186792
2026-07-17,,1436,near_ma20_pm5,99.641002,,74.780000,73.880000,-0.900000,-1.203530,800,30354214.000000,-3.850267,-0.646516,-3.423333,False,False,華友聯,月線附近,收盤價距20日均線正負5%內。,30.354214
2026-07-17,,1440,near_ma20_pm5,23.700350,,73.040000,73.110000,0.070000,0.095838,1000,55353160.400000,-1.885650,-2.302183,2.254898,False,False,南紡,月線附近,收盤價距20日均線正負5%內。,55.353160
2026-07-17,,1444,near_ma20_pm5,16.979887,,61.010000,59.770000,-1.240000,-2.032454,1000,80680954.050000,14.851485,-1.504124,16.274075,False,False,力麗,月線附近,收盤價距20日均線正負5%內。,80.680954
2026-07-17,,1447,near_ma20_pm5,13.913750,,66.540000,65.810000,-0.730000,-1.097084,1000,69998610.950000,33.770492,4.588567,27.812875,False,False,力鵬,月線附近,收盤價距20日均線正負5%內。,69.998611
2026-07-17,,1466,near_ma20_pm5,23.299003,,64.390000,61.730000,-2.660000,-4.131076,1000,46813815.750000,22.142857,3.856666,10.346311,False,False,聚隆,月線附近,收盤價距20日均線正負5%內。,46.813816
2026-07-17,,1476,near_ma20_pm5,1030.080156,,88.100000,87.930000,-0.170000,-0.192963,100,572536409.150000,3.091190,2.253564,2.338266,False,False,儒鴻,月線附近,收盤價距20日均線正負5%內。,572.536409
2026-07-17,,1477,near_ma20_pm5,834.924406,,73.480000,73.680000,0.200000,0.272183,100,740422348.650000,-0.460829,-2.394939,-1.784699,False,False,聚陽,月線附近,收盤價距20日均線正負5%內。,740.422349
2026-07-17,,1504,near_ma20_pm5,152.605976,,69.200000,68.380000,-0.820000,-1.184971,600,1043613064.350000,-2.765648,-3.760265,-3.059117,False,False,東元,月線附近,收盤價距20日均線正負5%內。,1043.613064
2026-07-17,,1522,near_ma20_pm5,78.271026,,52.390000,52.390000,0.000000,0.000000,1000,22163963.550000,-4.126944,-0.729467,-2.376911,False,False,堤維西,月線附近,收盤價距20日均線正負5%內。,22.163964
2026-07-17,,1536,near_ma20_pm5,104.257490,,29.190000,29.960000,0.770000,2.637890,800,227944623.400000,1.435897,-2.402921,-3.189493,False,False,和大,月線附近,收盤價距20日均線正負5%內。,227.944623
2026-07-17,,1563,near_ma20_pm5,56.537988,,34.090000,35.660000,1.570000,4.605456,1000,201560430.150000,2.194805,-4.714564,11.566408,False,False,巧新,月線附近,收盤價距20日均線正負5%內。,201.560430
2026-07-17,,1584,near_ma20_pm5,23.632256,,36.170000,36.080000,-0.090000,-0.248825,1000,22231132.700000,-0.773196,-1.142637,-1.704352,False,False,精剛,月線附近,收盤價距20日均線正負5%內。,22.231133
2026-07-17,,1608,near_ma20_pm5,67.367353,,61.020000,60.580000,-0.440000,-0.721075,1000,100283512.100000,-7.194245,-4.839186,-4.808757,False,False,華榮,月線附近,收盤價距20日均線正負5%內。,100.283512
2026-07-17,,1609,near_ma20_pm5,74.247185,,27.340000,28.500000,1.160000,4.242868,1000,449225047.700000,-1.630478,-4.559248,1.615192,False,False,大亞,月線附近,收盤價距20日均線正負5%內。,449.225048
2026-07-17,,1617,near_ma20_pm5,38.453827,,70.130000,69.780000,-0.350000,-0.499073,1000,39580191.150000,31.402439,1.614995,24.118071,False,False,榮星,月線附近,收盤價距20日均線正負5%內。,39.580191
2026-07-17,,1623,near_ma20_pm5,226.041667,,78.140000,76.500000,-1.640000,-2.098797,400,98707353.450000,1.165501,-2.175138,-5.022431,False,False,大東電,月線附近,收盤價距20日均線正負5%內。,98.707353
2026-07-17,,1707,near_ma20_pm5,218.184949,,55.730000,52.940000,-2.790000,-5.006280,400,55924056.000000,-8.826479,-2.811932,-8.807775,False,False,葡萄王,月線附近,收盤價距20日均線正負5%內。,55.924056
2026-07-17,,1708,near_ma20_pm5,153.271006,,43.570000,40.300000,-3.270000,-7.505164,600,677898699.350000,14.754098,-4.938663,15.573266,False,False,東鹼,月線附近,收盤價距20日均線正負5%內。,677.898699
2026-07-17,,1710,near_ma20_pm5,43.084343,,55.950000,57.540000,1.590000,2.841823,1000,285807637.300000,20.146520,1.910828,15.438761,False,False,東聯,月線附近,收盤價距20日均線正負5%內。,285.807637
2026-07-17,,1712,near_ma20_pm5,127.076611,,53.050000,53.300000,0.250000,0.471254,600,26182257.650000,-0.378310,0.126743,-1.749440,False,False,興農,月線附近,收盤價距20日均線正負5%內。,26.182258
2026-07-17,,1722,near_ma20_pm5,101.442921,,61.820000,61.970000,0.150000,0.242640,800,95885225.100000,-3.582395,-1.500497,-0.130756,False,False,台肥,月線附近,收盤價距20日均線正負5%內。,95.885225
2026-07-17,,1736,near_ma20_pm5,424.281394,,89.820000,91.030000,1.210000,1.347139,200,80571732.050000,6.779661,0.099305,3.881828,False,False,喬山,月線附近,收盤價距20日均線正負5%內。,80.571732
2026-07-17,,1773,near_ma20_pm5,893.845547,,82.240000,82.390000,0.150000,0.182393,100,119575163.750000,0.000000,-0.328431,0.649618,False,False,勝一,月線附近,收盤價距20日均線正負5%內。,119.575164
2026-07-17,,1795,near_ma20_pm5,218.007292,,57.390000,57.450000,0.060000,0.104548,400,473753401.100000,-2.842377,-3.897764,-7.183412,False,False,美時,月線附近,收盤價距20日均線正負5%內。,473.753401
2026-07-17,,1808,near_ma20_pm5,650.847801,,84.190000,84.380000,0.190000,0.225680,100,42811401.600000,-0.617284,4.792124,7.036011,False,False,潤隆,月線附近,收盤價距20日均線正負5%內。,42.811402
2026-07-17,,1904,near_ma20_pm5,52.687820,,61.830000,62.190000,0.360000,0.582242,1000,66080664.150000,-2.890872,-1.793722,8.163698,False,False,正隆,月線附近,收盤價距20日均線正負5%內。,66.080664
2026-07-17,,1907,near_ma20_pm5,66.338302,,80.450000,81.270000,0.820000,1.019267,1000,63340616.200000,6.190314,4.340552,13.099642,False,False,永豐餘,月線附近,收盤價距20日均線正負5%內。,63.340616
2026-07-17,,1909,near_ma20_pm5,22.406475,,62.240000,62.790000,0.550000,0.883676,1000,55009188.800000,0.497512,0.362697,6.034890,False,False,榮成,月線附近,收盤價距20日均線正負5%內。,55.009189
2026-07-17,,2002,near_ma20_pm5,56.885243,,48.360000,47.850000,-0.510000,-1.054591,1000,1226274900.900000,-0.533333,-1.087245,-0.876960,False,False,中鋼,月線附近,收盤價距20日均線正負5%內。,1226.274901
2026-07-17,,2006,near_ma20_pm5,168.778804,,79.330000,79.580000,0.250000,0.315139,400,315868337.750000,0.862069,0.760729,3.570375,False,False,東和鋼鐵,月線附近,收盤價距20日均線正負5%內。,315.868338
2026-07-17,,2009,near_ma20_pm5,60.731197,,55.160000,55.320000,0.160000,0.290065,1000,53736075.250000,-7.615481,-4.089171,-5.682422,False,False,第一銅,月線附近,收盤價距20日均線正負5%內。,53.736075
2026-07-17,,2010,near_ma20_pm5,71.577529,,66.130000,64.230000,-1.900000,-2.873129,1000,47466948.050000,-7.958600,-3.661581,-3.931653,False,False,春源,月線附近,收盤價距20日均線正負5%內。,47.466948
2026-07-17,,2014,near_ma20_pm5,21.061216,,46.560000,46.870000,0.310000,0.665808,1000,67472829.600000,-3.399433,-2.095894,-3.590614,False,False,中鴻,月線附近,收盤價距20日均線正負5%內。,67.472830
2026-07-17,,2015,near_ma20_pm5,218.362960,,88.230000,88.160000,-0.070000,-0.079338,400,24385680.950000,2.411576,3.016091,2.540713,False,False,豐興,月線附近,收盤價距20日均線正負5%內。,24.385681
2026-07-17,,2023,near_ma20_pm5,32.061846,,76.880000,77.540000,0.660000,0.858481,1000,33387358.050000,-2.857143,-1.090909,-1.698591,False,False,燁輝,月線附近,收盤價距20日均線正負5%內。,33.387358
2026-07-17,,2027,near_ma20_pm5,168.032632,,73.930000,74.270000,0.340000,0.459894,400,625557047.500000,1.329989,3.375597,3.807056,False,False,大成鋼,月線附近,收盤價距20日均線正負5%內。,625.557047
2026-07-17,,2031,near_ma20_pm5,120.546564,,53.580000,54.140000,0.560000,1.045166,600,32330212.800000,0.639386,1.189328,3.504027,False,False,新光鋼,月線附近,收盤價距20日均線正負5%內。,32.330213
2026-07-17,,2034,near_ma20_pm5,94.915414,,44.310000,44.620000,0.310000,0.699616,800,30219145.850000,-1.471746,0.655081,0.703110,False,False,允強,月線附近,收盤價距20日均線正負5%內。,30.219146
2026-07-17,,2059,near_ma20_pm5,14358.854284,,82.680000,82.140000,-0.540000,-0.653120,100,4645708225.750000,19.184290,1.665432,31.765361,False,False,川湖,月線附近,收盤價距20日均線正負5%內。,4645.708226
2026-07-17,,2101,near_ma20_pm5,139.882178,,62.220000,62.780000,0.560000,0.900032,600,116561819.200000,2.102102,3.422053,4.385202,False,False,南港,月線附近,收盤價距20日均線正負5%內。,116.561819
2026-07-17,,2103,near_ma20_pm5,87.172875,,49.800000,51.900000,2.100000,4.216867,1000,203830238.500000,12.175002,4.133412,12.109522,False,False,台橡,月線附近,收盤價距20日均線正負5%內。,203.830239
2026-07-17,,2104,near_ma20_pm5,31.357740,,36.820000,36.340000,-0.480000,-1.303639,1000,53089429.250000,3.921569,0.722159,1.513120,False,False,國際中橡,月線附近,收盤價距20日均線正負5%內。,53.089429
2026-07-17,,2108,near_ma20_pm5,134.219550,,68.400000,68.360000,-0.040000,-0.058480,600,34525780.950000,-4.965753,-2.451885,-1.391768,False,False,南帝,月線附近,收盤價距20日均線正負5%內。,34.525781
2026-07-17,,2201,near_ma20_pm5,29.575563,,59.690000,59.890000,0.200000,0.335064,1000,90232320.650000,2.309059,2.958263,4.221954,False,False,裕隆,月線附近,收盤價距20日均線正負5%內。,90.232321
2026-07-17,,2204,near_ma20_pm5,78.214973,,71.570000,72.300000,0.730000,1.019980,1000,56309916.450000,0.000000,-0.345775,2.507980,False,False,中華,月線附近,收盤價距20日均線正負5%內。,56.309916
2026-07-17,,2206,near_ma20_pm5,130.443450,,83.190000,83.650000,0.460000,0.552951,600,75436002.650000,2.584814,1.462012,4.990493,False,False,三陽工業,月線附近,收盤價距20日均線正負5%內。,75.436003
2026-07-17,,2207,near_ma20_pm5,1044.166524,,94.750000,94.870000,0.120000,0.126649,100,420348755.950000,5.308776,1.764121,4.529137,False,False,和泰車,月線附近,收盤價距20日均線正負5%內。,420.348756
2026-07-17,,2208,near_ma20_pm5,12.745548,,50.810000,50.730000,-0.080000,-0.157449,1000,230022423.950000,11.484594,3.135527,4.179391,False,False,台船,月線附近,收盤價距20日均線正負5%內。,230.022424
2026-07-17,,2211,near_ma20_pm5,124.579845,,81.160000,81.570000,0.410000,0.505175,600,55224467.300000,0.106270,-0.784665,-1.015762,False,False,長榮鋼,月線附近,收盤價距20日均線正負5%內。,55.224467
2026-07-17,,2231,near_ma20_pm5,490.845023,,71.390000,70.570000,-0.820000,-1.148620,200,238938463.250000,17.868676,2.681920,1.209274,False,False,為升,月線附近,收盤價距20日均線正負5%內。,238.938463
2026-07-17,,2236,near_ma20_pm5,315.357893,,81.630000,80.190000,-1.440000,-1.764057,200,144060586.050000,20.149254,1.369432,11.961057,False,False,百達-KY,月線附近,收盤價距20日均線正負5%內。,144.060586
2026-07-17,,2243,near_ma20_pm5,52.923623,,47.600000,53.510000,5.910000,12.415966,1000,53329746.050000,10.638298,-4.788062,43.606738,False,False,宏旭-KY,月線附近,收盤價距20日均線正負5%內。,53.329746
2026-07-17,,2250,near_ma20_pm5,76.356567,,48.970000,48.970000,0.000000,0.000000,1000,23087408.050000,0.651466,-4.489607,-2.592797,False,False,IKKA-KY,月線附近,收盤價距20日均線正負5%內。,23.087408
2026-07-17,,2258,near_ma20_pm5,32.100000,,92.630000,92.650000,0.020000,0.021591,1000,22256503.750000,0.784929,-1.774786,5.056456,False,False,鴻華先進-創,月線附近,收盤價距20日均線正負5%內。,22.256504
2026-07-17,,2317,near_ma20_pm5,1352.861110,,74.880000,73.370000,-1.510000,-2.016560,100,13780712896.500000,-11.471809,-3.703065,-5.080621,False,False,鴻海,月線附近,收盤價距20日均線正負5%內。,13780.712896
2026-07-17,,2324,near_ma20_pm5,131.080578,,62.140000,61.100000,-1.040000,-1.673640,600,2061874666.800000,-3.485255,0.194823,4.795866,False,False,仁寶,月線附近,收盤價距20日均線正負5%內。,2061.874667
2026-07-17,,2332,near_ma20_pm5,38.026955,,40.080000,35.870000,-4.210000,-10.503992,1000,694004262.850000,12.328767,1.409844,22.151050,False,False,友訊,月線附近,收盤價距20日均線正負5%內。,694.004263
2026-07-17,,2347,near_ma20_pm5,377.630672,,90.460000,90.590000,0.130000,0.143710,200,874516683.200000,-3.084608,-2.157770,2.210378,False,False,聯強,月線附近,收盤價距20日均線正負5%內。,874.516683
2026-07-17,,2352,near_ma20_pm5,37.829540,,43.220000,43.980000,0.760000,1.758445,1000,768575584.850000,-1.298701,-4.619970,4.659169,False,False,佳世達,月線附近,收盤價距20日均線正負5%內。,768.575585
2026-07-17,,2354,near_ma20_pm5,209.553786,,45.210000,45.120000,-0.090000,-0.199071,400,371367297.750000,-3.453881,-3.038851,-4.197463,False,False,鴻準,月線附近,收盤價距20日均線正負5%內。,371.367298
2026-07-17,,2357,near_ma20_pm5,533.554666,,81.650000,80.200000,-1.450000,-1.775873,100,3951554846.400000,-7.262659,0.916175,3.719838,False,False,華碩,月線附近,收盤價距20日均線正負5%內。,3951.554846
2026-07-17,,2359,near_ma20_pm5,132.975832,,42.900000,46.010000,3.110000,7.249417,600,709299933.600000,7.592227,2.608133,6.546464,False,False,所羅門,月線附近,收盤價距20日均線正負5%內。,709.299934
2026-07-17,,2371,near_ma20_pm5,11.460183,,42.300000,42.150000,-0.150000,-0.354610,1000,318433300.800000,-6.964286,-4.918332,-9.968031,False,False,大同,月線附近,收盤價距20日均線正負5%內。,318.433301
2026-07-17,,2376,near_ma20_pm5,1098.096919,,76.130000,75.830000,-0.300000,-0.394063,100,2206020854.250000,-6.474820,-2.992314,-1.178259,False,False,技嘉,月線附近,收盤價距20日均線正負5%內。,2206.020854
2026-07-17,,2377,near_ma20_pm5,487.183894,,61.590000,67.210000,5.620000,9.124858,200,2388883440.700000,3.284672,0.283487,12.295646,False,False,微星,月線附近,收盤價距20日均線正負5%內。,2388.883441
2026-07-17,,2385,near_ma20_pm5,573.915637,,82.970000,80.540000,-2.430000,-2.928769,100,569294576.000000,-10.869565,-3.846154,-13.783247,False,False,群光,月線附近,收盤價距20日均線正負5%內。,569.294576
2026-07-17,,2387,near_ma20_pm5,94.268357,,55.170000,55.120000,-0.050000,-0.090629,800,25637221.450000,-3.299492,-3.727100,-5.212091,False,False,精元,月線附近,收盤價距20日均線正負5%內。,25.637221
2026-07-17,,2393,near_ma20_pm5,217.467235,,68.470000,68.670000,0.200000,0.292099,400,204590940.950000,-6.993007,-3.672050,-2.815666,False,False,億光,月線附近,收盤價距20日均線正負5%內。,204.590941
2026-07-17,,2395,near_ma20_pm5,2021.687620,,92.270000,92.590000,0.320000,0.346808,100,1597782234.850000,7.241112,3.349656,10.882833,False,False,研華,月線附近,收盤價距20日均線正負5%內。,1597.782235
2026-07-17,,2412,near_ma20_pm5,345.716373,,81.150000,80.300000,-0.850000,-1.047443,200,2811989828.950000,-1.628789,1.187778,2.467566,False,False,中華電,月線附近,收盤價距20日均線正負5%內。,2811.989829
2026-07-17,,2414,near_ma20_pm5,222.302906,,59.300000,59.190000,-0.110000,-0.185497,400,30460322.300000,-1.153213,-2.208459,10.439611,False,False,精技,月線附近,收盤價距20日均線正負5%內。,30.460322
2026-07-17,,2425,near_ma20_pm5,19.300192,,39.310000,38.460000,-0.850000,-2.162300,1000,167803006.850000,0.237812,-0.629507,13.484518,False,False,承啟,月線附近,收盤價距20日均線正負5%內。,167.803007
2026-07-17,,2427,near_ma20_pm5,35.036451,,49.830000,49.780000,-0.050000,-0.100341,1000,80790667.700000,4.395604,-0.523560,5.983415,False,False,三商電,月線附近,收盤價距20日均線正負5%內。,80.790668
2026-07-17,,2429,near_ma20_pm5,0.531577,,43.470000,43.270000,-0.200000,-0.460087,1000,57578217.300000,10.233161,-2.826149,-9.108710,False,False,銘旺科,月線附近,收盤價距20日均線正負5%內。,57.578217
2026-07-17,,2442,near_ma20_pm5,20.248212,,50.770000,49.710000,-1.060000,-2.087847,1000,26688107.000000,-4.010025,-1.084711,0.634990,False,False,新美齊,月線附近,收盤價距20日均線正負5%內。,26.688107
2026-07-17,,2453,near_ma20_pm5,111.734879,,42.150000,42.040000,-0.110000,-0.260973,800,22324130.400000,-5.528040,-4.483116,-4.908318,False,False,凌群,月線附近,收盤價距20日均線正負5%內。,22.324130
2026-07-17,,2465,near_ma20_pm5,24.340128,,30.720000,29.580000,-1.140000,-3.710938,1000,167609031.000000,-6.601467,-1.673102,-3.782377,False,False,麗臺,月線附近,收盤價距20日均線正負5%內。,167.609031
2026-07-17,,2474,near_ma20_pm5,852.715719,,77.360000,73.720000,-3.640000,-4.705274,100,1306978878.800000,-6.069343,-4.679778,-6.686777,False,False,可成,月線附近,收盤價距20日均線正負5%內。,1306.978879
2026-07-17,,2480,near_ma20_pm5,513.431596,,36.450000,38.080000,1.630000,4.471879,200,64849517.350000,6.101695,-0.318471,6.281103,False,False,敦陽科,月線附近,收盤價距20日均線正負5%內。,64.849517
2026-07-17,,2484,near_ma20_pm5,193.732221,,31.140000,31.580000,0.440000,1.412974,400,3883293871.450000,16.115108,0.541955,35.736712,False,False,希華,月線附近,收盤價距20日均線正負5%內。,3883.293871
2026-07-17,,2501,near_ma20_pm5,51.364986,,74.090000,72.610000,-1.480000,-1.997571,1000,121874618.500000,-12.572662,-2.559389,-0.877288,False,False,國建,月線附近,收盤價距20日均線正負5%內。,121.874618
2026-07-17,,2504,near_ma20_pm5,65.276605,,70.770000,70.270000,-0.500000,-0.706514,1000,165813564.550000,-5.917160,-1.806392,-2.679124,False,False,國產,月線附近,收盤價距20日均線正負5%內。,165.813565
2026-07-17,,2515,near_ma20_pm5,23.600153,,53.650000,54.250000,0.600000,1.118360,1000,159386070.800000,-3.376365,-4.891902,-2.538376,False,False,中工,月線附近,收盤價距20日均線正負5%內。,159.386071
2026-07-17,,2520,near_ma20_pm5,109.535311,,68.440000,68.860000,0.420000,0.613676,800,88011728.300000,-1.244813,2.350917,10.134197,False,False,冠德,月線附近,收盤價距20日均線正負5%內。,88.011728
2026-07-17,,2535,near_ma20_pm5,310.715328,,66.550000,66.420000,-0.130000,-0.195342,200,34862368.650000,-10.548087,-4.556990,4.093544,False,False,達欣工,月線附近,收盤價距20日均線正負5%內。,34.862369
2026-07-17,,2536,near_ma20_pm5,69.532054,,70.290000,69.030000,-1.260000,-1.792574,1000,30640850.750000,0.162121,0.357361,2.552836,False,False,宏普,月線附近,收盤價距20日均線正負5%內。,30.640851
2026-07-17,,2539,near_ma20_pm5,129.779274,,85.680000,85.520000,-0.160000,-0.186741,600,43529295.700000,3.553299,3.186646,4.597505,False,False,櫻花建,月線附近,收盤價距20日均線正負5%內。,43.529296
2026-07-17,,2540,near_ma20_pm5,32.002002,,89.020000,89.260000,0.240000,0.269602,1000,31827288.500000,-2.372263,-0.112024,-1.038937,False,False,愛山林,月線附近,收盤價距20日均線正負5%內。,31.827289
2026-07-17,,2542,near_ma20_pm5,668.844402,,70.950000,70.740000,-0.210000,-0.295983,100,412401749.700000,-4.730473,-0.178664,1.898337,False,False,興富發,月線附近,收盤價距20日均線正負5%內。,412.401750
2026-07-17,,2543,near_ma20_pm5,90.787879,,68.190000,67.680000,-0.510000,-0.747910,800,62149272.200000,-17.653391,-3.207440,-11.220286,False,False,皇昌,月線附近,收盤價距20日均線正負5%內。,62.149272
2026-07-17,,2547,near_ma20_pm5,31.966691,,62.900000,63.410000,0.510000,0.810811,1000,48774634.800000,-0.892857,-0.493052,4.546025,False,False,日勝生,月線附近,收盤價距20日均線正負5%內。,48.774635
2026-07-17,,2548,near_ma20_pm5,817.143730,,63.550000,61.920000,-1.630000,-2.564910,100,187372512.950000,-6.481481,-0.751732,-7.480397,False,False,華固,月線附近,收盤價距20日均線正負5%內。,187.372513
2026-07-17,,2597,near_ma20_pm5,1257.641841,,86.770000,86.850000,0.080000,0.092198,100,62090004.900000,-5.459770,-2.315914,1.804453,False,False,潤弘,月線附近,收盤價距20日均線正負5%內。,62.090005
2026-07-17,,2603,near_ma20_pm5,385.001767,,73.600000,72.990000,-0.610000,-0.828804,200,2917436216.500000,2.061856,3.583573,1.126553,False,False,長榮,月線附近,收盤價距20日均線正負5%內。,2917.436216
2026-07-17,,2605,near_ma20_pm5,111.259930,,51.340000,49.870000,-1.470000,-2.863265,800,178521856.700000,-1.162822,2.621390,0.545585,False,False,新興,月線附近,收盤價距20日均線正負5%內。,178.521857
2026-07-17,,2606,near_ma20_pm5,224.538376,,75.350000,75.110000,-0.240000,-0.318514,400,256741837.850000,-2.250804,-1.546433,-2.951084,False,False,裕民,月線附近,收盤價距20日均線正負5%內。,256.741838
2026-07-17,,2607,near_ma20_pm5,48.504283,,70.410000,70.260000,-0.150000,-0.213038,1000,24508320.150000,-2.382372,-0.551613,0.521325,False,False,榮運,月線附近,收盤價距20日均線正負5%內。,24.508320
2026-07-17,,2609,near_ma20_pm5,77.309723,,53.000000,52.810000,-0.190000,-0.358491,1000,1101095887.100000,-0.686554,-0.437282,0.139330,False,False,陽明,月線附近,收盤價距20日均線正負5%內。,1101.095887
2026-07-17,,2610,near_ma20_pm5,21.287221,,66.530000,69.560000,3.030000,4.554336,1000,1500927671.100000,-1.346338,-3.715011,7.278450,False,False,華航,月線附近,收盤價距20日均線正負5%內。,1500.927671
2026-07-17,,2612,near_ma20_pm5,120.858008,,72.600000,72.480000,-0.120000,-0.165289,600,22459356.350000,-5.698529,-3.833536,-5.263087,False,False,中航,月線附近,收盤價距20日均線正負5%內。,22.459356
2026-07-17,,2615,near_ma20_pm5,283.402450,,86.370000,86.460000,0.090000,0.104203,200,663317389.900000,2.597913,2.149031,3.036498,False,False,萬海,月線附近,收盤價距20日均線正負5%內。,663.317390
2026-07-17,,2617,near_ma20_pm5,83.639382,,58.070000,58.240000,0.170000,0.292750,1000,24361922.900000,-0.672078,-0.399104,1.125293,False,False,台航,月線附近,收盤價距20日均線正負5%內。,24.361923
2026-07-17,,2618,near_ma20_pm5,44.269056,,74.160000,76.580000,2.420000,3.263215,1000,2602259602.500000,1.620691,-0.170699,12.854374,False,False,長榮航,月線附近,收盤價距20日均線正負5%內。,2602.259602
2026-07-17,,2633,near_ma20_pm5,35.418330,,84.390000,84.580000,0.190000,0.225145,1000,307204692.200000,3.745872,2.412972,4.000616,False,False,台灣高鐵,月線附近,收盤價距20日均線正負5%內。,307.204692
2026-07-17,,2636,near_ma20_pm5,256.198966,,41.690000,41.210000,-0.480000,-1.151355,400,33281161.450000,-4.377983,-3.467971,-1.839450,False,False,台驊控股,月線附近,收盤價距20日均線正負5%內。,33.281161
2026-07-17,,2637,near_ma20_pm5,254.093679,,81.480000,82.480000,1.000000,1.227295,400,263209306.750000,2.583979,2.312995,7.088142,False,False,慧洋-KY,月線附近,收盤價距20日均線正負5%內。,263.209307
2026-07-17,,2646,near_ma20_pm5,21.200000,,63.260000,63.470000,0.210000,0.331963,1000,140606314.450000,0.000000,-0.317386,2.386606,False,False,星宇航空,月線附近,收盤價距20日均線正負5%內。,140.606314
2026-07-17,,2707,near_ma20_pm5,916.686662,,66.520000,66.710000,0.190000,0.285628,100,27572029.000000,-0.833333,-0.543251,1.382052,False,False,晶華,月線附近,收盤價距20日均線正負5%內。,27.572029
2026-07-17,,2727,near_ma20_pm5,470.369891,,46.840000,45.050000,-1.790000,-3.821520,200,149160540.900000,-3.863294,-3.495264,-1.311063,False,False,王品,月線附近,收盤價距20日均線正負5%內。,149.160541
2026-07-17,,2731,near_ma20_pm5,222.735604,,45.490000,42.480000,-3.010000,-6.616839,400,111953331.700000,-6.229508,-3.573837,-4.714063,False,False,雄獅,月線附近,收盤價距20日均線正負5%內。,111.953332
2026-07-17,,2745,near_ma20_pm5,123.769346,,51.420000,51.280000,-0.140000,-0.272268,600,20115392.000000,-5.555556,-3.659976,-1.868035,False,False,五福,月線附近,收盤價距20日均線正負5%內。,20.115392
2026-07-17,,2753,near_ma20_pm5,221.425212,,55.530000,54.680000,-0.850000,-1.530704,400,75747476.200000,-2.539368,-2.663171,0.186225,False,False,八方雲集,月線附近,收盤價距20日均線正負5%內。,75.747476
2026-07-17,,2801,near_ma20_pm5,74.630138,,73.380000,73.780000,0.400000,0.545108,1000,707684199.150000,4.139434,1.540096,9.261305,False,False,彰銀,月線附近,收盤價距20日均線正負5%內。,707.684199
2026-07-17,,2812,near_ma20_pm5,64.325648,,53.400000,54.080000,0.680000,1.273408,1000,288088187.150000,3.526448,1.669759,4.571283,False,False,台中銀,月線附近,收盤價距20日均線正負5%內。,288.088187
2026-07-17,,2820,near_ma20_pm5,57.431754,,62.640000,62.340000,-0.300000,-0.478927,1000,58416557.850000,-2.920812,-2.373887,0.378268,False,False,華票,月線附近,收盤價距20日均線正負5%內。,58.416558
2026-07-17,,2834,near_ma20_pm5,44.348897,,55.520000,55.600000,0.080000,0.144092,1000,656252765.850000,2.266289,1.191310,6.883790,False,False,臺企銀,月線附近,收盤價距20日均線正負5%內。,656.252766
2026-07-17,,2836,near_ma20_pm5,29.963499,,82.110000,82.700000,0.590000,0.718548,1000,43932309.450000,2.439024,1.694915,4.247104,False,False,高雄銀,月線附近,收盤價距20日均線正負5%內。,43.932309
2026-07-17,,2838,near_ma20_pm5,45.452274,,89.120000,88.850000,-0.270000,-0.302962,1000,71564607.950000,-1.148254,-3.408174,3.520138,False,False,聯邦銀,月線附近,收盤價距20日均線正負5%內。,71.564608
2026-07-17,,2845,near_ma20_pm5,32.548418,,69.270000,70.000000,0.730000,1.053847,1000,218968491.750000,0.751880,1.804368,6.454816,False,False,遠東銀,月線附近,收盤價距20日均線正負5%內。,218.968492
2026-07-17,,2850,near_ma20_pm5,551.120065,,76.680000,76.950000,0.270000,0.352113,100,45298474.650000,2.473498,0.852026,7.532696,False,False,新產,月線附近,收盤價距20日均線正負5%內。,45.298475
2026-07-17,,2851,near_ma20_pm5,115.564077,,69.720000,68.800000,-0.920000,-1.319564,600,119442472.750000,-5.632320,-2.884827,6.667255,False,False,中再保,月線附近,收盤價距20日均線正負5%內。,119.442473
2026-07-17,,2867,near_ma20_pm5,14.987968,,81.420000,82.400000,0.980000,1.203635,1000,140727396.700000,4.176334,3.641295,10.595673,False,False,三商壽,月線附近,收盤價距20日均線正負5%內。,140.727397
2026-07-17,,2881,near_ma20_pm5,421.529176,,87.750000,87.670000,-0.080000,-0.091168,200,4407615691.450000,-5.189574,-1.629592,13.999226,False,False,富邦金,月線附近,收盤價距20日均線正負5%內。,4407.615691
2026-07-17,,2883,near_ma20_pm5,76.101994,,63.930000,63.840000,-0.090000,-0.140779,1000,2203623636.500000,2.805034,2.191678,20.378485,False,False,凱基金,月線附近,收盤價距20日均線正負5%內。,2203.623636
2026-07-17,,2884,near_ma20_pm5,164.512339,,72.210000,72.660000,0.450000,0.623182,400,2059723374.100000,3.061516,2.957825,9.325124,False,False,玉山金,月線附近,收盤價距20日均線正負5%內。,2059.723374
2026-07-17,,2885,near_ma20_pm5,171.319567,,83.140000,82.970000,-0.170000,-0.204474,400,2117558725.000000,-2.548726,-3.439055,6.924015,False,False,元大金,月線附近,收盤價距20日均線正負5%內。,2117.558725
2026-07-17,,2886,near_ma20_pm5,137.679008,,82.170000,82.520000,0.350000,0.425946,600,2022827876.200000,5.543237,3.080505,11.879346,False,False,兆豐金,月線附近,收盤價距20日均線正負5%內。,2022.827876
2026-07-17,,2887,near_ma20_pm5,136.176284,,72.480000,72.990000,0.510000,0.703642,600,2641336160.350000,9.049080,4.604973,25.785051,False,False,台新新光金,月線附近,收盤價距20日均線正負5%內。,2641.336160
2026-07-17,,2889,near_ma20_pm5,53.558257,,71.620000,71.150000,-0.470000,-0.656241,1000,131178353.050000,3.289474,2.866503,5.198504,False,False,國票金,月線附近,收盤價距20日均線正負5%內。,131.178353
2026-07-17,,2890,near_ma20_pm5,123.767846,,79.140000,79.550000,0.410000,0.518069,600,2200475626.050000,10.041265,-0.093662,16.572761,False,False,永豐金,月線附近,收盤價距20日均線正負5%內。,2200.475626
2026-07-17,,2892,near_ma20_pm5,137.377748,,68.830000,69.520000,0.690000,1.002470,600,1519070799.400000,4.923077,3.216042,12.371276,False,False,第一金,月線附近,收盤價距20日均線正負5%內。,1519.070799
2026-07-17,,2897,near_ma20_pm5,14.661623,,81.180000,81.240000,0.060000,0.073910,1000,44709615.750000,-1.421801,-1.117186,1.214903,False,False,王道銀行,月線附近,收盤價距20日均線正負5%內。,44.709616
2026-07-17,,2903,near_ma20_pm5,69.925008,,77.210000,76.780000,-0.430000,-0.556923,1000,70681597.400000,-2.134647,0.960405,3.546996,False,False,遠百,月線附近,收盤價距20日均線正負5%內。,70.681597
2026-07-17,,2912,near_ma20_pm5,569.549851,,88.030000,88.590000,0.560000,0.636147,100,863161257.050000,6.113537,4.471195,6.563368,False,False,統一超,月線附近,收盤價距20日均線正負5%內。,863.161257
2026-07-17,,2913,near_ma20_pm5,9.204895,,50.810000,49.610000,-1.200000,-2.361740,1000,49770915.100000,0.448430,0.900901,0.734523,False,False,農林,月線附近,收盤價距20日均線正負5%內。,49.770915
2026-07-17,,2915,near_ma20_pm5,102.695765,,64.000000,64.440000,0.440000,0.687500,800,230606024.050000,0.763359,1.265823,10.514198,False,False,潤泰全,月線附近,收盤價距20日均線正負5%內。,230.606024
2026-07-17,,3004,near_ma20_pm5,66.182856,,47.900000,47.970000,0.070000,0.146138,1000,168339226.350000,5.597015,-0.211566,8.853132,False,False,豐達科,月線附近,收盤價距20日均線正負5%內。,168.339226
2026-07-17,,3005,near_ma20_pm5,352.365064,,75.130000,75.690000,0.560000,0.745375,200,720408029.150000,7.317073,3.959928,6.611530,False,False,神基,月線附近,收盤價距20日均線正負5%內。,720.408029
2026-07-17,,3029,near_ma20_pm5,307.873106,,45.400000,45.080000,-0.320000,-0.704846,200,120605842.350000,0.490196,1.319626,1.969757,False,False,零壹,月線附近,收盤價距20日均線正負5%內。,120.605842
2026-07-17,,3032,near_ma20_pm5,261.845109,,51.340000,51.810000,0.470000,0.915466,400,53850575.250000,-10.047281,-4.540893,-4.079661,False,False,偉訓,月線附近,收盤價距20日均線正負5%內。,53.850575
2026-07-17,,3033,near_ma20_pm5,298.066189,,45.390000,50.150000,4.760000,10.486891,200,668507502.950000,-0.204499,-3.083263,3.165795,False,False,威健,月線附近,收盤價距20日均線正負5%內。,668.507503
2026-07-17,,3045,near_ma20_pm5,233.665511,,92.500000,92.300000,-0.200000,-0.216216,400,1939069530.050000,-2.854045,-0.929648,0.798568,False,False,台灣大,月線附近,收盤價距20日均線正負5%內。,1939.069530
2026-07-17,,3046,near_ma20_pm5,14.872723,,45.400000,45.400000,0.000000,0.000000,1000,42752379.000000,-2.866600,-1.420706,1.854466,False,False,建碁,月線附近,收盤價距20日均線正負5%內。,42.752379
2026-07-17,,3056,near_ma20_pm5,86.993854,,27.120000,26.360000,-0.760000,-2.802360,1000,22259603.800000,-4.934211,-2.000678,1.736682,False,False,富華新,月線附近,收盤價距20日均線正負5%內。,22.259604
2026-07-17,,3176,near_ma20_pm5,33.550000,,28.450000,28.670000,0.220000,0.773286,1000,27367651.000000,0.449102,-3.529581,-1.054339,False,False,基亞,月線附近,收盤價距20日均線正負5%內。,27.367651
2026-07-17,,3218,near_ma20_pm5,239.032131,,56.250000,56.620000,0.370000,0.657778,400,43326267.550000,0.000000,-2.651653,-0.124224,False,False,大學光,月線附近,收盤價距20日均線正負5%內。,43.326268
2026-07-17,,3229,near_ma20_pm5,17.311630,,69.030000,69.030000,0.000000,0.000000,1000,20865104.650000,-7.361268,-2.071112,-3.488418,False,False,晟鈦,月線附近,收盤價距20日均線正負5%內。,20.865105
2026-07-17,,3230,near_ma20_pm5,29.208460,,51.080000,45.300000,-5.780000,-11.315583,1000,110263558.450000,54.591837,-0.655738,23.229174,False,False,錦明,月線附近,收盤價距20日均線正負5%內。,110.263558
2026-07-17,,3303,near_ma20_pm5,145.973263,,43.190000,42.360000,-0.830000,-1.921741,600,81029838.600000,-6.016773,-3.867445,5.771048,False,False,岱稜,月線附近,收盤價距20日均線正負5%內。,81.029839
2026-07-17,,3360,near_ma20_pm5,44.153661,,17.760000,16.990000,-0.770000,-4.335586,1000,145374988.700000,17.771084,-2.700012,19.681665,False,False,尚立,月線附近,收盤價距20日均線正負5%內。,145.374989
2026-07-17,,3402,near_ma20_pm5,517.405416,,34.100000,37.920000,3.820000,11.202346,200,203578615.150000,4.301075,-1.070882,2.314679,False,False,漢科,月線附近,收盤價距20日均線正負5%內。,203.578615
2026-07-17,,3479,near_ma20_pm5,365.942567,,50.780000,46.480000,-4.300000,-8.467901,200,341070267.350000,6.260220,-0.693757,15.135137,False,False,安勤,月線附近,收盤價距20日均線正負5%內。,341.070267
2026-07-17,,3491,near_ma20_pm5,4874.323416,,54.760000,53.790000,-0.970000,-1.771366,100,2626430774.750000,-12.580645,2.774451,-16.853874,False,False,昇達科,月線附近,收盤價距20日均線正負5%內。,2626.430775
2026-07-17,,3498,near_ma20_pm5,148.847184,,49.020000,44.610000,-4.410000,-8.996328,600,275651357.150000,-1.680672,-3.723514,-3.521069,False,False,陽程,月線附近,收盤價距20日均線正負5%內。,275.651357
2026-07-17,,3501,near_ma20_pm5,137.495859,,48.720000,45.290000,-3.430000,-7.040230,600,23640507.800000,-6.549708,-1.728061,-5.735690,False,False,維熹,月線附近,收盤價距20日均線正負5%內。,23.640508
2026-07-17,,3532,near_ma20_pm5,392.247432,,92.920000,92.830000,-0.090000,-0.096858,200,2470404219.200000,7.436867,3.939574,36.949732,True,True,台勝科,月線附近,收盤價距20日均線正負5%內。,2470.404219
2026-07-17,,3543,near_ma20_pm5,38.408168,,33.090000,33.410000,0.320000,0.967060,1000,33647578.450000,-6.741573,-3.974878,-14.924154,False,False,州巧,月線附近,收盤價距20日均線正負5%內。,33.647578
2026-07-17,,3546,near_ma20_pm5,371.370701,,40.790000,38.660000,-2.130000,-5.221868,200,28033833.050000,-10.143294,-4.943518,-1.408274,False,False,宇峻,月線附近,收盤價距20日均線正負5%內。,28.033833
2026-07-17,,3551,near_ma20_pm5,488.249439,,55.110000,58.080000,2.970000,5.389222,200,240852658.800000,-1.315789,-3.674813,-3.561320,False,False,世禾,月線附近,收盤價距20日均線正負5%內。,240.852659
2026-07-17,,3558,near_ma20_pm5,208.097030,,51.010000,51.030000,0.020000,0.039208,400,45813959.900000,-4.444444,-4.691540,0.952133,False,False,神準,月線附近,收盤價距20日均線正負5%內。,45.813960
2026-07-17,,3564,near_ma20_pm5,66.639998,,60.150000,60.060000,-0.090000,-0.149626,1000,27008559.250000,-2.611212,-4.310977,0.473683,False,False,其陽,月線附近,收盤價距20日均線正負5%內。,27.008559
2026-07-17,,3576,near_ma20_pm5,13.382883,,34.550000,32.960000,-1.590000,-4.602026,1000,325317554.600000,-6.788512,4.081633,2.778178,False,False,聯合再生,月線附近,收盤價距20日均線正負5%內。,325.317555
2026-07-17,,3577,near_ma20_pm5,339.966437,,74.550000,73.690000,-0.860000,-1.153588,200,87136456.250000,10.917930,4.055130,9.618030,False,False,泓格,月線附近,收盤價距20日均線正負5%內。,87.136456
2026-07-17,,3596,near_ma20_pm5,479.583027,,79.190000,78.540000,-0.650000,-0.820811,200,394625709.500000,-6.201550,-4.924044,-1.179673,False,False,智易,月線附近,收盤價距20日均線正負5%內。,394.625710
2026-07-17,,3605,near_ma20_pm5,190.532339,,45.530000,52.050000,6.520000,14.320228,400,827876352.000000,2.853437,-4.933165,-1.378381,False,False,宏致,月線附近,收盤價距20日均線正負5%內。,827.876352
2026-07-17,,3694,near_ma20_pm5,65.847505,,56.710000,55.240000,-1.470000,-2.592135,1000,196754720.700000,-2.907916,-4.070231,-4.759389,False,False,海華,月線附近,收盤價距20日均線正負5%內。,196.754721
2026-07-17,,3702,near_ma20_pm5,426.873165,,86.870000,86.720000,-0.150000,-0.172672,200,1536454656.950000,2.336449,-0.409277,-0.668259,False,False,大聯大,月線附近,收盤價距20日均線正負5%內。,1536.454657
2026-07-17,,3703,near_ma20_pm5,45.475195,,68.680000,68.010000,-0.670000,-0.975539,1000,23341933.350000,-1.574671,-0.157095,2.287884,False,False,欣陸,月線附近,收盤價距20日均線正負5%內。,23.341933
2026-07-17,,3704,near_ma20_pm5,56.346346,,59.870000,60.350000,0.480000,0.801737,1000,260981858.650000,-6.600413,-1.749407,6.982165,False,False,合勤控,月線附近,收盤價距20日均線正負5%內。,260.981859
2026-07-17,,3706,near_ma20_pm5,236.830644,,52.760000,52.890000,0.130000,0.246399,400,1781654476.950000,2.317497,-0.186514,1.845444,False,False,神達,月線附近,收盤價距20日均線正負5%內。,1781.654477
2026-07-17,,3709,near_ma20_pm5,102.980624,,68.560000,67.720000,-0.840000,-1.225204,800,105141983.700000,-0.804290,-2.219873,-7.879995,False,False,鑫聯大投控,月線附近,收盤價距20日均線正負5%內。,105.141984
2026-07-17,,4105,near_ma20_pm5,404.694225,,54.790000,55.830000,1.040000,1.898157,200,77329408.150000,5.563094,1.732592,3.901885,False,False,東洋,月線附近,收盤價距20日均線正負5%內。,77.329408
2026-07-17,,4114,near_ma20_pm5,155.084651,,39.830000,39.770000,-0.060000,-0.150640,600,59632717.300000,6.515152,2.423744,5.371536,False,False,健喬,月線附近,收盤價距20日均線正負5%內。,59.632717
2026-07-17,,4123,near_ma20_pm5,325.099883,,62.140000,62.550000,0.410000,0.659800,200,94321534.200000,-0.403769,-3.039832,-3.312210,False,False,晟德,月線附近,收盤價距20日均線正負5%內。,94.321534
2026-07-17,,4128,near_ma20_pm5,32.839916,,39.490000,39.680000,0.190000,0.481134,1000,74820368.900000,4.745763,-3.977626,0.210799,False,False,中天,月線附近,收盤價距20日均線正負5%內。,74.820369
2026-07-17,,4137,near_ma20_pm5,199.533271,,54.110000,53.710000,-0.400000,-0.739235,400,28342023.250000,-4.609373,-2.809992,-2.265748,False,False,麗豐-KY,月線附近,收盤價距20日均線正負5%內。,28.342023
2026-07-17,,4142,near_ma20_pm5,16.954696,,32.920000,32.640000,-0.280000,-0.850547,1000,21831476.000000,-4.000000,-3.211868,-4.136947,False,False,國光生,月線附近,收盤價距20日均線正負5%內。,21.831476
2026-07-17,,4162,near_ma20_pm5,118.631696,,43.290000,42.830000,-0.460000,-1.062601,600,76436488.200000,12.345679,2.833158,10.093329,False,False,智擎,月線附近,收盤價距20日均線正負5%內。,76.436488
2026-07-17,,4163,near_ma20_pm5,231.598024,,70.390000,70.450000,0.060000,0.085239,400,33326505.500000,6.521739,-2.835614,6.184718,False,False,鐿鈦,月線附近,收盤價距20日均線正負5%內。,33.326506
2026-07-17,,4167,near_ma20_pm5,22.583654,,33.560000,34.340000,0.780000,2.324195,1000,28445332.550000,4.030227,1.374570,4.685058,False,False,松瑞藥,月線附近,收盤價距20日均線正負5%內。,28.445333
2026-07-17,,4174,near_ma20_pm5,13.850000,,34.540000,35.570000,1.030000,2.982050,1000,22369869.650000,-1.247772,-4.301261,-8.626093,False,False,浩鼎,月線附近,收盤價距20日均線正負5%內。,22.369870
2026-07-17,,4306,near_ma20_pm5,64.940402,,51.040000,51.890000,0.850000,1.665361,1000,32288985.750000,-3.149623,-2.908292,5.282063,False,False,炎洲,月線附近,收盤價距20日均線正負5%內。,32.288986
2026-07-17,,4536,near_ma20_pm5,292.648802,,65.210000,65.680000,0.470000,0.720748,200,67338655.000000,5.225878,2.867798,7.721456,False,False,拓凱,月線附近,收盤價距20日均線正負5%內。,67.338655
2026-07-17,,4585,near_ma20_pm5,302.365136,,77.270000,76.500000,-0.770000,-0.996506,200,132623719.800000,-1.470588,-3.365385,-7.248111,False,False,達明,月線附近,收盤價距20日均線正負5%內。,132.623720
2026-07-17,,4590,near_ma20_pm5,90.269058,,41.780000,39.370000,-2.410000,-5.768310,800,48444471.300000,15.729562,4.637377,14.885856,False,False,富田-創,月線附近,收盤價距20日均線正負5%內。,48.444471
2026-07-17,,4746,near_ma20_pm5,74.087963,,30.960000,32.280000,1.320000,4.263566,1000,43000424.150000,-0.383142,-2.557856,-1.942297,False,False,台耀,月線附近,收盤價距20日均線正負5%內。,43.000424
2026-07-17,,4763,near_ma20_pm5,1078.359228,,68.630000,68.650000,0.020000,0.029142,100,531563154.250000,1.795735,-3.710388,2.509042,False,False,材料*-KY,月線附近,收盤價距20日均線正負5%內。,531.563154
2026-07-17,,4766,near_ma20_pm5,481.046488,,77.050000,76.540000,-0.510000,-0.661908,200,215831571.550000,-5.195284,-4.556562,-4.773691,False,False,南寶,月線附近,收盤價距20日均線正負5%內。,215.831572
2026-07-17,,4770,near_ma20_pm5,252.107769,,62.930000,64.240000,1.310000,2.081678,400,71809970.700000,0.234192,-0.799629,-5.581293,False,False,上品,月線附近,收盤價距20日均線正負5%內。,71.809971
2026-07-17,,4771,near_ma20_pm5,203.946820,,59.330000,59.640000,0.310000,0.522501,400,49986287.850000,4.825737,-2.530226,0.449583,False,False,望隼,月線附近,收盤價距20日均線正負5%內。,49.986288
2026-07-17,,4904,near_ma20_pm5,247.578149,,93.690000,93.430000,-0.260000,-0.277511,400,2432138870.050000,-2.332818,2.820563,6.474647,False,False,遠傳,月線附近,收盤價距20日均線正負5%內。,2432.138870
2026-07-17,,4915,near_ma20_pm5,129.675259,,63.650000,60.490000,-3.160000,-4.964650,600,346733950.600000,-8.904018,-4.468338,-5.656279,False,False,致伸,月線附近,收盤價距20日均線正負5%內。,346.733951
2026-07-17,,4916,near_ma20_pm5,167.154119,,38.930000,29.230000,-9.700000,-24.916517,400,1061354770.000000,3.343465,-4.623872,8.001271,False,False,事欣科,月線附近,收盤價距20日均線正負5%內。,1061.354770
2026-07-17,,4938,near_ma20_pm5,186.069276,,77.820000,77.530000,-0.290000,-0.372655,400,1294461883.250000,-0.963855,-0.832429,0.069692,False,False,和碩,月線附近,收盤價距20日均線正負5%內。,1294.461883
2026-07-17,,4939,near_ma20_pm5,108.975766,,27.410000,30.370000,2.960000,10.798978,800,528268555.450000,-7.098765,-1.222414,15.267654,False,False,亞電,月線附近,收盤價距20日均線正負5%內。,528.268555
2026-07-17,,4953,near_ma20_pm5,257.533584,,48.540000,47.430000,-1.110000,-2.286774,400,54353664.350000,-4.840226,-2.143973,-0.379896,False,False,緯致,月線附近,收盤價距20日均線正負5%內。,54.353664
2026-07-17,,5009,near_ma20_pm5,80.148853,,44.480000,44.130000,-0.350000,-0.786871,1000,157453264.700000,-0.696429,-0.505168,-1.384594,False,False,榮剛,月線附近,收盤價距20日均線正負5%內。,157.453265
2026-07-17,,5210,near_ma20_pm5,39.692249,,35.910000,36.000000,0.090000,0.250627,1000,22115437.200000,3.035413,0.791818,7.991870,False,False,寶碩,月線附近,收盤價距20日均線正負5%內。,22.115437
2026-07-17,,5258,near_ma20_pm5,65.664751,,36.100000,37.780000,1.680000,4.653740,1000,30762427.300000,0.793651,-0.450715,-1.518578,False,False,虹堡,月線附近,收盤價距20日均線正負5%內。,30.762427
2026-07-17,,5269,near_ma20_pm5,1937.501593,,63.470000,66.760000,3.290000,5.183551,100,1593248339.000000,0.701754,-2.860044,-0.139179,False,False,祥碩,月線附近,收盤價距20日均線正負5%內。,1593.248339
2026-07-17,,5288,near_ma20_pm5,297.443394,,74.830000,75.210000,0.380000,0.507818,200,29319044.550000,-3.403141,0.312627,8.079082,False,False,豐祥-KY,月線附近,收盤價距20日均線正負5%內。,29.319045
2026-07-17,,5351,near_ma20_pm5,61.034617,,31.220000,34.100000,2.880000,9.224856,1000,2965957489.750000,-4.347826,-4.139434,4.020962,False,False,鈺創,月線附近,收盤價距20日均線正負5%內。,2965.957490
2026-07-17,,5388,near_ma20_pm5,223.118717,,52.360000,52.420000,0.060000,0.114591,400,384244129.000000,-2.344666,1.104503,0.389668,False,False,中磊,月線附近,收盤價距20日均線正負5%內。,384.244129
2026-07-17,,5478,near_ma20_pm5,253.896861,,79.310000,79.550000,0.240000,0.302610,400,22373836.000000,-6.190476,-3.986743,-2.186326,False,False,智冠,月線附近,收盤價距20日均線正負5%內。,22.373836
2026-07-17,,5490,near_ma20_pm5,74.915752,,26.710000,27.800000,1.090000,4.080869,1000,31916552.250000,2.244324,-1.021567,3.210934,False,False,同亨,月線附近,收盤價距20日均線正負5%內。,31.916552
2026-07-17,,5508,near_ma20_pm5,463.624320,,71.570000,71.570000,0.000000,0.000000,200,52331382.550000,-10.474632,-2.703664,4.291457,False,False,永信建,月線附近,收盤價距20日均線正負5%內。,52.331383
2026-07-17,,5515,near_ma20_pm5,212.705671,,69.920000,69.850000,-0.070000,-0.100114,400,24431776.300000,4.968687,2.892788,8.098178,False,False,建國,月線附近,收盤價距20日均線正負5%內。,24.431776
2026-07-17,,5519,near_ma20_pm5,286.174111,,63.660000,62.460000,-1.200000,-1.885014,200,27064598.150000,-6.380191,-4.136963,-1.809099,False,False,隆大,月線附近,收盤價距20日均線正負5%內。,27.064598
2026-07-17,,5521,near_ma20_pm5,15.177434,,52.180000,52.070000,-0.110000,-0.210809,1000,37862800.000000,-4.700251,-2.826442,-5.242437,False,False,工信,月線附近,收盤價距20日均線正負5%內。,37.862800
2026-07-17,,5522,near_ma20_pm5,297.384161,,90.810000,90.410000,-0.400000,-0.440480,200,121173885.850000,-1.633333,3.367349,2.457372,False,False,遠雄,月線附近,收盤價距20日均線正負5%內。,121.173886
2026-07-17,,5530,near_ma20_pm5,72.759672,,79.810000,79.450000,-0.360000,-0.451071,1000,21339481.100000,-3.009027,-0.376037,1.029097,False,False,龍巖,月線附近,收盤價距20日均線正負5%內。,21.339481
2026-07-17,,5534,near_ma20_pm5,504.028317,,73.080000,72.900000,-0.180000,-0.246305,200,70919239.550000,-4.694836,1.971619,3.803132,False,False,長虹,月線附近,收盤價距20日均線正負5%內。,70.919240
2026-07-17,,5607,near_ma20_pm5,75.911461,,68.520000,68.910000,0.390000,0.569177,1000,22967788.950000,-5.308880,-3.658237,-2.332990,False,False,遠雄港,月線附近,收盤價距20日均線正負5%內。,22.967789
2026-07-17,,5871,near_ma20_pm5,323.019280,,72.970000,73.830000,0.860000,1.178567,200,978960064.050000,3.913043,2.950678,4.109191,False,False,中租-KY,月線附近,收盤價距20日均線正負5%內。,978.960064
2026-07-17,,5880,near_ma20_pm5,69.087980,,69.280000,69.910000,0.630000,0.909353,1000,515102109.650000,2.424242,1.735728,6.759318,False,False,合庫金,月線附近,收盤價距20日均線正負5%內。,515.102110
2026-07-17,,6023,near_ma20_pm5,356.646945,,88.550000,87.890000,-0.660000,-0.745342,200,127707997.150000,4.402452,2.479085,4.585877,False,False,元大期貨,月線附近,收盤價距20日均線正負5%內。,127.707997
2026-07-17,,6024,near_ma20_pm5,256.321710,,68.790000,68.910000,0.120000,0.174444,400,27041420.800000,3.531300,3.002236,8.479327,False,False,群益期,月線附近,收盤價距20日均線正負5%內。,27.041421
2026-07-17,,6112,near_ma20_pm5,685.804303,,63.530000,63.330000,-0.200000,-0.314812,100,24849054.850000,-4.674787,-2.262875,-3.818144,False,False,邁達特,月線附近,收盤價距20日均線正負5%內。,24.849055
2026-07-17,,6122,near_ma20_pm5,117.994618,,28.290000,29.690000,1.400000,4.948745,600,29253515.050000,7.889126,1.606426,4.050997,False,False,擎邦,月線附近,收盤價距20日均線正負5%內。,29.253515
2026-07-17,,6142,near_ma20_pm5,19.617409,,50.670000,51.490000,0.820000,1.618315,1000,23028902.700000,0.000000,-3.220819,5.139402,False,False,友勁,月線附近,收盤價距20日均線正負5%內。,23.028903
2026-07-17,,6143,near_ma20_pm5,372.115928,,35.270000,33.570000,-1.700000,-4.819960,200,154485569.150000,10.514541,1.229508,3.674426,False,False,振曜,月線附近,收盤價距20日均線正負5%內。,154.485569
2026-07-17,,6146,near_ma20_pm5,566.963667,,70.690000,70.740000,0.050000,0.070731,100,95515299.750000,-4.134367,-4.455318,-8.346805,False,False,耕興,月線附近,收盤價距20日均線正負5%內。,95.515300
2026-07-17,,6165,near_ma20_pm5,30.878909,,37.090000,37.580000,0.490000,1.321111,1000,32266041.400000,1.434426,0.819797,0.080873,False,False,浪凡,月線附近,收盤價距20日均線正負5%內。,32.266041
2026-07-17,,6170,near_ma20_pm5,103.479300,,51.280000,53.570000,2.290000,4.465679,800,20349593.950000,-3.253220,-2.837880,-2.377104,False,False,統振,月線附近,收盤價距20日均線正負5%內。,20.349594
2026-07-17,,6174,near_ma20_pm5,22.953322,,56.810000,56.730000,-0.080000,-0.140820,1000,234997212.350000,2.611525,-1.893579,16.774834,False,False,安碁,月線附近,收盤價距20日均線正負5%內。,234.997212
2026-07-17,,6177,near_ma20_pm5,364.177079,,79.170000,79.350000,0.180000,0.227359,200,90995925.700000,-1.554404,2.830546,4.290550,False,False,達麗,月線附近,收盤價距20日均線正負5%內。,90.995926
2026-07-17,,6182,near_ma20_pm5,246.414667,,43.470000,42.430000,-1.040000,-2.392455,400,16234756210.700001,31.140351,3.174603,58.469366,False,False,合晶,月線附近,收盤價距20日均線正負5%內。,16234.756211
2026-07-17,,6186,near_ma20_pm5,44.794086,,46.620000,46.480000,-0.140000,-0.300300,1000,37886658.700000,1.075269,-0.123960,3.492568,False,False,新潤,月線附近,收盤價距20日均線正負5%內。,37.886659
2026-07-17,,6192,near_ma20_pm5,412.575394,,66.270000,65.900000,-0.370000,-0.558322,200,24993590.250000,-1.287554,-4.186628,-6.434335,False,False,巨路,月線附近,收盤價距20日均線正負5%內。,24.993590
2026-07-17,,6196,near_ma20_pm5,1661.425408,,79.890000,80.320000,0.430000,0.538240,100,1103877269.950000,1.308411,-2.767003,12.029914,False,False,帆宣,月線附近,收盤價距20日均線正負5%內。,1103.877270
2026-07-17,,6199,near_ma20_pm5,63.069469,,74.610000,77.540000,2.930000,3.927088,1000,90449484.350000,8.459870,-2.500853,2.214651,False,False,天品,月線附近,收盤價距20日均線正負5%內。,90.449484
2026-07-17,,6214,near_ma20_pm5,380.700137,,61.180000,60.540000,-0.640000,-1.046093,200,278655999.100000,1.481481,1.614806,6.335720,False,False,精誠,月線附近,收盤價距20日均線正負5%內。,278.655999
2026-07-17,,6218,near_ma20_pm5,114.956940,,43.210000,43.500000,0.290000,0.671141,600,53126521.350000,3.746398,-2.306649,-3.584341,False,False,豪勉,月線附近,收盤價距20日均線正負5%內。,53.126521
2026-07-17,,6226,near_ma20_pm5,23.800942,,17.420000,24.860000,7.440000,42.709529,1000,155332586.500000,81.854839,4.628233,43.951484,True,True,光鼎,月線附近,收盤價距20日均線正負5%內。,155.332586
2026-07-17,,6235,near_ma20_pm5,28.514637,,36.430000,36.400000,-0.030000,-0.082350,1000,68357502.450000,-2.453988,-4.515974,-6.052429,False,False,華孚,月線附近,收盤價距20日均線正負5%內。,68.357502
2026-07-17,,6244,near_ma20_pm5,34.326620,,29.060000,28.030000,-1.030000,-3.544391,1000,120564782.100000,-10.977702,-3.968915,-8.508638,False,False,茂迪,月線附近,收盤價距20日均線正負5%內。,120.564782
2026-07-17,,6279,near_ma20_pm5,337.011785,,52.240000,53.220000,0.980000,1.875957,200,82588118.450000,-2.118644,-3.830142,-1.827454,False,False,胡連,月線附近,收盤價距20日均線正負5%內。,82.588118
2026-07-17,,6414,near_ma20_pm5,634.125987,,76.860000,77.610000,0.750000,0.975800,100,637971314.950000,6.612686,3.484412,11.413801,False,False,樺漢,月線附近,收盤價距20日均線正負5%內。,637.971315
2026-07-17,,6416,near_ma20_pm5,116.235204,,41.280000,41.660000,0.380000,0.920543,600,73457961.800000,8.949881,4.641834,5.661105,False,False,瑞祺電通,月線附近,收盤價距20日均線正負5%內。,73.457962
2026-07-17,,6446,near_ma20_pm5,1472.560614,,71.980000,71.940000,-0.040000,-0.055571,100,4348902897.550000,31.177357,0.689769,35.542671,False,False,藥華藥,月線附近,收盤價距20日均線正負5%內。,4348.902898
2026-07-17,,6469,near_ma20_pm5,416.938323,,52.060000,52.930000,0.870000,1.671149,200,29526409.750000,4.289544,2.341489,3.814078,False,False,大樹,月線附近,收盤價距20日均線正負5%內。,29.526410
2026-07-17,,6488,near_ma20_pm5,1836.732294,,88.600000,88.420000,-0.180000,-0.203160,100,9268107088.900000,13.109399,4.205305,35.823027,False,False,環球晶,月線附近,收盤價距20日均線正負5%內。,9268.107089
2026-07-17,,6491,near_ma20_pm5,379.599092,,64.390000,69.100000,4.710000,7.314800,200,297709165.750000,7.544141,-3.915101,5.257646,False,False,晶碩,月線附近,收盤價距20日均線正負5%內。,297.709166
2026-07-17,,6517,near_ma20_pm5,78.163157,,17.960000,17.960000,0.000000,0.000000,1000,118068482.800000,-5.979644,4.099169,14.090161,False,False,保勝光學,月線附近,收盤價距20日均線正負5%內。,118.068483
2026-07-17,,6525,near_ma20_pm5,378.904413,,70.350000,74.850000,4.500000,6.396588,200,1093864825.000000,32.692308,-0.762261,32.365668,False,False,捷敏-KY,月線附近,收盤價距20日均線正負5%內。,1093.864825
2026-07-17,,6533,near_ma20_pm5,225.299457,,21.920000,22.760000,0.840000,3.832117,400,171958293.150000,4.218362,3.054840,-4.371585,False,False,晶心科,月線附近,收盤價距20日均線正負5%內。,171.958293
2026-07-17,,6538,near_ma20_pm5,251.972345,,29.860000,36.770000,6.910000,23.141326,400,225908831.300000,32.541143,2.414925,25.001364,False,False,倉和,月線附近,收盤價距20日均線正負5%內。,225.908831
2026-07-17,,6547,near_ma20_pm5,68.316535,,27.950000,28.330000,0.380000,1.359571,1000,103532763.550000,1.428571,-0.248568,-1.977096,False,False,高端疫苗,月線附近,收盤價距20日均線正負5%內。,103.532764
2026-07-17,,6561,near_ma20_pm5,457.778540,,75.650000,75.680000,0.030000,0.039656,200,34208469.850000,-4.059516,-3.113927,-5.884127,False,False,是方,月線附近,收盤價距20日均線正負5%內。,34.208470
2026-07-17,,6585,near_ma20_pm5,151.834913,,78.140000,78.120000,-0.020000,-0.025595,600,82819885.800000,-6.562771,-4.900444,14.293659,False,False,鼎基,月線附近,收盤價距20日均線正負5%內。,82.819886
2026-07-17,,6592,near_ma20_pm5,97.425936,,77.430000,77.170000,-0.260000,-0.335787,800,69418863.950000,-0.004139,0.329101,3.316815,False,False,和潤企業,月線附近,收盤價距20日均線正負5%內。,69.418864
2026-07-17,,6603,near_ma20_pm5,53.721784,,38.790000,39.390000,0.600000,1.546790,1000,51491849.550000,7.500000,-4.231626,-1.693858,False,False,富強鑫,月線附近,收盤價距20日均線正負5%內。,51.491850
2026-07-17,,6605,near_ma20_pm5,322.415370,,70.980000,69.880000,-1.100000,-1.549732,200,94458759.000000,-4.858617,-0.832065,0.398750,False,False,帝寶,月線附近,收盤價距20日均線正負5%內。,94.458759
2026-07-17,,6670,near_ma20_pm5,414.966874,,84.670000,83.430000,-1.240000,-1.464509,200,218779023.000000,-8.545413,0.382010,2.316072,False,False,復盛應用,月線附近,收盤價距20日均線正負5%內。,218.779023
2026-07-17,,6712,near_ma20_pm5,259.799032,,42.860000,41.340000,-1.520000,-3.546430,400,248886475.100000,8.695652,-4.988124,6.365092,False,False,長聖,月線附近,收盤價距20日均線正負5%內。,248.886475
2026-07-17,,6739,near_ma20_pm5,1156.589519,,68.570000,69.030000,0.460000,0.670847,100,404117769.700000,1.357466,-0.735620,-9.794117,False,False,竹陞科技,月線附近,收盤價距20日均線正負5%內。,404.117770
2026-07-17,,6753,near_ma20_pm5,149.495154,,56.630000,60.380000,3.750000,6.621932,600,695452133.550000,16.806723,-0.926586,4.373944,False,False,龍德造船,月線附近,收盤價距20日均線正負5%內。,695.452134
2026-07-17,,6782,near_ma20_pm5,206.178896,,47.030000,47.210000,0.180000,0.382734,400,59648042.650000,1.312336,-3.173210,-3.704628,False,False,視陽,月線附近,收盤價距20日均線正負5%內。,59.648043
2026-07-17,,6803,near_ma20_pm5,662.779979,,61.000000,60.520000,-0.480000,-0.786885,100,39007838.600000,-0.101716,-1.102107,-0.854896,False,False,崑鼎,月線附近,收盤價距20日均線正負5%內。,39.007839
2026-07-17,,6873,near_ma20_pm5,104.243406,,53.780000,54.350000,0.570000,1.059874,800,38820848.600000,4.896907,-3.331156,-6.141902,False,False,泓德能源,月線附近,收盤價距20日均線正負5%內。,38.820849
2026-07-17,,6877,near_ma20_pm5,151.519934,,70.710000,71.470000,0.760000,1.074813,600,53338408.850000,-0.793651,-4.852521,-16.662037,False,False,鏵友益,月線附近,收盤價距20日均線正負5%內。,53.338409
2026-07-17,,6901,near_ma20_pm5,18.350000,,83.080000,80.930000,-2.150000,-2.587867,1000,131923660.650000,13.622291,-1.237890,17.835929,False,False,鑽石投資,月線附近,收盤價距20日均線正負5%內。,131.923661
2026-07-17,,6913,near_ma20_pm5,129.917840,,50.180000,50.180000,0.000000,0.000000,600,24003974.450000,-5.158730,-2.766477,-7.331174,False,False,鴻呈,月線附近,收盤價距20日均線正負5%內。,24.003974
2026-07-17,,6919,near_ma20_pm5,1035.000000,,82.440000,83.050000,0.610000,0.739932,100,1121551678.450000,4.439960,-1.202749,2.340145,False,False,康霈*,月線附近,收盤價距20日均線正負5%內。,1121.551678
2026-07-17,,6933,near_ma20_pm5,159.793049,,61.520000,61.350000,-0.170000,-0.276333,600,39199289.050000,0.902422,2.554203,-3.294095,False,False,AMAX-KY,月線附近,收盤價距20日均線正負5%內。,39.199289
2026-07-17,,6937,near_ma20_pm5,274.903613,,68.970000,70.090000,1.120000,1.623894,200,148699859.800000,-0.170796,0.059177,-6.802615,False,False,天虹,月線附近,收盤價距20日均線正負5%內。,148.699860
2026-07-17,,6944,near_ma20_pm5,1004.949153,,73.210000,72.120000,-1.090000,-1.488868,100,599853582.350000,-4.780488,-2.614249,1.886005,False,False,兆聯實業,月線附近,收盤價距20日均線正負5%內。,599.853582
2026-07-17,,6945,near_ma20_pm5,99.000000,,57.360000,57.060000,-0.300000,-0.523013,800,50035895.500000,0.507614,-4.578313,-3.960661,False,False,圓祥生技,月線附近,收盤價距20日均線正負5%內。,50.035896
2026-07-17,,7402,near_ma20_pm5,211.399555,,37.070000,38.530000,1.460000,3.938495,400,379229775.400000,28.736475,-2.384675,6.324777,False,False,邑錡,月線附近,收盤價距20日均線正負5%內。,379.229775
2026-07-17,,7722,near_ma20_pm5,301.858519,,85.580000,85.790000,0.210000,0.245384,200,69814958.500000,-5.956113,-4.920371,1.806773,False,False,LINEPAY,月線附近,收盤價距20日均線正負5%內。,69.814959
2026-07-17,,7728,near_ma20_pm5,663.290274,,67.300000,67.980000,0.680000,1.010401,100,23772059.550000,-8.540494,-4.404386,-9.526296,False,False,光焱科技,月線附近,收盤價距20日均線正負5%內。,23.772060
2026-07-17,,7740,near_ma20_pm5,153.000000,,59.720000,59.110000,-0.610000,-1.021433,600,37345548.250000,-6.134969,0.757326,-8.515621,False,False,熙特爾-創,月線附近,收盤價距20日均線正負5%內。,37.345548
2026-07-17,,7777,near_ma20_pm5,42.784139,,64.980000,62.980000,-2.000000,-3.077870,1000,187797236.600000,-2.652699,1.779733,15.950355,False,False,能率亞洲,月線附近,收盤價距20日均線正負5%內。,187.797237
2026-07-17,,7780,near_ma20_pm5,182.516576,,75.430000,75.580000,0.150000,0.198860,400,26277523.950000,-5.954302,-4.115283,-2.362168,False,False,大研生醫*,月線附近,收盤價距20日均線正負5%內。,26.277524
2026-07-17,,7786,near_ma20_pm5,127.500000,,79.250000,79.640000,0.390000,0.492114,600,28765757.150000,-1.162791,0.472813,0.638032,False,False,東方風能,月線附近,收盤價距20日均線正負5%內。,28.765757
2026-07-17,,7795,near_ma20_pm5,509.420048,,82.350000,80.300000,-2.050000,-2.489375,200,509245733.950000,26.750000,-4.869125,16.614276,False,False,長廣,月線附近,收盤價距20日均線正負5%內。,509.245734
2026-07-17,,7799,near_ma20_pm5,415.500000,,82.550000,82.140000,-0.410000,-0.496669,200,569061224.450000,16.386555,1.199537,13.009973,False,False,禾榮科,月線附近,收盤價距20日均線正負5%內。,569.061224
2026-07-17,,7818,near_ma20_pm5,68.600000,,87.730000,88.660000,0.930000,1.060071,1000,21234734.650000,11.183144,2.771536,4.606546,False,False,溢泰實業,月線附近,收盤價距20日均線正負5%內。,21.234735
2026-07-17,,7827,near_ma20_pm5,159.000000,,73.390000,74.780000,1.390000,1.893991,600,98623552.400000,-4.504505,-4.690544,-2.761040,False,False,漢康-KY創,月線附近,收盤價距20日均線正負5%內。,98.623552
2026-07-17,,8028,near_ma20_pm5,421.338109,,58.360000,61.640000,3.280000,5.620288,200,2554086852.500000,1.123596,0.808065,8.558931,False,False,昇陽半導體,月線附近,收盤價距20日均線正負5%內。,2554.086853
2026-07-17,,8046,near_ma20_pm5,2335.581300,,86.830000,90.740000,3.910000,4.503052,100,23198543562.349998,30.216207,2.864754,20.081882,True,True,南電,月線附近,收盤價距20日均線正負5%內。,23198.543562
2026-07-17,,8050,near_ma20_pm5,258.746339,,42.130000,42.540000,0.410000,0.973178,400,85935751.350000,4.189435,1.463415,8.266692,False,False,廣積,月線附近,收盤價距20日均線正負5%內。,85.935751
2026-07-17,,8091,near_ma20_pm5,636.793985,,64.640000,62.370000,-2.270000,-3.511757,100,531209856.500000,2.879079,-3.371192,10.744379,False,False,翔名,月線附近,收盤價距20日均線正負5%內。,531.209857
2026-07-17,,8109,near_ma20_pm5,702.966736,,70.570000,69.770000,-0.800000,-1.133626,100,113982300.400000,10.126582,-2.283789,4.651163,False,False,博大,月線附近,收盤價距20日均線正負5%內。,113.982300
2026-07-17,,8150,near_ma20_pm5,183.223527,,68.300000,75.730000,7.430000,10.878477,400,7874925137.100000,17.889301,3.374551,18.872665,False,False,南茂,月線附近,收盤價距20日均線正負5%內。,7874.925137
2026-07-17,,8222,near_ma20_pm5,44.995178,,33.880000,33.010000,-0.870000,-2.567887,1000,110302166.050000,5.663576,-3.960822,1.406152,False,False,寶一,月線附近,收盤價距20日均線正負5%內。,110.302166
2026-07-17,,8271,near_ma20_pm5,405.564948,,50.120000,46.800000,-3.320000,-6.624102,200,520007985.550000,-6.714628,-0.337814,-10.617079,False,False,宇瞻,月線附近,收盤價距20日均線正負5%內。,520.007986
2026-07-17,,8341,near_ma20_pm5,117.088241,,48.760000,48.160000,-0.600000,-1.230517,600,22917319.550000,0.511231,0.338567,3.087417,False,False,日友,月線附近,收盤價距20日均線正負5%內。,22.917320
2026-07-17,,8415,near_ma20_pm5,57.678132,,89.410000,89.460000,0.050000,0.055922,1000,25622941.150000,5.767348,3.991965,6.282468,False,False,大國鋼,月線附近,收盤價距20日均線正負5%內。,25.622941
2026-07-17,,8436,near_ma20_pm5,347.908241,,44.450000,43.940000,-0.510000,-1.147357,200,74481530.150000,-1.709402,0.000000,-2.666102,False,False,大江,月線附近,收盤價距20日均線正負5%內。,74.481530
2026-07-17,,8464,near_ma20_pm5,520.448708,,92.220000,92.180000,-0.040000,-0.043375,200,308828475.050000,2.718169,0.258326,5.029622,False,False,億豐,月線附近,收盤價距20日均線正負5%內。,308.828475
2026-07-17,,8476,near_ma20_pm5,65.957302,,58.490000,62.040000,3.550000,6.069414,1000,45324151.000000,21.447985,1.811923,24.969327,False,False,台境*,月線附近,收盤價距20日均線正負5%內。,45.324151
2026-07-17,,8478,near_ma20_pm5,185.707582,,76.210000,77.030000,0.820000,1.075974,400,37384022.550000,-0.986842,-2.225110,-4.696570,False,False,東哥遊艇,月線附近,收盤價距20日均線正負5%內。,37.384023
2026-07-17,,8932,near_ma20_pm5,530.130056,,83.920000,84.370000,0.450000,0.536225,200,755689970.050000,17.000000,4.604381,14.308046,False,False,智通*,月線附近,收盤價距20日均線正負5%內。,755.689970
2026-07-17,,9802,near_ma20_pm5,136.658925,,60.000000,60.050000,0.050000,0.083333,600,44780147.300000,-5.025773,-0.673854,-3.639137,False,False,鈺齊-KY,月線附近,收盤價距20日均線正負5%內。,44.780147
2026-07-17,,9904,near_ma20_pm5,79.186117,,69.420000,65.000000,-4.420000,-6.367041,1000,713300046.600000,-1.892752,1.072851,0.150103,False,False,寶成,月線附近,收盤價距20日均線正負5%內。,713.300047
2026-07-17,,9907,near_ma20_pm5,35.474648,,71.310000,70.740000,-0.570000,-0.799327,1000,88226148.000000,-2.288095,-1.097102,-2.199007,False,False,統一實,月線附近,收盤價距20日均線正負5%內。,88.226148
2026-07-17,,9910,near_ma20_pm5,346.827632,,90.600000,90.100000,-0.500000,-0.551876,200,170174774.500000,-8.241758,-3.132251,-5.385243,False,False,豐泰,月線附近,收盤價距20日均線正負5%內。,170.174775
2026-07-17,,9911,near_ma20_pm5,192.389371,,68.440000,68.430000,-0.010000,-0.014611,400,23966576.100000,1.085645,0.287219,0.779700,False,False,櫻花,月線附近,收盤價距20日均線正負5%內。,23.966576
2026-07-17,,9917,near_ma20_pm5,306.409451,,81.040000,80.270000,-0.770000,-0.950148,200,106352423.250000,-2.616732,1.729928,0.474600,False,False,中保科,月線附近,收盤價距20日均線正負5%內。,106.352423
2026-07-17,,9938,near_ma20_pm5,143.489620,,49.460000,51.060000,1.600000,3.234937,600,69526212.450000,3.265766,1.696795,2.881505,False,False,百和,月線附近,收盤價距20日均線正負5%內。,69.526212
2026-07-17,,9939,near_ma20_pm5,343.185017,,65.610000,66.290000,0.680000,1.036427,200,242104886.600000,-1.718261,1.572989,5.793039,False,False,宏全,月線附近,收盤價距20日均線正負5%內。,242.104887
2026-07-17,,9941,near_ma20_pm5,415.582670,,72.350000,72.710000,0.360000,0.497581,200,104786607.200000,1.228501,1.290719,4.581800,False,False,裕融,月線附近,收盤價距20日均線正負5%內。,104.786607
2026-07-17,,9945,near_ma20_pm5,133.754190,,62.690000,62.720000,0.030000,0.047855,600,255147908.550000,1.058343,1.762159,9.081729,False,False,潤泰新,月線附近,收盤價距20日均線正負5%內。,255.147909
2026-07-17,,9958,near_ma20_pm5,178.141319,,53.400000,53.730000,0.330000,0.617978,400,291712196.350000,-4.721030,-4.884319,1.069884,False,False,世紀鋼,月線附近,收盤價距20日均線正負5%內。,291.712196
2026-07-17,,1101,near_ma60_pm5,86.584753,,51.230000,50.880000,-0.350000,-0.683193,1000,748145385.200000,-0.983291,0.665724,-0.112368,False,False,台泥,季線附近,收盤價距60日均線正負5%內。,748.145385
2026-07-17,,1102,near_ma60_pm5,142.111429,,80.390000,80.090000,-0.300000,-0.373181,600,800115322.600000,0.149302,-0.172009,1.767251,False,False,亞泥,季線附近,收盤價距60日均線正負5%內。,800.115323
2026-07-17,,1104,near_ma60_pm5,91.309355,,68.680000,68.270000,-0.410000,-0.596971,800,32632256.250000,-2.350972,-1.488271,-0.219535,False,False,環泥,季線附近,收盤價距60日均線正負5%內。,32.632256
2026-07-17,,1227,near_ma60_pm5,167.432861,,66.860000,67.500000,0.640000,0.957224,400,37501375.950000,3.812825,1.122647,3.317427,False,False,佳格,季線附近,收盤價距60日均線正負5%內。,37.501376
2026-07-17,,1229,near_ma60_pm5,245.167623,,65.100000,65.440000,0.340000,0.522273,400,154743008.950000,3.691605,1.594499,4.500432,False,False,聯華,季線附近,收盤價距60日均線正負5%內。,154.743009
2026-07-17,,1231,near_ma60_pm5,442.380968,,66.880000,66.580000,-0.300000,-0.448565,200,37081650.350000,4.137931,3.030648,3.978577,False,False,聯華食,季線附近,收盤價距60日均線正負5%內。,37.081650
2026-07-17,,1256,near_ma60_pm5,466.955083,,69.260000,69.090000,-0.170000,-0.245452,200,24685719.550000,7.131972,1.439795,4.565895,False,False,鮮活果汁-KY,季線附近,收盤價距60日均線正負5%內。,24.685720
2026-07-17,,1304,near_ma60_pm5,45.167387,,57.920000,57.830000,-0.090000,-0.155387,1000,134504052.200000,3.088803,-2.714520,0.704048,False,False,台聚,季線附近,收盤價距60日均線正負5%內。,134.504052
2026-07-17,,1305,near_ma60_pm5,30.217992,,48.630000,48.160000,-0.470000,-0.966482,1000,65370210.700000,-1.171875,-4.402040,-3.857116,False,False,華夏,季線附近,收盤價距60日均線正負5%內。,65.370211
2026-07-17,,1307,near_ma60_pm5,129.932532,,81.110000,80.150000,-0.960000,-1.183578,600,41913607.850000,-5.405784,-2.256702,2.175349,False,False,三芳,季線附近,收盤價距60日均線正負5%內。,41.913608
2026-07-17,,1308,near_ma60_pm5,71.887883,,48.450000,48.820000,0.370000,0.763674,1000,65606732.300000,4.744526,-1.017417,2.402474,False,False,亞聚,季線附近,收盤價距60日均線正負5%內。,65.606732
2026-07-17,,1312,near_ma60_pm5,21.390015,,45.210000,56.120000,10.910000,24.131829,1000,330132133.150000,-3.018868,-6.934637,1.697598,False,False,國喬,季線附近,收盤價距60日均線正負5%內。,330.132133
2026-07-17,,1436,near_ma60_pm5,99.641002,,74.780000,73.880000,-0.900000,-1.203530,800,30354214.000000,-3.850267,-0.646516,-3.423333,False,False,華友聯,季線附近,收盤價距60日均線正負5%內。,30.354214
2026-07-17,,1440,near_ma60_pm5,23.700350,,73.040000,73.110000,0.070000,0.095838,1000,55353160.400000,-1.885650,-2.302183,2.254898,False,False,南紡,季線附近,收盤價距60日均線正負5%內。,55.353160
2026-07-17,,1455,near_ma60_pm5,15.564318,,63.020000,62.620000,-0.400000,-0.634719,1000,32478691.300000,-5.122048,-5.324151,2.570900,False,False,集盛,季線附近,收盤價距60日均線正負5%內。,32.478691
2026-07-17,,1476,near_ma60_pm5,1030.080156,,88.100000,87.930000,-0.170000,-0.192963,100,572536409.150000,3.091190,2.253564,2.338266,False,False,儒鴻,季線附近,收盤價距60日均線正負5%內。,572.536409
2026-07-17,,1477,near_ma60_pm5,834.924406,,73.480000,73.680000,0.200000,0.272183,100,740422348.650000,-0.460829,-2.394939,-1.784699,False,False,聚陽,季線附近,收盤價距60日均線正負5%內。,740.422349
2026-07-17,,1504,near_ma60_pm5,152.605976,,69.200000,68.380000,-0.820000,-1.184971,600,1043613064.350000,-2.765648,-3.760265,-3.059117,False,False,東元,季線附近,收盤價距60日均線正負5%內。,1043.613064
2026-07-17,,1513,near_ma60_pm5,418.501314,,44.710000,45.800000,1.090000,2.437933,200,1470208971.500000,-4.508010,-6.827702,-0.848882,False,False,中興電,季線附近,收盤價距60日均線正負5%內。,1470.208971
2026-07-17,,1522,near_ma60_pm5,78.271026,,52.390000,52.390000,0.000000,0.000000,1000,22163963.550000,-4.126944,-0.729467,-2.376911,False,False,堤維西,季線附近,收盤價距60日均線正負5%內。,22.163964
2026-07-17,,1536,near_ma60_pm5,104.257490,,29.190000,29.960000,0.770000,2.637890,800,227944623.400000,1.435897,-2.402921,-3.189493,False,False,和大,季線附近,收盤價距60日均線正負5%內。,227.944623
2026-07-17,,1560,near_ma60_pm5,2059.685104,,77.790000,78.350000,0.560000,0.719887,100,1071786688.250000,-3.864560,-8.590633,-0.794507,False,False,中砂,季線附近,收盤價距60日均線正負5%內。,1071.786688
2026-07-17,,1584,near_ma60_pm5,23.632256,,36.170000,36.080000,-0.090000,-0.248825,1000,22231132.700000,-0.773196,-1.142637,-1.704352,False,False,精剛,季線附近,收盤價距60日均線正負5%內。,22.231133
2026-07-17,,1608,near_ma60_pm5,67.367353,,61.020000,60.580000,-0.440000,-0.721075,1000,100283512.100000,-7.194245,-4.839186,-4.808757,False,False,華榮,季線附近,收盤價距60日均線正負5%內。,100.283512
2026-07-17,,1609,near_ma60_pm5,74.247185,,27.340000,28.500000,1.160000,4.242868,1000,449225047.700000,-1.630478,-4.559248,1.615192,False,False,大亞,季線附近,收盤價距60日均線正負5%內。,449.225048
2026-07-17,,1712,near_ma60_pm5,127.076611,,53.050000,53.300000,0.250000,0.471254,600,26182257.650000,-0.378310,0.126743,-1.749440,False,False,興農,季線附近,收盤價距60日均線正負5%內。,26.182258
2026-07-17,,1722,near_ma60_pm5,101.442921,,61.820000,61.970000,0.150000,0.242640,800,95885225.100000,-3.582395,-1.500497,-0.130756,False,False,台肥,季線附近,收盤價距60日均線正負5%內。,95.885225
2026-07-17,,1736,near_ma60_pm5,424.281394,,89.820000,91.030000,1.210000,1.347139,200,80571732.050000,6.779661,0.099305,3.881828,False,False,喬山,季線附近,收盤價距60日均線正負5%內。,80.571732
2026-07-17,,1773,near_ma60_pm5,893.845547,,82.240000,82.390000,0.150000,0.182393,100,119575163.750000,0.000000,-0.328431,0.649618,False,False,勝一,季線附近,收盤價距60日均線正負5%內。,119.575164
2026-07-17,,1905,near_ma60_pm5,23.072398,,69.550000,69.250000,-0.300000,-0.431344,1000,224106746.100000,-7.717042,-11.610718,3.255981,False,False,華紙,季線附近,收盤價距60日均線正負5%內。,224.106746
2026-07-17,,2002,near_ma60_pm5,56.885243,,48.360000,47.850000,-0.510000,-1.054591,1000,1226274900.900000,-0.533333,-1.087245,-0.876960,False,False,中鋼,季線附近,收盤價距60日均線正負5%內。,1226.274901
2026-07-17,,2006,near_ma60_pm5,168.778804,,79.330000,79.580000,0.250000,0.315139,400,315868337.750000,0.862069,0.760729,3.570375,False,False,東和鋼鐵,季線附近,收盤價距60日均線正負5%內。,315.868338
2026-07-17,,2010,near_ma60_pm5,71.577529,,66.130000,64.230000,-1.900000,-2.873129,1000,47466948.050000,-7.958600,-3.661581,-3.931653,False,False,春源,季線附近,收盤價距60日均線正負5%內。,47.466948
2026-07-17,,2014,near_ma60_pm5,21.061216,,46.560000,46.870000,0.310000,0.665808,1000,67472829.600000,-3.399433,-2.095894,-3.590614,False,False,中鴻,季線附近,收盤價距60日均線正負5%內。,67.472830
2026-07-17,,2015,near_ma60_pm5,218.362960,,88.230000,88.160000,-0.070000,-0.079338,400,24385680.950000,2.411576,3.016091,2.540713,False,False,豐興,季線附近,收盤價距60日均線正負5%內。,24.385681
2026-07-17,,2023,near_ma60_pm5,32.061846,,76.880000,77.540000,0.660000,0.858481,1000,33387358.050000,-2.857143,-1.090909,-1.698591,False,False,燁輝,季線附近,收盤價距60日均線正負5%內。,33.387358
2026-07-17,,2027,near_ma60_pm5,168.032632,,73.930000,74.270000,0.340000,0.459894,400,625557047.500000,1.329989,3.375597,3.807056,False,False,大成鋼,季線附近,收盤價距60日均線正負5%內。,625.557047
2026-07-17,,2030,near_ma60_pm5,54.239353,,43.170000,44.150000,0.980000,2.270095,1000,29489083.900000,-6.504065,-6.605306,-1.537354,False,False,彰源,季線附近,收盤價距60日均線正負5%內。,29.489084
2026-07-17,,2031,near_ma60_pm5,120.546564,,53.580000,54.140000,0.560000,1.045166,600,32330212.800000,0.639386,1.189328,3.504027,False,False,新光鋼,季線附近,收盤價距60日均線正負5%內。,32.330213
2026-07-17,,2034,near_ma60_pm5,94.915414,,44.310000,44.620000,0.310000,0.699616,800,30219145.850000,-1.471746,0.655081,0.703110,False,False,允強,季線附近,收盤價距60日均線正負5%內。,30.219146
2026-07-17,,2101,near_ma60_pm5,139.882178,,62.220000,62.780000,0.560000,0.900032,600,116561819.200000,2.102102,3.422053,4.385202,False,False,南港,季線附近,收盤價距60日均線正負5%內。,116.561819
2026-07-17,,2104,near_ma60_pm5,31.357740,,36.820000,36.340000,-0.480000,-1.303639,1000,53089429.250000,3.921569,0.722159,1.513120,False,False,國際中橡,季線附近,收盤價距60日均線正負5%內。,53.089429
2026-07-17,,2108,near_ma60_pm5,134.219550,,68.400000,68.360000,-0.040000,-0.058480,600,34525780.950000,-4.965753,-2.451885,-1.391768,False,False,南帝,季線附近,收盤價距60日均線正負5%內。,34.525781
2026-07-17,,2201,near_ma60_pm5,29.575563,,59.690000,59.890000,0.200000,0.335064,1000,90232320.650000,2.309059,2.958263,4.221954,False,False,裕隆,季線附近,收盤價距60日均線正負5%內。,90.232321
2026-07-17,,2204,near_ma60_pm5,78.214973,,71.570000,72.300000,0.730000,1.019980,1000,56309916.450000,0.000000,-0.345775,2.507980,False,False,中華,季線附近,收盤價距60日均線正負5%內。,56.309916
2026-07-17,,2206,near_ma60_pm5,130.443450,,83.190000,83.650000,0.460000,0.552951,600,75436002.650000,2.584814,1.462012,4.990493,False,False,三陽工業,季線附近,收盤價距60日均線正負5%內。,75.436003
2026-07-17,,2207,near_ma60_pm5,1044.166524,,94.750000,94.870000,0.120000,0.126649,100,420348755.950000,5.308776,1.764121,4.529137,False,False,和泰車,季線附近,收盤價距60日均線正負5%內。,420.348756
2026-07-17,,2208,near_ma60_pm5,12.745548,,50.810000,50.730000,-0.080000,-0.157449,1000,230022423.950000,11.484594,3.135527,4.179391,False,False,台船,季線附近,收盤價距60日均線正負5%內。,230.022424
2026-07-17,,2211,near_ma60_pm5,124.579845,,81.160000,81.570000,0.410000,0.505175,600,55224467.300000,0.106270,-0.784665,-1.015762,False,False,長榮鋼,季線附近,收盤價距60日均線正負5%內。,55.224467
2026-07-17,,2231,near_ma60_pm5,490.845023,,71.390000,70.570000,-0.820000,-1.148620,200,238938463.250000,17.868676,2.681920,1.209274,False,False,為升,季線附近,收盤價距60日均線正負5%內。,238.938463
2026-07-17,,2241,near_ma60_pm5,36.953125,,35.410000,32.640000,-2.770000,-7.822649,1000,114867954.500000,-20.629750,-17.832856,-4.254622,False,False,艾姆勒,季線附近,收盤價距60日均線正負5%內。,114.867954
2026-07-17,,2250,near_ma60_pm5,76.356567,,48.970000,48.970000,0.000000,0.000000,1000,23087408.050000,0.651466,-4.489607,-2.592797,False,False,IKKA-KY,季線附近,收盤價距60日均線正負5%內。,23.087408
2026-07-17,,2312,near_ma60_pm5,54.432467,,45.980000,42.850000,-3.130000,-6.807308,1000,1322830252.600000,-8.657773,-9.302421,-4.962825,False,False,金寶,季線附近,收盤價距60日均線正負5%內。,1322.830253
2026-07-17,,2316,near_ma60_pm5,213.120010,,67.880000,65.810000,-2.070000,-3.049499,400,803449248.100000,-13.877784,-22.481272,-2.459725,False,False,楠梓電,季線附近,收盤價距60日均線正負5%內。,803.449248
2026-07-17,,2324,near_ma60_pm5,131.080578,,62.140000,61.100000,-1.040000,-1.673640,600,2061874666.800000,-3.485255,0.194823,4.795866,False,False,仁寶,季線附近,收盤價距60日均線正負5%內。,2061.874667
2026-07-17,,2327,near_ma60_pm5,1587.389443,,79.590000,78.310000,-1.280000,-1.608242,100,56486673193.500000,-28.963415,-27.725792,-1.332779,False,False,國巨*,季線附近,收盤價距60日均線正負5%內。,56486.673193
2026-07-17,,2330,near_ma60_pm5,5054.947723,,90.430000,90.210000,-0.220000,-0.243282,100,102239224727.050003,-3.983229,-5.693401,-1.328208,False,False,台積電,季線附近,收盤價距60日均線正負5%內。,102239.224727
2026-07-17,,2342,near_ma60_pm5,3.204518,,36.480000,33.160000,-3.320000,-9.100877,1000,452833261.550000,-15.737052,-19.981083,-4.886824,False,False,茂矽,季線附近,收盤價距60日均線正負5%內。,452.833262
2026-07-17,,2344,near_ma60_pm5,204.527806,,74.460000,69.810000,-4.650000,-6.244964,400,38552643245.099998,-22.110553,-18.259723,1.609361,False,False,華邦電,季線附近,收盤價距60日均線正負5%內。,38552.643245
2026-07-17,,2347,near_ma60_pm5,377.630672,,90.460000,90.590000,0.130000,0.143710,200,874516683.200000,-3.084608,-2.157770,2.210378,False,False,聯強,季線附近,收盤價距60日均線正負5%內。,874.516683
2026-07-17,,2352,near_ma60_pm5,37.829540,,43.220000,43.980000,0.760000,1.758445,1000,768575584.850000,-1.298701,-4.619970,4.659169,False,False,佳世達,季線附近,收盤價距60日均線正負5%內。,768.575585
2026-07-17,,2354,near_ma60_pm5,209.553786,,45.210000,45.120000,-0.090000,-0.199071,400,371367297.750000,-3.453881,-3.038851,-4.197463,False,False,鴻準,季線附近,收盤價距60日均線正負5%內。,371.367298
2026-07-17,,2356,near_ma60_pm5,251.841382,,73.130000,72.430000,-0.700000,-0.957200,400,2678689180.350000,-10.524041,-8.054760,-1.251278,False,False,英業達,季線附近,收盤價距60日均線正負5%內。,2678.689180
2026-07-17,,2357,near_ma60_pm5,533.554666,,81.650000,80.200000,-1.450000,-1.775873,100,3951554846.400000,-7.262659,0.916175,3.719838,False,False,華碩,季線附近,收盤價距60日均線正負5%內。,3951.554846
2026-07-17,,2362,near_ma60_pm5,97.567229,,77.320000,77.120000,-0.200000,-0.258665,800,62262559.200000,-12.107805,-5.545854,-2.213383,False,False,藍天,季線附近,收盤價距60日均線正負5%內。,62.262559
2026-07-17,,2369,near_ma60_pm5,75.954085,,31.910000,32.800000,0.890000,2.789094,1000,1428513529.000000,4.057971,-11.423637,1.484099,False,False,菱生,季線附近,收盤價距60日均線正負5%內。,1428.513529
2026-07-17,,2375,near_ma60_pm5,42.610636,,30.010000,21.950000,-8.060000,-26.857714,1000,3506857781.000000,-25.563910,-24.905183,-0.480286,False,False,凱美,季線附近,收盤價距60日均線正負5%內。,3506.857781
2026-07-17,,2376,near_ma60_pm5,1098.096919,,76.130000,75.830000,-0.300000,-0.394063,100,2206020854.250000,-6.474820,-2.992314,-1.178259,False,False,技嘉,季線附近,收盤價距60日均線正負5%內。,2206.020854
2026-07-17,,2382,near_ma60_pm5,1207.579055,,88.200000,88.090000,-0.110000,-0.124717,100,6794936299.900000,-9.277087,-8.650970,-3.450246,False,False,廣達,季線附近,收盤價距60日均線正負5%內。,6794.936300
2026-07-17,,2393,near_ma60_pm5,217.467235,,68.470000,68.670000,0.200000,0.292099,400,204590940.950000,-6.993007,-3.672050,-2.815666,False,False,億光,季線附近,收盤價距60日均線正負5%內。,204.590941
2026-07-17,,2401,near_ma60_pm5,64.950175,,35.500000,37.330000,1.830000,5.154930,1000,474962152.750000,-13.015873,-14.794371,-4.590564,False,False,凌陽,季線附近,收盤價距60日均線正負5%內。,474.962153
2026-07-17,,2404,near_ma60_pm5,4752.825148,,67.760000,69.140000,1.380000,2.036600,100,3889356763.250000,-6.463353,-6.690903,3.112954,False,False,漢唐,季線附近,收盤價距60日均線正負5%內。,3889.356763
2026-07-17,,2405,near_ma60_pm5,22.497656,,20.120000,18.930000,-1.190000,-5.914513,1000,52139539.050000,-13.932598,-5.198289,-2.484840,False,False,輔信,季線附近,收盤價距60日均線正負5%內。,52.139539
2026-07-17,,2412,near_ma60_pm5,345.716373,,81.150000,80.300000,-0.850000,-1.047443,200,2811989828.950000,-1.628789,1.187778,2.467566,False,False,中華電,季線附近,收盤價距60日均線正負5%內。,2811.989829
2026-07-17,,2420,near_ma60_pm5,272.166382,,55.500000,55.380000,-0.120000,-0.216216,200,37324429.750000,-5.098684,-5.059646,-3.670108,False,False,新巨,季線附近,收盤價距60日均線正負5%內。,37.324430
2026-07-17,,2428,near_ma60_pm5,737.666907,,74.720000,74.530000,-0.190000,-0.254283,100,810426377.100000,-11.705686,-13.732538,2.461270,False,False,興勤,季線附近,收盤價距60日均線正負5%內。,810.426377
2026-07-17,,2442,near_ma60_pm5,20.248212,,50.770000,49.710000,-1.060000,-2.087847,1000,26688107.000000,-4.010025,-1.084711,0.634990,False,False,新美齊,季線附近,收盤價距60日均線正負5%內。,26.688107
2026-07-17,,2453,near_ma60_pm5,111.734879,,42.150000,42.040000,-0.110000,-0.260973,800,22324130.400000,-5.528040,-4.483116,-4.908318,False,False,凌群,季線附近,收盤價距60日均線正負5%內。,22.324130
2026-07-17,,2458,near_ma60_pm5,354.288985,,63.430000,64.630000,1.200000,1.891849,200,1674884815.300000,5.111821,-7.843137,2.914342,False,False,義隆,季線附近,收盤價距60日均線正負5%內。,1674.884815
2026-07-17,,2464,near_ma60_pm5,564.572652,,48.480000,46.620000,-1.860000,-3.836634,100,2580716373.100000,-13.855422,-14.152784,-3.343547,False,False,盟立,季線附近,收盤價距60日均線正負5%內。,2580.716373
2026-07-17,,2465,near_ma60_pm5,24.340128,,30.720000,29.580000,-1.140000,-3.710938,1000,167609031.000000,-6.601467,-1.673102,-3.782377,False,False,麗臺,季線附近,收盤價距60日均線正負5%內。,167.609031
2026-07-17,,2467,near_ma60_pm5,2141.733358,,76.610000,77.310000,0.700000,0.913719,100,1368859867.100000,-3.793103,-6.407246,-4.762553,False,False,志聖,季線附近,收盤價距60日均線正負5%內。,1368.859867
2026-07-17,,2468,near_ma60_pm5,79.289238,,50.020000,50.020000,0.000000,0.000000,1000,33456337.000000,-9.138381,-5.338320,-3.913854,False,False,華經,季線附近,收盤價距60日均線正負5%內。,33.456337
2026-07-17,,2476,near_ma60_pm5,360.349024,,67.610000,70.590000,2.980000,4.407632,200,562591824.000000,-3.265306,-7.817970,-3.403301,False,False,鉅祥,季線附近,收盤價距60日均線正負5%內。,562.591824
2026-07-17,,2478,near_ma60_pm5,285.187246,,72.990000,67.610000,-5.380000,-7.370873,200,1264686472.000000,-36.662779,-29.432671,-0.426034,False,False,大毅,季線附近,收盤價距60日均線正負5%內。,1264.686472
2026-07-17,,2481,near_ma60_pm5,295.164928,,67.230000,68.620000,1.390000,2.067529,200,3857610341.900000,4.123711,-19.926004,2.078631,False,False,強茂,季線附近,收盤價距60日均線正負5%內。,3857.610342
2026-07-17,,2501,near_ma60_pm5,51.364986,,74.090000,72.610000,-1.480000,-1.997571,1000,121874618.500000,-12.572662,-2.559389,-0.877288,False,False,國建,季線附近,收盤價距60日均線正負5%內。,121.874618
2026-07-17,,2504,near_ma60_pm5,65.276605,,70.770000,70.270000,-0.500000,-0.706514,1000,165813564.550000,-5.917160,-1.806392,-2.679124,False,False,國產,季線附近,收盤價距60日均線正負5%內。,165.813565
2026-07-17,,2515,near_ma60_pm5,23.600153,,53.650000,54.250000,0.600000,1.118360,1000,159386070.800000,-3.376365,-4.891902,-2.538376,False,False,中工,季線附近,收盤價距60日均線正負5%內。,159.386071
2026-07-17,,2535,near_ma60_pm5,310.715328,,66.550000,66.420000,-0.130000,-0.195342,200,34862368.650000,-10.548087,-4.556990,4.093544,False,False,達欣工,季線附近,收盤價距60日均線正負5%內。,34.862369
2026-07-17,,2536,near_ma60_pm5,69.532054,,70.290000,69.030000,-1.260000,-1.792574,1000,30640850.750000,0.162121,0.357361,2.552836,False,False,宏普,季線附近,收盤價距60日均線正負5%內。,30.640851
2026-07-17,,2539,near_ma60_pm5,129.779274,,85.680000,85.520000,-0.160000,-0.186741,600,43529295.700000,3.553299,3.186646,4.597505,False,False,櫻花建,季線附近,收盤價距60日均線正負5%內。,43.529296
2026-07-17,,2540,near_ma60_pm5,32.002002,,89.020000,89.260000,0.240000,0.269602,1000,31827288.500000,-2.372263,-0.112024,-1.038937,False,False,愛山林,季線附近,收盤價距60日均線正負5%內。,31.827289
2026-07-17,,2542,near_ma60_pm5,668.844402,,70.950000,70.740000,-0.210000,-0.295983,100,412401749.700000,-4.730473,-0.178664,1.898337,False,False,興富發,季線附近,收盤價距60日均線正負5%內。,412.401750
2026-07-17,,2547,near_ma60_pm5,31.966691,,62.900000,63.410000,0.510000,0.810811,1000,48774634.800000,-0.892857,-0.493052,4.546025,False,False,日勝生,季線附近,收盤價距60日均線正負5%內。,48.774635
2026-07-17,,2597,near_ma60_pm5,1257.641841,,86.770000,86.850000,0.080000,0.092198,100,62090004.900000,-5.459770,-2.315914,1.804453,False,False,潤弘,季線附近,收盤價距60日均線正負5%內。,62.090005
2026-07-17,,2603,near_ma60_pm5,385.001767,,73.600000,72.990000,-0.610000,-0.828804,200,2917436216.500000,2.061856,3.583573,1.126553,False,False,長榮,季線附近,收盤價距60日均線正負5%內。,2917.436216
2026-07-17,,2605,near_ma60_pm5,111.259930,,51.340000,49.870000,-1.470000,-2.863265,800,178521856.700000,-1.162822,2.621390,0.545585,False,False,新興,季線附近,收盤價距60日均線正負5%內。,178.521857
2026-07-17,,2606,near_ma60_pm5,224.538376,,75.350000,75.110000,-0.240000,-0.318514,400,256741837.850000,-2.250804,-1.546433,-2.951084,False,False,裕民,季線附近,收盤價距60日均線正負5%內。,256.741838
2026-07-17,,2607,near_ma60_pm5,48.504283,,70.410000,70.260000,-0.150000,-0.213038,1000,24508320.150000,-2.382372,-0.551613,0.521325,False,False,榮運,季線附近,收盤價距60日均線正負5%內。,24.508320
2026-07-17,,2609,near_ma60_pm5,77.309723,,53.000000,52.810000,-0.190000,-0.358491,1000,1101095887.100000,-0.686554,-0.437282,0.139330,False,False,陽明,季線附近,收盤價距60日均線正負5%內。,1101.095887
2026-07-17,,2615,near_ma60_pm5,283.402450,,86.370000,86.460000,0.090000,0.104203,200,663317389.900000,2.597913,2.149031,3.036498,False,False,萬海,季線附近,收盤價距60日均線正負5%內。,663.317390
2026-07-17,,2617,near_ma60_pm5,83.639382,,58.070000,58.240000,0.170000,0.292750,1000,24361922.900000,-0.672078,-0.399104,1.125293,False,False,台航,季線附近,收盤價距60日均線正負5%內。,24.361923
2026-07-17,,2633,near_ma60_pm5,35.418330,,84.390000,84.580000,0.190000,0.225145,1000,307204692.200000,3.745872,2.412972,4.000616,False,False,台灣高鐵,季線附近,收盤價距60日均線正負5%內。,307.204692
2026-07-17,,2636,near_ma60_pm5,256.198966,,41.690000,41.210000,-0.480000,-1.151355,400,33281161.450000,-4.377983,-3.467971,-1.839450,False,False,台驊控股,季線附近,收盤價距60日均線正負5%內。,33.281161
2026-07-17,,2646,near_ma60_pm5,21.200000,,63.260000,63.470000,0.210000,0.331963,1000,140606314.450000,0.000000,-0.317386,2.386606,False,False,星宇航空,季線附近,收盤價距60日均線正負5%內。,140.606314
2026-07-17,,2707,near_ma60_pm5,916.686662,,66.520000,66.710000,0.190000,0.285628,100,27572029.000000,-0.833333,-0.543251,1.382052,False,False,晶華,季線附近,收盤價距60日均線正負5%內。,27.572029
2026-07-17,,2727,near_ma60_pm5,470.369891,,46.840000,45.050000,-1.790000,-3.821520,200,149160540.900000,-3.863294,-3.495264,-1.311063,False,False,王品,季線附近,收盤價距60日均線正負5%內。,149.160541
2026-07-17,,2731,near_ma60_pm5,222.735604,,45.490000,42.480000,-3.010000,-6.616839,400,111953331.700000,-6.229508,-3.573837,-4.714063,False,False,雄獅,季線附近,收盤價距60日均線正負5%內。,111.953332
2026-07-17,,2745,near_ma60_pm5,123.769346,,51.420000,51.280000,-0.140000,-0.272268,600,20115392.000000,-5.555556,-3.659976,-1.868035,False,False,五福,季線附近,收盤價距60日均線正負5%內。,20.115392
2026-07-17,,2753,near_ma60_pm5,221.425212,,55.530000,54.680000,-0.850000,-1.530704,400,75747476.200000,-2.539368,-2.663171,0.186225,False,False,八方雲集,季線附近,收盤價距60日均線正負5%內。,75.747476
2026-07-17,,2812,near_ma60_pm5,64.325648,,53.400000,54.080000,0.680000,1.273408,1000,288088187.150000,3.526448,1.669759,4.571283,False,False,台中銀,季線附近,收盤價距60日均線正負5%內。,288.088187
2026-07-17,,2820,near_ma60_pm5,57.431754,,62.640000,62.340000,-0.300000,-0.478927,1000,58416557.850000,-2.920812,-2.373887,0.378268,False,False,華票,季線附近,收盤價距60日均線正負5%內。,58.416558
2026-07-17,,2836,near_ma60_pm5,29.963499,,82.110000,82.700000,0.590000,0.718548,1000,43932309.450000,2.439024,1.694915,4.247104,False,False,高雄銀,季線附近,收盤價距60日均線正負5%內。,43.932309
2026-07-17,,2838,near_ma60_pm5,45.452274,,89.120000,88.850000,-0.270000,-0.302962,1000,71564607.950000,-1.148254,-3.408174,3.520138,False,False,聯邦銀,季線附近,收盤價距60日均線正負5%內。,71.564608
2026-07-17,,2855,near_ma60_pm5,163.416367,,76.040000,75.700000,-0.340000,-0.447133,400,401975928.650000,-10.837178,-10.825368,-0.809639,False,False,統一證,季線附近,收盤價距60日均線正負5%內。,401.975929
2026-07-17,,2891,near_ma60_pm5,243.910891,,82.130000,81.810000,-0.320000,-0.389626,400,3935132844.850000,-9.290968,-7.517728,2.543050,False,False,中信金,季線附近,收盤價距60日均線正負5%內。,3935.132845
2026-07-17,,2897,near_ma60_pm5,14.661623,,81.180000,81.240000,0.060000,0.073910,1000,44709615.750000,-1.421801,-1.117186,1.214903,False,False,王道銀行,季線附近,收盤價距60日均線正負5%內。,44.709616
2026-07-17,,2903,near_ma60_pm5,69.925008,,77.210000,76.780000,-0.430000,-0.556923,1000,70681597.400000,-2.134647,0.960405,3.546996,False,False,遠百,季線附近,收盤價距60日均線正負5%內。,70.681597
2026-07-17,,2913,near_ma60_pm5,9.204895,,50.810000,49.610000,-1.200000,-2.361740,1000,49770915.100000,0.448430,0.900901,0.734523,False,False,農林,季線附近,收盤價距60日均線正負5%內。,49.770915
2026-07-17,,3003,near_ma60_pm5,146.841720,,54.460000,56.220000,1.760000,3.231730,600,86890031.000000,-10.447761,-9.118449,-3.160726,False,False,健和興,季線附近,收盤價距60日均線正負5%內。,86.890031
2026-07-17,,3015,near_ma60_pm5,262.054211,,62.500000,63.800000,1.300000,2.080000,400,219175047.750000,-7.907743,-11.787912,0.356718,False,False,全漢,季線附近,收盤價距60日均線正負5%內。,219.175048
2026-07-17,,3022,near_ma60_pm5,261.558547,,61.880000,62.630000,0.750000,1.212023,400,215709396.650000,-5.017921,-6.651794,2.045182,False,False,威強電,季線附近,收盤價距60日均線正負5%內。,215.709397
2026-07-17,,3023,near_ma60_pm5,1098.166598,,82.270000,82.620000,0.350000,0.425428,100,735768683.850000,-3.194888,-6.119287,-2.286958,False,False,信邦,季線附近,收盤價距60日均線正負5%內。,735.768684
2026-07-17,,3024,near_ma60_pm5,24.242671,,36.570000,35.920000,-0.650000,-1.777413,1000,27361888.550000,15.454694,14.570212,4.473801,False,False,憶聲,季線附近,收盤價距60日均線正負5%內。,27.361889
2026-07-17,,3029,near_ma60_pm5,307.873106,,45.400000,45.080000,-0.320000,-0.704846,200,120605842.350000,0.490196,1.319626,1.969757,False,False,零壹,季線附近,收盤價距60日均線正負5%內。,120.605842
2026-07-17,,3032,near_ma60_pm5,261.845109,,51.340000,51.810000,0.470000,0.915466,400,53850575.250000,-10.047281,-4.540893,-4.079661,False,False,偉訓,季線附近,收盤價距60日均線正負5%內。,53.850575
2026-07-17,,3033,near_ma60_pm5,298.066189,,45.390000,50.150000,4.760000,10.486891,200,668507502.950000,-0.204499,-3.083263,3.165795,False,False,威健,季線附近,收盤價距60日均線正負5%內。,668.507503
2026-07-17,,3034,near_ma60_pm5,2150.984689,,80.350000,80.220000,-0.130000,-0.161792,100,3793013263.500000,-6.619900,-8.513382,-1.469118,False,False,聯詠,季線附近,收盤價距60日均線正負5%內。,3793.013263
2026-07-17,,3045,near_ma60_pm5,233.665511,,92.500000,92.300000,-0.200000,-0.216216,400,1939069530.050000,-2.854045,-0.929648,0.798568,False,False,台灣大,季線附近,收盤價距60日均線正負5%內。,1939.069530
2026-07-17,,3046,near_ma60_pm5,14.872723,,45.400000,45.400000,0.000000,0.000000,1000,42752379.000000,-2.866600,-1.420706,1.854466,False,False,建碁,季線附近,收盤價距60日均線正負5%內。,42.752379
2026-07-17,,3047,near_ma60_pm5,39.044448,,16.710000,15.420000,-1.290000,-7.719928,1000,35601017.300000,-13.313609,-7.731066,-4.895862,False,False,訊舟,季線附近,收盤價距60日均線正負5%內。,35.601017
2026-07-17,,3056,near_ma60_pm5,86.993854,,27.120000,26.360000,-0.760000,-2.802360,1000,22259603.800000,-4.934211,-2.000678,1.736682,False,False,富華新,季線附近,收盤價距60日均線正負5%內。,22.259604
2026-07-17,,3066,near_ma60_pm5,12.193433,,68.220000,67.730000,-0.490000,-0.718264,1000,48598018.350000,7.246377,-11.022044,2.873031,False,False,李洲,季線附近,收盤價距60日均線正負5%內。,48.598018
2026-07-17,,3088,near_ma60_pm5,451.954119,,54.880000,57.250000,2.370000,4.318513,200,170026017.000000,-8.510638,-8.234039,-2.750380,False,False,艾訊,季線附近,收盤價距60日均線正負5%內。,170.026017
2026-07-17,,3167,near_ma60_pm5,1585.191796,,73.160000,73.320000,0.160000,0.218699,100,2140221111.800000,-4.609481,-6.320066,-4.373901,False,False,大量,季線附近,收盤價距60日均線正負5%內。,2140.221112
2026-07-17,,3176,near_ma60_pm5,33.550000,,28.450000,28.670000,0.220000,0.773286,1000,27367651.000000,0.449102,-3.529581,-1.054339,False,False,基亞,季線附近,收盤價距60日均線正負5%內。,27.367651
2026-07-17,,3211,near_ma60_pm5,1686.461275,,61.670000,60.640000,-1.030000,-1.670180,100,3248708165.300000,-7.317533,-6.860437,-3.114603,False,False,順達,季線附近,收盤價距60日均線正負5%內。,3248.708165
2026-07-17,,3213,near_ma60_pm5,649.039780,,41.800000,43.540000,1.740000,4.162679,100,119420201.050000,-6.160790,-6.087952,1.251454,False,False,茂訊,季線附近,收盤價距60日均線正負5%內。,119.420201
2026-07-17,,3218,near_ma60_pm5,239.032131,,56.250000,56.620000,0.370000,0.657778,400,43326267.550000,0.000000,-2.651653,-0.124224,False,False,大學光,季線附近,收盤價距60日均線正負5%內。,43.326268
2026-07-17,,3229,near_ma60_pm5,17.311630,,69.030000,69.030000,0.000000,0.000000,1000,20865104.650000,-7.361268,-2.071112,-3.488418,False,False,晟鈦,季線附近,收盤價距60日均線正負5%內。,20.865105
2026-07-17,,3264,near_ma60_pm5,664.706100,,77.250000,79.510000,2.260000,2.925566,100,2164218134.000000,3.095641,-6.851068,-3.102238,False,False,欣銓,季線附近,收盤價距60日均線正負5%內。,2164.218134
2026-07-17,,3311,near_ma60_pm5,64.369122,,48.880000,50.340000,1.460000,2.986907,1000,25393077.000000,-12.838777,-8.923242,-3.359624,False,False,閎暉,季線附近,收盤價距60日均線正負5%內。,25.393077
2026-07-17,,3321,near_ma60_pm5,3.833436,,36.880000,37.360000,0.480000,1.301518,1000,27723437.700000,-20.253165,-19.049149,-4.275524,False,False,同泰,季線附近,收盤價距60日均線正負5%內。,27.723438
2026-07-17,,3346,near_ma60_pm5,26.409331,,20.500000,20.500000,0.000000,0.000000,1000,60321395.000000,-15.510204,-17.938553,-3.131459,False,False,麗清,季線附近,收盤價距60日均線正負5%內。,60.321395
2026-07-17,,3356,near_ma60_pm5,251.440912,,30.490000,33.000000,2.510000,8.232207,400,47354901.850000,-6.176962,-6.737471,-2.269942,False,False,奇偶,季線附近,收盤價距60日均線正負5%內。,47.354902
2026-07-17,,3402,near_ma60_pm5,517.405416,,34.100000,37.920000,3.820000,11.202346,200,203578615.150000,4.301075,-1.070882,2.314679,False,False,漢科,季線附近,收盤價距60日均線正負5%內。,203.578615
2026-07-17,,3416,near_ma60_pm5,773.397962,,67.320000,67.950000,0.630000,0.935829,100,99388195.550000,-4.289123,-7.285104,-4.090118,False,False,融程電,季線附近,收盤價距60日均線正負5%內。,99.388196
2026-07-17,,3484,near_ma60_pm5,179.327705,,31.890000,31.380000,-0.510000,-1.599247,400,64247970.050000,-9.266409,-9.301428,-0.145179,False,False,崧騰,季線附近,收盤價距60日均線正負5%內。,64.247970
2026-07-17,,3498,near_ma60_pm5,148.847184,,49.020000,44.610000,-4.410000,-8.996328,600,275651357.150000,-1.680672,-3.723514,-3.521069,False,False,陽程,季線附近,收盤價距60日均線正負5%內。,275.651357
2026-07-17,,3546,near_ma60_pm5,371.370701,,40.790000,38.660000,-2.130000,-5.221868,200,28033833.050000,-10.143294,-4.943518,-1.408274,False,False,宇峻,季線附近,收盤價距60日均線正負5%內。,28.033833
2026-07-17,,3551,near_ma60_pm5,488.249439,,55.110000,58.080000,2.970000,5.389222,200,240852658.800000,-1.315789,-3.674813,-3.561320,False,False,世禾,季線附近,收盤價距60日均線正負5%內。,240.852659
2026-07-17,,3556,near_ma60_pm5,269.479128,,21.920000,20.780000,-1.140000,-5.200730,200,129490434.750000,-16.492147,-10.675534,1.563873,False,False,禾瑞亞,季線附近,收盤價距60日均線正負5%內。,129.490435
2026-07-17,,3558,near_ma60_pm5,208.097030,,51.010000,51.030000,0.020000,0.039208,400,45813959.900000,-4.444444,-4.691540,0.952133,False,False,神準,季線附近,收盤價距60日均線正負5%內。,45.813960
2026-07-17,,3564,near_ma60_pm5,66.639998,,60.150000,60.060000,-0.090000,-0.149626,1000,27008559.250000,-2.611212,-4.310977,0.473683,False,False,其陽,季線附近,收盤價距60日均線正負5%內。,27.008559
2026-07-17,,3576,near_ma60_pm5,13.382883,,34.550000,32.960000,-1.590000,-4.602026,1000,325317554.600000,-6.788512,4.081633,2.778178,False,False,聯合再生,季線附近,收盤價距60日均線正負5%內。,325.317555
2026-07-17,,3596,near_ma60_pm5,479.583027,,79.190000,78.540000,-0.650000,-0.820811,200,394625709.500000,-6.201550,-4.924044,-1.179673,False,False,智易,季線附近,收盤價距60日均線正負5%內。,394.625710
2026-07-17,,3605,near_ma60_pm5,190.532339,,45.530000,52.050000,6.520000,14.320228,400,827876352.000000,2.853437,-4.933165,-1.378381,False,False,宏致,季線附近,收盤價距60日均線正負5%內。,827.876352
2026-07-17,,3617,near_ma60_pm5,467.064198,,75.630000,75.480000,-0.150000,-0.198334,200,180637910.700000,-3.546099,-6.891830,-1.781416,False,False,碩天,季線附近,收盤價距60日均線正負5%內。,180.637911
2026-07-17,,3628,near_ma60_pm5,163.215518,,59.150000,59.150000,0.000000,0.000000,400,26544563.400000,-3.180020,-5.161714,-0.979894,False,False,盈正,季線附近,收盤價距60日均線正負5%內。,26.544563
2026-07-17,,3694,near_ma60_pm5,65.847505,,56.710000,55.240000,-1.470000,-2.592135,1000,196754720.700000,-2.907916,-4.070231,-4.759389,False,False,海華,季線附近,收盤價距60日均線正負5%內。,196.754721
2026-07-17,,3702,near_ma60_pm5,426.873165,,86.870000,86.720000,-0.150000,-0.172672,200,1536454656.950000,2.336449,-0.409277,-0.668259,False,False,大聯大,季線附近,收盤價距60日均線正負5%內。,1536.454657
2026-07-17,,3703,near_ma60_pm5,45.475195,,68.680000,68.010000,-0.670000,-0.975539,1000,23341933.350000,-1.574671,-0.157095,2.287884,False,False,欣陸,季線附近,收盤價距60日均線正負5%內。,23.341933
2026-07-17,,3706,near_ma60_pm5,236.830644,,52.760000,52.890000,0.130000,0.246399,400,1781654476.950000,2.317497,-0.186514,1.845444,False,False,神達,季線附近,收盤價距60日均線正負5%內。,1781.654477
2026-07-17,,3717,near_ma60_pm5,22.628175,,36.320000,29.280000,-7.040000,-19.383260,1000,298994890.100000,0.793651,-10.658876,-2.057144,False,False,聯嘉投控,季線附近,收盤價距60日均線正負5%內。,298.994890
2026-07-17,,4105,near_ma60_pm5,404.694225,,54.790000,55.830000,1.040000,1.898157,200,77329408.150000,5.563094,1.732592,3.901885,False,False,東洋,季線附近,收盤價距60日均線正負5%內。,77.329408
2026-07-17,,4123,near_ma60_pm5,325.099883,,62.140000,62.550000,0.410000,0.659800,200,94321534.200000,-0.403769,-3.039832,-3.312210,False,False,晟德,季線附近,收盤價距60日均線正負5%內。,94.321534
2026-07-17,,4128,near_ma60_pm5,32.839916,,39.490000,39.680000,0.190000,0.481134,1000,74820368.900000,4.745763,-3.977626,0.210799,False,False,中天,季線附近,收盤價距60日均線正負5%內。,74.820369
2026-07-17,,4137,near_ma60_pm5,199.533271,,54.110000,53.710000,-0.400000,-0.739235,400,28342023.250000,-4.609373,-2.809992,-2.265748,False,False,麗豐-KY,季線附近,收盤價距60日均線正負5%內。,28.342023
2026-07-17,,4142,near_ma60_pm5,16.954696,,32.920000,32.640000,-0.280000,-0.850547,1000,21831476.000000,-4.000000,-3.211868,-4.136947,False,False,國光生,季線附近,收盤價距60日均線正負5%內。,21.831476
2026-07-17,,4167,near_ma60_pm5,22.583654,,33.560000,34.340000,0.780000,2.324195,1000,28445332.550000,4.030227,1.374570,4.685058,False,False,松瑞藥,季線附近,收盤價距60日均線正負5%內。,28.445333
2026-07-17,,4532,near_ma60_pm5,75.611482,,64.270000,65.470000,1.200000,1.867123,1000,106957224.600000,2.277433,-5.282332,0.974314,False,False,瑞智,季線附近,收盤價距60日均線正負5%內。,106.957225
2026-07-17,,4746,near_ma60_pm5,74.087963,,30.960000,32.280000,1.320000,4.263566,1000,43000424.150000,-0.383142,-2.557856,-1.942297,False,False,台耀,季線附近,收盤價距60日均線正負5%內。,43.000424
2026-07-17,,4763,near_ma60_pm5,1078.359228,,68.630000,68.650000,0.020000,0.029142,100,531563154.250000,1.795735,-3.710388,2.509042,False,False,材料*-KY,季線附近,收盤價距60日均線正負5%內。,531.563154
2026-07-17,,4764,near_ma60_pm5,425.978901,,81.910000,82.350000,0.440000,0.537175,200,894918095.950000,-6.329114,-5.799984,-1.006104,True,True,雙鍵,季線附近,收盤價距60日均線正負5%內。,894.918096
2026-07-17,,4766,near_ma60_pm5,481.046488,,77.050000,76.540000,-0.510000,-0.661908,200,215831571.550000,-5.195284,-4.556562,-4.773691,False,False,南寶,季線附近,收盤價距60日均線正負5%內。,215.831572
2026-07-17,,4771,near_ma60_pm5,203.946820,,59.330000,59.640000,0.310000,0.522501,400,49986287.850000,4.825737,-2.530226,0.449583,False,False,望隼,季線附近,收盤價距60日均線正負5%內。,49.986288
2026-07-17,,4923,near_ma60_pm5,69.077714,,21.130000,23.330000,2.200000,10.411737,1000,99938283.050000,-6.857143,-17.690624,4.260687,False,False,力士,季線附近,收盤價距60日均線正負5%內。,99.938283
2026-07-17,,4938,near_ma60_pm5,186.069276,,77.820000,77.530000,-0.290000,-0.372655,400,1294461883.250000,-0.963855,-0.832429,0.069692,False,False,和碩,季線附近,收盤價距60日均線正負5%內。,1294.461883
2026-07-17,,4953,near_ma60_pm5,257.533584,,48.540000,47.430000,-1.110000,-2.286774,400,54353664.350000,-4.840226,-2.143973,-0.379896,False,False,緯致,季線附近,收盤價距60日均線正負5%內。,54.353664
2026-07-17,,4958,near_ma60_pm5,1006.456476,,82.010000,80.530000,-1.480000,-1.804658,100,24077348956.650002,-18.466354,-12.503149,2.633696,False,False,臻鼎-KY,季線附近,收盤價距60日均線正負5%內。,24077.348957
2026-07-17,,4973,near_ma60_pm5,329.125903,,32.040000,28.280000,-3.760000,-11.735331,200,441941758.800000,-26.370757,-16.469194,-1.784367,False,False,廣穎電通,季線附近,收盤價距60日均線正負5%內。,441.941759
2026-07-17,,4976,near_ma60_pm5,37.819819,,27.030000,25.060000,-1.970000,-7.288198,1000,163017542.700000,-20.743405,-13.146311,-2.216524,False,False,佳凌,季線附近,收盤價距60日均線正負5%內。,163.017543
2026-07-17,,5009,near_ma60_pm5,80.148853,,44.480000,44.130000,-0.350000,-0.786871,1000,157453264.700000,-0.696429,-0.505168,-1.384594,False,False,榮剛,季線附近,收盤價距60日均線正負5%內。,157.453265
2026-07-17,,5011,near_ma60_pm5,3.166010,,34.150000,38.230000,4.080000,11.947291,1000,47257133.850000,-6.310680,-17.776121,2.319417,False,False,久陽,季線附近,收盤價距60日均線正負5%內。,47.257134
2026-07-17,,5230,near_ma60_pm5,44.085909,,10.330000,10.270000,-0.060000,-0.580833,1000,33981513.900000,-12.862998,-11.985428,-0.531772,False,False,雷笛克光學,季線附近,收盤價距60日均線正負5%內。,33.981514
2026-07-17,,5258,near_ma60_pm5,65.664751,,36.100000,37.780000,1.680000,4.653740,1000,30762427.300000,0.793651,-0.450715,-1.518578,False,False,虹堡,季線附近,收盤價距60日均線正負5%內。,30.762427
2026-07-17,,5269,near_ma60_pm5,1937.501593,,63.470000,66.760000,3.290000,5.183551,100,1593248339.000000,0.701754,-2.860044,-0.139179,False,False,祥碩,季線附近,收盤價距60日均線正負5%內。,1593.248339
2026-07-17,,5285,near_ma60_pm5,158.760792,,59.800000,59.500000,-0.300000,-0.501672,600,538784150.300000,-4.137225,-12.689334,3.384772,False,False,界霖,季線附近,收盤價距60日均線正負5%內。,538.784150
2026-07-17,,5347,near_ma60_pm5,393.983833,,87.940000,87.140000,-0.800000,-0.909711,200,6875005490.600000,3.918204,-9.841506,0.680951,False,False,世界,季線附近,收盤價距60日均線正負5%內。,6875.005491
2026-07-17,,5351,near_ma60_pm5,61.034617,,31.220000,34.100000,2.880000,9.224856,1000,2965957489.750000,-4.347826,-4.139434,4.020962,False,False,鈺創,季線附近,收盤價距60日均線正負5%內。,2965.957490
2026-07-17,,5388,near_ma60_pm5,223.118717,,52.360000,52.420000,0.060000,0.114591,400,384244129.000000,-2.344666,1.104503,0.389668,False,False,中磊,季線附近,收盤價距60日均線正負5%內。,384.244129
2026-07-17,,5392,near_ma60_pm5,106.239759,,31.850000,31.330000,-0.520000,-1.632653,800,320456119.850000,-5.016722,-6.681271,-1.988228,False,False,能率,季線附近,收盤價距60日均線正負5%內。,320.456120
2026-07-17,,5425,near_ma60_pm5,195.271722,,41.880000,40.020000,-1.860000,-4.441261,400,2488215901.850000,-14.351852,-24.211389,-4.841918,False,False,台半,季線附近,收盤價距60日均線正負5%內。,2488.215902
2026-07-17,,5426,near_ma60_pm5,61.629560,,54.390000,52.770000,-1.620000,-2.978489,1000,70012228.400000,-29.624665,-17.885352,2.672751,False,False,振發,季線附近,收盤價距60日均線正負5%內。,70.012228
2026-07-17,,5471,near_ma60_pm5,218.146767,,29.620000,30.170000,0.550000,1.856853,400,387397711.100000,-9.590139,-8.796890,4.816214,False,False,松翰,季線附近,收盤價距60日均線正負5%內。,387.397711
2026-07-17,,5478,near_ma60_pm5,253.896861,,79.310000,79.550000,0.240000,0.302610,400,22373836.000000,-6.190476,-3.986743,-2.186326,False,False,智冠,季線附近,收盤價距60日均線正負5%內。,22.373836
2026-07-17,,5489,near_ma60_pm5,134.747781,,82.700000,82.630000,-0.070000,-0.084643,600,33869886.500000,9.080189,-20.330735,0.387078,False,False,彩富,季線附近,收盤價距60日均線正負5%內。,33.869886
2026-07-17,,5490,near_ma60_pm5,74.915752,,26.710000,27.800000,1.090000,4.080869,1000,31916552.250000,2.244324,-1.021567,3.210934,False,False,同亨,季線附近,收盤價距60日均線正負5%內。,31.916552
2026-07-17,,5508,near_ma60_pm5,463.624320,,71.570000,71.570000,0.000000,0.000000,200,52331382.550000,-10.474632,-2.703664,4.291457,False,False,永信建,季線附近,收盤價距60日均線正負5%內。,52.331383
2026-07-17,,5519,near_ma60_pm5,286.174111,,63.660000,62.460000,-1.200000,-1.885014,200,27064598.150000,-6.380191,-4.136963,-1.809099,False,False,隆大,季線附近,收盤價距60日均線正負5%內。,27.064598
2026-07-17,,5522,near_ma60_pm5,297.384161,,90.810000,90.410000,-0.400000,-0.440480,200,121173885.850000,-1.633333,3.367349,2.457372,False,False,遠雄,季線附近,收盤價距60日均線正負5%內。,121.173886
2026-07-17,,5530,near_ma60_pm5,72.759672,,79.810000,79.450000,-0.360000,-0.451071,1000,21339481.100000,-3.009027,-0.376037,1.029097,False,False,龍巖,季線附近,收盤價距60日均線正負5%內。,21.339481
2026-07-17,,5534,near_ma60_pm5,504.028317,,73.080000,72.900000,-0.180000,-0.246305,200,70919239.550000,-4.694836,1.971619,3.803132,False,False,長虹,季線附近,收盤價距60日均線正負5%內。,70.919240
2026-07-17,,5607,near_ma60_pm5,75.911461,,68.520000,68.910000,0.390000,0.569177,1000,22967788.950000,-5.308880,-3.658237,-2.332990,False,False,遠雄港,季線附近,收盤價距60日均線正負5%內。,22.967789
2026-07-17,,5871,near_ma60_pm5,323.019280,,72.970000,73.830000,0.860000,1.178567,200,978960064.050000,3.913043,2.950678,4.109191,False,False,中租-KY,季線附近,收盤價距60日均線正負5%內。,978.960064
2026-07-17,,6015,near_ma60_pm5,29.737153,,45.190000,42.210000,-2.980000,-6.594379,1000,56128471.700000,-9.340659,-6.740144,-3.499366,False,False,宏遠證,季線附近,收盤價距60日均線正負5%內。,56.128472
2026-07-17,,6023,near_ma60_pm5,356.646945,,88.550000,87.890000,-0.660000,-0.745342,200,127707997.150000,4.402452,2.479085,4.585877,False,False,元大期貨,季線附近,收盤價距60日均線正負5%內。,127.707997
2026-07-17,,6112,near_ma60_pm5,685.804303,,63.530000,63.330000,-0.200000,-0.314812,100,24849054.850000,-4.674787,-2.262875,-3.818144,False,False,邁達特,季線附近,收盤價距60日均線正負5%內。,24.849055
2026-07-17,,6116,near_ma60_pm5,10.938940,,44.650000,39.990000,-4.660000,-10.436730,1000,2360605889.100000,-17.808219,-16.352990,3.568511,False,False,彩晶,季線附近,收盤價距60日均線正負5%內。,2360.605889
2026-07-17,,6120,near_ma60_pm5,21.500355,,56.890000,56.370000,-0.520000,-0.914045,1000,50417622.500000,-8.687259,-7.368421,-4.008968,False,False,達運,季線附近,收盤價距60日均線正負5%內。,50.417623
2026-07-17,,6121,near_ma60_pm5,1001.229018,,80.150000,80.790000,0.640000,0.798503,100,652801822.350000,-6.294208,-8.675285,-3.815811,False,False,新普,季線附近,收盤價距60日均線正負5%內。,652.801822
2026-07-17,,6122,near_ma60_pm5,117.994618,,28.290000,29.690000,1.400000,4.948745,600,29253515.050000,7.889126,1.606426,4.050997,False,False,擎邦,季線附近,收盤價距60日均線正負5%內。,29.253515
2026-07-17,,6138,near_ma60_pm5,516.865694,,56.260000,53.690000,-2.570000,-4.568077,200,1146421811.300000,-6.441718,-16.871082,-4.533361,False,False,茂達,季線附近,收盤價距60日均線正負5%內。,1146.421811
2026-07-17,,6139,near_ma60_pm5,2800.137865,,78.230000,77.660000,-0.570000,-0.728621,100,4505110842.900000,-0.868486,-8.722225,1.419535,False,False,亞翔,季線附近,收盤價距60日均線正負5%內。,4505.110843
2026-07-17,,6143,near_ma60_pm5,372.115928,,35.270000,33.570000,-1.700000,-4.819960,200,154485569.150000,10.514541,1.229508,3.674426,False,False,振曜,季線附近,收盤價距60日均線正負5%內。,154.485569
2026-07-17,,6164,near_ma60_pm5,24.299171,,13.000000,13.990000,0.990000,7.615385,1000,41679207.600000,-6.250000,-9.734513,-1.860167,False,False,華興,季線附近,收盤價距60日均線正負5%內。,41.679208
2026-07-17,,6165,near_ma60_pm5,30.878909,,37.090000,37.580000,0.490000,1.321111,1000,32266041.400000,1.434426,0.819797,0.080873,False,False,浪凡,季線附近,收盤價距60日均線正負5%內。,32.266041
2026-07-17,,6166,near_ma60_pm5,467.787520,,81.780000,81.300000,-0.480000,-0.586941,200,290484963.500000,-15.516859,-13.054568,0.166689,False,False,凌華,季線附近,收盤價距60日均線正負5%內。,290.484963
2026-07-17,,6170,near_ma60_pm5,103.479300,,51.280000,53.570000,2.290000,4.465679,800,20349593.950000,-3.253220,-2.837880,-2.377104,False,False,統振,季線附近,收盤價距60日均線正負5%內。,20.349594
2026-07-17,,6177,near_ma60_pm5,364.177079,,79.170000,79.350000,0.180000,0.227359,200,90995925.700000,-1.554404,2.830546,4.290550,False,False,達麗,季線附近,收盤價距60日均線正負5%內。,90.995926
2026-07-17,,6179,near_ma60_pm5,21.770859,,29.540000,31.560000,2.020000,6.838186,1000,65995712.000000,-3.313840,-7.376284,-0.941983,False,False,亞通,季線附近,收盤價距60日均線正負5%內。,65.995712
2026-07-17,,6180,near_ma60_pm5,95.177136,,47.800000,47.250000,-0.550000,-1.150628,800,88785851.650000,-13.690476,-9.237911,0.157335,False,False,橘子,季線附近,收盤價距60日均線正負5%內。,88.785852
2026-07-17,,6186,near_ma60_pm5,44.794086,,46.620000,46.480000,-0.140000,-0.300300,1000,37886658.700000,1.075269,-0.123960,3.492568,False,False,新潤,季線附近,收盤價距60日均線正負5%內。,37.886659
2026-07-17,,6189,near_ma60_pm5,390.710597,,38.200000,38.810000,0.610000,1.596859,200,63320724.550000,-8.324269,-6.745291,-3.195722,False,False,豐藝,季線附近,收盤價距60日均線正負5%內。,63.320725
2026-07-17,,6199,near_ma60_pm5,63.069469,,74.610000,77.540000,2.930000,3.927088,1000,90449484.350000,8.459870,-2.500853,2.214651,False,False,天品,季線附近,收盤價距60日均線正負5%內。,90.449484
2026-07-17,,6202,near_ma60_pm5,203.169961,,39.440000,41.210000,1.770000,4.487830,400,724495145.900000,-11.773700,-14.676525,-4.775003,True,True,盛群,季線附近,收盤價距60日均線正負5%內。,724.495146
2026-07-17,,6218,near_ma60_pm5,114.956940,,43.210000,43.500000,0.290000,0.671141,600,53126521.350000,3.746398,-2.306649,-3.584341,False,False,豪勉,季線附近,收盤價距60日均線正負5%內。,53.126521
2026-07-17,,6220,near_ma60_pm5,68.220082,,53.150000,53.590000,0.440000,0.827846,1000,37618095.300000,-9.914558,-9.601520,-2.675020,False,False,岳豐,季線附近,收盤價距60日均線正負5%內。,37.618095
2026-07-17,,6239,near_ma60_pm5,1308.617189,,75.320000,72.500000,-2.820000,-3.744025,100,10151040367.799999,-16.521739,-12.034209,-2.301125,False,False,力成,季線附近,收盤價距60日均線正負5%內。,10151.040368
2026-07-17,,6257,near_ma60_pm5,862.223632,,58.100000,61.350000,3.250000,5.593804,100,2865036590.000000,1.724108,-9.530900,-1.023663,False,False,矽格,季線附近,收盤價距60日均線正負5%內。,2865.036590
2026-07-17,,6263,near_ma60_pm5,585.912072,,53.780000,53.660000,-0.120000,-0.223131,100,69457126.150000,-7.033639,-6.862745,-4.716622,False,False,普萊德,季線附近,收盤價距60日均線正負5%內。,69.457126
2026-07-17,,6265,near_ma60_pm5,74.792927,,41.520000,40.090000,-1.430000,-3.444123,1000,236649666.200000,-16.083916,-9.527848,-4.635762,False,False,方土昶,季線附近,收盤價距60日均線正負5%內。,236.649666
2026-07-17,,6270,near_ma60_pm5,95.165455,,38.990000,37.760000,-1.230000,-3.154655,800,124209470.200000,-9.412181,-15.564727,-0.826955,False,False,倍微,季線附近,收盤價距60日均線正負5%內。,124.209470
2026-07-17,,6279,near_ma60_pm5,337.011785,,52.240000,53.220000,0.980000,1.875957,200,82588118.450000,-2.118644,-3.830142,-1.827454,False,False,胡連,季線附近,收盤價距60日均線正負5%內。,82.588118
2026-07-17,,6435,near_ma60_pm5,490.948328,,61.420000,58.510000,-2.910000,-4.737870,200,831996386.450000,0.346021,-18.067524,3.586843,False,False,大中,季線附近,收盤價距60日均線正負5%內。,831.996386
2026-07-17,,6465,near_ma60_pm5,61.666060,,65.090000,65.090000,0.000000,0.000000,1000,30578765.350000,-24.005682,-13.952553,-1.823683,False,False,威潤,季線附近,收盤價距60日均線正負5%內。,30.578765
2026-07-17,,6469,near_ma60_pm5,416.938323,,52.060000,52.930000,0.870000,1.671149,200,29526409.750000,4.289544,2.341489,3.814078,False,False,大樹,季線附近,收盤價距60日均線正負5%內。,29.526410
2026-07-17,,6472,near_ma60_pm5,1611.121451,,62.230000,61.810000,-0.420000,-0.674916,100,613069195.150000,-4.000000,-6.746733,-0.952540,False,False,保瑞,季線附近,收盤價距60日均線正負5%內。,613.069195
2026-07-17,,6509,near_ma60_pm5,82.753340,,28.780000,29.100000,0.320000,1.111883,1000,184757454.050000,1.797040,-5.309735,0.354314,False,False,聚和,季線附近,收盤價距60日均線正負5%內。,184.757454
2026-07-17,,6533,near_ma60_pm5,225.299457,,21.920000,22.760000,0.840000,3.832117,400,171958293.150000,4.218362,3.054840,-4.371585,False,False,晶心科,季線附近,收盤價距60日均線正負5%內。,171.958293
2026-07-17,,6541,near_ma60_pm5,12.811480,,65.720000,65.230000,-0.490000,-0.745587,1000,24147729.450000,-5.067985,-5.905415,-4.221488,False,False,泰福-KY,季線附近,收盤價距60日均線正負5%內。,24.147729
2026-07-17,,6547,near_ma60_pm5,68.316535,,27.950000,28.330000,0.380000,1.359571,1000,103532763.550000,1.428571,-0.248568,-1.977096,False,False,高端疫苗,季線附近,收盤價距60日均線正負5%內。,103.532764
2026-07-17,,6548,near_ma60_pm5,2587.025013,,91.540000,90.030000,-1.510000,-1.649552,100,1241843365.300000,-17.508418,-14.390542,2.696101,False,False,長科*,季線附近,收盤價距60日均線正負5%內。,1241.843365
2026-07-17,,6579,near_ma60_pm5,237.645573,,85.170000,85.680000,0.510000,0.598802,400,132151892.150000,-7.975460,-7.106363,-0.599698,False,False,研揚,季線附近,收盤價距60日均線正負5%內。,132.151892
2026-07-17,,6589,near_ma60_pm5,44.850000,,49.200000,49.840000,0.640000,1.300813,1000,65653916.850000,-1.320132,-6.338102,-1.666301,False,False,台康生技,季線附近,收盤價距60日均線正負5%內。,65.653917
2026-07-17,,6592,near_ma60_pm5,97.425936,,77.430000,77.170000,-0.260000,-0.335787,800,69418863.950000,-0.004139,0.329101,3.316815,False,False,和潤企業,季線附近,收盤價距60日均線正負5%內。,69.418864
2026-07-17,,6603,near_ma60_pm5,53.721784,,38.790000,39.390000,0.600000,1.546790,1000,51491849.550000,7.500000,-4.231626,-1.693858,False,False,富強鑫,季線附近,收盤價距60日均線正負5%內。,51.491850
2026-07-17,,6605,near_ma60_pm5,322.415370,,70.980000,69.880000,-1.100000,-1.549732,200,94458759.000000,-4.858617,-0.832065,0.398750,False,False,帝寶,季線附近,收盤價距60日均線正負5%內。,94.458759
2026-07-17,,6642,near_ma60_pm5,101.527623,,51.140000,51.140000,0.000000,0.000000,800,44677454.350000,-11.175786,-7.245320,-1.319193,False,False,富致,季線附近,收盤價距60日均線正負5%內。,44.677454
2026-07-17,,6670,near_ma60_pm5,414.966874,,84.670000,83.430000,-1.240000,-1.464509,200,218779023.000000,-8.545413,0.382010,2.316072,False,False,復盛應用,季線附近,收盤價距60日均線正負5%內。,218.779023
2026-07-17,,6672,near_ma60_pm5,344.443554,,31.750000,37.490000,5.740000,18.078740,200,1733851640.300000,6.401766,-13.997680,3.329999,False,False,騰輝電子-KY,季線附近,收盤價距60日均線正負5%內。,1733.851640
2026-07-17,,6684,near_ma60_pm5,58.990819,,31.510000,31.510000,0.000000,0.000000,1000,103816115.350000,-1.497006,-13.287942,-2.385152,False,False,安格,季線附近,收盤價距60日均線正負5%內。,103.816115
2026-07-17,,6691,near_ma60_pm5,1562.355446,,81.690000,81.380000,-0.310000,-0.379483,100,876377605.950000,0.142248,-5.389061,3.344506,False,False,洋基工程,季線附近,收盤價距60日均線正負5%內。,876.377606
2026-07-17,,6695,near_ma60_pm5,52.300000,,41.830000,45.200000,3.370000,8.056419,1000,170243515.000000,-4.036697,-10.491186,-3.077850,False,False,芯鼎,季線附近,收盤價距60日均線正負5%內。,170.243515
2026-07-17,,6698,near_ma60_pm5,37.685173,,31.080000,31.080000,0.000000,0.000000,1000,43134443.200000,-5.992760,-13.780105,-2.963811,False,False,旭暉應材,季線附近,收盤價距60日均線正負5%內。,43.134443
2026-07-17,,6719,near_ma60_pm5,240.548294,,49.090000,52.540000,3.450000,7.027908,400,1725515040.450000,-5.696203,-18.026774,-4.364570,False,False,力智,季線附近,收盤價距60日均線正負5%內。,1725.515040
2026-07-17,,6753,near_ma60_pm5,149.495154,,56.630000,60.380000,3.750000,6.621932,600,695452133.550000,16.806723,-0.926586,4.373944,False,False,龍德造船,季線附近,收盤價距60日均線正負5%內。,695.452134
2026-07-17,,6757,near_ma60_pm5,60.327295,,73.910000,73.570000,-0.340000,-0.460019,1000,208184645.800000,-4.906937,-6.551380,1.001932,False,False,台灣虎航,季線附近,收盤價距60日均線正負5%內。,208.184646
2026-07-17,,6770,near_ma60_pm5,72.549754,,46.010000,45.420000,-0.590000,-1.282330,1000,19147518014.400002,-1.851852,-8.578253,0.014516,False,False,力積電,季線附近,收盤價距60日均線正負5%內。,19147.518014
2026-07-17,,6782,near_ma60_pm5,206.178896,,47.030000,47.210000,0.180000,0.382734,400,59648042.650000,1.312336,-3.173210,-3.704628,False,False,視陽,季線附近,收盤價距60日均線正負5%內。,59.648043
2026-07-17,,6803,near_ma60_pm5,662.779979,,61.000000,60.520000,-0.480000,-0.786885,100,39007838.600000,-0.101716,-1.102107,-0.854896,False,False,崑鼎,季線附近,收盤價距60日均線正負5%內。,39.007839
2026-07-17,,6829,near_ma60_pm5,249.266750,,66.570000,67.490000,0.920000,1.382004,400,499742989.100000,5.240574,-5.441148,-4.360867,True,True,千附精密,季線附近,收盤價距60日均線正負5%內。,499.742989
2026-07-17,,6841,near_ma60_pm5,62.578741,,38.380000,37.030000,-1.350000,-3.517457,1000,49691864.300000,-2.970297,-5.557340,-2.051344,False,False,長佳智能,季線附近,收盤價距60日均線正負5%內。,49.691864
2026-07-17,,6902,near_ma60_pm5,125.000000,,64.810000,64.200000,-0.610000,-0.941213,600,44898306.650000,-3.474903,-6.068007,-1.354728,False,False,GOGOLOOK,季線附近,收盤價距60日均線正負5%內。,44.898307
2026-07-17,,6919,near_ma60_pm5,1035.000000,,82.440000,83.050000,0.610000,0.739932,100,1121551678.450000,4.439960,-1.202749,2.340145,False,False,康霈*,季線附近,收盤價距60日均線正負5%內。,1121.551678
2026-07-17,,6928,near_ma60_pm5,50.244600,,76.070000,76.070000,0.000000,0.000000,1000,29767428.050000,2.935010,-5.825941,0.697293,False,False,攸泰科技,季線附近,收盤價距60日均線正負5%內。,29.767428
2026-07-17,,6933,near_ma60_pm5,159.793049,,61.520000,61.350000,-0.170000,-0.276333,600,39199289.050000,0.902422,2.554203,-3.294095,False,False,AMAX-KY,季線附近,收盤價距60日均線正負5%內。,39.199289
2026-07-17,,6944,near_ma60_pm5,1004.949153,,73.210000,72.120000,-1.090000,-1.488868,100,599853582.350000,-4.780488,-2.614249,1.886005,False,False,兆聯實業,季線附近,收盤價距60日均線正負5%內。,599.853582
2026-07-17,,6945,near_ma60_pm5,99.000000,,57.360000,57.060000,-0.300000,-0.523013,800,50035895.500000,0.507614,-4.578313,-3.960661,False,False,圓祥生技,季線附近,收盤價距60日均線正負5%內。,50.035896
2026-07-17,,7631,near_ma60_pm5,143.233343,,67.380000,67.560000,0.180000,0.267142,600,40382763.650000,7.937036,-8.502649,2.972633,False,False,聚賢研發-創,季線附近,收盤價距60日均線正負5%內。,40.382764
2026-07-17,,7722,near_ma60_pm5,301.858519,,85.580000,85.790000,0.210000,0.245384,200,69814958.500000,-5.956113,-4.920371,1.806773,False,False,LINEPAY,季線附近,收盤價距60日均線正負5%內。,69.814959
2026-07-17,,7780,near_ma60_pm5,182.516576,,75.430000,75.580000,0.150000,0.198860,400,26277523.950000,-5.954302,-4.115283,-2.362168,False,False,大研生醫*,季線附近,收盤價距60日均線正負5%內。,26.277524
2026-07-17,,7786,near_ma60_pm5,127.500000,,79.250000,79.640000,0.390000,0.492114,600,28765757.150000,-1.162791,0.472813,0.638032,False,False,東方風能,季線附近,收盤價距60日均線正負5%內。,28.765757
2026-07-17,,7818,near_ma60_pm5,68.600000,,87.730000,88.660000,0.930000,1.060071,1000,21234734.650000,11.183144,2.771536,4.606546,False,False,溢泰實業,季線附近,收盤價距60日均線正負5%內。,21.234735
2026-07-17,,7827,near_ma60_pm5,159.000000,,73.390000,74.780000,1.390000,1.893991,600,98623552.400000,-4.504505,-4.690544,-2.761040,False,False,漢康-KY創,季線附近,收盤價距60日均線正負5%內。,98.623552
2026-07-17,,8016,near_ma60_pm5,1499.086182,,60.170000,64.680000,4.510000,7.495430,100,1103382941.600000,-3.214890,-11.461961,0.852348,False,False,矽創,季線附近,收盤價距60日均線正負5%內。,1103.382942
2026-07-17,,8021,near_ma60_pm5,1205.913471,,57.540000,58.170000,0.630000,1.094891,100,1305934130.100000,-15.798469,-14.474113,-4.463479,False,False,尖點,季線附近,收盤價距60日均線正負5%內。,1305.934130
2026-07-17,,8043,near_ma60_pm5,277.045029,,62.320000,45.260000,-17.060000,-27.374840,200,2787851309.350000,-35.909091,-23.835246,-4.511439,False,False,蜜望實,季線附近,收盤價距60日均線正負5%內。,2787.851309
2026-07-17,,8044,near_ma60_pm5,57.992590,,54.950000,54.780000,-0.170000,-0.309372,1000,28641231.600000,-6.525573,-6.202991,-2.615300,False,False,網家,季線附近,收盤價距60日均線正負5%內。,28.641232
2026-07-17,,8096,near_ma60_pm5,305.622119,,61.150000,55.580000,-5.570000,-9.108749,200,1205243215.250000,-14.666667,-16.680228,1.689529,False,False,擎亞,季線附近,收盤價距60日均線正負5%內。,1205.243215
2026-07-17,,8109,near_ma60_pm5,702.966736,,70.570000,69.770000,-0.800000,-1.133626,100,113982300.400000,10.126582,-2.283789,4.651163,False,False,博大,季線附近,收盤價距60日均線正負5%內。,113.982300
2026-07-17,,8112,near_ma60_pm5,280.929464,,43.000000,39.080000,-3.920000,-9.116279,200,1720881193.650000,-11.784164,-7.392657,-4.394731,False,False,至上,季線附近,收盤價距60日均線正負5%內。,1720.881194
2026-07-17,,8131,near_ma60_pm5,202.261384,,73.240000,74.410000,1.170000,1.597488,400,771336007.100000,-7.003066,-6.790433,0.089513,False,False,福懋科,季線附近,收盤價距60日均線正負5%內。,771.336007
2026-07-17,,8162,near_ma60_pm5,70.132123,,62.130000,61.890000,-0.240000,-0.386287,1000,65538288.750000,-8.713693,-15.406306,-0.408220,False,False,微矽電子-創,季線附近,收盤價距60日均線正負5%內。,65.538289
2026-07-17,,8222,near_ma60_pm5,44.995178,,33.880000,33.010000,-0.870000,-2.567887,1000,110302166.050000,5.663576,-3.960822,1.406152,False,False,寶一,季線附近,收盤價距60日均線正負5%內。,110.302166
2026-07-17,,8341,near_ma60_pm5,117.088241,,48.760000,48.160000,-0.600000,-1.230517,600,22917319.550000,0.511231,0.338567,3.087417,False,False,日友,季線附近,收盤價距60日均線正負5%內。,22.917320
2026-07-17,,8422,near_ma60_pm5,583.230207,,45.460000,44.690000,-0.770000,-1.693797,100,356383768.200000,-5.108031,-5.003013,-3.538252,False,False,可寧衛*,季線附近,收盤價距60日均線正負5%內。,356.383768
2026-07-17,,8436,near_ma60_pm5,347.908241,,44.450000,43.940000,-0.510000,-1.147357,200,74481530.150000,-1.709402,0.000000,-2.666102,False,False,大江,季線附近,收盤價距60日均線正負5%內。,74.481530
2026-07-17,,8454,near_ma60_pm5,665.771020,,85.480000,84.700000,-0.780000,-0.912494,100,546070027.350000,-19.365079,-13.502469,0.239442,False,False,富邦媒,季線附近,收盤價距60日均線正負5%內。,546.070027
2026-07-17,,8473,near_ma60_pm5,63.242138,,66.460000,65.590000,-0.870000,-1.309058,1000,54265582.950000,-12.524851,-7.814792,-0.701484,False,False,山林水,季線附近,收盤價距60日均線正負5%內。,54.265583
2026-07-17,,8478,near_ma60_pm5,185.707582,,76.210000,77.030000,0.820000,1.075974,400,37384022.550000,-0.986842,-2.225110,-4.696570,False,False,東哥遊艇,季線附近,收盤價距60日均線正負5%內。,37.384023
2026-07-17,,8499,near_ma60_pm5,335.758787,,82.220000,83.150000,0.930000,1.131112,200,25803865.200000,-6.116248,-6.610425,-2.967734,False,False,鼎炫-KY,季線附近,收盤價距60日均線正負5%內。,25.803865
2026-07-17,,8926,near_ma60_pm5,247.492729,,61.470000,59.080000,-2.390000,-3.888075,400,700177023.300000,-15.106896,-11.606243,2.866432,False,False,台汽電,季線附近,收盤價距60日均線正負5%內。,700.177023
2026-07-17,,8936,near_ma60_pm5,131.067246,,30.060000,29.580000,-0.480000,-1.596806,600,390085220.600000,-5.626134,-9.486510,-3.967497,False,False,國統,季線附近,收盤價距60日均線正負5%內。,390.085221
2026-07-17,,9105,near_ma60_pm5,47.695251,,14.060000,14.020000,-0.040000,-0.284495,1000,457840453.950000,-11.684211,-8.466070,3.580247,False,False,泰金寶-DR,季線附近,收盤價距60日均線正負5%內。,457.840454
2026-07-17,,9802,near_ma60_pm5,136.658925,,60.000000,60.050000,0.050000,0.083333,600,44780147.300000,-5.025773,-0.673854,-3.639137,False,False,鈺齊-KY,季線附近,收盤價距60日均線正負5%內。,44.780147
2026-07-17,,9904,near_ma60_pm5,79.186117,,69.420000,65.000000,-4.420000,-6.367041,1000,713300046.600000,-1.892752,1.072851,0.150103,False,False,寶成,季線附近,收盤價距60日均線正負5%內。,713.300047
2026-07-17,,9907,near_ma60_pm5,35.474648,,71.310000,70.740000,-0.570000,-0.799327,1000,88226148.000000,-2.288095,-1.097102,-2.199007,False,False,統一實,季線附近,收盤價距60日均線正負5%內。,88.226148
2026-07-17,,9911,near_ma60_pm5,192.389371,,68.440000,68.430000,-0.010000,-0.014611,400,23966576.100000,1.085645,0.287219,0.779700,False,False,櫻花,季線附近,收盤價距60日均線正負5%內。,23.966576
2026-07-17,,9917,near_ma60_pm5,306.409451,,81.040000,80.270000,-0.770000,-0.950148,200,106352423.250000,-2.616732,1.729928,0.474600,False,False,中保科,季線附近,收盤價距60日均線正負5%內。,106.352423
2026-07-17,,9933,near_ma60_pm5,130.297211,,56.930000,59.060000,2.130000,3.741437,600,131960368.650000,-9.059233,-5.759162,-1.696972,False,False,中鼎,季線附近,收盤價距60日均線正負5%內。,131.960369
2026-07-17,,9938,near_ma60_pm5,143.489620,,49.460000,51.060000,1.600000,3.234937,600,69526212.450000,3.265766,1.696795,2.881505,False,False,百和,季線附近,收盤價距60日均線正負5%內。,69.526212
2026-07-17,,9941,near_ma60_pm5,415.582670,,72.350000,72.710000,0.360000,0.497581,200,104786607.200000,1.228501,1.290719,4.581800,False,False,裕融,季線附近,收盤價距60日均線正負5%內。,104.786607
2026-07-17,,9958,near_ma60_pm5,178.141319,,53.400000,53.730000,0.330000,0.617978,400,291712196.350000,-4.721030,-4.884319,1.069884,False,False,世紀鋼,季線附近,收盤價距60日均線正負5%內。,291.712196
2026-07-17,,1210,ma20_support_uptrend,270.907853,,67.360000,68.720000,1.360000,2.019002,200,171617285.050000,5.081670,2.260685,6.355621,False,False,大成,月線支撐,股價位於上彎月線上方5%內，且站在240日均線之上。,171.617285
2026-07-17,,1216,ma20_support_uptrend,263.118048,,88.970000,89.550000,0.580000,0.651905,400,1402510201.950000,5.263158,4.404568,8.018093,False,False,統一,月線支撐,股價位於上彎月線上方5%內，且站在240日均線之上。,1402.510202
2026-07-17,,1256,ma20_support_uptrend,466.955083,,69.260000,69.090000,-0.170000,-0.245452,200,24685719.550000,7.131972,1.439795,4.565895,False,False,鮮活果汁-KY,月線支撐,股價位於上彎月線上方5%內，且站在240日均線之上。,24.685720
2026-07-17,,1342,ma20_support_uptrend,166.487896,,58.290000,60.010000,1.720000,2.950763,400,79590910.400000,-1.287554,0.788782,11.182726,False,False,八貫,月線支撐,股價位於上彎月線上方5%內，且站在240日均線之上。,79.590910
2026-07-17,,1402,ma20_support_uptrend,89.097303,,86.590000,87.060000,0.470000,0.542788,800,746186791.900000,0.876872,2.020744,6.985063,False,False,遠東新,月線支撐,股價位於上彎月線上方5%內，且站在240日均線之上。,746.186792
2026-07-17,,1447,ma20_support_uptrend,13.913750,,66.540000,65.810000,-0.730000,-1.097084,1000,69998610.950000,33.770492,4.588567,27.812875,False,False,力鵬,月線支撐,股價位於上彎月線上方5%內，且站在240日均線之上。,69.998611
2026-07-17,,1466,ma20_support_uptrend,23.299003,,64.390000,61.730000,-2.660000,-4.131076,1000,46813815.750000,22.142857,3.856666,10.346311,False,False,聚隆,月線支撐,股價位於上彎月線上方5%內，且站在240日均線之上。,46.813816
2026-07-17,,1617,ma20_support_uptrend,38.453827,,70.130000,69.780000,-0.350000,-0.499073,1000,39580191.150000,31.402439,1.614995,24.118071,False,False,榮星,月線支撐,股價位於上彎月線上方5%內，且站在240日均線之上。,39.580191
2026-07-17,,1710,ma20_support_uptrend,43.084343,,55.950000,57.540000,1.590000,2.841823,1000,285807637.300000,20.146520,1.910828,15.438761,False,False,東聯,月線支撐,股價位於上彎月線上方5%內，且站在240日均線之上。,285.807637
2026-07-17,,1808,ma20_support_uptrend,650.847801,,84.190000,84.380000,0.190000,0.225680,100,42811401.600000,-0.617284,4.792124,7.036011,False,False,潤隆,月線支撐,股價位於上彎月線上方5%內，且站在240日均線之上。,42.811402
2026-07-17,,1907,ma20_support_uptrend,66.338302,,80.450000,81.270000,0.820000,1.019267,1000,63340616.200000,6.190314,4.340552,13.099642,False,False,永豐餘,月線支撐,股價位於上彎月線上方5%內，且站在240日均線之上。,63.340616
2026-07-17,,1909,ma20_support_uptrend,22.406475,,62.240000,62.790000,0.550000,0.883676,1000,55009188.800000,0.497512,0.362697,6.034890,False,False,榮成,月線支撐,股價位於上彎月線上方5%內，且站在240日均線之上。,55.009189
2026-07-17,,2006,ma20_support_uptrend,168.778804,,79.330000,79.580000,0.250000,0.315139,400,315868337.750000,0.862069,0.760729,3.570375,False,False,東和鋼鐵,月線支撐,股價位於上彎月線上方5%內，且站在240日均線之上。,315.868338
2026-07-17,,2031,ma20_support_uptrend,120.546564,,53.580000,54.140000,0.560000,1.045166,600,32330212.800000,0.639386,1.189328,3.504027,False,False,新光鋼,月線支撐,股價位於上彎月線上方5%內，且站在240日均線之上。,32.330213
2026-07-17,,2034,ma20_support_uptrend,94.915414,,44.310000,44.620000,0.310000,0.699616,800,30219145.850000,-1.471746,0.655081,0.703110,False,False,允強,月線支撐,股價位於上彎月線上方5%內，且站在240日均線之上。,30.219146
2026-07-17,,2059,ma20_support_uptrend,14358.854284,,82.680000,82.140000,-0.540000,-0.653120,100,4645708225.750000,19.184290,1.665432,31.765361,False,False,川湖,月線支撐,股價位於上彎月線上方5%內，且站在240日均線之上。,4645.708226
2026-07-17,,2103,ma20_support_uptrend,87.172875,,49.800000,51.900000,2.100000,4.216867,1000,203830238.500000,12.175002,4.133412,12.109522,False,False,台橡,月線支撐,股價位於上彎月線上方5%內，且站在240日均線之上。,203.830239
2026-07-17,,2206,ma20_support_uptrend,130.443450,,83.190000,83.650000,0.460000,0.552951,600,75436002.650000,2.584814,1.462012,4.990493,False,False,三陽工業,月線支撐,股價位於上彎月線上方5%內，且站在240日均線之上。,75.436003
2026-07-17,,2231,ma20_support_uptrend,490.845023,,71.390000,70.570000,-0.820000,-1.148620,200,238938463.250000,17.868676,2.681920,1.209274,False,False,為升,月線支撐,股價位於上彎月線上方5%內，且站在240日均線之上。,238.938463
2026-07-17,,2236,ma20_support_uptrend,315.357893,,81.630000,80.190000,-1.440000,-1.764057,200,144060586.050000,20.149254,1.369432,11.961057,False,False,百達-KY,月線支撐,股價位於上彎月線上方5%內，且站在240日均線之上。,144.060586
2026-07-17,,2332,ma20_support_uptrend,38.026955,,40.080000,35.870000,-4.210000,-10.503992,1000,694004262.850000,12.328767,1.409844,22.151050,False,False,友訊,月線支撐,股價位於上彎月線上方5%內，且站在240日均線之上。,694.004263
2026-07-17,,2377,ma20_support_uptrend,487.183894,,61.590000,67.210000,5.620000,9.124858,200,2388883440.700000,3.284672,0.283487,12.295646,False,False,微星,月線支撐,股價位於上彎月線上方5%內，且站在240日均線之上。,2388.883441
2026-07-17,,2395,ma20_support_uptrend,2021.687620,,92.270000,92.590000,0.320000,0.346808,100,1597782234.850000,7.241112,3.349656,10.882833,False,False,研華,月線支撐,股價位於上彎月線上方5%內，且站在240日均線之上。,1597.782235
2026-07-17,,2412,ma20_support_uptrend,345.716373,,81.150000,80.300000,-0.850000,-1.047443,200,2811989828.950000,-1.628789,1.187778,2.467566,False,False,中華電,月線支撐,股價位於上彎月線上方5%內，且站在240日均線之上。,2811.989829
2026-07-17,,2484,ma20_support_uptrend,193.732221,,31.140000,31.580000,0.440000,1.412974,400,3883293871.450000,16.115108,0.541955,35.736712,False,False,希華,月線支撐,股價位於上彎月線上方5%內，且站在240日均線之上。,3883.293871
2026-07-17,,2520,ma20_support_uptrend,109.535311,,68.440000,68.860000,0.420000,0.613676,800,88011728.300000,-1.244813,2.350917,10.134197,False,False,冠德,月線支撐,股價位於上彎月線上方5%內，且站在240日均線之上。,88.011728
2026-07-17,,2633,ma20_support_uptrend,35.418330,,84.390000,84.580000,0.190000,0.225145,1000,307204692.200000,3.745872,2.412972,4.000616,False,False,台灣高鐵,月線支撐,股價位於上彎月線上方5%內，且站在240日均線之上。,307.204692
2026-07-17,,2637,ma20_support_uptrend,254.093679,,81.480000,82.480000,1.000000,1.227295,400,263209306.750000,2.583979,2.312995,7.088142,False,False,慧洋-KY,月線支撐,股價位於上彎月線上方5%內，且站在240日均線之上。,263.209307
2026-07-17,,2801,ma20_support_uptrend,74.630138,,73.380000,73.780000,0.400000,0.545108,1000,707684199.150000,4.139434,1.540096,9.261305,False,False,彰銀,月線支撐,股價位於上彎月線上方5%內，且站在240日均線之上。,707.684199
2026-07-17,,2834,ma20_support_uptrend,44.348897,,55.520000,55.600000,0.080000,0.144092,1000,656252765.850000,2.266289,1.191310,6.883790,False,False,臺企銀,月線支撐,股價位於上彎月線上方5%內，且站在240日均線之上。,656.252766
2026-07-17,,2836,ma20_support_uptrend,29.963499,,82.110000,82.700000,0.590000,0.718548,1000,43932309.450000,2.439024,1.694915,4.247104,False,False,高雄銀,月線支撐,股價位於上彎月線上方5%內，且站在240日均線之上。,43.932309
2026-07-17,,2845,ma20_support_uptrend,32.548418,,69.270000,70.000000,0.730000,1.053847,1000,218968491.750000,0.751880,1.804368,6.454816,False,False,遠東銀,月線支撐,股價位於上彎月線上方5%內，且站在240日均線之上。,218.968492
2026-07-17,,2850,ma20_support_uptrend,551.120065,,76.680000,76.950000,0.270000,0.352113,100,45298474.650000,2.473498,0.852026,7.532696,False,False,新產,月線支撐,股價位於上彎月線上方5%內，且站在240日均線之上。,45.298475
2026-07-17,,2867,ma20_support_uptrend,14.987968,,81.420000,82.400000,0.980000,1.203635,1000,140727396.700000,4.176334,3.641295,10.595673,False,False,三商壽,月線支撐,股價位於上彎月線上方5%內，且站在240日均線之上。,140.727397
2026-07-17,,2883,ma20_support_uptrend,76.101994,,63.930000,63.840000,-0.090000,-0.140779,1000,2203623636.500000,2.805034,2.191678,20.378485,False,False,凱基金,月線支撐,股價位於上彎月線上方5%內，且站在240日均線之上。,2203.623636
2026-07-17,,2884,ma20_support_uptrend,164.512339,,72.210000,72.660000,0.450000,0.623182,400,2059723374.100000,3.061516,2.957825,9.325124,False,False,玉山金,月線支撐,股價位於上彎月線上方5%內，且站在240日均線之上。,2059.723374
2026-07-17,,2886,ma20_support_uptrend,137.679008,,82.170000,82.520000,0.350000,0.425946,600,2022827876.200000,5.543237,3.080505,11.879346,False,False,兆豐金,月線支撐,股價位於上彎月線上方5%內，且站在240日均線之上。,2022.827876
2026-07-17,,2887,ma20_support_uptrend,136.176284,,72.480000,72.990000,0.510000,0.703642,600,2641336160.350000,9.049080,4.604973,25.785051,False,False,台新新光金,月線支撐,股價位於上彎月線上方5%內，且站在240日均線之上。,2641.336160
2026-07-17,,2889,ma20_support_uptrend,53.558257,,71.620000,71.150000,-0.470000,-0.656241,1000,131178353.050000,3.289474,2.866503,5.198504,False,False,國票金,月線支撐,股價位於上彎月線上方5%內，且站在240日均線之上。,131.178353
2026-07-17,,2892,ma20_support_uptrend,137.377748,,68.830000,69.520000,0.690000,1.002470,600,1519070799.400000,4.923077,3.216042,12.371276,False,False,第一金,月線支撐,股價位於上彎月線上方5%內，且站在240日均線之上。,1519.070799
2026-07-17,,2903,ma20_support_uptrend,69.925008,,77.210000,76.780000,-0.430000,-0.556923,1000,70681597.400000,-2.134647,0.960405,3.546996,False,False,遠百,月線支撐,股價位於上彎月線上方5%內，且站在240日均線之上。,70.681597
2026-07-17,,2912,ma20_support_uptrend,569.549851,,88.030000,88.590000,0.560000,0.636147,100,863161257.050000,6.113537,4.471195,6.563368,False,False,統一超,月線支撐,股價位於上彎月線上方5%內，且站在240日均線之上。,863.161257
2026-07-17,,2915,ma20_support_uptrend,102.695765,,64.000000,64.440000,0.440000,0.687500,800,230606024.050000,0.763359,1.265823,10.514198,False,False,潤泰全,月線支撐,股價位於上彎月線上方5%內，且站在240日均線之上。,230.606024
2026-07-17,,3532,ma20_support_uptrend,392.247432,,92.920000,92.830000,-0.090000,-0.096858,200,2470404219.200000,7.436867,3.939574,36.949732,True,True,台勝科,月線支撐,股價位於上彎月線上方5%內，且站在240日均線之上。,2470.404219
2026-07-17,,4105,ma20_support_uptrend,404.694225,,54.790000,55.830000,1.040000,1.898157,200,77329408.150000,5.563094,1.732592,3.901885,False,False,東洋,月線支撐,股價位於上彎月線上方5%內，且站在240日均線之上。,77.329408
2026-07-17,,4114,ma20_support_uptrend,155.084651,,39.830000,39.770000,-0.060000,-0.150640,600,59632717.300000,6.515152,2.423744,5.371536,False,False,健喬,月線支撐,股價位於上彎月線上方5%內，且站在240日均線之上。,59.632717
2026-07-17,,4167,ma20_support_uptrend,22.583654,,33.560000,34.340000,0.780000,2.324195,1000,28445332.550000,4.030227,1.374570,4.685058,False,False,松瑞藥,月線支撐,股價位於上彎月線上方5%內，且站在240日均線之上。,28.445333
2026-07-17,,4536,ma20_support_uptrend,292.648802,,65.210000,65.680000,0.470000,0.720748,200,67338655.000000,5.225878,2.867798,7.721456,False,False,拓凱,月線支撐,股價位於上彎月線上方5%內，且站在240日均線之上。,67.338655
2026-07-17,,4590,ma20_support_uptrend,90.269058,,41.780000,39.370000,-2.410000,-5.768310,800,48444471.300000,15.729562,4.637377,14.885856,False,False,富田-創,月線支撐,股價位於上彎月線上方5%內，且站在240日均線之上。,48.444471
2026-07-17,,4904,ma20_support_uptrend,247.578149,,93.690000,93.430000,-0.260000,-0.277511,400,2432138870.050000,-2.332818,2.820563,6.474647,False,False,遠傳,月線支撐,股價位於上彎月線上方5%內，且站在240日均線之上。,2432.138870
2026-07-17,,5210,ma20_support_uptrend,39.692249,,35.910000,36.000000,0.090000,0.250627,1000,22115437.200000,3.035413,0.791818,7.991870,False,False,寶碩,月線支撐,股價位於上彎月線上方5%內，且站在240日均線之上。,22.115437
2026-07-17,,5288,ma20_support_uptrend,297.443394,,74.830000,75.210000,0.380000,0.507818,200,29319044.550000,-3.403141,0.312627,8.079082,False,False,豐祥-KY,月線支撐,股價位於上彎月線上方5%內，且站在240日均線之上。,29.319045
2026-07-17,,5515,ma20_support_uptrend,212.705671,,69.920000,69.850000,-0.070000,-0.100114,400,24431776.300000,4.968687,2.892788,8.098178,False,False,建國,月線支撐,股價位於上彎月線上方5%內，且站在240日均線之上。,24.431776
2026-07-17,,5534,ma20_support_uptrend,504.028317,,73.080000,72.900000,-0.180000,-0.246305,200,70919239.550000,-4.694836,1.971619,3.803132,False,False,長虹,月線支撐,股價位於上彎月線上方5%內，且站在240日均線之上。,70.919240
2026-07-17,,5871,ma20_support_uptrend,323.019280,,72.970000,73.830000,0.860000,1.178567,200,978960064.050000,3.913043,2.950678,4.109191,False,False,中租-KY,月線支撐,股價位於上彎月線上方5%內，且站在240日均線之上。,978.960064
2026-07-17,,5880,ma20_support_uptrend,69.087980,,69.280000,69.910000,0.630000,0.909353,1000,515102109.650000,2.424242,1.735728,6.759318,False,False,合庫金,月線支撐,股價位於上彎月線上方5%內，且站在240日均線之上。,515.102110
2026-07-17,,6023,ma20_support_uptrend,356.646945,,88.550000,87.890000,-0.660000,-0.745342,200,127707997.150000,4.402452,2.479085,4.585877,False,False,元大期貨,月線支撐,股價位於上彎月線上方5%內，且站在240日均線之上。,127.707997
2026-07-17,,6024,ma20_support_uptrend,256.321710,,68.790000,68.910000,0.120000,0.174444,400,27041420.800000,3.531300,3.002236,8.479327,False,False,群益期,月線支撐,股價位於上彎月線上方5%內，且站在240日均線之上。,27.041421
2026-07-17,,6122,ma20_support_uptrend,117.994618,,28.290000,29.690000,1.400000,4.948745,600,29253515.050000,7.889126,1.606426,4.050997,False,False,擎邦,月線支撐,股價位於上彎月線上方5%內，且站在240日均線之上。,29.253515
2026-07-17,,6177,ma20_support_uptrend,364.177079,,79.170000,79.350000,0.180000,0.227359,200,90995925.700000,-1.554404,2.830546,4.290550,False,False,達麗,月線支撐,股價位於上彎月線上方5%內，且站在240日均線之上。,90.995926
2026-07-17,,6182,ma20_support_uptrend,246.414667,,43.470000,42.430000,-1.040000,-2.392455,400,16234756210.700001,31.140351,3.174603,58.469366,False,False,合晶,月線支撐,股價位於上彎月線上方5%內，且站在240日均線之上。,16234.756211
2026-07-17,,6214,ma20_support_uptrend,380.700137,,61.180000,60.540000,-0.640000,-1.046093,200,278655999.100000,1.481481,1.614806,6.335720,False,False,精誠,月線支撐,股價位於上彎月線上方5%內，且站在240日均線之上。,278.655999
2026-07-17,,6226,ma20_support_uptrend,23.800942,,17.420000,24.860000,7.440000,42.709529,1000,155332586.500000,81.854839,4.628233,43.951484,True,True,光鼎,月線支撐,股價位於上彎月線上方5%內，且站在240日均線之上。,155.332586
2026-07-17,,6414,ma20_support_uptrend,634.125987,,76.860000,77.610000,0.750000,0.975800,100,637971314.950000,6.612686,3.484412,11.413801,False,False,樺漢,月線支撐,股價位於上彎月線上方5%內，且站在240日均線之上。,637.971315
2026-07-17,,6446,ma20_support_uptrend,1472.560614,,71.980000,71.940000,-0.040000,-0.055571,100,4348902897.550000,31.177357,0.689769,35.542671,False,False,藥華藥,月線支撐,股價位於上彎月線上方5%內，且站在240日均線之上。,4348.902898
2026-07-17,,6488,ma20_support_uptrend,1836.732294,,88.600000,88.420000,-0.180000,-0.203160,100,9268107088.900000,13.109399,4.205305,35.823027,False,False,環球晶,月線支撐,股價位於上彎月線上方5%內，且站在240日均線之上。,9268.107089
2026-07-17,,6517,ma20_support_uptrend,78.163157,,17.960000,17.960000,0.000000,0.000000,1000,118068482.800000,-5.979644,4.099169,14.090161,False,False,保勝光學,月線支撐,股價位於上彎月線上方5%內，且站在240日均線之上。,118.068483
2026-07-17,,6538,ma20_support_uptrend,251.972345,,29.860000,36.770000,6.910000,23.141326,400,225908831.300000,32.541143,2.414925,25.001364,False,False,倉和,月線支撐,股價位於上彎月線上方5%內，且站在240日均線之上。,225.908831
2026-07-17,,6592,ma20_support_uptrend,97.425936,,77.430000,77.170000,-0.260000,-0.335787,800,69418863.950000,-0.004139,0.329101,3.316815,False,False,和潤企業,月線支撐,股價位於上彎月線上方5%內，且站在240日均線之上。,69.418864
2026-07-17,,6670,ma20_support_uptrend,414.966874,,84.670000,83.430000,-1.240000,-1.464509,200,218779023.000000,-8.545413,0.382010,2.316072,False,False,復盛應用,月線支撐,股價位於上彎月線上方5%內，且站在240日均線之上。,218.779023
2026-07-17,,7777,ma20_support_uptrend,42.784139,,64.980000,62.980000,-2.000000,-3.077870,1000,187797236.600000,-2.652699,1.779733,15.950355,False,False,能率亞洲,月線支撐,股價位於上彎月線上方5%內，且站在240日均線之上。,187.797237
2026-07-17,,7818,ma20_support_uptrend,68.600000,,87.730000,88.660000,0.930000,1.060071,1000,21234734.650000,11.183144,2.771536,4.606546,False,False,溢泰實業,月線支撐,股價位於上彎月線上方5%內，且站在240日均線之上。,21.234735
2026-07-17,,8046,ma20_support_uptrend,2335.581300,,86.830000,90.740000,3.910000,4.503052,100,23198543562.349998,30.216207,2.864754,20.081882,True,True,南電,月線支撐,股價位於上彎月線上方5%內，且站在240日均線之上。,23198.543562
2026-07-17,,8150,ma20_support_uptrend,183.223527,,68.300000,75.730000,7.430000,10.878477,400,7874925137.100000,17.889301,3.374551,18.872665,False,False,南茂,月線支撐,股價位於上彎月線上方5%內，且站在240日均線之上。,7874.925137
2026-07-17,,8341,ma20_support_uptrend,117.088241,,48.760000,48.160000,-0.600000,-1.230517,600,22917319.550000,0.511231,0.338567,3.087417,False,False,日友,月線支撐,股價位於上彎月線上方5%內，且站在240日均線之上。,22.917320
2026-07-17,,8415,ma20_support_uptrend,57.678132,,89.410000,89.460000,0.050000,0.055922,1000,25622941.150000,5.767348,3.991965,6.282468,False,False,大國鋼,月線支撐,股價位於上彎月線上方5%內，且站在240日均線之上。,25.622941
2026-07-17,,8476,ma20_support_uptrend,65.957302,,58.490000,62.040000,3.550000,6.069414,1000,45324151.000000,21.447985,1.811923,24.969327,False,False,台境*,月線支撐,股價位於上彎月線上方5%內，且站在240日均線之上。,45.324151
2026-07-17,,8932,ma20_support_uptrend,530.130056,,83.920000,84.370000,0.450000,0.536225,200,755689970.050000,17.000000,4.604381,14.308046,False,False,智通*,月線支撐,股價位於上彎月線上方5%內，且站在240日均線之上。,755.689970
2026-07-17,,9911,ma20_support_uptrend,192.389371,,68.440000,68.430000,-0.010000,-0.014611,400,23966576.100000,1.085645,0.287219,0.779700,False,False,櫻花,月線支撐,股價位於上彎月線上方5%內，且站在240日均線之上。,23.966576
2026-07-17,,9939,ma20_support_uptrend,343.185017,,65.610000,66.290000,0.680000,1.036427,200,242104886.600000,-1.718261,1.572989,5.793039,False,False,宏全,月線支撐,股價位於上彎月線上方5%內，且站在240日均線之上。,242.104887
2026-07-17,,2412,ma20_reclaim_uptrend,345.716373,,81.150000,80.300000,-0.850000,-1.047443,200,2811989828.950000,-1.628789,1.187778,2.467566,False,False,中華電,月線重新站回,股價由月線下方重新站回，月線上彎且站在240日均線之上。,2811.989829
2026-07-17,,6517,ma20_reclaim_uptrend,78.163157,,17.960000,17.960000,0.000000,0.000000,1000,118068482.800000,-5.979644,4.099169,14.090161,False,False,保勝光學,月線重新站回,股價由月線下方重新站回，月線上彎且站在240日均線之上。,118.068483
2026-07-17,,1256,ma60_support_uptrend,466.955083,,69.260000,69.090000,-0.170000,-0.245452,200,24685719.550000,7.131972,1.439795,4.565895,False,False,鮮活果汁-KY,季線支撐,股價位於上彎季線上方5%內，且站在240日均線之上。,24.685720
2026-07-17,,1307,ma60_support_uptrend,129.932532,,81.110000,80.150000,-0.960000,-1.183578,600,41913607.850000,-5.405784,-2.256702,2.175349,False,False,三芳,季線支撐,股價位於上彎季線上方5%內，且站在240日均線之上。,41.913608
2026-07-17,,1312,ma60_support_uptrend,21.390015,,45.210000,56.120000,10.910000,24.131829,1000,330132133.150000,-3.018868,-6.934637,1.697598,False,False,國喬,季線支撐,股價位於上彎季線上方5%內，且站在240日均線之上。,330.132133
2026-07-17,,1455,ma60_support_uptrend,15.564318,,63.020000,62.620000,-0.400000,-0.634719,1000,32478691.300000,-5.122048,-5.324151,2.570900,False,False,集盛,季線支撐,股價位於上彎季線上方5%內，且站在240日均線之上。,32.478691
2026-07-17,,1773,ma60_support_uptrend,893.845547,,82.240000,82.390000,0.150000,0.182393,100,119575163.750000,0.000000,-0.328431,0.649618,False,False,勝一,季線支撐,股價位於上彎季線上方5%內，且站在240日均線之上。,119.575164
2026-07-17,,1905,ma60_support_uptrend,23.072398,,69.550000,69.250000,-0.300000,-0.431344,1000,224106746.100000,-7.717042,-11.610718,3.255981,False,False,華紙,季線支撐,股價位於上彎季線上方5%內，且站在240日均線之上。,224.106746
2026-07-17,,2027,ma60_support_uptrend,168.032632,,73.930000,74.270000,0.340000,0.459894,400,625557047.500000,1.329989,3.375597,3.807056,False,False,大成鋼,季線支撐,股價位於上彎季線上方5%內，且站在240日均線之上。,625.557047
2026-07-17,,2031,ma60_support_uptrend,120.546564,,53.580000,54.140000,0.560000,1.045166,600,32330212.800000,0.639386,1.189328,3.504027,False,False,新光鋼,季線支撐,股價位於上彎季線上方5%內，且站在240日均線之上。,32.330213
2026-07-17,,2206,ma60_support_uptrend,130.443450,,83.190000,83.650000,0.460000,0.552951,600,75436002.650000,2.584814,1.462012,4.990493,False,False,三陽工業,季線支撐,股價位於上彎季線上方5%內，且站在240日均線之上。,75.436003
2026-07-17,,2324,ma60_support_uptrend,131.080578,,62.140000,61.100000,-1.040000,-1.673640,600,2061874666.800000,-3.485255,0.194823,4.795866,False,False,仁寶,季線支撐,股價位於上彎季線上方5%內，且站在240日均線之上。,2061.874667
2026-07-17,,2344,ma60_support_uptrend,204.527806,,74.460000,69.810000,-4.650000,-6.244964,400,38552643245.099998,-22.110553,-18.259723,1.609361,False,False,華邦電,季線支撐,股價位於上彎季線上方5%內，且站在240日均線之上。,38552.643245
2026-07-17,,2347,ma60_support_uptrend,377.630672,,90.460000,90.590000,0.130000,0.143710,200,874516683.200000,-3.084608,-2.157770,2.210378,False,False,聯強,季線支撐,股價位於上彎季線上方5%內，且站在240日均線之上。,874.516683
2026-07-17,,2352,ma60_support_uptrend,37.829540,,43.220000,43.980000,0.760000,1.758445,1000,768575584.850000,-1.298701,-4.619970,4.659169,False,False,佳世達,季線支撐,股價位於上彎季線上方5%內，且站在240日均線之上。,768.575585
2026-07-17,,2357,ma60_support_uptrend,533.554666,,81.650000,80.200000,-1.450000,-1.775873,100,3951554846.400000,-7.262659,0.916175,3.719838,False,False,華碩,季線支撐,股價位於上彎季線上方5%內，且站在240日均線之上。,3951.554846
2026-07-17,,2369,ma60_support_uptrend,75.954085,,31.910000,32.800000,0.890000,2.789094,1000,1428513529.000000,4.057971,-11.423637,1.484099,False,False,菱生,季線支撐,股價位於上彎季線上方5%內，且站在240日均線之上。,1428.513529
2026-07-17,,2404,ma60_support_uptrend,4752.825148,,67.760000,69.140000,1.380000,2.036600,100,3889356763.250000,-6.463353,-6.690903,3.112954,False,False,漢唐,季線支撐,股價位於上彎季線上方5%內，且站在240日均線之上。,3889.356763
2026-07-17,,2412,ma60_support_uptrend,345.716373,,81.150000,80.300000,-0.850000,-1.047443,200,2811989828.950000,-1.628789,1.187778,2.467566,False,False,中華電,季線支撐,股價位於上彎季線上方5%內，且站在240日均線之上。,2811.989829
2026-07-17,,2428,ma60_support_uptrend,737.666907,,74.720000,74.530000,-0.190000,-0.254283,100,810426377.100000,-11.705686,-13.732538,2.461270,False,False,興勤,季線支撐,股價位於上彎季線上方5%內，且站在240日均線之上。,810.426377
2026-07-17,,2458,ma60_support_uptrend,354.288985,,63.430000,64.630000,1.200000,1.891849,200,1674884815.300000,5.111821,-7.843137,2.914342,False,False,義隆,季線支撐,股價位於上彎季線上方5%內，且站在240日均線之上。,1674.884815
2026-07-17,,2481,ma60_support_uptrend,295.164928,,67.230000,68.620000,1.390000,2.067529,200,3857610341.900000,4.123711,-19.926004,2.078631,False,False,強茂,季線支撐,股價位於上彎季線上方5%內，且站在240日均線之上。,3857.610342
2026-07-17,,2535,ma60_support_uptrend,310.715328,,66.550000,66.420000,-0.130000,-0.195342,200,34862368.650000,-10.548087,-4.556990,4.093544,False,False,達欣工,季線支撐,股價位於上彎季線上方5%內，且站在240日均線之上。,34.862369
2026-07-17,,2542,ma60_support_uptrend,668.844402,,70.950000,70.740000,-0.210000,-0.295983,100,412401749.700000,-4.730473,-0.178664,1.898337,False,False,興富發,季線支撐,股價位於上彎季線上方5%內，且站在240日均線之上。,412.401750
2026-07-17,,2547,ma60_support_uptrend,31.966691,,62.900000,63.410000,0.510000,0.810811,1000,48774634.800000,-0.892857,-0.493052,4.546025,False,False,日勝生,季線支撐,股價位於上彎季線上方5%內，且站在240日均線之上。,48.774635
2026-07-17,,2597,ma60_support_uptrend,1257.641841,,86.770000,86.850000,0.080000,0.092198,100,62090004.900000,-5.459770,-2.315914,1.804453,False,False,潤弘,季線支撐,股價位於上彎季線上方5%內，且站在240日均線之上。,62.090005
2026-07-17,,2603,ma60_support_uptrend,385.001767,,73.600000,72.990000,-0.610000,-0.828804,200,2917436216.500000,2.061856,3.583573,1.126553,False,False,長榮,季線支撐,股價位於上彎季線上方5%內，且站在240日均線之上。,2917.436216
2026-07-17,,2615,ma60_support_uptrend,283.402450,,86.370000,86.460000,0.090000,0.104203,200,663317389.900000,2.597913,2.149031,3.036498,False,False,萬海,季線支撐,股價位於上彎季線上方5%內，且站在240日均線之上。,663.317390
2026-07-17,,2820,ma60_support_uptrend,57.431754,,62.640000,62.340000,-0.300000,-0.478927,1000,58416557.850000,-2.920812,-2.373887,0.378268,False,False,華票,季線支撐,股價位於上彎季線上方5%內，且站在240日均線之上。,58.416558
2026-07-17,,2836,ma60_support_uptrend,29.963499,,82.110000,82.700000,0.590000,0.718548,1000,43932309.450000,2.439024,1.694915,4.247104,False,False,高雄銀,季線支撐,股價位於上彎季線上方5%內，且站在240日均線之上。,43.932309
2026-07-17,,2838,ma60_support_uptrend,45.452274,,89.120000,88.850000,-0.270000,-0.302962,1000,71564607.950000,-1.148254,-3.408174,3.520138,False,False,聯邦銀,季線支撐,股價位於上彎季線上方5%內，且站在240日均線之上。,71.564608
2026-07-17,,2891,ma60_support_uptrend,243.910891,,82.130000,81.810000,-0.320000,-0.389626,400,3935132844.850000,-9.290968,-7.517728,2.543050,False,False,中信金,季線支撐,股價位於上彎季線上方5%內，且站在240日均線之上。,3935.132845
2026-07-17,,2897,ma60_support_uptrend,14.661623,,81.180000,81.240000,0.060000,0.073910,1000,44709615.750000,-1.421801,-1.117186,1.214903,False,False,王道銀行,季線支撐,股價位於上彎季線上方5%內，且站在240日均線之上。,44.709616
2026-07-17,,2903,ma60_support_uptrend,69.925008,,77.210000,76.780000,-0.430000,-0.556923,1000,70681597.400000,-2.134647,0.960405,3.546996,False,False,遠百,季線支撐,股價位於上彎季線上方5%內，且站在240日均線之上。,70.681597
2026-07-17,,3015,ma60_support_uptrend,262.054211,,62.500000,63.800000,1.300000,2.080000,400,219175047.750000,-7.907743,-11.787912,0.356718,False,False,全漢,季線支撐,股價位於上彎季線上方5%內，且站在240日均線之上。,219.175048
2026-07-17,,3022,ma60_support_uptrend,261.558547,,61.880000,62.630000,0.750000,1.212023,400,215709396.650000,-5.017921,-6.651794,2.045182,False,False,威強電,季線支撐,股價位於上彎季線上方5%內，且站在240日均線之上。,215.709397
2026-07-17,,3024,ma60_support_uptrend,24.242671,,36.570000,35.920000,-0.650000,-1.777413,1000,27361888.550000,15.454694,14.570212,4.473801,False,False,憶聲,季線支撐,股價位於上彎季線上方5%內，且站在240日均線之上。,27.361889
2026-07-17,,3033,ma60_support_uptrend,298.066189,,45.390000,50.150000,4.760000,10.486891,200,668507502.950000,-0.204499,-3.083263,3.165795,False,False,威健,季線支撐,股價位於上彎季線上方5%內，且站在240日均線之上。,668.507503
2026-07-17,,3045,ma60_support_uptrend,233.665511,,92.500000,92.300000,-0.200000,-0.216216,400,1939069530.050000,-2.854045,-0.929648,0.798568,False,False,台灣大,季線支撐,股價位於上彎季線上方5%內，且站在240日均線之上。,1939.069530
2026-07-17,,3046,ma60_support_uptrend,14.872723,,45.400000,45.400000,0.000000,0.000000,1000,42752379.000000,-2.866600,-1.420706,1.854466,False,False,建碁,季線支撐,股價位於上彎季線上方5%內，且站在240日均線之上。,42.752379
2026-07-17,,3066,ma60_support_uptrend,12.193433,,68.220000,67.730000,-0.490000,-0.718264,1000,48598018.350000,7.246377,-11.022044,2.873031,False,False,李洲,季線支撐,股價位於上彎季線上方5%內，且站在240日均線之上。,48.598018
2026-07-17,,3213,ma60_support_uptrend,649.039780,,41.800000,43.540000,1.740000,4.162679,100,119420201.050000,-6.160790,-6.087952,1.251454,False,False,茂訊,季線支撐,股價位於上彎季線上方5%內，且站在240日均線之上。,119.420201
2026-07-17,,3402,ma60_support_uptrend,517.405416,,34.100000,37.920000,3.820000,11.202346,200,203578615.150000,4.301075,-1.070882,2.314679,False,False,漢科,季線支撐,股價位於上彎季線上方5%內，且站在240日均線之上。,203.578615
2026-07-17,,3556,ma60_support_uptrend,269.479128,,21.920000,20.780000,-1.140000,-5.200730,200,129490434.750000,-16.492147,-10.675534,1.563873,False,False,禾瑞亞,季線支撐,股價位於上彎季線上方5%內，且站在240日均線之上。,129.490435
2026-07-17,,3706,ma60_support_uptrend,236.830644,,52.760000,52.890000,0.130000,0.246399,400,1781654476.950000,2.317497,-0.186514,1.845444,False,False,神達,季線支撐,股價位於上彎季線上方5%內，且站在240日均線之上。,1781.654477
2026-07-17,,4105,ma60_support_uptrend,404.694225,,54.790000,55.830000,1.040000,1.898157,200,77329408.150000,5.563094,1.732592,3.901885,False,False,東洋,季線支撐,股價位於上彎季線上方5%內，且站在240日均線之上。,77.329408
2026-07-17,,4532,ma60_support_uptrend,75.611482,,64.270000,65.470000,1.200000,1.867123,1000,106957224.600000,2.277433,-5.282332,0.974314,False,False,瑞智,季線支撐,股價位於上彎季線上方5%內，且站在240日均線之上。,106.957225
2026-07-17,,4771,ma60_support_uptrend,203.946820,,59.330000,59.640000,0.310000,0.522501,400,49986287.850000,4.825737,-2.530226,0.449583,False,False,望隼,季線支撐,股價位於上彎季線上方5%內，且站在240日均線之上。,49.986288
2026-07-17,,4923,ma60_support_uptrend,69.077714,,21.130000,23.330000,2.200000,10.411737,1000,99938283.050000,-6.857143,-17.690624,4.260687,False,False,力士,季線支撐,股價位於上彎季線上方5%內，且站在240日均線之上。,99.938283
2026-07-17,,4938,ma60_support_uptrend,186.069276,,77.820000,77.530000,-0.290000,-0.372655,400,1294461883.250000,-0.963855,-0.832429,0.069692,False,False,和碩,季線支撐,股價位於上彎季線上方5%內，且站在240日均線之上。,1294.461883
2026-07-17,,4958,ma60_support_uptrend,1006.456476,,82.010000,80.530000,-1.480000,-1.804658,100,24077348956.650002,-18.466354,-12.503149,2.633696,False,False,臻鼎-KY,季線支撐,股價位於上彎季線上方5%內，且站在240日均線之上。,24077.348957
2026-07-17,,5011,ma60_support_uptrend,3.166010,,34.150000,38.230000,4.080000,11.947291,1000,47257133.850000,-6.310680,-17.776121,2.319417,False,False,久陽,季線支撐,股價位於上彎季線上方5%內，且站在240日均線之上。,47.257134
2026-07-17,,5285,ma60_support_uptrend,158.760792,,59.800000,59.500000,-0.300000,-0.501672,600,538784150.300000,-4.137225,-12.689334,3.384772,False,False,界霖,季線支撐,股價位於上彎季線上方5%內，且站在240日均線之上。,538.784150
2026-07-17,,5347,ma60_support_uptrend,393.983833,,87.940000,87.140000,-0.800000,-0.909711,200,6875005490.600000,3.918204,-9.841506,0.680951,False,False,世界,季線支撐,股價位於上彎季線上方5%內，且站在240日均線之上。,6875.005491
2026-07-17,,5351,ma60_support_uptrend,61.034617,,31.220000,34.100000,2.880000,9.224856,1000,2965957489.750000,-4.347826,-4.139434,4.020962,False,False,鈺創,季線支撐,股價位於上彎季線上方5%內，且站在240日均線之上。,2965.957490
2026-07-17,,5426,ma60_support_uptrend,61.629560,,54.390000,52.770000,-1.620000,-2.978489,1000,70012228.400000,-29.624665,-17.885352,2.672751,False,False,振發,季線支撐,股價位於上彎季線上方5%內，且站在240日均線之上。,70.012228
2026-07-17,,5471,ma60_support_uptrend,218.146767,,29.620000,30.170000,0.550000,1.856853,400,387397711.100000,-9.590139,-8.796890,4.816214,False,False,松翰,季線支撐,股價位於上彎季線上方5%內，且站在240日均線之上。,387.397711
2026-07-17,,5489,ma60_support_uptrend,134.747781,,82.700000,82.630000,-0.070000,-0.084643,600,33869886.500000,9.080189,-20.330735,0.387078,False,False,彩富,季線支撐,股價位於上彎季線上方5%內，且站在240日均線之上。,33.869886
2026-07-17,,5490,ma60_support_uptrend,74.915752,,26.710000,27.800000,1.090000,4.080869,1000,31916552.250000,2.244324,-1.021567,3.210934,False,False,同亨,季線支撐,股價位於上彎季線上方5%內，且站在240日均線之上。,31.916552
2026-07-17,,5522,ma60_support_uptrend,297.384161,,90.810000,90.410000,-0.400000,-0.440480,200,121173885.850000,-1.633333,3.367349,2.457372,False,False,遠雄,季線支撐,股價位於上彎季線上方5%內，且站在240日均線之上。,121.173886
2026-07-17,,5534,ma60_support_uptrend,504.028317,,73.080000,72.900000,-0.180000,-0.246305,200,70919239.550000,-4.694836,1.971619,3.803132,False,False,長虹,季線支撐,股價位於上彎季線上方5%內，且站在240日均線之上。,70.919240
2026-07-17,,5871,ma60_support_uptrend,323.019280,,72.970000,73.830000,0.860000,1.178567,200,978960064.050000,3.913043,2.950678,4.109191,False,False,中租-KY,季線支撐,股價位於上彎季線上方5%內，且站在240日均線之上。,978.960064
2026-07-17,,6023,ma60_support_uptrend,356.646945,,88.550000,87.890000,-0.660000,-0.745342,200,127707997.150000,4.402452,2.479085,4.585877,False,False,元大期貨,季線支撐,股價位於上彎季線上方5%內，且站在240日均線之上。,127.707997
2026-07-17,,6116,ma60_support_uptrend,10.938940,,44.650000,39.990000,-4.660000,-10.436730,1000,2360605889.100000,-17.808219,-16.352990,3.568511,False,False,彩晶,季線支撐,股價位於上彎季線上方5%內，且站在240日均線之上。,2360.605889
2026-07-17,,6139,ma60_support_uptrend,2800.137865,,78.230000,77.660000,-0.570000,-0.728621,100,4505110842.900000,-0.868486,-8.722225,1.419535,False,False,亞翔,季線支撐,股價位於上彎季線上方5%內，且站在240日均線之上。,4505.110843
2026-07-17,,6166,ma60_support_uptrend,467.787520,,81.780000,81.300000,-0.480000,-0.586941,200,290484963.500000,-15.516859,-13.054568,0.166689,False,False,凌華,季線支撐,股價位於上彎季線上方5%內，且站在240日均線之上。,290.484963
2026-07-17,,6435,ma60_support_uptrend,490.948328,,61.420000,58.510000,-2.910000,-4.737870,200,831996386.450000,0.346021,-18.067524,3.586843,False,False,大中,季線支撐,股價位於上彎季線上方5%內，且站在240日均線之上。,831.996386
2026-07-17,,6509,ma60_support_uptrend,82.753340,,28.780000,29.100000,0.320000,1.111883,1000,184757454.050000,1.797040,-5.309735,0.354314,False,False,聚和,季線支撐,股價位於上彎季線上方5%內，且站在240日均線之上。,184.757454
2026-07-17,,6548,ma60_support_uptrend,2587.025013,,91.540000,90.030000,-1.510000,-1.649552,100,1241843365.300000,-17.508418,-14.390542,2.696101,False,False,長科*,季線支撐,股價位於上彎季線上方5%內，且站在240日均線之上。,1241.843365
2026-07-17,,6592,ma60_support_uptrend,97.425936,,77.430000,77.170000,-0.260000,-0.335787,800,69418863.950000,-0.004139,0.329101,3.316815,False,False,和潤企業,季線支撐,股價位於上彎季線上方5%內，且站在240日均線之上。,69.418864
2026-07-17,,6670,ma60_support_uptrend,414.966874,,84.670000,83.430000,-1.240000,-1.464509,200,218779023.000000,-8.545413,0.382010,2.316072,False,False,復盛應用,季線支撐,股價位於上彎季線上方5%內，且站在240日均線之上。,218.779023
2026-07-17,,6672,ma60_support_uptrend,344.443554,,31.750000,37.490000,5.740000,18.078740,200,1733851640.300000,6.401766,-13.997680,3.329999,False,False,騰輝電子-KY,季線支撐,股價位於上彎季線上方5%內，且站在240日均線之上。,1733.851640
2026-07-17,,6691,ma60_support_uptrend,1562.355446,,81.690000,81.380000,-0.310000,-0.379483,100,876377605.950000,0.142248,-5.389061,3.344506,False,False,洋基工程,季線支撐,股價位於上彎季線上方5%內，且站在240日均線之上。,876.377606
2026-07-17,,6753,ma60_support_uptrend,149.495154,,56.630000,60.380000,3.750000,6.621932,600,695452133.550000,16.806723,-0.926586,4.373944,False,False,龍德造船,季線支撐,股價位於上彎季線上方5%內，且站在240日均線之上。,695.452134
2026-07-17,,6770,ma60_support_uptrend,72.549754,,46.010000,45.420000,-0.590000,-1.282330,1000,19147518014.400002,-1.851852,-8.578253,0.014516,False,False,力積電,季線支撐,股價位於上彎季線上方5%內，且站在240日均線之上。,19147.518014
2026-07-17,,6944,ma60_support_uptrend,1004.949153,,73.210000,72.120000,-1.090000,-1.488868,100,599853582.350000,-4.780488,-2.614249,1.886005,False,False,兆聯實業,季線支撐,股價位於上彎季線上方5%內，且站在240日均線之上。,599.853582
2026-07-17,,7631,ma60_support_uptrend,143.233343,,67.380000,67.560000,0.180000,0.267142,600,40382763.650000,7.937036,-8.502649,2.972633,False,False,聚賢研發-創,季線支撐,股價位於上彎季線上方5%內，且站在240日均線之上。,40.382764
2026-07-17,,7818,ma60_support_uptrend,68.600000,,87.730000,88.660000,0.930000,1.060071,1000,21234734.650000,11.183144,2.771536,4.606546,False,False,溢泰實業,季線支撐,股價位於上彎季線上方5%內，且站在240日均線之上。,21.234735
2026-07-17,,8016,ma60_support_uptrend,1499.086182,,60.170000,64.680000,4.510000,7.495430,100,1103382941.600000,-3.214890,-11.461961,0.852348,False,False,矽創,季線支撐,股價位於上彎季線上方5%內，且站在240日均線之上。,1103.382942
2026-07-17,,8096,ma60_support_uptrend,305.622119,,61.150000,55.580000,-5.570000,-9.108749,200,1205243215.250000,-14.666667,-16.680228,1.689529,False,False,擎亞,季線支撐,股價位於上彎季線上方5%內，且站在240日均線之上。,1205.243215
2026-07-17,,8109,ma60_support_uptrend,702.966736,,70.570000,69.770000,-0.800000,-1.133626,100,113982300.400000,10.126582,-2.283789,4.651163,False,False,博大,季線支撐,股價位於上彎季線上方5%內，且站在240日均線之上。,113.982300
2026-07-17,,8131,ma60_support_uptrend,202.261384,,73.240000,74.410000,1.170000,1.597488,400,771336007.100000,-7.003066,-6.790433,0.089513,False,False,福懋科,季線支撐,股價位於上彎季線上方5%內，且站在240日均線之上。,771.336007
2026-07-17,,8341,ma60_support_uptrend,117.088241,,48.760000,48.160000,-0.600000,-1.230517,600,22917319.550000,0.511231,0.338567,3.087417,False,False,日友,季線支撐,股價位於上彎季線上方5%內，且站在240日均線之上。,22.917320
2026-07-17,,8454,ma60_support_uptrend,665.771020,,85.480000,84.700000,-0.780000,-0.912494,100,546070027.350000,-19.365079,-13.502469,0.239442,False,False,富邦媒,季線支撐,股價位於上彎季線上方5%內，且站在240日均線之上。,546.070027
2026-07-17,,8926,ma60_support_uptrend,247.492729,,61.470000,59.080000,-2.390000,-3.888075,400,700177023.300000,-15.106896,-11.606243,2.866432,False,False,台汽電,季線支撐,股價位於上彎季線上方5%內，且站在240日均線之上。,700.177023
2026-07-17,,9105,ma60_support_uptrend,47.695251,,14.060000,14.020000,-0.040000,-0.284495,1000,457840453.950000,-11.684211,-8.466070,3.580247,False,False,泰金寶-DR,季線支撐,股價位於上彎季線上方5%內，且站在240日均線之上。,457.840454
2026-07-17,,1216,breakout_20d,263.118048,,88.970000,89.550000,0.580000,0.651905,400,1402510201.950000,5.263158,4.404568,8.018093,False,False,統一,20日突破,突破20日高點且成交量放大。,1402.510202
2026-07-17,,2105,breakout_20d,191.327251,,80.430000,81.250000,0.820000,1.019520,400,496672222.350000,13.131313,7.262570,8.478105,False,False,正新,20日突破,突破20日高點且成交量放大。,496.672222
2026-07-17,,2867,breakout_20d,14.987968,,81.420000,82.400000,0.980000,1.203635,1000,140727396.700000,4.176334,3.641295,10.595673,False,False,三商壽,20日突破,突破20日高點且成交量放大。,140.727397
2026-07-17,,2884,breakout_20d,164.512339,,72.210000,72.660000,0.450000,0.623182,400,2059723374.100000,3.061516,2.957825,9.325124,False,False,玉山金,20日突破,突破20日高點且成交量放大。,2059.723374
2026-07-17,,3024,breakout_20d,24.242671,,36.570000,35.920000,-0.650000,-1.777413,1000,27361888.550000,15.454694,14.570212,4.473801,False,False,憶聲,20日突破,突破20日高點且成交量放大。,27.361889
2026-07-17,,5876,breakout_20d,59.451195,,81.230000,81.770000,0.540000,0.664779,1000,599328991.700000,5.607477,5.545826,10.035908,False,False,上海商銀,20日突破,突破20日高點且成交量放大。,599.328992
2026-07-17,,6277,breakout_20d,382.333876,,59.350000,59.730000,0.380000,0.640270,200,27861734.350000,10.576923,12.156043,10.319309,False,False,宏正,20日突破,突破20日高點且成交量放大。,27.861734
2026-07-17,,6811,breakout_20d,277.624372,,70.130000,69.990000,-0.140000,-0.199629,200,63315417.900000,8.990792,9.736289,14.338305,False,False,宏碁資訊,20日突破,突破20日高點且成交量放大。,63.315418
2026-07-17,,1216,breakout_60d,263.118048,,88.970000,89.550000,0.580000,0.651905,400,1402510201.950000,5.263158,4.404568,8.018093,False,False,統一,60日突破,突破60日高點且成交量放大。,1402.510202
2026-07-17,,2105,breakout_60d,191.327251,,80.430000,81.250000,0.820000,1.019520,400,496672222.350000,13.131313,7.262570,8.478105,False,False,正新,60日突破,突破60日高點且成交量放大。,496.672222
2026-07-17,,2867,breakout_60d,14.987968,,81.420000,82.400000,0.980000,1.203635,1000,140727396.700000,4.176334,3.641295,10.595673,False,False,三商壽,60日突破,突破60日高點且成交量放大。,140.727397
2026-07-17,,2884,breakout_60d,164.512339,,72.210000,72.660000,0.450000,0.623182,400,2059723374.100000,3.061516,2.957825,9.325124,False,False,玉山金,60日突破,突破60日高點且成交量放大。,2059.723374
2026-07-17,,5876,breakout_60d,59.451195,,81.230000,81.770000,0.540000,0.664779,1000,599328991.700000,5.607477,5.545826,10.035908,False,False,上海商銀,60日突破,突破60日高點且成交量放大。,599.328992
2026-07-17,,6811,breakout_60d,277.624372,,70.130000,69.990000,-0.140000,-0.199629,200,63315417.900000,8.990792,9.736289,14.338305,False,False,宏碁資訊,60日突破,突破60日高點且成交量放大。,63.315418
