pair,branch_i,branch_j,d0,code,d1,period,i_net_amt_wan,i_influence_pct,j_net_amt_wan,j_influence_pct,d1_open,d1_high,d1_close,stop_price,stopped,frozen,short_ret_pct,abs20_excluded,success
統一-城中 x 富邦/富邦證券(裸名稱),統一-城中,富邦/富邦證券(裸名稱),2018-02-23,6609,2018-02-26,in_sample,127.05,0.951,726.0,5.4344,37.3,38.5,36.6,39.102,False,False,1.8767,False,True
統一-城中 x 富邦/富邦證券(裸名稱),統一-城中,富邦/富邦證券(裸名稱),2018-05-22,8069,2018-05-23,in_sample,802.56,0.5184,788.48,0.5093,34.6,34.75,34.05,37.926,False,False,1.5896,False,True
統一-城中 x 富邦/富邦證券(裸名稱),統一-城中,富邦/富邦證券(裸名稱),2018-06-13,2208,2018-06-14,in_sample,423.55,1.7688,1351.42,5.6437,19.8,20.75,19.7,21.217,False,False,0.5051,False,True
統一-城中 x 富邦/富邦證券(裸名稱),統一-城中,富邦/富邦證券(裸名稱),2018-06-20,4513,2018-06-21,in_sample,395.025,2.1424,138.0,0.7484,18.7,18.95,18.95,18.571,True,False,0.6898,False,True
統一-城中 x 富邦/富邦證券(裸名稱),統一-城中,富邦/富邦證券(裸名稱),2018-07-26,6568,2018-07-27,in_sample,433.55,3.2221,224.25,1.6666,153.0,154.5,150.0,160.72,False,False,1.9608,False,True
統一-城中 x 富邦/富邦證券(裸名稱),統一-城中,富邦/富邦證券(裸名稱),2019-02-20,6552,2019-02-21,in_sample,544.8,0.6175,862.6,0.9777,114.5,117.0,111.0,122.01,False,False,3.0568,False,True
統一-城中 x 富邦/富邦證券(裸名稱),統一-城中,富邦/富邦證券(裸名稱),2019-02-25,5340,2019-02-26,in_sample,185.22,2.1074,154.35,1.7562,22.15,23.55,23.55,23.765,False,False,-6.3205,False,False
統一-城中 x 富邦/富邦證券(裸名稱),統一-城中,富邦/富邦證券(裸名稱),2019-04-17,5340,2019-04-18,in_sample,581.845,3.6968,214.775,1.3646,40.05,42.2,39.3,42.091,True,False,-5.0961,False,False
統一-城中 x 富邦/富邦證券(裸名稱),統一-城中,富邦/富邦證券(裸名稱),2019-06-12,5340,2019-06-13,in_sample,277.095,5.9116,45.675,0.9744,30.65,33.45,33.45,32.781,True,False,-6.9527,False,False
統一-城中 x 富邦/富邦證券(裸名稱),統一-城中,富邦/富邦證券(裸名稱),2019-07-01,8046,2019-07-02,in_sample,830.4,1.0976,2681.5,3.5443,42.8,44.15,43.15,46.599,False,False,-0.8178,False,False
統一-城中 x 富邦/富邦證券(裸名稱),統一-城中,富邦/富邦證券(裸名稱),2020-02-24,6538,2020-02-25,in_sample,1025.7,0.8916,1788.4,1.5546,266.0,286.0,278.5,283.22,True,False,-6.4737,False,False
統一-城中 x 富邦/富邦證券(裸名稱),統一-城中,富邦/富邦證券(裸名稱),2020-03-04,4735,2020-03-05,in_sample,386.88,0.551,3070.08,4.3723,64.0,68.4,63.7,67.228,True,False,-5.0438,False,False
統一-城中 x 富邦/富邦證券(裸名稱),統一-城中,富邦/富邦證券(裸名稱),2020-03-10,2338,2020-03-11,in_sample,415.795,0.6447,2950.02,4.5739,30.65,30.7,28.85,32.683,False,False,5.8728,False,True
統一-城中 x 富邦/富邦證券(裸名稱),統一-城中,富邦/富邦證券(裸名稱),2020-03-25,2313,2020-03-26,in_sample,873.18,0.8853,1755.18,1.7796,30.1,31.5,31.3,31.654,False,False,-3.9867,False,False
統一-城中 x 富邦/富邦證券(裸名稱),統一-城中,富邦/富邦證券(裸名稱),2020-03-25,2404,2020-03-26,in_sample,478.5,1.9935,7895.25,32.8932,168.5,169.0,161.0,171.5,False,False,4.451,False,True
統一-城中 x 富邦/富邦證券(裸名稱),統一-城中,富邦/富邦證券(裸名稱),2020-04-06,1732,2020-04-07,in_sample,112.86,0.4286,1109.79,4.2144,32.25,34.0,30.5,33.761,True,False,-4.6853,False,False
統一-城中 x 富邦/富邦證券(裸名稱),統一-城中,富邦/富邦證券(裸名稱),2020-05-13,1762,2020-05-14,in_sample,565.8,0.2392,3105.0,1.3124,70.1,73.5,66.3,74.382,False,False,5.4208,False,True
統一-城中 x 富邦/富邦證券(裸名稱),統一-城中,富邦/富邦證券(裸名稱),2020-06-22,6276,2020-06-23,in_sample,51.0,0.561,255.0,2.8049,25.7,26.5,24.3,27.489,False,False,5.4475,False,True
統一-城中 x 富邦/富邦證券(裸名稱),統一-城中,富邦/富邦證券(裸名稱),2020-06-29,1325,2020-06-30,in_sample,684.0,0.3148,7934.4,3.6512,172.0,175.0,165.0,184.24,False,False,4.0698,False,True
統一-城中 x 富邦/富邦證券(裸名稱),統一-城中,富邦/富邦證券(裸名稱),2020-08-26,3131,2020-08-27,in_sample,1509.3,2.277,1228.5,1.8534,367.0,377.5,363.0,378.28,False,False,1.0899,False,True
統一-城中 x 富邦/富邦證券(裸名稱),統一-城中,富邦/富邦證券(裸名稱),2020-09-07,4171,2020-09-08,in_sample,264.0,1.0868,440.0,1.8113,224.0,229.0,206.0,237.16,False,False,8.0357,False,True
統一-城中 x 富邦/富邦證券(裸名稱),統一-城中,富邦/富邦證券(裸名稱),2020-09-23,6288,2020-09-24,in_sample,546.085,1.1065,9144.175,18.5282,37.15,39.0,39.0,39.494,False,False,-4.9798,False,False
統一-城中 x 富邦/富邦證券(裸名稱),統一-城中,富邦/富邦證券(裸名稱),2020-09-23,9136,2020-09-24,in_sample,83.28,0.5256,433.75,2.7373,17.5,17.7,15.65,18.669,False,False,10.5714,False,True
統一-城中 x 富邦/富邦證券(裸名稱),統一-城中,富邦/富邦證券(裸名稱),2020-11-06,6245,2020-11-09,in_sample,1352.0,2.7443,3792.36,7.6978,69.1,71.5,70.8,72.814,False,False,-2.4602,False,False
統一-城中 x 富邦/富邦證券(裸名稱),統一-城中,富邦/富邦證券(裸名稱),2020-11-19,2038,2020-11-20,in_sample,396.0,3.3602,900.0,7.6368,11.55,12.25,10.85,12.103,True,False,-4.7879,False,False
統一-城中 x 富邦/富邦證券(裸名稱),統一-城中,富邦/富邦證券(裸名稱),2020-11-20,3006,2020-11-23,in_sample,2896.965,1.6563,7011.495,4.0086,48.1,51.3,51.3,50.274,True,False,-4.5198,False,False
統一-城中 x 富邦/富邦證券(裸名稱),統一-城中,富邦/富邦證券(裸名稱),2020-11-23,2239,2020-11-24,in_sample,377.4,1.4318,1020.0,3.8697,104.5,107.0,97.0,109.76,False,False,7.177,False,True
統一-城中 x 富邦/富邦證券(裸名稱),統一-城中,富邦/富邦證券(裸名稱),2020-11-23,3006,2020-11-24,in_sample,3365.28,0.8547,7679.61,1.9505,52.3,53.4,49.7,55.272,False,False,4.9713,False,True
統一-城中 x 富邦/富邦證券(裸名稱),統一-城中,富邦/富邦證券(裸名稱),2020-12-09,3443,2020-12-10,in_sample,3857.25,0.8345,11884.5,2.5711,346.0,350.5,340.5,374.36,False,False,1.5896,False,True
統一-城中 x 富邦/富邦證券(裸名稱),統一-城中,富邦/富邦證券(裸名稱),2020-12-10,5386,2020-12-11,in_sample,372.88,0.3478,448.72,0.4186,58.5,64.9,57.0,68.11,False,False,2.5641,False,True
統一-城中 x 富邦/富邦證券(裸名稱),統一-城中,富邦/富邦證券(裸名稱),2020-12-23,6477,2020-12-24,in_sample,876.2,0.5713,15502.0,10.1072,68.4,74.1,72.6,72.618,True,False,-6.1667,False,False
統一-城中 x 富邦/富邦證券(裸名稱),統一-城中,富邦/富邦證券(裸名稱),2020-12-25,2201,2020-12-28,in_sample,1539.375,1.6805,874.365,0.9545,42.8,44.75,43.5,44.247,True,False,-3.3808,False,False
統一-城中 x 富邦/富邦證券(裸名稱),統一-城中,富邦/富邦證券(裸名稱),2020-12-25,2609,2020-12-28,in_sample,4439.82,1.0691,14876.4,3.5822,24.3,25.4,25.4,24.892,True,False,-2.4362,False,False
統一-城中 x 富邦/富邦證券(裸名稱),統一-城中,富邦/富邦證券(裸名稱),2021-01-11,4968,2021-01-12,in_sample,3376.05,1.0582,3851.55,1.2073,486.0,513.0,484.0,512.54,True,False,-5.4609,False,False
統一-城中 x 富邦/富邦證券(裸名稱),統一-城中,富邦/富邦證券(裸名稱),2021-01-19,4909,2021-01-20,in_sample,61.48,1.2575,63.6,1.3008,23.3,23.3,23.3,22.834,True,False,2.0,False,True
統一-城中 x 富邦/富邦證券(裸名稱),統一-城中,富邦/富邦證券(裸名稱),2021-02-17,6488,2021-02-18,in_sample,4042.6,1.232,10385.3,3.165,712.0,717.0,707.0,750.68,False,False,0.7022,False,True
統一-城中 x 富邦/富邦證券(裸名稱),統一-城中,富邦/富邦證券(裸名稱),2021-02-22,3228,2021-02-23,in_sample,1326.2,0.8357,3490.0,2.1991,347.5,380.0,353.5,375.83,True,False,-8.1525,False,False
統一-城中 x 富邦/富邦證券(裸名稱),統一-城中,富邦/富邦證券(裸名稱),2021-03-05,6491,2021-03-08,in_sample,1872.7,1.6446,2179.7,1.9142,311.0,334.0,327.0,330.75,True,False,-6.3505,False,False
統一-城中 x 富邦/富邦證券(裸名稱),統一-城中,富邦/富邦證券(裸名稱),2021-03-15,3141,2021-03-16,in_sample,891.12,0.9229,1447.28,1.499,64.5,69.5,69.5,68.11,True,False,-5.5969,False,False
統一-城中 x 富邦/富邦證券(裸名稱),統一-城中,富邦/富邦證券(裸名稱),2021-03-16,5471,2021-03-17,in_sample,1490.37,0.5107,11735.43,4.0216,99.8,102.5,94.5,106.33,False,False,5.3106,False,True
統一-城中 x 富邦/富邦證券(裸名稱),統一-城中,富邦/富邦證券(裸名稱),2021-03-25,1440,2021-03-26,in_sample,1151.5,0.9856,3237.5,2.7711,18.35,19.25,19.25,18.865,True,False,-2.8065,False,False
統一-城中 x 富邦/富邦證券(裸名稱),統一-城中,富邦/富邦證券(裸名稱),2021-03-26,1440,2021-03-29,in_sample,1488.025,0.6683,13929.3,6.2561,20.4,20.7,19.25,20.727,False,False,5.6373,False,True
統一-城中 x 富邦/富邦證券(裸名稱),統一-城中,富邦/富邦證券(裸名稱),2021-04-15,1304,2021-04-16,in_sample,3140.9,1.9029,6743.32,4.0855,33.0,35.25,35.25,34.545,True,False,-4.6818,False,False
統一-城中 x 富邦/富邦證券(裸名稱),統一-城中,富邦/富邦證券(裸名稱),2021-04-26,6188,2021-04-27,in_sample,687.42,0.767,30769.74,34.3321,53.0,53.9,52.9,55.272,False,False,0.1887,False,True
統一-城中 x 富邦/富邦證券(裸名稱),統一-城中,富邦/富邦證券(裸名稱),2021-04-28,3035,2021-04-29,in_sample,3769.68,1.0498,2854.38,0.7949,69.8,74.5,74.5,73.01,True,False,-4.5989,False,False
統一-城中 x 富邦/富邦證券(裸名稱),統一-城中,富邦/富邦證券(裸名稱),2021-04-29,3041,2021-05-03,in_sample,798.0,2.087,23376.5,61.1357,34.9,34.9,31.5,37.73,False,False,9.7421,False,True
統一-城中 x 富邦/富邦證券(裸名稱),統一-城中,富邦/富邦證券(裸名稱),2021-05-07,6491,2021-05-10,in_sample,1062.6,2.4471,600.6,1.3832,462.0,497.5,483.0,497.84,False,False,-4.5455,False,False
統一-城中 x 富邦/富邦證券(裸名稱),統一-城中,富邦/富邦證券(裸名稱),2021-05-28,4919,2021-05-31,in_sample,4601.52,0.7135,7428.96,1.1519,82.3,86.6,81.9,85.358,True,False,-3.7157,False,False
統一-城中 x 富邦/富邦證券(裸名稱),統一-城中,富邦/富邦證券(裸名稱),2021-06-01,2038,2021-06-02,in_sample,1258.965,0.3426,2089.965,0.5687,43.3,45.7,45.7,44.786,True,False,-3.4319,False,False
統一-城中 x 富邦/富邦證券(裸名稱),統一-城中,富邦/富邦證券(裸名稱),2021-06-02,1907,2021-06-03,in_sample,2429.5,1.0423,2580.0,1.1068,44.25,47.3,47.3,46.354,True,False,-4.7548,False,False
統一-城中 x 富邦/富邦證券(裸名稱),統一-城中,富邦/富邦證券(裸名稱),2021-06-02,2030,2021-06-03,in_sample,877.44,0.956,914.0,0.9959,22.8,22.85,22.6,24.598,False,False,0.8772,False,True
統一-城中 x 富邦/富邦證券(裸名稱),統一-城中,富邦/富邦證券(裸名稱),2021-06-11,2615,2021-06-15,in_sample,3996.05,0.9746,24709.2,6.0263,182.0,191.5,191.5,187.67,True,False,-3.1154,False,False
統一-城中 x 富邦/富邦證券(裸名稱),統一-城中,富邦/富邦證券(裸名稱),2021-06-11,6643,2021-06-15,in_sample,1506.7,0.8921,2299.7,1.3616,400.0,430.5,425.0,427.28,True,False,-6.82,False,False
統一-城中 x 富邦/富邦證券(裸名稱),統一-城中,富邦/富邦證券(裸名稱),2021-06-24,2607,2021-06-25,in_sample,1504.2,0.3722,10177.5,2.5186,37.25,37.95,37.95,37.191,True,False,0.1584,False,True
統一-城中 x 富邦/富邦證券(裸名稱),統一-城中,富邦/富邦證券(裸名稱),2021-06-25,2457,2021-06-28,in_sample,967.14,0.6943,44066.56,31.6334,41.0,41.75,39.75,42.875,False,False,3.0488,False,True
統一-城中 x 富邦/富邦證券(裸名稱),統一-城中,富邦/富邦證券(裸名稱),2021-06-28,3605,2021-06-29,in_sample,803.64,0.6439,5267.1,4.2201,54.5,54.6,51.4,58.506,False,False,5.6881,False,True
統一-城中 x 富邦/富邦證券(裸名稱),統一-城中,富邦/富邦證券(裸名稱),2021-07-13,4919,2021-07-14,in_sample,3210.3,0.7988,11316.0,2.8158,128.0,131.0,124.5,132.3,False,False,2.7344,False,True
統一-城中 x 富邦/富邦證券(裸名稱),統一-城中,富邦/富邦證券(裸名稱),2021-07-19,6741,2021-07-20,in_sample,724.5,0.6122,1207.5,1.0203,404.0,427.0,382.0,433.65,False,False,5.4455,False,True
統一-城中 x 富邦/富邦證券(裸名稱),統一-城中,富邦/富邦證券(裸名稱),2021-07-29,6237,2021-07-30,in_sample,1504.8,0.8118,7356.8,3.9686,149.5,151.5,144.5,163.66,False,False,3.3445,False,True
統一-城中 x 富邦/富邦證券(裸名稱),統一-城中,富邦/富邦證券(裸名稱),2021-08-25,2614,2021-08-26,in_sample,371.175,0.34,25339.125,23.2086,40.0,40.0,35.7,39.592,True,False,1.02,False,True
統一-城中 x 富邦/富邦證券(裸名稱),統一-城中,富邦/富邦證券(裸名稱),2021-09-01,5351,2021-09-02,in_sample,294.4,0.1837,6205.4,3.8717,45.8,48.2,44.4,49.588,False,False,3.0568,False,True
統一-城中 x 富邦/富邦證券(裸名稱),統一-城中,富邦/富邦證券(裸名稱),2021-09-15,1721,2021-09-16,in_sample,311.41,3.3157,78.375,0.8345,10.75,11.45,11.45,11.221,True,False,-4.3814,False,False
統一-城中 x 富邦/富邦證券(裸名稱),統一-城中,富邦/富邦證券(裸名稱),2021-09-17,2371,2021-09-22,in_sample,2895.78,0.5519,23520.28,4.4829,33.25,34.6,31.65,35.966,False,False,4.812,False,True
統一-城中 x 富邦/富邦證券(裸名稱),統一-城中,富邦/富邦證券(裸名稱),2021-09-30,4147,2021-10-01,in_sample,476.4,0.9124,9297.74,17.8067,83.0,85.0,80.9,85.554,False,False,2.5301,False,True
統一-城中 x 富邦/富邦證券(裸名稱),統一-城中,富邦/富邦證券(裸名稱),2021-10-08,6104,2021-10-12,in_sample,1876.1,0.6896,20547.15,7.5521,128.0,128.5,117.5,138.18,False,False,8.2031,False,True
統一-城中 x 富邦/富邦證券(裸名稱),統一-城中,富邦/富邦證券(裸名稱),2021-10-13,3504,2021-10-14,in_sample,1081.35,0.4105,3669.3,1.3929,125.0,126.5,109.5,130.83,False,False,12.4,False,True
統一-城中 x 富邦/富邦證券(裸名稱),統一-城中,富邦/富邦證券(裸名稱),2021-10-19,6138,2021-10-20,in_sample,857.5,0.7644,1543.5,1.3759,171.0,180.0,179.0,184.73,False,False,-4.6784,False,False
統一-城中 x 富邦/富邦證券(裸名稱),統一-城中,富邦/富邦證券(裸名稱),2021-10-29,4739,2021-11-01,in_sample,3944.5,0.6781,31178.7,5.3601,174.0,176.5,171.0,184.73,False,False,1.7241,False,True
統一-城中 x 富邦/富邦證券(裸名稱),統一-城中,富邦/富邦證券(裸名稱),2021-11-01,3661,2021-11-02,in_sample,1356.0,0.5359,8136.0,3.2155,1150.0,1195.0,1170.0,1215.2,False,False,-1.7391,False,False
統一-城中 x 富邦/富邦證券(裸名稱),統一-城中,富邦/富邦證券(裸名稱),2021-12-07,8104,2021-12-08,in_sample,416.5,1.4426,2380.0,8.2433,63.8,65.4,65.4,64.092,True,False,-0.4577,False,False
統一-城中 x 富邦/富邦證券(裸名稱),統一-城中,富邦/富邦證券(裸名稱),2021-12-15,2637,2021-12-16,in_sample,1247.75,0.8165,3363.5,2.2009,79.5,80.8,79.7,83.496,False,False,-0.2516,False,False
統一-城中 x 富邦/富邦證券(裸名稱),統一-城中,富邦/富邦證券(裸名稱),2021-12-21,3217,2021-12-22,in_sample,1251.25,0.6829,2255.0,1.2307,140.5,150.0,145.0,147.98,True,False,-5.3238,False,False
統一-城中 x 富邦/富邦證券(裸名稱),統一-城中,富邦/富邦證券(裸名稱),2021-12-23,4927,2021-12-24,in_sample,2567.1,0.8634,4876.2,1.6401,129.0,129.5,123.0,138.67,False,False,4.6512,False,True
統一-城中 x 富邦/富邦證券(裸名稱),統一-城中,富邦/富邦證券(裸名稱),2021-12-24,2461,2021-12-27,in_sample,311.1,0.5074,10200.0,16.6356,25.5,26.5,26.45,27.489,False,False,-3.7255,False,False
統一-城中 x 富邦/富邦證券(裸名稱),統一-城中,富邦/富邦證券(裸名稱),2022-03-03,4755,2022-03-04,in_sample,791.35,0.5211,1615.0,1.0635,162.0,164.0,153.0,173.95,False,False,5.5556,False,True
統一-城中 x 富邦/富邦證券(裸名稱),統一-城中,富邦/富邦證券(裸名稱),2022-03-09,2607,2022-03-10,in_sample,1676.88,0.3278,10232.64,2.0003,42.0,43.95,41.75,43.953,False,False,0.5952,False,True
統一-城中 x 富邦/富邦證券(裸名稱),統一-城中,富邦/富邦證券(裸名稱),2022-03-18,8155,2022-03-21,in_sample,866.0,0.4287,6148.6,3.0435,210.0,212.5,195.0,233.24,False,False,7.1429,False,True
統一-城中 x 富邦/富邦證券(裸名稱),統一-城中,富邦/富邦證券(裸名稱),2022-04-18,4130,2022-04-19,in_sample,235.45,2.2537,2770.0,26.5146,28.95,29.5,28.5,29.841,False,False,1.5544,False,True
統一-城中 x 富邦/富邦證券(裸名稱),統一-城中,富邦/富邦證券(裸名稱),2022-04-22,2607,2022-04-25,in_sample,3469.4,0.7361,20413.85,4.3311,40.7,40.95,37.45,44.737,False,False,7.9853,False,True
統一-城中 x 富邦/富邦證券(裸名稱),統一-城中,富邦/富邦證券(裸名稱),2022-04-26,3708,2022-04-27,in_sample,1638.5,0.3273,14007.0,2.7978,143.5,145.5,140.0,156.31,False,False,2.439,False,True
統一-城中 x 富邦/富邦證券(裸名稱),統一-城中,富邦/富邦證券(裸名稱),2022-05-18,1795,2022-05-19,in_sample,1677.0,0.9795,1896.3,1.1076,127.0,133.5,131.5,138.67,False,False,-3.5433,False,False
統一-城中 x 富邦/富邦證券(裸名稱),統一-城中,富邦/富邦證券(裸名稱),2022-05-30,4755,2022-05-31,in_sample,1292.8,0.9253,26219.6,18.7654,200.5,206.5,206.0,217.56,False,False,-2.7431,False,False
統一-城中 x 富邦/富邦證券(裸名稱),統一-城中,富邦/富邦證券(裸名稱),2022-06-01,3558,2022-06-02,in_sample,2114.6,1.066,2180.0,1.0989,217.0,220.5,217.0,234.71,False,False,0.0,False,False
統一-城中 x 富邦/富邦證券(裸名稱),統一-城中,富邦/富邦證券(裸名稱),2022-06-24,8478,2022-06-27,in_sample,1171.15,0.8267,5677.1,4.0073,202.5,207.0,197.5,213.64,False,False,2.4691,False,True
統一-城中 x 富邦/富邦證券(裸名稱),統一-城中,富邦/富邦證券(裸名稱),2022-06-27,6235,2022-06-28,in_sample,1149.5,0.367,12848.75,4.1026,47.5,47.8,43.8,51.156,False,False,7.7895,False,True
統一-城中 x 富邦/富邦證券(裸名稱),統一-城中,富邦/富邦證券(裸名稱),2022-06-27,8028,2022-06-28,in_sample,1188.3,0.9229,1349.07,1.0478,69.3,71.8,71.4,75.264,False,False,-3.0303,False,False
統一-城中 x 富邦/富邦證券(裸名稱),統一-城中,富邦/富邦證券(裸名稱),2022-07-07,3047,2022-07-08,in_sample,125.73,0.9041,1375.41,9.8905,12.75,13.15,12.75,13.671,False,False,0.0,False,False
統一-城中 x 富邦/富邦證券(裸名稱),統一-城中,富邦/富邦證券(裸名稱),2022-07-07,3504,2022-07-08,in_sample,596.6,0.8287,5204.55,7.2293,82.1,86.3,86.3,84.574,True,False,-3.0134,False,False
統一-城中 x 富邦/富邦證券(裸名稱),統一-城中,富邦/富邦證券(裸名稱),2022-07-18,5706,2022-07-19,in_sample,664.0,2.0076,5856.48,17.7074,69.6,72.2,68.5,71.54,True,False,-2.7874,False,False
統一-城中 x 富邦/富邦證券(裸名稱),統一-城中,富邦/富邦證券(裸名稱),2022-07-21,4919,2022-07-22,in_sample,3379.95,0.6622,3431.75,0.6723,131.0,138.0,130.0,139.16,False,False,0.7634,False,True
統一-城中 x 富邦/富邦證券(裸名稱),統一-城中,富邦/富邦證券(裸名稱),2022-07-25,1539,2022-07-26,in_sample,271.33,0.8205,1574.345,4.7606,31.65,33.7,33.2,34.006,False,False,-4.8973,False,False
統一-城中 x 富邦/富邦證券(裸名稱),統一-城中,富邦/富邦證券(裸名稱),2022-07-27,2482,2022-07-28,in_sample,284.625,0.3913,13745.375,18.8975,29.0,29.95,28.4,30.968,False,False,2.069,False,True
統一-城中 x 富邦/富邦證券(裸名稱),統一-城中,富邦/富邦證券(裸名稱),2022-08-05,3163,2022-08-08,in_sample,609.12,2.0624,9762.84,33.0561,58.6,62.0,62.0,60.76,True,False,-3.686,False,False
統一-城中 x 富邦/富邦證券(裸名稱),統一-城中,富邦/富邦證券(裸名稱),2022-08-24,2405,2022-08-25,in_sample,336.545,0.739,558.25,1.2259,16.4,16.75,15.7,17.15,False,False,4.2683,False,True
統一-城中 x 富邦/富邦證券(裸名稱),統一-城中,富邦/富邦證券(裸名稱),2022-08-24,5258,2022-08-25,in_sample,1850.4,0.5252,2520.0,0.7152,73.8,79.2,79.2,77.616,True,False,-5.1707,False,False
統一-城中 x 富邦/富邦證券(裸名稱),統一-城中,富邦/富邦證券(裸名稱),2022-08-26,4432,2022-08-29,in_sample,66.9,0.831,568.65,7.0634,32.85,33.6,30.15,36.015,False,False,8.2192,False,True
統一-城中 x 富邦/富邦證券(裸名稱),統一-城中,富邦/富邦證券(裸名稱),2022-08-31,3105,2022-09-01,in_sample,1445.85,1.0451,14529.9,10.5021,175.5,176.5,167.0,192.08,False,False,4.8433,False,True
統一-城中 x 富邦/富邦證券(裸名稱),統一-城中,富邦/富邦證券(裸名稱),2022-09-12,3081,2022-09-13,in_sample,623.0,0.984,587.4,0.9278,177.0,177.5,166.5,191.59,False,False,5.9322,False,True
統一-城中 x 富邦/富邦證券(裸名稱),統一-城中,富邦/富邦證券(裸名稱),2022-09-13,8222,2022-09-14,in_sample,166.085,0.3025,3403.335,6.1977,28.05,30.9,29.9,30.331,True,False,-8.1319,False,False
統一-城中 x 富邦/富邦證券(裸名稱),統一-城中,富邦/富邦證券(裸名稱),2022-09-22,4162,2022-09-23,in_sample,1514.05,0.376,7315.55,1.8166,141.5,142.5,128.5,152.39,False,False,9.1873,False,True
統一-城中 x 富邦/富邦證券(裸名稱),統一-城中,富邦/富邦證券(裸名稱),2022-10-04,4931,2022-10-05,in_sample,1241.18,0.6105,17921.54,8.8148,46.75,48.2,44.4,49.294,False,False,5.0267,False,True
統一-城中 x 富邦/富邦證券(裸名稱),統一-城中,富邦/富邦證券(裸名稱),2022-11-01,3454,2022-11-02,in_sample,1367.1,0.5771,1984.5,0.8377,150.0,161.5,161.5,158.27,True,False,-5.5133,False,False
統一-城中 x 富邦/富邦證券(裸名稱),統一-城中,富邦/富邦證券(裸名稱),2022-11-03,2468,2022-11-04,in_sample,155.15,1.0913,133.75,0.9407,27.8,28.0,26.4,28.812,False,False,5.036,False,True
統一-城中 x 富邦/富邦證券(裸名稱),統一-城中,富邦/富邦證券(裸名稱),2022-11-04,4931,2022-11-07,in_sample,1060.29,0.2988,7057.38,1.9891,59.6,60.1,57.0,60.466,False,False,4.3624,False,True
統一-城中 x 富邦/富邦證券(裸名稱),統一-城中,富邦/富邦證券(裸名稱),2022-11-10,3362,2022-11-11,in_sample,325.5,2.0408,5513.97,34.5711,71.6,71.6,68.2,70.168,True,False,2.0,False,True
統一-城中 x 富邦/富邦證券(裸名稱),統一-城中,富邦/富邦證券(裸名稱),2022-11-17,3441,2022-11-18,in_sample,55.09,0.3765,4855.79,33.187,42.0,42.55,40.7,42.385,True,False,-0.9167,False,False
統一-城中 x 富邦/富邦證券(裸名稱),統一-城中,富邦/富邦證券(裸名稱),2022-11-22,1584,2022-11-23,in_sample,235.8,1.2846,6794.97,37.0191,21.6,21.6,21.6,21.168,True,False,2.0,False,True
統一-城中 x 富邦/富邦證券(裸名稱),統一-城中,富邦/富邦證券(裸名稱),2022-12-01,3356,2022-12-02,in_sample,434.32,0.3458,2440.0,1.9426,49.0,50.3,47.05,52.528,False,False,3.9796,False,True
統一-城中 x 富邦/富邦證券(裸名稱),統一-城中,富邦/富邦證券(裸名稱),2022-12-01,6589,2022-12-02,in_sample,2625.0,0.748,6030.0,1.7182,149.5,159.0,151.0,161.7,False,False,-1.0033,False,False
統一-城中 x 富邦/富邦證券(裸名稱),統一-城中,富邦/富邦證券(裸名稱),2022-12-09,3558,2022-12-12,in_sample,2361.3,0.8183,19029.3,6.5946,233.5,241.0,237.0,249.41,False,False,-1.4989,False,False
統一-城中 x 富邦/富邦證券(裸名稱),統一-城中,富邦/富邦證券(裸名稱),2022-12-09,4106,2022-12-12,in_sample,304.5,3.7912,1528.59,19.0318,31.0,31.5,30.8,32.781,False,False,0.6452,False,True
統一-城中 x 富邦/富邦證券(裸名稱),統一-城中,富邦/富邦證券(裸名稱),2022-12-13,4167,2022-12-14,in_sample,102.15,1.0339,4503.68,45.5828,24.95,24.95,24.95,24.451,True,False,2.0,False,True
統一-城中 x 富邦/富邦證券(裸名稱),統一-城中,富邦/富邦證券(裸名稱),2022-12-14,3228,2022-12-15,in_sample,374.4,0.4588,8819.2,10.8076,208.5,211.5,200.0,223.93,False,False,4.0767,False,True
統一-城中 x 富邦/富邦證券(裸名稱),統一-城中,富邦/富邦證券(裸名稱),2022-12-14,8996,2022-12-15,in_sample,1517.25,0.6391,1820.7,0.7669,179.0,182.5,178.5,192.08,False,False,0.2793,False,True
統一-城中 x 富邦/富邦證券(裸名稱),統一-城中,富邦/富邦證券(裸名稱),2022-12-15,8033,2022-12-16,in_sample,689.32,1.4252,15668.425,32.3949,44.6,45.1,43.9,48.853,False,False,1.5695,False,True
統一-城中 x 富邦/富邦證券(裸名稱),統一-城中,富邦/富邦證券(裸名稱),2023-01-09,6533,2023-01-10,in_sample,3201.6,0.6108,7948.8,1.5164,551.0,561.0,549.0,594.86,False,False,0.363,False,True
統一-城中 x 富邦/富邦證券(裸名稱),統一-城中,富邦/富邦證券(裸名稱),2023-01-11,6245,2023-01-12,in_sample,785.26,0.784,1133.16,1.1313,100.5,104.0,102.0,106.82,False,False,-1.4925,False,False
統一-城中 x 富邦/富邦證券(裸名稱),統一-城中,富邦/富邦證券(裸名稱),2023-01-17,8996,2023-01-30,in_sample,1006.95,0.159,9226.95,1.4569,211.0,216.0,200.0,221.48,False,False,5.2133,False,True
統一-城中 x 富邦/富邦證券(裸名稱),統一-城中,富邦/富邦證券(裸名稱),2023-01-30,6719,2023-01-31,in_sample,1086.3,0.7935,2044.8,1.4936,319.5,322.5,322.0,343.98,False,False,-0.7825,False,False
統一-城中 x 富邦/富邦證券(裸名稱),統一-城中,富邦/富邦證券(裸名稱),2023-01-31,5258,2023-02-01,in_sample,1320.48,0.7284,13079.04,7.2147,79.8,82.5,81.0,84.672,False,False,-1.5038,False,False
統一-城中 x 富邦/富邦證券(裸名稱),統一-城中,富邦/富邦證券(裸名稱),2023-02-09,6643,2023-02-10,in_sample,3177.3,0.8192,6853.0,1.767,623.0,644.0,595.0,671.3,False,False,4.4944,False,True
統一-城中 x 富邦/富邦證券(裸名稱),統一-城中,富邦/富邦證券(裸名稱),2023-02-23,3515,2023-02-24,in_sample,1142.4,0.9986,8400.0,7.3425,170.0,171.0,158.5,180.81,False,False,6.7647,False,True
統一-城中 x 富邦/富邦證券(裸名稱),統一-城中,富邦/富邦證券(裸名稱),2023-03-17,6244,2023-03-20,in_sample,1403.46,0.8998,2556.06,1.6387,34.4,35.8,35.8,36.505,False,False,-4.0698,False,False
統一-城中 x 富邦/富邦證券(裸名稱),統一-城中,富邦/富邦證券(裸名稱),2023-03-30,6285,2023-03-31,in_sample,1397.25,0.3708,29601.0,7.856,103.5,104.5,103.5,111.23,False,False,0.0,False,False
統一-城中 x 富邦/富邦證券(裸名稱),統一-城中,富邦/富邦證券(裸名稱),2023-04-14,2748,2023-04-17,in_sample,775.32,0.6721,1481.06,1.2838,101.5,102.5,96.7,106.82,False,False,4.7291,False,True
統一-城中 x 富邦/富邦證券(裸名稱),統一-城中,富邦/富邦證券(裸名稱),2023-04-14,8996,2023-04-17,in_sample,1436.4,0.7441,2898.0,1.5012,252.0,253.5,241.0,271.46,False,False,4.3651,False,True
統一-城中 x 富邦/富邦證券(裸名稱),統一-城中,富邦/富邦證券(裸名稱),2023-04-18,4979,2023-04-19,in_sample,1420.8,1.227,2960.0,2.5564,61.0,63.6,60.0,63.798,False,False,1.6393,False,True
統一-城中 x 富邦/富邦證券(裸名稱),統一-城中,富邦/富邦證券(裸名稱),2023-04-21,2031,2023-04-24,in_sample,653.92,0.4442,8334.8,5.6613,53.0,53.5,49.8,57.722,False,False,6.0377,False,True
統一-城中 x 富邦/富邦證券(裸名稱),統一-城中,富邦/富邦證券(裸名稱),2023-04-27,8222,2023-04-28,in_sample,818.75,0.5105,11525.0,7.1864,65.3,68.7,64.1,67.326,True,False,-3.1026,False,False
統一-城中 x 富邦/富邦證券(裸名稱),統一-城中,富邦/富邦證券(裸名稱),2023-04-28,3479,2023-05-02,in_sample,1154.4,0.8957,9745.8,7.5615,111.5,114.0,112.5,119.56,False,False,-0.8969,False,False
統一-城中 x 富邦/富邦證券(裸名稱),統一-城中,富邦/富邦證券(裸名稱),2023-05-03,8478,2023-05-04,in_sample,885.7,0.2449,1042.0,0.2882,530.0,536.0,492.0,561.54,False,False,7.1698,False,True
統一-城中 x 富邦/富邦證券(裸名稱),統一-城中,富邦/富邦證券(裸名稱),2023-06-02,6160,2023-06-05,in_sample,344.955,0.625,4198.935,7.6077,41.4,41.6,38.0,42.728,False,False,8.2126,False,True
統一-城中 x 富邦/富邦證券(裸名稱),統一-城中,富邦/富邦證券(裸名稱),2023-06-05,2402,2023-06-06,in_sample,181.05,0.3483,8892.75,17.1066,35.95,35.95,31.95,38.269,False,False,11.1266,False,True
統一-城中 x 富邦/富邦證券(裸名稱),統一-城中,富邦/富邦證券(裸名稱),2023-06-05,4931,2023-06-06,in_sample,845.25,0.9636,16621.5,18.9492,52.5,52.7,48.55,56.546,False,False,7.5238,False,True
統一-城中 x 富邦/富邦證券(裸名稱),統一-城中,富邦/富邦證券(裸名稱),2023-06-05,8426,2023-06-06,in_sample,306.93,1.1347,267.58,0.9892,80.2,84.5,76.2,84.77,False,False,4.9875,False,True
統一-城中 x 富邦/富邦證券(裸名稱),統一-城中,富邦/富邦證券(裸名稱),2023-06-13,1522,2023-06-14,in_sample,505.5,0.5325,434.73,0.458,35.0,37.05,35.25,36.309,True,False,-3.74,False,False
統一-城中 x 富邦/富邦證券(裸名稱),統一-城中,富邦/富邦證券(裸名稱),2023-06-19,4916,2023-06-20,in_sample,738.48,0.767,13729.2,14.2587,42.85,44.85,44.85,43.953,True,False,-2.5741,False,False
統一-城中 x 富邦/富邦證券(裸名稱),統一-城中,富邦/富邦證券(裸名稱),2023-06-19,6811,2023-06-20,in_sample,425.0,1.2692,550.0,1.6425,254.0,256.0,242.0,269.5,False,False,4.7244,False,True
統一-城中 x 富邦/富邦證券(裸名稱),統一-城中,富邦/富邦證券(裸名稱),2023-06-20,2736,2023-06-21,in_sample,96.9,0.1977,122.4,0.2497,55.6,56.1,52.7,54.978,True,False,1.1187,False,True
統一-城中 x 富邦/富邦證券(裸名稱),統一-城中,富邦/富邦證券(裸名稱),2023-07-03,2421,2023-07-04,in_sample,1621.8,0.5666,20134.8,7.0341,103.0,110.0,108.0,109.76,True,False,-6.5631,False,False
統一-城中 x 富邦/富邦證券(裸名稱),統一-城中,富邦/富邦證券(裸名稱),2023-07-11,2481,2023-07-12,in_sample,2077.7,0.56,3705.1,0.9986,79.6,81.6,76.3,85.162,False,False,4.1457,False,True
統一-城中 x 富邦/富邦證券(裸名稱),統一-城中,富邦/富邦證券(裸名稱),2023-07-13,2419,2023-07-14,in_sample,789.025,0.583,580.04,0.4286,45.2,46.9,46.9,45.962,True,False,-1.6858,False,False
統一-城中 x 富邦/富邦證券(裸名稱),統一-城中,富邦/富邦證券(裸名稱),2023-07-13,3363,2023-07-14,in_sample,644.6,0.4248,11614.52,7.6543,61.5,63.4,61.8,63.112,True,False,-2.6211,False,False
統一-城中 x 富邦/富邦證券(裸名稱),統一-城中,富邦/富邦證券(裸名稱),2023-07-14,6187,2023-07-17,in_sample,936.15,0.7014,1777.5,1.3318,119.5,127.5,121.5,127.4,True,False,-6.6109,False,False
統一-城中 x 富邦/富邦證券(裸名稱),統一-城中,富邦/富邦證券(裸名稱),2023-07-14,6188,2023-07-17,in_sample,1601.4,0.5079,21016.02,6.6652,96.3,103.5,103.5,101.43,True,False,-5.3271,False,False
統一-城中 x 富邦/富邦證券(裸名稱),統一-城中,富邦/富邦證券(裸名稱),2023-07-14,8936,2023-07-17,in_sample,937.2,0.9043,16799.31,16.21,40.0,40.6,39.8,42.091,False,False,0.5,False,True
統一-城中 x 富邦/富邦證券(裸名稱),統一-城中,富邦/富邦證券(裸名稱),2023-07-17,3078,2023-07-18,in_sample,718.32,0.3408,981.12,0.4655,94.5,95.6,78.9,94.374,True,False,0.1333,False,True
統一-城中 x 富邦/富邦證券(裸名稱),統一-城中,富邦/富邦證券(裸名稱),2023-07-19,2059,2023-07-20,in_sample,2490.8,0.8642,8909.4,3.0912,954.0,999.0,947.0,1029.0,False,False,0.7338,False,True
統一-城中 x 富邦/富邦證券(裸名稱),統一-城中,富邦/富邦證券(裸名稱),2023-07-21,3017,2023-07-24,in_sample,4407.0,0.4764,28611.6,3.0927,344.0,358.5,344.0,365.05,False,False,0.0,False,False
統一-城中 x 富邦/富邦證券(裸名稱),統一-城中,富邦/富邦證券(裸名稱),2023-07-24,6188,2023-07-25,in_sample,1392.3,0.2392,11690.9,2.0088,115.0,121.5,121.5,119.07,True,False,-3.5391,False,False
統一-城中 x 富邦/富邦證券(裸名稱),統一-城中,富邦/富邦證券(裸名稱),2023-07-25,6213,2023-07-26,in_sample,352.19,0.6331,22892.35,41.1502,89.0,90.0,82.2,92.512,False,False,7.6404,False,True
統一-城中 x 富邦/富邦證券(裸名稱),統一-城中,富邦/富邦證券(裸名稱),2023-07-27,1783,2023-07-28,in_sample,508.97,1.7184,297.45,1.0043,67.5,67.5,64.5,71.246,False,False,4.4444,False,True
統一-城中 x 富邦/富邦證券(裸名稱),統一-城中,富邦/富邦證券(裸名稱),2023-09-19,5211,2023-09-20,in_sample,5.32,0.2229,10.64,0.4459,25.95,26.25,24.65,28.665,False,False,5.0096,False,True
統一-城中 x 富邦/富邦證券(裸名稱),統一-城中,富邦/富邦證券(裸名稱),2023-10-03,3006,2023-10-04,in_sample,3816.0,1.8997,10359.0,5.1568,87.4,89.4,86.7,97.02,False,False,0.8009,False,True
統一-城中 x 富邦/富邦證券(裸名稱),統一-城中,富邦/富邦證券(裸名稱),2023-10-04,1324,2023-10-05,in_sample,21.825,0.5871,30.555,0.8219,14.95,16.0,16.0,15.68,True,False,-4.8829,False,False
統一-城中 x 富邦/富邦證券(裸名稱),統一-城中,富邦/富邦證券(裸名稱),2023-10-12,8227,2023-10-13,in_sample,1321.6,1.1505,887.95,0.773,208.0,215.5,214.0,222.46,False,False,-2.8846,False,False
統一-城中 x 富邦/富邦證券(裸名稱),統一-城中,富邦/富邦證券(裸名稱),2023-10-13,5215,2023-10-16,in_sample,692.64,1.7626,319.68,0.8135,67.5,72.8,67.0,71.736,True,False,-6.2756,False,False
統一-城中 x 富邦/富邦證券(裸名稱),統一-城中,富邦/富邦證券(裸名稱),2023-10-17,6168,2023-10-18,in_sample,917.0,1.6818,1254.98,2.3017,26.65,28.4,26.9,28.224,True,False,-5.9062,False,False
統一-城中 x 富邦/富邦證券(裸名稱),統一-城中,富邦/富邦證券(裸名稱),2023-10-19,6243,2023-10-20,in_sample,60.12,0.475,3987.96,31.5098,52.3,53.0,47.4,53.998,False,False,9.369,False,True
統一-城中 x 富邦/富邦證券(裸名稱),統一-城中,富邦/富邦證券(裸名稱),2023-10-20,2369,2023-10-23,in_sample,468.7,0.5616,576.2,0.6904,22.75,23.65,23.65,23.177,True,False,-1.8769,False,False
統一-城中 x 富邦/富邦證券(裸名稱),統一-城中,富邦/富邦證券(裸名稱),2023-10-25,6684,2023-10-26,in_sample,172.0,0.5288,123.84,0.3808,68.1,74.2,65.1,74.088,True,False,-8.793,False,False
統一-城中 x 富邦/富邦證券(裸名稱),統一-城中,富邦/富邦證券(裸名稱),2023-10-26,6442,2023-10-27,in_sample,353.42,0.4226,387.9,0.4638,89.5,91.8,80.3,92.904,False,False,10.2793,False,True
統一-城中 x 富邦/富邦證券(裸名稱),統一-城中,富邦/富邦證券(裸名稱),2023-10-31,6191,2023-11-01,in_sample,689.92,0.6362,17438.96,16.0823,65.4,65.5,61.2,66.346,False,False,6.422,False,True
統一-城中 x 富邦/富邦證券(裸名稱),統一-城中,富邦/富邦證券(裸名稱),2023-10-31,8086,2023-11-01,in_sample,1923.75,1.2343,1125.0,0.7218,112.0,114.5,112.5,121.03,False,False,-0.4464,False,False
統一-城中 x 富邦/富邦證券(裸名稱),統一-城中,富邦/富邦證券(裸名稱),2023-11-08,3122,2023-11-09,in_sample,991.98,1.2224,5010.0,6.1738,51.7,52.2,47.25,53.998,False,False,8.6074,False,True
統一-城中 x 富邦/富邦證券(裸名稱),統一-城中,富邦/富邦證券(裸名稱),2023-11-14,3276,2023-11-15,in_sample,409.64,1.4052,428.26,1.4691,28.0,28.6,27.8,28.665,False,False,0.7143,False,True
統一-城中 x 富邦/富邦證券(裸名稱),統一-城中,富邦/富邦證券(裸名稱),2023-11-15,6667,2023-11-16,in_sample,739.2,1.0592,351.12,0.5031,95.2,97.2,93.0,99.47,False,False,2.3109,False,True
統一-城中 x 富邦/富邦證券(裸名稱),統一-城中,富邦/富邦證券(裸名稱),2023-11-16,6243,2023-11-17,in_sample,613.0,1.4256,1189.22,2.7657,63.5,67.4,67.4,66.052,True,False,-4.0189,False,False
統一-城中 x 富邦/富邦證券(裸名稱),統一-城中,富邦/富邦證券(裸名稱),2023-11-20,6237,2023-11-21,in_sample,2088.23,1.9235,722.63,0.6656,59.5,60.2,58.1,61.25,False,False,2.3529,False,True
統一-城中 x 富邦/富邦證券(裸名稱),統一-城中,富邦/富邦證券(裸名稱),2023-11-20,8227,2023-11-21,in_sample,827.2,0.3654,8789.0,3.8828,261.0,270.0,255.5,278.32,False,False,2.1073,False,True
統一-城中 x 富邦/富邦證券(裸名稱),統一-城中,富邦/富邦證券(裸名稱),2023-11-22,6243,2023-11-23,in_sample,2797.34,2.9406,2270.52,2.3868,76.2,78.7,72.4,79.968,False,False,4.9869,False,True
統一-城中 x 富邦/富邦證券(裸名稱),統一-城中,富邦/富邦證券(裸名稱),2023-11-28,5608,2023-11-29,in_sample,113.12,0.4625,555.5,2.2714,20.2,20.35,19.8,21.756,False,False,1.9802,False,True
統一-城中 x 富邦/富邦證券(裸名稱),統一-城中,富邦/富邦證券(裸名稱),2023-11-28,6243,2023-11-29,in_sample,2719.52,2.034,472.96,0.3537,74.8,78.3,77.8,79.576,False,False,-4.0107,False,False
統一-城中 x 富邦/富邦證券(裸名稱),統一-城中,富邦/富邦證券(裸名稱),2023-11-30,1325,2023-12-01,in_sample,237.85,0.4104,237.85,0.4104,36.8,39.05,39.05,38.269,True,False,-3.9918,False,False
統一-城中 x 富邦/富邦證券(裸名稱),統一-城中,富邦/富邦證券(裸名稱),2023-12-01,2641,2023-12-04,in_sample,399.99,0.5747,2275.32,3.2694,22.0,22.1,22.1,21.658,True,False,1.5545,False,True
統一-城中 x 富邦/富邦證券(裸名稱),統一-城中,富邦/富邦證券(裸名稱),2023-12-01,3687,2023-12-04,in_sample,155.4,0.2887,10578.3,19.6509,113.0,116.5,107.5,119.56,False,False,4.8673,False,True
統一-城中 x 富邦/富邦證券(裸名稱),統一-城中,富邦/富邦證券(裸名稱),2023-12-05,1503,2023-12-06,in_sample,4087.0,1.4399,24021.8,8.4634,125.0,133.5,130.5,131.32,True,False,-5.056,False,False
統一-城中 x 富邦/富邦證券(裸名稱),統一-城中,富邦/富邦證券(裸名稱),2023-12-06,3041,2023-12-07,in_sample,5921.575,4.7033,4069.615,3.2323,34.5,35.45,32.5,36.162,False,False,5.7971,False,True
統一-城中 x 富邦/富邦證券(裸名稱),統一-城中,富邦/富邦證券(裸名稱),2023-12-06,5386,2023-12-07,in_sample,2919.92,4.835,729.98,1.2087,65.0,65.2,60.8,69.58,False,False,6.4615,False,True
統一-城中 x 富邦/富邦證券(裸名稱),統一-城中,富邦/富邦證券(裸名稱),2023-12-06,6243,2023-12-07,in_sample,4767.4,4.2557,5051.08,4.5089,80.0,80.1,73.2,84.868,False,False,8.5,False,True
統一-城中 x 富邦/富邦證券(裸名稱),統一-城中,富邦/富邦證券(裸名稱),2023-12-06,6462,2023-12-07,in_sample,2969.6,5.788,1044.0,2.0348,118.5,122.0,113.5,124.95,False,False,4.2194,False,True
統一-城中 x 富邦/富邦證券(裸名稱),統一-城中,富邦/富邦證券(裸名稱),2023-12-08,6684,2023-12-11,in_sample,2406.95,3.8252,281.75,0.4478,84.0,85.0,79.8,86.73,False,False,5.0,False,True
統一-城中 x 富邦/富邦證券(裸名稱),統一-城中,富邦/富邦證券(裸名稱),2023-12-11,8112,2023-12-12,in_sample,3394.51,0.8555,6529.48,1.6455,70.0,71.5,68.9,73.598,False,False,1.5714,False,True
統一-城中 x 富邦/富邦證券(裸名稱),統一-城中,富邦/富邦證券(裸名稱),2023-12-15,2030,2023-12-18,in_sample,738.0,5.473,143.5,1.0642,21.0,21.6,20.5,22.099,False,False,2.381,False,True
統一-城中 x 富邦/富邦證券(裸名稱),統一-城中,富邦/富邦證券(裸名稱),2023-12-18,2038,2023-12-19,in_sample,106.085,0.5474,5250.125,27.0912,21.35,22.1,21.7,23.324,False,False,-1.6393,False,False
統一-城中 x 富邦/富邦證券(裸名稱),統一-城中,富邦/富邦證券(裸名稱),2023-12-19,1732,2023-12-20,in_sample,1088.19,4.5525,38.52,0.1611,34.5,35.3,35.3,34.594,True,False,-0.2725,False,False
統一-城中 x 富邦/富邦證券(裸名稱),統一-城中,富邦/富邦證券(裸名稱),2023-12-20,1325,2023-12-21,in_sample,1477.21,7.9066,224.5,1.2016,48.85,49.35,40.85,48.363,True,False,0.9969,False,True
統一-城中 x 富邦/富邦證券(裸名稱),統一-城中,富邦/富邦證券(裸名稱),2023-12-20,2362,2023-12-21,in_sample,195.0,0.4385,1125.0,2.5296,37.5,37.5,36.75,40.425,False,False,2.0,False,True
統一-城中 x 富邦/富邦證券(裸名稱),統一-城中,富邦/富邦證券(裸名稱),2023-12-20,9105,2023-12-21,in_sample,264.208,0.9657,539.2,1.9709,3.48,3.7,3.44,3.626,True,False,-4.1954,False,False
統一-城中 x 富邦/富邦證券(裸名稱),統一-城中,富邦/富邦證券(裸名稱),2023-12-22,8088,2023-12-25,in_sample,1443.295,2.6853,647.325,1.2044,49.9,51.0,45.0,51.646,False,False,9.8196,False,True
統一-城中 x 富邦/富邦證券(裸名稱),統一-城中,富邦/富邦證券(裸名稱),2024-01-03,1325,2024-01-04,in_sample,1459.92,6.7285,173.8,0.801,47.15,47.75,47.75,46.795,True,False,0.7529,False,True
統一-城中 x 富邦/富邦證券(裸名稱),統一-城中,富邦/富邦證券(裸名稱),2024-01-04,1325,2024-01-05,in_sample,1422.95,2.9381,267.4,0.5521,48.8,48.85,43.0,51.45,False,False,11.8852,False,True
統一-城中 x 富邦/富邦證券(裸名稱),統一-城中,富邦/富邦證券(裸名稱),2024-01-04,1732,2024-01-05,in_sample,521.7,1.3714,340.4,0.8948,38.0,38.75,33.65,39.886,False,False,11.4474,False,True
統一-城中 x 富邦/富邦證券(裸名稱),統一-城中,富邦/富邦證券(裸名稱),2024-01-05,5225,2024-01-08,in_sample,2333.55,5.3088,627.45,1.4274,73.5,74.5,71.1,75.95,False,False,3.2653,False,True
統一-城中 x 富邦/富邦證券(裸名稱),統一-城中,富邦/富邦證券(裸名稱),2024-01-15,6243,2024-01-16,in_sample,602.68,0.4377,1578.07,1.1462,82.1,87.2,87.2,85.456,True,False,-4.0877,False,False
統一-城中 x 富邦/富邦證券(裸名稱),統一-城中,富邦/富邦證券(裸名稱),2024-01-16,3694,2024-01-17,in_sample,335.16,0.2101,484.12,0.3035,53.9,54.8,48.95,57.33,False,False,9.1837,False,True
統一-城中 x 富邦/富邦證券(裸名稱),統一-城中,富邦/富邦證券(裸名稱),2024-01-16,6243,2024-01-17,in_sample,7316.08,1.8033,1133.6,0.2794,88.5,90.4,83.2,93.982,False,False,5.9887,False,True
統一-城中 x 富邦/富邦證券(裸名稱),統一-城中,富邦/富邦證券(裸名稱),2024-01-24,4909,2024-01-25,in_sample,2095.72,0.9879,537.24,0.2532,48.75,51.4,45.7,52.136,False,False,6.2564,False,True
統一-城中 x 富邦/富邦證券(裸名稱),統一-城中,富邦/富邦證券(裸名稱),2024-02-01,8054,2024-02-02,in_sample,556.5,0.658,2726.85,3.2242,204.0,204.0,204.0,199.92,True,True,2.0,False,True
統一-城中 x 富邦/富邦證券(裸名稱),統一-城中,富邦/富邦證券(裸名稱),2024-02-15,6533,2024-02-16,in_sample,5393.2,1.6751,36084.4,11.2073,561.0,573.0,552.0,598.78,False,False,1.6043,False,True
統一-城中 x 富邦/富邦證券(裸名稱),統一-城中,富邦/富邦證券(裸名稱),2024-02-16,5443,2024-02-19,in_sample,424.705,1.2639,6715.385,19.9854,43.8,44.65,44.0,45.325,False,False,-0.4566,False,False
統一-城中 x 富邦/富邦證券(裸名稱),統一-城中,富邦/富邦證券(裸名稱),2024-02-20,3055,2024-02-21,in_sample,1457.28,1.6428,1871.28,2.1095,85.6,88.7,84.2,89.18,False,False,1.6355,False,True
統一-城中 x 富邦/富邦證券(裸名稱),統一-城中,富邦/富邦證券(裸名稱),2024-02-20,6164,2024-02-21,in_sample,315.62,0.8518,200.015,0.5398,18.35,18.35,17.25,19.747,False,False,5.9946,False,True
統一-城中 x 富邦/富邦證券(裸名稱),統一-城中,富邦/富邦證券(裸名稱),2024-02-21,3588,2024-02-22,in_sample,1375.5,0.9619,5355.0,3.7447,108.5,109.0,103.0,113.19,False,False,5.0691,False,True
統一-城中 x 富邦/富邦證券(裸名稱),統一-城中,富邦/富邦證券(裸名稱),2024-02-22,3479,2024-02-23,in_sample,1457.3,2.1002,3211.0,4.6275,125.0,132.0,129.0,132.79,False,False,-3.2,False,False
統一-城中 x 富邦/富邦證券(裸名稱),統一-城中,富邦/富邦證券(裸名稱),2024-03-01,7402,2024-03-04,in_sample,314.55,0.7854,174.75,0.4363,120.5,123.0,116.0,125.44,False,False,3.7344,False,True
統一-城中 x 富邦/富邦證券(裸名稱),統一-城中,富邦/富邦證券(裸名稱),2024-03-04,4906,2024-03-05,in_sample,3630.06,2.7876,1493.82,1.1471,40.25,40.75,39.5,41.699,False,False,1.8634,False,True
統一-城中 x 富邦/富邦證券(裸名稱),統一-城中,富邦/富邦證券(裸名稱),2024-03-06,2467,2024-03-07,in_sample,3410.15,2.1673,4145.95,2.635,146.0,149.0,134.5,152.39,False,False,7.8767,False,True
統一-城中 x 富邦/富邦證券(裸名稱),統一-城中,富邦/富邦證券(裸名稱),2024-03-07,6121,2024-03-08,in_sample,2435.0,1.4267,5746.6,3.367,490.0,500.0,495.5,524.3,False,False,-1.1224,False,False
統一-城中 x 富邦/富邦證券(裸名稱),統一-城中,富邦/富邦證券(裸名稱),2024-03-20,6188,2024-03-21,in_sample,1396.8,1.6689,36986.1,44.1918,103.0,106.0,102.5,104.37,True,False,-1.3301,False,False
統一-城中 x 富邦/富邦證券(裸名稱),統一-城中,富邦/富邦證券(裸名稱),2024-03-21,2236,2024-03-22,in_sample,817.95,1.0086,4158.63,5.1277,86.5,87.8,81.5,92.806,False,False,5.7803,False,True
統一-城中 x 富邦/富邦證券(裸名稱),統一-城中,富邦/富邦證券(裸名稱),2024-03-22,1609,2024-03-25,in_sample,8014.56,1.6479,42225.015,8.6819,44.0,45.7,45.4,45.717,False,False,-3.1818,False,False
統一-城中 x 富邦/富邦證券(裸名稱),統一-城中,富邦/富邦證券(裸名稱),2024-04-01,1522,2024-04-02,in_sample,1639.44,1.7178,3581.82,3.753,60.3,61.5,59.1,63.994,False,False,1.99,False,True
統一-城中 x 富邦/富邦證券(裸名稱),統一-城中,富邦/富邦證券(裸名稱),2024-04-08,2363,2024-04-09,in_sample,1344.66,2.1962,8827.785,14.4184,50.6,50.6,50.6,49.588,True,False,2.0,False,True
統一-城中 x 富邦/富邦證券(裸名稱),統一-城中,富邦/富邦證券(裸名稱),2024-04-12,1609,2024-04-15,in_sample,4908.2,0.9946,4670.38,0.9464,55.6,55.6,55.6,54.488,True,False,2.0,False,True
統一-城中 x 富邦/富邦證券(裸名稱),統一-城中,富邦/富邦證券(裸名稱),2024-04-15,5371,2024-04-16,in_sample,5428.75,2.2653,5396.5,2.2518,108.0,111.0,96.8,115.64,False,False,10.3704,False,True
統一-城中 x 富邦/富邦證券(裸名稱),統一-城中,富邦/富邦證券(裸名稱),2024-04-19,3703,2024-04-22,in_sample,1497.53,0.8096,17622.37,9.5269,41.0,42.65,37.25,42.14,True,False,-2.7805,False,False
統一-城中 x 富邦/富邦證券(裸名稱),統一-城中,富邦/富邦證券(裸名稱),2024-04-24,4303,2024-04-25,in_sample,1767.095,3.9127,210.485,0.4661,50.2,52.0,50.2,52.724,False,False,0.0,False,False
統一-城中 x 富邦/富邦證券(裸名稱),統一-城中,富邦/富邦證券(裸名稱),2024-04-24,5493,2024-04-25,in_sample,111.65,0.4669,9906.4,41.424,105.0,111.5,111.5,109.27,True,False,-4.0667,False,False
統一-城中 x 富邦/富邦證券(裸名稱),統一-城中,富邦/富邦證券(裸名稱),2024-05-03,8048,2024-05-06,in_sample,159.84,1.2686,86.58,0.6871,69.6,73.2,73.2,71.736,True,False,-3.069,False,False
統一-城中 x 富邦/富邦證券(裸名稱),統一-城中,富邦/富邦證券(裸名稱),2024-05-06,3013,2024-05-07,in_sample,3594.15,1.6145,8035.9,3.6097,82.6,83.4,75.1,87.808,False,False,9.0799,False,True
統一-城中 x 富邦/富邦證券(裸名稱),統一-城中,富邦/富邦證券(裸名稱),2024-05-10,2613,2024-05-13,in_sample,70.0,0.5228,5002.5,37.3592,27.5,27.5,27.5,26.95,True,False,2.0,False,True
統一-城中 x 富邦/富邦證券(裸名稱),統一-城中,富邦/富邦證券(裸名稱),2024-05-14,2367,2024-05-15,in_sample,6296.4,1.0182,8091.6,1.3085,34.0,36.0,35.0,35.574,True,False,-4.6294,False,False
統一-城中 x 富邦/富邦證券(裸名稱),統一-城中,富邦/富邦證券(裸名稱),2024-05-14,2476,2024-05-15,in_sample,1283.25,0.7432,6407.4,3.7111,89.3,93.5,90.7,95.354,False,False,-1.5677,False,False
統一-城中 x 富邦/富邦證券(裸名稱),統一-城中,富邦/富邦證券(裸名稱),2024-05-20,4952,2024-05-21,in_sample,1549.08,2.36,993.0,1.5128,68.7,69.0,68.0,71.344,False,False,1.0189,False,True
統一-城中 x 富邦/富邦證券(裸名稱),統一-城中,富邦/富邦證券(裸名稱),2024-05-21,6117,2024-05-22,in_sample,2290.0,2.5828,2460.0,2.7746,103.0,110.0,110.0,107.8,True,False,-4.6602,False,False
統一-城中 x 富邦/富邦證券(裸名稱),統一-城中,富邦/富邦證券(裸名稱),2024-05-22,4545,2024-05-23,in_sample,211.75,1.732,2104.795,17.2158,42.05,43.2,40.5,45.619,False,False,3.6861,False,True
統一-城中 x 富邦/富邦證券(裸名稱),統一-城中,富邦/富邦證券(裸名稱),2024-05-22,8040,2024-05-23,in_sample,878.54,5.766,2442.18,16.0284,82.5,83.9,79.2,86.828,False,False,4.0,False,True
統一-城中 x 富邦/富邦證券(裸名稱),統一-城中,富邦/富邦證券(裸名稱),2024-05-23,2486,2024-05-24,in_sample,9799.65,2.5039,3440.4,0.879,92.5,95.6,91.0,98.49,False,False,1.6216,False,True
統一-城中 x 富邦/富邦證券(裸名稱),統一-城中,富邦/富邦證券(裸名稱),2024-05-24,3047,2024-05-27,in_sample,2442.525,3.1058,1185.375,1.5073,22.25,22.85,22.2,23.422,False,False,0.2247,False,True
統一-城中 x 富邦/富邦證券(裸名稱),統一-城中,富邦/富邦證券(裸名稱),2024-05-24,3450,2024-05-27,in_sample,3911.25,2.5502,18497.5,12.0606,92.9,96.2,96.2,94.276,True,False,-1.4812,False,False
統一-城中 x 富邦/富邦證券(裸名稱),統一-城中,富邦/富邦證券(裸名稱),2024-05-28,6231,2024-05-29,in_sample,3899.5,2.6799,1098.95,0.7553,361.0,379.5,360.5,381.71,False,False,0.1385,False,True
統一-城中 x 富邦/富邦證券(裸名稱),統一-城中,富邦/富邦證券(裸名稱),2024-05-29,2613,2024-05-30,in_sample,2270.7,3.4006,260.71,0.3904,43.4,46.0,40.85,45.325,True,False,-4.4355,False,False
統一-城中 x 富邦/富邦證券(裸名稱),統一-城中,富邦/富邦證券(裸名稱),2024-05-29,5230,2024-05-30,in_sample,1698.5,2.8562,1173.9,1.974,42.8,45.4,41.6,46.354,False,False,2.8037,False,True
統一-城中 x 富邦/富邦證券(裸名稱),統一-城中,富邦/富邦證券(裸名稱),2024-05-31,2537,2024-06-03,in_sample,1450.97,2.7572,731.32,1.3897,20.15,21.35,21.35,20.923,True,False,-3.8362,False,False
統一-城中 x 富邦/富邦證券(裸名稱),統一-城中,富邦/富邦證券(裸名稱),2024-06-03,2486,2024-06-04,in_sample,5208.0,1.5858,3024.0,0.9208,107.0,112.5,104.0,113.19,False,False,2.8037,False,True
統一-城中 x 富邦/富邦證券(裸名稱),統一-城中,富邦/富邦證券(裸名稱),2024-06-03,3048,2024-06-04,in_sample,211.67,1.1899,1540.68,8.661,38.15,38.15,38.15,37.387,True,True,2.0,False,True
統一-城中 x 富邦/富邦證券(裸名稱),統一-城中,富邦/富邦證券(裸名稱),2024-06-03,5474,2024-06-04,in_sample,1905.75,7.433,4210.8,16.4233,184.0,184.0,168.0,195.51,False,False,8.6957,False,True
統一-城中 x 富邦/富邦證券(裸名稱),統一-城中,富邦/富邦證券(裸名稱),2024-06-04,3564,2024-06-05,in_sample,2175.6,1.8675,505.05,0.4335,133.5,138.0,117.0,139.16,False,False,12.3596,False,True
統一-城中 x 富邦/富邦證券(裸名稱),統一-城中,富邦/富邦證券(裸名稱),2024-06-06,4566,2024-06-07,in_sample,849.06,0.3858,857.07,0.3894,82.3,83.0,81.2,86.338,False,False,1.3366,False,True
統一-城中 x 富邦/富邦證券(裸名稱),統一-城中,富邦/富邦證券(裸名稱),2024-06-07,2537,2024-06-11,in_sample,415.86,0.613,5308.19,7.8247,24.2,25.55,24.75,25.725,False,False,-2.2727,False,False
統一-城中 x 富邦/富邦證券(裸名稱),統一-城中,富邦/富邦證券(裸名稱),2024-06-11,6706,2024-06-12,in_sample,597.82,1.2847,757.8,1.6285,86.7,90.5,89.5,90.748,False,False,-3.2295,False,False
統一-城中 x 富邦/富邦證券(裸名稱),統一-城中,富邦/富邦證券(裸名稱),2024-06-12,2464,2024-06-13,in_sample,673.62,0.5067,1962.0,1.4759,65.4,66.5,64.5,70.462,False,False,1.3761,False,True
統一-城中 x 富邦/富邦證券(裸名稱),統一-城中,富邦/富邦證券(裸名稱),2024-06-12,4967,2024-06-13,in_sample,2189.6,0.4445,6552.7,1.3303,172.0,177.0,168.0,173.46,True,False,-0.8488,False,False
統一-城中 x 富邦/富邦證券(裸名稱),統一-城中,富邦/富邦證券(裸名稱),2024-06-13,2392,2024-06-14,in_sample,1487.64,0.8855,812.13,0.4834,77.6,83.2,79.7,81.732,True,False,-5.3247,False,False
統一-城中 x 富邦/富邦證券(裸名稱),統一-城中,富邦/富邦證券(裸名稱),2024-06-13,2486,2024-06-14,in_sample,5940.9,0.9446,14637.0,2.3273,125.5,126.0,122.0,132.3,False,False,2.7888,False,True
統一-城中 x 富邦/富邦證券(裸名稱),統一-城中,富邦/富邦證券(裸名稱),2024-06-14,1618,2024-06-17,in_sample,3311.51,2.2757,1796.99,1.2349,62.1,65.1,58.7,64.778,True,False,-4.3124,False,False
統一-城中 x 富邦/富邦證券(裸名稱),統一-城中,富邦/富邦證券(裸名稱),2024-06-17,8096,2024-06-18,in_sample,3313.905,3.2092,5169.18,5.0058,45.5,45.7,44.75,45.962,False,False,1.6484,False,True
統一-城中 x 富邦/富邦證券(裸名稱),統一-城中,富邦/富邦證券(裸名稱),2024-06-18,3062,2024-06-19,in_sample,2227.06,1.9294,1457.5,1.2627,30.15,31.2,28.2,31.409,False,False,6.4677,False,True
統一-城中 x 富邦/富邦證券(裸名稱),統一-城中,富邦/富邦證券(裸名稱),2024-06-19,4909,2024-06-20,in_sample,4614.4,2.7913,5294.2,3.2025,104.0,113.0,113.0,110.74,True,False,-6.4808,False,False
統一-城中 x 富邦/富邦證券(裸名稱),統一-城中,富邦/富邦證券(裸名稱),2024-06-20,3374,2024-06-21,in_sample,1789.65,0.4999,24907.5,6.9571,180.0,182.5,179.0,198.45,False,False,0.5556,False,True
統一-城中 x 富邦/富邦證券(裸名稱),統一-城中,富邦/富邦證券(裸名稱),2024-06-20,3450,2024-06-21,in_sample,7504.6,2.2746,2330.25,0.7063,121.5,125.0,122.0,128.38,False,False,-0.4115,False,False
統一-城中 x 富邦/富邦證券(裸名稱),統一-城中,富邦/富邦證券(裸名稱),2024-06-20,4956,2024-06-21,in_sample,1028.16,3.3118,965.6,3.1103,28.0,28.8,27.65,29.302,False,False,1.25,False,True
統一-城中 x 富邦/富邦證券(裸名稱),統一-城中,富邦/富邦證券(裸名稱),2024-06-21,3047,2024-06-24,in_sample,1626.3,1.3026,9579.88,7.6733,28.6,29.0,26.2,29.939,False,False,8.3916,False,True
統一-城中 x 富邦/富邦證券(裸名稱),統一-城中,富邦/富邦證券(裸名稱),2024-06-25,3297,2024-06-26,in_sample,64.68,0.4139,77.0,0.4928,32.0,33.85,33.85,33.173,True,False,-3.6656,False,False
統一-城中 x 富邦/富邦證券(裸名稱),統一-城中,富邦/富邦證券(裸名稱),2024-06-26,3450,2024-06-27,in_sample,3592.6,0.8921,2960.1,0.735,129.5,130.0,123.5,136.22,False,False,4.6332,False,True
統一-城中 x 富邦/富邦證券(裸名稱),統一-城中,富邦/富邦證券(裸名稱),2024-06-26,8064,2024-06-27,in_sample,2087.8,3.4353,754.455,1.2414,47.9,49.25,44.95,51.058,False,False,6.1587,False,True
統一-城中 x 富邦/富邦證券(裸名稱),統一-城中,富邦/富邦證券(裸名稱),2024-06-27,2406,2024-06-28,in_sample,219.2,0.2251,22837.9,23.4551,28.15,28.65,26.35,29.498,False,False,6.3943,False,True
統一-城中 x 富邦/富邦證券(裸名稱),統一-城中,富邦/富邦證券(裸名稱),2024-06-27,3202,2024-06-28,in_sample,85.5,0.4912,5842.5,33.5651,18.7,19.1,18.45,20.482,False,False,1.3369,False,True
統一-城中 x 富邦/富邦證券(裸名稱),統一-城中,富邦/富邦證券(裸名稱),2024-06-27,4909,2024-06-28,in_sample,3254.75,1.5987,10798.25,5.3038,120.0,121.0,116.5,126.42,False,False,2.9167,False,True
統一-城中 x 富邦/富邦證券(裸名稱),統一-城中,富邦/富邦證券(裸名稱),2024-06-27,6753,2024-06-28,in_sample,2115.0,1.459,1620.0,1.1175,158.0,165.0,165.0,161.7,True,False,-2.3418,False,False
統一-城中 x 富邦/富邦證券(裸名稱),統一-城中,富邦/富邦證券(裸名稱),2024-06-28,3296,2024-07-01,in_sample,92.655,0.7691,102.24,0.8487,32.2,32.2,28.8,34.398,False,False,10.559,False,True
統一-城中 x 富邦/富邦證券(裸名稱),統一-城中,富邦/富邦證券(裸名稱),2024-06-28,5452,2024-07-01,in_sample,192.85,0.5945,13589.275,41.8911,36.55,36.55,36.55,35.819,True,False,2.0,False,True
統一-城中 x 富邦/富邦證券(裸名稱),統一-城中,富邦/富邦證券(裸名稱),2024-07-01,3047,2024-07-02,in_sample,3138.135,2.3438,1185.03,0.8851,32.85,34.45,34.45,33.761,True,False,-2.7732,False,False
統一-城中 x 富邦/富邦證券(裸名稱),統一-城中,富邦/富邦證券(裸名稱),2024-07-01,8064,2024-07-02,in_sample,1674.4,0.7922,2912.0,1.3777,52.2,53.4,51.4,56.056,False,False,1.5326,False,True
統一-城中 x 富邦/富邦證券(裸名稱),統一-城中,富邦/富邦證券(裸名稱),2024-07-02,2467,2024-07-03,in_sample,6656.25,2.1907,5456.25,1.7958,197.0,206.0,206.0,201.88,True,False,-2.4772,False,False
統一-城中 x 富邦/富邦證券(裸名稱),統一-城中,富邦/富邦證券(裸名稱),2024-07-02,6443,2024-07-03,in_sample,3304.29,1.0815,1868.46,0.6116,31.9,32.25,30.95,33.761,False,False,2.9781,False,True
統一-城中 x 富邦/富邦證券(裸名稱),統一-城中,富邦/富邦證券(裸名稱),2024-07-03,3450,2024-07-04,in_sample,9006.25,2.4177,5390.0,1.4469,139.5,150.5,141.0,147.98,True,False,-6.0789,False,False
統一-城中 x 富邦/富邦證券(裸名稱),統一-城中,富邦/富邦證券(裸名稱),2024-07-04,3580,2024-07-05,in_sample,3494.4,3.1884,286.72,0.2616,94.0,98.0,93.2,96.53,True,False,-2.6915,False,False
統一-城中 x 富邦/富邦證券(裸名稱),統一-城中,富邦/富邦證券(裸名稱),2024-07-04,8028,2024-07-05,in_sample,839.8,0.543,12121.85,7.8378,116.0,121.5,121.5,119.07,True,False,-2.6466,False,False
統一-城中 x 富邦/富邦證券(裸名稱),統一-城中,富邦/富邦證券(裸名稱),2024-07-05,2427,2024-07-08,in_sample,600.95,0.4309,11983.65,8.5935,38.0,38.8,33.15,38.073,True,False,-0.1921,False,False
統一-城中 x 富邦/富邦證券(裸名稱),統一-城中,富邦/富邦證券(裸名稱),2024-07-05,3535,2024-07-08,in_sample,3005.64,2.285,671.22,0.5103,65.3,65.3,59.8,63.994,True,False,2.0,False,True
統一-城中 x 富邦/富邦證券(裸名稱),統一-城中,富邦/富邦證券(裸名稱),2024-07-05,8064,2024-07-08,in_sample,2750.8,1.2857,2978.04,1.3919,61.0,63.2,58.1,64.386,False,False,4.7541,False,True
統一-城中 x 富邦/富邦證券(裸名稱),統一-城中,富邦/富邦證券(裸名稱),2024-07-08,1528,2024-07-09,in_sample,277.1,1.7191,1209.46,7.5034,17.0,17.0,14.85,17.542,False,False,12.6471,False,True
統一-城中 x 富邦/富邦證券(裸名稱),統一-城中,富邦/富邦證券(裸名稱),2024-07-08,3047,2024-07-09,in_sample,659.43,0.4737,995.61,0.7152,44.6,46.8,39.75,46.452,True,False,-4.1525,False,False
統一-城中 x 富邦/富邦證券(裸名稱),統一-城中,富邦/富邦證券(裸名稱),2024-07-09,6811,2024-07-10,in_sample,1560.6,2.8868,673.2,1.2453,311.0,312.5,300.5,329.77,False,False,3.3762,False,True
統一-城中 x 富邦/富邦證券(裸名稱),統一-城中,富邦/富邦證券(裸名稱),2024-07-17,3073,2024-07-18,in_sample,59.08,0.411,573.92,3.9928,85.0,92.8,92.8,90.944,True,False,-6.9929,False,False
統一-城中 x 富邦/富邦證券(裸名稱),統一-城中,富邦/富邦證券(裸名稱),2024-07-17,4909,2024-07-18,in_sample,5778.0,3.4235,9922.5,5.8791,136.5,139.5,129.5,145.53,False,False,5.1282,False,True
統一-城中 x 富邦/富邦證券(裸名稱),統一-城中,富邦/富邦證券(裸名稱),2024-07-17,8054,2024-07-18,in_sample,7502.3,1.3162,22506.9,3.9487,187.0,190.0,175.0,202.86,False,False,6.4171,False,True
統一-城中 x 富邦/富邦證券(裸名稱),統一-城中,富邦/富邦證券(裸名稱),2024-07-19,4566,2024-07-22,in_sample,3068.8,1.3213,3662.4,1.5768,113.0,115.0,101.0,120.54,False,False,10.6195,False,True
統一-城中 x 富邦/富邦證券(裸名稱),統一-城中,富邦/富邦證券(裸名稱),2024-07-22,3580,2024-07-23,in_sample,442.8,0.2279,16265.52,8.3709,102.5,104.5,88.7,105.84,False,False,13.4634,False,True
統一-城中 x 富邦/富邦證券(裸名稱),統一-城中,富邦/富邦證券(裸名稱),2024-07-22,6869,2024-07-23,in_sample,330.0,0.6733,6237.0,12.7253,330.0,330.0,297.0,355.74,False,False,10.0,False,True
統一-城中 x 富邦/富邦證券(裸名稱),統一-城中,富邦/富邦證券(裸名稱),2024-07-29,2442,2024-07-30,in_sample,458.175,0.6875,353.875,0.531,37.95,38.2,36.15,40.131,False,False,4.7431,False,True
統一-城中 x 富邦/富邦證券(裸名稱),統一-城中,富邦/富邦證券(裸名稱),2024-07-30,3374,2024-07-31,in_sample,7642.35,1.8599,21045.15,5.1216,228.0,236.0,234.5,246.96,False,False,-2.8509,False,False
統一-城中 x 富邦/富邦證券(裸名稱),統一-城中,富邦/富邦證券(裸名稱),2024-08-01,4714,2024-08-02,in_sample,403.13,1.7226,786.325,3.3601,21.65,22.1,21.3,23.863,False,False,1.6166,False,True
統一-城中 x 富邦/富邦證券(裸名稱),統一-城中,富邦/富邦證券(裸名稱),2024-08-01,8054,2024-08-02,in_sample,2167.75,0.5015,5353.4,1.2385,181.0,186.0,178.0,202.86,False,False,1.6575,False,True
統一-城中 x 富邦/富邦證券(裸名稱),統一-城中,富邦/富邦證券(裸名稱),2024-08-01,9906,2024-08-02,in_sample,1281.0,1.3314,683.2,0.7101,218.0,227.0,208.0,229.81,False,False,4.5872,False,True
統一-城中 x 富邦/富邦證券(裸名稱),統一-城中,富邦/富邦證券(裸名稱),2024-08-07,3231,2024-08-08,in_sample,4660.5,0.9048,3324.75,0.6455,95.0,95.8,94.8,104.86,False,False,0.2105,False,True
統一-城中 x 富邦/富邦證券(裸名稱),統一-城中,富邦/富邦證券(裸名稱),2024-08-07,3693,2024-08-08,in_sample,181.0,0.8288,217.2,0.9946,355.5,376.0,375.0,390.04,False,False,-5.4852,False,False
統一-城中 x 富邦/富邦證券(裸名稱),統一-城中,富邦/富邦證券(裸名稱),2024-08-09,8374,2024-08-12,in_sample,6410.6,3.7023,665.0,0.3841,138.0,140.5,122.5,143.08,False,False,11.2319,False,True
統一-城中 x 富邦/富邦證券(裸名稱),統一-城中,富邦/富邦證券(裸名稱),2024-08-14,5364,2024-08-15,in_sample,165.75,3.7648,59.67,1.3553,34.0,36.45,36.15,35.721,True,False,-5.0618,False,False
統一-城中 x 富邦/富邦證券(裸名稱),統一-城中,富邦/富邦證券(裸名稱),2024-08-14,8374,2024-08-15,in_sample,1032.5,2.1351,2876.25,5.9477,152.0,154.0,147.0,158.76,False,False,3.2895,False,True
統一-城中 x 富邦/富邦證券(裸名稱),統一-城中,富邦/富邦證券(裸名稱),2024-08-19,3535,2024-08-20,in_sample,3940.09,3.5362,3954.71,3.5494,75.5,80.4,80.4,78.792,True,False,-4.3603,False,False
統一-城中 x 富邦/富邦證券(裸名稱),統一-城中,富邦/富邦證券(裸名稱),2024-08-19,4909,2024-08-20,in_sample,5389.65,2.3201,9996.3,4.3031,132.0,132.5,128.5,140.63,False,False,2.6515,False,True
統一-城中 x 富邦/富邦證券(裸名稱),統一-城中,富邦/富邦證券(裸名稱),2024-08-19,8089,2024-08-20,in_sample,1935.0,3.3074,877.2,1.4994,134.0,141.5,141.5,138.67,True,False,-3.4851,False,False
統一-城中 x 富邦/富邦證券(裸名稱),統一-城中,富邦/富邦證券(裸名稱),2024-08-22,3189,2024-08-23,in_sample,5243.2,2.8455,7062.5,3.8329,114.5,115.5,112.5,121.52,False,False,1.7467,False,True
統一-城中 x 富邦/富邦證券(裸名稱),統一-城中,富邦/富邦證券(裸名稱),2024-08-23,5481,2024-08-26,in_sample,52.44,0.388,82.08,0.6074,23.3,25.05,23.5,24.549,True,False,-5.3605,False,False
統一-城中 x 富邦/富邦證券(裸名稱),統一-城中,富邦/富邦證券(裸名稱),2024-08-30,6658,2024-09-02,in_sample,248.7,0.3531,829.0,1.1769,86.0,89.0,80.6,89.278,False,False,6.2791,False,True
統一-城中 x 富邦/富邦證券(裸名稱),統一-城中,富邦/富邦證券(裸名稱),2024-09-03,1540,2024-09-04,in_sample,2150.71,2.1012,965.35,0.9431,44.5,46.65,46.5,48.363,False,False,-4.4944,False,False
統一-城中 x 富邦/富邦證券(裸名稱),統一-城中,富邦/富邦證券(裸名稱),2024-09-12,4510,2024-09-13,in_sample,1701.34,0.6194,771.0,0.2807,53.0,53.4,49.3,55.37,False,False,6.9811,False,True
統一-城中 x 富邦/富邦證券(裸名稱),統一-城中,富邦/富邦證券(裸名稱),2024-09-13,6706,2024-09-16,in_sample,982.1,0.3099,16083.9,5.0759,166.0,177.0,171.0,173.46,True,False,-4.494,False,False
統一-城中 x 富邦/富邦證券(裸名稱),統一-城中,富邦/富邦證券(裸名稱),2024-09-16,2477,2024-09-18,in_sample,3366.375,5.8386,475.875,0.8254,35.1,35.9,33.2,37.975,False,False,5.4131,False,True
統一-城中 x 富邦/富邦證券(裸名稱),統一-城中,富邦/富邦證券(裸名稱),2024-09-18,2399,2024-09-19,in_sample,941.695,0.535,1954.515,1.1104,29.5,31.25,31.25,30.625,True,False,-3.8136,False,False
統一-城中 x 富邦/富邦證券(裸名稱),統一-城中,富邦/富邦證券(裸名稱),2024-09-18,5234,2024-09-19,in_sample,2087.4,0.8407,3131.1,1.2611,259.0,267.0,244.0,267.54,False,False,5.7915,False,True
統一-城中 x 富邦/富邦證券(裸名稱),統一-城中,富邦/富邦證券(裸名稱),2024-09-18,5438,2024-09-19,in_sample,419.78,1.1654,152.9,0.4245,28.75,28.75,27.05,29.939,False,False,5.913,False,True
統一-城中 x 富邦/富邦證券(裸名稱),統一-城中,富邦/富邦證券(裸名稱),2024-09-19,3227,2024-09-20,in_sample,2562.0,0.8014,13395.6,4.1904,249.5,267.5,259.0,262.64,True,False,-5.2665,False,False
統一-城中 x 富邦/富邦證券(裸名稱),統一-城中,富邦/富邦證券(裸名稱),2024-09-19,6104,2024-09-20,in_sample,2140.6,0.8527,23226.9,9.2525,142.0,152.5,138.5,149.45,True,False,-5.2465,False,False
統一-城中 x 富邦/富邦證券(裸名稱),統一-城中,富邦/富邦證券(裸名稱),2024-09-20,1727,2024-09-23,in_sample,1865.595,2.45,1263.12,1.6588,43.35,44.0,40.25,44.786,False,False,7.1511,False,True
統一-城中 x 富邦/富邦證券(裸名稱),統一-城中,富邦/富邦證券(裸名稱),2024-09-23,6405,2024-09-24,in_sample,1150.2,2.2797,856.26,1.6971,43.6,44.35,40.0,45.913,False,False,8.2569,False,True
統一-城中 x 富邦/富邦證券(裸名稱),統一-城中,富邦/富邦證券(裸名稱),2024-09-24,3550,2024-09-25,in_sample,1205.1,0.9271,792.675,0.6098,30.4,31.9,28.2,31.507,True,False,-3.6414,False,False
統一-城中 x 富邦/富邦證券(裸名稱),統一-城中,富邦/富邦證券(裸名稱),2024-09-24,4903,2024-09-25,in_sample,1394.255,2.7336,2225.215,4.3629,40.0,40.75,38.65,43.022,False,False,3.375,False,True
統一-城中 x 富邦/富邦證券(裸名稱),統一-城中,富邦/富邦證券(裸名稱),2024-09-25,3013,2024-09-26,in_sample,4952.5,0.8002,6820.3,1.102,144.5,145.0,141.5,152.39,False,False,2.0761,False,True
統一-城中 x 富邦/富邦證券(裸名稱),統一-城中,富邦/富邦證券(裸名稱),2024-09-27,1802,2024-09-30,in_sample,1691.575,3.2902,765.025,1.488,18.45,19.15,18.7,19.11,True,False,-3.5772,False,False
統一-城中 x 富邦/富邦證券(裸名稱),統一-城中,富邦/富邦證券(裸名稱),2024-09-27,2605,2024-09-30,in_sample,1248.21,0.8324,15044.85,10.0326,30.75,31.4,29.9,32.487,False,False,2.7642,False,True
統一-城中 x 富邦/富邦證券(裸名稱),統一-城中,富邦/富邦證券(裸名稱),2024-10-01,4903,2024-10-04,in_sample,802.19,0.8673,562.36,0.608,42.65,45.45,45.45,44.541,True,False,-4.4338,False,False
統一-城中 x 富邦/富邦證券(裸名稱),統一-城中,富邦/富邦證券(裸名稱),2024-10-01,8111,2024-10-04,in_sample,1794.36,1.2148,574.51,0.389,42.5,43.25,43.25,42.385,True,False,0.2706,False,True
統一-城中 x 富邦/富邦證券(裸名稱),統一-城中,富邦/富邦證券(裸名稱),2024-10-07,2399,2024-10-08,in_sample,4268.61,2.3736,7353.0,4.0888,40.6,41.45,39.75,41.699,False,False,2.0936,False,True
統一-城中 x 富邦/富邦證券(裸名稱),統一-城中,富邦/富邦證券(裸名稱),2024-10-07,3149,2024-10-08,in_sample,1570.8,1.5466,7195.65,7.0846,39.3,40.2,38.35,41.503,False,False,2.4173,False,True
統一-城中 x 富邦/富邦證券(裸名稱),統一-城中,富邦/富邦證券(裸名稱),2024-10-08,3025,2024-10-09,in_sample,3004.83,0.8328,8570.88,2.3754,85.0,91.0,82.6,90.16,True,False,-6.0706,False,False
統一-城中 x 富邦/富邦證券(裸名稱),統一-城中,富邦/富邦證券(裸名稱),2024-10-08,5386,2024-10-09,in_sample,429.14,1.8043,9980.0,41.96,103.0,104.0,93.4,107.31,False,False,9.3204,False,True
統一-城中 x 富邦/富邦證券(裸名稱),統一-城中,富邦/富邦證券(裸名稱),2024-10-09,4903,2024-10-11,in_sample,3092.3,2.6459,262.15,0.2243,55.6,56.7,53.4,57.624,False,False,3.9568,False,True
統一-城中 x 富邦/富邦證券(裸名稱),統一-城中,富邦/富邦證券(裸名稱),2024-10-16,4562,2024-10-17,in_sample,2455.28,7.5242,1103.57,3.3819,67.4,71.8,71.8,70.364,True,False,-4.3976,False,False
統一-城中 x 富邦/富邦證券(裸名稱),統一-城中,富邦/富邦證券(裸名稱),2024-10-16,6658,2024-10-17,in_sample,1405.44,0.5014,3757.6,1.3406,102.5,106.0,95.3,104.86,True,False,-2.3024,False,False
統一-城中 x 富邦/富邦證券(裸名稱),統一-城中,富邦/富邦證券(裸名稱),2024-10-16,8374,2024-10-17,in_sample,5170.4,5.6615,2838.1,3.1077,145.5,151.5,141.5,151.41,True,False,-4.0619,False,False
統一-城中 x 富邦/富邦證券(裸名稱),統一-城中,富邦/富邦證券(裸名稱),2024-10-17,1540,2024-10-18,in_sample,3389.2,3.9273,2267.1,2.6271,46.55,48.5,45.2,49.294,False,False,2.9001,False,True
統一-城中 x 富邦/富邦證券(裸名稱),統一-城中,富邦/富邦證券(裸名稱),2024-10-17,3031,2024-10-18,in_sample,317.44,1.3376,3110.4,13.1065,25.9,26.2,23.95,27.587,False,False,7.529,False,True
統一-城中 x 富邦/富邦證券(裸名稱),統一-城中,富邦/富邦證券(裸名稱),2024-10-17,4542,2024-10-18,in_sample,329.15,0.21,4086.0,2.6065,116.0,120.0,106.5,122.01,False,False,8.1897,False,True
統一-城中 x 富邦/富邦證券(裸名稱),統一-城中,富邦/富邦證券(裸名稱),2024-10-17,4562,2024-10-18,in_sample,5377.82,4.13,524.14,0.4025,73.5,78.0,69.8,77.322,True,False,-5.2,False,False
統一-城中 x 富邦/富邦證券(裸名稱),統一-城中,富邦/富邦證券(裸名稱),2024-10-21,4729,2024-10-22,in_sample,59.925,0.1453,3317.025,8.0442,36.1,37.35,33.4,37.975,False,False,7.4792,False,True
統一-城中 x 富邦/富邦證券(裸名稱),統一-城中,富邦/富邦證券(裸名稱),2024-10-25,3447,2024-10-28,in_sample,5261.28,4.4988,613.04,0.5242,80.0,81.8,81.4,83.594,False,False,-1.75,False,False
統一-城中 x 富邦/富邦證券(裸名稱),統一-城中,富邦/富邦證券(裸名稱),2024-10-29,1528,2024-10-30,in_sample,888.25,1.1385,1243.55,1.5939,21.5,22.95,21.15,22.491,True,False,-4.6093,False,False
統一-城中 x 富邦/富邦證券(裸名稱),統一-城中,富邦/富邦證券(裸名稱),2024-11-01,4991,2024-11-04,in_sample,810.7,1.2651,4856.83,7.5791,75.8,81.0,81.0,79.38,True,False,-4.723,False,False
統一-城中 x 富邦/富邦證券(裸名稱),統一-城中,富邦/富邦證券(裸名稱),2024-11-04,5460,2024-11-05,in_sample,702.53,6.4536,400.83,3.6821,21.55,22.7,20.75,23.226,False,False,3.7123,False,True
統一-城中 x 富邦/富邦證券(裸名稱),統一-城中,富邦/富邦證券(裸名稱),2024-11-04,6530,2024-11-05,in_sample,5771.16,5.4338,1564.92,1.4734,85.9,86.7,82.3,89.18,False,False,4.1909,False,True
統一-城中 x 富邦/富邦證券(裸名稱),統一-城中,富邦/富邦證券(裸名稱),2024-11-04,8047,2024-11-05,in_sample,144.625,1.9437,438.325,5.891,23.8,23.9,21.45,23.961,False,False,9.8739,False,True
統一-城中 x 富邦/富邦證券(裸名稱),統一-城中,富邦/富邦證券(裸名稱),2024-11-06,3552,2024-11-07,in_sample,101.5,0.6338,2111.2,13.1836,107.0,110.5,103.5,109.27,True,False,-2.1215,False,False
統一-城中 x 富邦/富邦證券(裸名稱),統一-城中,富邦/富邦證券(裸名稱),2024-11-08,3706,2024-11-11,in_sample,6247.8,1.2513,54361.8,10.8879,59.4,59.4,59.4,58.212,True,True,2.0,False,True
統一-城中 x 富邦/富邦證券(裸名稱),統一-城中,富邦/富邦證券(裸名稱),2024-11-13,4931,2024-11-14,in_sample,1637.84,0.8626,8850.0,4.6611,49.55,51.9,48.5,50.862,True,False,-2.6478,False,False
統一-城中 x 富邦/富邦證券(裸名稱),統一-城中,富邦/富邦證券(裸名稱),2024-11-13,6859,2024-11-14,in_sample,2684.1,5.0608,564.05,1.0635,198.5,198.5,195.0,209.23,False,False,1.7632,False,True
統一-城中 x 富邦/富邦證券(裸名稱),統一-城中,富邦/富邦證券(裸名稱),2024-11-14,3580,2024-11-15,in_sample,860.0,1.8236,10954.25,23.2275,109.5,113.0,109.0,115.64,False,False,0.4566,False,True
統一-城中 x 富邦/富邦證券(裸名稱),統一-城中,富邦/富邦證券(裸名稱),2024-11-18,3511,2024-11-19,in_sample,2044.29,5.2567,238.09,0.6122,42.0,45.15,45.15,44.247,True,False,-5.35,False,False
統一-城中 x 富邦/富邦證券(裸名稱),統一-城中,富邦/富邦證券(裸名稱),2024-11-18,4577,2024-11-19,in_sample,177.19,1.9931,171.08,1.9244,31.5,31.6,29.3,32.928,False,False,6.9841,False,True
統一-城中 x 富邦/富邦證券(裸名稱),統一-城中,富邦/富邦證券(裸名稱),2024-11-18,8104,2024-11-19,in_sample,3887.52,4.8443,5708.46,7.1134,52.5,52.9,50.6,57.526,False,False,3.619,False,True
統一-城中 x 富邦/富邦證券(裸名稱),統一-城中,富邦/富邦證券(裸名稱),2024-11-19,1569,2024-11-20,in_sample,2470.0,7.5011,1768.52,5.3708,49.35,54.3,54.3,53.214,True,False,-7.8298,False,False
統一-城中 x 富邦/富邦證券(裸名稱),統一-城中,富邦/富邦證券(裸名稱),2024-11-19,3511,2024-11-20,in_sample,4058.985,2.9696,419.895,0.3072,47.5,47.55,44.25,48.657,False,False,6.8421,False,True
統一-城中 x 富邦/富邦證券(裸名稱),統一-城中,富邦/富邦證券(裸名稱),2024-11-22,5314,2024-11-25,in_sample,1710.0,4.6662,273.6,0.7466,345.5,368.0,358.0,368.48,False,False,-3.6179,False,False
統一-城中 x 富邦/富邦證券(裸名稱),統一-城中,富邦/富邦證券(裸名稱),2024-11-25,3323,2024-11-26,in_sample,2668.995,4.1929,1934.73,3.0394,39.4,40.75,40.75,41.846,False,False,-3.4264,False,False
統一-城中 x 富邦/富邦證券(裸名稱),統一-城中,富邦/富邦證券(裸名稱),2024-11-26,4562,2024-11-27,in_sample,2555.92,1.537,3239.48,1.948,76.0,77.2,68.0,80.066,False,False,10.5263,False,True
統一-城中 x 富邦/富邦證券(裸名稱),統一-城中,富邦/富邦證券(裸名稱),2024-11-29,3323,2024-12-02,in_sample,3177.5,1.757,323.9,0.1791,43.65,45.1,43.0,44.198,True,False,-1.2554,False,False
統一-城中 x 富邦/富邦證券(裸名稱),統一-城中,富邦/富邦證券(裸名稱),2024-12-02,3558,2024-12-03,in_sample,3450.4,3.2255,2724.0,2.5465,230.0,235.0,229.0,244.51,False,False,0.4348,False,True
統一-城中 x 富邦/富邦證券(裸名稱),統一-城中,富邦/富邦證券(裸名稱),2024-12-04,1815,2024-12-05,in_sample,4227.755,1.089,12306.925,3.1701,31.6,32.55,30.5,32.683,False,False,3.481,False,True
統一-城中 x 富邦/富邦證券(裸名稱),統一-城中,富邦/富邦證券(裸名稱),2024-12-04,2375,2024-12-05,in_sample,3527.5,2.6158,830.0,0.6155,85.4,90.1,82.4,89.474,True,False,-4.7705,False,False
統一-城中 x 富邦/富邦證券(裸名稱),統一-城中,富邦/富邦證券(裸名稱),2024-12-04,3090,2024-12-05,in_sample,3306.5,1.8825,801.34,0.4562,79.0,84.3,76.7,83.79,True,False,-6.0633,False,False
統一-城中 x 富邦/富邦證券(裸名稱),統一-城中,富邦/富邦證券(裸名稱),2024-12-05,3029,2024-12-06,in_sample,1881.5,0.8127,22617.75,9.7696,134.5,145.5,145.5,142.59,True,False,-6.0149,False,False
統一-城中 x 富邦/富邦證券(裸名稱),統一-城中,富邦/富邦證券(裸名稱),2024-12-09,1449,2024-12-10,in_sample,1813.13,2.766,1932.645,2.9483,29.15,29.3,26.25,31.409,False,False,9.9485,False,True
統一-城中 x 富邦/富邦證券(裸名稱),統一-城中,富邦/富邦證券(裸名稱),2024-12-12,4540,2024-12-13,in_sample,1406.16,2.8825,2116.8,4.3393,51.6,55.0,52.5,54.292,True,False,-5.2171,False,False
統一-城中 x 富邦/富邦證券(裸名稱),統一-城中,富邦/富邦證券(裸名稱),2024-12-18,6558,2024-12-19,in_sample,1524.18,2.2009,217.74,0.3144,37.8,39.2,38.1,41.16,False,False,-0.7937,False,False
統一-城中 x 富邦/富邦證券(裸名稱),統一-城中,富邦/富邦證券(裸名稱),2024-12-23,2365,2024-12-24,in_sample,7900.06,1.3872,3234.63,0.568,51.1,52.4,49.85,55.076,False,False,2.4462,False,True
統一-城中 x 富邦/富邦證券(裸名稱),統一-城中,富邦/富邦證券(裸名稱),2024-12-25,3211,2024-12-26,in_sample,5527.95,0.936,10583.25,1.7919,209.5,225.0,216.5,221.48,True,False,-5.7184,False,False
統一-城中 x 富邦/富邦證券(裸名稱),統一-城中,富邦/富邦證券(裸名稱),2024-12-26,4931,2024-12-27,in_sample,4001.5,0.6313,7723.65,1.2185,78.0,78.7,69.6,81.34,False,False,10.7692,False,True
統一-城中 x 富邦/富邦證券(裸名稱),統一-城中,富邦/富邦證券(裸名稱),2025-01-03,6215,2025-01-06,in_sample,4439.3,1.7682,2276.3,0.9067,106.5,112.5,105.0,110.74,True,False,-3.9812,False,False
統一-城中 x 富邦/富邦證券(裸名稱),統一-城中,富邦/富邦證券(裸名稱),2025-01-07,6672,2025-01-08,in_sample,105.75,3.1808,2234.85,67.2216,74.6,77.5,77.5,75.95,True,False,-1.8097,False,False
統一-城中 x 富邦/富邦證券(裸名稱),統一-城中,富邦/富邦證券(裸名稱),2025-01-08,3645,2025-01-09,in_sample,3339.82,1.393,452.2,0.1886,67.8,71.0,66.4,69.58,True,False,-2.6254,False,False
統一-城中 x 富邦/富邦證券(裸名稱),統一-城中,富邦/富邦證券(裸名稱),2025-01-10,3454,2025-01-13,in_sample,24.2,0.2377,3412.2,33.5181,120.5,123.5,111.5,130.34,False,False,7.4689,False,True
統一-城中 x 富邦/富邦證券(裸名稱),統一-城中,富邦/富邦證券(裸名稱),2025-01-16,4991,2025-01-17,in_sample,4380.3,1.3252,9332.55,2.8234,138.5,140.5,126.0,149.94,False,False,9.0253,False,True
統一-城中 x 富邦/富邦證券(裸名稱),統一-城中,富邦/富邦證券(裸名稱),2025-01-16,6558,2025-01-17,in_sample,3022.32,0.7217,1973.76,0.4713,54.6,55.5,51.1,55.37,True,False,-1.4103,False,False
統一-城中 x 富邦/富邦證券(裸名稱),統一-城中,富邦/富邦證券(裸名稱),2025-01-20,6215,2025-01-21,in_sample,757.25,0.1776,11288.85,2.6483,119.5,121.5,113.5,125.44,False,False,5.0209,False,True
統一-城中 x 富邦/富邦證券(裸名稱),統一-城中,富邦/富邦證券(裸名稱),2025-02-04,6140,2025-02-05,in_sample,162.0,0.6304,2436.0,9.479,31.1,33.0,33.0,32.34,True,False,-3.9871,False,False
統一-城中 x 富邦/富邦證券(裸名稱),統一-城中,富邦/富邦證券(裸名稱),2025-02-05,3088,2025-02-06,in_sample,3976.2,4.7966,7303.8,8.8107,146.5,155.0,148.0,151.9,True,False,-3.686,False,False
統一-城中 x 富邦/富邦證券(裸名稱),統一-城中,富邦/富邦證券(裸名稱),2025-02-07,2453,2025-02-10,in_sample,2879.55,2.378,931.41,0.7692,71.0,71.1,66.5,76.636,False,False,6.338,False,True
統一-城中 x 富邦/富邦證券(裸名稱),統一-城中,富邦/富邦證券(裸名稱),2025-02-07,3029,2025-02-10,in_sample,11377.8,2.0503,15245.65,2.7474,152.5,154.5,147.5,162.19,False,False,3.2787,False,True
統一-城中 x 富邦/富邦證券(裸名稱),統一-城中,富邦/富邦證券(裸名稱),2025-02-07,6148,2025-02-10,in_sample,2385.015,2.3756,215.73,0.2149,39.65,41.35,38.45,43.022,False,False,3.0265,False,True
統一-城中 x 富邦/富邦證券(裸名稱),統一-城中,富邦/富邦證券(裸名稱),2025-02-11,1540,2025-02-12,in_sample,66.12,0.5377,3772.32,30.6776,34.55,35.0,34.0,37.485,False,False,1.5919,False,True
統一-城中 x 富邦/富邦證券(裸名稱),統一-城中,富邦/富邦證券(裸名稱),2025-02-11,3515,2025-02-12,in_sample,1807.2,4.0937,5371.4,12.1674,256.0,261.0,256.0,270.48,False,False,0.0,False,False
統一-城中 x 富邦/富邦證券(裸名稱),統一-城中,富邦/富邦證券(裸名稱),2025-02-11,5381,2025-02-12,in_sample,23.2,1.0488,788.8,35.6579,23.95,24.4,23.5,24.99,False,False,1.8789,False,True
統一-城中 x 富邦/富邦證券(裸名稱),統一-城中,富邦/富邦證券(裸名稱),2025-02-17,3379,2025-02-18,in_sample,167.62,0.6876,4606.66,18.8973,63.5,63.5,63.5,62.23,True,False,2.0,False,True
統一-城中 x 富邦/富邦證券(裸名稱),統一-城中,富邦/富邦證券(裸名稱),2025-02-17,8234,2025-02-18,in_sample,4214.4,2.2671,491.68,0.2645,89.9,93.6,90.0,94.57,False,False,-0.1112,False,False
統一-城中 x 富邦/富邦證券(裸名稱),統一-城中,富邦/富邦證券(裸名稱),2025-02-19,6140,2025-02-20,in_sample,1007.1,2.3633,223.8,0.5252,38.3,38.85,36.15,40.18,False,False,5.6136,False,True
統一-城中 x 富邦/富邦證券(裸名稱),統一-城中,富邦/富邦證券(裸名稱),2025-02-20,1519,2025-02-21,in_sample,17506.3,1.6564,22801.8,2.1575,629.0,676.0,635.0,671.3,True,False,-6.725,False,False
統一-城中 x 富邦/富邦證券(裸名稱),統一-城中,富邦/富邦證券(裸名稱),2025-02-20,4770,2025-02-21,in_sample,2401.95,2.8059,752.85,0.8795,354.0,362.0,341.0,386.12,False,False,3.6723,False,True
統一-城中 x 富邦/富邦證券(裸名稱),統一-城中,富邦/富邦證券(裸名稱),2025-02-21,1569,2025-02-24,in_sample,5677.42,2.5082,3924.76,1.7339,74.5,76.1,73.3,80.654,False,False,1.6107,False,True
統一-城中 x 富邦/富邦證券(裸名稱),統一-城中,富邦/富邦證券(裸名稱),2025-02-21,3379,2025-02-24,in_sample,2879.08,3.8792,1770.2,2.3851,67.7,73.4,73.4,71.932,True,False,-6.2511,False,False
統一-城中 x 富邦/富邦證券(裸名稱),統一-城中,富邦/富邦證券(裸名稱),2025-03-17,8096,2025-03-18,in_sample,3223.88,0.461,8856.32,1.2663,77.8,79.2,72.4,80.556,False,False,6.9409,False,True
統一-城中 x 富邦/富邦證券(裸名稱),統一-城中,富邦/富邦證券(裸名稱),2025-03-18,3162,2025-03-19,in_sample,2724.92,1.6797,5624.37,3.4669,57.0,59.5,57.9,60.662,False,False,-1.5789,False,False
統一-城中 x 富邦/富邦證券(裸名稱),統一-城中,富邦/富邦證券(裸名稱),2025-03-18,6117,2025-03-19,in_sample,2322.6,1.0707,1907.85,0.8795,120.0,121.5,111.0,127.4,False,False,7.5,False,True
統一-城中 x 富邦/富邦證券(裸名稱),統一-城中,富邦/富邦證券(裸名稱),2025-03-18,6558,2025-03-19,in_sample,2947.2,2.1456,356.12,0.2593,64.3,65.0,60.9,66.15,False,False,5.2877,False,True
統一-城中 x 富邦/富邦證券(裸名稱),統一-城中,富邦/富邦證券(裸名稱),2025-03-20,3022,2025-03-21,in_sample,3657.5,2.5292,6123.7,4.2346,104.5,104.5,99.0,112.21,False,False,5.2632,False,True
統一-城中 x 富邦/富邦證券(裸名稱),統一-城中,富邦/富邦證券(裸名稱),2025-03-24,6140,2025-03-25,in_sample,989.48,0.5869,371.055,0.2201,46.75,46.9,46.9,45.962,True,False,1.6856,False,True
統一-城中 x 富邦/富邦證券(裸名稱),統一-城中,富邦/富邦證券(裸名稱),2025-03-24,8383,2025-03-25,in_sample,1128.5,1.857,244.0,0.4015,61.5,64.4,57.4,65.758,False,False,6.6667,False,True
統一-城中 x 富邦/富邦證券(裸名稱),統一-城中,富邦/富邦證券(裸名稱),2025-03-25,3287,2025-03-26,in_sample,36.4,1.5999,18.2,0.8,38.75,40.0,40.0,39.2,True,False,-1.1613,False,False
統一-城中 x 富邦/富邦證券(裸名稱),統一-城中,富邦/富邦證券(裸名稱),2025-03-26,5202,2025-03-27,in_sample,526.35,0.4837,5193.32,4.7721,32.5,33.7,29.1,34.349,False,False,10.4615,False,True
統一-城中 x 富邦/富邦證券(裸名稱),統一-城中,富邦/富邦證券(裸名稱),2025-03-28,4541,2025-03-31,in_sample,6886.36,2.7441,5330.0,2.1239,54.2,58.6,48.5,57.428,True,False,-5.9557,False,False
統一-城中 x 富邦/富邦證券(裸名稱),統一-城中,富邦/富邦證券(裸名稱),2025-04-01,2634,2025-04-02,in_sample,10146.68,3.2826,1850.72,0.5987,54.0,55.5,52.2,57.918,False,False,3.3333,False,True
統一-城中 x 富邦/富邦證券(裸名稱),統一-城中,富邦/富邦證券(裸名稱),2025-04-10,2367,2025-04-11,in_sample,130.5,1.2945,113.1,1.1219,20.35,21.9,21.85,23.422,False,False,-7.371,False,False
統一-城中 x 富邦/富邦證券(裸名稱),統一-城中,富邦/富邦證券(裸名稱),2025-04-10,3665,2025-04-11,in_sample,2065.0,4.1409,4997.3,10.0211,381.0,454.0,454.0,444.92,True,False,-16.7769,False,False
統一-城中 x 富邦/富邦證券(裸名稱),統一-城中,富邦/富邦證券(裸名稱),2025-04-10,8028,2025-04-11,in_sample,999.0,5.8153,499.5,2.9077,92.6,104.0,104.0,107.31,False,False,-12.311,False,False
統一-城中 x 富邦/富邦證券(裸名稱),統一-城中,富邦/富邦證券(裸名稱),2025-04-16,3466,2025-04-17,in_sample,76.8,0.6844,460.8,4.1062,38.8,41.8,40.65,41.356,True,False,-6.5876,False,False
統一-城中 x 富邦/富邦證券(裸名稱),統一-城中,富邦/富邦證券(裸名稱),2025-04-16,6829,2025-04-17,in_sample,2693.1,2.5716,1297.2,1.2387,141.0,141.0,127.0,151.9,False,False,9.9291,False,True
統一-城中 x 富邦/富邦證券(裸名稱),統一-城中,富邦/富邦證券(裸名稱),2025-04-18,3287,2025-04-21,in_sample,2361.88,15.129,51.72,0.3313,45.9,46.55,39.5,46.452,True,False,-1.2026,False,False
統一-城中 x 富邦/富邦證券(裸名稱),統一-城中,富邦/富邦證券(裸名稱),2025-04-23,5269,2025-04-24,in_sample,981.0,0.4921,2125.5,1.0662,1660.0,1710.0,1620.0,1759.1,False,False,2.4096,False,True
統一-城中 x 富邦/富邦證券(裸名稱),統一-城中,富邦/富邦證券(裸名稱),2025-04-24,8072,2025-04-25,in_sample,2785.185,7.4261,623.415,1.6622,48.45,49.3,49.3,48.314,True,False,0.2807,False,True
統一-城中 x 富邦/富邦證券(裸名稱),統一-城中,富邦/富邦證券(裸名稱),2025-05-02,2360,2025-05-05,in_sample,385.8,0.3225,21862.0,18.2742,323.5,327.0,315.0,346.43,False,False,2.6275,False,True
統一-城中 x 富邦/富邦證券(裸名稱),統一-城中,富邦/富邦證券(裸名稱),2025-05-06,4541,2025-05-07,in_sample,6224.68,4.5179,8897.57,6.4578,52.9,52.9,50.3,55.664,False,False,4.9149,False,True
統一-城中 x 富邦/富邦證券(裸名稱),統一-城中,富邦/富邦證券(裸名稱),2025-05-06,8222,2025-05-07,in_sample,9124.88,2.4575,4789.56,1.2899,67.0,69.5,65.0,71.932,False,False,2.9851,False,True
統一-城中 x 富邦/富邦證券(裸名稱),統一-城中,富邦/富邦證券(裸名稱),2025-05-08,2429,2025-05-09,in_sample,345.96,0.9059,340.38,0.8913,57.5,58.5,53.9,60.074,False,False,6.2609,False,True
統一-城中 x 富邦/富邦證券(裸名稱),統一-城中,富邦/富邦證券(裸名稱),2025-05-09,4979,2025-05-12,in_sample,7619.4,1.0444,6357.8,0.8714,170.0,171.5,163.5,178.85,False,False,3.8235,False,True
統一-城中 x 富邦/富邦證券(裸名稱),統一-城中,富邦/富邦證券(裸名稱),2025-05-09,6757,2025-05-12,in_sample,5637.6,1.8951,6458.4,2.171,109.0,109.0,99.7,116.13,False,False,8.5321,False,True
統一-城中 x 富邦/富邦證券(裸名稱),統一-城中,富邦/富邦證券(裸名稱),2025-05-13,8088,2025-05-14,in_sample,1922.96,4.7179,488.48,1.1985,35.85,37.8,36.3,37.044,True,False,-3.3305,False,False
統一-城中 x 富邦/富邦證券(裸名稱),統一-城中,富邦/富邦證券(裸名稱),2025-05-16,6412,2025-05-19,in_sample,1160.0,3.4974,3190.0,9.6178,116.5,126.5,124.0,124.95,True,False,-7.2532,False,False
統一-城中 x 富邦/富邦證券(裸名稱),統一-城中,富邦/富邦證券(裸名稱),2025-05-20,5251,2025-05-21,in_sample,1510.86,2.5596,689.52,1.1681,51.7,55.6,51.2,54.586,True,False,-5.5822,False,False
統一-城中 x 富邦/富邦證券(裸名稱),統一-城中,富邦/富邦證券(裸名稱),2025-05-21,3004,2025-05-22,in_sample,282.15,0.2182,727.65,0.5627,153.0,153.0,146.5,159.74,False,False,4.2484,False,True
統一-城中 x 富邦/富邦證券(裸名稱),統一-城中,富邦/富邦證券(裸名稱),2025-05-23,3297,2025-05-26,in_sample,1386.0,2.6208,352.44,0.6664,41.0,43.55,43.55,42.679,True,False,-4.0951,False,False
統一-城中 x 富邦/富邦證券(裸名稱),統一-城中,富邦/富邦證券(裸名稱),2025-06-12,2468,2025-06-13,in_sample,6376.7,3.5781,1514.04,0.8496,68.5,70.7,67.4,73.5,False,False,1.6058,False,True
統一-城中 x 富邦/富邦證券(裸名稱),統一-城中,富邦/富邦證券(裸名稱),2025-06-12,6148,2025-06-13,in_sample,2490.21,1.7933,1242.0,0.8944,62.1,63.0,60.2,66.934,False,False,3.0596,False,True
統一-城中 x 富邦/富邦證券(裸名稱),統一-城中,富邦/富邦證券(裸名稱),2025-06-16,4991,2025-06-17,in_sample,9036.3,2.3292,4984.86,1.2849,104.0,105.0,97.4,106.82,False,False,6.3462,False,True
統一-城中 x 富邦/富邦證券(裸名稱),統一-城中,富邦/富邦證券(裸名稱),2025-06-17,5475,2025-06-18,in_sample,58.19,0.82,417.45,5.8824,26.9,27.8,27.7,27.244,True,False,-1.2788,False,False
統一-城中 x 富邦/富邦證券(裸名稱),統一-城中,富邦/富邦證券(裸名稱),2025-06-20,3297,2025-06-23,in_sample,757.35,2.1805,257.04,0.7401,47.15,48.5,48.05,49.392,False,False,-1.9088,False,False
統一-城中 x 富邦/富邦證券(裸名稱),統一-城中,富邦/富邦證券(裸名稱),2025-06-20,5251,2025-06-23,in_sample,2789.22,1.1085,9798.81,3.8943,62.5,64.7,58.7,65.562,False,False,6.08,False,True
統一-城中 x 富邦/富邦證券(裸名稱),統一-城中,富邦/富邦證券(裸名稱),2025-06-24,4510,2025-06-25,in_sample,1921.92,3.0534,1177.44,1.8706,53.6,53.8,50.9,56.84,False,False,5.0373,False,True
統一-城中 x 富邦/富邦證券(裸名稱),統一-城中,富邦/富邦證券(裸名稱),2025-06-24,8072,2025-06-25,in_sample,1123.6,1.5909,1955.7,2.7691,53.6,54.5,51.2,57.134,False,False,4.4776,False,True
統一-城中 x 富邦/富邦證券(裸名稱),統一-城中,富邦/富邦證券(裸名稱),2025-06-25,8054,2025-06-26,in_sample,5795.0,2.0604,5185.0,1.8435,124.5,126.0,118.5,131.32,False,False,4.8193,False,True
統一-城中 x 富邦/富邦證券(裸名稱),統一-城中,富邦/富邦證券(裸名稱),2025-06-26,3297,2025-06-27,in_sample,2992.85,7.0465,1287.68,3.0318,53.0,55.3,55.3,54.194,True,False,-2.2528,False,False
統一-城中 x 富邦/富邦證券(裸名稱),統一-城中,富邦/富邦證券(裸名稱),2025-06-26,6153,2025-06-27,in_sample,342.375,1.113,3383.875,11.0001,14.05,14.45,13.9,14.798,False,False,1.0676,False,True
統一-城中 x 富邦/富邦證券(裸名稱),統一-城中,富邦/富邦證券(裸名稱),2025-06-27,3128,2025-06-30,in_sample,2037.7,3.8612,1148.0,2.1753,41.9,45.1,45.1,44.198,True,False,-5.4845,False,False
統一-城中 x 富邦/富邦證券(裸名稱),統一-城中,富邦/富邦證券(裸名稱),2025-06-27,3535,2025-06-30,in_sample,1709.73,3.4784,1422.42,2.8939,47.55,51.8,51.8,50.764,True,False,-6.7592,False,False
統一-城中 x 富邦/富邦證券(裸名稱),統一-城中,富邦/富邦證券(裸名稱),2025-07-01,6112,2025-07-02,in_sample,2769.24,4.509,1015.2,1.653,56.7,59.5,56.0,60.76,False,False,1.2346,False,True
統一-城中 x 富邦/富邦證券(裸名稱),統一-城中,富邦/富邦證券(裸名稱),2025-07-02,3167,2025-07-03,in_sample,3643.2,1.7656,17719.2,8.5871,140.5,145.5,136.0,148.47,False,False,3.2028,False,True
統一-城中 x 富邦/富邦證券(裸名稱),統一-城中,富邦/富邦證券(裸名稱),2025-07-02,4729,2025-07-03,in_sample,20.9,0.5559,1477.63,39.3023,21.15,22.35,21.45,22.491,False,False,-1.4184,False,False
統一-城中 x 富邦/富邦證券(裸名稱),統一-城中,富邦/富邦證券(裸名稱),2025-07-02,6625,2025-07-03,in_sample,1459.05,2.8416,1661.4,3.2357,106.0,108.0,102.0,114.66,False,False,3.7736,False,True
統一-城中 x 富邦/富邦證券(裸名稱),統一-城中,富邦/富邦證券(裸名稱),2025-07-04,4991,2025-07-07,in_sample,23981.1,3.0626,27284.4,3.4845,150.0,150.0,137.0,153.86,False,False,8.6667,False,True
統一-城中 x 富邦/富邦證券(裸名稱),統一-城中,富邦/富邦證券(裸名稱),2025-07-11,3712,2025-07-14,in_sample,202.8,0.8852,3153.54,13.7649,51.9,52.9,50.5,54.586,False,False,2.6975,False,True
統一-城中 x 富邦/富邦證券(裸名稱),統一-城中,富邦/富邦證券(裸名稱),2025-07-14,6140,2025-07-15,in_sample,2261.0,1.4958,1004.36,0.6645,47.25,47.4,45.2,51.254,False,False,4.3386,False,True
統一-城中 x 富邦/富邦證券(裸名稱),統一-城中,富邦/富邦證券(裸名稱),2025-07-15,5278,2025-07-16,in_sample,227.0,0.4568,2501.54,5.0336,45.75,47.6,43.75,48.902,False,False,4.3716,False,True
統一-城中 x 富邦/富邦證券(裸名稱),統一-城中,富邦/富邦證券(裸名稱),2025-07-18,3376,2025-07-21,in_sample,17803.8,3.4504,15613.65,3.0259,237.5,245.0,237.0,253.82,False,False,0.2105,False,True
統一-城中 x 富邦/富邦證券(裸名稱),統一-城中,富邦/富邦證券(裸名稱),2025-07-18,8374,2025-07-21,in_sample,4346.0,7.3174,5740.0,9.6645,102.5,105.0,101.0,110.25,False,False,1.4634,False,True
統一-城中 x 富邦/富邦證券(裸名稱),統一-城中,富邦/富邦證券(裸名稱),2025-07-21,3044,2025-07-22,in_sample,11526.75,3.72,8938.0,2.8845,270.5,279.5,266.5,293.51,False,False,1.4787,False,True
統一-城中 x 富邦/富邦證券(裸名稱),統一-城中,富邦/富邦證券(裸名稱),2025-07-21,6462,2025-07-22,in_sample,6664.0,3.0705,6510.0,2.9995,146.0,147.5,138.0,150.92,False,False,5.4795,False,True
統一-城中 x 富邦/富邦證券(裸名稱),統一-城中,富邦/富邦證券(裸名稱),2025-07-21,6684,2025-07-22,in_sample,608.0,6.1052,650.56,6.5325,61.5,66.3,59.5,65.464,True,False,-6.4455,False,False
統一-城中 x 富邦/富邦證券(裸名稱),統一-城中,富邦/富邦證券(裸名稱),2025-07-23,2365,2025-07-24,in_sample,8574.63,4.3012,914.685,0.4588,44.15,45.5,43.8,46.697,False,False,0.7928,False,True
統一-城中 x 富邦/富邦證券(裸名稱),統一-城中,富邦/富邦證券(裸名稱),2025-07-24,3447,2025-07-25,in_sample,1647.0,12.3209,118.8,0.8887,54.9,55.0,54.1,58.212,False,False,1.4572,False,True
統一-城中 x 富邦/富邦證券(裸名稱),統一-城中,富邦/富邦證券(裸名稱),2025-07-24,4916,2025-07-25,in_sample,3897.58,4.1861,1108.36,1.1904,46.9,49.35,47.15,49.294,True,False,-5.1045,False,False
統一-城中 x 富邦/富邦證券(裸名稱),統一-城中,富邦/富邦證券(裸名稱),2025-07-29,6781,2025-07-30,in_sample,12000.0,1.9637,7200.0,1.1782,1205.0,1245.0,1200.0,1293.6,False,False,0.4149,False,True
統一-城中 x 富邦/富邦證券(裸名稱),統一-城中,富邦/富邦證券(裸名稱),2025-07-29,8033,2025-07-30,in_sample,1751.34,0.373,23183.58,4.9372,89.2,95.3,95.3,93.394,True,False,-4.7018,False,False
統一-城中 x 富邦/富邦證券(裸名稱),統一-城中,富邦/富邦證券(裸名稱),2025-07-30,5371,2025-07-31,in_sample,4044.8,1.267,5040.2,1.5788,81.5,83.6,81.6,85.162,False,False,-0.1227,False,False
統一-城中 x 富邦/富邦證券(裸名稱),統一-城中,富邦/富邦證券(裸名稱),2025-07-30,8033,2025-07-31,in_sample,2744.64,0.2519,6699.59,0.6148,97.6,99.2,95.6,102.41,False,False,2.0492,False,True
統一-城中 x 富邦/富邦證券(裸名稱),統一-城中,富邦/富邦證券(裸名稱),2025-08-04,6190,2025-08-05,in_sample,448.05,0.4046,952.65,0.8602,44.0,44.8,42.85,46.893,False,False,2.6136,False,True
統一-城中 x 富邦/富邦證券(裸名稱),統一-城中,富邦/富邦證券(裸名稱),2025-08-04,6234,2025-08-05,in_sample,1632.96,3.4852,285.6,0.6095,34.45,35.4,31.7,36.211,False,False,7.9826,False,True
統一-城中 x 富邦/富邦證券(裸名稱),統一-城中,富邦/富邦證券(裸名稱),2025-08-06,3715,2025-08-07,in_sample,18942.0,3.9915,9692.76,2.0425,94.2,99.7,92.0,99.47,True,False,-5.5945,False,False
統一-城中 x 富邦/富邦證券(裸名稱),統一-城中,富邦/富邦證券(裸名稱),2025-08-06,6510,2025-08-07,in_sample,5466.3,2.5896,18892.3,8.9499,967.0,967.0,966.0,1029.0,False,False,0.1034,False,True
統一-城中 x 富邦/富邦證券(裸名稱),統一-城中,富邦/富邦證券(裸名稱),2025-08-07,5443,2025-08-08,in_sample,4882.41,4.8342,11893.05,11.7755,100.0,103.0,97.5,103.39,False,False,2.5,False,True
統一-城中 x 富邦/富邦證券(裸名稱),統一-城中,富邦/富邦證券(裸名稱),2025-08-07,6781,2025-08-08,in_sample,1686.0,0.4433,9835.0,2.5862,1420.0,1430.0,1430.0,1514.1,False,False,-0.7042,False,False
統一-城中 x 富邦/富邦證券(裸名稱),統一-城中,富邦/富邦證券(裸名稱),2025-08-07,8021,2025-08-08,in_sample,2874.08,0.733,8052.11,2.0537,80.2,83.9,82.6,84.182,False,False,-2.9925,False,False
統一-城中 x 富邦/富邦證券(裸名稱),統一-城中,富邦/富邦證券(裸名稱),2025-08-08,8358,2025-08-11,in_sample,17725.0,3.5744,16825.0,3.3929,130.0,134.0,131.0,134.75,False,False,-0.7692,False,False
統一-城中 x 富邦/富邦證券(裸名稱),統一-城中,富邦/富邦證券(裸名稱),2025-08-11,1815,2025-08-12,in_sample,20790.04,2.2766,15718.4,1.7212,63.0,67.5,67.5,66.15,True,False,-5.0,False,False
統一-城中 x 富邦/富邦證券(裸名稱),統一-城中,富邦/富邦證券(裸名稱),2025-08-11,4958,2025-08-12,in_sample,11900.15,2.6381,7938.15,1.7598,142.0,151.0,147.0,152.39,False,False,-3.5211,False,False
統一-城中 x 富邦/富邦證券(裸名稱),統一-城中,富邦/富邦證券(裸名稱),2025-08-12,3163,2025-08-13,in_sample,10792.6,3.8832,3112.2,1.1198,187.5,192.5,183.0,196.0,False,False,2.4,False,True
統一-城中 x 富邦/富邦證券(裸名稱),統一-城中,富邦/富邦證券(裸名稱),2025-08-13,1802,2025-08-14,in_sample,6501.33,0.8496,22686.0,2.9646,30.75,31.95,30.95,32.144,False,False,-0.6504,False,False
統一-城中 x 富邦/富邦證券(裸名稱),統一-城中,富邦/富邦證券(裸名稱),2025-08-13,3019,2025-08-14,in_sample,20590.7,1.44,10531.25,0.7365,171.5,173.0,160.5,181.3,False,False,6.414,False,True
統一-城中 x 富邦/富邦證券(裸名稱),統一-城中,富邦/富邦證券(裸名稱),2025-08-14,3163,2025-08-15,in_sample,9406.8,1.2352,17286.0,2.2698,205.5,211.0,202.5,216.58,False,False,1.4599,False,True
統一-城中 x 富邦/富邦證券(裸名稱),統一-城中,富邦/富邦證券(裸名稱),2025-08-14,3363,2025-08-15,in_sample,14385.6,2.834,6993.0,1.3776,341.5,365.5,357.5,358.68,True,False,-5.0307,False,False
統一-城中 x 富邦/富邦證券(裸名稱),統一-城中,富邦/富邦證券(裸名稱),2025-08-14,8358,2025-08-15,in_sample,5186.7,1.1932,6120.0,1.4079,163.0,168.0,168.0,164.64,True,False,-1.0061,False,False
統一-城中 x 富邦/富邦證券(裸名稱),統一-城中,富邦/富邦證券(裸名稱),2025-08-15,5234,2025-08-18,in_sample,2283.75,1.0141,3867.15,1.7172,313.5,331.5,330.0,327.81,True,False,-4.5646,False,False
統一-城中 x 富邦/富邦證券(裸名稱),統一-城中,富邦/富邦證券(裸名稱),2025-08-18,8222,2025-08-19,in_sample,2487.04,7.0587,455.6,1.2931,55.8,56.0,50.9,57.722,False,False,8.7814,False,True
統一-城中 x 富邦/富邦證券(裸名稱),統一-城中,富邦/富邦證券(裸名稱),2025-08-18,8358,2025-08-19,in_sample,20036.7,1.885,12232.35,1.1508,187.0,190.5,168.0,198.45,False,False,10.1604,False,True
統一-城中 x 富邦/富邦證券(裸名稱),統一-城中,富邦/富邦證券(裸名稱),2025-08-20,3297,2025-08-21,in_sample,3637.92,2.3045,4347.59,2.754,73.2,74.1,68.2,74.186,False,False,6.8306,False,True
統一-城中 x 富邦/富邦證券(裸名稱),統一-城中,富邦/富邦證券(裸名稱),2025-08-20,5251,2025-08-21,in_sample,1935.5,2.0301,1990.8,2.0881,57.0,57.6,52.1,59.584,False,False,8.5965,False,True
統一-城中 x 富邦/富邦證券(裸名稱),統一-城中,富邦/富邦證券(裸名稱),2025-08-21,2498,2025-08-22,in_sample,10140.0,1.9907,12294.0,2.4136,62.5,64.1,61.0,64.68,False,False,2.4,False,True
統一-城中 x 富邦/富邦證券(裸名稱),統一-城中,富邦/富邦證券(裸名稱),2025-08-21,4931,2025-08-22,in_sample,16105.7,4.1017,15936.7,4.0586,171.0,174.5,163.0,181.79,False,False,4.6784,False,True
統一-城中 x 富邦/富邦證券(裸名稱),統一-城中,富邦/富邦證券(裸名稱),2025-08-25,2365,2025-08-26,in_sample,2388.775,4.3475,5268.7,9.5888,46.5,49.1,49.1,48.118,True,False,-3.4796,False,False
統一-城中 x 富邦/富邦證券(裸名稱),統一-城中,富邦/富邦證券(裸名稱),2025-08-25,3305,2025-08-26,in_sample,9532.5,2.8362,1660.5,0.494,105.0,112.0,110.5,110.25,True,False,-5.0,False,False
統一-城中 x 富邦/富邦證券(裸名稱),統一-城中,富邦/富邦證券(裸名稱),2025-08-25,8234,2025-08-26,in_sample,9477.5,18.1232,947.75,1.8123,114.5,119.0,115.5,120.05,False,False,-0.8734,False,False
統一-城中 x 富邦/富邦證券(裸名稱),統一-城中,富邦/富邦證券(裸名稱),2025-08-27,2498,2025-08-28,in_sample,12622.97,1.9525,9155.05,1.4161,67.0,68.6,66.5,69.678,False,False,0.7463,False,True
統一-城中 x 富邦/富邦證券(裸名稱),統一-城中,富邦/富邦證券(裸名稱),2025-08-27,5469,2025-08-28,in_sample,4335.67,4.299,1832.09,1.8166,83.2,86.5,81.7,89.278,False,False,1.8029,False,True
統一-城中 x 富邦/富邦證券(裸名稱),統一-城中,富邦/富邦證券(裸名稱),2025-08-27,8046,2025-08-28,in_sample,17857.95,3.0527,23159.85,3.959,213.0,226.0,226.0,221.48,True,False,-3.9812,False,False
統一-城中 x 富邦/富邦證券(裸名稱),統一-城中,富邦/富邦證券(裸名稱),2025-08-28,1584,2025-08-29,in_sample,1031.355,2.3244,1400.295,3.1559,28.25,28.35,26.5,30.086,False,False,6.1947,False,True
統一-城中 x 富邦/富邦證券(裸名稱),統一-城中,富邦/富邦證券(裸名稱),2025-08-28,7402,2025-08-29,in_sample,3168.0,2.4996,1465.2,1.1561,132.0,135.0,129.0,142.1,False,False,2.2727,False,True
統一-城中 x 富邦/富邦證券(裸名稱),統一-城中,富邦/富邦證券(裸名稱),2025-08-29,5469,2025-09-01,in_sample,9402.06,4.5702,808.2,0.3929,90.7,96.4,84.4,96.726,False,False,6.946,False,True
統一-城中 x 富邦/富邦證券(裸名稱),統一-城中,富邦/富邦證券(裸名稱),2025-08-29,6515,2025-09-01,in_sample,5225.0,1.2258,10450.0,2.4515,1415.0,1510.0,1510.0,1479.8,True,False,-4.5795,False,False
統一-城中 x 富邦/富邦證券(裸名稱),統一-城中,富邦/富邦證券(裸名稱),2025-08-29,8039,2025-09-01,in_sample,2685.68,3.4267,460.89,0.5881,58.5,59.0,53.0,61.25,False,False,9.4017,False,True
統一-城中 x 富邦/富邦證券(裸名稱),統一-城中,富邦/富邦證券(裸名稱),2025-09-03,1810,2025-09-04,in_sample,1098.68,1.4801,525.14,0.7075,25.35,25.6,23.2,26.068,False,False,8.4813,False,True
統一-城中 x 富邦/富邦證券(裸名稱),統一-城中,富邦/富邦證券(裸名稱),2025-09-03,3707,2025-09-04,in_sample,1396.605,2.3258,982.065,1.6354,51.5,54.2,54.2,53.116,True,False,-3.1379,False,False
統一-城中 x 富邦/富邦證券(裸名稱),統一-城中,富邦/富邦證券(裸名稱),2025-09-03,4541,2025-09-04,in_sample,7274.32,5.3175,1194.48,0.8732,65.8,69.5,64.3,68.11,True,False,-3.5106,False,False
統一-城中 x 富邦/富邦證券(裸名稱),統一-城中,富邦/富邦證券(裸名稱),2025-09-03,4976,2025-09-04,in_sample,2490.18,3.123,6026.02,7.5574,56.6,59.2,57.5,58.016,True,False,-2.5018,False,False
統一-城中 x 富邦/富邦證券(裸名稱),統一-城中,富邦/富邦證券(裸名稱),2025-09-03,5371,2025-09-04,in_sample,24405.3,2.687,12811.8,1.4106,136.0,141.0,128.0,141.12,False,False,5.8824,False,True
統一-城中 x 富邦/富邦證券(裸名稱),統一-城中,富邦/富邦證券(裸名稱),2025-09-04,3665,2025-09-05,in_sample,13886.0,1.6082,65614.0,7.5992,1085.0,1100.0,1075.0,1141.7,False,False,0.9217,False,True
統一-城中 x 富邦/富邦證券(裸名稱),統一-城中,富邦/富邦證券(裸名稱),2025-09-05,2408,2025-09-08,in_sample,6964.2,0.8289,40762.3,4.8517,57.8,58.3,53.5,57.134,True,False,1.1522,False,True
統一-城中 x 富邦/富邦證券(裸名稱),統一-城中,富邦/富邦證券(裸名稱),2025-09-10,1504,2025-09-11,in_sample,6667.5,0.8642,14840.0,1.9235,90.4,95.6,93.1,94.276,True,False,-4.2876,False,False
統一-城中 x 富邦/富邦證券(裸名稱),統一-城中,富邦/富邦證券(裸名稱),2025-09-10,2301,2025-09-11,in_sample,7493.25,2.3427,20517.6,6.4146,161.0,169.5,165.5,166.11,True,False,-3.1739,False,False
統一-城中 x 富邦/富邦證券(裸名稱),統一-城中,富邦/富邦證券(裸名稱),2025-09-10,2374,2025-09-11,in_sample,12641.2,2.0842,18559.75,3.06,96.2,99.3,91.0,100.45,False,False,5.4054,False,True
統一-城中 x 富邦/富邦證券(裸名稱),統一-城中,富邦/富邦證券(裸名稱),2025-09-10,8299,2025-09-11,in_sample,5626.5,0.8583,9317.0,1.4212,610.0,612.0,586.0,651.7,False,False,3.9344,False,True
統一-城中 x 富邦/富邦證券(裸名稱),統一-城中,富邦/富邦證券(裸名稱),2025-09-12,6239,2025-09-15,in_sample,7029.0,2.0251,19610.2,5.6498,142.0,152.5,151.0,152.88,False,False,-6.338,False,False
統一-城中 x 富邦/富邦證券(裸名稱),統一-城中,富邦/富邦證券(裸名稱),2025-09-16,6488,2025-09-17,in_sample,13889.55,1.715,27239.7,3.3634,468.0,475.0,446.0,484.12,False,False,4.7009,False,True
統一-城中 x 富邦/富邦證券(裸名稱),統一-城中,富邦/富邦證券(裸名稱),2025-09-16,8046,2025-09-17,in_sample,9785.7,2.869,10748.55,3.1513,200.5,201.5,193.5,211.68,False,False,3.4913,False,True
統一-城中 x 富邦/富邦證券(裸名稱),統一-城中,富邦/富邦證券(裸名稱),2025-09-16,8096,2025-09-17,in_sample,195.52,0.6153,3789.76,11.9265,42.25,44.75,43.7,44.835,False,False,-3.432,False,False
統一-城中 x 富邦/富邦證券(裸名稱),統一-城中,富邦/富邦證券(裸名稱),2025-09-18,2344,2025-09-19,in_sample,22894.24,1.6259,30940.17,2.1973,34.0,34.3,33.5,34.79,False,False,1.4706,False,True
統一-城中 x 富邦/富邦證券(裸名稱),統一-城中,富邦/富邦證券(裸名稱),2025-09-18,3535,2025-09-19,in_sample,1286.5,0.8985,1743.0,1.2173,83.5,84.4,83.8,89.474,False,False,-0.3593,False,False
統一-城中 x 富邦/富邦證券(裸名稱),統一-城中,富邦/富邦證券(裸名稱),2025-09-19,2327,2025-09-22,in_sample,21739.55,1.1436,50228.25,2.6421,176.5,185.0,178.5,186.69,False,False,-1.1331,False,False
統一-城中 x 富邦/富邦證券(裸名稱),統一-城中,富邦/富邦證券(裸名稱),2025-09-19,8046,2025-09-22,in_sample,21450.0,2.1452,15334.0,1.5336,221.0,239.5,235.5,237.16,True,False,-7.3122,False,False
統一-城中 x 富邦/富邦證券(裸名稱),統一-城中,富邦/富邦證券(裸名稱),2025-09-22,2630,2025-09-23,in_sample,349.41,0.6363,2954.66,5.3806,62.6,62.6,55.2,66.052,False,False,11.8211,False,True
統一-城中 x 富邦/富邦證券(裸名稱),統一-城中,富邦/富邦證券(裸名稱),2025-09-24,2324,2025-09-25,in_sample,7531.35,1.7244,11595.45,2.6549,35.25,37.8,36.4,37.191,True,False,-5.5064,False,False
統一-城中 x 富邦/富邦證券(裸名稱),統一-城中,富邦/富邦證券(裸名稱),2025-09-26,2009,2025-09-30,in_sample,2080.72,1.2066,440.475,0.2554,44.0,44.25,42.3,45.178,False,False,3.8636,False,True
統一-城中 x 富邦/富邦證券(裸名稱),統一-城中,富邦/富邦證券(裸名稱),2025-09-30,3653,2025-10-01,in_sample,8917.0,2.4083,30366.0,8.2013,2430.0,2540.0,2445.0,2597.0,False,False,-0.6173,False,False
統一-城中 x 富邦/富邦證券(裸名稱),統一-城中,富邦/富邦證券(裸名稱),2025-09-30,8021,2025-10-01,in_sample,5908.5,1.2616,20573.7,4.3929,105.0,111.0,111.0,108.78,True,False,-3.6,False,False
統一-城中 x 富邦/富邦證券(裸名稱),統一-城中,富邦/富邦證券(裸名稱),2025-10-01,1504,2025-10-02,in_sample,25571.15,3.3302,27201.35,3.5425,108.5,114.5,114.5,112.21,True,False,-3.4194,False,False
統一-城中 x 富邦/富邦證券(裸名稱),統一-城中,富邦/富邦證券(裸名稱),2025-10-02,8299,2025-10-03,in_sample,8517.2,0.8287,28974.4,2.819,790.0,835.0,829.0,857.5,False,False,-4.9367,False,False
統一-城中 x 富邦/富邦證券(裸名稱),統一-城中,富邦/富邦證券(裸名稱),2025-10-03,6449,2025-10-07,in_sample,3991.05,2.038,8268.75,4.2223,218.0,225.0,218.0,237.65,False,False,0.0,False,False
統一-城中 x 富邦/富邦證券(裸名稱),統一-城中,富邦/富邦證券(裸名稱),2025-10-03,8046,2025-10-07,in_sample,14909.8,1.3308,38328.6,3.4212,258.5,261.5,253.0,273.42,False,False,2.1277,False,True
統一-城中 x 富邦/富邦證券(裸名稱),統一-城中,富邦/富邦證券(裸名稱),2025-10-07,3413,2025-10-08,in_sample,7863.75,3.7924,2970.0,1.4323,334.5,340.5,328.5,363.58,False,False,1.7937,False,True
統一-城中 x 富邦/富邦證券(裸名稱),統一-城中,富邦/富邦證券(裸名稱),2025-10-07,6531,2025-10-08,in_sample,7044.6,1.9849,13173.8,3.7119,396.5,410.0,398.5,428.75,False,False,-0.5044,False,False
統一-城中 x 富邦/富邦證券(裸名稱),統一-城中,富邦/富邦證券(裸名稱),2025-10-08,8070,2025-10-09,in_sample,2402.685,1.4666,7222.5,4.4085,48.6,51.7,48.2,51.842,False,False,0.823,False,True
統一-城中 x 富邦/富邦證券(裸名稱),統一-城中,富邦/富邦證券(裸名稱),2025-10-09,3189,2025-10-13,in_sample,12938.75,2.8284,22577.5,4.9355,131.0,134.5,133.5,147.98,False,False,-1.9084,False,False
統一-城中 x 富邦/富邦證券(裸名稱),統一-城中,富邦/富邦證券(裸名稱),2025-10-09,5475,2025-10-13,in_sample,636.12,1.18,2058.84,3.8191,63.5,67.4,67.0,73.696,False,False,-5.5118,False,False
統一-城中 x 富邦/富邦證券(裸名稱),統一-城中,富邦/富邦證券(裸名稱),2025-10-13,2312,2025-10-14,in_sample,3175.2,1.9224,4403.385,2.666,22.5,23.7,21.8,23.765,False,False,3.1111,False,True
統一-城中 x 富邦/富邦證券(裸名稱),統一-城中,富邦/富邦證券(裸名稱),2025-10-14,2609,2025-10-15,in_sample,9990.54,1.9048,3419.01,0.6519,55.7,55.7,53.2,61.054,False,False,4.4883,False,True
統一-城中 x 富邦/富邦證券(裸名稱),統一-城中,富邦/富邦證券(裸名稱),2025-10-14,2615,2025-10-15,in_sample,7030.82,1.8555,6486.12,1.7117,80.9,82.5,80.5,90.258,False,False,0.4944,False,True
統一-城中 x 富邦/富邦證券(裸名稱),統一-城中,富邦/富邦證券(裸名稱),2025-10-14,8996,2025-10-15,in_sample,19202.85,13.6039,4282.65,3.034,460.5,506.0,506.0,495.88,True,False,-7.683,False,False
統一-城中 x 富邦/富邦證券(裸名稱),統一-城中,富邦/富邦證券(裸名稱),2025-10-15,2481,2025-10-16,in_sample,8132.32,1.2844,18630.56,2.9426,86.8,92.4,85.7,91.336,True,False,-5.2258,False,False
統一-城中 x 富邦/富邦證券(裸名稱),統一-城中,富邦/富邦證券(裸名稱),2025-10-15,3189,2025-10-16,in_sample,12992.7,3.1553,2784.15,0.6761,140.0,147.5,147.5,144.55,True,False,-3.25,False,False
統一-城中 x 富邦/富邦證券(裸名稱),統一-城中,富邦/富邦證券(裸名稱),2025-10-16,1605,2025-10-17,in_sample,2722.32,0.5946,16447.35,3.5925,29.2,30.05,29.05,32.144,False,False,0.5137,False,True
統一-城中 x 富邦/富邦證券(裸名稱),統一-城中,富邦/富邦證券(裸名稱),2025-10-17,2375,2025-10-20,in_sample,7317.7,3.0035,2623.98,1.077,88.9,95.2,95.2,93.296,True,False,-4.9449,False,False
統一-城中 x 富邦/富邦證券(裸名稱),統一-城中,富邦/富邦證券(裸名稱),2025-10-17,2408,2025-10-20,in_sample,20207.2,0.7527,14445.6,0.5381,108.0,110.0,107.0,111.72,False,False,0.9259,False,True
統一-城中 x 富邦/富邦證券(裸名稱),統一-城中,富邦/富邦證券(裸名稱),2025-10-20,1504,2025-10-21,in_sample,25238.4,2.9754,6022.8,0.71,125.0,127.5,113.5,128.38,False,False,9.2,False,True
統一-城中 x 富邦/富邦證券(裸名稱),統一-城中,富邦/富邦證券(裸名稱),2025-10-20,2337,2025-10-21,in_sample,8323.14,2.4342,24210.9,7.0806,30.0,30.2,28.25,31.654,False,False,5.8333,False,True
統一-城中 x 富邦/富邦證券(裸名稱),統一-城中,富邦/富邦證券(裸名稱),2025-10-20,2481,2025-10-21,in_sample,12778.54,5.1182,7022.36,2.8127,95.0,98.7,98.7,96.726,True,False,-1.8168,False,False
統一-城中 x 富邦/富邦證券(裸名稱),統一-城中,富邦/富邦證券(裸名稱),2025-10-20,2492,2025-10-21,in_sample,9624.8,2.2307,10056.1,2.3306,115.5,121.0,113.5,122.01,False,False,1.7316,False,True
統一-城中 x 富邦/富邦證券(裸名稱),統一-城中,富邦/富邦證券(裸名稱),2025-10-20,3026,2025-10-21,in_sample,2644.95,2.0284,1074.15,0.8238,116.0,119.0,113.5,124.46,False,False,2.1552,False,True
統一-城中 x 富邦/富邦證券(裸名稱),統一-城中,富邦/富邦證券(裸名稱),2025-10-20,6175,2025-10-21,in_sample,1418.575,3.094,1329.075,2.8988,45.65,46.0,43.7,48.216,False,False,4.2716,False,True
統一-城中 x 富邦/富邦證券(裸名稱),統一-城中,富邦/富邦證券(裸名稱),2025-10-20,8110,2025-10-21,in_sample,6058.65,3.5449,5412.225,3.1667,25.95,26.5,24.6,27.293,False,False,5.2023,False,True
統一-城中 x 富邦/富邦證券(裸名稱),統一-城中,富邦/富邦證券(裸名稱),2025-10-21,2472,2025-10-22,in_sample,2286.6,0.7669,4109.7,1.3784,102.5,113.0,107.5,110.74,True,False,-8.039,False,False
統一-城中 x 富邦/富邦證券(裸名稱),統一-城中,富邦/富邦證券(裸名稱),2025-10-21,6805,2025-10-22,in_sample,15708.0,2.9234,26268.0,4.8888,1300.0,1365.0,1325.0,1421.0,False,False,-1.9231,False,False
統一-城中 x 富邦/富邦證券(裸名稱),統一-城中,富邦/富邦證券(裸名稱),2025-10-22,2428,2025-10-23,in_sample,7362.0,4.3952,1267.9,0.757,204.5,213.0,202.0,220.01,False,False,1.2225,False,True
統一-城中 x 富邦/富邦證券(裸名稱),統一-城中,富邦/富邦證券(裸名稱),2025-10-22,8422,2025-10-23,in_sample,5472.3,3.7468,6902.0,4.7257,251.0,256.0,238.0,265.58,False,False,5.1793,False,True
統一-城中 x 富邦/富邦證券(裸名稱),統一-城中,富邦/富邦證券(裸名稱),2025-10-27,6290,2025-10-28,in_sample,7889.2,3.4524,13023.7,5.6993,169.0,179.0,179.0,175.42,True,False,-3.7988,False,False
統一-城中 x 富邦/富邦證券(裸名稱),統一-城中,富邦/富邦證券(裸名稱),2025-10-27,6442,2025-10-28,in_sample,10301.4,1.9776,14055.3,2.6982,880.0,958.0,946.0,940.8,True,False,-6.9091,False,False
統一-城中 x 富邦/富邦證券(裸名稱),統一-城中,富邦/富邦證券(裸名稱),2025-10-28,2337,2025-10-29,in_sample,8944.83,1.2593,106474.095,14.9905,38.0,39.7,38.5,39.249,True,False,-3.2868,False,False
統一-城中 x 富邦/富邦證券(裸名稱),統一-城中,富邦/富邦證券(裸名稱),2025-10-28,4979,2025-10-29,in_sample,16594.6,3.4178,14044.8,2.8926,212.0,217.0,212.5,224.91,False,False,-0.2358,False,False
統一-城中 x 富邦/富邦證券(裸名稱),統一-城中,富邦/富邦證券(裸名稱),2025-10-28,8210,2025-10-29,in_sample,11028.8,2.8274,5966.4,1.5296,936.0,950.0,918.0,974.12,False,False,1.9231,False,True
統一-城中 x 富邦/富邦證券(裸名稱),統一-城中,富邦/富邦證券(裸名稱),2025-10-29,5243,2025-10-30,in_sample,2888.4,3.916,922.2,1.2503,92.0,95.2,85.0,93.786,True,False,-1.9413,False,False
統一-城中 x 富邦/富邦證券(裸名稱),統一-城中,富邦/富邦證券(裸名稱),2025-11-03,2421,2025-11-04,in_sample,7021.8,1.9398,11304.6,3.1229,167.5,168.5,149.5,178.85,False,False,10.7463,False,True
統一-城中 x 富邦/富邦證券(裸名稱),統一-城中,富邦/富邦證券(裸名稱),2025-11-06,4989,2025-11-07,in_sample,3909.3,3.2008,1036.2,0.8484,48.05,49.1,44.6,50.764,False,False,7.18,False,True
統一-城中 x 富邦/富邦證券(裸名稱),統一-城中,富邦/富邦證券(裸名稱),2025-11-07,2451,2025-11-10,in_sample,1321.65,0.8646,8301.15,5.4303,163.0,163.0,163.0,159.74,True,True,2.0,False,True
統一-城中 x 富邦/富邦證券(裸名稱),統一-城中,富邦/富邦證券(裸名稱),2025-11-10,2451,2025-11-11,in_sample,2461.3,5.0613,7090.5,14.5807,179.0,179.0,179.0,175.42,True,True,2.0,False,True
統一-城中 x 富邦/富邦證券(裸名稱),統一-城中,富邦/富邦證券(裸名稱),2025-11-10,8112,2025-11-11,in_sample,7558.88,0.9847,10933.38,1.4244,80.7,83.4,80.0,85.554,False,False,0.8674,False,True
統一-城中 x 富邦/富邦證券(裸名稱),統一-城中,富邦/富邦證券(裸名稱),2025-11-11,1815,2025-11-12,in_sample,28327.9,2.2792,26460.4,2.129,86.9,91.3,91.3,89.474,True,False,-2.962,False,False
統一-城中 x 富邦/富邦證券(裸名稱),統一-城中,富邦/富邦證券(裸名稱),2025-11-11,2451,2025-11-12,in_sample,984.5,2.7674,8932.1,25.1083,187.5,196.5,196.5,192.57,True,False,-2.704,False,False
統一-城中 x 富邦/富邦證券(裸名稱),統一-城中,富邦/富邦證券(裸名稱),2025-11-12,1303,2025-11-13,in_sample,11444.04,1.3647,49874.7,5.9477,51.6,54.7,53.8,53.606,True,False,-3.8876,False,False
統一-城中 x 富邦/富邦證券(裸名稱),統一-城中,富邦/富邦證券(裸名稱),2025-11-12,2368,2025-11-13,in_sample,4767.6,1.5162,30085.2,9.5676,560.0,576.0,567.0,589.96,False,False,-1.25,False,False
統一-城中 x 富邦/富邦證券(裸名稱),統一-城中,富邦/富邦證券(裸名稱),2025-11-13,1605,2025-11-14,in_sample,17069.975,1.4755,30164.42,2.6074,34.1,35.35,32.8,37.093,False,False,3.8123,False,True
統一-城中 x 富邦/富邦證券(裸名稱),統一-城中,富邦/富邦證券(裸名稱),2025-11-13,2492,2025-11-14,in_sample,9004.5,1.7476,4776.3,0.927,129.5,134.5,124.5,140.63,False,False,3.861,False,True
統一-城中 x 富邦/富邦證券(裸名稱),統一-城中,富邦/富邦證券(裸名稱),2025-11-17,2486,2025-11-18,in_sample,3607.95,3.8075,2854.2,3.012,100.5,104.5,102.0,108.29,False,False,-1.4925,False,False
統一-城中 x 富邦/富邦證券(裸名稱),統一-城中,富邦/富邦證券(裸名稱),2025-11-25,2368,2025-11-26,in_sample,34273.8,2.6914,43837.2,3.4424,600.0,614.0,610.0,639.94,False,False,-1.6667,False,False
統一-城中 x 富邦/富邦證券(裸名稱),統一-城中,富邦/富邦證券(裸名稱),2025-11-25,3715,2025-11-26,in_sample,10817.1,1.951,14518.0,2.6185,119.5,126.0,118.5,127.89,False,False,0.8368,False,True
統一-城中 x 富邦/富邦證券(裸名稱),統一-城中,富邦/富邦證券(裸名稱),2025-11-25,5498,2025-11-26,in_sample,1871.24,1.4516,3498.53,2.7139,30.3,31.25,26.6,30.919,True,False,-2.0429,False,False
統一-城中 x 富邦/富邦證券(裸名稱),統一-城中,富邦/富邦證券(裸名稱),2025-11-25,6191,2025-11-26,in_sample,5734.0,1.4768,13676.2,3.5223,127.0,131.0,127.5,131.32,False,False,-0.3937,False,False
統一-城中 x 富邦/富邦證券(裸名稱),統一-城中,富邦/富邦證券(裸名稱),2025-11-26,2208,2025-11-27,in_sample,2885.325,3.7374,1494.975,1.9365,23.55,23.75,21.8,25.039,False,False,7.431,False,True
統一-城中 x 富邦/富邦證券(裸名稱),統一-城中,富邦/富邦證券(裸名稱),2025-11-26,2634,2025-11-27,in_sample,8636.86,4.1801,1357.3,0.6569,57.1,58.3,52.9,59.682,False,False,7.3555,False,True
統一-城中 x 富邦/富邦證券(裸名稱),統一-城中,富邦/富邦證券(裸名稱),2025-11-26,3163,2025-11-27,in_sample,13272.0,1.8113,29060.15,3.9659,288.0,296.0,289.5,297.92,False,False,-0.5208,False,False
統一-城中 x 富邦/富邦證券(裸名稱),統一-城中,富邦/富邦證券(裸名稱),2025-11-27,2485,2025-11-28,in_sample,2642.35,4.1284,956.75,1.4948,21.6,23.65,23.65,23.177,True,False,-7.3009,False,False
統一-城中 x 富邦/富邦證券(裸名稱),統一-城中,富邦/富邦證券(裸名稱),2025-11-28,3163,2025-12-01,in_sample,29192.4,3.313,3847.8,0.4367,333.0,335.5,324.0,342.51,False,False,2.7027,False,True
統一-城中 x 富邦/富邦證券(裸名稱),統一-城中,富邦/富邦證券(裸名稱),2025-11-28,5274,2025-12-01,in_sample,2194.5,0.6678,13898.5,4.2295,7300.0,7300.0,6915.0,7884.1,False,False,5.274,False,True
統一-城中 x 富邦/富邦證券(裸名稱),統一-城中,富邦/富邦證券(裸名稱),2025-12-01,3535,2025-12-02,in_sample,3389.2,2.5846,2555.64,1.9489,91.3,91.4,89.8,98.49,False,False,1.6429,False,True
統一-城中 x 富邦/富邦證券(裸名稱),統一-城中,富邦/富邦證券(裸名稱),2025-12-01,4939,2025-12-02,in_sample,3462.93,3.0628,2121.53,1.8764,36.0,38.8,38.8,38.024,True,False,-5.6222,False,False
統一-城中 x 富邦/富邦證券(裸名稱),統一-城中,富邦/富邦證券(裸名稱),2025-12-04,2606,2025-12-05,in_sample,7043.52,6.8589,17441.76,16.9845,66.3,67.5,63.2,74.97,False,False,4.6757,False,True
統一-城中 x 富邦/富邦證券(裸名稱),統一-城中,富邦/富邦證券(裸名稱),2025-12-05,3167,2025-12-08,in_sample,6453.2,1.3825,21967.4,4.7061,222.0,224.0,218.5,238.14,False,False,1.5766,False,True
統一-城中 x 富邦/富邦證券(裸名稱),統一-城中,富邦/富邦證券(裸名稱),2025-12-08,2337,2025-12-09,in_sample,5296.95,0.9428,11160.1,1.9863,37.6,39.45,38.75,40.131,False,False,-3.0585,False,False
統一-城中 x 富邦/富邦證券(裸名稱),統一-城中,富邦/富邦證券(裸名稱),2025-12-09,2402,2025-12-10,in_sample,7777.5,3.2618,10973.9,4.6024,62.1,67.1,67.1,65.758,True,False,-5.8905,False,False
統一-城中 x 富邦/富邦證券(裸名稱),統一-城中,富邦/富邦證券(裸名稱),2025-12-09,3060,2025-12-10,in_sample,94.55,0.1964,106.75,0.2218,31.05,31.4,28.65,32.879,False,False,7.7295,False,True
統一-城中 x 富邦/富邦證券(裸名稱),統一-城中,富邦/富邦證券(裸名稱),2025-12-10,2441,2025-12-11,in_sample,1307.08,1.1043,4208.16,3.5555,80.0,87.0,83.8,85.848,True,False,-7.31,False,False
統一-城中 x 富邦/富邦證券(裸名稱),統一-城中,富邦/富邦證券(裸名稱),2025-12-11,8021,2025-12-12,in_sample,20296.35,1.6893,2147.85,0.1788,167.5,171.0,162.5,179.34,False,False,2.9851,False,True
統一-城中 x 富邦/富邦證券(裸名稱),統一-城中,富邦/富邦證券(裸名稱),2025-12-12,6209,2025-12-15,in_sample,4218.38,3.1694,6216.56,4.6706,65.8,66.7,62.2,70.364,False,False,5.4711,False,True
統一-城中 x 富邦/富邦證券(裸名稱),統一-城中,富邦/富邦證券(裸名稱),2025-12-15,2413,2025-12-16,in_sample,944.3,1.8728,1645.875,3.2642,33.35,35.55,33.0,35.819,False,False,1.0495,False,True
統一-城中 x 富邦/富邦證券(裸名稱),統一-城中,富邦/富邦證券(裸名稱),2025-12-22,3105,2025-12-23,in_sample,7124.3,1.4469,16540.6,3.3593,194.5,203.0,188.5,205.8,False,False,3.0848,False,True
統一-城中 x 富邦/富邦證券(裸名稱),統一-城中,富邦/富邦證券(裸名稱),2025-12-23,1727,2025-12-24,in_sample,2308.68,3.2097,1426.23,1.9828,49.0,49.65,44.4,51.352,False,False,9.3878,False,True
統一-城中 x 富邦/富邦證券(裸名稱),統一-城中,富邦/富邦證券(裸名稱),2025-12-23,1785,2025-12-24,in_sample,5952.87,1.9388,3395.7,1.106,69.1,70.0,70.0,74.676,False,False,-1.3025,False,False
統一-城中 x 富邦/富邦證券(裸名稱),統一-城中,富邦/富邦證券(裸名稱),2025-12-23,6127,2025-12-24,in_sample,3460.525,3.9097,1944.45,2.1968,37.1,39.25,35.95,40.131,False,False,3.0997,False,True
統一-城中 x 富邦/富邦證券(裸名稱),統一-城中,富邦/富邦證券(裸名稱),2025-12-29,2449,2025-12-30,in_sample,25039.0,1.666,46648.0,3.1039,245.0,250.5,243.5,264.11,False,False,0.6122,False,True
統一-城中 x 富邦/富邦證券(裸名稱),統一-城中,富邦/富邦證券(裸名稱),2025-12-29,3264,2025-12-30,in_sample,8926.4,1.2947,6003.2,0.8707,111.0,114.5,113.5,120.54,False,False,-2.2523,False,False
統一-城中 x 富邦/富邦證券(裸名稱),統一-城中,富邦/富邦證券(裸名稱),2025-12-29,4989,2025-12-30,in_sample,7502.25,4.6606,1911.0,1.1872,52.9,53.9,51.3,56.546,False,False,3.0246,False,True
統一-城中 x 富邦/富邦證券(裸名稱),統一-城中,富邦/富邦證券(裸名稱),2025-12-29,8027,2025-12-30,in_sample,336.0,0.8101,16732.8,40.3452,112.0,113.0,111.0,120.54,False,False,0.8929,False,True
統一-城中 x 富邦/富邦證券(裸名稱),統一-城中,富邦/富邦證券(裸名稱),2025-12-30,3481,2025-12-31,in_sample,23651.3,1.6825,6088.05,0.4331,16.7,17.75,17.05,17.542,True,False,-5.0419,False,False
統一-城中 x 富邦/富邦證券(裸名稱),統一-城中,富邦/富邦證券(裸名稱),2025-12-31,6265,2026-01-02,in_sample,1941.86,2.1851,176.825,0.199,33.15,35.3,33.45,34.643,True,False,-4.5038,False,False
統一-城中 x 富邦/富邦證券(裸名稱),統一-城中,富邦/富邦證券(裸名稱),2026-01-02,2337,2026-01-05,in_sample,37020.9,5.0616,33379.5,4.5638,47.65,47.65,47.65,46.697,True,True,2.0,False,True
統一-城中 x 富邦/富邦證券(裸名稱),統一-城中,富邦/富邦證券(裸名稱),2026-01-02,7714,2026-01-05,in_sample,54.9,0.4566,1994.7,16.5909,188.5,190.0,167.0,196.98,False,False,11.4058,False,True
統一-城中 x 富邦/富邦證券(裸名稱),統一-城中,富邦/富邦證券(裸名稱),2026-01-05,2337,2026-01-06,in_sample,6423.22,3.7966,14895.39,8.8042,49.4,52.4,52.4,51.352,True,False,-3.9514,False,False
統一-城中 x 富邦/富邦證券(裸名稱),統一-城中,富邦/富邦證券(裸名稱),2026-01-05,2409,2026-01-06,in_sample,11607.685,3.2379,18577.005,5.1819,14.5,15.2,15.2,14.896,True,False,-2.731,False,False
統一-城中 x 富邦/富邦證券(裸名稱),統一-城中,富邦/富邦證券(裸名稱),2026-01-05,3481,2026-01-06,in_sample,19681.1,1.8675,12950.92,1.2289,20.5,21.85,21.85,21.413,True,False,-4.4537,False,False
統一-城中 x 富邦/富邦證券(裸名稱),統一-城中,富邦/富邦證券(裸名稱),2026-01-05,6239,2026-01-06,in_sample,13258.7,2.0685,62505.3,9.7513,199.0,209.0,204.0,217.07,False,False,-2.5126,False,False
統一-城中 x 富邦/富邦證券(裸名稱),統一-城中,富邦/富邦證券(裸名稱),2026-01-06,2408,2026-01-07,in_sample,17960.1,0.5198,50818.4,1.4707,242.0,248.0,241.0,245.98,True,False,-1.6446,False,False
統一-城中 x 富邦/富邦證券(裸名稱),統一-城中,富邦/富邦證券(裸名稱),2026-01-06,2409,2026-01-07,in_sample,4214.96,0.8799,33408.08,6.9739,16.4,16.7,16.7,16.366,True,False,0.2073,False,True
統一-城中 x 富邦/富邦證券(裸名稱),統一-城中,富邦/富邦證券(裸名稱),2026-01-06,6770,2026-01-07,in_sample,30574.325,1.4805,25178.575,1.2192,50.0,50.5,49.2,51.45,False,False,1.6,False,True
統一-城中 x 富邦/富邦證券(裸名稱),統一-城中,富邦/富邦證券(裸名稱),2026-01-07,1303,2026-01-08,in_sample,13334.67,1.0174,15851.5,1.2094,66.2,69.5,67.0,69.678,False,False,-1.2085,False,False
統一-城中 x 富邦/富邦證券(裸名稱),統一-城中,富邦/富邦證券(裸名稱),2026-01-07,2367,2026-01-08,in_sample,4475.31,1.4254,1525.53,0.4859,32.0,32.4,29.6,34.104,False,False,7.5,False,True
統一-城中 x 富邦/富邦證券(裸名稱),統一-城中,富邦/富邦證券(裸名稱),2026-01-07,6116,2026-01-08,in_sample,2542.94,6.8056,2540.82,6.7999,11.25,11.65,11.65,11.417,True,False,-1.4844,False,False
統一-城中 x 富邦/富邦證券(裸名稱),統一-城中,富邦/富邦證券(裸名稱),2026-01-08,8088,2026-01-09,in_sample,3029.6,2.2478,9900.3,7.3455,55.8,57.8,53.1,58.31,False,False,4.8387,False,True
統一-城中 x 富邦/富邦證券(裸名稱),統一-城中,富邦/富邦證券(裸名稱),2026-01-09,6603,2026-01-12,in_sample,993.465,1.5856,2033.76,3.246,33.8,35.95,34.35,36.015,False,False,-1.6272,False,False
統一-城中 x 富邦/富邦證券(裸名稱),統一-城中,富邦/富邦證券(裸名稱),2026-01-09,8074,2026-01-12,in_sample,4273.17,2.1425,15893.49,7.9687,57.0,59.5,56.0,60.662,False,False,1.7544,False,True
統一-城中 x 富邦/富邦證券(裸名稱),統一-城中,富邦/富邦證券(裸名稱),2026-01-12,5347,2026-01-13,in_sample,29488.2,3.6244,25489.8,3.133,118.5,122.0,117.5,127.89,False,False,0.8439,False,True
統一-城中 x 富邦/富邦證券(裸名稱),統一-城中,富邦/富邦證券(裸名稱),2026-01-12,6163,2026-01-13,in_sample,5136.48,3.3748,7491.52,4.9222,68.1,69.6,67.2,70.658,False,False,1.3216,False,True
統一-城中 x 富邦/富邦證券(裸名稱),統一-城中,富邦/富邦證券(裸名稱),2026-01-13,2404,2026-01-14,in_sample,6372.0,0.6651,23652.0,2.4687,1080.0,1170.0,1150.0,1161.3,True,False,-7.5278,False,False
統一-城中 x 富邦/富邦證券(裸名稱),統一-城中,富邦/富邦證券(裸名稱),2026-01-13,6239,2026-01-14,in_sample,9704.2,1.0623,6098.4,0.6676,245.5,253.5,251.5,260.68,False,False,-2.444,False,False
統一-城中 x 富邦/富邦證券(裸名稱),統一-城中,富邦/富邦證券(裸名稱),2026-01-13,8422,2026-01-14,in_sample,2265.6,2.0714,13527.52,12.3679,51.9,51.9,51.9,50.862,True,True,2.0,False,True
統一-城中 x 富邦/富邦證券(裸名稱),統一-城中,富邦/富邦證券(裸名稱),2026-01-14,1519,2026-01-15,in_sample,20806.9,2.3222,84835.0,9.4684,935.0,944.0,907.0,962.36,False,False,2.9947,False,True
統一-城中 x 富邦/富邦證券(裸名稱),統一-城中,富邦/富邦證券(裸名稱),2026-01-14,2419,2026-01-15,in_sample,3062.125,5.4889,3199.675,5.7355,32.75,34.0,33.4,35.28,False,False,-1.9847,False,False
統一-城中 x 富邦/富邦證券(裸名稱),統一-城中,富邦/富邦證券(裸名稱),2026-01-14,3152,2026-01-15,in_sample,3056.1,4.4166,9369.6,13.5408,181.5,181.5,170.0,196.98,False,False,6.3361,False,True
統一-城中 x 富邦/富邦證券(裸名稱),統一-城中,富邦/富邦證券(裸名稱),2026-01-14,3236,2026-01-15,in_sample,2505.82,5.3433,12180.87,25.9739,36.7,38.75,37.9,38.661,True,False,-5.3433,False,False
統一-城中 x 富邦/富邦證券(裸名稱),統一-城中,富邦/富邦證券(裸名稱),2026-01-14,5328,2026-01-15,in_sample,1464.05,2.9137,7299.1,14.5263,24.95,25.85,25.85,25.333,True,False,-1.5351,False,False
統一-城中 x 富邦/富邦證券(裸名稱),統一-城中,富邦/富邦證券(裸名稱),2026-01-14,6155,2026-01-15,in_sample,2594.4,6.0632,6066.48,14.1775,59.0,60.7,60.7,59.486,True,False,-0.8237,False,False
統一-城中 x 富邦/富邦證券(裸名稱),統一-城中,富邦/富邦證券(裸名稱),2026-01-14,6173,2026-01-15,in_sample,4396.84,2.0189,28326.68,13.0068,77.1,80.4,74.2,82.516,False,False,3.7613,False,True
統一-城中 x 富邦/富邦證券(裸名稱),統一-城中,富邦/富邦證券(裸名稱),2026-01-14,6182,2026-01-15,in_sample,5587.56,2.406,7496.28,3.2279,40.0,40.05,39.9,42.679,False,False,0.25,False,True
統一-城中 x 富邦/富邦證券(裸名稱),統一-城中,富邦/富邦證券(裸名稱),2026-01-14,8042,2026-01-15,in_sample,6849.92,4.9274,20437.12,14.701,71.4,76.5,71.0,75.852,True,False,-6.2353,False,False
統一-城中 x 富邦/富邦證券(裸名稱),統一-城中,富邦/富邦證券(裸名稱),2026-01-15,1717,2026-01-16,in_sample,6307.4,0.8757,35006.07,4.8599,69.0,70.3,67.3,72.324,False,False,2.4638,False,True
統一-城中 x 富邦/富邦證券(裸名稱),統一-城中,富邦/富邦證券(裸名稱),2026-01-15,1802,2026-01-16,in_sample,17761.2,2.1663,46166.2,5.6307,40.5,41.8,41.8,40.964,True,False,-1.1457,False,False
統一-城中 x 富邦/富邦證券(裸名稱),統一-城中,富邦/富邦證券(裸名稱),2026-01-16,1802,2026-01-19,in_sample,17744.1,2.2086,62198.4,7.7417,44.7,45.95,45.95,45.031,True,False,-0.7405,False,False
統一-城中 x 富邦/富邦證券(裸名稱),統一-城中,富邦/富邦證券(裸名稱),2026-01-16,4533,2026-01-19,in_sample,148.715,0.3229,6828.75,14.8288,31.1,31.5,30.0,32.683,False,False,3.537,False,True
統一-城中 x 富邦/富邦證券(裸名稱),統一-城中,富邦/富邦證券(裸名稱),2026-01-16,5347,2026-01-19,in_sample,5761.35,0.5339,15735.6,1.4583,142.5,145.0,139.0,149.94,False,False,2.4561,False,True
統一-城中 x 富邦/富邦證券(裸名稱),統一-城中,富邦/富邦證券(裸名稱),2026-01-16,5475,2026-01-19,in_sample,4171.65,3.2893,9216.2,7.267,102.0,111.5,111.5,109.27,True,False,-7.1275,False,False
統一-城中 x 富邦/富邦證券(裸名稱),統一-城中,富邦/富邦證券(裸名稱),2026-01-16,8150,2026-01-19,in_sample,20221.99,3.9585,32834.5,6.4274,71.1,73.9,70.8,72.912,True,False,-2.5485,False,False
統一-城中 x 富邦/富邦證券(裸名稱),統一-城中,富邦/富邦證券(裸名稱),2026-01-19,2492,2026-01-20,in_sample,18693.4,3.2153,41254.4,7.0958,146.0,148.5,148.0,157.78,False,False,-1.3699,False,False
統一-城中 x 富邦/富邦證券(裸名稱),統一-城中,富邦/富邦證券(裸名稱),2026-01-19,3037,2026-01-20,in_sample,34765.5,1.5605,69380.5,3.1142,297.0,318.0,308.0,324.38,False,False,-3.7037,False,False
統一-城中 x 富邦/富邦證券(裸名稱),統一-城中,富邦/富邦證券(裸名稱),2026-01-19,5340,2026-01-20,in_sample,4463.32,2.2818,1676.06,0.8569,94.9,101.5,101.5,99.47,True,False,-4.8156,False,False
統一-城中 x 富邦/富邦證券(裸名稱),統一-城中,富邦/富邦證券(裸名稱),2026-01-19,8110,2026-01-20,in_sample,9046.4,1.9738,26857.6,5.86,83.0,88.0,85.0,94.864,False,False,-2.4096,False,False
統一-城中 x 富邦/富邦證券(裸名稱),統一-城中,富邦/富邦證券(裸名稱),2026-01-19,8131,2026-01-20,in_sample,6348.84,5.2505,11016.88,9.111,73.9,75.1,73.2,82.32,False,False,0.9472,False,True
統一-城中 x 富邦/富邦證券(裸名稱),統一-城中,富邦/富邦證券(裸名稱),2026-01-20,1513,2026-01-21,in_sample,17120.5,2.1421,41301.0,5.1675,177.0,187.5,177.5,190.12,False,False,-0.2825,False,False
統一-城中 x 富邦/富邦證券(裸名稱),統一-城中,富邦/富邦證券(裸名稱),2026-01-20,5340,2026-01-21,in_sample,4334.05,2.203,4039.7,2.0533,104.0,107.5,102.0,109.27,False,False,1.9231,False,True
統一-城中 x 富邦/富邦證券(裸名稱),統一-城中,富邦/富邦證券(裸名稱),2026-01-20,6217,2026-01-21,in_sample,2992.22,1.0383,6201.36,2.1518,63.3,66.6,61.0,68.698,False,False,3.6335,False,True
統一-城中 x 富邦/富邦證券(裸名稱),統一-城中,富邦/富邦證券(裸名稱),2026-01-20,6282,2026-01-21,in_sample,14725.04,1.5749,20045.96,2.1439,65.0,65.9,61.1,68.698,False,False,6.0,False,True
統一-城中 x 富邦/富邦證券(裸名稱),統一-城中,富邦/富邦證券(裸名稱),2026-01-21,1514,2026-01-22,in_sample,13113.0,2.9891,19209.15,4.3787,143.5,145.0,140.5,149.94,False,False,2.0906,False,True
統一-城中 x 富邦/富邦證券(裸名稱),統一-城中,富邦/富邦證券(裸名稱),2026-01-22,2301,2026-01-23,in_sample,38763.0,4.0396,36320.4,3.785,182.5,184.5,172.0,190.61,False,False,5.7534,False,True
統一-城中 x 富邦/富邦證券(裸名稱),統一-城中,富邦/富邦證券(裸名稱),2026-01-22,2356,2026-01-23,in_sample,9820.16,1.3778,7813.12,1.0962,54.5,55.0,48.0,55.174,False,False,11.9266,False,True
統一-城中 x 富邦/富邦證券(裸名稱),統一-城中,富邦/富邦證券(裸名稱),2026-01-22,2492,2026-01-23,in_sample,8174.25,3.3685,46761.75,19.2698,163.5,165.5,153.5,169.54,False,False,6.1162,False,True
統一-城中 x 富邦/富邦證券(裸名稱),統一-城中,富邦/富邦證券(裸名稱),2026-01-22,4939,2026-01-23,in_sample,4601.61,6.2586,6674.13,9.0775,54.0,54.9,46.2,55.272,False,False,14.4444,False,True
統一-城中 x 富邦/富邦證券(裸名稱),統一-城中,富邦/富邦證券(裸名稱),2026-01-23,2367,2026-01-26,in_sample,6257.79,0.8308,60862.41,8.0804,45.75,48.5,48.5,47.53,True,False,-3.8907,False,False
統一-城中 x 富邦/富邦證券(裸名稱),統一-城中,富邦/富邦證券(裸名稱),2026-01-23,2453,2026-01-26,in_sample,537.2,1.3353,7053.12,17.5313,64.5,64.7,59.4,68.11,False,False,7.907,False,True
統一-城中 x 富邦/富邦證券(裸名稱),統一-城中,富邦/富邦證券(裸名稱),2026-01-26,1326,2026-01-27,in_sample,2286.365,1.3353,26069.235,15.2246,40.95,41.95,40.55,41.944,True,False,-2.4274,False,False
統一-城中 x 富邦/富邦證券(裸名稱),統一-城中,富邦/富邦證券(裸名稱),2026-01-26,2337,2026-01-27,in_sample,7071.36,0.4597,78684.12,5.1149,76.9,80.9,76.2,82.124,False,False,0.9103,False,True
統一-城中 x 富邦/富邦證券(裸名稱),統一-城中,富邦/富邦證券(裸名稱),2026-01-26,3630,2026-01-27,in_sample,1978.9,3.2836,3280.2,5.4428,39.7,39.95,37.9,41.503,False,False,4.534,False,True
統一-城中 x 富邦/富邦證券(裸名稱),統一-城中,富邦/富邦證券(裸名稱),2026-01-26,6505,2026-01-27,in_sample,2583.9,2.543,5611.5,5.5227,53.8,54.3,51.6,56.252,False,False,4.0892,False,True
統一-城中 x 富邦/富邦證券(裸名稱),統一-城中,富邦/富邦證券(裸名稱),2026-01-26,8131,2026-01-27,in_sample,4691.5,1.0396,11703.16,2.5934,85.3,85.4,81.1,91.924,False,False,4.9238,False,True
統一-城中 x 富邦/富邦證券(裸名稱),統一-城中,富邦/富邦證券(裸名稱),2026-01-27,2303,2026-01-28,in_sample,30533.34,0.8249,180281.58,4.8705,79.6,79.7,75.9,82.124,False,False,4.6482,False,True
統一-城中 x 富邦/富邦證券(裸名稱),統一-城中,富邦/富邦證券(裸名稱),2026-01-27,3189,2026-01-28,in_sample,22918.55,3.1791,83745.25,11.6165,228.5,249.5,243.5,245.98,True,False,-7.6499,False,False
統一-城中 x 富邦/富邦證券(裸名稱),統一-城中,富邦/富邦證券(裸名稱),2026-01-27,5347,2026-01-28,in_sample,15662.9,2.4957,31836.2,5.0727,165.0,171.0,163.0,171.5,False,False,1.2121,False,True
統一-城中 x 富邦/富邦證券(裸名稱),統一-城中,富邦/富邦證券(裸名稱),2026-01-28,2337,2026-01-29,in_sample,22215.38,1.2791,23975.18,1.3804,89.4,92.1,92.1,90.258,True,False,-0.9597,False,False
統一-城中 x 富邦/富邦證券(裸名稱),統一-城中,富邦/富邦證券(裸名稱),2026-01-28,3163,2026-01-29,in_sample,18473.4,2.6382,34287.75,4.8967,476.0,495.0,472.5,502.74,False,False,0.7353,False,True
統一-城中 x 富邦/富邦證券(裸名稱),統一-城中,富邦/富邦證券(裸名稱),2026-01-28,4979,2026-01-29,in_sample,23248.4,1.3922,48718.6,2.9175,330.0,339.0,334.5,346.92,False,False,-1.3636,False,False
統一-城中 x 富邦/富邦證券(裸名稱),統一-城中,富邦/富邦證券(裸名稱),2026-01-30,3037,2026-02-02,in_sample,43262.55,1.5506,87206.4,3.1257,375.0,377.0,365.0,407.68,False,False,2.6667,False,True
統一-城中 x 富邦/富邦證券(裸名稱),統一-城中,富邦/富邦證券(裸名稱),2026-01-30,8096,2026-02-02,in_sample,7279.02,1.8424,21882.84,5.5387,76.7,77.7,73.2,82.222,False,False,4.5632,False,True
統一-城中 x 富邦/富邦證券(裸名稱),統一-城中,富邦/富邦證券(裸名稱),2026-02-03,2367,2026-02-04,in_sample,18199.24,2.2842,25637.99,3.2179,55.2,59.5,59.5,58.31,True,False,-5.6341,False,False
統一-城中 x 富邦/富邦證券(裸名稱),統一-城中,富邦/富邦證券(裸名稱),2026-02-04,6770,2026-02-05,in_sample,5910.56,0.414,70185.44,4.9157,63.0,64.7,62.8,70.658,False,False,0.3175,False,True
統一-城中 x 富邦/富邦證券(裸名稱),統一-城中,富邦/富邦證券(裸名稱),2026-02-05,2406,2026-02-06,in_sample,8472.675,3.6893,15730.77,6.8497,33.35,33.45,29.4,35.182,False,False,11.8441,False,True
統一-城中 x 富邦/富邦證券(裸名稱),統一-城中,富邦/富邦證券(裸名稱),2026-02-09,8996,2026-02-10,in_sample,17395.1,6.5849,2295.8,0.8691,916.0,958.0,931.0,951.58,True,False,-3.8843,False,False
統一-城中 x 富邦/富邦證券(裸名稱),統一-城中,富邦/富邦證券(裸名稱),2026-02-11,1802,2026-02-23,in_sample,6671.69,1.5557,30756.585,7.1718,49.15,51.7,51.7,50.666,True,False,-3.0844,False,False
統一-城中 x 富邦/富邦證券(裸名稱),統一-城中,富邦/富邦證券(裸名稱),2026-02-11,1815,2026-02-23,in_sample,18392.64,2.4116,75058.2,9.8416,100.0,106.0,106.0,103.88,True,False,-3.88,False,False
統一-城中 x 富邦/富邦證券(裸名稱),統一-城中,富邦/富邦證券(裸名稱),2026-02-11,5475,2026-02-23,in_sample,1874.5,2.1288,6666.7,7.5712,179.0,179.0,179.0,175.42,True,False,2.0,False,True
統一-城中 x 富邦/富邦證券(裸名稱),統一-城中,富邦/富邦證券(裸名稱),2026-02-23,1711,2026-02-24,in_sample,1965.81,2.6786,4877.84,6.6465,26.0,27.8,27.8,27.244,True,False,-4.7846,False,False
統一-城中 x 富邦/富邦證券(裸名稱),統一-城中,富邦/富邦證券(裸名稱),2026-02-23,2313,2026-02-24,in_sample,11070.0,0.8938,76096.0,6.1439,209.0,225.5,225.5,220.99,True,False,-5.7368,False,False
統一-城中 x 富邦/富邦證券(裸名稱),統一-城中,富邦/富邦證券(裸名稱),2026-02-23,3037,2026-02-24,in_sample,16179.45,0.7771,45294.35,2.1755,410.5,446.0,446.0,437.08,True,False,-6.475,False,False
統一-城中 x 富邦/富邦證券(裸名稱),統一-城中,富邦/富邦證券(裸名稱),2026-02-23,3189,2026-02-24,in_sample,24352.8,3.6235,81322.0,12.1,302.0,321.0,321.0,314.58,True,False,-4.1656,False,False
統一-城中 x 富邦/富邦證券(裸名稱),統一-城中,富邦/富邦證券(裸名稱),2026-02-24,2313,2026-02-25,in_sample,6742.45,0.2741,5186.5,0.2108,227.5,231.0,209.5,243.04,False,False,7.9121,False,True
統一-城中 x 富邦/富邦證券(裸名稱),統一-城中,富邦/富邦證券(裸名稱),2026-02-24,2367,2026-02-25,in_sample,15752.88,2.5681,59835.24,9.7547,63.7,66.1,58.7,65.954,True,False,-3.5385,False,False
統一-城中 x 富邦/富邦證券(裸名稱),統一-城中,富邦/富邦證券(裸名稱),2026-02-24,3037,2026-02-25,in_sample,59228.8,1.5944,87282.2,2.3495,454.5,463.0,458.5,480.69,False,False,-0.8801,False,False
統一-城中 x 富邦/富邦證券(裸名稱),統一-城中,富邦/富邦證券(裸名稱),2026-02-24,3189,2026-02-25,in_sample,3370.5,0.3177,52226.7,4.9224,327.0,332.5,325.5,345.94,False,False,0.4587,False,True
統一-城中 x 富邦/富邦證券(裸名稱),統一-城中,富邦/富邦證券(裸名稱),2026-02-24,3363,2026-02-25,in_sample,7163.0,3.6165,42206.6,21.3096,573.0,596.0,595.0,593.88,True,False,-3.644,False,False
統一-城中 x 富邦/富邦證券(裸名稱),統一-城中,富邦/富邦證券(裸名稱),2026-02-24,4989,2026-02-25,in_sample,2810.41,2.4246,1329.33,1.1468,62.0,64.0,62.3,65.366,False,False,-0.4839,False,False
統一-城中 x 富邦/富邦證券(裸名稱),統一-城中,富邦/富邦證券(裸名稱),2026-02-25,3691,2026-02-26,in_sample,199.75,0.7546,6333.25,23.924,118.5,129.0,129.0,126.42,True,False,-6.6835,False,False
統一-城中 x 富邦/富邦證券(裸名稱),統一-城中,富邦/富邦證券(裸名稱),2026-02-25,8046,2026-02-26,in_sample,15207.5,1.038,35170.8,2.4005,548.0,572.0,555.0,595.84,False,False,-1.2774,False,False
統一-城中 x 富邦/富邦證券(裸名稱),統一-城中,富邦/富邦證券(裸名稱),2026-02-25,8150,2026-02-26,in_sample,5993.0,1.1527,23218.0,4.4659,65.0,71.5,71.5,70.07,True,False,-7.8,False,False
統一-城中 x 富邦/富邦證券(裸名稱),統一-城中,富邦/富邦證券(裸名稱),2026-02-26,2367,2026-03-02,in_sample,17395.65,1.8682,65390.1,7.0226,61.0,70.9,70.9,69.482,True,False,-13.9049,False,False
統一-城中 x 富邦/富邦證券(裸名稱),統一-城中,富邦/富邦證券(裸名稱),2026-02-26,3450,2026-03-02,in_sample,17734.35,1.7607,78210.65,7.7648,301.0,328.0,304.0,333.2,False,False,-0.9967,False,False
統一-城中 x 富邦/富邦證券(裸名稱),統一-城中,富邦/富邦證券(裸名稱),2026-02-26,6805,2026-03-02,in_sample,11115.0,1.7789,17442.0,2.7915,1715.0,1840.0,1745.0,1842.4,False,False,-1.7493,False,False
統一-城中 x 富邦/富邦證券(裸名稱),統一-城中,富邦/富邦證券(裸名稱),2026-02-26,8150,2026-03-02,in_sample,12641.2,1.5105,23073.05,2.757,69.5,71.5,67.9,77.028,False,False,2.3022,False,True
統一-城中 x 富邦/富邦證券(裸名稱),統一-城中,富邦/富邦證券(裸名稱),2026-03-02,1802,2026-03-03,in_sample,11014.08,0.7039,30784.32,1.9674,68.0,73.5,63.7,72.422,True,False,-6.5029,False,False
統一-城中 x 富邦/富邦證券(裸名稱),統一-城中,富邦/富邦證券(裸名稱),2026-03-02,2313,2026-03-03,in_sample,23482.7,1.32,66025.45,3.7115,230.0,246.0,224.5,241.57,True,False,-5.0304,False,False
統一-城中 x 富邦/富邦證券(裸名稱),統一-城中,富邦/富邦證券(裸名稱),2026-03-02,2489,2026-03-03,in_sample,3871.595,3.6405,4163.38,3.9149,47.9,47.9,40.3,46.942,True,False,2.0,False,True
統一-城中 x 富邦/富邦證券(裸名稱),統一-城中,富邦/富邦證券(裸名稱),2026-03-02,3357,2026-03-03,in_sample,3647.15,2.1001,21782.15,12.5423,196.0,200.5,181.5,217.07,False,False,7.398,False,True
統一-城中 x 富邦/富邦證券(裸名稱),統一-城中,富邦/富邦證券(裸名稱),2026-03-02,3576,2026-03-03,in_sample,2619.54,1.5671,1479.87,0.8853,26.6,26.7,26.7,26.166,True,False,1.6316,False,True
統一-城中 x 富邦/富邦證券(裸名稱),統一-城中,富邦/富邦證券(裸名稱),2026-03-02,6789,2026-03-03,in_sample,10678.4,2.373,11580.8,2.5735,383.0,383.5,366.0,405.23,False,False,4.4386,False,True
統一-城中 x 富邦/富邦證券(裸名稱),統一-城中,富邦/富邦證券(裸名稱),2026-03-03,2609,2026-03-04,in_sample,6118.2,0.5386,47025.0,4.14,68.9,69.9,63.6,71.148,False,False,7.6923,False,True
統一-城中 x 富邦/富邦證券(裸名稱),統一-城中,富邦/富邦證券(裸名稱),2026-03-03,3450,2026-03-04,in_sample,15831.6,0.9435,90313.6,5.3824,324.0,329.5,301.0,359.66,False,False,7.0988,False,True
統一-城中 x 富邦/富邦證券(裸名稱),統一-城中,富邦/富邦證券(裸名稱),2026-03-03,3701,2026-03-04,in_sample,3348.81,4.2886,11937.69,15.2879,70.1,74.5,64.0,76.636,False,False,8.7019,False,True
統一-城中 x 富邦/富邦證券(裸名稱),統一-城中,富邦/富邦證券(裸名稱),2026-03-03,6530,2026-03-04,in_sample,2293.56,2.3138,4761.63,4.8037,82.5,83.1,74.8,89.572,False,False,9.3333,False,True
統一-城中 x 富邦/富邦證券(裸名稱),統一-城中,富邦/富邦證券(裸名稱),2026-03-05,2337,2026-03-06,in_sample,14136.25,1.6335,63414.25,7.3276,107.0,110.5,102.5,115.64,False,False,4.2056,False,True
統一-城中 x 富邦/富邦證券(裸名稱),統一-城中,富邦/富邦證券(裸名稱),2026-03-05,2408,2026-03-06,in_sample,16299.75,2.9448,66409.25,11.9978,259.0,262.0,233.0,277.34,False,False,10.0386,False,True
統一-城中 x 富邦/富邦證券(裸名稱),統一-城中,富邦/富邦證券(裸名稱),2026-03-05,6443,2026-03-06,in_sample,14760.0,2.4577,51965.0,8.6528,49.9,50.4,48.1,53.9,False,False,3.6072,False,True
統一-城中 x 富邦/富邦證券(裸名稱),統一-城中,富邦/富邦證券(裸名稱),2026-03-10,3653,2026-03-11,in_sample,11184.0,1.175,56619.0,5.9483,3475.0,3545.0,3485.0,3763.2,False,False,-0.2878,False,False
統一-城中 x 富邦/富邦證券(裸名稱),統一-城中,富邦/富邦證券(裸名稱),2026-03-10,6715,2026-03-11,in_sample,2000.7,9.2172,949.05,4.3723,282.0,282.0,282.0,276.36,True,True,2.0,False,True
統一-城中 x 富邦/富邦證券(裸名稱),統一-城中,富邦/富邦證券(裸名稱),2026-03-11,2329,2026-03-12,in_sample,2603.72,3.9379,5874.78,8.8851,53.9,55.3,52.2,58.898,False,False,3.154,False,True
統一-城中 x 富邦/富邦證券(裸名稱),統一-城中,富邦/富邦證券(裸名稱),2026-03-11,2337,2026-03-12,in_sample,10299.01,0.8021,92013.13,7.1662,102.5,109.0,99.0,107.31,True,False,-4.6927,False,False
統一-城中 x 富邦/富邦證券(裸名稱),統一-城中,富邦/富邦證券(裸名稱),2026-03-11,2485,2026-03-12,in_sample,12044.34,2.7672,33672.17,7.7363,57.5,60.8,60.8,59.584,True,False,-3.6243,False,False
統一-城中 x 富邦/富邦證券(裸名稱),統一-城中,富邦/富邦證券(裸名稱),2026-03-11,3037,2026-03-12,in_sample,3961.0,0.5691,12395.6,1.7809,466.5,486.0,480.0,501.76,False,False,-2.8939,False,False
統一-城中 x 富邦/富邦證券(裸名稱),統一-城中,富邦/富邦證券(裸名稱),2026-03-11,3450,2026-03-12,in_sample,13270.75,2.9167,16377.25,3.5994,272.5,286.0,274.5,293.51,False,False,-0.7339,False,False
統一-城中 x 富邦/富邦證券(裸名稱),統一-城中,富邦/富邦證券(裸名稱),2026-03-12,6147,2026-03-13,in_sample,2342.4,1.6306,19520.0,13.5886,60.4,62.1,58.8,65.758,False,False,2.649,False,True
統一-城中 x 富邦/富邦證券(裸名稱),統一-城中,富邦/富邦證券(裸名稱),2026-03-13,1711,2026-03-16,in_sample,6004.57,2.5423,21676.53,9.1777,35.4,35.5,35.5,34.79,True,False,1.7232,False,True
統一-城中 x 富邦/富邦證券(裸名稱),統一-城中,富邦/富邦證券(裸名稱),2026-03-13,1727,2026-03-16,in_sample,4012.8,3.0006,5320.0,3.978,63.6,63.6,55.3,65.464,False,False,13.0503,False,True
統一-城中 x 富邦/富邦證券(裸名稱),統一-城中,富邦/富邦證券(裸名稱),2026-03-13,4755,2026-03-16,in_sample,3729.0,5.3819,6339.3,9.1493,173.0,174.5,153.0,182.28,False,False,11.5607,False,True
統一-城中 x 富邦/富邦證券(裸名稱),統一-城中,富邦/富邦證券(裸名稱),2026-03-13,4949,2026-03-16,in_sample,109.44,0.1942,8597.88,15.2602,71.0,72.5,66.4,73.696,False,False,6.4789,False,True
統一-城中 x 富邦/富邦證券(裸名稱),統一-城中,富邦/富邦證券(裸名稱),2026-03-13,6274,2026-03-16,in_sample,13283.25,1.5073,47660.5,5.4084,515.0,520.0,503.0,536.06,False,False,2.3301,False,True
統一-城中 x 富邦/富邦證券(裸名稱),統一-城中,富邦/富邦證券(裸名稱),2026-03-13,8261,2026-03-16,in_sample,3885.0,3.8593,12831.6,12.7468,115.0,116.5,112.5,119.56,False,False,2.1739,False,True
統一-城中 x 富邦/富邦證券(裸名稱),統一-城中,富邦/富邦證券(裸名稱),2026-03-16,2347,2026-03-17,in_sample,2323.72,1.6675,18304.12,13.1349,76.9,79.6,78.6,83.202,False,False,-2.2107,False,False
統一-城中 x 富邦/富邦證券(裸名稱),統一-城中,富邦/富邦證券(裸名稱),2026-03-16,2408,2026-03-17,in_sample,30255.55,1.2621,81614.15,3.4045,267.0,284.5,271.5,281.75,True,False,-5.5243,False,False
統一-城中 x 富邦/富邦證券(裸名稱),統一-城中,富邦/富邦證券(裸名稱),2026-03-16,3376,2026-03-17,in_sample,4827.95,1.8362,23598.5,8.9752,226.0,232.0,224.0,233.24,False,False,0.885,False,True
統一-城中 x 富邦/富邦證券(裸名稱),統一-城中,富邦/富邦證券(裸名稱),2026-03-16,5351,2026-03-17,in_sample,9190.11,2.7983,12898.4,3.9275,73.8,77.1,77.1,75.558,True,False,-2.3821,False,False
統一-城中 x 富邦/富邦證券(裸名稱),統一-城中,富邦/富邦證券(裸名稱),2026-03-16,8299,2026-03-17,in_sample,39006.0,2.1465,98208.0,5.4044,2020.0,2070.0,1945.0,2131.5,False,False,3.7129,False,True
統一-城中 x 富邦/富邦證券(裸名稱),統一-城中,富邦/富邦證券(裸名稱),2026-03-17,2327,2026-03-18,in_sample,36693.8,2.44,126926.8,8.4403,292.0,296.0,280.5,308.21,False,False,3.9384,False,True
統一-城中 x 富邦/富邦證券(裸名稱),統一-城中,富邦/富邦證券(裸名稱),2026-03-17,2485,2026-03-18,in_sample,4245.0,0.7159,29685.0,5.006,79.7,82.0,80.0,80.85,True,False,-1.4429,False,False
統一-城中 x 富邦/富邦證券(裸名稱),統一-城中,富邦/富邦證券(裸名稱),2026-03-17,5351,2026-03-18,in_sample,3145.68,0.6418,6044.64,1.2332,83.3,84.8,84.8,83.104,True,False,0.2353,False,True
統一-城中 x 富邦/富邦證券(裸名稱),統一-城中,富邦/富邦證券(裸名稱),2026-03-17,6531,2026-03-18,in_sample,14616.0,2.0307,27434.0,3.8115,615.0,623.0,572.0,625.24,False,False,6.9919,False,True
統一-城中 x 富邦/富邦證券(裸名稱),統一-城中,富邦/富邦證券(裸名稱),2026-03-17,6770,2026-03-18,in_sample,15652.11,0.567,91991.1,3.3327,76.0,76.2,71.9,77.224,False,False,5.3947,False,True
統一-城中 x 富邦/富邦證券(裸名稱),統一-城中,富邦/富邦證券(裸名稱),2026-03-18,2316,2026-03-19,in_sample,6165.0,4.678,18180.0,13.7951,112.0,116.0,108.0,121.03,False,False,3.5714,False,True
統一-城中 x 富邦/富邦證券(裸名稱),統一-城中,富邦/富邦證券(裸名稱),2026-03-18,3135,2026-03-19,in_sample,598.0,0.4266,11193.0,7.9839,134.0,143.0,143.0,140.14,True,False,-4.5821,False,False
統一-城中 x 富邦/富邦證券(裸名稱),統一-城中,富邦/富邦證券(裸名稱),2026-03-18,3715,2026-03-19,in_sample,17055.05,1.5209,28939.8,2.5807,173.5,190.5,190.5,186.69,True,False,-7.6023,False,False
統一-城中 x 富邦/富邦證券(裸名稱),統一-城中,富邦/富邦證券(裸名稱),2026-03-18,4989,2026-03-19,in_sample,8546.6,2.4993,27685.85,8.0963,76.0,77.3,73.9,81.34,False,False,2.7632,False,True
統一-城中 x 富邦/富邦證券(裸名稱),統一-城中,富邦/富邦證券(裸名稱),2026-03-18,5483,2026-03-19,in_sample,3779.7,0.9212,6050.1,1.4745,128.0,130.0,124.0,138.67,False,False,3.125,False,True
統一-城中 x 富邦/富邦證券(裸名稱),統一-城中,富邦/富邦證券(裸名稱),2026-03-18,6147,2026-03-19,in_sample,2962.28,0.6179,25912.76,5.405,71.7,73.4,71.1,77.42,False,False,0.8368,False,True
統一-城中 x 富邦/富邦證券(裸名稱),統一-城中,富邦/富邦證券(裸名稱),2026-03-18,8096,2026-03-19,in_sample,9765.36,2.9568,22043.34,6.6744,88.6,91.6,86.3,96.04,False,False,2.5959,False,True
統一-城中 x 富邦/富邦證券(裸名稱),統一-城中,富邦/富邦證券(裸名稱),2026-03-19,2489,2026-03-20,in_sample,2385.24,2.4698,2145.0,2.221,47.15,47.15,38.65,46.207,True,False,2.0,False,True
統一-城中 x 富邦/富邦證券(裸名稱),統一-城中,富邦/富邦證券(裸名稱),2026-03-19,3105,2026-03-20,in_sample,33323.0,2.1855,61612.1,4.0408,372.0,381.0,344.0,381.71,False,False,7.5269,False,True
統一-城中 x 富邦/富邦證券(裸名稱),統一-城中,富邦/富邦證券(裸名稱),2026-03-19,3693,2026-03-20,in_sample,10902.1,2.9439,32006.7,8.6429,618.0,618.0,535.0,628.18,False,False,13.4304,False,True
統一-城中 x 富邦/富邦證券(裸名稱),統一-城中,富邦/富邦證券(裸名稱),2026-03-19,3715,2026-03-20,in_sample,3524.25,0.2594,29546.55,2.175,193.0,194.5,178.5,205.31,False,False,7.513,False,True
統一-城中 x 富邦/富邦證券(裸名稱),統一-城中,富邦/富邦證券(裸名稱),2026-03-19,4908,2026-03-20,in_sample,3073.6,3.1405,5378.8,5.496,120.0,123.0,114.5,121.52,True,False,-1.2667,False,False
統一-城中 x 富邦/富邦證券(裸名稱),統一-城中,富邦/富邦證券(裸名稱),2026-03-19,4919,2026-03-20,in_sample,1997.94,1.0146,13627.74,6.9201,109.0,109.0,109.0,106.82,True,False,2.0,False,True
統一-城中 x 富邦/富邦證券(裸名稱),統一-城中,富邦/富邦證券(裸名稱),2026-03-19,4967,2026-03-20,in_sample,6585.3,0.7768,10189.6,1.202,287.5,288.5,261.5,292.04,False,False,9.0435,False,True
統一-城中 x 富邦/富邦證券(裸名稱),統一-城中,富邦/富邦證券(裸名稱),2026-03-19,6274,2026-03-20,in_sample,37901.6,2.5909,135663.2,9.2738,598.0,600.0,554.0,629.16,False,False,7.3579,False,True
統一-城中 x 富邦/富邦證券(裸名稱),統一-城中,富邦/富邦證券(裸名稱),2026-03-25,2313,2026-03-26,in_sample,24748.0,1.8055,51313.0,3.7435,235.0,253.0,245.5,247.94,True,False,-5.5064,False,False
統一-城中 x 富邦/富邦證券(裸名稱),統一-城中,富邦/富邦證券(裸名稱),2026-03-25,3583,2026-03-26,in_sample,13568.1,6.0154,29571.5,13.1105,517.0,532.0,501.0,535.08,False,False,3.0948,False,True
統一-城中 x 富邦/富邦證券(裸名稱),統一-城中,富邦/富邦證券(裸名稱),2026-03-25,3715,2026-03-26,in_sample,8948.7,1.3517,25089.3,3.7897,187.0,197.0,185.0,196.98,True,False,-5.3369,False,False
統一-城中 x 富邦/富邦證券(裸名稱),統一-城中,富邦/富邦證券(裸名稱),2026-03-25,4977,2026-03-26,in_sample,3650.85,2.7444,13067.25,9.8227,202.5,214.0,196.0,214.62,False,False,3.2099,False,True
統一-城中 x 富邦/富邦證券(裸名稱),統一-城中,富邦/富邦證券(裸名稱),2026-03-25,5347,2026-03-26,in_sample,7353.2,3.4063,23808.0,11.0288,127.5,128.0,117.0,133.28,False,False,8.2353,False,True
統一-城中 x 富邦/富邦證券(裸名稱),統一-城中,富邦/富邦證券(裸名稱),2026-03-26,2355,2026-03-27,in_sample,5760.04,3.9544,16583.58,11.385,49.15,51.5,50.5,53.214,False,False,-2.7467,False,False
統一-城中 x 富邦/富邦證券(裸名稱),統一-城中,富邦/富邦證券(裸名稱),2026-03-26,6147,2026-03-27,in_sample,6115.08,1.4628,26786.54,6.4075,77.0,78.7,76.8,83.79,False,False,0.2597,False,True
統一-城中 x 富邦/富邦證券(裸名稱),統一-城中,富邦/富邦證券(裸名稱),2026-03-27,2489,2026-03-30,in_sample,2071.455,1.0527,4493.41,2.2834,35.05,35.5,32.7,37.779,False,False,6.7047,False,True
統一-城中 x 富邦/富邦證券(裸名稱),統一-城中,富邦/富邦證券(裸名稱),2026-03-27,4577,2026-03-30,in_sample,229.0,1.3184,2759.45,15.8867,122.5,125.0,111.5,122.99,True,False,-0.4,False,False
統一-城中 x 富邦/富邦證券(裸名稱),統一-城中,富邦/富邦證券(裸名稱),2026-03-27,6213,2026-03-30,in_sample,5861.8,1.5039,21314.2,5.4683,156.0,157.5,151.0,170.03,False,False,3.2051,False,True
統一-城中 x 富邦/富邦證券(裸名稱),統一-城中,富邦/富邦證券(裸名稱),2026-03-30,1305,2026-03-31,in_sample,1797.68,3.5243,7210.96,14.1368,19.6,20.1,17.35,19.796,True,False,-1.0,False,False
統一-城中 x 富邦/富邦證券(裸名稱),統一-城中,富邦/富邦證券(裸名稱),2026-03-30,1308,2026-03-31,in_sample,971.94,1.9393,3755.84,7.4938,20.55,21.15,18.5,20.874,True,False,-1.5766,False,False
統一-城中 x 富邦/富邦證券(裸名稱),統一-城中,富邦/富邦證券(裸名稱),2026-03-31,1528,2026-04-01,in_sample,2676.135,3.0646,14040.95,16.0793,27.95,28.75,26.1,29.008,False,False,6.619,False,True
統一-城中 x 富邦/富邦證券(裸名稱),統一-城中,富邦/富邦證券(裸名稱),2026-04-01,2383,2026-04-02,in_sample,6292.0,0.7329,65208.0,7.5957,2920.0,2965.0,2785.0,3082.1,False,False,4.6233,False,True
統一-城中 x 富邦/富邦證券(裸名稱),統一-城中,富邦/富邦證券(裸名稱),2026-04-01,2409,2026-04-02,in_sample,1083.005,0.3333,34922.525,10.7468,16.5,17.4,16.85,17.15,True,False,-3.9394,False,False
統一-城中 x 富邦/富邦證券(裸名稱),統一-城中,富邦/富邦證券(裸名稱),2026-04-01,6213,2026-04-02,in_sample,15550.2,3.6138,20326.1,4.7238,167.5,176.0,170.0,175.42,True,False,-4.7284,False,False
統一-城中 x 富邦/富邦證券(裸名稱),統一-城中,富邦/富邦證券(裸名稱),2026-04-02,1309,2026-04-07,in_sample,3427.995,2.6038,8083.425,6.1398,26.25,27.0,26.5,27.93,False,False,-0.9524,False,False
統一-城中 x 富邦/富邦證券(裸名稱),統一-城中,富邦/富邦證券(裸名稱),2026-04-02,3152,2026-04-07,in_sample,1887.6,4.3842,2979.6,6.9205,156.0,165.5,159.0,168.07,False,False,-1.9231,False,False
統一-城中 x 富邦/富邦證券(裸名稱),統一-城中,富邦/富邦證券(裸名稱),2026-04-02,6147,2026-04-07,in_sample,21806.4,3.5857,66032.4,10.858,91.0,92.4,89.8,90.552,True,False,0.4923,False,True
統一-城中 x 富邦/富邦證券(裸名稱),統一-城中,富邦/富邦證券(裸名稱),2026-04-07,2455,2026-04-08,in_sample,17667.45,3.8297,89788.2,19.4629,306.0,307.5,290.5,306.25,True,False,-0.0817,False,False
統一-城中 x 富邦/富邦證券(裸名稱),統一-城中,富邦/富邦證券(裸名稱),2026-04-07,6274,2026-04-08,in_sample,30052.0,4.3246,86741.0,12.4823,723.0,736.0,725.0,735.98,True,False,-1.7953,False,False
統一-城中 x 富邦/富邦證券(裸名稱),統一-城中,富邦/富邦證券(裸名稱),2026-04-07,6285,2026-04-08,in_sample,21059.3,2.8999,79253.1,10.9132,212.0,216.5,216.5,212.17,True,False,-0.0802,False,False
統一-城中 x 富邦/富邦證券(裸名稱),統一-城中,富邦/富邦證券(裸名稱),2026-04-07,8086,2026-04-08,in_sample,786.6,0.474,6265.2,3.7754,146.0,148.5,145.5,148.47,True,False,-1.6918,False,False
統一-城中 x 富邦/富邦證券(裸名稱),統一-城中,富邦/富邦證券(裸名稱),2026-04-08,1802,2026-04-09,in_sample,8236.4,2.594,56946.8,17.9347,61.5,64.5,59.5,63.602,True,False,-3.4179,False,False
統一-城中 x 富邦/富邦證券(裸名稱),統一-城中,富邦/富邦證券(裸名稱),2026-04-08,1815,2026-04-09,in_sample,21257.6,2.7341,72643.2,9.3434,113.0,122.5,121.5,120.54,True,False,-6.6726,False,False
統一-城中 x 富邦/富邦證券(裸名稱),統一-城中,富邦/富邦證券(裸名稱),2026-04-08,2308,2026-04-09,in_sample,25308.0,1.1421,13486.5,0.6086,1685.0,1705.0,1645.0,1793.4,False,False,2.3739,False,True
統一-城中 x 富邦/富邦證券(裸名稱),統一-城中,富邦/富邦證券(裸名稱),2026-04-08,2419,2026-04-09,in_sample,4053.415,5.2168,6935.515,8.9261,39.5,39.85,36.95,39.788,True,False,-0.7291,False,False
統一-城中 x 富邦/富邦證券(裸名稱),統一-城中,富邦/富邦證券(裸名稱),2026-04-08,3380,2026-04-09,in_sample,3279.895,4.2597,2036.08,2.6443,43.8,43.95,41.3,44.247,False,False,5.7078,False,True
統一-城中 x 富邦/富邦證券(裸名稱),統一-城中,富邦/富邦證券(裸名稱),2026-04-08,4958,2026-04-09,in_sample,7524.0,1.0661,49153.5,6.9647,250.5,271.0,263.5,266.56,True,False,-6.4112,False,False
統一-城中 x 富邦/富邦證券(裸名稱),統一-城中,富邦/富邦證券(裸名稱),2026-04-08,6147,2026-04-09,in_sample,5053.44,2.5353,25434.99,12.7608,99.9,104.5,96.5,106.33,False,False,3.4034,False,True
統一-城中 x 富邦/富邦證券(裸名稱),統一-城中,富邦/富邦證券(裸名稱),2026-04-08,6257,2026-04-09,in_sample,5609.45,1.237,4842.2,1.0678,172.5,175.0,171.0,183.75,False,False,0.8696,False,True
統一-城中 x 富邦/富邦證券(裸名稱),統一-城中,富邦/富邦證券(裸名稱),2026-04-08,6919,2026-04-09,in_sample,5440.05,1.7196,16793.7,5.3085,120.0,120.0,113.5,124.46,False,False,5.4167,False,True
統一-城中 x 富邦/富邦證券(裸名稱),統一-城中,富邦/富邦證券(裸名稱),2026-04-08,8021,2026-04-09,in_sample,15265.3,1.8435,42895.2,5.1801,291.0,303.0,289.0,315.56,False,False,0.6873,False,True
統一-城中 x 富邦/富邦證券(裸名稱),統一-城中,富邦/富邦證券(裸名稱),2026-04-08,8096,2026-04-09,in_sample,5654.7,1.4335,13822.6,3.5042,100.0,109.0,95.8,110.74,False,False,4.2,False,True
統一-城中 x 富邦/富邦證券(裸名稱),統一-城中,富邦/富邦證券(裸名稱),2026-04-08,8299,2026-04-09,in_sample,11557.5,0.8484,36742.5,2.6971,1725.0,1730.0,1615.0,1857.1,False,False,6.3768,False,True
統一-城中 x 富邦/富邦證券(裸名稱),統一-城中,富邦/富邦證券(裸名稱),2026-04-09,1717,2026-04-10,in_sample,9018.36,1.184,18339.3,2.4077,77.6,80.6,80.0,79.478,True,False,-2.4201,False,False
統一-城中 x 富邦/富邦證券(裸名稱),統一-城中,富邦/富邦證券(裸名稱),2026-04-09,2467,2026-04-10,in_sample,15792.0,4.7968,6415.5,1.9487,525.0,542.0,542.0,531.16,True,False,-1.1733,False,False
統一-城中 x 富邦/富邦證券(裸名稱),統一-城中,富邦/富邦證券(裸名稱),2026-04-09,3026,2026-04-10,in_sample,3651.65,1.1039,19799.65,5.9852,186.5,201.5,194.0,197.47,True,False,-5.882,False,False
統一-城中 x 富邦/富邦證券(裸名稱),統一-城中,富邦/富邦證券(裸名稱),2026-04-09,3042,2026-04-10,in_sample,2988.5,2.4121,5192.25,4.1907,115.0,118.0,118.0,115.64,True,False,-0.5565,False,False
統一-城中 x 富邦/富邦證券(裸名稱),統一-城中,富邦/富邦證券(裸名稱),2026-04-09,6213,2026-04-10,in_sample,17255.05,3.6192,42455.65,8.9049,225.0,225.0,214.0,233.24,False,False,4.8889,False,True
統一-城中 x 富邦/富邦證券(裸名稱),統一-城中,富邦/富邦證券(裸名稱),2026-04-09,6274,2026-04-10,in_sample,7332.4,0.7906,89264.0,9.6245,838.0,838.0,808.0,858.48,False,False,3.58,False,True
統一-城中 x 富邦/富邦證券(裸名稱),統一-城中,富邦/富邦證券(裸名稱),2026-04-09,8028,2026-04-10,in_sample,10562.7,2.1202,75028.05,15.0603,207.5,207.5,199.0,221.48,False,False,4.0964,False,True
統一-城中 x 富邦/富邦證券(裸名稱),統一-城中,富邦/富邦證券(裸名稱),2026-04-10,2316,2026-04-13,in_sample,2029.6,1.3415,2914.6,1.9265,118.0,122.0,113.0,126.91,False,False,4.2373,False,True
統一-城中 x 富邦/富邦證券(裸名稱),統一-城中,富邦/富邦證券(裸名稱),2026-04-10,3031,2026-04-13,in_sample,1165.185,2.7346,5372.325,12.6086,28.35,31.15,31.15,30.527,True,False,-7.679,False,False
統一-城中 x 富邦/富邦證券(裸名稱),統一-城中,富邦/富邦證券(裸名稱),2026-04-10,3583,2026-04-13,in_sample,4441.8,0.7219,7403.0,1.2031,700.0,724.0,702.0,725.2,False,False,-0.2857,False,False
統一-城中 x 富邦/富邦證券(裸名稱),統一-城中,富邦/富邦證券(裸名稱),2026-04-10,3645,2026-04-13,in_sample,2696.16,2.3623,12445.08,10.9038,85.5,90.4,90.4,88.592,True,False,-3.6164,False,False
統一-城中 x 富邦/富邦證券(裸名稱),統一-城中,富邦/富邦證券(裸名稱),2026-04-10,4989,2026-04-13,in_sample,3074.67,0.7942,27341.16,7.0624,81.0,82.9,81.3,86.926,False,False,-0.3704,False,False
統一-城中 x 富邦/富邦證券(裸名稱),統一-城中,富邦/富邦證券(裸名稱),2026-04-10,8021,2026-04-13,in_sample,4984.75,2.8075,37274.5,20.994,346.0,349.0,349.0,342.02,True,False,1.1503,False,True
統一-城中 x 富邦/富邦證券(裸名稱),統一-城中,富邦/富邦證券(裸名稱),2026-04-13,2485,2026-04-14,in_sample,3854.16,0.8569,22058.4,4.9045,86.9,86.9,78.3,87.024,False,False,9.8964,False,True
統一-城中 x 富邦/富邦證券(裸名稱),統一-城中,富邦/富邦證券(裸名稱),2026-04-13,3026,2026-04-14,in_sample,5964.0,2.5414,19872.9,8.4682,234.0,234.0,229.5,229.32,True,False,2.0,False,True
統一-城中 x 富邦/富邦證券(裸名稱),統一-城中,富邦/富邦證券(裸名稱),2026-04-13,3042,2026-04-14,in_sample,10385.9,4.5712,28697.2,12.6306,138.0,142.0,133.5,139.16,True,False,-0.8406,False,False
統一-城中 x 富邦/富邦證券(裸名稱),統一-城中,富邦/富邦證券(裸名稱),2026-04-13,3645,2026-04-14,in_sample,2034.0,1.3908,10052.48,6.8734,97.0,97.1,88.9,97.412,False,False,8.3505,False,True
統一-城中 x 富邦/富邦證券(裸名稱),統一-城中,富邦/富邦證券(裸名稱),2026-04-13,4908,2026-04-14,in_sample,3452.6,3.019,5589.25,4.8873,148.0,151.0,142.5,152.39,False,False,3.7162,False,True
統一-城中 x 富邦/富邦證券(裸名稱),統一-城中,富邦/富邦證券(裸名稱),2026-04-13,6173,2026-04-14,in_sample,2879.18,3.5609,4071.06,5.035,72.6,74.1,73.3,77.322,False,False,-0.9642,False,False
統一-城中 x 富邦/富邦證券(裸名稱),統一-城中,富邦/富邦證券(裸名稱),2026-04-13,6531,2026-04-14,in_sample,13834.8,3.4359,15989.4,3.9711,586.0,614.0,606.0,610.54,True,False,-4.1877,False,False
統一-城中 x 富邦/富邦證券(裸名稱),統一-城中,富邦/富邦證券(裸名稱),2026-04-13,6789,2026-04-14,in_sample,3071.0,1.1059,11729.0,4.2236,385.0,407.0,407.0,398.86,True,False,-3.6,False,False
統一-城中 x 富邦/富邦證券(裸名稱),統一-城中,富邦/富邦證券(裸名稱),2026-04-14,6213,2026-04-15,in_sample,12723.2,1.9046,34966.4,5.2343,228.0,235.5,229.5,241.08,False,False,-0.6579,False,False
統一-城中 x 富邦/富邦證券(裸名稱),統一-城中,富邦/富邦證券(裸名稱),2026-04-14,8358,2026-04-15,in_sample,23851.8,2.2736,108500.45,10.3423,320.0,344.0,333.5,340.06,True,False,-6.2688,False,False
統一-城中 x 富邦/富邦證券(裸名稱),統一-城中,富邦/富邦證券(裸名稱),2026-04-15,1528,2026-04-16,in_sample,1432.52,1.1078,5268.76,4.0745,31.3,31.75,29.8,32.683,False,False,4.7923,False,True
統一-城中 x 富邦/富邦證券(裸名稱),統一-城中,富邦/富邦證券(裸名稱),2026-04-15,2493,2026-04-16,in_sample,3629.5,2.7032,15051.75,11.2104,152.5,152.5,147.0,164.15,False,False,3.6066,False,True
統一-城中 x 富邦/富邦證券(裸名稱),統一-城中,富邦/富邦證券(裸名稱),2026-04-15,2495,2026-04-16,in_sample,2214.8,1.961,6409.36,5.6749,44.8,45.0,43.6,48.706,False,False,2.6786,False,True
統一-城中 x 富邦/富邦證券(裸名稱),統一-城中,富邦/富邦證券(裸名稱),2026-04-15,3363,2026-04-16,in_sample,17919.6,3.9327,28030.2,6.1516,848.0,875.0,830.0,885.92,False,False,2.1226,False,True
統一-城中 x 富邦/富邦證券(裸名稱),統一-城中,富邦/富邦證券(裸名稱),2026-04-15,3450,2026-04-16,in_sample,16411.25,1.9194,44016.7,5.1481,345.5,345.5,341.0,372.4,False,False,1.3025,False,True
統一-城中 x 富邦/富邦證券(裸名稱),統一-城中,富邦/富邦證券(裸名稱),2026-04-15,8027,2026-04-16,in_sample,4305.6,2.6532,19188.0,11.824,160.5,163.0,145.5,168.07,False,False,9.3458,False,True
統一-城中 x 富邦/富邦證券(裸名稱),統一-城中,富邦/富邦證券(裸名稱),2026-04-16,2484,2026-04-17,in_sample,2534.87,3.5979,11054.29,15.6902,43.75,43.85,42.4,43.414,True,False,0.768,False,True
統一-城中 x 富邦/富邦證券(裸名稱),統一-城中,富邦/富邦證券(裸名稱),2026-04-16,4977,2026-04-17,in_sample,7786.35,4.8391,37022.7,23.0091,228.5,235.5,235.5,230.79,True,False,-1.0022,False,False
統一-城中 x 富邦/富邦證券(裸名稱),統一-城中,富邦/富邦證券(裸名稱),2026-04-16,6173,2026-04-17,in_sample,5000.44,2.5495,14791.57,7.5417,84.3,92.2,92.2,90.356,True,False,-7.1839,False,False
統一-城中 x 富邦/富邦證券(裸名稱),統一-城中,富邦/富邦證券(裸名稱),2026-04-16,6213,2026-04-17,in_sample,10054.8,0.8963,22629.6,2.0173,253.0,276.5,270.5,271.46,True,False,-7.2964,False,False
統一-城中 x 富邦/富邦證券(裸名稱),統一-城中,富邦/富邦證券(裸名稱),2026-04-16,6285,2026-04-17,in_sample,9692.1,0.7071,75374.1,5.4988,268.0,274.5,264.5,287.63,False,False,1.306,False,True
統一-城中 x 富邦/富邦證券(裸名稱),統一-城中,富邦/富邦證券(裸名稱),2026-04-16,6829,2026-04-17,in_sample,1453.95,1.5592,1310.35,1.4052,185.5,197.0,197.0,193.06,True,False,-4.0755,False,False
統一-城中 x 富邦/富邦證券(裸名稱),統一-城中,富邦/富邦證券(裸名稱),2026-04-16,8150,2026-04-17,in_sample,8873.48,2.4118,42849.18,11.6466,74.6,75.0,67.3,79.38,False,False,9.7855,False,True
統一-城中 x 富邦/富邦證券(裸名稱),統一-城中,富邦/富邦證券(裸名稱),2026-04-17,3529,2026-04-20,in_sample,4482.5,0.8401,17115.0,3.2078,4000.0,4430.0,4385.0,4390.4,True,False,-9.76,False,False
統一-城中 x 富邦/富邦證券(裸名稱),統一-城中,富邦/富邦證券(裸名稱),2026-04-17,4958,2026-04-20,in_sample,8488.2,0.7234,55723.2,4.7488,292.5,310.0,310.0,303.8,True,False,-3.8632,False,False
統一-城中 x 富邦/富邦證券(裸名稱),統一-城中,富邦/富邦證券(裸名稱),2026-04-17,6173,2026-04-20,in_sample,1613.5,0.4548,15544.92,4.3818,93.5,95.0,90.7,98.98,False,False,2.9947,False,True
統一-城中 x 富邦/富邦證券(裸名稱),統一-城中,富邦/富邦證券(裸名稱),2026-04-17,8111,2026-04-20,in_sample,3825.36,3.0199,4387.68,3.4638,83.3,84.1,77.6,85.358,False,False,6.8427,False,True
統一-城中 x 富邦/富邦證券(裸名稱),統一-城中,富邦/富邦證券(裸名稱),2026-04-17,8358,2026-04-20,in_sample,16794.75,1.1685,80519.25,5.6019,373.0,404.0,404.0,395.92,True,False,-6.1448,False,False
統一-城中 x 富邦/富邦證券(裸名稱),統一-城中,富邦/富邦證券(裸名稱),2026-04-20,2351,2026-04-21,in_sample,4528.0,5.8478,15027.3,19.4075,143.0,152.0,151.0,152.39,False,False,-5.5944,False,False
統一-城中 x 富邦/富邦證券(裸名稱),統一-城中,富邦/富邦證券(裸名稱),2026-04-20,3105,2026-04-21,in_sample,29422.4,1.1947,11662.4,0.4735,625.0,637.0,617.0,637.98,False,False,1.28,False,True
統一-城中 x 富邦/富邦證券(裸名稱),統一-城中,富邦/富邦證券(裸名稱),2026-04-20,3189,2026-04-21,in_sample,16617.3,1.1691,64833.3,4.5615,453.0,473.5,473.5,464.03,True,False,-2.4349,False,False
統一-城中 x 富邦/富邦證券(裸名稱),統一-城中,富邦/富邦證券(裸名稱),2026-04-20,3388,2026-04-21,in_sample,381.5,0.6684,5144.8,9.0138,116.0,119.5,119.5,117.11,True,False,-0.9569,False,False
統一-城中 x 富邦/富邦證券(裸名稱),統一-城中,富邦/富邦證券(裸名稱),2026-04-20,3645,2026-04-21,in_sample,3721.25,1.7332,9137.1,4.2557,120.0,120.0,109.5,122.99,False,False,8.75,False,True
統一-城中 x 富邦/富邦證券(裸名稱),統一-城中,富邦/富邦證券(裸名稱),2026-04-20,4722,2026-04-21,in_sample,3425.4,4.7098,8296.2,11.4069,202.0,207.5,193.5,213.15,False,False,4.2079,False,True
統一-城中 x 富邦/富邦證券(裸名稱),統一-城中,富邦/富邦證券(裸名稱),2026-04-21,2436,2026-04-22,in_sample,3529.7,1.7932,17528.34,8.9048,77.1,82.0,78.3,80.948,True,False,-4.9909,False,False
統一-城中 x 富邦/富邦證券(裸名稱),統一-城中,富邦/富邦證券(裸名稱),2026-04-21,3189,2026-04-22,in_sample,14773.2,0.8399,71972.0,4.0916,496.0,509.0,491.5,509.6,False,False,0.9073,False,True
統一-城中 x 富邦/富邦證券(裸名稱),統一-城中,富邦/富邦證券(裸名稱),2026-04-21,3221,2026-04-22,in_sample,4293.36,4.1802,4909.76,4.7803,53.6,53.7,50.4,57.722,False,False,5.9701,False,True
統一-城中 x 富邦/富邦證券(裸名稱),統一-城中,富邦/富邦證券(裸名稱),2026-04-21,8150,2026-04-22,in_sample,4505.28,1.1319,41592.33,10.4492,76.6,80.7,79.8,79.87,True,False,-4.2689,False,False
統一-城中 x 富邦/富邦證券(裸名稱),統一-城中,富邦/富邦證券(裸名稱),2026-04-22,1711,2026-04-23,in_sample,8904.24,3.0475,37142.72,12.7124,63.7,64.3,56.5,64.19,True,False,-0.7692,False,False
統一-城中 x 富邦/富邦證券(裸名稱),統一-城中,富邦/富邦證券(裸名稱),2026-04-22,2351,2026-04-23,in_sample,13147.2,6.1705,25364.8,11.9047,169.0,172.5,151.0,178.85,False,False,10.6509,False,True
統一-城中 x 富邦/富邦證券(裸名稱),統一-城中,富邦/富邦證券(裸名稱),2026-04-22,2454,2026-04-23,in_sample,24786.0,0.4597,357331.5,6.6277,2325.0,2335.0,2215.0,2469.6,False,False,4.7312,False,True
統一-城中 x 富邦/富邦證券(裸名稱),統一-城中,富邦/富邦證券(裸名稱),2026-04-22,3227,2026-04-23,in_sample,5324.0,3.9021,8558.0,6.2723,236.0,236.5,215.0,237.16,False,False,8.8983,False,True
統一-城中 x 富邦/富邦證券(裸名稱),統一-城中,富邦/富邦證券(裸名稱),2026-04-22,3701,2026-04-23,in_sample,2845.32,1.525,13338.42,7.1492,78.7,79.8,70.9,84.672,False,False,9.9111,False,True
統一-城中 x 富邦/富邦證券(裸名稱),統一-城中,富邦/富邦證券(裸名稱),2026-04-22,4966,2026-04-23,in_sample,2950.0,1.41,2832.0,1.3536,620.0,649.0,600.0,636.02,True,False,-2.5839,False,False
統一-城中 x 富邦/富邦證券(裸名稱),統一-城中,富邦/富邦證券(裸名稱),2026-04-22,5269,2026-04-23,in_sample,10626.0,3.0463,27600.0,7.9125,1440.0,1445.0,1275.0,1484.7,False,False,11.4583,False,True
統一-城中 x 富邦/富邦證券(裸名稱),統一-城中,富邦/富邦證券(裸名稱),2026-04-22,6462,2026-04-23,in_sample,1148.0,1.2707,20893.6,23.1275,144.0,144.5,129.5,154.35,False,False,10.0694,False,True
統一-城中 x 富邦/富邦證券(裸名稱),統一-城中,富邦/富邦證券(裸名稱),2026-04-22,6526,2026-04-23,in_sample,2135.0,0.8621,15433.0,6.2314,618.0,621.0,556.0,657.58,False,False,10.0324,False,True
統一-城中 x 富邦/富邦證券(裸名稱),統一-城中,富邦/富邦證券(裸名稱),2026-04-22,8054,2026-04-23,in_sample,1332.15,2.4146,7096.5,12.8628,130.0,130.0,112.5,133.77,False,False,13.4615,False,True
統一-城中 x 富邦/富邦證券(裸名稱),統一-城中,富邦/富邦證券(裸名稱),2026-04-22,8271,2026-04-23,in_sample,3784.2,1.4549,27203.4,10.4588,254.5,256.0,222.0,256.27,False,False,12.7701,False,True
統一-城中 x 富邦/富邦證券(裸名稱),統一-城中,富邦/富邦證券(裸名稱),2026-04-24,1727,2026-04-27,in_sample,3506.72,2.1221,9996.98,6.0497,75.5,76.7,73.8,76.146,True,False,-0.8556,False,False
統一-城中 x 富邦/富邦證券(裸名稱),統一-城中,富邦/富邦證券(裸名稱),2026-04-24,3324,2026-04-27,in_sample,8991.0,0.797,50422.5,4.4698,1270.0,1305.0,1180.0,1308.3,False,False,7.0866,False,True
統一-城中 x 富邦/富邦證券(裸名稱),統一-城中,富邦/富邦證券(裸名稱),2026-04-24,8210,2026-04-27,in_sample,2904.0,0.4533,8712.0,1.3598,1300.0,1300.0,1165.0,1303.4,False,False,10.3846,False,True
統一-城中 x 富邦/富邦證券(裸名稱),統一-城中,富邦/富邦證券(裸名稱),2026-04-27,4967,2026-04-28,in_sample,14001.2,1.7809,25247.6,3.2115,292.0,310.0,303.0,305.76,True,False,-4.7123,False,False
統一-城中 x 富邦/富邦證券(裸名稱),統一-城中,富邦/富邦證券(裸名稱),2026-04-27,8155,2026-04-28,in_sample,6539.05,2.0608,21907.9,6.9043,427.0,428.0,411.0,448.84,False,False,3.7471,False,True
統一-城中 x 富邦/富邦證券(裸名稱),統一-城中,富邦/富邦證券(裸名稱),2026-04-28,2337,2026-04-29,in_sample,36557.4,0.9495,196200.95,5.0958,161.5,171.5,167.0,171.5,True,False,-6.192,False,False
統一-城中 x 富邦/富邦證券(裸名稱),統一-城中,富邦/富邦證券(裸名稱),2026-04-28,2492,2026-04-29,in_sample,6858.6,5.5463,9996.8,8.084,140.0,141.5,134.5,152.88,False,False,3.9286,False,True
統一-城中 x 富邦/富邦證券(裸名稱),統一-城中,富邦/富邦證券(裸名稱),2026-04-28,3006,2026-04-29,in_sample,3782.25,0.5738,10608.75,1.6094,181.5,187.5,175.0,198.45,False,False,3.5813,False,True
統一-城中 x 富邦/富邦證券(裸名稱),統一-城中,富邦/富邦證券(裸名稱),2026-04-28,4958,2026-04-29,in_sample,20133.4,0.6936,113826.6,3.9214,393.5,396.0,383.0,424.34,False,False,2.6684,False,True
統一-城中 x 富邦/富邦證券(裸名稱),統一-城中,富邦/富邦證券(裸名稱),2026-04-30,4958,2026-05-04,in_sample,23870.7,1.2476,154128.1,8.0554,429.0,447.5,432.5,453.74,False,False,-0.8159,False,False
統一-城中 x 富邦/富邦證券(裸名稱),統一-城中,富邦/富邦證券(裸名稱),2026-05-04,2313,2026-05-05,in_sample,85758.9,3.9172,121630.5,5.5557,272.0,285.0,274.5,289.1,False,False,-0.9191,False,False
統一-城中 x 富邦/富邦證券(裸名稱),統一-城中,富邦/富邦證券(裸名稱),2026-05-04,2408,2026-05-05,in_sample,75223.8,2.2733,217068.3,6.5599,243.0,259.0,256.5,255.29,True,False,-5.0576,False,False
統一-城中 x 富邦/富邦證券(裸名稱),統一-城中,富邦/富邦證券(裸名稱),2026-05-04,2426,2026-05-05,in_sample,4208.4,2.7596,15630.3,10.2493,69.3,69.3,69.3,67.914,True,False,2.0,False,True
統一-城中 x 富邦/富邦證券(裸名稱),統一-城中,富邦/富邦證券(裸名稱),2026-05-04,3491,2026-05-05,in_sample,27280.0,9.2788,40579.0,13.8021,1725.0,1750.0,1695.0,1837.5,False,False,1.7391,False,True
統一-城中 x 富邦/富邦證券(裸名稱),統一-城中,富邦/富邦證券(裸名稱),2026-05-04,6182,2026-05-05,in_sample,2156.49,0.8495,6861.96,2.7031,44.2,48.5,48.5,47.53,True,False,-7.5339,False,False
統一-城中 x 富邦/富邦證券(裸名稱),統一-城中,富邦/富邦證券(裸名稱),2026-05-05,1802,2026-05-06,in_sample,17472.0,1.7776,69116.32,7.0318,73.8,75.5,71.2,78.4,False,False,3.523,False,True
統一-城中 x 富邦/富邦證券(裸名稱),統一-城中,富邦/富邦證券(裸名稱),2026-05-05,2454,2026-05-06,in_sample,51111.0,1.6052,246405.5,7.7389,3470.0,3470.0,3430.0,3400.6,True,False,2.0,False,True
統一-城中 x 富邦/富邦證券(裸名稱),統一-城中,富邦/富邦證券(裸名稱),2026-05-05,3450,2026-05-06,in_sample,17118.5,1.5991,13870.0,1.2956,374.0,375.0,343.5,393.47,False,False,8.1551,False,True
統一-城中 x 富邦/富邦證券(裸名稱),統一-城中,富邦/富邦證券(裸名稱),2026-05-05,6831,2026-05-06,in_sample,2860.0,3.4315,10816.0,12.9774,535.0,569.0,561.0,560.56,True,False,-4.7776,False,False
統一-城中 x 富邦/富邦證券(裸名稱),統一-城中,富邦/富邦證券(裸名稱),2026-05-06,2344,2026-05-07,out_of_sample,35132.3,1.3449,234251.5,8.9675,113.0,117.0,114.0,116.62,True,False,-3.2035,False,False
統一-城中 x 富邦/富邦證券(裸名稱),統一-城中,富邦/富邦證券(裸名稱),2026-05-06,2354,2026-05-07,out_of_sample,8005.35,1.5284,14544.66,2.7768,64.8,65.3,63.3,69.286,False,False,2.3148,False,True
統一-城中 x 富邦/富邦證券(裸名稱),統一-城中,富邦/富邦證券(裸名稱),2026-05-06,3006,2026-05-07,out_of_sample,14720.0,2.1925,40820.0,6.0799,205.0,210.0,196.5,215.6,False,False,4.1463,False,True
統一-城中 x 富邦/富邦證券(裸名稱),統一-城中,富邦/富邦證券(裸名稱),2026-05-07,1605,2026-05-08,out_of_sample,6811.5,1.8689,42457.155,11.6491,36.0,36.05,33.75,38.612,False,False,6.25,False,True
統一-城中 x 富邦/富邦證券(裸名稱),統一-城中,富邦/富邦證券(裸名稱),2026-05-07,2327,2026-05-08,out_of_sample,34512.35,1.8005,185229.9,9.6634,390.0,400.0,389.0,400.33,False,False,0.2564,False,True
統一-城中 x 富邦/富邦證券(裸名稱),統一-城中,富邦/富邦證券(裸名稱),2026-05-07,5347,2026-05-08,out_of_sample,14469.0,2.3431,15173.9,2.4573,178.5,184.5,167.5,199.92,False,False,6.1625,False,True
統一-城中 x 富邦/富邦證券(裸名稱),統一-城中,富邦/富邦證券(裸名稱),2026-05-07,6488,2026-05-08,out_of_sample,2379.0,0.242,6661.2,0.6777,808.0,842.0,802.0,854.56,False,False,0.7426,False,True
統一-城中 x 富邦/富邦證券(裸名稱),統一-城中,富邦/富邦證券(裸名稱),2026-05-07,6770,2026-05-08,out_of_sample,13757.67,0.706,71938.62,3.6916,65.0,66.5,61.4,68.796,False,False,5.5385,False,True
統一-城中 x 富邦/富邦證券(裸名稱),統一-城中,富邦/富邦證券(裸名稱),2026-05-08,2379,2026-05-11,out_of_sample,8524.8,1.5731,52569.6,9.7006,615.0,615.0,584.0,637.98,False,False,5.0407,False,True
統一-城中 x 富邦/富邦證券(裸名稱),統一-城中,富邦/富邦證券(裸名稱),2026-05-11,2408,2026-05-12,out_of_sample,34283.9,1.0486,188546.4,5.7668,312.5,325.0,321.0,324.38,True,False,-3.8016,False,False
統一-城中 x 富邦/富邦證券(裸名稱),統一-城中,富邦/富邦證券(裸名稱),2026-05-11,2481,2026-05-12,out_of_sample,8382.1,2.3948,34335.0,9.8095,113.0,118.5,115.5,117.11,True,False,-3.6372,False,False
統一-城中 x 富邦/富邦證券(裸名稱),統一-城中,富邦/富邦證券(裸名稱),2026-05-11,3006,2026-05-12,out_of_sample,1487.4,0.2557,60606.0,10.4178,227.0,227.5,220.0,239.12,False,False,3.0837,False,True
統一-城中 x 富邦/富邦證券(裸名稱),統一-城中,富邦/富邦證券(裸名稱),2026-05-11,3481,2026-05-12,out_of_sample,11137.04,0.8321,124167.66,9.2771,34.7,35.5,35.5,34.79,True,False,-0.2594,False,False
統一-城中 x 富邦/富邦證券(裸名稱),統一-城中,富邦/富邦證券(裸名稱),2026-05-11,3587,2026-05-12,out_of_sample,701.0,0.8839,1682.4,2.1213,378.0,385.5,385.5,377.79,True,False,0.0556,False,True
統一-城中 x 富邦/富邦證券(裸名稱),統一-城中,富邦/富邦證券(裸名稱),2026-05-11,3661,2026-05-12,out_of_sample,5375.0,0.7912,30100.0,4.4307,5555.0,5640.0,5310.0,5791.8,False,False,4.4104,False,True
統一-城中 x 富邦/富邦證券(裸名稱),統一-城中,富邦/富邦證券(裸名稱),2026-05-12,2303,2026-05-13,out_of_sample,30555.8,0.7884,191673.9,4.9456,102.0,102.0,98.4,112.21,False,False,3.5294,False,True
統一-城中 x 富邦/富邦證券(裸名稱),統一-城中,富邦/富邦證券(裸名稱),2026-05-12,2409,2026-05-13,out_of_sample,6315.57,0.4334,69442.29,4.7655,20.2,20.5,20.2,22.295,False,False,0.0,False,False
統一-城中 x 富邦/富邦證券(裸名稱),統一-城中,富邦/富邦證券(裸名稱),2026-05-12,3481,2026-05-13,out_of_sample,20494.15,0.7069,167929.2,5.7923,35.8,37.95,37.5,38.269,False,False,-4.7486,False,False
統一-城中 x 富邦/富邦證券(裸名稱),統一-城中,富邦/富邦證券(裸名稱),2026-05-12,4977,2026-05-13,out_of_sample,12767.6,2.1292,45227.6,7.5424,268.0,273.0,243.5,291.55,False,False,9.1418,False,True
統一-城中 x 富邦/富邦證券(裸名稱),統一-城中,富邦/富邦證券(裸名稱),2026-05-12,6531,2026-05-13,out_of_sample,13082.0,1.4087,69102.5,7.4413,1025.0,1105.0,1040.0,1136.8,False,False,-1.4634,False,False
統一-城中 x 富邦/富邦證券(裸名稱),統一-城中,富邦/富邦證券(裸名稱),2026-05-14,2303,2026-05-15,out_of_sample,35607.6,1.0116,156470.4,4.4454,112.0,118.0,110.0,116.13,True,False,-3.6875,False,False
統一-城中 x 富邦/富邦證券(裸名稱),統一-城中,富邦/富邦證券(裸名稱),2026-05-14,2344,2026-05-15,out_of_sample,56936.6,1.0403,204229.4,3.7314,132.5,136.5,129.5,144.06,False,False,2.2642,False,True
統一-城中 x 富邦/富邦證券(裸名稱),統一-城中,富邦/富邦證券(裸名稱),2026-05-14,3008,2026-05-15,out_of_sample,34485.0,2.6428,28842.0,2.2104,3290.0,3445.0,3445.0,3376.1,True,False,-2.617,False,False
統一-城中 x 富邦/富邦證券(裸名稱),統一-城中,富邦/富邦證券(裸名稱),2026-05-15,1727,2026-05-18,out_of_sample,3303.72,1.8282,18048.1,9.9876,88.0,90.0,87.7,94.178,False,False,0.3409,False,True
統一-城中 x 富邦/富邦證券(裸名稱),統一-城中,富邦/富邦證券(裸名稱),2026-05-15,3008,2026-05-18,out_of_sample,52708.5,5.0128,131599.0,12.5157,3400.0,3400.0,3290.0,3709.3,False,False,3.2353,False,True
統一-城中 x 富邦/富邦證券(裸名稱),統一-城中,富邦/富邦證券(裸名稱),2026-05-15,3305,2026-05-18,out_of_sample,5692.35,1.9832,20968.9,7.3053,140.0,140.0,137.0,148.96,False,False,2.1429,False,True
統一-城中 x 富邦/富邦證券(裸名稱),統一-城中,富邦/富邦證券(裸名稱),2026-05-15,6451,2026-05-18,out_of_sample,17021.5,4.7744,65604.9,18.4015,569.0,583.0,520.0,621.32,False,False,8.6116,False,True
統一-城中 x 富邦/富邦證券(裸名稱),統一-城中,富邦/富邦證券(裸名稱),2026-05-15,8028,2026-05-18,out_of_sample,13253.75,1.2906,28060.0,2.7323,285.0,285.0,278.5,309.68,False,False,2.2807,False,True
統一-城中 x 富邦/富邦證券(裸名稱),統一-城中,富邦/富邦證券(裸名稱),2026-05-18,2313,2026-05-19,out_of_sample,25951.8,1.0628,122947.3,5.0351,263.0,279.0,256.0,278.81,True,False,-6.0114,False,False
統一-城中 x 富邦/富邦證券(裸名稱),統一-城中,富邦/富邦證券(裸名稱),2026-05-18,2327,2026-05-19,out_of_sample,44789.4,0.9956,140330.1,3.1193,501.0,516.0,497.0,539.98,False,False,0.7984,False,True
統一-城中 x 富邦/富邦證券(裸名稱),統一-城中,富邦/富邦證券(裸名稱),2026-05-18,2481,2026-05-19,out_of_sample,5598.6,1.0535,18769.5,3.5319,130.0,140.5,135.0,138.67,True,False,-6.6692,False,False
統一-城中 x 富邦/富邦證券(裸名稱),統一-城中,富邦/富邦證券(裸名稱),2026-05-20,2472,2026-05-21,out_of_sample,12750.0,3.5418,59364.0,16.4907,264.5,272.5,266.0,274.89,False,False,-0.5671,False,False
統一-城中 x 富邦/富邦證券(裸名稱),統一-城中,富邦/富邦證券(裸名稱),2026-05-20,2478,2026-05-21,out_of_sample,3133.35,3.2829,8281.75,8.677,112.5,116.0,116.0,113.68,True,False,-1.0489,False,False
統一-城中 x 富邦/富邦證券(裸名稱),統一-城中,富邦/富邦證券(裸名稱),2026-05-20,3694,2026-05-21,out_of_sample,2164.48,2.5097,6457.84,7.4877,71.2,72.9,71.8,76.734,False,False,-0.8427,False,False
統一-城中 x 富邦/富邦證券(裸名稱),統一-城中,富邦/富邦證券(裸名稱),2026-05-20,4916,2026-05-21,out_of_sample,5564.81,1.758,7425.74,2.3459,92.8,98.8,98.8,96.824,True,False,-4.3362,False,False
統一-城中 x 富邦/富邦證券(裸名稱),統一-城中,富邦/富邦證券(裸名稱),2026-05-20,4919,2026-05-21,out_of_sample,9372.0,2.1211,23925.0,5.4149,170.0,181.5,181.5,177.87,True,False,-4.6294,False,False
統一-城中 x 富邦/富邦證券(裸名稱),統一-城中,富邦/富邦證券(裸名稱),2026-05-20,6127,2026-05-21,out_of_sample,1500.48,1.084,15510.17,11.2049,52.7,56.6,53.0,56.154,True,False,-6.5541,False,False
統一-城中 x 富邦/富邦證券(裸名稱),統一-城中,富邦/富邦證券(裸名稱),2026-05-21,3037,2026-05-22,out_of_sample,43440.0,1.4929,172312.0,5.922,932.0,986.0,970.0,975.1,True,False,-4.6245,False,False
統一-城中 x 富邦/富邦證券(裸名稱),統一-城中,富邦/富邦證券(裸名稱),2026-05-21,3443,2026-05-22,out_of_sample,18740.5,1.3094,79014.0,5.5206,5105.0,5195.0,5140.0,5458.6,False,False,-0.6856,False,False
統一-城中 x 富邦/富邦證券(裸名稱),統一-城中,富邦/富邦證券(裸名稱),2026-05-21,6207,2026-05-22,out_of_sample,2111.06,1.3053,8337.8,5.1556,90.0,93.5,89.9,95.55,False,False,0.1111,False,True
統一-城中 x 富邦/富邦證券(裸名稱),統一-城中,富邦/富邦證券(裸名稱),2026-05-21,7751,2026-05-22,out_of_sample,825.0,3.7633,2475.0,11.2899,1760.0,1815.0,1815.0,1778.7,True,False,-1.0625,False,False
統一-城中 x 富邦/富邦證券(裸名稱),統一-城中,富邦/富邦證券(裸名稱),2026-05-22,2327,2026-05-25,out_of_sample,22329.5,0.4908,40067.3,0.8806,679.0,691.0,691.0,677.18,True,False,0.268,False,True
統一-城中 x 富邦/富邦證券(裸名稱),統一-城中,富邦/富邦證券(裸名稱),2026-05-22,2344,2026-05-25,out_of_sample,34125.0,1.439,227612.5,9.5984,120.5,133.0,128.5,134.75,False,False,-6.639,False,False
統一-城中 x 富邦/富邦證券(裸名稱),統一-城中,富邦/富邦證券(裸名稱),2026-05-22,2356,2026-05-25,out_of_sample,10591.0,1.4918,28101.85,3.9582,65.4,65.4,65.4,64.092,True,False,2.0,False,True
統一-城中 x 富邦/富邦證券(裸名稱),統一-城中,富邦/富邦證券(裸名稱),2026-05-22,2409,2026-05-25,out_of_sample,20401.8,2.3787,121496.16,14.1658,24.35,24.4,24.4,23.912,True,False,1.7988,False,True
統一-城中 x 富邦/富邦證券(裸名稱),統一-城中,富邦/富邦證券(裸名稱),2026-05-22,3481,2026-05-25,out_of_sample,10332.01,0.6071,60460.565,3.5524,49.1,49.1,49.1,48.118,True,True,2.0,False,True
統一-城中 x 富邦/富邦證券(裸名稱),統一-城中,富邦/富邦證券(裸名稱),2026-05-22,3711,2026-05-25,out_of_sample,16830.0,0.9782,63449.1,3.688,598.0,617.0,617.0,604.66,True,False,-1.1137,False,False
統一-城中 x 富邦/富邦證券(裸名稱),統一-城中,富邦/富邦證券(裸名稱),2026-05-22,7751,2026-05-25,out_of_sample,3085.5,8.2287,1089.0,2.9042,1925.0,1925.0,1810.0,1955.1,False,False,5.974,False,True
統一-城中 x 富邦/富邦證券(裸名稱),統一-城中,富邦/富邦證券(裸名稱),2026-05-25,2353,2026-05-26,out_of_sample,7559.5,2.4833,23955.75,7.8693,34.25,34.25,31.9,35.035,False,False,6.8613,False,True
統一-城中 x 富邦/富邦證券(裸名稱),統一-城中,富邦/富邦證券(裸名稱),2026-05-25,2356,2026-05-26,out_of_sample,11229.18,1.2797,8665.5,0.9875,69.0,69.5,62.6,70.462,False,False,9.2754,False,True
統一-城中 x 富邦/富邦證券(裸名稱),統一-城中,富邦/富邦證券(裸名稱),2026-05-25,2409,2026-05-26,out_of_sample,4762.88,2.3736,47279.88,23.562,25.5,25.8,22.0,26.264,False,False,13.7255,False,True
統一-城中 x 富邦/富邦證券(裸名稱),統一-城中,富邦/富邦證券(裸名稱),2026-05-25,2441,2026-05-26,out_of_sample,4574.6,1.467,10961.05,3.5151,130.5,137.5,136.0,138.18,False,False,-4.2146,False,False
統一-城中 x 富邦/富邦證券(裸名稱),統一-城中,富邦/富邦證券(裸名稱),2026-05-25,2454,2026-05-26,out_of_sample,73438.5,3.7476,259369.5,13.2357,4375.0,4440.0,4265.0,4571.7,False,False,2.5143,False,True
統一-城中 x 富邦/富邦證券(裸名稱),統一-城中,富邦/富邦證券(裸名稱),2026-05-25,3711,2026-05-26,out_of_sample,32022.3,1.9898,11969.8,0.7438,636.0,636.0,611.0,664.44,False,False,3.9308,False,True
統一-城中 x 富邦/富邦證券(裸名稱),統一-城中,富邦/富邦證券(裸名稱),2026-05-25,4927,2026-05-26,out_of_sample,3057.86,2.0699,8975.5,6.0755,63.9,65.9,61.2,66.64,False,False,4.2254,False,True
統一-城中 x 富邦/富邦證券(裸名稱),統一-城中,富邦/富邦證券(裸名稱),2026-05-25,6282,2026-05-26,out_of_sample,10518.77,2.0296,28117.36,5.4251,63.6,63.7,62.4,68.012,False,False,1.8868,False,True
統一-城中 x 富邦/富邦證券(裸名稱),統一-城中,富邦/富邦證券(裸名稱),2026-05-25,6834,2026-05-26,out_of_sample,193.75,0.8213,2208.75,9.3628,76.4,82.7,81.9,83.496,False,False,-7.199,False,False
統一-城中 x 富邦/富邦證券(裸名稱),統一-城中,富邦/富邦證券(裸名稱),2026-05-26,2472,2026-05-27,out_of_sample,3499.8,0.8032,33340.2,7.6518,337.0,337.5,337.5,330.75,True,False,1.8546,False,True
統一-城中 x 富邦/富邦證券(裸名稱),統一-城中,富邦/富邦證券(裸名稱),2026-05-26,2481,2026-05-27,out_of_sample,6497.4,0.8781,36926.4,4.9902,157.5,161.5,147.5,158.27,True,False,-0.4889,False,False
統一-城中 x 富邦/富邦證券(裸名稱),統一-城中,富邦/富邦證券(裸名稱),2026-05-26,3211,2026-05-27,out_of_sample,10927.7,1.4277,32595.5,4.2585,470.0,492.5,464.0,504.7,False,False,1.2766,False,True
統一-城中 x 富邦/富邦證券(裸名稱),統一-城中,富邦/富邦證券(裸名稱),2026-05-26,6291,2026-05-27,out_of_sample,2641.5,1.8684,6985.3,4.9408,645.0,645.0,645.0,632.1,True,False,2.0,False,True
統一-城中 x 富邦/富邦證券(裸名稱),統一-城中,富邦/富邦證券(裸名稱),2026-05-26,6405,2026-05-27,out_of_sample,303.6,0.5495,569.25,1.0304,83.3,83.4,81.0,81.732,True,False,1.8824,False,True
統一-城中 x 富邦/富邦證券(裸名稱),統一-城中,富邦/富邦證券(裸名稱),2026-05-27,3481,2026-05-28,out_of_sample,24643.18,0.3747,95149.08,1.4467,50.2,52.2,46.4,54.096,False,False,7.5697,False,True
統一-城中 x 富邦/富邦證券(裸名稱),統一-城中,富邦/富邦證券(裸名稱),2026-05-27,8110,2026-05-28,out_of_sample,5720.64,1.3973,24397.56,5.9592,61.9,66.0,62.0,65.268,True,False,-5.441,False,False
統一-城中 x 富邦/富邦證券(裸名稱),統一-城中,富邦/富邦證券(裸名稱),2026-05-28,2375,2026-05-29,out_of_sample,6783.0,1.4323,30507.35,6.4421,171.5,176.5,166.5,173.95,True,False,-1.4286,False,False
統一-城中 x 富邦/富邦證券(裸名稱),統一-城中,富邦/富邦證券(裸名稱),2026-05-28,2472,2026-05-29,out_of_sample,6529.6,1.9155,27268.5,7.9992,404.0,404.0,371.0,399.84,True,False,1.0297,False,True
統一-城中 x 富邦/富邦證券(裸名稱),統一-城中,富邦/富邦證券(裸名稱),2026-05-28,6187,2026-05-29,out_of_sample,18724.0,3.3361,108500.0,19.3319,1225.0,1285.0,1120.0,1332.8,False,False,8.5714,False,True
統一-城中 x 富邦/富邦證券(裸名稱),統一-城中,富邦/富邦證券(裸名稱),2026-05-29,2481,2026-06-01,out_of_sample,12187.5,1.8721,72345.0,11.113,163.5,163.5,157.0,174.93,False,False,3.9755,False,True
統一-城中 x 富邦/富邦證券(裸名稱),統一-城中,富邦/富邦證券(裸名稱),2026-05-29,3532,2026-06-01,out_of_sample,733.7,1.4552,8453.5,16.7668,350.5,350.5,350.5,343.49,True,True,2.0,False,True
統一-城中 x 富邦/富邦證券(裸名稱),統一-城中,富邦/富邦證券(裸名稱),2026-05-29,5328,2026-06-01,out_of_sample,3567.96,3.1386,5516.28,4.8525,41.7,43.35,39.8,42.679,True,False,-2.3477,False,False
統一-城中 x 富邦/富邦證券(裸名稱),統一-城中,富邦/富邦證券(裸名稱),2026-05-29,6147,2026-06-01,out_of_sample,14358.5,1.2079,153910.9,12.9475,313.0,313.5,285.5,329.28,False,False,8.7859,False,True
統一-城中 x 富邦/富邦證券(裸名稱),統一-城中,富邦/富邦證券(裸名稱),2026-05-29,6770,2026-06-01,out_of_sample,16338.54,0.233,25448.03,0.363,93.2,94.5,87.0,95.55,False,False,6.6524,False,True
統一-城中 x 富邦/富邦證券(裸名稱),統一-城中,富邦/富邦證券(裸名稱),2026-05-29,8358,2026-06-01,out_of_sample,11856.0,0.9589,15382.4,1.2442,637.0,668.0,668.0,654.64,True,False,-2.7692,False,False
統一-城中 x 富邦/富邦證券(裸名稱),統一-城中,富邦/富邦證券(裸名稱),2026-06-01,2328,2026-06-02,out_of_sample,2836.5,1.7704,21380.5,13.3448,64.4,64.5,61.7,65.758,False,False,4.1925,False,True
統一-城中 x 富邦/富邦證券(裸名稱),統一-城中,富邦/富邦證券(裸名稱),2026-06-01,2408,2026-06-02,out_of_sample,41125.7,0.8451,298485.6,6.1335,401.0,419.5,419.5,411.11,True,False,-2.5212,False,False
統一-城中 x 富邦/富邦證券(裸名稱),統一-城中,富邦/富邦證券(裸名稱),2026-06-01,3481,2026-06-02,out_of_sample,12701.04,0.4827,65070.39,2.4729,58.0,58.8,56.2,60.466,False,False,3.1034,False,True
統一-城中 x 富邦/富邦證券(裸名稱),統一-城中,富邦/富邦證券(裸名稱),2026-06-01,3535,2026-06-02,out_of_sample,228.65,0.2486,255.55,0.2778,135.0,140.0,137.5,144.55,False,False,-1.8519,False,False
統一-城中 x 富邦/富邦證券(裸名稱),統一-城中,富邦/富邦證券(裸名稱),2026-06-01,8358,2026-06-02,out_of_sample,3740.8,0.5677,43820.8,6.6499,662.0,687.0,627.0,719.32,False,False,5.287,False,True
統一-城中 x 富邦/富邦證券(裸名稱),統一-城中,富邦/富邦證券(裸名稱),2026-06-02,2409,2026-06-03,out_of_sample,16354.21,0.9215,177686.635,10.0125,27.5,28.75,28.75,28.175,True,False,-2.4545,False,False
統一-城中 x 富邦/富邦證券(裸名稱),統一-城中,富邦/富邦證券(裸名稱),2026-06-03,1409,2026-06-04,out_of_sample,1163.52,3.7361,3214.83,10.3228,29.95,29.95,27.3,32.634,False,False,8.8481,False,True
統一-城中 x 富邦/富邦證券(裸名稱),統一-城中,富邦/富邦證券(裸名稱),2026-06-03,1504,2026-06-04,out_of_sample,7777.1,0.9989,45849.2,5.8887,83.5,89.6,87.0,89.474,True,False,-7.1545,False,False
統一-城中 x 富邦/富邦證券(裸名稱),統一-城中,富邦/富邦證券(裸名稱),2026-06-03,1608,2026-06-04,out_of_sample,1903.02,1.5064,7166.86,5.6731,38.6,39.4,38.8,42.434,False,False,-0.5181,False,False
統一-城中 x 富邦/富邦證券(裸名稱),統一-城中,富邦/富邦證券(裸名稱),2026-06-03,1609,2026-06-04,out_of_sample,1879.89,1.4587,10052.775,7.8003,43.6,44.65,43.0,45.423,False,False,1.3761,False,True
統一-城中 x 富邦/富邦證券(裸名稱),統一-城中,富邦/富邦證券(裸名稱),2026-06-03,2349,2026-06-04,out_of_sample,1442.195,2.5425,6103.085,10.7594,16.0,16.1,14.9,17.395,False,False,6.875,False,True
統一-城中 x 富邦/富邦證券(裸名稱),統一-城中,富邦/富邦證券(裸名稱),2026-06-03,2486,2026-06-04,out_of_sample,8215.75,2.5283,20525.45,6.3165,278.5,286.0,274.5,299.88,False,False,1.4363,False,True
統一-城中 x 富邦/富邦證券(裸名稱),統一-城中,富邦/富邦證券(裸名稱),2026-06-03,3211,2026-06-04,out_of_sample,4454.4,0.6004,48905.6,6.5922,454.0,470.0,454.0,499.8,False,False,0.0,False,False
統一-城中 x 富邦/富邦證券(裸名稱),統一-城中,富邦/富邦證券(裸名稱),2026-06-03,6163,2026-06-04,out_of_sample,2847.04,6.5206,2674.84,6.1262,56.8,59.0,55.5,61.838,False,False,2.2887,False,True
統一-城中 x 富邦/富邦證券(裸名稱),統一-城中,富邦/富邦證券(裸名稱),2026-06-04,1514,2026-06-05,out_of_sample,14247.35,5.0787,54597.4,19.4622,145.5,145.5,135.0,160.72,False,False,7.2165,False,True
統一-城中 x 富邦/富邦證券(裸名稱),統一-城中,富邦/富邦證券(裸名稱),2026-06-09,2454,2026-06-10,out_of_sample,34905.0,0.4855,538342.5,7.4874,4315.0,4520.0,4155.0,4821.6,False,False,3.708,False,True
統一-城中 x 富邦/富邦證券(裸名稱),統一-城中,富邦/富邦證券(裸名稱),2026-06-09,3008,2026-06-10,out_of_sample,37684.5,4.3667,11266.5,1.3055,4180.0,4270.0,4130.0,4184.6,True,False,-0.11,False,False
統一-城中 x 富邦/富邦證券(裸名稱),統一-城中,富邦/富邦證券(裸名稱),2026-06-09,3026,2026-06-10,out_of_sample,1718.6,1.3902,1586.4,1.2833,661.0,725.0,642.0,712.46,True,False,-7.7852,False,False
統一-城中 x 富邦/富邦證券(裸名稱),統一-城中,富邦/富邦證券(裸名稱),2026-06-09,3221,2026-06-10,out_of_sample,792.36,0.4479,6792.57,3.8393,63.4,67.9,58.5,68.796,False,False,7.7287,False,True
統一-城中 x 富邦/富邦證券(裸名稱),統一-城中,富邦/富邦證券(裸名稱),2026-06-09,6127,2026-06-10,out_of_sample,1139.68,0.1755,12838.16,1.977,83.2,91.2,77.0,90.258,True,False,-8.4832,False,False
統一-城中 x 富邦/富邦證券(裸名稱),統一-城中,富邦/富邦證券(裸名稱),2026-06-09,6870,2026-06-10,out_of_sample,512.55,3.4965,874.35,5.9647,301.0,331.5,313.5,324.87,True,False,-7.9302,False,False
統一-城中 x 富邦/富邦證券(裸名稱),統一-城中,富邦/富邦證券(裸名稱),2026-06-09,8046,2026-06-10,out_of_sample,20839.2,1.2491,76410.4,4.5801,894.0,912.0,847.0,984.9,False,False,5.2573,False,True
統一-城中 x 富邦/富邦證券(裸名稱),統一-城中,富邦/富邦證券(裸名稱),2026-06-09,8150,2026-06-10,out_of_sample,2992.08,0.5446,12591.67,2.2917,92.8,102.0,88.3,102.9,False,False,4.8491,False,True
統一-城中 x 富邦/富邦證券(裸名稱),統一-城中,富邦/富邦證券(裸名稱),2026-06-10,4113,2026-06-11,out_of_sample,198.0,3.6048,990.0,18.0239,16.5,18.15,16.55,17.787,True,False,-7.8,False,False
統一-城中 x 富邦/富邦證券(裸名稱),統一-城中,富邦/富邦證券(裸名稱),2026-06-11,3532,2026-06-12,out_of_sample,297.0,0.9663,4692.6,15.2679,326.5,326.5,326.5,319.97,True,False,2.0,False,True
統一-城中 x 富邦/富邦證券(裸名稱),統一-城中,富邦/富邦證券(裸名稱),2026-06-12,3026,2026-06-15,out_of_sample,12147.6,6.1961,28497.2,14.5355,840.0,840.0,840.0,823.2,True,True,2.0,False,True
統一-城中 x 富邦/富邦證券(裸名稱),統一-城中,富邦/富邦證券(裸名稱),2026-06-15,3357,2026-06-16,out_of_sample,13427.4,3.0093,7921.2,1.7753,335.5,341.5,301.0,346.92,False,False,10.2832,False,True
統一-城中 x 富邦/富邦證券(裸名稱),統一-城中,富邦/富邦證券(裸名稱),2026-06-15,5328,2026-06-16,out_of_sample,4184.845,3.4648,7154.735,5.9237,49.8,51.2,51.2,50.176,True,False,-0.755,False,False
統一-城中 x 富邦/富邦證券(裸名稱),統一-城中,富邦/富邦證券(裸名稱),2026-06-16,6182,2026-06-17,out_of_sample,7500.7,3.6258,34314.9,16.5874,107.0,117.5,114.0,115.15,True,False,-7.6168,False,False
統一-城中 x 富邦/富邦證券(裸名稱),統一-城中,富邦/富邦證券(裸名稱),2026-06-17,3041,2026-06-18,out_of_sample,95.7,0.6328,7154.3,47.3073,29.0,29.8,28.15,31.262,False,False,2.931,False,True
統一-城中 x 富邦/富邦證券(裸名稱),統一-城中,富邦/富邦證券(裸名稱),2026-06-17,5425,2026-06-18,out_of_sample,4946.4,1.0939,18068.4,3.9957,118.5,118.5,118.5,116.13,True,True,2.0,False,True
統一-城中 x 富邦/富邦證券(裸名稱),統一-城中,富邦/富邦證券(裸名稱),2026-06-18,2327,2026-06-22,out_of_sample,131868.0,1.347,191052.0,1.9516,1115.0,1120.0,1065.0,1161.3,False,False,4.4843,False,True
統一-城中 x 富邦/富邦證券(裸名稱),統一-城中,富邦/富邦證券(裸名稱),2026-06-18,2344,2026-06-22,out_of_sample,72847.9,1.0222,343722.35,4.8232,229.5,233.5,222.0,235.2,False,False,3.268,False,True
統一-城中 x 富邦/富邦證券(裸名稱),統一-城中,富邦/富邦證券(裸名稱),2026-06-18,2481,2026-06-22,out_of_sample,14240.0,7.4436,29728.0,15.5396,176.0,176.0,176.0,172.48,True,True,2.0,False,True
統一-城中 x 富邦/富邦證券(裸名稱),統一-城中,富邦/富邦證券(裸名稱),2026-06-18,3481,2026-06-22,out_of_sample,74072.88,1.3816,401991.24,7.4979,69.4,69.9,66.0,69.384,True,False,0.0231,False,True
統一-城中 x 富邦/富邦證券(裸名稱),統一-城中,富邦/富邦證券(裸名稱),2026-06-18,6789,2026-06-22,out_of_sample,1303.2,0.6015,5592.9,2.5816,579.0,593.0,555.0,585.06,True,False,-1.0466,False,False
統一-城中 x 富邦/富邦證券(裸名稱),統一-城中,富邦/富邦證券(裸名稱),2026-06-18,8261,2026-06-22,out_of_sample,8406.5,13.4257,8750.5,13.9751,236.5,236.5,236.5,231.77,True,True,2.0,False,True
統一-城中 x 富邦/富邦證券(裸名稱),統一-城中,富邦/富邦證券(裸名稱),2026-06-22,1303,2026-06-23,out_of_sample,15097.5,1.7415,51575.5,5.9493,157.0,165.0,154.5,164.15,True,False,-4.5541,False,False
統一-城中 x 富邦/富邦證券(裸名稱),統一-城中,富邦/富邦證券(裸名稱),2026-06-22,2303,2026-06-23,out_of_sample,135600.0,12.8077,125552.0,11.8586,173.0,176.0,170.0,172.48,True,False,0.3006,False,True
統一-城中 x 富邦/富邦證券(裸名稱),統一-城中,富邦/富邦證券(裸名稱),2026-06-22,2408,2026-06-23,out_of_sample,48227.5,1.0045,222604.0,4.6364,488.0,500.0,454.5,543.9,False,False,6.8648,False,True
統一-城中 x 富邦/富邦證券(裸名稱),統一-城中,富邦/富邦證券(裸名稱),2026-06-22,2409,2026-06-23,out_of_sample,27251.475,3.0098,128745.81,14.2196,31.1,33.0,29.05,33.32,False,False,6.5916,False,True
統一-城中 x 富邦/富邦證券(裸名稱),統一-城中,富邦/富邦證券(裸名稱),2026-06-22,2449,2026-06-23,out_of_sample,36510.3,1.3516,80173.5,2.968,338.5,353.5,329.5,365.05,False,False,2.6588,False,True
統一-城中 x 富邦/富邦證券(裸名稱),統一-城中,富邦/富邦證券(裸名稱),2026-06-22,3189,2026-06-23,out_of_sample,27939.6,1.7466,177348.8,11.0864,780.0,788.0,727.0,857.5,False,False,6.7949,False,True
統一-城中 x 富邦/富邦證券(裸名稱),統一-城中,富邦/富邦證券(裸名稱),2026-06-22,5347,2026-06-23,out_of_sample,15166.8,4.9044,56473.35,18.2615,201.5,201.5,186.5,206.29,False,False,7.4442,False,True
統一-城中 x 富邦/富邦證券(裸名稱),統一-城中,富邦/富邦證券(裸名稱),2026-06-22,6770,2026-06-23,out_of_sample,18776.16,1.7423,147500.16,13.6873,82.8,86.1,78.6,87.906,False,False,5.0725,False,True
統一-城中 x 富邦/富邦證券(裸名稱),統一-城中,富邦/富邦證券(裸名稱),2026-06-23,2369,2026-06-24,out_of_sample,6268.185,1.738,10326.69,2.8633,43.65,45.6,43.3,48.02,False,False,0.8018,False,True
統一-城中 x 富邦/富邦證券(裸名稱),統一-城中,富邦/富邦證券(裸名稱),2026-06-23,3016,2026-06-24,out_of_sample,12139.0,9.6328,22173.5,17.5955,151.5,153.0,137.5,164.15,False,False,9.2409,False,True
統一-城中 x 富邦/富邦證券(裸名稱),統一-城中,富邦/富邦證券(裸名稱),2026-06-24,2351,2026-06-25,out_of_sample,13050.0,5.2344,29449.5,11.8122,225.5,226.0,209.0,234.22,False,False,7.3171,False,True
統一-城中 x 富邦/富邦證券(裸名稱),統一-城中,富邦/富邦證券(裸名稱),2026-06-25,3037,2026-06-26,out_of_sample,52224.0,1.5194,133212.0,3.8758,1000.0,1090.0,975.0,1097.6,False,False,2.5,False,True
統一-城中 x 富邦/富邦證券(裸名稱),統一-城中,富邦/富邦證券(裸名稱),2026-06-25,3189,2026-06-26,out_of_sample,18432.4,0.5253,166460.0,4.744,828.0,893.0,797.0,875.14,True,False,-5.6932,False,False
統一-城中 x 富邦/富邦證券(裸名稱),統一-城中,富邦/富邦證券(裸名稱),2026-06-25,8110,2026-06-26,out_of_sample,3141.04,0.87,12456.72,3.4502,63.6,63.9,57.0,68.11,False,False,10.3774,False,True
統一-城中 x 富邦/富邦證券(裸名稱),統一-城中,富邦/富邦證券(裸名稱),2026-06-26,1718,2026-06-29,out_of_sample,4557.005,2.7711,14598.695,8.8775,11.85,12.25,12.25,12.005,True,False,-1.308,False,False
統一-城中 x 富邦/富邦證券(裸名稱),統一-城中,富邦/富邦證券(裸名稱),2026-06-26,2484,2026-06-29,out_of_sample,9039.36,1.9912,21035.52,4.6337,76.8,77.2,69.2,82.712,False,False,9.8958,False,True
統一-城中 x 富邦/富邦證券(裸名稱),統一-城中,富邦/富邦證券(裸名稱),2026-06-26,5328,2026-06-29,out_of_sample,8339.76,2.658,27644.76,8.8106,71.2,74.3,64.7,75.656,False,False,9.1292,False,True
統一-城中 x 富邦/富邦證券(裸名稱),統一-城中,富邦/富邦證券(裸名稱),2026-06-29,4707,2026-06-30,out_of_sample,1751.34,3.0058,5129.79,8.8041,30.3,31.0,29.3,32.634,False,False,3.3003,False,True
統一-城中 x 富邦/富邦證券(裸名稱),統一-城中,富邦/富邦證券(裸名稱),2026-06-30,2327,2026-07-01,out_of_sample,72960.0,1.1354,325128.0,5.0595,1200.0,1220.0,1140.0,1225.0,False,False,5.0,False,True
統一-城中 x 富邦/富邦證券(裸名稱),統一-城中,富邦/富邦證券(裸名稱),2026-06-30,2352,2026-07-01,out_of_sample,4115.87,3.0216,15345.0,11.2651,34.1,34.75,32.35,36.75,False,False,5.132,False,True
統一-城中 x 富邦/富邦證券(裸名稱),統一-城中,富邦/富邦證券(裸名稱),2026-06-30,3037,2026-07-01,out_of_sample,15943.0,0.4479,127009.0,3.5684,1085.0,1115.0,1040.0,1151.5,False,False,4.1475,False,True
統一-城中 x 富邦/富邦證券(裸名稱),統一-城中,富邦/富邦證券(裸名稱),2026-06-30,3357,2026-07-01,out_of_sample,5072.1,4.6346,9570.0,8.7446,325.0,331.5,305.5,343.49,False,False,6.0,False,True
統一-城中 x 富邦/富邦證券(裸名稱),統一-城中,富邦/富邦證券(裸名稱),2026-06-30,4958,2026-07-01,out_of_sample,5166.0,0.2728,52353.0,2.7646,641.0,659.0,603.0,679.14,False,False,5.9282,False,True
統一-城中 x 富邦/富邦證券(裸名稱),統一-城中,富邦/富邦證券(裸名稱),2026-06-30,5328,2026-07-01,out_of_sample,5680.89,2.7618,15492.69,7.532,75.8,78.2,78.2,76.636,True,False,-1.1029,False,False
統一-城中 x 富邦/富邦證券(裸名稱),統一-城中,富邦/富邦證券(裸名稱),2026-07-01,2375,2026-07-02,out_of_sample,9160.5,1.3826,25017.0,3.7759,225.5,237.0,217.0,250.39,False,False,3.7694,False,True
統一-城中 x 富邦/富邦證券(裸名稱),統一-城中,富邦/富邦證券(裸名稱),2026-07-01,3563,2026-07-02,out_of_sample,2178.4,5.9192,1711.6,4.6508,780.0,838.0,809.0,837.9,True,False,-7.4231,False,False
統一-城中 x 富邦/富邦證券(裸名稱),統一-城中,富邦/富邦證券(裸名稱),2026-07-01,4916,2026-07-02,out_of_sample,1001.25,0.5507,6345.0,3.4899,114.0,116.0,115.0,121.03,False,False,-0.8772,False,False
統一-城中 x 富邦/富邦證券(裸名稱),統一-城中,富邦/富邦證券(裸名稱),2026-07-01,5328,2026-07-02,out_of_sample,6271.64,3.1968,7139.66,3.6393,81.0,84.6,81.9,84.28,True,False,-4.0494,False,False
統一-城中 x 富邦/富邦證券(裸名稱),統一-城中,富邦/富邦證券(裸名稱),2026-07-01,6207,2026-07-02,out_of_sample,6440.0,4.7743,24101.7,17.8678,156.0,172.0,152.0,173.46,False,False,2.5641,False,True
統一-城中 x 富邦/富邦證券(裸名稱),統一-城中,富邦/富邦證券(裸名稱),2026-07-01,6515,2026-07-02,out_of_sample,7112.0,2.9803,29337.0,12.2935,8830.0,9560.0,9310.0,9579.5,False,False,-5.436,False,False
統一-城中 x 富邦/富邦證券(裸名稱),統一-城中,富邦/富邦證券(裸名稱),2026-07-01,8043,2026-07-02,out_of_sample,10096.2,2.3624,23962.5,5.6071,208.0,221.5,197.0,229.32,False,False,5.2885,False,True
統一-城中 x 富邦/富邦證券(裸名稱),統一-城中,富邦/富邦證券(裸名稱),2026-07-02,2484,2026-07-03,out_of_sample,10506.46,1.7879,27336.09,4.6519,93.9,96.4,96.4,94.472,True,False,-0.6092,False,False
統一-城中 x 富邦/富邦證券(裸名稱),統一-城中,富邦/富邦證券(裸名稱),2026-07-02,3289,2026-07-03,out_of_sample,6286.5,3.4322,20859.75,11.3886,189.0,191.0,180.0,205.31,False,False,4.7619,False,True
統一-城中 x 富邦/富邦證券(裸名稱),統一-城中,富邦/富邦證券(裸名稱),2026-07-02,3317,2026-07-03,out_of_sample,2714.67,2.9983,10197.04,11.2623,97.3,102.0,96.2,104.86,False,False,1.1305,False,True
統一-城中 x 富邦/富邦證券(裸名稱),統一-城中,富邦/富邦證券(裸名稱),2026-07-02,3661,2026-07-03,out_of_sample,39649.5,1.9435,79299.0,3.887,4880.0,4890.0,4650.0,5272.4,False,False,4.7131,False,True
統一-城中 x 富邦/富邦證券(裸名稱),統一-城中,富邦/富邦證券(裸名稱),2026-07-02,4989,2026-07-03,out_of_sample,4140.6,1.7494,24099.9,10.182,99.6,110.5,110.5,108.29,True,False,-8.7249,False,False
統一-城中 x 富邦/富邦證券(裸名稱),統一-城中,富邦/富邦證券(裸名稱),2026-07-02,6182,2026-07-03,out_of_sample,3549.15,0.3065,85016.25,7.3428,153.0,163.0,163.0,159.74,True,False,-4.4052,False,False
統一-城中 x 富邦/富邦證券(裸名稱),統一-城中,富邦/富邦證券(裸名稱),2026-07-02,6525,2026-07-03,out_of_sample,549.45,0.8965,17199.45,28.0645,163.5,183.0,183.0,179.34,True,False,-9.6881,False,False
統一-城中 x 富邦/富邦證券(裸名稱),統一-城中,富邦/富邦證券(裸名稱),2026-07-02,6548,2026-07-03,out_of_sample,2101.92,1.9319,10844.82,9.9675,90.6,93.2,91.6,97.608,False,False,-1.1038,False,False
統一-城中 x 富邦/富邦證券(裸名稱),統一-城中,富邦/富邦證券(裸名稱),2026-07-03,1313,2026-07-06,out_of_sample,1328.47,2.4419,4014.01,7.3782,14.5,14.5,13.55,15.386,False,False,6.5517,False,True
統一-城中 x 富邦/富邦證券(裸名稱),統一-城中,富邦/富邦證券(裸名稱),2026-07-03,2634,2026-07-06,out_of_sample,3054.0,1.1259,21018.0,7.7482,63.4,64.5,60.3,64.68,False,False,4.8896,False,True
統一-城中 x 富邦/富邦證券(裸名稱),統一-城中,富邦/富邦證券(裸名稱),2026-07-03,3042,2026-07-06,out_of_sample,24103.2,1.0961,57842.7,2.6304,250.0,250.0,224.5,268.03,False,False,10.2,False,True
統一-城中 x 富邦/富邦證券(裸名稱),統一-城中,富邦/富邦證券(裸名稱),2026-07-03,4989,2026-07-06,out_of_sample,6917.3,1.4531,7293.0,1.532,116.0,117.5,111.0,119.07,False,False,4.3103,False,True
統一-城中 x 富邦/富邦證券(裸名稱),統一-城中,富邦/富邦證券(裸名稱),2026-07-03,4991,2026-07-06,out_of_sample,9132.4,3.7948,20923.6,8.6944,578.0,586.0,521.0,622.3,False,False,9.8616,False,True
統一-城中 x 富邦/富邦證券(裸名稱),統一-城中,富邦/富邦證券(裸名稱),2026-07-03,6890,2026-07-06,out_of_sample,190.8,1.3102,3455.6,23.7292,218.5,233.0,212.5,228.34,True,False,-4.5034,False,False
統一-城中 x 富邦/富邦證券(裸名稱),統一-城中,富邦/富邦證券(裸名稱),2026-07-06,6138,2026-07-07,out_of_sample,5104.0,3.6423,13948.0,9.9536,434.5,436.0,396.0,474.32,False,False,8.8608,False,True
統一-城中 x 富邦/富邦證券(裸名稱),統一-城中,富邦/富邦證券(裸名稱),2026-07-06,8261,2026-07-07,out_of_sample,6300.8,5.4737,23408.0,20.3354,357.0,380.5,342.0,379.26,True,False,-6.2353,False,False
統一-城中 x 富邦/富邦證券(裸名稱),統一-城中,富邦/富邦證券(裸名稱),2026-07-07,6919,2026-07-08,out_of_sample,3080.0,2.6297,17105.0,14.6042,110.5,111.0,104.5,118.58,False,False,5.4299,False,True
統一-城中 x 富邦/富邦證券(裸名稱),統一-城中,富邦/富邦證券(裸名稱),2026-07-08,4931,2026-07-09,out_of_sample,7208.0,1.5883,30844.8,6.7967,274.5,275.0,255.0,293.02,False,False,7.1038,False,True
統一-城中 x 富邦/富邦證券(裸名稱),統一-城中,富邦/富邦證券(裸名稱),2026-07-08,6182,2026-07-09,out_of_sample,18544.0,0.8683,96800.0,4.5323,161.0,175.0,172.5,172.48,True,False,-7.1304,False,False
統一-城中 x 富邦/富邦證券(裸名稱),統一-城中,富邦/富邦證券(裸名稱),2026-07-09,6488,2026-07-13,out_of_sample,30375.0,3.2995,112185.0,12.1861,1485.0,1485.0,1485.0,1455.3,True,True,2.0,False,True
統一-城中 x 富邦/富邦證券(裸名稱),統一-城中,富邦/富邦證券(裸名稱),2026-07-09,8042,2026-07-13,out_of_sample,694.2,0.5457,2954.8,2.3229,176.5,177.0,160.5,191.59,False,False,9.0652,False,True
統一-城中 x 富邦/富邦證券(裸名稱),統一-城中,富邦/富邦證券(裸名稱),2026-07-13,5483,2026-07-14,out_of_sample,18288.5,5.1502,7685.8,2.1644,232.5,253.0,253.0,249.41,True,False,-7.2731,False,False
統一-城中 x 富邦/富邦證券(裸名稱),統一-城中,富邦/富邦證券(裸名稱),2026-07-13,6182,2026-07-14,out_of_sample,17888.8,1.3271,10630.95,0.7887,185.0,194.5,186.5,203.84,False,False,-0.8108,False,False
統一-城中 x 富邦/富邦證券(裸名稱),統一-城中,富邦/富邦證券(裸名稱),2026-07-13,6488,2026-07-14,out_of_sample,9652.5,3.0747,15444.0,4.9196,1495.0,1575.0,1515.0,1597.4,False,False,-1.3378,False,False
統一-城中 x 富邦/富邦證券(裸名稱),統一-城中,富邦/富邦證券(裸名稱),2026-07-15,8046,2026-07-16,out_of_sample,33818.5,1.2673,57873.5,2.1687,1405.0,1415.0,1275.0,1523.9,False,False,9.2527,False,True
統一-城中 x 富邦/富邦證券(裸名稱),統一-城中,富邦/富邦證券(裸名稱),2026-07-16,2484,2026-07-17,out_of_sample,8601.6,2.2349,20204.8,5.2497,86.5,87.4,80.7,96.53,False,False,6.7052,False,True
統一-城中 x 富邦/富邦證券(裸名稱),統一-城中,富邦/富邦證券(裸名稱),2026-07-21,2454,2026-07-22,out_of_sample,24222.0,0.8787,73767.0,2.676,4000.0,4000.0,3850.0,3954.3,True,False,1.1425,False,True
統一-城中 x 富邦/富邦證券(裸名稱),統一-城中,富邦/富邦證券(裸名稱),2026-07-21,2634,2026-07-22,out_of_sample,16981.25,2.6393,52702.65,8.1912,73.0,75.3,64.4,77.028,False,False,11.7808,False,True
統一-城中 x 富邦/富邦證券(裸名稱),統一-城中,富邦/富邦證券(裸名稱),2026-07-21,3189,2026-07-22,out_of_sample,29840.0,6.1617,32451.0,6.7008,804.0,819.0,796.0,803.6,True,False,0.0498,False,True
統一-城中 x 富邦/富邦證券(裸名稱),統一-城中,富邦/富邦證券(裸名稱),2026-07-22,2344,2026-07-23,out_of_sample,43211.7,2.6187,106704.0,6.4665,172.0,172.0,161.0,184.24,False,False,6.3953,False,True
統一-城中 x 富邦/富邦證券(裸名稱),統一-城中,富邦/富邦證券(裸名稱),2026-07-22,2408,2026-07-23,out_of_sample,50564.25,1.7936,168042.6,5.9609,452.0,452.0,426.0,480.2,False,False,5.7522,False,True
統一-城中 x 富邦/富邦證券(裸名稱),統一-城中,富邦/富邦證券(裸名稱),2026-07-22,6414,2026-07-23,out_of_sample,2205.0,0.8659,6468.0,2.5399,490.0,505.0,503.0,528.22,False,False,-2.6531,False,False
統一-城中 x 富邦/富邦證券(裸名稱),統一-城中,富邦/富邦證券(裸名稱),2026-07-22,6449,2026-07-23,out_of_sample,1778.7,15.8556,808.5,7.2071,271.0,271.0,253.0,290.08,False,False,6.6421,False,True
統一-城中 x 富邦/富邦證券(裸名稱),統一-城中,富邦/富邦證券(裸名稱),2026-07-22,8046,2026-07-23,out_of_sample,14224.5,0.6546,68512.5,3.1527,1280.0,1310.0,1230.0,1406.3,False,False,3.9062,False,True
統一-城中 x 富邦/富邦證券(裸名稱),統一-城中,富邦/富邦證券(裸名稱),2026-07-23,8039,2026-07-24,out_of_sample,6374.4,0.5453,8832.0,0.7555,251.5,257.5,240.0,275.87,False,False,4.5726,False,True
統一-城中 x 富邦/富邦證券(裸名稱),統一-城中,富邦/富邦證券(裸名稱),2026-07-31,2301,2026-08-03,out_of_sample,3114.1,1.575,18036.7,9.1226,229.5,229.5,229.5,224.91,True,True,2.0,False,True
統一-城中 x 富邦/富邦證券(裸名稱),統一-城中,富邦/富邦證券(裸名稱),2026-07-31,2344,2026-08-03,out_of_sample,13039.0,4.7664,18330.0,6.7005,134.0,143.0,143.0,140.14,True,False,-4.5821,False,False
統一-城中 x 富邦/富邦證券(裸名稱),統一-城中,富邦/富邦證券(裸名稱),2026-07-31,2408,2026-08-03,out_of_sample,22675.45,7.7319,77002.8,26.2564,374.5,396.5,396.5,388.57,True,False,-3.757,False,False
統一-城中 x 富邦/富邦證券(裸名稱),統一-城中,富邦/富邦證券(裸名稱),2026-07-31,2449,2026-08-03,out_of_sample,3508.95,2.3381,22819.35,15.2052,234.0,242.5,233.5,240.59,True,False,-2.8162,False,False
統一-城中 x 富邦/富邦證券(裸名稱),統一-城中,富邦/富邦證券(裸名稱),2026-07-31,2454,2026-08-03,out_of_sample,10665.0,0.7439,50836.5,3.5457,3910.0,3910.0,3910.0,3831.8,True,False,2.0,False,True
統一-城中 x 富邦/富邦證券(裸名稱),統一-城中,富邦/富邦證券(裸名稱),2026-07-31,3167,2026-08-03,out_of_sample,1458.0,1.3929,6949.8,6.6395,513.0,534.0,534.0,523.32,True,False,-2.0117,False,False
統一-城中 x 富邦/富邦證券(裸名稱),統一-城中,富邦/富邦證券(裸名稱),2026-07-31,3374,2026-08-03,out_of_sample,1108.0,1.9676,4293.5,7.6246,290.5,304.5,304.5,298.41,True,False,-2.7229,False,False
統一-城中 x 富邦/富邦證券(裸名稱),統一-城中,富邦/富邦證券(裸名稱),2026-07-31,5347,2026-08-03,out_of_sample,3136.05,0.6809,12619.95,2.7402,147.5,156.5,151.0,163.17,False,False,-2.3729,False,False
統一-城中 x 富邦/富邦證券(裸名稱),統一-城中,富邦/富邦證券(裸名稱),2026-07-31,6274,2026-08-03,out_of_sample,4773.0,5.0954,777.0,0.8295,1220.0,1220.0,1220.0,1195.6,True,True,2.0,False,True
統一-城中 x 富邦/富邦證券(裸名稱),統一-城中,富邦/富邦證券(裸名稱),2026-07-31,8046,2026-08-03,out_of_sample,7360.0,4.6247,28796.0,18.0941,945.0,998.0,953.0,989.8,True,False,-4.7407,False,False
統一-城中 x 富邦/富邦證券(裸名稱),統一-城中,富邦/富邦證券(裸名稱),2026-07-31,8299,2026-08-03,out_of_sample,22304.0,10.3468,26568.0,12.3249,1675.0,1800.0,1760.0,1764.0,True,False,-5.3134,False,False
統一-城中 x 富邦/富邦證券(裸名稱),統一-城中,富邦/富邦證券(裸名稱),2026-08-03,2301,2026-08-04,out_of_sample,7229.25,1.3512,44270.55,8.2744,233.5,252.0,252.0,246.96,True,False,-5.7645,False,False
統一-城中 x 富邦/富邦證券(裸名稱),統一-城中,富邦/富邦證券(裸名稱),2026-08-03,2327,2026-08-04,out_of_sample,44049.6,3.6222,91576.8,7.5304,581.0,583.0,566.0,594.86,False,False,2.5818,False,True
統一-城中 x 富邦/富邦證券(裸名稱),統一-城中,富邦/富邦證券(裸名稱),2026-08-03,2345,2026-08-04,out_of_sample,14710.5,1.7165,48568.0,5.6672,2355.0,2360.0,2320.0,2513.7,False,False,1.4862,False,True
統一-城中 x 富邦/富邦證券(裸名稱),統一-城中,富邦/富邦證券(裸名稱),2026-08-03,5351,2026-08-04,out_of_sample,559.3,1.3268,3627.46,8.6054,84.9,87.8,87.8,86.044,True,False,-1.3475,False,False
統一-城中 x 富邦/富邦證券(裸名稱),統一-城中,富邦/富邦證券(裸名稱),2026-08-04,1608,2026-08-05,out_of_sample,356.2,1.8399,3527.75,18.2219,33.95,35.5,33.4,36.897,False,False,1.62,False,True
統一-城中 x 富邦/富邦證券(裸名稱),統一-城中,富邦/富邦證券(裸名稱),2026-08-04,2344,2026-08-05,out_of_sample,21681.7,1.1718,61748.1,3.3373,167.0,172.5,169.0,169.05,True,False,-1.2275,False,False
統一-城中 x 富邦/富邦證券(裸名稱),統一-城中,富邦/富邦證券(裸名稱),2026-08-04,2408,2026-08-05,out_of_sample,45867.2,0.9058,48832.0,0.9643,469.0,470.5,445.0,469.91,True,False,-0.194,False,False
統一-城中 x 富邦/富邦證券(裸名稱),統一-城中,富邦/富邦證券(裸名稱),2026-08-04,6770,2026-08-05,out_of_sample,11581.27,1.0692,48735.09,4.4992,63.4,66.1,66.1,64.778,True,False,-2.1735,False,False
統一-城中 x 富邦/富邦證券(裸名稱),統一-城中,富邦/富邦證券(裸名稱),2026-08-05,2455,2026-08-06,out_of_sample,8264.4,1.9504,56454.0,13.3229,384.0,402.0,372.0,417.97,False,False,3.125,False,True
統一-城中 x 富邦/富邦證券(裸名稱),統一-城中,富邦/富邦證券(裸名稱),2026-08-05,3105,2026-08-06,out_of_sample,25981.6,24.1392,10490.4,9.7465,378.0,394.0,382.0,405.23,False,False,-1.0582,False,False
統一-城中 x 富邦/富邦證券(裸名稱),統一-城中,富邦/富邦證券(裸名稱),2026-08-05,4958,2026-08-06,out_of_sample,4489.6,0.3856,90036.0,7.732,486.5,490.0,482.0,525.28,False,False,0.925,False,True
統一-城中 x 富邦/富邦證券(裸名稱),統一-城中,富邦/富邦證券(裸名稱),2026-08-05,6446,2026-08-06,out_of_sample,6942.0,1.0801,27501.0,4.2788,1390.0,1390.0,1290.0,1435.7,False,False,7.1942,False,True
統一-城中 x 富邦/富邦證券(裸名稱),統一-城中,富邦/富邦證券(裸名稱),2026-08-05,6770,2026-08-06,out_of_sample,34616.57,2.2283,73549.47,4.7344,66.4,68.5,66.6,71.246,False,False,-0.3012,False,False
統一-城中 x 富邦/富邦證券(裸名稱),統一-城中,富邦/富邦證券(裸名稱),2026-08-06,2337,2026-08-07,out_of_sample,18305.1,1.2021,77993.4,5.1219,130.5,130.5,121.5,138.67,False,False,6.8966,False,True
統一-城中 x 富邦/富邦證券(裸名稱),統一-城中,富邦/富邦證券(裸名稱),2026-08-06,8299,2026-08-07,out_of_sample,27945.0,2.536,74115.0,6.726,2060.0,2075.0,2020.0,2180.5,False,False,1.9417,False,True
統一-城中 x 富邦/富邦證券(裸名稱),統一-城中,富邦/富邦證券(裸名稱),2026-08-06,8996,2026-08-07,out_of_sample,11804.0,2.4433,20089.5,4.1582,1080.0,1135.0,1045.0,1220.1,False,False,3.2407,False,True
統一(母公司/裸名稱) x 統一-城中,統一(母公司/裸名稱),統一-城中,2018-03-02,1258,2018-03-05,in_sample,50.575,7.4641,8.925,1.3172,30.15,31.0,29.0,32.046,False,False,3.8143,False,True
統一(母公司/裸名稱) x 統一-城中,統一(母公司/裸名稱),統一-城中,2018-03-13,8201,2018-03-14,in_sample,83.875,11.6117,15.25,2.1112,16.75,16.75,16.75,16.415,True,True,2.0,False,True
統一(母公司/裸名稱) x 統一-城中,統一(母公司/裸名稱),統一-城中,2018-03-14,8201,2018-03-15,in_sample,33.5,5.1191,35.175,5.3751,18.4,18.4,18.4,18.032,True,True,2.0,False,True
統一(母公司/裸名稱) x 統一-城中,統一(母公司/裸名稱),統一-城中,2018-03-23,3622,2018-03-26,in_sample,115.13,0.7796,1423.245,9.6369,20.65,21.0,19.5,21.364,False,False,5.569,False,True
統一(母公司/裸名稱) x 統一-城中,統一(母公司/裸名稱),統一-城中,2018-04-11,1795,2018-04-12,in_sample,486.18,0.744,748.98,1.1462,66.8,71.0,70.0,70.756,True,False,-5.9222,False,False
統一(母公司/裸名稱) x 統一-城中,統一(母公司/裸名稱),統一-城中,2018-04-11,3128,2018-04-12,in_sample,167.9,1.0778,187.975,1.2067,19.2,20.05,20.05,19.649,True,False,-2.3385,False,False
統一(母公司/裸名稱) x 統一-城中,統一(母公司/裸名稱),統一-城中,2018-04-11,6461,2018-04-12,in_sample,441.48,1.1497,271.68,0.7075,54.8,56.0,53.4,60.956,False,False,2.5547,False,True
統一(母公司/裸名稱) x 統一-城中,統一(母公司/裸名稱),統一-城中,2018-04-19,6130,2018-04-20,in_sample,95.37,5.4107,22.44,1.2731,54.8,56.9,53.1,60.466,False,False,3.1022,False,True
統一(母公司/裸名稱) x 統一-城中,統一(母公司/裸名稱),統一-城中,2018-04-23,3224,2018-04-24,in_sample,155.04,0.9899,413.44,2.6397,69.9,70.5,61.2,69.58,True,False,0.4578,False,True
統一(母公司/裸名稱) x 統一-城中,統一(母公司/裸名稱),統一-城中,2018-04-27,6154,2018-04-30,in_sample,60.39,2.6447,47.58,2.0837,20.1,20.1,20.1,19.698,True,True,2.0,False,True
統一(母公司/裸名稱) x 統一-城中,統一(母公司/裸名稱),統一-城中,2018-04-30,8111,2018-05-02,in_sample,43.0,2.0769,76.325,3.6866,10.45,11.8,11.8,11.564,True,False,-10.6603,False,False
統一(母公司/裸名稱) x 統一-城中,統一(母公司/裸名稱),統一-城中,2018-05-17,3083,2018-05-18,in_sample,456.355,2.7394,243.105,1.4593,43.0,43.8,40.6,45.962,False,False,5.5814,False,True
統一(母公司/裸名稱) x 統一-城中,統一(母公司/裸名稱),統一-城中,2018-05-18,3115,2018-05-21,in_sample,113.81,4.995,59.9,2.629,31.45,32.9,31.55,32.242,True,False,-2.5183,False,False
統一(母公司/裸名稱) x 統一-城中,統一(母公司/裸名稱),統一-城中,2018-06-05,2415,2018-06-06,in_sample,115.5,2.0452,82.5,1.4608,27.0,27.0,25.25,29.645,False,False,6.4815,False,True
統一(母公司/裸名稱) x 統一-城中,統一(母公司/裸名稱),統一-城中,2018-06-05,3630,2018-06-06,in_sample,760.8,1.5425,294.81,0.5977,47.85,51.8,49.45,51.254,True,False,-7.1139,False,False
統一(母公司/裸名稱) x 統一-城中,統一(母公司/裸名稱),統一-城中,2018-06-15,3047,2018-06-19,in_sample,92.88,1.4398,101.52,1.5738,11.0,11.15,10.8,11.613,False,False,1.8182,False,True
統一(母公司/裸名稱) x 統一-城中,統一(母公司/裸名稱),統一-城中,2018-06-21,6155,2018-06-22,in_sample,254.935,1.6959,171.225,1.139,39.0,41.85,41.85,41.013,True,False,-5.1615,False,False
統一(母公司/裸名稱) x 統一-城中,統一(母公司/裸名稱),統一-城中,2018-06-22,6207,2018-06-25,in_sample,1059.63,1.5764,1681.68,2.5018,44.55,47.0,42.05,46.207,True,False,-3.7194,False,False
統一(母公司/裸名稱) x 統一-城中,統一(母公司/裸名稱),統一-城中,2018-07-02,2492,2018-07-03,in_sample,7290.15,0.6595,15955.8,1.4435,475.0,491.5,450.0,493.92,False,False,5.2632,False,True
統一(母公司/裸名稱) x 統一-城中,統一(母公司/裸名稱),統一-城中,2018-07-13,1597,2018-07-16,in_sample,1079.2,1.6629,1216.0,1.8737,153.0,162.0,161.0,163.66,False,False,-5.2288,False,False
統一(母公司/裸名稱) x 統一-城中,統一(母公司/裸名稱),統一-城中,2018-08-01,2360,2018-08-02,in_sample,9835.05,6.8451,985.4,0.6858,190.0,196.0,194.0,203.84,False,False,-2.1053,False,False
統一(母公司/裸名稱) x 統一-城中,統一(母公司/裸名稱),統一-城中,2018-09-06,9906,2018-09-07,in_sample,31.92,2.4935,15.96,1.2468,13.95,14.55,12.7,14.308,True,False,-2.5663,False,False
統一(母公司/裸名稱) x 統一-城中,統一(母公司/裸名稱),統一-城中,2018-09-12,3325,2018-09-13,in_sample,137.5,1.9141,53.625,0.7465,13.25,13.45,13.1,14.798,False,False,1.1321,False,True
統一(母公司/裸名稱) x 統一-城中,統一(母公司/裸名稱),統一-城中,2018-10-15,2348,2018-10-16,in_sample,251.94,2.1446,310.08,2.6395,47.8,50.0,49.4,52.136,False,False,-3.3473,False,False
統一(母公司/裸名稱) x 統一-城中,統一(母公司/裸名稱),統一-城中,2018-12-07,3054,2018-12-10,in_sample,84.645,8.5968,12.825,1.3025,25.8,26.5,24.1,27.636,False,False,6.5891,False,True
統一(母公司/裸名稱) x 統一-城中,統一(母公司/裸名稱),統一-城中,2018-12-13,6462,2018-12-14,in_sample,10236.6,2.8528,2474.55,0.6896,217.0,228.0,228.0,227.85,True,False,-5.0,False,False
統一(母公司/裸名稱) x 統一-城中,統一(母公司/裸名稱),統一-城中,2019-01-03,4908,2019-01-04,in_sample,171.71,3.8927,69.13,1.5672,22.5,23.8,23.0,24.01,False,False,-2.2222,False,False
統一(母公司/裸名稱) x 統一-城中,統一(母公司/裸名稱),統一-城中,2019-01-07,3004,2019-01-08,in_sample,134.2,0.8125,476.41,2.8843,68.3,70.8,67.4,72.324,False,False,1.3177,False,True
統一(母公司/裸名稱) x 統一-城中,統一(母公司/裸名稱),統一-城中,2019-01-08,6461,2019-01-09,in_sample,17.16,2.2242,10.725,1.3901,21.25,21.4,20.75,23.079,False,False,2.3529,False,True
統一(母公司/裸名稱) x 統一-城中,統一(母公司/裸名稱),統一-城中,2019-01-14,3004,2019-01-15,in_sample,177.76,0.7659,2399.76,10.3403,81.0,81.0,79.6,87.024,False,False,1.7284,False,True
統一(母公司/裸名稱) x 統一-城中,統一(母公司/裸名稱),統一-城中,2019-02-13,6576,2019-02-14,in_sample,24.03,1.5954,24.03,1.5954,88.1,88.1,88.1,86.338,True,False,2.0,False,True
統一(母公司/裸名稱) x 統一-城中,統一(母公司/裸名稱),統一-城中,2019-02-18,4971,2019-02-19,in_sample,231.48,1.7302,192.9,1.4418,65.0,66.6,64.8,69.286,False,False,0.3077,False,True
統一(母公司/裸名稱) x 統一-城中,統一(母公司/裸名稱),統一-城中,2019-02-20,4979,2019-02-21,in_sample,242.015,1.6722,124.75,0.862,26.5,27.3,27.15,26.852,True,False,-1.3283,False,False
統一(母公司/裸名稱) x 統一-城中,統一(母公司/裸名稱),統一-城中,2019-02-20,6552,2019-02-21,in_sample,9590.75,10.8707,544.8,0.6175,114.5,117.0,111.0,122.01,False,False,3.0568,False,True
統一(母公司/裸名稱) x 統一-城中,統一(母公司/裸名稱),統一-城中,2019-02-26,3311,2019-02-27,in_sample,51.34,3.9281,99.66,7.6252,16.6,16.6,16.0,16.268,True,False,2.0,False,True
統一(母公司/裸名稱) x 統一-城中,統一(母公司/裸名稱),統一-城中,2019-03-07,4128,2019-03-08,in_sample,139.05,2.4078,75.705,1.3109,15.0,16.1,16.1,16.611,False,False,-7.3333,False,False
統一(母公司/裸名稱) x 統一-城中,統一(母公司/裸名稱),統一-城中,2019-03-12,3202,2019-03-13,in_sample,164.35,1.6534,81.31,0.818,17.4,18.45,17.9,18.62,False,False,-2.8736,False,False
統一(母公司/裸名稱) x 統一-城中,統一(母公司/裸名稱),統一-城中,2019-03-19,5340,2019-03-20,in_sample,97.375,2.1565,71.25,1.5779,24.4,25.3,24.9,25.578,False,False,-2.0492,False,False
統一(母公司/裸名稱) x 統一-城中,統一(母公司/裸名稱),統一-城中,2019-03-20,3708,2019-03-21,in_sample,2194.4,1.9606,2363.2,2.1114,105.5,107.5,104.5,113.68,False,False,0.9479,False,True
統一(母公司/裸名稱) x 統一-城中,統一(母公司/裸名稱),統一-城中,2019-03-28,3027,2019-03-29,in_sample,617.646,16.291,39.72,1.0477,9.95,10.9,10.9,10.682,True,False,-7.3568,False,False
統一(母公司/裸名稱) x 統一-城中,統一(母公司/裸名稱),統一-城中,2019-04-17,5340,2019-04-18,in_sample,191.345,1.2157,581.845,3.6968,40.05,42.2,39.3,42.091,True,False,-5.0961,False,False
統一(母公司/裸名稱) x 統一-城中,統一(母公司/裸名稱),統一-城中,2019-05-07,3290,2019-05-08,in_sample,219.105,1.1768,1173.97,6.3051,26.7,27.5,27.1,29.155,False,False,-1.4981,False,False
統一(母公司/裸名稱) x 統一-城中,統一(母公司/裸名稱),統一-城中,2019-07-29,4934,2019-07-30,in_sample,28.71,1.1508,26.1,1.0462,4.35,4.5,4.37,4.6844,False,False,-0.4598,False,False
統一(母公司/裸名稱) x 統一-城中,統一(母公司/裸名稱),統一-城中,2019-08-27,3004,2019-08-28,in_sample,2480.4,5.5432,1865.6,4.1693,107.5,108.5,104.0,114.17,False,False,3.2558,False,True
統一(母公司/裸名稱) x 統一-城中,統一(母公司/裸名稱),統一-城中,2019-09-09,4432,2019-09-10,in_sample,75.64,6.3171,19.52,1.6302,24.7,24.9,24.0,26.264,False,False,2.834,False,True
統一(母公司/裸名稱) x 統一-城中,統一(母公司/裸名稱),統一-城中,2019-09-23,8476,2019-09-24,in_sample,60.9,3.9419,84.0,5.4371,21.35,21.35,20.6,22.638,False,False,3.5129,False,True
統一(母公司/裸名稱) x 統一-城中,統一(母公司/裸名稱),統一-城中,2019-11-15,1541,2019-11-18,in_sample,200.0,4.9373,104.0,2.5674,41.5,43.2,40.9,43.12,True,False,-3.9036,False,False
統一(母公司/裸名稱) x 統一-城中,統一(母公司/裸名稱),統一-城中,2019-12-17,5278,2019-12-18,in_sample,530.1,18.6268,125.55,4.4116,140.0,143.5,142.0,149.94,False,False,-1.4286,False,False
統一(母公司/裸名稱) x 統一-城中,統一(母公司/裸名稱),統一-城中,2019-12-27,6243,2019-12-30,in_sample,118.965,5.8828,102.795,5.0832,11.85,11.9,11.65,12.446,False,False,1.6878,False,True
統一(母公司/裸名稱) x 統一-城中,統一(母公司/裸名稱),統一-城中,2020-01-13,3631,2020-01-14,in_sample,72.94,1.1592,130.25,2.07,54.6,54.6,52.0,56.154,False,False,4.7619,False,True
統一(母公司/裸名稱) x 統一-城中,統一(母公司/裸名稱),統一-城中,2020-01-16,2369,2020-01-17,in_sample,1978.7,6.6271,934.125,3.1286,12.0,12.0,11.4,12.642,False,False,5.0,False,True
統一(母公司/裸名稱) x 統一-城中,統一(母公司/裸名稱),統一-城中,2020-01-17,6101,2020-01-20,in_sample,117.81,10.6775,10.395,0.9421,36.15,38.1,38.1,37.338,True,False,-3.2863,False,False
統一(母公司/裸名稱) x 統一-城中,統一(母公司/裸名稱),統一-城中,2020-02-07,4707,2020-02-10,in_sample,485.9,4.0739,282.5,2.3686,11.65,12.4,12.4,12.152,True,False,-4.309,False,False
統一(母公司/裸名稱) x 統一-城中,統一(母公司/裸名稱),統一-城中,2020-02-18,2417,2020-02-19,in_sample,236.16,2.6171,238.62,2.6444,12.3,12.4,12.25,13.23,False,False,0.4065,False,True
統一(母公司/裸名稱) x 統一-城中,統一(母公司/裸名稱),統一-城中,2020-02-24,3060,2020-02-25,in_sample,208.56,1.7798,162.74,1.3888,15.9,16.25,15.55,17.003,False,False,2.2013,False,True
統一(母公司/裸名稱) x 統一-城中,統一(母公司/裸名稱),統一-城中,2020-02-24,6538,2020-02-25,in_sample,1130.9,0.9831,1025.7,0.8916,266.0,286.0,278.5,283.22,True,False,-6.4737,False,False
統一(母公司/裸名稱) x 統一-城中,統一(母公司/裸名稱),統一-城中,2020-03-10,2338,2020-03-11,in_sample,649.49,1.007,415.795,0.6447,30.65,30.7,28.85,32.683,False,False,5.8728,False,True
統一(母公司/裸名稱) x 統一-城中,統一(母公司/裸名稱),統一-城中,2020-03-20,1321,2020-03-23,in_sample,272.025,22.2569,32.55,2.6632,22.1,23.6,23.2,25.039,False,False,-4.9774,False,False
統一(母公司/裸名稱) x 統一-城中,統一(母公司/裸名稱),統一-城中,2020-03-20,2492,2020-03-23,in_sample,3501.4,1.781,2166.85,1.1022,138.0,146.5,146.5,154.35,False,False,-6.1594,False,False
統一(母公司/裸名稱) x 統一-城中,統一(母公司/裸名稱),統一-城中,2020-03-20,3529,2020-03-23,in_sample,1120.0,9.7986,227.5,1.9903,173.5,192.0,181.0,188.65,True,False,-8.732,False,False
統一(母公司/裸名稱) x 統一-城中,統一(母公司/裸名稱),統一-城中,2020-03-25,2313,2020-03-26,in_sample,3139.92,3.1836,873.18,0.8853,30.1,31.5,31.3,31.654,False,False,-3.9867,False,False
統一(母公司/裸名稱) x 統一-城中,統一(母公司/裸名稱),統一-城中,2020-03-25,3044,2020-03-26,in_sample,1435.2,5.2949,276.0,1.0182,95.0,100.5,99.5,98.98,True,False,-4.1895,False,False
統一(母公司/裸名稱) x 統一-城中,統一(母公司/裸名稱),統一-城中,2020-03-31,3171,2020-04-01,in_sample,49.005,5.8369,32.67,3.8913,14.85,16.3,16.3,15.974,True,False,-7.569,False,False
統一(母公司/裸名稱) x 統一-城中,統一(母公司/裸名稱),統一-城中,2020-04-06,1732,2020-04-07,in_sample,144.21,0.5476,112.86,0.4286,32.25,34.0,30.5,33.761,True,False,-4.6853,False,False
統一(母公司/裸名稱) x 統一-城中,統一(母公司/裸名稱),統一-城中,2020-04-07,6683,2020-04-08,in_sample,1531.2,6.7267,2587.2,11.3658,177.0,181.5,176.5,189.63,False,False,0.2825,False,True
統一(母公司/裸名稱) x 統一-城中,統一(母公司/裸名稱),統一-城中,2020-04-10,4760,2020-04-13,in_sample,191.8,3.9572,102.75,2.1199,75.0,75.3,75.3,73.794,True,False,1.608,False,True
統一(母公司/裸名稱) x 統一-城中,統一(母公司/裸名稱),統一-城中,2020-04-14,4968,2020-04-15,in_sample,6241.0,2.3889,2227.8,0.8528,161.5,164.0,160.0,170.03,False,False,0.9288,False,True
統一(母公司/裸名稱) x 統一-城中,統一(母公司/裸名稱),統一-城中,2020-04-22,1449,2020-04-23,in_sample,173.24,11.5744,61.0,4.0755,12.3,12.35,12.1,13.132,False,False,1.626,False,True
統一(母公司/裸名稱) x 統一-城中,統一(母公司/裸名稱),統一-城中,2020-04-23,3313,2020-04-24,in_sample,52.56,9.0998,14.6,2.5277,15.9,16.05,16.05,15.729,True,False,1.0755,False,True
統一(母公司/裸名稱) x 統一-城中,統一(母公司/裸名稱),統一-城中,2020-04-27,4720,2020-04-28,in_sample,325.85,9.1609,39.9,1.1217,14.4,14.6,14.6,14.308,True,False,0.6389,False,True
統一(母公司/裸名稱) x 統一-城中,統一(母公司/裸名稱),統一-城中,2020-04-27,6152,2020-04-28,in_sample,15.938,0.983,23.294,1.4367,6.24,6.73,6.62,6.6052,True,False,-5.8526,False,False
統一(母公司/裸名稱) x 統一-城中,統一(母公司/裸名稱),統一-城中,2020-04-28,4720,2020-04-29,in_sample,147.46,3.59,51.1,1.2441,15.6,15.75,15.0,15.729,True,False,-0.8269,False,False
統一(母公司/裸名稱) x 統一-城中,統一(母公司/裸名稱),統一-城中,2020-04-28,4934,2020-04-29,in_sample,197.485,1.8883,160.165,1.5315,15.8,15.9,15.15,16.758,False,False,4.1139,False,True
統一(母公司/裸名稱) x 統一-城中,統一(母公司/裸名稱),統一-城中,2020-04-29,6169,2020-04-30,in_sample,100.94,7.3,93.73,6.7786,36.05,36.3,34.75,38.857,False,False,3.6061,False,True
統一(母公司/裸名稱) x 統一-城中,統一(母公司/裸名稱),統一-城中,2020-04-29,9944,2020-04-30,in_sample,354.035,1.6209,151.085,0.6917,22.5,24.4,22.55,24.304,True,False,-8.0178,False,False
統一(母公司/裸名稱) x 統一-城中,統一(母公司/裸名稱),統一-城中,2020-05-05,1449,2020-05-06,in_sample,237.825,4.4947,66.15,1.2502,15.95,15.95,15.4,16.954,False,False,3.4483,False,True
統一(母公司/裸名稱) x 統一-城中,統一(母公司/裸名稱),統一-城中,2020-05-06,4707,2020-05-07,in_sample,1369.905,3.3243,243.9,0.5919,14.0,14.2,13.7,14.602,False,False,2.1429,False,True
統一(母公司/裸名稱) x 統一-城中,統一(母公司/裸名稱),統一-城中,2020-05-12,2349,2020-05-13,in_sample,526.975,3.3386,100.045,0.6338,5.88,5.88,5.88,5.7624,True,False,2.0,False,True
統一(母公司/裸名稱) x 統一-城中,統一(母公司/裸名稱),統一-城中,2020-05-13,1762,2020-05-14,in_sample,2635.8,1.1141,565.8,0.2392,70.1,73.5,66.3,74.382,False,False,5.4208,False,True
統一(母公司/裸名稱) x 統一-城中,統一(母公司/裸名稱),統一-城中,2020-05-15,1781,2020-05-18,in_sample,29.45,2.5867,49.6,4.3566,16.8,17.05,17.05,16.709,True,False,0.5417,False,True
統一(母公司/裸名稱) x 統一-城中,統一(母公司/裸名稱),統一-城中,2020-05-18,6589,2020-05-19,in_sample,234.48,0.6614,307.755,0.8681,49.55,51.0,49.8,52.626,False,False,-0.5045,False,False
統一(母公司/裸名稱) x 統一-城中,統一(母公司/裸名稱),統一-城中,2020-05-20,3373,2020-05-21,in_sample,2232.0,8.6014,322.4,1.2424,127.0,136.0,136.0,133.28,True,False,-4.9449,False,False
統一(母公司/裸名稱) x 統一-城中,統一(母公司/裸名稱),統一-城中,2020-06-22,6276,2020-06-23,in_sample,58.65,0.6451,51.0,0.561,25.7,26.5,24.3,27.489,False,False,5.4475,False,True
統一(母公司/裸名稱) x 統一-城中,統一(母公司/裸名稱),統一-城中,2020-06-24,3529,2020-06-29,in_sample,3219.0,2.9528,777.0,0.7128,565.0,579.0,525.0,597.8,False,False,7.0796,False,True
統一(母公司/裸名稱) x 統一-城中,統一(母公司/裸名稱),統一-城中,2020-06-29,4729,2020-06-30,in_sample,281.93,4.3707,62.91,0.9753,23.4,23.8,22.5,25.088,False,False,3.8462,False,True
統一(母公司/裸名稱) x 統一-城中,統一(母公司/裸名稱),統一-城中,2020-07-21,8072,2020-07-22,in_sample,149.45,5.175,42.7,1.4786,32.7,33.55,33.55,32.879,True,False,-0.5474,False,False
統一(母公司/裸名稱) x 統一-城中,統一(母公司/裸名稱),統一-城中,2020-07-29,1309,2020-07-30,in_sample,210.8,1.2853,317.75,1.9374,15.4,16.1,16.05,16.709,False,False,-4.2208,False,False
統一(母公司/裸名稱) x 統一-城中,統一(母公司/裸名稱),統一-城中,2020-08-07,4413,2020-08-10,in_sample,89.065,8.9748,22.74,2.2914,20.0,20.0,17.1,20.384,False,False,14.5,False,True
統一(母公司/裸名稱) x 統一-城中,統一(母公司/裸名稱),統一-城中,2020-08-10,6140,2020-08-11,in_sample,179.52,2.5107,93.28,1.3046,17.9,19.35,19.35,18.963,True,False,-5.9385,False,False
統一(母公司/裸名稱) x 統一-城中,統一(母公司/裸名稱),統一-城中,2020-08-17,2038,2020-08-18,in_sample,274.134,9.1333,136.64,4.5524,9.03,9.05,8.45,9.2022,False,False,6.423,False,True
統一(母公司/裸名稱) x 統一-城中,統一(母公司/裸名稱),統一-城中,2020-08-17,2440,2020-08-18,in_sample,96.32,4.2721,33.6,1.4903,11.25,12.3,11.5,12.054,True,False,-7.1467,False,False
統一(母公司/裸名稱) x 統一-城中,統一(母公司/裸名稱),統一-城中,2020-08-19,6535,2020-08-20,in_sample,207.025,2.7196,211.25,2.7751,42.7,44.5,44.5,45.521,False,False,-4.2155,False,False
統一(母公司/裸名稱) x 統一-城中,統一(母公司/裸名稱),統一-城中,2020-08-28,5355,2020-08-31,in_sample,150.04,3.4538,53.878,1.2402,6.92,7.04,6.68,7.35,False,False,3.4682,False,True
統一(母公司/裸名稱) x 統一-城中,統一(母公司/裸名稱),統一-城中,2020-08-28,6288,2020-08-31,in_sample,2226.0,2.6563,572.4,0.6831,32.85,34.6,33.1,34.251,True,False,-4.2648,False,False
統一(母公司/裸名稱) x 統一-城中,統一(母公司/裸名稱),統一-城中,2020-09-03,2007,2020-09-04,in_sample,103.028,13.5671,59.9,7.8879,5.99,6.58,6.58,6.4484,True,False,-7.6528,False,False
統一(母公司/裸名稱) x 統一-城中,統一(母公司/裸名稱),統一-城中,2020-09-03,5324,2020-09-04,in_sample,139.86,9.815,66.6,4.6738,10.8,12.0,11.75,11.956,True,False,-10.7037,False,False
統一(母公司/裸名稱) x 統一-城中,統一(母公司/裸名稱),統一-城中,2020-09-07,2028,2020-09-08,in_sample,151.2,8.2655,32.4,1.7712,11.35,11.35,10.5,11.613,False,False,7.489,False,True
統一(母公司/裸名稱) x 統一-城中,統一(母公司/裸名稱),統一-城中,2020-09-07,4171,2020-09-08,in_sample,968.0,3.9849,264.0,1.0868,224.0,229.0,206.0,237.16,False,False,8.0357,False,True
統一(母公司/裸名稱) x 統一-城中,統一(母公司/裸名稱),統一-城中,2020-09-10,8072,2020-09-11,in_sample,367.71,10.9478,37.08,1.104,31.8,32.45,30.9,33.271,False,False,2.8302,False,True
統一(母公司/裸名稱) x 統一-城中,統一(母公司/裸名稱),統一-城中,2020-09-23,6288,2020-09-24,in_sample,634.045,1.2847,546.085,1.1065,37.15,39.0,39.0,39.494,False,False,-4.9798,False,False
統一(母公司/裸名稱) x 統一-城中,統一(母公司/裸名稱),統一-城中,2020-09-23,9136,2020-09-24,in_sample,1429.64,9.022,83.28,0.5256,17.5,17.7,15.65,18.669,False,False,10.5714,False,True
統一(母公司/裸名稱) x 統一-城中,統一(母公司/裸名稱),統一-城中,2020-10-12,2027,2020-10-13,in_sample,855.8,1.4467,4254.8,7.1924,22.6,23.0,22.3,23.716,False,False,1.3274,False,True
統一(母公司/裸名稱) x 統一-城中,統一(母公司/裸名稱),統一-城中,2020-10-14,8111,2020-10-15,in_sample,383.515,1.8712,438.565,2.1397,18.6,19.8,19.15,19.747,True,False,-6.1667,False,False
統一(母公司/裸名稱) x 統一-城中,統一(母公司/裸名稱),統一-城中,2020-10-26,2609,2020-10-27,in_sample,4268.88,3.1977,5390.55,4.038,11.9,12.0,12.0,13.034,False,False,-0.8403,False,False
統一(母公司/裸名稱) x 統一-城中,統一(母公司/裸名稱),統一-城中,2020-10-27,1414,2020-10-28,in_sample,367.92,1.9054,1161.795,6.0166,11.15,11.6,10.75,11.76,False,False,3.5874,False,True
統一(母公司/裸名稱) x 統一-城中,統一(母公司/裸名稱),統一-城中,2020-11-06,6245,2020-11-09,in_sample,412.36,0.837,1352.0,2.7443,69.1,71.5,70.8,72.814,False,False,-2.4602,False,False
統一(母公司/裸名稱) x 統一-城中,統一(母公司/裸名稱),統一-城中,2020-11-09,1440,2020-11-10,in_sample,4970.07,7.2532,1631.7,2.3813,14.7,15.0,14.5,15.827,False,False,1.3605,False,True
統一(母公司/裸名稱) x 統一-城中,統一(母公司/裸名稱),統一-城中,2020-11-10,2610,2020-11-11,in_sample,1175.675,1.5379,858.4,1.1229,9.17,9.18,9.1,9.947,False,False,0.7634,False,True
統一(母公司/裸名稱) x 統一-城中,統一(母公司/裸名稱),統一-城中,2020-11-17,3622,2020-11-18,in_sample,323.4,6.1138,49.0,0.9263,24.6,26.95,26.95,26.411,True,False,-7.3618,False,False
統一(母公司/裸名稱) x 統一-城中,統一(母公司/裸名稱),統一-城中,2020-11-17,4916,2020-11-18,in_sample,86.58,2.7283,49.14,1.5485,23.8,25.5,25.1,25.186,True,False,-5.8235,False,False
統一(母公司/裸名稱) x 統一-城中,統一(母公司/裸名稱),統一-城中,2020-11-18,6204,2020-11-19,in_sample,216.0,10.2122,43.2,2.0424,108.0,118.5,118.5,116.13,True,False,-7.5278,False,False
統一(母公司/裸名稱) x 統一-城中,統一(母公司/裸名稱),統一-城中,2020-11-19,2038,2020-11-20,in_sample,545.625,4.6298,396.0,3.3602,11.55,12.25,10.85,12.103,True,False,-4.7879,False,False
統一(母公司/裸名稱) x 統一-城中,統一(母公司/裸名稱),統一-城中,2020-11-19,6120,2020-11-20,in_sample,2938.62,11.5289,188.34,0.7389,13.2,13.45,12.65,13.867,False,False,4.1667,False,True
統一(母公司/裸名稱) x 統一-城中,統一(母公司/裸名稱),統一-城中,2020-11-20,2033,2020-11-23,in_sample,42.51,7.9783,49.05,9.2058,11.4,11.65,11.35,11.711,False,False,0.4386,False,True
統一(母公司/裸名稱) x 統一-城中,統一(母公司/裸名稱),統一-城中,2020-11-20,3006,2020-11-23,in_sample,4809.615,2.7498,2896.965,1.6563,48.1,51.3,51.3,50.274,True,False,-4.5198,False,False
統一(母公司/裸名稱) x 統一-城中,統一(母公司/裸名稱),統一-城中,2020-11-20,3687,2020-11-23,in_sample,275.825,8.8324,46.75,1.497,51.4,51.4,51.4,50.372,True,False,2.0,False,True
統一(母公司/裸名稱) x 統一-城中,統一(母公司/裸名稱),統一-城中,2020-11-20,6169,2020-11-23,in_sample,106.86,5.7816,49.32,2.6684,29.3,30.1,30.1,29.498,True,False,-0.6758,False,False
統一(母公司/裸名稱) x 統一-城中,統一(母公司/裸名稱),統一-城中,2020-11-23,2239,2020-11-24,in_sample,346.8,1.3157,377.4,1.4318,104.5,107.0,97.0,109.76,False,False,7.177,False,True
統一(母公司/裸名稱) x 統一-城中,統一(母公司/裸名稱),統一-城中,2020-11-24,8043,2020-11-25,in_sample,434.88,3.5532,106.56,0.8706,30.8,30.9,29.05,31.017,False,False,5.6818,False,True
統一(母公司/裸名稱) x 統一-城中,統一(母公司/裸名稱),統一-城中,2020-11-25,3591,2020-11-26,in_sample,400.04,7.1311,49.64,0.8849,14.6,15.3,14.45,15.729,False,False,1.0274,False,True
統一(母公司/裸名稱) x 統一-城中,統一(母公司/裸名稱),統一-城中,2020-11-26,4931,2020-11-27,in_sample,187.59,6.9105,48.165,1.7743,26.4,27.7,27.25,27.293,True,False,-3.3826,False,False
統一(母公司/裸名稱) x 統一-城中,統一(母公司/裸名稱),統一-城中,2020-11-27,2547,2020-11-30,in_sample,464.82,1.6815,2135.0,7.7234,13.4,13.4,13.4,13.132,True,True,2.0,False,True
統一(母公司/裸名稱) x 統一-城中,統一(母公司/裸名稱),統一-城中,2020-11-27,2727,2020-11-30,in_sample,722.4,0.8112,632.1,0.7098,138.0,138.0,131.5,138.67,False,False,4.7101,False,True
統一(母公司/裸名稱) x 統一-城中,統一(母公司/裸名稱),統一-城中,2020-12-02,2911,2020-12-03,in_sample,169.796,4.767,44.88,1.26,8.0,8.16,7.62,8.0556,True,False,-0.695,False,False
統一(母公司/裸名稱) x 統一-城中,統一(母公司/裸名稱),統一-城中,2020-12-08,6411,2020-12-09,in_sample,5358.24,12.0215,458.72,1.0292,98.1,100.5,96.5,104.86,False,False,1.631,False,True
統一(母公司/裸名稱) x 統一-城中,統一(母公司/裸名稱),統一-城中,2020-12-09,2388,2020-12-10,in_sample,1113.15,1.6882,825.36,1.2517,53.3,55.8,53.3,58.506,False,False,0.0,False,False
統一(母公司/裸名稱) x 統一-城中,統一(母公司/裸名稱),統一-城中,2020-12-09,2436,2020-12-10,in_sample,540.675,0.8767,408.51,0.6624,41.0,41.9,41.5,43.169,False,False,-1.2195,False,False
統一(母公司/裸名稱) x 統一-城中,統一(母公司/裸名稱),統一-城中,2020-12-10,2028,2020-12-11,in_sample,461.02,5.546,1018.16,12.2483,18.55,19.55,19.55,19.159,True,False,-3.283,False,False
統一(母公司/裸名稱) x 統一-城中,統一(母公司/裸名稱),統一-城中,2020-12-11,3206,2020-12-14,in_sample,450.8,0.9107,1376.55,2.7809,40.2,40.2,38.2,43.365,False,False,4.9751,False,True
統一(母公司/裸名稱) x 統一-城中,統一(母公司/裸名稱),統一-城中,2020-12-16,1608,2020-12-17,in_sample,4028.25,13.0534,589.5,1.9103,12.7,12.85,12.35,14.112,False,False,2.7559,False,True
統一(母公司/裸名稱) x 統一-城中,統一(母公司/裸名稱),統一-城中,2020-12-17,3444,2020-12-18,in_sample,464.035,4.6934,141.895,1.4352,40.3,41.95,39.0,41.307,True,False,-2.4988,False,False
統一(母公司/裸名稱) x 統一-城中,統一(母公司/裸名稱),統一-城中,2020-12-23,2022,2020-12-24,in_sample,461.66,2.5723,241.9,1.3478,8.4,8.85,8.37,8.8298,True,False,-5.1167,False,False
統一(母公司/裸名稱) x 統一-城中,統一(母公司/裸名稱),統一-城中,2020-12-23,6477,2020-12-24,in_sample,2453.36,1.5996,876.2,0.5713,68.4,74.1,72.6,72.618,True,False,-6.1667,False,False
統一(母公司/裸名稱) x 統一-城中,統一(母公司/裸名稱),統一-城中,2020-12-24,1457,2020-12-25,in_sample,422.82,1.3759,555.66,1.8081,16.5,16.95,15.8,17.444,False,False,4.2424,False,True
統一(母公司/裸名稱) x 統一-城中,統一(母公司/裸名稱),統一-城中,2020-12-25,2201,2020-12-28,in_sample,3936.695,4.2976,1539.375,1.6805,42.8,44.75,43.5,44.247,True,False,-3.3808,False,False
統一(母公司/裸名稱) x 統一-城中,統一(母公司/裸名稱),統一-城中,2020-12-28,2601,2020-12-29,in_sample,4001.38,4.8749,2598.36,3.1656,12.2,12.85,12.0,12.691,True,False,-4.0246,False,False
統一(母公司/裸名稱) x 統一-城中,統一(母公司/裸名稱),統一-城中,2020-12-29,2609,2020-12-30,in_sample,6428.16,0.7392,3378.69,0.3885,27.3,28.05,27.5,30.037,False,False,-0.7326,False,False
統一(母公司/裸名稱) x 統一-城中,統一(母公司/裸名稱),統一-城中,2020-12-30,6020,2020-12-31,in_sample,221.4,11.4195,82.0,4.2295,16.9,17.0,16.2,17.64,False,False,4.142,False,True
統一(母公司/裸名稱) x 統一-城中,統一(母公司/裸名稱),統一-城中,2020-12-30,6026,2020-12-31,in_sample,685.86,3.6338,448.365,2.3755,10.7,10.85,10.25,11.466,False,False,4.2056,False,True
統一(母公司/裸名稱) x 統一-城中,統一(母公司/裸名稱),統一-城中,2021-01-04,2388,2021-01-05,in_sample,446.12,0.8349,311.11,0.5822,59.5,60.5,59.1,63.21,False,False,0.6723,False,True
統一(母公司/裸名稱) x 統一-城中,統一(母公司/裸名稱),統一-城中,2021-01-05,3013,2021-01-06,in_sample,462.68,2.7928,146.2,0.8825,17.4,18.0,15.95,18.522,False,False,8.3333,False,True
統一(母公司/裸名稱) x 統一-城中,統一(母公司/裸名稱),統一-城中,2021-01-07,1533,2021-01-08,in_sample,412.335,6.3746,62.475,0.9659,45.8,45.8,45.8,44.884,True,True,2.0,False,True
統一(母公司/裸名稱) x 統一-城中,統一(母公司/裸名稱),統一-城中,2021-01-13,6237,2021-01-14,in_sample,1935.36,15.4445,161.28,1.287,94.0,98.5,98.5,96.53,True,False,-2.6915,False,False
統一(母公司/裸名稱) x 統一-城中,統一(母公司/裸名稱),統一-城中,2021-01-19,4909,2021-01-20,in_sample,332.84,6.8076,61.48,1.2575,23.3,23.3,23.3,22.834,True,False,2.0,False,True
統一(母公司/裸名稱) x 統一-城中,統一(母公司/裸名稱),統一-城中,2021-01-22,5529,2021-01-25,in_sample,159.6,9.1239,22.8,1.3034,11.6,12.5,12.35,12.25,True,False,-5.6034,False,False
統一(母公司/裸名稱) x 統一-城中,統一(母公司/裸名稱),統一-城中,2021-01-29,3710,2021-02-01,in_sample,3102.45,11.8231,227.55,0.8672,10.2,10.85,10.85,11.956,False,False,-6.3725,False,False
統一(母公司/裸名稱) x 統一-城中,統一(母公司/裸名稱),統一-城中,2021-02-18,5011,2021-02-19,in_sample,433.2,4.9616,72.2,0.8269,36.55,38.8,37.0,38.906,False,False,-1.2312,False,False
統一(母公司/裸名稱) x 統一-城中,統一(母公司/裸名稱),統一-城中,2021-02-19,4564,2021-02-22,in_sample,507.35,3.026,146.0,0.8708,38.3,40.15,40.15,39.347,True,False,-2.7337,False,False
統一(母公司/裸名稱) x 統一-城中,統一(母公司/裸名稱),統一-城中,2021-02-22,3443,2021-02-23,in_sample,11184.0,2.8128,3744.0,0.9416,470.0,476.0,461.0,517.44,False,False,1.9149,False,True
統一(母公司/裸名稱) x 統一-城中,統一(母公司/裸名稱),統一-城中,2021-03-15,2426,2021-03-16,in_sample,3388.32,2.9347,1400.94,1.2134,27.6,28.45,27.9,29.253,False,False,-1.087,False,False
統一(母公司/裸名稱) x 統一-城中,統一(母公司/裸名稱),統一-城中,2021-03-15,2929,2021-03-16,in_sample,481.14,8.4949,78.705,1.3896,16.05,16.3,15.95,15.974,True,False,0.4735,False,True
統一(母公司/裸名稱) x 統一-城中,統一(母公司/裸名稱),統一-城中,2021-03-16,5471,2021-03-17,in_sample,4500.72,1.5424,1490.37,0.5107,99.8,102.5,94.5,106.33,False,False,5.3106,False,True
統一(母公司/裸名稱) x 統一-城中,統一(母公司/裸名稱),統一-城中,2021-03-22,1440,2021-03-23,in_sample,3508.71,5.3539,1464.96,2.2354,16.4,16.5,16.05,17.591,False,False,2.1341,False,True
統一(母公司/裸名稱) x 統一-城中,統一(母公司/裸名稱),統一-城中,2021-03-22,2405,2021-03-23,in_sample,1842.87,5.2556,506.19,1.4436,13.85,14.1,13.1,15.19,False,False,5.4152,False,True
統一(母公司/裸名稱) x 統一-城中,統一(母公司/裸名稱),統一-城中,2021-03-23,1783,2021-03-24,in_sample,462.09,4.8558,1237.515,13.0042,33.15,34.75,34.0,34.104,True,False,-2.8778,False,False
統一(母公司/裸名稱) x 統一-城中,統一(母公司/裸名稱),統一-城中,2021-03-25,1440,2021-03-26,in_sample,974.75,0.8343,1151.5,0.9856,18.35,19.25,19.25,18.865,True,False,-2.8065,False,False
統一(母公司/裸名稱) x 統一-城中,統一(母公司/裸名稱),統一-城中,2021-03-26,1440,2021-03-29,in_sample,3391.85,1.5234,1488.025,0.6683,20.4,20.7,19.25,20.727,False,False,5.6373,False,True
統一(母公司/裸名稱) x 統一-城中,統一(母公司/裸名稱),統一-城中,2021-04-06,1802,2021-04-07,in_sample,2813.44,1.9124,1283.52,0.8724,22.6,23.25,21.8,24.108,False,False,3.5398,False,True
統一(母公司/裸名稱) x 統一-城中,統一(母公司/裸名稱),統一-城中,2021-04-08,2009,2021-04-09,in_sample,356.025,0.6661,1145.625,2.1433,37.0,38.75,36.05,37.975,True,False,-2.6351,False,False
統一(母公司/裸名稱) x 統一-城中,統一(母公司/裸名稱),統一-城中,2021-04-08,4432,2021-04-09,in_sample,434.98,8.3287,27.3,0.5227,18.3,18.65,17.85,19.6,False,False,2.459,False,True
統一(母公司/裸名稱) x 統一-城中,統一(母公司/裸名稱),統一-城中,2021-04-08,6127,2021-04-09,in_sample,244.09,0.3809,218.73,0.3413,33.2,34.0,32.0,34.153,False,False,3.6145,False,True
統一(母公司/裸名稱) x 統一-城中,統一(母公司/裸名稱),統一-城中,2021-04-13,2477,2021-04-14,in_sample,499.745,0.6022,196.75,0.2371,38.6,38.65,37.45,42.385,False,False,2.9793,False,True
統一(母公司/裸名稱) x 統一-城中,統一(母公司/裸名稱),統一-城中,2021-04-15,2028,2021-04-16,in_sample,494.065,0.5355,462.97,0.5018,35.0,38.0,38.0,37.24,True,False,-6.4,False,False
統一(母公司/裸名稱) x 統一-城中,統一(母公司/裸名稱),統一-城中,2021-04-16,2017,2021-04-19,in_sample,464.4,1.3031,348.3,0.9773,21.25,21.25,21.25,20.825,True,False,2.0,False,True
統一(母公司/裸名稱) x 統一-城中,統一(母公司/裸名稱),統一-城中,2021-04-16,2606,2021-04-19,in_sample,2411.09,1.7605,1863.115,1.3604,49.5,52.4,52.4,51.352,True,False,-3.7414,False,False
統一(母公司/裸名稱) x 統一-城中,統一(母公司/裸名稱),統一-城中,2021-04-19,1217,2021-04-20,in_sample,1090.87,3.1789,903.08,2.6317,10.75,10.75,10.3,11.368,False,False,4.186,False,True
統一(母公司/裸名稱) x 統一-城中,統一(母公司/裸名稱),統一-城中,2021-04-19,1304,2021-04-20,in_sample,1457.0,0.7509,1887.125,0.9726,38.8,38.8,37.15,41.748,False,False,4.2526,False,True
統一(母公司/裸名稱) x 統一-城中,統一(母公司/裸名稱),統一-城中,2021-04-19,2023,2021-04-20,in_sample,854.46,0.5224,2020.0,1.2349,20.5,20.6,19.85,21.756,False,False,3.1707,False,True
統一(母公司/裸名稱) x 統一-城中,統一(母公司/裸名稱),統一-城中,2021-04-19,6016,2021-04-20,in_sample,4225.92,4.532,926.28,0.9934,18.95,19.2,18.05,20.041,False,False,4.7493,False,True
統一(母公司/裸名稱) x 統一-城中,統一(母公司/裸名稱),統一-城中,2021-04-21,1217,2021-04-22,in_sample,472.34,1.3707,1017.0,2.9513,11.95,12.4,12.15,12.152,True,False,-1.6904,False,False
統一(母公司/裸名稱) x 統一-城中,統一(母公司/裸名稱),統一-城中,2021-04-23,8016,2021-04-26,in_sample,4830.0,2.6308,1470.0,0.8007,305.0,317.5,317.5,323.4,False,False,-4.0984,False,False
統一(母公司/裸名稱) x 統一-城中,統一(母公司/裸名稱),統一-城中,2021-04-23,8103,2021-04-26,in_sample,2679.96,2.9058,859.335,0.9317,49.05,52.1,49.45,52.332,False,False,-0.8155,False,False
統一(母公司/裸名稱) x 統一-城中,統一(母公司/裸名稱),統一-城中,2021-04-26,2636,2021-04-27,in_sample,3056.13,6.4983,2141.37,4.5532,69.2,72.0,69.3,74.676,False,False,-0.1445,False,False
統一(母公司/裸名稱) x 統一-城中,統一(母公司/裸名稱),統一-城中,2021-04-26,4967,2021-04-27,in_sample,3351.69,1.5583,1271.1,0.591,68.6,73.0,68.5,72.03,True,False,-5.0,False,False
統一(母公司/裸名稱) x 統一-城中,統一(母公司/裸名稱),統一-城中,2021-04-26,6438,2021-04-27,in_sample,629.2,1.022,931.7,1.5133,119.0,119.5,115.5,130.34,False,False,2.9412,False,True
統一(母公司/裸名稱) x 統一-城中,統一(母公司/裸名稱),統一-城中,2021-04-28,1220,2021-04-29,in_sample,1514.32,10.8654,355.12,2.548,19.4,20.2,18.9,19.796,True,False,-2.0412,False,False
統一(母公司/裸名稱) x 統一-城中,統一(母公司/裸名稱),統一-城中,2021-04-28,1409,2021-04-29,in_sample,7958.145,3.1092,3179.41,1.2422,24.9,25.5,24.15,25.921,False,False,3.012,False,True
統一(母公司/裸名稱) x 統一-城中,統一(母公司/裸名稱),統一-城中,2021-04-28,1447,2021-04-29,in_sample,2100.67,2.1939,1149.72,1.2007,14.95,15.3,14.05,15.386,False,False,6.0201,False,True
統一(母公司/裸名稱) x 統一-城中,統一(母公司/裸名稱),統一-城中,2021-04-28,1718,2021-04-29,in_sample,1846.23,0.9697,1837.62,0.9651,13.0,13.5,12.9,13.23,True,False,-1.7692,False,False
統一(母公司/裸名稱) x 統一-城中,統一(母公司/裸名稱),統一-城中,2021-04-28,1815,2021-04-29,in_sample,2908.95,1.6783,2330.6,1.3446,21.8,22.45,20.6,23.177,False,False,5.5046,False,True
統一(母公司/裸名稱) x 統一-城中,統一(母公司/裸名稱),統一-城中,2021-04-28,3035,2021-04-29,in_sample,6929.16,1.9298,3769.68,1.0498,69.8,74.5,74.5,73.01,True,False,-4.5989,False,False
統一(母公司/裸名稱) x 統一-城中,統一(母公司/裸名稱),統一-城中,2021-04-29,2023,2021-05-03,in_sample,9563.19,2.9564,2669.1,0.8251,22.8,23.85,23.85,23.373,True,False,-2.5132,False,False
統一(母公司/裸名稱) x 統一-城中,統一(母公司/裸名稱),統一-城中,2021-04-29,3041,2021-05-03,in_sample,1204.0,3.1488,798.0,2.087,34.9,34.9,31.5,37.73,False,False,9.7421,False,True
統一(母公司/裸名稱) x 統一-城中,統一(母公司/裸名稱),統一-城中,2021-05-07,6491,2021-05-10,in_sample,2310.0,5.3198,1062.6,2.4471,462.0,497.5,483.0,497.84,False,False,-4.5455,False,False
統一(母公司/裸名稱) x 統一-城中,統一(母公司/裸名稱),統一-城中,2021-05-10,2020,2021-05-11,in_sample,1210.55,1.4141,2250.6,2.6291,34.45,37.5,37.5,36.75,True,False,-6.6763,False,False
統一(母公司/裸名稱) x 統一-城中,統一(母公司/裸名稱),統一-城中,2021-05-10,2465,2021-05-11,in_sample,29.82,0.5094,14.91,0.2547,54.6,54.6,54.5,53.508,True,False,2.0,False,True
統一(母公司/裸名稱) x 統一-城中,統一(母公司/裸名稱),統一-城中,2021-05-10,6015,2021-05-11,in_sample,3345.355,3.1562,1510.34,1.425,24.55,26.4,24.55,25.921,True,False,-5.5845,False,False
統一(母公司/裸名稱) x 統一-城中,統一(母公司/裸名稱),統一-城中,2021-05-13,2417,2021-05-14,in_sample,101.16,0.4135,101.16,0.4135,46.0,46.0,44.05,45.423,True,False,1.2543,False,True
統一(母公司/裸名稱) x 統一-城中,統一(母公司/裸名稱),統一-城中,2021-05-13,2614,2021-05-14,in_sample,500.71,2.4718,5461.12,26.9589,16.45,17.3,16.75,17.346,False,False,-1.8237,False,False
統一(母公司/裸名稱) x 統一-城中,統一(母公司/裸名稱),統一-城中,2021-05-14,1455,2021-05-17,in_sample,6220.275,3.1739,1187.22,0.6058,19.0,20.35,18.95,22.687,False,False,0.2632,False,True
統一(母公司/裸名稱) x 統一-城中,統一(母公司/裸名稱),統一-城中,2021-05-18,3587,2021-05-19,in_sample,286.25,3.1992,57.25,0.6398,116.0,118.0,116.0,122.99,False,False,0.0,False,False
統一(母公司/裸名稱) x 統一-城中,統一(母公司/裸名稱),統一-城中,2021-05-21,1452,2021-05-24,in_sample,490.59,2.7923,263.07,1.4973,24.0,26.05,26.05,25.529,True,False,-6.3708,False,False
統一(母公司/裸名稱) x 統一-城中,統一(母公司/裸名稱),統一-城中,2021-05-24,2607,2021-05-25,in_sample,3360.375,2.94,5400.525,4.725,22.3,23.45,21.9,23.422,True,False,-5.0314,False,False
統一(母公司/裸名稱) x 統一-城中,統一(母公司/裸名稱),統一-城中,2021-05-24,3374,2021-05-25,in_sample,3200.05,1.3712,1463.7,0.6272,148.5,152.0,146.5,154.35,False,False,1.3468,False,True
統一(母公司/裸名稱) x 統一-城中,統一(母公司/裸名稱),統一-城中,2021-05-24,6547,2021-05-25,in_sample,1744.6,0.9118,1863.55,0.974,398.5,398.5,380.0,427.28,False,False,4.6424,False,True
統一(母公司/裸名稱) x 統一-城中,統一(母公司/裸名稱),統一-城中,2021-05-26,2390,2021-05-27,in_sample,1523.57,0.9608,712.84,0.4496,25.45,27.6,27.6,27.048,True,False,-6.279,False,False
統一(母公司/裸名稱) x 統一-城中,統一(母公司/裸名稱),統一-城中,2021-05-28,4919,2021-05-31,in_sample,3738.24,0.5796,4601.52,0.7135,82.3,86.6,81.9,85.358,True,False,-3.7157,False,False
統一(母公司/裸名稱) x 統一-城中,統一(母公司/裸名稱),統一-城中,2021-06-01,2028,2021-06-02,in_sample,656.91,0.5954,429.83,0.3896,44.3,44.6,44.6,43.708,True,False,1.3363,False,True
統一(母公司/裸名稱) x 統一-城中,統一(母公司/裸名稱),統一-城中,2021-06-01,2038,2021-06-02,in_sample,2879.415,0.7835,1258.965,0.3426,43.3,45.7,45.7,44.786,True,False,-3.4319,False,False
統一(母公司/裸名稱) x 統一-城中,統一(母公司/裸名稱),統一-城中,2021-06-01,2929,2021-06-02,in_sample,249.55,3.7128,333.27,4.9583,17.7,17.7,17.7,17.346,True,True,2.0,False,True
統一(母公司/裸名稱) x 統一-城中,統一(母公司/裸名稱),統一-城中,2021-06-02,1907,2021-06-03,in_sample,2756.3,1.1825,2429.5,1.0423,44.25,47.3,47.3,46.354,True,False,-4.7548,False,False
統一(母公司/裸名稱) x 統一-城中,統一(母公司/裸名稱),統一-城中,2021-06-02,2030,2021-06-03,in_sample,1642.915,1.7901,877.44,0.956,22.8,22.85,22.6,24.598,False,False,0.8772,False,True
統一(母公司/裸名稱) x 統一-城中,統一(母公司/裸名稱),統一-城中,2021-06-02,4121,2021-06-03,in_sample,196.91,0.2407,1358.0,1.6603,34.9,35.6,34.55,36.554,False,False,1.0029,False,True
統一(母公司/裸名稱) x 統一-城中,統一(母公司/裸名稱),統一-城中,2021-06-03,4133,2021-06-04,in_sample,1138.86,1.9328,273.06,0.4634,67.8,71.9,68.0,71.736,True,False,-5.8053,False,False
統一(母公司/裸名稱) x 統一-城中,統一(母公司/裸名稱),統一-城中,2021-06-07,6494,2021-06-08,in_sample,1772.25,1.8013,637.5,0.6479,130.0,139.0,125.5,137.2,True,False,-5.5385,False,False
統一(母公司/裸名稱) x 統一-城中,統一(母公司/裸名稱),統一-城中,2021-06-08,3339,2021-06-09,in_sample,663.3,13.8619,99.0,2.0689,18.65,21.75,21.75,21.315,True,False,-14.2895,False,False
統一(母公司/裸名稱) x 統一-城中,統一(母公司/裸名稱),統一-城中,2021-06-09,2614,2021-06-10,in_sample,1196.1,0.9068,3993.645,3.0278,24.2,24.35,23.35,23.863,True,False,1.3926,False,True
統一(母公司/裸名稱) x 統一-城中,統一(母公司/裸名稱),統一-城中,2021-06-11,2615,2021-06-15,in_sample,17659.4,4.3069,3996.05,0.9746,182.0,191.5,191.5,187.67,True,False,-3.1154,False,False
統一(母公司/裸名稱) x 統一-城中,統一(母公司/裸名稱),統一-城中,2021-06-15,2038,2021-06-16,in_sample,2251.38,4.7141,923.16,1.933,47.0,48.45,46.5,50.764,False,False,1.0638,False,True
統一(母公司/裸名稱) x 統一-城中,統一(母公司/裸名稱),統一-城中,2021-06-15,5603,2021-06-16,in_sample,3946.26,20.4718,683.575,3.5461,37.6,40.35,36.6,39.788,True,False,-5.8191,False,False
統一(母公司/裸名稱) x 統一-城中,統一(母公司/裸名稱),統一-城中,2021-06-18,2601,2021-06-21,in_sample,13470.915,5.8297,5891.445,2.5496,16.4,17.4,17.4,17.052,True,False,-3.9756,False,False
統一(母公司/裸名稱) x 統一-城中,統一(母公司/裸名稱),統一-城中,2021-06-18,2617,2021-06-21,in_sample,4235.73,2.2162,969.06,0.507,56.0,57.3,57.3,56.154,True,False,-0.275,False,False
統一(母公司/裸名稱) x 統一-城中,統一(母公司/裸名稱),統一-城中,2021-06-18,5243,2021-06-21,in_sample,902.88,0.7147,930.24,0.7364,68.2,74.5,71.1,73.696,True,False,-8.0587,False,False
統一(母公司/裸名稱) x 統一-城中,統一(母公司/裸名稱),統一-城中,2021-06-18,5607,2021-06-21,in_sample,590.59,0.6488,751.66,0.8258,39.0,42.15,41.2,41.307,True,False,-5.9154,False,False
統一(母公司/裸名稱) x 統一-城中,統一(母公司/裸名稱),統一-城中,2021-06-18,5609,2021-06-21,in_sample,9108.3,1.2901,1556.85,0.2205,147.0,158.5,149.5,156.8,True,False,-6.6667,False,False
統一(母公司/裸名稱) x 統一-城中,統一(母公司/裸名稱),統一-城中,2021-06-21,2211,2021-06-22,in_sample,1023.12,2.909,511.56,1.4545,66.0,66.9,66.9,65.562,True,False,0.6636,False,True
統一(母公司/裸名稱) x 統一-城中,統一(母公司/裸名稱),統一-城中,2021-06-21,2617,2021-06-22,in_sample,1529.91,1.1465,704.79,0.5281,63.0,63.0,62.1,61.74,True,False,2.0,False,True
統一(母公司/裸名稱) x 統一-城中,統一(母公司/裸名稱),統一-城中,2021-06-22,1608,2021-06-23,in_sample,634.14,0.7734,257.45,0.314,28.0,28.35,26.15,29.204,False,False,6.6071,False,True
統一(母公司/裸名稱) x 統一-城中,統一(母公司/裸名稱),統一-城中,2021-06-22,2038,2021-06-23,in_sample,2899.19,1.3965,1156.19,0.5569,61.5,63.6,52.3,62.622,True,False,-1.8244,False,False
統一(母公司/裸名稱) x 統一-城中,統一(母公司/裸名稱),統一-城中,2021-06-22,2605,2021-06-23,in_sample,3706.71,0.9046,2928.66,0.7148,39.9,40.4,37.55,42.973,False,False,5.8897,False,True
統一(母公司/裸名稱) x 統一-城中,統一(母公司/裸名稱),統一-城中,2021-06-23,6411,2021-06-24,in_sample,5084.85,2.9112,3110.0,1.7806,157.5,157.5,155.0,167.58,False,False,1.5873,False,True
統一(母公司/裸名稱) x 統一-城中,統一(母公司/裸名稱),統一-城中,2021-06-24,3211,2021-06-25,in_sample,858.75,0.967,870.2,0.9799,115.0,115.0,112.5,122.99,False,False,2.1739,False,True
統一(母公司/裸名稱) x 統一-城中,統一(母公司/裸名稱),統一-城中,2021-06-25,2457,2021-06-28,in_sample,1719.36,1.2342,967.14,0.6943,41.0,41.75,39.75,42.875,False,False,3.0488,False,True
統一(母公司/裸名稱) x 統一-城中,統一(母公司/裸名稱),統一-城中,2021-06-25,3141,2021-06-28,in_sample,1776.0,1.1185,2120.1,1.3352,112.5,119.5,116.5,119.56,False,False,-3.5556,False,False
統一(母公司/裸名稱) x 統一-城中,統一(母公司/裸名稱),統一-城中,2021-06-28,2605,2021-06-29,in_sample,7674.62,4.5408,2649.69,1.5677,51.8,53.6,51.9,53.704,False,False,-0.1931,False,False
統一(母公司/裸名稱) x 統一-城中,統一(母公司/裸名稱),統一-城中,2021-06-28,5529,2021-06-29,in_sample,204.0,10.1053,66.0,3.2694,21.7,21.95,20.1,21.56,True,False,0.6452,False,True
統一(母公司/裸名稱) x 統一-城中,統一(母公司/裸名稱),統一-城中,2021-07-02,6224,2021-07-05,in_sample,1790.7,1.6712,1410.0,1.3159,147.5,155.0,155.0,151.9,True,False,-2.9831,False,False
統一(母公司/裸名稱) x 統一-城中,統一(母公司/裸名稱),統一-城中,2021-07-05,2388,2021-07-06,in_sample,1921.92,1.1193,1541.28,0.8976,63.1,63.8,58.6,67.228,False,False,7.1315,False,True
統一(母公司/裸名稱) x 統一-城中,統一(母公司/裸名稱),統一-城中,2021-07-05,2497,2021-07-06,in_sample,349.44,4.0338,215.04,2.4824,40.8,41.95,39.1,41.356,True,False,-1.3627,False,False
統一(母公司/裸名稱) x 統一-城中,統一(母公司/裸名稱),統一-城中,2021-07-05,5309,2021-07-06,in_sample,736.32,2.8114,287.625,1.0982,38.7,41.25,38.45,41.307,False,False,0.646,False,True
統一(母公司/裸名稱) x 統一-城中,統一(母公司/裸名稱),統一-城中,2021-07-06,5608,2021-07-07,in_sample,1018.71,1.4442,1455.3,2.0631,71.8,76.2,71.1,74.676,True,False,-4.0056,False,False
統一(母公司/裸名稱) x 統一-城中,統一(母公司/裸名稱),統一-城中,2021-07-08,3605,2021-07-09,in_sample,938.88,1.0956,1336.32,1.5594,56.1,60.5,59.3,62.034,False,False,-5.7041,False,False
統一(母公司/裸名稱) x 統一-城中,統一(母公司/裸名稱),統一-城中,2021-07-12,2030,2021-07-13,in_sample,1986.655,1.7417,1114.465,0.977,43.6,43.6,39.65,47.481,False,False,9.0596,False,True
統一(母公司/裸名稱) x 統一-城中,統一(母公司/裸名稱),統一-城中,2021-07-12,2340,2021-07-13,in_sample,1137.96,0.5221,964.65,0.4426,32.75,32.9,30.6,35.231,False,False,6.5649,False,True
統一(母公司/裸名稱) x 統一-城中,統一(母公司/裸名稱),統一-城中,2021-07-12,2363,2021-07-13,in_sample,8341.56,3.564,1432.165,0.6119,25.3,26.6,24.5,26.558,True,False,-4.9723,False,False
統一(母公司/裸名稱) x 統一-城中,統一(母公司/裸名稱),統一-城中,2021-07-13,4919,2021-07-14,in_sample,3911.4,0.9733,3210.3,0.7988,128.0,131.0,124.5,132.3,False,False,2.7344,False,True
統一(母公司/裸名稱) x 統一-城中,統一(母公司/裸名稱),統一-城中,2021-07-15,2022,2021-07-16,in_sample,721.16,0.7728,791.34,0.848,23.5,24.8,23.1,26.068,False,False,1.7021,False,True
統一(母公司/裸名稱) x 統一-城中,統一(母公司/裸名稱),統一-城中,2021-07-15,2030,2021-07-16,in_sample,2131.275,3.6295,1464.025,2.4932,39.25,42.3,40.55,42.287,True,False,-7.7376,False,False
統一(母公司/裸名稱) x 統一-城中,統一(母公司/裸名稱),統一-城中,2021-07-15,2606,2021-07-16,in_sample,8328.53,1.2497,3672.83,0.5511,72.0,76.0,71.0,79.576,False,False,1.3889,False,True
統一(母公司/裸名稱) x 統一-城中,統一(母公司/裸名稱),統一-城中,2021-07-15,3588,2021-07-16,in_sample,1066.5,1.0271,746.55,0.7189,116.0,127.0,120.0,127.4,False,False,-3.4483,False,False
統一(母公司/裸名稱) x 統一-城中,統一(母公司/裸名稱),統一-城中,2021-07-16,6202,2021-07-19,in_sample,5115.0,2.7619,2213.75,1.1953,144.5,149.5,142.0,147.98,True,False,-2.4083,False,False
統一(母公司/裸名稱) x 統一-城中,統一(母公司/裸名稱),統一-城中,2021-07-19,3556,2021-07-20,in_sample,2261.07,3.1643,803.16,1.124,86.3,95.3,90.7,94.08,True,False,-9.0151,False,False
統一(母公司/裸名稱) x 統一-城中,統一(母公司/裸名稱),統一-城中,2021-07-19,9962,2021-07-20,in_sample,805.6,1.423,4114.92,7.2684,21.5,23.3,23.3,22.834,True,False,-6.2047,False,False
統一(母公司/裸名稱) x 統一-城中,統一(母公司/裸名稱),統一-城中,2021-07-20,3587,2021-07-21,in_sample,5647.1,5.0223,1698.6,1.5107,154.5,155.0,143.5,160.23,False,False,7.1197,False,True
統一(母公司/裸名稱) x 統一-城中,統一(母公司/裸名稱),統一-城中,2021-07-20,4945,2021-07-21,in_sample,173.52,1.0683,137.37,0.8458,75.0,79.5,79.5,77.91,True,False,-3.88,False,False
統一(母公司/裸名稱) x 統一-城中,統一(母公司/裸名稱),統一-城中,2021-07-26,6158,2021-07-27,in_sample,530.09,11.9563,174.46,3.935,34.0,35.15,33.1,36.162,False,False,2.6471,False,True
統一(母公司/裸名稱) x 統一-城中,統一(母公司/裸名稱),統一-城中,2021-08-05,6728,2021-08-06,in_sample,175.34,16.2655,47.82,4.436,86.4,87.6,87.6,85.848,True,False,0.6389,False,True
統一(母公司/裸名稱) x 統一-城中,統一(母公司/裸名稱),統一-城中,2021-08-05,8420,2021-08-06,in_sample,146.2,12.2149,40.205,3.3591,40.2,40.2,40.2,39.396,True,False,2.0,False,True
統一(母公司/裸名稱) x 統一-城中,統一(母公司/裸名稱),統一-城中,2021-08-06,6728,2021-08-09,in_sample,113.88,1.8501,131.4,2.1348,88.4,90.1,86.1,94.374,False,False,2.6018,False,True
統一(母公司/裸名稱) x 統一-城中,統一(母公司/裸名稱),統一-城中,2021-08-09,5609,2021-08-10,in_sample,2820.2,1.2776,1156.4,0.5239,119.0,119.5,110.5,126.91,False,False,7.1429,False,True
統一(母公司/裸名稱) x 統一-城中,統一(母公司/裸名稱),統一-城中,2021-08-18,4721,2021-08-19,in_sample,1519.6,0.18,1856.0,0.2198,115.0,127.5,127.5,124.95,True,False,-8.6522,False,False
統一(母公司/裸名稱) x 統一-城中,統一(母公司/裸名稱),統一-城中,2021-08-18,8367,2021-08-19,in_sample,340.55,0.2805,222.4,0.1832,70.5,76.0,73.4,74.872,True,False,-6.2014,False,False
統一(母公司/裸名稱) x 統一-城中,統一(母公司/裸名稱),統一-城中,2021-08-24,2314,2021-08-25,in_sample,5858.75,4.7904,1084.55,0.8868,54.9,59.5,57.6,58.702,True,False,-6.9253,False,False
統一(母公司/裸名稱) x 統一-城中,統一(母公司/裸名稱),統一-城中,2021-08-24,3527,2021-08-25,in_sample,1344.6,1.9646,747.0,1.0914,253.0,268.0,265.0,268.03,False,False,-4.7431,False,False
統一(母公司/裸名稱) x 統一-城中,統一(母公司/裸名稱),統一-城中,2021-08-25,2614,2021-08-26,in_sample,1837.5,1.683,371.175,0.34,40.0,40.0,35.7,39.592,True,False,1.02,False,True
統一(母公司/裸名稱) x 統一-城中,統一(母公司/裸名稱),統一-城中,2021-08-25,3016,2021-08-26,in_sample,726.8,0.8906,432.4,0.5298,94.7,94.8,90.4,98.98,False,False,4.5407,False,True
統一(母公司/裸名稱) x 統一-城中,統一(母公司/裸名稱),統一-城中,2021-08-30,6465,2021-08-31,in_sample,10.275,0.8972,20.55,1.7944,22.6,22.6,21.2,22.148,True,False,2.0,False,True
統一(母公司/裸名稱) x 統一-城中,統一(母公司/裸名稱),統一-城中,2021-08-30,9105,2021-08-31,in_sample,1364.305,10.2978,418.555,3.1592,4.96,4.98,4.89,5.2234,False,False,1.4113,False,True
統一(母公司/裸名稱) x 統一-城中,統一(母公司/裸名稱),統一-城中,2021-09-03,6494,2021-09-06,in_sample,1186.8,0.7096,997.6,0.5965,173.0,173.0,171.5,185.22,False,False,0.8671,False,True
統一(母公司/裸名稱) x 統一-城中,統一(母公司/裸名稱),統一-城中,2021-09-09,2243,2021-09-10,in_sample,18.36,0.6701,30.6,1.1168,16.3,16.4,14.9,16.464,False,False,8.589,False,True
統一(母公司/裸名稱) x 統一-城中,統一(母公司/裸名稱),統一-城中,2021-09-14,4711,2021-09-15,in_sample,93.06,0.5476,82.485,0.4853,22.15,23.25,23.25,22.785,True,False,-2.8668,False,False
統一(母公司/裸名稱) x 統一-城中,統一(母公司/裸名稱),統一-城中,2021-09-15,1721,2021-09-16,in_sample,87.78,0.9346,311.41,3.3157,10.75,11.45,11.45,11.221,True,False,-4.3814,False,False
統一(母公司/裸名稱) x 統一-城中,統一(母公司/裸名稱),統一-城中,2021-09-17,2371,2021-09-22,in_sample,4856.36,0.9256,2895.78,0.5519,33.25,34.6,31.65,35.966,False,False,4.812,False,True
統一(母公司/裸名稱) x 統一-城中,統一(母公司/裸名稱),統一-城中,2021-09-30,3691,2021-10-01,in_sample,2831.0,4.8763,798.0,1.3745,190.0,204.5,185.5,204.82,False,False,2.3684,False,True
統一(母公司/裸名稱) x 統一-城中,統一(母公司/裸名稱),統一-城中,2021-10-06,2440,2021-10-07,in_sample,149.875,6.9024,39.875,1.8364,13.8,15.1,15.1,14.798,True,False,-7.2319,False,False
統一(母公司/裸名稱) x 統一-城中,統一(母公司/裸名稱),統一-城中,2021-10-15,6506,2021-10-18,in_sample,147.325,2.4166,49.8,0.8169,22.8,22.8,22.8,22.344,True,True,2.0,False,True
統一(母公司/裸名稱) x 統一-城中,統一(母公司/裸名稱),統一-城中,2021-10-19,6138,2021-10-20,in_sample,1200.5,1.0702,857.5,0.7644,171.0,180.0,179.0,184.73,False,False,-4.6784,False,False
統一(母公司/裸名稱) x 統一-城中,統一(母公司/裸名稱),統一-城中,2021-10-22,6485,2021-10-25,in_sample,2384.2,1.9548,1048.0,0.8592,131.5,132.5,128.0,141.12,False,False,2.6616,False,True
統一(母公司/裸名稱) x 統一-城中,統一(母公司/裸名稱),統一-城中,2021-10-27,2312,2021-10-28,in_sample,6045.875,6.7329,610.5,0.6799,13.8,13.9,12.85,14.798,False,False,6.8841,False,True
統一(母公司/裸名稱) x 統一-城中,統一(母公司/裸名稱),統一-城中,2021-10-28,5258,2021-10-29,in_sample,1589.94,4.2321,657.0,1.7488,33.95,35.7,35.0,35.378,True,False,-4.2062,False,False
統一(母公司/裸名稱) x 統一-城中,統一(母公司/裸名稱),統一-城中,2021-10-29,4739,2021-11-01,in_sample,2966.95,0.5101,3944.5,0.6781,174.0,176.5,171.0,184.73,False,False,1.7241,False,True
統一(母公司/裸名稱) x 統一-城中,統一(母公司/裸名稱),統一-城中,2021-11-12,5371,2021-11-15,in_sample,6458.87,2.6839,1124.72,0.4674,85.6,90.9,90.9,89.082,True,False,-4.0678,False,False
統一(母公司/裸名稱) x 統一-城中,統一(母公司/裸名稱),統一-城中,2021-11-15,8040,2021-11-16,in_sample,2335.21,1.134,916.55,0.4451,80.8,87.6,82.8,85.848,True,False,-6.2475,False,False
統一(母公司/裸名稱) x 統一-城中,統一(母公司/裸名稱),統一-城中,2021-11-15,8358,2021-11-16,in_sample,3423.12,1.1276,1719.95,0.5666,84.9,87.8,80.5,90.356,False,False,5.1826,False,True
統一(母公司/裸名稱) x 統一-城中,統一(母公司/裸名稱),統一-城中,2021-11-17,8182,2021-11-18,in_sample,1571.22,2.0019,304.5,0.388,62.8,64.5,60.0,65.562,False,False,4.4586,False,True
統一(母公司/裸名稱) x 統一-城中,統一(母公司/裸名稱),統一-城中,2021-11-22,6284,2021-11-23,in_sample,572.46,0.6146,447.44,0.4804,64.6,68.5,64.3,70.854,False,False,0.4644,False,True
統一(母公司/裸名稱) x 統一-城中,統一(母公司/裸名稱),統一-城中,2021-12-15,5475,2021-12-16,in_sample,3150.99,5.8857,1354.725,2.5305,34.2,36.75,35.7,36.015,True,False,-5.307,False,False
統一(母公司/裸名稱) x 統一-城中,統一(母公司/裸名稱),統一-城中,2021-12-16,6698,2021-12-17,in_sample,1075.4,5.226,90.56,0.4401,54.9,56.6,56.6,60.956,False,False,-3.0965,False,False
統一(母公司/裸名稱) x 統一-城中,統一(母公司/裸名稱),統一-城中,2021-12-17,1732,2021-12-20,in_sample,397.76,0.8377,478.72,1.0082,33.1,34.0,32.5,37.926,False,False,1.8127,False,True
統一(母公司/裸名稱) x 統一-城中,統一(母公司/裸名稱),統一-城中,2021-12-24,2461,2021-12-27,in_sample,2973.3,4.8493,311.1,0.5074,25.5,26.5,26.45,27.489,False,False,-3.7255,False,False
統一(母公司/裸名稱) x 統一-城中,統一(母公司/裸名稱),統一-城中,2022-01-03,6432,2022-01-04,in_sample,399.03,5.456,80.655,1.1028,42.6,45.45,42.0,45.717,False,False,1.4085,False,True
統一(母公司/裸名稱) x 統一-城中,統一(母公司/裸名稱),統一-城中,2022-01-03,8450,2022-01-04,in_sample,153.63,0.6748,295.88,1.2997,59.0,62.5,62.5,61.25,True,False,-3.8136,False,False
統一(母公司/裸名稱) x 統一-城中,統一(母公司/裸名稱),統一-城中,2022-01-07,8446,2022-01-10,in_sample,3011.67,10.4597,186.39,0.6473,98.5,98.5,91.5,105.35,False,False,7.1066,False,True
統一(母公司/裸名稱) x 統一-城中,統一(母公司/裸名稱),統一-城中,2022-01-13,2897,2022-01-14,in_sample,3570.084,5.3882,498.13,0.7518,9.05,9.75,9.0,9.849,False,False,0.5525,False,True
統一(母公司/裸名稱) x 統一-城中,統一(母公司/裸名稱),統一-城中,2022-01-14,6465,2022-01-17,in_sample,223.06,4.8639,41.09,0.896,32.25,32.25,32.25,31.605,True,False,2.0,False,True
統一(母公司/裸名稱) x 統一-城中,統一(母公司/裸名稱),統一-城中,2022-01-19,5227,2022-01-20,in_sample,1407.32,5.0172,372.8,1.3291,97.6,99.9,96.2,100.45,False,False,1.4344,False,True
統一(母公司/裸名稱) x 統一-城中,統一(母公司/裸名稱),統一-城中,2022-02-07,8440,2022-02-08,in_sample,404.985,3.7111,76.125,0.6976,32.5,33.45,33.45,32.781,True,False,-0.8646,False,False
統一(母公司/裸名稱) x 統一-城中,統一(母公司/裸名稱),統一-城中,2022-02-18,2641,2022-02-21,in_sample,383.6,0.723,813.78,1.5337,27.3,29.35,27.1,29.498,False,False,0.7326,False,True
統一(母公司/裸名稱) x 統一-城中,統一(母公司/裸名稱),統一-城中,2022-02-18,5608,2022-02-21,in_sample,336.68,0.2044,372.12,0.2259,45.6,47.4,43.8,47.726,False,False,3.9474,False,True
統一(母公司/裸名稱) x 統一-城中,統一(母公司/裸名稱),統一-城中,2022-03-02,2613,2022-03-03,in_sample,1759.51,8.9926,115.665,0.5911,36.55,38.55,38.55,37.779,True,False,-3.3625,False,False
統一(母公司/裸名稱) x 統一-城中,統一(母公司/裸名稱),統一-城中,2022-03-03,4755,2022-03-04,in_sample,969.0,0.6381,791.35,0.5211,162.0,164.0,153.0,173.95,False,False,5.5556,False,True
統一(母公司/裸名稱) x 統一-城中,統一(母公司/裸名稱),統一-城中,2022-03-07,2032,2022-03-08,in_sample,678.72,0.7384,638.4,0.6945,35.7,36.6,31.5,36.211,True,False,-1.4314,False,False
統一(母公司/裸名稱) x 統一-城中,統一(母公司/裸名稱),統一-城中,2022-03-09,2607,2022-03-10,in_sample,8278.32,1.6183,1676.88,0.3278,42.0,43.95,41.75,43.953,False,False,0.5952,False,True
統一(母公司/裸名稱) x 統一-城中,統一(母公司/裸名稱),統一-城中,2022-03-10,2906,2022-03-11,in_sample,459.69,0.9447,203.28,0.4178,23.1,25.0,25.0,24.892,True,False,-7.7576,False,False
統一(母公司/裸名稱) x 統一-城中,統一(母公司/裸名稱),統一-城中,2022-03-11,4804,2022-03-14,in_sample,377.245,12.0174,29.26,0.9321,11.0,11.45,11.45,11.221,True,False,-2.0091,False,False
統一(母公司/裸名稱) x 統一-城中,統一(母公司/裸名稱),統一-城中,2022-03-17,3532,2022-03-18,in_sample,5325.6,2.1406,1775.2,0.7135,317.0,348.5,347.5,341.53,True,False,-7.7382,False,False
統一(母公司/裸名稱) x 統一-城中,統一(母公司/裸名稱),統一-城中,2022-03-22,1708,2022-03-23,in_sample,1813.185,0.5933,714.285,0.2337,50.5,51.0,50.6,53.802,False,False,-0.198,False,False
統一(母公司/裸名稱) x 統一-城中,統一(母公司/裸名稱),統一-城中,2022-03-23,3066,2022-03-24,in_sample,103.07,0.7994,98.385,0.7631,48.2,48.2,44.0,50.47,False,False,8.7137,False,True
統一(母公司/裸名稱) x 統一-城中,統一(母公司/裸名稱),統一-城中,2022-03-30,1732,2022-03-31,in_sample,486.735,0.5534,670.905,0.7628,44.45,48.2,48.05,47.236,True,False,-6.2677,False,False
統一(母公司/裸名稱) x 統一-城中,統一(母公司/裸名稱),統一-城中,2022-03-30,3149,2022-03-31,in_sample,474.3,14.2506,35.7,1.0726,27.4,27.9,27.45,27.489,True,False,-0.3248,False,False
統一(母公司/裸名稱) x 統一-城中,統一(母公司/裸名稱),統一-城中,2022-04-08,4755,2022-04-11,in_sample,2458.3,1.0726,1209.0,0.5275,204.5,211.5,193.0,217.07,False,False,5.6235,False,True
統一(母公司/裸名稱) x 統一-城中,統一(母公司/裸名稱),統一-城中,2022-04-11,1712,2022-04-12,in_sample,2593.415,1.7263,587.48,0.3911,38.2,39.5,36.7,41.65,False,False,3.9267,False,True
統一(母公司/裸名稱) x 統一-城中,統一(母公司/裸名稱),統一-城中,2022-04-12,3552,2022-04-13,in_sample,534.6,0.4125,729.0,0.5624,167.0,169.5,168.0,174.44,False,False,-0.5988,False,False
統一(母公司/裸名稱) x 統一-城中,統一(母公司/裸名稱),統一-城中,2022-04-12,6578,2022-04-13,in_sample,252.54,1.9652,57.96,0.451,20.8,21.45,20.15,22.295,False,False,3.125,False,True
統一(母公司/裸名稱) x 統一-城中,統一(母公司/裸名稱),統一-城中,2022-04-13,3558,2022-04-14,in_sample,4908.6,3.1858,1090.8,0.7079,204.0,208.0,190.5,217.56,False,False,6.6176,False,True
統一(母公司/裸名稱) x 統一-城中,統一(母公司/裸名稱),統一-城中,2022-04-14,6235,2022-04-15,in_sample,2276.1,1.1905,1095.9,0.5732,41.85,43.95,41.75,45.423,False,False,0.2389,False,True
統一(母公司/裸名稱) x 統一-城中,統一(母公司/裸名稱),統一-城中,2022-04-18,4130,2022-04-19,in_sample,279.77,2.678,235.45,2.2537,28.95,29.5,28.5,29.841,False,False,1.5544,False,True
統一(母公司/裸名稱) x 統一-城中,統一(母公司/裸名稱),統一-城中,2022-04-21,6535,2022-04-22,in_sample,1824.28,12.0667,1263.855,8.3598,39.85,42.45,39.45,41.65,True,False,-4.5169,False,False
統一(母公司/裸名稱) x 統一-城中,統一(母公司/裸名稱),統一-城中,2022-04-22,1717,2022-04-25,in_sample,364.05,0.2835,570.345,0.4442,42.15,43.15,39.4,43.561,False,False,6.5243,False,True
統一(母公司/裸名稱) x 統一-城中,統一(母公司/裸名稱),統一-城中,2022-04-22,2607,2022-04-25,in_sample,8270.95,1.7548,3469.4,0.7361,40.7,40.95,37.45,44.737,False,False,7.9853,False,True
統一(母公司/裸名稱) x 統一-城中,統一(母公司/裸名稱),統一-城中,2022-04-22,2608,2022-04-25,in_sample,1080.435,1.4368,828.495,1.1018,50.0,53.0,45.2,52.136,True,False,-4.272,False,False
統一(母公司/裸名稱) x 統一-城中,統一(母公司/裸名稱),統一-城中,2022-04-22,2611,2022-04-25,in_sample,3537.6,3.4457,608.36,0.5926,26.5,26.55,24.4,28.861,False,False,7.9245,False,True
統一(母公司/裸名稱) x 統一-城中,統一(母公司/裸名稱),統一-城中,2022-04-22,4173,2022-04-25,in_sample,788.9,3.5993,225.4,1.0284,23.1,24.45,21.1,24.794,False,False,8.658,False,True
統一(母公司/裸名稱) x 統一-城中,統一(母公司/裸名稱),統一-城中,2022-04-27,3558,2022-04-28,in_sample,4972.05,1.6377,1981.2,0.6526,195.0,206.0,200.0,205.31,True,False,-5.2872,False,False
統一(母公司/裸名稱) x 統一-城中,統一(母公司/裸名稱),統一-城中,2022-05-05,3665,2022-05-06,in_sample,8944.0,3.5424,1995.2,0.7902,331.5,340.5,335.0,370.44,False,False,-1.0558,False,False
統一(母公司/裸名稱) x 統一-城中,統一(母公司/裸名稱),統一-城中,2022-05-05,6446,2022-05-06,in_sample,3749.6,3.3313,1100.8,0.978,340.0,370.0,363.5,370.44,False,False,-6.9118,False,False
統一(母公司/裸名稱) x 統一-城中,統一(母公司/裸名稱),統一-城中,2022-05-17,3141,2022-05-18,in_sample,1415.4,0.6561,1314.3,0.6092,175.0,175.0,168.0,181.3,False,False,4.0,False,True
統一(母公司/裸名稱) x 統一-城中,統一(母公司/裸名稱),統一-城中,2022-05-17,3265,2022-05-18,in_sample,1138.8,1.3746,468.0,0.5649,51.6,52.5,51.1,56.056,False,False,0.969,False,True
統一(母公司/裸名稱) x 統一-城中,統一(母公司/裸名稱),統一-城中,2022-05-17,3558,2022-05-18,in_sample,3751.65,1.2658,1210.85,0.4085,205.0,205.0,202.5,213.64,False,False,1.2195,False,True
統一(母公司/裸名稱) x 統一-城中,統一(母公司/裸名稱),統一-城中,2022-05-24,1539,2022-05-25,in_sample,237.055,2.0693,117.225,1.0233,27.65,28.1,27.15,28.077,True,False,-1.5443,False,False
統一(母公司/裸名稱) x 統一-城中,統一(母公司/裸名稱),統一-城中,2022-05-25,3149,2022-05-26,in_sample,245.49,3.2165,115.23,1.5098,23.85,24.0,22.65,26.999,False,False,5.0314,False,True
統一(母公司/裸名稱) x 統一-城中,統一(母公司/裸名稱),統一-城中,2022-05-26,1541,2022-05-27,in_sample,1478.7,10.3038,47.7,0.3324,52.0,55.9,53.0,57.134,False,False,-1.9231,False,False
統一(母公司/裸名稱) x 統一-城中,統一(母公司/裸名稱),統一-城中,2022-05-26,2364,2022-05-27,in_sample,288.42,11.0167,48.07,1.8361,27.7,27.8,27.8,27.244,True,False,1.6462,False,True
統一(母公司/裸名稱) x 統一-城中,統一(母公司/裸名稱),統一-城中,2022-05-30,3021,2022-05-31,in_sample,209.15,15.5294,97.9,7.2691,22.25,22.3,21.5,23.961,False,False,3.3708,False,True
統一(母公司/裸名稱) x 統一-城中,統一(母公司/裸名稱),統一-城中,2022-05-30,3708,2022-05-31,in_sample,2936.25,4.7221,796.05,1.2802,131.5,133.0,131.0,140.63,False,False,0.3802,False,True
統一(母公司/裸名稱) x 統一-城中,統一(母公司/裸名稱),統一-城中,2022-05-31,2340,2022-06-01,in_sample,5221.14,1.8266,1156.9,0.4047,50.0,51.2,50.0,54.194,False,False,0.0,False,False
統一(母公司/裸名稱) x 統一-城中,統一(母公司/裸名稱),統一-城中,2022-06-01,2230,2022-06-02,in_sample,449.44,5.1884,99.64,1.1503,21.8,22.85,21.05,22.834,True,False,-4.7431,False,False
統一(母公司/裸名稱) x 統一-城中,統一(母公司/裸名稱),統一-城中,2022-06-01,2444,2022-06-02,in_sample,433.68,13.2892,105.64,3.2371,13.8,14.2,13.85,14.945,False,False,-0.3623,False,False
統一(母公司/裸名稱) x 統一-城中,統一(母公司/裸名稱),統一-城中,2022-06-01,3558,2022-06-02,in_sample,5057.6,2.5495,2114.6,1.066,217.0,220.5,217.0,234.71,False,False,0.0,False,False
統一(母公司/裸名稱) x 統一-城中,統一(母公司/裸名稱),統一-城中,2022-06-01,6266,2022-06-02,in_sample,652.455,4.7397,292.665,2.1261,27.8,28.5,26.0,28.91,False,False,6.4748,False,True
統一(母公司/裸名稱) x 統一-城中,統一(母公司/裸名稱),統一-城中,2022-06-02,1541,2022-06-06,in_sample,1655.5,10.9626,198.0,1.3111,57.0,60.4,58.1,59.29,True,False,-4.0175,False,False
統一(母公司/裸名稱) x 統一-城中,統一(母公司/裸名稱),統一-城中,2022-06-02,4543,2022-06-06,in_sample,674.05,9.0115,209.95,2.8069,23.3,24.3,24.3,23.814,True,False,-2.206,False,False
統一(母公司/裸名稱) x 統一-城中,統一(母公司/裸名稱),統一-城中,2022-06-06,3441,2022-06-07,in_sample,950.6,10.8553,380.24,4.3421,39.0,40.6,38.4,41.797,False,False,1.5385,False,True
統一(母公司/裸名稱) x 統一-城中,統一(母公司/裸名稱),統一-城中,2022-06-06,4543,2022-06-07,in_sample,354.78,2.3371,201.69,1.3286,25.3,26.7,24.65,26.166,True,False,-3.4229,False,False
統一(母公司/裸名稱) x 統一-城中,統一(母公司/裸名稱),統一-城中,2022-06-07,4768,2022-06-08,in_sample,2484.9,15.9548,301.2,1.9339,127.0,133.5,133.5,135.24,False,False,-5.1181,False,False
統一(母公司/裸名稱) x 統一-城中,統一(母公司/裸名稱),統一-城中,2022-06-07,6174,2022-06-08,in_sample,1641.335,17.1013,567.2,5.9097,36.1,36.2,33.0,38.171,False,False,8.5873,False,True
統一(母公司/裸名稱) x 統一-城中,統一(母公司/裸名稱),統一-城中,2022-06-10,6167,2022-06-13,in_sample,634.725,5.7367,249.705,2.2568,13.4,13.7,13.35,14.994,False,False,0.3731,False,True
統一(母公司/裸名稱) x 統一-城中,統一(母公司/裸名稱),統一-城中,2022-06-13,4543,2022-06-14,in_sample,591.6,5.0713,247.35,2.1203,26.5,27.2,23.35,27.489,False,False,11.8868,False,True
統一(母公司/裸名稱) x 統一-城中,統一(母公司/裸名稱),統一-城中,2022-06-13,8114,2022-06-14,in_sample,3654.0,2.9341,1400.0,1.1242,139.0,141.5,137.0,150.92,False,False,1.4388,False,True
統一(母公司/裸名稱) x 統一-城中,統一(母公司/裸名稱),統一-城中,2022-06-15,5426,2022-06-16,in_sample,262.4,12.7761,183.04,8.9121,13.45,14.0,12.3,13.769,True,False,-2.3717,False,False
統一(母公司/裸名稱) x 統一-城中,統一(母公司/裸名稱),統一-城中,2022-06-16,2364,2022-06-17,in_sample,123.66,9.8407,123.66,9.8407,33.3,33.55,31.25,36.995,False,False,6.1562,False,True
統一(母公司/裸名稱) x 統一-城中,統一(母公司/裸名稱),統一-城中,2022-06-16,2444,2022-06-17,in_sample,1237.5,19.2932,246.125,3.8372,12.8,13.7,13.45,14.798,False,False,-5.0781,False,False
統一(母公司/裸名稱) x 統一-城中,統一(母公司/裸名稱),統一-城中,2022-06-16,6114,2022-06-17,in_sample,637.14,5.6375,229.6,2.0315,28.7,31.55,31.55,30.919,True,False,-7.7317,False,False
統一(母公司/裸名稱) x 統一-城中,統一(母公司/裸名稱),統一-城中,2022-06-16,8421,2022-06-17,in_sample,662.48,8.1625,242.06,2.9825,18.65,20.0,20.0,19.6,True,False,-5.0938,False,False
統一(母公司/裸名稱) x 統一-城中,統一(母公司/裸名稱),統一-城中,2022-06-24,8478,2022-06-27,in_sample,1607.85,1.1349,1171.15,0.8267,202.5,207.0,197.5,213.64,False,False,2.4691,False,True
統一(母公司/裸名稱) x 統一-城中,統一(母公司/裸名稱),統一-城中,2022-06-27,8028,2022-06-28,in_sample,4277.88,3.3225,1188.3,0.9229,69.3,71.8,71.4,75.264,False,False,-3.0303,False,False
統一(母公司/裸名稱) x 統一-城中,統一(母公司/裸名稱),統一-城中,2022-07-05,1218,2022-07-06,in_sample,222.3,0.5318,198.36,0.4746,33.45,34.55,34.55,36.848,False,False,-3.2885,False,False
統一(母公司/裸名稱) x 統一-城中,統一(母公司/裸名稱),統一-城中,2022-07-05,2498,2022-07-06,in_sample,3599.51,0.4358,1596.41,0.1933,63.0,63.0,56.9,65.366,False,False,9.6825,False,True
統一(母公司/裸名稱) x 統一-城中,統一(母公司/裸名稱),統一-城中,2022-07-06,6160,2022-07-07,in_sample,104.37,11.3391,7.35,0.7985,15.65,16.15,16.15,15.827,True,False,-1.131,False,False
統一(母公司/裸名稱) x 統一-城中,統一(母公司/裸名稱),統一-城中,2022-07-07,3047,2022-07-08,in_sample,269.24,1.9361,125.73,0.9041,12.75,13.15,12.75,13.671,False,False,0.0,False,False
統一(母公司/裸名稱) x 統一-城中,統一(母公司/裸名稱),統一-城中,2022-07-07,3491,2022-07-08,in_sample,1501.2,1.7364,806.2,0.9325,144.0,152.5,152.5,149.45,True,False,-3.7847,False,False
統一(母公司/裸名稱) x 統一-城中,統一(母公司/裸名稱),統一-城中,2022-07-07,3504,2022-07-08,in_sample,1232.45,1.7119,596.6,0.8287,82.1,86.3,86.3,84.574,True,False,-3.0134,False,False
統一(母公司/裸名稱) x 統一-城中,統一(母公司/裸名稱),統一-城中,2022-07-14,2419,2022-07-15,in_sample,361.35,0.5119,707.85,1.0028,25.0,25.7,25.0,26.656,False,False,0.0,False,False
統一(母公司/裸名稱) x 統一-城中,統一(母公司/裸名稱),統一-城中,2022-07-14,8454,2022-07-15,in_sample,450.0,0.5893,150.0,0.1964,753.0,780.0,758.0,808.5,False,False,-0.664,False,False
統一(母公司/裸名稱) x 統一-城中,統一(母公司/裸名稱),統一-城中,2022-07-15,1560,2022-07-18,in_sample,3652.05,1.0901,2720.85,0.8121,147.0,152.5,148.5,156.8,False,False,-1.0204,False,False
統一(母公司/裸名稱) x 統一-城中,統一(母公司/裸名稱),統一-城中,2022-07-18,2745,2022-07-19,in_sample,189.6,12.811,39.5,2.669,42.5,43.45,43.45,42.581,True,False,-0.1906,False,False
統一(母公司/裸名稱) x 統一-城中,統一(母公司/裸名稱),統一-城中,2022-07-18,5706,2022-07-19,in_sample,444.88,1.3451,664.0,2.0076,69.6,72.2,68.5,71.54,True,False,-2.7874,False,False
統一(母公司/裸名稱) x 統一-城中,統一(母公司/裸名稱),統一-城中,2022-07-27,2482,2022-07-28,in_sample,235.75,0.3241,284.625,0.3913,29.0,29.95,28.4,30.968,False,False,2.069,False,True
統一(母公司/裸名稱) x 統一-城中,統一(母公司/裸名稱),統一-城中,2022-07-27,3680,2022-07-28,in_sample,670.6,0.7505,574.8,0.6433,244.5,248.0,237.5,257.74,False,False,2.863,False,True
統一(母公司/裸名稱) x 統一-城中,統一(母公司/裸名稱),統一-城中,2022-08-01,3147,2022-08-02,in_sample,541.835,7.7961,383.6,5.5194,47.0,49.55,49.1,51.646,False,False,-4.4681,False,False
統一(母公司/裸名稱) x 統一-城中,統一(母公司/裸名稱),統一-城中,2022-08-09,2314,2022-08-10,in_sample,2523.5,2.6699,597.4,0.6321,52.3,53.4,51.4,55.468,False,False,1.7208,False,True
統一(母公司/裸名稱) x 統一-城中,統一(母公司/裸名稱),統一-城中,2022-08-11,6221,2022-08-12,in_sample,237.6,8.691,29.7,1.0864,62.4,63.0,57.8,63.994,False,False,7.3718,False,True
統一(母公司/裸名稱) x 統一-城中,統一(母公司/裸名稱),統一-城中,2022-08-12,6643,2022-08-15,in_sample,5429.25,9.3641,476.25,0.8214,324.5,348.0,343.0,342.02,True,False,-5.3991,False,False
統一(母公司/裸名稱) x 統一-城中,統一(母公司/裸名稱),統一-城中,2022-08-15,1539,2022-08-16,in_sample,2068.29,4.4908,871.22,1.8916,35.8,37.7,37.7,36.946,True,False,-3.2011,False,False
統一(母公司/裸名稱) x 統一-城中,統一(母公司/裸名稱),統一-城中,2022-08-15,8201,2022-08-16,in_sample,354.66,6.9569,350.52,6.8756,13.8,14.4,12.95,14.847,False,False,6.1594,False,True
統一(母公司/裸名稱) x 統一-城中,統一(母公司/裸名稱),統一-城中,2022-08-15,8936,2022-08-16,in_sample,672.36,12.7801,260.755,4.9564,21.65,21.95,21.75,23.226,False,False,-0.4619,False,False
統一(母公司/裸名稱) x 統一-城中,統一(母公司/裸名稱),統一-城中,2022-08-16,3268,2022-08-17,in_sample,320.45,9.5622,120.785,3.6042,24.15,25.6,23.8,26.558,False,False,1.4493,False,True
統一(母公司/裸名稱) x 統一-城中,統一(母公司/裸名稱),統一-城中,2022-08-18,8261,2022-08-19,in_sample,1499.95,0.8133,1270.95,0.6892,116.0,121.5,116.5,122.99,False,False,-0.431,False,False
統一(母公司/裸名稱) x 統一-城中,統一(母公司/裸名稱),統一-城中,2022-08-19,3531,2022-08-22,in_sample,868.5,11.2517,263.445,3.413,31.65,31.8,31.8,31.164,True,False,1.5355,False,True
統一(母公司/裸名稱) x 統一-城中,統一(母公司/裸名稱),統一-城中,2022-08-19,3652,2022-08-22,in_sample,493.35,20.7417,247.94,10.424,25.3,26.5,25.3,27.244,False,False,0.0,False,False
統一(母公司/裸名稱) x 統一-城中,統一(母公司/裸名稱),統一-城中,2022-08-19,3675,2022-08-22,in_sample,1322.35,0.7659,798.4,0.4624,251.0,255.0,237.0,268.52,False,False,5.5777,False,True
統一(母公司/裸名稱) x 統一-城中,統一(母公司/裸名稱),統一-城中,2022-08-19,4114,2022-08-22,in_sample,956.34,0.5596,1315.44,0.7697,39.0,40.7,38.8,40.719,False,False,0.5128,False,True
統一(母公司/裸名稱) x 統一-城中,統一(母公司/裸名稱),統一-城中,2022-08-19,6788,2022-08-22,in_sample,805.8,5.7945,142.2,1.0226,119.0,122.5,118.0,127.4,False,False,0.8403,False,True
統一(母公司/裸名稱) x 統一-城中,統一(母公司/裸名稱),統一-城中,2022-08-23,3128,2022-08-24,in_sample,720.27,9.1202,298.125,3.7749,25.0,25.85,23.0,25.676,True,False,-2.704,False,False
統一(母公司/裸名稱) x 統一-城中,統一(母公司/裸名稱),統一-城中,2022-08-23,3434,2022-08-24,in_sample,755.04,16.4181,299.52,6.513,32.8,34.3,34.3,33.614,True,False,-2.4817,False,False
統一(母公司/裸名稱) x 統一-城中,統一(母公司/裸名稱),統一-城中,2022-08-24,2405,2022-08-25,in_sample,3394.16,7.4533,336.545,0.739,16.4,16.75,15.7,17.15,False,False,4.2683,False,True
統一(母公司/裸名稱) x 統一-城中,統一(母公司/裸名稱),統一-城中,2022-08-24,3434,2022-08-25,in_sample,847.21,3.2047,586.53,2.2186,33.7,33.9,33.5,36.946,False,False,0.5935,False,True
統一(母公司/裸名稱) x 統一-城中,統一(母公司/裸名稱),統一-城中,2022-08-24,5258,2022-08-25,in_sample,5932.8,1.6838,1850.4,0.5252,73.8,79.2,79.2,77.616,True,False,-5.1707,False,False
統一(母公司/裸名稱) x 統一-城中,統一(母公司/裸名稱),統一-城中,2022-08-24,8933,2022-08-25,in_sample,797.64,3.606,312.12,1.4111,15.5,15.6,14.65,15.533,True,False,-0.2129,False,False
統一(母公司/裸名稱) x 統一-城中,統一(母公司/裸名稱),統一-城中,2022-08-25,4432,2022-08-26,in_sample,532.875,3.4891,167.475,1.0966,32.0,33.45,33.45,32.781,True,False,-2.4406,False,False
統一(母公司/裸名稱) x 統一-城中,統一(母公司/裸名稱),統一-城中,2022-08-30,2405,2022-08-31,in_sample,2142.91,5.063,642.39,1.5178,16.1,16.1,15.9,17.346,False,False,1.2422,False,True
統一(母公司/裸名稱) x 統一-城中,統一(母公司/裸名稱),統一-城中,2022-08-30,8996,2022-08-31,in_sample,863.2,0.9119,624.0,0.6592,108.0,114.0,114.0,111.72,True,False,-3.4444,False,False
統一(母公司/裸名稱) x 統一-城中,統一(母公司/裸名稱),統一-城中,2022-08-31,1783,2022-09-01,in_sample,489.06,3.5205,543.4,3.9117,49.75,50.0,46.25,53.214,False,False,7.0352,False,True
統一(母公司/裸名稱) x 統一-城中,統一(母公司/裸名稱),統一-城中,2022-08-31,3105,2022-09-01,in_sample,1981.35,1.4321,1445.85,1.0451,175.5,176.5,167.0,192.08,False,False,4.8433,False,True
統一(母公司/裸名稱) x 統一-城中,統一(母公司/裸名稱),統一-城中,2022-08-31,4133,2022-09-01,in_sample,2020.3,3.0833,263.32,0.4019,46.2,47.5,45.75,48.902,False,False,0.974,False,True
統一(母公司/裸名稱) x 統一-城中,統一(母公司/裸名稱),統一-城中,2022-08-31,6643,2022-09-01,in_sample,1237.6,1.5645,2402.4,3.0369,364.0,373.0,352.0,392.0,False,False,3.2967,False,True
統一(母公司/裸名稱) x 統一-城中,統一(母公司/裸名稱),統一-城中,2022-09-01,3362,2022-09-02,in_sample,304.5,0.289,278.4,0.2643,88.5,89.5,83.0,93.786,False,False,6.2147,False,True
統一(母公司/裸名稱) x 統一-城中,統一(母公司/裸名稱),統一-城中,2022-09-01,4413,2022-09-02,in_sample,478.17,12.182,297.0,7.5664,31.0,31.2,26.75,31.997,False,False,13.7097,False,True
統一(母公司/裸名稱) x 統一-城中,統一(母公司/裸名稱),統一-城中,2022-09-02,6533,2022-09-05,in_sample,2937.6,0.7375,1754.4,0.4404,416.5,419.0,403.0,439.53,False,False,3.2413,False,True
統一(母公司/裸名稱) x 統一-城中,統一(母公司/裸名稱),統一-城中,2022-09-05,1449,2022-09-06,in_sample,442.4,10.1675,467.68,10.7485,16.2,16.75,14.25,17.003,False,False,12.037,False,True
統一(母公司/裸名稱) x 統一-城中,統一(母公司/裸名稱),統一-城中,2022-09-05,4111,2022-09-06,in_sample,546.11,2.5124,304.02,1.3986,28.7,28.7,27.7,30.331,False,False,3.4843,False,True
統一(母公司/裸名稱) x 統一-城中,統一(母公司/裸名稱),統一-城中,2022-09-13,8222,2022-09-14,in_sample,278.685,0.5075,166.085,0.3025,28.05,30.9,29.9,30.331,True,False,-8.1319,False,False
統一(母公司/裸名稱) x 統一-城中,統一(母公司/裸名稱),統一-城中,2022-09-22,4162,2022-09-23,in_sample,2150.8,0.5341,1514.05,0.376,141.5,142.5,128.5,152.39,False,False,9.1873,False,True
統一(母公司/裸名稱) x 統一-城中,統一(母公司/裸名稱),統一-城中,2022-10-04,3558,2022-10-05,in_sample,4662.0,3.3933,1036.0,0.7541,185.0,188.5,178.5,199.43,False,False,3.5135,False,True
統一(母公司/裸名稱) x 統一-城中,統一(母公司/裸名稱),統一-城中,2022-10-14,4919,2022-10-17,in_sample,1759.5,1.501,1003.95,0.8565,99.3,103.0,103.0,111.23,False,False,-3.7261,False,False
統一(母公司/裸名稱) x 統一-城中,統一(母公司/裸名稱),統一-城中,2022-10-17,4961,2022-10-18,in_sample,1419.0,1.3998,860.0,0.8483,111.0,113.0,111.5,115.64,False,False,-0.4505,False,False
統一(母公司/裸名稱) x 統一-城中,統一(母公司/裸名稱),統一-城中,2022-10-28,3443,2022-10-31,in_sample,15714.7,1.8496,4328.6,0.5095,477.0,489.5,487.5,506.66,False,False,-2.2013,False,False
統一(母公司/裸名稱) x 統一-城中,統一(母公司/裸名稱),統一-城中,2022-10-31,6741,2022-11-01,in_sample,183.08,4.4562,39.8,0.9687,78.9,80.0,77.5,85.75,False,False,1.7744,False,True
統一(母公司/裸名稱) x 統一-城中,統一(母公司/裸名稱),統一-城中,2022-10-31,8454,2022-11-01,in_sample,289.5,0.3197,530.75,0.5861,483.5,515.0,489.0,519.4,False,False,-1.1375,False,False
統一(母公司/裸名稱) x 統一-城中,統一(母公司/裸名稱),統一-城中,2022-11-01,5469,2022-11-02,in_sample,148.52,1.2511,347.6,2.9281,31.75,34.3,33.05,34.055,True,False,-7.2598,False,False
統一(母公司/裸名稱) x 統一-城中,統一(母公司/裸名稱),統一-城中,2022-11-01,6472,2022-11-02,in_sample,4809.75,2.5701,1512.5,0.8082,304.5,310.0,310.0,325.85,False,False,-1.8062,False,False
統一(母公司/裸名稱) x 統一-城中,統一(母公司/裸名稱),統一-城中,2022-11-03,2468,2022-11-04,in_sample,56.175,0.3951,155.15,1.0913,27.8,28.0,26.4,28.812,False,False,5.036,False,True
統一(母公司/裸名稱) x 統一-城中,統一(母公司/裸名稱),統一-城中,2022-11-04,4923,2022-11-07,in_sample,55.77,1.7304,50.7,1.5731,49.5,49.9,48.75,54.586,False,False,1.5152,False,True
統一(母公司/裸名稱) x 統一-城中,統一(母公司/裸名稱),統一-城中,2022-11-07,2641,2022-11-08,in_sample,240.9,2.757,61.05,0.6987,18.05,18.05,17.5,17.787,True,False,1.4571,False,True
統一(母公司/裸名稱) x 統一-城中,統一(母公司/裸名稱),統一-城中,2022-11-07,5351,2022-11-08,in_sample,608.175,1.1339,562.275,1.0483,38.75,40.5,37.55,41.209,False,False,3.0968,False,True
統一(母公司/裸名稱) x 統一-城中,統一(母公司/裸名稱),統一-城中,2022-11-09,3694,2022-11-10,in_sample,130.5,2.099,47.85,0.7696,22.5,22.65,21.35,23.422,False,False,5.1111,False,True
統一(母公司/裸名稱) x 統一-城中,統一(母公司/裸名稱),統一-城中,2022-11-16,3176,2022-11-17,in_sample,156.52,5.2742,72.8,2.4531,35.15,35.55,35.5,39.2,False,False,-0.9957,False,False
統一(母公司/裸名稱) x 統一-城中,統一(母公司/裸名稱),統一-城中,2022-11-17,1760,2022-11-18,in_sample,10915.8,2.3688,1529.5,0.3319,163.0,176.5,174.0,173.46,True,False,-6.4172,False,False
統一(母公司/裸名稱) x 統一-城中,統一(母公司/裸名稱),統一-城中,2022-11-17,3356,2022-11-18,in_sample,949.025,0.6775,472.175,0.3371,45.75,46.3,45.15,50.372,False,False,1.3115,False,True
統一(母公司/裸名稱) x 統一-城中,統一(母公司/裸名稱),統一-城中,2022-11-22,1584,2022-11-23,in_sample,345.84,1.8841,235.8,1.2846,21.6,21.6,21.6,21.168,True,False,2.0,False,True
統一(母公司/裸名稱) x 統一-城中,統一(母公司/裸名稱),統一-城中,2022-11-22,8222,2022-11-23,in_sample,1041.51,6.1996,192.21,1.1441,24.2,24.55,24.55,24.059,True,False,0.5826,False,True
統一(母公司/裸名稱) x 統一-城中,統一(母公司/裸名稱),統一-城中,2022-11-30,3508,2022-12-01,in_sample,382.525,2.9415,303.875,2.3367,37.8,39.3,39.3,38.514,True,False,-1.8889,False,False
統一(母公司/裸名稱) x 統一-城中,統一(母公司/裸名稱),統一-城中,2022-12-01,2323,2022-12-02,in_sample,493.288,2.6502,169.42,0.9102,7.88,8.06,7.93,8.4868,False,False,-0.6345,False,False
統一(母公司/裸名稱) x 統一-城中,統一(母公司/裸名稱),統一-城中,2022-12-01,3356,2022-12-02,in_sample,541.68,0.4313,434.32,0.3458,49.0,50.3,47.05,52.528,False,False,3.9796,False,True
統一(母公司/裸名稱) x 統一-城中,統一(母公司/裸名稱),統一-城中,2022-12-01,5603,2022-12-02,in_sample,320.1,3.8172,210.975,2.5159,23.5,23.8,23.4,26.117,False,False,0.4255,False,True
統一(母公司/裸名稱) x 統一-城中,統一(母公司/裸名稱),統一-城中,2022-12-01,6234,2022-12-02,in_sample,194.465,1.669,220.685,1.894,23.4,23.45,22.15,23.52,False,False,5.3419,False,True
統一(母公司/裸名稱) x 統一-城中,統一(母公司/裸名稱),統一-城中,2022-12-01,6568,2022-12-02,in_sample,352.0,2.0789,192.0,1.1339,163.5,176.0,176.0,172.48,True,False,-5.4924,False,False
統一(母公司/裸名稱) x 統一-城中,統一(母公司/裸名稱),統一-城中,2022-12-01,6589,2022-12-02,in_sample,3105.0,0.8848,2625.0,0.748,149.5,159.0,151.0,161.7,False,False,-1.0033,False,False
統一(母公司/裸名稱) x 統一-城中,統一(母公司/裸名稱),統一-城中,2022-12-02,6129,2022-12-05,in_sample,398.49,0.5229,707.23,0.9281,36.5,37.0,34.8,38.661,False,False,4.6575,False,True
統一(母公司/裸名稱) x 統一-城中,統一(母公司/裸名稱),統一-城中,2022-12-06,1519,2022-12-07,in_sample,1280.81,1.662,418.82,0.5435,48.8,50.8,49.65,52.43,False,False,-1.7418,False,False
統一(母公司/裸名稱) x 統一-城中,統一(母公司/裸名稱),統一-城中,2022-12-08,4728,2022-12-09,in_sample,659.1,3.2783,219.7,1.0928,170.0,170.0,160.0,181.79,False,False,5.8824,False,True
統一(母公司/裸名稱) x 統一-城中,統一(母公司/裸名稱),統一-城中,2022-12-08,4770,2022-12-09,in_sample,1977.8,1.9469,1295.8,1.2756,347.0,356.0,330.0,367.5,False,False,4.8991,False,True
統一(母公司/裸名稱) x 統一-城中,統一(母公司/裸名稱),統一-城中,2022-12-09,3558,2022-12-12,in_sample,15626.25,5.4153,2361.3,0.8183,233.5,241.0,237.0,249.41,False,False,-1.4989,False,False
統一(母公司/裸名稱) x 統一-城中,統一(母公司/裸名稱),統一-城中,2022-12-09,3686,2022-12-12,in_sample,203.77,9.8344,198.03,9.5573,15.5,15.75,15.75,15.435,True,False,0.4194,False,True
統一(母公司/裸名稱) x 統一-城中,統一(母公司/裸名稱),統一-城中,2022-12-12,3494,2022-12-13,in_sample,982.8,14.0622,98.4,1.4079,12.15,12.95,12.9,12.936,True,False,-6.4691,False,False
統一(母公司/裸名稱) x 統一-城中,統一(母公司/裸名稱),統一-城中,2022-12-12,4167,2022-12-13,in_sample,431.585,1.9185,196.175,0.872,22.7,22.7,22.7,22.246,True,False,2.0,False,True
統一(母公司/裸名稱) x 統一-城中,統一(母公司/裸名稱),統一-城中,2022-12-13,2028,2022-12-14,in_sample,314.72,1.7248,196.7,1.078,27.85,27.85,26.4,30.282,False,False,5.2065,False,True
統一(母公司/裸名稱) x 統一-城中,統一(母公司/裸名稱),統一-城中,2022-12-13,2038,2022-12-14,in_sample,1923.39,9.7063,195.96,0.9889,21.3,21.35,20.5,22.932,False,False,3.7559,False,True
統一(母公司/裸名稱) x 統一-城中,統一(母公司/裸名稱),統一-城中,2022-12-13,2911,2022-12-14,in_sample,113.6,9.9436,34.79,3.0452,7.72,7.81,7.81,7.6538,True,False,0.8575,False,True
統一(母公司/裸名稱) x 統一-城中,統一(母公司/裸名稱),統一-城中,2022-12-13,3373,2022-12-14,in_sample,157.53,11.1308,184.23,13.0173,29.35,29.35,27.4,28.763,True,False,2.0,False,True
統一(母公司/裸名稱) x 統一-城中,統一(母公司/裸名稱),統一-城中,2022-12-13,4116,2022-12-14,in_sample,427.8,0.8644,541.88,1.0949,75.4,75.4,68.3,76.832,False,False,9.4164,False,True
統一(母公司/裸名稱) x 統一-城中,統一(母公司/裸名稱),統一-城中,2022-12-13,4157,2022-12-14,in_sample,441.57,1.3501,217.195,0.6641,17.95,18.25,17.25,19.306,False,False,3.8997,False,True
統一(母公司/裸名稱) x 統一-城中,統一(母公司/裸名稱),統一-城中,2022-12-13,4175,2022-12-14,in_sample,346.92,4.1328,189.98,2.2632,83.0,85.6,81.0,88.984,False,False,2.4096,False,True
統一(母公司/裸名稱) x 統一-城中,統一(母公司/裸名稱),統一-城中,2022-12-14,2911,2022-12-15,in_sample,167.134,5.4693,118.712,3.8847,7.85,8.52,7.75,8.4182,True,False,-7.2382,False,False
統一(母公司/裸名稱) x 統一-城中,統一(母公司/裸名稱),統一-城中,2022-12-14,6806,2022-12-15,in_sample,1611.72,1.5658,968.66,0.9411,80.0,84.0,79.5,87.71,False,False,0.625,False,True
統一(母公司/裸名稱) x 統一-城中,統一(母公司/裸名稱),統一-城中,2022-12-14,8996,2022-12-15,in_sample,3570.0,1.5037,1517.25,0.6391,179.0,182.5,178.5,192.08,False,False,0.2793,False,True
統一(母公司/裸名稱) x 統一-城中,統一(母公司/裸名稱),統一-城中,2022-12-21,1752,2022-12-22,in_sample,3066.58,2.223,845.35,0.6128,60.1,61.1,59.2,62.818,False,False,1.4975,False,True
統一(母公司/裸名稱) x 統一-城中,統一(母公司/裸名稱),統一-城中,2022-12-21,2358,2022-12-22,in_sample,249.0,3.1773,426.0,5.4359,15.0,15.45,15.0,16.17,False,False,0.0,False,False
統一(母公司/裸名稱) x 統一-城中,統一(母公司/裸名稱),統一-城中,2022-12-21,4763,2022-12-22,in_sample,1905.5,2.6484,536.5,0.7457,188.0,189.5,180.0,199.43,False,False,4.2553,False,True
統一(母公司/裸名稱) x 統一-城中,統一(母公司/裸名稱),統一-城中,2022-12-26,4173,2022-12-27,in_sample,223.02,5.3647,99.12,2.3843,21.2,21.9,20.55,22.246,False,False,3.066,False,True
統一(母公司/裸名稱) x 統一-城中,統一(母公司/裸名稱),統一-城中,2023-01-11,6245,2023-01-12,in_sample,2176.86,2.1734,785.26,0.784,100.5,104.0,102.0,106.82,False,False,-1.4925,False,False
統一(母公司/裸名稱) x 統一-城中,統一(母公司/裸名稱),統一-城中,2023-01-30,2415,2023-01-31,in_sample,101.64,6.5668,16.17,1.0447,23.5,24.7,24.35,24.892,False,False,-3.617,False,False
統一(母公司/裸名稱) x 統一-城中,統一(母公司/裸名稱),統一-城中,2023-01-30,6719,2023-01-31,in_sample,28818.9,21.0502,1086.3,0.7935,319.5,322.5,322.0,343.98,False,False,-0.7825,False,False
統一(母公司/裸名稱) x 統一-城中,統一(母公司/裸名稱),統一-城中,2023-02-01,3675,2023-02-02,in_sample,5357.2,3.962,1362.0,1.0073,231.5,247.0,244.0,244.51,True,False,-5.6199,False,False
統一(母公司/裸名稱) x 統一-城中,統一(母公司/裸名稱),統一-城中,2023-02-08,6235,2023-02-09,in_sample,12076.75,4.1393,867.65,0.2974,47.4,50.5,49.75,50.47,True,False,-6.4768,False,False
統一(母公司/裸名稱) x 統一-城中,統一(母公司/裸名稱),統一-城中,2023-02-09,6552,2023-02-10,in_sample,283.32,2.2014,82.635,0.6421,39.35,41.0,39.35,42.385,False,False,0.0,False,False
統一(母公司/裸名稱) x 統一-城中,統一(母公司/裸名稱),統一-城中,2023-02-09,6643,2023-02-10,in_sample,3115.0,0.8032,3177.3,0.8192,623.0,644.0,595.0,671.3,False,False,4.4944,False,True
統一(母公司/裸名稱) x 統一-城中,統一(母公司/裸名稱),統一-城中,2023-02-20,2457,2023-02-21,in_sample,2122.83,1.1378,1205.1,0.6459,47.1,47.65,46.7,49.882,False,False,0.8493,False,True
統一(母公司/裸名稱) x 統一-城中,統一(母公司/裸名稱),統一-城中,2023-02-20,4968,2023-02-21,in_sample,1742.2,1.1694,1109.95,0.745,142.0,147.0,141.5,151.41,False,False,0.3521,False,True
統一(母公司/裸名稱) x 統一-城中,統一(母公司/裸名稱),統一-城中,2023-02-20,6782,2023-02-21,in_sample,981.5,1.5227,868.25,1.347,377.0,387.5,383.5,406.7,False,False,-1.7241,False,False
統一(母公司/裸名稱) x 統一-城中,統一(母公司/裸名稱),統一-城中,2023-02-23,3515,2023-02-24,in_sample,10785.6,9.4277,1142.4,0.9986,170.0,171.0,158.5,180.81,False,False,6.7647,False,True
統一(母公司/裸名稱) x 統一-城中,統一(母公司/裸名稱),統一-城中,2023-03-02,6865,2023-03-03,in_sample,1836.75,32.1795,213.3,3.737,116.5,130.0,129.0,127.4,True,False,-9.3562,False,False
統一(母公司/裸名稱) x 統一-城中,統一(母公司/裸名稱),統一-城中,2023-03-08,3289,2023-03-09,in_sample,6301.68,5.6851,958.32,0.8646,97.3,100.5,94.0,103.88,False,False,3.3916,False,True
統一(母公司/裸名稱) x 統一-城中,統一(母公司/裸名稱),統一-城中,2023-03-08,6841,2023-03-09,in_sample,3430.0,6.6434,1090.25,2.1117,121.5,134.5,134.5,131.81,True,False,-8.4856,False,False
統一(母公司/裸名稱) x 統一-城中,統一(母公司/裸名稱),統一-城中,2023-03-22,8155,2023-03-23,in_sample,2636.1,3.4153,1187.55,1.5386,129.0,132.5,131.5,140.63,False,False,-1.938,False,False
統一(母公司/裸名稱) x 統一-城中,統一(母公司/裸名稱),統一-城中,2023-03-23,6245,2023-03-24,in_sample,711.2,0.4318,1143.0,0.694,130.0,130.5,123.5,136.71,False,False,5.0,False,True
統一(母公司/裸名稱) x 統一-城中,統一(母公司/裸名稱),統一-城中,2023-03-27,6152,2023-03-28,in_sample,200.97,2.6231,294.525,3.8442,11.55,11.55,11.3,12.446,False,False,2.1645,False,True
統一(母公司/裸名稱) x 統一-城中,統一(母公司/裸名稱),統一-城中,2023-03-27,8033,2023-03-28,in_sample,1343.43,1.2089,992.97,0.8936,60.6,60.6,58.5,69.874,False,False,3.4653,False,True
統一(母公司/裸名稱) x 統一-城中,統一(母公司/裸名稱),統一-城中,2023-03-30,6285,2023-03-31,in_sample,3508.65,0.9312,1397.25,0.3708,103.5,104.5,103.5,111.23,False,False,0.0,False,False
統一(母公司/裸名稱) x 統一-城中,統一(母公司/裸名稱),統一-城中,2023-04-07,4153,2023-04-10,in_sample,152.01,0.5689,388.47,1.4539,60.6,60.9,55.8,60.662,True,False,-0.1023,False,False
統一(母公司/裸名稱) x 統一-城中,統一(母公司/裸名稱),統一-城中,2023-04-10,6669,2023-04-11,in_sample,3968.0,0.8099,6324.0,1.2907,1250.0,1255.0,1235.0,1332.8,False,False,1.2,False,True
統一(母公司/裸名稱) x 統一-城中,統一(母公司/裸名稱),統一-城中,2023-04-12,1503,2023-04-13,in_sample,3168.0,1.4827,528.0,0.2471,98.2,98.7,92.0,103.39,False,False,6.3136,False,True
統一(母公司/裸名稱) x 統一-城中,統一(母公司/裸名稱),統一-城中,2023-04-13,1584,2023-04-14,in_sample,720.07,0.3828,686.14,0.3648,38.2,39.55,38.7,40.621,False,False,-1.3089,False,False
統一(母公司/裸名稱) x 統一-城中,統一(母公司/裸名稱),統一-城中,2023-04-14,8996,2023-04-17,in_sample,1562.4,0.8094,1436.4,0.7441,252.0,253.5,241.0,271.46,False,False,4.3651,False,True
統一(母公司/裸名稱) x 統一-城中,統一(母公司/裸名稱),統一-城中,2023-04-17,1809,2023-04-18,in_sample,199.39,0.9074,1190.06,5.4159,16.25,16.65,15.1,16.905,False,False,7.0769,False,True
統一(母公司/裸名稱) x 統一-城中,統一(母公司/裸名稱),統一-城中,2023-04-17,2429,2023-04-18,in_sample,75.43,5.492,293.78,21.3898,21.55,21.6,20.4,21.364,True,False,0.8631,False,True
統一(母公司/裸名稱) x 統一-城中,統一(母公司/裸名稱),統一-城中,2023-04-18,4127,2023-04-19,in_sample,250.25,6.2375,56.0,1.3958,17.05,17.35,16.1,18.865,False,False,5.5718,False,True
統一(母公司/裸名稱) x 統一-城中,統一(母公司/裸名稱),統一-城中,2023-04-18,4979,2023-04-19,in_sample,1012.32,0.8743,1420.8,1.227,61.0,63.6,60.0,63.798,False,False,1.6393,False,True
統一(母公司/裸名稱) x 統一-城中,統一(母公司/裸名稱),統一-城中,2023-04-19,3078,2023-04-20,in_sample,36951.39,28.9516,1065.96,0.8352,58.0,58.8,54.7,61.054,False,False,5.6897,False,True
統一(母公司/裸名稱) x 統一-城中,統一(母公司/裸名稱),統一-城中,2023-04-21,2031,2023-04-24,in_sample,3923.52,2.665,653.92,0.4442,53.0,53.5,49.8,57.722,False,False,6.0377,False,True
統一(母公司/裸名稱) x 統一-城中,統一(母公司/裸名稱),統一-城中,2023-04-27,4572,2023-04-28,in_sample,2283.6,1.3667,899.6,0.5384,175.0,184.0,180.0,186.2,False,False,-2.8571,False,False
統一(母公司/裸名稱) x 統一-城中,統一(母公司/裸名稱),統一-城中,2023-04-27,8222,2023-04-28,in_sample,18825.0,11.7382,818.75,0.5105,65.3,68.7,64.1,67.326,True,False,-3.1026,False,False
統一(母公司/裸名稱) x 統一-城中,統一(母公司/裸名稱),統一-城中,2023-05-08,6112,2023-05-09,in_sample,668.52,0.8982,433.3,0.5822,64.9,65.9,63.1,66.64,False,False,2.7735,False,True
統一(母公司/裸名稱) x 統一-城中,統一(母公司/裸名稱),統一-城中,2023-05-10,6234,2023-05-11,in_sample,16198.6,23.9119,143.28,0.2115,39.7,40.35,37.75,42.875,False,False,4.9118,False,True
統一(母公司/裸名稱) x 統一-城中,統一(母公司/裸名稱),統一-城中,2023-05-16,2734,2023-05-17,in_sample,223.3,1.162,866.25,4.5078,39.0,42.35,42.35,41.503,True,False,-6.4179,False,False
統一(母公司/裸名稱) x 統一-城中,統一(母公司/裸名稱),統一-城中,2023-05-18,1503,2023-05-19,in_sample,4286.45,0.9616,1657.6,0.3718,129.5,137.5,134.5,139.16,False,False,-3.861,False,False
統一(母公司/裸名稱) x 統一-城中,統一(母公司/裸名稱),統一-城中,2023-05-22,2442,2023-05-23,in_sample,256.64,0.563,1656.13,3.6331,20.0,20.4,18.7,21.609,False,False,6.5,False,True
統一(母公司/裸名稱) x 統一-城中,統一(母公司/裸名稱),統一-城中,2023-05-23,5284,2023-05-24,in_sample,703.5,0.4883,854.25,0.593,169.0,177.5,165.0,180.32,False,False,2.3669,False,True
統一(母公司/裸名稱) x 統一-城中,統一(母公司/裸名稱),統一-城中,2023-05-25,2368,2023-05-26,in_sample,27415.5,5.5646,1727.25,0.3506,125.5,127.5,121.5,131.81,False,False,3.1873,False,True
統一(母公司/裸名稱) x 統一-城中,統一(母公司/裸名稱),統一-城中,2023-05-26,6124,2023-05-29,in_sample,111.375,1.1176,47.25,0.4741,35.0,37.1,36.5,36.358,True,False,-3.88,False,False
統一(母公司/裸名稱) x 統一-城中,統一(母公司/裸名稱),統一-城中,2023-05-29,2356,2023-05-30,in_sample,7417.5,3.9421,750.0,0.3986,38.3,39.0,37.7,40.425,False,False,1.5666,False,True
統一(母公司/裸名稱) x 統一-城中,統一(母公司/裸名稱),統一-城中,2023-05-29,3032,2023-05-30,in_sample,2655.24,2.8507,895.23,0.9611,60.7,62.5,55.2,65.562,False,False,9.061,False,True
統一(母公司/裸名稱) x 統一-城中,統一(母公司/裸名稱),統一-城中,2023-05-31,2734,2023-06-01,in_sample,200.595,1.6961,219.255,1.8539,46.8,51.3,51.3,50.274,True,False,-7.4231,False,False
統一(母公司/裸名稱) x 統一-城中,統一(母公司/裸名稱),統一-城中,2023-06-02,2425,2023-06-05,in_sample,7132.32,7.9022,575.31,0.6374,38.5,38.85,38.05,41.062,False,False,1.1688,False,True
統一(母公司/裸名稱) x 統一-城中,統一(母公司/裸名稱),統一-城中,2023-06-02,6160,2023-06-05,in_sample,7497.815,13.5846,344.955,0.625,41.4,41.6,38.0,42.728,False,False,8.2126,False,True
統一(母公司/裸名稱) x 統一-城中,統一(母公司/裸名稱),統一-城中,2023-06-05,2402,2023-06-06,in_sample,13159.85,25.315,181.05,0.3483,35.95,35.95,31.95,38.269,False,False,11.1266,False,True
統一(母公司/裸名稱) x 統一-城中,統一(母公司/裸名稱),統一-城中,2023-06-05,4931,2023-06-06,in_sample,1895.25,2.1607,845.25,0.9636,52.5,52.7,48.55,56.546,False,False,7.5238,False,True
統一(母公司/裸名稱) x 統一-城中,統一(母公司/裸名稱),統一-城中,2023-06-05,8426,2023-06-06,in_sample,440.72,1.6293,306.93,1.1347,80.2,84.5,76.2,84.77,False,False,4.9875,False,True
統一(母公司/裸名稱) x 統一-城中,統一(母公司/裸名稱),統一-城中,2023-06-06,1903,2023-06-07,in_sample,161.205,1.4221,48.85,0.4309,50.5,53.7,53.7,52.626,True,False,-4.2099,False,False
統一(母公司/裸名稱) x 統一-城中,統一(母公司/裸名稱),統一-城中,2023-06-09,3374,2023-06-12,in_sample,21811.2,9.6901,5824.0,2.5874,132.0,137.5,128.0,137.69,False,False,3.0303,False,True
統一(母公司/裸名稱) x 統一-城中,統一(母公司/裸名稱),統一-城中,2023-06-09,6789,2023-06-12,in_sample,2425.5,1.3023,1347.5,0.7235,276.0,286.5,277.0,290.08,False,False,-0.3623,False,False
統一(母公司/裸名稱) x 統一-城中,統一(母公司/裸名稱),統一-城中,2023-06-13,3617,2023-06-14,in_sample,428.4,1.0574,428.4,1.0574,243.5,252.0,227.0,256.27,False,False,6.7762,False,True
統一(母公司/裸名稱) x 統一-城中,統一(母公司/裸名稱),統一-城中,2023-06-13,5703,2023-06-14,in_sample,280.83,5.3217,201.135,3.8115,38.5,39.85,37.8,40.866,False,False,1.8182,False,True
統一(母公司/裸名稱) x 統一-城中,統一(母公司/裸名稱),統一-城中,2023-06-13,6532,2023-06-14,in_sample,318.15,0.593,501.97,0.9356,69.9,70.7,69.3,76.146,False,False,0.8584,False,True
統一(母公司/裸名稱) x 統一-城中,統一(母公司/裸名稱),統一-城中,2023-06-19,2736,2023-06-20,in_sample,12667.2,31.6203,83.52,0.2085,47.95,51.0,51.0,49.98,True,False,-4.2336,False,False
統一(母公司/裸名稱) x 統一-城中,統一(母公司/裸名稱),統一-城中,2023-06-19,6811,2023-06-20,in_sample,575.0,1.7171,425.0,1.2692,254.0,256.0,242.0,269.5,False,False,4.7244,False,True
統一(母公司/裸名稱) x 統一-城中,統一(母公司/裸名稱),統一-城中,2023-06-20,2059,2023-06-21,in_sample,10849.8,6.0317,1977.3,1.0992,557.0,557.0,557.0,545.86,True,False,2.0,False,True
統一(母公司/裸名稱) x 統一-城中,統一(母公司/裸名稱),統一-城中,2023-06-20,2736,2023-06-21,in_sample,7043.1,14.3707,96.9,0.1977,55.6,56.1,52.7,54.978,True,False,1.1187,False,True
統一(母公司/裸名稱) x 統一-城中,統一(母公司/裸名稱),統一-城中,2023-06-21,3032,2023-06-26,in_sample,5487.75,3.9017,1890.0,1.3438,65.0,66.9,60.8,72.716,False,False,6.4615,False,True
統一(母公司/裸名稱) x 統一-城中,統一(母公司/裸名稱),統一-城中,2023-06-21,6203,2023-06-26,in_sample,2083.2,1.8097,1108.8,0.9632,110.0,111.0,103.5,120.54,False,False,5.9091,False,True
統一(母公司/裸名稱) x 統一-城中,統一(母公司/裸名稱),統一-城中,2023-06-26,6188,2023-06-27,in_sample,9739.8,6.4783,912.14,0.6067,78.1,78.4,70.0,83.3,False,False,10.3713,False,True
統一(母公司/裸名稱) x 統一-城中,統一(母公司/裸名稱),統一-城中,2023-06-29,2230,2023-06-30,in_sample,1246.2,3.2153,854.25,2.204,103.0,110.5,110.5,108.29,True,False,-5.1359,False,False
統一(母公司/裸名稱) x 統一-城中,統一(母公司/裸名稱),統一-城中,2023-06-29,6451,2023-06-30,in_sample,3198.0,6.9066,924.96,1.9976,100.0,108.0,108.0,105.84,True,False,-5.84,False,False
統一(母公司/裸名稱) x 統一-城中,統一(母公司/裸名稱),統一-城中,2023-07-03,2421,2023-07-04,in_sample,4518.6,1.5786,1621.8,0.5666,103.0,110.0,108.0,109.76,True,False,-6.5631,False,False
統一(母公司/裸名稱) x 統一-城中,統一(母公司/裸名稱),統一-城中,2023-07-04,3163,2023-07-05,in_sample,2376.27,2.2354,785.32,0.7388,68.7,74.0,72.6,72.912,True,False,-6.131,False,False
統一(母公司/裸名稱) x 統一-城中,統一(母公司/裸名稱),統一-城中,2023-07-04,3363,2023-07-05,in_sample,13416.0,13.3213,853.125,0.8471,50.5,52.4,51.5,52.528,False,False,-1.9802,False,False
統一(母公司/裸名稱) x 統一-城中,統一(母公司/裸名稱),統一-城中,2023-07-04,3583,2023-07-05,in_sample,3729.0,1.5269,1339.05,0.5483,169.5,169.5,160.5,182.28,False,False,5.3097,False,True
統一(母公司/裸名稱) x 統一-城中,統一(母公司/裸名稱),統一-城中,2023-07-05,6138,2023-07-06,in_sample,10400.2,10.9908,1256.4,1.3277,174.5,185.5,171.5,187.67,False,False,1.7192,False,True
統一(母公司/裸名稱) x 統一-城中,統一(母公司/裸名稱),統一-城中,2023-07-06,2340,2023-07-07,in_sample,7940.0,2.9098,1720.0,0.6303,50.0,50.0,47.45,53.9,False,False,5.1,False,True
統一(母公司/裸名稱) x 統一-城中,統一(母公司/裸名稱),統一-城中,2023-07-10,8255,2023-07-11,in_sample,2534.5,2.1366,1184.0,0.9981,183.5,195.0,194.0,199.43,False,False,-5.7221,False,False
統一(母公司/裸名稱) x 統一-城中,統一(母公司/裸名稱),統一-城中,2023-07-11,2481,2023-07-12,in_sample,3570.8,0.9624,2077.7,0.56,79.6,81.6,76.3,85.162,False,False,4.1457,False,True
統一(母公司/裸名稱) x 統一-城中,統一(母公司/裸名稱),統一-城中,2023-07-12,3693,2023-07-13,in_sample,3792.55,1.2305,2253.0,0.731,387.5,401.0,338.0,404.74,False,False,12.7742,False,True
統一(母公司/裸名稱) x 統一-城中,統一(母公司/裸名稱),統一-城中,2023-07-13,2419,2023-07-14,in_sample,22032.99,16.2809,789.025,0.583,45.2,46.9,46.9,45.962,True,False,-1.6858,False,False
統一(母公司/裸名稱) x 統一-城中,統一(母公司/裸名稱),統一-城中,2023-07-14,8936,2023-07-17,in_sample,2284.425,2.2043,937.2,0.9043,40.0,40.6,39.8,42.091,False,False,0.5,False,True
統一(母公司/裸名稱) x 統一-城中,統一(母公司/裸名稱),統一-城中,2023-07-17,3078,2023-07-18,in_sample,4353.72,2.0656,718.32,0.3408,94.5,95.6,78.9,94.374,True,False,0.1333,False,True
統一(母公司/裸名稱) x 統一-城中,統一(母公司/裸名稱),統一-城中,2023-07-19,2059,2023-07-20,in_sample,9101.0,3.1577,2490.8,0.8642,954.0,999.0,947.0,1029.0,False,False,0.7338,False,True
統一(母公司/裸名稱) x 統一-城中,統一(母公司/裸名稱),統一-城中,2023-07-19,4153,2023-07-20,in_sample,324.825,6.7315,45.75,0.9481,48.7,49.55,44.25,49.294,True,False,-1.2197,False,False
統一(母公司/裸名稱) x 統一-城中,統一(母公司/裸名稱),統一-城中,2023-07-21,3017,2023-07-24,in_sample,25526.7,2.7592,4407.0,0.4764,344.0,358.5,344.0,365.05,False,False,0.0,False,False
統一(母公司/裸名稱) x 統一-城中,統一(母公司/裸名稱),統一-城中,2023-07-25,3450,2023-07-26,in_sample,374.88,0.7724,163.68,0.3372,52.1,54.0,48.0,56.84,False,False,7.8695,False,True
統一(母公司/裸名稱) x 統一-城中,統一(母公司/裸名稱),統一-城中,2023-09-19,5211,2023-09-20,in_sample,37.24,1.5605,5.32,0.2229,25.95,26.25,24.65,28.665,False,False,5.0096,False,True
統一(母公司/裸名稱) x 統一-城中,統一(母公司/裸名稱),統一-城中,2023-09-19,8085,2023-09-20,in_sample,209.61,1.7915,411.0,3.5127,40.65,40.85,38.5,44.296,False,False,5.2891,False,True
統一(母公司/裸名稱) x 統一-城中,統一(母公司/裸名稱),統一-城中,2023-09-22,6418,2023-09-25,in_sample,199.2,2.4941,134.46,1.6835,25.6,26.2,24.75,26.803,False,False,3.3203,False,True
統一(母公司/裸名稱) x 統一-城中,統一(母公司/裸名稱),統一-城中,2023-10-02,6117,2023-10-03,in_sample,3275.38,6.2393,2576.52,4.908,44.5,45.5,43.3,45.374,True,False,-1.964,False,False
統一(母公司/裸名稱) x 統一-城中,統一(母公司/裸名稱),統一-城中,2023-10-03,3006,2023-10-04,in_sample,4959.0,2.4687,3816.0,1.8997,87.4,89.4,86.7,97.02,False,False,0.8009,False,True
統一(母公司/裸名稱) x 統一-城中,統一(母公司/裸名稱),統一-城中,2023-10-03,6585,2023-10-04,in_sample,1377.0,3.2501,1147.5,2.7084,127.0,129.5,124.0,137.2,False,False,2.3622,False,True
統一(母公司/裸名稱) x 統一-城中,統一(母公司/裸名稱),統一-城中,2023-10-04,1324,2023-10-05,in_sample,18.915,0.5088,21.825,0.5871,14.95,16.0,16.0,15.68,True,False,-4.8829,False,False
統一(母公司/裸名稱) x 統一-城中,統一(母公司/裸名稱),統一-城中,2023-10-04,3122,2023-10-05,in_sample,445.475,0.3285,1176.4,0.8674,46.5,47.55,45.45,46.599,True,False,-0.2129,False,False
統一(母公司/裸名稱) x 統一-城中,統一(母公司/裸名稱),統一-城中,2023-10-04,3669,2023-10-05,in_sample,1014.21,2.7896,584.1,1.6066,53.5,54.5,53.6,57.232,False,False,-0.1869,False,False
統一(母公司/裸名稱) x 統一-城中,統一(母公司/裸名稱),統一-城中,2023-10-05,3276,2023-10-06,in_sample,497.28,3.2923,301.92,1.9989,23.0,24.3,22.25,23.912,True,False,-3.9652,False,False
統一(母公司/裸名稱) x 統一-城中,統一(母公司/裸名稱),統一-城中,2023-10-05,5272,2023-10-06,in_sample,327.375,1.2551,357.75,1.3716,34.25,34.75,32.8,36.358,False,False,4.2336,False,True
統一(母公司/裸名稱) x 統一-城中,統一(母公司/裸名稱),統一-城中,2023-10-06,1339,2023-10-11,in_sample,795.6,3.4523,384.54,1.6686,69.0,69.8,63.0,71.442,False,False,8.6957,False,True
統一(母公司/裸名稱) x 統一-城中,統一(母公司/裸名稱),統一-城中,2023-10-06,6530,2023-10-11,in_sample,852.72,3.1416,576.84,2.1252,44.05,44.5,38.95,45.031,False,False,11.5778,False,True
統一(母公司/裸名稱) x 統一-城中,統一(母公司/裸名稱),統一-城中,2023-10-06,8227,2023-10-11,in_sample,2513.7,1.7977,1137.15,0.8132,188.0,196.5,188.0,214.62,False,False,0.0,False,False
統一(母公司/裸名稱) x 統一-城中,統一(母公司/裸名稱),統一-城中,2023-10-12,6284,2023-10-13,in_sample,1494.25,2.1117,973.0,1.375,70.1,73.6,68.3,74.872,False,False,2.5678,False,True
統一(母公司/裸名稱) x 統一-城中,統一(母公司/裸名稱),統一-城中,2023-10-12,8227,2023-10-13,in_sample,5327.7,4.6378,1321.6,1.1505,208.0,215.5,214.0,222.46,False,False,-2.8846,False,False
統一(母公司/裸名稱) x 統一-城中,統一(母公司/裸名稱),統一-城中,2023-10-13,4503,2023-10-16,in_sample,1069.2,1.9295,699.6,1.2625,67.4,69.4,65.2,71.148,False,False,3.2641,False,True
統一(母公司/裸名稱) x 統一-城中,統一(母公司/裸名稱),統一-城中,2023-10-13,5215,2023-10-16,in_sample,1005.66,2.5592,692.64,1.7626,67.5,72.8,67.0,71.736,True,False,-6.2756,False,False
統一(母公司/裸名稱) x 統一-城中,統一(母公司/裸名稱),統一-城中,2023-10-17,6168,2023-10-18,in_sample,1647.98,3.0225,917.0,1.6818,26.65,28.4,26.9,28.224,True,False,-5.9062,False,False
統一(母公司/裸名稱) x 統一-城中,統一(母公司/裸名稱),統一-城中,2023-10-18,6530,2023-10-19,in_sample,1053.78,1.4267,753.48,1.0202,55.0,60.0,57.0,58.8,True,False,-6.9091,False,False
統一(母公司/裸名稱) x 統一-城中,統一(母公司/裸名稱),統一-城中,2023-10-19,3122,2023-10-20,in_sample,840.0,2.6673,761.25,2.4172,46.65,47.8,42.3,47.138,True,False,-1.0461,False,False
統一(母公司/裸名稱) x 統一-城中,統一(母公司/裸名稱),統一-城中,2023-10-19,6243,2023-10-20,in_sample,195.39,1.5438,60.12,0.475,52.3,53.0,47.4,53.998,False,False,9.369,False,True
統一(母公司/裸名稱) x 統一-城中,統一(母公司/裸名稱),統一-城中,2023-10-20,2369,2023-10-23,in_sample,1197.55,1.4348,468.7,0.5616,22.75,23.65,23.65,23.177,True,False,-1.8769,False,False
統一(母公司/裸名稱) x 統一-城中,統一(母公司/裸名稱),統一-城中,2023-10-20,5215,2023-10-23,in_sample,1153.4,2.1915,635.1,1.2067,76.0,76.8,74.2,78.694,False,False,2.3684,False,True
統一(母公司/裸名稱) x 統一-城中,統一(母公司/裸名稱),統一-城中,2023-10-23,2369,2023-10-24,in_sample,496.65,0.5782,444.62,0.5176,25.4,25.9,23.55,25.48,True,False,-0.315,False,False
統一(母公司/裸名稱) x 統一-城中,統一(母公司/裸名稱),統一-城中,2023-10-23,8110,2023-10-24,in_sample,3248.2,12.3401,193.7,0.7359,15.8,16.35,16.35,16.023,True,False,-1.4114,False,False
統一(母公司/裸名稱) x 統一-城中,統一(母公司/裸名稱),統一-城中,2023-10-25,6684,2023-10-26,in_sample,495.36,1.523,172.0,0.5288,68.1,74.2,65.1,74.088,True,False,-8.793,False,False
統一(母公司/裸名稱) x 統一-城中,統一(母公司/裸名稱),統一-城中,2023-10-27,6216,2023-10-30,in_sample,902.4,3.6116,443.68,1.7757,40.05,40.1,36.55,40.523,False,False,8.7391,False,True
統一(母公司/裸名稱) x 統一-城中,統一(母公司/裸名稱),統一-城中,2023-10-31,8086,2023-11-01,in_sample,911.25,0.5847,1923.75,1.2343,112.0,114.5,112.5,121.03,False,False,-0.4464,False,False
統一(母公司/裸名稱) x 統一-城中,統一(母公司/裸名稱),統一-城中,2023-11-01,1449,2023-11-02,in_sample,220.46,4.7126,181.2,3.8734,15.3,16.5,16.05,16.268,True,False,-6.3268,False,False
統一(母公司/裸名稱) x 統一-城中,統一(母公司/裸名稱),統一-城中,2023-11-02,8227,2023-11-03,in_sample,719.1,0.8994,1142.1,1.4284,212.5,216.0,202.0,227.85,False,False,4.9412,False,True
統一(母公司/裸名稱) x 統一-城中,統一(母公司/裸名稱),統一-城中,2023-11-06,3548,2023-11-07,in_sample,2533.1,1.6255,1596.2,1.0243,177.0,183.5,180.0,186.69,False,False,-1.6949,False,False
統一(母公司/裸名稱) x 統一-城中,統一(母公司/裸名稱),統一-城中,2023-11-07,6117,2023-11-08,in_sample,2569.85,2.2943,1030.0,0.9195,54.4,54.9,52.1,55.468,False,False,4.2279,False,True
統一(母公司/裸名稱) x 統一-城中,統一(母公司/裸名稱),統一-城中,2023-11-08,3122,2023-11-09,in_sample,1558.11,1.9201,991.98,1.2224,51.7,52.2,47.25,53.998,False,False,8.6074,False,True
統一(母公司/裸名稱) x 統一-城中,統一(母公司/裸名稱),統一-城中,2023-11-14,3276,2023-11-15,in_sample,2481.78,8.5132,409.64,1.4052,28.0,28.6,27.8,28.665,False,False,0.7143,False,True
統一(母公司/裸名稱) x 統一-城中,統一(母公司/裸名稱),統一-城中,2023-11-15,2543,2023-11-16,in_sample,243.32,0.9575,317.975,1.2512,29.9,30.4,30.4,29.792,True,False,0.3612,False,True
統一(母公司/裸名稱) x 統一-城中,統一(母公司/裸名稱),統一-城中,2023-11-15,6667,2023-11-16,in_sample,942.48,1.3505,739.2,1.0592,95.2,97.2,93.0,99.47,False,False,2.3109,False,True
統一(母公司/裸名稱) x 統一-城中,統一(母公司/裸名稱),統一-城中,2023-11-16,6243,2023-11-17,in_sample,980.8,2.281,613.0,1.4256,63.5,67.4,67.4,66.052,True,False,-4.0189,False,False
統一(母公司/裸名稱) x 統一-城中,統一(母公司/裸名稱),統一-城中,2023-11-17,2355,2023-11-20,in_sample,8051.79,4.62,4646.34,2.666,48.5,51.3,51.3,50.274,True,False,-3.6577,False,False
統一(母公司/裸名稱) x 統一-城中,統一(母公司/裸名稱),統一-城中,2023-11-17,2736,2023-11-20,in_sample,1117.225,3.4535,990.495,3.0617,32.6,33.15,31.8,35.917,False,False,2.454,False,True
統一(母公司/裸名稱) x 統一-城中,統一(母公司/裸名稱),統一-城中,2023-11-17,6243,2023-11-20,in_sample,330.26,0.3319,2419.66,2.4316,69.8,72.6,69.9,72.618,False,False,-0.1433,False,False
統一(母公司/裸名稱) x 統一-城中,統一(母公司/裸名稱),統一-城中,2023-11-20,6127,2023-11-21,in_sample,437.315,1.0231,1024.315,2.3963,30.6,30.7,29.35,31.605,False,False,4.085,False,True
統一(母公司/裸名稱) x 統一-城中,統一(母公司/裸名稱),統一-城中,2023-11-20,6233,2023-11-21,in_sample,826.55,3.5378,1003.45,4.295,31.95,33.55,30.7,32.879,True,False,-2.9077,False,False
統一(母公司/裸名稱) x 統一-城中,統一(母公司/裸名稱),統一-城中,2023-11-22,3362,2023-11-23,in_sample,5705.0,2.3728,5197.5,2.1618,178.0,186.5,182.5,188.65,False,False,-2.5281,False,False
統一(母公司/裸名稱) x 統一-城中,統一(母公司/裸名稱),統一-城中,2023-11-22,3530,2023-11-23,in_sample,500.55,1.4182,2428.2,6.8795,109.0,117.0,117.0,114.66,True,False,-5.1927,False,False
統一(母公司/裸名稱) x 統一-城中,統一(母公司/裸名稱),統一-城中,2023-11-22,3694,2023-11-23,in_sample,1903.09,4.3893,1578.6,3.6409,46.5,47.55,45.0,47.236,True,False,-1.5828,False,False
統一(母公司/裸名稱) x 統一-城中,統一(母公司/裸名稱),統一-城中,2023-11-22,6243,2023-11-23,in_sample,2010.82,2.1138,2797.34,2.9406,76.2,78.7,72.4,79.968,False,False,4.9869,False,True
統一(母公司/裸名稱) x 統一-城中,統一(母公司/裸名稱),統一-城中,2023-11-22,6245,2023-11-23,in_sample,965.65,1.143,802.9,0.9503,109.5,116.0,113.0,116.62,False,False,-3.1963,False,False
統一(母公司/裸名稱) x 統一-城中,統一(母公司/裸名稱),統一-城中,2023-11-23,3530,2023-11-24,in_sample,3510.0,5.2698,631.8,0.9486,119.5,121.0,118.0,125.93,False,False,1.2552,False,True
統一(母公司/裸名稱) x 統一-城中,統一(母公司/裸名稱),統一-城中,2023-11-23,8442,2023-11-24,in_sample,613.05,3.695,331.65,1.9989,105.5,108.5,105.5,108.29,True,False,-2.6445,False,False
統一(母公司/裸名稱) x 統一-城中,統一(母公司/裸名稱),統一-城中,2023-11-24,8086,2023-11-27,in_sample,13010.4,6.2487,5740.7,2.7572,148.0,148.0,125.5,149.45,False,False,15.2027,False,True
統一(母公司/裸名稱) x 統一-城中,統一(母公司/裸名稱),統一-城中,2023-11-28,4945,2023-11-29,in_sample,1684.32,3.0695,2313.52,4.2161,100.0,104.5,98.3,103.88,True,False,-3.88,False,False
統一(母公司/裸名稱) x 統一-城中,統一(母公司/裸名稱),統一-城中,2023-11-28,6243,2023-11-29,in_sample,2120.93,1.5863,2719.52,2.034,74.8,78.3,77.8,79.576,False,False,-4.0107,False,False
統一(母公司/裸名稱) x 統一-城中,統一(母公司/裸名稱),統一-城中,2023-11-29,1325,2023-11-30,in_sample,855.95,2.5432,810.73,2.4088,34.0,35.5,35.5,34.79,True,False,-2.3235,False,False
統一(母公司/裸名稱) x 統一-城中,統一(母公司/裸名稱),統一-城中,2023-11-29,6117,2023-11-30,in_sample,2544.76,2.6555,2691.14,2.8083,58.6,61.9,61.9,60.662,True,False,-3.5188,False,False
統一(母公司/裸名稱) x 統一-城中,統一(母公司/裸名稱),統一-城中,2023-11-30,1582,2023-12-01,in_sample,3227.34,2.9428,3218.4,2.9346,90.0,97.4,92.1,96.334,True,False,-7.0378,False,False
統一(母公司/裸名稱) x 統一-城中,統一(母公司/裸名稱),統一-城中,2023-11-30,6693,2023-12-01,in_sample,1471.75,12.8156,361.63,3.149,86.3,88.4,82.7,90.65,False,False,4.1715,False,True
統一(母公司/裸名稱) x 統一-城中,統一(母公司/裸名稱),統一-城中,2023-12-01,2641,2023-12-04,in_sample,1384.89,1.9899,399.99,0.5747,22.0,22.1,22.1,21.658,True,False,1.5545,False,True
統一(母公司/裸名稱) x 統一-城中,統一(母公司/裸名稱),統一-城中,2023-12-01,3687,2023-12-04,in_sample,421.8,0.7836,155.4,0.2887,113.0,116.5,107.5,119.56,False,False,4.8673,False,True
統一(母公司/裸名稱) x 統一-城中,統一(母公司/裸名稱),統一-城中,2023-12-01,4909,2023-12-04,in_sample,1523.61,3.3539,1084.05,2.3863,31.0,32.1,30.0,31.997,True,False,-3.2161,False,False
統一(母公司/裸名稱) x 統一-城中,統一(母公司/裸名稱),統一-城中,2023-12-01,5439,2023-12-04,in_sample,5241.4,2.4242,5241.4,2.4242,148.0,150.5,145.0,157.29,False,False,2.027,False,True
統一(母公司/裸名稱) x 統一-城中,統一(母公司/裸名稱),統一-城中,2023-12-01,6117,2023-12-04,in_sample,1414.4,0.4444,1162.8,0.3654,73.5,74.6,69.0,73.304,True,False,0.2667,False,True
統一(母公司/裸名稱) x 統一-城中,統一(母公司/裸名稱),統一-城中,2023-12-04,2605,2023-12-05,in_sample,827.92,0.6289,4603.34,3.497,28.0,28.8,28.8,28.224,True,False,-0.8,False,False
統一(母公司/裸名稱) x 統一-城中,統一(母公司/裸名稱),統一-城中,2023-12-04,2612,2023-12-05,in_sample,244.24,0.4015,2845.68,4.6778,60.2,62.4,56.4,61.152,True,False,-1.5814,False,False
統一(母公司/裸名稱) x 統一-城中,統一(母公司/裸名稱),統一-城中,2023-12-04,2617,2023-12-05,in_sample,904.96,1.429,3213.315,5.074,37.5,38.15,36.05,38.073,True,False,-1.528,False,False
統一(母公司/裸名稱) x 統一-城中,統一(母公司/裸名稱),統一-城中,2023-12-04,6143,2023-12-05,in_sample,1514.1,1.0475,5510.5,3.8125,103.0,105.0,103.0,110.74,False,False,0.0,False,False
統一(母公司/裸名稱) x 統一-城中,統一(母公司/裸名稱),統一-城中,2023-12-05,1503,2023-12-06,in_sample,8906.0,3.1378,4087.0,1.4399,125.0,133.5,130.5,131.32,True,False,-5.056,False,False
統一(母公司/裸名稱) x 統一-城中,統一(母公司/裸名稱),統一-城中,2023-12-06,3041,2023-12-07,in_sample,1848.605,1.4683,5921.575,4.7033,34.5,35.45,32.5,36.162,False,False,5.7971,False,True
統一(母公司/裸名稱) x 統一-城中,統一(母公司/裸名稱),統一-城中,2023-12-06,4561,2023-12-07,in_sample,1647.415,8.5318,868.175,4.4962,43.25,46.05,42.65,45.619,True,False,-5.4775,False,False
統一(母公司/裸名稱) x 統一-城中,統一(母公司/裸名稱),統一-城中,2023-12-06,6233,2023-12-07,in_sample,458.745,0.6346,1522.725,2.1065,39.75,40.75,37.95,41.552,False,False,4.5283,False,True
統一(母公司/裸名稱) x 統一-城中,統一(母公司/裸名稱),統一-城中,2023-12-06,6243,2023-12-07,in_sample,1457.8,1.3013,4767.4,4.2557,80.0,80.1,73.2,84.868,False,False,8.5,False,True
統一(母公司/裸名稱) x 統一-城中,統一(母公司/裸名稱),統一-城中,2023-12-06,6462,2023-12-07,in_sample,5753.6,11.2142,2969.6,5.788,118.5,122.0,113.5,124.95,False,False,4.2194,False,True
統一(母公司/裸名稱) x 統一-城中,統一(母公司/裸名稱),統一-城中,2023-12-06,6684,2023-12-07,in_sample,1575.27,4.2221,1902.5,5.0992,77.9,80.0,73.2,82.026,False,False,6.0334,False,True
統一(母公司/裸名稱) x 統一-城中,統一(母公司/裸名稱),統一-城中,2023-12-06,6695,2023-12-07,in_sample,739.86,2.0324,1168.2,3.209,64.2,65.4,60.8,69.874,False,False,5.296,False,True
統一(母公司/裸名稱) x 統一-城中,統一(母公司/裸名稱),統一-城中,2023-12-06,8054,2023-12-07,in_sample,11325.72,5.5062,6811.0,3.3113,101.0,103.0,95.3,104.86,False,False,5.6436,False,True
統一(母公司/裸名稱) x 統一-城中,統一(母公司/裸名稱),統一-城中,2023-12-08,1618,2023-12-11,in_sample,3273.6,3.5095,993.3,1.0649,34.25,36.3,36.3,35.574,True,False,-3.8657,False,False
統一(母公司/裸名稱) x 統一-城中,統一(母公司/裸名稱),統一-城中,2023-12-08,6462,2023-12-11,in_sample,2552.25,2.1835,2801.25,2.3965,127.0,131.0,130.5,133.77,False,False,-2.7559,False,False
統一(母公司/裸名稱) x 統一-城中,統一(母公司/裸名稱),統一-城中,2023-12-11,5521,2023-12-12,in_sample,1738.26,3.5024,1960.11,3.9494,13.25,14.1,13.5,14.063,True,False,-6.1358,False,False
統一(母公司/裸名稱) x 統一-城中,統一(母公司/裸名稱),統一-城中,2023-12-12,3712,2023-12-13,in_sample,2163.81,2.1464,2198.57,2.1808,45.0,45.15,42.55,46.795,False,False,5.4444,False,True
統一(母公司/裸名稱) x 統一-城中,統一(母公司/裸名稱),統一-城中,2023-12-13,3390,2023-12-14,in_sample,265.88,1.0332,1442.11,5.604,31.0,31.75,29.05,31.115,True,False,-0.371,False,False
統一(母公司/裸名稱) x 統一-城中,統一(母公司/裸名稱),統一-城中,2023-12-15,2030,2023-12-18,in_sample,1353.0,10.0338,738.0,5.473,21.0,21.6,20.5,22.099,False,False,2.381,False,True
統一(母公司/裸名稱) x 統一-城中,統一(母公司/裸名稱),統一-城中,2023-12-15,2031,2023-12-18,in_sample,6531.12,7.0203,2707.2,2.91,58.0,58.5,58.0,60.76,False,False,0.0,False,False
統一(母公司/裸名稱) x 統一-城中,統一(母公司/裸名稱),統一-城中,2023-12-15,3532,2023-12-18,in_sample,11321.95,3.9716,4569.15,1.6028,185.5,186.0,180.5,197.47,False,False,2.6954,False,True
統一(母公司/裸名稱) x 統一-城中,統一(母公司/裸名稱),統一-城中,2023-12-19,1325,2023-12-20,in_sample,490.2,2.6449,678.11,3.6588,44.5,44.9,44.9,44.002,True,False,1.1191,False,True
統一(母公司/裸名稱) x 統一-城中,統一(母公司/裸名稱),統一-城中,2023-12-19,1732,2023-12-20,in_sample,853.86,3.5721,1088.19,4.5525,34.5,35.3,35.3,34.594,True,False,-0.2725,False,False
統一(母公司/裸名稱) x 統一-城中,統一(母公司/裸名稱),統一-城中,2023-12-20,1325,2023-12-21,in_sample,1230.26,6.5848,1477.21,7.9066,48.85,49.35,40.85,48.363,True,False,0.9969,False,True
統一(母公司/裸名稱) x 統一-城中,統一(母公司/裸名稱),統一-城中,2023-12-20,1732,2023-12-21,in_sample,794.25,1.3839,1514.37,2.6386,36.45,38.4,33.1,38.024,True,False,-4.3182,False,False
統一(母公司/裸名稱) x 統一-城中,統一(母公司/裸名稱),統一-城中,2023-12-20,2362,2023-12-21,in_sample,480.0,1.0793,195.0,0.4385,37.5,37.5,36.75,40.425,False,False,2.0,False,True
統一(母公司/裸名稱) x 統一-城中,統一(母公司/裸名稱),統一-城中,2023-12-20,9105,2023-12-21,in_sample,3606.237,13.1816,264.208,0.9657,3.48,3.7,3.44,3.626,True,False,-4.1954,False,False
統一(母公司/裸名稱) x 統一-城中,統一(母公司/裸名稱),統一-城中,2023-12-20,9929,2023-12-21,in_sample,334.4,10.7441,49.4,1.5872,18.8,19.5,18.0,20.482,False,False,4.2553,False,True
統一(母公司/裸名稱) x 統一-城中,統一(母公司/裸名稱),統一-城中,2023-12-22,2421,2023-12-25,in_sample,11108.8,2.9711,2459.2,0.6577,110.0,111.0,105.0,114.17,False,False,4.5455,False,True
統一(母公司/裸名稱) x 統一-城中,統一(母公司/裸名稱),統一-城中,2023-12-22,6117,2023-12-25,in_sample,2455.48,2.3693,3041.98,2.9353,81.0,84.2,77.5,84.28,False,False,4.321,False,True
統一(母公司/裸名稱) x 統一-城中,統一(母公司/裸名稱),統一-城中,2023-12-22,8088,2023-12-25,in_sample,1644.685,3.06,1443.295,2.6853,49.9,51.0,45.0,51.646,False,False,9.8196,False,True
統一(母公司/裸名稱) x 統一-城中,統一(母公司/裸名稱),統一-城中,2023-12-26,1733,2023-12-27,in_sample,1151.55,3.3394,1407.45,4.0815,44.1,44.45,39.3,45.962,False,False,10.8844,False,True
統一(母公司/裸名稱) x 統一-城中,統一(母公司/裸名稱),統一-城中,2023-12-26,3390,2023-12-27,in_sample,1008.79,4.384,519.85,2.2591,29.25,30.8,29.2,30.282,True,False,-3.5282,False,False
統一(母公司/裸名稱) x 統一-城中,統一(母公司/裸名稱),統一-城中,2023-12-27,3376,2023-12-28,in_sample,5833.95,3.2961,1415.1,0.7995,137.0,139.5,129.0,143.57,False,False,5.8394,False,True
統一(母公司/裸名稱) x 統一-城中,統一(母公司/裸名稱),統一-城中,2023-12-28,1503,2023-12-29,in_sample,8433.6,3.8617,3526.55,1.6148,127.0,128.0,118.5,135.24,False,False,6.6929,False,True
統一(母公司/裸名稱) x 統一-城中,統一(母公司/裸名稱),統一-城中,2024-01-02,3390,2024-01-03,in_sample,936.7,1.869,1049.75,2.0945,32.6,35.5,31.95,34.79,True,False,-6.7178,False,False
統一(母公司/裸名稱) x 統一-城中,統一(母公司/裸名稱),統一-城中,2024-01-02,5223,2024-01-03,in_sample,436.635,4.4606,516.45,5.276,47.5,49.45,47.0,50.568,False,False,1.0526,False,True
統一(母公司/裸名稱) x 統一-城中,統一(母公司/裸名稱),統一-城中,2024-01-02,6108,2024-01-03,in_sample,540.5,3.3764,646.25,4.037,23.4,24.0,22.9,25.333,False,False,2.1368,False,True
統一(母公司/裸名稱) x 統一-城中,統一(母公司/裸名稱),統一-城中,2024-01-02,6113,2024-01-03,in_sample,998.865,2.8281,1100.295,3.1153,23.5,24.25,24.25,23.765,True,False,-1.1277,False,False
統一(母公司/裸名稱) x 統一-城中,統一(母公司/裸名稱),統一-城中,2024-01-03,1325,2024-01-04,in_sample,1129.7,5.2066,1459.92,6.7285,47.15,47.75,47.75,46.795,True,False,0.7529,False,True
統一(母公司/裸名稱) x 統一-城中,統一(母公司/裸名稱),統一-城中,2024-01-03,6140,2024-01-04,in_sample,1133.325,2.0259,1116.9,1.9966,33.15,34.7,29.6,35.378,False,False,10.7089,False,True
統一(母公司/裸名稱) x 統一-城中,統一(母公司/裸名稱),統一-城中,2024-01-03,9919,2024-01-04,in_sample,2214.675,4.5311,1592.25,3.2577,30.0,31.5,29.6,31.164,True,False,-3.88,False,False
統一(母公司/裸名稱) x 統一-城中,統一(母公司/裸名稱),統一-城中,2024-01-04,1325,2024-01-05,in_sample,1036.175,2.1395,1422.95,2.9381,48.8,48.85,43.0,51.45,False,False,11.8852,False,True
統一(母公司/裸名稱) x 統一-城中,統一(母公司/裸名稱),統一-城中,2024-01-04,1732,2024-01-05,in_sample,995.3,2.6163,521.7,1.3714,38.0,38.75,33.65,39.886,False,False,11.4474,False,True
統一(母公司/裸名稱) x 統一-城中,統一(母公司/裸名稱),統一-城中,2024-01-05,5225,2024-01-08,in_sample,1811.85,4.1219,2333.55,5.3088,73.5,74.5,71.1,75.95,False,False,3.2653,False,True
統一(母公司/裸名稱) x 統一-城中,統一(母公司/裸名稱),統一-城中,2024-01-09,5426,2024-01-10,in_sample,164.92,0.6887,492.1,2.055,27.5,29.25,29.25,28.665,True,False,-4.2364,False,False
統一(母公司/裸名稱) x 統一-城中,統一(母公司/裸名稱),統一-城中,2024-01-10,3499,2024-01-11,in_sample,575.19,4.6266,453.18,3.6452,25.65,26.7,24.9,26.803,False,False,2.924,False,True
統一(母公司/裸名稱) x 統一-城中,統一(母公司/裸名稱),統一-城中,2024-01-10,6140,2024-01-11,in_sample,439.3,0.3723,557.72,0.4727,42.0,42.0,42.0,41.16,True,False,2.0,False,True
統一(母公司/裸名稱) x 統一-城中,統一(母公司/裸名稱),統一-城中,2024-01-10,8096,2024-01-11,in_sample,1348.445,1.3052,1003.59,0.9714,21.35,22.7,22.7,22.246,True,False,-4.1967,False,False
統一(母公司/裸名稱) x 統一-城中,統一(母公司/裸名稱),統一-城中,2024-01-15,4909,2024-01-16,in_sample,1239.21,1.2167,1357.23,1.3326,42.15,42.9,42.7,45.423,False,False,-1.3049,False,False
統一(母公司/裸名稱) x 統一-城中,統一(母公司/裸名稱),統一-城中,2024-01-15,6698,2024-01-16,in_sample,1074.42,5.0392,697.23,3.2701,40.6,40.6,35.3,41.062,False,False,13.0542,False,True
統一(母公司/裸名稱) x 統一-城中,統一(母公司/裸名稱),統一-城中,2024-01-15,8096,2024-01-16,in_sample,1989.255,1.3038,1947.35,1.2763,25.0,25.6,23.75,26.558,False,False,5.0,False,True
統一(母公司/裸名稱) x 統一-城中,統一(母公司/裸名稱),統一-城中,2024-01-16,1528,2024-01-17,in_sample,413.44,0.8757,440.8,0.9336,15.7,15.8,14.35,16.366,False,False,8.5987,False,True
統一(母公司/裸名稱) x 統一-城中,統一(母公司/裸名稱),統一-城中,2024-01-16,6243,2024-01-17,in_sample,1194.64,0.2945,7316.08,1.8033,88.5,90.4,83.2,93.982,False,False,5.9887,False,True
統一(母公司/裸名稱) x 統一-城中,統一(母公司/裸名稱),統一-城中,2024-01-19,3623,2024-01-22,in_sample,102.12,0.1988,782.92,1.5243,46.8,46.8,40.45,45.864,True,False,2.0,False,True
統一(母公司/裸名稱) x 統一-城中,統一(母公司/裸名稱),統一-城中,2024-01-19,6140,2024-01-22,in_sample,1249.61,1.9044,1348.5,2.0551,47.0,49.4,49.4,48.412,True,False,-3.0043,False,False
統一(母公司/裸名稱) x 統一-城中,統一(母公司/裸名稱),統一-城中,2024-01-22,6237,2024-01-23,in_sample,1953.49,3.2063,1148.73,1.8854,65.6,71.3,71.3,69.874,True,False,-6.5152,False,False
統一(母公司/裸名稱) x 統一-城中,統一(母公司/裸名稱),統一-城中,2024-01-24,2467,2024-01-25,in_sample,4544.0,10.4456,696.0,1.5999,80.6,81.9,76.4,86.24,False,False,5.2109,False,True
統一(母公司/裸名稱) x 統一-城中,統一(母公司/裸名稱),統一-城中,2024-01-24,4909,2024-01-25,in_sample,3097.6,1.4601,2095.72,0.9879,48.75,51.4,45.7,52.136,False,False,6.2564,False,True
統一(母公司/裸名稱) x 統一-城中,統一(母公司/裸名稱),統一-城中,2024-01-24,6113,2024-01-25,in_sample,2205.15,4.9256,1073.655,2.3982,38.2,39.5,35.9,38.955,True,False,-1.9764,False,False
統一(母公司/裸名稱) x 統一-城中,統一(母公司/裸名稱),統一-城中,2024-01-25,3623,2024-01-26,in_sample,2571.725,5.6883,863.675,1.9103,50.0,51.0,44.3,51.94,False,False,11.4,False,True
統一(母公司/裸名稱) x 統一-城中,統一(母公司/裸名稱),統一-城中,2024-02-02,6805,2024-02-05,in_sample,8038.8,4.1035,3955.6,2.0192,638.0,701.0,701.0,686.98,True,False,-7.6771,False,False
統一(母公司/裸名稱) x 統一-城中,統一(母公司/裸名稱),統一-城中,2024-02-15,6533,2024-02-16,in_sample,2335.2,0.7253,5393.2,1.6751,561.0,573.0,552.0,598.78,False,False,1.6043,False,True
統一(母公司/裸名稱) x 統一-城中,統一(母公司/裸名稱),統一-城中,2024-02-16,2365,2024-02-19,in_sample,3626.03,1.8377,1417.84,0.7186,25.0,25.95,24.45,25.774,True,False,-3.096,False,False
統一(母公司/裸名稱) x 統一-城中,統一(母公司/裸名稱),統一-城中,2024-02-16,2369,2024-02-19,in_sample,9722.6,5.5045,2096.26,1.1868,29.0,30.75,28.4,30.282,True,False,-4.4207,False,False
統一(母公司/裸名稱) x 統一-城中,統一(母公司/裸名稱),統一-城中,2024-02-16,4714,2024-02-19,in_sample,1730.135,4.0616,756.105,1.775,20.15,20.8,20.8,20.384,True,False,-1.1613,False,False
統一(母公司/裸名稱) x 統一-城中,統一(母公司/裸名稱),統一-城中,2024-02-16,4909,2024-02-19,in_sample,3712.8,6.1108,353.6,0.582,53.0,55.0,53.0,56.056,False,False,0.0,False,False
統一(母公司/裸名稱) x 統一-城中,統一(母公司/裸名稱),統一-城中,2024-02-16,5284,2024-02-19,in_sample,2750.7,1.8752,1072.6,0.7312,181.5,181.5,175.0,186.2,False,False,3.5813,False,True
統一(母公司/裸名稱) x 統一-城中,統一(母公司/裸名稱),統一-城中,2024-02-20,1316,2024-02-21,in_sample,3065.44,3.9373,897.92,1.1533,18.8,19.2,18.1,19.796,False,False,3.7234,False,True
統一(母公司/裸名稱) x 統一-城中,統一(母公司/裸名稱),統一-城中,2024-02-20,4729,2024-02-21,in_sample,738.055,4.0862,226.215,1.2524,23.8,24.5,21.75,24.598,False,False,8.6134,False,True
統一(母公司/裸名稱) x 統一-城中,統一(母公司/裸名稱),統一-城中,2024-02-20,4945,2024-02-21,in_sample,296.4,0.8114,866.4,2.3718,120.0,124.0,116.0,122.5,True,False,-2.0833,False,False
統一(母公司/裸名稱) x 統一-城中,統一(母公司/裸名稱),統一-城中,2024-02-20,6164,2024-02-21,in_sample,543.16,1.466,315.62,0.8518,18.35,18.35,17.25,19.747,False,False,5.9946,False,True
統一(母公司/裸名稱) x 統一-城中,統一(母公司/裸名稱),統一-城中,2024-02-21,3025,2024-02-22,in_sample,4292.4,2.54,1204.5,0.7128,74.3,80.3,80.3,78.694,True,False,-5.9139,False,False
統一(母公司/裸名稱) x 統一-城中,統一(母公司/裸名稱),統一-城中,2024-02-21,3588,2024-02-22,in_sample,2929.5,2.0486,1375.5,0.9619,108.5,109.0,103.0,113.19,False,False,5.0691,False,True
統一(母公司/裸名稱) x 統一-城中,統一(母公司/裸名稱),統一-城中,2024-02-21,3663,2024-02-22,in_sample,1750.84,7.8862,586.82,2.6432,49.5,49.65,48.0,51.842,False,False,3.0303,False,True
統一(母公司/裸名稱) x 統一-城中,統一(母公司/裸名稱),統一-城中,2024-02-21,6126,2024-02-22,in_sample,2545.92,3.1381,966.96,1.1919,42.3,42.85,40.9,43.953,False,False,3.3097,False,True
統一(母公司/裸名稱) x 統一-城中,統一(母公司/裸名稱),統一-城中,2024-02-22,8059,2024-02-23,in_sample,1669.715,3.6332,530.005,1.1532,42.15,43.5,39.25,42.924,True,False,-1.8363,False,False
統一(母公司/裸名稱) x 統一-城中,統一(母公司/裸名稱),統一-城中,2024-02-23,3312,2024-02-26,in_sample,572.02,1.1935,680.24,1.4193,40.0,40.2,39.3,41.65,False,False,1.75,False,True
統一(母公司/裸名稱) x 統一-城中,統一(母公司/裸名稱),統一-城中,2024-02-23,4908,2024-02-26,in_sample,12102.4,4.3715,1364.0,0.4927,126.0,135.0,121.5,133.28,True,False,-5.7778,False,False
統一(母公司/裸名稱) x 統一-城中,統一(母公司/裸名稱),統一-城中,2024-02-23,6292,2024-02-26,in_sample,1632.16,10.0138,404.0,2.4787,88.8,88.8,88.8,87.024,True,False,2.0,False,True
統一(母公司/裸名稱) x 統一-城中,統一(母公司/裸名稱),統一-城中,2024-02-26,4909,2024-02-27,in_sample,1326.0,0.9856,1476.0,1.0971,61.0,62.8,59.8,64.68,False,False,1.9672,False,True
統一(母公司/裸名稱) x 統一-城中,統一(母公司/裸名稱),統一-城中,2024-02-29,3360,2024-03-01,in_sample,1206.135,5.9868,114.66,0.5691,23.1,24.25,21.0,23.765,True,False,-2.8788,False,False
統一(母公司/裸名稱) x 統一-城中,統一(母公司/裸名稱),統一-城中,2024-02-29,7402,2024-03-01,in_sample,1749.0,4.6357,530.0,1.4048,109.5,116.5,116.5,114.17,True,False,-4.2648,False,False
統一(母公司/裸名稱) x 統一-城中,統一(母公司/裸名稱),統一-城中,2024-03-01,1725,2024-03-04,in_sample,251.6,3.152,157.25,1.97,32.8,34.55,34.55,33.859,True,False,-3.2287,False,False
統一(母公司/裸名稱) x 統一-城中,統一(母公司/裸名稱),統一-城中,2024-03-01,3372,2024-03-04,in_sample,547.41,0.7507,1299.3,1.7817,23.0,23.4,23.4,22.932,True,False,0.2957,False,True
統一(母公司/裸名稱) x 統一-城中,統一(母公司/裸名稱),統一-城中,2024-03-04,2485,2024-03-05,in_sample,1202.76,4.1994,1172.34,4.0932,24.5,24.5,23.6,25.186,False,False,3.6735,False,True
統一(母公司/裸名稱) x 統一-城中,統一(母公司/裸名稱),統一-城中,2024-03-04,4906,2024-03-05,in_sample,3726.81,2.8619,3630.06,2.7876,40.25,40.75,39.5,41.699,False,False,1.8634,False,True
統一(母公司/裸名稱) x 統一-城中,統一(母公司/裸名稱),統一-城中,2024-03-05,1316,2024-03-06,in_sample,1163.88,1.0236,1450.08,1.2753,25.0,26.2,26.2,25.676,True,False,-2.704,False,False
統一(母公司/裸名稱) x 統一-城中,統一(母公司/裸名稱),統一-城中,2024-03-05,3689,2024-03-06,in_sample,2343.54,1.3921,1989.48,1.1818,83.9,90.8,88.5,90.846,False,False,-5.4827,False,False
統一(母公司/裸名稱) x 統一-城中,統一(母公司/裸名稱),統一-城中,2024-03-05,6163,2024-03-06,in_sample,2474.035,4.5136,2102.81,3.8363,24.5,26.0,24.85,25.774,True,False,-5.2,False,False
統一(母公司/裸名稱) x 統一-城中,統一(母公司/裸名稱),統一-城中,2024-03-06,1815,2024-03-07,in_sample,4263.45,3.4287,3218.55,2.5884,23.15,23.45,20.0,23.177,True,False,-0.1166,False,False
統一(母公司/裸名稱) x 統一-城中,統一(母公司/裸名稱),統一-城中,2024-03-06,2467,2024-03-07,in_sample,2179.1,1.3849,3410.15,2.1673,146.0,149.0,134.5,152.39,False,False,7.8767,False,True
統一(母公司/裸名稱) x 統一-城中,統一(母公司/裸名稱),統一-城中,2024-03-07,6121,2024-03-08,in_sample,6623.2,3.8807,2435.0,1.4267,490.0,500.0,495.5,524.3,False,False,-1.1224,False,False
統一(母公司/裸名稱) x 統一-城中,統一(母公司/裸名稱),統一-城中,2024-03-11,2406,2024-03-12,in_sample,1073.48,7.866,564.0,4.1327,19.3,19.6,18.85,20.237,False,False,2.3316,False,True
統一(母公司/裸名稱) x 統一-城中,統一(母公司/裸名稱),統一-城中,2024-03-12,1319,2024-03-13,in_sample,7128.0,5.386,1339.2,1.0119,110.5,114.5,113.0,116.13,False,False,-2.2624,False,False
統一(母公司/裸名稱) x 統一-城中,統一(母公司/裸名稱),統一-城中,2024-03-12,9902,2024-03-13,in_sample,505.375,5.2941,237.25,2.4853,16.35,17.85,17.85,17.493,True,False,-6.9908,False,False
統一(母公司/裸名稱) x 統一-城中,統一(母公司/裸名稱),統一-城中,2024-03-14,4714,2024-03-15,in_sample,1944.8,5.4643,200.2,0.5625,22.65,23.5,22.65,23.716,False,False,0.0,False,False
統一(母公司/裸名稱) x 統一-城中,統一(母公司/裸名稱),統一-城中,2024-03-19,6605,2024-03-20,in_sample,6471.05,13.2998,3323.5,6.8307,205.5,212.5,211.5,210.7,True,False,-2.5304,False,False
統一(母公司/裸名稱) x 統一-城中,統一(母公司/裸名稱),統一-城中,2024-03-20,5469,2024-03-21,in_sample,2608.98,1.576,1031.91,0.6233,66.3,70.0,67.0,69.874,True,False,-5.3906,False,False
統一(母公司/裸名稱) x 統一-城中,統一(母公司/裸名稱),統一-城中,2024-03-21,1503,2024-03-22,in_sample,21133.45,1.8097,9247.55,0.7919,275.5,280.0,274.0,287.14,False,False,0.5445,False,True
統一(母公司/裸名稱) x 統一-城中,統一(母公司/裸名稱),統一-城中,2024-03-21,1570,2024-03-22,in_sample,574.675,7.6912,476.25,6.3739,31.75,33.2,32.9,34.202,False,False,-3.622,False,False
統一(母公司/裸名稱) x 統一-城中,統一(母公司/裸名稱),統一-城中,2024-03-21,2236,2024-03-22,in_sample,4485.81,5.5312,817.95,1.0086,86.5,87.8,81.5,92.806,False,False,5.7803,False,True
統一(母公司/裸名稱) x 統一-城中,統一(母公司/裸名稱),統一-城中,2024-03-21,2548,2024-03-22,in_sample,2275.2,3.0034,2844.0,3.7542,118.5,118.5,116.5,127.4,False,False,1.6878,False,True
統一(母公司/裸名稱) x 統一-城中,統一(母公司/裸名稱),統一-城中,2024-03-21,3083,2024-03-22,in_sample,2593.25,7.6192,1178.75,3.4633,57.7,58.0,51.8,61.936,False,False,10.2253,False,True
統一(母公司/裸名稱) x 統一-城中,統一(母公司/裸名稱),統一-城中,2024-03-22,1609,2024-03-25,in_sample,14280.18,2.9361,8014.56,1.6479,44.0,45.7,45.4,45.717,False,False,-3.1818,False,False
統一(母公司/裸名稱) x 統一-城中,統一(母公司/裸名稱),統一-城中,2024-03-26,2704,2024-03-27,in_sample,505.12,2.1033,3443.44,14.3382,62.0,65.9,65.0,66.346,False,False,-4.8387,False,False
統一(母公司/裸名稱) x 統一-城中,統一(母公司/裸名稱),統一-城中,2024-04-01,1522,2024-04-02,in_sample,3391.74,3.5538,1639.44,1.7178,60.3,61.5,59.1,63.994,False,False,1.99,False,True
統一(母公司/裸名稱) x 統一-城中,統一(母公司/裸名稱),統一-城中,2024-04-01,3666,2024-04-02,in_sample,116.025,0.8062,1225.7,8.5165,31.35,32.7,32.7,32.046,True,False,-2.2201,False,False
統一(母公司/裸名稱) x 統一-城中,統一(母公司/裸名稱),統一-城中,2024-04-01,4909,2024-04-02,in_sample,4636.8,4.9196,4810.68,5.104,99.3,101.0,95.8,103.88,False,False,3.5247,False,True
統一(母公司/裸名稱) x 統一-城中,統一(母公司/裸名稱),統一-城中,2024-04-02,2374,2024-04-03,in_sample,1259.115,3.1744,2465.4,6.2157,32.25,32.25,32.25,31.605,True,False,2.0,False,True
統一(母公司/裸名稱) x 統一-城中,統一(母公司/裸名稱),統一-城中,2024-04-03,2363,2024-04-08,in_sample,1336.61,2.193,1257.0,2.0624,46.05,46.05,46.05,45.129,True,True,2.0,False,True
統一(母公司/裸名稱) x 統一-城中,統一(母公司/裸名稱),統一-城中,2024-04-08,1733,2024-04-09,in_sample,929.88,6.502,567.0,3.9646,37.05,37.05,34.6,40.719,False,False,6.6127,False,True
統一(母公司/裸名稱) x 統一-城中,統一(母公司/裸名稱),統一-城中,2024-04-08,6188,2024-04-09,in_sample,4556.2,2.0545,2487.1,1.1215,107.0,108.5,98.9,112.21,False,False,7.5701,False,True
統一(母公司/裸名稱) x 統一-城中,統一(母公司/裸名稱),統一-城中,2024-04-08,6578,2024-04-09,in_sample,1026.1,4.2158,620.0,2.5473,30.7,30.7,28.5,33.418,False,False,7.1661,False,True
統一(母公司/裸名稱) x 統一-城中,統一(母公司/裸名稱),統一-城中,2024-04-09,1608,2024-04-10,in_sample,2090.88,1.3016,1865.82,1.1615,37.0,38.55,35.35,39.102,False,False,4.4595,False,True
統一(母公司/裸名稱) x 統一-城中,統一(母公司/裸名稱),統一-城中,2024-04-09,4533,2024-04-10,in_sample,3867.36,3.1596,1747.2,1.4275,34.1,36.95,34.7,36.211,True,False,-6.1906,False,False
統一(母公司/裸名稱) x 統一-城中,統一(母公司/裸名稱),統一-城中,2024-04-11,3312,2024-04-12,in_sample,2434.11,1.7362,1833.79,1.308,47.85,51.5,51.5,50.47,True,False,-5.4754,False,False
統一(母公司/裸名稱) x 統一-城中,統一(母公司/裸名稱),統一-城中,2024-04-11,3402,2024-04-12,in_sample,890.4,1.6922,1558.2,2.9613,110.5,116.5,116.5,114.17,True,False,-3.3213,False,False
統一(母公司/裸名稱) x 統一-城中,統一(母公司/裸名稱),統一-城中,2024-04-12,1609,2024-04-15,in_sample,4128.96,0.8367,4908.2,0.9946,55.6,55.6,55.6,54.488,True,False,2.0,False,True
統一(母公司/裸名稱) x 統一-城中,統一(母公司/裸名稱),統一-城中,2024-04-12,6223,2024-04-15,in_sample,7833.6,2.7859,3794.4,1.3494,412.0,418.5,390.5,439.53,False,False,5.2184,False,True
統一(母公司/裸名稱) x 統一-城中,統一(母公司/裸名稱),統一-城中,2024-04-15,5371,2024-04-16,in_sample,4547.25,1.8975,5428.75,2.2653,108.0,111.0,96.8,115.64,False,False,10.3704,False,True
統一(母公司/裸名稱) x 統一-城中,統一(母公司/裸名稱),統一-城中,2024-04-17,1608,2024-04-18,in_sample,12996.585,8.8336,1913.285,1.3004,42.0,44.45,44.45,43.561,True,False,-3.7167,False,False
統一(母公司/裸名稱) x 統一-城中,統一(母公司/裸名稱),統一-城中,2024-04-17,1609,2024-04-18,in_sample,15213.87,2.419,12993.34,2.0659,62.7,64.7,64.7,63.406,True,False,-1.126,False,False
統一(母公司/裸名稱) x 統一-城中,統一(母公司/裸名稱),統一-城中,2024-04-17,2374,2024-04-18,in_sample,2420.925,3.1654,3777.15,4.9387,43.8,45.65,43.0,45.521,True,False,-3.9292,False,False
統一(母公司/裸名稱) x 統一-城中,統一(母公司/裸名稱),統一-城中,2024-04-17,3296,2024-04-18,in_sample,266.0,1.6647,133.0,0.8324,26.8,28.85,27.8,28.665,True,False,-6.959,False,False
統一(母公司/裸名稱) x 統一-城中,統一(母公司/裸名稱),統一-城中,2024-04-18,5251,2024-04-19,in_sample,1079.75,6.4367,1079.75,6.4367,33.5,33.9,33.9,33.222,True,False,0.8299,False,True
統一(母公司/裸名稱) x 統一-城中,統一(母公司/裸名稱),統一-城中,2024-04-19,1617,2024-04-22,in_sample,1156.07,3.8589,1500.495,5.0086,30.6,32.8,27.0,32.242,True,False,-5.366,False,False
統一(母公司/裸名稱) x 統一-城中,統一(母公司/裸名稱),統一-城中,2024-04-24,4303,2024-04-25,in_sample,1625.14,3.5983,1767.095,3.9127,50.2,52.0,50.2,52.724,False,False,0.0,False,False
統一(母公司/裸名稱) x 統一-城中,統一(母公司/裸名稱),統一-城中,2024-04-24,5251,2024-04-25,in_sample,1305.0,12.3368,648.75,6.1329,40.0,41.25,37.5,40.425,True,False,-1.0625,False,False
統一(母公司/裸名稱) x 統一-城中,統一(母公司/裸名稱),統一-城中,2024-04-24,5493,2024-04-25,in_sample,304.5,1.2733,111.65,0.4669,105.0,111.5,111.5,109.27,True,False,-4.0667,False,False
統一(母公司/裸名稱) x 統一-城中,統一(母公司/裸名稱),統一-城中,2024-04-24,6548,2024-04-25,in_sample,2025.0,5.6327,1077.3,2.9966,40.9,42.0,41.55,43.659,False,False,-1.5892,False,False
統一(母公司/裸名稱) x 統一-城中,統一(母公司/裸名稱),統一-城中,2024-04-25,1784,2024-04-26,in_sample,284.54,3.5192,166.56,2.06,74.0,74.0,66.4,74.774,False,False,10.2703,False,True
統一(母公司/裸名稱) x 統一-城中,統一(母公司/裸名稱),統一-城中,2024-04-26,1587,2024-04-29,in_sample,4311.16,3.3243,1650.95,1.273,64.2,66.9,62.8,67.13,False,False,2.1807,False,True
統一(母公司/裸名稱) x 統一-城中,統一(母公司/裸名稱),統一-城中,2024-04-26,5531,2024-04-29,in_sample,766.695,4.8425,533.25,3.368,12.85,13.0,13.0,12.74,True,False,0.856,False,True
統一(母公司/裸名稱) x 統一-城中,統一(母公司/裸名稱),統一-城中,2024-04-26,6215,2024-04-29,in_sample,1848.825,3.6012,1552.1,3.0232,47.8,50.2,44.85,49.196,True,False,-2.9205,False,False
統一(母公司/裸名稱) x 統一-城中,統一(母公司/裸名稱),統一-城中,2024-04-29,2527,2024-04-30,in_sample,1030.16,3.1687,846.88,2.605,58.8,59.4,56.9,68.11,False,False,3.2313,False,True
統一(母公司/裸名稱) x 統一-城中,統一(母公司/裸名稱),統一-城中,2024-05-02,5519,2024-05-03,in_sample,3962.4,7.3817,826.8,1.5403,51.5,55.1,54.5,56.056,False,False,-5.8252,False,False
統一(母公司/裸名稱) x 統一-城中,統一(母公司/裸名稱),統一-城中,2024-05-02,5531,2024-05-03,in_sample,1335.585,6.6453,846.005,4.2094,13.5,14.75,14.3,14.455,True,False,-7.0741,False,False
統一(母公司/裸名稱) x 統一-城中,統一(母公司/裸名稱),統一-城中,2024-05-03,3313,2024-05-06,in_sample,298.585,2.2934,132.455,1.0174,21.9,22.25,21.1,24.157,False,False,3.653,False,True
統一(母公司/裸名稱) x 統一-城中,統一(母公司/裸名稱),統一-城中,2024-05-06,2524,2024-05-07,in_sample,302.5,1.329,816.75,3.5884,61.5,66.2,64.0,65.17,True,False,-5.9675,False,False
統一(母公司/裸名稱) x 統一-城中,統一(母公司/裸名稱),統一-城中,2024-05-06,3013,2024-05-07,in_sample,3537.1,1.5888,3594.15,1.6145,82.6,83.4,75.1,87.808,False,False,9.0799,False,True
統一(母公司/裸名稱) x 統一-城中,統一(母公司/裸名稱),統一-城中,2024-05-07,6535,2024-05-08,in_sample,452.4,1.7316,1131.0,4.3289,187.5,198.0,188.5,202.86,False,False,-0.5333,False,False
統一(母公司/裸名稱) x 統一-城中,統一(母公司/裸名稱),統一-城中,2024-05-08,6763,2024-05-09,in_sample,596.4,5.0692,170.4,1.4483,426.0,444.0,426.0,459.13,False,False,0.0,False,False
統一(母公司/裸名稱) x 統一-城中,統一(母公司/裸名稱),統一-城中,2024-05-13,2374,2024-05-14,in_sample,7123.8,3.4708,2255.25,1.0988,47.7,48.4,46.55,50.078,False,False,2.4109,False,True
統一(母公司/裸名稱) x 統一-城中,統一(母公司/裸名稱),統一-城中,2024-05-14,2362,2024-05-15,in_sample,13495.68,23.0992,427.68,0.732,57.5,58.0,58.0,56.84,True,False,1.1478,False,True
統一(母公司/裸名稱) x 統一-城中,統一(母公司/裸名稱),統一-城中,2024-05-14,2367,2024-05-15,in_sample,31983.6,5.1721,6296.4,1.0182,34.0,36.0,35.0,35.574,True,False,-4.6294,False,False
統一(母公司/裸名稱) x 統一-城中,統一(母公司/裸名稱),統一-城中,2024-05-15,2374,2024-05-16,in_sample,3947.52,1.8648,4418.56,2.0873,52.7,56.3,56.3,55.174,True,False,-4.6945,False,False
統一(母公司/裸名稱) x 統一-城中,統一(母公司/裸名稱),統一-城中,2024-05-15,5392,2024-05-16,in_sample,4616.895,5.6626,1737.015,2.1304,36.1,38.4,38.4,37.632,True,False,-4.2438,False,False
統一(母公司/裸名稱) x 統一-城中,統一(母公司/裸名稱),統一-城中,2024-05-16,1587,2024-05-17,in_sample,3353.85,3.0248,4225.08,3.8106,80.0,81.1,77.5,83.104,False,False,3.125,False,True
統一(母公司/裸名稱) x 統一-城中,統一(母公司/裸名稱),統一-城中,2024-05-16,5230,2024-05-17,in_sample,966.54,5.5556,1194.6,6.8665,37.0,37.1,36.05,39.004,False,False,2.5676,False,True
統一(母公司/裸名稱) x 統一-城中,統一(母公司/裸名稱),統一-城中,2024-05-17,8071,2024-05-20,in_sample,880.425,9.4794,419.895,4.5209,21.1,21.25,19.3,20.825,True,False,1.3033,False,True
統一(母公司/裸名稱) x 統一-城中,統一(母公司/裸名稱),統一-城中,2024-05-20,4533,2024-05-21,in_sample,4018.92,1.0697,4211.415,1.1209,47.5,48.3,48.0,50.568,False,False,-1.0526,False,False
統一(母公司/裸名稱) x 統一-城中,統一(母公司/裸名稱),統一-城中,2024-05-21,2009,2024-05-22,in_sample,5844.96,2.3624,6617.16,2.6745,62.0,64.1,59.8,63.994,True,False,-3.2161,False,False
統一(母公司/裸名稱) x 統一-城中,統一(母公司/裸名稱),統一-城中,2024-05-21,4543,2024-05-22,in_sample,2962.4,2.6562,3039.68,2.7255,67.5,69.5,65.7,69.384,True,False,-2.7911,False,False
統一(母公司/裸名稱) x 統一-城中,統一(母公司/裸名稱),統一-城中,2024-05-21,5230,2024-05-22,in_sample,1048.05,3.1691,1510.875,4.5687,38.75,39.3,36.25,41.209,False,False,6.4516,False,True
統一(母公司/裸名稱) x 統一-城中,統一(母公司/裸名稱),統一-城中,2024-05-21,6117,2024-05-22,in_sample,5790.0,6.5304,2290.0,2.5828,103.0,110.0,110.0,107.8,True,False,-4.6602,False,False
統一(母公司/裸名稱) x 統一-城中,統一(母公司/裸名稱),統一-城中,2024-05-22,2365,2024-05-23,in_sample,2293.76,1.628,2780.16,1.9733,27.35,28.15,28.15,27.587,True,False,-0.8665,False,False
統一(母公司/裸名稱) x 統一-城中,統一(母公司/裸名稱),統一-城中,2024-05-22,2420,2024-05-23,in_sample,322.5,1.3017,193.5,0.781,66.4,70.8,67.7,69.482,True,False,-4.6416,False,False
統一(母公司/裸名稱) x 統一-城中,統一(母公司/裸名稱),統一-城中,2024-05-22,4545,2024-05-23,in_sample,304.92,2.494,211.75,1.732,42.05,43.2,40.5,45.619,False,False,3.6861,False,True
統一(母公司/裸名稱) x 統一-城中,統一(母公司/裸名稱),統一-城中,2024-05-22,5474,2024-05-23,in_sample,1757.7,18.9519,1088.1,11.7321,151.0,153.0,153.0,149.94,True,False,0.702,False,True
統一(母公司/裸名稱) x 統一-城中,統一(母公司/裸名稱),統一-城中,2024-05-22,8040,2024-05-23,in_sample,725.4,4.7609,878.54,5.766,82.5,83.9,79.2,86.828,False,False,4.0,False,True
統一(母公司/裸名稱) x 統一-城中,統一(母公司/裸名稱),統一-城中,2024-05-23,2365,2024-05-24,in_sample,2069.025,2.9174,1528.545,2.1553,30.0,30.9,29.9,30.331,True,False,-1.1033,False,False
統一(母公司/裸名稱) x 統一-城中,統一(母公司/裸名稱),統一-城中,2024-05-23,2486,2024-05-24,in_sample,7695.15,1.9662,9799.65,2.5039,92.5,95.6,91.0,98.49,False,False,1.6216,False,True
統一(母公司/裸名稱) x 統一-城中,統一(母公司/裸名稱),統一-城中,2024-05-24,3047,2024-05-27,in_sample,2583.9,3.2856,2442.525,3.1058,22.25,22.85,22.2,23.422,False,False,0.2247,False,True
統一(母公司/裸名稱) x 統一-城中,統一(母公司/裸名稱),統一-城中,2024-05-24,3450,2024-05-27,in_sample,3316.25,2.1622,3911.25,2.5502,92.9,96.2,96.2,94.276,True,False,-1.4812,False,False
統一(母公司/裸名稱) x 統一-城中,統一(母公司/裸名稱),統一-城中,2024-05-27,2365,2024-05-28,in_sample,2926.935,7.2976,338.355,0.8436,36.1,36.1,36.1,35.378,True,True,2.0,False,True
統一(母公司/裸名稱) x 統一-城中,統一(母公司/裸名稱),統一-城中,2024-05-27,2486,2024-05-28,in_sample,15220.0,2.9046,5950.0,1.1355,103.5,107.0,99.0,107.8,False,False,4.3478,False,True
統一(母公司/裸名稱) x 統一-城中,統一(母公司/裸名稱),統一-城中,2024-05-27,3202,2024-05-28,in_sample,1048.575,3.2913,838.86,2.633,18.5,18.5,17.3,18.375,True,False,0.6757,False,True
統一(母公司/裸名稱) x 統一-城中,統一(母公司/裸名稱),統一-城中,2024-05-27,3535,2024-05-28,in_sample,1976.925,7.9097,1599.6,6.4,32.7,32.9,32.1,34.741,False,False,1.8349,False,True
統一(母公司/裸名稱) x 統一-城中,統一(母公司/裸名稱),統一-城中,2024-05-27,4543,2024-05-28,in_sample,2983.5,2.5359,3446.82,2.9297,71.2,75.7,73.2,75.656,True,False,-6.2584,False,False
統一(母公司/裸名稱) x 統一-城中,統一(母公司/裸名稱),統一-城中,2024-05-28,2365,2024-05-29,in_sample,1653.38,4.7907,1981.89,5.7425,38.85,39.6,39.6,38.906,True,False,-0.1441,False,False
統一(母公司/裸名稱) x 統一-城中,統一(母公司/裸名稱),統一-城中,2024-05-28,3047,2024-05-29,in_sample,2422.92,1.943,810.08,0.6496,25.2,26.4,25.05,26.264,True,False,-4.2222,False,False
統一(母公司/裸名稱) x 統一-城中,統一(母公司/裸名稱),統一-城中,2024-05-28,6117,2024-05-29,in_sample,2089.8,1.0171,6488.7,3.1581,138.0,139.0,135.0,138.67,True,False,-0.4855,False,False
統一(母公司/裸名稱) x 統一-城中,統一(母公司/裸名稱),統一-城中,2024-05-28,6166,2024-05-29,in_sample,1015.0,1.1502,437.5,0.4958,87.5,90.5,83.6,94.276,False,False,4.4571,False,True
統一(母公司/裸名稱) x 統一-城中,統一(母公司/裸名稱),統一-城中,2024-05-29,5230,2024-05-30,in_sample,688.0,1.1569,1698.5,2.8562,42.8,45.4,41.6,46.354,False,False,2.8037,False,True
統一(母公司/裸名稱) x 統一-城中,統一(母公司/裸名稱),統一-城中,2024-05-29,6462,2024-05-30,in_sample,16816.8,5.4292,13147.2,4.2445,267.0,273.0,255.0,284.2,False,False,4.4944,False,True
統一(母公司/裸名稱) x 統一-城中,統一(母公司/裸名稱),統一-城中,2024-05-29,6684,2024-05-30,in_sample,2284.59,5.2358,370.23,0.8485,93.0,99.3,89.1,97.314,True,False,-4.6387,False,False
統一(母公司/裸名稱) x 統一-城中,統一(母公司/裸名稱),統一-城中,2024-05-29,8054,2024-05-30,in_sample,10010.4,2.3657,8324.8,1.9673,175.5,179.5,165.0,185.22,False,False,5.9829,False,True
統一(母公司/裸名稱) x 統一-城中,統一(母公司/裸名稱),統一-城中,2024-05-30,8099,2024-05-31,in_sample,486.75,2.0748,181.5,0.7736,82.6,87.5,76.0,88.886,False,False,7.9903,False,True
統一(母公司/裸名稱) x 統一-城中,統一(母公司/裸名稱),統一-城中,2024-05-31,2537,2024-06-03,in_sample,1715.49,3.2599,1450.97,2.7572,20.15,21.35,21.35,20.923,True,False,-3.8362,False,False
統一(母公司/裸名稱) x 統一-城中,統一(母公司/裸名稱),統一-城中,2024-05-31,3202,2024-06-03,in_sample,1724.73,4.6093,1906.18,5.0942,19.5,19.75,19.6,20.58,False,False,-0.5128,False,False
統一(母公司/裸名稱) x 統一-城中,統一(母公司/裸名稱),統一-城中,2024-05-31,4566,2024-06-03,in_sample,3688.47,4.6326,4249.29,5.3369,71.9,74.9,74.9,77.42,False,False,-4.1725,False,False
統一(母公司/裸名稱) x 統一-城中,統一(母公司/裸名稱),統一-城中,2024-05-31,6615,2024-06-03,in_sample,283.0,9.4726,45.28,1.5156,60.0,62.2,62.2,60.956,True,False,-1.5933,False,False
統一(母公司/裸名稱) x 統一-城中,統一(母公司/裸名稱),統一-城中,2024-06-03,2486,2024-06-04,in_sample,14721.0,4.4825,5208.0,1.5858,107.0,112.5,104.0,113.19,False,False,2.8037,False,True
統一(母公司/裸名稱) x 統一-城中,統一(母公司/裸名稱),統一-城中,2024-06-03,3540,2024-06-04,in_sample,394.065,2.0473,291.9,1.5166,53.5,53.5,53.5,52.43,True,True,2.0,False,True
統一(母公司/裸名稱) x 統一-城中,統一(母公司/裸名稱),統一-城中,2024-06-03,4113,2024-06-04,in_sample,1878.24,3.3961,349.16,0.6313,61.0,61.1,60.4,64.876,False,False,0.9836,False,True
統一(母公司/裸名稱) x 統一-城中,統一(母公司/裸名稱),統一-城中,2024-06-03,5474,2024-06-04,in_sample,1361.25,5.3093,1905.75,7.433,184.0,184.0,168.0,195.51,False,False,8.6957,False,True
統一(母公司/裸名稱) x 統一-城中,統一(母公司/裸名稱),統一-城中,2024-06-04,3564,2024-06-05,in_sample,1683.5,1.4451,2175.6,1.8675,133.5,138.0,117.0,139.16,False,False,12.3596,False,True
統一(母公司/裸名稱) x 統一-城中,統一(母公司/裸名稱),統一-城中,2024-06-05,2482,2024-06-06,in_sample,1977.14,2.7539,580.07,0.808,43.0,43.1,43.05,44.002,False,False,-0.1163,False,False
統一(母公司/裸名稱) x 統一-城中,統一(母公司/裸名稱),統一-城中,2024-06-06,4566,2024-06-07,in_sample,1714.14,0.7788,849.06,0.3858,82.3,83.0,81.2,86.338,False,False,1.3366,False,True
統一(母公司/裸名稱) x 統一-城中,統一(母公司/裸名稱),統一-城中,2024-06-07,2537,2024-06-11,in_sample,437.37,0.6447,415.86,0.613,24.2,25.55,24.75,25.725,False,False,-2.2727,False,False
統一(母公司/裸名稱) x 統一-城中,統一(母公司/裸名稱),統一-城中,2024-06-07,5531,2024-06-11,in_sample,129.32,1.0241,115.9,0.9179,12.2,12.6,11.95,13.132,False,False,2.0492,False,True
統一(母公司/裸名稱) x 統一-城中,統一(母公司/裸名稱),統一-城中,2024-06-07,9946,2024-06-11,in_sample,336.94,0.7261,247.75,0.5339,49.0,49.5,44.6,53.41,False,False,8.9796,False,True
統一(母公司/裸名稱) x 統一-城中,統一(母公司/裸名稱),統一-城中,2024-06-11,4588,2024-06-12,in_sample,356.8,1.4888,133.8,0.5583,112.5,113.5,107.5,120.05,False,False,4.4444,False,True
統一(母公司/裸名稱) x 統一-城中,統一(母公司/裸名稱),統一-城中,2024-06-11,6706,2024-06-12,in_sample,1667.16,3.5827,597.82,1.2847,86.7,90.5,89.5,90.748,False,False,-3.2295,False,False
統一(母公司/裸名稱) x 統一-城中,統一(母公司/裸名稱),統一-城中,2024-06-12,1617,2024-06-13,in_sample,314.045,0.7604,293.5,0.7107,30.5,32.25,28.25,31.605,True,False,-3.623,False,False
統一(母公司/裸名稱) x 統一-城中,統一(母公司/裸名稱),統一-城中,2024-06-12,4967,2024-06-13,in_sample,1593.9,0.3236,2189.6,0.4445,172.0,177.0,168.0,173.46,True,False,-0.8488,False,False
統一(母公司/裸名稱) x 統一-城中,統一(母公司/裸名稱),統一-城中,2024-06-13,1570,2024-06-14,in_sample,1357.86,6.7224,1460.34,7.2298,37.1,38.8,36.05,39.445,False,False,2.8302,False,True
統一(母公司/裸名稱) x 統一-城中,統一(母公司/裸名稱),統一-城中,2024-06-13,2392,2024-06-14,in_sample,3491.4,2.0783,1487.64,0.8855,77.6,83.2,79.7,81.732,True,False,-5.3247,False,False
統一(母公司/裸名稱) x 統一-城中,統一(母公司/裸名稱),統一-城中,2024-06-13,3048,2024-06-14,in_sample,3550.05,3.8584,1837.5,1.9971,38.5,40.35,37.5,39.592,True,False,-2.8364,False,False
統一(母公司/裸名稱) x 統一-城中,統一(母公司/裸名稱),統一-城中,2024-06-13,4562,2024-06-14,in_sample,1936.31,2.946,2017.345,3.0693,44.2,46.9,46.9,45.962,True,False,-3.9864,False,False
統一(母公司/裸名稱) x 統一-城中,統一(母公司/裸名稱),統一-城中,2024-06-14,1618,2024-06-17,in_sample,3479.79,2.3913,3311.51,2.2757,62.1,65.1,58.7,64.778,True,False,-4.3124,False,False
統一(母公司/裸名稱) x 統一-城中,統一(母公司/裸名稱),統一-城中,2024-06-17,3622,2024-06-18,in_sample,1867.02,1.1453,681.21,0.4179,86.8,87.3,83.0,90.65,False,False,4.3779,False,True
統一(母公司/裸名稱) x 統一-城中,統一(母公司/裸名稱),統一-城中,2024-06-17,5490,2024-06-18,in_sample,1738.77,7.348,871.2,3.6817,37.2,39.0,36.3,39.102,False,False,2.4194,False,True
統一(母公司/裸名稱) x 統一-城中,統一(母公司/裸名稱),統一-城中,2024-06-17,8096,2024-06-18,in_sample,4179.7,4.0476,3313.905,3.2092,45.5,45.7,44.75,45.962,False,False,1.6484,False,True
統一(母公司/裸名稱) x 統一-城中,統一(母公司/裸名稱),統一-城中,2024-06-18,3062,2024-06-19,in_sample,2221.23,1.9243,2227.06,1.9294,30.15,31.2,28.2,31.409,False,False,6.4677,False,True
統一(母公司/裸名稱) x 統一-城中,統一(母公司/裸名稱),統一-城中,2024-06-18,3379,2024-06-19,in_sample,88.66,1.9355,80.08,1.7482,29.0,29.6,27.6,30.821,False,False,4.8276,False,True
統一(母公司/裸名稱) x 統一-城中,統一(母公司/裸名稱),統一-城中,2024-06-18,3450,2024-06-19,in_sample,8236.8,1.7111,4877.6,1.0133,108.0,111.0,109.0,111.72,False,False,-0.9259,False,False
統一(母公司/裸名稱) x 統一-城中,統一(母公司/裸名稱),統一-城中,2024-06-19,4909,2024-06-20,in_sample,4645.3,2.81,4614.4,2.7913,104.0,113.0,113.0,110.74,True,False,-6.4808,False,False
統一(母公司/裸名稱) x 統一-城中,統一(母公司/裸名稱),統一-城中,2024-06-20,3305,2024-06-21,in_sample,629.09,0.5844,3284.34,3.0513,81.7,88.8,79.4,88.004,True,False,-7.716,False,False
統一(母公司/裸名稱) x 統一-城中,統一(母公司/裸名稱),統一-城中,2024-06-20,3374,2024-06-21,in_sample,2601.45,0.7266,1789.65,0.4999,180.0,182.5,179.0,198.45,False,False,0.5556,False,True
統一(母公司/裸名稱) x 統一-城中,統一(母公司/裸名稱),統一-城中,2024-06-20,3450,2024-06-21,in_sample,9225.4,2.7962,7504.6,2.2746,121.5,125.0,122.0,128.38,False,False,-0.4115,False,False
統一(母公司/裸名稱) x 統一-城中,統一(母公司/裸名稱),統一-城中,2024-06-20,4566,2024-06-21,in_sample,3010.48,1.2409,3775.2,1.5561,97.8,100.0,94.8,103.88,False,False,3.0675,False,True
統一(母公司/裸名稱) x 統一-城中,統一(母公司/裸名稱),統一-城中,2024-06-20,4956,2024-06-21,in_sample,1387.2,4.4683,1028.16,3.3118,28.0,28.8,27.65,29.302,False,False,1.25,False,True
統一(母公司/裸名稱) x 統一-城中,統一(母公司/裸名稱),統一-城中,2024-06-21,3047,2024-06-24,in_sample,3116.38,2.4962,1626.3,1.3026,28.6,29.0,26.2,29.939,False,False,8.3916,False,True
統一(母公司/裸名稱) x 統一-城中,統一(母公司/裸名稱),統一-城中,2024-06-21,3580,2024-06-24,in_sample,707.4,1.0361,1933.56,2.8319,85.0,86.4,84.6,84.672,True,False,0.3859,False,True
統一(母公司/裸名稱) x 統一-城中,統一(母公司/裸名稱),統一-城中,2024-06-21,6530,2024-06-24,in_sample,1457.92,7.5453,611.04,3.1624,54.9,56.3,51.0,57.722,False,False,7.1038,False,True
統一(母公司/裸名稱) x 統一-城中,統一(母公司/裸名稱),統一-城中,2024-06-26,3047,2024-06-27,in_sample,4008.96,2.7781,2568.96,1.7802,29.3,30.45,28.4,31.017,False,False,3.0717,False,True
統一(母公司/裸名稱) x 統一-城中,統一(母公司/裸名稱),統一-城中,2024-06-26,3450,2024-06-27,in_sample,9664.6,2.3998,3592.6,0.8921,129.5,130.0,123.5,136.22,False,False,4.6332,False,True
統一(母公司/裸名稱) x 統一-城中,統一(母公司/裸名稱),統一-城中,2024-06-26,4153,2024-06-27,in_sample,441.0,4.5322,99.75,1.0251,52.8,52.8,48.35,56.546,False,False,8.428,False,True
統一(母公司/裸名稱) x 統一-城中,統一(母公司/裸名稱),統一-城中,2024-06-26,8064,2024-06-27,in_sample,2884.96,4.747,2087.8,3.4353,47.9,49.25,44.95,51.058,False,False,6.1587,False,True
統一(母公司/裸名稱) x 統一-城中,統一(母公司/裸名稱),統一-城中,2024-06-27,2406,2024-06-28,in_sample,2718.08,2.7915,219.2,0.2251,28.15,28.65,26.35,29.498,False,False,6.3943,False,True
統一(母公司/裸名稱) x 統一-城中,統一(母公司/裸名稱),統一-城中,2024-06-27,3202,2024-06-28,in_sample,2253.4,12.9458,85.5,0.4912,18.7,19.1,18.45,20.482,False,False,1.3369,False,True
統一(母公司/裸名稱) x 統一-城中,統一(母公司/裸名稱),統一-城中,2024-06-27,6244,2024-06-28,in_sample,6743.66,5.0444,1579.05,1.1812,33.1,33.5,31.95,34.349,False,False,3.4743,False,True
統一(母公司/裸名稱) x 統一-城中,統一(母公司/裸名稱),統一-城中,2024-06-27,6753,2024-06-28,in_sample,6735.0,4.6461,2115.0,1.459,158.0,165.0,165.0,161.7,True,False,-2.3418,False,False
統一(母公司/裸名稱) x 統一-城中,統一(母公司/裸名稱),統一-城中,2024-06-28,3296,2024-07-01,in_sample,945.72,7.8506,92.655,0.7691,32.2,32.2,28.8,34.398,False,False,10.559,False,True
統一(母公司/裸名稱) x 統一-城中,統一(母公司/裸名稱),統一-城中,2024-06-28,3535,2024-07-01,in_sample,1717.41,3.3588,1494.54,2.9229,47.5,48.05,48.05,47.089,True,False,0.8653,False,True
統一(母公司/裸名稱) x 統一-城中,統一(母公司/裸名稱),統一-城中,2024-07-01,3047,2024-07-02,in_sample,5269.935,3.9359,3138.135,2.3438,32.85,34.45,34.45,33.761,True,False,-2.7732,False,False
統一(母公司/裸名稱) x 統一-城中,統一(母公司/裸名稱),統一-城中,2024-07-01,3535,2024-07-02,in_sample,1571.235,1.7143,1681.75,1.8349,49.6,52.8,50.0,51.744,True,False,-4.3226,False,False
統一(母公司/裸名稱) x 統一-城中,統一(母公司/裸名稱),統一-城中,2024-07-01,3675,2024-07-02,in_sample,1770.75,1.9466,668.95,0.7354,389.0,389.5,384.5,423.85,False,False,1.1568,False,True
統一(母公司/裸名稱) x 統一-城中,統一(母公司/裸名稱),統一-城中,2024-07-01,8064,2024-07-02,in_sample,2906.8,1.3752,1674.4,0.7922,52.2,53.4,51.4,56.056,False,False,1.5326,False,True
統一(母公司/裸名稱) x 統一-城中,統一(母公司/裸名稱),統一-城中,2024-07-02,2349,2024-07-03,in_sample,2229.045,1.2014,664.755,0.3583,14.35,15.0,15.0,14.7,True,False,-2.439,False,False
統一(母公司/裸名稱) x 統一-城中,統一(母公司/裸名稱),統一-城中,2024-07-02,3047,2024-07-03,in_sample,461.63,0.308,5339.75,3.5628,37.8,37.85,36.1,37.093,True,False,1.8704,False,True
統一(母公司/裸名稱) x 統一-城中,統一(母公司/裸名稱),統一-城中,2024-07-02,6443,2024-07-03,in_sample,6987.915,2.2873,3304.29,1.0815,31.9,32.25,30.95,33.761,False,False,2.9781,False,True
統一(母公司/裸名稱) x 統一-城中,統一(母公司/裸名稱),統一-城中,2024-07-02,6541,2024-07-03,in_sample,33.12,1.6881,27.6,1.4067,60.7,60.7,60.7,59.486,True,True,2.0,False,True
統一(母公司/裸名稱) x 統一-城中,統一(母公司/裸名稱),統一-城中,2024-07-03,2349,2024-07-04,in_sample,1674.0,2.2638,1690.5,2.2861,16.25,16.5,16.5,16.17,True,False,0.4923,False,True
統一(母公司/裸名稱) x 統一-城中,統一(母公司/裸名稱),統一-城中,2024-07-03,3450,2024-07-04,in_sample,8373.75,2.2479,9006.25,2.4177,139.5,150.5,141.0,147.98,True,False,-6.0789,False,False
統一(母公司/裸名稱) x 統一-城中,統一(母公司/裸名稱),統一-城中,2024-07-03,3498,2024-07-04,in_sample,1956.02,3.5242,1563.77,2.8175,55.0,57.5,57.5,56.35,True,False,-2.4545,False,False
統一(母公司/裸名稱) x 統一-城中,統一(母公司/裸名稱),統一-城中,2024-07-03,3615,2024-07-04,in_sample,490.61,0.9735,2325.215,4.6136,35.5,37.45,35.35,37.24,True,False,-4.9014,False,False
統一(母公司/裸名稱) x 統一-城中,統一(母公司/裸名稱),統一-城中,2024-07-03,6698,2024-07-04,in_sample,401.86,0.3764,1703.66,1.5956,60.6,61.0,55.9,60.956,True,False,-0.5875,False,False
統一(母公司/裸名稱) x 統一-城中,統一(母公司/裸名稱),統一-城中,2024-07-03,6870,2024-07-04,in_sample,552.5,11.8551,132.6,2.8452,223.5,239.0,231.5,238.14,True,False,-6.5503,False,False
統一(母公司/裸名稱) x 統一-城中,統一(母公司/裸名稱),統一-城中,2024-07-04,3498,2024-07-05,in_sample,1851.5,6.3099,1702.0,5.8004,62.5,63.2,63.2,61.936,True,False,0.9024,False,True
統一(母公司/裸名稱) x 統一-城中,統一(母公司/裸名稱),統一-城中,2024-07-04,3535,2024-07-05,in_sample,3742.2,3.1545,3769.2,3.1773,58.0,59.4,59.4,58.212,True,False,-0.3655,False,False
統一(母公司/裸名稱) x 統一-城中,統一(母公司/裸名稱),統一-城中,2024-07-04,3580,2024-07-05,in_sample,4014.08,3.6626,3494.4,3.1884,94.0,98.0,93.2,96.53,True,False,-2.6915,False,False
統一(母公司/裸名稱) x 統一-城中,統一(母公司/裸名稱),統一-城中,2024-07-04,6207,2024-07-05,in_sample,5028.53,4.0415,6024.36,4.8418,87.0,89.3,86.0,88.69,True,False,-1.9425,False,False
統一(母公司/裸名稱) x 統一-城中,統一(母公司/裸名稱),統一-城中,2024-07-05,2427,2024-07-08,in_sample,406.525,0.2915,600.95,0.4309,38.0,38.8,33.15,38.073,True,False,-0.1921,False,False
統一(母公司/裸名稱) x 統一-城中,統一(母公司/裸名稱),統一-城中,2024-07-05,3047,2024-07-08,in_sample,7745.92,3.0736,7663.6,3.0409,42.85,43.1,43.1,42.238,True,False,1.4282,False,True
統一(母公司/裸名稱) x 統一-城中,統一(母公司/裸名稱),統一-城中,2024-07-05,3535,2024-07-08,in_sample,1235.52,0.9393,3005.64,2.285,65.3,65.3,59.8,63.994,True,False,2.0,False,True
統一(母公司/裸名稱) x 統一-城中,統一(母公司/裸名稱),統一-城中,2024-07-05,4562,2024-07-08,in_sample,466.56,0.2736,4753.08,2.7871,77.1,80.1,72.1,78.498,True,False,-1.8132,False,False
統一(母公司/裸名稱) x 統一-城中,統一(母公司/裸名稱),統一-城中,2024-07-05,8064,2024-07-08,in_sample,2685.02,1.2549,2750.8,1.2857,61.0,63.2,58.1,64.386,False,False,4.7541,False,True
統一(母公司/裸名稱) x 統一-城中,統一(母公司/裸名稱),統一-城中,2024-07-05,9105,2024-07-08,in_sample,455.4,0.9762,297.0,0.6367,7.02,7.26,7.26,7.1148,True,False,-1.3504,False,False
統一(母公司/裸名稱) x 統一-城中,統一(母公司/裸名稱),統一-城中,2024-07-08,3047,2024-07-09,in_sample,1982.6,1.4243,659.43,0.4737,44.6,46.8,39.75,46.452,True,False,-4.1525,False,False
統一(母公司/裸名稱) x 統一-城中,統一(母公司/裸名稱),統一-城中,2024-07-08,4153,2024-07-09,in_sample,398.0,10.1569,24.875,0.6348,52.8,53.2,48.85,53.606,False,False,7.4811,False,True
統一(母公司/裸名稱) x 統一-城中,統一(母公司/裸名稱),統一-城中,2024-07-09,6811,2024-07-10,in_sample,4498.2,8.3209,1560.6,2.8868,311.0,312.5,300.5,329.77,False,False,3.3762,False,True
統一(母公司/裸名稱) x 統一-城中,統一(母公司/裸名稱),統一-城中,2024-07-09,6937,2024-07-10,in_sample,2739.1,5.2004,614.9,1.1674,290.0,307.0,306.0,300.86,True,False,-3.7448,False,False
統一(母公司/裸名稱) x 統一-城中,統一(母公司/裸名稱),統一-城中,2024-07-10,2243,2024-07-11,in_sample,737.44,2.6758,1053.785,3.8236,21.0,23.0,23.0,22.54,True,False,-7.3333,False,False
統一(母公司/裸名稱) x 統一-城中,統一(母公司/裸名稱),統一-城中,2024-07-12,2489,2024-07-15,in_sample,13906.2,7.0924,8680.35,4.4271,26.65,26.95,26.0,26.411,True,False,0.8968,False,True
統一(母公司/裸名稱) x 統一-城中,統一(母公司/裸名稱),統一-城中,2024-07-12,3022,2024-07-15,in_sample,3595.8,5.3753,3623.46,5.4167,101.0,101.0,95.0,98.98,True,False,2.0,False,True
統一(母公司/裸名稱) x 統一-城中,統一(母公司/裸名稱),統一-城中,2024-07-15,5529,2024-07-16,in_sample,179.86,1.9342,113.39,1.2194,39.05,41.0,39.7,42.14,False,False,-1.6645,False,False
統一(母公司/裸名稱) x 統一-城中,統一(母公司/裸名稱),統一-城中,2024-07-16,2537,2024-07-17,in_sample,3267.0,2.0257,4265.25,2.6446,28.5,29.75,27.3,29.645,True,False,-4.0175,False,False
統一(母公司/裸名稱) x 統一-城中,統一(母公司/裸名稱),統一-城中,2024-07-16,3013,2024-07-17,in_sample,16426.8,3.1731,8735.85,1.6875,127.0,133.5,133.5,130.83,True,False,-3.0157,False,False
統一(母公司/裸名稱) x 統一-城中,統一(母公司/裸名稱),統一-城中,2024-07-17,3073,2024-07-18,in_sample,286.96,1.9964,59.08,0.411,85.0,92.8,92.8,90.944,True,False,-6.9929,False,False
統一(母公司/裸名稱) x 統一-城中,統一(母公司/裸名稱),統一-城中,2024-07-17,4909,2024-07-18,in_sample,5980.5,3.5434,5778.0,3.4235,136.5,139.5,129.5,145.53,False,False,5.1282,False,True
統一(母公司/裸名稱) x 統一-城中,統一(母公司/裸名稱),統一-城中,2024-07-17,8054,2024-07-18,in_sample,11611.6,2.0372,7502.3,1.3162,187.0,190.0,175.0,202.86,False,False,6.4171,False,True
統一(母公司/裸名稱) x 統一-城中,統一(母公司/裸名稱),統一-城中,2024-07-17,8105,2024-07-18,in_sample,2275.92,1.9866,1271.36,1.1098,23.7,24.25,23.3,24.99,False,False,1.6878,False,True
統一(母公司/裸名稱) x 統一-城中,統一(母公司/裸名稱),統一-城中,2024-07-19,4566,2024-07-22,in_sample,7224.0,3.1103,3068.8,1.3213,113.0,115.0,101.0,120.54,False,False,10.6195,False,True
統一(母公司/裸名稱) x 統一-城中,統一(母公司/裸名稱),統一-城中,2024-07-23,6021,2024-07-26,in_sample,380.7,11.1371,117.5,3.4374,23.1,24.65,23.15,25.333,False,False,-0.2165,False,False
統一(母公司/裸名稱) x 統一-城中,統一(母公司/裸名稱),統一-城中,2024-07-29,2442,2024-07-30,in_sample,540.125,0.8105,458.175,0.6875,37.95,38.2,36.15,40.131,False,False,4.7431,False,True
統一(母公司/裸名稱) x 統一-城中,統一(母公司/裸名稱),統一-城中,2024-07-29,3188,2024-07-30,in_sample,2368.48,5.3468,859.36,1.94,55.1,55.5,52.0,56.448,False,False,5.6261,False,True
統一(母公司/裸名稱) x 統一-城中,統一(母公司/裸名稱),統一-城中,2024-07-29,6219,2024-07-30,in_sample,911.82,3.9994,1485.12,6.514,54.2,55.9,54.9,58.8,False,False,-1.2915,False,False
統一(母公司/裸名稱) x 統一-城中,統一(母公司/裸名稱),統一-城中,2024-07-30,3374,2024-07-31,in_sample,12576.6,3.0607,7642.35,1.8599,228.0,236.0,234.5,246.96,False,False,-2.8509,False,False
統一(母公司/裸名稱) x 統一-城中,統一(母公司/裸名稱),統一-城中,2024-07-30,3663,2024-07-31,in_sample,4461.76,1.554,550.08,0.1916,77.2,84.0,84.0,82.32,True,False,-6.6321,False,False
統一(母公司/裸名稱) x 統一-城中,統一(母公司/裸名稱),統一-城中,2024-07-30,5525,2024-07-31,in_sample,320.25,4.2302,237.9,3.1424,45.45,45.7,44.5,49.294,False,False,2.0902,False,True
統一(母公司/裸名稱) x 統一-城中,統一(母公司/裸名稱),統一-城中,2024-08-01,1438,2024-08-02,in_sample,646.0,3.1501,1282.5,6.2538,97.1,100.5,86.8,102.41,False,False,10.6076,False,True
統一(母公司/裸名稱) x 統一-城中,統一(母公司/裸名稱),統一-城中,2024-08-01,1805,2024-08-02,in_sample,341.04,5.0657,116.0,1.723,22.95,24.5,23.5,24.99,False,False,-2.3965,False,False
統一(母公司/裸名稱) x 統一-城中,統一(母公司/裸名稱),統一-城中,2024-08-01,4714,2024-08-02,in_sample,303.455,1.2967,403.13,1.7226,21.65,22.1,21.3,23.863,False,False,1.6166,False,True
統一(母公司/裸名稱) x 統一-城中,統一(母公司/裸名稱),統一-城中,2024-08-01,8054,2024-08-02,in_sample,10970.7,2.5382,2167.75,0.5015,181.0,186.0,178.0,202.86,False,False,1.6575,False,True
統一(母公司/裸名稱) x 統一-城中,統一(母公司/裸名稱),統一-城中,2024-08-01,9906,2024-08-02,in_sample,2049.6,2.1302,1281.0,1.3314,218.0,227.0,208.0,229.81,False,False,4.5872,False,True
統一(母公司/裸名稱) x 統一-城中,統一(母公司/裸名稱),統一-城中,2024-08-02,4510,2024-08-05,in_sample,1002.15,1.259,1801.575,2.2634,38.5,41.0,34.45,41.209,False,False,10.5195,False,True
統一(母公司/裸名稱) x 統一-城中,統一(母公司/裸名稱),統一-城中,2024-08-07,3231,2024-08-08,in_sample,13679.25,2.6557,4660.5,0.9048,95.0,95.8,94.8,104.86,False,False,0.2105,False,True
統一(母公司/裸名稱) x 統一-城中,統一(母公司/裸名稱),統一-城中,2024-08-07,3312,2024-08-08,in_sample,2493.9,4.3446,3717.9,6.4769,75.6,77.3,74.0,82.418,False,False,2.1164,False,True
統一(母公司/裸名稱) x 統一-城中,統一(母公司/裸名稱),統一-城中,2024-08-07,3376,2024-08-08,in_sample,4956.9,3.2692,2176.2,1.4353,198.0,205.0,199.0,217.07,False,False,-0.5051,False,False
統一(母公司/裸名稱) x 統一-城中,統一(母公司/裸名稱),統一-城中,2024-08-07,4510,2024-08-08,in_sample,3140.8,1.9027,3473.6,2.1043,43.1,44.9,42.55,44.835,True,False,-4.0255,False,False
統一(母公司/裸名稱) x 統一-城中,統一(母公司/裸名稱),統一-城中,2024-08-07,5364,2024-08-08,in_sample,191.8,8.8796,57.54,2.6639,26.6,28.7,28.5,29.498,False,False,-7.1429,False,False
統一(母公司/裸名稱) x 統一-城中,統一(母公司/裸名稱),統一-城中,2024-08-07,8064,2024-08-08,in_sample,2565.65,4.4023,2602.68,4.4659,52.6,53.8,51.5,56.938,False,False,2.0913,False,True
統一(母公司/裸名稱) x 統一-城中,統一(母公司/裸名稱),統一-城中,2024-08-07,9906,2024-08-08,in_sample,546.0,0.9591,3042.0,5.3434,199.5,213.5,207.5,210.21,True,False,-5.3684,False,False
統一(母公司/裸名稱) x 統一-城中,統一(母公司/裸名稱),統一-城中,2024-08-08,3663,2024-08-09,in_sample,3640.78,0.9973,8692.58,2.381,95.8,95.8,95.8,93.884,True,True,2.0,False,True
統一(母公司/裸名稱) x 統一-城中,統一(母公司/裸名稱),統一-城中,2024-08-08,6870,2024-08-09,in_sample,614.25,10.5069,318.5,5.448,230.0,238.5,231.0,245.0,False,False,-0.4348,False,False
統一(母公司/裸名稱) x 統一-城中,統一(母公司/裸名稱),統一-城中,2024-08-09,3535,2024-08-12,in_sample,4384.8,4.9765,3039.12,3.4493,68.4,71.4,68.1,81.438,False,False,0.4386,False,True
統一(母公司/裸名稱) x 統一-城中,統一(母公司/裸名稱),統一-城中,2024-08-09,8374,2024-08-12,in_sample,638.4,0.3687,6410.6,3.7023,138.0,140.5,122.5,143.08,False,False,11.2319,False,True
統一(母公司/裸名稱) x 統一-城中,統一(母公司/裸名稱),統一-城中,2024-08-13,7402,2024-08-14,in_sample,413.6,8.0844,52.8,1.0321,89.0,92.1,86.3,94.864,False,False,3.0337,False,True
統一(母公司/裸名稱) x 統一-城中,統一(母公司/裸名稱),統一-城中,2024-08-13,8374,2024-08-14,in_sample,2044.4,1.1613,3402.85,1.933,147.5,147.5,147.5,144.55,True,True,2.0,False,True
統一(母公司/裸名稱) x 統一-城中,統一(母公司/裸名稱),統一-城中,2024-08-14,3663,2024-08-15,in_sample,6645.8,3.6283,5918.6,3.2313,104.0,107.5,98.5,108.78,False,False,5.2885,False,True
統一(母公司/裸名稱) x 統一-城中,統一(母公司/裸名稱),統一-城中,2024-08-14,5364,2024-08-15,in_sample,321.555,7.3037,165.75,3.7648,34.0,36.45,36.15,35.721,True,False,-5.0618,False,False
統一(母公司/裸名稱) x 統一-城中,統一(母公司/裸名稱),統一-城中,2024-08-14,8374,2024-08-15,in_sample,973.5,2.0131,1032.5,2.1351,152.0,154.0,147.0,158.76,False,False,3.2895,False,True
統一(母公司/裸名稱) x 統一-城中,統一(母公司/裸名稱),統一-城中,2024-08-15,2070,2024-08-16,in_sample,585.9,1.4048,318.99,0.7648,69.5,71.6,71.6,70.168,True,False,-0.9612,False,False
統一(母公司/裸名稱) x 統一-城中,統一(母公司/裸名稱),統一-城中,2024-08-15,8096,2024-08-16,in_sample,8981.36,1.788,7351.72,1.4635,54.3,56.2,52.1,56.448,False,False,4.0516,False,True
統一(母公司/裸名稱) x 統一-城中,統一(母公司/裸名稱),統一-城中,2024-08-16,2243,2024-08-19,in_sample,313.575,1.9039,847.5,5.1456,29.6,30.15,28.6,30.429,False,False,3.3784,False,True
統一(母公司/裸名稱) x 統一-城中,統一(母公司/裸名稱),統一-城中,2024-08-16,3047,2024-08-19,in_sample,10429.155,2.9123,11133.045,3.1088,45.9,46.7,44.65,48.02,False,False,2.7233,False,True
統一(母公司/裸名稱) x 統一-城中,統一(母公司/裸名稱),統一-城中,2024-08-16,3645,2024-08-19,in_sample,3084.24,6.2207,2546.67,5.1365,58.5,58.9,56.8,58.506,True,False,-0.0103,False,False
統一(母公司/裸名稱) x 統一-城中,統一(母公司/裸名稱),統一-城中,2024-08-19,3535,2024-08-20,in_sample,4861.15,4.3629,3940.09,3.5362,75.5,80.4,80.4,78.792,True,False,-4.3603,False,False
統一(母公司/裸名稱) x 統一-城中,統一(母公司/裸名稱),統一-城中,2024-08-19,3663,2024-08-20,in_sample,7660.1,2.7076,11403.35,4.0307,111.5,113.5,110.5,116.62,False,False,0.8969,False,True
統一(母公司/裸名稱) x 統一-城中,統一(母公司/裸名稱),統一-城中,2024-08-19,4909,2024-08-20,in_sample,8495.55,3.6571,5389.65,2.3201,132.0,132.5,128.5,140.63,False,False,2.6515,False,True
統一(母公司/裸名稱) x 統一-城中,統一(母公司/裸名稱),統一-城中,2024-08-19,8089,2024-08-20,in_sample,2102.7,3.5941,1935.0,3.3074,134.0,141.5,141.5,138.67,True,False,-3.4851,False,False
統一(母公司/裸名稱) x 統一-城中,統一(母公司/裸名稱),統一-城中,2024-08-20,3167,2024-08-21,in_sample,2972.2,1.9847,1013.25,0.6766,97.5,99.5,93.5,103.88,False,False,4.1026,False,True
統一(母公司/裸名稱) x 統一-城中,統一(母公司/裸名稱),統一-城中,2024-08-20,3535,2024-08-21,in_sample,3682.32,1.0944,3304.44,0.9821,82.0,84.0,78.4,86.632,False,False,4.3902,False,True
統一(母公司/裸名稱) x 統一-城中,統一(母公司/裸名稱),統一-城中,2024-08-21,3073,2024-08-22,in_sample,418.56,1.375,87.2,0.2865,92.9,94.7,87.5,93.982,True,False,-1.1647,False,False
統一(母公司/裸名稱) x 統一-城中,統一(母公司/裸名稱),統一-城中,2024-08-22,3189,2024-08-23,in_sample,9051.3,4.9122,5243.2,2.8455,114.5,115.5,112.5,121.52,False,False,1.7467,False,True
統一(母公司/裸名稱) x 統一-城中,統一(母公司/裸名稱),統一-城中,2024-08-23,2424,2024-08-26,in_sample,21.12,2.1822,28.16,2.9096,36.65,38.7,38.7,37.926,True,False,-3.4816,False,False
統一(母公司/裸名稱) x 統一-城中,統一(母公司/裸名稱),統一-城中,2024-08-23,5481,2024-08-26,in_sample,312.36,2.3113,52.44,0.388,23.3,25.05,23.5,24.549,True,False,-5.3605,False,False
統一(母公司/裸名稱) x 統一-城中,統一(母公司/裸名稱),統一-城中,2024-08-26,2424,2024-08-27,in_sample,19.35,2.9497,61.92,9.4392,42.55,42.55,42.55,41.699,True,True,2.0,False,True
統一(母公司/裸名稱) x 統一-城中,統一(母公司/裸名稱),統一-城中,2024-08-26,3325,2024-08-27,in_sample,248.425,5.27,39.225,0.8321,26.5,26.9,25.2,28.175,False,False,4.9057,False,True
統一(母公司/裸名稱) x 統一-城中,統一(母公司/裸名稱),統一-城中,2024-08-26,6210,2024-08-27,in_sample,235.77,7.6984,121.95,3.9819,28.0,28.0,25.8,29.204,False,False,7.8571,False,True
統一(母公司/裸名稱) x 統一-城中,統一(母公司/裸名稱),統一-城中,2024-08-27,5386,2024-08-28,in_sample,810.0,1.2561,5070.0,7.8622,103.0,105.0,101.5,107.8,False,False,1.4563,False,True
統一(母公司/裸名稱) x 統一-城中,統一(母公司/裸名稱),統一-城中,2024-08-27,6658,2024-08-28,in_sample,388.0,2.1806,186.24,1.0467,77.0,78.5,74.9,83.594,False,False,2.7273,False,True
統一(母公司/裸名稱) x 統一-城中,統一(母公司/裸名稱),統一-城中,2024-08-27,8039,2024-08-28,in_sample,2813.49,0.579,4878.17,1.0038,73.0,73.4,70.1,78.302,False,False,3.9726,False,True
統一(母公司/裸名稱) x 統一-城中,統一(母公司/裸名稱),統一-城中,2024-08-28,4510,2024-08-29,in_sample,2495.08,2.5849,952.28,0.9865,55.3,58.0,52.9,57.33,True,False,-3.6709,False,False
統一(母公司/裸名稱) x 統一-城中,統一(母公司/裸名稱),統一-城中,2024-08-28,4561,2024-08-29,in_sample,1698.75,2.1622,249.15,0.3171,76.5,83.0,83.0,81.34,True,False,-6.3268,False,False
統一(母公司/裸名稱) x 統一-城中,統一(母公司/裸名稱),統一-城中,2024-08-28,6151,2024-08-29,in_sample,3509.66,4.9351,1617.66,2.2747,48.8,50.3,46.75,50.96,False,False,4.2008,False,True
統一(母公司/裸名稱) x 統一-城中,統一(母公司/裸名稱),統一-城中,2024-08-30,1735,2024-09-02,in_sample,17.4,0.9278,21.75,1.1598,23.9,23.9,23.9,23.422,True,True,2.0,False,True
統一(母公司/裸名稱) x 統一-城中,統一(母公司/裸名稱),統一-城中,2024-08-30,6658,2024-09-02,in_sample,5429.95,7.7089,248.7,0.3531,86.0,89.0,80.6,89.278,False,False,6.2791,False,True
統一(母公司/裸名稱) x 統一-城中,統一(母公司/裸名稱),統一-城中,2024-09-03,1540,2024-09-04,in_sample,4961.45,4.8471,2150.71,2.1012,44.5,46.65,46.5,48.363,False,False,-4.4944,False,False
統一(母公司/裸名稱) x 統一-城中,統一(母公司/裸名稱),統一-城中,2024-09-03,4562,2024-09-04,in_sample,4174.88,4.63,3670.48,4.0706,74.8,76.9,73.8,83.594,False,False,1.3369,False,True
統一(母公司/裸名稱) x 統一-城中,統一(母公司/裸名稱),統一-城中,2024-09-10,2070,2024-09-11,in_sample,105.96,0.2633,123.62,0.3072,86.5,87.2,79.5,95.158,False,False,8.0925,False,True
統一(母公司/裸名稱) x 統一-城中,統一(母公司/裸名稱),統一-城中,2024-09-12,4510,2024-09-13,in_sample,4836.74,1.761,1701.34,0.6194,53.0,53.4,49.3,55.37,False,False,6.9811,False,True
統一(母公司/裸名稱) x 統一-城中,統一(母公司/裸名稱),統一-城中,2024-09-13,2070,2024-09-16,in_sample,5871.71,2.4504,2440.94,1.0187,100.5,105.5,105.5,103.39,True,False,-2.8756,False,False
統一(母公司/裸名稱) x 統一-城中,統一(母公司/裸名稱),統一-城中,2024-09-13,4571,2024-09-16,in_sample,2409.75,2.8061,678.3,0.7899,184.0,185.5,175.5,192.08,False,False,4.6196,False,True
統一(母公司/裸名稱) x 統一-城中,統一(母公司/裸名稱),統一-城中,2024-09-13,6546,2024-09-16,in_sample,3389.05,1.8092,2862.8,1.5283,217.0,227.5,218.5,226.87,True,False,-4.5484,False,False
統一(母公司/裸名稱) x 統一-城中,統一(母公司/裸名稱),統一-城中,2024-09-13,6609,2024-09-16,in_sample,1889.58,2.8782,1415.14,2.1556,84.2,89.9,89.9,88.102,True,False,-4.6342,False,False
統一(母公司/裸名稱) x 統一-城中,統一(母公司/裸名稱),統一-城中,2024-09-13,8249,2024-09-16,in_sample,3503.96,2.4969,2946.74,2.0998,55.2,55.2,55.2,54.096,True,False,2.0,False,True
統一(母公司/裸名稱) x 統一-城中,統一(母公司/裸名稱),統一-城中,2024-09-16,2477,2024-09-18,in_sample,310.2,0.538,3366.375,5.8386,35.1,35.9,33.2,37.975,False,False,5.4131,False,True
統一(母公司/裸名稱) x 統一-城中,統一(母公司/裸名稱),統一-城中,2024-09-18,2399,2024-09-19,in_sample,6731.27,3.8243,941.695,0.535,29.5,31.25,31.25,30.625,True,False,-3.8136,False,False
統一(母公司/裸名稱) x 統一-城中,統一(母公司/裸名稱),統一-城中,2024-09-18,5234,2024-09-19,in_sample,3802.05,1.5313,2087.4,0.8407,259.0,267.0,244.0,267.54,False,False,5.7915,False,True
統一(母公司/裸名稱) x 統一-城中,統一(母公司/裸名稱),統一-城中,2024-09-18,5438,2024-09-19,in_sample,631.06,1.7519,419.78,1.1654,28.75,28.75,27.05,29.939,False,False,5.913,False,True
統一(母公司/裸名稱) x 統一-城中,統一(母公司/裸名稱),統一-城中,2024-09-19,3227,2024-09-20,in_sample,6783.2,2.1219,2562.0,0.8014,249.5,267.5,259.0,262.64,True,False,-5.2665,False,False
統一(母公司/裸名稱) x 統一-城中,統一(母公司/裸名稱),統一-城中,2024-09-19,6104,2024-09-20,in_sample,5212.5,2.0764,2140.6,0.8527,142.0,152.5,138.5,149.45,True,False,-5.2465,False,False
統一(母公司/裸名稱) x 統一-城中,統一(母公司/裸名稱),統一-城中,2024-09-20,1727,2024-09-23,in_sample,1283.895,1.6861,1865.595,2.45,43.35,44.0,40.25,44.786,False,False,7.1511,False,True
統一(母公司/裸名稱) x 統一-城中,統一(母公司/裸名稱),統一-城中,2024-09-20,4542,2024-09-23,in_sample,2575.8,1.7753,2925.6,2.0164,110.5,114.5,105.0,114.17,True,False,-3.3213,False,False
統一(母公司/裸名稱) x 統一-城中,統一(母公司/裸名稱),統一-城中,2024-09-23,6658,2024-09-24,in_sample,194.48,1.1176,164.56,0.9457,74.9,77.0,74.2,80.556,False,False,0.9346,False,True
統一(母公司/裸名稱) x 統一-城中,統一(母公司/裸名稱),統一-城中,2024-09-23,6873,2024-09-24,in_sample,1344.2,2.0826,3432.0,5.3173,286.0,293.0,286.0,308.21,False,False,0.0,False,False
統一(母公司/裸名稱) x 統一-城中,統一(母公司/裸名稱),統一-城中,2024-09-24,3550,2024-09-25,in_sample,2623.725,2.0185,1205.1,0.9271,30.4,31.9,28.2,31.507,True,False,-3.6414,False,False
統一(母公司/裸名稱) x 統一-城中,統一(母公司/裸名稱),統一-城中,2024-09-24,3622,2024-09-25,in_sample,2595.05,2.1513,2361.13,1.9574,74.4,75.3,73.5,78.792,False,False,1.2097,False,True
統一(母公司/裸名稱) x 統一-城中,統一(母公司/裸名稱),統一-城中,2024-09-24,4903,2024-09-25,in_sample,1506.115,2.953,1394.255,2.7336,40.0,40.75,38.65,43.022,False,False,3.375,False,True
統一(母公司/裸名稱) x 統一-城中,統一(母公司/裸名稱),統一-城中,2024-09-25,1540,2024-09-26,in_sample,4025.97,3.9228,3696.3,3.6016,51.8,51.8,46.5,53.802,False,False,10.2317,False,True
統一(母公司/裸名稱) x 統一-城中,統一(母公司/裸名稱),統一-城中,2024-09-25,3013,2024-09-26,in_sample,23022.05,3.7197,4952.5,0.8002,144.5,145.0,141.5,152.39,False,False,2.0761,False,True
統一(母公司/裸名稱) x 統一-城中,統一(母公司/裸名稱),統一-城中,2024-10-01,4903,2024-10-04,in_sample,3192.22,3.4514,802.19,0.8673,42.65,45.45,45.45,44.541,True,False,-4.4338,False,False
統一(母公司/裸名稱) x 統一-城中,統一(母公司/裸名稱),統一-城中,2024-10-01,8111,2024-10-04,in_sample,3931.065,2.6615,1794.36,1.2148,42.5,43.25,43.25,42.385,True,False,0.2706,False,True
統一(母公司/裸名稱) x 統一-城中,統一(母公司/裸名稱),統一-城中,2024-10-04,1595,2024-10-07,in_sample,2384.92,2.5274,1963.73,2.081,56.6,56.7,50.9,58.898,False,False,10.0707,False,True
統一(母公司/裸名稱) x 統一-城中,統一(母公司/裸名稱),統一-城中,2024-10-04,8111,2024-10-07,in_sample,1755.95,2.4216,1682.425,2.3202,44.5,47.0,44.7,46.599,True,False,-4.7169,False,False
統一(母公司/裸名稱) x 統一-城中,統一(母公司/裸名稱),統一-城中,2024-10-07,2399,2024-10-08,in_sample,3924.18,2.1821,4268.61,2.3736,40.6,41.45,39.75,41.699,False,False,2.0936,False,True
統一(母公司/裸名稱) x 統一-城中,統一(母公司/裸名稱),統一-城中,2024-10-07,3149,2024-10-08,in_sample,2922.15,2.8771,1570.8,1.5466,39.3,40.2,38.35,41.503,False,False,2.4173,False,True
統一(母公司/裸名稱) x 統一-城中,統一(母公司/裸名稱),統一-城中,2024-10-07,4903,2024-10-08,in_sample,4010.985,2.0769,1593.405,0.8251,51.6,52.1,48.65,53.802,False,False,5.7171,False,True
統一(母公司/裸名稱) x 統一-城中,統一(母公司/裸名稱),統一-城中,2024-10-07,6581,2024-10-08,in_sample,418.25,4.9348,358.5,4.2298,119.5,125.5,116.5,128.38,False,False,2.5105,False,True
統一(母公司/裸名稱) x 統一-城中,統一(母公司/裸名稱),統一-城中,2024-10-08,3025,2024-10-09,in_sample,5289.84,1.466,3004.83,0.8328,85.0,91.0,82.6,90.16,True,False,-6.0706,False,False
統一(母公司/裸名稱) x 統一-城中,統一(母公司/裸名稱),統一-城中,2024-10-16,4562,2024-10-17,in_sample,1789.22,5.483,2455.28,7.5242,67.4,71.8,71.8,70.364,True,False,-4.3976,False,False
統一(母公司/裸名稱) x 統一-城中,統一(母公司/裸名稱),統一-城中,2024-10-16,4903,2024-10-17,in_sample,1778.88,1.4465,3008.32,2.4463,55.8,56.9,53.7,58.604,False,False,3.7634,False,True
統一(母公司/裸名稱) x 統一-城中,統一(母公司/裸名稱),統一-城中,2024-10-16,8374,2024-10-17,in_sample,3779.45,4.1385,5170.4,5.6615,145.5,151.5,141.5,151.41,True,False,-4.0619,False,False
統一(母公司/裸名稱) x 統一-城中,統一(母公司/裸名稱),統一-城中,2024-10-17,1540,2024-10-18,in_sample,2367.86,2.7438,3389.2,3.9273,46.55,48.5,45.2,49.294,False,False,2.9001,False,True
統一(母公司/裸名稱) x 統一-城中,統一(母公司/裸名稱),統一-城中,2024-10-17,1595,2024-10-18,in_sample,1532.25,1.8233,2544.75,3.0281,70.9,74.2,74.2,72.716,True,False,-2.5614,False,False
統一(母公司/裸名稱) x 統一-城中,統一(母公司/裸名稱),統一-城中,2024-10-17,4510,2024-10-18,in_sample,2314.62,2.3621,3423.42,3.4937,48.0,49.0,47.7,49.784,False,False,0.625,False,True
統一(母公司/裸名稱) x 統一-城中,統一(母公司/裸名稱),統一-城中,2024-10-17,4542,2024-10-18,in_sample,3972.5,2.5341,329.15,0.21,116.0,120.0,106.5,122.01,False,False,8.1897,False,True
統一(母公司/裸名稱) x 統一-城中,統一(母公司/裸名稱),統一-城中,2024-10-17,4562,2024-10-18,in_sample,3554.1,2.7294,5377.82,4.13,73.5,78.0,69.8,77.322,True,False,-5.2,False,False
統一(母公司/裸名稱) x 統一-城中,統一(母公司/裸名稱),統一-城中,2024-10-17,5392,2024-10-18,in_sample,261.2,0.9726,963.175,3.5866,33.0,33.65,31.6,35.182,False,False,4.2424,False,True
統一(母公司/裸名稱) x 統一-城中,統一(母公司/裸名稱),統一-城中,2024-10-18,4576,2024-10-21,in_sample,1883.45,0.7632,5054.15,2.048,143.5,146.0,141.5,146.02,False,False,1.3937,False,True
統一(母公司/裸名稱) x 統一-城中,統一(母公司/裸名稱),統一-城中,2024-10-21,1528,2024-10-22,in_sample,1785.96,3.6985,967.395,2.0033,19.25,19.95,19.95,19.551,True,False,-1.5636,False,False
統一(母公司/裸名稱) x 統一-城中,統一(母公司/裸名稱),統一-城中,2024-10-22,6405,2024-10-23,in_sample,1427.37,1.1855,1946.855,1.6169,49.55,51.4,49.55,52.332,False,False,0.0,False,False
統一(母公司/裸名稱) x 統一-城中,統一(母公司/裸名稱),統一-城中,2024-10-24,3447,2024-10-25,in_sample,3727.68,2.3363,3388.8,2.1239,74.2,77.6,77.6,76.048,True,False,-2.4906,False,False
統一(母公司/裸名稱) x 統一-城中,統一(母公司/裸名稱),統一-城中,2024-10-24,4545,2024-10-25,in_sample,3210.3,3.8811,457.56,0.5532,76.9,78.0,72.2,79.478,False,False,6.1118,False,True
統一(母公司/裸名稱) x 統一-城中,統一(母公司/裸名稱),統一-城中,2024-10-25,2477,2024-10-28,in_sample,5039.615,6.264,614.215,0.7634,38.7,40.8,34.75,41.111,False,False,10.2067,False,True
統一(母公司/裸名稱) x 統一-城中,統一(母公司/裸名稱),統一-城中,2024-11-01,4991,2024-11-04,in_sample,2726.9,4.2554,810.7,1.2651,75.8,81.0,81.0,79.38,True,False,-4.723,False,False
統一(母公司/裸名稱) x 統一-城中,統一(母公司/裸名稱),統一-城中,2024-11-04,4903,2024-11-05,in_sample,3640.32,2.7483,6113.28,4.6153,53.1,56.1,51.7,55.174,True,False,-3.9058,False,False
統一(母公司/裸名稱) x 統一-城中,統一(母公司/裸名稱),統一-城中,2024-11-04,4991,2024-11-05,in_sample,6326.1,2.4575,2656.8,1.0321,83.5,86.2,83.5,87.318,False,False,0.0,False,False
統一(母公司/裸名稱) x 統一-城中,統一(母公司/裸名稱),統一-城中,2024-11-04,5460,2024-11-05,in_sample,1053.795,9.6804,702.53,6.4536,21.55,22.7,20.75,23.226,False,False,3.7123,False,True
統一(母公司/裸名稱) x 統一-城中,統一(母公司/裸名稱),統一-城中,2024-11-04,6530,2024-11-05,in_sample,5804.28,5.465,5771.16,5.4338,85.9,86.7,82.3,89.18,False,False,4.1909,False,True
統一(母公司/裸名稱) x 統一-城中,統一(母公司/裸名稱),統一-城中,2024-11-05,4729,2024-11-06,in_sample,249.6,1.1233,112.0,0.5041,32.15,32.55,30.75,34.496,False,False,4.3546,False,True
統一(母公司/裸名稱) x 統一-城中,統一(母公司/裸名稱),統一-城中,2024-11-06,3552,2024-11-07,in_sample,91.35,0.5704,101.5,0.6338,107.0,110.5,103.5,109.27,True,False,-2.1215,False,False
統一(母公司/裸名稱) x 統一-城中,統一(母公司/裸名稱),統一-城中,2024-11-07,3498,2024-11-08,in_sample,1649.34,2.1778,228.69,0.302,70.3,71.5,65.5,74.676,False,False,6.8279,False,True
統一(母公司/裸名稱) x 統一-城中,統一(母公司/裸名稱),統一-城中,2024-11-08,3303,2024-11-11,in_sample,6062.4,4.8001,6415.2,5.0795,68.3,69.8,64.8,77.616,False,False,5.1245,False,True
統一(母公司/裸名稱) x 統一-城中,統一(母公司/裸名稱),統一-城中,2024-11-08,3706,2024-11-11,in_sample,4849.2,0.9712,6247.8,1.2513,59.4,59.4,59.4,58.212,True,True,2.0,False,True
統一(母公司/裸名稱) x 統一-城中,統一(母公司/裸名稱),統一-城中,2024-11-12,4931,2024-11-13,in_sample,4342.245,2.5525,3848.32,2.2622,45.0,47.2,47.2,46.256,True,False,-2.7911,False,False
統一(母公司/裸名稱) x 統一-城中,統一(母公司/裸名稱),統一-城中,2024-11-12,8089,2024-11-13,in_sample,3442.8,3.612,3670.8,3.8512,117.0,117.5,111.0,122.5,False,False,5.1282,False,True
統一(母公司/裸名稱) x 統一-城中,統一(母公司/裸名稱),統一-城中,2024-11-14,6739,2024-11-15,in_sample,3831.95,8.388,1329.0,2.9091,227.0,228.0,199.5,238.63,False,False,12.1145,False,True
統一(母公司/裸名稱) x 統一-城中,統一(母公司/裸名稱),統一-城中,2024-11-18,3323,2024-11-19,in_sample,1551.89,7.4223,2823.88,13.506,32.65,34.2,34.2,33.516,True,False,-2.6524,False,False
統一(母公司/裸名稱) x 統一-城中,統一(母公司/裸名稱),統一-城中,2024-11-18,3511,2024-11-19,in_sample,1252.025,3.2194,2044.29,5.2567,42.0,45.15,45.15,44.247,True,False,-5.35,False,False
統一(母公司/裸名稱) x 統一-城中,統一(母公司/裸名稱),統一-城中,2024-11-18,4577,2024-11-19,in_sample,601.835,6.7698,177.19,1.9931,31.5,31.6,29.3,32.928,False,False,6.9841,False,True
統一(母公司/裸名稱) x 統一-城中,統一(母公司/裸名稱),統一-城中,2024-11-18,8104,2024-11-19,in_sample,3252.06,4.0524,3887.52,4.8443,52.5,52.9,50.6,57.526,False,False,3.619,False,True
統一(母公司/裸名稱) x 統一-城中,統一(母公司/裸名稱),統一-城中,2024-11-19,1569,2024-11-20,in_sample,1556.1,4.7257,2470.0,7.5011,49.35,54.3,54.3,53.214,True,False,-7.8298,False,False
統一(母公司/裸名稱) x 統一-城中,統一(母公司/裸名稱),統一-城中,2024-11-19,3511,2024-11-20,in_sample,2054.325,1.5029,4058.985,2.9696,47.5,47.55,44.25,48.657,False,False,6.8421,False,True
統一(母公司/裸名稱) x 統一-城中,統一(母公司/裸名稱),統一-城中,2024-11-19,6558,2024-11-20,in_sample,2503.125,8.7263,3050.0,10.6328,31.25,31.6,28.15,33.663,False,False,9.92,False,True
統一(母公司/裸名稱) x 統一-城中,統一(母公司/裸名稱),統一-城中,2024-11-21,3323,2024-11-22,in_sample,2350.775,4.2425,4602.57,8.3063,36.55,37.95,35.35,38.073,False,False,3.2832,False,True
統一(母公司/裸名稱) x 統一-城中,統一(母公司/裸名稱),統一-城中,2024-11-21,6558,2024-11-22,in_sample,1374.18,8.3838,3088.81,18.8448,32.5,33.6,32.2,33.32,True,False,-2.5231,False,False
統一(母公司/裸名稱) x 統一-城中,統一(母公司/裸名稱),統一-城中,2024-11-21,6870,2024-11-22,in_sample,267.0,3.6331,534.0,7.2662,276.5,292.0,267.0,287.63,True,False,-4.0253,False,False
統一(母公司/裸名稱) x 統一-城中,統一(母公司/裸名稱),統一-城中,2024-11-22,2233,2024-11-25,in_sample,5502.0,4.7968,4932.15,4.3,202.0,205.0,197.0,211.68,False,False,2.4752,False,True
統一(母公司/裸名稱) x 統一-城中,統一(母公司/裸名稱),統一-城中,2024-11-22,3558,2024-11-25,in_sample,1734.6,2.57,1032.5,1.5298,208.0,215.0,207.0,222.46,False,False,0.4808,False,True
統一(母公司/裸名稱) x 統一-城中,統一(母公司/裸名稱),統一-城中,2024-11-22,5314,2024-11-25,in_sample,1881.0,5.1328,1710.0,4.6662,345.5,368.0,358.0,368.48,False,False,-3.6179,False,False
統一(母公司/裸名稱) x 統一-城中,統一(母公司/裸名稱),統一-城中,2024-11-22,6546,2024-11-25,in_sample,8456.0,10.605,742.0,0.9306,142.5,145.0,135.5,150.92,False,False,4.9123,False,True
統一(母公司/裸名稱) x 統一-城中,統一(母公司/裸名稱),統一-城中,2024-11-25,3323,2024-11-26,in_sample,2350.425,3.6924,2668.995,4.1929,39.4,40.75,40.75,41.846,False,False,-3.4264,False,False
統一(母公司/裸名稱) x 統一-城中,統一(母公司/裸名稱),統一-城中,2024-11-25,6558,2024-11-26,in_sample,1575.3,3.2449,1596.54,3.2887,35.75,37.5,35.75,38.122,False,False,0.0,False,False
統一(母公司/裸名稱) x 統一-城中,統一(母公司/裸名稱),統一-城中,2024-11-26,2070,2024-11-27,in_sample,2120.0,6.2017,2128.48,6.2265,88.5,93.2,93.2,91.336,True,False,-3.2045,False,False
統一(母公司/裸名稱) x 統一-城中,統一(母公司/裸名稱),統一-城中,2024-11-26,4562,2024-11-27,in_sample,2808.54,1.6889,2555.92,1.537,76.0,77.2,68.0,80.066,False,False,10.5263,False,True
統一(母公司/裸名稱) x 統一-城中,統一(母公司/裸名稱),統一-城中,2024-11-27,2070,2024-11-28,in_sample,1435.28,1.0405,1398.0,1.0135,96.5,97.7,85.6,100.45,False,False,11.2953,False,True
統一(母公司/裸名稱) x 統一-城中,統一(母公司/裸名稱),統一-城中,2024-11-27,4510,2024-11-28,in_sample,6626.41,4.3864,8545.82,5.6569,52.4,56.5,47.1,56.35,True,False,-7.5382,False,False
統一(母公司/裸名稱) x 統一-城中,統一(母公司/裸名稱),統一-城中,2024-11-27,4991,2024-11-28,in_sample,4417.75,1.225,4007.75,1.1113,102.5,103.0,92.3,110.25,False,False,9.9512,False,True
統一(母公司/裸名稱) x 統一-城中,統一(母公司/裸名稱),統一-城中,2024-11-27,6174,2024-11-28,in_sample,240.12,2.0062,276.0,2.306,29.0,30.0,27.0,29.743,True,False,-2.5621,False,False
統一(母公司/裸名稱) x 統一-城中,統一(母公司/裸名稱),統一-城中,2024-11-29,2929,2024-12-02,in_sample,594.475,4.6584,644.14,5.0476,15.55,15.6,15.2,16.219,False,False,2.2508,False,True
統一(母公司/裸名稱) x 統一-城中,統一(母公司/裸名稱),統一-城中,2024-11-29,3323,2024-12-02,in_sample,3931.9,2.1741,3177.5,1.757,43.65,45.1,43.0,44.198,True,False,-1.2554,False,False
統一(母公司/裸名稱) x 統一-城中,統一(母公司/裸名稱),統一-城中,2024-12-02,3558,2024-12-03,in_sample,862.6,0.8064,3450.4,3.2255,230.0,235.0,229.0,244.51,False,False,0.4348,False,True
統一(母公司/裸名稱) x 統一-城中,統一(母公司/裸名稱),統一-城中,2024-12-03,4912,2024-12-04,in_sample,2696.1,6.1768,167.7,0.3842,132.0,135.5,130.0,138.67,False,False,1.5152,False,True
統一(母公司/裸名稱) x 統一-城中,統一(母公司/裸名稱),統一-城中,2024-12-04,1815,2024-12-05,in_sample,7211.16,1.8575,4227.755,1.089,31.6,32.55,30.5,32.683,False,False,3.481,False,True
統一(母公司/裸名稱) x 統一-城中,統一(母公司/裸名稱),統一-城中,2024-12-04,3090,2024-12-05,in_sample,6986.44,3.9775,3306.5,1.8825,79.0,84.3,76.7,83.79,True,False,-6.0633,False,False
統一(母公司/裸名稱) x 統一-城中,統一(母公司/裸名稱),統一-城中,2024-12-04,4977,2024-12-05,in_sample,12669.8,4.903,5391.1,2.0863,147.0,150.0,148.5,153.86,False,False,-1.0204,False,False
統一(母公司/裸名稱) x 統一-城中,統一(母公司/裸名稱),統一-城中,2024-12-05,3029,2024-12-06,in_sample,821.5,0.3548,1881.5,0.8127,134.5,145.5,145.5,142.59,True,False,-6.0149,False,False
統一(母公司/裸名稱) x 統一-城中,統一(母公司/裸名稱),統一-城中,2024-12-06,6112,2024-12-09,in_sample,1545.42,1.4542,1605.32,1.5106,61.0,61.4,56.3,64.484,False,False,7.7049,False,True
統一(母公司/裸名稱) x 統一-城中,統一(母公司/裸名稱),統一-城中,2024-12-06,6214,2024-12-09,in_sample,5934.6,2.8406,6280.0,3.0059,159.5,165.0,164.0,169.05,False,False,-2.8213,False,False
統一(母公司/裸名稱) x 統一-城中,統一(母公司/裸名稱),統一-城中,2024-12-06,6689,2024-12-09,in_sample,1265.6,2.7461,3136.0,6.8044,114.0,115.5,110.0,120.54,False,False,3.5088,False,True
統一(母公司/裸名稱) x 統一-城中,統一(母公司/裸名稱),統一-城中,2024-12-09,1449,2024-12-10,in_sample,3783.67,5.7721,1813.13,2.766,29.15,29.3,26.25,31.409,False,False,9.9485,False,True
統一(母公司/裸名稱) x 統一-城中,統一(母公司/裸名稱),統一-城中,2024-12-12,4540,2024-12-13,in_sample,529.2,1.0848,1406.16,2.8825,51.6,55.0,52.5,54.292,True,False,-5.2171,False,False
統一(母公司/裸名稱) x 統一-城中,統一(母公司/裸名稱),統一-城中,2024-12-12,4577,2024-12-13,in_sample,417.0,4.5548,125.1,1.3664,35.95,36.0,33.8,37.436,False,False,5.9805,False,True
統一(母公司/裸名稱) x 統一-城中,統一(母公司/裸名稱),統一-城中,2024-12-16,8047,2024-12-17,in_sample,785.75,2.6448,163.885,0.5516,23.8,23.8,22.15,24.157,False,False,6.9328,False,True
統一(母公司/裸名稱) x 統一-城中,統一(母公司/裸名稱),統一-城中,2024-12-17,2049,2024-12-18,in_sample,14688.15,5.5639,5707.55,2.162,276.5,294.0,285.0,291.55,True,False,-5.443,False,False
統一(母公司/裸名稱) x 統一-城中,統一(母公司/裸名稱),統一-城中,2024-12-18,3323,2024-12-19,in_sample,2198.49,3.4484,1418.73,2.2253,35.5,36.35,35.5,38.906,False,False,0.0,False,False
統一(母公司/裸名稱) x 統一-城中,統一(母公司/裸名稱),統一-城中,2024-12-18,6558,2024-12-19,in_sample,1810.68,2.6146,1524.18,2.2009,37.8,39.2,38.1,41.16,False,False,-0.7937,False,False
統一(母公司/裸名稱) x 統一-城中,統一(母公司/裸名稱),統一-城中,2024-12-20,6215,2024-12-23,in_sample,5063.85,3.4986,3356.37,2.3189,86.7,88.5,84.5,90.16,False,False,2.5375,False,True
統一(母公司/裸名稱) x 統一-城中,統一(母公司/裸名稱),統一-城中,2024-12-25,3211,2024-12-26,in_sample,7891.2,1.3361,5527.95,0.936,209.5,225.0,216.5,221.48,True,False,-5.7184,False,False
統一(母公司/裸名稱) x 統一-城中,統一(母公司/裸名稱),統一-城中,2024-12-25,6922,2024-12-26,in_sample,1788.0,4.1294,4380.6,10.1169,237.0,238.5,211.0,240.59,False,False,10.9705,False,True
統一(母公司/裸名稱) x 統一-城中,統一(母公司/裸名稱),統一-城中,2024-12-30,4549,2024-12-31,in_sample,5594.55,4.8467,2310.3,2.0015,229.0,234.0,222.0,244.02,False,False,3.0568,False,True
統一(母公司/裸名稱) x 統一-城中,統一(母公司/裸名稱),統一-城中,2024-12-30,8033,2024-12-31,in_sample,3793.2,5.6882,2804.88,4.2061,74.8,75.4,69.9,74.97,True,False,-0.2273,False,False
統一(母公司/裸名稱) x 統一-城中,統一(母公司/裸名稱),統一-城中,2024-12-31,2630,2025-01-02,in_sample,964.075,1.5128,1601.545,2.5131,40.85,42.1,39.15,42.385,False,False,4.1616,False,True
統一(母公司/裸名稱) x 統一-城中,統一(母公司/裸名稱),統一-城中,2024-12-31,8234,2025-01-02,in_sample,1658.94,1.6736,2501.27,2.5233,65.6,67.7,65.2,69.286,False,False,0.6098,False,True
統一(母公司/裸名稱) x 統一-城中,統一(母公司/裸名稱),統一-城中,2025-01-02,6245,2025-01-03,in_sample,6106.5,5.4445,3322.35,2.9622,107.0,107.0,98.7,111.23,False,False,7.757,False,True
統一(母公司/裸名稱) x 統一-城中,統一(母公司/裸名稱),統一-城中,2025-01-03,6215,2025-01-06,in_sample,1709.8,0.681,4439.3,1.7682,106.5,112.5,105.0,110.74,True,False,-3.9812,False,False
統一(母公司/裸名稱) x 統一-城中,統一(母公司/裸名稱),統一-城中,2025-01-03,6928,2025-01-06,in_sample,1617.72,6.0807,991.25,3.7259,84.3,86.2,77.2,85.456,True,False,-1.3713,False,False
統一(母公司/裸名稱) x 統一-城中,統一(母公司/裸名稱),統一-城中,2025-01-06,2466,2025-01-07,in_sample,1952.44,48.7928,234.88,5.8698,80.6,80.6,79.7,79.086,True,False,1.8784,False,True
統一(母公司/裸名稱) x 統一-城中,統一(母公司/裸名稱),統一-城中,2025-01-08,3645,2025-01-09,in_sample,5897.98,2.4599,3339.82,1.393,67.8,71.0,66.4,69.58,True,False,-2.6254,False,False
統一(母公司/裸名稱) x 統一-城中,統一(母公司/裸名稱),統一-城中,2025-01-10,3454,2025-01-13,in_sample,713.9,7.0126,24.2,0.2377,120.5,123.5,111.5,130.34,False,False,7.4689,False,True
統一(母公司/裸名稱) x 統一-城中,統一(母公司/裸名稱),統一-城中,2025-01-14,6683,2025-01-15,in_sample,6132.0,4.4828,2401.7,1.7557,523.0,532.0,500.0,550.76,False,False,4.3977,False,True
統一(母公司/裸名稱) x 統一-城中,統一(母公司/裸名稱),統一-城中,2025-01-15,3379,2025-01-16,in_sample,2303.96,1.2118,1754.48,0.9228,50.6,53.0,53.0,51.94,True,False,-2.6482,False,False
統一(母公司/裸名稱) x 統一-城中,統一(母公司/裸名稱),統一-城中,2025-01-16,3294,2025-01-17,in_sample,2391.58,4.9088,1832.1,3.7604,41.35,42.2,40.1,42.434,False,False,3.023,False,True
統一(母公司/裸名稱) x 統一-城中,統一(母公司/裸名稱),統一-城中,2025-01-16,4991,2025-01-17,in_sample,9011.7,2.7263,4380.3,1.3252,138.5,140.5,126.0,149.94,False,False,9.0253,False,True
統一(母公司/裸名稱) x 統一-城中,統一(母公司/裸名稱),統一-城中,2025-01-16,6558,2025-01-17,in_sample,4816.18,1.1501,3022.32,0.7217,54.6,55.5,51.1,55.37,True,False,-1.4103,False,False
統一(母公司/裸名稱) x 統一-城中,統一(母公司/裸名稱),統一-城中,2025-02-04,6485,2025-02-05,in_sample,90.0,0.6355,174.0,1.2286,60.0,64.0,62.0,64.68,False,False,-3.3333,False,False
統一(母公司/裸名稱) x 統一-城中,統一(母公司/裸名稱),統一-城中,2025-02-05,3088,2025-02-06,in_sample,5907.9,7.1268,3976.2,4.7966,146.5,155.0,148.0,151.9,True,False,-3.686,False,False
統一(母公司/裸名稱) x 統一-城中,統一(母公司/裸名稱),統一-城中,2025-02-05,6206,2025-02-06,in_sample,2373.0,5.4838,1501.5,3.4698,106.0,106.5,103.0,113.19,False,False,2.8302,False,True
統一(母公司/裸名稱) x 統一-城中,統一(母公司/裸名稱),統一-城中,2025-02-06,3645,2025-02-07,in_sample,9020.82,3.607,6200.84,2.4795,81.8,84.0,79.3,83.888,True,False,-2.5526,False,False
統一(母公司/裸名稱) x 統一-城中,統一(母公司/裸名稱),統一-城中,2025-02-07,2453,2025-02-10,in_sample,4202.01,3.4702,2879.55,2.378,71.0,71.1,66.5,76.636,False,False,6.338,False,True
統一(母公司/裸名稱) x 統一-城中,統一(母公司/裸名稱),統一-城中,2025-02-07,2471,2025-02-10,in_sample,4932.52,6.935,2415.54,3.3962,64.4,66.2,62.0,68.306,False,False,3.7267,False,True
統一(母公司/裸名稱) x 統一-城中,統一(母公司/裸名稱),統一-城中,2025-02-07,3029,2025-02-10,in_sample,14613.55,2.6335,11377.8,2.0503,152.5,154.5,147.5,162.19,False,False,3.2787,False,True
統一(母公司/裸名稱) x 統一-城中,統一(母公司/裸名稱),統一-城中,2025-02-07,6140,2025-02-10,in_sample,3035.41,4.2668,2018.8,2.8378,37.5,39.65,36.6,38.857,True,False,-3.6187,False,False
統一(母公司/裸名稱) x 統一-城中,統一(母公司/裸名稱),統一-城中,2025-02-07,6148,2025-02-10,in_sample,3711.355,3.6967,2385.015,2.3756,39.65,41.35,38.45,43.022,False,False,3.0265,False,True
統一(母公司/裸名稱) x 統一-城中,統一(母公司/裸名稱),統一-城中,2025-02-14,3376,2025-02-17,in_sample,17942.2,2.5917,10923.8,1.5779,285.0,297.5,290.5,304.78,False,False,-1.9298,False,False
統一(母公司/裸名稱) x 統一-城中,統一(母公司/裸名稱),統一-城中,2025-02-17,8234,2025-02-18,in_sample,3749.06,2.0168,4214.4,2.2671,89.9,93.6,90.0,94.57,False,False,-0.1112,False,False
統一(母公司/裸名稱) x 統一-城中,統一(母公司/裸名稱),統一-城中,2025-02-18,6922,2025-02-19,in_sample,2743.2,7.9552,1778.0,5.1561,258.0,268.0,246.5,273.42,False,False,4.4574,False,True
統一(母公司/裸名稱) x 統一-城中,統一(母公司/裸名稱),統一-城中,2025-02-19,2408,2025-02-20,in_sample,19069.965,6.622,4126.41,1.4329,40.3,40.3,38.8,42.189,False,False,3.7221,False,True
統一(母公司/裸名稱) x 統一-城中,統一(母公司/裸名稱),統一-城中,2025-02-19,3149,2025-02-20,in_sample,1865.44,2.0444,302.6,0.3316,36.25,38.05,36.35,38.367,False,False,-0.2759,False,False
統一(母公司/裸名稱) x 統一-城中,統一(母公司/裸名稱),統一-城中,2025-02-19,4916,2025-02-20,in_sample,2973.58,1.9252,4668.71,3.0226,49.25,50.3,46.8,50.96,False,False,4.9746,False,True
統一(母公司/裸名稱) x 統一-城中,統一(母公司/裸名稱),統一-城中,2025-02-19,6140,2025-02-20,in_sample,205.15,0.4814,1007.1,2.3633,38.3,38.85,36.15,40.18,False,False,5.6136,False,True
統一(母公司/裸名稱) x 統一-城中,統一(母公司/裸名稱),統一-城中,2025-02-20,3022,2025-02-21,in_sample,3434.47,5.2357,3060.96,4.6663,93.6,100.0,100.0,98.0,True,False,-4.7009,False,False
統一(母公司/裸名稱) x 統一-城中,統一(母公司/裸名稱),統一-城中,2025-02-20,4722,2025-02-21,in_sample,5161.77,11.9038,2383.95,5.4977,70.3,70.8,64.5,74.48,False,False,8.2504,False,True
統一(母公司/裸名稱) x 統一-城中,統一(母公司/裸名稱),統一-城中,2025-02-21,1569,2025-02-24,in_sample,4696.23,2.0747,5677.42,2.5082,74.5,76.1,73.3,80.654,False,False,1.6107,False,True
統一(母公司/裸名稱) x 統一-城中,統一(母公司/裸名稱),統一-城中,2025-02-21,3379,2025-02-24,in_sample,2618.56,3.5282,2879.08,3.8792,67.7,73.4,73.4,71.932,True,False,-6.2511,False,False
統一(母公司/裸名稱) x 統一-城中,統一(母公司/裸名稱),統一-城中,2025-02-24,6667,2025-02-25,in_sample,218.9,0.6527,3203.9,9.5525,204.0,204.5,199.0,214.13,False,False,2.451,False,True
統一(母公司/裸名稱) x 統一-城中,統一(母公司/裸名稱),統一-城中,2025-03-06,4933,2025-03-07,in_sample,1137.84,1.2754,680.98,0.7633,85.6,85.8,84.0,92.904,False,False,1.8692,False,True
統一(母公司/裸名稱) x 統一-城中,統一(母公司/裸名稱),統一-城中,2025-03-07,8088,2025-03-10,in_sample,534.56,4.7922,51.4,0.4608,26.05,26.45,25.3,27.685,False,False,2.8791,False,True
統一(母公司/裸名稱) x 統一-城中,統一(母公司/裸名稱),統一-城中,2025-03-12,6227,2025-03-13,in_sample,2347.34,3.12,2435.0,3.2365,100.0,103.0,96.0,104.86,False,False,4.0,False,True
統一(母公司/裸名稱) x 統一-城中,統一(母公司/裸名稱),統一-城中,2025-03-12,6658,2025-03-13,in_sample,1687.08,4.4269,1629.19,4.275,87.2,87.6,81.8,89.082,False,False,6.1927,False,True
統一(母公司/裸名稱) x 統一-城中,統一(母公司/裸名稱),統一-城中,2025-03-17,8088,2025-03-18,in_sample,2523.675,2.0318,891.1,0.7174,34.8,36.5,35.0,35.819,True,False,-2.9282,False,False
統一(母公司/裸名稱) x 統一-城中,統一(母公司/裸名稱),統一-城中,2025-03-17,8096,2025-03-18,in_sample,9379.92,1.3412,3223.88,0.461,77.8,79.2,72.4,80.556,False,False,6.9409,False,True
統一(母公司/裸名稱) x 統一-城中,統一(母公司/裸名稱),統一-城中,2025-03-18,6117,2025-03-19,in_sample,7429.95,3.4251,2322.6,1.0707,120.0,121.5,111.0,127.4,False,False,7.5,False,True
統一(母公司/裸名稱) x 統一-城中,統一(母公司/裸名稱),統一-城中,2025-03-18,6227,2025-03-19,in_sample,6834.0,1.983,2371.5,0.6881,131.0,134.0,129.0,137.2,False,False,1.5267,False,True
統一(母公司/裸名稱) x 統一-城中,統一(母公司/裸名稱),統一-城中,2025-03-18,6558,2025-03-19,in_sample,5274.26,3.8397,2947.2,2.1456,64.3,65.0,60.9,66.15,False,False,5.2877,False,True
統一(母公司/裸名稱) x 統一-城中,統一(母公司/裸名稱),統一-城中,2025-03-19,8222,2025-03-20,in_sample,189.42,0.7574,1104.95,4.418,46.0,46.2,45.45,48.608,False,False,1.1957,False,True
統一(母公司/裸名稱) x 統一-城中,統一(母公司/裸名稱),統一-城中,2025-03-20,2429,2025-03-21,in_sample,4537.92,3.2334,3110.04,2.216,69.1,69.3,64.4,70.266,False,False,6.8017,False,True
統一(母公司/裸名稱) x 統一-城中,統一(母公司/裸名稱),統一-城中,2025-03-20,2453,2025-03-21,in_sample,4400.62,2.7858,3779.27,2.3925,74.6,79.0,75.6,78.792,True,False,-5.6193,False,False
統一(母公司/裸名稱) x 統一-城中,統一(母公司/裸名稱),統一-城中,2025-03-20,3022,2025-03-21,in_sample,3135.0,2.1679,3657.5,2.5292,104.5,104.5,99.0,112.21,False,False,5.2632,False,True
統一(母公司/裸名稱) x 統一-城中,統一(母公司/裸名稱),統一-城中,2025-03-20,4949,2025-03-21,in_sample,651.42,2.5084,312.55,1.2035,33.95,36.15,36.15,35.427,True,False,-4.3505,False,False
統一(母公司/裸名稱) x 統一-城中,統一(母公司/裸名稱),統一-城中,2025-03-21,2468,2025-03-24,in_sample,3170.3,3.0365,3185.0,3.0506,52.3,53.9,53.9,52.822,True,False,-0.9981,False,False
統一(母公司/裸名稱) x 統一-城中,統一(母公司/裸名稱),統一-城中,2025-03-21,6140,2025-03-24,in_sample,5199.2,3.7339,1955.52,1.4044,41.0,42.65,42.65,41.797,True,False,-1.9439,False,False
統一(母公司/裸名稱) x 統一-城中,統一(母公司/裸名稱),統一-城中,2025-03-24,1584,2025-03-25,in_sample,601.195,1.0113,320.845,0.5397,31.55,32.1,30.3,33.565,False,False,3.962,False,True
統一(母公司/裸名稱) x 統一-城中,統一(母公司/裸名稱),統一-城中,2025-03-24,4541,2025-03-25,in_sample,2295.0,4.8375,1744.2,3.6765,49.0,50.4,50.4,49.392,True,False,-0.8,False,False
統一(母公司/裸名稱) x 統一-城中,統一(母公司/裸名稱),統一-城中,2025-03-24,6140,2025-03-25,in_sample,2708.275,1.6063,989.48,0.5869,46.75,46.9,46.9,45.962,True,False,1.6856,False,True
統一(母公司/裸名稱) x 統一-城中,統一(母公司/裸名稱),統一-城中,2025-03-24,6148,2025-03-25,in_sample,2606.1,1.757,663.0,0.447,52.8,56.1,56.1,54.978,True,False,-4.125,False,False
統一(母公司/裸名稱) x 統一-城中,統一(母公司/裸名稱),統一-城中,2025-03-27,6799,2025-03-28,in_sample,1612.5,1.6759,1677.0,1.7429,130.0,132.0,123.0,138.67,False,False,5.3846,False,True
統一(母公司/裸名稱) x 統一-城中,統一(母公司/裸名稱),統一-城中,2025-03-28,4541,2025-03-31,in_sample,7174.18,2.8588,6886.36,2.7441,54.2,58.6,48.5,57.428,True,False,-5.9557,False,False
統一(母公司/裸名稱) x 統一-城中,統一(母公司/裸名稱),統一-城中,2025-03-28,6753,2025-03-31,in_sample,10014.9,6.6946,6362.85,4.2533,123.0,125.5,113.0,135.24,False,False,8.1301,False,True
統一(母公司/裸名稱) x 統一-城中,統一(母公司/裸名稱),統一-城中,2025-04-01,1584,2025-04-02,in_sample,471.24,1.4909,1512.28,4.7846,31.7,32.9,31.5,33.173,False,False,0.6309,False,True
統一(母公司/裸名稱) x 統一-城中,統一(母公司/裸名稱),統一-城中,2025-04-01,2630,2025-04-02,in_sample,3360.82,6.4889,1899.08,3.6667,40.0,41.15,38.8,42.434,False,False,3.0,False,True
統一(母公司/裸名稱) x 統一-城中,統一(母公司/裸名稱),統一-城中,2025-04-01,2634,2025-04-02,in_sample,13127.2,4.2468,10146.68,3.2826,54.0,55.5,52.2,57.918,False,False,3.3333,False,True
統一(母公司/裸名稱) x 統一-城中,統一(母公司/裸名稱),統一-城中,2025-04-10,1584,2025-04-11,in_sample,245.7,6.7568,546.0,15.0151,27.0,28.3,27.8,29.4,False,False,-2.963,False,False
統一(母公司/裸名稱) x 統一-城中,統一(母公司/裸名稱),統一-城中,2025-04-10,2002,2025-04-11,in_sample,265.43,0.8525,616.55,1.9803,20.8,20.8,20.45,22.491,False,False,1.6827,False,True
統一(母公司/裸名稱) x 統一-城中,統一(母公司/裸名稱),統一-城中,2025-04-10,2337,2025-04-11,in_sample,157.5,2.3379,281.25,4.1747,17.2,18.95,18.85,20.188,False,False,-9.593,False,False
統一(母公司/裸名稱) x 統一-城中,統一(母公司/裸名稱),統一-城中,2025-04-10,2371,2025-04-11,in_sample,733.2,4.0033,1057.5,5.7739,33.6,38.4,38.4,37.975,True,False,-13.0208,False,False
統一(母公司/裸名稱) x 統一-城中,統一(母公司/裸名稱),統一-城中,2025-04-10,2383,2025-04-11,in_sample,402.75,1.9016,268.5,1.2677,453.0,492.0,492.0,482.16,True,False,-6.4371,False,False
統一(母公司/裸名稱) x 統一-城中,統一(母公司/裸名稱),統一-城中,2025-04-10,2603,2025-04-11,in_sample,902.4,0.7833,1052.8,0.9139,184.0,206.5,206.5,202.37,True,False,-9.9837,False,False
統一(母公司/裸名稱) x 統一-城中,統一(母公司/裸名稱),統一-城中,2025-04-10,2609,2025-04-11,in_sample,2568.86,3.7254,1617.2,2.3453,62.0,68.4,68.4,67.032,True,False,-8.1161,False,False
統一(母公司/裸名稱) x 統一-城中,統一(母公司/裸名稱),統一-城中,2025-04-10,2615,2025-04-11,in_sample,913.92,5.73,510.72,3.202,67.2,73.9,73.9,72.422,True,False,-7.7708,False,False
統一(母公司/裸名稱) x 統一-城中,統一(母公司/裸名稱),統一-城中,2025-04-10,2618,2025-04-11,in_sample,917.565,3.6083,1470.315,5.7819,35.5,40.5,40.5,39.69,True,False,-11.8028,False,False
統一(母公司/裸名稱) x 統一-城中,統一(母公司/裸名稱),統一-城中,2025-04-10,2885,2025-04-11,in_sample,804.0,1.7139,1497.0,3.1911,28.85,30.45,30.3,32.34,False,False,-5.026,False,False
統一(母公司/裸名稱) x 統一-城中,統一(母公司/裸名稱),統一-城中,2025-04-10,3088,2025-04-11,in_sample,29.04,1.1502,203.28,8.0515,94.5,99.9,99.9,103.88,False,False,-5.7143,False,False
統一(母公司/裸名稱) x 統一-城中,統一(母公司/裸名稱),統一-城中,2025-04-10,3224,2025-04-11,in_sample,3.825,0.8607,38.25,8.6069,36.5,38.25,38.25,41.209,False,False,-4.7945,False,False
統一(母公司/裸名稱) x 統一-城中,統一(母公司/裸名稱),統一-城中,2025-04-10,3231,2025-04-11,in_sample,697.85,2.2112,1642.0,5.2028,82.1,90.3,90.3,88.494,True,False,-7.7881,False,False
統一(母公司/裸名稱) x 統一-城中,統一(母公司/裸名稱),統一-城中,2025-04-10,3289,2025-04-11,in_sample,210.22,5.3622,457.0,11.6569,91.4,97.0,97.0,98.49,False,False,-6.1269,False,False
統一(母公司/裸名稱) x 統一-城中,統一(母公司/裸名稱),統一-城中,2025-04-10,3665,2025-04-11,in_sample,1982.4,3.9753,2065.0,4.1409,381.0,454.0,454.0,444.92,True,False,-16.7769,False,False
統一(母公司/裸名稱) x 統一-城中,統一(母公司/裸名稱),統一-城中,2025-04-10,5269,2025-04-11,in_sample,867.0,1.0858,2890.0,3.6194,1305.0,1415.0,1400.0,1553.3,False,False,-7.2797,False,False
統一(母公司/裸名稱) x 統一-城中,統一(母公司/裸名稱),統一-城中,2025-04-10,6206,2025-04-11,in_sample,378.1,7.4043,149.25,2.9228,96.8,108.5,106.5,106.82,True,False,-10.3512,False,False
統一(母公司/裸名稱) x 統一-城中,統一(母公司/裸名稱),統一-城中,2025-04-10,6227,2025-04-11,in_sample,148.86,1.0217,330.8,2.2706,74.5,78.0,78.0,89.082,False,False,-4.698,False,False
統一(母公司/裸名稱) x 統一-城中,統一(母公司/裸名稱),統一-城中,2025-04-10,8028,2025-04-11,in_sample,259.74,1.512,999.0,5.8153,92.6,104.0,104.0,107.31,False,False,-12.311,False,False
統一(母公司/裸名稱) x 統一-城中,統一(母公司/裸名稱),統一-城中,2025-04-10,9904,2025-04-11,in_sample,159.57,1.3455,147.75,1.2459,27.6,30.3,30.3,31.85,False,False,-9.7826,False,False
統一(母公司/裸名稱) x 統一-城中,統一(母公司/裸名稱),統一-城中,2025-04-15,3163,2025-04-16,in_sample,16233.6,4.3578,7068.0,1.8974,153.0,158.5,153.0,163.66,False,False,0.0,False,False
統一(母公司/裸名稱) x 統一-城中,統一(母公司/裸名稱),統一-城中,2025-04-15,3379,2025-04-16,in_sample,137.97,1.0896,71.54,0.565,53.0,54.0,49.9,55.076,False,False,5.8491,False,True
統一(母公司/裸名稱) x 統一-城中,統一(母公司/裸名稱),統一-城中,2025-04-15,4909,2025-04-16,in_sample,3089.13,12.8872,3347.19,13.9638,78.3,83.4,83.4,81.732,True,False,-4.3831,False,False
統一(母公司/裸名稱) x 統一-城中,統一(母公司/裸名稱),統一-城中,2025-04-15,6113,2025-04-16,in_sample,149.45,10.5338,64.05,4.5145,22.45,23.4,21.7,22.981,True,False,-2.3653,False,False
統一(母公司/裸名稱) x 統一-城中,統一(母公司/裸名稱),統一-城中,2025-04-15,6215,2025-04-16,in_sample,2430.4,6.3511,1411.2,3.6877,78.6,80.6,77.3,84.476,False,False,1.6539,False,True
統一(母公司/裸名稱) x 統一-城中,統一(母公司/裸名稱),統一-城中,2025-04-15,6279,2025-04-16,in_sample,4907.7,9.9548,6457.5,13.0985,140.0,144.5,139.5,154.35,False,False,0.3571,False,True
統一(母公司/裸名稱) x 統一-城中,統一(母公司/裸名稱),統一-城中,2025-04-16,3287,2025-04-17,in_sample,149.73,2.3159,142.6,2.2056,36.75,39.2,39.2,38.416,True,False,-4.5333,False,False
統一(母公司/裸名稱) x 統一-城中,統一(母公司/裸名稱),統一-城中,2025-04-16,3466,2025-04-17,in_sample,149.76,1.3345,76.8,0.6844,38.8,41.8,40.65,41.356,True,False,-6.5876,False,False
統一(母公司/裸名稱) x 統一-城中,統一(母公司/裸名稱),統一-城中,2025-04-16,4909,2025-04-17,in_sample,5279.22,4.5926,291.9,0.2539,83.3,91.2,79.9,89.866,True,False,-7.8824,False,False
統一(母公司/裸名稱) x 統一-城中,統一(母公司/裸名稱),統一-城中,2025-04-16,6829,2025-04-17,in_sample,5752.8,5.4933,2693.1,2.5716,141.0,141.0,127.0,151.9,False,False,9.9291,False,True
統一(母公司/裸名稱) x 統一-城中,統一(母公司/裸名稱),統一-城中,2025-04-18,6148,2025-04-21,in_sample,3432.88,0.6861,7768.8,1.5527,71.1,72.0,61.8,71.54,True,False,-0.6188,False,False
統一(母公司/裸名稱) x 統一-城中,統一(母公司/裸名稱),統一-城中,2025-04-21,6916,2025-04-22,in_sample,450.45,9.361,174.72,3.6309,28.2,28.2,26.0,29.4,False,False,7.8014,False,True
統一(母公司/裸名稱) x 統一-城中,統一(母公司/裸名稱),統一-城中,2025-04-23,5201,2025-04-24,in_sample,997.7,4.6227,907.0,4.2024,46.3,49.7,47.75,48.853,True,False,-5.514,False,False
統一(母公司/裸名稱) x 統一-城中,統一(母公司/裸名稱),統一-城中,2025-04-23,8088,2025-04-24,in_sample,2585.25,2.4093,1640.25,1.5286,34.0,34.7,33.85,36.358,False,False,0.4412,False,True
統一(母公司/裸名稱) x 統一-城中,統一(母公司/裸名稱),統一-城中,2025-04-25,6805,2025-04-28,in_sample,8940.0,5.9628,1341.0,0.8944,455.0,464.0,453.0,481.67,False,False,0.4396,False,True
統一(母公司/裸名稱) x 統一-城中,統一(母公司/裸名稱),統一-城中,2025-04-28,3105,2025-04-29,in_sample,4059.73,5.364,538.82,0.7119,92.5,92.6,90.2,99.96,False,False,2.4865,False,True
統一(母公司/裸名稱) x 統一-城中,統一(母公司/裸名稱),統一-城中,2025-04-28,6151,2025-04-29,in_sample,172.89,2.7779,169.5,2.7234,33.9,34.55,33.6,36.505,False,False,0.885,False,True
統一(母公司/裸名稱) x 統一-城中,統一(母公司/裸名稱),統一-城中,2025-05-05,9902,2025-05-06,in_sample,28.35,1.3403,31.5,1.4892,15.65,16.15,15.0,16.954,False,False,4.1534,False,True
統一(母公司/裸名稱) x 統一-城中,統一(母公司/裸名稱),統一-城中,2025-05-06,3434,2025-05-07,in_sample,3826.6,4.7576,1848.32,2.298,77.9,79.4,70.7,77.812,True,False,0.113,False,True
統一(母公司/裸名稱) x 統一-城中,統一(母公司/裸名稱),統一-城中,2025-05-06,3687,2025-05-07,in_sample,159.22,4.2663,83.8,2.2454,86.9,87.0,82.0,90.258,False,False,5.6387,False,True
統一(母公司/裸名稱) x 統一-城中,統一(母公司/裸名稱),統一-城中,2025-05-06,4541,2025-05-07,in_sample,6157.47,4.4691,6224.68,4.5179,52.9,52.9,50.3,55.664,False,False,4.9149,False,True
統一(母公司/裸名稱) x 統一-城中,統一(母公司/裸名稱),統一-城中,2025-05-06,8222,2025-05-07,in_sample,10621.2,2.8605,9124.88,2.4575,67.0,69.5,65.0,71.932,False,False,2.9851,False,True
統一(母公司/裸名稱) x 統一-城中,統一(母公司/裸名稱),統一-城中,2025-05-08,2429,2025-05-09,in_sample,172.98,0.453,345.96,0.9059,57.5,58.5,53.9,60.074,False,False,6.2609,False,True
統一(母公司/裸名稱) x 統一-城中,統一(母公司/裸名稱),統一-城中,2025-05-09,1516,2025-05-12,in_sample,113.4,6.3274,9.0,0.5022,17.8,18.45,18.45,19.404,False,False,-3.6517,False,False
統一(母公司/裸名稱) x 統一-城中,統一(母公司/裸名稱),統一-城中,2025-05-09,4979,2025-05-12,in_sample,14226.2,1.9499,7619.4,1.0444,170.0,171.5,163.5,178.85,False,False,3.8235,False,True
統一(母公司/裸名稱) x 統一-城中,統一(母公司/裸名稱),統一-城中,2025-05-09,6757,2025-05-12,in_sample,6782.4,2.2799,5637.6,1.8951,109.0,109.0,99.7,116.13,False,False,8.5321,False,True
統一(母公司/裸名稱) x 統一-城中,統一(母公司/裸名稱),統一-城中,2025-05-13,8088,2025-05-14,in_sample,1823.2,4.4732,1922.96,4.7179,35.85,37.8,36.3,37.044,True,False,-3.3305,False,False
統一(母公司/裸名稱) x 統一-城中,統一(母公司/裸名稱),統一-城中,2025-05-14,8045,2025-05-15,in_sample,617.44,6.3576,181.6,1.8699,92.8,96.0,91.5,97.804,False,False,1.4009,False,True
統一(母公司/裸名稱) x 統一-城中,統一(母公司/裸名稱),統一-城中,2025-05-20,1419,2025-05-21,in_sample,288.0,0.6925,1388.16,3.338,57.7,61.5,61.5,62.034,False,False,-6.5858,False,False
統一(母公司/裸名稱) x 統一-城中,統一(母公司/裸名稱),統一-城中,2025-05-20,5251,2025-05-21,in_sample,2210.52,3.7449,1510.86,2.5596,51.7,55.6,51.2,54.586,True,False,-5.5822,False,False
統一(母公司/裸名稱) x 統一-城中,統一(母公司/裸名稱),統一-城中,2025-05-20,8072,2025-05-21,in_sample,1174.86,3.2774,2248.605,6.2728,50.5,52.9,49.2,51.842,True,False,-2.6574,False,False
統一(母公司/裸名稱) x 統一-城中,統一(母公司/裸名稱),統一-城中,2025-05-21,3004,2025-05-22,in_sample,7083.45,5.4773,282.15,0.2182,153.0,153.0,146.5,159.74,False,False,4.2484,False,True
統一(母公司/裸名稱) x 統一-城中,統一(母公司/裸名稱),統一-城中,2025-05-21,3297,2025-05-22,in_sample,1909.38,4.3916,1255.98,2.8888,36.5,38.1,36.0,39.102,False,False,1.3699,False,True
統一(母公司/裸名稱) x 統一-城中,統一(母公司/裸名稱),統一-城中,2025-05-23,3297,2025-05-26,in_sample,1837.44,3.4744,1386.0,2.6208,41.0,43.55,43.55,42.679,True,False,-4.0951,False,False
統一(母公司/裸名稱) x 統一-城中,統一(母公司/裸名稱),統一-城中,2025-05-23,4949,2025-05-26,in_sample,8298.0,4.3381,3618.0,1.8914,63.6,65.5,61.1,64.68,True,False,-1.6981,False,False
統一(母公司/裸名稱) x 統一-城中,統一(母公司/裸名稱),統一-城中,2025-05-23,5475,2025-05-26,in_sample,1060.2,10.3809,150.35,1.4721,16.5,17.05,17.0,16.709,True,False,-1.2667,False,False
統一(母公司/裸名稱) x 統一-城中,統一(母公司/裸名稱),統一-城中,2025-05-26,3294,2025-05-27,in_sample,5899.44,3.0559,1421.28,0.7362,38.5,39.35,38.45,40.523,False,False,0.1299,False,True
統一(母公司/裸名稱) x 統一-城中,統一(母公司/裸名稱),統一-城中,2025-06-03,5251,2025-06-04,in_sample,3318.77,3.1587,1651.57,1.5719,54.6,57.3,52.2,56.154,True,False,-2.8462,False,False
統一(母公司/裸名稱) x 統一-城中,統一(母公司/裸名稱),統一-城中,2025-06-03,8072,2025-06-04,in_sample,2303.28,2.0242,3522.96,3.0961,53.8,55.0,50.7,54.292,True,False,-0.9145,False,False
統一(母公司/裸名稱) x 統一-城中,統一(母公司/裸名稱),統一-城中,2025-06-09,6498,2025-06-10,in_sample,1506.5,7.6026,144.1,0.7272,130.5,130.5,124.5,141.12,False,False,4.5977,False,True
統一(母公司/裸名稱) x 統一-城中,統一(母公司/裸名稱),統一-城中,2025-06-12,2468,2025-06-13,in_sample,4364.8,2.4492,6376.7,3.5781,68.5,70.7,67.4,73.5,False,False,1.6058,False,True
統一(母公司/裸名稱) x 統一-城中,統一(母公司/裸名稱),統一-城中,2025-06-12,3362,2025-06-13,in_sample,284.0,0.5108,1647.2,2.9626,141.0,145.0,137.5,152.88,False,False,2.4823,False,True
統一(母公司/裸名稱) x 統一-城中,統一(母公司/裸名稱),統一-城中,2025-06-12,6148,2025-06-13,in_sample,2856.6,2.0571,2490.21,1.7933,62.1,63.0,60.2,66.934,False,False,3.0596,False,True
統一(母公司/裸名稱) x 統一-城中,統一(母公司/裸名稱),統一-城中,2025-06-16,4991,2025-06-17,in_sample,10019.37,2.5826,9036.3,2.3292,104.0,105.0,97.4,106.82,False,False,6.3462,False,True
統一(母公司/裸名稱) x 統一-城中,統一(母公司/裸名稱),統一-城中,2025-06-17,5475,2025-06-18,in_sample,1621.73,22.8523,58.19,0.82,26.9,27.8,27.7,27.244,True,False,-1.2788,False,False
統一(母公司/裸名稱) x 統一-城中,統一(母公司/裸名稱),統一-城中,2025-06-20,3297,2025-06-23,in_sample,2267.46,6.5283,757.35,2.1805,47.15,48.5,48.05,49.392,False,False,-1.9088,False,False
統一(母公司/裸名稱) x 統一-城中,統一(母公司/裸名稱),統一-城中,2025-06-20,5251,2025-06-23,in_sample,4628.4,1.8394,2789.22,1.1085,62.5,64.7,58.7,65.562,False,False,6.08,False,True
統一(母公司/裸名稱) x 統一-城中,統一(母公司/裸名稱),統一-城中,2025-06-24,4510,2025-06-25,in_sample,2740.32,4.3536,1921.92,3.0534,53.6,53.8,50.9,56.84,False,False,5.0373,False,True
統一(母公司/裸名稱) x 統一-城中,統一(母公司/裸名稱),統一-城中,2025-06-24,8072,2025-06-25,in_sample,1266.7,1.7935,1123.6,1.5909,53.6,54.5,51.2,57.134,False,False,4.4776,False,True
統一(母公司/裸名稱) x 統一-城中,統一(母公司/裸名稱),統一-城中,2025-06-26,3297,2025-06-27,in_sample,2997.88,7.0583,2992.85,7.0465,53.0,55.3,55.3,54.194,True,False,-2.2528,False,False
統一(母公司/裸名稱) x 統一-城中,統一(母公司/裸名稱),統一-城中,2025-06-27,3128,2025-06-30,in_sample,783.1,1.4839,2037.7,3.8612,41.9,45.1,45.1,44.198,True,False,-5.4845,False,False
統一(母公司/裸名稱) x 統一-城中,統一(母公司/裸名稱),統一-城中,2025-06-27,3374,2025-06-30,in_sample,5647.2,1.1995,4414.8,0.9378,156.0,156.0,147.5,168.07,False,False,5.4487,False,True
統一(母公司/裸名稱) x 統一-城中,統一(母公司/裸名稱),統一-城中,2025-06-27,3535,2025-06-30,in_sample,4177.77,8.4996,1709.73,3.4784,47.55,51.8,51.8,50.764,True,False,-6.7592,False,False
統一(母公司/裸名稱) x 統一-城中,統一(母公司/裸名稱),統一-城中,2025-06-30,3128,2025-07-01,in_sample,2088.13,2.2465,807.29,0.8685,47.35,48.15,44.15,48.608,False,False,6.7582,False,True
統一(母公司/裸名稱) x 統一-城中,統一(母公司/裸名稱),統一-城中,2025-06-30,3535,2025-07-01,in_sample,1015.28,0.6052,3382.54,2.0162,54.8,56.9,52.8,55.762,True,False,-1.7555,False,False
統一(母公司/裸名稱) x 統一-城中,統一(母公司/裸名稱),統一-城中,2025-07-01,6112,2025-07-02,in_sample,3959.28,6.4467,2769.24,4.509,56.7,59.5,56.0,60.76,False,False,1.2346,False,True
統一(母公司/裸名稱) x 統一-城中,統一(母公司/裸名稱),統一-城中,2025-07-02,6625,2025-07-03,in_sample,3365.4,6.5545,1459.05,2.8416,106.0,108.0,102.0,114.66,False,False,3.7736,False,True
統一(母公司/裸名稱) x 統一-城中,統一(母公司/裸名稱),統一-城中,2025-07-03,8043,2025-07-04,in_sample,117.04,1.448,63.84,0.7898,27.2,27.75,25.7,28.665,False,False,5.5147,False,True
統一(母公司/裸名稱) x 統一-城中,統一(母公司/裸名稱),統一-城中,2025-07-04,4991,2025-07-07,in_sample,31774.6,4.0579,23981.1,3.0626,150.0,150.0,137.0,153.86,False,False,8.6667,False,True
統一(母公司/裸名稱) x 統一-城中,統一(母公司/裸名稱),統一-城中,2025-07-07,3011,2025-07-08,in_sample,694.375,6.9002,85.25,0.8472,14.0,14.05,13.2,14.798,False,False,5.7143,False,True
統一(母公司/裸名稱) x 統一-城中,統一(母公司/裸名稱),統一-城中,2025-07-09,4971,2025-07-10,in_sample,9640.8,5.4009,5194.8,2.9102,160.0,165.5,165.5,168.07,False,False,-3.4375,False,False
統一(母公司/裸名稱) x 統一-城中,統一(母公司/裸名稱),統一-城中,2025-07-11,3535,2025-07-14,in_sample,4652.76,6.0273,5943.84,7.6997,62.0,63.9,63.9,65.562,False,False,-3.0645,False,False
統一(母公司/裸名稱) x 統一-城中,統一(母公司/裸名稱),統一-城中,2025-07-14,6140,2025-07-15,in_sample,1351.84,0.8943,2261.0,1.4958,47.25,47.4,45.2,51.254,False,False,4.3386,False,True
統一(母公司/裸名稱) x 統一-城中,統一(母公司/裸名稱),統一-城中,2025-07-15,1815,2025-07-16,in_sample,20159.36,3.1913,15396.16,2.4373,42.75,45.5,44.5,44.835,True,False,-4.8772,False,False
統一(母公司/裸名稱) x 統一-城中,統一(母公司/裸名稱),統一-城中,2025-07-18,3376,2025-07-21,in_sample,24232.95,4.6964,17803.8,3.4504,237.5,245.0,237.0,253.82,False,False,0.2105,False,True
統一(母公司/裸名稱) x 統一-城中,統一(母公司/裸名稱),統一-城中,2025-07-18,8374,2025-07-21,in_sample,246.0,0.4142,4346.0,7.3174,102.5,105.0,101.0,110.25,False,False,1.4634,False,True
統一(母公司/裸名稱) x 統一-城中,統一(母公司/裸名稱),統一-城中,2025-07-21,3044,2025-07-22,in_sample,14279.0,4.6082,11526.75,3.72,270.5,279.5,266.5,293.51,False,False,1.4787,False,True
統一(母公司/裸名稱) x 統一-城中,統一(母公司/裸名稱),統一-城中,2025-07-21,4908,2025-07-22,in_sample,3018.9,15.5399,287.1,1.4779,90.5,93.4,88.0,93.786,False,False,2.7624,False,True
統一(母公司/裸名稱) x 統一-城中,統一(母公司/裸名稱),統一-城中,2025-07-21,6442,2025-07-22,in_sample,15364.4,2.3798,14011.9,2.1703,551.0,587.0,566.0,583.1,True,False,-5.8258,False,False
統一(母公司/裸名稱) x 統一-城中,統一(母公司/裸名稱),統一-城中,2025-07-21,6462,2025-07-22,in_sample,6818.0,3.1415,6664.0,3.0705,146.0,147.5,138.0,150.92,False,False,5.4795,False,True
統一(母公司/裸名稱) x 統一-城中,統一(母公司/裸名稱),統一-城中,2025-07-21,6684,2025-07-22,in_sample,711.36,7.1431,608.0,6.1052,61.5,66.3,59.5,65.464,True,False,-6.4455,False,False
統一(母公司/裸名稱) x 統一-城中,統一(母公司/裸名稱),統一-城中,2025-07-22,6291,2025-07-23,in_sample,334.4,3.7265,83.6,0.9316,106.0,106.5,102.0,112.21,False,False,3.7736,False,True
統一(母公司/裸名稱) x 統一-城中,統一(母公司/裸名稱),統一-城中,2025-07-23,2365,2025-07-24,in_sample,13117.71,6.5801,8574.63,4.3012,44.15,45.5,43.8,46.697,False,False,0.7928,False,True
統一(母公司/裸名稱) x 統一-城中,統一(母公司/裸名稱),統一-城中,2025-07-23,9914,2025-07-24,in_sample,3774.0,20.542,2641.8,14.3794,113.5,116.0,115.0,119.56,False,False,-1.3216,False,False
統一(母公司/裸名稱) x 統一-城中,統一(母公司/裸名稱),統一-城中,2025-07-24,3447,2025-07-25,in_sample,1144.8,8.564,1647.0,12.3209,54.9,55.0,54.1,58.212,False,False,1.4572,False,True
統一(母公司/裸名稱) x 統一-城中,統一(母公司/裸名稱),統一-城中,2025-07-24,4916,2025-07-25,in_sample,3870.1,4.1565,3897.58,4.1861,46.9,49.35,47.15,49.294,True,False,-5.1045,False,False
統一(母公司/裸名稱) x 統一-城中,統一(母公司/裸名稱),統一-城中,2025-07-25,2455,2025-07-28,in_sample,33079.7,6.6484,16100.35,3.2359,150.0,150.5,147.5,157.78,False,False,1.6667,False,True
統一(母公司/裸名稱) x 統一-城中,統一(母公司/裸名稱),統一-城中,2025-07-25,8033,2025-07-28,in_sample,11398.88,2.5973,7670.56,1.7478,78.0,79.3,78.9,82.32,False,False,-1.1538,False,False
統一(母公司/裸名稱) x 統一-城中,統一(母公司/裸名稱),統一-城中,2025-07-28,6179,2025-07-29,in_sample,247.455,1.6522,168.025,1.1219,30.4,31.3,29.25,32.928,False,False,3.7829,False,True
統一(母公司/裸名稱) x 統一-城中,統一(母公司/裸名稱),統一-城中,2025-07-28,6425,2025-07-29,in_sample,1519.715,20.0954,188.2,2.4886,47.85,50.5,47.25,50.666,False,False,1.2539,False,True
統一(母公司/裸名稱) x 統一-城中,統一(母公司/裸名稱),統一-城中,2025-07-29,6781,2025-07-30,in_sample,13440.0,2.1993,12000.0,1.9637,1205.0,1245.0,1200.0,1293.6,False,False,0.4149,False,True
統一(母公司/裸名稱) x 統一-城中,統一(母公司/裸名稱),統一-城中,2025-07-30,5371,2025-07-31,in_sample,14314.8,4.4841,4044.8,1.267,81.5,83.6,81.6,85.162,False,False,-0.1227,False,False
統一(母公司/裸名稱) x 統一-城中,統一(母公司/裸名稱),統一-城中,2025-07-30,8033,2025-07-31,in_sample,9072.56,0.8326,2744.64,0.2519,97.6,99.2,95.6,102.41,False,False,2.0492,False,True
統一(母公司/裸名稱) x 統一-城中,統一(母公司/裸名稱),統一-城中,2025-07-31,1815,2025-08-01,in_sample,23543.52,2.1403,20010.9,1.8192,54.2,57.0,54.8,58.8,False,False,-1.107,False,False
統一(母公司/裸名稱) x 統一-城中,統一(母公司/裸名稱),統一-城中,2025-08-01,2424,2025-08-04,in_sample,6.34,2.2003,6.34,2.2003,63.4,63.4,61.7,68.306,False,False,2.6814,False,True
統一(母公司/裸名稱) x 統一-城中,統一(母公司/裸名稱),統一-城中,2025-08-01,5388,2025-08-04,in_sample,5138.25,6.6023,5215.6,6.7017,112.0,113.0,103.5,119.07,False,False,7.5893,False,True
統一(母公司/裸名稱) x 統一-城中,統一(母公司/裸名稱),統一-城中,2025-08-01,8028,2025-08-04,in_sample,10397.0,5.3002,5268.75,2.6859,141.5,154.5,154.5,151.41,True,False,-7.0035,False,False
統一(母公司/裸名稱) x 統一-城中,統一(母公司/裸名稱),統一-城中,2025-08-04,6234,2025-08-05,in_sample,3178.56,6.7839,1632.96,3.4852,34.45,35.4,31.7,36.211,False,False,7.9826,False,True
統一(母公司/裸名稱) x 統一-城中,統一(母公司/裸名稱),統一-城中,2025-08-05,3306,2025-08-06,in_sample,106.26,0.7291,177.1,1.2152,52.0,53.6,51.7,54.488,False,False,0.5769,False,True
統一(母公司/裸名稱) x 統一-城中,統一(母公司/裸名稱),統一-城中,2025-08-06,3715,2025-08-07,in_sample,24486.0,5.1598,18942.0,3.9915,94.2,99.7,92.0,99.47,True,False,-5.5945,False,False
統一(母公司/裸名稱) x 統一-城中,統一(母公司/裸名稱),統一-城中,2025-08-06,6510,2025-08-07,in_sample,12562.9,5.9515,5466.3,2.5896,967.0,967.0,966.0,1029.0,False,False,0.1034,False,True
統一(母公司/裸名稱) x 統一-城中,統一(母公司/裸名稱),統一-城中,2025-08-07,5443,2025-08-08,in_sample,8484.03,8.4002,4882.41,4.8342,100.0,103.0,97.5,103.39,False,False,2.5,False,True
統一(母公司/裸名稱) x 統一-城中,統一(母公司/裸名稱),統一-城中,2025-08-07,6196,2025-08-08,in_sample,2337.3,2.5037,9327.15,9.991,225.5,226.5,219.0,237.65,False,False,2.8825,False,True
統一(母公司/裸名稱) x 統一-城中,統一(母公司/裸名稱),統一-城中,2025-08-07,6781,2025-08-08,in_sample,5760.5,1.5147,1686.0,0.4433,1420.0,1430.0,1430.0,1514.1,False,False,-0.7042,False,False
統一(母公司/裸名稱) x 統一-城中,統一(母公司/裸名稱),統一-城中,2025-08-07,8021,2025-08-08,in_sample,3069.33,0.7828,2874.08,0.733,80.2,83.9,82.6,84.182,False,False,-2.9925,False,False
統一(母公司/裸名稱) x 統一-城中,統一(母公司/裸名稱),統一-城中,2025-08-08,2228,2025-08-11,in_sample,3024.0,10.3039,2079.0,7.0839,115.5,115.5,112.5,113.19,True,False,2.0,False,True
統一(母公司/裸名稱) x 統一-城中,統一(母公司/裸名稱),統一-城中,2025-08-08,2449,2025-08-11,in_sample,37179.75,2.8528,51784.65,3.9735,138.5,144.0,140.0,143.57,True,False,-3.6606,False,False
統一(母公司/裸名稱) x 統一-城中,統一(母公司/裸名稱),統一-城中,2025-08-08,6190,2025-08-11,in_sample,6852.09,4.6265,1577.88,1.0654,49.65,52.9,48.9,52.43,True,False,-5.5992,False,False
統一(母公司/裸名稱) x 統一-城中,統一(母公司/裸名稱),統一-城中,2025-08-08,8358,2025-08-11,in_sample,21962.5,4.429,17725.0,3.5744,130.0,134.0,131.0,134.75,False,False,-0.7692,False,False
統一(母公司/裸名稱) x 統一-城中,統一(母公司/裸名稱),統一-城中,2025-08-11,1815,2025-08-12,in_sample,26592.34,2.9119,20790.04,2.2766,63.0,67.5,67.5,66.15,True,False,-5.0,False,False
統一(母公司/裸名稱) x 統一-城中,統一(母公司/裸名稱),統一-城中,2025-08-11,4722,2025-08-12,in_sample,2663.21,4.6269,2655.4,4.6134,81.6,85.9,85.9,84.182,True,False,-3.1642,False,False
統一(母公司/裸名稱) x 統一-城中,統一(母公司/裸名稱),統一-城中,2025-08-11,4958,2025-08-12,in_sample,12607.65,2.795,11900.15,2.6381,142.0,151.0,147.0,152.39,False,False,-3.5211,False,False
統一(母公司/裸名稱) x 統一-城中,統一(母公司/裸名稱),統一-城中,2025-08-11,6208,2025-08-12,in_sample,106.4,1.4226,53.2,0.7113,53.3,53.3,52.6,57.33,False,False,1.3133,False,True
統一(母公司/裸名稱) x 統一-城中,統一(母公司/裸名稱),統一-城中,2025-08-12,2630,2025-08-13,in_sample,9428.8,2.9514,2703.68,0.8463,58.4,62.3,60.1,61.152,True,False,-4.7123,False,False
統一(母公司/裸名稱) x 統一-城中,統一(母公司/裸名稱),統一-城中,2025-08-12,3163,2025-08-13,in_sample,16671.2,5.9984,10792.6,3.8832,187.5,192.5,183.0,196.0,False,False,2.4,False,True
統一(母公司/裸名稱) x 統一-城中,統一(母公司/裸名稱),統一-城中,2025-08-12,3605,2025-08-13,in_sample,6068.0,6.084,6282.6,6.2992,77.3,80.8,75.7,79.772,True,False,-3.1979,False,False
統一(母公司/裸名稱) x 統一-城中,統一(母公司/裸名稱),統一-城中,2025-08-12,4722,2025-08-13,in_sample,1597.74,2.4572,2388.02,3.6726,89.2,93.8,84.2,92.512,True,False,-3.713,False,False
統一(母公司/裸名稱) x 統一-城中,統一(母公司/裸名稱),統一-城中,2025-08-13,3019,2025-08-14,in_sample,11559.1,0.8084,20590.7,1.44,171.5,173.0,160.5,181.3,False,False,6.414,False,True
統一(母公司/裸名稱) x 統一-城中,統一(母公司/裸名稱),統一-城中,2025-08-13,3694,2025-08-14,in_sample,3844.14,3.9754,6163.6,6.374,82.7,88.5,86.6,87.416,True,False,-5.7025,False,False
統一(母公司/裸名稱) x 統一-城中,統一(母公司/裸名稱),統一-城中,2025-08-13,8249,2025-08-14,in_sample,5115.3,6.1913,2745.5,3.323,58.6,60.7,59.8,62.23,False,False,-2.0478,False,False
統一(母公司/裸名稱) x 統一-城中,統一(母公司/裸名稱),統一-城中,2025-08-14,1717,2025-08-15,in_sample,8748.48,4.0117,3855.5,1.768,35.5,38.55,38.55,37.779,True,False,-6.4197,False,False
統一(母公司/裸名稱) x 統一-城中,統一(母公司/裸名稱),統一-城中,2025-08-14,3163,2025-08-15,in_sample,27496.8,3.6106,9406.8,1.2352,205.5,211.0,202.5,216.58,False,False,1.4599,False,True
統一(母公司/裸名稱) x 統一-城中,統一(母公司/裸名稱),統一-城中,2025-08-14,3305,2025-08-15,in_sample,13042.89,3.145,9260.73,2.233,93.2,97.2,88.2,99.47,False,False,5.3648,False,True
統一(母公司/裸名稱) x 統一-城中,統一(母公司/裸名稱),統一-城中,2025-08-14,3363,2025-08-15,in_sample,17415.9,3.431,14385.6,2.834,341.5,365.5,357.5,358.68,True,False,-5.0307,False,False
統一(母公司/裸名稱) x 統一-城中,統一(母公司/裸名稱),統一-城中,2025-08-14,6530,2025-08-15,in_sample,2666.44,10.0006,2647.75,9.9305,66.1,68.5,68.5,67.13,True,False,-1.5582,False,False
統一(母公司/裸名稱) x 統一-城中,統一(母公司/裸名稱),統一-城中,2025-08-14,8155,2025-08-15,in_sample,2002.0,1.584,7191.8,5.6902,157.5,159.5,152.5,165.62,False,False,3.1746,False,True
統一(母公司/裸名稱) x 統一-城中,統一(母公司/裸名稱),統一-城中,2025-08-15,1717,2025-08-18,in_sample,1522.725,0.3798,2008.455,0.501,40.3,42.4,42.4,41.552,True,False,-3.1067,False,False
統一(母公司/裸名稱) x 統一-城中,統一(母公司/裸名稱),統一-城中,2025-08-15,4916,2025-08-18,in_sample,8307.75,4.6024,5711.97,3.1644,64.8,68.9,68.9,67.522,True,False,-4.2006,False,False
統一(母公司/裸名稱) x 統一-城中,統一(母公司/裸名稱),統一-城中,2025-08-15,6530,2025-08-18,in_sample,568.55,1.3603,582.25,1.3931,71.0,73.2,68.9,73.794,False,False,2.9577,False,True
統一(母公司/裸名稱) x 統一-城中,統一(母公司/裸名稱),統一-城中,2025-08-18,1528,2025-08-19,in_sample,3916.485,4.4161,2972.545,3.3517,22.05,22.75,21.3,23.324,False,False,3.4014,False,True
統一(母公司/裸名稱) x 統一-城中,統一(母公司/裸名稱),統一-城中,2025-08-18,1802,2025-08-19,in_sample,8456.14,1.124,1645.6,0.2187,39.8,40.1,35.95,40.278,False,False,9.6734,False,True
統一(母公司/裸名稱) x 統一-城中,統一(母公司/裸名稱),統一-城中,2025-08-18,3305,2025-08-19,in_sample,12493.6,4.9795,5208.9,2.0761,99.0,106.5,106.5,104.37,True,False,-5.4242,False,False
統一(母公司/裸名稱) x 統一-城中,統一(母公司/裸名稱),統一-城中,2025-08-18,3490,2025-08-19,in_sample,65.25,0.7222,78.3,0.8666,26.65,27.65,26.0,28.126,False,False,2.439,False,True
統一(母公司/裸名稱) x 統一-城中,統一(母公司/裸名稱),統一-城中,2025-08-18,6213,2025-08-19,in_sample,6204.9,3.8049,6217.8,3.8128,141.5,141.5,135.0,138.67,True,False,2.0,False,True
統一(母公司/裸名稱) x 統一-城中,統一(母公司/裸名稱),統一-城中,2025-08-18,8222,2025-08-19,in_sample,2631.76,7.4694,2487.04,7.0587,55.8,56.0,50.9,57.722,False,False,8.7814,False,True
統一(母公司/裸名稱) x 統一-城中,統一(母公司/裸名稱),統一-城中,2025-08-18,8358,2025-08-19,in_sample,10682.55,1.005,20036.7,1.885,187.0,190.5,168.0,198.45,False,False,10.1604,False,True
統一(母公司/裸名稱) x 統一-城中,統一(母公司/裸名稱),統一-城中,2025-08-19,3305,2025-08-20,in_sample,2939.4,0.5453,6709.5,1.2447,102.0,103.5,95.9,114.66,False,False,5.9804,False,True
統一(母公司/裸名稱) x 統一-城中,統一(母公司/裸名稱),統一-城中,2025-08-20,3128,2025-08-21,in_sample,2190.955,3.8721,1653.465,2.9222,48.0,48.75,41.4,49.098,False,False,13.75,False,True
統一(母公司/裸名稱) x 統一-城中,統一(母公司/裸名稱),統一-城中,2025-08-20,3297,2025-08-21,in_sample,4499.17,2.85,3637.92,2.3045,73.2,74.1,68.2,74.186,False,False,6.8306,False,True
統一(母公司/裸名稱) x 統一-城中,統一(母公司/裸名稱),統一-城中,2025-08-20,5251,2025-08-21,in_sample,2919.84,3.0625,1935.5,2.0301,57.0,57.6,52.1,59.584,False,False,8.5965,False,True
統一(母公司/裸名稱) x 統一-城中,統一(母公司/裸名稱),統一-城中,2025-08-20,6140,2025-08-21,in_sample,3299.635,6.7311,3402.33,6.9406,44.65,47.4,42.35,48.118,False,False,5.1512,False,True
統一(母公司/裸名稱) x 統一-城中,統一(母公司/裸名稱),統一-城中,2025-08-21,2498,2025-08-22,in_sample,11682.0,2.2934,10140.0,1.9907,62.5,64.1,61.0,64.68,False,False,2.4,False,True
統一(母公司/裸名稱) x 統一-城中,統一(母公司/裸名稱),統一-城中,2025-08-21,4931,2025-08-22,in_sample,14787.5,3.766,16105.7,4.1017,171.0,174.5,163.0,181.79,False,False,4.6784,False,True
統一(母公司/裸名稱) x 統一-城中,統一(母公司/裸名稱),統一-城中,2025-08-21,6148,2025-08-22,in_sample,4354.02,5.2239,4300.56,5.1598,60.0,64.8,57.6,63.994,True,False,-6.6567,False,False
統一(母公司/裸名稱) x 統一-城中,統一(母公司/裸名稱),統一-城中,2025-08-22,3708,2025-08-25,in_sample,11924.55,3.6435,12860.1,3.9294,155.5,155.5,141.5,159.74,False,False,9.0032,False,True
統一(母公司/裸名稱) x 統一-城中,統一(母公司/裸名稱),統一-城中,2025-08-25,2328,2025-08-26,in_sample,19358.46,5.6362,8743.68,2.5457,62.4,63.7,62.0,63.994,False,False,0.641,False,True
統一(母公司/裸名稱) x 統一-城中,統一(母公司/裸名稱),統一-城中,2025-08-25,2365,2025-08-26,in_sample,6434.065,11.7097,2388.775,4.3475,46.5,49.1,49.1,48.118,True,False,-3.4796,False,False
統一(母公司/裸名稱) x 統一-城中,統一(母公司/裸名稱),統一-城中,2025-08-25,3305,2025-08-26,in_sample,13632.5,4.0561,9532.5,2.8362,105.0,112.0,110.5,110.25,True,False,-5.0,False,False
統一(母公司/裸名稱) x 統一-城中,統一(母公司/裸名稱),統一-城中,2025-08-25,5371,2025-08-26,in_sample,18170.4,2.8943,13130.6,2.0915,115.0,124.0,120.5,121.52,True,False,-5.6696,False,False
統一(母公司/裸名稱) x 統一-城中,統一(母公司/裸名稱),統一-城中,2025-08-25,8234,2025-08-26,in_sample,8618.95,16.4814,9477.5,18.1232,114.5,119.0,115.5,120.05,False,False,-0.8734,False,False
統一(母公司/裸名稱) x 統一-城中,統一(母公司/裸名稱),統一-城中,2025-08-25,8249,2025-08-26,in_sample,5463.42,6.0567,5386.38,5.9713,64.6,70.3,62.9,69.188,True,False,-7.1022,False,False
統一(母公司/裸名稱) x 統一-城中,統一(母公司/裸名稱),統一-城中,2025-08-26,2365,2025-08-27,in_sample,17155.54,5.1222,8042.58,2.4013,50.6,52.6,50.6,52.92,False,False,0.0,False,False
統一(母公司/裸名稱) x 統一-城中,統一(母公司/裸名稱),統一-城中,2025-08-27,2498,2025-08-28,in_sample,15877.38,2.4559,12622.97,1.9525,67.0,68.6,66.5,69.678,False,False,0.7463,False,True
統一(母公司/裸名稱) x 統一-城中,統一(母公司/裸名稱),統一-城中,2025-08-27,5469,2025-08-28,in_sample,6864.12,6.8061,4335.67,4.299,83.2,86.5,81.7,89.278,False,False,1.8029,False,True
統一(母公司/裸名稱) x 統一-城中,統一(母公司/裸名稱),統一-城中,2025-08-27,5536,2025-08-28,in_sample,4460.4,2.4052,991.2,0.5345,839.0,856.0,826.0,889.84,False,False,1.5495,False,True
統一(母公司/裸名稱) x 統一-城中,統一(母公司/裸名稱),統一-城中,2025-08-27,6191,2025-08-28,in_sample,13049.4,3.0658,9189.55,2.159,128.0,131.0,131.0,128.38,True,False,-0.2969,False,False
統一(母公司/裸名稱) x 統一-城中,統一(母公司/裸名稱),統一-城中,2025-08-27,8046,2025-08-28,in_sample,32284.05,5.5187,17857.95,3.0527,213.0,226.0,226.0,221.48,True,False,-3.9812,False,False
統一(母公司/裸名稱) x 統一-城中,統一(母公司/裸名稱),統一-城中,2025-08-28,1584,2025-08-29,in_sample,4259.58,9.6001,1031.355,2.3244,28.25,28.35,26.5,30.086,False,False,6.1947,False,True
統一(母公司/裸名稱) x 統一-城中,統一(母公司/裸名稱),統一-城中,2025-08-28,2208,2025-08-29,in_sample,4309.435,5.5946,4065.28,5.2776,20.8,21.5,20.6,21.364,True,False,-2.7115,False,False
統一(母公司/裸名稱) x 統一-城中,統一(母公司/裸名稱),統一-城中,2025-08-28,2355,2025-08-29,in_sample,386.65,0.3088,439.56,0.351,41.3,41.75,40.65,43.855,False,False,1.5738,False,True
統一(母公司/裸名稱) x 統一-城中,統一(母公司/裸名稱),統一-城中,2025-08-28,2634,2025-08-29,in_sample,22848.0,3.4532,21714.0,3.2818,63.7,64.6,62.4,64.68,False,False,2.0408,False,True
統一(母公司/裸名稱) x 統一-城中,統一(母公司/裸名稱),統一-城中,2025-08-28,7402,2025-08-29,in_sample,3986.4,3.1453,3168.0,2.4996,132.0,135.0,129.0,142.1,False,False,2.2727,False,True
統一(母公司/裸名稱) x 統一-城中,統一(母公司/裸名稱),統一-城中,2025-08-29,5469,2025-09-01,in_sample,6268.04,3.0468,9402.06,4.5702,90.7,96.4,84.4,96.726,False,False,6.946,False,True
統一(母公司/裸名稱) x 統一-城中,統一(母公司/裸名稱),統一-城中,2025-08-29,6191,2025-09-01,in_sample,19598.4,1.5735,13464.0,1.081,144.0,145.0,131.0,154.84,False,False,9.0278,False,True
統一(母公司/裸名稱) x 統一-城中,統一(母公司/裸名稱),統一-城中,2025-08-29,6515,2025-09-01,in_sample,10862.5,2.5483,5225.0,1.2258,1415.0,1510.0,1510.0,1479.8,True,False,-4.5795,False,False
統一(母公司/裸名稱) x 統一-城中,統一(母公司/裸名稱),統一-城中,2025-08-29,6667,2025-09-01,in_sample,1565.2,0.8187,14237.3,7.4467,304.5,310.0,290.0,324.38,False,False,4.7619,False,True
統一(母公司/裸名稱) x 統一-城中,統一(母公司/裸名稱),統一-城中,2025-08-29,8039,2025-09-01,in_sample,4961.68,6.3307,2685.68,3.4267,58.5,59.0,53.0,61.25,False,False,9.4017,False,True
統一(母公司/裸名稱) x 統一-城中,統一(母公司/裸名稱),統一-城中,2025-08-29,8070,2025-09-01,in_sample,2164.435,3.3422,2325.57,3.591,43.5,43.5,41.95,46.942,False,False,3.5632,False,True
統一(母公司/裸名稱) x 統一-城中,統一(母公司/裸名稱),統一-城中,2025-09-03,1810,2025-09-04,in_sample,2942.72,3.9644,1098.68,1.4801,25.35,25.6,23.2,26.068,False,False,8.4813,False,True
統一(母公司/裸名稱) x 統一-城中,統一(母公司/裸名稱),統一-城中,2025-09-03,3707,2025-09-04,in_sample,4638.9,7.7252,1396.605,2.3258,51.5,54.2,54.2,53.116,True,False,-3.1379,False,False
統一(母公司/裸名稱) x 統一-城中,統一(母公司/裸名稱),統一-城中,2025-09-03,4541,2025-09-04,in_sample,7027.84,5.1373,7274.32,5.3175,65.8,69.5,64.3,68.11,True,False,-3.5106,False,False
統一(母公司/裸名稱) x 統一-城中,統一(母公司/裸名稱),統一-城中,2025-09-03,4976,2025-09-04,in_sample,4295.83,5.3875,2490.18,3.123,56.6,59.2,57.5,58.016,True,False,-2.5018,False,False
統一(母公司/裸名稱) x 統一-城中,統一(母公司/裸名稱),統一-城中,2025-09-03,5371,2025-09-04,in_sample,29972.8,3.3,24405.3,2.687,136.0,141.0,128.0,141.12,False,False,5.8824,False,True
統一(母公司/裸名稱) x 統一-城中,統一(母公司/裸名稱),統一-城中,2025-09-03,6919,2025-09-04,in_sample,9696.45,0.7026,4555.55,0.3301,259.5,260.0,244.0,273.91,False,False,5.973,False,True
統一(母公司/裸名稱) x 統一-城中,統一(母公司/裸名稱),統一-城中,2025-09-03,8121,2025-09-04,in_sample,103.73,2.6111,123.97,3.1206,26.45,27.8,27.25,27.244,True,False,-3.0019,False,False
統一(母公司/裸名稱) x 統一-城中,統一(母公司/裸名稱),統一-城中,2025-09-04,2520,2025-09-05,in_sample,2176.785,5.2221,2014.22,4.8321,40.5,41.3,40.2,42.728,False,False,0.7407,False,True
統一(母公司/裸名稱) x 統一-城中,統一(母公司/裸名稱),統一-城中,2025-09-04,2545,2025-09-05,in_sample,1182.81,5.9224,1129.65,5.6562,46.25,46.3,43.05,47.726,False,False,6.9189,False,True
統一(母公司/裸名稱) x 統一-城中,統一(母公司/裸名稱),統一-城中,2025-09-04,3707,2025-09-05,in_sample,6818.36,4.4457,3859.04,2.5162,55.1,56.5,52.5,58.408,False,False,4.7187,False,True
統一(母公司/裸名稱) x 統一-城中,統一(母公司/裸名稱),統一-城中,2025-09-04,4113,2025-09-05,in_sample,142.215,3.5023,513.97,12.6573,25.75,25.75,23.85,26.852,False,False,7.3786,False,True
統一(母公司/裸名稱) x 統一-城中,統一(母公司/裸名稱),統一-城中,2025-09-04,6177,2025-09-05,in_sample,3265.08,8.7278,2134.86,5.7066,49.8,53.0,50.9,52.038,True,False,-4.494,False,False
統一(母公司/裸名稱) x 統一-城中,統一(母公司/裸名稱),統一-城中,2025-09-05,2323,2025-09-08,in_sample,1599.7,16.9188,669.992,7.086,10.05,10.1,9.26,10.143,False,False,7.8607,False,True
統一(母公司/裸名稱) x 統一-城中,統一(母公司/裸名稱),統一-城中,2025-09-05,2344,2025-09-08,in_sample,32072.865,6.4247,22949.135,4.5971,24.65,24.8,24.6,24.304,True,False,1.4037,False,True
統一(母公司/裸名稱) x 統一-城中,統一(母公司/裸名稱),統一-城中,2025-09-05,2408,2025-09-08,in_sample,21899.6,2.6066,6964.2,0.8289,57.8,58.3,53.5,57.134,True,False,1.1522,False,True
統一(母公司/裸名稱) x 統一-城中,統一(母公司/裸名稱),統一-城中,2025-09-05,6789,2025-09-08,in_sample,22499.0,7.6379,5781.2,1.9626,310.0,326.5,323.0,320.95,True,False,-3.5323,False,False
統一(母公司/裸名稱) x 統一-城中,統一(母公司/裸名稱),統一-城中,2025-09-05,8299,2025-09-08,in_sample,19536.0,6.157,13464.0,4.2434,546.0,556.0,539.0,568.4,False,False,1.2821,False,True
統一(母公司/裸名稱) x 統一-城中,統一(母公司/裸名稱),統一-城中,2025-09-08,6732,2025-09-09,in_sample,156.45,2.0026,469.35,6.0079,245.5,245.5,245.5,240.59,True,False,2.0,False,True
統一(母公司/裸名稱) x 統一-城中,統一(母公司/裸名稱),統一-城中,2025-09-08,8088,2025-09-09,in_sample,3511.3,18.2692,1762.95,9.1726,38.0,40.15,39.25,39.347,True,False,-3.5447,False,False
統一(母公司/裸名稱) x 統一-城中,統一(母公司/裸名稱),統一-城中,2025-09-09,5289,2025-09-10,in_sample,1747.2,0.7462,9676.8,4.133,348.5,354.5,344.0,362.11,False,False,1.2912,False,True
統一(母公司/裸名稱) x 統一-城中,統一(母公司/裸名稱),統一-城中,2025-09-10,2374,2025-09-11,in_sample,20242.75,3.3375,12641.2,2.0842,96.2,99.3,91.0,100.45,False,False,5.4054,False,True
統一(母公司/裸名稱) x 統一-城中,統一(母公司/裸名稱),統一-城中,2025-09-10,6937,2025-09-11,in_sample,5004.25,3.8183,3543.55,2.7038,270.0,271.0,261.5,291.55,False,False,3.1481,False,True
統一(母公司/裸名稱) x 統一-城中,統一(母公司/裸名稱),統一-城中,2025-09-10,8299,2025-09-11,in_sample,38054.5,5.8048,5626.5,0.8583,610.0,612.0,586.0,651.7,False,False,3.9344,False,True
統一(母公司/裸名稱) x 統一-城中,統一(母公司/裸名稱),統一-城中,2025-09-12,6239,2025-09-15,in_sample,16216.4,4.672,7029.0,2.0251,142.0,152.5,151.0,152.88,False,False,-6.338,False,False
統一(母公司/裸名稱) x 統一-城中,統一(母公司/裸名稱),統一-城中,2025-09-16,6488,2025-09-17,in_sample,33218.05,4.1016,13889.55,1.715,468.0,475.0,446.0,484.12,False,False,4.7009,False,True
統一(母公司/裸名稱) x 統一-城中,統一(母公司/裸名稱),統一-城中,2025-09-16,8046,2025-09-17,in_sample,16859.7,4.9431,9785.7,2.869,200.5,201.5,193.5,211.68,False,False,3.4913,False,True
統一(母公司/裸名稱) x 統一-城中,統一(母公司/裸名稱),統一-城中,2025-09-18,2344,2025-09-19,in_sample,68634.27,4.8742,22894.24,1.6259,34.0,34.3,33.5,34.79,False,False,1.4706,False,True
統一(母公司/裸名稱) x 統一-城中,統一(母公司/裸名稱),統一-城中,2025-09-18,3535,2025-09-19,in_sample,539.5,0.3768,1286.5,0.8985,83.5,84.4,83.8,89.474,False,False,-0.3593,False,False
統一(母公司/裸名稱) x 統一-城中,統一(母公司/裸名稱),統一-城中,2025-09-18,6488,2025-09-19,in_sample,43556.4,4.1027,9172.35,0.864,510.0,520.0,505.0,528.22,False,False,0.9804,False,True
統一(母公司/裸名稱) x 統一-城中,統一(母公司/裸名稱),統一-城中,2025-09-19,2327,2025-09-22,in_sample,14990.4,0.7885,21739.55,1.1436,176.5,185.0,178.5,186.69,False,False,-1.1331,False,False
統一(母公司/裸名稱) x 統一-城中,統一(母公司/裸名稱),統一-城中,2025-09-19,8046,2025-09-22,in_sample,33418.0,3.3422,21450.0,2.1452,221.0,239.5,235.5,237.16,True,False,-7.3122,False,False
統一(母公司/裸名稱) x 統一-城中,統一(母公司/裸名稱),統一-城中,2025-09-22,2492,2025-09-23,in_sample,8736.0,3.8643,7539.0,3.3348,105.0,105.0,99.9,113.19,False,False,4.8571,False,True
統一(母公司/裸名稱) x 統一-城中,統一(母公司/裸名稱),統一-城中,2025-09-22,2630,2025-09-23,in_sample,441.36,0.8037,349.41,0.6363,62.6,62.6,55.2,66.052,False,False,11.8211,False,True
統一(母公司/裸名稱) x 統一-城中,統一(母公司/裸名稱),統一-城中,2025-09-22,3260,2025-09-23,in_sample,9561.75,2.335,14365.5,3.5081,152.5,154.0,148.5,164.15,False,False,2.623,False,True
統一(母公司/裸名稱) x 統一-城中,統一(母公司/裸名稱),統一-城中,2025-09-22,4722,2025-09-23,in_sample,4559.1,2.5729,4909.8,2.7708,178.5,180.5,166.0,179.83,True,False,-0.7451,False,False
統一(母公司/裸名稱) x 統一-城中,統一(母公司/裸名稱),統一-城中,2025-09-22,5469,2025-09-23,in_sample,6516.3,2.1314,8260.4,2.7019,113.5,115.0,104.0,115.15,False,False,8.37,False,True
統一(母公司/裸名稱) x 統一-城中,統一(母公司/裸名稱),統一-城中,2025-09-22,6449,2025-09-23,in_sample,10930.7,5.5523,1483.9,0.7538,209.5,212.5,198.5,224.91,False,False,5.2506,False,True
統一(母公司/裸名稱) x 統一-城中,統一(母公司/裸名稱),統一-城中,2025-09-24,2324,2025-09-25,in_sample,9773.85,2.2378,7531.35,1.7244,35.25,37.8,36.4,37.191,True,False,-5.5064,False,False
統一(母公司/裸名稱) x 統一-城中,統一(母公司/裸名稱),統一-城中,2025-09-24,2375,2025-09-25,in_sample,6239.31,3.8378,778.91,0.4791,82.2,85.0,78.2,86.534,False,False,4.8662,False,True
統一(母公司/裸名稱) x 統一-城中,統一(母公司/裸名稱),統一-城中,2025-09-24,6173,2025-09-25,in_sample,2519.68,4.6868,2387.6,4.4411,53.0,55.0,49.75,54.684,True,False,-3.1774,False,False
統一(母公司/裸名稱) x 統一-城中,統一(母公司/裸名稱),統一-城中,2025-09-26,1795,2025-09-30,in_sample,8466.0,2.1081,9843.0,2.451,267.0,277.0,259.5,274.89,True,False,-2.9551,False,False
統一(母公司/裸名稱) x 統一-城中,統一(母公司/裸名稱),統一-城中,2025-09-26,2009,2025-09-30,in_sample,2198.18,1.2747,2080.72,1.2066,44.0,44.25,42.3,45.178,False,False,3.8636,False,True
統一(母公司/裸名稱) x 統一-城中,統一(母公司/裸名稱),統一-城中,2025-09-26,6173,2025-09-30,in_sample,12827.15,6.576,4310.36,2.2098,55.0,55.1,52.8,58.898,False,False,4.0,False,True
統一(母公司/裸名稱) x 統一-城中,統一(母公司/裸名稱),統一-城中,2025-09-30,3653,2025-10-01,in_sample,9399.0,2.5385,8917.0,2.4083,2430.0,2540.0,2445.0,2597.0,False,False,-0.6173,False,False
統一(母公司/裸名稱) x 統一-城中,統一(母公司/裸名稱),統一-城中,2025-09-30,8054,2025-10-01,in_sample,3039.6,10.2295,3039.6,10.2295,101.5,106.0,101.0,109.76,False,False,0.4926,False,True
統一(母公司/裸名稱) x 統一-城中,統一(母公司/裸名稱),統一-城中,2025-10-01,1504,2025-10-02,in_sample,27055.05,3.5235,25571.15,3.3302,108.5,114.5,114.5,112.21,True,False,-3.4194,False,False
統一(母公司/裸名稱) x 統一-城中,統一(母公司/裸名稱),統一-城中,2025-10-01,6770,2025-10-02,in_sample,20364.21,1.8467,10557.36,0.9574,30.1,30.1,27.7,30.037,True,False,0.2093,False,True
統一(母公司/裸名稱) x 統一-城中,統一(母公司/裸名稱),統一-城中,2025-10-02,1504,2025-10-03,in_sample,50059.4,2.7525,8530.25,0.469,114.5,115.5,113.5,122.99,False,False,0.8734,False,True
統一(母公司/裸名稱) x 統一-城中,統一(母公司/裸名稱),統一-城中,2025-10-02,8299,2025-10-03,in_sample,8278.4,0.8054,8517.2,0.8287,790.0,835.0,829.0,857.5,False,False,-4.9367,False,False
統一(母公司/裸名稱) x 統一-城中,統一(母公司/裸名稱),統一-城中,2025-10-03,6449,2025-10-07,in_sample,5909.4,3.0175,3991.05,2.038,218.0,225.0,218.0,237.65,False,False,0.0,False,False
統一(母公司/裸名稱) x 統一-城中,統一(母公司/裸名稱),統一-城中,2025-10-03,8043,2025-10-07,in_sample,3897.6,7.8977,2137.8,4.3318,43.4,45.7,43.2,45.276,True,False,-4.3226,False,False
統一(母公司/裸名稱) x 統一-城中,統一(母公司/裸名稱),統一-城中,2025-10-03,8046,2025-10-07,in_sample,13919.2,1.2424,14909.8,1.3308,258.5,261.5,253.0,273.42,False,False,2.1277,False,True
統一(母公司/裸名稱) x 統一-城中,統一(母公司/裸名稱),統一-城中,2025-10-03,8110,2025-10-07,in_sample,2715.75,1.505,4194.75,2.3246,22.0,23.35,23.35,22.883,True,False,-4.0136,False,False
統一(母公司/裸名稱) x 統一-城中,統一(母公司/裸名稱),統一-城中,2025-10-07,3413,2025-10-08,in_sample,4623.75,2.2299,7863.75,3.7924,334.5,340.5,328.5,363.58,False,False,1.7937,False,True
統一(母公司/裸名稱) x 統一-城中,統一(母公司/裸名稱),統一-城中,2025-10-07,6531,2025-10-08,in_sample,8278.4,2.3326,7044.6,1.9849,396.5,410.0,398.5,428.75,False,False,-0.5044,False,False
統一(母公司/裸名稱) x 統一-城中,統一(母公司/裸名稱),統一-城中,2025-10-08,8070,2025-10-09,in_sample,8869.23,5.4137,2402.685,1.4666,48.6,51.7,48.2,51.842,False,False,0.823,False,True
統一(母公司/裸名稱) x 統一-城中,統一(母公司/裸名稱),統一-城中,2025-10-09,2399,2025-10-13,in_sample,1393.63,2.3599,1409.835,2.3874,22.05,22.05,21.8,24.941,False,False,1.1338,False,True
統一(母公司/裸名稱) x 統一-城中,統一(母公司/裸名稱),統一-城中,2025-10-09,3189,2025-10-13,in_sample,20927.5,4.5748,12938.75,2.8284,131.0,134.5,133.5,147.98,False,False,-1.9084,False,False
統一(母公司/裸名稱) x 統一-城中,統一(母公司/裸名稱),統一-城中,2025-10-09,5475,2025-10-13,in_sample,2544.48,4.7199,636.12,1.18,63.5,67.4,67.0,73.696,False,False,-5.5118,False,False
統一(母公司/裸名稱) x 統一-城中,統一(母公司/裸名稱),統一-城中,2025-10-13,2312,2025-10-14,in_sample,10592.82,6.4133,3175.2,1.9224,22.5,23.7,21.8,23.765,False,False,3.1111,False,True
統一(母公司/裸名稱) x 統一-城中,統一(母公司/裸名稱),統一-城中,2025-10-13,3306,2025-10-14,in_sample,90.75,0.8249,102.85,0.9349,61.5,64.2,59.5,65.17,False,False,3.252,False,True
統一(母公司/裸名稱) x 統一-城中,統一(母公司/裸名稱),統一-城中,2025-10-14,2609,2025-10-15,in_sample,15745.59,3.0021,9990.54,1.9048,55.7,55.7,53.2,61.054,False,False,4.4883,False,True
統一(母公司/裸名稱) x 統一-城中,統一(母公司/裸名稱),統一-城中,2025-10-14,2615,2025-10-15,in_sample,13676.16,3.6092,7030.82,1.8555,80.9,82.5,80.5,90.258,False,False,0.4944,False,True
統一(母公司/裸名稱) x 統一-城中,統一(母公司/裸名稱),統一-城中,2025-10-14,6282,2025-10-15,in_sample,6877.05,4.6913,7238.05,4.9376,36.8,37.85,35.45,38.906,False,False,3.6685,False,True
統一(母公司/裸名稱) x 統一-城中,統一(母公司/裸名稱),統一-城中,2025-10-14,8996,2025-10-15,in_sample,22564.5,15.9854,19202.85,13.6039,460.5,506.0,506.0,495.88,True,False,-7.683,False,False
統一(母公司/裸名稱) x 統一-城中,統一(母公司/裸名稱),統一-城中,2025-10-15,2481,2025-10-16,in_sample,12838.72,2.0278,8132.32,1.2844,86.8,92.4,85.7,91.336,True,False,-5.2258,False,False
統一(母公司/裸名稱) x 統一-城中,統一(母公司/裸名稱),統一-城中,2025-10-15,3189,2025-10-16,in_sample,8863.55,2.1525,12992.7,3.1553,140.0,147.5,147.5,144.55,True,False,-3.25,False,False
統一(母公司/裸名稱) x 統一-城中,統一(母公司/裸名稱),統一-城中,2025-10-15,5425,2025-10-16,in_sample,3392.16,5.7855,1369.47,2.3357,59.2,60.6,56.5,61.74,False,False,4.5608,False,True
統一(母公司/裸名稱) x 統一-城中,統一(母公司/裸名稱),統一-城中,2025-10-16,1605,2025-10-17,in_sample,15507.075,3.3871,2722.32,0.5946,29.2,30.05,29.05,32.144,False,False,0.5137,False,True
統一(母公司/裸名稱) x 統一-城中,統一(母公司/裸名稱),統一-城中,2025-10-16,8110,2025-10-17,in_sample,2484.72,1.9089,2044.42,1.5706,23.55,23.75,23.05,25.627,False,False,2.1231,False,True
統一(母公司/裸名稱) x 統一-城中,統一(母公司/裸名稱),統一-城中,2025-10-17,2375,2025-10-20,in_sample,7205.12,2.9573,7317.7,3.0035,88.9,95.2,95.2,93.296,True,False,-4.9449,False,False
統一(母公司/裸名稱) x 統一-城中,統一(母公司/裸名稱),統一-城中,2025-10-17,5328,2025-10-20,in_sample,98.0,0.5656,63.0,0.3636,18.3,19.25,19.25,18.865,True,False,-3.0874,False,False
統一(母公司/裸名稱) x 統一-城中,統一(母公司/裸名稱),統一-城中,2025-10-17,8043,2025-10-20,in_sample,1963.325,6.12,949.3,2.9591,45.9,47.45,47.45,46.501,True,False,-1.3094,False,False
統一(母公司/裸名稱) x 統一-城中,統一(母公司/裸名稱),統一-城中,2025-10-20,1504,2025-10-21,in_sample,45362.2,5.3479,25238.4,2.9754,125.0,127.5,113.5,128.38,False,False,9.2,False,True
統一(母公司/裸名稱) x 統一-城中,統一(母公司/裸名稱),統一-城中,2025-10-20,2337,2025-10-21,in_sample,16264.08,4.7565,8323.14,2.4342,30.0,30.2,28.25,31.654,False,False,5.8333,False,True
統一(母公司/裸名稱) x 統一-城中,統一(母公司/裸名稱),統一-城中,2025-10-20,2375,2025-10-21,in_sample,3493.84,0.7079,2494.24,0.5054,99.4,103.0,95.7,102.41,True,False,-3.0282,False,False
統一(母公司/裸名稱) x 統一-城中,統一(母公司/裸名稱),統一-城中,2025-10-20,2481,2025-10-21,in_sample,13021.0,5.2153,12778.54,5.1182,95.0,98.7,98.7,96.726,True,False,-1.8168,False,False
統一(母公司/裸名稱) x 統一-城中,統一(母公司/裸名稱),統一-城中,2025-10-20,2492,2025-10-21,in_sample,3836.3,0.8891,9624.8,2.2307,115.5,121.0,113.5,122.01,False,False,1.7316,False,True
統一(母公司/裸名稱) x 統一-城中,統一(母公司/裸名稱),統一-城中,2025-10-20,3026,2025-10-21,in_sample,7738.5,5.9347,2644.95,2.0284,116.0,119.0,113.5,124.46,False,False,2.1552,False,True
統一(母公司/裸名稱) x 統一-城中,統一(母公司/裸名稱),統一-城中,2025-10-20,6173,2025-10-21,in_sample,2991.92,1.3808,7175.84,3.3118,62.6,64.1,60.2,64.19,False,False,3.8339,False,True
統一(母公司/裸名稱) x 統一-城中,統一(母公司/裸名稱),統一-城中,2025-10-20,6175,2025-10-21,in_sample,1790.0,3.9041,1418.575,3.094,45.65,46.0,43.7,48.216,False,False,4.2716,False,True
統一(母公司/裸名稱) x 統一-城中,統一(母公司/裸名稱),統一-城中,2025-10-20,8110,2025-10-21,in_sample,8378.175,4.902,6058.65,3.5449,25.95,26.5,24.6,27.293,False,False,5.2023,False,True
統一(母公司/裸名稱) x 統一-城中,統一(母公司/裸名稱),統一-城中,2025-10-21,2472,2025-10-22,in_sample,15099.8,5.0646,2286.6,0.7669,102.5,113.0,107.5,110.74,True,False,-8.039,False,False
統一(母公司/裸名稱) x 統一-城中,統一(母公司/裸名稱),統一-城中,2025-10-21,3236,2025-10-22,in_sample,649.44,1.5439,1202.94,2.8597,24.4,25.5,24.1,26.509,False,False,1.2295,False,True
統一(母公司/裸名稱) x 統一-城中,統一(母公司/裸名稱),統一-城中,2025-10-21,3317,2025-10-22,in_sample,3368.24,4.1157,3402.32,4.1574,55.5,57.5,52.7,61.152,False,False,5.045,False,True
統一(母公司/裸名稱) x 統一-城中,統一(母公司/裸名稱),統一-城中,2025-10-21,4958,2025-10-22,in_sample,8250.0,2.0193,7557.0,1.8497,165.0,165.0,162.0,177.87,False,False,1.8182,False,True
統一(母公司/裸名稱) x 統一-城中,統一(母公司/裸名稱),統一-城中,2025-10-21,6127,2025-10-22,in_sample,2577.52,7.149,1087.79,3.0171,31.65,32.0,30.3,34.349,False,False,4.2654,False,True
統一(母公司/裸名稱) x 統一-城中,統一(母公司/裸名稱),統一-城中,2025-10-21,6805,2025-10-22,in_sample,19008.0,3.5376,15708.0,2.9234,1300.0,1365.0,1325.0,1421.0,False,False,-1.9231,False,False
統一(母公司/裸名稱) x 統一-城中,統一(母公司/裸名稱),統一-城中,2025-10-22,6282,2025-10-23,in_sample,20913.75,4.5776,8069.49,1.7663,43.2,44.0,41.25,46.207,False,False,4.5139,False,True
統一(母公司/裸名稱) x 統一-城中,統一(母公司/裸名稱),統一-城中,2025-10-22,8422,2025-10-23,in_sample,3870.05,2.6498,5472.3,3.7468,251.0,256.0,238.0,265.58,False,False,5.1793,False,True
統一(母公司/裸名稱) x 統一-城中,統一(母公司/裸名稱),統一-城中,2025-10-27,2327,2025-10-28,in_sample,22315.3,0.7834,7802.9,0.2739,247.0,248.0,246.0,267.54,False,False,0.4049,False,True
統一(母公司/裸名稱) x 統一-城中,統一(母公司/裸名稱),統一-城中,2025-10-27,6290,2025-10-28,in_sample,14327.7,6.27,7889.2,3.4524,169.0,179.0,179.0,175.42,True,False,-3.7988,False,False
統一(母公司/裸名稱) x 統一-城中,統一(母公司/裸名稱),統一-城中,2025-10-27,6411,2025-10-28,in_sample,3871.0,6.5662,1146.6,1.9449,98.2,102.5,100.5,105.35,False,False,-2.3422,False,False
統一(母公司/裸名稱) x 統一-城中,統一(母公司/裸名稱),統一-城中,2025-10-27,6442,2025-10-28,in_sample,13706.1,2.6312,10301.4,1.9776,880.0,958.0,946.0,940.8,True,False,-6.9091,False,False
統一(母公司/裸名稱) x 統一-城中,統一(母公司/裸名稱),統一-城中,2025-10-28,2337,2025-10-29,in_sample,6881.76,0.9689,8944.83,1.2593,38.0,39.7,38.5,39.249,True,False,-3.2868,False,False
統一(母公司/裸名稱) x 統一-城中,統一(母公司/裸名稱),統一-城中,2025-10-28,4979,2025-10-29,in_sample,37097.5,7.6405,16594.6,3.4178,212.0,217.0,212.5,224.91,False,False,-0.2358,False,False
統一(母公司/裸名稱) x 統一-城中,統一(母公司/裸名稱),統一-城中,2025-10-29,5243,2025-10-30,in_sample,4480.5,6.0746,2888.4,3.916,92.0,95.2,85.0,93.786,True,False,-1.9413,False,False
統一(母公司/裸名稱) x 統一-城中,統一(母公司/裸名稱),統一-城中,2025-10-31,1514,2025-11-03,in_sample,9469.85,4.9752,5049.85,2.6531,115.0,120.0,116.5,119.07,True,False,-3.5391,False,False
統一(母公司/裸名稱) x 統一-城中,統一(母公司/裸名稱),統一-城中,2025-10-31,3711,2025-11-03,in_sample,16112.25,1.2178,11880.0,0.8979,248.5,251.0,246.0,266.56,False,False,1.006,False,True
統一(母公司/裸名稱) x 統一-城中,統一(母公司/裸名稱),統一-城中,2025-10-31,5439,2025-11-03,in_sample,7543.5,1.2622,12725.25,2.1293,353.0,362.5,359.5,379.75,False,False,-1.8414,False,False
統一(母公司/裸名稱) x 統一-城中,統一(母公司/裸名稱),統一-城中,2025-11-03,1519,2025-11-04,in_sample,15484.2,1.2476,24366.0,1.9633,800.0,816.0,772.0,846.72,False,False,3.5,False,True
統一(母公司/裸名稱) x 統一-城中,統一(母公司/裸名稱),統一-城中,2025-11-03,2421,2025-11-04,in_sample,17828.4,4.9251,7021.8,1.9398,167.5,168.5,149.5,178.85,False,False,10.7463,False,True
統一(母公司/裸名稱) x 統一-城中,統一(母公司/裸名稱),統一-城中,2025-11-03,6257,2025-11-04,in_sample,6366.2,3.6626,6079.95,3.4979,113.5,115.5,103.5,122.99,False,False,8.8106,False,True
統一(母公司/裸名稱) x 統一-城中,統一(母公司/裸名稱),統一-城中,2025-11-03,8440,2025-11-04,in_sample,111.34,3.037,58.6,1.5984,31.2,31.7,28.6,31.556,True,False,-1.141,False,False
統一(母公司/裸名稱) x 統一-城中,統一(母公司/裸名稱),統一-城中,2025-11-06,1314,2025-11-07,in_sample,4060.875,3.5635,2381.925,2.0902,10.5,10.6,9.42,10.486,True,False,0.1333,False,True
統一(母公司/裸名稱) x 統一-城中,統一(母公司/裸名稱),統一-城中,2025-11-06,4989,2025-11-07,in_sample,3899.88,3.1931,3909.3,3.2008,48.05,49.1,44.6,50.764,False,False,7.18,False,True
統一(母公司/裸名稱) x 統一-城中,統一(母公司/裸名稱),統一-城中,2025-11-07,2451,2025-11-10,in_sample,2524.5,1.6514,1321.65,0.8646,163.0,163.0,163.0,159.74,True,True,2.0,False,True
統一(母公司/裸名稱) x 統一-城中,統一(母公司/裸名稱),統一-城中,2025-11-10,8112,2025-11-11,in_sample,13029.54,1.6974,7558.88,0.9847,80.7,83.4,80.0,85.554,False,False,0.8674,False,True
統一(母公司/裸名稱) x 統一-城中,統一(母公司/裸名稱),統一-城中,2025-11-10,8131,2025-11-11,in_sample,2777.61,2.9448,4713.52,4.9973,46.25,46.75,44.85,47.726,False,False,3.027,False,True
統一(母公司/裸名稱) x 統一-城中,統一(母公司/裸名稱),統一-城中,2025-11-11,1802,2025-11-12,in_sample,26861.105,4.0198,23309.965,3.4884,33.4,35.25,35.25,34.545,True,False,-3.4281,False,False
統一(母公司/裸名稱) x 統一-城中,統一(母公司/裸名稱),統一-城中,2025-11-11,1815,2025-11-12,in_sample,38171.7,3.0713,28327.9,2.2792,86.9,91.3,91.3,89.474,True,False,-2.962,False,False
統一(母公司/裸名稱) x 統一-城中,統一(母公司/裸名稱),統一-城中,2025-11-11,4989,2025-11-12,in_sample,4776.48,3.5017,9018.495,6.6116,51.0,52.8,49.2,51.842,True,False,-1.651,False,False
統一(母公司/裸名稱) x 統一-城中,統一(母公司/裸名稱),統一-城中,2025-11-12,1303,2025-11-13,in_sample,7410.24,0.8837,11444.04,1.3647,51.6,54.7,53.8,53.606,True,False,-3.8876,False,False
統一(母公司/裸名稱) x 統一-城中,統一(母公司/裸名稱),統一-城中,2025-11-12,3092,2025-11-13,in_sample,39.42,3.9761,14.6,1.4726,15.8,16.05,16.05,15.729,True,False,0.4494,False,True
統一(母公司/裸名稱) x 統一-城中,統一(母公司/裸名稱),統一-城中,2025-11-13,1605,2025-11-14,in_sample,45263.855,3.9126,17069.975,1.4755,34.1,35.35,32.8,37.093,False,False,3.8123,False,True
統一(母公司/裸名稱) x 統一-城中,統一(母公司/裸名稱),統一-城中,2025-11-13,2486,2025-11-14,in_sample,4984.74,1.981,5462.1,2.1707,91.6,96.4,91.8,98.49,False,False,-0.2183,False,False
統一(母公司/裸名稱) x 統一-城中,統一(母公司/裸名稱),統一-城中,2025-11-13,2492,2025-11-14,in_sample,11614.5,2.2541,9004.5,1.7476,129.5,134.5,124.5,140.63,False,False,3.861,False,True
統一(母公司/裸名稱) x 統一-城中,統一(母公司/裸名稱),統一-城中,2025-11-13,3715,2025-11-14,in_sample,9108.9,0.824,11027.25,0.9975,123.0,130.5,120.5,140.63,False,False,2.0325,False,True
統一(母公司/裸名稱) x 統一-城中,統一(母公司/裸名稱),統一-城中,2025-11-17,2486,2025-11-18,in_sample,1457.25,1.5378,3607.95,3.8075,100.5,104.5,102.0,108.29,False,False,-1.4925,False,False
統一(母公司/裸名稱) x 統一-城中,統一(母公司/裸名稱),統一-城中,2025-11-17,6163,2025-11-18,in_sample,956.175,2.1678,1877.865,4.2574,32.85,32.9,30.7,33.761,False,False,6.5449,False,True
統一(母公司/裸名稱) x 統一-城中,統一(母公司/裸名稱),統一-城中,2025-11-19,3624,2025-11-20,in_sample,5522.88,5.1004,2505.17,2.3136,55.6,56.6,50.5,56.35,True,False,-1.3489,False,False
統一(母公司/裸名稱) x 統一-城中,統一(母公司/裸名稱),統一-城中,2025-11-20,2368,2025-11-21,in_sample,25830.0,2.8949,13603.8,1.5246,551.0,564.0,550.0,618.38,False,False,0.1815,False,True
統一(母公司/裸名稱) x 統一-城中,統一(母公司/裸名稱),統一-城中,2025-11-24,1419,2025-11-25,in_sample,458.8,2.5253,3307.8,18.2065,73.5,77.3,72.6,79.772,False,False,1.2245,False,True
統一(母公司/裸名稱) x 統一-城中,統一(母公司/裸名稱),統一-城中,2025-11-25,2368,2025-11-26,in_sample,46985.4,3.6896,34273.8,2.6914,600.0,614.0,610.0,639.94,False,False,-1.6667,False,False
統一(母公司/裸名稱) x 統一-城中,統一(母公司/裸名稱),統一-城中,2025-11-25,3715,2025-11-26,in_sample,22800.4,4.1124,10817.1,1.951,119.5,126.0,118.5,127.89,False,False,0.8368,False,True
統一(母公司/裸名稱) x 統一-城中,統一(母公司/裸名稱),統一-城中,2025-11-25,4939,2025-11-26,in_sample,1200.065,1.3671,3890.185,4.4316,32.55,33.15,28.2,33.222,False,False,13.3641,False,True
統一(母公司/裸名稱) x 統一-城中,統一(母公司/裸名稱),統一-城中,2025-11-25,5498,2025-11-26,in_sample,3710.91,2.8787,1871.24,1.4516,30.3,31.25,26.6,30.919,True,False,-2.0429,False,False
統一(母公司/裸名稱) x 統一-城中,統一(母公司/裸名稱),統一-城中,2025-11-25,6191,2025-11-26,in_sample,11919.4,3.0699,5734.0,1.4768,127.0,131.0,127.5,131.32,False,False,-0.3937,False,False
統一(母公司/裸名稱) x 統一-城中,統一(母公司/裸名稱),統一-城中,2025-11-26,2208,2025-11-27,in_sample,3475.875,4.5024,2885.325,3.7374,23.55,23.75,21.8,25.039,False,False,7.431,False,True
統一(母公司/裸名稱) x 統一-城中,統一(母公司/裸名稱),統一-城中,2025-11-26,2634,2025-11-27,in_sample,13916.48,6.7353,8636.86,4.1801,57.1,58.3,52.9,59.682,False,False,7.3555,False,True
統一(母公司/裸名稱) x 統一-城中,統一(母公司/裸名稱),統一-城中,2025-11-26,3163,2025-11-27,in_sample,17004.75,2.3207,13272.0,1.8113,288.0,296.0,289.5,297.92,False,False,-0.5208,False,False
統一(母公司/裸名稱) x 統一-城中,統一(母公司/裸名稱),統一-城中,2025-11-26,5371,2025-11-27,in_sample,11140.0,7.4427,11870.0,7.9305,105.0,105.0,94.9,107.8,False,False,9.619,False,True
統一(母公司/裸名稱) x 統一-城中,統一(母公司/裸名稱),統一-城中,2025-11-26,8222,2025-11-27,in_sample,1416.78,4.6082,1759.4,5.7225,46.5,47.45,43.0,49.882,False,False,7.5269,False,True
統一(母公司/裸名稱) x 統一-城中,統一(母公司/裸名稱),統一-城中,2025-11-27,2485,2025-11-28,in_sample,2401.55,3.7522,2642.35,4.1284,21.6,23.65,23.65,23.177,True,False,-7.3009,False,False
統一(母公司/裸名稱) x 統一-城中,統一(母公司/裸名稱),統一-城中,2025-11-28,2485,2025-12-01,in_sample,4945.215,3.4384,3327.555,2.3136,23.8,25.8,22.75,25.48,True,False,-7.0588,False,False
統一(母公司/裸名稱) x 統一-城中,統一(母公司/裸名稱),統一-城中,2025-11-28,3163,2025-12-01,in_sample,14373.6,1.6312,29192.4,3.313,333.0,335.5,324.0,342.51,False,False,2.7027,False,True
統一(母公司/裸名稱) x 統一-城中,統一(母公司/裸名稱),統一-城中,2025-11-28,5274,2025-12-01,in_sample,10972.5,3.3391,2194.5,0.6678,7300.0,7300.0,6915.0,7884.1,False,False,5.274,False,True
統一(母公司/裸名稱) x 統一-城中,統一(母公司/裸名稱),統一-城中,2025-12-01,3535,2025-12-02,in_sample,2793.8,2.1305,3389.2,2.5846,91.3,91.4,89.8,98.49,False,False,1.6429,False,True
統一(母公司/裸名稱) x 統一-城中,統一(母公司/裸名稱),統一-城中,2025-12-01,4939,2025-12-02,in_sample,3152.29,2.788,3462.93,3.0628,36.0,38.8,38.8,38.024,True,False,-5.6222,False,False
統一(母公司/裸名稱) x 統一-城中,統一(母公司/裸名稱),統一-城中,2025-12-02,4939,2025-12-03,in_sample,1051.48,0.6148,1462.76,0.8553,40.0,41.0,39.2,41.797,False,False,2.0,False,True
統一(母公司/裸名稱) x 統一-城中,統一(母公司/裸名稱),統一-城中,2025-12-03,3363,2025-12-04,in_sample,18099.4,3.5255,19144.4,3.729,422.5,426.0,406.5,450.31,False,False,3.787,False,True
統一(母公司/裸名稱) x 統一-城中,統一(母公司/裸名稱),統一-城中,2025-12-03,5328,2025-12-04,in_sample,5471.05,10.4848,1811.87,3.4723,22.65,23.45,22.3,23.863,False,False,1.5453,False,True
統一(母公司/裸名稱) x 統一-城中,統一(母公司/裸名稱),統一-城中,2025-12-03,6127,2025-12-04,in_sample,1665.82,5.5312,1773.1,5.8874,30.05,31.7,28.85,32.095,False,False,3.9933,False,True
統一(母公司/裸名稱) x 統一-城中,統一(母公司/裸名稱),統一-城中,2025-12-03,8042,2025-12-04,in_sample,5840.8,7.133,5447.44,6.6526,62.1,63.6,57.9,64.19,False,False,6.7633,False,True
統一(母公司/裸名稱) x 統一-城中,統一(母公司/裸名稱),統一-城中,2025-12-03,8111,2025-12-04,in_sample,9317.56,5.4573,6359.01,3.7245,77.1,81.7,70.7,80.654,True,False,-4.6096,False,False
統一(母公司/裸名稱) x 統一-城中,統一(母公司/裸名稱),統一-城中,2025-12-04,2606,2025-12-05,in_sample,5213.04,5.0764,7043.52,6.8589,66.3,67.5,63.2,74.97,False,False,4.6757,False,True
統一(母公司/裸名稱) x 統一-城中,統一(母公司/裸名稱),統一-城中,2025-12-05,3167,2025-12-08,in_sample,19779.5,4.2374,6453.2,1.3825,222.0,224.0,218.5,238.14,False,False,1.5766,False,True
統一(母公司/裸名稱) x 統一-城中,統一(母公司/裸名稱),統一-城中,2025-12-05,6275,2025-12-08,in_sample,3077.12,17.8503,143.36,0.8316,54.7,54.9,54.4,55.174,False,False,0.5484,False,True
統一(母公司/裸名稱) x 統一-城中,統一(母公司/裸名稱),統一-城中,2025-12-05,6727,2025-12-08,in_sample,1414.1,6.7253,1163.5,5.5335,186.0,186.5,178.5,192.57,False,False,4.0323,False,True
統一(母公司/裸名稱) x 統一-城中,統一(母公司/裸名稱),統一-城中,2025-12-08,2337,2025-12-09,in_sample,27643.225,4.9201,5296.95,0.9428,37.6,39.45,38.75,40.131,False,False,-3.0585,False,False
統一(母公司/裸名稱) x 統一-城中,統一(母公司/裸名稱),統一-城中,2025-12-08,2485,2025-12-09,in_sample,3697.38,3.7231,2402.295,2.419,25.2,27.55,27.55,26.999,True,False,-7.1389,False,False
統一(母公司/裸名稱) x 統一-城中,統一(母公司/裸名稱),統一-城中,2025-12-08,3535,2025-12-09,in_sample,5717.36,6.117,4787.31,5.1219,96.8,101.5,90.0,105.35,False,False,7.0248,False,True
統一(母公司/裸名稱) x 統一-城中,統一(母公司/裸名稱),統一-城中,2025-12-09,2402,2025-12-10,in_sample,10571.3,4.4335,7777.5,3.2618,62.1,67.1,67.1,65.758,True,False,-5.8905,False,False
統一(母公司/裸名稱) x 統一-城中,統一(母公司/裸名稱),統一-城中,2025-12-09,2485,2025-12-10,in_sample,7725.02,2.9645,4631.155,1.7772,26.5,29.1,25.85,29.694,False,False,2.4528,False,True
統一(母公司/裸名稱) x 統一-城中,統一(母公司/裸名稱),統一-城中,2025-12-09,4903,2025-12-10,in_sample,2646.05,3.1094,2304.775,2.7084,48.0,48.5,47.9,50.372,False,False,0.2083,False,True
統一(母公司/裸名稱) x 統一-城中,統一(母公司/裸名稱),統一-城中,2025-12-09,8039,2025-12-10,in_sample,3346.4,0.6374,8572.8,1.633,95.5,97.3,95.7,100.94,False,False,-0.2094,False,False
統一(母公司/裸名稱) x 統一-城中,統一(母公司/裸名稱),統一-城中,2025-12-09,8110,2025-12-10,in_sample,23265.03,2.4472,5177.99,0.5447,50.0,51.7,49.25,51.548,True,False,-3.096,False,False
統一(母公司/裸名稱) x 統一-城中,統一(母公司/裸名稱),統一-城中,2025-12-10,2441,2025-12-11,in_sample,6854.2,5.7911,1307.08,1.1043,80.0,87.0,83.8,85.848,True,False,-7.31,False,False
統一(母公司/裸名稱) x 統一-城中,統一(母公司/裸名稱),統一-城中,2025-12-10,8021,2025-12-11,in_sample,41965.5,3.8129,6862.95,0.6236,156.0,166.5,166.5,163.17,True,False,-4.5962,False,False
統一(母公司/裸名稱) x 統一-城中,統一(母公司/裸名稱),統一-城中,2025-12-11,2467,2025-12-12,in_sample,7800.3,3.6162,3474.9,1.6109,240.0,245.5,244.5,261.66,False,False,-1.875,False,False
統一(母公司/裸名稱) x 統一-城中,統一(母公司/裸名稱),統一-城中,2025-12-11,4971,2025-12-12,in_sample,1300.8,0.4646,10569.0,3.7747,275.0,278.0,270.0,292.04,False,False,1.8182,False,True
統一(母公司/裸名稱) x 統一-城中,統一(母公司/裸名稱),統一-城中,2025-12-12,2349,2025-12-15,in_sample,497.37,1.3277,1649.47,4.4032,14.6,15.45,15.45,15.141,True,False,-3.7055,False,False
統一(母公司/裸名稱) x 統一-城中,統一(母公司/裸名稱),統一-城中,2025-12-12,6209,2025-12-15,in_sample,4446.93,3.3411,4218.38,3.1694,65.8,66.7,62.2,70.364,False,False,5.4711,False,True
統一(母公司/裸名稱) x 統一-城中,統一(母公司/裸名稱),統一-城中,2025-12-15,2413,2025-12-16,in_sample,2011.625,3.9896,944.3,1.8728,33.35,35.55,33.0,35.819,False,False,1.0495,False,True
統一(母公司/裸名稱) x 統一-城中,統一(母公司/裸名稱),統一-城中,2025-12-15,6133,2025-12-16,in_sample,1085.58,6.0587,717.06,4.002,22.5,23.85,22.25,23.912,False,False,1.1111,False,True
統一(母公司/裸名稱) x 統一-城中,統一(母公司/裸名稱),統一-城中,2025-12-15,6205,2025-12-16,in_sample,665.04,23.5584,408.0,14.453,40.8,41.55,39.0,43.953,False,False,4.4118,False,True
統一(母公司/裸名稱) x 統一-城中,統一(母公司/裸名稱),統一-城中,2025-12-15,6426,2025-12-16,in_sample,1230.5,0.8195,1701.3,1.133,107.0,108.5,99.3,115.15,False,False,7.1963,False,True
統一(母公司/裸名稱) x 統一-城中,統一(母公司/裸名稱),統一-城中,2025-12-15,6588,2025-12-16,in_sample,483.16,3.6599,400.92,3.037,53.1,54.7,50.5,55.37,False,False,4.8964,False,True
統一(母公司/裸名稱) x 統一-城中,統一(母公司/裸名稱),統一-城中,2025-12-17,8390,2025-12-18,in_sample,1499.96,5.4252,2532.4,9.1594,97.2,99.8,93.0,104.86,False,False,4.321,False,True
統一(母公司/裸名稱) x 統一-城中,統一(母公司/裸名稱),統一-城中,2025-12-22,2455,2025-12-23,in_sample,1690.5,1.4184,3807.3,3.1945,149.0,155.0,153.0,158.27,False,False,-2.6846,False,False
統一(母公司/裸名稱) x 統一-城中,統一(母公司/裸名稱),統一-城中,2025-12-22,3105,2025-12-23,in_sample,32852.0,6.6721,7124.3,1.4469,194.5,203.0,188.5,205.8,False,False,3.0848,False,True
統一(母公司/裸名稱) x 統一-城中,統一(母公司/裸名稱),統一-城中,2025-12-22,5498,2025-12-23,in_sample,8499.28,2.5952,2214.03,0.676,43.5,44.35,42.4,43.708,True,False,-0.4782,False,False
統一(母公司/裸名稱) x 統一-城中,統一(母公司/裸名稱),統一-城中,2025-12-23,1727,2025-12-24,in_sample,5485.5,7.6263,2308.68,3.2097,49.0,49.65,44.4,51.352,False,False,9.3878,False,True
統一(母公司/裸名稱) x 統一-城中,統一(母公司/裸名稱),統一-城中,2025-12-23,1785,2025-12-24,in_sample,37650.69,12.2627,5952.87,1.9388,69.1,70.0,70.0,74.676,False,False,-1.3025,False,False
統一(母公司/裸名稱) x 統一-城中,統一(母公司/裸名稱),統一-城中,2025-12-23,2413,2025-12-24,in_sample,2164.5,4.9878,2375.4,5.4738,38.25,40.0,38.7,39.886,True,False,-4.2771,False,False
統一(母公司/裸名稱) x 統一-城中,統一(母公司/裸名稱),統一-城中,2025-12-23,6127,2025-12-24,in_sample,4522.15,5.1091,3460.525,3.9097,37.1,39.25,35.95,40.131,False,False,3.0997,False,True
統一(母公司/裸名稱) x 統一-城中,統一(母公司/裸名稱),統一-城中,2025-12-23,6163,2025-12-24,in_sample,3015.7,2.1323,3209.16,2.2691,56.3,56.3,55.9,61.25,False,False,0.7105,False,True
統一(母公司/裸名稱) x 統一-城中,統一(母公司/裸名稱),統一-城中,2025-12-23,6243,2025-12-24,in_sample,89.01,0.8594,54.18,0.5231,39.5,39.95,37.7,41.699,False,False,4.557,False,True
統一(母公司/裸名稱) x 統一-城中,統一(母公司/裸名稱),統一-城中,2025-12-26,2413,2025-12-29,in_sample,3472.08,3.5981,5008.135,5.1898,45.0,46.8,46.8,45.864,True,False,-1.92,False,False
統一(母公司/裸名稱) x 統一-城中,統一(母公司/裸名稱),統一-城中,2025-12-26,3354,2025-12-29,in_sample,439.425,4.0583,425.25,3.9274,29.85,31.15,31.15,30.527,True,False,-2.268,False,False
統一(母公司/裸名稱) x 統一-城中,統一(母公司/裸名稱),統一-城中,2025-12-26,5498,2025-12-29,in_sample,3957.15,1.5313,4524.45,1.7508,49.55,51.1,51.1,50.078,True,False,-1.0656,False,False
統一(母公司/裸名稱) x 統一-城中,統一(母公司/裸名稱),統一-城中,2025-12-29,2449,2025-12-30,in_sample,48191.5,3.2066,25039.0,1.666,245.0,250.5,243.5,264.11,False,False,0.6122,False,True
統一(母公司/裸名稱) x 統一-城中,統一(母公司/裸名稱),統一-城中,2025-12-29,3264,2025-12-30,in_sample,9307.2,1.35,8926.4,1.2947,111.0,114.5,113.5,120.54,False,False,-2.2523,False,False
統一(母公司/裸名稱) x 統一-城中,統一(母公司/裸名稱),統一-城中,2025-12-29,4989,2025-12-30,in_sample,8741.25,5.4303,7502.25,4.6606,52.9,53.9,51.3,56.546,False,False,3.0246,False,True
統一(母公司/裸名稱) x 統一-城中,統一(母公司/裸名稱),統一-城中,2025-12-29,5340,2025-12-30,in_sample,7350.48,5.7486,7726.86,6.043,74.3,74.7,70.5,79.478,False,False,5.1144,False,True
統一(母公司/裸名稱) x 統一-城中,統一(母公司/裸名稱),統一-城中,2025-12-29,5498,2025-12-30,in_sample,3331.72,1.4268,3699.64,1.5844,52.5,54.5,54.1,55.076,False,False,-3.0476,False,False
統一(母公司/裸名稱) x 統一-城中,統一(母公司/裸名稱),統一-城中,2025-12-29,8422,2025-12-30,in_sample,15039.69,5.6998,12953.53,4.9092,29.45,30.5,30.1,31.556,False,False,-2.2071,False,False
統一(母公司/裸名稱) x 統一-城中,統一(母公司/裸名稱),統一-城中,2025-12-30,3481,2025-12-31,in_sample,21962.62,1.5623,23651.3,1.6825,16.7,17.75,17.05,17.542,True,False,-5.0419,False,False
統一(母公司/裸名稱) x 統一-城中,統一(母公司/裸名稱),統一-城中,2026-01-02,2337,2026-01-05,in_sample,49241.265,6.7324,37020.9,5.0616,47.65,47.65,47.65,46.697,True,True,2.0,False,True
統一(母公司/裸名稱) x 統一-城中,統一(母公司/裸名稱),統一-城中,2026-01-02,3090,2026-01-05,in_sample,11534.4,4.8257,5950.8,2.4897,112.0,113.0,101.5,116.13,False,False,9.375,False,True
統一(母公司/裸名稱) x 統一-城中,統一(母公司/裸名稱),統一-城中,2026-01-02,3624,2026-01-05,in_sample,3993.24,1.366,2394.66,0.8192,64.2,65.4,61.8,69.188,False,False,3.7383,False,True
統一(母公司/裸名稱) x 統一-城中,統一(母公司/裸名稱),統一-城中,2026-01-02,7714,2026-01-05,in_sample,329.4,2.7398,54.9,0.4566,188.5,190.0,167.0,196.98,False,False,11.4058,False,True
統一(母公司/裸名稱) x 統一-城中,統一(母公司/裸名稱),統一-城中,2026-01-05,2337,2026-01-06,in_sample,26226.56,15.5017,6423.22,3.7966,49.4,52.4,52.4,51.352,True,False,-3.9514,False,False
統一(母公司/裸名稱) x 統一-城中,統一(母公司/裸名稱),統一-城中,2026-01-05,3481,2026-01-06,in_sample,42464.61,4.0293,19681.1,1.8675,20.5,21.85,21.85,21.413,True,False,-4.4537,False,False
統一(母公司/裸名稱) x 統一-城中,統一(母公司/裸名稱),統一-城中,2026-01-05,6239,2026-01-06,in_sample,21782.15,3.3982,13258.7,2.0685,199.0,209.0,204.0,217.07,False,False,-2.5126,False,False
統一(母公司/裸名稱) x 統一-城中,統一(母公司/裸名稱),統一-城中,2026-01-06,2408,2026-01-07,in_sample,66173.6,1.9151,17960.1,0.5198,242.0,248.0,241.0,245.98,True,False,-1.6446,False,False
統一(母公司/裸名稱) x 統一-城中,統一(母公司/裸名稱),統一-城中,2026-01-06,2409,2026-01-07,in_sample,26020.88,5.4318,4214.96,0.8799,16.4,16.7,16.7,16.366,True,False,0.2073,False,True
統一(母公司/裸名稱) x 統一-城中,統一(母公司/裸名稱),統一-城中,2026-01-06,6770,2026-01-07,in_sample,44493.45,2.1545,30574.325,1.4805,50.0,50.5,49.2,51.45,False,False,1.6,False,True
統一(母公司/裸名稱) x 統一-城中,統一(母公司/裸名稱),統一-城中,2026-01-07,1303,2026-01-08,in_sample,33786.34,2.5778,13334.67,1.0174,66.2,69.5,67.0,69.678,False,False,-1.2085,False,False
統一(母公司/裸名稱) x 統一-城中,統一(母公司/裸名稱),統一-城中,2026-01-07,1717,2026-01-08,in_sample,3013.37,0.4418,5647.98,0.8281,55.7,57.6,51.8,59.976,False,False,7.0018,False,True
統一(母公司/裸名稱) x 統一-城中,統一(母公司/裸名稱),統一-城中,2026-01-07,2367,2026-01-08,in_sample,5133.63,1.6351,4475.31,1.4254,32.0,32.4,29.6,34.104,False,False,7.5,False,True
統一(母公司/裸名稱) x 統一-城中,統一(母公司/裸名稱),統一-城中,2026-01-07,6116,2026-01-08,in_sample,871.32,2.3319,2542.94,6.8056,11.25,11.65,11.65,11.417,True,False,-1.4844,False,False
統一(母公司/裸名稱) x 統一-城中,統一(母公司/裸名稱),統一-城中,2026-01-07,8105,2026-01-08,in_sample,1048.5,2.5262,1030.5,2.4828,15.6,15.8,14.0,16.17,False,False,10.2564,False,True
統一(母公司/裸名稱) x 統一-城中,統一(母公司/裸名稱),統一-城中,2026-01-07,8422,2026-01-08,in_sample,21987.0,3.9721,12323.19,2.2263,36.2,37.5,35.5,37.583,False,False,1.9337,False,True
統一(母公司/裸名稱) x 統一-城中,統一(母公司/裸名稱),統一-城中,2026-01-08,6116,2026-01-09,in_sample,11965.715,3.6818,7100.675,2.1849,11.65,11.65,10.5,12.544,False,False,9.8712,False,True
統一(母公司/裸名稱) x 統一-城中,統一(母公司/裸名稱),統一-城中,2026-01-08,8088,2026-01-09,in_sample,5296.39,3.9296,3029.6,2.2478,55.8,57.8,53.1,58.31,False,False,4.8387,False,True
統一(母公司/裸名稱) x 統一-城中,統一(母公司/裸名稱),統一-城中,2026-01-09,6113,2026-01-12,in_sample,110.63,0.9497,69.745,0.5987,24.2,24.9,23.15,25.921,False,False,4.3388,False,True
統一(母公司/裸名稱) x 統一-城中,統一(母公司/裸名稱),統一-城中,2026-01-09,8074,2026-01-12,in_sample,3772.1,1.8913,4273.17,2.1425,57.0,59.5,56.0,60.662,False,False,1.7544,False,True
統一(母公司/裸名稱) x 統一-城中,統一(母公司/裸名稱),統一-城中,2026-01-12,5347,2026-01-13,in_sample,34200.6,4.2036,29488.2,3.6244,118.5,122.0,117.5,127.89,False,False,0.8439,False,True
統一(母公司/裸名稱) x 統一-城中,統一(母公司/裸名稱),統一-城中,2026-01-12,6163,2026-01-13,in_sample,1705.6,1.1206,5136.48,3.3748,68.1,69.6,67.2,70.658,False,False,1.3216,False,True
統一(母公司/裸名稱) x 統一-城中,統一(母公司/裸名稱),統一-城中,2026-01-13,2404,2026-01-14,in_sample,7452.0,0.7778,6372.0,0.6651,1080.0,1170.0,1150.0,1161.3,True,False,-7.5278,False,False
統一(母公司/裸名稱) x 統一-城中,統一(母公司/裸名稱),統一-城中,2026-01-13,8422,2026-01-14,in_sample,7627.52,6.9737,2265.6,2.0714,51.9,51.9,51.9,50.862,True,True,2.0,False,True
統一(母公司/裸名稱) x 統一-城中,統一(母公司/裸名稱),統一-城中,2026-01-14,2419,2026-01-15,in_sample,704.125,1.2622,3062.125,5.4889,32.75,34.0,33.4,35.28,False,False,-1.9847,False,False
統一(母公司/裸名稱) x 統一-城中,統一(母公司/裸名稱),統一-城中,2026-01-14,3152,2026-01-15,in_sample,768.6,1.1108,3056.1,4.4166,181.5,181.5,170.0,196.98,False,False,6.3361,False,True
統一(母公司/裸名稱) x 統一-城中,統一(母公司/裸名稱),統一-城中,2026-01-14,3236,2026-01-15,in_sample,1658.58,3.5367,2505.82,5.3433,36.7,38.75,37.9,38.661,True,False,-5.3433,False,False
統一(母公司/裸名稱) x 統一-城中,統一(母公司/裸名稱),統一-城中,2026-01-14,5328,2026-01-15,in_sample,1346.55,2.6798,1464.05,2.9137,24.95,25.85,25.85,25.333,True,False,-1.5351,False,False
統一(母公司/裸名稱) x 統一-城中,統一(母公司/裸名稱),統一-城中,2026-01-14,6155,2026-01-15,in_sample,1920.96,4.4893,2594.4,6.0632,59.0,60.7,60.7,59.486,True,False,-0.8237,False,False
統一(母公司/裸名稱) x 統一-城中,統一(母公司/裸名稱),統一-城中,2026-01-14,6173,2026-01-15,in_sample,4266.62,1.9591,4396.84,2.0189,77.1,80.4,74.2,82.516,False,False,3.7613,False,True
統一(母公司/裸名稱) x 統一-城中,統一(母公司/裸名稱),統一-城中,2026-01-14,6182,2026-01-15,in_sample,8541.72,3.6781,5587.56,2.406,40.0,40.05,39.9,42.679,False,False,0.25,False,True
統一(母公司/裸名稱) x 統一-城中,統一(母公司/裸名稱),統一-城中,2026-01-14,8042,2026-01-15,in_sample,5118.08,3.6816,6849.92,4.9274,71.4,76.5,71.0,75.852,True,False,-6.2353,False,False
統一(母公司/裸名稱) x 統一-城中,統一(母公司/裸名稱),統一-城中,2026-01-15,1717,2026-01-16,in_sample,19995.8,2.776,6307.4,0.8757,69.0,70.3,67.3,72.324,False,False,2.4638,False,True
統一(母公司/裸名稱) x 統一-城中,統一(母公司/裸名稱),統一-城中,2026-01-15,1802,2026-01-16,in_sample,25859.0,3.1539,17761.2,2.1663,40.5,41.8,41.8,40.964,True,False,-1.1457,False,False
統一(母公司/裸名稱) x 統一-城中,統一(母公司/裸名稱),統一-城中,2026-01-15,2485,2026-01-16,in_sample,16297.645,3.4205,3519.765,0.7387,38.1,38.4,35.45,39.396,False,False,6.9554,False,True
統一(母公司/裸名稱) x 統一-城中,統一(母公司/裸名稱),統一-城中,2026-01-16,1802,2026-01-19,in_sample,35517.46,4.4208,17744.1,2.2086,44.7,45.95,45.95,45.031,True,False,-0.7405,False,False
統一(母公司/裸名稱) x 統一-城中,統一(母公司/裸名稱),統一-城中,2026-01-16,5347,2026-01-19,in_sample,15121.8,1.4014,5761.35,0.5339,142.5,145.0,139.0,149.94,False,False,2.4561,False,True
統一(母公司/裸名稱) x 統一-城中,統一(母公司/裸名稱),統一-城中,2026-01-16,5475,2026-01-19,in_sample,2973.95,2.345,4171.65,3.2893,102.0,111.5,111.5,109.27,True,False,-7.1275,False,False
統一(母公司/裸名稱) x 統一-城中,統一(母公司/裸名稱),統一-城中,2026-01-16,8150,2026-01-19,in_sample,33944.78,6.6447,20221.99,3.9585,71.1,73.9,70.8,72.912,True,False,-2.5485,False,False
統一(母公司/裸名稱) x 統一-城中,統一(母公司/裸名稱),統一-城中,2026-01-19,2492,2026-01-20,in_sample,3135.1,0.5392,18693.4,3.2153,146.0,148.5,148.0,157.78,False,False,-1.3699,False,False
統一(母公司/裸名稱) x 統一-城中,統一(母公司/裸名稱),統一-城中,2026-01-19,3037,2026-01-20,in_sample,95025.7,4.2653,34765.5,1.5605,297.0,318.0,308.0,324.38,False,False,-3.7037,False,False
統一(母公司/裸名稱) x 統一-城中,統一(母公司/裸名稱),統一-城中,2026-01-19,5340,2026-01-20,in_sample,2916.9,1.4912,4463.32,2.2818,94.9,101.5,101.5,99.47,True,False,-4.8156,False,False
統一(母公司/裸名稱) x 統一-城中,統一(母公司/裸名稱),統一-城中,2026-01-19,8110,2026-01-20,in_sample,13164.8,2.8724,9046.4,1.9738,83.0,88.0,85.0,94.864,False,False,-2.4096,False,False
統一(母公司/裸名稱) x 統一-城中,統一(母公司/裸名稱),統一-城中,2026-01-19,8131,2026-01-20,in_sample,11345.4,9.3827,6348.84,5.2505,73.9,75.1,73.2,82.32,False,False,0.9472,False,True
統一(母公司/裸名稱) x 統一-城中,統一(母公司/裸名稱),統一-城中,2026-01-20,1513,2026-01-21,in_sample,18797.25,2.3519,17120.5,2.1421,177.0,187.5,177.5,190.12,False,False,-0.2825,False,False
統一(母公司/裸名稱) x 統一-城中,統一(母公司/裸名稱),統一-城中,2026-01-20,6217,2026-01-21,in_sample,5059.34,1.7555,2992.22,1.0383,63.3,66.6,61.0,68.698,False,False,3.6335,False,True
統一(母公司/裸名稱) x 統一-城中,統一(母公司/裸名稱),統一-城中,2026-01-20,6282,2026-01-21,in_sample,21634.58,2.3138,14725.04,1.5749,65.0,65.9,61.1,68.698,False,False,6.0,False,True
統一(母公司/裸名稱) x 統一-城中,統一(母公司/裸名稱),統一-城中,2026-01-20,6435,2026-01-21,in_sample,1584.6,6.5105,528.2,2.1702,146.0,152.5,152.5,149.45,True,False,-2.363,False,False
統一(母公司/裸名稱) x 統一-城中,統一(母公司/裸名稱),統一-城中,2026-01-21,1514,2026-01-22,in_sample,11550.6,2.6329,13113.0,2.9891,143.5,145.0,140.5,149.94,False,False,2.0906,False,True
統一(母公司/裸名稱) x 統一-城中,統一(母公司/裸名稱),統一-城中,2026-01-22,2301,2026-01-23,in_sample,29098.8,3.0324,38763.0,4.0396,182.5,184.5,172.0,190.61,False,False,5.7534,False,True
統一(母公司/裸名稱) x 統一-城中,統一(母公司/裸名稱),統一-城中,2026-01-22,2356,2026-01-23,in_sample,18785.28,2.6356,9820.16,1.3778,54.5,55.0,48.0,55.174,False,False,11.9266,False,True
統一(母公司/裸名稱) x 統一-城中,統一(母公司/裸名稱),統一-城中,2026-01-22,2492,2026-01-23,in_sample,16049.25,6.6137,8174.25,3.3685,163.5,165.5,153.5,169.54,False,False,6.1162,False,True
統一(母公司/裸名稱) x 統一-城中,統一(母公司/裸名稱),統一-城中,2026-01-22,4939,2026-01-23,in_sample,1939.14,2.6374,4601.61,6.2586,54.0,54.9,46.2,55.272,False,False,14.4444,False,True
統一(母公司/裸名稱) x 統一-城中,統一(母公司/裸名稱),統一-城中,2026-01-23,2367,2026-01-26,in_sample,37656.99,4.9995,6257.79,0.8308,45.75,48.5,48.5,47.53,True,False,-3.8907,False,False
統一(母公司/裸名稱) x 統一-城中,統一(母公司/裸名稱),統一-城中,2026-01-26,1326,2026-01-27,in_sample,7396.605,4.3197,2286.365,1.3353,40.95,41.95,40.55,41.944,True,False,-2.4274,False,False
統一(母公司/裸名稱) x 統一-城中,統一(母公司/裸名稱),統一-城中,2026-01-26,2337,2026-01-27,in_sample,39966.9,2.598,7071.36,0.4597,76.9,80.9,76.2,82.124,False,False,0.9103,False,True
統一(母公司/裸名稱) x 統一-城中,統一(母公司/裸名稱),統一-城中,2026-01-26,8131,2026-01-27,in_sample,6380.44,1.4139,4691.5,1.0396,85.3,85.4,81.1,91.924,False,False,4.9238,False,True
統一(母公司/裸名稱) x 統一-城中,統一(母公司/裸名稱),統一-城中,2026-01-27,2303,2026-01-28,in_sample,94023.18,2.5401,30533.34,0.8249,79.6,79.7,75.9,82.124,False,False,4.6482,False,True
統一(母公司/裸名稱) x 統一-城中,統一(母公司/裸名稱),統一-城中,2026-01-27,3189,2026-01-28,in_sample,31784.35,4.4089,22918.55,3.1791,228.5,249.5,243.5,245.98,True,False,-7.6499,False,False
統一(母公司/裸名稱) x 統一-城中,統一(母公司/裸名稱),統一-城中,2026-01-27,5347,2026-01-28,in_sample,21006.15,3.347,15662.9,2.4957,165.0,171.0,163.0,171.5,False,False,1.2121,False,True
統一(母公司/裸名稱) x 統一-城中,統一(母公司/裸名稱),統一-城中,2026-01-28,2337,2026-01-29,in_sample,20673.46,1.1903,22215.38,1.2791,89.4,92.1,92.1,90.258,True,False,-0.9597,False,False
統一(母公司/裸名稱) x 統一-城中,統一(母公司/裸名稱),統一-城中,2026-01-28,3163,2026-01-29,in_sample,19453.05,2.7782,18473.4,2.6382,476.0,495.0,472.5,502.74,False,False,0.7353,False,True
統一(母公司/裸名稱) x 統一-城中,統一(母公司/裸名稱),統一-城中,2026-01-28,4979,2026-01-29,in_sample,40733.0,2.4392,23248.4,1.3922,330.0,339.0,334.5,346.92,False,False,-1.3636,False,False
統一(母公司/裸名稱) x 統一-城中,統一(母公司/裸名稱),統一-城中,2026-01-30,3037,2026-02-02,in_sample,77176.15,2.7662,43262.55,1.5506,375.0,377.0,365.0,407.68,False,False,2.6667,False,True
統一(母公司/裸名稱) x 統一-城中,統一(母公司/裸名稱),統一-城中,2026-01-30,8096,2026-02-02,in_sample,2937.55,0.7435,7279.02,1.8424,76.7,77.7,73.2,82.222,False,False,4.5632,False,True
統一(母公司/裸名稱) x 統一-城中,統一(母公司/裸名稱),統一-城中,2026-02-03,2367,2026-02-04,in_sample,25583.89,3.2111,18199.24,2.2842,55.2,59.5,59.5,58.31,True,False,-5.6341,False,False
統一(母公司/裸名稱) x 統一-城中,統一(母公司/裸名稱),統一-城中,2026-02-03,6217,2026-02-04,in_sample,7971.04,7.2099,3099.13,2.8032,63.1,64.0,61.4,69.678,False,False,2.6941,False,True
統一(母公司/裸名稱) x 統一-城中,統一(母公司/裸名稱),統一-城中,2026-02-04,2355,2026-02-05,in_sample,9498.125,3.7779,568.75,0.2262,44.15,44.5,40.1,47.138,False,False,9.1733,False,True
統一(母公司/裸名稱) x 統一-城中,統一(母公司/裸名稱),統一-城中,2026-02-04,6672,2026-02-05,in_sample,230.88,1.5495,192.4,1.2912,101.0,105.5,105.5,103.39,True,False,-2.3663,False,False
統一(母公司/裸名稱) x 統一-城中,統一(母公司/裸名稱),統一-城中,2026-02-04,6770,2026-02-05,in_sample,33278.88,2.3308,5910.56,0.414,63.0,64.7,62.8,70.658,False,False,0.3175,False,True
統一(母公司/裸名稱) x 統一-城中,統一(母公司/裸名稱),統一-城中,2026-02-05,2406,2026-02-06,in_sample,12106.62,5.2716,8472.675,3.6893,33.35,33.45,29.4,35.182,False,False,11.8441,False,True
統一(母公司/裸名稱) x 統一-城中,統一(母公司/裸名稱),統一-城中,2026-02-05,6244,2026-02-06,in_sample,6479.44,3.0277,2894.88,1.3527,29.0,29.0,26.65,31.899,False,False,8.1034,False,True
統一(母公司/裸名稱) x 統一-城中,統一(母公司/裸名稱),統一-城中,2026-02-09,8996,2026-02-10,in_sample,16512.1,6.2506,17395.1,6.5849,916.0,958.0,931.0,951.58,True,False,-3.8843,False,False
統一(母公司/裸名稱) x 統一-城中,統一(母公司/裸名稱),統一-城中,2026-02-10,3147,2026-02-11,in_sample,269.25,1.5845,179.5,1.0563,182.0,185.5,170.0,193.06,False,False,6.5934,False,True
統一(母公司/裸名稱) x 統一-城中,統一(母公司/裸名稱),統一-城中,2026-02-11,1802,2026-02-23,in_sample,14594.91,3.4032,6671.69,1.5557,49.15,51.7,51.7,50.666,True,False,-3.0844,False,False
統一(母公司/裸名稱) x 統一-城中,統一(母公司/裸名稱),統一-城中,2026-02-11,1815,2026-02-23,in_sample,47256.72,6.1963,18392.64,2.4116,100.0,106.0,106.0,103.88,True,False,-3.88,False,False
統一(母公司/裸名稱) x 統一-城中,統一(母公司/裸名稱),統一-城中,2026-02-23,1711,2026-02-24,in_sample,2616.02,3.5646,1965.81,2.6786,26.0,27.8,27.8,27.244,True,False,-4.7846,False,False
統一(母公司/裸名稱) x 統一-城中,統一(母公司/裸名稱),統一-城中,2026-02-23,1802,2026-02-24,in_sample,12956.02,1.8826,3546.62,0.5153,54.6,56.8,56.8,55.664,True,False,-1.9487,False,False
統一(母公司/裸名稱) x 統一-城中,統一(母公司/裸名稱),統一-城中,2026-02-23,2313,2026-02-24,in_sample,22406.5,1.8091,11070.0,0.8938,209.0,225.5,225.5,220.99,True,False,-5.7368,False,False
統一(母公司/裸名稱) x 統一-城中,統一(母公司/裸名稱),統一-城中,2026-02-23,3189,2026-02-24,in_sample,27214.4,4.0493,24352.8,3.6235,302.0,321.0,321.0,314.58,True,False,-4.1656,False,False
統一(母公司/裸名稱) x 統一-城中,統一(母公司/裸名稱),統一-城中,2026-02-24,2313,2026-02-25,in_sample,35944.7,1.4612,6742.45,0.2741,227.5,231.0,209.5,243.04,False,False,7.9121,False,True
統一(母公司/裸名稱) x 統一-城中,統一(母公司/裸名稱),統一-城中,2026-02-24,2367,2026-02-25,in_sample,24186.24,3.943,15752.88,2.5681,63.7,66.1,58.7,65.954,True,False,-3.5385,False,False
統一(母公司/裸名稱) x 統一-城中,統一(母公司/裸名稱),統一-城中,2026-02-24,3037,2026-02-25,in_sample,91474.6,2.4624,59228.8,1.5944,454.5,463.0,458.5,480.69,False,False,-0.8801,False,False
統一(母公司/裸名稱) x 統一-城中,統一(母公司/裸名稱),統一-城中,2026-02-24,3363,2026-02-25,in_sample,5785.5,2.921,7163.0,3.6165,573.0,596.0,595.0,593.88,True,False,-3.644,False,False
統一(母公司/裸名稱) x 統一-城中,統一(母公司/裸名稱),統一-城中,2026-02-24,4989,2026-02-25,in_sample,4503.94,3.8856,2810.41,2.4246,62.0,64.0,62.3,65.366,False,False,-0.4839,False,False
統一(母公司/裸名稱) x 統一-城中,統一(母公司/裸名稱),統一-城中,2026-02-25,3691,2026-02-26,in_sample,129.25,0.4882,199.75,0.7546,118.5,129.0,129.0,126.42,True,False,-6.6835,False,False
統一(母公司/裸名稱) x 統一-城中,統一(母公司/裸名稱),統一-城中,2026-02-25,8046,2026-02-26,in_sample,11447.1,0.7813,15207.5,1.038,548.0,572.0,555.0,595.84,False,False,-1.2774,False,False
統一(母公司/裸名稱) x 統一-城中,統一(母公司/裸名稱),統一-城中,2026-02-25,8150,2026-02-26,in_sample,3562.0,0.6851,5993.0,1.1527,65.0,71.5,71.5,70.07,True,False,-7.8,False,False
統一(母公司/裸名稱) x 統一-城中,統一(母公司/裸名稱),統一-城中,2026-02-26,2367,2026-03-02,in_sample,16744.2,1.7983,17395.65,1.8682,61.0,70.9,70.9,69.482,True,False,-13.9049,False,False
統一(母公司/裸名稱) x 統一-城中,統一(母公司/裸名稱),統一-城中,2026-02-26,3450,2026-03-02,in_sample,19838.95,1.9696,17734.35,1.7607,301.0,328.0,304.0,333.2,False,False,-0.9967,False,False
統一(母公司/裸名稱) x 統一-城中,統一(母公司/裸名稱),統一-城中,2026-02-26,6588,2026-03-02,in_sample,3055.2,32.3064,273.6,2.8931,109.0,123.0,115.0,122.5,True,False,-12.3853,False,False
統一(母公司/裸名稱) x 統一-城中,統一(母公司/裸名稱),統一-城中,2026-02-26,6805,2026-03-02,in_sample,10773.0,1.7242,11115.0,1.7789,1715.0,1840.0,1745.0,1842.4,False,False,-1.7493,False,False
統一(母公司/裸名稱) x 統一-城中,統一(母公司/裸名稱),統一-城中,2026-02-26,8150,2026-03-02,in_sample,12040.6,1.4387,12641.2,1.5105,69.5,71.5,67.9,77.028,False,False,2.3022,False,True
統一(母公司/裸名稱) x 統一-城中,統一(母公司/裸名稱),統一-城中,2026-03-02,1802,2026-03-03,in_sample,24823.68,1.5865,11014.08,0.7039,68.0,73.5,63.7,72.422,True,False,-6.5029,False,False
統一(母公司/裸名稱) x 統一-城中,統一(母公司/裸名稱),統一-城中,2026-03-02,2313,2026-03-03,in_sample,27321.65,1.5358,23482.7,1.32,230.0,246.0,224.5,241.57,True,False,-5.0304,False,False
統一(母公司/裸名稱) x 統一-城中,統一(母公司/裸名稱),統一-城中,2026-03-02,2455,2026-03-03,in_sample,10898.4,3.4842,3728.4,1.192,255.0,262.0,251.5,257.25,True,False,-0.8824,False,False
統一(母公司/裸名稱) x 統一-城中,統一(母公司/裸名稱),統一-城中,2026-03-02,2489,2026-03-03,in_sample,4947.28,4.652,3871.595,3.6405,47.9,47.9,40.3,46.942,True,False,2.0,False,True
統一(母公司/裸名稱) x 統一-城中,統一(母公司/裸名稱),統一-城中,2026-03-02,3357,2026-03-03,in_sample,3546.4,2.042,3647.15,2.1001,196.0,200.5,181.5,217.07,False,False,7.398,False,True
統一(母公司/裸名稱) x 統一-城中,統一(母公司/裸名稱),統一-城中,2026-03-02,3576,2026-03-03,in_sample,646.38,0.3867,2619.54,1.5671,26.6,26.7,26.7,26.166,True,False,1.6316,False,True
統一(母公司/裸名稱) x 統一-城中,統一(母公司/裸名稱),統一-城中,2026-03-02,6432,2026-03-03,in_sample,340.4,6.1197,111.0,1.9956,39.0,39.95,38.4,39.886,True,False,-2.2718,False,False
統一(母公司/裸名稱) x 統一-城中,統一(母公司/裸名稱),統一-城中,2026-03-03,2609,2026-03-04,in_sample,21252.0,1.871,6118.2,0.5386,68.9,69.9,63.6,71.148,False,False,7.6923,False,True
統一(母公司/裸名稱) x 統一-城中,統一(母公司/裸名稱),統一-城中,2026-03-03,3450,2026-03-04,in_sample,13193.0,0.7863,15831.6,0.9435,324.0,329.5,301.0,359.66,False,False,7.0988,False,True
統一(母公司/裸名稱) x 統一-城中,統一(母公司/裸名稱),統一-城中,2026-03-03,3701,2026-03-04,in_sample,4457.97,5.709,3348.81,4.2886,70.1,74.5,64.0,76.636,False,False,8.7019,False,True
統一(母公司/裸名稱) x 統一-城中,統一(母公司/裸名稱),統一-城中,2026-03-03,6530,2026-03-04,in_sample,2634.27,2.6575,2293.56,2.3138,82.5,83.1,74.8,89.572,False,False,9.3333,False,True
統一(母公司/裸名稱) x 統一-城中,統一(母公司/裸名稱),統一-城中,2026-03-05,2337,2026-03-06,in_sample,19070.5,2.2036,14136.25,1.6335,107.0,110.5,102.5,115.64,False,False,4.2056,False,True
統一(母公司/裸名稱) x 統一-城中,統一(母公司/裸名稱),統一-城中,2026-03-05,2408,2026-03-06,in_sample,14909.25,2.6936,16299.75,2.9448,259.0,262.0,233.0,277.34,False,False,10.0386,False,True
統一(母公司/裸名稱) x 統一-城中,統一(母公司/裸名稱),統一-城中,2026-03-05,5386,2026-03-06,in_sample,141.9,2.7491,118.25,2.2909,260.0,260.0,260.0,254.8,True,True,2.0,False,True
統一(母公司/裸名稱) x 統一-城中,統一(母公司/裸名稱),統一-城中,2026-03-05,6443,2026-03-06,in_sample,14605.0,2.4319,14760.0,2.4577,49.9,50.4,48.1,53.9,False,False,3.6072,False,True
統一(母公司/裸名稱) x 統一-城中,統一(母公司/裸名稱),統一-城中,2026-03-06,5386,2026-03-09,in_sample,338.0,2.8512,234.0,1.9739,258.0,286.0,286.0,280.28,True,False,-8.6357,False,False
統一(母公司/裸名稱) x 統一-城中,統一(母公司/裸名稱),統一-城中,2026-03-10,3653,2026-03-11,in_sample,35649.0,3.7452,11184.0,1.175,3475.0,3545.0,3485.0,3763.2,False,False,-0.2878,False,False
統一(母公司/裸名稱) x 統一-城中,統一(母公司/裸名稱),統一-城中,2026-03-10,3663,2026-03-11,in_sample,198.0,2.4253,60.0,0.7349,65.6,66.0,66.0,64.68,True,False,1.4024,False,True
統一(母公司/裸名稱) x 統一-城中,統一(母公司/裸名稱),統一-城中,2026-03-10,6715,2026-03-11,in_sample,2744.55,12.6442,2000.7,9.2172,282.0,282.0,282.0,276.36,True,True,2.0,False,True
統一(母公司/裸名稱) x 統一-城中,統一(母公司/裸名稱),統一-城中,2026-03-11,2329,2026-03-12,in_sample,4179.08,6.3205,2603.72,3.9379,53.9,55.3,52.2,58.898,False,False,3.154,False,True
統一(母公司/裸名稱) x 統一-城中,統一(母公司/裸名稱),統一-城中,2026-03-11,2337,2026-03-12,in_sample,41943.79,3.2667,10299.01,0.8021,102.5,109.0,99.0,107.31,True,False,-4.6927,False,False
統一(母公司/裸名稱) x 統一-城中,統一(母公司/裸名稱),統一-城中,2026-03-11,2485,2026-03-12,in_sample,16650.83,3.8256,12044.34,2.7672,57.5,60.8,60.8,59.584,True,False,-3.6243,False,False
統一(母公司/裸名稱) x 統一-城中,統一(母公司/裸名稱),統一-城中,2026-03-11,3450,2026-03-12,in_sample,1689.5,0.3713,13270.75,2.9167,272.5,286.0,274.5,293.51,False,False,-0.7339,False,False
統一(母公司/裸名稱) x 統一-城中,統一(母公司/裸名稱),統一-城中,2026-03-12,3663,2026-03-13,in_sample,3477.54,3.4679,370.26,0.3692,73.9,76.0,74.0,78.204,False,False,-0.1353,False,False
統一(母公司/裸名稱) x 統一-城中,統一(母公司/裸名稱),統一-城中,2026-03-12,6147,2026-03-13,in_sample,2757.2,1.9194,2342.4,1.6306,60.4,62.1,58.8,65.758,False,False,2.649,False,True
統一(母公司/裸名稱) x 統一-城中,統一(母公司/裸名稱),統一-城中,2026-03-12,8489,2026-03-13,in_sample,131.45,8.9662,11.95,0.8151,24.4,26.25,26.25,25.725,True,False,-5.4303,False,False
統一(母公司/裸名稱) x 統一-城中,統一(母公司/裸名稱),統一-城中,2026-03-13,1711,2026-03-16,in_sample,6191.91,2.6216,6004.57,2.5423,35.4,35.5,35.5,34.79,True,False,1.7232,False,True
統一(母公司/裸名稱) x 統一-城中,統一(母公司/裸名稱),統一-城中,2026-03-13,1727,2026-03-16,in_sample,2115.84,1.5821,4012.8,3.0006,63.6,63.6,55.3,65.464,False,False,13.0503,False,True
統一(母公司/裸名稱) x 統一-城中,統一(母公司/裸名稱),統一-城中,2026-03-13,4949,2026-03-16,in_sample,2578.68,4.5768,109.44,0.1942,71.0,72.5,66.4,73.696,False,False,6.4789,False,True
統一(母公司/裸名稱) x 統一-城中,統一(母公司/裸名稱),統一-城中,2026-03-13,4956,2026-03-16,in_sample,1531.92,2.1914,2280.72,3.2625,33.35,34.25,32.45,33.614,True,False,-0.7916,False,False
統一(母公司/裸名稱) x 統一-城中,統一(母公司/裸名稱),統一-城中,2026-03-13,4973,2026-03-16,in_sample,604.8,0.4516,3319.68,2.4788,71.9,73.9,73.9,72.422,True,False,-0.726,False,False
統一(母公司/裸名稱) x 統一-城中,統一(母公司/裸名稱),統一-城中,2026-03-13,6274,2026-03-16,in_sample,7114.25,0.8073,13283.25,1.5073,515.0,520.0,503.0,536.06,False,False,2.3301,False,True
統一(母公司/裸名稱) x 統一-城中,統一(母公司/裸名稱),統一-城中,2026-03-13,8261,2026-03-16,in_sample,9257.4,9.1962,3885.0,3.8593,115.0,116.5,112.5,119.56,False,False,2.1739,False,True
統一(母公司/裸名稱) x 統一-城中,統一(母公司/裸名稱),統一-城中,2026-03-16,2347,2026-03-17,in_sample,2864.12,2.0553,2323.72,1.6675,76.9,79.6,78.6,83.202,False,False,-2.2107,False,False
統一(母公司/裸名稱) x 統一-城中,統一(母公司/裸名稱),統一-城中,2026-03-16,2408,2026-03-17,in_sample,42833.7,1.7868,30255.55,1.2621,267.0,284.5,271.5,281.75,True,False,-5.5243,False,False
統一(母公司/裸名稱) x 統一-城中,統一(母公司/裸名稱),統一-城中,2026-03-16,5351,2026-03-17,in_sample,7556.78,2.301,9190.11,2.7983,73.8,77.1,77.1,75.558,True,False,-2.3821,False,False
統一(母公司/裸名稱) x 統一-城中,統一(母公司/裸名稱),統一-城中,2026-03-16,8299,2026-03-17,in_sample,45144.0,2.4843,39006.0,2.1465,2020.0,2070.0,1945.0,2131.5,False,False,3.7129,False,True
統一(母公司/裸名稱) x 統一-城中,統一(母公司/裸名稱),統一-城中,2026-03-17,2327,2026-03-18,in_sample,69440.8,4.6176,36693.8,2.44,292.0,296.0,280.5,308.21,False,False,3.9384,False,True
統一(母公司/裸名稱) x 統一-城中,統一(母公司/裸名稱),統一-城中,2026-03-17,2485,2026-03-18,in_sample,6630.0,1.1181,4245.0,0.7159,79.7,82.0,80.0,80.85,True,False,-1.4429,False,False
統一(母公司/裸名稱) x 統一-城中,統一(母公司/裸名稱),統一-城中,2026-03-17,5351,2026-03-18,in_sample,8827.95,1.8011,3145.68,0.6418,83.3,84.8,84.8,83.104,True,False,0.2353,False,True
統一(母公司/裸名稱) x 統一-城中,統一(母公司/裸名稱),統一-城中,2026-03-17,6531,2026-03-18,in_sample,12412.0,1.7245,14616.0,2.0307,615.0,623.0,572.0,625.24,False,False,6.9919,False,True
統一(母公司/裸名稱) x 統一-城中,統一(母公司/裸名稱),統一-城中,2026-03-17,6770,2026-03-18,in_sample,71628.3,2.595,15652.11,0.567,76.0,76.2,71.9,77.224,False,False,5.3947,False,True
統一(母公司/裸名稱) x 統一-城中,統一(母公司/裸名稱),統一-城中,2026-03-18,2316,2026-03-19,in_sample,3453.75,2.6207,6165.0,4.678,112.0,116.0,108.0,121.03,False,False,3.5714,False,True
統一(母公司/裸名稱) x 統一-城中,統一(母公司/裸名稱),統一-城中,2026-03-18,3135,2026-03-19,in_sample,3068.0,2.1884,598.0,0.4266,134.0,143.0,143.0,140.14,True,False,-4.5821,False,False
統一(母公司/裸名稱) x 統一-城中,統一(母公司/裸名稱),統一-城中,2026-03-18,3715,2026-03-19,in_sample,17870.5,1.5936,17055.05,1.5209,173.5,190.5,190.5,186.69,True,False,-7.6023,False,False
統一(母公司/裸名稱) x 統一-城中,統一(母公司/裸名稱),統一-城中,2026-03-18,4967,2026-03-19,in_sample,4880.7,1.3599,3007.3,0.8379,247.0,271.0,271.0,265.58,True,False,-7.5223,False,False
統一(母公司/裸名稱) x 統一-城中,統一(母公司/裸名稱),統一-城中,2026-03-18,4989,2026-03-19,in_sample,8274.8,2.4198,8546.6,2.4993,76.0,77.3,73.9,81.34,False,False,2.7632,False,True
統一(母公司/裸名稱) x 統一-城中,統一(母公司/裸名稱),統一-城中,2026-03-18,5483,2026-03-19,in_sample,10320.0,2.5151,3779.7,0.9212,128.0,130.0,124.0,138.67,False,False,3.125,False,True
統一(母公司/裸名稱) x 統一-城中,統一(母公司/裸名稱),統一-城中,2026-03-18,6147,2026-03-19,in_sample,13092.99,2.731,2962.28,0.6179,71.7,73.4,71.1,77.42,False,False,0.8368,False,True
統一(母公司/裸名稱) x 統一-城中,統一(母公司/裸名稱),統一-城中,2026-03-18,8096,2026-03-19,in_sample,9881.19,2.9919,9765.36,2.9568,88.6,91.6,86.3,96.04,False,False,2.5959,False,True
統一(母公司/裸名稱) x 統一-城中,統一(母公司/裸名稱),統一-城中,2026-03-19,3105,2026-03-20,in_sample,20738.25,1.3601,33323.0,2.1855,372.0,381.0,344.0,381.71,False,False,7.5269,False,True
統一(母公司/裸名稱) x 統一-城中,統一(母公司/裸名稱),統一-城中,2026-03-19,3693,2026-03-20,in_sample,12417.9,3.3532,10902.1,2.9439,618.0,618.0,535.0,628.18,False,False,13.4304,False,True
統一(母公司/裸名稱) x 統一-城中,統一(母公司/裸名稱),統一-城中,2026-03-19,3715,2026-03-20,in_sample,3905.25,0.2875,3524.25,0.2594,193.0,194.5,178.5,205.31,False,False,7.513,False,True
統一(母公司/裸名稱) x 統一-城中,統一(母公司/裸名稱),統一-城中,2026-03-19,4908,2026-03-20,in_sample,3593.4,3.6717,3073.6,3.1405,120.0,123.0,114.5,121.52,True,False,-1.2667,False,False
統一(母公司/裸名稱) x 統一-城中,統一(母公司/裸名稱),統一-城中,2026-03-19,4967,2026-03-20,in_sample,7696.4,0.9079,6585.3,0.7768,287.5,288.5,261.5,292.04,False,False,9.0435,False,True
統一(母公司/裸名稱) x 統一-城中,統一(母公司/裸名稱),統一-城中,2026-03-19,6274,2026-03-20,in_sample,67627.2,4.6229,37901.6,2.5909,598.0,600.0,554.0,629.16,False,False,7.3579,False,True
統一(母公司/裸名稱) x 統一-城中,統一(母公司/裸名稱),統一-城中,2026-03-25,2313,2026-03-26,in_sample,34546.0,2.5203,24748.0,1.8055,235.0,253.0,245.5,247.94,True,False,-5.5064,False,False
統一(母公司/裸名稱) x 統一-城中,統一(母公司/裸名稱),統一-城中,2026-03-25,3583,2026-03-26,in_sample,18637.5,8.2629,13568.1,6.0154,517.0,532.0,501.0,535.08,False,False,3.0948,False,True
統一(母公司/裸名稱) x 統一-城中,統一(母公司/裸名稱),統一-城中,2026-03-25,3715,2026-03-26,in_sample,16451.7,2.485,8948.7,1.3517,187.0,197.0,185.0,196.98,True,False,-5.3369,False,False
統一(母公司/裸名稱) x 統一-城中,統一(母公司/裸名稱),統一-城中,2026-03-25,4977,2026-03-26,in_sample,11830.35,8.8929,3650.85,2.7444,202.5,214.0,196.0,214.62,False,False,3.2099,False,True
統一(母公司/裸名稱) x 統一-城中,統一(母公司/裸名稱),統一-城中,2026-03-25,5347,2026-03-26,in_sample,23994.0,11.1149,7353.2,3.4063,127.5,128.0,117.0,133.28,False,False,8.2353,False,True
統一(母公司/裸名稱) x 統一-城中,統一(母公司/裸名稱),統一-城中,2026-03-25,6213,2026-03-26,in_sample,829.35,0.5259,4583.25,2.9065,145.5,151.5,144.0,156.8,False,False,1.0309,False,True
統一(母公司/裸名稱) x 統一-城中,統一(母公司/裸名稱),統一-城中,2026-03-26,2355,2026-03-27,in_sample,8694.4,5.9689,5760.04,3.9544,49.15,51.5,50.5,53.214,False,False,-2.7467,False,False
統一(母公司/裸名稱) x 統一-城中,統一(母公司/裸名稱),統一-城中,2026-03-26,6147,2026-03-27,in_sample,22849.86,5.4658,6115.08,1.4628,77.0,78.7,76.8,83.79,False,False,0.2597,False,True
統一(母公司/裸名稱) x 統一-城中,統一(母公司/裸名稱),統一-城中,2026-03-27,2313,2026-03-30,in_sample,13176.0,0.3249,11394.0,0.281,269.0,272.5,263.0,291.06,False,False,2.2305,False,True
統一(母公司/裸名稱) x 統一-城中,統一(母公司/裸名稱),統一-城中,2026-03-27,2489,2026-03-30,in_sample,14798.11,7.52,2071.455,1.0527,35.05,35.5,32.7,37.779,False,False,6.7047,False,True
統一(母公司/裸名稱) x 統一-城中,統一(母公司/裸名稱),統一-城中,2026-03-27,6213,2026-03-30,in_sample,15768.4,4.0455,5861.8,1.5039,156.0,157.5,151.0,170.03,False,False,3.2051,False,True
統一(母公司/裸名稱) x 統一-城中,統一(母公司/裸名稱),統一-城中,2026-03-30,1305,2026-03-31,in_sample,1249.36,2.4493,1797.68,3.5243,19.6,20.1,17.35,19.796,True,False,-1.0,False,False
統一(母公司/裸名稱) x 統一-城中,統一(母公司/裸名稱),統一-城中,2026-03-30,1308,2026-03-31,in_sample,3175.78,6.3365,971.94,1.9393,20.55,21.15,18.5,20.874,True,False,-1.5766,False,False
統一(母公司/裸名稱) x 統一-城中,統一(母公司/裸名稱),統一-城中,2026-03-31,1528,2026-04-01,in_sample,3770.305,4.3176,2676.135,3.0646,27.95,28.75,26.1,29.008,False,False,6.619,False,True
統一(母公司/裸名稱) x 統一-城中,統一(母公司/裸名稱),統一-城中,2026-04-01,2383,2026-04-02,in_sample,54340.0,6.3298,6292.0,0.7329,2920.0,2965.0,2785.0,3082.1,False,False,4.6233,False,True
統一(母公司/裸名稱) x 統一-城中,統一(母公司/裸名稱),統一-城中,2026-04-01,2409,2026-04-02,in_sample,6306.63,1.9407,1083.005,0.3333,16.5,17.4,16.85,17.15,True,False,-3.9394,False,False
統一(母公司/裸名稱) x 統一-城中,統一(母公司/裸名稱),統一-城中,2026-04-01,6213,2026-04-02,in_sample,14914.5,3.4661,15550.2,3.6138,167.5,176.0,170.0,175.42,True,False,-4.7284,False,False
統一(母公司/裸名稱) x 統一-城中,統一(母公司/裸名稱),統一-城中,2026-04-02,1309,2026-04-07,in_sample,3874.335,2.9428,3427.995,2.6038,26.25,27.0,26.5,27.93,False,False,-0.9524,False,False
統一(母公司/裸名稱) x 統一-城中,統一(母公司/裸名稱),統一-城中,2026-04-02,3152,2026-04-07,in_sample,1263.6,2.9349,1887.6,4.3842,156.0,165.5,159.0,168.07,False,False,-1.9231,False,False
統一(母公司/裸名稱) x 統一-城中,統一(母公司/裸名稱),統一-城中,2026-04-02,6147,2026-04-07,in_sample,20605.2,3.3882,21806.4,3.5857,91.0,92.4,89.8,90.552,True,False,0.4923,False,True
統一(母公司/裸名稱) x 統一-城中,統一(母公司/裸名稱),統一-城中,2026-04-02,6727,2026-04-07,in_sample,429.6,0.4451,4117.0,4.2654,379.5,380.0,354.5,385.63,False,False,6.5876,False,True
統一(母公司/裸名稱) x 統一-城中,統一(母公司/裸名稱),統一-城中,2026-04-07,2455,2026-04-08,in_sample,27084.4,5.871,17667.45,3.8297,306.0,307.5,290.5,306.25,True,False,-0.0817,False,False
統一(母公司/裸名稱) x 統一-城中,統一(母公司/裸名稱),統一-城中,2026-04-07,6274,2026-04-08,in_sample,22812.2,3.2827,30052.0,4.3246,723.0,736.0,725.0,735.98,True,False,-1.7953,False,False
統一(母公司/裸名稱) x 統一-城中,統一(母公司/裸名稱),統一-城中,2026-04-07,6285,2026-04-08,in_sample,24368.9,3.3556,21059.3,2.8999,212.0,216.5,216.5,212.17,True,False,-0.0802,False,False
統一(母公司/裸名稱) x 統一-城中,統一(母公司/裸名稱),統一-城中,2026-04-07,8086,2026-04-08,in_sample,552.0,0.3326,786.6,0.474,146.0,148.5,145.5,148.47,True,False,-1.6918,False,False
統一(母公司/裸名稱) x 統一-城中,統一(母公司/裸名稱),統一-城中,2026-04-08,1802,2026-04-09,in_sample,23128.0,7.2839,8236.4,2.594,61.5,64.5,59.5,63.602,True,False,-3.4179,False,False
統一(母公司/裸名稱) x 統一-城中,統一(母公司/裸名稱),統一-城中,2026-04-08,1815,2026-04-09,in_sample,24539.2,3.1562,21257.6,2.7341,113.0,122.5,121.5,120.54,True,False,-6.6726,False,False
統一(母公司/裸名稱) x 統一-城中,統一(母公司/裸名稱),統一-城中,2026-04-08,2308,2026-04-09,in_sample,53280.0,2.4045,25308.0,1.1421,1685.0,1705.0,1645.0,1793.4,False,False,2.3739,False,True
統一(母公司/裸名稱) x 統一-城中,統一(母公司/裸名稱),統一-城中,2026-04-08,2360,2026-04-09,in_sample,15697.5,3.7382,5175.0,1.2324,1765.0,1895.0,1840.0,1857.1,True,False,-5.2181,False,False
統一(母公司/裸名稱) x 統一-城中,統一(母公司/裸名稱),統一-城中,2026-04-08,2419,2026-04-09,in_sample,1714.48,2.2066,4053.415,5.2168,39.5,39.85,36.95,39.788,True,False,-0.7291,False,False
統一(母公司/裸名稱) x 統一-城中,統一(母公司/裸名稱),統一-城中,2026-04-08,3380,2026-04-09,in_sample,4236.36,5.5019,3279.895,4.2597,43.8,43.95,41.3,44.247,False,False,5.7078,False,True
統一(母公司/裸名稱) x 統一-城中,統一(母公司/裸名稱),統一-城中,2026-04-08,4958,2026-04-09,in_sample,28932.75,4.0995,7524.0,1.0661,250.5,271.0,263.5,266.56,True,False,-6.4112,False,False
統一(母公司/裸名稱) x 統一-城中,統一(母公司/裸名稱),統一-城中,2026-04-08,6147,2026-04-09,in_sample,8665.86,4.3477,5053.44,2.5353,99.9,104.5,96.5,106.33,False,False,3.4034,False,True
統一(母公司/裸名稱) x 統一-城中,統一(母公司/裸名稱),統一-城中,2026-04-08,6285,2026-04-09,in_sample,10413.65,0.738,4394.95,0.3115,223.0,229.0,226.0,233.24,False,False,-1.3453,False,False
統一(母公司/裸名稱) x 統一-城中,統一(母公司/裸名稱),統一-城中,2026-04-08,6919,2026-04-09,in_sample,4631.55,1.464,5440.05,1.7196,120.0,120.0,113.5,124.46,False,False,5.4167,False,True
統一(母公司/裸名稱) x 統一-城中,統一(母公司/裸名稱),統一-城中,2026-04-08,8021,2026-04-09,in_sample,42074.8,5.081,15265.3,1.8435,291.0,303.0,289.0,315.56,False,False,0.6873,False,True
統一(母公司/裸名稱) x 統一-城中,統一(母公司/裸名稱),統一-城中,2026-04-08,8096,2026-04-09,in_sample,5706.2,1.4466,5654.7,1.4335,100.0,109.0,95.8,110.74,False,False,4.2,False,True
統一(母公司/裸名稱) x 統一-城中,統一(母公司/裸名稱),統一-城中,2026-04-08,8299,2026-04-09,in_sample,13800.0,1.013,11557.5,0.8484,1725.0,1730.0,1615.0,1857.1,False,False,6.3768,False,True
統一(母公司/裸名稱) x 統一-城中,統一(母公司/裸名稱),統一-城中,2026-04-09,1717,2026-04-10,in_sample,26782.02,3.5161,9018.36,1.184,77.6,80.6,80.0,79.478,True,False,-2.4201,False,False
統一(母公司/裸名稱) x 統一-城中,統一(母公司/裸名稱),統一-城中,2026-04-09,2467,2026-04-10,in_sample,18901.05,5.7411,15792.0,4.7968,525.0,542.0,542.0,531.16,True,False,-1.1733,False,False
統一(母公司/裸名稱) x 統一-城中,統一(母公司/裸名稱),統一-城中,2026-04-09,3026,2026-04-10,in_sample,2899.3,0.8764,3651.65,1.1039,186.5,201.5,194.0,197.47,True,False,-5.882,False,False
統一(母公司/裸名稱) x 統一-城中,統一(母公司/裸名稱),統一-城中,2026-04-09,3028,2026-04-10,in_sample,14369.74,41.4331,180.6,0.5207,62.5,63.9,59.4,64.876,False,False,4.96,False,True
統一(母公司/裸名稱) x 統一-城中,統一(母公司/裸名稱),統一-城中,2026-04-09,3042,2026-04-10,in_sample,2322.0,1.8741,2988.5,2.4121,115.0,118.0,118.0,115.64,True,False,-0.5565,False,False
統一(母公司/裸名稱) x 統一-城中,統一(母公司/裸名稱),統一-城中,2026-04-09,6213,2026-04-10,in_sample,19203.55,4.0279,17255.05,3.6192,225.0,225.0,214.0,233.24,False,False,4.8889,False,True
統一(母公司/裸名稱) x 統一-城中,統一(母公司/裸名稱),統一-城中,2026-04-09,6274,2026-04-10,in_sample,22236.3,2.3975,7332.4,0.7906,838.0,838.0,808.0,858.48,False,False,3.58,False,True
統一(母公司/裸名稱) x 統一-城中,統一(母公司/裸名稱),統一-城中,2026-04-09,8028,2026-04-10,in_sample,24475.05,4.9129,10562.7,2.1202,207.5,207.5,199.0,221.48,False,False,4.0964,False,True
統一(母公司/裸名稱) x 統一-城中,統一(母公司/裸名稱),統一-城中,2026-04-10,2316,2026-04-13,in_sample,944.0,0.624,2029.6,1.3415,118.0,122.0,113.0,126.91,False,False,4.2373,False,True
統一(母公司/裸名稱) x 統一-城中,統一(母公司/裸名稱),統一-城中,2026-04-10,3031,2026-04-13,in_sample,1649.97,3.8724,1165.185,2.7346,28.35,31.15,31.15,30.527,True,False,-7.679,False,False
統一(母公司/裸名稱) x 統一-城中,統一(母公司/裸名稱),統一-城中,2026-04-10,3645,2026-04-13,in_sample,2638.62,2.3118,2696.16,2.3623,85.5,90.4,90.4,88.592,True,False,-3.6164,False,False
統一(母公司/裸名稱) x 統一-城中,統一(母公司/裸名稱),統一-城中,2026-04-10,4989,2026-04-13,in_sample,3413.61,0.8818,3074.67,0.7942,81.0,82.9,81.3,86.926,False,False,-0.3704,False,False
統一(母公司/裸名稱) x 統一-城中,統一(母公司/裸名稱),統一-城中,2026-04-10,7610,2026-04-13,in_sample,2139.25,3.0189,1094.5,1.5445,513.0,547.0,547.0,536.06,True,False,-4.4951,False,False
統一(母公司/裸名稱) x 統一-城中,統一(母公司/裸名稱),統一-城中,2026-04-10,8021,2026-04-13,in_sample,9429.75,5.3111,4984.75,2.8075,346.0,349.0,349.0,342.02,True,False,1.1503,False,True
統一(母公司/裸名稱) x 統一-城中,統一(母公司/裸名稱),統一-城中,2026-04-13,2485,2026-04-14,in_sample,2666.4,0.5929,3854.16,0.8569,86.9,86.9,78.3,87.024,False,False,9.8964,False,True
統一(母公司/裸名稱) x 統一-城中,統一(母公司/裸名稱),統一-城中,2026-04-13,3026,2026-04-14,in_sample,2683.8,1.1436,5964.0,2.5414,234.0,234.0,229.5,229.32,True,False,2.0,False,True
統一(母公司/裸名稱) x 統一-城中,統一(母公司/裸名稱),統一-城中,2026-04-13,3042,2026-04-14,in_sample,9816.1,4.3204,10385.9,4.5712,138.0,142.0,133.5,139.16,True,False,-0.8406,False,False
統一(母公司/裸名稱) x 統一-城中,統一(母公司/裸名稱),統一-城中,2026-04-13,3390,2026-04-14,in_sample,149.755,5.1904,98.2,3.4035,24.9,25.2,24.35,26.46,False,False,2.2088,False,True
統一(母公司/裸名稱) x 統一-城中,統一(母公司/裸名稱),統一-城中,2026-04-13,3548,2026-04-14,in_sample,841.5,4.9836,168.3,0.9967,102.5,102.5,102.5,100.45,True,True,2.0,False,True
統一(母公司/裸名稱) x 統一-城中,統一(母公司/裸名稱),統一-城中,2026-04-13,4908,2026-04-14,in_sample,2844.15,2.487,3452.6,3.019,148.0,151.0,142.5,152.39,False,False,3.7162,False,True
統一(母公司/裸名稱) x 統一-城中,統一(母公司/裸名稱),統一-城中,2026-04-13,6173,2026-04-14,in_sample,8852.94,10.9492,2879.18,3.5609,72.6,74.1,73.3,77.322,False,False,-0.9642,False,False
統一(母公司/裸名稱) x 統一-城中,統一(母公司/裸名稱),統一-城中,2026-04-13,6531,2026-04-14,in_sample,14685.3,3.6472,13834.8,3.4359,586.0,614.0,606.0,610.54,True,False,-4.1877,False,False
統一(母公司/裸名稱) x 統一-城中,統一(母公司/裸名稱),統一-城中,2026-04-13,6789,2026-04-14,in_sample,4847.0,1.7454,3071.0,1.1059,385.0,407.0,407.0,398.86,True,False,-3.6,False,False
統一(母公司/裸名稱) x 統一-城中,統一(母公司/裸名稱),統一-城中,2026-04-14,6213,2026-04-15,in_sample,31472.0,4.7112,12723.2,1.9046,228.0,235.5,229.5,241.08,False,False,-0.6579,False,False
統一(母公司/裸名稱) x 統一-城中,統一(母公司/裸名稱),統一-城中,2026-04-14,8358,2026-04-15,in_sample,24041.1,2.2916,23851.8,2.2736,320.0,344.0,333.5,340.06,True,False,-6.2688,False,False
統一(母公司/裸名稱) x 統一-城中,統一(母公司/裸名稱),統一-城中,2026-04-15,1528,2026-04-16,in_sample,2245.9,1.7368,1432.52,1.1078,31.3,31.75,29.8,32.683,False,False,4.7923,False,True
統一(母公司/裸名稱) x 統一-城中,統一(母公司/裸名稱),統一-城中,2026-04-15,2493,2026-04-16,in_sample,3263.5,2.4306,3629.5,2.7032,152.5,152.5,147.0,164.15,False,False,3.6066,False,True
統一(母公司/裸名稱) x 統一-城中,統一(母公司/裸名稱),統一-城中,2026-04-15,2495,2026-04-16,in_sample,1401.2,1.2406,2214.8,1.961,44.8,45.0,43.6,48.706,False,False,2.6786,False,True
統一(母公司/裸名稱) x 統一-城中,統一(母公司/裸名稱),統一-城中,2026-04-15,3450,2026-04-16,in_sample,25532.45,2.9862,16411.25,1.9194,345.5,345.5,341.0,372.4,False,False,1.3025,False,True
統一(母公司/裸名稱) x 統一-城中,統一(母公司/裸名稱),統一-城中,2026-04-15,8027,2026-04-16,in_sample,6052.8,3.7299,4305.6,2.6532,160.5,163.0,145.5,168.07,False,False,9.3458,False,True
統一(母公司/裸名稱) x 統一-城中,統一(母公司/裸名稱),統一-城中,2026-04-16,2484,2026-04-17,in_sample,3433.56,4.8735,2534.87,3.5979,43.75,43.85,42.4,43.414,True,False,0.768,False,True
統一(母公司/裸名稱) x 統一-城中,統一(母公司/裸名稱),統一-城中,2026-04-16,4977,2026-04-17,in_sample,7571.85,4.7058,7786.35,4.8391,228.5,235.5,235.5,230.79,True,False,-1.0022,False,False
統一(母公司/裸名稱) x 統一-城中,統一(母公司/裸名稱),統一-城中,2026-04-16,6173,2026-04-17,in_sample,10026.05,5.1119,5000.44,2.5495,84.3,92.2,92.2,90.356,True,False,-7.1839,False,False
統一(母公司/裸名稱) x 統一-城中,統一(母公司/裸名稱),統一-城中,2026-04-16,6285,2026-04-17,in_sample,6781.8,0.4948,9692.1,0.7071,268.0,274.5,264.5,287.63,False,False,1.306,False,True
統一(母公司/裸名稱) x 統一-城中,統一(母公司/裸名稱),統一-城中,2026-04-16,8150,2026-04-17,in_sample,13236.52,3.5977,8873.48,2.4118,74.6,75.0,67.3,79.38,False,False,9.7855,False,True
統一(母公司/裸名稱) x 統一-城中,統一(母公司/裸名稱),統一-城中,2026-04-17,3230,2026-04-20,in_sample,624.24,6.1378,91.035,0.8951,47.0,47.25,42.8,46.697,True,False,0.6447,False,True
統一(母公司/裸名稱) x 統一-城中,統一(母公司/裸名稱),統一-城中,2026-04-17,4958,2026-04-20,in_sample,42976.8,3.6625,8488.2,0.7234,292.5,310.0,310.0,303.8,True,False,-3.8632,False,False
統一(母公司/裸名稱) x 統一-城中,統一(母公司/裸名稱),統一-城中,2026-04-17,6173,2026-04-20,in_sample,1622.72,0.4574,1613.5,0.4548,93.5,95.0,90.7,98.98,False,False,2.9947,False,True
統一(母公司/裸名稱) x 統一-城中,統一(母公司/裸名稱),統一-城中,2026-04-17,8111,2026-04-20,in_sample,6320.16,4.9894,3825.36,3.0199,83.3,84.1,77.6,85.358,False,False,6.8427,False,True
統一(母公司/裸名稱) x 統一-城中,統一(母公司/裸名稱),統一-城中,2026-04-17,8358,2026-04-20,in_sample,32560.5,2.2653,16794.75,1.1685,373.0,404.0,404.0,395.92,True,False,-6.1448,False,False
統一(母公司/裸名稱) x 統一-城中,統一(母公司/裸名稱),統一-城中,2026-04-20,2351,2026-04-21,in_sample,5716.6,7.3829,4528.0,5.8478,143.0,152.0,151.0,152.39,False,False,-5.5944,False,False
統一(母公司/裸名稱) x 統一-城中,統一(母公司/裸名稱),統一-城中,2026-04-20,3105,2026-04-21,in_sample,12787.2,0.5192,29422.4,1.1947,625.0,637.0,617.0,637.98,False,False,1.28,False,True
統一(母公司/裸名稱) x 統一-城中,統一(母公司/裸名稱),統一-城中,2026-04-20,3189,2026-04-21,in_sample,33320.7,2.3443,16617.3,1.1691,453.0,473.5,473.5,464.03,True,False,-2.4349,False,False
統一(母公司/裸名稱) x 統一-城中,統一(母公司/裸名稱),統一-城中,2026-04-20,3388,2026-04-21,in_sample,795.7,1.3941,381.5,0.6684,116.0,119.5,119.5,117.11,True,False,-0.9569,False,False
統一(母公司/裸名稱) x 統一-城中,統一(母公司/裸名稱),統一-城中,2026-04-20,3645,2026-04-21,in_sample,6652.45,3.0984,3721.25,1.7332,120.0,120.0,109.5,122.99,False,False,8.75,False,True
統一(母公司/裸名稱) x 統一-城中,統一(母公司/裸名稱),統一-城中,2026-04-20,3712,2026-04-21,in_sample,508.8,49.3788,4.24,0.4115,23.3,23.3,23.3,22.834,True,True,2.0,False,True
統一(母公司/裸名稱) x 統一-城中,統一(母公司/裸名稱),統一-城中,2026-04-20,4722,2026-04-21,in_sample,297.0,0.4084,3425.4,4.7098,202.0,207.5,193.5,213.15,False,False,4.2079,False,True
統一(母公司/裸名稱) x 統一-城中,統一(母公司/裸名稱),統一-城中,2026-04-20,4958,2026-04-21,in_sample,3472.0,0.2462,7099.0,0.5033,323.5,325.5,315.0,334.18,False,False,2.6275,False,True
統一(母公司/裸名稱) x 統一-城中,統一(母公司/裸名稱),統一-城中,2026-04-21,2436,2026-04-22,in_sample,3927.73,1.9954,3529.7,1.7932,77.1,82.0,78.3,80.948,True,False,-4.9909,False,False
統一(母公司/裸名稱) x 統一-城中,統一(母公司/裸名稱),統一-城中,2026-04-21,3135,2026-04-22,in_sample,855.6,1.5793,384.4,0.7095,133.0,136.0,133.0,133.28,True,False,-0.2105,False,False
統一(母公司/裸名稱) x 統一-城中,統一(母公司/裸名稱),統一-城中,2026-04-21,3189,2026-04-22,in_sample,21354.85,1.214,14773.2,0.8399,496.0,509.0,491.5,509.6,False,False,0.9073,False,True
統一(母公司/裸名稱) x 統一-城中,統一(母公司/裸名稱),統一-城中,2026-04-21,3221,2026-04-22,in_sample,407.36,0.3966,4293.36,4.1802,53.6,53.7,50.4,57.722,False,False,5.9701,False,True
統一(母公司/裸名稱) x 統一-城中,統一(母公司/裸名稱),統一-城中,2026-04-21,5498,2026-04-22,in_sample,5883.48,1.434,4013.73,0.9783,86.7,87.2,80.3,89.572,False,False,7.3818,False,True
統一(母公司/裸名稱) x 統一-城中,統一(母公司/裸名稱),統一-城中,2026-04-21,8150,2026-04-22,in_sample,2386.02,0.5994,4505.28,1.1319,76.6,80.7,79.8,79.87,True,False,-4.2689,False,False
統一(母公司/裸名稱) x 統一-城中,統一(母公司/裸名稱),統一-城中,2026-04-21,8271,2026-04-22,in_sample,3810.4,1.3765,2662.95,0.962,228.0,238.0,238.0,233.24,True,False,-2.2982,False,False
統一(母公司/裸名稱) x 統一-城中,統一(母公司/裸名稱),統一-城中,2026-04-22,1711,2026-04-23,in_sample,12253.76,4.1939,8904.24,3.0475,63.7,64.3,56.5,64.19,True,False,-0.7692,False,False
統一(母公司/裸名稱) x 統一-城中,統一(母公司/裸名稱),統一-城中,2026-04-22,2351,2026-04-23,in_sample,9412.2,4.4175,13147.2,6.1705,169.0,172.5,151.0,178.85,False,False,10.6509,False,True
統一(母公司/裸名稱) x 統一-城中,統一(母公司/裸名稱),統一-城中,2026-04-22,2454,2026-04-23,in_sample,25015.5,0.464,24786.0,0.4597,2325.0,2335.0,2215.0,2469.6,False,False,4.7312,False,True
統一(母公司/裸名稱) x 統一-城中,統一(母公司/裸名稱),統一-城中,2026-04-22,3227,2026-04-23,in_sample,5500.0,4.031,5324.0,3.9021,236.0,236.5,215.0,237.16,False,False,8.8983,False,True
統一(母公司/裸名稱) x 統一-城中,統一(母公司/裸名稱),統一-城中,2026-04-22,3701,2026-04-23,in_sample,4857.48,2.6035,2845.32,1.525,78.7,79.8,70.9,84.672,False,False,9.9111,False,True
統一(母公司/裸名稱) x 統一-城中,統一(母公司/裸名稱),統一-城中,2026-04-22,5269,2026-04-23,in_sample,12006.0,3.4419,10626.0,3.0463,1440.0,1445.0,1275.0,1484.7,False,False,11.4583,False,True
統一(母公司/裸名稱) x 統一-城中,統一(母公司/裸名稱),統一-城中,2026-04-22,6462,2026-04-23,in_sample,4175.85,4.6223,1148.0,1.2707,144.0,144.5,129.5,154.35,False,False,10.0694,False,True
統一(母公司/裸名稱) x 統一-城中,統一(母公司/裸名稱),統一-城中,2026-04-22,6526,2026-04-23,in_sample,3599.0,1.4532,2135.0,0.8621,618.0,621.0,556.0,657.58,False,False,10.0324,False,True
統一(母公司/裸名稱) x 統一-城中,統一(母公司/裸名稱),統一-城中,2026-04-22,8054,2026-04-23,in_sample,3237.0,5.8672,1332.15,2.4146,130.0,130.0,112.5,133.77,False,False,13.4615,False,True
統一(母公司/裸名稱) x 統一-城中,統一(母公司/裸名稱),統一-城中,2026-04-24,1727,2026-04-27,in_sample,6242.81,3.7779,3506.72,2.1221,75.5,76.7,73.8,76.146,True,False,-0.8556,False,False
統一(母公司/裸名稱) x 統一-城中,統一(母公司/裸名稱),統一-城中,2026-04-24,3324,2026-04-27,in_sample,39487.5,3.5004,8991.0,0.797,1270.0,1305.0,1180.0,1308.3,False,False,7.0866,False,True
統一(母公司/裸名稱) x 統一-城中,統一(母公司/裸名稱),統一-城中,2026-04-27,4967,2026-04-28,in_sample,15052.0,1.9146,14001.2,1.7809,292.0,310.0,303.0,305.76,True,False,-4.7123,False,False
統一(母公司/裸名稱) x 統一-城中,統一(母公司/裸名稱),統一-城中,2026-04-27,7751,2026-04-28,in_sample,2909.5,1.6229,1058.0,0.5901,2430.0,2805.0,2715.0,2846.9,False,False,-11.7284,False,False
統一(母公司/裸名稱) x 統一-城中,統一(母公司/裸名稱),統一-城中,2026-04-27,8155,2026-04-28,in_sample,7705.25,2.4283,6539.05,2.0608,427.0,428.0,411.0,448.84,False,False,3.7471,False,True
統一(母公司/裸名稱) x 統一-城中,統一(母公司/裸名稱),統一-城中,2026-04-28,2337,2026-04-29,in_sample,47642.65,1.2374,36557.4,0.9495,161.5,171.5,167.0,171.5,True,False,-6.192,False,False
統一(母公司/裸名稱) x 統一-城中,統一(母公司/裸名稱),統一-城中,2026-04-28,2492,2026-04-29,in_sample,12510.2,10.1165,6858.6,5.5463,140.0,141.5,134.5,152.88,False,False,3.9286,False,True
統一(母公司/裸名稱) x 統一-城中,統一(母公司/裸名稱),統一-城中,2026-04-28,3006,2026-04-29,in_sample,7509.15,1.1391,3782.25,0.5738,181.5,187.5,175.0,198.45,False,False,3.5813,False,True
統一(母公司/裸名稱) x 統一-城中,統一(母公司/裸名稱),統一-城中,2026-04-28,4958,2026-04-29,in_sample,50353.2,1.7347,20133.4,0.6936,393.5,396.0,383.0,424.34,False,False,2.6684,False,True
統一(母公司/裸名稱) x 統一-城中,統一(母公司/裸名稱),統一-城中,2026-04-29,2417,2026-04-30,in_sample,1085.37,13.3922,85.8,1.0587,47.1,47.15,47.15,46.207,True,False,1.896,False,True
統一(母公司/裸名稱) x 統一-城中,統一(母公司/裸名稱),統一-城中,2026-04-30,4958,2026-05-04,in_sample,39363.5,2.0573,23870.7,1.2476,429.0,447.5,432.5,453.74,False,False,-0.8159,False,False
統一(母公司/裸名稱) x 統一-城中,統一(母公司/裸名稱),統一-城中,2026-04-30,6937,2026-05-04,in_sample,993.0,1.0709,761.3,0.821,345.0,353.0,335.0,356.72,False,False,2.8986,False,True
統一(母公司/裸名稱) x 統一-城中,統一(母公司/裸名稱),統一-城中,2026-05-04,2313,2026-05-05,in_sample,9988.2,0.4562,85758.9,3.9172,272.0,285.0,274.5,289.1,False,False,-0.9191,False,False
統一(母公司/裸名稱) x 統一-城中,統一(母公司/裸名稱),統一-城中,2026-05-04,2426,2026-05-05,in_sample,1801.8,1.1815,4208.4,2.7596,69.3,69.3,69.3,67.914,True,False,2.0,False,True
統一(母公司/裸名稱) x 統一-城中,統一(母公司/裸名稱),統一-城中,2026-05-04,6182,2026-05-05,in_sample,7858.62,3.0957,2156.49,0.8495,44.2,48.5,48.5,47.53,True,False,-7.5339,False,False
統一(母公司/裸名稱) x 統一-城中,統一(母公司/裸名稱),統一-城中,2026-05-05,1802,2026-05-06,in_sample,19328.4,1.9665,17472.0,1.7776,73.8,75.5,71.2,78.4,False,False,3.523,False,True
統一(母公司/裸名稱) x 統一-城中,統一(母公司/裸名稱),統一-城中,2026-05-05,6831,2026-05-06,in_sample,3380.0,4.0554,2860.0,3.4315,535.0,569.0,561.0,560.56,True,False,-4.7776,False,False
統一(母公司/裸名稱) x 統一-城中,統一(母公司/裸名稱),統一-城中,2026-05-06,2344,2026-05-07,out_of_sample,55552.0,2.1266,35132.3,1.3449,113.0,117.0,114.0,116.62,True,False,-3.2035,False,False
統一(母公司/裸名稱) x 統一-城中,統一(母公司/裸名稱),統一-城中,2026-05-06,2354,2026-05-07,out_of_sample,5285.46,1.0091,8005.35,1.5284,64.8,65.3,63.3,69.286,False,False,2.3148,False,True
統一(母公司/裸名稱) x 統一-城中,統一(母公司/裸名稱),統一-城中,2026-05-06,3006,2026-05-07,out_of_sample,9660.0,1.4388,14720.0,2.1925,205.0,210.0,196.5,215.6,False,False,4.1463,False,True
統一(母公司/裸名稱) x 統一-城中,統一(母公司/裸名稱),統一-城中,2026-05-06,4741,2026-05-07,out_of_sample,410.8,1.5129,126.4,0.4655,63.5,67.8,62.4,68.11,False,False,1.7323,False,True
統一(母公司/裸名稱) x 統一-城中,統一(母公司/裸名稱),統一-城中,2026-05-07,1605,2026-05-08,out_of_sample,16777.8,4.6034,6811.5,1.8689,36.0,36.05,33.75,38.612,False,False,6.25,False,True
統一(母公司/裸名稱) x 統一-城中,統一(母公司/裸名稱),統一-城中,2026-05-07,1785,2026-05-08,out_of_sample,34354.5,1.9411,3533.5,0.1996,180.0,185.0,167.0,199.43,False,False,7.2222,False,True
統一(母公司/裸名稱) x 統一-城中,統一(母公司/裸名稱),統一-城中,2026-05-07,2327,2026-05-08,out_of_sample,73854.2,3.853,34512.35,1.8005,390.0,400.0,389.0,400.33,False,False,0.2564,False,True
統一(母公司/裸名稱) x 統一-城中,統一(母公司/裸名稱),統一-城中,2026-05-07,5347,2026-05-08,out_of_sample,54574.1,8.8377,14469.0,2.3431,178.5,184.5,167.5,199.92,False,False,6.1625,False,True
統一(母公司/裸名稱) x 統一-城中,統一(母公司/裸名稱),統一-城中,2026-05-07,6770,2026-05-08,out_of_sample,51778.17,2.6571,13757.67,0.706,65.0,66.5,61.4,68.796,False,False,5.5385,False,True
統一(母公司/裸名稱) x 統一-城中,統一(母公司/裸名稱),統一-城中,2026-05-08,2379,2026-05-11,out_of_sample,10596.8,1.9554,8524.8,1.5731,615.0,615.0,584.0,637.98,False,False,5.0407,False,True
統一(母公司/裸名稱) x 統一-城中,統一(母公司/裸名稱),統一-城中,2026-05-08,5258,2026-05-11,out_of_sample,511.68,3.9086,138.58,1.0586,55.8,57.0,54.3,57.428,False,False,2.6882,False,True
統一(母公司/裸名稱) x 統一-城中,統一(母公司/裸名稱),統一-城中,2026-05-11,2408,2026-05-12,out_of_sample,93159.5,2.8493,34283.9,1.0486,312.5,325.0,321.0,324.38,True,False,-3.8016,False,False
統一(母公司/裸名稱) x 統一-城中,統一(母公司/裸名稱),統一-城中,2026-05-11,2481,2026-05-12,out_of_sample,8872.6,2.5349,8382.1,2.3948,113.0,118.5,115.5,117.11,True,False,-3.6372,False,False
統一(母公司/裸名稱) x 統一-城中,統一(母公司/裸名稱),統一-城中,2026-05-11,3006,2026-05-12,out_of_sample,25285.8,4.3465,1487.4,0.2557,227.0,227.5,220.0,239.12,False,False,3.0837,False,True
統一(母公司/裸名稱) x 統一-城中,統一(母公司/裸名稱),統一-城中,2026-05-11,3189,2026-05-12,out_of_sample,12575.0,0.9658,14033.7,1.0779,525.0,532.0,494.0,541.94,False,False,5.9048,False,True
統一(母公司/裸名稱) x 統一-城中,統一(母公司/裸名稱),統一-城中,2026-05-11,3374,2026-05-12,out_of_sample,8391.3,1.7218,2888.4,0.5927,248.0,265.0,255.5,268.03,False,False,-3.0242,False,False
統一(母公司/裸名稱) x 統一-城中,統一(母公司/裸名稱),統一-城中,2026-05-11,3481,2026-05-12,out_of_sample,40504.2,3.0262,11137.04,0.8321,34.7,35.5,35.5,34.79,True,False,-0.2594,False,False
統一(母公司/裸名稱) x 統一-城中,統一(母公司/裸名稱),統一-城中,2026-05-11,3587,2026-05-12,out_of_sample,420.6,0.5303,701.0,0.8839,378.0,385.5,385.5,377.79,True,False,0.0556,False,True
統一(母公司/裸名稱) x 統一-城中,統一(母公司/裸名稱),統一-城中,2026-05-12,2303,2026-05-13,out_of_sample,55865.7,1.4415,30555.8,0.7884,102.0,102.0,98.4,112.21,False,False,3.5294,False,True
統一(母公司/裸名稱) x 統一-城中,統一(母公司/裸名稱),統一-城中,2026-05-12,2409,2026-05-13,out_of_sample,30153.69,2.0693,6315.57,0.4334,20.2,20.5,20.2,22.295,False,False,0.0,False,False
統一(母公司/裸名稱) x 統一-城中,統一(母公司/裸名稱),統一-城中,2026-05-12,4977,2026-05-13,out_of_sample,12848.75,2.1427,12767.6,2.1292,268.0,273.0,243.5,291.55,False,False,9.1418,False,True
統一(母公司/裸名稱) x 統一-城中,統一(母公司/裸名稱),統一-城中,2026-05-12,6531,2026-05-13,out_of_sample,5169.5,0.5567,13082.0,1.4087,1025.0,1105.0,1040.0,1136.8,False,False,-1.4634,False,False
統一(母公司/裸名稱) x 統一-城中,統一(母公司/裸名稱),統一-城中,2026-05-14,2303,2026-05-15,out_of_sample,140086.8,3.9799,35607.6,1.0116,112.0,118.0,110.0,116.13,True,False,-3.6875,False,False
統一(母公司/裸名稱) x 統一-城中,統一(母公司/裸名稱),統一-城中,2026-05-14,2344,2026-05-15,out_of_sample,183995.4,3.3618,56936.6,1.0403,132.5,136.5,129.5,144.06,False,False,2.2642,False,True
統一(母公司/裸名稱) x 統一-城中,統一(母公司/裸名稱),統一-城中,2026-05-14,3008,2026-05-15,out_of_sample,53608.5,4.1084,34485.0,2.6428,3290.0,3445.0,3445.0,3376.1,True,False,-2.617,False,False
統一(母公司/裸名稱) x 統一-城中,統一(母公司/裸名稱),統一-城中,2026-05-14,6742,2026-05-15,out_of_sample,97.635,2.2213,25.47,0.5795,44.55,46.55,44.0,45.717,True,False,-2.6195,False,False
統一(母公司/裸名稱) x 統一-城中,統一(母公司/裸名稱),統一-城中,2026-05-15,1727,2026-05-18,out_of_sample,2718.14,1.5042,3303.72,1.8282,88.0,90.0,87.7,94.178,False,False,0.3409,False,True
統一(母公司/裸名稱) x 統一-城中,統一(母公司/裸名稱),統一-城中,2026-05-15,3305,2026-05-18,out_of_sample,5913.95,2.0604,5692.35,1.9832,140.0,140.0,137.0,148.96,False,False,2.1429,False,True
統一(母公司/裸名稱) x 統一-城中,統一(母公司/裸名稱),統一-城中,2026-05-15,6451,2026-05-18,out_of_sample,16790.7,4.7096,17021.5,4.7744,569.0,583.0,520.0,621.32,False,False,8.6116,False,True
統一(母公司/裸名稱) x 統一-城中,統一(母公司/裸名稱),統一-城中,2026-05-15,8028,2026-05-18,out_of_sample,17221.25,1.6769,13253.75,1.2906,285.0,285.0,278.5,309.68,False,False,2.2807,False,True
統一(母公司/裸名稱) x 統一-城中,統一(母公司/裸名稱),統一-城中,2026-05-18,2313,2026-05-19,out_of_sample,39057.2,1.5995,25951.8,1.0628,263.0,279.0,256.0,278.81,True,False,-6.0114,False,False
統一(母公司/裸名稱) x 統一-城中,統一(母公司/裸名稱),統一-城中,2026-05-18,2327,2026-05-19,out_of_sample,154508.4,3.4344,44789.4,0.9956,501.0,516.0,497.0,539.98,False,False,0.7984,False,True
統一(母公司/裸名稱) x 統一-城中,統一(母公司/裸名稱),統一-城中,2026-05-18,2481,2026-05-19,out_of_sample,16370.1,3.0804,5598.6,1.0535,130.0,140.5,135.0,138.67,True,False,-6.6692,False,False
統一(母公司/裸名稱) x 統一-城中,統一(母公司/裸名稱),統一-城中,2026-05-18,6207,2026-05-19,out_of_sample,3472.41,1.1038,3998.79,1.2711,84.8,93.3,83.9,91.434,True,False,-7.8231,False,False
統一(母公司/裸名稱) x 統一-城中,統一(母公司/裸名稱),統一-城中,2026-05-20,2472,2026-05-21,out_of_sample,12138.0,3.3718,12750.0,3.5418,264.5,272.5,266.0,274.89,False,False,-0.5671,False,False
統一(母公司/裸名稱) x 統一-城中,統一(母公司/裸名稱),統一-城中,2026-05-20,2478,2026-05-21,out_of_sample,2806.3,2.9402,3133.35,3.2829,112.5,116.0,116.0,113.68,True,False,-1.0489,False,False
統一(母公司/裸名稱) x 統一-城中,統一(母公司/裸名稱),統一-城中,2026-05-20,3694,2026-05-21,out_of_sample,2128.88,2.4684,2164.48,2.5097,71.2,72.9,71.8,76.734,False,False,-0.8427,False,False
統一(母公司/裸名稱) x 統一-城中,統一(母公司/裸名稱),統一-城中,2026-05-20,4919,2026-05-21,out_of_sample,4339.5,0.9821,9372.0,2.1211,170.0,181.5,181.5,177.87,True,False,-4.6294,False,False
統一(母公司/裸名稱) x 統一-城中,統一(母公司/裸名稱),統一-城中,2026-05-20,6127,2026-05-21,out_of_sample,9086.24,6.5641,1500.48,1.084,52.7,56.6,53.0,56.154,True,False,-6.5541,False,False
統一(母公司/裸名稱) x 統一-城中,統一(母公司/裸名稱),統一-城中,2026-05-21,3037,2026-05-22,out_of_sample,51585.0,1.7729,43440.0,1.4929,932.0,986.0,970.0,975.1,True,False,-4.6245,False,False
統一(母公司/裸名稱) x 統一-城中,統一(母公司/裸名稱),統一-城中,2026-05-21,3443,2026-05-22,out_of_sample,42039.5,2.9373,18740.5,1.3094,5105.0,5195.0,5140.0,5458.6,False,False,-0.6856,False,False
統一(母公司/裸名稱) x 統一-城中,統一(母公司/裸名稱),統一-城中,2026-05-21,6182,2026-05-22,out_of_sample,26540.28,13.3596,4140.36,2.0841,65.5,69.9,69.9,68.502,True,False,-4.5832,False,False
統一(母公司/裸名稱) x 統一-城中,統一(母公司/裸名稱),統一-城中,2026-05-21,6207,2026-05-22,out_of_sample,4266.47,2.6381,2111.06,1.3053,90.0,93.5,89.9,95.55,False,False,0.1111,False,True
統一(母公司/裸名稱) x 統一-城中,統一(母公司/裸名稱),統一-城中,2026-05-22,2344,2026-05-25,out_of_sample,29100.0,1.2271,34125.0,1.439,120.5,133.0,128.5,134.75,False,False,-6.639,False,False
統一(母公司/裸名稱) x 統一-城中,統一(母公司/裸名稱),統一-城中,2026-05-22,2356,2026-05-25,out_of_sample,11679.85,1.6451,10591.0,1.4918,65.4,65.4,65.4,64.092,True,False,2.0,False,True
統一(母公司/裸名稱) x 統一-城中,統一(母公司/裸名稱),統一-城中,2026-05-22,2409,2026-05-25,out_of_sample,48866.64,5.6976,20401.8,2.3787,24.35,24.4,24.4,23.912,True,False,1.7988,False,True
統一(母公司/裸名稱) x 統一-城中,統一(母公司/裸名稱),統一-城中,2026-05-22,2478,2026-05-25,out_of_sample,4768.5,10.1617,5100.0,10.8681,134.0,134.0,120.0,137.2,False,False,10.4478,False,True
統一(母公司/裸名稱) x 統一-城中,統一(母公司/裸名稱),統一-城中,2026-05-22,3711,2026-05-25,out_of_sample,30125.7,1.7511,16830.0,0.9782,598.0,617.0,617.0,604.66,True,False,-1.1137,False,False
統一(母公司/裸名稱) x 統一-城中,統一(母公司/裸名稱),統一-城中,2026-05-22,4577,2026-05-25,out_of_sample,348.4,2.0161,67.0,0.3877,143.0,146.5,139.5,144.06,True,False,-0.7413,False,False
統一(母公司/裸名稱) x 統一-城中,統一(母公司/裸名稱),統一-城中,2026-05-22,6205,2026-05-25,out_of_sample,186.78,0.4902,424.5,1.114,85.5,88.5,86.5,91.434,False,False,-1.1696,False,False
統一(母公司/裸名稱) x 統一-城中,統一(母公司/裸名稱),統一-城中,2026-05-22,6570,2026-05-25,out_of_sample,325.2,9.4426,54.2,1.5738,59.6,59.6,59.6,58.408,True,True,2.0,False,True
統一(母公司/裸名稱) x 統一-城中,統一(母公司/裸名稱),統一-城中,2026-05-25,2353,2026-05-26,out_of_sample,8632.0,2.8356,7559.5,2.4833,34.25,34.25,31.9,35.035,False,False,6.8613,False,True
統一(母公司/裸名稱) x 統一-城中,統一(母公司/裸名稱),統一-城中,2026-05-25,2356,2026-05-26,out_of_sample,14289.9,1.6285,11229.18,1.2797,69.0,69.5,62.6,70.462,False,False,9.2754,False,True
統一(母公司/裸名稱) x 統一-城中,統一(母公司/裸名稱),統一-城中,2026-05-25,2441,2026-05-26,out_of_sample,4317.6,1.3846,4574.6,1.467,130.5,137.5,136.0,138.18,False,False,-4.2146,False,False
統一(母公司/裸名稱) x 統一-城中,統一(母公司/裸名稱),統一-城中,2026-05-25,2454,2026-05-26,out_of_sample,99333.0,5.069,73438.5,3.7476,4375.0,4440.0,4265.0,4571.7,False,False,2.5143,False,True
統一(母公司/裸名稱) x 統一-城中,統一(母公司/裸名稱),統一-城中,2026-05-25,4927,2026-05-26,out_of_sample,1801.29,1.2193,3057.86,2.0699,63.9,65.9,61.2,66.64,False,False,4.2254,False,True
統一(母公司/裸名稱) x 統一-城中,統一(母公司/裸名稱),統一-城中,2026-05-25,6282,2026-05-26,out_of_sample,16929.73,3.2665,10518.77,2.0296,63.6,63.7,62.4,68.012,False,False,1.8868,False,True
統一(母公司/裸名稱) x 統一-城中,統一(母公司/裸名稱),統一-城中,2026-05-26,2472,2026-05-27,out_of_sample,11666.0,2.6774,3499.8,0.8032,337.0,337.5,337.5,330.75,True,False,1.8546,False,True
統一(母公司/裸名稱) x 統一-城中,統一(母公司/裸名稱),統一-城中,2026-05-26,3211,2026-05-27,out_of_sample,12381.6,1.6176,10927.7,1.4277,470.0,492.5,464.0,504.7,False,False,1.2766,False,True
統一(母公司/裸名稱) x 統一-城中,統一(母公司/裸名稱),統一-城中,2026-05-26,5285,2026-05-27,out_of_sample,439.04,0.4905,1630.72,1.8218,92.6,92.7,90.0,96.53,False,False,2.8078,False,True
統一(母公司/裸名稱) x 統一-城中,統一(母公司/裸名稱),統一-城中,2026-05-26,6291,2026-05-27,out_of_sample,2641.5,1.8684,2641.5,1.8684,645.0,645.0,645.0,632.1,True,False,2.0,False,True
統一(母公司/裸名稱) x 統一-城中,統一(母公司/裸名稱),統一-城中,2026-05-27,3481,2026-05-28,out_of_sample,23809.86,0.362,24643.18,0.3747,50.2,52.2,46.4,54.096,False,False,7.5697,False,True
統一(母公司/裸名稱) x 統一-城中,統一(母公司/裸名稱),統一-城中,2026-05-27,8110,2026-05-28,out_of_sample,9332.4,2.2795,5720.64,1.3973,61.9,66.0,62.0,65.268,True,False,-5.441,False,False
統一(母公司/裸名稱) x 統一-城中,統一(母公司/裸名稱),統一-城中,2026-05-28,1319,2026-05-29,out_of_sample,2240.35,6.2091,3070.75,8.5106,95.1,95.1,95.1,93.198,True,False,2.0,False,True
統一(母公司/裸名稱) x 統一-城中,統一(母公司/裸名稱),統一-城中,2026-05-28,2375,2026-05-29,out_of_sample,3827.55,0.8082,6783.0,1.4323,171.5,176.5,166.5,173.95,True,False,-1.4286,False,False
統一(母公司/裸名稱) x 統一-城中,統一(母公司/裸名稱),統一-城中,2026-05-28,2472,2026-05-29,out_of_sample,8904.0,2.612,6529.6,1.9155,404.0,404.0,371.0,399.84,True,False,1.0297,False,True
統一(母公司/裸名稱) x 統一-城中,統一(母公司/裸名稱),統一-城中,2026-05-28,6187,2026-05-29,out_of_sample,41912.0,7.4676,18724.0,3.3361,1225.0,1285.0,1120.0,1332.8,False,False,8.5714,False,True
統一(母公司/裸名稱) x 統一-城中,統一(母公司/裸名稱),統一-城中,2026-05-29,2481,2026-06-01,out_of_sample,24391.25,3.7468,12187.5,1.8721,163.5,163.5,157.0,174.93,False,False,3.9755,False,True
統一(母公司/裸名稱) x 統一-城中,統一(母公司/裸名稱),統一-城中,2026-05-29,3532,2026-06-01,out_of_sample,2488.2,4.9351,733.7,1.4552,350.5,350.5,350.5,343.49,True,True,2.0,False,True
統一(母公司/裸名稱) x 統一-城中,統一(母公司/裸名稱),統一-城中,2026-05-29,5328,2026-06-01,out_of_sample,3306.6,2.9087,3567.96,3.1386,41.7,43.35,39.8,42.679,True,False,-2.3477,False,False
統一(母公司/裸名稱) x 統一-城中,統一(母公司/裸名稱),統一-城中,2026-05-29,6147,2026-06-01,out_of_sample,32108.05,2.701,14358.5,1.2079,313.0,313.5,285.5,329.28,False,False,8.7859,False,True
統一(母公司/裸名稱) x 統一-城中,統一(母公司/裸名稱),統一-城中,2026-05-29,6770,2026-06-01,out_of_sample,21598.45,0.3081,16338.54,0.233,93.2,94.5,87.0,95.55,False,False,6.6524,False,True
統一(母公司/裸名稱) x 統一-城中,統一(母公司/裸名稱),統一-城中,2026-06-01,2328,2026-06-02,out_of_sample,9351.3,5.8367,2836.5,1.7704,64.4,64.5,61.7,65.758,False,False,4.1925,False,True
統一(母公司/裸名稱) x 統一-城中,統一(母公司/裸名稱),統一-城中,2026-06-01,2408,2026-06-02,out_of_sample,81221.35,1.669,41125.7,0.8451,401.0,419.5,419.5,411.11,True,False,-2.5212,False,False
統一(母公司/裸名稱) x 統一-城中,統一(母公司/裸名稱),統一-城中,2026-06-02,2409,2026-06-03,out_of_sample,24222.745,1.3649,16354.21,0.9215,27.5,28.75,28.75,28.175,True,False,-2.4545,False,False
統一(母公司/裸名稱) x 統一-城中,統一(母公司/裸名稱),統一-城中,2026-06-03,1409,2026-06-04,out_of_sample,1530.15,4.9133,1163.52,3.7361,29.95,29.95,27.3,32.634,False,False,8.8481,False,True
統一(母公司/裸名稱) x 統一-城中,統一(母公司/裸名稱),統一-城中,2026-06-03,1504,2026-06-04,out_of_sample,11719.6,1.5052,7777.1,0.9989,83.5,89.6,87.0,89.474,True,False,-7.1545,False,False
統一(母公司/裸名稱) x 統一-城中,統一(母公司/裸名稱),統一-城中,2026-06-03,1608,2026-06-04,out_of_sample,3163.82,2.5044,1903.02,1.5064,38.6,39.4,38.8,42.434,False,False,-0.5181,False,False
統一(母公司/裸名稱) x 統一-城中,統一(母公司/裸名稱),統一-城中,2026-06-03,1609,2026-06-04,out_of_sample,1837.74,1.426,1879.89,1.4587,43.6,44.65,43.0,45.423,False,False,1.3761,False,True
統一(母公司/裸名稱) x 統一-城中,統一(母公司/裸名稱),統一-城中,2026-06-03,2349,2026-06-04,out_of_sample,2107.575,3.7156,1442.195,2.5425,16.0,16.1,14.9,17.395,False,False,6.875,False,True
統一(母公司/裸名稱) x 統一-城中,統一(母公司/裸名稱),統一-城中,2026-06-03,2486,2026-06-04,out_of_sample,8355.0,2.5712,8215.75,2.5283,278.5,286.0,274.5,299.88,False,False,1.4363,False,True
統一(母公司/裸名稱) x 統一-城中,統一(母公司/裸名稱),統一-城中,2026-06-03,3211,2026-06-04,out_of_sample,8955.2,1.2071,4454.4,0.6004,454.0,470.0,454.0,499.8,False,False,0.0,False,False
統一(母公司/裸名稱) x 統一-城中,統一(母公司/裸名稱),統一-城中,2026-06-03,6163,2026-06-04,out_of_sample,1297.24,2.9711,2847.04,6.5206,56.8,59.0,55.5,61.838,False,False,2.2887,False,True
統一(母公司/裸名稱) x 統一-城中,統一(母公司/裸名稱),統一-城中,2026-06-03,6207,2026-06-04,out_of_sample,1088.1,1.0689,6723.9,6.605,142.0,153.0,153.0,149.94,True,False,-5.5915,False,False
統一(母公司/裸名稱) x 統一-城中,統一(母公司/裸名稱),統一-城中,2026-06-04,1514,2026-06-05,out_of_sample,11272.3,4.0182,14247.35,5.0787,145.5,145.5,135.0,160.72,False,False,7.2165,False,True
統一(母公司/裸名稱) x 統一-城中,統一(母公司/裸名稱),統一-城中,2026-06-09,1714,2026-06-10,out_of_sample,357.23,1.7333,13.9,0.0674,14.25,14.7,13.1,14.945,False,False,8.0702,False,True
統一(母公司/裸名稱) x 統一-城中,統一(母公司/裸名稱),統一-城中,2026-06-09,2454,2026-06-10,out_of_sample,77417.5,1.0767,34905.0,0.4855,4315.0,4520.0,4155.0,4821.6,False,False,3.708,False,True
統一(母公司/裸名稱) x 統一-城中,統一(母公司/裸名稱),統一-城中,2026-06-09,3008,2026-06-10,out_of_sample,23310.0,2.7011,37684.5,4.3667,4180.0,4270.0,4130.0,4184.6,True,False,-0.11,False,False
統一(母公司/裸名稱) x 統一-城中,統一(母公司/裸名稱),統一-城中,2026-06-09,3221,2026-06-10,out_of_sample,4766.94,2.6944,792.36,0.4479,63.4,67.9,58.5,68.796,False,False,7.7287,False,True
統一(母公司/裸名稱) x 統一-城中,統一(母公司/裸名稱),統一-城中,2026-06-09,6127,2026-06-10,out_of_sample,11254.34,1.7331,1139.68,0.1755,83.2,91.2,77.0,90.258,True,False,-8.4832,False,False
統一(母公司/裸名稱) x 統一-城中,統一(母公司/裸名稱),統一-城中,2026-06-09,6166,2026-06-10,out_of_sample,398.75,0.9938,770.0,1.9191,137.5,147.5,125.5,147.98,False,False,8.7273,False,True
統一(母公司/裸名稱) x 統一-城中,統一(母公司/裸名稱),統一-城中,2026-06-09,6870,2026-06-10,out_of_sample,422.1,2.8795,512.55,3.4965,301.0,331.5,313.5,324.87,True,False,-7.9302,False,False
統一(母公司/裸名稱) x 統一-城中,統一(母公司/裸名稱),統一-城中,2026-06-09,8150,2026-06-10,out_of_sample,5495.07,1.0001,2992.08,0.5446,92.8,102.0,88.3,102.9,False,False,4.8491,False,True
統一(母公司/裸名稱) x 統一-城中,統一(母公司/裸名稱),統一-城中,2026-06-10,4113,2026-06-11,out_of_sample,183.15,3.3344,198.0,3.6048,16.5,18.15,16.55,17.787,True,False,-7.8,False,False
統一(母公司/裸名稱) x 統一-城中,統一(母公司/裸名稱),統一-城中,2026-06-11,2425,2026-06-12,out_of_sample,98.415,1.8827,105.705,2.0222,40.05,40.05,35.95,39.249,True,False,2.0,False,True
統一(母公司/裸名稱) x 統一-城中,統一(母公司/裸名稱),統一-城中,2026-06-12,2455,2026-06-15,out_of_sample,15065.6,3.5265,10524.8,2.4636,371.0,373.5,369.0,379.26,False,False,0.5391,False,True
統一(母公司/裸名稱) x 統一-城中,統一(母公司/裸名稱),統一-城中,2026-06-12,3026,2026-06-15,out_of_sample,19634.8,10.015,12147.6,6.1961,840.0,840.0,840.0,823.2,True,True,2.0,False,True
統一(母公司/裸名稱) x 統一-城中,統一(母公司/裸名稱),統一-城中,2026-06-15,3357,2026-06-16,out_of_sample,1610.0,0.3608,13427.4,3.0093,335.5,341.5,301.0,346.92,False,False,10.2832,False,True
統一(母公司/裸名稱) x 統一-城中,統一(母公司/裸名稱),統一-城中,2026-06-15,5328,2026-06-16,out_of_sample,4417.595,3.6575,4184.845,3.4648,49.8,51.2,51.2,50.176,True,False,-0.755,False,False
統一(母公司/裸名稱) x 統一-城中,統一(母公司/裸名稱),統一-城中,2026-06-15,6174,2026-06-16,out_of_sample,486.64,2.3359,99.54,0.4778,57.8,59.0,54.9,59.584,False,False,5.0173,False,True
統一(母公司/裸名稱) x 統一-城中,統一(母公司/裸名稱),統一-城中,2026-06-15,8042,2026-06-16,out_of_sample,56.25,0.5228,562.5,5.2278,196.5,206.0,192.5,201.88,True,False,-2.7379,False,False
統一(母公司/裸名稱) x 統一-城中,統一(母公司/裸名稱),統一-城中,2026-06-17,1303,2026-06-18,out_of_sample,11865.7,1.0417,4920.85,0.432,139.0,139.0,139.0,136.22,True,False,2.0,False,True
統一(母公司/裸名稱) x 統一-城中,統一(母公司/裸名稱),統一-城中,2026-06-17,3041,2026-06-18,out_of_sample,501.7,3.3175,95.7,0.6328,29.0,29.8,28.15,31.262,False,False,2.931,False,True
統一(母公司/裸名稱) x 統一-城中,統一(母公司/裸名稱),統一-城中,2026-06-17,5202,2026-06-18,out_of_sample,46.255,3.6333,7.975,0.6264,16.65,17.2,15.8,17.15,True,False,-3.003,False,False
統一(母公司/裸名稱) x 統一-城中,統一(母公司/裸名稱),統一-城中,2026-06-17,5425,2026-06-18,out_of_sample,4590.0,1.0151,4946.4,1.0939,118.5,118.5,118.5,116.13,True,True,2.0,False,True
統一(母公司/裸名稱) x 統一-城中,統一(母公司/裸名稱),統一-城中,2026-06-18,1303,2026-06-22,out_of_sample,13135.5,0.7046,7005.6,0.3758,152.5,152.5,152.5,149.45,True,True,2.0,False,True
統一(母公司/裸名稱) x 統一-城中,統一(母公司/裸名稱),統一-城中,2026-06-18,2327,2026-06-22,out_of_sample,220644.0,2.2539,131868.0,1.347,1115.0,1120.0,1065.0,1161.3,False,False,4.4843,False,True
統一(母公司/裸名稱) x 統一-城中,統一(母公司/裸名稱),統一-城中,2026-06-18,2344,2026-06-22,out_of_sample,70204.05,0.9851,72847.9,1.0222,229.5,233.5,222.0,235.2,False,False,3.268,False,True
統一(母公司/裸名稱) x 統一-城中,統一(母公司/裸名稱),統一-城中,2026-06-18,2481,2026-06-22,out_of_sample,16352.0,8.5476,14240.0,7.4436,176.0,176.0,176.0,172.48,True,True,2.0,False,True
統一(母公司/裸名稱) x 統一-城中,統一(母公司/裸名稱),統一-城中,2026-06-18,3481,2026-06-22,out_of_sample,13736.52,0.2562,74072.88,1.3816,69.4,69.9,66.0,69.384,True,False,0.0231,False,True
統一(母公司/裸名稱) x 統一-城中,統一(母公司/裸名稱),統一-城中,2026-06-18,5425,2026-06-22,out_of_sample,18177.9,10.2413,28037.1,15.7959,130.0,130.0,130.0,127.4,True,True,2.0,False,True
統一(母公司/裸名稱) x 統一-城中,統一(母公司/裸名稱),統一-城中,2026-06-22,2303,2026-06-23,out_of_sample,24832.0,2.3454,135600.0,12.8077,173.0,176.0,170.0,172.48,True,False,0.3006,False,True
統一(母公司/裸名稱) x 統一-城中,統一(母公司/裸名稱),統一-城中,2026-06-22,2408,2026-06-23,out_of_sample,60600.0,1.2622,48227.5,1.0045,488.0,500.0,454.5,543.9,False,False,6.8648,False,True
統一(母公司/裸名稱) x 統一-城中,統一(母公司/裸名稱),統一-城中,2026-06-22,2409,2026-06-23,out_of_sample,4877.72,0.5387,27251.475,3.0098,31.1,33.0,29.05,33.32,False,False,6.5916,False,True
統一(母公司/裸名稱) x 統一-城中,統一(母公司/裸名稱),統一-城中,2026-06-22,3034,2026-06-23,out_of_sample,10489.5,1.6787,4422.6,0.7078,600.0,606.0,544.0,610.54,False,False,9.3333,False,True
統一(母公司/裸名稱) x 統一-城中,統一(母公司/裸名稱),統一-城中,2026-06-22,3189,2026-06-23,out_of_sample,27143.6,1.6968,27939.6,1.7466,780.0,788.0,727.0,857.5,False,False,6.7949,False,True
統一(母公司/裸名稱) x 統一-城中,統一(母公司/裸名稱),統一-城中,2026-06-22,3317,2026-06-23,out_of_sample,436.95,0.5364,3544.15,4.3505,98.5,103.5,92.0,104.37,False,False,6.599,False,True
統一(母公司/裸名稱) x 統一-城中,統一(母公司/裸名稱),統一-城中,2026-06-22,5425,2026-06-23,out_of_sample,2054.0,3.2849,9399.0,15.0317,135.0,143.0,134.0,140.14,True,False,-3.8074,False,False
統一(母公司/裸名稱) x 統一-城中,統一(母公司/裸名稱),統一-城中,2026-06-22,6770,2026-06-23,out_of_sample,24463.68,2.2701,18776.16,1.7423,82.8,86.1,78.6,87.906,False,False,5.0725,False,True
統一(母公司/裸名稱) x 統一-城中,統一(母公司/裸名稱),統一-城中,2026-06-23,3016,2026-06-24,out_of_sample,4620.75,3.6667,12139.0,9.6328,151.5,153.0,137.5,164.15,False,False,9.2409,False,True
統一(母公司/裸名稱) x 統一-城中,統一(母公司/裸名稱),統一-城中,2026-06-25,3037,2026-06-26,out_of_sample,111690.0,3.2496,52224.0,1.5194,1000.0,1090.0,975.0,1097.6,False,False,2.5,False,True
統一(母公司/裸名稱) x 統一-城中,統一(母公司/裸名稱),統一-城中,2026-06-25,8110,2026-06-26,out_of_sample,12090.16,3.3487,3141.04,0.87,63.6,63.9,57.0,68.11,False,False,10.3774,False,True
統一(母公司/裸名稱) x 統一-城中,統一(母公司/裸名稱),統一-城中,2026-06-26,2484,2026-06-29,out_of_sample,18393.6,4.0517,9039.36,1.9912,76.8,77.2,69.2,82.712,False,False,9.8958,False,True
統一(母公司/裸名稱) x 統一-城中,統一(母公司/裸名稱),統一-城中,2026-06-30,2327,2026-07-01,out_of_sample,164730.0,2.5635,72960.0,1.1354,1200.0,1220.0,1140.0,1225.0,False,False,5.0,False,True
統一(母公司/裸名稱) x 統一-城中,統一(母公司/裸名稱),統一-城中,2026-06-30,2352,2026-07-01,out_of_sample,4272.73,3.1367,4115.87,3.0216,34.1,34.75,32.35,36.75,False,False,5.132,False,True
統一(母公司/裸名稱) x 統一-城中,統一(母公司/裸名稱),統一-城中,2026-06-30,3037,2026-07-01,out_of_sample,83139.0,2.3358,15943.0,0.4479,1085.0,1115.0,1040.0,1151.5,False,False,4.1475,False,True
統一(母公司/裸名稱) x 統一-城中,統一(母公司/裸名稱),統一-城中,2026-06-30,3624,2026-07-01,out_of_sample,1113.25,6.2275,228.75,1.2796,163.0,163.0,154.5,164.15,False,False,5.2147,False,True
統一(母公司/裸名稱) x 統一-城中,統一(母公司/裸名稱),統一-城中,2026-06-30,4958,2026-07-01,out_of_sample,38052.0,2.0094,5166.0,0.2728,641.0,659.0,603.0,679.14,False,False,5.9282,False,True
統一(母公司/裸名稱) x 統一-城中,統一(母公司/裸名稱),統一-城中,2026-06-30,5328,2026-07-01,out_of_sample,4315.77,2.0982,5680.89,2.7618,75.8,78.2,78.2,76.636,True,False,-1.1029,False,False
統一(母公司/裸名稱) x 統一-城中,統一(母公司/裸名稱),統一-城中,2026-07-01,2375,2026-07-02,out_of_sample,5208.0,0.7861,9160.5,1.3826,225.5,237.0,217.0,250.39,False,False,3.7694,False,True
統一(母公司/裸名稱) x 統一-城中,統一(母公司/裸名稱),統一-城中,2026-07-01,3563,2026-07-02,out_of_sample,1945.0,5.285,2178.4,5.9192,780.0,838.0,809.0,837.9,True,False,-7.4231,False,False
統一(母公司/裸名稱) x 統一-城中,統一(母公司/裸名稱),統一-城中,2026-07-01,4916,2026-07-02,out_of_sample,1473.75,0.8106,1001.25,0.5507,114.0,116.0,115.0,121.03,False,False,-0.8772,False,False
統一(母公司/裸名稱) x 統一-城中,統一(母公司/裸名稱),統一-城中,2026-07-01,5328,2026-07-02,out_of_sample,1595.28,0.8132,6271.64,3.1968,81.0,84.6,81.9,84.28,True,False,-4.0494,False,False
統一(母公司/裸名稱) x 統一-城中,統一(母公司/裸名稱),統一-城中,2026-07-01,6182,2026-07-02,out_of_sample,17914.5,4.3207,7897.5,1.9048,135.5,148.5,148.5,145.53,True,False,-7.4022,False,False
統一(母公司/裸名稱) x 統一-城中,統一(母公司/裸名稱),統一-城中,2026-07-01,6207,2026-07-02,out_of_sample,6568.8,4.8698,6440.0,4.7743,156.0,172.0,152.0,173.46,False,False,2.5641,False,True
統一(母公司/裸名稱) x 統一-城中,統一(母公司/裸名稱),統一-城中,2026-07-01,8043,2026-07-02,out_of_sample,11118.6,2.6017,10096.2,2.3624,208.0,221.5,197.0,229.32,False,False,5.2885,False,True
統一(母公司/裸名稱) x 統一-城中,統一(母公司/裸名稱),統一-城中,2026-07-02,3289,2026-07-03,out_of_sample,4210.05,2.2985,6286.5,3.4322,189.0,191.0,180.0,205.31,False,False,4.7619,False,True
統一(母公司/裸名稱) x 統一-城中,統一(母公司/裸名稱),統一-城中,2026-07-02,3317,2026-07-03,out_of_sample,2802.24,3.095,2714.67,2.9983,97.3,102.0,96.2,104.86,False,False,1.1305,False,True
統一(母公司/裸名稱) x 統一-城中,統一(母公司/裸名稱),統一-城中,2026-07-02,3661,2026-07-03,out_of_sample,55803.0,2.7353,39649.5,1.9435,4880.0,4890.0,4650.0,5272.4,False,False,4.7131,False,True
統一(母公司/裸名稱) x 統一-城中,統一(母公司/裸名稱),統一-城中,2026-07-02,4989,2026-07-03,out_of_sample,10301.25,4.3522,4140.6,1.7494,99.6,110.5,110.5,108.29,True,False,-8.7249,False,False
統一(母公司/裸名稱) x 統一-城中,統一(母公司/裸名稱),統一-城中,2026-07-02,5484,2026-07-03,out_of_sample,375.44,7.273,54.34,1.0527,48.05,49.3,47.55,53.214,False,False,1.0406,False,True
統一(母公司/裸名稱) x 統一-城中,統一(母公司/裸名稱),統一-城中,2026-07-02,6525,2026-07-03,out_of_sample,316.35,0.5162,549.45,0.8965,163.5,183.0,183.0,179.34,True,False,-9.6881,False,False
統一(母公司/裸名稱) x 統一-城中,統一(母公司/裸名稱),統一-城中,2026-07-02,6548,2026-07-03,out_of_sample,1494.9,1.374,2101.92,1.9319,90.6,93.2,91.6,97.608,False,False,-1.1038,False,False
統一(母公司/裸名稱) x 統一-城中,統一(母公司/裸名稱),統一-城中,2026-07-03,1313,2026-07-06,out_of_sample,2824.25,5.1913,1328.47,2.4419,14.5,14.5,13.55,15.386,False,False,6.5517,False,True
統一(母公司/裸名稱) x 統一-城中,統一(母公司/裸名稱),統一-城中,2026-07-03,3042,2026-07-06,out_of_sample,26643.0,1.2116,24103.2,1.0961,250.0,250.0,224.5,268.03,False,False,10.2,False,True
統一(母公司/裸名稱) x 統一-城中,統一(母公司/裸名稱),統一-城中,2026-07-03,4541,2026-07-06,out_of_sample,795.17,2.1003,242.8,0.6413,63.8,66.7,66.7,65.366,True,False,-2.4545,False,False
統一(母公司/裸名稱) x 統一-城中,統一(母公司/裸名稱),統一-城中,2026-07-03,4991,2026-07-06,out_of_sample,9132.4,3.7948,9132.4,3.7948,578.0,586.0,521.0,622.3,False,False,9.8616,False,True
統一(母公司/裸名稱) x 統一-城中,統一(母公司/裸名稱),統一-城中,2026-07-03,6890,2026-07-06,out_of_sample,402.8,2.766,190.8,1.3102,218.5,233.0,212.5,228.34,True,False,-4.5034,False,False
統一(母公司/裸名稱) x 統一-城中,統一(母公司/裸名稱),統一-城中,2026-07-06,1721,2026-07-07,out_of_sample,583.905,1.8102,877.31,2.7198,27.65,28.45,26.15,31.311,False,False,5.425,False,True
統一(母公司/裸名稱) x 統一-城中,統一(母公司/裸名稱),統一-城中,2026-07-06,6121,2026-07-07,out_of_sample,1496.0,1.9021,1028.5,1.3077,487.0,487.5,447.0,503.72,False,False,8.2136,False,True
統一(母公司/裸名稱) x 統一-城中,統一(母公司/裸名稱),統一-城中,2026-07-06,6957,2026-07-07,out_of_sample,360.4,3.9843,106.0,1.1719,214.0,223.0,207.0,228.34,False,False,3.271,False,True
統一(母公司/裸名稱) x 統一-城中,統一(母公司/裸名稱),統一-城中,2026-07-06,8261,2026-07-07,out_of_sample,7004.8,6.0853,6300.8,5.4737,357.0,380.5,342.0,379.26,True,False,-6.2353,False,False
統一(母公司/裸名稱) x 統一-城中,統一(母公司/裸名稱),統一-城中,2026-07-07,6919,2026-07-08,out_of_sample,3861.0,3.2965,3080.0,2.6297,110.5,111.0,104.5,118.58,False,False,5.4299,False,True
統一(母公司/裸名稱) x 統一-城中,統一(母公司/裸名稱),統一-城中,2026-07-08,4931,2026-07-09,out_of_sample,20508.8,4.5191,7208.0,1.5883,274.5,275.0,255.0,293.02,False,False,7.1038,False,True
統一(母公司/裸名稱) x 統一-城中,統一(母公司/裸名稱),統一-城中,2026-07-08,6182,2026-07-09,out_of_sample,40272.0,1.8856,18544.0,0.8683,161.0,175.0,172.5,172.48,True,False,-7.1304,False,False
統一(母公司/裸名稱) x 統一-城中,統一(母公司/裸名稱),統一-城中,2026-07-09,4949,2026-07-13,out_of_sample,497.7,6.9277,158.0,2.1993,80.5,85.8,80.7,85.162,True,False,-5.7913,False,False
統一(母公司/裸名稱) x 統一-城中,統一(母公司/裸名稱),統一-城中,2026-07-09,6488,2026-07-13,out_of_sample,32940.0,3.5781,30375.0,3.2995,1485.0,1485.0,1485.0,1455.3,True,True,2.0,False,True
統一(母公司/裸名稱) x 統一-城中,統一(母公司/裸名稱),統一-城中,2026-07-09,8042,2026-07-13,out_of_sample,587.4,0.4618,694.2,0.5457,176.5,177.0,160.5,191.59,False,False,9.0652,False,True
統一(母公司/裸名稱) x 統一-城中,統一(母公司/裸名稱),統一-城中,2026-07-13,2305,2026-07-14,out_of_sample,4993.56,49.7784,118.8,1.1843,40.35,40.35,36.95,42.679,False,False,8.4263,False,True
統一(母公司/裸名稱) x 統一-城中,統一(母公司/裸名稱),統一-城中,2026-07-13,5483,2026-07-14,out_of_sample,12431.55,3.5008,18288.5,5.1502,232.5,253.0,253.0,249.41,True,False,-7.2731,False,False
統一(母公司/裸名稱) x 統一-城中,統一(母公司/裸名稱),統一-城中,2026-07-13,6182,2026-07-14,out_of_sample,17263.45,1.2807,17888.8,1.3271,185.0,194.5,186.5,203.84,False,False,-0.8108,False,False
統一(母公司/裸名稱) x 統一-城中,統一(母公司/裸名稱),統一-城中,2026-07-13,6488,2026-07-14,out_of_sample,8910.0,2.8382,9652.5,3.0747,1495.0,1575.0,1515.0,1597.4,False,False,-1.3378,False,False
統一(母公司/裸名稱) x 統一-城中,統一(母公司/裸名稱),統一-城中,2026-07-13,6609,2026-07-14,out_of_sample,411.25,5.6425,109.375,1.5007,43.75,46.3,45.95,47.138,False,False,-5.0286,False,False
統一(母公司/裸名稱) x 統一-城中,統一(母公司/裸名稱),統一-城中,2026-07-15,8046,2026-07-16,out_of_sample,64948.5,2.4338,33818.5,1.2673,1405.0,1415.0,1275.0,1523.9,False,False,9.2527,False,True
統一(母公司/裸名稱) x 統一-城中,統一(母公司/裸名稱),統一-城中,2026-07-16,2484,2026-07-17,out_of_sample,8270.08,2.1488,8601.6,2.2349,86.5,87.4,80.7,96.53,False,False,6.7052,False,True
統一(母公司/裸名稱) x 統一-城中,統一(母公司/裸名稱),統一-城中,2026-07-21,2454,2026-07-22,out_of_sample,81474.0,2.9556,24222.0,0.8787,4000.0,4000.0,3850.0,3954.3,True,False,1.1425,False,True
統一(母公司/裸名稱) x 統一-城中,統一(母公司/裸名稱),統一-城中,2026-07-21,2634,2026-07-22,out_of_sample,3825.25,0.5945,16981.25,2.6393,73.0,75.3,64.4,77.028,False,False,11.7808,False,True
統一(母公司/裸名稱) x 統一-城中,統一(母公司/裸名稱),統一-城中,2026-07-22,2344,2026-07-23,out_of_sample,38115.9,2.3099,43211.7,2.6187,172.0,172.0,161.0,184.24,False,False,6.3953,False,True
統一(母公司/裸名稱) x 統一-城中,統一(母公司/裸名稱),統一-城中,2026-07-22,2408,2026-07-23,out_of_sample,125720.1,4.4596,50564.25,1.7936,452.0,452.0,426.0,480.2,False,False,5.7522,False,True
統一(母公司/裸名稱) x 統一-城中,統一(母公司/裸名稱),統一-城中,2026-07-22,6259,2026-07-23,out_of_sample,149.24,2.2063,61.88,0.9148,37.4,38.6,34.75,39.2,False,False,7.0856,False,True
統一(母公司/裸名稱) x 統一-城中,統一(母公司/裸名稱),統一-城中,2026-07-22,8046,2026-07-23,out_of_sample,34452.0,1.5853,14224.5,0.6546,1280.0,1310.0,1230.0,1406.3,False,False,3.9062,False,True
統一(母公司/裸名稱) x 統一-城中,統一(母公司/裸名稱),統一-城中,2026-07-23,8039,2026-07-24,out_of_sample,32256.0,2.7593,6374.4,0.5453,251.5,257.5,240.0,275.87,False,False,4.5726,False,True
統一(母公司/裸名稱) x 統一-城中,統一(母公司/裸名稱),統一-城中,2026-07-31,2301,2026-08-03,out_of_sample,1985.5,1.0042,3114.1,1.575,229.5,229.5,229.5,224.91,True,True,2.0,False,True
統一(母公司/裸名稱) x 統一-城中,統一(母公司/裸名稱),統一-城中,2026-07-31,2344,2026-08-03,out_of_sample,11440.0,4.1818,13039.0,4.7664,134.0,143.0,143.0,140.14,True,False,-4.5821,False,False
統一(母公司/裸名稱) x 統一-城中,統一(母公司/裸名稱),統一-城中,2026-07-31,2408,2026-08-03,out_of_sample,5804.05,1.9791,22675.45,7.7319,374.5,396.5,396.5,388.57,True,False,-3.757,False,False
統一(母公司/裸名稱) x 統一-城中,統一(母公司/裸名稱),統一-城中,2026-07-31,2449,2026-08-03,out_of_sample,4425.3,2.9487,3508.95,2.3381,234.0,242.5,233.5,240.59,True,False,-2.8162,False,False
統一(母公司/裸名稱) x 統一-城中,統一(母公司/裸名稱),統一-城中,2026-07-31,2454,2026-08-03,out_of_sample,17775.0,1.2398,10665.0,0.7439,3910.0,3910.0,3910.0,3831.8,True,False,2.0,False,True
統一(母公司/裸名稱) x 統一-城中,統一(母公司/裸名稱),統一-城中,2026-07-31,3167,2026-08-03,out_of_sample,1603.8,1.5322,1458.0,1.3929,513.0,534.0,534.0,523.32,True,False,-2.0117,False,False
統一(母公司/裸名稱) x 統一-城中,統一(母公司/裸名稱),統一-城中,2026-07-31,3374,2026-08-03,out_of_sample,1218.8,2.1644,1108.0,1.9676,290.5,304.5,304.5,298.41,True,False,-2.7229,False,False
統一(母公司/裸名稱) x 統一-城中,統一(母公司/裸名稱),統一-城中,2026-07-31,4958,2026-08-03,out_of_sample,8642.15,1.3485,4589.85,0.7162,418.0,443.5,421.5,445.41,False,False,-0.8373,False,False
統一(母公司/裸名稱) x 統一-城中,統一(母公司/裸名稱),統一-城中,2026-07-31,5347,2026-08-03,out_of_sample,14437.95,3.135,3136.05,0.6809,147.5,156.5,151.0,163.17,False,False,-2.3729,False,False
統一(母公司/裸名稱) x 統一-城中,統一(母公司/裸名稱),統一-城中,2026-07-31,6274,2026-08-03,out_of_sample,9546.0,10.1908,4773.0,5.0954,1220.0,1220.0,1220.0,1195.6,True,True,2.0,False,True
統一(母公司/裸名稱) x 統一-城中,統一(母公司/裸名稱),統一-城中,2026-07-31,8110,2026-08-03,out_of_sample,204.05,1.6659,1216.88,9.9348,37.55,40.8,40.8,39.984,True,False,-6.482,False,False
統一(母公司/裸名稱) x 統一-城中,統一(母公司/裸名稱),統一-城中,2026-07-31,8299,2026-08-03,out_of_sample,37556.0,17.4222,22304.0,10.3468,1675.0,1800.0,1760.0,1764.0,True,False,-5.3134,False,False
統一(母公司/裸名稱) x 統一-城中,統一(母公司/裸名稱),統一-城中,2026-08-03,2301,2026-08-04,out_of_sample,10809.45,2.0203,7229.25,1.3512,233.5,252.0,252.0,246.96,True,False,-5.7645,False,False
統一(母公司/裸名稱) x 統一-城中,統一(母公司/裸名稱),統一-城中,2026-08-03,2327,2026-08-04,out_of_sample,21031.2,1.7294,44049.6,3.6222,581.0,583.0,566.0,594.86,False,False,2.5818,False,True
統一(母公司/裸名稱) x 統一-城中,統一(母公司/裸名稱),統一-城中,2026-08-03,2345,2026-08-04,out_of_sample,4203.0,0.4904,14710.5,1.7165,2355.0,2360.0,2320.0,2513.7,False,False,1.4862,False,True
統一(母公司/裸名稱) x 統一-城中,統一(母公司/裸名稱),統一-城中,2026-08-03,3675,2026-08-04,out_of_sample,380.8,9.9014,71.4,1.8565,243.0,261.0,252.5,256.27,True,False,-5.4609,False,False
統一(母公司/裸名稱) x 統一-城中,統一(母公司/裸名稱),統一-城中,2026-08-04,1608,2026-08-05,out_of_sample,595.95,3.0783,356.2,1.8399,33.95,35.5,33.4,36.897,False,False,1.62,False,True
統一(母公司/裸名稱) x 統一-城中,統一(母公司/裸名稱),統一-城中,2026-08-04,2301,2026-08-05,out_of_sample,10987.2,0.6643,27291.6,1.6501,260.0,268.5,249.0,271.46,False,False,4.2308,False,True
統一(母公司/裸名稱) x 統一-城中,統一(母公司/裸名稱),統一-城中,2026-08-04,2344,2026-08-05,out_of_sample,23126.1,1.2499,21681.7,1.1718,167.0,172.5,169.0,169.05,True,False,-1.2275,False,False
統一(母公司/裸名稱) x 統一-城中,統一(母公司/裸名稱),統一-城中,2026-08-04,3081,2026-08-05,out_of_sample,10414.5,16.977,589.5,0.961,2160.0,2160.0,2160.0,2116.8,True,True,2.0,False,True
統一(母公司/裸名稱) x 統一-城中,統一(母公司/裸名稱),統一-城中,2026-08-04,6770,2026-08-05,out_of_sample,28950.17,2.6727,11581.27,1.0692,63.4,66.1,66.1,64.778,True,False,-2.1735,False,False
統一(母公司/裸名稱) x 統一-城中,統一(母公司/裸名稱),統一-城中,2026-08-05,2455,2026-08-06,out_of_sample,15675.2,3.6993,8264.4,1.9504,384.0,402.0,372.0,417.97,False,False,3.125,False,True
統一(母公司/裸名稱) x 統一-城中,統一(母公司/裸名稱),統一-城中,2026-08-05,3105,2026-08-06,out_of_sample,16017.6,14.8818,25981.6,24.1392,378.0,394.0,382.0,405.23,False,False,-1.0582,False,False
統一(母公司/裸名稱) x 統一-城中,統一(母公司/裸名稱),統一-城中,2026-08-05,4958,2026-08-06,out_of_sample,51532.8,4.4255,4489.6,0.3856,486.5,490.0,482.0,525.28,False,False,0.925,False,True
統一(母公司/裸名稱) x 統一-城中,統一(母公司/裸名稱),統一-城中,2026-08-05,6446,2026-08-06,out_of_sample,12148.5,1.8902,6942.0,1.0801,1390.0,1390.0,1290.0,1435.7,False,False,7.1942,False,True
統一(母公司/裸名稱) x 統一-城中,統一(母公司/裸名稱),統一-城中,2026-08-05,6770,2026-08-06,out_of_sample,12849.84,0.8271,34616.57,2.2283,66.4,68.5,66.6,71.246,False,False,-0.3012,False,False
統一(母公司/裸名稱) x 統一-城中,統一(母公司/裸名稱),統一-城中,2026-08-06,2337,2026-08-07,out_of_sample,32443.5,2.1306,18305.1,1.2021,130.5,130.5,121.5,138.67,False,False,6.8966,False,True
統一(母公司/裸名稱) x 統一-城中,統一(母公司/裸名稱),統一-城中,2026-08-06,8996,2026-08-07,out_of_sample,15436.0,3.195,11804.0,2.4433,1080.0,1135.0,1045.0,1220.1,False,False,3.2407,False,True
統一-城中 x 凱基-城中(城中GA本尊),統一-城中,凱基-城中(城中GA本尊),2018-03-14,8201,2018-03-15,in_sample,35.175,5.3751,15.075,2.3036,18.4,18.4,18.4,18.032,True,True,2.0,False,True
統一-城中 x 凱基-城中(城中GA本尊),統一-城中,凱基-城中(城中GA本尊),2018-03-26,3432,2018-03-27,in_sample,36.75,1.424,63.21,2.4492,15.35,15.75,14.05,15.827,False,False,8.4691,False,True
統一-城中 x 凱基-城中(城中GA本尊),統一-城中,凱基-城中(城中GA本尊),2018-04-23,3224,2018-04-24,in_sample,413.44,2.6397,174.42,1.1136,69.9,70.5,61.2,69.58,True,False,0.4578,False,True
統一-城中 x 凱基-城中(城中GA本尊),統一-城中,凱基-城中(城中GA本尊),2018-05-02,8111,2018-05-03,in_sample,152.22,2.7757,125.08,2.2808,12.95,12.95,11.9,12.691,True,False,2.0,False,True
統一-城中 x 凱基-城中(城中GA本尊),統一-城中,凱基-城中(城中GA本尊),2018-06-05,2415,2018-06-06,in_sample,82.5,1.4608,74.25,1.3148,27.0,27.0,25.25,29.645,False,False,6.4815,False,True
統一-城中 x 凱基-城中(城中GA本尊),統一-城中,凱基-城中(城中GA本尊),2018-06-06,2358,2018-06-07,in_sample,266.64,0.8071,757.68,2.2935,26.55,28.9,27.75,28.42,True,False,-7.0433,False,False
統一-城中 x 凱基-城中(城中GA本尊),統一-城中,凱基-城中(城中GA本尊),2020-03-25,6150,2020-03-26,in_sample,14.975,1.9781,110.815,14.6376,30.35,30.9,30.9,32.242,False,False,-1.8122,False,False
統一-城中 x 凱基-城中(城中GA本尊),統一-城中,凱基-城中(城中GA本尊),2020-11-10,2610,2020-11-11,in_sample,858.4,1.1229,2715.8,3.5526,9.17,9.18,9.1,9.947,False,False,0.7634,False,True
統一-城中 x 凱基-城中(城中GA本尊),統一-城中,凱基-城中(城中GA本尊),2021-03-04,4554,2021-03-05,in_sample,13.85,1.484,27.7,2.968,30.45,30.45,30.45,29.841,True,False,2.0,False,True
統一-城中 x 凱基-城中(城中GA本尊),統一-城中,凱基-城中(城中GA本尊),2021-04-26,6438,2021-04-27,in_sample,931.7,1.5133,447.7,0.7272,119.0,119.5,115.5,130.34,False,False,2.9412,False,True
統一-城中 x 凱基-城中(城中GA本尊),統一-城中,凱基-城中(城中GA本尊),2021-05-28,1608,2021-05-31,in_sample,516.275,0.8684,548.375,0.9224,27.95,29.4,28.05,28.812,True,False,-3.0841,False,False
統一-城中 x 凱基-城中(城中GA本尊),統一-城中,凱基-城中(城中GA本尊),2021-11-24,3701,2021-11-25,in_sample,135.2,0.3795,67.6,0.1897,74.3,74.3,74.3,72.814,True,False,2.0,False,True
統一-城中 x 凱基-城中(城中GA本尊),統一-城中,凱基-城中(城中GA本尊),2022-03-17,3532,2022-03-18,in_sample,1775.2,0.7135,1648.4,0.6626,317.0,348.5,347.5,341.53,True,False,-7.7382,False,False
統一-城中 x 凱基-城中(城中GA本尊),統一-城中,凱基-城中(城中GA本尊),2022-07-29,2360,2022-08-01,in_sample,86.0,0.3054,103.2,0.3665,174.5,177.5,175.5,185.22,False,False,-0.5731,False,False
統一-城中 x 凱基-城中(城中GA本尊),統一-城中,凱基-城中(城中GA本尊),2022-10-27,6669,2022-10-28,in_sample,689.0,0.9963,620.1,0.8967,711.0,738.0,734.0,741.86,False,False,-3.2349,False,False
統一-城中 x 凱基-城中(城中GA本尊),統一-城中,凱基-城中(城中GA本尊),2022-10-31,3289,2022-11-01,in_sample,408.2,0.5317,1012.65,1.319,80.6,82.6,81.7,84.574,False,False,-1.3648,False,False
統一-城中 x 凱基-城中(城中GA本尊),統一-城中,凱基-城中(城中GA本尊),2022-10-31,8454,2022-11-01,in_sample,530.75,0.5861,820.25,0.9057,483.5,515.0,489.0,519.4,False,False,-1.1375,False,False
統一-城中 x 凱基-城中(城中GA本尊),統一-城中,凱基-城中(城中GA本尊),2022-11-01,6472,2022-11-02,in_sample,1512.5,0.8082,1936.0,1.0345,304.5,310.0,310.0,325.85,False,False,-1.8062,False,False
統一-城中 x 凱基-城中(城中GA本尊),統一-城中,凱基-城中(城中GA本尊),2022-12-01,5603,2022-12-02,in_sample,210.975,2.5159,38.8,0.4627,23.5,23.8,23.4,26.117,False,False,0.4255,False,True
統一-城中 x 凱基-城中(城中GA本尊),統一-城中,凱基-城中(城中GA本尊),2022-12-01,6568,2022-12-02,in_sample,192.0,1.1339,64.0,0.378,163.5,176.0,176.0,172.48,True,False,-5.4924,False,False
統一-城中 x 凱基-城中(城中GA本尊),統一-城中,凱基-城中(城中GA本尊),2022-12-16,9103,2022-12-19,in_sample,793.8,24.7364,40.068,1.2486,8.23,8.31,8.31,8.1438,True,False,1.0474,False,True
統一-城中 x 凱基-城中(城中GA本尊),統一-城中,凱基-城中(城中GA本尊),2023-07-19,5474,2023-07-20,in_sample,158.0,0.7198,158.0,0.7198,171.5,171.5,152.0,170.03,True,False,0.8571,False,True
統一-城中 x 凱基-城中(城中GA本尊),統一-城中,凱基-城中(城中GA本尊),2023-10-03,3006,2023-10-04,in_sample,3816.0,1.8997,4986.0,2.4821,87.4,89.4,86.7,97.02,False,False,0.8009,False,True
統一-城中 x 凱基-城中(城中GA本尊),統一-城中,凱基-城中(城中GA本尊),2023-10-03,6585,2023-10-04,in_sample,1147.5,2.7084,1530.0,3.6112,127.0,129.5,124.0,137.2,False,False,2.3622,False,True
統一-城中 x 凱基-城中(城中GA本尊),統一-城中,凱基-城中(城中GA本尊),2023-10-04,3122,2023-10-05,in_sample,1176.4,0.8674,1414.275,1.0428,46.5,47.55,45.45,46.599,True,False,-0.2129,False,False
統一-城中 x 凱基-城中(城中GA本尊),統一-城中,凱基-城中(城中GA本尊),2023-10-04,3669,2023-10-05,in_sample,584.1,1.6066,642.51,1.7672,53.5,54.5,53.6,57.232,False,False,-0.1869,False,False
統一-城中 x 凱基-城中(城中GA本尊),統一-城中,凱基-城中(城中GA本尊),2023-10-05,3276,2023-10-06,in_sample,301.92,1.9989,435.12,2.8808,23.0,24.3,22.25,23.912,True,False,-3.9652,False,False
統一-城中 x 凱基-城中(城中GA本尊),統一-城中,凱基-城中(城中GA本尊),2023-10-06,1339,2023-10-11,in_sample,384.54,1.6686,510.51,2.2152,69.0,69.8,63.0,71.442,False,False,8.6957,False,True
統一-城中 x 凱基-城中(城中GA本尊),統一-城中,凱基-城中(城中GA本尊),2023-10-06,6530,2023-10-11,in_sample,576.84,2.1252,1015.74,3.7422,44.05,44.5,38.95,45.031,False,False,11.5778,False,True
統一-城中 x 凱基-城中(城中GA本尊),統一-城中,凱基-城中(城中GA本尊),2023-10-12,6284,2023-10-13,in_sample,973.0,1.375,1584.6,2.2393,70.1,73.6,68.3,74.872,False,False,2.5678,False,True
統一-城中 x 凱基-城中(城中GA本尊),統一-城中,凱基-城中(城中GA本尊),2023-10-12,8227,2023-10-13,in_sample,1321.6,1.1505,2478.0,2.1571,208.0,215.5,214.0,222.46,False,False,-2.8846,False,False
統一-城中 x 凱基-城中(城中GA本尊),統一-城中,凱基-城中(城中GA本尊),2023-10-13,4503,2023-10-16,in_sample,699.6,1.2625,1168.2,2.1081,67.4,69.4,65.2,71.148,False,False,3.2641,False,True
統一-城中 x 凱基-城中(城中GA本尊),統一-城中,凱基-城中(城中GA本尊),2023-10-13,5215,2023-10-16,in_sample,692.64,1.7626,1245.42,3.1693,67.5,72.8,67.0,71.736,True,False,-6.2756,False,False
統一-城中 x 凱基-城中(城中GA本尊),統一-城中,凱基-城中(城中GA本尊),2023-10-16,8054,2023-10-17,in_sample,717.5,2.1204,1242.3,3.6714,44.55,44.55,41.8,44.198,True,False,0.7901,False,True
統一-城中 x 凱基-城中(城中GA本尊),統一-城中,凱基-城中(城中GA本尊),2023-10-17,6168,2023-10-18,in_sample,917.0,1.6818,1231.4,2.2585,26.65,28.4,26.9,28.224,True,False,-5.9062,False,False
統一-城中 x 凱基-城中(城中GA本尊),統一-城中,凱基-城中(城中GA本尊),2023-10-18,6530,2023-10-19,in_sample,753.48,1.0202,1250.34,1.6929,55.0,60.0,57.0,58.8,True,False,-6.9091,False,False
統一-城中 x 凱基-城中(城中GA本尊),統一-城中,凱基-城中(城中GA本尊),2023-10-19,3041,2023-10-20,in_sample,1164.435,1.8306,1146.555,1.8025,24.45,24.55,24.55,24.059,True,False,1.5992,False,True
統一-城中 x 凱基-城中(城中GA本尊),統一-城中,凱基-城中(城中GA本尊),2023-10-19,3122,2023-10-20,in_sample,761.25,2.4172,1308.125,4.1538,46.65,47.8,42.3,47.138,True,False,-1.0461,False,False
統一-城中 x 凱基-城中(城中GA本尊),統一-城中,凱基-城中(城中GA本尊),2023-10-20,2369,2023-10-23,in_sample,468.7,0.5616,1204.0,1.4426,22.75,23.65,23.65,23.177,True,False,-1.8769,False,False
統一-城中 x 凱基-城中(城中GA本尊),統一-城中,凱基-城中(城中GA本尊),2023-10-20,5215,2023-10-23,in_sample,635.1,1.2067,1474.6,2.8017,76.0,76.8,74.2,78.694,False,False,2.3684,False,True
統一-城中 x 凱基-城中(城中GA本尊),統一-城中,凱基-城中(城中GA本尊),2023-10-23,2369,2023-10-24,in_sample,444.62,0.5176,522.665,0.6084,25.4,25.9,23.55,25.48,True,False,-0.315,False,False
統一-城中 x 凱基-城中(城中GA本尊),統一-城中,凱基-城中(城中GA本尊),2023-10-23,8110,2023-10-24,in_sample,193.7,0.7359,601.96,2.2869,15.8,16.35,16.35,16.023,True,False,-1.4114,False,False
統一-城中 x 凱基-城中(城中GA本尊),統一-城中,凱基-城中(城中GA本尊),2023-10-24,8110,2023-10-25,in_sample,351.525,0.7923,768.45,1.732,16.8,17.1,16.75,17.591,False,False,0.2976,False,True
統一-城中 x 凱基-城中(城中GA本尊),統一-城中,凱基-城中(城中GA本尊),2023-10-27,6216,2023-10-30,in_sample,443.68,1.7757,902.4,3.6116,40.05,40.1,36.55,40.523,False,False,8.7391,False,True
統一-城中 x 凱基-城中(城中GA本尊),統一-城中,凱基-城中(城中GA本尊),2023-10-31,8086,2023-11-01,in_sample,1923.75,1.2343,10406.25,6.6767,112.0,114.5,112.5,121.03,False,False,-0.4464,False,False
統一-城中 x 凱基-城中(城中GA本尊),統一-城中,凱基-城中(城中GA本尊),2023-11-02,8227,2023-11-03,in_sample,1142.1,1.4284,2326.5,2.9098,212.5,216.0,202.0,227.85,False,False,4.9412,False,True
統一-城中 x 凱基-城中(城中GA本尊),統一-城中,凱基-城中(城中GA本尊),2023-11-06,3548,2023-11-07,in_sample,1596.2,1.0243,3903.75,2.5051,177.0,183.5,180.0,186.69,False,False,-1.6949,False,False
統一-城中 x 凱基-城中(城中GA本尊),統一-城中,凱基-城中(城中GA本尊),2023-11-07,6117,2023-11-08,in_sample,1030.0,0.9195,2240.25,2.0,54.4,54.9,52.1,55.468,False,False,4.2279,False,True
統一-城中 x 凱基-城中(城中GA本尊),統一-城中,凱基-城中(城中GA本尊),2023-11-08,3122,2023-11-09,in_sample,991.98,1.2224,2099.19,2.5868,51.7,52.2,47.25,53.998,False,False,8.6074,False,True
統一-城中 x 凱基-城中(城中GA本尊),統一-城中,凱基-城中(城中GA本尊),2023-11-14,3276,2023-11-15,in_sample,409.64,1.4052,790.02,2.71,28.0,28.6,27.8,28.665,False,False,0.7143,False,True
統一-城中 x 凱基-城中(城中GA本尊),統一-城中,凱基-城中(城中GA本尊),2023-11-15,2543,2023-11-16,in_sample,317.975,1.2512,669.13,2.633,29.9,30.4,30.4,29.792,True,False,0.3612,False,True
統一-城中 x 凱基-城中(城中GA本尊),統一-城中,凱基-城中(城中GA本尊),2023-11-15,6667,2023-11-16,in_sample,739.2,1.0592,1478.4,2.1184,95.2,97.2,93.0,99.47,False,False,2.3109,False,True
統一-城中 x 凱基-城中(城中GA本尊),統一-城中,凱基-城中(城中GA本尊),2023-11-16,6243,2023-11-17,in_sample,613.0,1.4256,4291.0,9.9792,63.5,67.4,67.4,66.052,True,False,-4.0189,False,False
統一-城中 x 凱基-城中(城中GA本尊),統一-城中,凱基-城中(城中GA本尊),2023-11-17,2355,2023-11-20,in_sample,4646.34,2.666,7016.16,4.0258,48.5,51.3,51.3,50.274,True,False,-3.6577,False,False
統一-城中 x 凱基-城中(城中GA本尊),統一-城中,凱基-城中(城中GA本尊),2023-11-17,2736,2023-11-20,in_sample,990.495,3.0617,626.98,1.9381,32.6,33.15,31.8,35.917,False,False,2.454,False,True
統一-城中 x 凱基-城中(城中GA本尊),統一-城中,凱基-城中(城中GA本尊),2023-11-20,3005,2023-11-21,in_sample,2706.4,1.3421,6974.95,3.4589,101.0,109.0,109.0,106.82,True,False,-5.7624,False,False
統一-城中 x 凱基-城中(城中GA本尊),統一-城中,凱基-城中(城中GA本尊),2023-11-20,6127,2023-11-21,in_sample,1024.315,2.3963,2045.695,4.7857,30.6,30.7,29.35,31.605,False,False,4.085,False,True
統一-城中 x 凱基-城中(城中GA本尊),統一-城中,凱基-城中(城中GA本尊),2023-11-20,6233,2023-11-21,in_sample,1003.45,4.295,875.35,3.7467,31.95,33.55,30.7,32.879,True,False,-2.9077,False,False
統一-城中 x 凱基-城中(城中GA本尊),統一-城中,凱基-城中(城中GA本尊),2023-11-20,6237,2023-11-21,in_sample,2088.23,1.9235,1689.93,1.5566,59.5,60.2,58.1,61.25,False,False,2.3529,False,True
統一-城中 x 凱基-城中(城中GA本尊),統一-城中,凱基-城中(城中GA本尊),2023-11-22,3362,2023-11-23,in_sample,5197.5,2.1618,13107.5,5.4517,178.0,186.5,182.5,188.65,False,False,-2.5281,False,False
統一-城中 x 凱基-城中(城中GA本尊),統一-城中,凱基-城中(城中GA本尊),2023-11-22,3530,2023-11-23,in_sample,2428.2,6.8795,2002.2,5.6726,109.0,117.0,117.0,114.66,True,False,-5.1927,False,False
統一-城中 x 凱基-城中(城中GA本尊),統一-城中,凱基-城中(城中GA本尊),2023-11-22,3694,2023-11-23,in_sample,1578.6,3.6409,3928.96,9.0618,46.5,47.55,45.0,47.236,True,False,-1.5828,False,False
統一-城中 x 凱基-城中(城中GA本尊),統一-城中,凱基-城中(城中GA本尊),2023-11-22,6243,2023-11-23,in_sample,2797.34,2.9406,6551.86,6.8874,76.2,78.7,72.4,79.968,False,False,4.9869,False,True
統一-城中 x 凱基-城中(城中GA本尊),統一-城中,凱基-城中(城中GA本尊),2023-11-23,3530,2023-11-24,in_sample,631.8,0.9486,2761.2,4.1456,119.5,121.0,118.0,125.93,False,False,1.2552,False,True
統一-城中 x 凱基-城中(城中GA本尊),統一-城中,凱基-城中(城中GA本尊),2023-11-23,8442,2023-11-24,in_sample,331.65,1.9989,743.7,4.4824,105.5,108.5,105.5,108.29,True,False,-2.6445,False,False
統一-城中 x 凱基-城中(城中GA本尊),統一-城中,凱基-城中(城中GA本尊),2023-11-24,8086,2023-11-27,in_sample,5740.7,2.7572,7102.9,3.4114,148.0,148.0,125.5,149.45,False,False,15.2027,False,True
統一-城中 x 凱基-城中(城中GA本尊),統一-城中,凱基-城中(城中GA本尊),2023-11-28,4945,2023-11-29,in_sample,2313.52,4.2161,2904.0,5.2922,100.0,104.5,98.3,103.88,True,False,-3.88,False,False
統一-城中 x 凱基-城中(城中GA本尊),統一-城中,凱基-城中(城中GA本尊),2023-11-28,6243,2023-11-29,in_sample,2719.52,2.034,2837.76,2.1224,74.8,78.3,77.8,79.576,False,False,-4.0107,False,False
統一-城中 x 凱基-城中(城中GA本尊),統一-城中,凱基-城中(城中GA本尊),2023-11-29,6117,2023-11-30,in_sample,2691.14,2.8083,2769.96,2.8905,58.6,61.9,61.9,60.662,True,False,-3.5188,False,False
統一-城中 x 凱基-城中(城中GA本尊),統一-城中,凱基-城中(城中GA本尊),2023-11-30,1582,2023-12-01,in_sample,3218.4,2.9346,3888.9,3.546,90.0,97.4,92.1,96.334,True,False,-7.0378,False,False
統一-城中 x 凱基-城中(城中GA本尊),統一-城中,凱基-城中(城中GA本尊),2023-11-30,5432,2023-12-01,in_sample,636.0,9.5217,74.2,1.1109,110.0,110.5,99.2,114.17,False,False,9.8182,False,True
統一-城中 x 凱基-城中(城中GA本尊),統一-城中,凱基-城中(城中GA本尊),2023-11-30,6693,2023-12-01,in_sample,361.63,3.149,378.45,3.2955,86.3,88.4,82.7,90.65,False,False,4.1715,False,True
統一-城中 x 凱基-城中(城中GA本尊),統一-城中,凱基-城中(城中GA本尊),2023-12-01,2641,2023-12-04,in_sample,399.99,0.5747,1802.97,2.5907,22.0,22.1,22.1,21.658,True,False,1.5545,False,True
統一-城中 x 凱基-城中(城中GA本尊),統一-城中,凱基-城中(城中GA本尊),2023-12-01,4909,2023-12-04,in_sample,1084.05,2.3863,1333.53,2.9355,31.0,32.1,30.0,31.997,True,False,-3.2161,False,False
統一-城中 x 凱基-城中(城中GA本尊),統一-城中,凱基-城中(城中GA本尊),2023-12-01,6117,2023-12-04,in_sample,1162.8,0.3654,5270.0,1.6559,73.5,74.6,69.0,73.304,True,False,0.2667,False,True
統一-城中 x 凱基-城中(城中GA本尊),統一-城中,凱基-城中(城中GA本尊),2023-12-04,2605,2023-12-05,in_sample,4603.34,3.497,2528.3,1.9207,28.0,28.8,28.8,28.224,True,False,-0.8,False,False
統一-城中 x 凱基-城中(城中GA本尊),統一-城中,凱基-城中(城中GA本尊),2023-12-04,2612,2023-12-05,in_sample,2845.68,4.6778,1704.0,2.8011,60.2,62.4,56.4,61.152,True,False,-1.5814,False,False
統一-城中 x 凱基-城中(城中GA本尊),統一-城中,凱基-城中(城中GA本尊),2023-12-04,2617,2023-12-05,in_sample,3213.315,5.074,1725.08,2.724,37.5,38.15,36.05,38.073,True,False,-1.528,False,False
統一-城中 x 凱基-城中(城中GA本尊),統一-城中,凱基-城中(城中GA本尊),2023-12-04,6143,2023-12-05,in_sample,5510.5,3.8125,3131.2,2.1664,103.0,105.0,103.0,110.74,False,False,0.0,False,False
統一-城中 x 凱基-城中(城中GA本尊),統一-城中,凱基-城中(城中GA本尊),2023-12-04,6194,2023-12-05,in_sample,2190.98,9.6471,1082.5,4.7664,45.6,46.2,41.5,46.648,False,False,8.9912,False,True
統一-城中 x 凱基-城中(城中GA本尊),統一-城中,凱基-城中(城中GA本尊),2023-12-05,1503,2023-12-06,in_sample,4087.0,1.4399,2440.0,0.8597,125.0,133.5,130.5,131.32,True,False,-5.056,False,False
統一-城中 x 凱基-城中(城中GA本尊),統一-城中,凱基-城中(城中GA本尊),2023-12-05,1514,2023-12-06,in_sample,8238.25,1.751,4642.25,0.9867,79.0,82.4,78.7,83.496,False,False,0.3797,False,True
統一-城中 x 凱基-城中(城中GA本尊),統一-城中,凱基-城中(城中GA本尊),2023-12-05,6117,2023-12-06,in_sample,6831.0,4.0564,789.36,0.4687,80.8,82.2,77.0,81.732,True,False,-1.1535,False,False
統一-城中 x 凱基-城中(城中GA本尊),統一-城中,凱基-城中(城中GA本尊),2023-12-06,3041,2023-12-07,in_sample,5921.575,4.7033,3297.965,2.6194,34.5,35.45,32.5,36.162,False,False,5.7971,False,True
統一-城中 x 凱基-城中(城中GA本尊),統一-城中,凱基-城中(城中GA本尊),2023-12-06,4561,2023-12-07,in_sample,868.175,4.4962,423.5,2.1933,43.25,46.05,42.65,45.619,True,False,-5.4775,False,False
統一-城中 x 凱基-城中(城中GA本尊),統一-城中,凱基-城中(城中GA本尊),2023-12-06,6233,2023-12-07,in_sample,1522.725,2.1065,1834.98,2.5385,39.75,40.75,37.95,41.552,False,False,4.5283,False,True
統一-城中 x 凱基-城中(城中GA本尊),統一-城中,凱基-城中(城中GA本尊),2023-12-06,6243,2023-12-07,in_sample,4767.4,4.2557,2750.12,2.4549,80.0,80.1,73.2,84.868,False,False,8.5,False,True
統一-城中 x 凱基-城中(城中GA本尊),統一-城中,凱基-城中(城中GA本尊),2023-12-06,6695,2023-12-07,in_sample,1168.2,3.209,616.55,1.6936,64.2,65.4,60.8,69.874,False,False,5.296,False,True
統一-城中 x 凱基-城中(城中GA本尊),統一-城中,凱基-城中(城中GA本尊),2023-12-06,8054,2023-12-07,in_sample,6811.0,3.3113,3726.59,1.8118,101.0,103.0,95.3,104.86,False,False,5.6436,False,True
統一-城中 x 凱基-城中(城中GA本尊),統一-城中,凱基-城中(城中GA本尊),2023-12-11,1591,2023-12-12,in_sample,299.5,0.9284,796.67,2.4696,63.9,65.8,59.4,64.484,True,False,-0.9139,False,False
統一-城中 x 凱基-城中(城中GA本尊),統一-城中,凱基-城中(城中GA本尊),2023-12-11,5426,2023-12-12,in_sample,1063.81,2.4288,1022.01,2.3333,21.8,22.95,22.95,22.491,True,False,-3.1697,False,False
統一-城中 x 凱基-城中(城中GA本尊),統一-城中,凱基-城中(城中GA本尊),2023-12-11,5521,2023-12-12,in_sample,1960.11,3.9494,685.125,1.3804,13.25,14.1,13.5,14.063,True,False,-6.1358,False,False
統一-城中 x 凱基-城中(城中GA本尊),統一-城中,凱基-城中(城中GA本尊),2023-12-11,8112,2023-12-12,in_sample,3394.51,0.8555,2786.64,0.7023,70.0,71.5,68.9,73.598,False,False,1.5714,False,True
統一-城中 x 凱基-城中(城中GA本尊),統一-城中,凱基-城中(城中GA本尊),2023-12-13,2365,2023-12-14,in_sample,2389.5,7.1183,697.675,2.0784,15.45,15.7,14.65,15.876,False,False,5.178,False,True
統一-城中 x 凱基-城中(城中GA本尊),統一-城中,凱基-城中(城中GA本尊),2023-12-13,3390,2023-12-14,in_sample,1442.11,5.604,1210.91,4.7056,31.0,31.75,29.05,31.115,True,False,-0.371,False,False
統一-城中 x 凱基-城中(城中GA本尊),統一-城中,凱基-城中(城中GA本尊),2023-12-15,2031,2023-12-18,in_sample,2707.2,2.91,1398.72,1.5035,58.0,58.5,58.0,60.76,False,False,0.0,False,False
統一-城中 x 凱基-城中(城中GA本尊),統一-城中,凱基-城中(城中GA本尊),2023-12-19,1325,2023-12-20,in_sample,678.11,3.6588,796.575,4.298,44.5,44.9,44.9,44.002,True,False,1.1191,False,True
統一-城中 x 凱基-城中(城中GA本尊),統一-城中,凱基-城中(城中GA本尊),2023-12-19,1732,2023-12-20,in_sample,1088.19,4.5525,1235.85,5.1702,34.5,35.3,35.3,34.594,True,False,-0.2725,False,False
統一-城中 x 凱基-城中(城中GA本尊),統一-城中,凱基-城中(城中GA本尊),2023-12-20,1325,2023-12-21,in_sample,1477.21,7.9066,1535.58,8.219,48.85,49.35,40.85,48.363,True,False,0.9969,False,True
統一-城中 x 凱基-城中(城中GA本尊),統一-城中,凱基-城中(城中GA本尊),2023-12-20,1732,2023-12-21,in_sample,1514.37,2.6386,480.08,0.8365,36.45,38.4,33.1,38.024,True,False,-4.3182,False,False
統一-城中 x 凱基-城中(城中GA本尊),統一-城中,凱基-城中(城中GA本尊),2023-12-22,2421,2023-12-25,in_sample,2459.2,0.6577,9614.2,2.5713,110.0,111.0,105.0,114.17,False,False,4.5455,False,True
統一-城中 x 凱基-城中(城中GA本尊),統一-城中,凱基-城中(城中GA本尊),2023-12-22,6117,2023-12-25,in_sample,3041.98,2.9353,3542.46,3.4182,81.0,84.2,77.5,84.28,False,False,4.321,False,True
統一-城中 x 凱基-城中(城中GA本尊),統一-城中,凱基-城中(城中GA本尊),2023-12-22,8088,2023-12-25,in_sample,1443.295,2.6853,1817.305,3.3812,49.9,51.0,45.0,51.646,False,False,9.8196,False,True
統一-城中 x 凱基-城中(城中GA本尊),統一-城中,凱基-城中(城中GA本尊),2023-12-26,1733,2023-12-27,in_sample,1407.45,4.0815,1509.81,4.3783,44.1,44.45,39.3,45.962,False,False,10.8844,False,True
統一-城中 x 凱基-城中(城中GA本尊),統一-城中,凱基-城中(城中GA本尊),2023-12-27,3376,2023-12-28,in_sample,1415.1,0.7995,1642.05,0.9277,137.0,139.5,129.0,143.57,False,False,5.8394,False,True
統一-城中 x 凱基-城中(城中GA本尊),統一-城中,凱基-城中(城中GA本尊),2023-12-28,1503,2023-12-29,in_sample,3526.55,1.6148,2484.9,1.1378,127.0,128.0,118.5,135.24,False,False,6.6929,False,True
統一-城中 x 凱基-城中(城中GA本尊),統一-城中,凱基-城中(城中GA本尊),2024-01-02,3390,2024-01-03,in_sample,1049.75,2.0945,1227.4,2.449,32.6,35.5,31.95,34.79,True,False,-6.7178,False,False
統一-城中 x 凱基-城中(城中GA本尊),統一-城中,凱基-城中(城中GA本尊),2024-01-02,5223,2024-01-03,in_sample,516.45,5.276,610.35,6.2353,47.5,49.45,47.0,50.568,False,False,1.0526,False,True
統一-城中 x 凱基-城中(城中GA本尊),統一-城中,凱基-城中(城中GA本尊),2024-01-02,6108,2024-01-03,in_sample,646.25,4.037,705.0,4.4041,23.4,24.0,22.9,25.333,False,False,2.1368,False,True
統一-城中 x 凱基-城中(城中GA本尊),統一-城中,凱基-城中(城中GA本尊),2024-01-02,6113,2024-01-03,in_sample,1100.295,3.1153,1433.25,4.0579,23.5,24.25,24.25,23.765,True,False,-1.1277,False,False
統一-城中 x 凱基-城中(城中GA本尊),統一-城中,凱基-城中(城中GA本尊),2024-01-03,6140,2024-01-04,in_sample,1116.9,1.9966,1494.675,2.6719,33.15,34.7,29.6,35.378,False,False,10.7089,False,True
統一-城中 x 凱基-城中(城中GA本尊),統一-城中,凱基-城中(城中GA本尊),2024-01-03,9919,2024-01-04,in_sample,1592.25,3.2577,1875.96,3.8381,30.0,31.5,29.6,31.164,True,False,-3.88,False,False
統一-城中 x 凱基-城中(城中GA本尊),統一-城中,凱基-城中(城中GA本尊),2024-01-05,5225,2024-01-08,in_sample,2333.55,5.3088,2573.25,5.8541,73.5,74.5,71.1,75.95,False,False,3.2653,False,True
統一-城中 x 凱基-城中(城中GA本尊),統一-城中,凱基-城中(城中GA本尊),2024-01-08,4956,2024-01-09,in_sample,661.65,3.9277,779.945,4.6299,21.3,22.05,22.05,21.609,True,False,-1.4507,False,False
統一-城中 x 凱基-城中(城中GA本尊),統一-城中,凱基-城中(城中GA本尊),2024-01-10,6140,2024-01-11,in_sample,557.72,0.4727,2425.7,2.0557,42.0,42.0,42.0,41.16,True,False,2.0,False,True
統一-城中 x 凱基-城中(城中GA本尊),統一-城中,凱基-城中(城中GA本尊),2024-01-10,8096,2024-01-11,in_sample,1003.59,0.9714,1967.945,1.9048,21.35,22.7,22.7,22.246,True,False,-4.1967,False,False
統一-城中 x 凱基-城中(城中GA本尊),統一-城中,凱基-城中(城中GA本尊),2024-01-11,4909,2024-01-12,in_sample,1143.0,1.3987,2446.02,2.9932,39.5,40.75,38.35,41.062,False,False,2.9114,False,True
統一-城中 x 凱基-城中(城中GA本尊),統一-城中,凱基-城中(城中GA本尊),2024-01-15,4909,2024-01-16,in_sample,1357.23,1.3326,619.605,0.6084,42.15,42.9,42.7,45.423,False,False,-1.3049,False,False
統一-城中 x 凱基-城中(城中GA本尊),統一-城中,凱基-城中(城中GA本尊),2024-01-16,1528,2024-01-17,in_sample,440.8,0.9336,749.36,1.5872,15.7,15.8,14.35,16.366,False,False,8.5987,False,True
統一-城中 x 凱基-城中(城中GA本尊),統一-城中,凱基-城中(城中GA本尊),2024-01-16,6243,2024-01-17,in_sample,7316.08,1.8033,3418.24,0.8425,88.5,90.4,83.2,93.982,False,False,5.9887,False,True
統一-城中 x 凱基-城中(城中GA本尊),統一-城中,凱基-城中(城中GA本尊),2024-01-17,5426,2024-01-18,in_sample,1626.75,1.2602,3489.75,2.7033,34.9,35.5,35.1,36.358,False,False,-0.5731,False,False
統一-城中 x 凱基-城中(城中GA本尊),統一-城中,凱基-城中(城中GA本尊),2024-01-19,3623,2024-01-22,in_sample,782.92,1.5243,1514.78,2.9491,46.8,46.8,40.45,45.864,True,False,2.0,False,True
統一-城中 x 凱基-城中(城中GA本尊),統一-城中,凱基-城中(城中GA本尊),2024-01-22,6237,2024-01-23,in_sample,1148.73,1.8854,2531.1,4.1543,65.6,71.3,71.3,69.874,True,False,-6.5152,False,False
統一-城中 x 凱基-城中(城中GA本尊),統一-城中,凱基-城中(城中GA本尊),2024-01-24,4909,2024-01-25,in_sample,2095.72,0.9879,3751.0,1.7681,48.75,51.4,45.7,52.136,False,False,6.2564,False,True
統一-城中 x 凱基-城中(城中GA本尊),統一-城中,凱基-城中(城中GA本尊),2024-01-25,3623,2024-01-26,in_sample,863.675,1.9103,1843.15,4.0768,50.0,51.0,44.3,51.94,False,False,11.4,False,True
統一-城中 x 凱基-城中(城中GA本尊),統一-城中,凱基-城中(城中GA本尊),2024-02-16,2365,2024-02-19,in_sample,1417.84,0.7186,421.52,0.2136,25.0,25.95,24.45,25.774,True,False,-3.096,False,False
統一-城中 x 凱基-城中(城中GA本尊),統一-城中,凱基-城中(城中GA本尊),2024-02-16,2369,2024-02-19,in_sample,2096.26,1.1868,5153.54,2.9177,29.0,30.75,28.4,30.282,True,False,-4.4207,False,False
統一-城中 x 凱基-城中(城中GA本尊),統一-城中,凱基-城中(城中GA本尊),2024-02-16,5284,2024-02-19,in_sample,1072.6,0.7312,3165.9,2.1583,181.5,181.5,175.0,186.2,False,False,3.5813,False,True
統一-城中 x 凱基-城中(城中GA本尊),統一-城中,凱基-城中(城中GA本尊),2024-02-16,5443,2024-02-19,in_sample,424.705,1.2639,121.945,0.3629,43.8,44.65,44.0,45.325,False,False,-0.4566,False,False
統一-城中 x 凱基-城中(城中GA本尊),統一-城中,凱基-城中(城中GA本尊),2024-02-20,1316,2024-02-21,in_sample,897.92,1.1533,2410.4,3.096,18.8,19.2,18.1,19.796,False,False,3.7234,False,True
統一-城中 x 凱基-城中(城中GA本尊),統一-城中,凱基-城中(城中GA本尊),2024-02-20,3055,2024-02-21,in_sample,1457.28,1.6428,2434.32,2.7443,85.6,88.7,84.2,89.18,False,False,1.6355,False,True
統一-城中 x 凱基-城中(城中GA本尊),統一-城中,凱基-城中(城中GA本尊),2024-02-20,6164,2024-02-21,in_sample,315.62,0.8518,825.75,2.2287,18.35,18.35,17.25,19.747,False,False,5.9946,False,True
統一-城中 x 凱基-城中(城中GA本尊),統一-城中,凱基-城中(城中GA本尊),2024-02-21,3025,2024-02-22,in_sample,1204.5,0.7128,3285.0,1.9439,74.3,80.3,80.3,78.694,True,False,-5.9139,False,False
統一-城中 x 凱基-城中(城中GA本尊),統一-城中,凱基-城中(城中GA本尊),2024-02-21,3663,2024-02-22,in_sample,586.82,2.6432,1553.63,6.9979,49.5,49.65,48.0,51.842,False,False,3.0303,False,True
統一-城中 x 凱基-城中(城中GA本尊),統一-城中,凱基-城中(城中GA本尊),2024-02-21,6126,2024-02-22,in_sample,966.96,1.1919,1823.76,2.248,42.3,42.85,40.9,43.953,False,False,3.3097,False,True
統一-城中 x 凱基-城中(城中GA本尊),統一-城中,凱基-城中(城中GA本尊),2024-02-22,8059,2024-02-23,in_sample,530.005,1.1532,1522.27,3.3123,42.15,43.5,39.25,42.924,True,False,-1.8363,False,False
統一-城中 x 凱基-城中(城中GA本尊),統一-城中,凱基-城中(城中GA本尊),2024-02-23,3312,2024-02-26,in_sample,680.24,1.4193,1708.33,3.5643,40.0,40.2,39.3,41.65,False,False,1.75,False,True
統一-城中 x 凱基-城中(城中GA本尊),統一-城中,凱基-城中(城中GA本尊),2024-02-23,4908,2024-02-26,in_sample,1364.0,0.4927,6125.6,2.2126,126.0,135.0,121.5,133.28,True,False,-5.7778,False,False
統一-城中 x 凱基-城中(城中GA本尊),統一-城中,凱基-城中(城中GA本尊),2024-02-26,4909,2024-02-27,in_sample,1476.0,1.0971,636.0,0.4727,61.0,62.8,59.8,64.68,False,False,1.9672,False,True
統一-城中 x 凱基-城中(城中GA本尊),統一-城中,凱基-城中(城中GA本尊),2024-02-26,6532,2024-02-27,in_sample,745.2,1.3422,1482.12,2.6694,86.0,88.4,82.0,89.18,False,False,4.6512,False,True
統一-城中 x 凱基-城中(城中GA本尊),統一-城中,凱基-城中(城中GA本尊),2024-02-29,7402,2024-03-01,in_sample,530.0,1.4048,1378.0,3.6524,109.5,116.5,116.5,114.17,True,False,-4.2648,False,False
統一-城中 x 凱基-城中(城中GA本尊),統一-城中,凱基-城中(城中GA本尊),2024-03-01,1725,2024-03-04,in_sample,157.25,1.97,163.54,2.0488,32.8,34.55,34.55,33.859,True,False,-3.2287,False,False
統一-城中 x 凱基-城中(城中GA本尊),統一-城中,凱基-城中(城中GA本尊),2024-03-01,3372,2024-03-04,in_sample,1299.3,1.7817,506.94,0.6952,23.0,23.4,23.4,22.932,True,False,0.2957,False,True
統一-城中 x 凱基-城中(城中GA本尊),統一-城中,凱基-城中(城中GA本尊),2024-03-01,7402,2024-03-04,in_sample,314.55,0.7854,1817.4,4.5379,120.5,123.0,116.0,125.44,False,False,3.7344,False,True
統一-城中 x 凱基-城中(城中GA本尊),統一-城中,凱基-城中(城中GA本尊),2024-03-04,2485,2024-03-05,in_sample,1172.34,4.0932,1399.32,4.8857,24.5,24.5,23.6,25.186,False,False,3.6735,False,True
統一-城中 x 凱基-城中(城中GA本尊),統一-城中,凱基-城中(城中GA本尊),2024-03-04,4906,2024-03-05,in_sample,3630.06,2.7876,4082.85,3.1353,40.25,40.75,39.5,41.699,False,False,1.8634,False,True
統一-城中 x 凱基-城中(城中GA本尊),統一-城中,凱基-城中(城中GA本尊),2024-03-05,1316,2024-03-06,in_sample,1450.08,1.2753,1416.69,1.2459,25.0,26.2,26.2,25.676,True,False,-2.704,False,False
統一-城中 x 凱基-城中(城中GA本尊),統一-城中,凱基-城中(城中GA本尊),2024-03-05,3689,2024-03-06,in_sample,1989.48,1.1818,5673.39,3.3701,83.9,90.8,88.5,90.846,False,False,-5.4827,False,False
統一-城中 x 凱基-城中(城中GA本尊),統一-城中,凱基-城中(城中GA本尊),2024-03-05,6163,2024-03-06,in_sample,2102.81,3.8363,1094.515,1.9968,24.5,26.0,24.85,25.774,True,False,-5.2,False,False
統一-城中 x 凱基-城中(城中GA本尊),統一-城中,凱基-城中(城中GA本尊),2024-03-06,1815,2024-03-07,in_sample,3218.55,2.5884,3839.9,3.0881,23.15,23.45,20.0,23.177,True,False,-0.1166,False,False
統一-城中 x 凱基-城中(城中GA本尊),統一-城中,凱基-城中(城中GA本尊),2024-03-11,2406,2024-03-12,in_sample,564.0,4.1327,646.72,4.7389,19.3,19.6,18.85,20.237,False,False,2.3316,False,True
統一-城中 x 凱基-城中(城中GA本尊),統一-城中,凱基-城中(城中GA本尊),2024-03-12,1319,2024-03-13,in_sample,1339.2,1.0119,5259.6,3.9742,110.5,114.5,113.0,116.13,False,False,-2.2624,False,False
統一-城中 x 凱基-城中(城中GA本尊),統一-城中,凱基-城中(城中GA本尊),2024-03-14,4714,2024-03-15,in_sample,200.2,0.5625,884.4,2.4849,22.65,23.5,22.65,23.716,False,False,0.0,False,False
統一-城中 x 凱基-城中(城中GA本尊),統一-城中,凱基-城中(城中GA本尊),2024-03-21,1503,2024-03-22,in_sample,9247.55,0.7919,6262.75,0.5363,275.5,280.0,274.0,287.14,False,False,0.5445,False,True
統一-城中 x 凱基-城中(城中GA本尊),統一-城中,凱基-城中(城中GA本尊),2024-03-22,1609,2024-03-25,in_sample,8014.56,1.6479,12297.765,2.5285,44.0,45.7,45.4,45.717,False,False,-3.1818,False,False
統一-城中 x 凱基-城中(城中GA本尊),統一-城中,凱基-城中(城中GA本尊),2024-04-01,4909,2024-04-02,in_sample,4810.68,5.104,5757.36,6.1084,99.3,101.0,95.8,103.88,False,False,3.5247,False,True
統一-城中 x 凱基-城中(城中GA本尊),統一-城中,凱基-城中(城中GA本尊),2024-04-02,2374,2024-04-03,in_sample,2465.4,6.2157,2295.17,5.7865,32.25,32.25,32.25,31.605,True,False,2.0,False,True
統一-城中 x 凱基-城中(城中GA本尊),統一-城中,凱基-城中(城中GA本尊),2024-04-02,5443,2024-04-03,in_sample,3927.0,2.6738,5200.8,3.5411,67.7,71.9,67.9,71.148,True,False,-5.0931,False,False
統一-城中 x 凱基-城中(城中GA本尊),統一-城中,凱基-城中(城中GA本尊),2024-04-03,2363,2024-04-08,in_sample,1257.0,2.0624,2627.13,4.3104,46.05,46.05,46.05,45.129,True,True,2.0,False,True
統一-城中 x 凱基-城中(城中GA本尊),統一-城中,凱基-城中(城中GA本尊),2024-04-08,2363,2024-04-09,in_sample,1344.66,2.1962,2712.345,4.4301,50.6,50.6,50.6,49.588,True,False,2.0,False,True
統一-城中 x 凱基-城中(城中GA本尊),統一-城中,凱基-城中(城中GA本尊),2024-04-08,6578,2024-04-09,in_sample,620.0,2.5473,713.0,2.9294,30.7,30.7,28.5,33.418,False,False,7.1661,False,True
統一-城中 x 凱基-城中(城中GA本尊),統一-城中,凱基-城中(城中GA本尊),2024-04-09,4533,2024-04-10,in_sample,1747.2,1.4275,1686.72,1.3781,34.1,36.95,34.7,36.211,True,False,-6.1906,False,False
統一-城中 x 凱基-城中(城中GA本尊),統一-城中,凱基-城中(城中GA本尊),2024-04-11,3312,2024-04-12,in_sample,1833.79,1.308,2044.84,1.4585,47.85,51.5,51.5,50.47,True,False,-5.4754,False,False
統一-城中 x 凱基-城中(城中GA本尊),統一-城中,凱基-城中(城中GA本尊),2024-04-11,3402,2024-04-12,in_sample,1558.2,2.9613,1600.6,3.0419,110.5,116.5,116.5,114.17,True,False,-3.3213,False,False
統一-城中 x 凱基-城中(城中GA本尊),統一-城中,凱基-城中(城中GA本尊),2024-04-12,1609,2024-04-15,in_sample,4908.2,0.9946,5581.18,1.131,55.6,55.6,55.6,54.488,True,False,2.0,False,True
統一-城中 x 凱基-城中(城中GA本尊),統一-城中,凱基-城中(城中GA本尊),2024-04-12,3060,2024-04-15,in_sample,1428.48,2.9298,1560.96,3.2015,31.2,31.25,29.4,31.017,True,False,0.5865,False,True
統一-城中 x 凱基-城中(城中GA本尊),統一-城中,凱基-城中(城中GA本尊),2024-04-12,6223,2024-04-15,in_sample,3794.4,1.3494,4488.0,1.5961,412.0,418.5,390.5,439.53,False,False,5.2184,False,True
統一-城中 x 凱基-城中(城中GA本尊),統一-城中,凱基-城中(城中GA本尊),2024-04-15,5371,2024-04-16,in_sample,5428.75,2.2653,5160.0,2.1532,108.0,111.0,96.8,115.64,False,False,10.3704,False,True
統一-城中 x 凱基-城中(城中GA本尊),統一-城中,凱基-城中(城中GA本尊),2024-04-17,1608,2024-04-18,in_sample,1913.285,1.3004,2168.12,1.4736,42.0,44.45,44.45,43.561,True,False,-3.7167,False,False
統一-城中 x 凱基-城中(城中GA本尊),統一-城中,凱基-城中(城中GA本尊),2024-04-17,1609,2024-04-18,in_sample,12993.34,2.0659,14448.17,2.2972,62.7,64.7,64.7,63.406,True,False,-1.126,False,False
統一-城中 x 凱基-城中(城中GA本尊),統一-城中,凱基-城中(城中GA本尊),2024-04-17,1617,2024-04-18,in_sample,1237.52,3.7392,1294.56,3.9116,26.9,27.25,27.25,26.705,True,False,0.7249,False,True
統一-城中 x 凱基-城中(城中GA本尊),統一-城中,凱基-城中(城中GA本尊),2024-04-17,2374,2024-04-18,in_sample,3777.15,4.9387,2184.325,2.856,43.8,45.65,43.0,45.521,True,False,-3.9292,False,False
統一-城中 x 凱基-城中(城中GA本尊),統一-城中,凱基-城中(城中GA本尊),2024-04-19,1617,2024-04-22,in_sample,1500.495,5.0086,1644.255,5.4884,30.6,32.8,27.0,32.242,True,False,-5.366,False,False
統一-城中 x 凱基-城中(城中GA本尊),統一-城中,凱基-城中(城中GA本尊),2024-04-24,5251,2024-04-25,in_sample,648.75,6.1329,1350.0,12.7622,40.0,41.25,37.5,40.425,True,False,-1.0625,False,False
統一-城中 x 凱基-城中(城中GA本尊),統一-城中,凱基-城中(城中GA本尊),2024-04-24,6548,2024-04-25,in_sample,1077.3,2.9966,1405.35,3.9091,40.9,42.0,41.55,43.659,False,False,-1.5892,False,False
統一-城中 x 凱基-城中(城中GA本尊),統一-城中,凱基-城中(城中GA本尊),2024-04-26,1587,2024-04-29,in_sample,1650.95,1.273,2261.49,1.7438,64.2,66.9,62.8,67.13,False,False,2.1807,False,True
統一-城中 x 凱基-城中(城中GA本尊),統一-城中,凱基-城中(城中GA本尊),2024-04-26,5531,2024-04-29,in_sample,533.25,3.368,497.7,3.1435,12.85,13.0,13.0,12.74,True,False,0.856,False,True
統一-城中 x 凱基-城中(城中GA本尊),統一-城中,凱基-城中(城中GA本尊),2024-04-26,6215,2024-04-29,in_sample,1552.1,3.0232,1853.39,3.6101,47.8,50.2,44.85,49.196,True,False,-2.9205,False,False
統一-城中 x 凱基-城中(城中GA本尊),統一-城中,凱基-城中(城中GA本尊),2024-04-29,2527,2024-04-30,in_sample,846.88,2.605,1289.28,3.9657,58.8,59.4,56.9,68.11,False,False,3.2313,False,True
統一-城中 x 凱基-城中(城中GA本尊),統一-城中,凱基-城中(城中GA本尊),2024-05-02,5519,2024-05-03,in_sample,826.8,1.5403,1315.6,2.4509,51.5,55.1,54.5,56.056,False,False,-5.8252,False,False
統一-城中 x 凱基-城中(城中GA本尊),統一-城中,凱基-城中(城中GA本尊),2024-05-02,5531,2024-05-03,in_sample,846.005,4.2094,649.635,3.2323,13.5,14.75,14.3,14.455,True,False,-7.0741,False,False
統一-城中 x 凱基-城中(城中GA本尊),統一-城中,凱基-城中(城中GA本尊),2024-05-06,2524,2024-05-07,in_sample,816.75,3.5884,677.6,2.977,61.5,66.2,64.0,65.17,True,False,-5.9675,False,False
統一-城中 x 凱基-城中(城中GA本尊),統一-城中,凱基-城中(城中GA本尊),2024-05-06,3013,2024-05-07,in_sample,3594.15,1.6145,4009.8,1.8012,82.6,83.4,75.1,87.808,False,False,9.0799,False,True
統一-城中 x 凱基-城中(城中GA本尊),統一-城中,凱基-城中(城中GA本尊),2024-05-13,2374,2024-05-14,in_sample,2255.25,1.0988,3059.7,1.4907,47.7,48.4,46.55,50.078,False,False,2.4109,False,True
統一-城中 x 凱基-城中(城中GA本尊),統一-城中,凱基-城中(城中GA本尊),2024-05-14,2367,2024-05-15,in_sample,6296.4,1.0182,7735.2,1.2509,34.0,36.0,35.0,35.574,True,False,-4.6294,False,False
統一-城中 x 凱基-城中(城中GA本尊),統一-城中,凱基-城中(城中GA本尊),2024-05-14,3287,2024-05-15,in_sample,1339.25,8.2961,1461.0,9.0502,50.6,53.0,51.7,52.43,True,False,-3.6166,False,False
統一-城中 x 凱基-城中(城中GA本尊),統一-城中,凱基-城中(城中GA本尊),2024-05-15,2374,2024-05-16,in_sample,4418.56,2.0873,4602.88,2.1744,52.7,56.3,56.3,55.174,True,False,-4.6945,False,False
統一-城中 x 凱基-城中(城中GA本尊),統一-城中,凱基-城中(城中GA本尊),2024-05-16,1587,2024-05-17,in_sample,4225.08,3.8106,771.0,0.6954,80.0,81.1,77.5,83.104,False,False,3.125,False,True
統一-城中 x 凱基-城中(城中GA本尊),統一-城中,凱基-城中(城中GA本尊),2024-05-20,4533,2024-05-21,in_sample,4211.415,1.1209,4502.505,1.1984,47.5,48.3,48.0,50.568,False,False,-1.0526,False,False
統一-城中 x 凱基-城中(城中GA本尊),統一-城中,凱基-城中(城中GA本尊),2024-05-21,2009,2024-05-22,in_sample,6617.16,2.6745,7056.72,2.8521,62.0,64.1,59.8,63.994,True,False,-3.2161,False,False
統一-城中 x 凱基-城中(城中GA本尊),統一-城中,凱基-城中(城中GA本尊),2024-05-21,5230,2024-05-22,in_sample,1510.875,4.5687,355.725,1.0757,38.75,39.3,36.25,41.209,False,False,6.4516,False,True
統一-城中 x 凱基-城中(城中GA本尊),統一-城中,凱基-城中(城中GA本尊),2024-05-22,2365,2024-05-23,in_sample,2780.16,1.9733,3502.08,2.4857,27.35,28.15,28.15,27.587,True,False,-0.8665,False,False
統一-城中 x 凱基-城中(城中GA本尊),統一-城中,凱基-城中(城中GA本尊),2024-05-22,6117,2024-05-23,in_sample,2893.0,1.7145,6424.0,3.8072,115.5,121.0,121.0,118.58,True,False,-2.6667,False,False
統一-城中 x 凱基-城中(城中GA本尊),統一-城中,凱基-城中(城中GA本尊),2024-05-22,8040,2024-05-23,in_sample,878.54,5.766,128.96,0.8464,82.5,83.9,79.2,86.828,False,False,4.0,False,True
統一-城中 x 凱基-城中(城中GA本尊),統一-城中,凱基-城中(城中GA本尊),2024-05-23,2486,2024-05-24,in_sample,9799.65,2.5039,11089.8,2.8335,92.5,95.6,91.0,98.49,False,False,1.6216,False,True
統一-城中 x 凱基-城中(城中GA本尊),統一-城中,凱基-城中(城中GA本尊),2024-05-24,3047,2024-05-27,in_sample,2442.525,3.1058,2640.45,3.3575,22.25,22.85,22.2,23.422,False,False,0.2247,False,True
統一-城中 x 凱基-城中(城中GA本尊),統一-城中,凱基-城中(城中GA本尊),2024-05-24,3450,2024-05-27,in_sample,3911.25,2.5502,4016.25,2.6186,92.9,96.2,96.2,94.276,True,False,-1.4812,False,False
統一-城中 x 凱基-城中(城中GA本尊),統一-城中,凱基-城中(城中GA本尊),2024-05-27,2365,2024-05-28,in_sample,338.355,0.8436,2900.655,7.2321,36.1,36.1,36.1,35.378,True,True,2.0,False,True
統一-城中 x 凱基-城中(城中GA本尊),統一-城中,凱基-城中(城中GA本尊),2024-05-27,3202,2024-05-28,in_sample,838.86,2.633,1000.835,3.1414,18.5,18.5,17.3,18.375,True,False,0.6757,False,True
統一-城中 x 凱基-城中(城中GA本尊),統一-城中,凱基-城中(城中GA本尊),2024-05-27,4543,2024-05-28,in_sample,3446.82,2.9297,3439.8,2.9237,71.2,75.7,73.2,75.656,True,False,-6.2584,False,False
統一-城中 x 凱基-城中(城中GA本尊),統一-城中,凱基-城中(城中GA本尊),2024-05-28,3030,2024-05-29,in_sample,5082.7,3.6337,1966.3,1.4057,190.0,192.0,180.5,199.92,False,False,5.0,False,True
統一-城中 x 凱基-城中(城中GA本尊),統一-城中,凱基-城中(城中GA本尊),2024-05-28,3047,2024-05-29,in_sample,810.08,0.6496,2198.44,1.763,25.2,26.4,25.05,26.264,True,False,-4.2222,False,False
統一-城中 x 凱基-城中(城中GA本尊),統一-城中,凱基-城中(城中GA本尊),2024-05-28,6117,2024-05-29,in_sample,6488.7,3.1581,10552.2,5.1358,138.0,139.0,135.0,138.67,True,False,-0.4855,False,False
統一-城中 x 凱基-城中(城中GA本尊),統一-城中,凱基-城中(城中GA本尊),2024-05-29,5230,2024-05-30,in_sample,1698.5,2.8562,993.3,1.6703,42.8,45.4,41.6,46.354,False,False,2.8037,False,True
統一-城中 x 凱基-城中(城中GA本尊),統一-城中,凱基-城中(城中GA本尊),2024-05-29,8054,2024-05-30,in_sample,8324.8,1.9673,6845.6,1.6178,175.5,179.5,165.0,185.22,False,False,5.9829,False,True
統一-城中 x 凱基-城中(城中GA本尊),統一-城中,凱基-城中(城中GA本尊),2024-05-31,2537,2024-06-03,in_sample,1450.97,2.7572,1773.84,3.3707,20.15,21.35,21.35,20.923,True,False,-3.8362,False,False
統一-城中 x 凱基-城中(城中GA本尊),統一-城中,凱基-城中(城中GA本尊),2024-05-31,4566,2024-06-03,in_sample,4249.29,5.3369,4299.62,5.4002,71.9,74.9,74.9,77.42,False,False,-4.1725,False,False
統一-城中 x 凱基-城中(城中GA本尊),統一-城中,凱基-城中(城中GA本尊),2024-06-03,2486,2024-06-04,in_sample,5208.0,1.5858,5124.0,1.5602,107.0,112.5,104.0,113.19,False,False,2.8037,False,True
統一-城中 x 凱基-城中(城中GA本尊),統一-城中,凱基-城中(城中GA本尊),2024-06-03,4113,2024-06-04,in_sample,349.16,0.6313,921.06,1.6654,61.0,61.1,60.4,64.876,False,False,0.9836,False,True
統一-城中 x 凱基-城中(城中GA本尊),統一-城中,凱基-城中(城中GA本尊),2024-06-05,2482,2024-06-06,in_sample,580.07,0.808,428.925,0.5974,43.0,43.1,43.05,44.002,False,False,-0.1163,False,False
統一-城中 x 凱基-城中(城中GA本尊),統一-城中,凱基-城中(城中GA本尊),2024-06-06,4566,2024-06-07,in_sample,849.06,0.3858,1033.29,0.4695,82.3,83.0,81.2,86.338,False,False,1.3366,False,True
統一-城中 x 凱基-城中(城中GA本尊),統一-城中,凱基-城中(城中GA本尊),2024-06-07,9946,2024-06-11,in_sample,247.75,0.5339,931.54,2.0075,49.0,49.5,44.6,53.41,False,False,8.9796,False,True
統一-城中 x 凱基-城中(城中GA本尊),統一-城中,凱基-城中(城中GA本尊),2024-06-11,6706,2024-06-12,in_sample,597.82,1.2847,589.4,1.2666,86.7,90.5,89.5,90.748,False,False,-3.2295,False,False
統一-城中 x 凱基-城中(城中GA本尊),統一-城中,凱基-城中(城中GA本尊),2024-06-12,1617,2024-06-13,in_sample,293.5,0.7107,1311.945,3.1766,30.5,32.25,28.25,31.605,True,False,-3.623,False,False
統一-城中 x 凱基-城中(城中GA本尊),統一-城中,凱基-城中(城中GA本尊),2024-06-13,1570,2024-06-14,in_sample,1460.34,7.2298,1453.02,7.1936,37.1,38.8,36.05,39.445,False,False,2.8302,False,True
統一-城中 x 凱基-城中(城中GA本尊),統一-城中,凱基-城中(城中GA本尊),2024-06-13,2392,2024-06-14,in_sample,1487.64,0.8855,3628.02,2.1596,77.6,83.2,79.7,81.732,True,False,-5.3247,False,False
統一-城中 x 凱基-城中(城中GA本尊),統一-城中,凱基-城中(城中GA本尊),2024-06-13,2486,2024-06-14,in_sample,5940.9,0.9446,3948.3,0.6278,125.5,126.0,122.0,132.3,False,False,2.7888,False,True
統一-城中 x 凱基-城中(城中GA本尊),統一-城中,凱基-城中(城中GA本尊),2024-06-13,4562,2024-06-14,in_sample,2017.345,3.0693,1936.31,2.946,44.2,46.9,46.9,45.962,True,False,-3.9864,False,False
統一-城中 x 凱基-城中(城中GA本尊),統一-城中,凱基-城中(城中GA本尊),2024-06-14,1618,2024-06-17,in_sample,3311.51,2.2757,15848.37,10.8909,62.1,65.1,58.7,64.778,True,False,-4.3124,False,False
統一-城中 x 凱基-城中(城中GA本尊),統一-城中,凱基-城中(城中GA本尊),2024-06-17,3622,2024-06-18,in_sample,681.21,0.4179,8384.77,5.1437,86.8,87.3,83.0,90.65,False,False,4.3779,False,True
統一-城中 x 凱基-城中(城中GA本尊),統一-城中,凱基-城中(城中GA本尊),2024-06-17,4562,2024-06-18,in_sample,1483.2,1.4182,8538.7,8.1645,53.2,56.6,50.0,55.468,True,False,-4.2632,False,False
統一-城中 x 凱基-城中(城中GA本尊),統一-城中,凱基-城中(城中GA本尊),2024-06-17,5490,2024-06-18,in_sample,871.2,3.6817,1716.99,7.2559,37.2,39.0,36.3,39.102,False,False,2.4194,False,True
統一-城中 x 凱基-城中(城中GA本尊),統一-城中,凱基-城中(城中GA本尊),2024-06-17,8096,2024-06-18,in_sample,3313.905,3.2092,10709.415,10.371,45.5,45.7,44.75,45.962,False,False,1.6484,False,True
統一-城中 x 凱基-城中(城中GA本尊),統一-城中,凱基-城中(城中GA本尊),2024-06-18,3062,2024-06-19,in_sample,2227.06,1.9294,11199.43,9.7025,30.15,31.2,28.2,31.409,False,False,6.4677,False,True
統一-城中 x 凱基-城中(城中GA本尊),統一-城中,凱基-城中(城中GA本尊),2024-06-18,3450,2024-06-19,in_sample,4877.6,1.0133,11408.8,2.3701,108.0,111.0,109.0,111.72,False,False,-0.9259,False,False
統一-城中 x 凱基-城中(城中GA本尊),統一-城中,凱基-城中(城中GA本尊),2024-06-20,3450,2024-06-21,in_sample,7504.6,2.2746,32014.05,9.7034,121.5,125.0,122.0,128.38,False,False,-0.4115,False,False
統一-城中 x 凱基-城中(城中GA本尊),統一-城中,凱基-城中(城中GA本尊),2024-06-20,4566,2024-06-21,in_sample,3775.2,1.5561,3494.48,1.4403,97.8,100.0,94.8,103.88,False,False,3.0675,False,True
統一-城中 x 凱基-城中(城中GA本尊),統一-城中,凱基-城中(城中GA本尊),2024-06-20,4956,2024-06-21,in_sample,1028.16,3.3118,2684.64,8.6475,28.0,28.8,27.65,29.302,False,False,1.25,False,True
統一-城中 x 凱基-城中(城中GA本尊),統一-城中,凱基-城中(城中GA本尊),2024-06-27,2406,2024-06-28,in_sample,219.2,0.2251,4082.6,4.1929,28.15,28.65,26.35,29.498,False,False,6.3943,False,True
統一-城中 x 凱基-城中(城中GA本尊),統一-城中,凱基-城中(城中GA本尊),2024-06-27,4909,2024-06-28,in_sample,3254.75,1.5987,5710.5,2.8049,120.0,121.0,116.5,126.42,False,False,2.9167,False,True
統一-城中 x 凱基-城中(城中GA本尊),統一-城中,凱基-城中(城中GA本尊),2024-06-27,6244,2024-06-28,in_sample,1579.05,1.1812,1588.62,1.1883,33.1,33.5,31.95,34.349,False,False,3.4743,False,True
統一-城中 x 凱基-城中(城中GA本尊),統一-城中,凱基-城中(城中GA本尊),2024-07-05,3047,2024-07-08,in_sample,7663.6,3.0409,1477.84,0.5864,42.85,43.1,43.1,42.238,True,False,1.4282,False,True
統一-城中 x 凱基-城中(城中GA本尊),統一-城中,凱基-城中(城中GA本尊),2024-07-17,8105,2024-07-18,in_sample,1271.36,1.1098,1041.68,0.9093,23.7,24.25,23.3,24.99,False,False,1.6878,False,True
統一-城中 x 凱基-城中(城中GA本尊),統一-城中,凱基-城中(城中GA本尊),2024-07-17,8467,2024-07-18,in_sample,507.15,0.9927,727.65,1.4243,221.5,242.5,242.5,237.65,True,False,-7.2912,False,False
統一-城中 x 凱基-城中(城中GA本尊),統一-城中,凱基-城中(城中GA本尊),2024-07-29,3188,2024-07-30,in_sample,859.36,1.94,314.4,0.7098,55.1,55.5,52.0,56.448,False,False,5.6261,False,True
統一-城中 x 凱基-城中(城中GA本尊),統一-城中,凱基-城中(城中GA本尊),2024-07-30,5525,2024-07-31,in_sample,237.9,3.1424,178.425,2.3568,45.45,45.7,44.5,49.294,False,False,2.0902,False,True
統一-城中 x 凱基-城中(城中GA本尊),統一-城中,凱基-城中(城中GA本尊),2024-08-14,3663,2024-08-15,in_sample,5918.6,3.2313,1767.5,0.965,104.0,107.5,98.5,108.78,False,False,5.2885,False,True
統一-城中 x 凱基-城中(城中GA本尊),統一-城中,凱基-城中(城中GA本尊),2024-08-16,2243,2024-08-19,in_sample,847.5,5.1456,169.5,1.0291,29.6,30.15,28.6,30.429,False,False,3.3784,False,True
統一-城中 x 凱基-城中(城中GA本尊),統一-城中,凱基-城中(城中GA本尊),2024-08-16,3645,2024-08-19,in_sample,2546.67,5.1365,532.14,1.0733,58.5,58.9,56.8,58.506,True,False,-0.0103,False,False
統一-城中 x 凱基-城中(城中GA本尊),統一-城中,凱基-城中(城中GA本尊),2024-08-19,3535,2024-08-20,in_sample,3940.09,3.5362,3574.59,3.2082,75.5,80.4,80.4,78.792,True,False,-4.3603,False,False
統一-城中 x 凱基-城中(城中GA本尊),統一-城中,凱基-城中(城中GA本尊),2024-08-19,3663,2024-08-20,in_sample,11403.35,4.0307,7226.1,2.5542,111.5,113.5,110.5,116.62,False,False,0.8969,False,True
統一-城中 x 凱基-城中(城中GA本尊),統一-城中,凱基-城中(城中GA本尊),2024-08-19,4909,2024-08-20,in_sample,5389.65,2.3201,6068.25,2.6122,132.0,132.5,128.5,140.63,False,False,2.6515,False,True
統一-城中 x 凱基-城中(城中GA本尊),統一-城中,凱基-城中(城中GA本尊),2024-08-19,8089,2024-08-20,in_sample,1935.0,3.3074,1199.7,2.0506,134.0,141.5,141.5,138.67,True,False,-3.4851,False,False
統一-城中 x 凱基-城中(城中GA本尊),統一-城中,凱基-城中(城中GA本尊),2024-08-28,4510,2024-08-29,in_sample,952.28,0.9865,468.16,0.485,55.3,58.0,52.9,57.33,True,False,-3.6709,False,False
統一-城中 x 凱基-城中(城中GA本尊),統一-城中,凱基-城中(城中GA本尊),2024-08-28,4561,2024-08-29,in_sample,249.15,0.3171,762.55,0.9706,76.5,83.0,83.0,81.34,True,False,-6.3268,False,False
統一-城中 x 凱基-城中(城中GA本尊),統一-城中,凱基-城中(城中GA本尊),2024-09-03,1540,2024-09-04,in_sample,2150.71,2.1012,529.82,0.5176,44.5,46.65,46.5,48.363,False,False,-4.4944,False,False
統一-城中 x 凱基-城中(城中GA本尊),統一-城中,凱基-城中(城中GA本尊),2024-09-03,1735,2024-09-04,in_sample,52.5,0.5482,47.25,0.4934,26.85,28.85,28.15,28.273,True,False,-5.2998,False,False
統一-城中 x 凱基-城中(城中GA本尊),統一-城中,凱基-城中(城中GA本尊),2024-09-03,4562,2024-09-04,in_sample,3670.48,4.0706,985.52,1.093,74.8,76.9,73.8,83.594,False,False,1.3369,False,True
統一-城中 x 凱基-城中(城中GA本尊),統一-城中,凱基-城中(城中GA本尊),2024-09-13,2070,2024-09-16,in_sample,2440.94,1.0187,1345.4,0.5615,100.5,105.5,105.5,103.39,True,False,-2.8756,False,False
統一-城中 x 凱基-城中(城中GA本尊),統一-城中,凱基-城中(城中GA本尊),2024-09-13,4571,2024-09-16,in_sample,678.3,0.7899,2427.6,2.8268,184.0,185.5,175.5,192.08,False,False,4.6196,False,True
統一-城中 x 凱基-城中(城中GA本尊),統一-城中,凱基-城中(城中GA本尊),2024-09-13,6546,2024-09-16,in_sample,2862.8,1.5283,3199.6,1.7081,217.0,227.5,218.5,226.87,True,False,-4.5484,False,False
統一-城中 x 凱基-城中(城中GA本尊),統一-城中,凱基-城中(城中GA本尊),2024-09-13,6609,2024-09-16,in_sample,1415.14,2.1556,1357.88,2.0683,84.2,89.9,89.9,88.102,True,False,-4.6342,False,False
統一-城中 x 凱基-城中(城中GA本尊),統一-城中,凱基-城中(城中GA本尊),2024-09-13,8249,2024-09-16,in_sample,2946.74,2.0998,3107.38,2.2143,55.2,55.2,55.2,54.096,True,False,2.0,False,True
統一-城中 x 凱基-城中(城中GA本尊),統一-城中,凱基-城中(城中GA本尊),2024-09-16,2477,2024-09-18,in_sample,3366.375,5.8386,1713.15,2.9713,35.1,35.9,33.2,37.975,False,False,5.4131,False,True
統一-城中 x 凱基-城中(城中GA本尊),統一-城中,凱基-城中(城中GA本尊),2024-09-16,6609,2024-09-18,in_sample,584.35,0.3974,2840.84,1.932,91.3,94.4,86.5,96.824,False,False,5.2574,False,True
統一-城中 x 凱基-城中(城中GA本尊),統一-城中,凱基-城中(城中GA本尊),2024-09-16,8032,2024-09-18,in_sample,869.2,2.7875,1335.6,4.2832,44.4,46.6,46.6,45.668,True,False,-2.8559,False,False
統一-城中 x 凱基-城中(城中GA本尊),統一-城中,凱基-城中(城中GA本尊),2024-09-18,2399,2024-09-19,in_sample,941.695,0.535,1578.975,0.8971,29.5,31.25,31.25,30.625,True,False,-3.8136,False,False
統一-城中 x 凱基-城中(城中GA本尊),統一-城中,凱基-城中(城中GA本尊),2024-09-20,1727,2024-09-23,in_sample,1865.595,2.45,2065.035,2.7119,43.35,44.0,40.25,44.786,False,False,7.1511,False,True
統一-城中 x 凱基-城中(城中GA本尊),統一-城中,凱基-城中(城中GA本尊),2024-09-20,4716,2024-09-23,in_sample,261.87,0.5283,812.7,1.6396,30.8,31.8,30.4,32.438,False,False,1.2987,False,True
統一-城中 x 凱基-城中(城中GA本尊),統一-城中,凱基-城中(城中GA本尊),2024-09-24,3550,2024-09-25,in_sample,1205.1,0.9271,2945.475,2.2661,30.4,31.9,28.2,31.507,True,False,-3.6414,False,False
統一-城中 x 凱基-城中(城中GA本尊),統一-城中,凱基-城中(城中GA本尊),2024-09-24,4903,2024-09-25,in_sample,1394.255,2.7336,998.75,1.9582,40.0,40.75,38.65,43.022,False,False,3.375,False,True
統一-城中 x 凱基-城中(城中GA本尊),統一-城中,凱基-城中(城中GA本尊),2024-09-25,1540,2024-09-26,in_sample,3696.3,3.6016,2932.065,2.8569,51.8,51.8,46.5,53.802,False,False,10.2317,False,True
統一-城中 x 凱基-城中(城中GA本尊),統一-城中,凱基-城中(城中GA本尊),2024-09-25,3013,2024-09-26,in_sample,4952.5,0.8002,11263.4,1.8198,144.5,145.0,141.5,152.39,False,False,2.0761,False,True
統一-城中 x 凱基-城中(城中GA本尊),統一-城中,凱基-城中(城中GA本尊),2024-09-25,4909,2024-09-26,in_sample,4836.25,0.9429,1989.25,0.3878,186.0,190.0,183.5,196.49,False,False,1.3441,False,True
統一-城中 x 凱基-城中(城中GA本尊),統一-城中,凱基-城中(城中GA本尊),2024-10-01,4903,2024-10-04,in_sample,802.19,0.8673,2005.475,2.1683,42.65,45.45,45.45,44.541,True,False,-4.4338,False,False
統一-城中 x 凱基-城中(城中GA本尊),統一-城中,凱基-城中(城中GA本尊),2024-10-01,8111,2024-10-04,in_sample,1794.36,1.2148,1814.035,1.2282,42.5,43.25,43.25,42.385,True,False,0.2706,False,True
統一-城中 x 凱基-城中(城中GA本尊),統一-城中,凱基-城中(城中GA本尊),2024-10-04,1595,2024-10-07,in_sample,1963.73,2.081,700.16,0.742,56.6,56.7,50.9,58.898,False,False,10.0707,False,True
統一-城中 x 凱基-城中(城中GA本尊),統一-城中,凱基-城中(城中GA本尊),2024-10-04,3025,2024-10-07,in_sample,3425.16,1.3226,3534.64,1.3649,80.0,82.0,76.1,84.28,False,False,4.875,False,True
統一-城中 x 凱基-城中(城中GA本尊),統一-城中,凱基-城中(城中GA本尊),2024-10-04,8111,2024-10-07,in_sample,1682.425,2.3202,1933.275,2.6662,44.5,47.0,44.7,46.599,True,False,-4.7169,False,False
統一-城中 x 凱基-城中(城中GA本尊),統一-城中,凱基-城中(城中GA本尊),2024-10-07,2399,2024-10-08,in_sample,4268.61,2.3736,3397.86,1.8894,40.6,41.45,39.75,41.699,False,False,2.0936,False,True
統一-城中 x 凱基-城中(城中GA本尊),統一-城中,凱基-城中(城中GA本尊),2024-10-07,3149,2024-10-08,in_sample,1570.8,1.5466,4369.75,4.3023,39.3,40.2,38.35,41.503,False,False,2.4173,False,True
統一-城中 x 凱基-城中(城中GA本尊),統一-城中,凱基-城中(城中GA本尊),2024-10-07,4903,2024-10-08,in_sample,1593.405,0.8251,8266.725,4.2805,51.6,52.1,48.65,53.802,False,False,5.7171,False,True
統一-城中 x 凱基-城中(城中GA本尊),統一-城中,凱基-城中(城中GA本尊),2024-10-07,6530,2024-10-08,in_sample,2197.35,1.5713,3856.05,2.7574,87.4,87.4,81.1,92.12,False,False,7.2082,False,True
統一-城中 x 凱基-城中(城中GA本尊),統一-城中,凱基-城中(城中GA本尊),2024-10-08,3025,2024-10-09,in_sample,3004.83,0.8328,4410.99,1.2225,85.0,91.0,82.6,90.16,True,False,-6.0706,False,False
統一-城中 x 凱基-城中(城中GA本尊),統一-城中,凱基-城中(城中GA本尊),2024-10-09,4903,2024-10-11,in_sample,3092.3,2.6459,3723.6,3.1861,55.6,56.7,53.4,57.624,False,False,3.9568,False,True
統一-城中 x 凱基-城中(城中GA本尊),統一-城中,凱基-城中(城中GA本尊),2024-10-14,4956,2024-10-15,in_sample,1166.475,0.3504,3703.275,1.1125,39.9,40.45,37.75,40.67,False,False,5.3885,False,True
統一-城中 x 凱基-城中(城中GA本尊),統一-城中,凱基-城中(城中GA本尊),2024-10-14,6609,2024-10-15,in_sample,5135.36,3.9451,3719.36,2.8573,99.5,103.5,103.5,101.43,True,False,-1.9397,False,False
統一-城中 x 凱基-城中(城中GA本尊),統一-城中,凱基-城中(城中GA本尊),2024-10-16,4562,2024-10-17,in_sample,2455.28,7.5242,1782.69,5.463,67.4,71.8,71.8,70.364,True,False,-4.3976,False,False
統一-城中 x 凱基-城中(城中GA本尊),統一-城中,凱基-城中(城中GA本尊),2024-10-16,6658,2024-10-17,in_sample,1405.44,0.5014,4509.12,1.6087,102.5,106.0,95.3,104.86,True,False,-2.3024,False,False
統一-城中 x 凱基-城中(城中GA本尊),統一-城中,凱基-城中(城中GA本尊),2024-10-16,8374,2024-10-17,in_sample,5170.4,5.6615,4144.75,4.5385,145.5,151.5,141.5,151.41,True,False,-4.0619,False,False
統一-城中 x 凱基-城中(城中GA本尊),統一-城中,凱基-城中(城中GA本尊),2024-10-17,1540,2024-10-18,in_sample,3389.2,3.9273,2560.22,2.9667,46.55,48.5,45.2,49.294,False,False,2.9001,False,True
統一-城中 x 凱基-城中(城中GA本尊),統一-城中,凱基-城中(城中GA本尊),2024-10-17,1595,2024-10-18,in_sample,2544.75,3.0281,1930.5,2.2972,70.9,74.2,74.2,72.716,True,False,-2.5614,False,False
統一-城中 x 凱基-城中(城中GA本尊),統一-城中,凱基-城中(城中GA本尊),2024-10-17,4510,2024-10-18,in_sample,3423.42,3.4937,2642.64,2.6969,48.0,49.0,47.7,49.784,False,False,0.625,False,True
統一-城中 x 凱基-城中(城中GA本尊),統一-城中,凱基-城中(城中GA本尊),2024-10-17,4542,2024-10-18,in_sample,329.15,0.21,4392.45,2.802,116.0,120.0,106.5,122.01,False,False,8.1897,False,True
統一-城中 x 凱基-城中(城中GA本尊),統一-城中,凱基-城中(城中GA本尊),2024-10-17,4562,2024-10-18,in_sample,5377.82,4.13,1895.52,1.4557,73.5,78.0,69.8,77.322,True,False,-5.2,False,False
統一-城中 x 凱基-城中(城中GA本尊),統一-城中,凱基-城中(城中GA本尊),2024-10-18,4576,2024-10-21,in_sample,5054.15,2.048,3834.65,1.5538,143.5,146.0,141.5,146.02,False,False,1.3937,False,True
統一-城中 x 凱基-城中(城中GA本尊),統一-城中,凱基-城中(城中GA本尊),2024-10-21,1528,2024-10-22,in_sample,967.395,2.0033,851.235,1.7628,19.25,19.95,19.95,19.551,True,False,-1.5636,False,False
統一-城中 x 凱基-城中(城中GA本尊),統一-城中,凱基-城中(城中GA本尊),2024-10-24,4545,2024-10-25,in_sample,457.56,0.5532,2413.26,2.9175,76.9,78.0,72.2,79.478,False,False,6.1118,False,True
統一-城中 x 凱基-城中(城中GA本尊),統一-城中,凱基-城中(城中GA本尊),2024-10-25,2477,2024-10-28,in_sample,614.215,0.7634,2002.875,2.4895,38.7,40.8,34.75,41.111,False,False,10.2067,False,True
統一-城中 x 凱基-城中(城中GA本尊),統一-城中,凱基-城中(城中GA本尊),2024-11-01,8047,2024-11-04,in_sample,795.825,10.7824,670.275,9.0814,21.0,22.25,22.25,21.805,True,False,-3.8333,False,False
統一-城中 x 凱基-城中(城中GA本尊),統一-城中,凱基-城中(城中GA本尊),2024-11-04,4903,2024-11-05,in_sample,6113.28,4.6153,158.72,0.1198,53.1,56.1,51.7,55.174,True,False,-3.9058,False,False
統一-城中 x 凱基-城中(城中GA本尊),統一-城中,凱基-城中(城中GA本尊),2024-11-04,6530,2024-11-05,in_sample,5771.16,5.4338,2881.44,2.713,85.9,86.7,82.3,89.18,False,False,4.1909,False,True
統一-城中 x 凱基-城中(城中GA本尊),統一-城中,凱基-城中(城中GA本尊),2024-11-08,3303,2024-11-11,in_sample,6415.2,5.0795,3240.0,2.5654,68.3,69.8,64.8,77.616,False,False,5.1245,False,True
統一-城中 x 凱基-城中(城中GA本尊),統一-城中,凱基-城中(城中GA本尊),2024-11-12,4931,2024-11-13,in_sample,3848.32,2.2622,1928.455,1.1336,45.0,47.2,47.2,46.256,True,False,-2.7911,False,False
統一-城中 x 凱基-城中(城中GA本尊),統一-城中,凱基-城中(城中GA本尊),2024-11-18,3511,2024-11-19,in_sample,2044.29,5.2567,2036.08,5.2355,42.0,45.15,45.15,44.247,True,False,-5.35,False,False
統一-城中 x 凱基-城中(城中GA本尊),統一-城中,凱基-城中(城中GA本尊),2024-11-18,4577,2024-11-19,in_sample,177.19,1.9931,913.445,10.275,31.5,31.6,29.3,32.928,False,False,6.9841,False,True
統一-城中 x 凱基-城中(城中GA本尊),統一-城中,凱基-城中(城中GA本尊),2024-11-18,8104,2024-11-19,in_sample,3887.52,4.8443,3727.32,4.6446,52.5,52.9,50.6,57.526,False,False,3.619,False,True
統一-城中 x 凱基-城中(城中GA本尊),統一-城中,凱基-城中(城中GA本尊),2024-11-19,1569,2024-11-20,in_sample,2470.0,7.5011,2470.0,7.5011,49.35,54.3,54.3,53.214,True,False,-7.8298,False,False
統一-城中 x 凱基-城中(城中GA本尊),統一-城中,凱基-城中(城中GA本尊),2024-11-19,3511,2024-11-20,in_sample,4058.985,2.9696,2623.215,1.9191,47.5,47.55,44.25,48.657,False,False,6.8421,False,True
統一-城中 x 凱基-城中(城中GA本尊),統一-城中,凱基-城中(城中GA本尊),2024-11-21,3323,2024-11-22,in_sample,4602.57,8.3063,1626.1,2.9346,36.55,37.95,35.35,38.073,False,False,3.2832,False,True
統一-城中 x 凱基-城中(城中GA本尊),統一-城中,凱基-城中(城中GA本尊),2024-11-21,6870,2024-11-22,in_sample,534.0,7.2662,587.4,7.9928,276.5,292.0,267.0,287.63,True,False,-4.0253,False,False
統一-城中 x 凱基-城中(城中GA本尊),統一-城中,凱基-城中(城中GA本尊),2024-11-22,3558,2024-11-25,in_sample,1032.5,1.5298,1383.55,2.0499,208.0,215.0,207.0,222.46,False,False,0.4808,False,True
統一-城中 x 凱基-城中(城中GA本尊),統一-城中,凱基-城中(城中GA本尊),2024-11-25,3323,2024-11-26,in_sample,2668.995,4.1929,3904.425,6.1337,39.4,40.75,40.75,41.846,False,False,-3.4264,False,False
統一-城中 x 凱基-城中(城中GA本尊),統一-城中,凱基-城中(城中GA本尊),2024-11-25,6558,2024-11-26,in_sample,1596.54,3.2887,2382.42,4.9075,35.75,37.5,35.75,38.122,False,False,0.0,False,False
統一-城中 x 凱基-城中(城中GA本尊),統一-城中,凱基-城中(城中GA本尊),2024-11-26,4562,2024-11-27,in_sample,2555.92,1.537,5631.94,3.3867,76.0,77.2,68.0,80.066,False,False,10.5263,False,True
統一-城中 x 凱基-城中(城中GA本尊),統一-城中,凱基-城中(城中GA本尊),2024-11-27,2070,2024-11-28,in_sample,1398.0,1.0135,3224.72,2.3377,96.5,97.7,85.6,100.45,False,False,11.2953,False,True
統一-城中 x 凱基-城中(城中GA本尊),統一-城中,凱基-城中(城中GA本尊),2024-11-27,4510,2024-11-28,in_sample,8545.82,5.6569,3645.31,2.413,52.4,56.5,47.1,56.35,True,False,-7.5382,False,False
統一-城中 x 凱基-城中(城中GA本尊),統一-城中,凱基-城中(城中GA本尊),2024-11-27,6174,2024-11-28,in_sample,276.0,2.306,262.2,2.1907,29.0,30.0,27.0,29.743,True,False,-2.5621,False,False
統一-城中 x 凱基-城中(城中GA本尊),統一-城中,凱基-城中(城中GA本尊),2024-11-29,2929,2024-12-02,in_sample,644.14,5.0476,252.84,1.9813,15.55,15.6,15.2,16.219,False,False,2.2508,False,True
統一-城中 x 凱基-城中(城中GA本尊),統一-城中,凱基-城中(城中GA本尊),2024-11-29,3323,2024-12-02,in_sample,3177.5,1.757,3353.8,1.8545,43.65,45.1,43.0,44.198,True,False,-1.2554,False,False
統一-城中 x 凱基-城中(城中GA本尊),統一-城中,凱基-城中(城中GA本尊),2024-12-04,1815,2024-12-05,in_sample,4227.755,1.089,5332.495,1.3736,31.6,32.55,30.5,32.683,False,False,3.481,False,True
統一-城中 x 凱基-城中(城中GA本尊),統一-城中,凱基-城中(城中GA本尊),2024-12-04,2375,2024-12-05,in_sample,3527.5,2.6158,3718.4,2.7573,85.4,90.1,82.4,89.474,True,False,-4.7705,False,False
統一-城中 x 凱基-城中(城中GA本尊),統一-城中,凱基-城中(城中GA本尊),2024-12-04,3090,2024-12-05,in_sample,3306.5,1.8825,3213.14,1.8293,79.0,84.3,76.7,83.79,True,False,-6.0633,False,False
統一-城中 x 凱基-城中(城中GA本尊),統一-城中,凱基-城中(城中GA本尊),2024-12-04,4977,2024-12-05,in_sample,5391.1,2.0863,5391.1,2.0863,147.0,150.0,148.5,153.86,False,False,-1.0204,False,False
統一-城中 x 凱基-城中(城中GA本尊),統一-城中,凱基-城中(城中GA本尊),2024-12-06,6112,2024-12-09,in_sample,1605.32,1.5106,1898.83,1.7868,61.0,61.4,56.3,64.484,False,False,7.7049,False,True
統一-城中 x 凱基-城中(城中GA本尊),統一-城中,凱基-城中(城中GA本尊),2024-12-06,6214,2024-12-09,in_sample,6280.0,3.0059,7065.0,3.3816,159.5,165.0,164.0,169.05,False,False,-2.8213,False,False
統一-城中 x 凱基-城中(城中GA本尊),統一-城中,凱基-城中(城中GA本尊),2024-12-09,1449,2024-12-10,in_sample,1813.13,2.766,1591.59,2.428,29.15,29.3,26.25,31.409,False,False,9.9485,False,True
統一-城中 x 凱基-城中(城中GA本尊),統一-城中,凱基-城中(城中GA本尊),2024-12-12,4540,2024-12-13,in_sample,1406.16,2.8825,1753.92,3.5954,51.6,55.0,52.5,54.292,True,False,-5.2171,False,False
統一-城中 x 凱基-城中(城中GA本尊),統一-城中,凱基-城中(城中GA本尊),2024-12-12,4577,2024-12-13,in_sample,125.1,1.3664,309.275,3.3782,35.95,36.0,33.8,37.436,False,False,5.9805,False,True
統一-城中 x 凱基-城中(城中GA本尊),統一-城中,凱基-城中(城中GA本尊),2024-12-18,3323,2024-12-19,in_sample,1418.73,2.2253,1620.89,2.5424,35.5,36.35,35.5,38.906,False,False,0.0,False,False
統一-城中 x 凱基-城中(城中GA本尊),統一-城中,凱基-城中(城中GA本尊),2024-12-18,6558,2024-12-19,in_sample,1524.18,2.2009,1715.18,2.4767,37.8,39.2,38.1,41.16,False,False,-0.7937,False,False
統一-城中 x 凱基-城中(城中GA本尊),統一-城中,凱基-城中(城中GA本尊),2024-12-20,6215,2024-12-23,in_sample,3356.37,2.3189,3959.01,2.7353,86.7,88.5,84.5,90.16,False,False,2.5375,False,True
統一-城中 x 凱基-城中(城中GA本尊),統一-城中,凱基-城中(城中GA本尊),2024-12-23,2365,2024-12-24,in_sample,7900.06,1.3872,2677.64,0.4702,51.1,52.4,49.85,55.076,False,False,2.4462,False,True
統一-城中 x 凱基-城中(城中GA本尊),統一-城中,凱基-城中(城中GA本尊),2024-12-24,2233,2024-12-25,in_sample,6777.0,4.8031,4518.0,3.2021,266.5,266.5,265.0,270.48,False,False,0.5629,False,True
統一-城中 x 凱基-城中(城中GA本尊),統一-城中,凱基-城中(城中GA本尊),2024-12-30,4549,2024-12-31,in_sample,2310.3,2.0015,4054.35,3.5124,229.0,234.0,222.0,244.02,False,False,3.0568,False,True
統一-城中 x 凱基-城中(城中GA本尊),統一-城中,凱基-城中(城中GA本尊),2024-12-30,8033,2024-12-31,in_sample,2804.88,4.2061,3375.6,5.0619,74.8,75.4,69.9,74.97,True,False,-0.2273,False,False
統一-城中 x 凱基-城中(城中GA本尊),統一-城中,凱基-城中(城中GA本尊),2024-12-31,2630,2025-01-02,in_sample,1601.545,2.5131,2183.925,3.427,40.85,42.1,39.15,42.385,False,False,4.1616,False,True
統一-城中 x 凱基-城中(城中GA本尊),統一-城中,凱基-城中(城中GA本尊),2024-12-31,8234,2025-01-02,in_sample,2501.27,2.5233,3015.67,3.0422,65.6,67.7,65.2,69.286,False,False,0.6098,False,True
統一-城中 x 凱基-城中(城中GA本尊),統一-城中,凱基-城中(城中GA本尊),2025-01-02,6245,2025-01-03,in_sample,3322.35,2.9622,4978.35,4.4386,107.0,107.0,98.7,111.23,False,False,7.757,False,True
統一-城中 x 凱基-城中(城中GA本尊),統一-城中,凱基-城中(城中GA本尊),2025-01-03,6215,2025-01-06,in_sample,4439.3,1.7682,5119.1,2.039,106.5,112.5,105.0,110.74,True,False,-3.9812,False,False
統一-城中 x 凱基-城中(城中GA本尊),統一-城中,凱基-城中(城中GA本尊),2025-01-03,6928,2025-01-06,in_sample,991.25,3.7259,1229.15,4.6201,84.3,86.2,77.2,85.456,True,False,-1.3713,False,False
統一-城中 x 凱基-城中(城中GA本尊),統一-城中,凱基-城中(城中GA本尊),2025-01-07,6672,2025-01-08,in_sample,105.75,3.1808,14.1,0.4241,74.6,77.5,77.5,75.95,True,False,-1.8097,False,False
統一-城中 x 凱基-城中(城中GA本尊),統一-城中,凱基-城中(城中GA本尊),2025-01-08,3645,2025-01-09,in_sample,3339.82,1.393,3714.5,1.5492,67.8,71.0,66.4,69.58,True,False,-2.6254,False,False
統一-城中 x 凱基-城中(城中GA本尊),統一-城中,凱基-城中(城中GA本尊),2025-01-14,6683,2025-01-15,in_sample,2401.7,1.7557,2401.7,1.7557,523.0,532.0,500.0,550.76,False,False,4.3977,False,True
統一-城中 x 凱基-城中(城中GA本尊),統一-城中,凱基-城中(城中GA本尊),2025-01-15,3379,2025-01-16,in_sample,1754.48,0.9228,1947.28,1.0242,50.6,53.0,53.0,51.94,True,False,-2.6482,False,False
統一-城中 x 凱基-城中(城中GA本尊),統一-城中,凱基-城中(城中GA本尊),2025-01-16,3294,2025-01-17,in_sample,1832.1,3.7604,2017.28,4.1405,41.35,42.2,40.1,42.434,False,False,3.023,False,True
統一-城中 x 凱基-城中(城中GA本尊),統一-城中,凱基-城中(城中GA本尊),2025-01-16,4991,2025-01-17,in_sample,4380.3,1.3252,5022.0,1.5193,138.5,140.5,126.0,149.94,False,False,9.0253,False,True
統一-城中 x 凱基-城中(城中GA本尊),統一-城中,凱基-城中(城中GA本尊),2025-01-16,6558,2025-01-17,in_sample,3022.32,0.7217,3572.3,0.8531,54.6,55.5,51.1,55.37,True,False,-1.4103,False,False
統一-城中 x 凱基-城中(城中GA本尊),統一-城中,凱基-城中(城中GA本尊),2025-01-20,6215,2025-01-21,in_sample,757.25,0.1776,5160.95,1.2107,119.5,121.5,113.5,125.44,False,False,5.0209,False,True
統一-城中 x 凱基-城中(城中GA本尊),統一-城中,凱基-城中(城中GA本尊),2025-02-04,6112,2025-02-05,in_sample,4373.42,2.1956,11387.14,5.7168,69.8,72.2,68.3,72.912,False,False,2.149,False,True
統一-城中 x 凱基-城中(城中GA本尊),統一-城中,凱基-城中(城中GA本尊),2025-02-14,3376,2025-02-17,in_sample,10923.8,1.5779,12735.0,1.8396,285.0,297.5,290.5,304.78,False,False,-1.9298,False,False
統一-城中 x 凱基-城中(城中GA本尊),統一-城中,凱基-城中(城中GA本尊),2025-02-17,8234,2025-02-18,in_sample,4214.4,2.2671,1975.5,1.0627,89.9,93.6,90.0,94.57,False,False,-0.1112,False,False
統一-城中 x 凱基-城中(城中GA本尊),統一-城中,凱基-城中(城中GA本尊),2025-02-19,4916,2025-02-20,in_sample,4668.71,3.0226,4436.695,2.8724,49.25,50.3,46.8,50.96,False,False,4.9746,False,True
統一-城中 x 凱基-城中(城中GA本尊),統一-城中,凱基-城中(城中GA本尊),2025-02-19,6140,2025-02-20,in_sample,1007.1,2.3633,1025.75,2.4071,38.3,38.85,36.15,40.18,False,False,5.6136,False,True
統一-城中 x 凱基-城中(城中GA本尊),統一-城中,凱基-城中(城中GA本尊),2025-02-20,1519,2025-02-21,in_sample,17506.3,1.6564,16260.3,1.5385,629.0,676.0,635.0,671.3,True,False,-6.725,False,False
統一-城中 x 凱基-城中(城中GA本尊),統一-城中,凱基-城中(城中GA本尊),2025-02-20,3022,2025-02-21,in_sample,3060.96,4.6663,3671.33,5.5968,93.6,100.0,100.0,98.0,True,False,-4.7009,False,False
統一-城中 x 凱基-城中(城中GA本尊),統一-城中,凱基-城中(城中GA本尊),2025-02-20,4722,2025-02-21,in_sample,2383.95,5.4977,2729.45,6.2945,70.3,70.8,64.5,74.48,False,False,8.2504,False,True
統一-城中 x 凱基-城中(城中GA本尊),統一-城中,凱基-城中(城中GA本尊),2025-02-20,4770,2025-02-21,in_sample,2401.95,2.8059,2617.05,3.0572,354.0,362.0,341.0,386.12,False,False,3.6723,False,True
統一-城中 x 凱基-城中(城中GA本尊),統一-城中,凱基-城中(城中GA本尊),2025-02-21,1569,2025-02-24,in_sample,5677.42,2.5082,3288.11,1.4527,74.5,76.1,73.3,80.654,False,False,1.6107,False,True
統一-城中 x 凱基-城中(城中GA本尊),統一-城中,凱基-城中(城中GA本尊),2025-02-21,3379,2025-02-24,in_sample,2879.08,3.8792,3039.4,4.0952,67.7,73.4,73.4,71.932,True,False,-6.2511,False,False
統一-城中 x 凱基-城中(城中GA本尊),統一-城中,凱基-城中(城中GA本尊),2025-03-12,6658,2025-03-13,in_sample,1629.19,4.275,1645.73,4.3184,87.2,87.6,81.8,89.082,False,False,6.1927,False,True
統一-城中 x 凱基-城中(城中GA本尊),統一-城中,凱基-城中(城中GA本尊),2025-03-17,8088,2025-03-18,in_sample,891.1,0.7174,651.7,0.5247,34.8,36.5,35.0,35.819,True,False,-2.9282,False,False
統一-城中 x 凱基-城中(城中GA本尊),統一-城中,凱基-城中(城中GA本尊),2025-03-18,6117,2025-03-19,in_sample,2322.6,1.0707,5308.8,2.4473,120.0,121.5,111.0,127.4,False,False,7.5,False,True
統一-城中 x 凱基-城中(城中GA本尊),統一-城中,凱基-城中(城中GA本尊),2025-03-18,6227,2025-03-19,in_sample,2371.5,0.6881,5865.0,1.7018,131.0,134.0,129.0,137.2,False,False,1.5267,False,True
統一-城中 x 凱基-城中(城中GA本尊),統一-城中,凱基-城中(城中GA本尊),2025-03-18,6558,2025-03-19,in_sample,2947.2,2.1456,6017.2,4.3805,64.3,65.0,60.9,66.15,False,False,5.2877,False,True
統一-城中 x 凱基-城中(城中GA本尊),統一-城中,凱基-城中(城中GA本尊),2025-03-19,8222,2025-03-20,in_sample,1104.95,4.418,1019.26,4.0754,46.0,46.2,45.45,48.608,False,False,1.1957,False,True
統一-城中 x 凱基-城中(城中GA本尊),統一-城中,凱基-城中(城中GA本尊),2025-03-20,2429,2025-03-21,in_sample,3110.04,2.216,4518.36,3.2194,69.1,69.3,64.4,70.266,False,False,6.8017,False,True
統一-城中 x 凱基-城中(城中GA本尊),統一-城中,凱基-城中(城中GA本尊),2025-03-20,2453,2025-03-21,in_sample,3779.27,2.3925,1184.22,0.7497,74.6,79.0,75.6,78.792,True,False,-5.6193,False,False
統一-城中 x 凱基-城中(城中GA本尊),統一-城中,凱基-城中(城中GA本尊),2025-03-20,4949,2025-03-21,in_sample,312.55,1.2035,671.16,2.5844,33.95,36.15,36.15,35.427,True,False,-4.3505,False,False
統一-城中 x 凱基-城中(城中GA本尊),統一-城中,凱基-城中(城中GA本尊),2025-03-21,2468,2025-03-24,in_sample,3185.0,3.0506,3189.9,3.0553,52.3,53.9,53.9,52.822,True,False,-0.9981,False,False
統一-城中 x 凱基-城中(城中GA本尊),統一-城中,凱基-城中(城中GA本尊),2025-03-21,6140,2025-03-24,in_sample,1955.52,1.4044,2176.68,1.5632,41.0,42.65,42.65,41.797,True,False,-1.9439,False,False
統一-城中 x 凱基-城中(城中GA本尊),統一-城中,凱基-城中(城中GA本尊),2025-03-24,1584,2025-03-25,in_sample,320.845,0.5397,2479.54,4.1709,31.55,32.1,30.3,33.565,False,False,3.962,False,True
統一-城中 x 凱基-城中(城中GA本尊),統一-城中,凱基-城中(城中GA本尊),2025-03-24,6140,2025-03-25,in_sample,989.48,0.5869,541.655,0.3213,46.75,46.9,46.9,45.962,True,False,1.6856,False,True
統一-城中 x 凱基-城中(城中GA本尊),統一-城中,凱基-城中(城中GA本尊),2025-03-24,6148,2025-03-25,in_sample,663.0,0.447,3060.0,2.063,52.8,56.1,56.1,54.978,True,False,-4.125,False,False
統一-城中 x 凱基-城中(城中GA本尊),統一-城中,凱基-城中(城中GA本尊),2025-03-24,8383,2025-03-25,in_sample,1128.5,1.857,1183.4,1.9473,61.5,64.4,57.4,65.758,False,False,6.6667,False,True
統一-城中 x 凱基-城中(城中GA本尊),統一-城中,凱基-城中(城中GA本尊),2025-03-26,5202,2025-03-27,in_sample,526.35,0.4837,2819.96,2.5912,32.5,33.7,29.1,34.349,False,False,10.4615,False,True
統一-城中 x 凱基-城中(城中GA本尊),統一-城中,凱基-城中(城中GA本尊),2025-03-27,6799,2025-03-28,in_sample,1677.0,1.7429,1225.5,1.2737,130.0,132.0,123.0,138.67,False,False,5.3846,False,True
統一-城中 x 凱基-城中(城中GA本尊),統一-城中,凱基-城中(城中GA本尊),2025-03-28,4541,2025-03-31,in_sample,6886.36,2.7441,2243.93,0.8942,54.2,58.6,48.5,57.428,True,False,-5.9557,False,False
統一-城中 x 凱基-城中(城中GA本尊),統一-城中,凱基-城中(城中GA本尊),2025-03-28,6753,2025-03-31,in_sample,6362.85,4.2533,6852.3,4.5805,123.0,125.5,113.0,135.24,False,False,8.1301,False,True
統一-城中 x 凱基-城中(城中GA本尊),統一-城中,凱基-城中(城中GA本尊),2025-04-01,1584,2025-04-02,in_sample,1512.28,4.7846,1444.52,4.5702,31.7,32.9,31.5,33.173,False,False,0.6309,False,True
統一-城中 x 凱基-城中(城中GA本尊),統一-城中,凱基-城中(城中GA本尊),2025-04-01,2630,2025-04-02,in_sample,1899.08,3.6667,2553.12,4.9295,40.0,41.15,38.8,42.434,False,False,3.0,False,True
統一-城中 x 凱基-城中(城中GA本尊),統一-城中,凱基-城中(城中GA本尊),2025-04-01,2634,2025-04-02,in_sample,10146.68,3.2826,5014.16,1.6222,54.0,55.5,52.2,57.918,False,False,3.3333,False,True
統一-城中 x 凱基-城中(城中GA本尊),統一-城中,凱基-城中(城中GA本尊),2025-04-10,1584,2025-04-11,in_sample,546.0,15.0151,548.73,15.0902,27.0,28.3,27.8,29.4,False,False,-2.963,False,False
統一-城中 x 凱基-城中(城中GA本尊),統一-城中,凱基-城中(城中GA本尊),2025-04-10,2002,2025-04-11,in_sample,616.55,1.9803,608.19,1.9535,20.8,20.8,20.45,22.491,False,False,1.6827,False,True
統一-城中 x 凱基-城中(城中GA本尊),統一-城中,凱基-城中(城中GA本尊),2025-04-10,2337,2025-04-11,in_sample,281.25,4.1747,371.25,5.5107,17.2,18.95,18.85,20.188,False,False,-9.593,False,False
統一-城中 x 凱基-城中(城中GA本尊),統一-城中,凱基-城中(城中GA本尊),2025-04-10,2371,2025-04-11,in_sample,1057.5,5.7739,1082.175,5.9086,33.6,38.4,38.4,37.975,True,False,-13.0208,False,False
統一-城中 x 凱基-城中(城中GA本尊),統一-城中,凱基-城中(城中GA本尊),2025-04-10,2603,2025-04-11,in_sample,1052.8,0.9139,8986.4,7.8005,184.0,206.5,206.5,202.37,True,False,-9.9837,False,False
統一-城中 x 凱基-城中(城中GA本尊),統一-城中,凱基-城中(城中GA本尊),2025-04-10,2609,2025-04-11,in_sample,1617.2,2.3453,1548.78,2.246,62.0,68.4,68.4,67.032,True,False,-8.1161,False,False
統一-城中 x 凱基-城中(城中GA本尊),統一-城中,凱基-城中(城中GA本尊),2025-04-10,2615,2025-04-11,in_sample,510.72,3.202,2022.72,12.6818,67.2,73.9,73.9,72.422,True,False,-7.7708,False,False
統一-城中 x 凱基-城中(城中GA本尊),統一-城中,凱基-城中(城中GA本尊),2025-04-10,2618,2025-04-11,in_sample,1470.315,5.7819,1459.26,5.7384,35.5,40.5,40.5,39.69,True,False,-11.8028,False,False
統一-城中 x 凱基-城中(城中GA本尊),統一-城中,凱基-城中(城中GA本尊),2025-04-10,2883,2025-04-11,in_sample,651.0,1.2114,621.55,1.1566,15.0,15.25,15.2,16.709,False,False,-1.3333,False,False
統一-城中 x 凱基-城中(城中GA本尊),統一-城中,凱基-城中(城中GA本尊),2025-04-10,2885,2025-04-11,in_sample,1497.0,3.1911,1803.0,3.8434,28.85,30.45,30.3,32.34,False,False,-5.026,False,False
統一-城中 x 凱基-城中(城中GA本尊),統一-城中,凱基-城中(城中GA本尊),2025-04-15,6285,2025-04-16,in_sample,5070.0,7.4086,1534.0,2.2416,126.0,127.0,121.5,140.14,False,False,3.5714,False,True
統一-城中 x 凱基-城中(城中GA本尊),統一-城中,凱基-城中(城中GA本尊),2025-04-17,3287,2025-04-18,in_sample,1368.08,7.4022,529.2,2.8633,42.3,43.1,43.1,42.238,True,False,0.1466,False,True
統一-城中 x 凱基-城中(城中GA本尊),統一-城中,凱基-城中(城中GA本尊),2025-04-18,6148,2025-04-21,in_sample,7768.8,1.5527,1301.44,0.2601,71.1,72.0,61.8,71.54,True,False,-0.6188,False,False
統一-城中 x 凱基-城中(城中GA本尊),統一-城中,凱基-城中(城中GA本尊),2025-04-18,6215,2025-04-21,in_sample,2516.36,2.0246,1521.52,1.2242,84.3,85.9,78.3,90.062,False,False,7.1174,False,True
統一-城中 x 凱基-城中(城中GA本尊),統一-城中,凱基-城中(城中GA本尊),2025-04-21,6916,2025-04-22,in_sample,174.72,3.6309,221.13,4.5954,28.2,28.2,26.0,29.4,False,False,7.8014,False,True
統一-城中 x 凱基-城中(城中GA本尊),統一-城中,凱基-城中(城中GA本尊),2025-04-23,5201,2025-04-24,in_sample,907.0,4.2024,848.045,3.9293,46.3,49.7,47.75,48.853,True,False,-5.514,False,False
統一-城中 x 凱基-城中(城中GA本尊),統一-城中,凱基-城中(城中GA本尊),2025-04-23,8088,2025-04-24,in_sample,1640.25,1.5286,1775.25,1.6544,34.0,34.7,33.85,36.358,False,False,0.4412,False,True
統一-城中 x 凱基-城中(城中GA本尊),統一-城中,凱基-城中(城中GA本尊),2025-05-02,4303,2025-05-05,in_sample,759.92,0.3569,7500.08,3.5228,86.5,90.0,87.6,88.984,True,False,-2.8717,False,False
統一-城中 x 凱基-城中(城中GA本尊),統一-城中,凱基-城中(城中GA本尊),2025-05-06,3434,2025-05-07,in_sample,1848.32,2.298,2678.62,3.3303,77.9,79.4,70.7,77.812,True,False,0.113,False,True
統一-城中 x 凱基-城中(城中GA本尊),統一-城中,凱基-城中(城中GA本尊),2025-05-06,4541,2025-05-07,in_sample,6224.68,4.5179,3050.3,2.2139,52.9,52.9,50.3,55.664,False,False,4.9149,False,True
統一-城中 x 凱基-城中(城中GA本尊),統一-城中,凱基-城中(城中GA本尊),2025-05-06,8222,2025-05-07,in_sample,9124.88,2.4575,9432.16,2.5403,67.0,69.5,65.0,71.932,False,False,2.9851,False,True
統一-城中 x 凱基-城中(城中GA本尊),統一-城中,凱基-城中(城中GA本尊),2025-05-09,4979,2025-05-12,in_sample,7619.4,1.0444,8084.2,1.1081,170.0,171.5,163.5,178.85,False,False,3.8235,False,True
統一-城中 x 凱基-城中(城中GA本尊),統一-城中,凱基-城中(城中GA本尊),2025-05-13,8088,2025-05-14,in_sample,1922.96,4.7179,1410.4,3.4604,35.85,37.8,36.3,37.044,True,False,-3.3305,False,False
統一-城中 x 凱基-城中(城中GA本尊),統一-城中,凱基-城中(城中GA本尊),2025-05-20,5251,2025-05-21,in_sample,1510.86,2.5596,2408.25,4.0799,51.7,55.6,51.2,54.586,True,False,-5.5822,False,False
統一-城中 x 凱基-城中(城中GA本尊),統一-城中,凱基-城中(城中GA本尊),2025-05-20,8072,2025-05-21,in_sample,2248.605,6.2728,784.845,2.1894,50.5,52.9,49.2,51.842,True,False,-2.6574,False,False
統一-城中 x 凱基-城中(城中GA本尊),統一-城中,凱基-城中(城中GA本尊),2025-05-21,3004,2025-05-22,in_sample,282.15,0.2182,3979.8,3.0774,153.0,153.0,146.5,159.74,False,False,4.2484,False,True
統一-城中 x 凱基-城中(城中GA本尊),統一-城中,凱基-城中(城中GA本尊),2025-05-21,3297,2025-05-22,in_sample,1255.98,2.8888,123.42,0.2839,36.5,38.1,36.0,39.102,False,False,1.3699,False,True
統一-城中 x 凱基-城中(城中GA本尊),統一-城中,凱基-城中(城中GA本尊),2025-05-23,3297,2025-05-26,in_sample,1386.0,2.6208,1849.32,3.4968,41.0,43.55,43.55,42.679,True,False,-4.0951,False,False
統一-城中 x 凱基-城中(城中GA本尊),統一-城中,凱基-城中(城中GA本尊),2025-05-23,4949,2025-05-26,in_sample,3618.0,1.8914,5466.0,2.8575,63.6,65.5,61.1,64.68,True,False,-1.6981,False,False
統一-城中 x 凱基-城中(城中GA本尊),統一-城中,凱基-城中(城中GA本尊),2025-05-28,3219,2025-05-29,in_sample,1822.46,6.6032,2578.4,9.3422,62.2,63.4,58.0,63.112,True,False,-1.4662,False,False
統一-城中 x 凱基-城中(城中GA本尊),統一-城中,凱基-城中(城中GA本尊),2025-06-03,5251,2025-06-04,in_sample,1651.57,1.5719,2532.06,2.4099,54.6,57.3,52.2,56.154,True,False,-2.8462,False,False
統一-城中 x 凱基-城中(城中GA本尊),統一-城中,凱基-城中(城中GA本尊),2025-06-03,8072,2025-06-04,in_sample,3522.96,3.0961,5231.52,4.5977,53.8,55.0,50.7,54.292,True,False,-0.9145,False,False
統一-城中 x 凱基-城中(城中GA本尊),統一-城中,凱基-城中(城中GA本尊),2025-06-12,2468,2025-06-13,in_sample,6376.7,3.5781,3219.04,1.8063,68.5,70.7,67.4,73.5,False,False,1.6058,False,True
統一-城中 x 凱基-城中(城中GA本尊),統一-城中,凱基-城中(城中GA本尊),2025-06-12,3362,2025-06-13,in_sample,1647.2,2.9626,951.4,1.7111,141.0,145.0,137.5,152.88,False,False,2.4823,False,True
統一-城中 x 凱基-城中(城中GA本尊),統一-城中,凱基-城中(城中GA本尊),2025-06-16,4991,2025-06-17,in_sample,9036.3,2.3292,9443.43,2.4342,104.0,105.0,97.4,106.82,False,False,6.3462,False,True
統一-城中 x 凱基-城中(城中GA本尊),統一-城中,凱基-城中(城中GA本尊),2025-06-20,3297,2025-06-23,in_sample,757.35,2.1805,2772.36,7.982,47.15,48.5,48.05,49.392,False,False,-1.9088,False,False
統一-城中 x 凱基-城中(城中GA本尊),統一-城中,凱基-城中(城中GA本尊),2025-06-20,5251,2025-06-23,in_sample,2789.22,1.1085,3873.24,1.5393,62.5,64.7,58.7,65.562,False,False,6.08,False,True
統一-城中 x 凱基-城中(城中GA本尊),統一-城中,凱基-城中(城中GA本尊),2025-06-24,4510,2025-06-25,in_sample,1921.92,3.0534,2560.8,4.0684,53.6,53.8,50.9,56.84,False,False,5.0373,False,True
統一-城中 x 凱基-城中(城中GA本尊),統一-城中,凱基-城中(城中GA本尊),2025-06-24,8072,2025-06-25,in_sample,1123.6,1.5909,3540.4,5.0129,53.6,54.5,51.2,57.134,False,False,4.4776,False,True
統一-城中 x 凱基-城中(城中GA本尊),統一-城中,凱基-城中(城中GA本尊),2025-06-25,8054,2025-06-26,in_sample,5795.0,2.0604,3647.8,1.297,124.5,126.0,118.5,131.32,False,False,4.8193,False,True
統一-城中 x 凱基-城中(城中GA本尊),統一-城中,凱基-城中(城中GA本尊),2025-06-26,3297,2025-06-27,in_sample,2992.85,7.0465,2877.16,6.7741,53.0,55.3,55.3,54.194,True,False,-2.2528,False,False
統一-城中 x 凱基-城中(城中GA本尊),統一-城中,凱基-城中(城中GA本尊),2025-06-27,3128,2025-06-30,in_sample,2037.7,3.8612,2689.6,5.0965,41.9,45.1,45.1,44.198,True,False,-5.4845,False,False
統一-城中 x 凱基-城中(城中GA本尊),統一-城中,凱基-城中(城中GA本尊),2025-06-27,3535,2025-06-30,in_sample,1709.73,3.4784,1766.25,3.5934,47.55,51.8,51.8,50.764,True,False,-6.7592,False,False
統一-城中 x 凱基-城中(城中GA本尊),統一-城中,凱基-城中(城中GA本尊),2025-06-30,3535,2025-07-01,in_sample,3382.54,2.0162,3304.84,1.9699,54.8,56.9,52.8,55.762,True,False,-1.7555,False,False
統一-城中 x 凱基-城中(城中GA本尊),統一-城中,凱基-城中(城中GA本尊),2025-07-01,6112,2025-07-02,in_sample,2769.24,4.509,3288.12,5.3539,56.7,59.5,56.0,60.76,False,False,1.2346,False,True
統一-城中 x 凱基-城中(城中GA本尊),統一-城中,凱基-城中(城中GA本尊),2025-07-02,3167,2025-07-03,in_sample,3643.2,1.7656,10005.0,4.8486,140.5,145.5,136.0,148.47,False,False,3.2028,False,True
統一-城中 x 凱基-城中(城中GA本尊),統一-城中,凱基-城中(城中GA本尊),2025-07-02,3577,2025-07-03,in_sample,3914.01,17.2165,315.78,1.389,84.6,87.8,84.6,89.572,False,False,0.0,False,False
統一-城中 x 凱基-城中(城中GA本尊),統一-城中,凱基-城中(城中GA本尊),2025-07-02,6625,2025-07-03,in_sample,1459.05,2.8416,5516.7,10.7443,106.0,108.0,102.0,114.66,False,False,3.7736,False,True
統一-城中 x 凱基-城中(城中GA本尊),統一-城中,凱基-城中(城中GA本尊),2025-07-04,4991,2025-07-07,in_sample,23981.1,3.0626,20820.8,2.659,150.0,150.0,137.0,153.86,False,False,8.6667,False,True
統一-城中 x 凱基-城中(城中GA本尊),統一-城中,凱基-城中(城中GA本尊),2025-07-09,4971,2025-07-10,in_sample,5194.8,2.9102,7254.0,4.0638,160.0,165.5,165.5,168.07,False,False,-3.4375,False,False
統一-城中 x 凱基-城中(城中GA本尊),統一-城中,凱基-城中(城中GA本尊),2025-07-11,3535,2025-07-14,in_sample,5943.84,7.6997,3014.55,3.9051,62.0,63.9,63.9,65.562,False,False,-3.0645,False,False
統一-城中 x 凱基-城中(城中GA本尊),統一-城中,凱基-城中(城中GA本尊),2025-07-15,1815,2025-07-16,in_sample,15396.16,2.4373,13486.72,2.135,42.75,45.5,44.5,44.835,True,False,-4.8772,False,False
統一-城中 x 凱基-城中(城中GA本尊),統一-城中,凱基-城中(城中GA本尊),2025-07-16,3508,2025-07-17,in_sample,83.825,3.7157,1202.29,53.2944,25.0,25.7,23.75,25.774,False,False,5.0,False,True
統一-城中 x 凱基-城中(城中GA本尊),統一-城中,凱基-城中(城中GA本尊),2025-07-18,3376,2025-07-21,in_sample,17803.8,3.4504,22348.95,4.3312,237.5,245.0,237.0,253.82,False,False,0.2105,False,True
統一-城中 x 凱基-城中(城中GA本尊),統一-城中,凱基-城中(城中GA本尊),2025-07-18,8374,2025-07-21,in_sample,4346.0,7.3174,3884.75,6.5408,102.5,105.0,101.0,110.25,False,False,1.4634,False,True
統一-城中 x 凱基-城中(城中GA本尊),統一-城中,凱基-城中(城中GA本尊),2025-07-21,3044,2025-07-22,in_sample,11526.75,3.72,7112.25,2.2953,270.5,279.5,266.5,293.51,False,False,1.4787,False,True
統一-城中 x 凱基-城中(城中GA本尊),統一-城中,凱基-城中(城中GA本尊),2025-07-21,6462,2025-07-22,in_sample,6664.0,3.0705,8372.0,3.8575,146.0,147.5,138.0,150.92,False,False,5.4795,False,True
統一-城中 x 凱基-城中(城中GA本尊),統一-城中,凱基-城中(城中GA本尊),2025-07-21,6684,2025-07-22,in_sample,608.0,6.1052,285.76,2.8694,61.5,66.3,59.5,65.464,True,False,-6.4455,False,False
統一-城中 x 凱基-城中(城中GA本尊),統一-城中,凱基-城中(城中GA本尊),2025-07-23,2365,2025-07-24,in_sample,8574.63,4.3012,6259.74,3.14,44.15,45.5,43.8,46.697,False,False,0.7928,False,True
統一-城中 x 凱基-城中(城中GA本尊),統一-城中,凱基-城中(城中GA本尊),2025-07-23,9914,2025-07-24,in_sample,2641.8,14.3794,177.6,0.9667,113.5,116.0,115.0,119.56,False,False,-1.3216,False,False
統一-城中 x 凱基-城中(城中GA本尊),統一-城中,凱基-城中(城中GA本尊),2025-07-24,4916,2025-07-25,in_sample,3897.58,4.1861,1103.78,1.1855,46.9,49.35,47.15,49.294,True,False,-5.1045,False,False
統一-城中 x 凱基-城中(城中GA本尊),統一-城中,凱基-城中(城中GA本尊),2025-07-25,2455,2025-07-28,in_sample,16100.35,3.2359,6240.9,1.2543,150.0,150.5,147.5,157.78,False,False,1.6667,False,True
統一-城中 x 凱基-城中(城中GA本尊),統一-城中,凱基-城中(城中GA本尊),2025-07-25,8033,2025-07-28,in_sample,7670.56,1.7478,3445.64,0.7851,78.0,79.3,78.9,82.32,False,False,-1.1538,False,False
統一-城中 x 凱基-城中(城中GA本尊),統一-城中,凱基-城中(城中GA本尊),2025-07-29,8033,2025-07-30,in_sample,1751.34,0.373,2080.8,0.4431,89.2,95.3,95.3,93.394,True,False,-4.7018,False,False
統一-城中 x 凱基-城中(城中GA本尊),統一-城中,凱基-城中(城中GA本尊),2025-07-30,5371,2025-07-31,in_sample,4044.8,1.267,3823.6,1.1977,81.5,83.6,81.6,85.162,False,False,-0.1227,False,False
統一-城中 x 凱基-城中(城中GA本尊),統一-城中,凱基-城中(城中GA本尊),2025-07-30,8033,2025-07-31,in_sample,2744.64,0.2519,2411.09,0.2213,97.6,99.2,95.6,102.41,False,False,2.0492,False,True
統一-城中 x 凱基-城中(城中GA本尊),統一-城中,凱基-城中(城中GA本尊),2025-07-31,1815,2025-08-01,in_sample,20010.9,1.8192,5208.84,0.4735,54.2,57.0,54.8,58.8,False,False,-1.107,False,False
統一-城中 x 凱基-城中(城中GA本尊),統一-城中,凱基-城中(城中GA本尊),2025-08-04,6234,2025-08-05,in_sample,1632.96,3.4852,1827.84,3.9011,34.45,35.4,31.7,36.211,False,False,7.9826,False,True
統一-城中 x 凱基-城中(城中GA本尊),統一-城中,凱基-城中(城中GA本尊),2025-08-05,3306,2025-08-06,in_sample,177.1,1.2152,2712.16,18.61,52.0,53.6,51.7,54.488,False,False,0.5769,False,True
統一-城中 x 凱基-城中(城中GA本尊),統一-城中,凱基-城中(城中GA本尊),2025-08-06,3715,2025-08-07,in_sample,18942.0,3.9915,13896.96,2.9284,94.2,99.7,92.0,99.47,True,False,-5.5945,False,False
統一-城中 x 凱基-城中(城中GA本尊),統一-城中,凱基-城中(城中GA本尊),2025-08-06,6510,2025-08-07,in_sample,5466.3,2.5896,1438.5,0.6815,967.0,967.0,966.0,1029.0,False,False,0.1034,False,True
統一-城中 x 凱基-城中(城中GA本尊),統一-城中,凱基-城中(城中GA本尊),2025-08-07,5443,2025-08-08,in_sample,4882.41,4.8342,4323.87,4.2811,100.0,103.0,97.5,103.39,False,False,2.5,False,True
統一-城中 x 凱基-城中(城中GA本尊),統一-城中,凱基-城中(城中GA本尊),2025-08-07,6196,2025-08-08,in_sample,9327.15,9.991,6725.25,7.2039,225.5,226.5,219.0,237.65,False,False,2.8825,False,True
統一-城中 x 凱基-城中(城中GA本尊),統一-城中,凱基-城中(城中GA本尊),2025-08-07,8021,2025-08-08,in_sample,2874.08,0.733,5709.11,1.4561,80.2,83.9,82.6,84.182,False,False,-2.9925,False,False
統一-城中 x 凱基-城中(城中GA本尊),統一-城中,凱基-城中(城中GA本尊),2025-08-08,2228,2025-08-11,in_sample,2079.0,7.0839,1921.5,6.5473,115.5,115.5,112.5,113.19,True,False,2.0,False,True
統一-城中 x 凱基-城中(城中GA本尊),統一-城中,凱基-城中(城中GA本尊),2025-08-08,6190,2025-08-11,in_sample,1577.88,1.0654,2956.09,1.9959,49.65,52.9,48.9,52.43,True,False,-5.5992,False,False
統一-城中 x 凱基-城中(城中GA本尊),統一-城中,凱基-城中(城中GA本尊),2025-08-08,8358,2025-08-11,in_sample,17725.0,3.5744,10387.5,2.0948,130.0,134.0,131.0,134.75,False,False,-0.7692,False,False
統一-城中 x 凱基-城中(城中GA本尊),統一-城中,凱基-城中(城中GA本尊),2025-08-11,1815,2025-08-12,in_sample,20790.04,2.2766,18241.94,1.9975,63.0,67.5,67.5,66.15,True,False,-5.0,False,False
統一-城中 x 凱基-城中(城中GA本尊),統一-城中,凱基-城中(城中GA本尊),2025-08-11,4722,2025-08-12,in_sample,2655.4,4.6134,2257.09,3.9214,81.6,85.9,85.9,84.182,True,False,-3.1642,False,False
統一-城中 x 凱基-城中(城中GA本尊),統一-城中,凱基-城中(城中GA本尊),2025-08-11,4958,2025-08-12,in_sample,11900.15,2.6381,12423.7,2.7542,142.0,151.0,147.0,152.39,False,False,-3.5211,False,False
統一-城中 x 凱基-城中(城中GA本尊),統一-城中,凱基-城中(城中GA本尊),2025-08-12,3163,2025-08-13,in_sample,10792.6,3.8832,8608.6,3.0974,187.5,192.5,183.0,196.0,False,False,2.4,False,True
統一-城中 x 凱基-城中(城中GA本尊),統一-城中,凱基-城中(城中GA本尊),2025-08-12,3605,2025-08-13,in_sample,6282.6,6.2992,5631.4,5.6463,77.3,80.8,75.7,79.772,True,False,-3.1979,False,False
統一-城中 x 凱基-城中(城中GA本尊),統一-城中,凱基-城中(城中GA本尊),2025-08-12,4722,2025-08-13,in_sample,2388.02,3.6726,2740.21,4.2143,89.2,93.8,84.2,92.512,True,False,-3.713,False,False
統一-城中 x 凱基-城中(城中GA本尊),統一-城中,凱基-城中(城中GA本尊),2025-08-13,1802,2025-08-14,in_sample,6501.33,0.8496,12901.17,1.6859,30.75,31.95,30.95,32.144,False,False,-0.6504,False,False
統一-城中 x 凱基-城中(城中GA本尊),統一-城中,凱基-城中(城中GA本尊),2025-08-13,3019,2025-08-14,in_sample,20590.7,1.44,17641.95,1.2338,171.5,173.0,160.5,181.3,False,False,6.414,False,True
統一-城中 x 凱基-城中(城中GA本尊),統一-城中,凱基-城中(城中GA本尊),2025-08-13,8249,2025-08-14,in_sample,2745.5,3.323,814.98,0.9864,58.6,60.7,59.8,62.23,False,False,-2.0478,False,False
統一-城中 x 凱基-城中(城中GA本尊),統一-城中,凱基-城中(城中GA本尊),2025-08-14,1717,2025-08-15,in_sample,3855.5,1.768,3154.5,1.4465,35.5,38.55,38.55,37.779,True,False,-6.4197,False,False
統一-城中 x 凱基-城中(城中GA本尊),統一-城中,凱基-城中(城中GA本尊),2025-08-14,3305,2025-08-15,in_sample,9260.73,2.233,11772.9,2.8387,93.2,97.2,88.2,99.47,False,False,5.3648,False,True
統一-城中 x 凱基-城中(城中GA本尊),統一-城中,凱基-城中(城中GA本尊),2025-08-14,3363,2025-08-15,in_sample,14385.6,2.834,11621.7,2.2895,341.5,365.5,357.5,358.68,True,False,-5.0307,False,False
統一-城中 x 凱基-城中(城中GA本尊),統一-城中,凱基-城中(城中GA本尊),2025-08-14,6530,2025-08-15,in_sample,2647.75,9.9305,1532.58,5.748,66.1,68.5,68.5,67.13,True,False,-1.5582,False,False
統一-城中 x 凱基-城中(城中GA本尊),統一-城中,凱基-城中(城中GA本尊),2025-08-14,8358,2025-08-15,in_sample,5186.7,1.1932,4131.0,0.9504,163.0,168.0,168.0,164.64,True,False,-1.0061,False,False
統一-城中 x 凱基-城中(城中GA本尊),統一-城中,凱基-城中(城中GA本尊),2025-08-15,4916,2025-08-18,in_sample,5711.97,3.1644,3028.41,1.6777,64.8,68.9,68.9,67.522,True,False,-4.2006,False,False
統一-城中 x 凱基-城中(城中GA本尊),統一-城中,凱基-城中(城中GA本尊),2025-08-15,5234,2025-08-18,in_sample,2283.75,1.0141,5420.1,2.4069,313.5,331.5,330.0,327.81,True,False,-4.5646,False,False
統一-城中 x 凱基-城中(城中GA本尊),統一-城中,凱基-城中(城中GA本尊),2025-08-18,1528,2025-08-19,in_sample,2972.545,3.3517,541.25,0.6103,22.05,22.75,21.3,23.324,False,False,3.4014,False,True
統一-城中 x 凱基-城中(城中GA本尊),統一-城中,凱基-城中(城中GA本尊),2025-08-18,1802,2025-08-19,in_sample,1645.6,0.2187,9443.5,1.2552,39.8,40.1,35.95,40.278,False,False,9.6734,False,True
統一-城中 x 凱基-城中(城中GA本尊),統一-城中,凱基-城中(城中GA本尊),2025-08-18,3305,2025-08-19,in_sample,5208.9,2.0761,4559.0,1.8171,99.0,106.5,106.5,104.37,True,False,-5.4242,False,False
統一-城中 x 凱基-城中(城中GA本尊),統一-城中,凱基-城中(城中GA本尊),2025-08-18,6213,2025-08-19,in_sample,6217.8,3.8128,12332.4,7.5623,141.5,141.5,135.0,138.67,True,False,2.0,False,True
統一-城中 x 凱基-城中(城中GA本尊),統一-城中,凱基-城中(城中GA本尊),2025-08-18,8358,2025-08-19,in_sample,20036.7,1.885,6937.2,0.6526,187.0,190.5,168.0,198.45,False,False,10.1604,False,True
統一-城中 x 凱基-城中(城中GA本尊),統一-城中,凱基-城中(城中GA本尊),2025-08-19,3305,2025-08-20,in_sample,6709.5,1.2447,5814.9,1.0787,102.0,103.5,95.9,114.66,False,False,5.9804,False,True
統一-城中 x 凱基-城中(城中GA本尊),統一-城中,凱基-城中(城中GA本尊),2025-08-20,6140,2025-08-21,in_sample,3402.33,6.9406,2125.34,4.3356,44.65,47.4,42.35,48.118,False,False,5.1512,False,True
統一-城中 x 凱基-城中(城中GA本尊),統一-城中,凱基-城中(城中GA本尊),2025-08-21,2498,2025-08-22,in_sample,10140.0,1.9907,6282.0,1.2333,62.5,64.1,61.0,64.68,False,False,2.4,False,True
統一-城中 x 凱基-城中(城中GA本尊),統一-城中,凱基-城中(城中GA本尊),2025-08-21,4931,2025-08-22,in_sample,16105.7,4.1017,5898.1,1.5021,171.0,174.5,163.0,181.79,False,False,4.6784,False,True
統一-城中 x 凱基-城中(城中GA本尊),統一-城中,凱基-城中(城中GA本尊),2025-08-21,6148,2025-08-22,in_sample,4300.56,5.1598,3861.0,4.6324,60.0,64.8,57.6,63.994,True,False,-6.6567,False,False
統一-城中 x 凱基-城中(城中GA本尊),統一-城中,凱基-城中(城中GA本尊),2025-08-22,3708,2025-08-25,in_sample,12860.1,3.9294,8226.9,2.5137,155.5,155.5,141.5,159.74,False,False,9.0032,False,True
統一-城中 x 凱基-城中(城中GA本尊),統一-城中,凱基-城中(城中GA本尊),2025-08-25,1504,2025-08-26,in_sample,8488.48,0.8843,19061.98,1.9857,75.1,75.6,69.7,79.968,False,False,7.1904,False,True
統一-城中 x 凱基-城中(城中GA本尊),統一-城中,凱基-城中(城中GA本尊),2025-08-25,2365,2025-08-26,in_sample,2388.775,4.3475,3192.475,5.8102,46.5,49.1,49.1,48.118,True,False,-3.4796,False,False
統一-城中 x 凱基-城中(城中GA本尊),統一-城中,凱基-城中(城中GA本尊),2025-08-25,3305,2025-08-26,in_sample,9532.5,2.8362,4745.75,1.412,105.0,112.0,110.5,110.25,True,False,-5.0,False,False
統一-城中 x 凱基-城中(城中GA本尊),統一-城中,凱基-城中(城中GA本尊),2025-08-25,5371,2025-08-26,in_sample,13130.6,2.0915,11718.1,1.8666,115.0,124.0,120.5,121.52,True,False,-5.6696,False,False
統一-城中 x 凱基-城中(城中GA本尊),統一-城中,凱基-城中(城中GA本尊),2025-08-25,8234,2025-08-26,in_sample,9477.5,18.1232,2040.45,3.9018,114.5,119.0,115.5,120.05,False,False,-0.8734,False,False
統一-城中 x 凱基-城中(城中GA本尊),統一-城中,凱基-城中(城中GA本尊),2025-08-25,8249,2025-08-26,in_sample,5386.38,5.9713,4770.06,5.2881,64.6,70.3,62.9,69.188,True,False,-7.1022,False,False
統一-城中 x 凱基-城中(城中GA本尊),統一-城中,凱基-城中(城中GA本尊),2025-08-26,2365,2025-08-27,in_sample,8042.58,2.4013,5081.85,1.5173,50.6,52.6,50.6,52.92,False,False,0.0,False,False
統一-城中 x 凱基-城中(城中GA本尊),統一-城中,凱基-城中(城中GA本尊),2025-08-26,6584,2025-08-27,in_sample,5592.0,7.4241,5219.2,6.9291,238.0,256.0,256.0,250.88,True,False,-5.4118,False,False
統一-城中 x 凱基-城中(城中GA本尊),統一-城中,凱基-城中(城中GA本尊),2025-08-27,2498,2025-08-28,in_sample,12622.97,1.9525,11341.91,1.7543,67.0,68.6,66.5,69.678,False,False,0.7463,False,True
統一-城中 x 凱基-城中(城中GA本尊),統一-城中,凱基-城中(城中GA本尊),2025-08-27,5536,2025-08-28,in_sample,991.2,0.5345,1734.6,0.9354,839.0,856.0,826.0,889.84,False,False,1.5495,False,True
統一-城中 x 凱基-城中(城中GA本尊),統一-城中,凱基-城中(城中GA本尊),2025-08-27,6191,2025-08-28,in_sample,9189.55,2.159,7922.85,1.8614,128.0,131.0,131.0,128.38,True,False,-0.2969,False,False
統一-城中 x 凱基-城中(城中GA本尊),統一-城中,凱基-城中(城中GA本尊),2025-08-28,2208,2025-08-29,in_sample,4065.28,5.2776,3493.6,4.5355,20.8,21.5,20.6,21.364,True,False,-2.7115,False,False
統一-城中 x 凱基-城中(城中GA本尊),統一-城中,凱基-城中(城中GA本尊),2025-08-28,2634,2025-08-29,in_sample,21714.0,3.2818,18936.0,2.862,63.7,64.6,62.4,64.68,False,False,2.0408,False,True
統一-城中 x 凱基-城中(城中GA本尊),統一-城中,凱基-城中(城中GA本尊),2025-08-28,7402,2025-08-29,in_sample,3168.0,2.4996,2970.0,2.3434,132.0,135.0,129.0,142.1,False,False,2.2727,False,True
統一-城中 x 凱基-城中(城中GA本尊),統一-城中,凱基-城中(城中GA本尊),2025-08-29,8070,2025-09-01,in_sample,2325.57,3.591,217.75,0.3362,43.5,43.5,41.95,46.942,False,False,3.5632,False,True
統一-城中 x 凱基-城中(城中GA本尊),統一-城中,凱基-城中(城中GA本尊),2025-09-03,1810,2025-09-04,in_sample,1098.68,1.4801,2299.0,3.0972,25.35,25.6,23.2,26.068,False,False,8.4813,False,True
統一-城中 x 凱基-城中(城中GA本尊),統一-城中,凱基-城中(城中GA本尊),2025-09-03,3707,2025-09-04,in_sample,1396.605,2.3258,1534.785,2.5559,51.5,54.2,54.2,53.116,True,False,-3.1379,False,False
統一-城中 x 凱基-城中(城中GA本尊),統一-城中,凱基-城中(城中GA本尊),2025-09-03,4976,2025-09-04,in_sample,2490.18,3.123,1455.3,1.8251,56.6,59.2,57.5,58.016,True,False,-2.5018,False,False
統一-城中 x 凱基-城中(城中GA本尊),統一-城中,凱基-城中(城中GA本尊),2025-09-03,6919,2025-09-04,in_sample,4555.55,0.3301,4097.45,0.2969,259.5,260.0,244.0,273.91,False,False,5.973,False,True
統一-城中 x 凱基-城中(城中GA本尊),統一-城中,凱基-城中(城中GA本尊),2025-09-04,2520,2025-09-05,in_sample,2014.22,4.8321,1026.935,2.4636,40.5,41.3,40.2,42.728,False,False,0.7407,False,True
統一-城中 x 凱基-城中(城中GA本尊),統一-城中,凱基-城中(城中GA本尊),2025-09-04,2545,2025-09-05,in_sample,1129.65,5.6562,983.46,4.9242,46.25,46.3,43.05,47.726,False,False,6.9189,False,True
統一-城中 x 凱基-城中(城中GA本尊),統一-城中,凱基-城中(城中GA本尊),2025-09-04,3707,2025-09-05,in_sample,3859.04,2.5162,3056.88,1.9932,55.1,56.5,52.5,58.408,False,False,4.7187,False,True
統一-城中 x 凱基-城中(城中GA本尊),統一-城中,凱基-城中(城中GA本尊),2025-09-04,4113,2025-09-05,in_sample,513.97,12.6573,561.375,13.8247,25.75,25.75,23.85,26.852,False,False,7.3786,False,True
統一-城中 x 凱基-城中(城中GA本尊),統一-城中,凱基-城中(城中GA本尊),2025-09-05,2323,2025-09-08,in_sample,669.992,7.086,463.913,4.9064,10.05,10.1,9.26,10.143,False,False,7.8607,False,True
統一-城中 x 凱基-城中(城中GA本尊),統一-城中,凱基-城中(城中GA本尊),2025-09-05,2344,2025-09-08,in_sample,22949.135,4.5971,18608.26,3.7275,24.65,24.8,24.6,24.304,True,False,1.4037,False,True
統一-城中 x 凱基-城中(城中GA本尊),統一-城中,凱基-城中(城中GA本尊),2025-09-05,2408,2025-09-08,in_sample,6964.2,0.8289,7541.9,0.8977,57.8,58.3,53.5,57.134,True,False,1.1522,False,True
統一-城中 x 凱基-城中(城中GA本尊),統一-城中,凱基-城中(城中GA本尊),2025-09-05,8299,2025-09-08,in_sample,13464.0,4.2434,11721.6,3.6942,546.0,556.0,539.0,568.4,False,False,1.2821,False,True
統一-城中 x 凱基-城中(城中GA本尊),統一-城中,凱基-城中(城中GA本尊),2025-09-08,8088,2025-09-09,in_sample,1762.95,9.1726,1460.0,7.5963,38.0,40.15,39.25,39.347,True,False,-3.5447,False,False
統一-城中 x 凱基-城中(城中GA本尊),統一-城中,凱基-城中(城中GA本尊),2025-09-09,5289,2025-09-10,in_sample,9676.8,4.133,7963.2,3.4011,348.5,354.5,344.0,362.11,False,False,1.2912,False,True
統一-城中 x 凱基-城中(城中GA本尊),統一-城中,凱基-城中(城中GA本尊),2025-09-09,8358,2025-09-10,in_sample,10960.95,0.63,10373.3,0.5962,266.0,278.5,262.0,275.38,True,False,-3.5263,False,False
統一-城中 x 凱基-城中(城中GA本尊),統一-城中,凱基-城中(城中GA本尊),2025-09-10,2374,2025-09-11,in_sample,12641.2,2.0842,10415.9,1.7173,96.2,99.3,91.0,100.45,False,False,5.4054,False,True
統一-城中 x 凱基-城中(城中GA本尊),統一-城中,凱基-城中(城中GA本尊),2025-09-10,6937,2025-09-11,in_sample,3543.55,2.7038,2732.05,2.0846,270.0,271.0,261.5,291.55,False,False,3.1481,False,True
統一-城中 x 凱基-城中(城中GA本尊),統一-城中,凱基-城中(城中GA本尊),2025-09-12,6239,2025-09-15,in_sample,7029.0,2.0251,3351.2,0.9655,142.0,152.5,151.0,152.88,False,False,-6.338,False,False
統一-城中 x 凱基-城中(城中GA本尊),統一-城中,凱基-城中(城中GA本尊),2025-09-16,6488,2025-09-17,in_sample,13889.55,1.715,16271.9,2.0092,468.0,475.0,446.0,484.12,False,False,4.7009,False,True
統一-城中 x 凱基-城中(城中GA本尊),統一-城中,凱基-城中(城中GA本尊),2025-09-16,8046,2025-09-17,in_sample,9785.7,2.869,17095.5,5.0122,200.5,201.5,193.5,211.68,False,False,3.4913,False,True
統一-城中 x 凱基-城中(城中GA本尊),統一-城中,凱基-城中(城中GA本尊),2025-09-16,8096,2025-09-17,in_sample,195.52,0.6153,607.36,1.9114,42.25,44.75,43.7,44.835,False,False,-3.432,False,False
統一-城中 x 凱基-城中(城中GA本尊),統一-城中,凱基-城中(城中GA本尊),2025-09-18,2344,2025-09-19,in_sample,22894.24,1.6259,31589.4,2.2434,34.0,34.3,33.5,34.79,False,False,1.4706,False,True
統一-城中 x 凱基-城中(城中GA本尊),統一-城中,凱基-城中(城中GA本尊),2025-09-18,3535,2025-09-19,in_sample,1286.5,0.8985,2523.2,1.7622,83.5,84.4,83.8,89.474,False,False,-0.3593,False,False
統一-城中 x 凱基-城中(城中GA本尊),統一-城中,凱基-城中(城中GA本尊),2025-09-19,2327,2025-09-22,in_sample,21739.55,1.1436,17419.4,0.9163,176.5,185.0,178.5,186.69,False,False,-1.1331,False,False
統一-城中 x 凱基-城中(城中GA本尊),統一-城中,凱基-城中(城中GA本尊),2025-09-19,8046,2025-09-22,in_sample,21450.0,2.1452,10010.0,1.0011,221.0,239.5,235.5,237.16,True,False,-7.3122,False,False
統一-城中 x 凱基-城中(城中GA本尊),統一-城中,凱基-城中(城中GA本尊),2025-09-22,2492,2025-09-23,in_sample,7539.0,3.3348,9334.5,4.129,105.0,105.0,99.9,113.19,False,False,4.8571,False,True
統一-城中 x 凱基-城中(城中GA本尊),統一-城中,凱基-城中(城中GA本尊),2025-09-22,3260,2025-09-23,in_sample,14365.5,3.5081,14990.75,3.6608,152.5,154.0,148.5,164.15,False,False,2.623,False,True
統一-城中 x 凱基-城中(城中GA本尊),統一-城中,凱基-城中(城中GA本尊),2025-09-22,4722,2025-09-23,in_sample,4909.8,2.7708,4425.5,2.4975,178.5,180.5,166.0,179.83,True,False,-0.7451,False,False
統一-城中 x 凱基-城中(城中GA本尊),統一-城中,凱基-城中(城中GA本尊),2025-09-22,5469,2025-09-23,in_sample,8260.4,2.7019,4590.3,1.5014,113.5,115.0,104.0,115.15,False,False,8.37,False,True
統一-城中 x 凱基-城中(城中GA本尊),統一-城中,凱基-城中(城中GA本尊),2025-09-22,6449,2025-09-23,in_sample,1483.9,0.7538,4618.9,2.3462,209.5,212.5,198.5,224.91,False,False,5.2506,False,True
統一-城中 x 凱基-城中(城中GA本尊),統一-城中,凱基-城中(城中GA本尊),2025-09-24,2324,2025-09-25,in_sample,7531.35,1.7244,10146.45,2.3231,35.25,37.8,36.4,37.191,True,False,-5.5064,False,False
統一-城中 x 凱基-城中(城中GA本尊),統一-城中,凱基-城中(城中GA本尊),2025-09-24,2375,2025-09-25,in_sample,778.91,0.4791,3444.87,2.1189,82.2,85.0,78.2,86.534,False,False,4.8662,False,True
統一-城中 x 凱基-城中(城中GA本尊),統一-城中,凱基-城中(城中GA本尊),2025-09-24,6173,2025-09-25,in_sample,2387.6,4.4411,3032.76,5.6411,53.0,55.0,49.75,54.684,True,False,-3.1774,False,False
統一-城中 x 凱基-城中(城中GA本尊),統一-城中,凱基-城中(城中GA本尊),2025-09-26,1795,2025-09-30,in_sample,9843.0,2.451,13234.5,3.2955,267.0,277.0,259.5,274.89,True,False,-2.9551,False,False
統一-城中 x 凱基-城中(城中GA本尊),統一-城中,凱基-城中(城中GA本尊),2025-09-26,6173,2025-09-30,in_sample,4310.36,2.2098,6241.27,3.1997,55.0,55.1,52.8,58.898,False,False,4.0,False,True
統一-城中 x 凱基-城中(城中GA本尊),統一-城中,凱基-城中(城中GA本尊),2025-09-30,3653,2025-10-01,in_sample,8917.0,2.4083,11568.0,3.1243,2430.0,2540.0,2445.0,2597.0,False,False,-0.6173,False,False
統一-城中 x 凱基-城中(城中GA本尊),統一-城中,凱基-城中(城中GA本尊),2025-10-01,1504,2025-10-02,in_sample,25571.15,3.3302,9843.9,1.282,108.5,114.5,114.5,112.21,True,False,-3.4194,False,False
統一-城中 x 凱基-城中(城中GA本尊),統一-城中,凱基-城中(城中GA本尊),2025-10-01,6770,2025-10-02,in_sample,10557.36,0.9574,28125.99,2.5505,30.1,30.1,27.7,30.037,True,False,0.2093,False,True
統一-城中 x 凱基-城中(城中GA本尊),統一-城中,凱基-城中(城中GA本尊),2025-10-02,1504,2025-10-03,in_sample,8530.25,0.469,21090.9,1.1597,114.5,115.5,113.5,122.99,False,False,0.8734,False,True
統一-城中 x 凱基-城中(城中GA本尊),統一-城中,凱基-城中(城中GA本尊),2025-10-02,8299,2025-10-03,in_sample,8517.2,0.8287,15840.4,1.5411,790.0,835.0,829.0,857.5,False,False,-4.9367,False,False
統一-城中 x 凱基-城中(城中GA本尊),統一-城中,凱基-城中(城中GA本尊),2025-10-03,6449,2025-10-07,in_sample,3991.05,2.038,5358.15,2.736,218.0,225.0,218.0,237.65,False,False,0.0,False,False
統一-城中 x 凱基-城中(城中GA本尊),統一-城中,凱基-城中(城中GA本尊),2025-10-03,8043,2025-10-07,in_sample,2137.8,4.3318,3339.0,6.7658,43.4,45.7,43.2,45.276,True,False,-4.3226,False,False
統一-城中 x 凱基-城中(城中GA本尊),統一-城中,凱基-城中(城中GA本尊),2025-10-03,8110,2025-10-07,in_sample,4194.75,2.3246,1948.625,1.0799,22.0,23.35,23.35,22.883,True,False,-4.0136,False,False
統一-城中 x 凱基-城中(城中GA本尊),統一-城中,凱基-城中(城中GA本尊),2025-10-07,6531,2025-10-08,in_sample,7044.6,1.9849,8676.4,2.4447,396.5,410.0,398.5,428.75,False,False,-0.5044,False,False
統一-城中 x 凱基-城中(城中GA本尊),統一-城中,凱基-城中(城中GA本尊),2025-10-08,8070,2025-10-09,in_sample,2402.685,1.4666,4863.15,2.9684,48.6,51.7,48.2,51.842,False,False,0.823,False,True
統一-城中 x 凱基-城中(城中GA本尊),統一-城中,凱基-城中(城中GA本尊),2025-10-09,2399,2025-10-13,in_sample,1409.835,2.3874,1118.145,1.8934,22.05,22.05,21.8,24.941,False,False,1.1338,False,True
統一-城中 x 凱基-城中(城中GA本尊),統一-城中,凱基-城中(城中GA本尊),2025-10-09,3189,2025-10-13,in_sample,12938.75,2.8284,15950.0,3.4867,131.0,134.5,133.5,147.98,False,False,-1.9084,False,False
統一-城中 x 凱基-城中(城中GA本尊),統一-城中,凱基-城中(城中GA本尊),2025-10-09,4989,2025-10-13,in_sample,1368.5,0.9495,938.4,0.6511,37.35,42.9,41.65,42.14,True,False,-12.8246,False,False
統一-城中 x 凱基-城中(城中GA本尊),統一-城中,凱基-城中(城中GA本尊),2025-10-14,2609,2025-10-15,in_sample,9990.54,1.9048,12740.49,2.4291,55.7,55.7,53.2,61.054,False,False,4.4883,False,True
統一-城中 x 凱基-城中(城中GA本尊),統一-城中,凱基-城中(城中GA本尊),2025-10-14,2615,2025-10-15,in_sample,7030.82,1.8555,6938.64,1.8311,80.9,82.5,80.5,90.258,False,False,0.4944,False,True
統一-城中 x 凱基-城中(城中GA本尊),統一-城中,凱基-城中(城中GA本尊),2025-10-14,6282,2025-10-15,in_sample,7238.05,4.9376,8263.29,5.637,36.8,37.85,35.45,38.906,False,False,3.6685,False,True
統一-城中 x 凱基-城中(城中GA本尊),統一-城中,凱基-城中(城中GA本尊),2025-10-15,5425,2025-10-16,in_sample,1369.47,2.3357,1856.52,3.1664,59.2,60.6,56.5,61.74,False,False,4.5608,False,True
統一-城中 x 凱基-城中(城中GA本尊),統一-城中,凱基-城中(城中GA本尊),2025-10-17,2408,2025-10-20,in_sample,20207.2,0.7527,16276.0,0.6063,108.0,110.0,107.0,111.72,False,False,0.9259,False,True
統一-城中 x 凱基-城中(城中GA本尊),統一-城中,凱基-城中(城中GA本尊),2025-10-17,8043,2025-10-20,in_sample,949.3,2.9591,2092.775,6.5235,45.9,47.45,47.45,46.501,True,False,-1.3094,False,False
統一-城中 x 凱基-城中(城中GA本尊),統一-城中,凱基-城中(城中GA本尊),2025-10-20,1504,2025-10-21,in_sample,25238.4,2.9754,19693.6,2.3217,125.0,127.5,113.5,128.38,False,False,9.2,False,True
統一-城中 x 凱基-城中(城中GA本尊),統一-城中,凱基-城中(城中GA本尊),2025-10-20,2337,2025-10-21,in_sample,8323.14,2.4342,7167.72,2.0962,30.0,30.2,28.25,31.654,False,False,5.8333,False,True
統一-城中 x 凱基-城中(城中GA本尊),統一-城中,凱基-城中(城中GA本尊),2025-10-20,2375,2025-10-21,in_sample,2494.24,0.5054,8520.4,1.7264,99.4,103.0,95.7,102.41,True,False,-3.0282,False,False
統一-城中 x 凱基-城中(城中GA本尊),統一-城中,凱基-城中(城中GA本尊),2025-10-20,2481,2025-10-21,in_sample,12778.54,5.1182,10677.22,4.2766,95.0,98.7,98.7,96.726,True,False,-1.8168,False,False
統一-城中 x 凱基-城中(城中GA本尊),統一-城中,凱基-城中(城中GA本尊),2025-10-20,2492,2025-10-21,in_sample,9624.8,2.2307,5096.15,1.1811,115.5,121.0,113.5,122.01,False,False,1.7316,False,True
統一-城中 x 凱基-城中(城中GA本尊),統一-城中,凱基-城中(城中GA本尊),2025-10-20,8043,2025-10-21,in_sample,61.685,0.112,1603.81,2.9114,49.6,52.1,52.1,51.058,True,False,-2.9395,False,False
統一-城中 x 凱基-城中(城中GA本尊),統一-城中,凱基-城中(城中GA本尊),2025-10-20,8110,2025-10-21,in_sample,6058.65,3.5449,2352.48,1.3764,25.95,26.5,24.6,27.293,False,False,5.2023,False,True
統一-城中 x 凱基-城中(城中GA本尊),統一-城中,凱基-城中(城中GA本尊),2025-10-21,2472,2025-10-22,in_sample,2286.6,0.7669,2719.2,0.912,102.5,113.0,107.5,110.74,True,False,-8.039,False,False
統一-城中 x 凱基-城中(城中GA本尊),統一-城中,凱基-城中(城中GA本尊),2025-10-21,3236,2025-10-22,in_sample,1202.94,2.8597,799.5,1.9006,24.4,25.5,24.1,26.509,False,False,1.2295,False,True
統一-城中 x 凱基-城中(城中GA本尊),統一-城中,凱基-城中(城中GA本尊),2025-10-21,3317,2025-10-22,in_sample,3402.32,4.1574,2368.56,2.8942,55.5,57.5,52.7,61.152,False,False,5.045,False,True
統一-城中 x 凱基-城中(城中GA本尊),統一-城中,凱基-城中(城中GA本尊),2025-10-21,6127,2025-10-22,in_sample,1087.79,3.0171,1789.59,4.9636,31.65,32.0,30.3,34.349,False,False,4.2654,False,True
統一-城中 x 凱基-城中(城中GA本尊),統一-城中,凱基-城中(城中GA本尊),2025-10-21,6805,2025-10-22,in_sample,15708.0,2.9234,11616.0,2.1619,1300.0,1365.0,1325.0,1421.0,False,False,-1.9231,False,False
統一-城中 x 凱基-城中(城中GA本尊),統一-城中,凱基-城中(城中GA本尊),2025-10-22,8422,2025-10-23,in_sample,5472.3,3.7468,5151.85,3.5274,251.0,256.0,238.0,265.58,False,False,5.1793,False,True
統一-城中 x 凱基-城中(城中GA本尊),統一-城中,凱基-城中(城中GA本尊),2025-10-27,6442,2025-10-28,in_sample,10301.4,1.9776,7420.5,1.4245,880.0,958.0,946.0,940.8,True,False,-6.9091,False,False
統一-城中 x 凱基-城中(城中GA本尊),統一-城中,凱基-城中(城中GA本尊),2025-10-28,2337,2025-10-29,in_sample,8944.83,1.2593,3397.14,0.4783,38.0,39.7,38.5,39.249,True,False,-3.2868,False,False
統一-城中 x 凱基-城中(城中GA本尊),統一-城中,凱基-城中(城中GA本尊),2025-10-28,4979,2025-10-29,in_sample,16594.6,3.4178,9697.6,1.9973,212.0,217.0,212.5,224.91,False,False,-0.2358,False,False
統一-城中 x 凱基-城中(城中GA本尊),統一-城中,凱基-城中(城中GA本尊),2025-10-29,2316,2025-10-30,in_sample,7183.0,2.2621,2552.0,0.8037,108.5,109.0,103.0,118.58,False,False,5.0691,False,True
統一-城中 x 凱基-城中(城中GA本尊),統一-城中,凱基-城中(城中GA本尊),2025-10-29,5243,2025-10-30,in_sample,2888.4,3.916,2009.7,2.7247,92.0,95.2,85.0,93.786,True,False,-1.9413,False,False
統一-城中 x 凱基-城中(城中GA本尊),統一-城中,凱基-城中(城中GA本尊),2025-11-03,6257,2025-11-04,in_sample,6079.95,3.4979,4580.0,2.635,113.5,115.5,103.5,122.99,False,False,8.8106,False,True
統一-城中 x 凱基-城中(城中GA本尊),統一-城中,凱基-城中(城中GA本尊),2025-11-06,4989,2025-11-07,in_sample,3909.3,3.2008,2590.5,2.121,48.05,49.1,44.6,50.764,False,False,7.18,False,True
統一-城中 x 凱基-城中(城中GA本尊),統一-城中,凱基-城中(城中GA本尊),2025-11-10,8131,2025-11-11,in_sample,4713.52,4.9973,2799.76,2.9683,46.25,46.75,44.85,47.726,False,False,3.027,False,True
統一-城中 x 凱基-城中(城中GA本尊),統一-城中,凱基-城中(城中GA本尊),2025-11-11,1802,2025-11-12,in_sample,23309.965,3.4884,6320.26,0.9458,33.4,35.25,35.25,34.545,True,False,-3.4281,False,False
統一-城中 x 凱基-城中(城中GA本尊),統一-城中,凱基-城中(城中GA本尊),2025-11-11,1815,2025-11-12,in_sample,28327.9,2.2792,21272.9,1.7116,86.9,91.3,91.3,89.474,True,False,-2.962,False,False
統一-城中 x 凱基-城中(城中GA本尊),統一-城中,凱基-城中(城中GA本尊),2025-11-11,4989,2025-11-12,in_sample,9018.495,6.6116,5156.865,3.7806,51.0,52.8,49.2,51.842,True,False,-1.651,False,False
統一-城中 x 凱基-城中(城中GA本尊),統一-城中,凱基-城中(城中GA本尊),2025-11-12,1303,2025-11-13,in_sample,11444.04,1.3647,14212.92,1.6949,51.6,54.7,53.8,53.606,True,False,-3.8876,False,False
統一-城中 x 凱基-城中(城中GA本尊),統一-城中,凱基-城中(城中GA本尊),2025-11-13,1326,2025-11-14,in_sample,4019.24,1.1442,13097.24,3.7286,35.4,35.95,34.0,38.367,False,False,3.9548,False,True
統一-城中 x 凱基-城中(城中GA本尊),統一-城中,凱基-城中(城中GA本尊),2025-11-13,1605,2025-11-14,in_sample,17069.975,1.4755,23074.61,1.9946,34.1,35.35,32.8,37.093,False,False,3.8123,False,True
統一-城中 x 凱基-城中(城中GA本尊),統一-城中,凱基-城中(城中GA本尊),2025-11-13,2486,2025-11-14,in_sample,5462.1,2.1707,6380.1,2.5355,91.6,96.4,91.8,98.49,False,False,-0.2183,False,False
統一-城中 x 凱基-城中(城中GA本尊),統一-城中,凱基-城中(城中GA本尊),2025-11-13,2492,2025-11-14,in_sample,9004.5,1.7476,10714.05,2.0794,129.5,134.5,124.5,140.63,False,False,3.861,False,True
統一-城中 x 凱基-城中(城中GA本尊),統一-城中,凱基-城中(城中GA本尊),2025-11-13,3715,2025-11-14,in_sample,11027.25,0.9975,5689.8,0.5147,123.0,130.5,120.5,140.63,False,False,2.0325,False,True
統一-城中 x 凱基-城中(城中GA本尊),統一-城中,凱基-城中(城中GA本尊),2025-11-14,8426,2025-11-17,in_sample,2.86,0.4453,469.04,73.0312,31.45,31.45,29.0,30.821,True,False,2.0,False,True
統一-城中 x 凱基-城中(城中GA本尊),統一-城中,凱基-城中(城中GA本尊),2025-11-17,2486,2025-11-18,in_sample,3607.95,3.8075,5145.6,5.4301,100.5,104.5,102.0,108.29,False,False,-1.4925,False,False
統一-城中 x 凱基-城中(城中GA本尊),統一-城中,凱基-城中(城中GA本尊),2025-11-17,6163,2025-11-18,in_sample,1877.865,4.2574,677.16,1.5352,32.85,32.9,30.7,33.761,False,False,6.5449,False,True
統一-城中 x 凱基-城中(城中GA本尊),統一-城中,凱基-城中(城中GA本尊),2025-11-24,8042,2025-11-25,in_sample,2437.24,1.0254,3935.36,1.6557,58.5,59.0,52.9,60.172,False,False,9.5726,False,True
統一-城中 x 凱基-城中(城中GA本尊),統一-城中,凱基-城中(城中GA本尊),2025-11-25,8074,2025-11-26,in_sample,74.4,0.367,1971.6,9.7262,40.4,40.4,35.5,40.082,True,False,0.7871,False,True
統一-城中 x 凱基-城中(城中GA本尊),統一-城中,凱基-城中(城中GA本尊),2025-11-26,2208,2025-11-27,in_sample,2885.325,3.7374,1118.325,1.4486,23.55,23.75,21.8,25.039,False,False,7.431,False,True
統一-城中 x 凱基-城中(城中GA本尊),統一-城中,凱基-城中(城中GA本尊),2025-11-26,2634,2025-11-27,in_sample,8636.86,4.1801,3174.42,1.5364,57.1,58.3,52.9,59.682,False,False,7.3555,False,True
統一-城中 x 凱基-城中(城中GA本尊),統一-城中,凱基-城中(城中GA本尊),2025-11-26,3163,2025-11-27,in_sample,13272.0,1.8113,4424.0,0.6038,288.0,296.0,289.5,297.92,False,False,-0.5208,False,False
統一-城中 x 凱基-城中(城中GA本尊),統一-城中,凱基-城中(城中GA本尊),2025-11-26,5371,2025-11-27,in_sample,11870.0,7.9305,8840.0,5.9061,105.0,105.0,94.9,107.8,False,False,9.619,False,True
統一-城中 x 凱基-城中(城中GA本尊),統一-城中,凱基-城中(城中GA本尊),2025-11-27,2485,2025-11-28,in_sample,2642.35,4.1284,1051.35,1.6426,21.6,23.65,23.65,23.177,True,False,-7.3009,False,False
統一-城中 x 凱基-城中(城中GA本尊),統一-城中,凱基-城中(城中GA本尊),2025-11-28,3163,2025-12-01,in_sample,29192.4,3.313,4038.6,0.4583,333.0,335.5,324.0,342.51,False,False,2.7027,False,True
統一-城中 x 凱基-城中(城中GA本尊),統一-城中,凱基-城中(城中GA本尊),2025-11-28,5274,2025-12-01,in_sample,2194.5,0.6678,2194.5,0.6678,7300.0,7300.0,6915.0,7884.1,False,False,5.274,False,True
統一-城中 x 凱基-城中(城中GA本尊),統一-城中,凱基-城中(城中GA本尊),2025-12-02,4939,2025-12-03,in_sample,1462.76,0.8553,3096.24,1.8105,40.0,41.0,39.2,41.797,False,False,2.0,False,True
統一-城中 x 凱基-城中(城中GA本尊),統一-城中,凱基-城中(城中GA本尊),2025-12-03,3363,2025-12-04,in_sample,19144.4,3.729,10993.4,2.1413,422.5,426.0,406.5,450.31,False,False,3.787,False,True
統一-城中 x 凱基-城中(城中GA本尊),統一-城中,凱基-城中(城中GA本尊),2025-12-03,5328,2025-12-04,in_sample,1811.87,3.4723,1089.78,2.0885,22.65,23.45,22.3,23.863,False,False,1.5453,False,True
統一-城中 x 凱基-城中(城中GA本尊),統一-城中,凱基-城中(城中GA本尊),2025-12-03,8042,2025-12-04,in_sample,5447.44,6.6526,4619.0,5.6409,62.1,63.6,57.9,64.19,False,False,6.7633,False,True
統一-城中 x 凱基-城中(城中GA本尊),統一-城中,凱基-城中(城中GA本尊),2025-12-03,8111,2025-12-04,in_sample,6359.01,3.7245,3685.08,2.1584,77.1,81.7,70.7,80.654,True,False,-4.6096,False,False
統一-城中 x 凱基-城中(城中GA本尊),統一-城中,凱基-城中(城中GA本尊),2025-12-05,3167,2025-12-08,in_sample,6453.2,1.3825,3602.3,0.7717,222.0,224.0,218.5,238.14,False,False,1.5766,False,True
統一-城中 x 凱基-城中(城中GA本尊),統一-城中,凱基-城中(城中GA本尊),2025-12-05,6727,2025-12-08,in_sample,1163.5,5.5335,2595.5,12.3439,186.0,186.5,178.5,192.57,False,False,4.0323,False,True
統一-城中 x 凱基-城中(城中GA本尊),統一-城中,凱基-城中(城中GA本尊),2025-12-08,2337,2025-12-09,in_sample,5296.95,0.9428,5729.05,1.0197,37.6,39.45,38.75,40.131,False,False,-3.0585,False,False
統一-城中 x 凱基-城中(城中GA本尊),統一-城中,凱基-城中(城中GA本尊),2025-12-08,2485,2025-12-09,in_sample,2402.295,2.419,1540.575,1.5513,25.2,27.55,27.55,26.999,True,False,-7.1389,False,False
統一-城中 x 凱基-城中(城中GA本尊),統一-城中,凱基-城中(城中GA本尊),2025-12-08,3535,2025-12-09,in_sample,4787.31,5.1219,4405.5,4.7134,96.8,101.5,90.0,105.35,False,False,7.0248,False,True
統一-城中 x 凱基-城中(城中GA本尊),統一-城中,凱基-城中(城中GA本尊),2025-12-09,8039,2025-12-10,in_sample,8572.8,1.633,7990.0,1.5219,95.5,97.3,95.7,100.94,False,False,-0.2094,False,False
統一-城中 x 凱基-城中(城中GA本尊),統一-城中,凱基-城中(城中GA本尊),2025-12-10,2441,2025-12-11,in_sample,1307.08,1.1043,6631.04,5.6026,80.0,87.0,83.8,85.848,True,False,-7.31,False,False
統一-城中 x 凱基-城中(城中GA本尊),統一-城中,凱基-城中(城中GA本尊),2025-12-10,6148,2025-12-11,in_sample,39.6,1.1799,2670.8,79.5771,45.0,45.6,41.1,47.432,False,False,8.6667,False,True
統一-城中 x 凱基-城中(城中GA本尊),統一-城中,凱基-城中(城中GA本尊),2025-12-10,8021,2025-12-11,in_sample,6862.95,0.6236,6666.0,0.6057,156.0,166.5,166.5,163.17,True,False,-4.5962,False,False
統一-城中 x 凱基-城中(城中GA本尊),統一-城中,凱基-城中(城中GA本尊),2025-12-11,2467,2025-12-12,in_sample,3474.9,1.6109,7897.5,3.6612,240.0,245.5,244.5,261.66,False,False,-1.875,False,False
統一-城中 x 凱基-城中(城中GA本尊),統一-城中,凱基-城中(城中GA本尊),2025-12-11,8021,2025-12-12,in_sample,20296.35,1.6893,21844.8,1.8182,167.5,171.0,162.5,179.34,False,False,2.9851,False,True
統一-城中 x 凱基-城中(城中GA本尊),統一-城中,凱基-城中(城中GA本尊),2025-12-12,2349,2025-12-15,in_sample,1649.47,4.4032,1493.515,3.9869,14.6,15.45,15.45,15.141,True,False,-3.7055,False,False
統一-城中 x 凱基-城中(城中GA本尊),統一-城中,凱基-城中(城中GA本尊),2025-12-12,6209,2025-12-15,in_sample,4218.38,3.1694,1691.27,1.2707,65.8,66.7,62.2,70.364,False,False,5.4711,False,True
統一-城中 x 凱基-城中(城中GA本尊),統一-城中,凱基-城中(城中GA本尊),2025-12-15,6133,2025-12-16,in_sample,717.06,4.002,999.0,5.5755,22.5,23.85,22.25,23.912,False,False,1.1111,False,True
統一-城中 x 凱基-城中(城中GA本尊),統一-城中,凱基-城中(城中GA本尊),2025-12-15,6588,2025-12-16,in_sample,400.92,3.037,462.6,3.5042,53.1,54.7,50.5,55.37,False,False,4.8964,False,True
統一-城中 x 凱基-城中(城中GA本尊),統一-城中,凱基-城中(城中GA本尊),2025-12-15,8431,2025-12-16,in_sample,860.6,1.8046,1138.64,2.3876,65.6,66.3,59.6,71.344,False,False,9.1463,False,True
統一-城中 x 凱基-城中(城中GA本尊),統一-城中,凱基-城中(城中GA本尊),2025-12-22,2455,2025-12-23,in_sample,3807.3,3.1945,4527.6,3.7989,149.0,155.0,153.0,158.27,False,False,-2.6846,False,False
統一-城中 x 凱基-城中(城中GA本尊),統一-城中,凱基-城中(城中GA本尊),2025-12-22,5498,2025-12-23,in_sample,2214.03,0.676,3929.295,1.1998,43.5,44.35,42.4,43.708,True,False,-0.4782,False,False
統一-城中 x 凱基-城中(城中GA本尊),統一-城中,凱基-城中(城中GA本尊),2025-12-23,1727,2025-12-24,in_sample,2308.68,3.2097,562.86,0.7825,49.0,49.65,44.4,51.352,False,False,9.3878,False,True
統一-城中 x 凱基-城中(城中GA本尊),統一-城中,凱基-城中(城中GA本尊),2025-12-23,1785,2025-12-24,in_sample,5952.87,1.9388,6673.59,2.1736,69.1,70.0,70.0,74.676,False,False,-1.3025,False,False
統一-城中 x 凱基-城中(城中GA本尊),統一-城中,凱基-城中(城中GA本尊),2025-12-23,2413,2025-12-24,in_sample,2375.4,5.4738,2749.1,6.3349,38.25,40.0,38.7,39.886,True,False,-4.2771,False,False
統一-城中 x 凱基-城中(城中GA本尊),統一-城中,凱基-城中(城中GA本尊),2025-12-23,6127,2025-12-24,in_sample,3460.525,3.9097,3859.1,4.36,37.1,39.25,35.95,40.131,False,False,3.0997,False,True
統一-城中 x 凱基-城中(城中GA本尊),統一-城中,凱基-城中(城中GA本尊),2025-12-26,3354,2025-12-29,in_sample,425.25,3.9274,419.58,3.875,29.85,31.15,31.15,30.527,True,False,-2.268,False,False
統一-城中 x 凱基-城中(城中GA本尊),統一-城中,凱基-城中(城中GA本尊),2025-12-26,5498,2025-12-29,in_sample,4524.45,1.7508,4152.45,1.6068,49.55,51.1,51.1,50.078,True,False,-1.0656,False,False
統一-城中 x 凱基-城中(城中GA本尊),統一-城中,凱基-城中(城中GA本尊),2025-12-29,2449,2025-12-30,in_sample,25039.0,1.666,25235.0,1.6791,245.0,250.5,243.5,264.11,False,False,0.6122,False,True
統一-城中 x 凱基-城中(城中GA本尊),統一-城中,凱基-城中(城中GA本尊),2025-12-29,3264,2025-12-30,in_sample,8926.4,1.2947,7504.0,1.0884,111.0,114.5,113.5,120.54,False,False,-2.2523,False,False
統一-城中 x 凱基-城中(城中GA本尊),統一-城中,凱基-城中(城中GA本尊),2025-12-29,4989,2025-12-30,in_sample,7502.25,4.6606,7749.0,4.8139,52.9,53.9,51.3,56.546,False,False,3.0246,False,True
統一-城中 x 凱基-城中(城中GA本尊),統一-城中,凱基-城中(城中GA本尊),2025-12-29,5340,2025-12-30,in_sample,7726.86,6.043,7653.06,5.9853,74.3,74.7,70.5,79.478,False,False,5.1144,False,True
統一-城中 x 凱基-城中(城中GA本尊),統一-城中,凱基-城中(城中GA本尊),2025-12-29,5498,2025-12-30,in_sample,3699.64,1.5844,5350.17,2.2912,52.5,54.5,54.1,55.076,False,False,-3.0476,False,False
統一-城中 x 凱基-城中(城中GA本尊),統一-城中,凱基-城中(城中GA本尊),2025-12-29,8422,2025-12-30,in_sample,12953.53,4.9092,13138.12,4.9791,29.45,30.5,30.1,31.556,False,False,-2.2071,False,False
統一-城中 x 凱基-城中(城中GA本尊),統一-城中,凱基-城中(城中GA本尊),2025-12-30,3481,2025-12-31,in_sample,23651.3,1.6825,12313.02,0.8759,16.7,17.75,17.05,17.542,True,False,-5.0419,False,False
統一-城中 x 凱基-城中(城中GA本尊),統一-城中,凱基-城中(城中GA本尊),2026-01-02,2337,2026-01-05,in_sample,37020.9,5.0616,28801.74,3.9379,47.65,47.65,47.65,46.697,True,True,2.0,False,True
統一-城中 x 凱基-城中(城中GA本尊),統一-城中,凱基-城中(城中GA本尊),2026-01-02,3090,2026-01-05,in_sample,5950.8,2.4897,5086.8,2.1282,112.0,113.0,101.5,116.13,False,False,9.375,False,True
統一-城中 x 凱基-城中(城中GA本尊),統一-城中,凱基-城中(城中GA本尊),2026-01-02,3624,2026-01-05,in_sample,2394.66,0.8192,1906.74,0.6523,64.2,65.4,61.8,69.188,False,False,3.7383,False,True
統一-城中 x 凱基-城中(城中GA本尊),統一-城中,凱基-城中(城中GA本尊),2026-01-05,2409,2026-01-06,in_sample,11607.685,3.2379,10063.41,2.8071,14.5,15.2,15.2,14.896,True,False,-2.731,False,False
統一-城中 x 凱基-城中(城中GA本尊),統一-城中,凱基-城中(城中GA本尊),2026-01-05,3481,2026-01-06,in_sample,19681.1,1.8675,24236.21,2.2997,20.5,21.85,21.85,21.413,True,False,-4.4537,False,False
統一-城中 x 凱基-城中(城中GA本尊),統一-城中,凱基-城中(城中GA本尊),2026-01-05,3623,2026-01-06,in_sample,20.02,1.1687,31.46,1.8366,31.45,31.45,30.4,30.821,True,False,2.0,False,True
統一-城中 x 凱基-城中(城中GA本尊),統一-城中,凱基-城中(城中GA本尊),2026-01-05,6239,2026-01-06,in_sample,13258.7,2.0685,10417.55,1.6252,199.0,209.0,204.0,217.07,False,False,-2.5126,False,False
統一-城中 x 凱基-城中(城中GA本尊),統一-城中,凱基-城中(城中GA本尊),2026-01-06,2409,2026-01-07,in_sample,4214.96,0.8799,8100.08,1.6909,16.4,16.7,16.7,16.366,True,False,0.2073,False,True
統一-城中 x 凱基-城中(城中GA本尊),統一-城中,凱基-城中(城中GA本尊),2026-01-06,6770,2026-01-07,in_sample,30574.325,1.4805,58135.625,2.8151,50.0,50.5,49.2,51.45,False,False,1.6,False,True
統一-城中 x 凱基-城中(城中GA本尊),統一-城中,凱基-城中(城中GA本尊),2026-01-07,2367,2026-01-08,in_sample,4475.31,1.4254,3180.825,1.0131,32.0,32.4,29.6,34.104,False,False,7.5,False,True
統一-城中 x 凱基-城中(城中GA本尊),統一-城中,凱基-城中(城中GA本尊),2026-01-07,6116,2026-01-08,in_sample,2542.94,6.8056,605.26,1.6198,11.25,11.65,11.65,11.417,True,False,-1.4844,False,False
統一-城中 x 凱基-城中(城中GA本尊),統一-城中,凱基-城中(城中GA本尊),2026-01-07,8105,2026-01-08,in_sample,1030.5,2.4828,1845.0,4.4452,15.6,15.8,14.0,16.17,False,False,10.2564,False,True
統一-城中 x 凱基-城中(城中GA本尊),統一-城中,凱基-城中(城中GA本尊),2026-01-07,8422,2026-01-08,in_sample,12323.19,2.2263,16106.35,2.9098,36.2,37.5,35.5,37.583,False,False,1.9337,False,True
統一-城中 x 凱基-城中(城中GA本尊),統一-城中,凱基-城中(城中GA本尊),2026-01-08,6116,2026-01-09,in_sample,7100.675,2.1849,2528.05,0.7779,11.65,11.65,10.5,12.544,False,False,9.8712,False,True
統一-城中 x 凱基-城中(城中GA本尊),統一-城中,凱基-城中(城中GA本尊),2026-01-09,8074,2026-01-12,in_sample,4273.17,2.1425,2319.56,1.163,57.0,59.5,56.0,60.662,False,False,1.7544,False,True
統一-城中 x 凱基-城中(城中GA本尊),統一-城中,凱基-城中(城中GA本尊),2026-01-12,5347,2026-01-13,in_sample,29488.2,3.6244,23300.2,2.8638,118.5,122.0,117.5,127.89,False,False,0.8439,False,True
統一-城中 x 凱基-城中(城中GA本尊),統一-城中,凱基-城中(城中GA本尊),2026-01-13,2404,2026-01-14,in_sample,6372.0,0.6651,7992.0,0.8342,1080.0,1170.0,1150.0,1161.3,True,False,-7.5278,False,False
統一-城中 x 凱基-城中(城中GA本尊),統一-城中,凱基-城中(城中GA本尊),2026-01-13,8422,2026-01-14,in_sample,2265.6,2.0714,2180.64,1.9937,51.9,51.9,51.9,50.862,True,True,2.0,False,True
統一-城中 x 凱基-城中(城中GA本尊),統一-城中,凱基-城中(城中GA本尊),2026-01-14,3152,2026-01-15,in_sample,3056.1,4.4166,3348.9,4.8398,181.5,181.5,170.0,196.98,False,False,6.3361,False,True
統一-城中 x 凱基-城中(城中GA本尊),統一-城中,凱基-城中(城中GA本尊),2026-01-14,3236,2026-01-15,in_sample,2505.82,5.3433,2656.6,5.6648,36.7,38.75,37.9,38.661,True,False,-5.3433,False,False
統一-城中 x 凱基-城中(城中GA本尊),統一-城中,凱基-城中(城中GA本尊),2026-01-14,5328,2026-01-15,in_sample,1464.05,2.9137,1842.4,3.6667,24.95,25.85,25.85,25.333,True,False,-1.5351,False,False
統一-城中 x 凱基-城中(城中GA本尊),統一-城中,凱基-城中(城中GA本尊),2026-01-14,6155,2026-01-15,in_sample,2594.4,6.0632,2279.76,5.3279,59.0,60.7,60.7,59.486,True,False,-0.8237,False,False
統一-城中 x 凱基-城中(城中GA本尊),統一-城中,凱基-城中(城中GA本尊),2026-01-14,6173,2026-01-15,in_sample,4396.84,2.0189,4481.1,2.0576,77.1,80.4,74.2,82.516,False,False,3.7613,False,True
統一-城中 x 凱基-城中(城中GA本尊),統一-城中,凱基-城中(城中GA本尊),2026-01-14,6182,2026-01-15,in_sample,5587.56,2.406,3817.44,1.6438,40.0,40.05,39.9,42.679,False,False,0.25,False,True
統一-城中 x 凱基-城中(城中GA本尊),統一-城中,凱基-城中(城中GA本尊),2026-01-14,8042,2026-01-15,in_sample,6849.92,4.9274,5188.48,3.7322,71.4,76.5,71.0,75.852,True,False,-6.2353,False,False
統一-城中 x 凱基-城中(城中GA本尊),統一-城中,凱基-城中(城中GA本尊),2026-01-15,1717,2026-01-16,in_sample,6307.4,0.8757,7877.54,1.0936,69.0,70.3,67.3,72.324,False,False,2.4638,False,True
統一-城中 x 凱基-城中(城中GA本尊),統一-城中,凱基-城中(城中GA本尊),2026-01-15,1802,2026-01-16,in_sample,17761.2,2.1663,13037.8,1.5902,40.5,41.8,41.8,40.964,True,False,-1.1457,False,False
統一-城中 x 凱基-城中(城中GA本尊),統一-城中,凱基-城中(城中GA本尊),2026-01-15,2485,2026-01-16,in_sample,3519.765,0.7387,1849.43,0.3882,38.1,38.4,35.45,39.396,False,False,6.9554,False,True
統一-城中 x 凱基-城中(城中GA本尊),統一-城中,凱基-城中(城中GA本尊),2026-01-16,1802,2026-01-19,in_sample,17744.1,2.2086,5860.36,0.7294,44.7,45.95,45.95,45.031,True,False,-0.7405,False,False
統一-城中 x 凱基-城中(城中GA本尊),統一-城中,凱基-城中(城中GA本尊),2026-01-16,4533,2026-01-19,in_sample,148.715,0.3229,1514.465,3.2887,31.1,31.5,30.0,32.683,False,False,3.537,False,True
統一-城中 x 凱基-城中(城中GA本尊),統一-城中,凱基-城中(城中GA本尊),2026-01-16,8150,2026-01-19,in_sample,20221.99,3.9585,13289.51,2.6014,71.1,73.9,70.8,72.912,True,False,-2.5485,False,False
統一-城中 x 凱基-城中(城中GA本尊),統一-城中,凱基-城中(城中GA本尊),2026-01-19,3037,2026-01-20,in_sample,34765.5,1.5605,17307.5,0.7769,297.0,318.0,308.0,324.38,False,False,-3.7037,False,False
統一-城中 x 凱基-城中(城中GA本尊),統一-城中,凱基-城中(城中GA本尊),2026-01-19,8110,2026-01-20,in_sample,9046.4,1.9738,4963.2,1.0829,83.0,88.0,85.0,94.864,False,False,-2.4096,False,False
統一-城中 x 凱基-城中(城中GA本尊),統一-城中,凱基-城中(城中GA本尊),2026-01-19,8131,2026-01-20,in_sample,6348.84,5.2505,3636.64,3.0075,73.9,75.1,73.2,82.32,False,False,0.9472,False,True
統一-城中 x 凱基-城中(城中GA本尊),統一-城中,凱基-城中(城中GA本尊),2026-01-20,1513,2026-01-21,in_sample,17120.5,2.1421,12460.9,1.5591,177.0,187.5,177.5,190.12,False,False,-0.2825,False,False
統一-城中 x 凱基-城中(城中GA本尊),統一-城中,凱基-城中(城中GA本尊),2026-01-20,5340,2026-01-21,in_sample,4334.05,2.203,13641.6,6.9339,104.0,107.5,102.0,109.27,False,False,1.9231,False,True
統一-城中 x 凱基-城中(城中GA本尊),統一-城中,凱基-城中(城中GA本尊),2026-01-20,6217,2026-01-21,in_sample,2992.22,1.0383,1492.92,0.518,63.3,66.6,61.0,68.698,False,False,3.6335,False,True
統一-城中 x 凱基-城中(城中GA本尊),統一-城中,凱基-城中(城中GA本尊),2026-01-20,6435,2026-01-21,in_sample,528.2,2.1702,2182.3,8.9662,146.0,152.5,152.5,149.45,True,False,-2.363,False,False
統一-城中 x 凱基-城中(城中GA本尊),統一-城中,凱基-城中(城中GA本尊),2026-01-21,1514,2026-01-22,in_sample,13113.0,2.9891,12555.0,2.8619,143.5,145.0,140.5,149.94,False,False,2.0906,False,True
統一-城中 x 凱基-城中(城中GA本尊),統一-城中,凱基-城中(城中GA本尊),2026-01-21,8074,2026-01-22,in_sample,72.0,0.2896,158.4,0.6372,76.8,76.8,67.0,77.616,False,False,12.7604,False,True
統一-城中 x 凱基-城中(城中GA本尊),統一-城中,凱基-城中(城中GA本尊),2026-01-22,2301,2026-01-23,in_sample,38763.0,4.0396,38161.2,3.9768,182.5,184.5,172.0,190.61,False,False,5.7534,False,True
統一-城中 x 凱基-城中(城中GA本尊),統一-城中,凱基-城中(城中GA本尊),2026-01-22,2492,2026-01-23,in_sample,8174.25,3.3685,15372.0,6.3346,163.5,165.5,153.5,169.54,False,False,6.1162,False,True
統一-城中 x 凱基-城中(城中GA本尊),統一-城中,凱基-城中(城中GA本尊),2026-01-22,4939,2026-01-23,in_sample,4601.61,6.2586,4586.22,6.2377,54.0,54.9,46.2,55.272,False,False,14.4444,False,True
統一-城中 x 凱基-城中(城中GA本尊),統一-城中,凱基-城中(城中GA本尊),2026-01-23,2453,2026-01-26,in_sample,537.2,1.3353,1763.28,4.3828,64.5,64.7,59.4,68.11,False,False,7.907,False,True
統一-城中 x 凱基-城中(城中GA本尊),統一-城中,凱基-城中(城中GA本尊),2026-01-26,1326,2026-01-27,in_sample,2286.365,1.3353,1928.025,1.126,40.95,41.95,40.55,41.944,True,False,-2.4274,False,False
統一-城中 x 凱基-城中(城中GA本尊),統一-城中,凱基-城中(城中GA本尊),2026-01-27,2303,2026-01-28,in_sample,30533.34,0.8249,58529.22,1.5812,79.6,79.7,75.9,82.124,False,False,4.6482,False,True
統一-城中 x 凱基-城中(城中GA本尊),統一-城中,凱基-城中(城中GA本尊),2026-01-27,3189,2026-01-28,in_sample,22918.55,3.1791,9962.6,1.3819,228.5,249.5,243.5,245.98,True,False,-7.6499,False,False
統一-城中 x 凱基-城中(城中GA本尊),統一-城中,凱基-城中(城中GA本尊),2026-01-27,5347,2026-01-28,in_sample,15662.9,2.4957,7799.55,1.2428,165.0,171.0,163.0,171.5,False,False,1.2121,False,True
統一-城中 x 凱基-城中(城中GA本尊),統一-城中,凱基-城中(城中GA本尊),2026-01-28,4979,2026-01-29,in_sample,23248.4,1.3922,31942.4,1.9128,330.0,339.0,334.5,346.92,False,False,-1.3636,False,False
統一-城中 x 凱基-城中(城中GA本尊),統一-城中,凱基-城中(城中GA本尊),2026-01-30,3037,2026-02-02,in_sample,43262.55,1.5506,47804.55,1.7134,375.0,377.0,365.0,407.68,False,False,2.6667,False,True
統一-城中 x 凱基-城中(城中GA本尊),統一-城中,凱基-城中(城中GA本尊),2026-02-04,6770,2026-02-05,in_sample,5910.56,0.414,18735.36,1.3122,63.0,64.7,62.8,70.658,False,False,0.3175,False,True
統一-城中 x 凱基-城中(城中GA本尊),統一-城中,凱基-城中(城中GA本尊),2026-02-05,2406,2026-02-06,in_sample,8472.675,3.6893,3078.895,1.3406,33.35,33.45,29.4,35.182,False,False,11.8441,False,True
統一-城中 x 凱基-城中(城中GA本尊),統一-城中,凱基-城中(城中GA本尊),2026-02-05,3508,2026-02-06,in_sample,183.56,1.0143,7462.42,41.234,37.05,38.0,35.0,38.024,False,False,5.5331,False,True
統一-城中 x 凱基-城中(城中GA本尊),統一-城中,凱基-城中(城中GA本尊),2026-02-09,8996,2026-02-10,in_sample,17395.1,6.5849,3532.0,1.337,916.0,958.0,931.0,951.58,True,False,-3.8843,False,False
統一-城中 x 凱基-城中(城中GA本尊),統一-城中,凱基-城中(城中GA本尊),2026-02-11,1815,2026-02-23,in_sample,18392.64,2.4116,17571.54,2.304,100.0,106.0,106.0,103.88,True,False,-3.88,False,False
統一-城中 x 凱基-城中(城中GA本尊),統一-城中,凱基-城中(城中GA本尊),2026-02-11,5475,2026-02-23,in_sample,1874.5,2.1288,8198.9,9.3113,179.0,179.0,179.0,175.42,True,False,2.0,False,True
統一-城中 x 凱基-城中(城中GA本尊),統一-城中,凱基-城中(城中GA本尊),2026-02-23,1711,2026-02-24,in_sample,1965.81,2.6786,1864.61,2.5407,26.0,27.8,27.8,27.244,True,False,-4.7846,False,False
統一-城中 x 凱基-城中(城中GA本尊),統一-城中,凱基-城中(城中GA本尊),2026-02-23,1802,2026-02-24,in_sample,3546.62,0.5153,4828.78,0.7016,54.6,56.8,56.8,55.664,True,False,-1.9487,False,False
統一-城中 x 凱基-城中(城中GA本尊),統一-城中,凱基-城中(城中GA本尊),2026-02-23,2313,2026-02-24,in_sample,11070.0,0.8938,9553.0,0.7713,209.0,225.5,225.5,220.99,True,False,-5.7368,False,False
統一-城中 x 凱基-城中(城中GA本尊),統一-城中,凱基-城中(城中GA本尊),2026-02-23,3189,2026-02-24,in_sample,24352.8,3.6235,5840.0,0.8689,302.0,321.0,321.0,314.58,True,False,-4.1656,False,False
統一-城中 x 凱基-城中(城中GA本尊),統一-城中,凱基-城中(城中GA本尊),2026-02-24,2367,2026-02-25,in_sample,15752.88,2.5681,17876.52,2.9144,63.7,66.1,58.7,65.954,True,False,-3.5385,False,False
統一-城中 x 凱基-城中(城中GA本尊),統一-城中,凱基-城中(城中GA本尊),2026-02-24,3037,2026-02-25,in_sample,59228.8,1.5944,33494.6,0.9016,454.5,463.0,458.5,480.69,False,False,-0.8801,False,False
統一-城中 x 凱基-城中(城中GA本尊),統一-城中,凱基-城中(城中GA本尊),2026-02-24,3363,2026-02-25,in_sample,7163.0,3.6165,5785.5,2.921,573.0,596.0,595.0,593.88,True,False,-3.644,False,False
統一-城中 x 凱基-城中(城中GA本尊),統一-城中,凱基-城中(城中GA本尊),2026-02-25,8046,2026-02-26,in_sample,15207.5,1.038,10949.4,0.7473,548.0,572.0,555.0,595.84,False,False,-1.2774,False,False
統一-城中 x 凱基-城中(城中GA本尊),統一-城中,凱基-城中(城中GA本尊),2026-02-25,8150,2026-02-26,in_sample,5993.0,1.1527,3172.0,0.6101,65.0,71.5,71.5,70.07,True,False,-7.8,False,False
統一-城中 x 凱基-城中(城中GA本尊),統一-城中,凱基-城中(城中GA本尊),2026-02-25,8183,2026-02-26,in_sample,75.2,1.5031,86.48,1.7285,40.0,41.35,40.65,40.523,True,False,-1.3075,False,False
統一-城中 x 凱基-城中(城中GA本尊),統一-城中,凱基-城中(城中GA本尊),2026-02-26,2367,2026-03-02,in_sample,17395.65,1.8682,15738.0,1.6902,61.0,70.9,70.9,69.482,True,False,-13.9049,False,False
統一-城中 x 凱基-城中(城中GA本尊),統一-城中,凱基-城中(城中GA本尊),2026-02-26,3450,2026-03-02,in_sample,17734.35,1.7607,21510.25,2.1355,301.0,328.0,304.0,333.2,False,False,-0.9967,False,False
統一-城中 x 凱基-城中(城中GA本尊),統一-城中,凱基-城中(城中GA本尊),2026-02-26,6805,2026-03-02,in_sample,11115.0,1.7789,9405.0,1.5052,1715.0,1840.0,1745.0,1842.4,False,False,-1.7493,False,False
統一-城中 x 凱基-城中(城中GA本尊),統一-城中,凱基-城中(城中GA本尊),2026-03-02,1802,2026-03-03,in_sample,11014.08,0.7039,31967.04,2.043,68.0,73.5,63.7,72.422,True,False,-6.5029,False,False
統一-城中 x 凱基-城中(城中GA本尊),統一-城中,凱基-城中(城中GA本尊),2026-03-02,2313,2026-03-03,in_sample,23482.7,1.32,23168.4,1.3024,230.0,246.0,224.5,241.57,True,False,-5.0304,False,False
統一-城中 x 凱基-城中(城中GA本尊),統一-城中,凱基-城中(城中GA本尊),2026-03-02,3357,2026-03-03,in_sample,3647.15,2.1001,9994.4,5.7548,196.0,200.5,181.5,217.07,False,False,7.398,False,True
統一-城中 x 凱基-城中(城中GA本尊),統一-城中,凱基-城中(城中GA本尊),2026-03-02,3576,2026-03-03,in_sample,2619.54,1.5671,3025.35,1.8099,26.6,26.7,26.7,26.166,True,False,1.6316,False,True
統一-城中 x 凱基-城中(城中GA本尊),統一-城中,凱基-城中(城中GA本尊),2026-03-03,4908,2026-03-04,in_sample,2068.5,1.2709,945.0,0.5806,102.5,103.5,99.4,113.19,False,False,3.0244,False,True
統一-城中 x 凱基-城中(城中GA本尊),統一-城中,凱基-城中(城中GA本尊),2026-03-10,3653,2026-03-11,in_sample,11184.0,1.175,12232.5,1.2851,3475.0,3545.0,3485.0,3763.2,False,False,-0.2878,False,False
統一-城中 x 凱基-城中(城中GA本尊),統一-城中,凱基-城中(城中GA本尊),2026-03-10,3663,2026-03-11,in_sample,60.0,0.7349,114.0,1.3964,65.6,66.0,66.0,64.68,True,False,1.4024,False,True
統一-城中 x 凱基-城中(城中GA本尊),統一-城中,凱基-城中(城中GA本尊),2026-03-10,6715,2026-03-11,in_sample,2000.7,9.2172,359.1,1.6544,282.0,282.0,282.0,276.36,True,True,2.0,False,True
統一-城中 x 凱基-城中(城中GA本尊),統一-城中,凱基-城中(城中GA本尊),2026-03-11,2329,2026-03-12,in_sample,2603.72,3.9379,1892.62,2.8624,53.9,55.3,52.2,58.898,False,False,3.154,False,True
統一-城中 x 凱基-城中(城中GA本尊),統一-城中,凱基-城中(城中GA本尊),2026-03-11,2485,2026-03-12,in_sample,12044.34,2.7672,13078.45,3.0048,57.5,60.8,60.8,59.584,True,False,-3.6243,False,False
統一-城中 x 凱基-城中(城中GA本尊),統一-城中,凱基-城中(城中GA本尊),2026-03-13,1711,2026-03-16,in_sample,6004.57,2.5423,6114.39,2.5888,35.4,35.5,35.5,34.79,True,False,1.7232,False,True
統一-城中 x 凱基-城中(城中GA本尊),統一-城中,凱基-城中(城中GA本尊),2026-03-13,1727,2026-03-16,in_sample,4012.8,3.0006,4371.52,3.2688,63.6,63.6,55.3,65.464,False,False,13.0503,False,True
統一-城中 x 凱基-城中(城中GA本尊),統一-城中,凱基-城中(城中GA本尊),2026-03-13,4956,2026-03-16,in_sample,2280.72,3.2625,2293.2,3.2804,33.35,34.25,32.45,33.614,True,False,-0.7916,False,False
統一-城中 x 凱基-城中(城中GA本尊),統一-城中,凱基-城中(城中GA本尊),2026-03-13,4973,2026-03-16,in_sample,3319.68,2.4788,3460.8,2.5842,71.9,73.9,73.9,72.422,True,False,-0.726,False,False
統一-城中 x 凱基-城中(城中GA本尊),統一-城中,凱基-城中(城中GA本尊),2026-03-13,6274,2026-03-16,in_sample,13283.25,1.5073,14626.5,1.6598,515.0,520.0,503.0,536.06,False,False,2.3301,False,True
統一-城中 x 凱基-城中(城中GA本尊),統一-城中,凱基-城中(城中GA本尊),2026-03-13,8261,2026-03-16,in_sample,3885.0,3.8593,4617.6,4.5871,115.0,116.5,112.5,119.56,False,False,2.1739,False,True
統一-城中 x 凱基-城中(城中GA本尊),統一-城中,凱基-城中(城中GA本尊),2026-03-16,2347,2026-03-17,in_sample,2323.72,1.6675,2779.2,1.9943,76.9,79.6,78.6,83.202,False,False,-2.2107,False,False
統一-城中 x 凱基-城中(城中GA本尊),統一-城中,凱基-城中(城中GA本尊),2026-03-16,3376,2026-03-17,in_sample,4827.95,1.8362,6495.0,2.4702,226.0,232.0,224.0,233.24,False,False,0.885,False,True
統一-城中 x 凱基-城中(城中GA本尊),統一-城中,凱基-城中(城中GA本尊),2026-03-16,4554,2026-03-17,in_sample,2.795,1.087,11.18,4.3479,30.0,30.7,29.75,30.086,True,False,-0.2867,False,False
統一-城中 x 凱基-城中(城中GA本尊),統一-城中,凱基-城中(城中GA本尊),2026-03-16,5351,2026-03-17,in_sample,9190.11,2.7983,10907.56,3.3213,73.8,77.1,77.1,75.558,True,False,-2.3821,False,False
統一-城中 x 凱基-城中(城中GA本尊),統一-城中,凱基-城中(城中GA本尊),2026-03-17,2327,2026-03-18,in_sample,36693.8,2.44,30859.4,2.0521,292.0,296.0,280.5,308.21,False,False,3.9384,False,True
統一-城中 x 凱基-城中(城中GA本尊),統一-城中,凱基-城中(城中GA本尊),2026-03-17,6531,2026-03-18,in_sample,14616.0,2.0307,13978.0,1.942,615.0,623.0,572.0,625.24,False,False,6.9919,False,True
統一-城中 x 凱基-城中(城中GA本尊),統一-城中,凱基-城中(城中GA本尊),2026-03-18,2316,2026-03-19,in_sample,6165.0,4.678,6660.0,5.0537,112.0,116.0,108.0,121.03,False,False,3.5714,False,True
統一-城中 x 凱基-城中(城中GA本尊),統一-城中,凱基-城中(城中GA本尊),2026-03-18,3715,2026-03-19,in_sample,17055.05,1.5209,13827.95,1.2331,173.5,190.5,190.5,186.69,True,False,-7.6023,False,False
統一-城中 x 凱基-城中(城中GA本尊),統一-城中,凱基-城中(城中GA本尊),2026-03-18,4967,2026-03-19,in_sample,3007.3,0.8379,6778.75,1.8887,247.0,271.0,271.0,265.58,True,False,-7.5223,False,False
統一-城中 x 凱基-城中(城中GA本尊),統一-城中,凱基-城中(城中GA本尊),2026-03-18,4989,2026-03-19,in_sample,8546.6,2.4993,8841.05,2.5854,76.0,77.3,73.9,81.34,False,False,2.7632,False,True
統一-城中 x 凱基-城中(城中GA本尊),統一-城中,凱基-城中(城中GA本尊),2026-03-19,2489,2026-03-20,in_sample,2385.24,2.4698,2655.51,2.7496,47.15,47.15,38.65,46.207,True,False,2.0,False,True
統一-城中 x 凱基-城中(城中GA本尊),統一-城中,凱基-城中(城中GA本尊),2026-03-19,3693,2026-03-20,in_sample,10902.1,2.9439,8978.2,2.4244,618.0,618.0,535.0,628.18,False,False,13.4304,False,True
統一-城中 x 凱基-城中(城中GA本尊),統一-城中,凱基-城中(城中GA本尊),2026-03-19,4908,2026-03-20,in_sample,3073.6,3.1405,3367.4,3.4407,120.0,123.0,114.5,121.52,True,False,-1.2667,False,False
統一-城中 x 凱基-城中(城中GA本尊),統一-城中,凱基-城中(城中GA本尊),2026-03-19,4919,2026-03-20,in_sample,1997.94,1.0146,1819.02,0.9237,109.0,109.0,109.0,106.82,True,False,2.0,False,True
統一-城中 x 凱基-城中(城中GA本尊),統一-城中,凱基-城中(城中GA本尊),2026-03-19,4967,2026-03-20,in_sample,6585.3,0.7768,5311.6,0.6266,287.5,288.5,261.5,292.04,False,False,9.0435,False,True
統一-城中 x 凱基-城中(城中GA本尊),統一-城中,凱基-城中(城中GA本尊),2026-03-19,6274,2026-03-20,in_sample,37901.6,2.5909,14074.4,0.9621,598.0,600.0,554.0,629.16,False,False,7.3579,False,True
統一-城中 x 凱基-城中(城中GA本尊),統一-城中,凱基-城中(城中GA本尊),2026-03-25,3715,2026-03-26,in_sample,8948.7,1.3517,7649.4,1.1554,187.0,197.0,185.0,196.98,True,False,-5.3369,False,False
統一-城中 x 凱基-城中(城中GA本尊),統一-城中,凱基-城中(城中GA本尊),2026-03-25,4977,2026-03-26,in_sample,3650.85,2.7444,8698.2,6.5385,202.5,214.0,196.0,214.62,False,False,3.2099,False,True
統一-城中 x 凱基-城中(城中GA本尊),統一-城中,凱基-城中(城中GA本尊),2026-03-25,5347,2026-03-26,in_sample,7353.2,3.4063,2728.0,1.2637,127.5,128.0,117.0,133.28,False,False,8.2353,False,True
統一-城中 x 凱基-城中(城中GA本尊),統一-城中,凱基-城中(城中GA本尊),2026-03-26,2355,2026-03-27,in_sample,5760.04,3.9544,3927.3,2.6962,49.15,51.5,50.5,53.214,False,False,-2.7467,False,False
統一-城中 x 凱基-城中(城中GA本尊),統一-城中,凱基-城中(城中GA本尊),2026-03-26,6147,2026-03-27,in_sample,6115.08,1.4628,8550.22,2.0452,77.0,78.7,76.8,83.79,False,False,0.2597,False,True
統一-城中 x 凱基-城中(城中GA本尊),統一-城中,凱基-城中(城中GA本尊),2026-03-27,2489,2026-03-30,in_sample,2071.455,1.0527,8299.84,4.2177,35.05,35.5,32.7,37.779,False,False,6.7047,False,True
統一-城中 x 凱基-城中(城中GA本尊),統一-城中,凱基-城中(城中GA本尊),2026-04-01,6213,2026-04-02,in_sample,15550.2,3.6138,7775.1,1.8069,167.5,176.0,170.0,175.42,True,False,-4.7284,False,False
統一-城中 x 凱基-城中(城中GA本尊),統一-城中,凱基-城中(城中GA本尊),2026-04-02,1309,2026-04-07,in_sample,3427.995,2.6038,1331.235,1.0111,26.25,27.0,26.5,27.93,False,False,-0.9524,False,False
統一-城中 x 凱基-城中(城中GA本尊),統一-城中,凱基-城中(城中GA本尊),2026-04-02,3152,2026-04-07,in_sample,1887.6,4.3842,1887.6,4.3842,156.0,165.5,159.0,168.07,False,False,-1.9231,False,False
統一-城中 x 凱基-城中(城中GA本尊),統一-城中,凱基-城中(城中GA本尊),2026-04-02,6147,2026-04-07,in_sample,21806.4,3.5857,19118.4,3.1437,91.0,92.4,89.8,90.552,True,False,0.4923,False,True
統一-城中 x 凱基-城中(城中GA本尊),統一-城中,凱基-城中(城中GA本尊),2026-04-07,2455,2026-04-08,in_sample,17667.45,3.8297,2105.3,0.4564,306.0,307.5,290.5,306.25,True,False,-0.0817,False,False
統一-城中 x 凱基-城中(城中GA本尊),統一-城中,凱基-城中(城中GA本尊),2026-04-07,6285,2026-04-08,in_sample,21059.3,2.8999,23344.5,3.2146,212.0,216.5,216.5,212.17,True,False,-0.0802,False,False
統一-城中 x 凱基-城中(城中GA本尊),統一-城中,凱基-城中(城中GA本尊),2026-04-07,8086,2026-04-08,in_sample,786.6,0.474,15290.4,9.214,146.0,148.5,145.5,148.47,True,False,-1.6918,False,False
統一-城中 x 凱基-城中(城中GA本尊),統一-城中,凱基-城中(城中GA本尊),2026-04-08,1802,2026-04-09,in_sample,8236.4,2.594,15646.8,4.9278,61.5,64.5,59.5,63.602,True,False,-3.4179,False,False
統一-城中 x 凱基-城中(城中GA本尊),統一-城中,凱基-城中(城中GA本尊),2026-04-08,1815,2026-04-09,in_sample,21257.6,2.7341,10606.4,1.3642,113.0,122.5,121.5,120.54,True,False,-6.6726,False,False
統一-城中 x 凱基-城中(城中GA本尊),統一-城中,凱基-城中(城中GA本尊),2026-04-08,2308,2026-04-09,in_sample,25308.0,1.1421,20979.0,0.9468,1685.0,1705.0,1645.0,1793.4,False,False,2.3739,False,True
統一-城中 x 凱基-城中(城中GA本尊),統一-城中,凱基-城中(城中GA本尊),2026-04-08,2419,2026-04-09,in_sample,4053.415,5.2168,3513.945,4.5225,39.5,39.85,36.95,39.788,True,False,-0.7291,False,False
統一-城中 x 凱基-城中(城中GA本尊),統一-城中,凱基-城中(城中GA本尊),2026-04-08,2489,2026-04-09,in_sample,2450.7,1.8204,3816.09,2.8346,41.3,42.75,42.75,41.895,True,False,-1.4407,False,False
統一-城中 x 凱基-城中(城中GA本尊),統一-城中,凱基-城中(城中GA本尊),2026-04-08,6147,2026-04-09,in_sample,5053.44,2.5353,9396.24,4.7141,99.9,104.5,96.5,106.33,False,False,3.4034,False,True
統一-城中 x 凱基-城中(城中GA本尊),統一-城中,凱基-城中(城中GA本尊),2026-04-08,8299,2026-04-09,in_sample,11557.5,0.8484,30015.0,2.2032,1725.0,1730.0,1615.0,1857.1,False,False,6.3768,False,True
統一-城中 x 凱基-城中(城中GA本尊),統一-城中,凱基-城中(城中GA本尊),2026-04-09,1717,2026-04-10,in_sample,9018.36,1.184,16501.68,2.1665,77.6,80.6,80.0,79.478,True,False,-2.4201,False,False
統一-城中 x 凱基-城中(城中GA本尊),統一-城中,凱基-城中(城中GA本尊),2026-04-09,3042,2026-04-10,in_sample,2988.5,2.4121,1988.75,1.6051,115.0,118.0,118.0,115.64,True,False,-0.5565,False,False
統一-城中 x 凱基-城中(城中GA本尊),統一-城中,凱基-城中(城中GA本尊),2026-04-09,6213,2026-04-10,in_sample,17255.05,3.6192,20242.75,4.2458,225.0,225.0,214.0,233.24,False,False,4.8889,False,True
統一-城中 x 凱基-城中(城中GA本尊),統一-城中,凱基-城中(城中GA本尊),2026-04-09,6274,2026-04-10,in_sample,7332.4,0.7906,53797.5,5.8005,838.0,838.0,808.0,858.48,False,False,3.58,False,True
統一-城中 x 凱基-城中(城中GA本尊),統一-城中,凱基-城中(城中GA本尊),2026-04-09,8028,2026-04-10,in_sample,10562.7,2.1202,18351.15,3.6836,207.5,207.5,199.0,221.48,False,False,4.0964,False,True
統一-城中 x 凱基-城中(城中GA本尊),統一-城中,凱基-城中(城中GA本尊),2026-04-10,3583,2026-04-13,in_sample,4441.8,0.7219,1211.4,0.1969,700.0,724.0,702.0,725.2,False,False,-0.2857,False,False
統一-城中 x 凱基-城中(城中GA本尊),統一-城中,凱基-城中(城中GA本尊),2026-04-10,3645,2026-04-13,in_sample,2696.16,2.3623,1594.68,1.3972,85.5,90.4,90.4,88.592,True,False,-3.6164,False,False
統一-城中 x 凱基-城中(城中GA本尊),統一-城中,凱基-城中(城中GA本尊),2026-04-10,4989,2026-04-13,in_sample,3074.67,0.7942,5761.98,1.4884,81.0,82.9,81.3,86.926,False,False,-0.3704,False,False
統一-城中 x 凱基-城中(城中GA本尊),統一-城中,凱基-城中(城中GA本尊),2026-04-10,8021,2026-04-13,in_sample,4984.75,2.8075,9271.0,5.2217,346.0,349.0,349.0,342.02,True,False,1.1503,False,True
統一-城中 x 凱基-城中(城中GA本尊),統一-城中,凱基-城中(城中GA本尊),2026-04-13,2485,2026-04-14,in_sample,3854.16,0.8569,4387.44,0.9755,86.9,86.9,78.3,87.024,False,False,9.8964,False,True
統一-城中 x 凱基-城中(城中GA本尊),統一-城中,凱基-城中(城中GA本尊),2026-04-13,3026,2026-04-14,in_sample,5964.0,2.5414,4749.9,2.024,234.0,234.0,229.5,229.32,True,False,2.0,False,True
統一-城中 x 凱基-城中(城中GA本尊),統一-城中,凱基-城中(城中GA本尊),2026-04-13,3042,2026-04-14,in_sample,10385.9,4.5712,12975.9,5.7111,138.0,142.0,133.5,139.16,True,False,-0.8406,False,False
統一-城中 x 凱基-城中(城中GA本尊),統一-城中,凱基-城中(城中GA本尊),2026-04-13,3645,2026-04-14,in_sample,2034.0,1.3908,6282.8,4.2959,97.0,97.1,88.9,97.412,False,False,8.3505,False,True
統一-城中 x 凱基-城中(城中GA本尊),統一-城中,凱基-城中(城中GA本尊),2026-04-13,4908,2026-04-14,in_sample,3452.6,3.019,6310.9,5.5183,148.0,151.0,142.5,152.39,False,False,3.7162,False,True
統一-城中 x 凱基-城中(城中GA本尊),統一-城中,凱基-城中(城中GA本尊),2026-04-13,6173,2026-04-14,in_sample,2879.18,3.5609,2010.4,2.4864,72.6,74.1,73.3,77.322,False,False,-0.9642,False,False
統一-城中 x 凱基-城中(城中GA本尊),統一-城中,凱基-城中(城中GA本尊),2026-04-13,6259,2026-04-14,in_sample,54.6,3.2418,441.0,26.1837,21.75,22.0,20.35,22.638,False,False,6.4368,False,True
統一-城中 x 凱基-城中(城中GA本尊),統一-城中,凱基-城中(城中GA本尊),2026-04-13,6531,2026-04-14,in_sample,13834.8,3.4359,2381.4,0.5914,586.0,614.0,606.0,610.54,True,False,-4.1877,False,False
統一-城中 x 凱基-城中(城中GA本尊),統一-城中,凱基-城中(城中GA本尊),2026-04-13,8021,2026-04-14,in_sample,6980.0,1.0346,8376.0,1.2416,370.0,371.0,350.0,375.83,False,False,5.4054,False,True
統一-城中 x 凱基-城中(城中GA本尊),統一-城中,凱基-城中(城中GA本尊),2026-04-14,8358,2026-04-15,in_sample,23851.8,2.2736,23378.55,2.2284,320.0,344.0,333.5,340.06,True,False,-6.2688,False,False
統一-城中 x 凱基-城中(城中GA本尊),統一-城中,凱基-城中(城中GA本尊),2026-04-15,1528,2026-04-16,in_sample,1432.52,1.1078,1487.15,1.1501,31.3,31.75,29.8,32.683,False,False,4.7923,False,True
統一-城中 x 凱基-城中(城中GA本尊),統一-城中,凱基-城中(城中GA本尊),2026-04-15,2493,2026-04-16,in_sample,3629.5,2.7032,6649.0,4.9521,152.5,152.5,147.0,164.15,False,False,3.6066,False,True
統一-城中 x 凱基-城中(城中GA本尊),統一-城中,凱基-城中(城中GA本尊),2026-04-15,2495,2026-04-16,in_sample,2214.8,1.961,2418.2,2.1411,44.8,45.0,43.6,48.706,False,False,2.6786,False,True
統一-城中 x 凱基-城中(城中GA本尊),統一-城中,凱基-城中(城中GA本尊),2026-04-15,3363,2026-04-16,in_sample,17919.6,3.9327,9453.0,2.0746,848.0,875.0,830.0,885.92,False,False,2.1226,False,True
統一-城中 x 凱基-城中(城中GA本尊),統一-城中,凱基-城中(城中GA本尊),2026-04-15,8027,2026-04-16,in_sample,4305.6,2.6532,8190.0,5.0468,160.5,163.0,145.5,168.07,False,False,9.3458,False,True
統一-城中 x 凱基-城中(城中GA本尊),統一-城中,凱基-城中(城中GA本尊),2026-04-16,2484,2026-04-17,in_sample,2534.87,3.5979,4424.94,6.2807,43.75,43.85,42.4,43.414,True,False,0.768,False,True
統一-城中 x 凱基-城中(城中GA本尊),統一-城中,凱基-城中(城中GA本尊),2026-04-16,4977,2026-04-17,in_sample,7786.35,4.8391,4268.55,2.6528,228.5,235.5,235.5,230.79,True,False,-1.0022,False,False
統一-城中 x 凱基-城中(城中GA本尊),統一-城中,凱基-城中(城中GA本尊),2026-04-16,6173,2026-04-17,in_sample,5000.44,2.5495,9262.56,4.7226,84.3,92.2,92.2,90.356,True,False,-7.1839,False,False
統一-城中 x 凱基-城中(城中GA本尊),統一-城中,凱基-城中(城中GA本尊),2026-04-16,6285,2026-04-17,in_sample,9692.1,0.7071,34870.2,2.5439,268.0,274.5,264.5,287.63,False,False,1.306,False,True
統一-城中 x 凱基-城中(城中GA本尊),統一-城中,凱基-城中(城中GA本尊),2026-04-16,8150,2026-04-17,in_sample,8873.48,2.4118,11062.37,3.0068,74.6,75.0,67.3,79.38,False,False,9.7855,False,True
統一-城中 x 凱基-城中(城中GA本尊),統一-城中,凱基-城中(城中GA本尊),2026-04-17,4958,2026-04-20,in_sample,8488.2,0.7234,9306.0,0.7931,292.5,310.0,310.0,303.8,True,False,-3.8632,False,False
統一-城中 x 凱基-城中(城中GA本尊),統一-城中,凱基-城中(城中GA本尊),2026-04-20,3105,2026-04-21,in_sample,29422.4,1.1947,24272.0,0.9855,625.0,637.0,617.0,637.98,False,False,1.28,False,True
統一-城中 x 凱基-城中(城中GA本尊),統一-城中,凱基-城中(城中GA本尊),2026-04-20,3189,2026-04-21,in_sample,16617.3,1.1691,19803.0,1.3933,453.0,473.5,473.5,464.03,True,False,-2.4349,False,False
統一-城中 x 凱基-城中(城中GA本尊),統一-城中,凱基-城中(城中GA本尊),2026-04-20,3645,2026-04-21,in_sample,3721.25,1.7332,9995.85,4.6556,120.0,120.0,109.5,122.99,False,False,8.75,False,True
統一-城中 x 凱基-城中(城中GA本尊),統一-城中,凱基-城中(城中GA本尊),2026-04-20,4722,2026-04-21,in_sample,3425.4,4.7098,9286.2,12.7681,202.0,207.5,193.5,213.15,False,False,4.2079,False,True
統一-城中 x 凱基-城中(城中GA本尊),統一-城中,凱基-城中(城中GA本尊),2026-04-20,4958,2026-04-21,in_sample,7099.0,0.5033,14632.0,1.0374,323.5,325.5,315.0,334.18,False,False,2.6275,False,True
統一-城中 x 凱基-城中(城中GA本尊),統一-城中,凱基-城中(城中GA本尊),2026-04-21,2436,2026-04-22,in_sample,3529.7,1.7932,4340.78,2.2052,77.1,82.0,78.3,80.948,True,False,-4.9909,False,False
統一-城中 x 凱基-城中(城中GA本尊),統一-城中,凱基-城中(城中GA本尊),2026-04-21,8150,2026-04-22,in_sample,4505.28,1.1319,10677.81,2.6826,76.6,80.7,79.8,79.87,True,False,-4.2689,False,False
統一-城中 x 凱基-城中(城中GA本尊),統一-城中,凱基-城中(城中GA本尊),2026-04-22,1711,2026-04-23,in_sample,8904.24,3.0475,10537.28,3.6065,63.7,64.3,56.5,64.19,True,False,-0.7692,False,False
統一-城中 x 凱基-城中(城中GA本尊),統一-城中,凱基-城中(城中GA本尊),2026-04-22,3227,2026-04-23,in_sample,5324.0,3.9021,9702.0,7.1108,236.0,236.5,215.0,237.16,False,False,8.8983,False,True
統一-城中 x 凱基-城中(城中GA本尊),統一-城中,凱基-城中(城中GA本尊),2026-04-22,3701,2026-04-23,in_sample,2845.32,1.525,3709.92,1.9885,78.7,79.8,70.9,84.672,False,False,9.9111,False,True
統一-城中 x 凱基-城中(城中GA本尊),統一-城中,凱基-城中(城中GA本尊),2026-04-24,1727,2026-04-27,in_sample,3506.72,2.1221,3004.75,1.8183,75.5,76.7,73.8,76.146,True,False,-0.8556,False,False
統一-城中 x 凱基-城中(城中GA本尊),統一-城中,凱基-城中(城中GA本尊),2026-04-27,8155,2026-04-28,in_sample,6539.05,2.0608,3207.05,1.0107,427.0,428.0,411.0,448.84,False,False,3.7471,False,True
統一-城中 x 凱基-城中(城中GA本尊),統一-城中,凱基-城中(城中GA本尊),2026-04-28,2337,2026-04-29,in_sample,36557.4,0.9495,45951.95,1.1935,161.5,171.5,167.0,171.5,True,False,-6.192,False,False
統一-城中 x 凱基-城中(城中GA本尊),統一-城中,凱基-城中(城中GA本尊),2026-04-28,2492,2026-04-29,in_sample,6858.6,5.5463,7298.8,5.9023,140.0,141.5,134.5,152.88,False,False,3.9286,False,True
統一-城中 x 凱基-城中(城中GA本尊),統一-城中,凱基-城中(城中GA本尊),2026-04-28,3006,2026-04-29,in_sample,3782.25,0.5738,8413.2,1.2763,181.5,187.5,175.0,198.45,False,False,3.5813,False,True
統一-城中 x 凱基-城中(城中GA本尊),統一-城中,凱基-城中(城中GA本尊),2026-04-28,4958,2026-04-29,in_sample,20133.4,0.6936,42630.8,1.4687,393.5,396.0,383.0,424.34,False,False,2.6684,False,True
統一-城中 x 凱基-城中(城中GA本尊),統一-城中,凱基-城中(城中GA本尊),2026-04-30,4958,2026-05-04,in_sample,23870.7,1.2476,60413.5,3.1575,429.0,447.5,432.5,453.74,False,False,-0.8159,False,False
統一-城中 x 凱基-城中(城中GA本尊),統一-城中,凱基-城中(城中GA本尊),2026-05-04,2313,2026-05-05,in_sample,85758.9,3.9172,22634.55,1.0339,272.0,285.0,274.5,289.1,False,False,-0.9191,False,False
統一-城中 x 凱基-城中(城中GA本尊),統一-城中,凱基-城中(城中GA本尊),2026-05-04,2408,2026-05-05,in_sample,75223.8,2.2733,70033.5,2.1164,243.0,259.0,256.5,255.29,True,False,-5.0576,False,False
統一-城中 x 凱基-城中(城中GA本尊),統一-城中,凱基-城中(城中GA本尊),2026-05-04,2426,2026-05-05,in_sample,4208.4,2.7596,2520.0,1.6524,69.3,69.3,69.3,67.914,True,False,2.0,False,True
統一-城中 x 凱基-城中(城中GA本尊),統一-城中,凱基-城中(城中GA本尊),2026-05-05,1802,2026-05-06,in_sample,17472.0,1.7776,18098.08,1.8413,73.8,75.5,71.2,78.4,False,False,3.523,False,True
統一-城中 x 凱基-城中(城中GA本尊),統一-城中,凱基-城中(城中GA本尊),2026-05-05,2454,2026-05-06,in_sample,51111.0,1.6052,94334.5,2.9628,3470.0,3470.0,3430.0,3400.6,True,False,2.0,False,True
統一-城中 x 凱基-城中(城中GA本尊),統一-城中,凱基-城中(城中GA本尊),2026-05-05,3450,2026-05-06,in_sample,17118.5,1.5991,8468.0,0.791,374.0,375.0,343.5,393.47,False,False,8.1551,False,True
統一-城中 x 凱基-城中(城中GA本尊),統一-城中,凱基-城中(城中GA本尊),2026-05-05,6831,2026-05-06,in_sample,2860.0,3.4315,2028.0,2.4333,535.0,569.0,561.0,560.56,True,False,-4.7776,False,False
統一-城中 x 凱基-城中(城中GA本尊),統一-城中,凱基-城中(城中GA本尊),2026-05-06,2344,2026-05-07,out_of_sample,35132.3,1.3449,33656.7,1.2884,113.0,117.0,114.0,116.62,True,False,-3.2035,False,False
統一-城中 x 凱基-城中(城中GA本尊),統一-城中,凱基-城中(城中GA本尊),2026-05-06,2354,2026-05-07,out_of_sample,8005.35,1.5284,7130.87,1.3614,64.8,65.3,63.3,69.286,False,False,2.3148,False,True
統一-城中 x 凱基-城中(城中GA本尊),統一-城中,凱基-城中(城中GA本尊),2026-05-06,3006,2026-05-07,out_of_sample,14720.0,2.1925,10020.0,1.4924,205.0,210.0,196.5,215.6,False,False,4.1463,False,True
統一-城中 x 凱基-城中(城中GA本尊),統一-城中,凱基-城中(城中GA本尊),2026-05-07,5347,2026-05-08,out_of_sample,14469.0,2.3431,20980.05,3.3975,178.5,184.5,167.5,199.92,False,False,6.1625,False,True
統一-城中 x 凱基-城中(城中GA本尊),統一-城中,凱基-城中(城中GA本尊),2026-05-08,2379,2026-05-11,out_of_sample,8524.8,1.5731,28416.0,5.2436,615.0,615.0,584.0,637.98,False,False,5.0407,False,True
統一-城中 x 凱基-城中(城中GA本尊),統一-城中,凱基-城中(城中GA本尊),2026-05-11,2481,2026-05-12,out_of_sample,8382.1,2.3948,5297.4,1.5135,113.0,118.5,115.5,117.11,True,False,-3.6372,False,False
統一-城中 x 凱基-城中(城中GA本尊),統一-城中,凱基-城中(城中GA本尊),2026-05-11,3189,2026-05-12,out_of_sample,14033.7,1.0779,23188.3,1.781,525.0,532.0,494.0,541.94,False,False,5.9048,False,True
統一-城中 x 凱基-城中(城中GA本尊),統一-城中,凱基-城中(城中GA本尊),2026-05-11,3587,2026-05-12,out_of_sample,701.0,0.8839,4871.95,6.1429,378.0,385.5,385.5,377.79,True,False,0.0556,False,True
統一-城中 x 凱基-城中(城中GA本尊),統一-城中,凱基-城中(城中GA本尊),2026-05-11,3661,2026-05-12,out_of_sample,5375.0,0.7912,2687.5,0.3956,5555.0,5640.0,5310.0,5791.8,False,False,4.4104,False,True
統一-城中 x 凱基-城中(城中GA本尊),統一-城中,凱基-城中(城中GA本尊),2026-05-12,3481,2026-05-13,out_of_sample,20494.15,0.7069,79843.05,2.754,35.8,37.95,37.5,38.269,False,False,-4.7486,False,False
統一-城中 x 凱基-城中(城中GA本尊),統一-城中,凱基-城中(城中GA本尊),2026-05-12,4977,2026-05-13,out_of_sample,12767.6,2.1292,25535.2,4.2584,268.0,273.0,243.5,291.55,False,False,9.1418,False,True
統一-城中 x 凱基-城中(城中GA本尊),統一-城中,凱基-城中(城中GA本尊),2026-05-12,6531,2026-05-13,out_of_sample,13082.0,1.4087,36608.5,3.9422,1025.0,1105.0,1040.0,1136.8,False,False,-1.4634,False,False
統一-城中 x 凱基-城中(城中GA本尊),統一-城中,凱基-城中(城中GA本尊),2026-05-15,1727,2026-05-18,out_of_sample,3303.72,1.8282,8451.58,4.677,88.0,90.0,87.7,94.178,False,False,0.3409,False,True
統一-城中 x 凱基-城中(城中GA本尊),統一-城中,凱基-城中(城中GA本尊),2026-05-15,8028,2026-05-18,out_of_sample,13253.75,1.2906,16933.75,1.6489,285.0,285.0,278.5,309.68,False,False,2.2807,False,True
統一-城中 x 凱基-城中(城中GA本尊),統一-城中,凱基-城中(城中GA本尊),2026-05-18,2313,2026-05-19,out_of_sample,25951.8,1.0628,31960.6,1.3089,263.0,279.0,256.0,278.81,True,False,-6.0114,False,False
統一-城中 x 凱基-城中(城中GA本尊),統一-城中,凱基-城中(城中GA本尊),2026-05-18,2481,2026-05-19,out_of_sample,5598.6,1.0535,4205.4,0.7913,130.0,140.5,135.0,138.67,True,False,-6.6692,False,False
統一-城中 x 凱基-城中(城中GA本尊),統一-城中,凱基-城中(城中GA本尊),2026-05-20,2472,2026-05-21,out_of_sample,12750.0,3.5418,25449.0,7.0695,264.5,272.5,266.0,274.89,False,False,-0.5671,False,False
統一-城中 x 凱基-城中(城中GA本尊),統一-城中,凱基-城中(城中GA本尊),2026-05-20,2478,2026-05-21,out_of_sample,3133.35,3.2829,3407.65,3.5703,112.5,116.0,116.0,113.68,True,False,-1.0489,False,False
統一-城中 x 凱基-城中(城中GA本尊),統一-城中,凱基-城中(城中GA本尊),2026-05-20,3694,2026-05-21,out_of_sample,2164.48,2.5097,2712.72,3.1453,71.2,72.9,71.8,76.734,False,False,-0.8427,False,False
統一-城中 x 凱基-城中(城中GA本尊),統一-城中,凱基-城中(城中GA本尊),2026-05-20,4916,2026-05-21,out_of_sample,5564.81,1.758,4261.26,1.3462,92.8,98.8,98.8,96.824,True,False,-4.3362,False,False
統一-城中 x 凱基-城中(城中GA本尊),統一-城中,凱基-城中(城中GA本尊),2026-05-20,4919,2026-05-21,out_of_sample,9372.0,2.1211,9636.0,2.1809,170.0,181.5,181.5,177.87,True,False,-4.6294,False,False
統一-城中 x 凱基-城中(城中GA本尊),統一-城中,凱基-城中(城中GA本尊),2026-05-20,6127,2026-05-21,out_of_sample,1500.48,1.084,3693.89,2.6686,52.7,56.6,53.0,56.154,True,False,-6.5541,False,False
統一-城中 x 凱基-城中(城中GA本尊),統一-城中,凱基-城中(城中GA本尊),2026-05-20,8261,2026-05-21,out_of_sample,8820.8,5.3832,7017.9,4.2829,149.0,156.0,150.0,160.23,False,False,-0.6711,False,False
統一-城中 x 凱基-城中(城中GA本尊),統一-城中,凱基-城中(城中GA本尊),2026-05-21,3037,2026-05-22,out_of_sample,43440.0,1.4929,51856.5,1.7822,932.0,986.0,970.0,975.1,True,False,-4.6245,False,False
統一-城中 x 凱基-城中(城中GA本尊),統一-城中,凱基-城中(城中GA本尊),2026-05-22,2327,2026-05-25,out_of_sample,22329.5,0.4908,34846.6,0.7659,679.0,691.0,691.0,677.18,True,False,0.268,False,True
統一-城中 x 凱基-城中(城中GA本尊),統一-城中,凱基-城中(城中GA本尊),2026-05-22,2344,2026-05-25,out_of_sample,34125.0,1.439,46837.5,1.9751,120.5,133.0,128.5,134.75,False,False,-6.639,False,False
統一-城中 x 凱基-城中(城中GA本尊),統一-城中,凱基-城中(城中GA本尊),2026-05-22,2356,2026-05-25,out_of_sample,10591.0,1.4918,21735.35,3.0615,65.4,65.4,65.4,64.092,True,False,2.0,False,True
統一-城中 x 凱基-城中(城中GA本尊),統一-城中,凱基-城中(城中GA本尊),2026-05-22,2478,2026-05-25,out_of_sample,5100.0,10.8681,2537.25,5.4069,134.0,134.0,120.0,137.2,False,False,10.4478,False,True
統一-城中 x 凱基-城中(城中GA本尊),統一-城中,凱基-城中(城中GA本尊),2026-05-22,3481,2026-05-25,out_of_sample,10332.01,0.6071,12305.54,0.723,49.1,49.1,49.1,48.118,True,True,2.0,False,True
統一-城中 x 凱基-城中(城中GA本尊),統一-城中,凱基-城中(城中GA本尊),2026-05-22,3711,2026-05-25,out_of_sample,16830.0,0.9782,18961.8,1.1022,598.0,617.0,617.0,604.66,True,False,-1.1137,False,False
統一-城中 x 凱基-城中(城中GA本尊),統一-城中,凱基-城中(城中GA本尊),2026-05-25,2356,2026-05-26,out_of_sample,11229.18,1.2797,7808.76,0.8899,69.0,69.5,62.6,70.462,False,False,9.2754,False,True
統一-城中 x 凱基-城中(城中GA本尊),統一-城中,凱基-城中(城中GA本尊),2026-05-25,2454,2026-05-26,out_of_sample,73438.5,3.7476,155367.0,7.9284,4375.0,4440.0,4265.0,4571.7,False,False,2.5143,False,True
統一-城中 x 凱基-城中(城中GA本尊),統一-城中,凱基-城中(城中GA本尊),2026-05-25,6282,2026-05-26,out_of_sample,10518.77,2.0296,6108.08,1.1785,63.6,63.7,62.4,68.012,False,False,1.8868,False,True
統一-城中 x 凱基-城中(城中GA本尊),統一-城中,凱基-城中(城中GA本尊),2026-05-26,3211,2026-05-27,out_of_sample,10927.7,1.4277,12803.7,1.6728,470.0,492.5,464.0,504.7,False,False,1.2766,False,True
統一-城中 x 凱基-城中(城中GA本尊),統一-城中,凱基-城中(城中GA本尊),2026-05-28,2375,2026-05-29,out_of_sample,6783.0,1.4323,7154.45,1.5108,171.5,176.5,166.5,173.95,True,False,-1.4286,False,False
統一-城中 x 凱基-城中(城中GA本尊),統一-城中,凱基-城中(城中GA本尊),2026-05-28,2472,2026-05-29,out_of_sample,6529.6,1.9155,15507.8,4.5492,404.0,404.0,371.0,399.84,True,False,1.0297,False,True
統一-城中 x 凱基-城中(城中GA本尊),統一-城中,凱基-城中(城中GA本尊),2026-05-28,6187,2026-05-29,out_of_sample,18724.0,3.3361,56172.0,10.0084,1225.0,1285.0,1120.0,1332.8,False,False,8.5714,False,True
統一-城中 x 凱基-城中(城中GA本尊),統一-城中,凱基-城中(城中GA本尊),2026-05-29,3532,2026-06-01,out_of_sample,733.7,1.4552,21468.7,42.5815,350.5,350.5,350.5,343.49,True,True,2.0,False,True
統一-城中 x 凱基-城中(城中GA本尊),統一-城中,凱基-城中(城中GA本尊),2026-05-29,5328,2026-06-01,out_of_sample,3567.96,3.1386,1686.96,1.484,41.7,43.35,39.8,42.679,True,False,-2.3477,False,False
統一-城中 x 凱基-城中(城中GA本尊),統一-城中,凱基-城中(城中GA本尊),2026-05-29,6147,2026-06-01,out_of_sample,14358.5,1.2079,106711.15,8.9769,313.0,313.5,285.5,329.28,False,False,8.7859,False,True
統一-城中 x 凱基-城中(城中GA本尊),統一-城中,凱基-城中(城中GA本尊),2026-05-29,6770,2026-06-01,out_of_sample,16338.54,0.233,82517.61,1.1769,93.2,94.5,87.0,95.55,False,False,6.6524,False,True
統一-城中 x 凱基-城中(城中GA本尊),統一-城中,凱基-城中(城中GA本尊),2026-05-29,8358,2026-06-01,out_of_sample,11856.0,0.9589,5046.4,0.4082,637.0,668.0,668.0,654.64,True,False,-2.7692,False,False
統一-城中 x 凱基-城中(城中GA本尊),統一-城中,凱基-城中(城中GA本尊),2026-06-01,2408,2026-06-02,out_of_sample,41125.7,0.8451,143711.05,2.9531,401.0,419.5,419.5,411.11,True,False,-2.5212,False,False
統一-城中 x 凱基-城中(城中GA本尊),統一-城中,凱基-城中(城中GA本尊),2026-06-02,2409,2026-06-03,out_of_sample,16354.21,0.9215,17792.46,1.0026,27.5,28.75,28.75,28.175,True,False,-2.4545,False,False
統一-城中 x 凱基-城中(城中GA本尊),統一-城中,凱基-城中(城中GA本尊),2026-06-03,1504,2026-06-04,out_of_sample,7777.1,0.9989,15628.9,2.0073,83.5,89.6,87.0,89.474,True,False,-7.1545,False,False
統一-城中 x 凱基-城中(城中GA本尊),統一-城中,凱基-城中(城中GA本尊),2026-06-03,1529,2026-06-04,out_of_sample,51.765,0.7511,3310.495,48.0369,24.65,25.8,24.2,26.558,False,False,1.8256,False,True
統一-城中 x 凱基-城中(城中GA本尊),統一-城中,凱基-城中(城中GA本尊),2026-06-03,1608,2026-06-04,out_of_sample,1903.02,1.5064,2044.86,1.6187,38.6,39.4,38.8,42.434,False,False,-0.5181,False,False
統一-城中 x 凱基-城中(城中GA本尊),統一-城中,凱基-城中(城中GA本尊),2026-06-03,2349,2026-06-04,out_of_sample,1442.195,2.5425,4580.14,8.0746,16.0,16.1,14.9,17.395,False,False,6.875,False,True
統一-城中 x 凱基-城中(城中GA本尊),統一-城中,凱基-城中(城中GA本尊),2026-06-03,2486,2026-06-04,out_of_sample,8215.75,2.5283,2812.85,0.8656,278.5,286.0,274.5,299.88,False,False,1.4363,False,True
統一-城中 x 凱基-城中(城中GA本尊),統一-城中,凱基-城中(城中GA本尊),2026-06-03,3211,2026-06-04,out_of_sample,4454.4,0.6004,20694.4,2.7895,454.0,470.0,454.0,499.8,False,False,0.0,False,False
統一-城中 x 凱基-城中(城中GA本尊),統一-城中,凱基-城中(城中GA本尊),2026-06-03,3312,2026-06-04,out_of_sample,133.2,0.9834,199.8,1.475,73.2,73.2,73.2,71.736,True,False,2.0,False,True
統一-城中 x 凱基-城中(城中GA本尊),統一-城中,凱基-城中(城中GA本尊),2026-06-03,6163,2026-06-04,out_of_sample,2847.04,6.5206,361.62,0.8282,56.8,59.0,55.5,61.838,False,False,2.2887,False,True
統一-城中 x 凱基-城中(城中GA本尊),統一-城中,凱基-城中(城中GA本尊),2026-06-04,1514,2026-06-05,out_of_sample,14247.35,5.0787,37808.55,13.4775,145.5,145.5,135.0,160.72,False,False,7.2165,False,True
統一-城中 x 凱基-城中(城中GA本尊),統一-城中,凱基-城中(城中GA本尊),2026-06-09,1714,2026-06-10,out_of_sample,13.9,0.0674,2078.05,10.0831,14.25,14.7,13.1,14.945,False,False,8.0702,False,True
統一-城中 x 凱基-城中(城中GA本尊),統一-城中,凱基-城中(城中GA本尊),2026-06-09,3221,2026-06-10,out_of_sample,792.36,0.4479,658.17,0.372,63.4,67.9,58.5,68.796,False,False,7.7287,False,True
統一-城中 x 凱基-城中(城中GA本尊),統一-城中,凱基-城中(城中GA本尊),2026-06-09,6127,2026-06-10,out_of_sample,1139.68,0.1755,4667.66,0.7188,83.2,91.2,77.0,90.258,True,False,-8.4832,False,False
統一-城中 x 凱基-城中(城中GA本尊),統一-城中,凱基-城中(城中GA本尊),2026-06-09,6870,2026-06-10,out_of_sample,512.55,3.4965,1206.0,8.2271,301.0,331.5,313.5,324.87,True,False,-7.9302,False,False
統一-城中 x 凱基-城中(城中GA本尊),統一-城中,凱基-城中(城中GA本尊),2026-06-09,8150,2026-06-10,out_of_sample,2992.08,0.5446,14720.65,2.6791,92.8,102.0,88.3,102.9,False,False,4.8491,False,True
統一-城中 x 凱基-城中(城中GA本尊),統一-城中,凱基-城中(城中GA本尊),2026-06-10,4113,2026-06-11,out_of_sample,198.0,3.6048,660.0,12.0159,16.5,18.15,16.55,17.787,True,False,-7.8,False,False
統一-城中 x 凱基-城中(城中GA本尊),統一-城中,凱基-城中(城中GA本尊),2026-06-12,2455,2026-06-15,out_of_sample,10524.8,2.4636,3660.8,0.8569,371.0,373.5,369.0,379.26,False,False,0.5391,False,True
統一-城中 x 凱基-城中(城中GA本尊),統一-城中,凱基-城中(城中GA本尊),2026-06-15,5328,2026-06-16,out_of_sample,4184.845,3.4648,2280.95,1.8885,49.8,51.2,51.2,50.176,True,False,-0.755,False,False
統一-城中 x 凱基-城中(城中GA本尊),統一-城中,凱基-城中(城中GA本尊),2026-06-18,2327,2026-06-22,out_of_sample,131868.0,1.347,101520.0,1.037,1115.0,1120.0,1065.0,1161.3,False,False,4.4843,False,True
統一-城中 x 凱基-城中(城中GA本尊),統一-城中,凱基-城中(城中GA本尊),2026-06-18,2344,2026-06-22,out_of_sample,72847.9,1.0222,107960.85,1.5149,229.5,233.5,222.0,235.2,False,False,3.268,False,True
統一-城中 x 凱基-城中(城中GA本尊),統一-城中,凱基-城中(城中GA本尊),2026-06-18,2481,2026-06-22,out_of_sample,14240.0,7.4436,3248.0,1.6978,176.0,176.0,176.0,172.48,True,True,2.0,False,True
統一-城中 x 凱基-城中(城中GA本尊),統一-城中,凱基-城中(城中GA本尊),2026-06-18,3481,2026-06-22,out_of_sample,74072.88,1.3816,67626.44,1.2614,69.4,69.9,66.0,69.384,True,False,0.0231,False,True
統一-城中 x 凱基-城中(城中GA本尊),統一-城中,凱基-城中(城中GA本尊),2026-06-18,8261,2026-06-22,out_of_sample,8406.5,13.4257,1870.5,2.9873,236.5,236.5,236.5,231.77,True,True,2.0,False,True
統一-城中 x 凱基-城中(城中GA本尊),統一-城中,凱基-城中(城中GA本尊),2026-06-22,2408,2026-06-23,out_of_sample,48227.5,1.0045,47874.0,0.9971,488.0,500.0,454.5,543.9,False,False,6.8648,False,True
統一-城中 x 凱基-城中(城中GA本尊),統一-城中,凱基-城中(城中GA本尊),2026-06-22,2409,2026-06-23,out_of_sample,27251.475,3.0098,29999.835,3.3134,31.1,33.0,29.05,33.32,False,False,6.5916,False,True
統一-城中 x 凱基-城中(城中GA本尊),統一-城中,凱基-城中(城中GA本尊),2026-06-22,3189,2026-06-23,out_of_sample,27939.6,1.7466,78963.2,4.9361,780.0,788.0,727.0,857.5,False,False,6.7949,False,True
統一-城中 x 凱基-城中(城中GA本尊),統一-城中,凱基-城中(城中GA本尊),2026-06-22,5299,2026-06-23,out_of_sample,245.1,1.5505,5018.1,31.7454,137.0,140.0,130.0,138.67,True,False,-1.219,False,False
統一-城中 x 凱基-城中(城中GA本尊),統一-城中,凱基-城中(城中GA本尊),2026-06-22,5347,2026-06-23,out_of_sample,15166.8,4.9044,34259.35,11.0782,201.5,201.5,186.5,206.29,False,False,7.4442,False,True
統一-城中 x 凱基-城中(城中GA本尊),統一-城中,凱基-城中(城中GA本尊),2026-06-23,2369,2026-06-24,out_of_sample,6268.185,1.738,12946.23,3.5896,43.65,45.6,43.3,48.02,False,False,0.8018,False,True
統一-城中 x 凱基-城中(城中GA本尊),統一-城中,凱基-城中(城中GA本尊),2026-06-23,3016,2026-06-24,out_of_sample,12139.0,9.6328,7625.0,6.0507,151.5,153.0,137.5,164.15,False,False,9.2409,False,True
統一-城中 x 凱基-城中(城中GA本尊),統一-城中,凱基-城中(城中GA本尊),2026-06-24,2351,2026-06-25,out_of_sample,13050.0,5.2344,10222.5,4.1003,225.5,226.0,209.0,234.22,False,False,7.3171,False,True
統一-城中 x 凱基-城中(城中GA本尊),統一-城中,凱基-城中(城中GA本尊),2026-06-25,3037,2026-06-26,out_of_sample,52224.0,1.5194,49878.0,1.4512,1000.0,1090.0,975.0,1097.6,False,False,2.5,False,True
統一-城中 x 凱基-城中(城中GA本尊),統一-城中,凱基-城中(城中GA本尊),2026-06-25,3189,2026-06-26,out_of_sample,18432.4,0.5253,76246.8,2.173,828.0,893.0,797.0,875.14,True,False,-5.6932,False,False
統一-城中 x 凱基-城中(城中GA本尊),統一-城中,凱基-城中(城中GA本尊),2026-06-26,2484,2026-06-29,out_of_sample,9039.36,1.9912,3379.2,0.7444,76.8,77.2,69.2,82.712,False,False,9.8958,False,True
統一-城中 x 凱基-城中(城中GA本尊),統一-城中,凱基-城中(城中GA本尊),2026-06-29,4707,2026-06-30,out_of_sample,1751.34,3.0058,3030.0,5.2003,30.3,31.0,29.3,32.634,False,False,3.3003,False,True
統一-城中 x 凱基-城中(城中GA本尊),統一-城中,凱基-城中(城中GA本尊),2026-06-30,2327,2026-07-01,out_of_sample,72960.0,1.1354,125172.0,1.9479,1200.0,1220.0,1140.0,1225.0,False,False,5.0,False,True
統一-城中 x 凱基-城中(城中GA本尊),統一-城中,凱基-城中(城中GA本尊),2026-06-30,2352,2026-07-01,out_of_sample,4115.87,3.0216,8432.93,6.1908,34.1,34.75,32.35,36.75,False,False,5.132,False,True
統一-城中 x 凱基-城中(城中GA本尊),統一-城中,凱基-城中(城中GA本尊),2026-06-30,3037,2026-07-01,out_of_sample,15943.0,0.4479,17441.0,0.49,1085.0,1115.0,1040.0,1151.5,False,False,4.1475,False,True
統一-城中 x 凱基-城中(城中GA本尊),統一-城中,凱基-城中(城中GA本尊),2026-06-30,3357,2026-07-01,out_of_sample,5072.1,4.6346,10176.1,9.2984,325.0,331.5,305.5,343.49,False,False,6.0,False,True
統一-城中 x 凱基-城中(城中GA本尊),統一-城中,凱基-城中(城中GA本尊),2026-06-30,5328,2026-07-01,out_of_sample,5680.89,2.7618,4237.56,2.0602,75.8,78.2,78.2,76.636,True,False,-1.1029,False,False
統一-城中 x 凱基-城中(城中GA本尊),統一-城中,凱基-城中(城中GA本尊),2026-07-01,2375,2026-07-02,out_of_sample,9160.5,1.3826,13554.75,2.0459,225.5,237.0,217.0,250.39,False,False,3.7694,False,True
統一-城中 x 凱基-城中(城中GA本尊),統一-城中,凱基-城中(城中GA本尊),2026-07-01,4916,2026-07-02,out_of_sample,1001.25,0.5507,1698.75,0.9343,114.0,116.0,115.0,121.03,False,False,-0.8772,False,False
統一-城中 x 凱基-城中(城中GA本尊),統一-城中,凱基-城中(城中GA本尊),2026-07-01,5328,2026-07-02,out_of_sample,6271.64,3.1968,8242.28,4.2013,81.0,84.6,81.9,84.28,True,False,-4.0494,False,False
統一-城中 x 凱基-城中(城中GA本尊),統一-城中,凱基-城中(城中GA本尊),2026-07-01,6207,2026-07-02,out_of_sample,6440.0,4.7743,8597.4,6.3737,156.0,172.0,152.0,173.46,False,False,2.5641,False,True
統一-城中 x 凱基-城中(城中GA本尊),統一-城中,凱基-城中(城中GA本尊),2026-07-01,6515,2026-07-02,out_of_sample,7112.0,2.9803,14224.0,5.9605,8830.0,9560.0,9310.0,9579.5,False,False,-5.436,False,False
統一-城中 x 凱基-城中(城中GA本尊),統一-城中,凱基-城中(城中GA本尊),2026-07-01,8043,2026-07-02,out_of_sample,10096.2,2.3624,20384.1,4.7697,208.0,221.5,197.0,229.32,False,False,5.2885,False,True
統一-城中 x 凱基-城中(城中GA本尊),統一-城中,凱基-城中(城中GA本尊),2026-07-02,3289,2026-07-03,out_of_sample,6286.5,3.4322,9105.9,4.9715,189.0,191.0,180.0,205.31,False,False,4.7619,False,True
統一-城中 x 凱基-城中(城中GA本尊),統一-城中,凱基-城中(城中GA本尊),2026-07-02,3317,2026-07-03,out_of_sample,2714.67,2.9983,5400.15,5.9643,97.3,102.0,96.2,104.86,False,False,1.1305,False,True
統一-城中 x 凱基-城中(城中GA本尊),統一-城中,凱基-城中(城中GA本尊),2026-07-02,3661,2026-07-03,out_of_sample,39649.5,1.9435,20559.0,1.0077,4880.0,4890.0,4650.0,5272.4,False,False,4.7131,False,True
統一-城中 x 凱基-城中(城中GA本尊),統一-城中,凱基-城中(城中GA本尊),2026-07-02,4989,2026-07-03,out_of_sample,4140.6,1.7494,10110.3,4.2715,99.6,110.5,110.5,108.29,True,False,-8.7249,False,False
統一-城中 x 凱基-城中(城中GA本尊),統一-城中,凱基-城中(城中GA本尊),2026-07-02,6182,2026-07-03,out_of_sample,3549.15,0.3065,21220.65,1.8328,153.0,163.0,163.0,159.74,True,False,-4.4052,False,False
統一-城中 x 凱基-城中(城中GA本尊),統一-城中,凱基-城中(城中GA本尊),2026-07-02,6548,2026-07-03,out_of_sample,2101.92,1.9319,3098.52,2.8479,90.6,93.2,91.6,97.608,False,False,-1.1038,False,False
統一-城中 x 凱基-城中(城中GA本尊),統一-城中,凱基-城中(城中GA本尊),2026-07-03,1313,2026-07-06,out_of_sample,1328.47,2.4419,2017.73,3.7088,14.5,14.5,13.55,15.386,False,False,6.5517,False,True
統一-城中 x 凱基-城中(城中GA本尊),統一-城中,凱基-城中(城中GA本尊),2026-07-03,4541,2026-07-06,out_of_sample,242.8,0.6413,3654.14,9.6519,63.8,66.7,66.7,65.366,True,False,-2.4545,False,False
統一-城中 x 凱基-城中(城中GA本尊),統一-城中,凱基-城中(城中GA本尊),2026-07-03,4991,2026-07-06,out_of_sample,9132.4,3.7948,17397.8,7.2293,578.0,586.0,521.0,622.3,False,False,9.8616,False,True
統一-城中 x 凱基-城中(城中GA本尊),統一-城中,凱基-城中(城中GA本尊),2026-07-06,6121,2026-07-07,out_of_sample,1028.5,1.3077,31743.25,40.3612,487.0,487.5,447.0,503.72,False,False,8.2136,False,True
統一-城中 x 凱基-城中(城中GA本尊),統一-城中,凱基-城中(城中GA本尊),2026-07-07,6919,2026-07-08,out_of_sample,3080.0,2.6297,6149.0,5.25,110.5,111.0,104.5,118.58,False,False,5.4299,False,True
統一-城中 x 凱基-城中(城中GA本尊),統一-城中,凱基-城中(城中GA本尊),2026-07-08,4931,2026-07-09,out_of_sample,7208.0,1.5883,25214.4,5.556,274.5,275.0,255.0,293.02,False,False,7.1038,False,True
統一-城中 x 凱基-城中(城中GA本尊),統一-城中,凱基-城中(城中GA本尊),2026-07-08,6182,2026-07-09,out_of_sample,18544.0,0.8683,28512.0,1.335,161.0,175.0,172.5,172.48,True,False,-7.1304,False,False
統一-城中 x 凱基-城中(城中GA本尊),統一-城中,凱基-城中(城中GA本尊),2026-07-09,2465,2026-07-13,out_of_sample,349.05,0.5367,12440.5,19.1271,91.5,93.0,85.9,96.432,False,False,6.1202,False,True
統一-城中 x 凱基-城中(城中GA本尊),統一-城中,凱基-城中(城中GA本尊),2026-07-09,6488,2026-07-13,out_of_sample,30375.0,3.2995,59400.0,6.4523,1485.0,1485.0,1485.0,1455.3,True,True,2.0,False,True
統一-城中 x 凱基-城中(城中GA本尊),統一-城中,凱基-城中(城中GA本尊),2026-07-13,2305,2026-07-14,out_of_sample,118.8,1.1843,158.4,1.579,40.35,40.35,36.95,42.679,False,False,8.4263,False,True
統一-城中 x 凱基-城中(城中GA本尊),統一-城中,凱基-城中(城中GA本尊),2026-07-13,6182,2026-07-14,out_of_sample,17888.8,1.3271,7580.0,0.5623,185.0,194.5,186.5,203.84,False,False,-0.8108,False,False
統一-城中 x 凱基-城中(城中GA本尊),統一-城中,凱基-城中(城中GA本尊),2026-07-15,8046,2026-07-16,out_of_sample,33818.5,1.2673,67920.0,2.5452,1405.0,1415.0,1275.0,1523.9,False,False,9.2527,False,True
統一-城中 x 凱基-城中(城中GA本尊),統一-城中,凱基-城中(城中GA本尊),2026-07-16,2484,2026-07-17,out_of_sample,8601.6,2.2349,11683.84,3.0357,86.5,87.4,80.7,96.53,False,False,6.7052,False,True
統一-城中 x 凱基-城中(城中GA本尊),統一-城中,凱基-城中(城中GA本尊),2026-07-21,2454,2026-07-22,out_of_sample,24222.0,0.8787,77804.0,2.8225,4000.0,4000.0,3850.0,3954.3,True,False,1.1425,False,True
統一-城中 x 凱基-城中(城中GA本尊),統一-城中,凱基-城中(城中GA本尊),2026-07-21,2634,2026-07-22,out_of_sample,16981.25,2.6393,17496.05,2.7193,73.0,75.3,64.4,77.028,False,False,11.7808,False,True
統一-城中 x 凱基-城中(城中GA本尊),統一-城中,凱基-城中(城中GA本尊),2026-07-22,2344,2026-07-23,out_of_sample,43211.7,2.6187,82028.7,4.9711,172.0,172.0,161.0,184.24,False,False,6.3953,False,True
統一-城中 x 凱基-城中(城中GA本尊),統一-城中,凱基-城中(城中GA本尊),2026-07-22,2408,2026-07-23,out_of_sample,50564.25,1.7936,63171.9,2.2409,452.0,452.0,426.0,480.2,False,False,5.7522,False,True
統一-城中 x 凱基-城中(城中GA本尊),統一-城中,凱基-城中(城中GA本尊),2026-07-22,8046,2026-07-23,out_of_sample,14224.5,0.6546,25317.0,1.165,1280.0,1310.0,1230.0,1406.3,False,False,3.9062,False,True
統一-城中 x 凱基-城中(城中GA本尊),統一-城中,凱基-城中(城中GA本尊),2026-07-23,8039,2026-07-24,out_of_sample,6374.4,0.5453,38732.8,3.3134,251.5,257.5,240.0,275.87,False,False,4.5726,False,True
統一-城中 x 凱基-城中(城中GA本尊),統一-城中,凱基-城中(城中GA本尊),2026-07-31,2301,2026-08-03,out_of_sample,3114.1,1.575,6604.4,3.3404,229.5,229.5,229.5,224.91,True,True,2.0,False,True
統一-城中 x 凱基-城中(城中GA本尊),統一-城中,凱基-城中(城中GA本尊),2026-07-31,2408,2026-08-03,out_of_sample,22675.45,7.7319,5047.0,1.7209,374.5,396.5,396.5,388.57,True,False,-3.757,False,False
統一-城中 x 凱基-城中(城中GA本尊),統一-城中,凱基-城中(城中GA本尊),2026-07-31,2449,2026-08-03,out_of_sample,3508.95,2.3381,7509.6,5.0039,234.0,242.5,233.5,240.59,True,False,-2.8162,False,False
統一-城中 x 凱基-城中(城中GA本尊),統一-城中,凱基-城中(城中GA本尊),2026-07-31,2454,2026-08-03,out_of_sample,10665.0,0.7439,32706.0,2.2812,3910.0,3910.0,3910.0,3831.8,True,False,2.0,False,True
統一-城中 x 凱基-城中(城中GA本尊),統一-城中,凱基-城中(城中GA本尊),2026-07-31,3374,2026-08-03,out_of_sample,1108.0,1.9676,2243.7,3.9844,290.5,304.5,304.5,298.41,True,False,-2.7229,False,False
統一-城中 x 凱基-城中(城中GA本尊),統一-城中,凱基-城中(城中GA本尊),2026-07-31,8046,2026-08-03,out_of_sample,7360.0,4.6247,15548.0,9.7697,945.0,998.0,953.0,989.8,True,False,-4.7407,False,False
統一-城中 x 凱基-城中(城中GA本尊),統一-城中,凱基-城中(城中GA本尊),2026-08-03,2301,2026-08-04,out_of_sample,7229.25,1.3512,65040.3,12.1564,233.5,252.0,252.0,246.96,True,False,-5.7645,False,False
統一-城中 x 凱基-城中(城中GA本尊),統一-城中,凱基-城中(城中GA本尊),2026-08-03,2327,2026-08-04,out_of_sample,44049.6,3.6222,39523.2,3.25,581.0,583.0,566.0,594.86,False,False,2.5818,False,True
統一-城中 x 凱基-城中(城中GA本尊),統一-城中,凱基-城中(城中GA本尊),2026-08-03,2345,2026-08-04,out_of_sample,14710.5,1.7165,28253.5,3.2968,2355.0,2360.0,2320.0,2513.7,False,False,1.4862,False,True
統一-城中 x 凱基-城中(城中GA本尊),統一-城中,凱基-城中(城中GA本尊),2026-08-03,8042,2026-08-04,out_of_sample,227.85,0.9601,1486.45,6.2637,109.5,113.5,110.5,116.62,False,False,-0.9132,False,False
統一-城中 x 凱基-城中(城中GA本尊),統一-城中,凱基-城中(城中GA本尊),2026-08-04,2301,2026-08-05,out_of_sample,27291.6,1.6501,13230.0,0.7999,260.0,268.5,249.0,271.46,False,False,4.2308,False,True
統一-城中 x 凱基-城中(城中GA本尊),統一-城中,凱基-城中(城中GA本尊),2026-08-05,4958,2026-08-06,out_of_sample,4489.6,0.3856,39088.8,3.3568,486.5,490.0,482.0,525.28,False,False,0.925,False,True
統一-城中 x 凱基-城中(城中GA本尊),統一-城中,凱基-城中(城中GA本尊),2026-08-05,6446,2026-08-06,out_of_sample,6942.0,1.0801,13216.5,2.0563,1390.0,1390.0,1290.0,1435.7,False,False,7.1942,False,True
統一-城中 x 凱基-城中(城中GA本尊),統一-城中,凱基-城中(城中GA本尊),2026-08-05,6770,2026-08-06,out_of_sample,34616.57,2.2283,66489.99,4.28,66.4,68.5,66.6,71.246,False,False,-0.3012,False,False
統一-城中 x 凱基-城中(城中GA本尊),統一-城中,凱基-城中(城中GA本尊),2026-08-06,8299,2026-08-07,out_of_sample,27945.0,2.536,58320.0,5.2926,2060.0,2075.0,2020.0,2180.5,False,False,1.9417,False,True
