event_id,ticker,ex_date,shares,sub_price,ref_price,price_30d_pre,ret_-20d,abn_-20d,ret_-10d,abn_-10d,ret_-9d,abn_-9d,ret_-8d,abn_-8d,ret_-7d,abn_-7d,ret_-6d,abn_-6d,ret_-5d,abn_-5d,ret_-4d,abn_-4d,ret_-3d,abn_-3d,ret_-2d,abn_-2d,ret_-1d,abn_-1d,ret_+0d,abn_+0d,ret_+1d,abn_+1d,ret_+2d,abn_+2d,ret_+3d,abn_+3d,ret_+4d,abn_+4d,ret_+5d,abn_+5d,ret_+6d,abn_+6d,ret_+7d,abn_+7d,ret_+8d,abn_+8d,ret_+9d,abn_+9d,ret_+10d,abn_+10d,ret_+20d,abn_+20d,ret_+30d,abn_+30d,ret_+60d,abn_+60d,discount_pct
8097_2008-01-10,8097,2008-01-10,15000000.0,10.4,11.8,10.0,-0.10593220338983045,-0.16196668614845122,0.0,-0.028448275862068995,0.06779661016949134,0.0177966101694913,0.13983050847457612,0.08810637054354165,0.1694915254237288,0.11000876680303917,0.11440677966101687,0.07819988310929271,0.07627118644067776,0.05730566919929836,0.11440677966101687,0.09544126241963746,0.03813559322033888,0.06572180011689066,0.03813559322033888,0.05623904149620085,0.0,0.0,-0.016949152542372947,-0.015225014611338406,0.05084745762711851,0.05688194038573924,0.008474576271186418,-0.0053185271770894715,0.0,-0.05258620689655169,-0.016949152542372947,-0.023845704266510892,-0.029661016949152685,-0.03224722384570433,-0.025423728813559365,-0.03404441846873174,-0.016949152542372947,-0.011776738749269544,-0.0847457627118644,-0.010607831677381663,-0.13983050847457634,-0.06396843950905917,-0.13559322033898313,-0.08386908240794866,-0.2601694915254238,-0.24810052600818233,-0.20932203389830517,-0.2291496201052018,-0.22033898305084754,-0.3091320864991234,-0.11864406779661019
4720_2008-01-15,4720,2008-01-15,13000000.0,12.0,13.6,14.45,-0.02573529411764708,0.009978991596638509,0.02205882352941191,-0.023009203681472634,0.025735294117646967,0.0036264505802319214,0.014705882352941346,0.009603841536614643,0.025735294117646967,0.020633253301320265,-0.02573529411764708,0.0150810324129651,-0.018382352941176516,0.01308023209283704,-0.014705882352941124,-0.0011004401760704718,-0.007352941176470562,0.007953181272508991,0.003676470588235281,0.023234293717486976,0.0,0.0,-0.007352941176470562,-0.0456182472989195,-0.03676470588235292,-0.02996198479391754,-0.02573529411764708,-0.014680872348939666,-0.011029411764705954,-0.005927370948379473,-0.02573529411764708,-0.007027811124449945,-0.051470588235294046,0.035264105642256904,-0.09558823529411753,-0.007152861144457678,-0.09191176470588236,-0.027285914365746344,-0.09191176470588236,-0.05109543817527018,-0.10661764705882348,-0.03518907563025209,-0.10294117647058831,-0.0400160064025612,-0.08823529411764697,-0.05592236894757896,0.007352941176470562,-0.05217086834733897,0.02941176470588247,-0.06582633053221287,-0.11764705882352944
5015_2008-01-17,5015,2008-01-17,5000000.0,23.0,32.1,32.0,-0.06697819314641751,-0.06869052191354075,-0.06542056074766356,-0.07740686211752668,-0.034267912772585674,-0.04625421414244879,-0.049844236760124616,-0.015597661417658837,-0.05919003115264809,-0.03436126402936046,-0.034267912772585674,-0.027418597704092496,-0.031152647975077885,-0.022591004139461468,-0.029595015576324046,-0.01675254982289942,-0.04049844236760125,-0.04734775743609443,0.009345794392523255,-0.03603091793624391,0.0,0.0,-0.0031152647975077885,0.00116555712030042,-0.012461059190031265,-0.014173387957154504,0.02336448598130847,0.035350787351171364,-0.026479750778816258,0.053999701275978196,-0.028037383177570208,0.054154397644347596,-0.052959501557632516,0.005259676524559276,-0.03738317757009357,-0.003136602227627794,-0.049844236760124616,0.015224256390560242,-0.051401869158878566,0.0051049801561898756,-0.04828660436137078,0.010788738104382523,-0.05919003115264809,-0.00011468868689479272,-0.02180685358255463,-0.02865616865104781,-0.0031152647975077885,-0.023663210002987323,0.014018691588784993,-0.08872103443861246,-0.28348909657320875
3064_2008-04-11,3064,2008-04-11,6500000.0,93.0,192.5,94.4,-0.3246753246753247,-0.26876478154433425,-0.17142857142857137,-0.14906435417617525,-0.18441558441558437,-0.17483091987884314,-0.17402597402597397,-0.13968092610265126,-0.20779220779220775,-0.16705738351105748,-0.1662337662337663,-0.15265549147338286,-0.1662337662337663,-0.14386954898137017,-0.1298701298701299,-0.12348035351230247,-0.11688311688311692,-0.10090867598854825,-0.06493506493506496,-0.04896062404049628,0.0,0.0,-0.018181818181818188,-0.03255881498692992,0.0025974025974024872,-0.00698726193933874,0.01298701298701288,0.004201070495000181,0.0,-0.025559105431310014,0.007792207792207684,-0.024955396041658195,0.0025974025974024872,-0.026156591012821195,-0.0051948051948051965,-0.03714368698394255,-0.012987012987012991,-0.041741006597236674,-0.023376623376623384,-0.04174723040537731,-0.023376623376623384,-0.03695489813700681,-0.07012987012987015,-0.08450686693498188,-0.22597402597402594,-0.22757147006348277,-0.2519480519480519,-0.23597361105348325,-0.6025974025974026,-0.45802871250155586,-0.5168831168831169
8940_2008-06-24,8940,2008-06-24,6400000.0,26.0,36.15,30.0,-0.08713692946058083,-0.1717053688677299,-0.04149377593360992,-0.0824702362649089,-0.10650069156293229,-0.15096451022029922,-0.16874135546334712,-0.18792182625672116,-0.16874135546334712,-0.19402470332734,-0.11065006915629327,-0.1411644545093882,-0.048409405255878335,-0.08589850726110937,-0.019363762102351245,-0.058596543270616364,-0.006915629322268302,-0.02609610011564234,-0.06500691562932226,-0.062391396884771244,0.0,0.0,-0.04011065006915615,-0.032264093835503105,-0.053941908713692865,-0.05655742745824377,-0.02766251728907332,-0.022431479799971288,-0.0912863070539418,-0.0546690446302277,-0.13969571230982014,-0.09871925197852105,-0.18948824343015214,-0.14676810393581907,-0.13278008298755184,-0.07959786851501471,-0.07330567081604422,-0.018379777180473233,-0.1341632088520055,-0.051338448607890386,-0.1410788381742738,-0.07481902997898171,-0.14937759336099576,-0.05085972064957467,-0.23098201936376206,-0.15338829660874898,-0.4301521438450898,-0.3595331377422126,-0.5214384508990317,-0.32196155464794185,-0.28077455048409405
8255_2008-07-30,8255,2008-07-30,2500000.0,70.0,94.0,130.0,-0.08191489361702131,-0.13870026416562564,0.029787234042553123,0.06924825425429526,-0.03191489361702127,0.01524583785554856,0.008510638297872353,0.003698318759854935,-0.014893617021276673,0.003393197223189204,-0.03191489361702127,-0.06656359429074588,-0.02659574468085102,-0.04488255892531667,0.03510638297872348,-0.010129420678639312,0.05957446808510625,0.007601417074519334,0.023404255319148914,-0.014131837077386189,0.0,0.0,-0.03191489361702127,-0.0434644605082628,-0.04148936170212769,-0.05015153687055873,-0.038297872340425476,-0.04696004750885652,-0.06170212765957439,-0.07228923064321235,-0.11702127659574468,-0.1064341736121065,-0.05531914893617029,-0.08130567444146364,-0.04680851063829794,-0.06798271660557409,-0.019148936170212738,-0.07112198718079965,0.0031914893617019935,-0.06706837589335102,-0.004255319148936176,-0.07355272049638562,0.06382978723404253,-0.0016177584829930591,0.02659574468085113,-0.014790203346097819,-0.11170212765957444,-0.0714711363217495,-0.24787234042553186,0.129606004136547,-0.25531914893617025
5483_2008-08-04,5483,2008-08-04,10000000.0,110.0,142.0,167.0,-0.028169014084507005,-0.03198580797763673,0.0,0.026717557251908386,0.01760563380281699,-0.008157724975808911,0.028169014084507005,0.01862702935168259,0.028169014084507005,-0.008090527900225686,0.09859154929577474,0.05565261799806476,0.0880281690140845,0.059402214815611254,0.052816901408450745,0.061404687667992675,0.035211267605633756,0.03234867218578641,0.028169014084507005,0.028169014084507005,0.0,0.0,-0.08450704225352113,-0.0864154392000861,-0.147887323943662,-0.12880335447801317,-0.16901408450704225,-0.1861896570261261,-0.11267605633802813,-0.1250806364906999,-0.073943661971831,-0.11688259326954098,-0.010563380281690127,-0.07163208257176656,-0.007042253521126751,-0.06715675733792059,0.02464788732394374,-0.03164982259972038,0.045774647887323994,-0.01815664982259979,-0.007042253521126751,-0.045210192452424414,-0.028169014084507005,-0.04629878507687346,-0.0035211267605633756,0.01460864423180297,-0.21830985915492962,-0.10666863778088376,-0.5330985915492958,-0.14741156864853244,-0.22535211267605637
8277_2008-08-06,8277,2008-08-06,20000000.0,10.2,10.1,12.9,0.12871287128712883,0.12287629541164247,0.00990099009900991,-0.019281889278421893,0.05940594059405946,0.0029857071310244176,0.12871287128712883,0.06548329930269303,0.09405940594059414,0.04542127364487425,0.05940594059405946,0.04870555148900091,0.06930693069306937,0.04693338983703832,0.08415841584158423,0.06470316292329636,0.024752475247524774,0.005297222329236906,0.01980198019801982,-0.001598798012096836,0.0,0.0,0.03960396039603964,0.0026389798512926887,0.10891089108910879,0.0768097237739338,0.13366336633663356,0.07043379435219776,0.14851485148514842,0.06680278922833893,0.13366336633663356,0.05292406672573868,0.11386138613861396,0.03701313711137666,0.12871287128712883,0.04408252109257638,0.16831683168316847,0.10995107292830464,0.13861386138613874,0.10067611819547717,0.10891089108910879,0.07972801171167698,0.10396039603960405,0.0650498902030281,-0.023762376237623783,0.0034749778479793436,-0.3891089108910891,-0.2822995723696883,-0.5306930693069307,-0.241588010941172,0.00990099009900991
5521_2008-08-12,5521,2008-08-12,80000000.0,10.0,10.95,11.55,0.09589041095890427,0.15704149009559487,0.04109589041095907,0.10674337242534748,0.022831050228310446,0.07768716533622422,-0.013698630136986134,0.043855326697546326,-0.031963470319634646,0.025590486514897814,-0.031963470319634646,0.023791925363818578,-0.07762557077625565,-0.0020860024309318215,-0.031963470319634646,0.009403436155185574,-0.0547945205479452,-0.008931211195427169,-0.022831050228310557,-0.005744719293058753,0.0,0.0,-0.09041095890410944,-0.08951167832856977,-0.07305936073059349,-0.06856295785289568,-0.0547945205479452,-0.05749236227456378,-0.08219178082191769,-0.060609047008967964,-0.13242009132420085,-0.0919524654249203,-0.1552511415525114,-0.10668999047337469,-0.17625570776255706,-0.13668736243881596,-0.1716894977168949,-0.11683338260898113,-0.15981735159817356,-0.10765907821687859,-0.15068493150684914,-0.11651226963634553,-0.16712328767123286,-0.12485710062087307,-0.1625570776255707,-0.05554268913636207,-0.23835616438356155,-0.11533458164974852,-0.31141552511415516,0.07293699287145639,-0.08675799086757985
5706_2008-08-13,5706,2008-08-13,3000000.0,50.0,71.0,81.0,0.1704225352112676,0.27213270622836927,-0.021126760563380254,0.03287863997667373,-0.009859154929577452,0.046846515637479214,0.0,0.056705670567056665,-0.0028169014084507005,0.0520885891406041,-0.07183098591549286,0.0028764848315818714,-0.11126760563380278,-0.07076355522876232,-0.06760563380281681,-0.022601133352771807,-0.08169014084507042,-0.06548852068305422,-0.018309859154929553,-0.019209949163930595,0.0,0.0,-0.030985915492957816,-0.027385555456954314,0.036619718309859106,0.03301935827385538,0.05633802816901401,0.07704009837603465,0.10704225352112662,0.14664621391716615,0.08028169014084519,0.12798646061789287,0.15492957746478875,0.19363344785182746,0.12676056338028174,0.18076596392033573,0.09859154929577474,0.14989667980882593,0.1535211267605634,0.18682445709359663,0.1591549295774648,0.2005590699915062,0.16901408450704225,0.19511669476806826,0.12394366197183104,0.2263739049961334,0.018309859154929553,0.1459426224312571,-0.32816901408450705,0.052749077724673854,-0.295774647887324
5512_2008-08-28,5512,2008-08-28,100000000.0,11.0,10.8,15.95,0.4907407407407407,0.5221640309440679,0.33333333333333326,0.30283425754775095,0.2962962962962963,0.29075100978982693,0.20833333333333326,0.22219654959950697,0.125,0.14718114602587806,0.16203703703703698,0.17497603888546587,0.08333333333333326,0.11198398028342571,0.02314814814814814,0.049026151845005805,-0.03703703703703709,-0.029643321695077773,-0.05555555555555569,-0.03984391045389213,0.0,0.0,-0.009259259259259411,-0.0018655439173000943,0.0,0.008317929759704357,-0.04166666666666674,0.007316697473813805,-0.05092592592592604,0.013769083316218178,-0.11666666666666681,-0.04088108441158356,-0.1777777777777778,-0.0833230642842473,-0.23518518518518527,-0.1331519134661464,-0.2333333333333334,-0.19359211337030202,-0.2861111111111112,-0.20385602793181357,-0.23703703703703705,-0.15866365441226804,-0.2777777777777778,-0.1718628055042103,-0.35462962962962974,-0.23633018415828044,-0.5314814814814816,-0.249411241185733,-0.5231481481481481,-0.07693742726090225,0.01851851851851838
6402_2008-10-23,6402,2008-10-23,20000000.0,10.0,7.71,8.03,0.03761348897535677,-0.28774666323991904,0.07392996108949412,-0.018486456415262476,0.07652399481193273,-0.017251487656129383,0.05058365758754868,-0.005138005907966425,0.07652399481193273,-0.05285898969472669,0.0622568093385214,-0.04048850188735531,0.025940337224384047,-0.038207529043623456,0.018158236057068677,-0.015274762040240475,0.028534370946822207,-0.013596642915640444,0.035019455252918386,-0.0011316727710011243,0.0,0.0,-0.03372243839169908,0.0010696246689152478,-0.06744487678339817,0.05351190495076863,-0.0933852140077821,0.08845767808245975,-0.10505836575875482,0.019975610865327842,-0.0765239948119325,0.04850998181215016,-0.05836575875486383,0.005510294520482795,-0.05317769130998706,-0.046382366493460836,-0.08560311284046696,-0.08288498291385638,-0.09987029831387806,-0.09579310342396241,-0.09857328145265887,-0.09884509444531997,-0.10765239948119332,-0.038068273359964655,-0.13229571984435795,0.06585595180554693,-0.28923476005188065,-0.10494555102768932,-0.5719844357976653,-0.4249336067680377,0.2970168612191959
3289_2008-11-25,3289,2008-11-25,5000000.0,30.0,22.25,35.8,0.2584269662921348,0.18399438952310954,0.2292134831460675,0.11239105323952536,0.22247191011235956,0.10564948020581744,0.1573033707865168,0.10256371791602281,0.1685393258426966,0.10044853812574073,0.10561797752808988,0.030851622387902955,0.038202247191011285,0.006827080301825772,0.053932584269662964,0.020554747153508135,-0.011235955056179803,0.004117850017251512,0.03370786516853941,0.006338038733292306,0.0,0.0,0.051685393258426915,0.030323577504087762,0.04719101123595504,0.014146952490961873,0.11011235955056176,0.015319302140682112,0.09213483146067425,0.019704924918618083,0.0786516853932584,-0.006128020881774887,0.013483146067415852,-0.0078786696869233,-0.011235955056179803,-0.02925998709890343,-0.01573033707865179,-0.017399228934459665,-0.01573033707865179,-0.02307346124420573,0.020224719101123556,-0.05754564137951723,0.013483146067415852,-0.06428721441322494,-0.020224719101123556,-0.07997104753904072,0.04494382022471921,-0.037499437452183315,0.11011235955056176,0.015319302140682112,0.348314606741573
6208_2009-02-10,6208,2009-02-10,10000000.0,10.0,10.0,9.99,-0.02200000000000002,-0.07369230769230772,-0.09700000000000009,-0.06315384615384623,-0.05800000000000005,-0.028153846153846196,-0.050999999999999934,0.004384615384615431,-0.050999999999999934,0.010538461538461608,-0.050000000000000044,-0.00015384615384617106,-0.014000000000000012,0.017692307692307674,-0.010999999999999899,0.013923076923077038,-0.007000000000000006,0.025923076923076938,-0.008000000000000007,0.0012307692307691465,0.0,0.0,0.010000000000000009,0.0038461538461538325,0.04499999999999993,0.021923076923076934,0.06000000000000005,0.06461538461538463,0.050000000000000044,0.026000000000000023,0.0,-0.02184615384615385,-0.006000000000000005,-0.004153846153846064,-0.0050000000000001155,-0.004692307692307884,0.010000000000000009,-0.002923076923077028,0.0,0.012307692307692242,0.010000000000000009,0.01184615384615395,0.06499999999999995,0.07546153846153847,-0.026999999999999913,-0.05715384615384589,0.020000000000000018,-0.13230769230769246,-0.030000000000000027,-0.4576923076923076,0.0
8929_2009-02-23,8929,2009-02-23,12000000.0,10.0,11.7,11.95,0.042735042735042805,0.06516494927709893,0.1068376068376069,0.09437654764757575,0.07692307692307687,0.05823148813803014,0.025641025641025772,-0.010184519530313851,0.02136752136752129,0.013579359373751876,0.025641025641025772,-0.011119098969566199,0.008547008547008739,-0.02603243070532768,-0.02564102564102555,-0.03623292595255201,-0.07264957264957261,-0.08479910535985291,-0.0641025641025641,-0.0896477354421279,0.0,0.0,-0.11965811965811957,-0.13025001996964602,-0.1811965811965811,-0.18306574007508558,-0.13247863247863234,-0.15241632718268228,-0.10683760683760679,-0.1286444604201612,-0.05982905982905973,-0.08942407540538355,-0.05982905982905973,-0.05453310967329639,-0.0641025641025641,-0.05942966690630236,-0.05982905982905973,-0.0800782810128603,-0.03418803418803407,-0.07624410895438927,0.004273504273504258,-0.04463615304736801,-0.02991452991452992,-0.06792076044412487,-0.02564102564102555,-0.16489336208962357,0.07692307692307687,-0.131488138030194,0.653846153846154,0.21770908219506357,-0.14529914529914523
3086_2009-03-09,3086,2009-03-09,10000000.0,10.7,15.6,14.9,0.06410256410256432,0.09885159885159911,-0.038461538461538436,-0.0019305019305018156,-0.012820512820512775,0.03202653202653227,-0.038461538461538436,-0.010840510840510853,-0.028846153846153855,-0.0030071280071278794,0.0032051282051281937,0.021619146619146767,-0.03525641025641024,0.016421641421641486,-0.012820512820512775,0.038263538263538344,-0.009615384615384692,0.017708642708642697,-0.009615384615384692,-0.0030813780813782055,0.0,0.0,-0.0032051282051280827,0.007189882189882368,0.022435897435897356,0.02807890307890315,-0.022435897435897467,-0.03966191466191471,-0.02564102564102566,-0.036927036927036805,-0.038461538461538436,-0.077962577962578,-0.04487179487179482,-0.10011385011384999,0.019230769230769384,-0.055019305019304854,0.01602564102564097,-0.056145431145431246,-0.028846153846153855,-0.09507722007721997,-0.05128205128205121,-0.10325710325710313,-0.04166666666666674,-0.12779675279675273,0.09615384615384626,-0.05591030591030566,-0.038461538461538436,-0.23151173151173154,0.3365384615384617,-0.050452925452925346,-0.3141025641025641
5820_2009-03-23,5820,2009-03-23,2350374000.0,4.0,2.88,2.89,-0.09027777777777768,-0.006144519731476006,-0.10069444444444442,-0.041405906895037314,-0.125,-0.070228684359119,-0.10416666666666663,-0.07113448146056833,-0.09722222222222221,-0.05854350963046606,-0.06944444444444431,-0.05758673693456284,-0.00694444444444442,-0.010050034506556171,-0.00694444444444442,-0.02811892214066125,0.0,-0.019198193111236606,0.05902777777777768,0.045476112052198925,0.0,0.0,0.03819444444444464,0.005726911976912108,0.0659722222222221,0.008659969257795108,0.06944444444444442,0.0016861158165506485,0.09375,0.018086533032185326,0.17013888888888906,0.10379219210740964,0.0902777777777779,0.06571538365016649,0.07986111111111116,0.0454172940585984,0.11458333333333326,0.061788302277432816,0.19097222222222232,0.10175708952882889,0.2743055555555556,0.18452577012359628,0.36111111111111116,0.26596712466277705,0.7083333333333335,0.5742283079239603,0.6354166666666667,0.3282455768868815,0.8090277777777779,0.5958713689691952,0.38888888888888884
4729_2009-06-04,4729,2009-06-04,12500000.0,32.0,40.8,41.8,0.02941176470588247,0.060589835431975825,0.10539215686274517,0.14075520352522686,0.12745098039215685,0.1586290511182502,0.15931372549019618,0.19781550410496906,0.17647058823529416,0.21852959639599723,0.12745098039215685,0.17055623253695706,0.0490196078431373,0.09484509434658983,0.07230392156862742,0.06790969683541959,0.05147058823529416,0.05293532981303006,0.07107843137254921,0.06982293859163269,0.0,0.0,-0.008578431372548878,0.014229687480767583,-0.0318627450980391,-0.007380635870167129,-0.017156862745097978,0.0014662801718302587,-0.051470588235293935,-0.007946838496854958,-0.11029411764705888,-0.04040501950937325,-0.1519607843137254,-0.09044163804881644,-0.12745098039215674,-0.07430178600002446,-0.11764705882352933,-0.05215218541905131,-0.1789215686274509,-0.07952839013822721,-0.18872549019607832,-0.08954156050367401,-0.18995098039215685,-0.08909306032519726,-0.24019607843137247,-0.19123185997562864,-0.18137254901960786,-0.16588813805497082,-0.3982843137254901,-0.39744731853821247,-0.21568627450980382
3229_2009-06-18,3229,2009-06-18,8000000.0,9.5,9.98,10.25,0.017034068136272618,-0.06046185925493042,0.20240480961923835,0.11746182614239409,0.19238476953907813,0.10092561198729788,0.1523046092184368,0.08853919148513456,0.07214428857715416,0.03770165418106375,0.04208416833667328,-0.0016672861664686067,0.0470941883767535,-0.005966086233439638,0.05210420841683372,0.012774443464541374,0.03206412825651306,0.030435084737779006,0.017034068136272618,0.015172304114862367,0.0,0.0,0.06713426853707416,0.0722541195959524,0.03707414829659306,0.03055797422165707,0.007014028056112176,-0.014628978692782457,0.03707414829659306,0.03986679432870843,0.027054108216432837,0.001222132419365085,0.027054108216432837,-0.010413892714449258,0.03206412825651306,-0.005869313679721655,0.012024048096192397,-0.018462337754401092,0.017034068136272618,-0.01764128676249399,0.027054108216432837,-0.030660576447286036,0.09719438877755504,0.02900728149340326,0.04208416833667328,-0.062174616862302745,0.17234468937875747,0.03550503380510128,0.23246492985971945,0.010682290809219008,-0.04809619238476959
4114_2009-07-13,4114,2009-07-13,5770000.0,23.0,41.8,36.5,-0.23684210526315785,-0.1568934092392159,-0.12559808612440193,-0.07215644439716806,-0.09808612440191378,-0.04849228087904078,-0.09330143540669855,-0.0648704820078102,-0.0777511961722488,-0.058939738284262466,-0.028708133971291794,-0.0077590104142160055,0.0011961722488038617,0.024496728041877858,-0.03588516746411485,-0.02327294001648761,-0.055023923444975975,-0.031082067951175074,-0.0071770334928229484,-0.0011915696193727232,0.0,0.0,-0.08971291866028708,-0.05807546675776454,-0.055023923444975975,-0.04134286316280411,-0.04306220095693769,-0.04883389826347884,-0.019138755980861122,-0.03346111596375989,0.049043062200957,0.025742506407883115,0.09330143540669877,0.05653358589836199,0.02392344497607657,-0.010706738863170973,-0.0023923444976075015,-0.038732660872126345,-0.010765550239234312,-0.04774716631448017,-0.053827751196172224,-0.08803040190160183,-0.038277511961722355,-0.08209965817805409,-0.11004784688995206,-0.14510556386301754,-0.12679425837320568,-0.15992807624409056,-0.18899521531100472,-0.3347840139428987,-0.44976076555023925
8069_2009-07-23,8069,2009-07-23,80000000.0,29.0,42.8,36.3,-0.21261682242990643,-0.13217127787545102,-0.09345794392523366,-0.05261635976681789,-0.10046728971962615,-0.0654012831189662,-0.13317757009345788,-0.06758351068751733,-0.08528037383177567,-0.03701304709910247,-0.05841121495327106,-0.02891451528330402,-0.04672897196261683,-0.025483097375158192,-0.032710280373831724,-0.02012777212300665,0.01869158878504673,0.018279047530921355,0.0,0.0016501650165016146,0.0,0.0,-0.030373831775700855,-0.03099264365688892,-0.01869158878504662,-0.01662888251441963,-0.028037383177569986,-0.03525685512476473,-0.008177570093457764,-0.03334258659510814,-0.026869158878504606,-0.044814703432960235,-0.053738317757009324,-0.061370330958329444,-0.04205607476635509,-0.05319468862774135,-0.01869158878504662,-0.0333368033064988,-0.017523364485981352,-0.02102996514604749,-0.04205607476635509,-0.03318643780265873,-0.05841121495327106,-0.05139801363313912,-0.08177570093457942,-0.054960519416427656,0.21495327102803752,0.16194171987292205,0.2593457943925235,0.1320768174948337,-0.32242990654205606
1584_2009-07-29,1584,2009-07-29,15000000.0,10.5,14.0,12.7,-0.014285714285714235,0.07122736418511066,-0.0892857142857143,-0.035965794768611614,-0.09999999999999998,-0.05472837022132793,-0.11428571428571421,-0.07746478873239415,-0.08214285714285718,-0.057997987927565386,-0.021428571428571463,0.004728370221327993,-0.014285714285714235,0.010261569416499139,-0.017857142857142905,0.00608651911468816,-0.021428571428571463,0.005130784708249458,-0.02857142857142858,-0.011066398390341958,0.0,0.0,-0.03214285714285714,-0.02510060362173039,-0.0357142857142857,-0.018611670020120652,-0.03214285714285714,-0.018460764587525103,-0.017857142857142905,-0.007595573440643766,-0.014285714285714235,0.00684104627766613,-0.0357142857142857,-0.0025150905432593795,-0.046428571428571486,-0.015040241448692204,-0.06428571428571428,-0.03531187122736412,-0.07857142857142851,-0.052816901408450634,-0.07500000000000007,-0.04582494969818918,-0.07857142857142851,-0.0717303822937625,-0.18214285714285716,-0.14290744466800798,-0.15357142857142858,-0.21695171026156934,-0.025000000000000022,-0.10548289738430594,-0.25
3339_2009-07-30,3339,2009-07-30,30000000.0,20.0,27.85,23.75,-0.0035906642728905647,0.06631815031677513,-0.06642728904847406,-0.027926782462861066,-0.04308797127468589,-0.013098102986945137,-0.04129263913824066,-0.02406872829730855,-0.04667863554757634,-0.027428382254769845,-0.03052064631956919,-0.012891466988262157,-0.02872531418312385,-0.011704037587379146,-0.02872531418312385,-0.009069792399942544,-0.05924596050269304,-0.0487089797529463,-0.05206463195691213,-0.05915683053847254,0.0,0.0,-0.04129263913824066,-0.031160926878868844,-0.0628366247755835,-0.05614969468439812,-0.034111310592459754,-0.030869162669460715,-0.044883303411131004,-0.030698906248010416,-0.04847396768402157,-0.022131515809654667,-0.05924596050269304,-0.03472721683501323,-0.12387791741472187,-0.10179078468929126,-0.125673249551167,-0.10682826474873541,-0.13644524236983846,-0.11415547539922044,-0.13464991023339312,-0.13485254447858042,-0.13105924596050278,-0.1365303705805635,-0.2280071813285458,-0.2087569280357393,-0.12387791741472187,-0.1877077046487644,0.3303411131059244,0.25131375748282414,-0.28186714542190305
5491_2009-08-11,5491,2009-08-11,30000000.0,15.0,21.45,18.0,-0.20512820512820507,-0.14379376666985444,-0.07226107226107226,-0.08407209588311948,-0.030303030303030276,-0.060141405769255085,-0.030303030303030276,-0.05288902284343644,-0.013986013986014068,-0.026211459489536737,0.027972027972028135,0.012223996475964949,0.09790209790209792,0.07863148041349444,0.02331002331002341,0.015228796621254315,-0.030303030303030276,-0.0259516005475392,-0.039627039627039506,-0.037140508338187495,0.0,0.0,-0.053613053613053574,-0.05692842866485648,-0.053613053613053574,-0.05340584267231596,-0.039627039627039506,-0.06242024310818328,-0.020979020979020935,-0.04915970891934418,0.002331002331002363,-0.005957435298504343,-0.06526806526806517,-0.060295002690361144,-0.10023310023310017,-0.09194466260359335,-0.13519813519813517,-0.121522213109449,-0.1561771561771561,-0.13379837457748767,-0.1515151515151515,-0.1606324329076091,-0.1398601398601399,-0.14131061644530363,-0.03263403263403264,-0.12049147150680506,0.006993006993007089,-0.09018892421296076,-0.08857808857808847,-0.1453538863402104,-0.30069930069930073
8929_2009-09-11,8929,2009-09-11,6000000.0,16.5,40.2,19.0,-0.3768656716417911,-0.31574930456515904,-0.2786069651741294,-0.19440639752985311,-0.2288557213930349,-0.1456012275425146,-0.17910447761194037,-0.12896256654287697,-0.12189054726368176,-0.07174863619461835,-0.0671641791044777,-0.021752637004193942,-0.017412935323383172,0.016645721251829726,0.05099502487562191,0.07086257454449618,0.12437810945273631,0.13100062600902773,0.07462686567164178,0.08976404637173652,0.0,0.0,-0.007462686567164312,-0.0008401700108728871,0.0,0.018921475875118277,-0.023631840796019987,-0.016063250445972677,0.04353233830845782,0.036909821752166394,0.09328358208955234,0.08760713932701703,0.01741293532338295,0.008898271179579753,0.00995024875621886,0.004273805993683544,0.00746268656716409,0.0055705389796523175,-0.04104477611940316,-0.0382065547381355,-0.07338308457711451,-0.057299830083264,-0.03731343283582089,-0.02785269489826181,-0.1853233830845772,-0.19478412102213627,0.028606965174129417,0.021038374824082107,-0.11194029850746268,-0.11667066747624233,-0.5895522388059702
4533_2009-09-16,4533,2009-09-16,20000000.0,8.4,11.95,12.25,0.008368200836820217,0.09588011694740173,0.01673640167364021,0.05963439976706253,0.01673640167364021,0.05486795553446,0.008368200836820217,0.035060288539394246,-0.008368200836820106,0.004024554167946448,0.004184100418409997,0.003230811571889536,0.004184100418409997,0.011810411190574022,-0.03765690376569031,-0.04528321453785422,-0.008368200836820106,-0.009321489683340567,-0.008368200836820106,0.0030712653214258756,0.0,0.0,-0.05857740585774052,-0.07287673855554788,-0.06694560669456062,-0.08029165054584753,-0.06694560669456062,-0.08315151708540891,-0.06694560669456062,-0.08029165054584753,-0.07949790794979072,-0.08903079641499578,-0.07949790794979072,-0.08426435218239325,-0.08368200836820083,-0.07510240874951635,-0.09623430962343082,-0.09432773193038979,-0.11297071129707115,-0.1005779562923046,-0.12133891213389114,-0.12896522290605505,-0.12552301255230125,-0.14172892294314954,-0.09623430962343082,-0.1324592857912097,-0.03765690376569031,-0.03956348145873123,-0.09623430962343082,-0.12292639732600463,-0.2970711297071129
4128_2009-09-17,4128,2009-09-17,100000000.0,30.0,34.8,35.8,-0.03160919540229867,0.07365396249243816,0.02442528735632199,0.07611701667963022,0.005747126436781658,0.046160660271368226,-0.005747126436781436,0.020568663036902857,-0.012931034482758452,0.00022686025408369392,-0.008620689655172376,0.012995851698211158,-0.028735632183908066,-0.022156684815486938,-0.025862068965517238,-0.012704174228675091,-0.002873563218390607,0.022502376631233445,0.010057471264367956,0.024155215625270232,0.0,0.0,-0.010057471264367623,-0.009117621640307383,-0.008620689655172376,-0.010500388903292635,0.028735632183908066,0.029675481807968307,0.005747126436781658,0.010446374557082416,-0.02011494252873547,-0.010716446288133952,-0.050287356321839116,-0.027730965344395453,-0.08620689655172409,-0.07022945294270155,-0.10632183908045967,-0.08000604960677538,-0.10201149425287348,-0.09543254688445235,-0.09770114942528729,-0.09958084867340755,-0.10632183908045967,-0.11478048569700094,-0.007183908045977017,-0.03443954714372133,-0.01867816091954022,0.01233687667444483,0.28735632183908044,0.29111572033532107,-0.13793103448275856
8935_2009-09-29,8935,2009-09-29,50000000.0,10.0,10.8,5.7,-0.04166666666666674,-0.010778635778635914,-0.0185185185185186,-0.03106678106678129,-0.02777777777777779,-0.054804804804804985,-0.04166666666666674,-0.0677284427284428,0.02314814814814814,-0.005809380809380871,0.03703703703703698,0.010975260975260914,0.02314814814814814,0.000947375947375928,0.0,-0.01737451737451745,-0.009259259259259411,-0.013120263120263265,-0.00462962962962965,-0.015247390247390302,0.0,0.0,0.01851851851851838,-0.0017517517517520176,0.0092592592592593,-0.01969826969826971,0.0092592592592593,-0.02645502645502651,0.01388888888888884,-0.0034856284856286113,0.02314814814814814,0.006738881738881597,0.08333333333333326,0.04858429858429836,0.15740740740740744,0.11686686686686687,0.15740740740740744,0.1332761332761334,0.16666666666666652,0.1367438867438866,0.24537037037037024,0.21062133562133534,0.2916666666666665,0.2549871299871298,0.21759259259259256,0.18670456170456173,0.3842592592592591,0.358197483197483,0.2407407407407407,0.19537394537394537,-0.07407407407407418
5706_2009-09-30,5706,2009-09-30,3000000.0,45.0,59.6,61.4,-0.03691275167785235,0.013229159391211054,0.04865771812080544,0.04203520156451401,0.062080536912751505,0.05640409415021619,0.046979865771812124,0.03846520162800893,0.057046979865771785,0.05137053710323647,0.05369127516778516,0.051799127580273385,0.04026845637583887,0.043106677757106526,0.03691275167785224,0.05299600617170275,0.03691275167785224,0.04637348961541132,-0.008389261744966459,0.011478287923907815,0.0,0.0,0.006711409395973034,-0.001803254747830163,-0.005033557046979942,-0.020170737747074563,-0.052013422818791955,-0.049175201437524296,-0.0587248322147651,-0.054940537039741444,-0.06208053691275173,-0.07627164381909046,-0.07718120805369133,-0.09704875772256538,-0.025167785234899376,-0.02895208040992292,-0.03523489932885904,-0.04469563726641812,-0.04530201342281881,-0.059493120329157545,-0.05033557046979864,-0.06641882496364915,-0.038590604026845665,-0.06697281783952314,-0.03523489932885904,-0.0295584565663235,-0.03523489932885904,-0.0541563752039772,0.0755033557046978,0.04333684671699678,-0.24496644295302017
8049_2009-10-15,8049,2009-10-15,15000000.0,10.0,12.5,12.65,0.0040000000000000036,0.0260791168353266,-0.04799999999999993,-0.03512051517939274,-0.040000000000000036,-0.009641214351425953,-0.04799999999999993,-0.01672125114995393,-0.04799999999999993,-0.03420055197792082,-0.05599999999999994,-0.04772033118675245,-0.06799999999999995,-0.044080956761729406,-0.07599999999999996,-0.057600735970561145,-0.09599999999999997,-0.08220055197792087,-0.03599999999999992,-0.02404047838086476,0.0,0.0,-0.040000000000000036,-0.045519779208831546,-0.03200000000000003,-0.03751977920883154,-0.02400000000000002,-0.03319963201471943,-0.03599999999999992,-0.046119595216191134,-0.04799999999999993,-0.0507598896044158,-0.04799999999999993,-0.03604047838086477,-0.05599999999999994,-0.03576080956761718,-0.07599999999999996,-0.0603606255749769,-0.08400000000000007,-0.06652069917203318,-0.09599999999999997,-0.06288132474701003,-0.15599999999999992,-0.10448206071757116,-0.07599999999999996,-0.06588040478380852,0.02400000000000002,0.03319963201471943,0.33199999999999985,0.26944250229990785,-0.19999999999999996
3073_2009-11-04,3073,2009-11-04,8000000.0,34.5,51.9,38.35,-0.01734104046242768,-0.07420378556046692,-0.015414258188824581,-0.08404170916921672,-0.055876685934489356,-0.10881786240507763,-0.041425818882466214,-0.08554346594128981,-0.036608863198458574,-0.08562847104159588,-0.026974951830443183,-0.074033775359855,0.01734104046242768,-0.013051116400317309,-0.045279383429672526,-0.056063697155162684,-0.055876685934489356,-0.068621783973705,-0.05973025048169556,-0.06659299557973475,0.0,0.0,-0.043352601156069315,-0.06198005213646163,-0.055876685934489356,-0.07254335260115596,-0.08285163776493254,-0.10736144168650108,-0.11368015414258181,-0.147993879632778,-0.11753371868978812,-0.15969058143488624,-0.11175337186897871,-0.1676357248101552,-0.12620423892100185,-0.1811061997053156,-0.12620423892100185,-0.17816502323472738,-0.12620423892100185,-0.19581208205825673,-0.1329479768786127,-0.1937322906041029,-0.11368015414258181,-0.17544486002493476,-0.14932562620423895,-0.19638444973365077,-0.06069364161849711,-0.10383089652045796,-0.19267822736030826,-0.2524821489289357,-0.33526011560693636
1558_2009-11-05,1558,2009-11-05,3500000.0,62.0,80.9,77.5,-0.02966625463535233,-0.05084046060262848,0.03213844252163156,-0.0015477942444896975,0.056860321384425205,0.03183625978673521,0.037082818294190245,0.007246437158482832,0.008652657601977642,-0.019258795718522848,-0.012360939431396822,-0.02391050632263836,-0.04202719406674915,-0.03432748280592135,-0.040791100123609536,-0.03501631667798866,-0.050679851668726905,-0.03913028477748526,-0.04573547589616811,-0.027448661651702233,0.0,0.0,-0.023485784919653918,-0.021560857104446995,-0.023485784919653918,-0.029260568365274686,-0.018541409147095123,-0.033940831668750504,-0.017305315203955618,-0.04040444898643869,-0.027194066749072987,-0.06376769523800452,-0.040791100123609536,-0.07640226470493772,-0.03584672435105074,-0.06857049720956843,-0.04326328800988877,-0.09331141120526876,-0.027194066749072987,-0.06858001477602194,-0.024721878862793534,-0.06707029079734583,-0.03213844252163178,-0.07063699882577046,-0.05809641532756493,-0.08697033255566877,-0.05315203955500636,-0.08106349287550685,-0.011124845488257207,-0.031336587547930006,-0.23362175525339934
5475_2009-11-09,5475,2009-11-09,16000000.0,7.5,8.98,9.25,0.06347438752783963,0.03763706695367697,0.18596881959910916,0.1620453746230326,0.17483296213808464,0.15282339276009416,0.16926503340757226,0.163523406613314,0.10244988864142535,0.11584701782802831,0.09242761692650325,0.10391087051502002,0.016703786191536896,0.03392866657431204,0.00222717149220486,0.02615061646828143,0.026726057906458767,0.03246768470071704,0.00222717149220486,0.009882673884549331,0.0,0.0,-0.020044543429844075,-0.029613921420274747,0.018930957683741534,0.001706077300966502,-0.0033407572383075124,-0.03396276680768562,-0.014476614699331924,-0.04414168646966676,-0.00222717149220486,-0.029021429865410564,0.011135857461024523,-0.03288328129495621,0.011135857461024523,-0.024270841103568808,-0.006681514476614803,-0.04304515084025118,0.014476614699331813,-0.018059270468132382,0.0055679287305121505,-0.017398578446521373,0.00222717149220486,-0.01978239788578562,-0.030066815144766057,-0.06260270031223025,0.024498886414253684,-0.0032523097579950644,0.03897550111358572,0.04663100350593019,-0.16481069042316265
4733_2009-11-12,4733,2009-11-12,5000000.0,60.0,70.8,78.5,0.05084745762711873,0.03599137591866941,0.007062146892655274,0.04977338180444735,-0.0014124293785310327,0.03944179531970482,-0.011299435028248594,0.03512582031065581,-0.011299435028248594,0.04162535605810236,0.00847457627118664,0.04375777032875394,-0.015536723163841692,0.02160348110728183,-0.015536723163841692,0.01417544025305717,-0.016949152542372947,0.0034779598067450346,-0.021186440677966156,-0.008187369183072835,0.0,0.0,-0.01836158192090387,-0.017433076814125648,-0.01412429378531077,-0.01041027335819833,-0.007062146892655385,-0.020061218387548485,-0.008474576271186307,-0.013117101805076747,0.01836158192090398,0.01279055128023554,0.024011299435028333,0.022154289221472112,0.016949152542372836,0.024377193396597496,0.01271186440677985,0.02106841036778273,0.029661016949152685,0.033375037376265126,0.016949152542372836,0.014163637222038616,0.005649717514124353,0.005649717514124353,0.021186440677966045,0.03697102749319359,0.004237288135593209,-0.018975339533858993,-0.15960451977401124,-0.10203720315376985,-0.15254237288135586
6182_2009-11-20,6182,2009-11-20,17000000.0,45.0,56.3,52.5,-0.019538188277086976,-0.006563211446688366,-0.06216696269982236,-0.03065630468314018,-0.031971580817051426,-0.00972876339351103,-0.04618117229129648,-0.03135262734226951,-0.030195381882770822,-0.028341813764142465,-0.047957371225577194,-0.0451770190476346,-0.05506216696269972,-0.04950146260681454,0.010657193605683846,-0.00046421510608629646,-0.019538188277086976,-0.022318540455029567,0.010657193605683846,0.006950057368427132,0.0,0.0,0.010657193605683846,0.01992503419882563,0.017761989342806483,0.027956613995262503,0.04262877442273538,0.048189478778620565,0.01243339253996445,0.011506608480650327,0.005328596802842034,0.007182164921470391,0.02131438721136769,0.053751829287363995,0.030195381882770933,0.05336498336562545,0.035523978685612745,0.048498955516011355,0.04262877442273538,0.0528233990751914,0.026642984014209503,0.03591082460735129,0.030195381882770933,0.04595071089111202,0.026642984014209503,0.03961796084460811,0.04973357015985802,0.002467583134834861,-0.13854351687388988,-0.11352034727240701,-0.20071047957371224
8086_2009-11-20,8086,2009-11-20,10000000.0,22.0,36.35,35.05,-0.03576341127922977,-0.022788434448831163,-0.1581843191196699,-0.12667366110298772,-0.16781292984869334,-0.14557011242515294,-0.15130674002751032,-0.13647819507848336,-0.1361760660247594,-0.13432249790613104,-0.09766162310866588,-0.0948812709307233,-0.06464924346629985,-0.05908853911041467,-0.028885832187070304,-0.040007240898840446,-0.03438789546079779,-0.03716824763874038,-0.03438789546079779,-0.038095031698054505,0.0,0.0,-0.02063273727647863,-0.011364896683336845,-0.028885832187070304,-0.018691207534614285,-0.0453920220082531,-0.039831317652367915,-0.056396148555708514,-0.05732293261502264,0.009628610729023324,0.01148217884765168,-0.008253094910591563,0.02418434716540474,0.03301237964236581,0.056181981125220326,0.10453920220082513,0.11751417903122374,0.1815680880330124,0.1917627126854684,0.11554332874828055,0.12481116934142233,0.17606602475928468,0.19182135376762577,0.05639614855570829,0.0693711253861069,0.2709766162310867,0.22371062920606355,0.1292984869325997,0.15432165653408259,-0.3947730398899587
5506_2009-11-24,5506,2009-11-24,200000000.0,3.0,5.72,4.99,-0.10664335664335656,-0.10664335664335656,-0.24125874125874125,-0.2365770933186664,-0.18881118881118886,-0.19723815510332365,-0.1328671328671328,-0.14035776957125268,-0.07692307692307687,-0.08160472486315173,-0.08566433566433551,-0.10719991618867997,-0.05769230769230771,-0.07080092192451759,-0.08916083916083917,-0.10320578298106398,-0.05244755244755239,-0.06274717791571727,-0.03321678321678312,-0.03415311280479827,0.0,0.0,-0.34615384615384603,-0.3508354940939209,-0.3006993006993006,-0.3119352557554804,-0.29895104895104896,-0.30737801524318376,-0.28846153846153844,-0.26598962834917894,-0.3146853146853147,-0.30157670045310503,-0.3006993006993006,-0.2978903119352557,-0.3129370629370629,-0.3129370629370629,-0.3129370629370629,-0.31387339252507807,-0.3006993006993006,-0.29508132317121083,-0.25174825174825166,-0.26204787721641654,-0.2657342657342656,-0.27135224326235563,-0.32692307692307687,-0.3409680207433017,-0.23076923076923073,-0.3084845865744742,-0.11188811188811187,-0.0791165763075875,-0.4755244755244755
3389_2009-12-02,3389,2009-12-02,10000000.0,20.0,24.95,27.1,0.02204408817635284,0.04645723371625887,0.006012024048096309,-0.010889384402607893,0.014028056112224574,0.000882516206121231,-0.004008016032064021,-0.007763884576665103,-0.002004008016032066,-0.004820909424482767,0.006012024048096309,-0.0014997130411056325,0.0,-0.014084507042253502,0.004008016032064132,-0.00725958960173867,-0.048096192384769476,-0.028377882525614573,-0.018036072144288595,-0.007707433646636064,0.0,0.0,-0.02605210420841675,-0.02886900561686745,-0.04008016032064132,-0.043836028865242405,-0.04609218436873741,-0.04327528296028671,-0.04208416833667339,-0.05522970824277673,-0.006012024048096087,-0.014462728273448189,0.034068136272545235,0.022800530638742433,0.1062124248496994,0.11090726053045052,0.1062124248496994,0.09494481921589659,0.11623246492985984,0.10402589215990687,0.12024048096192375,0.11085080960042148,0.1062124248496994,0.10715139198584955,0.06412825651302612,0.018118866841664527,0.07214428857715438,-0.006728950859465455,0.0821643286573146,0.087798131474216,-0.19839679358717432
3553_2009-12-10,3553,2009-12-10,4000000.0,60.0,86.2,76.3,-0.15777262180974483,-0.1568441167029666,-0.11832946635730857,-0.11832946635730857,-0.1357308584686775,-0.10509018994500063,-0.140371229698376,-0.11901561224248003,-0.15661252900232014,-0.14547046772098304,-0.15313225058004643,-0.14477570461904354,-0.15081206496519717,-0.1433840241109725,-0.10208816705336421,-0.08816059045169289,-0.08236658932714624,-0.08422359954070247,-0.06496519721577731,-0.062179681895443095,0.0,0.0,0.06960556844547572,0.08539015526070326,0.10440835266821336,0.10440835266821336,0.12529002320185612,0.12436151809507812,0.0788863109048723,0.08074332111842852,0.08468677494199528,0.09675734133011038,0.04988399071925742,0.0582405366802603,0.061484918793503374,0.07262698007484047,0.04988399071925742,0.05266950603959164,0.051044083526682105,0.045473052886013665,0.10208816705336421,0.08908909555847111,0.11832946635730868,0.09511683868785648,0.13689095127610207,0.06446755294741124,0.040603248259860836,0.030389692085301956,0.21809744779582352,0.23666754993138528,-0.3039443155452436
3615_2009-12-14,3615,2009-12-14,5000000.0,43.0,61.5,49.3,-0.16747967479674797,-0.18047874629164107,-0.18048780487804883,-0.15913218742215285,-0.18373983739837396,-0.17259777611703686,-0.14796747967479673,-0.13961093371379385,-0.1707317073170732,-0.16330366646284855,-0.17398373983739845,-0.16005616323572713,-0.16422764227642284,-0.16608465248997906,-0.16910569105691053,-0.16632017573657631,-0.1121951219512195,-0.1121951219512195,-0.06504065040650409,-0.049256063591276544,0.0,0.0,0.016260162601626105,0.015331657494848105,-0.02276422764227637,-0.02090721742872015,-0.0373983739837398,-0.025327807595624696,-0.07154471544715446,-0.06318816948615158,-0.06178861788617884,-0.05064655660484174,-0.052032520325203335,-0.049247005004869115,-0.05365853658536579,-0.05922956722603423,-0.052032520325203335,-0.06503159182009643,-0.07317073170731703,-0.09638335937676923,-0.04552845528455285,-0.07059809316756127,-0.04878048780487809,-0.08127816654211117,0.011382113821138296,-0.05825576918721831,-0.14146341463414636,-0.12475032271214082,-0.13170731707317074,-0.13727834771383918,-0.30081300813008127
6278_2009-12-15,6278,2009-12-15,20000000.0,65.0,85.5,72.0,-0.19883040935672514,-0.20254098449587177,-0.10175438596491226,-0.08969501676268599,-0.10760233918128659,-0.09832590133342012,-0.10760233918128659,-0.09925354511820694,-0.11461988304093562,-0.09977758248434943,-0.09590643274853805,-0.09683407653332476,-0.09473684210526312,-0.0910262669661166,-0.08538011695906433,-0.08445247317427773,-0.09941520467836262,-0.08271761655220311,-0.040935672514619936,-0.040008028729833334,0.0,0.0,-0.03625730994152043,-0.033474378587160514,-0.05029239766081872,-0.03730538467380584,-0.07602339181286555,-0.06674695396499908,-0.06315789473684219,-0.05109852553461591,-0.05847953216374269,-0.054768957024596165,-0.039766081871345116,-0.04440430079527824,-0.052631578947368474,-0.06469094814959486,-0.03274853801169586,-0.05501198884657521,-0.038596491228070184,-0.06271522963252296,-0.03625730994152043,-0.06779719862426625,-0.023391812865497075,-0.05307641397866969,-0.07485380116959073,-0.1277294969024294,-0.18128654970760238,-0.16273367401186956,-0.19064327485380117,-0.19991971270166764,-0.23976608187134507
8996_2009-12-15,8996,2009-12-15,5000000.0,32.0,44.4,38.6,-0.10698198198198194,-0.11069255712112858,-0.108108108108108,-0.09604873890588173,-0.11036036036036034,-0.10108392251249387,-0.11486486486486491,-0.10651607080178527,-0.10135135135135132,-0.08650905079476512,-0.0394144144144144,-0.040342058199201114,0.018018018018018056,0.021728593157164577,0.0045045045045044585,0.005432148289291061,-0.04842342342342343,-0.031725835297263916,0.0045045045045044585,0.005432148289291061,0.0,0.0,-0.04842342342342343,-0.04564049206906351,-0.022522522522522515,-0.009535509535509634,-0.0394144144144144,-0.03013797656654793,-0.0394144144144144,-0.027355045212188123,-0.016891891891891886,-0.013181316752745365,0.03603603603603611,0.03139781711210299,0.08108108108108114,0.06902171187885475,0.12049549549549554,0.09823204466061619,0.12612612612612617,0.10200738772167339,0.14414414414414423,0.1126042554613984,0.13288288288288275,0.10319828176971013,0.29504504504504503,0.24216934931220635,0.06306306306306309,0.08161593875879591,0.7072072072072071,0.6979307693593406,-0.2792792792792792
3484_2010-01-14,3484,2010-01-14,7000000.0,37.0,54.0,41.0,-0.0703703703703703,-0.007815304291075242,-0.03703703703703709,-0.018534834393865385,-0.0444444444444444,-0.03915810083210969,-0.040740740740740744,-0.036335454397128375,-0.061111111111111005,-0.056705824767498636,-0.059259259259259345,-0.07335617555881879,-0.0888888888888888,-0.10034263338228078,-0.07685185185185184,-0.09447299722630109,-0.04814814814814816,-0.06841246532876488,-0.040740740740740744,-0.055718714309022754,0.0,0.0,-0.04629629629629628,-0.058631098058410824,-0.061111111111111005,-0.07961331375428282,-0.07685185185185184,-0.09006771088268894,-0.05555555555555558,-0.05555555555555558,-0.0796296296296296,-0.07346222874857233,-0.10648148148148151,-0.09238456518192206,-0.13148148148148153,-0.09007178985152553,-0.11666666666666659,-0.07173274596182078,-0.1777777777777778,-0.11081742535487038,-0.22592592592592597,-0.15808451623429598,-0.2064814814814815,-0.1589043889704682,-0.24351851851851847,-0.16158019252732903,-0.20740740740740748,-0.14044705498450005,-0.1425925925925926,-0.0879670419317996,-0.31481481481481477
5205_2010-01-19,5205,2010-01-19,3000000.0,58.1,84.1,58.3,-0.03804994054696775,0.028037015974771373,-0.026159334126040323,-0.008768029778214226,-0.015457788347205681,-0.016327353564597025,-0.03923900118906065,-0.037499870754277964,-0.03923900118906065,-0.04358682727601715,-0.013079667063020106,-0.020036188802150412,-0.0011890606420926764,-0.002928191076875364,-0.022592152199762072,-0.009548673938892471,0.0,0.0008695652173912327,0.014268727705113005,0.009051336400765164,0.0,0.0,-0.030915576694411362,-0.01787209843354176,-0.04756242568370983,-0.028431990901101156,-0.04637336504161704,-0.01941684330248661,-0.04042806183115333,0.013484981647107541,-0.09036860879904873,-0.03297730445122271,-0.12009512485136731,-0.04096469006875869,-0.18073721759809735,-0.10073721759809728,-0.16765755053507725,-0.1076575505350772,-0.178359096313912,-0.10009822674869462,-0.1926278240190249,-0.10393217184511183,-0.19738406658739593,-0.09912319702217853,-0.135552913198573,-0.044248565372486004,-0.09155766944114141,-0.02720984335418486,-0.05231866825208076,0.0007248100087887677,-0.30915576694411406
3322_2010-01-25,3322,2010-01-25,10000000.0,20.0,25.0,23.1,-0.07200000000000006,-0.08670588235294141,0.04600000000000004,-0.01833823529411771,0.06000000000000005,0.0011764705882353343,0.05600000000000005,0.01280147058823533,0.07200000000000006,0.01593382352941175,0.05600000000000005,-0.00649999999999995,0.04800000000000004,-0.008985294117647147,0.028000000000000025,-0.015198529411764694,0.040000000000000036,0.003235294117647003,0.02200000000000002,-0.006492647058823575,0.0,0.0,-0.020000000000000018,-0.016323529411764848,-0.08799999999999997,-0.061345588235294124,-0.06000000000000005,-0.032426470588235334,-0.04799999999999993,-0.041566176470588134,-0.06000000000000005,-0.034264705882352975,-0.05599999999999994,-0.019235294117647017,-0.07200000000000006,-0.025125000000000064,-0.052000000000000046,-0.021669117647058922,-0.04200000000000004,-0.007992647058823521,-0.08200000000000007,-0.014904411764706027,-0.08799999999999997,-0.02917647058823536,0.03600000000000003,0.06816911764705891,-0.005999999999999894,0.017897058823529433,-0.062000000000000055,-0.07762500000000006,-0.19999999999999996
3540_2010-01-27,3540,2010-01-27,6250000.0,33.0,43.1,42.0,0.08584686774941974,0.037688227522790996,0.15545243619489546,0.08368661938658573,0.16009280742459397,0.07510697173054304,0.1589327146171693,0.06733686948024786,0.15545243619489546,0.06952231343757731,0.12645011600928058,0.05468429920097084,0.10904872389791165,0.043892916532472626,0.11020881670533633,0.05355159290930245,0.06728538283062635,0.03990105799587673,0.06728538283062635,0.043678206248945584,0.0,0.0,-0.04640371229698381,-0.04545942523371649,0.004640371229698292,-0.016133944162180835,-0.009280742459396696,-0.010225029522663909,-0.004640371229698403,0.0057467864662412715,-0.019721577726218076,0.001052737665661052,-0.016241299303944357,-0.012464151050875394,-0.016241299303944357,-0.008687002797806431,-0.08468677494199528,-0.04313814415823691,-0.13341067285382835,-0.10036062563947523,-0.1496519721577727,-0.10999191550054888,-0.12993039443155452,-0.10349035666007189,-0.040603248259860836,-0.02643894231085231,-0.037122969837587005,-0.06450729467233662,-0.051044083526682216,-0.08598270486756976,-0.23433874709976799
6208_2010-02-03,6208,2010-02-03,20000000.0,12.0,12.75,14.4,0.10588235294117654,-0.004050144648023002,0.11764705882352944,0.029893924783028103,0.08627450980392148,0.00720025715204109,0.04705882352941182,-0.002121504339440694,0.04705882352941182,0.0017357762777241437,0.007843137254901933,-0.013371906139505008,-0.01176470588235301,-0.032015429122468686,0.0117647058823529,-0.03066538090646098,0.0039215686274509665,-0.01825779492124724,0.007843137254901933,-0.0027643844423015373,0.0,0.0,-0.019607843137254943,-0.036965605914497046,-0.019607843137254943,-0.033108325297331986,-0.06666666666666665,-0.04545162327225971,-0.07450980392156858,-0.061973641915782696,-0.09019607843137256,-0.07090967534554804,-0.07450980392156858,-0.0687238829958211,-0.05882352941176472,-0.06364513018322082,-0.07450980392156858,-0.08897460623593689,-0.07843137254901966,-0.09289617486338797,-0.07843137254901966,-0.08614593378334934,-0.07058823529411773,-0.06673095467695278,-0.05882352941176472,-0.0935390549662487,-0.04313725490196085,-0.07495981999357126,-0.03529411764705881,-0.03722275795564134,-0.05882352941176472
8111_2010-02-03,8111,2010-02-03,30000000.0,17.0,20.0,19.45,-0.022499999999999964,-0.1324324975891995,0.135,0.047246865959498674,0.11999999999999988,0.04092574734811949,0.08499999999999996,0.03581967213114745,0.08499999999999996,0.03967695274831229,0.012499999999999956,-0.008715043394406985,-0.022499999999999964,-0.04275072324011564,0.010000000000000009,-0.03243008678881387,0.0,-0.022179363548698205,0.00749999999999984,-0.00310752169720363,0.0,0.0,-0.02750000000000008,-0.04485776277724218,-0.022499999999999964,-0.03600048216007701,-0.09000000000000008,-0.06878495660559314,-0.10999999999999999,-0.0974638379942141,-0.13000000000000012,-0.1107135969141756,-0.06999999999999995,-0.06421407907425247,-0.05249999999999999,-0.057321600771456094,-0.050000000000000044,-0.06446480231436835,-0.04749999999999999,-0.061964802314368295,-0.04749999999999999,-0.05521456123432966,-0.05999999999999994,-0.056142719382834994,0.13000000000000012,0.09528447444551613,0.25,0.2181774349083896,0.27,0.2680713596914175,-0.15000000000000002
3360_2010-03-03,3360,2010-03-03,10000000.0,14.6,23.4,17.95,0.014957264957265126,0.0092592592592593,-0.17307692307692302,-0.13888888888888884,-0.11538461538461531,-0.09449192782526106,-0.05555555555555547,-0.045109211775878455,0.008547008547008739,0.009496676163342932,0.07905982905982922,0.08000949667616342,0.1217948717948718,0.12939221272554602,0.044871794871794934,0.06386514719848058,-0.02777777777777768,-0.006885090218423429,0.0,-0.002849002849002913,0.0,0.0,-0.04914529914529908,-0.04914529914529908,0.017094017094017255,0.025641025641025772,0.004273504273504258,-0.0014245014245015675,0.004273504273504258,-0.014719848053181384,0.05555555555555558,0.033713200379867025,0.004273504273504258,-0.017568850902184296,0.02136752136752129,0.0023741690408356497,0.017094017094017255,-0.0009496676163340823,0.008547008547008739,0.0047483380816715215,0.02991452991453003,0.021367521367521514,0.10042735042735051,0.07193732193732205,-0.012820512820512664,-0.043209876543209735,-0.04700854700854695,-0.10208926875593527,-0.2158119658119657,-0.15902184235517558,-0.37606837606837606
8050_2010-03-11,8050,2010-03-11,4000000.0,48.1,56.6,62.2,-0.03886925795053009,-0.01935252932599485,-0.03003533568904604,0.009927489589764305,-0.04063604240282692,0.0011855189354630369,-0.02473498233215543,-0.006147621737359943,-0.019434628975265045,0.0019408357087498107,0.012367491166077604,0.03374295585009246,-0.007067137809187218,0.022672639142485518,0.0035335689045936647,0.019332825410169785,-0.005300353356890497,-0.0025122492676712405,0.008833922261484162,0.008833922261484162,0.0,0.0,-0.01590106007067138,-0.013112955981452123,-0.010600706713780994,-0.006883234594821985,-0.03180212014134287,-0.014144127576287135,-0.02473498233215543,-0.011723829915798678,-0.019434628975265045,-0.025940205183443532,-0.010600706713780994,-0.021753123070658242,0.0035335689045936647,-0.004830743363064327,0.028268551236749095,0.03012728729622849,0.010600706713780994,0.018965018981438875,0.008833922261484162,0.014410130439922786,-0.0017667844522968323,0.003809423726141792,0.0,-0.02602230483271395,-0.02473498233215543,-0.042392974897211166,-0.1590106007067138,-0.0893079984762305,-0.15017667844522964
4304_2010-06-11,4304,2010-06-11,15000000.0,12.5,14.05,14.7,0.053380782918149405,-0.03362024062330393,-0.017793594306049876,-0.03867383995599871,0.014234875444839812,-0.011353660890881745,0.014234875444839812,-0.005826537042365798,0.003558718861209842,-0.0005354469525056249,-0.01067615658362997,-0.03831177582620926,-0.0320284697508898,-0.05659346463318238,-0.06405693950177938,-0.06180514830423589,0.0,0.005936540429887338,-0.01067615658362997,0.0030392988923167996,0.0,0.0,0.003558718861209842,-0.01220381952159455,0.003558718861209842,-0.02714752474165616,0.03202846975088969,-0.00584256402597827,0.02491103202846978,-0.02012479192240013,0.0,-0.041965199590583424,-0.01067615658362997,-0.07515926814964846,-0.0320284697508898,-0.09037033259633509,-0.003558718861210064,-0.05064162571893771,-0.028469750889679735,-0.07862328210769387,-0.04982206405693956,-0.08564601492694979,0.014234875444839812,-0.02568324123888588,0.8220640569395017,0.7514396966529102,0.5587188612099643,0.45636471586707783,0.19217081850533813,0.06729876118701661,-0.11032028469750899
8936_2010-06-21,8936,2010-06-21,20000000.0,26.0,31.95,29.3,-0.06729264475743346,-0.04469932452167713,0.017214397496087663,0.03391380810512501,-0.023474178403755874,0.018961970908621284,-0.031298904538341166,0.01467359055006745,-0.06729264475743346,-0.013854530808514065,-0.06103286384976525,-0.020757814733851743,-0.04225352112676051,-0.01710617338609255,-0.04068857589984354,-0.029883074917525287,-0.04538341158059467,-0.041454138496115345,-0.035993740219092296,-0.0389406950324519,0.0,0.0,-0.0046948356807511304,-0.02630583764538763,-0.025039123630672955,-0.04075621596859047,-0.04851330203442883,-0.053424893390028094,-0.04068857589984354,-0.048547122068802184,-0.05633802816901412,-0.050444118542295135,-0.06729264475743346,-0.0653280082151938,-0.06729264475743346,-0.059434098588474704,-0.09859154929577463,-0.07206895597553886,-0.11267605633802813,-0.07908077146572945,-0.13302034428794995,-0.10531896904237048,-0.12676056338028174,-0.11890201721132299,-0.09859154929577463,-0.13493732532720892,-0.06729264475743346,-0.14686042471814076,-0.06416275430359941,-0.18007631029574078,-0.1862284820031299
5351_2010-06-24,5351,2010-06-24,25000000.0,20.0,26.3,26.4,-0.07224334600760463,-0.03646621990789789,-0.0076045627376425395,0.050459953391389645,-0.03041825095057038,0.014547535950700352,-0.017110266159695797,0.012801757300714756,0.0,0.01564027370478982,0.0,0.008797653958944163,-0.019011406844106515,-0.017056372631007788,-0.041825095057034245,-0.036937509524287426,-0.03231939163498099,-0.04893718244632017,-0.0019011406844107182,-0.01265382885645372,0.0,0.0,0.032319391634980876,0.029386840315332785,-0.0076045627376425395,0.0031481254344004617,-0.028517110266159662,-0.021674490520314116,-0.034220532319391705,-0.021512809934249977,-0.06463878326996197,-0.033358235860382224,-0.07224334600760463,-0.03392467543086952,-0.07224334600760463,-0.039789778070165815,-0.03802281368821292,-0.02531509130307119,-0.019011406844106515,-0.023898992376853334,-0.049429657794676785,-0.052362209114324876,-0.034220532319391705,-0.05181584023728025,-0.07604562737642584,-0.11123624321220316,-0.07984790874524716,-0.15609424305609754,-0.11787072243346008,-0.2253976041538901,-0.2395437262357415
3339_2010-07-07,3339,2010-07-07,50000000.0,28.0,33.5,30.5,0.0,0.05525291828793766,-0.016417910447761086,-0.011554097218189119,-0.014925373134328401,-0.012979847842499614,-0.04179104477611939,-0.026226842441489095,-0.05074626865671639,-0.039073116905743555,-0.04477611940298509,-0.02726639177652601,-0.03432835820895519,0.0016638596898774782,-0.04626865671641789,-0.003272547767001477,-0.05970149253731338,-0.022541959463383443,-0.025373134328358304,-0.007863406701899223,0.0,0.0,-0.04477611940298509,-0.042830594111156306,-0.04477611940298509,-0.05742203379987221,-0.05373134328358209,-0.07221383355595579,0.011940298507462588,-0.005569429118996494,0.014925373134328401,0.0003339334456124998,0.004477611940298498,-0.029569080666705494,0.005970149253731405,-0.030022068645101374,-0.028358208955224007,-0.05754108833265581,-0.035820895522388096,-0.06208548696207694,-0.032835820895522394,-0.06785527614844078,-0.03880597014925369,-0.06798884952668549,-0.0432835820895523,-0.11526801788721763,-0.04626865671641789,-0.10949822870085368,0.10298507462686568,-0.019583018758348336,-0.16417910447761197
2114_2010-07-09,2114,2010-07-09,5000000.0,26.0,34.35,32.0,-0.05094614264919939,0.010533204132740948,-0.03639010189228531,-0.00853227288171865,-0.03639010189228531,-0.01237473205558981,-0.030567685589519722,-0.0007886269920174271,-0.04512372634643391,0.0029070133269570864,-0.04512372634643391,0.009823439839925396,-0.04221251819505101,0.0069709592305012835,-0.039301310043668214,-0.009522251446165919,-0.024745269286754024,-0.012257276971672448,-0.018922852983988325,-0.0045136310819710035,0.0,0.0,-0.14556040756914124,-0.15132409632994825,-0.16739446870451236,-0.1721975426718514,-0.16157205240174677,-0.16349328198868252,-0.15720524017467252,-0.17833876563096462,-0.17321688500727805,-0.19627164005050568,-0.16157205240174677,-0.17790250389069984,-0.16448326055312956,-0.17793186766167912,-0.14992721979621548,-0.17202136004597535,-0.16448326055312956,-0.18081371204208263,-0.16448326055312956,-0.1817743268355504,-0.16739446870451236,-0.1990947568889505,-0.16157205240174677,-0.22209078439021956,-0.1382823871906841,-0.19399804521181763,-0.14556040756914124,-0.2550704940244728,-0.24308588064046588
3324_2010-07-09,3324,2010-07-09,7000000.0,16.25,22.0,23.4,0.05909090909090908,0.12057025587284942,0.02954545454545454,0.0574032835560212,0.0,0.0240153698366955,-0.009090909090909038,0.020688149506593256,-0.040909090909090895,0.007121648764300104,-0.07045454545454544,-0.015507379268186128,-0.045454545454545414,0.003728931971006877,-0.03409090909090906,-0.004311850493406766,-0.006818181818181723,0.005669810496899852,-0.00454545454545463,0.009863767356562692,0.0,0.0,-0.03409090909090906,-0.03985459785171608,-0.040909090909090895,-0.04571216487642993,-0.06590909090909092,-0.06783032049602666,-0.0636363636363636,-0.0847698890926557,-0.020454545454545392,-0.04350930049777302,-0.036363636363636376,-0.052694087852589444,-0.0636363636363636,-0.07708497074491316,-0.036363636363636376,-0.05845777661339624,-0.03409090909090906,-0.05042136057986213,-0.027272727272727337,-0.04456379355514817,-0.002272727272727315,-0.03397301545716547,-0.050000000000000044,-0.11051873198847284,-0.036363636363636376,-0.09207929438476992,-0.11136363636363633,-0.2208737228189679,-0.26136363636363635
3483_2010-07-09,3483,2010-07-09,7823353.0,51.0,69.8,69.4,0.01002865329512903,0.07150800007706937,-0.014326647564469885,0.013531181446096774,-0.024355300859598916,-0.0003399310229034169,-0.025787965616045794,0.003991092981456501,-0.06160458452722062,-0.01357384485382962,-0.09455587392550135,-0.039608707739142046,-0.09742120343839533,-0.04823772601284304,-0.10028653295128942,-0.07050747435378713,-0.0630372492836675,-0.05054925696858592,-0.04727793696275073,-0.03286871506073341,0.0,0.0,-0.045845272206303744,-0.05160896096711076,-0.06160458452722062,-0.06640765849455965,-0.08309455587392545,-0.08501578546086119,-0.0759312320916905,-0.0970647575479826,-0.07449856733524363,-0.09755332237847125,-0.07736389684813738,-0.09369434833709045,-0.08739255014326641,-0.10084115725181597,-0.07306590257879653,-0.09516004282855639,-0.0759312320916905,-0.09226168358064357,-0.08595988538681953,-0.10325095166924037,-0.08309455587392545,-0.1147948440583636,-0.14469914040114606,-0.20521787238961886,-0.15472779369627498,-0.21044345171740853,-0.3839541547277937,-0.49346424118312526,-0.2693409742120344
3402_2010-07-12,3402,2010-07-12,16000000.0,21.0,34.1,27.85,-0.1217008797653959,-0.06955188263072531,-0.12609970674486803,-0.09649130177829679,-0.11730205278592376,-0.08196298879356456,-0.12316715542522005,-0.06968100451786563,-0.1217008797653959,-0.06133793802709597,-0.11143695014662758,-0.05680466743411561,-0.07331378299120239,-0.03797471899884319,-0.05718475073313789,-0.039037663818142665,-0.0703812316715543,-0.05032392508129635,-0.0058651026392962935,-0.0001344436135082283,0.0,0.0,-0.09384164222873903,-0.09288653239110767,-0.11730205278592376,-0.11348161343539842,-0.09090909090909094,-0.10619084831119208,-0.11436950146627567,-0.13156147854363953,-0.1055718475073314,-0.11607805572127605,-0.11436950146627567,-0.12201038016732635,-0.11730205278592376,-0.13353892002565637,-0.14662756598240467,-0.15713377419634933,-0.16422287390029333,-0.17568419195186924,-0.12903225806451624,-0.15482022368056203,-0.13196480938416422,-0.160618104513104,-0.09677419354838712,-0.15694611331916064,-0.06304985337243407,-0.11940133379268236,-0.19354838709677424,-0.2900144806975382,-0.3841642228739003
6279_2010-07-13,6279,2010-07-13,8390000.0,70.0,81.8,84.7,0.022004889975550057,0.05928978481302605,0.09413202933985332,0.12854885534367733,0.08312958435207829,0.13571084630236507,0.08435207823960877,0.14381670539066038,0.08312958435207829,0.13685807383582582,0.059902200488997526,0.09431902649282153,0.05134474327628369,0.06855315627819569,0.022004889975550057,0.041125348866563494,0.0,0.004780114722753304,0.017114914425427896,0.016158891480877235,0.0,0.0,-0.0317848410757946,-0.02891677224214262,-0.03422982885085568,-0.050482218908217136,-0.01833740831295838,-0.03650184425942116,-0.04523227383863082,-0.05670454917323897,-0.039119804400978064,-0.04772401090193423,-0.023227383863080542,-0.04043579686499266,-0.03422982885085568,-0.04570210418546383,-0.0330073349633252,-0.04543563324248401,-0.044009779951100225,-0.07077842239851917,-0.057457212713936445,-0.08709392399500737,-0.07212713936430304,-0.09698373592262044,-0.022004889975550057,-0.08127831253769169,-0.097799511002445,-0.14846872706363068,0.0024449877750611915,-0.10176151318096172,-0.1442542787286063
3312_2010-07-14,3312,2010-07-14,15000000.0,22.0,23.8,23.85,0.021008403361344463,0.04881281371609025,0.018907563025210017,0.068763747109582,0.018907563025210017,0.0756669110597259,0.004201680672268893,0.05520839208166484,0.014705882352941124,0.0463453837911002,0.012605042016806678,0.02698663357960629,0.012605042016806678,0.028904179121312934,0.02941176470588225,0.03132931024758889,0.021008403361344463,0.017173312277931174,0.025210084033613356,0.02233376572105339,0.0,0.0,0.004201680672268893,-0.01497377474479733,-0.0021008403361344463,-0.023193841294907314,-0.014705882352941235,-0.029087473915740847,-0.008403361344537785,-0.01990863459477743,-0.012605042016806789,-0.032739270204726334,-0.018907563025210017,-0.03328915458800963,0.008403361344537785,-0.0069370029891151486,0.006302521008403339,-0.023419434888049206,0.01680672268907557,-0.01579155151993694,0.012605042016806678,-0.015199368337939223,0.004201680672268893,-0.032231684620156686,0.006302521008403339,-0.04259489030511543,-0.004201680672269004,-0.03871750042298816,-0.23319327731092443,-0.34441091872990826,-0.0756302521008404
8182_2010-07-21,8182,2010-07-21,25000000.0,20.0,29.5,24.1,-0.04406779661016946,-0.005533962023703265,-0.06779661016949157,-0.03208232445520576,-0.0661016949152542,-0.04448515356187066,-0.05084745762711862,-0.034870014018096085,-0.05084745762711862,-0.033930164394035844,-0.06101694915254241,-0.041280107047279135,-0.03898305084745757,-0.03804320122339733,-0.023728813559321993,-0.02466866318338201,-0.02033898305084747,-0.014699885306486471,-0.013559322033898202,-0.005100675417356815,0.0,0.0,-0.10169491525423724,-0.09605581750987624,-0.10677966101694913,-0.10208041289664838,-0.09999999999999998,-0.1093984962406015,-0.10677966101694913,-0.11899770612973115,-0.10677966101694913,-0.11429845800943039,-0.1084745762711864,-0.12445201988020893,-0.11864406779661019,-0.13556136102969296,-0.1084745762711864,-0.12163247100802843,-0.1084745762711864,-0.1413693131132917,-0.10677966101694913,-0.1443736459793552,-0.09830508474576272,-0.1340193704600483,-0.05423728813559325,-0.08149292723333756,-0.08813559322033904,-0.09753408946094055,0.011864406779661163,-0.06802281126545151,-0.3220338983050848
3611_2010-08-09,3611,2010-08-09,3000000.0,63.5,87.4,80.1,-0.05034324942791768,0.002192982456140413,0.02631578947368407,0.05077231121281456,0.02631578947368407,0.0553012967200609,0.01830663615560635,0.03913996948893983,0.02631578947368407,0.046243325705568106,-0.022883295194508046,0.0006674294431732175,-0.021739130434782705,-0.017210144927536364,-0.03318077803203667,-0.03318077803203667,-0.027459954233409634,-0.025648360030511075,-0.027459954233409634,-0.02474256292906174,0.0,0.0,-0.0240274599542335,-0.029462242562929064,-0.04805491990846689,-0.051678108314264004,-0.05034324942791768,-0.041285278413424886,-0.06064073226544631,-0.043430587337910054,-0.03890160183066371,-0.03256102212051881,-0.03890160183066371,-0.035278413424866595,-0.016018306636155666,-0.011489321128909324,-0.016018306636155666,-0.006054538520213537,-0.011441647597253968,-0.006912662090007626,0.041189931350114284,0.045718916857360625,0.024027459954233388,0.02221586575133494,-0.008009153318077833,-0.0034801678108314915,0.022883295194507935,-0.014254385964912242,-0.03890160183066371,-0.06788710907704043,-0.2734553775743708
8277_2010-08-10,8277,2010-08-10,10000000.0,52.88,70.9,69.5,0.12552891396332844,0.18588927432368885,0.08321579689703795,0.11745003113127217,-0.009873060648801113,0.01625306547732508,-0.019746121297602337,0.005479103927622853,-0.011283497884344351,0.017545330944484516,-0.005641748942172176,0.004268160967737633,-0.008462623413258208,-0.0030572180078528577,-0.0042313117066292705,0.002975895500577863,-0.026798307475317418,-0.01869019936720928,-0.019746121297602337,-0.014340715892196987,0.0,0.0,-0.021156558533145242,-0.01935475673134346,-0.02256699576868837,-0.008152581354273991,-0.03808180535966155,-0.015559282837139032,-0.0042313117066292705,0.007480400005082433,-0.02256699576868837,-0.013557986759679341,-0.026798307475317418,-0.01688839756540761,-0.023977433004231385,-0.008662117688916005,-0.02256699576868837,-0.01265708585877856,-0.026798307475317418,-0.01688839756540761,-0.05218617771509171,-0.04858257411148803,-0.0507757404795488,-0.040865830569638995,-0.18335684062059243,-0.17164512890888073,-0.222849083215797,-0.25618241654913043,-0.4231311706629056,-0.44475279228452724,-0.2541607898448519
4533_2010-08-11,4533,2010-08-11,20000000.0,11.3,14.65,14.2,-0.061433447098976135,-0.020819728687423766,-0.020477815699658786,0.0038904153472726355,-0.05119453924914674,-0.027728835278027608,-0.05119453924914674,-0.02411872697477846,-0.04436860068259385,-0.03624585700028349,-0.010238907849829393,-0.006628799546580355,-0.013651877133105894,-0.008236714678232282,-0.03071672354948818,-0.02439903401880228,-0.020477815699658786,-0.016867707396409748,0.013651877133105783,0.011846822981481209,0.0,0.0,-0.03754266211604096,-0.02490728305466916,-0.04436860068259385,-0.023610477938911578,-0.04095563139931735,-0.031027833565382412,-0.03071672354948818,-0.023496506942989992,-0.03754266211604096,-0.029419918433730596,-0.010238907849829393,0.003298998287354693,0.0068259385665527805,0.014948682248863143,0.0,0.008122743682310363,-0.010238907849829393,-0.008433853698204818,-0.017064846416382284,-0.008942102734071922,-0.061433447098976135,-0.03526016190042025,-0.10238907849829348,-0.09065622651273397,-0.12627986348122866,-0.16147841943790742,-0.24232081911262804,-0.27210421261443307,-0.22866894197952214
3221_2010-08-24,3221,2010-08-24,11000000.0,21.0,26.6,26.75,0.02443609022556381,0.05517750071380967,-0.007518796992481258,-0.009327115256495766,-0.011278195488721776,-0.0004282859046350618,-0.024436090225564033,-0.005448748453412144,-0.013157894736842146,-0.005020462548777083,-0.005639097744360999,-0.00021414295231769742,0.011278195488721776,0.017607309412772332,0.001879699248120259,0.013633767964214227,0.003759398496240518,0.010088512420291074,-0.00187969924812037,0.004449414675930186,0.0,0.0,-0.03195488721804518,-0.025625773293994625,-0.06766917293233088,-0.04325687636813569,-0.08082706766917302,-0.05008565718092717,-0.0864661654135338,-0.060245550585324104,-0.09398496240601506,-0.07228514323784152,-0.15601503759398505,-0.11984867231369567,-0.14661654135338353,-0.11768344912915218,-0.13721804511278202,-0.11370990768059397,-0.1278195488721805,-0.11425716189207202,-0.13533834586466165,-0.1290092319406111,-0.1278195488721805,-0.11968211668411544,-0.11654135338345872,-0.15361187779575536,-0.10526315789473684,-0.14956695536309128,-0.26315789473684215,-0.2848577139050158,-0.21052631578947367
3522_2010-08-27,3522,2010-08-27,12000000.0,23.5,36.45,27.1,-0.2400548696844994,-0.24565188460987242,-0.06858710562414261,-0.09190800114653064,-0.053497942386831365,-0.07961734537190601,-0.094650205761317,-0.1198367729254961,-0.09190672153635115,-0.11149627377515703,-0.053497942386831365,-0.07868450955101047,-0.06995884773662564,-0.09514541490080475,-0.08093278463648845,-0.11264920254693611,-0.08093278463648845,-0.10611935180066756,-0.0480109739368999,-0.054540824683168676,0.0,0.0,-0.12757201646090544,-0.13223619556538313,-0.18518518518518523,-0.1945135433941404,-0.21262002743484232,-0.20702301250946908,-0.15775034293552825,-0.15961601457731933,-0.15775034293552825,-0.16521302950269234,-0.11111111111111127,-0.12883499170812607,-0.08093278463648845,-0.10611935180066756,-0.1248285322359397,-0.14814942775832773,-0.1248285322359397,-0.14628375611653666,-0.14677640603566533,-0.16823162991626228,-0.14540466392318252,-0.17618824601273464,-0.17969821673525388,-0.2524594107651046,-0.14951989026063106,-0.21201989026063106,-0.32921810699588483,-0.3991807935630489,-0.355281207133059
3202_2010-08-31,3202,2010-08-31,5600000.0,18.0,18.35,19.3,0.049046321525885395,0.02871360433549719,0.054495912806539426,0.03878426770487575,0.054495912806539426,0.04432955421134532,0.054495912806539426,0.03878426770487575,0.08174386920980936,0.06603222410814569,0.10899182561307907,0.08681067958720123,0.06539509536784727,0.04968345026618359,0.027247956403269713,0.030020599656504388,0.013623978201634968,0.02286612237908414,0.013623978201634968,0.0182450502903595,0.0,0.0,-0.019073569482288888,-0.004286138798370143,-0.021798365122615904,-0.014404649780656587,-0.021798365122615904,-0.019949936287126047,-0.008174386920981047,-0.016492316680685293,0.0027247956403269047,-0.012986849461336769,-0.010899182561308063,-0.02476239882748188,-0.013623978201634857,-0.025638765632318816,-0.013623978201634857,-0.025638765632318816,-0.013623978201634857,-0.03488090980976788,-0.019073569482288888,-0.06898114804051436,-0.021798365122615904,-0.07540280135182109,0.03269754768392352,-0.0356943192292003,-0.008174386920981047,-0.05346089339048199,-0.14168937329700282,-0.19252116627297333,-0.019073569482288888
8383_2010-08-31,8383,2010-08-31,20000000.0,23.8,27.0,27.6,0.03518518518518521,0.014852467994797003,0.040740740740740744,0.02502909563907707,0.031481481481481444,0.02131512288628734,0.04814814814814827,0.0324365030464846,0.029629629629629672,0.013917984527965999,0.031481481481481444,0.009300335455603603,0.022222222222222365,0.0065105771205586915,0.0037037037037037646,0.006476346956938439,0.005555555555555536,0.01479769973300471,0.005555555555555536,0.010176627644280067,0.0,0.0,-0.08518518518518525,-0.07039775450126651,-0.08148148148148149,-0.07408776613952217,-0.08333333333333337,-0.08148490449784351,-0.07592592592592595,-0.0842438556856302,-0.07777777777777783,-0.09348942287944151,-0.06666666666666665,-0.08052988293284047,-0.08148148148148149,-0.09349626891216545,-0.0888888888888888,-0.10090367631957275,-0.0888888888888888,-0.11014582049702182,-0.0796296296296296,-0.12953720818785508,-0.08333333333333337,-0.13693776956253856,-0.0444444444444444,-0.11283631135756822,-0.09999999999999998,-0.14528650646950092,-0.1777777777777778,-0.22860957075374833,-0.11851851851851847
6190_2010-09-20,6190,2010-09-20,15100000.0,13.8,16.0,16.65,0.015625,0.050529013961605584,-0.025000000000000022,0.01601221640488648,-0.015625,0.027132417102966766,-0.009375000000000022,0.035127617801047006,-0.0031250000000000444,0.041377617801046984,-0.006249999999999978,0.029526614310645738,-0.018750000000000044,-0.01002399650959862,-0.025000000000000022,-0.019764397905759234,-0.025000000000000022,-0.02412739965095989,-0.012499999999999956,-0.0011561954624781379,0.0,0.0,-0.012499999999999956,-0.011627399650959824,-0.015625,-0.016497600349040242,-0.015625,-0.016497600349040242,-0.015625,-0.010389397905759212,-0.018750000000000044,-0.02224040139616057,-0.03125,-0.03299520069808026,-0.034375000000000044,-0.04310100349040136,-0.034375000000000044,-0.04135580279232132,-0.028124999999999956,-0.03597840314136125,-0.021874999999999978,-0.02972840314136127,-0.021874999999999978,-0.02362020069808024,-0.034375000000000044,-0.01255999127399654,-0.07499999999999996,-0.06627399650959853,-0.0625,-0.0974040139616057,-0.13749999999999996
5505_2010-09-23,5505,2010-09-23,10000000.0,31.6,46.8,43.45,-0.07264957264957261,-0.013364481106416526,-0.02991452991452992,0.01542112832435416,-0.04380341880341876,0.0015322394354653213,-0.05128205128205121,-0.014664788858337108,-0.04807692307692313,-0.038486687680236,-0.008547008547008517,-0.002444131476389444,0.003205128205128416,0.004948807368162389,0.0,0.012205754141238034,-0.01388888888888884,-0.013017049307371797,0.002136752136752129,0.0038804312997861024,0.0,0.0,-0.02564102564102555,-0.02564102564102555,-0.02564102564102555,-0.019538148570406477,-0.026709401709401726,-0.02932492045395263,-0.02777777777777768,-0.02864961735929472,-0.02777777777777768,-0.035624334011430614,-0.028846153846153744,-0.034949030916772816,-0.021367521367521403,-0.028342238019657295,-0.008547008547008517,-0.01552172519914441,-0.012820512820512664,-0.013692352402029706,-0.0064102564102563875,-0.01338497306239228,-0.014957264957264904,-0.025419339935468965,-0.08760683760683752,-0.07714476262863346,0.0010683760683760646,0.006299413557478095,0.03846153846153855,-0.0025149218697604336,-0.32478632478632474
8049_2010-09-28,8049,2010-09-28,15000000.0,15.3,18.4,20.55,-0.032608695652173836,0.026521739130434874,-0.032608695652173836,-0.02043478260869558,-0.021739130434782483,-0.01304347826086949,0.04619565217391308,0.05054347826086958,0.07336956521739135,0.08815217391304353,0.048913043478260976,0.05239130434782624,0.02717391304347827,0.03152173913043477,0.010869565217391353,0.013478260869565273,0.013586956521739024,0.016195652173912944,-0.010869565217391242,-0.0021739130434782483,0.0,0.0,-0.016304347826086807,-0.01456521739130412,0.0,-0.00521739130434784,-0.0190217391304347,-0.022500000000000075,-0.0190217391304347,-0.023369565217391197,-0.024456521739130377,-0.028804347826086873,-0.032608695652173836,-0.03086956521739115,-0.029891304347825942,-0.03423913043478244,-0.008152173913043348,-0.01597826086956522,0.008152173913043681,0.0064130434782609935,-0.016304347826086807,-0.00673913043478247,-0.048913043478260754,-0.026304347826086927,-0.11956521739130432,-0.0995652173913043,-0.2499999999999999,-0.25347826086956526,-0.17663043478260865,-0.22097826086956518,-0.16847826086956508
3630_2010-10-06,3630,2010-10-06,7000000.0,115.0,140.0,153.0,0.09642857142857153,0.14085365853658538,0.014285714285714235,0.015156794425086995,-0.0071428571428571175,-0.006271777003484358,0.021428571428571352,0.028397212543553874,0.05714285714285716,0.05540069686411142,0.07499999999999996,0.07499999999999996,0.06785714285714284,0.06088850174216032,0.0714285714285714,0.0662020905923344,0.03571428571428581,0.029616724738676048,0.021428571428571352,0.015331010452961591,0.0,0.0,0.010714285714285676,0.004616724738675915,-0.0035714285714285587,-0.01315331010452958,-0.0071428571428571175,-0.010627177700348378,-0.025000000000000022,-0.01716027874564474,-0.06785714285714284,-0.046951219512195164,-0.0892857142857143,-0.07447735191637628,-0.08214285714285718,-0.08301393728223017,-0.12142857142857144,-0.12055749128919868,-0.13214285714285712,-0.11123693379790944,-0.13214285714285712,-0.10862369337979094,-0.0714285714285714,-0.059233449477351985,0.05714285714285716,0.06933797909407657,0.1499999999999999,0.1656794425087107,0.08214285714285707,0.02813588850174198,-0.1785714285714286
9946_2010-10-07,9946,2010-10-07,30000000.0,14.0,18.4,16.7,0.048913043478260976,0.10086109542631294,0.048913043478260976,0.05583945040466787,0.0652173913043479,0.07820440429136089,0.021739130434782705,0.026068134763787,0.021739130434782705,0.027799736495388805,0.005434782608695787,0.004568981742894884,-0.021739130434782483,-0.02087332956898169,-0.021739130434782483,-0.021739130434782483,-0.021739130434782483,-0.021739130434782483,-0.021739130434782483,-0.015678524374176384,0.0,0.0,-0.021739130434782483,-0.025202333897986096,-0.04619565217391297,-0.04359824957651037,-0.021739130434782483,-0.0078863165819687,0.0,0.026839826839826775,0.005434782608695787,0.026214003387916573,-0.010869565217391242,-0.005674760022586045,-0.032608695652173836,-0.025682288725766944,-0.048913043478260754,-0.02207321663843398,-0.06521739130434778,-0.0357801618671183,-0.05706521739130421,-0.038883399209486025,-0.05706521739130421,-0.03974920007528693,-0.11956521739130432,-0.10744400527009212,-0.059782608695652106,-0.03986918878223222,0.19565217391304368,0.1428383210991908,-0.23913043478260865
8935_2010-10-25,8935,2010-10-25,50000000.0,10.0,10.65,11.6,0.136150234741784,0.12914498080132875,0.07042253521126751,0.07304950543893829,0.04225352112676051,0.05801534249278495,0.028169014084507005,0.03780123825263315,0.014084507042253502,0.007954909844354985,0.018779342723004522,0.01440105901021993,-0.0046948356807512415,0.0110669856852732,-0.032863849765258135,-0.014475058171562805,-0.014084507042253502,-0.007079253101798133,-0.014084507042253502,-0.007954909844355096,0.0,0.0,0.004694835680751019,0.022207970531889387,0.07042253521126751,0.08355738634962129,0.032863849765258246,0.05125264135895358,0.028169014084507005,0.03867689499519,0.032863849765258246,0.05212829810151043,0.018779342723004522,0.024033283178346077,0.07042253521126751,0.07567647566660907,0.004694835680751019,0.011700089621206389,-0.014084507042253502,-0.01320885029969654,-0.0046948356807512415,-0.014327059848877388,-0.014084507042253502,-0.021965417725265723,-0.05164319248826299,-0.05602147620104758,-0.04225352112676062,-0.0781554475715941,0.06103286384976525,-0.004641391842003628,-0.06103286384976525
3490_2010-10-28,3490,2010-10-28,4800000.0,38.0,40.75,43.6,0.05766871165644183,0.02823070987232046,0.024539877300613577,-0.00043782118288349103,0.020858895705521574,-0.0023346814577256403,-0.011042944785276121,-0.013719126765650791,-0.011042944785276121,-0.011042944785276121,0.006134969325153339,-0.005461819256470379,0.008588957055214674,-0.00389989218653386,0.008588957055214674,-0.010144316807408016,0.008588957055214674,0.007696896395089636,0.0036809815950920033,-0.0016713823656573368,0.0,0.0,-0.006134969325153339,-0.014163515266277349,-0.013496932515337345,-0.01260487185521253,-0.020858895705521463,-0.03423980560739481,-0.03312883435582825,-0.0465097442577016,-0.05521472392638038,-0.0668115125080041,-0.03926380368098159,-0.057105016883479465,-0.03803680981595081,-0.06658275093994737,-0.05766871165644172,-0.08443053146018842,-0.047852760736196376,-0.07729076252031775,-0.049079754601227044,-0.0776256957252236,-0.052760736196318936,-0.07863049533994082,-0.05644171779141094,-0.07517499165403363,0.031901840490797584,-0.03321858769831931,0.08466257668711674,-0.015248217246870865,-0.06748466257668717
6151_2010-11-05,6151,2010-11-05,5250000.0,36.5,52.3,41.95,-0.1395793499043977,-0.1492200159867817,-0.053537284894837445,-0.05441370908414522,0.01147227533460815,0.028124334931452943,0.005736137667304186,0.018006076317610864,-0.003824091778202643,0.013704392007949817,0.02294455066921608,0.032585216751599866,0.021032504780114758,0.039437412755574885,0.01147227533460815,0.015854396281146266,-0.0019120458891012104,0.0024700750574369046,-0.0248565965583174,-0.018721627233164173,0.0,0.0,-0.02294455066921597,-0.03346164094090753,-0.017208413001912004,-0.025972654894988234,-0.011472275334607929,-0.02286578979560705,-0.005736137667303964,-0.01625322793899553,0.02294455066921608,0.015056732965447406,0.08030592734225617,0.09257586599256284,0.0745697896749522,0.09034542508248944,0.05162523900573612,0.056883784141581795,0.05353728489483767,0.06317795097722145,0.08795411089866167,0.09584192860243024,0.08030592734225617,0.08731732085671717,0.11854684512428304,0.08436630174128568,0.6883365200764819,0.6331217961501014,0.3403441682600381,0.23604968973243068,-0.30210325047801145
3552_2010-11-08,3552,2010-11-08,1750000.0,110.0,144.5,125.0,-0.05190311418685123,-0.03976087654591465,0.05882352941176472,0.08570991275955309,0.12456747404844282,0.14711734395303944,0.10726643598615926,0.13502012202258595,0.09688581314878886,0.1168337749874705,0.08304498269896188,0.1116659714240269,0.0726643598615917,0.08740850556844337,0.0,0.014744145706851675,-0.03114186851211076,-0.01466311742798243,-0.01730103806228378,-0.006893405798623742,0.0,0.0,-0.04152249134948094,-0.039787885972204284,-0.02422145328719727,-0.025088755975835597,-0.03806228373702425,-0.03806228373702425,-0.04498269896193774,-0.04238079089602276,-0.0726643598615917,-0.05011448995699508,-0.10380622837370246,-0.07778714771455242,-0.10380622837370246,-0.08819477997821246,-0.09688581314878897,-0.07693785131010733,-0.08996539792387548,-0.0717520414624705,-0.0726643598615917,-0.05531830608882504,-0.05882352941176472,-0.053619713279934755,-0.08650519031141868,-0.11252427097056872,-0.02422145328719727,-0.06325007427592244,-0.1557093425605537,-0.24157230873574898,-0.23875432525951557
4102_2010-11-24,4102,2010-11-24,4000000.0,57.0,85.9,68.9,-0.1536670547147847,-0.13872856613833473,-0.019790454016298087,-0.032971473348459845,-0.016298020954598424,-0.026842836420327698,-0.019790454016298087,-0.010124373172712864,-0.0454016298020955,-0.03222061046993385,-0.057043073341094375,-0.05440686947466211,-0.03259604190919685,-0.025566164932044,-0.00465657741559955,0.000615830317265087,-0.020954598370198085,-0.0165609252594775,-0.011641443538998875,-0.019550055138295885,0.0,0.0,-0.033760186263096736,-0.032881451640952686,-0.05005820721769516,-0.053573145706271585,-0.07101280558789302,-0.06925533634360481,-0.033760186263096736,-0.033760186263096736,-0.057043073341094375,-0.0605580118296708,-0.033760186263096736,-0.05309234795026718,-0.060535506402793926,-0.08777627968926138,-0.07799767171129224,-0.11490452584134503,-0.08498253783469167,-0.12452559583117673,-0.08498253783469167,-0.12364686120903257,-0.11990686845168819,-0.15857119182602908,-0.0814901047729919,-0.13685038596807098,-0.12107101280558796,-0.18082496711138762,-0.2689173457508732,-0.305824199880926,-0.33643771827706637
5213_2010-11-24,5213,2010-11-24,10000000.0,25.0,34.8,32.35,-0.05890804597701138,-0.04396955740056141,-0.01724137931034464,-0.0304223986425064,-0.01724137931034464,-0.027786194776073914,-0.02298850574712641,-0.013322424903541186,-0.051724137931034364,-0.038543118598872717,-0.02298850574712641,-0.020352301880694146,0.0,0.007029876977152849,-0.02155172413793105,-0.016279316405066413,-0.02155172413793105,-0.017158051027210464,-0.002873563218390607,-0.010782174817687618,0.0,0.0,-0.011494252873563204,-0.010615518251419154,-0.02298850574712641,-0.026503444235702833,-0.0344827586206895,-0.03272528937640129,-0.01867816091954022,-0.01867816091954022,-0.008620689655172376,-0.0121356281437488,0.007183908045977017,-0.01214825364119343,0.008620689655172598,-0.01862008363129486,0.0,-0.03690685413005279,-0.001436781609195359,-0.04097983960568041,0.031609195402298784,-0.007055127972042108,0.034482758620689724,-0.004181564753651168,0.07758620689655182,0.02222592570147275,0.16379310344827602,0.10403914914247636,0.10344827586206895,0.06654142173201616,-0.2816091954022988
5014_2010-12-01,5014,2010-12-01,30000000.0,10.0,10.6,11.35,0.014150943396226356,0.021156197336681726,0.02358490566037741,0.03409278657106041,0.018867924528301883,0.027624491953871066,0.02358490566037741,0.03146581634338974,0.018867924528301883,0.01448964081551729,0.00943396226415083,0.01293658923437857,-0.004716981132075415,-0.0003386974192908232,0.00943396226415083,0.00943396226415083,0.004716981132075526,0.009970921587417081,-0.004716981132075415,-0.001214354161847675,0.0,0.0,-0.01886792452830177,-0.034629745894326214,-0.01886792452830177,-0.04251065657733866,-0.01886792452830177,-0.05214288074546458,-0.01886792452830177,-0.05476985097313525,-0.009433962264150941,-0.04446023196642768,0.0,-0.035026269702276736,0.00943396226415083,-0.036100188348809015,-0.004716981132075415,-0.04324587780457978,-0.014150943396226467,-0.05530681029640172,-0.014150943396226467,-0.05267984006873083,0.00943396226415083,-0.03434887486369509,0.061320754716981174,0.0017760962231108124,0.037735849056603765,-0.032316690347949706,0.08490566037735858,0.022734031655817555,-0.05660377358490565
5480_2010-12-06,5480,2010-12-06,15000000.0,16.0,21.3,22.6,-0.107981220657277,-0.08340494947083632,-0.09859154929577474,-0.07062544760085954,-0.10093896713615036,-0.06534574679716731,-0.11502347417840375,-0.07858279621230213,-0.068075117370892,-0.03587172754038359,-0.07746478873239449,-0.04017665313917407,-0.07511737089201886,-0.03952415055303582,-0.011737089201877882,0.02046630062863053,-0.0023474178403756207,0.014601734701997215,-0.0046948356807512415,0.004627198217553752,0.0,0.0,-0.028169014084507116,-0.030711386965862952,-0.016431924882629123,-0.018126840136866496,-0.023474178403755874,-0.025169093657993247,-0.0046948356807512415,-0.016559242460412404,0.0539906103286385,0.048905864565926604,0.04694835680751175,0.039321238163443795,0.032863849765258246,0.02777910400254635,-0.009389671361502261,-0.01955916288692605,-0.009389671361502261,-0.021254078141163424,-0.018779342723004744,-0.039118325773852325,-0.018779342723004744,-0.03403358001114021,-0.08920187793427237,-0.130727301663086,-0.0821596244131455,-0.11351555661653534,-0.17136150234741798,-0.19170048539826556,-0.24882629107981225
6246_2010-12-09,6246,2010-12-09,20000000.0,16.5,21.9,23.3,-0.12328767123287665,-0.09621491319565156,-0.12100456621004563,-0.0871636186635143,-0.06164383561643827,-0.02272674593792723,-0.07534246575342463,-0.03811742345224012,-0.022831050228310557,0.011009897318220774,0.027397260273972712,0.04600978142456491,0.04566210045662111,0.0566604084092438,0.029680365296803846,0.03137241267413049,-0.013698630136986134,-0.01454465382564929,-0.029680365296803624,-0.029680365296803624,0.0,0.0,-0.029680365296803624,-0.039832649560763045,0.009132420091324311,0.005748325336671245,0.07534246575342474,0.06942029993278176,0.03424657534246567,0.030862480587812602,0.004566210045662267,-0.0038940268409706214,0.06849315068493156,0.05834086642097214,0.08675799086757996,0.06814546971698765,0.05251141552511429,0.0389750365065018,0.06849315068493156,0.05241870060032916,0.054794520547945424,0.038720070463343026,0.06392694063926951,0.04108430104536076,-0.059360730593607136,-0.07797325174419945,-0.0022831050228309113,-0.045430313144658285,0.48401826484018273,0.48909440697216255,-0.2465753424657534
6803_2010-12-17,6803,2010-12-17,5000000.0,115.8,132.0,117.0,-0.17045454545454541,-0.11936576823511491,-0.04166666666666663,-0.029941373534338234,-0.04166666666666663,-0.03245393634840865,-0.022727272727272707,-0.012677021470991257,-0.022727272727272707,-0.012677021470991257,-0.030303030303030276,-0.030303030303030276,-0.030303030303030276,-0.023602862798842605,-0.02651515151515149,-0.02232754682503424,-0.03409090909090906,-0.02739074158672139,-0.03409090909090906,-0.032415867214862115,0.0,0.0,-0.02651515151515149,-0.034890360895386,-0.018939393939393923,-0.02228947769148759,-0.02651515151515149,-0.03237779808131547,-0.02651515151515149,-0.03237779808131547,-0.011363636363636354,-0.02392645043398811,0.04166666666666674,0.033291457286432236,0.007575757575757569,-0.004987056494594189,-0.022727272727272707,-0.03361504492157752,-0.015151515151515138,-0.028551850159890257,-0.0037878787878787845,-0.022213339424394518,0.0,-0.028475711892797184,-0.05303030303030298,-0.07480584741891261,-0.11363636363636365,-0.1689127455459113,-0.09848484848484851,-0.07670930409623877,-0.1227272727272728
1584_2010-12-20,1584,2010-12-20,9000000.0,23.0,29.95,25.05,-0.08180300500834725,-0.034460812317317346,-0.07846410684474114,-0.061022246379624834,-0.058430717863105164,-0.040158292613935664,-0.05175292153589317,-0.03348049628672367,-0.035058430717863076,-0.026752782877331516,-0.05342237061769606,-0.038472204504739205,-0.06343906510851416,-0.05098059334771676,0.0016694490818029983,0.01661961519475985,0.013355592654424209,0.023322370063062148,-0.018363939899833093,-0.010058292059301532,0.0,0.0,0.06844741235392315,0.07343080105824218,0.11686143572621055,0.11935313007837012,0.10684474123539234,0.1093364355875519,0.10350584307178634,0.09935301915152062,0.13522537562604353,0.13522537562604353,0.21368948247078468,0.20953665855051895,0.21202003338898168,0.20952833903682233,0.13522537562604353,0.13024198692172462,0.1318864774624373,0.12191970005379948,0.1652754590984975,0.14534190428122185,0.1686143572621035,0.14785023766077465,0.058430717863105164,0.047633375670414146,0.12687813021702832,0.08701102058247678,0.025041736227044975,0.0532809388848523,-0.23205342237061766
3489_2010-12-22,3489,2010-12-22,10000000.0,12.0,14.45,12.7,-0.1453287197231834,-0.09203979382809602,0.02076124567474058,0.03658139554984463,-0.00692041522491349,-0.0010919389551383718,-0.02422145328719716,-0.011731861280536049,-0.00692041522491349,0.0030712583804153315,-0.02422145328719716,-0.011731861280536049,-0.04498269896193763,-0.037488943757940985,0.01730103806228378,0.023129514332058898,-0.01730103806228378,-0.01979895646361607,-0.01730103806228378,-0.014803119660951602,0.0,0.0,-0.01730103806228378,-0.01730103806228378,0.04844290657439454,0.04178179083750844,0.08996539792387548,0.08746747952254319,0.03806228373702436,0.03140116800013826,0.006920415224913601,0.0019245784222490236,-0.03114186851211065,-0.03863562371610729,-0.03806228373702414,-0.05055187574368536,-0.05190311418685123,-0.07438437979884116,-0.08650519031141868,-0.1098190953905196,-0.08650519031141868,-0.1073211769891873,-0.10034602076124566,-0.10450921809679947,-0.1349480968858131,-0.16825367557024273,-0.15916955017301027,-0.17249178164678225,-0.19723183391003463,-0.18557488137048428,-0.16955017301038056
3205_2010-12-24,3205,2010-12-24,10000000.0,20.0,29.5,26.35,-0.14745762711864407,-0.0870771473833255,-0.09152542372881356,-0.07250143696289124,-0.10677966101694913,-0.09023706382919061,-0.09322033898305082,-0.0741963522171285,-0.0847457627118644,-0.07068455510226967,-0.08305084745762714,-0.07064389956680828,-0.0847457627118644,-0.08061011341492474,-0.05254237288135599,-0.04344394442808874,0.0,0.006617038875103454,-0.01016949152542379,-0.003552452650320337,0.0,0.0,-0.0847457627118644,-0.08061011341492474,-0.09830508474576272,-0.09830508474576272,-0.1084745762711864,-0.10682031655241053,-0.13559322033898302,-0.13642035019837084,-0.13050847457627124,-0.13629838359198665,-0.13050847457627124,-0.14622394190464183,-0.14067796610169492,-0.15722056328945333,-0.13898305084745766,-0.15304425845705216,-0.14745762711864407,-0.14497623754048017,-0.18644067796610164,-0.18230502866916198,-0.18644067796610164,-0.17320660021589473,-0.20847457627118637,-0.2175730047244535,-0.21016949152542375,-0.1927997644782773,-0.3389830508474576,-0.31913193422214736,-0.3220338983050848
3625_2011-01-05,3625,2011-01-05,17000000.0,16.0,24.5,19.9,-0.1428571428571429,-0.10696807271032405,-0.08775510204081627,-0.06736358491194183,-0.02448979591836742,-0.010623564270732966,-0.006122448979591799,0.011822086093817519,-0.03673469387755102,-0.022868462229916564,-0.06938775510204076,-0.05389020208409634,-0.07346938775510203,-0.06041881679262251,-0.08571428571428574,-0.07755767886273601,-0.0775510204081632,-0.07918234177847328,-0.053061224489796,-0.05550820654526112,0.0,0.0,-0.12244897959183676,-0.1061357658887373,-0.1428571428571429,-0.12491260778373359,-0.14693877551020418,-0.12002197290008998,-0.1489795918367346,-0.12532543196724033,-0.16326530612244894,-0.15592435995605425,-0.15102040816326523,-0.1477577654226454,-0.15102040816326523,-0.14694210473749036,-0.17142857142857137,-0.16653460731764158,-0.19999999999999996,-0.19265905383360526,-0.21632653061224494,-0.21714219129739998,-0.23061224489795917,-0.24284715517528388,-0.30612244897959184,-0.29878150281319715,-0.25306122448979584,-0.21554083297266702,-0.26530612244897955,-0.24491460532010512,-0.34693877551020413
1815_2011-01-06,1815,2011-01-06,26000000.0,26.0,28.35,27.45,0.06701940035273357,0.07696964910895243,0.06878306878306883,0.06629550659401406,0.08289241622574939,0.08455079101845242,0.07760141093474426,0.0751138487456895,0.06172839506172845,0.06089920766537671,0.022927689594356204,0.019610940008949918,0.04761904761904745,0.03932717365553162,0.05467372134038784,0.03643159862065315,0.007054673721340388,-0.012016636394746039,0.015873015873015817,-0.000710732054015617,0.0,0.0,0.014109347442680775,0.015767722235383808,-0.0017636684303351524,0.009015767722235335,-0.01940035273368612,-0.011937666166522032,-0.003527336860670194,-0.012648398220537538,0.01058201058201047,-0.0026849877596148986,0.0335097001763669,0.021071889231093266,0.0564373897707231,0.044828766221800986,0.07054673721340388,0.06142567585353653,0.051146384479717755,0.03373344915633458,0.05467372134038784,0.025652162468082773,0.08641975308641969,0.0640316933849272,0.040564373897707284,0.0637816209955514,0.1358024691358024,0.14906946747742755,0.10229276895943551,0.10063439416673226,-0.08289241622574961
1784_2011-01-21,1784,2011-01-21,4000000.0,53.0,60.1,72.3,0.1797004991680533,0.20322036940325194,0.04492512479201327,0.07736632511642527,0.03161397670549082,0.06081105699746159,0.03660565723793674,0.04958213736770145,0.03494176372712143,0.043863093816334686,0.05823627287853572,0.06796863297585931,0.03494176372712143,0.04548515383255536,0.01830282861896837,0.03127930874873308,0.019966722129783676,0.02483290217844547,-0.009983361064891838,-0.016471601129774305,0.0,0.0,-0.009983361064891838,0.0005600290405420871,-0.01830282861896837,-0.0069484085054242195,-0.04159733777038266,-0.038353217737941536,-0.03494176372712143,-0.040618973783893564,-0.0266222961730449,-0.039598776302809835,-0.03494176372712143,-0.05683957394609962,-0.05990016638935114,-0.07530973654344686,0.004991680532445919,-0.0006855295243262116,0.0016638935108153063,0.014640373640580018,-0.04492512479201338,-0.0003184743459468953,-0.048252911813643884,-0.011756561448680425,-0.06489184692179695,-0.03731682664604685,-0.08985024958402654,-0.022534758910871644,0.01331114808652245,0.005200848005419534,-0.11813643926788686
3455_2011-04-21,3455,2011-04-21,8000000.0,50.0,64.6,71.8,0.11609907120743035,0.14760819226879018,0.0866873065015481,0.07010355857451667,0.0727554179566563,0.05948841961503093,0.06037151702786381,0.04710451868623844,0.05727554179566563,0.061421478777423544,0.06501547987616108,0.06335710508345782,0.06811145510835925,0.06728226771200752,0.05417956656346745,0.06495900271603794,-0.018575851393188736,-0.006138040447915105,-0.04024767801857576,-0.022005555298841184,0.0,0.0,-0.021671826625386914,-0.04488907372323114,-0.020123839009287936,-0.04168271131442891,-0.020123839009287936,-0.03919514912537436,-0.023219814241486003,-0.038145187375814404,-0.01238390092879249,-0.04306383459380081,-0.03250773993808043,-0.06318767360308875,-0.08513931888544879,-0.11333169036140234,-0.1207430340557275,-0.15142296772073582,-0.0603715170278637,-0.08524713891841096,0.004643962848297489,-0.027694345609414084,-0.001547987616098978,-0.02891117169570101,0.06656346749226016,0.053296469150634795,0.01702786377708998,-0.014481257284270077,-0.10371517027863775,-0.08215629797349688,-0.22600619195046434
8390_2011-04-21,8390,2011-04-21,7353000.0,34.0,43.15,42.5,-0.0961761297798377,-0.06466700871847786,-0.035921205098493614,-0.05250495302552505,-0.042873696407879525,-0.056140694749504894,-0.042873696407879525,-0.056140694749504894,-0.049826187717265324,-0.04568025073550741,-0.05446118192352267,-0.05611955671622593,-0.05446118192352267,-0.05529036931987441,0.0,0.010779436152570487,-0.015063731170335992,-0.0026259202250623614,-0.011587485515643148,0.006654637204091429,0.0,0.0,-0.0034762456546928444,-0.026693492752537074,0.015063731170336103,-0.0064951411348048715,0.004634994206257348,-0.014436315909829078,0.0011587485515645035,-0.013766624582763898,-0.0034762456546928444,-0.03415617931970116,-0.01969872537659334,-0.05037865904160166,-0.008111239860950192,-0.03630361133690374,-0.023174971031286185,-0.0538549046962945,0.01274623406720754,-0.012129387823339721,0.03823870220162218,0.0059003937439106036,0.03823870220162218,0.010875518122020145,0.015063731170336103,0.0017967328287107343,0.03244495944380077,0.0009358383824407124,0.1541135573580532,0.17567242966319407,-0.21205098493626884
9946_2011-05-31,9946,2011-05-31,60000000.0,13.0,18.4,18.55,-0.016304347826086807,-0.043577075098814144,-0.03804347826086951,-0.050440172475745615,-0.04619565217391297,-0.06437747035573127,-0.048913043478260754,-0.05800395256916979,-0.048913043478260754,-0.0588303988501615,-0.06521739130434778,-0.06273805246137265,-0.08152173913043481,-0.0806952928494431,-0.07608695652173902,-0.07195472511678036,-0.021739130434782483,-0.02752425440172468,0.016304347826086918,0.014651455264103497,0.0,0.0,-0.13043478260869557,-0.15522817103844755,-0.13858695652173914,-0.16916546891843331,-0.1440217391304347,-0.16716223499820326,-0.13586956521739124,-0.1639687387711103,-0.13586956521739124,-0.1639687387711103,-0.13858695652173914,-0.16338034495149112,-0.15489130434782594,-0.17968469277757793,-0.17391304347826086,-0.17473948975925258,-0.1440217391304347,-0.1316250449155587,-0.15489130434782594,-0.15902353575278472,-0.15760869565217384,-0.15760869565217384,-0.2282608695652174,-0.19768235716852312,0.13858695652173925,0.16833902263744172,-0.06793478260869568,0.06264372978799848,-0.2934782608695652
3615_2011-06-08,3615,2011-06-08,6000000.0,112.0,167.0,143.0,-0.14970059880239517,-0.15130831584419568,-0.218562874251497,-0.19042782601998576,-0.16467065868263475,-0.13332017636752214,-0.1706586826347305,-0.14895450257042175,-0.14071856287425155,-0.11499509020544119,-0.1586826347305389,-0.1313514450199279,-0.11676646706586824,-0.11355103298226688,-0.12574850299401197,-0.12816007855671296,-0.08383233532934131,-0.07900918420393932,-0.020958083832335328,-0.020958083832335328,0.0,0.0,-0.14970059880239517,-0.1464851647187938,-0.13173652694610782,-0.12852109286250646,-0.17365269461077848,-0.14712536342106775,-0.1586826347305389,-0.11929356720642315,-0.15568862275449102,-0.13237672564838165,-0.1107784431137725,-0.0834472534031615,-0.13173652694610782,-0.08672044977568971,-0.16467065868263475,-0.1164391474286155,-0.22155688622754488,-0.16367907272272175,-0.17964071856287422,-0.12899763174615386,-0.17365269461077848,-0.12542118335675922,-0.15568862275449102,-0.12996515008568066,-0.23652694610778446,-0.2083918978762732,-0.4011976047904192,-0.27820725109266997,-0.3293413173652695
6175_2011-06-27,6175,2011-06-27,14400000.0,27.0,30.15,33.0,0.0796019900497511,0.03836487664768917,0.06467661691542292,0.03804431450992474,0.05306799336650081,0.009253560376810244,0.05638474295190732,0.016865842608264847,0.0016583747927032544,-0.0189601819083276,0.0016583747927032544,-0.015523755791489124,-0.01990049751243772,-0.026773349746114672,-0.02985074626865669,-0.044455557265220214,-0.026533996683250294,-0.04371612726744267,-0.041459369817578806,-0.04919132858046538,0.0,0.0,-0.013266998341625147,-0.006394146107948084,-0.0016583747927030323,0.007791797028602887,-0.00497512437810943,-0.012707083140996,-0.01990049751243772,-0.031068882392162767,-0.0016583747927030323,-0.0274315706689916,-0.016583747927031545,-0.048370689507787445,-0.028192371475953548,-0.05826109999829021,0.028192371475953548,-0.013044741926108383,0.041459369817578695,0.004517789061565081,0.0796019900497511,0.0478150484689952,0.06799336650082943,0.043079277153750484,0.08457711442786087,0.04677642714263763,0.06799336650082943,0.14874938024653395,-0.03316749585406298,0.04930673095006077,-0.10447761194029848
5505_2011-06-28,5505,2011-06-28,20000000.0,32.3,48.35,41.2,-0.12306101344364018,-0.16977381621180643,0.03205791106514999,-0.018980151218586983,0.013443640124095158,-0.03326916264407109,0.011375387797311287,-0.016306273102342672,0.015511892450879028,-0.008709560836318353,-0.048603929679420954,-0.062444760129247934,-0.048603929679420954,-0.07023022725727568,0.0010341261633919352,-0.023187327123805446,0.009307135470527417,-0.0053987468824137075,0.009307135470527417,0.002386720245613816,0.0,0.0,-0.048603929679420954,-0.04600877397007841,-0.04963805584281278,-0.0643439381957539,-0.04343329886246128,-0.0615993888278592,-0.04653567735263697,-0.07940764967097624,-0.0413650465356773,-0.0802923821758158,-0.06928645294725955,-0.10648368478116976,-0.07859358841778707,-0.12703649499218161,-0.07445708376421922,-0.11857473082304282,-0.0734229576008274,-0.1123502932409659,-0.06308169596690805,-0.09508861638213295,-0.07549120992761116,-0.09106214418366665,-0.07445708376421922,-0.13328061317598394,-0.17269906928645296,-0.08965408658749108,-0.24301964839710444,-0.17035528853551285,-0.33195449844881086
4729_2011-07-04,4729,2011-07-04,17500000.0,39.0,50.3,45.5,-0.04970178926441349,-0.09157783616558601,-0.060636182902584435,-0.04221072226606848,-0.10139165009940343,-0.0905038779050985,-0.08648111332007946,-0.07810590393984496,-0.08648111332007946,-0.06889317362158698,-0.09741550695825052,-0.072289878817547,-0.045725646123260355,-0.013899850478369169,-0.025844930417495027,0.008493428041466466,-0.030815109343936276,-0.013227169645443793,-0.027833001988071593,-0.01359514604167289,0.0,0.0,-0.0318091451292245,-0.03767179169538848,-0.030815109343936276,-0.03500271403405353,-0.05168986083498994,-0.06676523771941201,-0.045725646123260355,-0.05661341831756517,-0.0656063618290258,-0.07146900839518977,-0.10437375745526845,-0.10353623651724497,-0.166003976143141,-0.149253557382672,-0.14512922465208744,-0.12837880589161843,-0.13916500994035785,-0.12576467493198262,-0.12624254473161023,-0.11786733535137572,-0.13817097415506951,-0.12644568102274112,-0.14512922465208744,-0.15601699684639225,-0.31411530815109345,-0.22868817247270146,-0.6421471172962226,-0.4980935159561891,-0.2246520874751491
3232_2011-07-05,3232,2011-07-05,10000000.0,14.0,16.1,17.0,0.12111801242236009,0.08531451533659817,-0.015527950310559091,0.0011248390316557222,0.0,0.014154870940882525,-0.006211180124223725,0.01710272495487697,-0.0031055900621118626,0.027702070220985475,0.006211180124223503,0.04367995614420683,-0.006211180124223725,0.03375551429709178,0.0,0.023313905079100694,-0.006211180124223725,0.013772167086434028,-0.006211180124223725,-0.0003827038544486072,0.0,0.0,0.006211180124223503,0.007876459058444918,0.0,-0.00915903413821817,-0.006211180124223725,-0.011207016926888302,0.0,0.0,-0.024844720496894568,-0.018183604760008687,-0.09006211180124224,-0.06758084618925231,-0.15217391304347827,-0.12969264743148834,-0.14596273291925477,-0.12681202517570778,-0.1366459627329193,-0.12249109179203677,-0.13975155279503115,-0.12226612398570569,-0.12422360248447217,-0.10507289474092518,-0.16149068322981375,-0.15316428855870634,-0.2298136645962734,-0.13489276534564898,-0.31677018633540377,-0.16856036118969187,-0.13043478260869568
8096_2011-07-05,8096,2011-07-05,10000000.0,48.0,58.9,61.9,0.1714770797962648,0.1356735827105029,0.08998302207130737,0.10663581141352219,0.09168081494057723,0.10583568588145975,0.0933786078098473,0.116692512888948,0.06621392190152808,0.09702158218462542,0.05942275042444822,0.09689152644443155,0.03735144312393901,0.07731813754525452,-0.02716468590831922,-0.0038507808292185253,-0.04414261460101865,-0.024159267390360895,-0.013582342954159499,-0.007753866684384381,0.0,0.0,-0.011884550084889534,-0.010219271150668119,0.0016977928692700761,-0.007461241268948093,-0.028862478777589073,-0.03385831558025365,-0.032258064516129004,-0.032258064516129004,-0.08319185059422751,-0.07653073485734163,-0.14091680814940577,-0.11843554253741584,-0.15959252971137516,-0.13711126409938523,-0.1604414261460101,-0.1412907184024631,-0.15704584040747027,-0.14289096946658775,-0.17487266553480474,-0.15738723672547927,-0.11714770797962648,-0.09799700023607949,-0.032258064516129004,-0.023931669845021597,-0.03904923599320875,0.05587166325741566,-0.2410865874363327,-0.0928767622906208,-0.18505942275042442
3324_2011-07-11,3324,2011-07-11,7000000.0,18.87,27.3,27.75,0.06043956043956045,0.0654353972422248,-0.003663003663003761,0.03380577235697957,-0.014652014652014711,0.025314679769300796,-0.02564102564102566,-0.002327120561924967,-0.01831501831501836,0.0016683288956393927,0.005494505494505475,0.011322981764280593,-0.010989010989011061,-0.010989010989011061,-0.001831501831501825,-0.0001662228972804103,0.023809523809523725,0.014650489671305555,-0.001831501831501825,-0.006827338634166402,0.0,0.0,-0.04761904761904767,-0.04095793188216179,-0.0567765567765568,-0.034295291164566866,-0.07875457875457881,-0.05627331314258888,-0.11721611721611713,-0.09806540947257014,-0.09157509157509158,-0.07742022063420906,-0.10989010989010983,-0.09240468108078437,-0.1282051282051282,-0.1090544204615812,-0.11538461538461542,-0.12204573112150152,-0.10989010989010983,-0.119049144028328,-0.07326007326007322,-0.08908022313517727,-0.06593406593406592,-0.07176254220384104,0.0567765567765568,0.16585232696806385,0.012820512820512775,0.15520186169644945,0.034798534798534675,0.18966947568113246,-0.3087912087912088
6603_2011-07-11,6603,2011-07-11,16500000.0,16.5,19.4,20.5,0.05154639175257736,0.056542228555241714,-0.03865979381443296,-0.0011910177944496336,-0.020618556701030855,0.019348137720284653,-0.0077319587628865705,0.015581946316214124,-0.010309278350515427,0.009674068860142326,-0.005154639175257603,0.0006738370945175154,-0.005154639175257603,-0.005154639175257603,-0.010309278350515427,-0.008643999416294013,-0.02577319587628868,-0.03493223001450685,-0.02577319587628868,-0.030769032678953256,0.0,0.0,-0.020618556701030855,-0.013957440964144974,-0.046391752577319534,-0.023910486965329603,-0.05154639175257736,-0.029065126140587427,-0.07731958762886604,-0.05816887988531905,-0.061855670103092786,-0.04770079916221026,-0.04123711340206171,-0.023751684592736244,-0.05670103092783496,-0.03755032318428797,-0.05154639175257736,-0.05820750748946346,-0.05670103092783496,-0.06586006506605313,-0.046391752577319534,-0.062211902452423584,-0.061855670103092786,-0.0676841463728679,-0.14948453608247414,-0.04040876589096709,-0.13144329896907203,0.010938049906864644,-0.2371134020618556,-0.08224246117925782,-0.14948453608247414
5213_2011-07-27,5213,2011-07-27,20000000.0,31.0,44.2,39.7,-0.09502262443438925,-0.053355957767722506,-0.044117647058823595,-0.0032679738562092497,-0.06108597285067874,-0.02350427350427342,-0.03506787330316752,-0.00238813474107602,-0.014705882352941346,0.0212418300653594,-0.02714932126696834,0.010432378079436977,-0.02714932126696834,-0.01489441930618407,-0.02714932126696834,-0.017345399698340813,-0.03054298642533937,-0.02727501256913012,-0.022624434389140302,-0.009552538964303636,0.0,0.0,-0.022624434389140302,-0.025075414781297156,-0.02488687782805432,-0.01916792357968833,-0.03167420814479649,-0.010432378079436977,-0.0328054298642535,-0.01891654097536455,-0.044117647058823595,-0.017156862745097978,-0.05429864253393679,-0.011814982403217766,-0.07013574660633481,-0.015397184514831519,-0.13348416289592768,-0.023190045248868918,-0.17420814479638014,-0.04839115133232785,-0.15158371040723984,-0.017596782302664593,-0.10746606334841624,0.008547008547008628,-0.13009049773755654,0.010432378079436977,-0.1606334841628959,-0.0356334841628958,-0.4513574660633485,-0.30021367521367526,-0.29864253393665163
8255_2011-08-02,8255,2011-08-02,5949110.0,80.0,118.5,124.0,0.029535864978903037,0.03616386829290463,-0.0675105485232067,-0.043484036509950696,-0.04219409282700426,-0.04385109365550466,-0.03375527426160341,-0.037897776332854516,-0.03375527426160341,-0.04452577964685611,-0.03797468354430378,-0.038803183958553866,-0.04641350210970463,-0.06049800915195813,-0.03797468354430378,-0.05454469182930799,-0.05063291139240511,-0.058917915534907106,-0.05485232067510548,-0.047395816946853575,0.0,0.0,-0.1561181434599156,-0.14286213683191218,-0.189873417721519,-0.1608759032227618,-0.189873417721519,-0.1484483970090087,-0.229535864978903,-0.13177281609737856,-0.2573839662447257,-0.14387940949244726,-0.2742616033755274,-0.15247204248074697,-0.27932489451476783,-0.1757623427334919,-0.2911392405063291,-0.18757668872505318,-0.28270042194092826,-0.17002436560290002,-0.28691983122362874,-0.1916422835848549,-0.27763713080168784,-0.178217081091663,-0.29620253164556953,-0.1942969806927941,-0.3578059071729959,-0.21281833467920963,-0.25316455696202533,-0.1189474898534918,-0.3248945147679325
6609_2011-08-04,6609,2011-08-04,10000000.0,20.0,23.0,20.6,-0.09130434782608698,-0.12116782905475587,-0.06739130434782614,-0.10152099718059071,-0.07173913043478253,-0.11269476183409988,-0.06956521739130439,-0.10028194094079246,-0.06304347826086953,-0.10741207894346338,-0.04565217391304355,-0.09258050155809472,-0.026086956521739202,-0.06448286095859923,-0.030434782608695587,-0.05261908294999251,-0.026086956521739202,-0.05595043775040809,-0.02826086956521734,-0.04447247366078044,0.0,0.0,-0.021739130434782594,-0.008940495622495881,-0.08913043478260874,-0.01831132215462239,-0.12173913043478268,-0.03470841371123312,-0.08695652173913049,0.008606618192610105,-0.08913043478260874,-0.012338625908888567,-0.10434782608695647,-0.027556017213236306,-0.09782608695652173,-0.011648612553791238,-0.11304347826086958,-0.04478409259534055,-0.11521739130434772,-0.04269179403472312,-0.12826086956521732,-0.04890933372903983,-0.13695652173913042,-0.04054013948657076,-0.10869565217391308,-0.04982193203739427,-0.07826086956521738,-0.0014690606914972149,-0.14782608695652166,-0.03861106989167529,-0.13043478260869568
8240_2011-08-17,8240,2011-08-17,12500000.0,53.0,57.7,78.1,0.17677642980935881,0.06454091922978189,0.12478336221837094,0.046586490093255994,0.10918544194107449,0.04478801783803865,0.032928942807625594,0.031089016404681757,-0.03812824956672445,-0.022488875141701392,-0.07279029462738307,-0.047951288187640606,-0.01906412478336228,-0.014464308776002577,-0.03812824956672445,-0.033528433559364745,-0.03466204506065862,-0.019942633837107482,-0.022530329289428108,-0.02713014529678781,0.0,0.0,0.005199306759098743,0.0125590123708742,-0.03466204506065862,-0.00890307541944424,-0.10051993067590992,-0.04072232258023378,-0.12478336221837094,-0.07234545973447026,-0.08318890814558066,-0.06386968091466982,-0.07972270363951472,-0.047523991587996806,-0.0866551126516465,-0.04985658459276887,-0.09532062391681106,-0.07140158067854052,-0.07625649913344901,-0.06613690391725757,-0.05892547660311964,-0.05616558699870389,-0.05372616984402079,-0.05740602264990846,-0.045060658578856216,-0.017461762534698,-0.16984402079722705,-0.11924604471627032,-0.11785095320623928,-0.05437349230467525,-0.08145580589254775
4138_2011-08-23,4138,2011-08-23,3500000.0,130.0,130.0,156.5,0.16153846153846163,-0.02681105302464526,0.03846153846153855,0.00933532486930555,0.07692307692307687,0.026437640029872922,0.03846153846153855,-0.012023898431665403,0.023076923076922995,-0.01672890216579548,0.04615384615384621,-0.014040328603435404,0.05384615384615388,-0.0014936519790889058,0.0692307692307692,0.021657953696788468,0.03846153846153855,0.010306198655713139,0.0,0.007766990291262155,0.0,0.0,0.007692307692307665,-0.027259148618371976,0.0,-0.021359223300970953,-0.007692307692307665,-0.024197162061239785,-0.06538461538461537,-0.09548170276325618,-0.07692307692307687,-0.12158327109783418,-0.04230769230769227,-0.09473487677371184,-0.05384615384615388,-0.11306945481702768,-0.05384615384615388,-0.12471994025392075,-0.05384615384615388,-0.12471994025392075,-0.05384615384615388,-0.09462285287528016,-0.06538461538461537,-0.08577296489917852,-0.10384615384615381,-0.1446228528752801,-0.3646153846153847,-0.3403435399551905,-0.2415384615384616,-0.23862584017923827,0.0
5483_2011-08-23,5483,2011-08-23,20000000.0,56.0,58.0,86.1,0.47931034482758617,0.2909608302644793,0.0431034482758621,0.013977234683629103,0.11551724137931041,0.06503180448610646,0.193103448275862,0.14261801138265806,0.18965517241379315,0.14984934717107468,0.20517241379310347,0.14497823903582185,0.23793103448275854,0.18259122865751576,0.17241379310344818,0.12484097756946744,0.09137931034482749,0.06322397053900208,0.01551724137931032,0.023284231670572475,0.0,0.0,0.06896551724137923,0.034014060930699586,0.06896551724137923,0.04760629394040827,0.02758620689655178,0.011081352527619659,0.02758620689655178,-0.0025108804820890285,0.09310344827586214,0.04844325410110484,0.0862068965517242,0.03377971208570463,0.1103448275862069,0.05112152661533309,0.11206896551724133,0.041195179109474456,0.1206896551724137,0.04981586876464683,0.10517241379310338,0.0643957147639771,0.06034482758620685,0.03995647807164371,0.022413793103448265,-0.01836290592567802,-0.13793103448275867,-0.11365918982256451,-0.23275862068965514,-0.22984599933043182,-0.03448275862068961
3268_2011-09-01,3268,2011-09-01,12000000.0,11.5,13.1,16.0,0.2137404580152673,0.15324549926182995,0.03435114503816794,0.06368203413074347,-0.03053435114503822,0.032710378460827916,-0.041984732824427384,0.013927274508294785,-0.007633587786259555,0.015281169317315157,0.03053435114503822,0.06628137222661468,-0.007633587786259555,0.03269638471603187,0.0,0.027497708524289677,-0.003816793893129722,0.009932060369015061,0.0,0.006416131989000817,0.0,0.0,-0.007633587786259555,-0.018632671195975337,-0.01908396946564883,-0.030083052875364613,-0.041984732824427384,-0.024569517425710674,-0.05343511450381677,-0.016771503138097277,-0.03816793893129766,-0.019836133248437915,-0.04580152671755722,-0.03021949188712647,-0.041984732824427384,-0.03465201055128353,-0.04580152671755722,-0.010971095920123686,-0.11068702290076327,-0.05660819613632706,-0.08778625954198471,-0.05662218988112322,-0.09541984732824427,-0.08717053477095749,-0.20610687022900753,-0.15294463374871425,-0.1832061068702291,-0.15662498863008256,-0.3595419847328244,-0.24478488115812236,-0.12213740458015265
3388_2011-09-06,3388,2011-09-06,6320000.0,60.0,68.5,77.7,-0.051094890510948954,-0.03990086066020271,0.013138686131386912,0.018735701056760146,-0.0014598540145984717,0.017196862403311974,-0.020437956204379604,0.002882939318008426,-0.011678832116788329,-0.0014176380869375116,0.014598540145985384,0.01086719686240345,0.029197080291970767,0.018003050441224522,0.021897810218978186,0.00417392962196339,0.021897810218978186,-0.007020100228782855,0.01897810218978102,-0.00993980825798002,0.0,0.0,-0.007299270072992692,0.012290282165813404,-0.01897810218978102,-0.01804526636888537,0.0,-0.001865671641791078,0.004379562043795637,-0.005881631986055069,-0.010218978102189857,0.007504902494825161,-0.040875912408759096,-0.003562479572938204,-0.04233576642335779,-0.028343229109924928,-0.02481751824817524,-0.03414587645713041,-0.040875912408759096,-0.033413225841594896,-0.04963503649635048,-0.045903693212768326,-0.029197080291970767,-0.029197080291970767,-0.07591240875912408,-0.013412408759124084,-0.07299270072992703,-0.03847777535679264,-0.08467153284671525,-0.023104368667610675,-0.12408759124087587
4429_2011-09-08,4429,2011-09-08,7500000.0,40.0,45.05,50.4,0.047724750277469585,0.03745397530081207,-0.023307436182019914,-0.0008984725965858198,-0.0388457269700333,-0.02950865880943576,0.014428412874583962,0.009759878794285193,-0.0011098779134294245,-0.013248066522206448,0.025527192008879096,0.006853055687684018,0.04661487236404005,0.016736254250127702,0.047724750277469585,0.017846132163557238,0.031076581576026774,0.03014287475996702,0.01775804661487257,0.03643218293606776,0.0,0.0,-0.007769145394006527,-0.01057026584218601,-0.031076581576026663,-0.04228106336874371,-0.0455049944506104,-0.028698271761534833,-0.04661487236403983,-0.010200306537709425,-0.0388457269700333,-0.025773831545196746,-0.013318534961154094,-0.02358930993781161,-0.0388457269700333,-0.032309779257615134,-0.023307436182019914,-0.020506315733840652,-0.03440621531631516,-0.03533992213237491,-0.03440621531631516,-0.007328717650582295,-0.03662597114317423,0.023131265084650132,-0.10543840177580466,-0.06809012913341439,-0.09211986681465034,-0.0930535736307101,-0.15649278579356263,-0.08385039550411355,-0.11209766925638176
5355_2011-09-27,5355,2011-09-27,11538461.0,10.0,9.6,10.0,0.11979166666666674,0.028956305758313095,0.140625,0.07310675182481763,0.11979166666666674,0.07356295620437958,0.09375,0.022176601784265948,0.08854166666666674,-0.008376419302514204,0.08333333333333348,0.0046634225466344326,0.06770833333333348,-0.015016727493917026,0.05208333333333326,-0.03469687753446893,0.05208333333333326,-0.004283252230332657,0.04166666666666674,0.020782643957826474,0.0,0.0,0.03645833333333326,0.00036749797242485727,0.04166666666666674,0.0045620437956206406,0.04687500000000022,0.0006462895377130629,0.04062500000000013,-0.006617497972424724,0.029166666666666785,0.009296431467964439,0.02604166666666674,-0.0029526561232764426,0.029166666666666785,0.010310218978102359,0.025000000000000133,-0.014132197891321807,0.02187500000000009,-0.02333992295214915,0.025000000000000133,-0.04961476074614746,0.018750000000000044,-0.05282339821573401,-0.2197916666666666,-0.2771720397404702,-0.14479166666666654,-0.2031858272506083,-0.28437499999999993,-0.2835639699918896,0.04166666666666674
4402_2011-10-19,4402,2011-10-19,15000000.0,10.0,10.15,9.98,-0.0640394088669951,-0.08021448022760413,-0.014778325123152691,0.019474767169901486,-0.014778325123152691,0.0289895150290832,-0.009852216748768461,0.014886127685104,0.014778325123152802,0.033807820841516234,0.054187192118226424,0.04562391904496277,0.04433497536945796,0.03862612665394893,0.034482758620689724,0.029725384691098755,0.029556650246305383,0.031459599818141615,0.029556650246305383,0.019090427601205384,0.0,0.0,0.019704433497536922,0.023510332641209497,0.014778325123152802,0.030001921697843548,0.009852216748768461,0.02126991417978641,0.004926108374384119,-0.015054862129897595,0.004926108374384119,-0.015054862129897595,0.07389162561576357,0.08150342390310894,0.04433497536945796,0.05004382408496699,0.034482758620689724,0.03733718297844424,0.029556650246305383,0.03621697374773247,0.019704433497536922,0.019704433497536922,-0.0049261083743843415,-0.0020716840166298267,-0.015763546798029604,0.009926272421760918,-0.06502463054187191,0.020037215319212764,-0.17635467980295572,-0.1401986379380652,-0.014778325123152691
1788_2011-10-24,1788,2011-10-24,5750000.0,70.0,85.9,78.0,-0.10477299185098954,-0.07397414680767866,-0.09196740395809089,-0.08426769269726309,-0.06984866123399303,-0.09006040329366582,-0.08265424912689179,-0.09997859946375409,-0.06868451688009314,-0.08504640330935187,-0.0547147846332946,-0.06433942370932921,-0.02677532013969741,-0.048911990014577134,-0.03492433061699651,-0.04647389750823805,-0.024447031431897637,-0.03214674269272533,-0.033760186263096736,-0.02991033063268278,0.0,0.0,0.0,-0.031761308950914335,-0.010477299185098987,-0.04223860813601332,-0.012805587892898873,-0.01665544352331272,0.0034924330616996624,-0.0022823503839211057,0.0011641443538998875,-0.007498030814531154,-0.0011641443538999985,-0.005976463891917416,-0.01396973224679865,-0.025519299138040186,-0.030267753201397074,-0.038929928369828115,-0.060535506402793926,-0.05091086732675931,-0.047729918509895275,-0.05446716586311939,-0.0454016298020955,-0.05406380497052654,-0.1641443538998837,-0.1117863173262551,-0.1990686845168802,-0.15498783754864143,-0.23748544819557627,-0.2009118197066445,-0.18509895227008155
3218_2011-10-24,3218,2011-10-24,20000000.0,25.1,27.35,28.6,-0.07129798903107876,-0.04049914398776788,-0.15904936014625237,-0.15134964888542457,-0.1261425959780622,-0.146354338037735,-0.06581352833638032,-0.08313787867324263,-0.001828153564899515,-0.018190039994158247,0.042047531992687404,0.03242289291665279,0.027422303473491727,0.005285633598612005,0.003656307129798808,-0.007893259761442728,0.01279707495429605,0.00509736369346836,0.009140767824497242,0.012990623454911199,0.0,0.0,0.001828153564899404,-0.02993315538601493,0.01645338208409508,-0.015307926866819255,0.01645338208409508,0.012603526453681235,0.034734917733089565,0.028960134287468797,0.018281535648994485,0.009619360480563444,0.02010968921389389,0.015297369675876471,0.014625228519195455,0.0030756616279539184,-0.005484460694698434,-0.014146635863129475,0.03839122486288837,0.04801586393892299,0.10968921389396713,0.10295196654074301,0.12248628884826318,0.11382411367983214,-0.04936014625228524,0.002997890321343344,-0.10420475319926881,-0.06012390623103003,0.02376599634369292,0.06033962483262467,-0.08226691042047529
5536_2011-10-27,5536,2011-10-27,4600000.0,86.5,121.0,122.0,-0.11570247933884292,-0.09652702392177681,-0.004132231404958664,-0.01659627742605163,0.012396694214876103,0.006644057589756169,0.045454545454545414,0.027237862808332514,0.024793388429751984,0.017123206262925628,0.024793388429751984,0.020958297346338695,-0.004132231404958664,0.003537950761867803,-0.04958677685950408,-0.0457516857760909,-0.037190082644628086,-0.06499449299937399,-0.03305785123966942,-0.06086226159441532,0.0,0.0,-0.012396694214875992,-0.014314239756582636,-0.008264462809917328,-0.013058326664183939,-0.024793388429752095,-0.025752161200605417,0.0,-0.007670182166826356,-0.024793388429752095,-0.029587252284018706,-0.04132231404958675,-0.027899495257640572,-0.037190082644628086,-0.04006640095718805,-0.024793388429752095,-0.029587252284018706,-0.04132231404958675,-0.04132231404958675,-0.05371900826446285,-0.054677781035316175,-0.11157024793388426,-0.08088951926657839,-0.2479338842975206,-0.16567118055830687,-0.22975206611570242,-0.1666648177935548,-0.05785123966942152,-0.05113983027344837,-0.2851239669421488
1566_2011-11-03,1566,2011-11-03,6000000.0,12.0,15.45,15.7,-0.06148867313915851,-0.020458138788013502,-0.0744336569579287,-0.06202907680525693,-0.08414239482200636,-0.07555460856246443,-0.07766990291262132,-0.1005706662714001,-0.06148867313915851,-0.08438943649793729,-0.051779935275080846,-0.04700894290866864,-0.04854368932038833,-0.04568109390054098,-0.04854368932038833,-0.04854368932038833,-0.03883495145631066,-0.03501815756318094,0.016181229773462702,0.013318634353615355,0.0,0.0,-0.03883495145631066,-0.020705180463944317,-0.025889967637540368,-0.023981570690975507,-0.016181229773462813,-0.016181229773462813,-0.01941747572815522,-0.014646483361743012,-0.04207119741100318,-0.03825440351787346,-0.06796116504854366,-0.03265582153709323,-0.08414239482200636,-0.055516440623533114,-0.0744336569579287,-0.06966266459151649,-0.09385113268608414,-0.08335494947997735,-0.1456310679611651,-0.12273030460238654,-0.13915857605177984,-0.11912040811284863,-0.19741100323624594,-0.1573346673583833,-0.23948220064724912,-0.14597075026556972,0.1326860841423949,0.10883112231033376,-0.22330097087378642
3290_2011-11-16,3290,2011-11-16,10000000.0,20.0,21.75,21.6,0.06436781609195386,0.05472461454904165,0.08045977011494254,0.06985224841773907,0.07126436781609202,0.07897892905042181,0.07126436781609202,0.06258548642747108,0.0735632183908046,0.06295569669360113,0.07816091954022975,0.07237499861448238,0.08505747126436791,0.07830723018432928,0.020689655172413834,0.045761979183985724,0.016091954022988464,0.03441403695452183,0.016091954022988464,0.010306033097241096,0.0,0.0,0.011494252873563315,0.024030414879349205,-0.0045977011494253706,0.005045500393486835,-0.04367816091954024,-0.013784236136512251,-0.10344827586206895,-0.05291789977720873,-0.15172413793103456,-0.09714361719815123,-0.18850574712643686,-0.11136013478313889,-0.21609195402298842,-0.1391392057105486,-0.20919540229885059,-0.12414236469036455,-0.1839080459770115,-0.11524845099147629,-0.1701149425287356,-0.1097485008701049,-0.20229885057471253,-0.1295891109411541,-0.2436781609195403,-0.18080448685975248,-0.27356321839080455,-0.2295902193551247,-0.03448275862068961,-0.08077012602666833,-0.08045977011494254
6140_2011-11-18,6140,2011-11-18,8000000.0,10.0,13.0,11.9,-0.053846153846153766,-0.06553067185978578,0.05769230769230771,0.03919182083739048,0.05769230769230771,0.037244401168451846,0.04615384615384621,0.03057448880233693,0.04615384615384621,0.029600778967867614,-0.01538461538461533,0.00019474196689395207,0.019230769230769162,0.02799415774099312,0.023076923076923217,0.007497565725413935,0.0038461538461538325,-0.005890944498539552,0.007692307692307665,0.010613437195715614,0.0,0.0,-0.03076923076923077,-0.010321324245374797,-0.0923076923076922,-0.05102239532619257,-0.1499999999999999,-0.10462512171372929,-0.1807692307692308,-0.11260954235637788,-0.16153846153846152,-0.09357351509250234,-0.15384615384615385,-0.07770204479065235,-0.12307692307692308,-0.06348588120740017,-0.10769230769230775,-0.05647517039922101,-0.14230769230769225,-0.07862706913339812,-0.13846153846153852,-0.11801363193768255,-0.1461538461538462,-0.11635832521908474,-0.22307692307692306,-0.1519961051606621,-0.20769230769230762,-0.17770204479065232,0.05384615384615388,-0.0113924050632912,-0.23076923076923073
1584_2011-11-24,1584,2011-11-24,9000000.0,21.5,22.4,23.8,0.07366071428571441,-0.018293308702791222,0.09598214285714302,0.03955581056874191,0.1004464285714286,0.03670557172712363,0.140625,0.05076084117032398,0.1674107142857142,0.08381614793252723,0.140625,0.07061455067920575,0.1517857142857144,0.07864046872667574,0.12053571428571441,0.06933404239438734,0.044642857142857206,0.01580273175100788,0.008928571428571619,-0.015522839229735519,0.0,0.0,0.006696428571428603,0.006487442155545642,0.0022321428571427937,0.01080058590834454,0.0044642857142858094,-0.00473111658456471,0.02008928571428581,0.0019074675324677326,-0.004464285714285587,-0.009270973279593697,0.03125000000000022,-0.01995167189132685,0.022321428571428603,-0.018848895357515882,0.0044642857142858094,-0.033362255560531295,-0.013392857142856984,-0.030947716077026177,-0.024553571428571286,-0.05276673757277195,-0.02678571428571419,-0.04789334228989395,-0.07142857142857129,-0.09880579190923988,-0.022321428571428603,-0.07038830422451103,0.09375,-0.05045062695924751,-0.0401785714285714
4523_2011-12-02,4523,2011-12-02,10000000.0,36.0,50.0,48.25,0.16599999999999993,0.12623856858846905,0.06000000000000005,0.06000000000000005,0.006000000000000005,0.027272365805169008,0.0040000000000000036,0.029447316103379584,0.006000000000000005,0.054707753479125154,0.010000000000000009,0.0585089463220676,0.01200000000000001,0.06885884691848909,0.06000000000000005,0.09996023856858849,0.038000000000000034,0.06941153081510931,-0.03400000000000003,0.010135188866799205,0.0,0.0,-0.05799999999999994,-0.048457256461232556,-0.07700000000000007,-0.06427634194831022,-0.1409999999999999,-0.10899204771371762,-0.1409999999999999,-0.11913121272365812,-0.18400000000000005,-0.1553717693836979,-0.20200000000000007,-0.1610457256461234,-0.22599999999999998,-0.19617892644135182,-0.25,-0.21520874751491048,-0.19799999999999995,-0.16400397614314122,-0.22599999999999998,-0.1703339960238569,-0.22599999999999998,-0.17431013916501004,-0.21799999999999997,-0.20825844930417503,-0.19400000000000006,-0.20493439363817123,-0.06999999999999995,-0.1554870775347913,-0.28
4139_2012-02-10,4139,2012-02-10,3500000.0,68.0,78.0,74.1,-0.04358974358974366,0.03453525641025634,-0.03205128205128205,0.015742835595776827,-0.03205128205128205,0.0129854826546002,-0.0064102564102563875,0.032192684766214175,0.02564102564102555,0.05321455505279027,0.02564102564102555,0.050457202111613864,0.03589743589743577,0.04968420060331813,0.0064102564102563875,0.028469079939668074,0.034615384615384714,0.05483597285067887,0.01025641025641022,0.009337292609351344,0.0,0.0,0.0,0.008272058823529327,0.007692307692307665,0.011368778280542835,0.050000000000000044,0.057352941176470607,0.05769230769230771,0.048501131221719396,0.0410256410256411,0.04378299396681751,0.05128205128205132,0.044848227752639636,0.03717948717948727,0.03166478129713424,0.03846153846153855,0.036623303167420795,0.03846153846153855,0.03018947963800911,0.03846153846153855,0.034785067873303266,0.03846153846153855,0.03202771493212686,0.0,0.0009191176470587648,-0.07435897435897432,-0.07711632730015072,-0.05769230769230771,-0.008059954751131304,-0.1282051282051282
4513_2012-02-14,4513,2012-02-14,12000000.0,10.5,15.9,12.35,-0.2515723270440251,-0.1705760170809255,-0.10691823899371078,-0.07186288844020516,-0.08805031446540879,-0.06406507461301014,-0.08490566037735847,-0.0636879482002366,-0.10062893081761004,-0.09048132934159525,-0.1132075471698114,-0.09475736266796642,-0.053459119496855334,-0.03685395344519471,0.012578616352201255,0.007966070226739896,-0.03144654088050314,-0.03513657778087209,-0.018867924528301883,-0.014255378402840635,0.0,0.0,-0.05031446540880502,-0.046624428508435956,-0.05031446540880502,-0.06322959456009647,-0.07232704402515722,-0.0732495532502494,-0.07547169811320764,-0.08561929958922232,-0.06289308176100628,-0.07211817401192877,-0.07547169811320764,-0.08100675346376118,-0.07861635220125784,-0.09060897212745711,-0.07547169811320764,-0.08285177191394555,-0.09119496855345921,-0.10134257002947389,-0.09748427672955984,-0.13069460883288087,-0.1132075471698114,-0.14457286082294785,-0.09433962264150941,-0.12570493629464585,-0.16352201257861632,-0.18658474320592267,-0.23270440251572333,-0.17643133978509595,-0.339622641509434
6264_2012-02-14,6264,2012-02-14,30000000.0,8.0,13.8,10.4,-0.29565217391304344,-0.21465586394994385,-0.21014492753623193,-0.1750895769827263,-0.19565217391304357,-0.17166693406064493,-0.20652173913043492,-0.18530402695331305,-0.1811594202898551,-0.1710118188138403,-0.12681159420289856,-0.10836140970105357,-0.06884057971014501,-0.052235413658484386,-0.007246376811594346,-0.011858922937055705,-0.021739130434782705,-0.02542916733515166,-0.05797101449275366,-0.05335846836729241,0.0,0.0,-0.03985507246376818,-0.03616503556339912,-0.03985507246376818,-0.05277020161505963,-0.061594202898550776,-0.06251671212364296,-0.09420289855072472,-0.1043505000267394,-0.11956521739130432,-0.12879030964222682,-0.14855072463768115,-0.1540857799882347,-0.0905797101449275,-0.10257233007112676,-0.12318840579710155,-0.13056847959783946,-0.14492753623188404,-0.1550751377078987,-0.17028985507246386,-0.20350018717578489,-0.17391304347826086,-0.2052783571313973,-0.14855072463768115,-0.1799160382908176,-0.24637681159420288,-0.26943954222150923,-0.29492753623188406,-0.23865447350125668,-0.42028985507246375
3266_2012-03-15,3266,2012-03-15,40000000.0,13.8,18.5,16.55,-0.04594594594594603,-0.02805685828941651,0.0,0.005366726296958779,0.06756756756756754,0.07651211139583225,-0.002702702702702786,0.016080839336653163,-0.06756756756756754,-0.04431175361407924,-0.12432432432432439,-0.09749069283953016,-0.06486486486486487,-0.04339795967702953,-0.005405405405405461,0.011589227868297525,-0.043243243243243246,-0.01551515737562259,-0.018918918918918948,-0.004607648793695351,0.0,0.0,-0.07027027027027033,-0.06579799835613798,-0.07567567567567557,-0.06673113184741086,-0.07567567567567557,-0.06404776869893136,-0.09189189189189184,-0.07310834985253589,-0.08108108108108103,-0.06229753904172508,-0.08108108108108103,-0.07571435478412225,-0.08108108108108103,-0.07303099163564286,-0.09189189189189184,-0.067741623555577,-0.10270270270270265,-0.09107479572595845,-0.10540540540540533,-0.09735531595996716,-0.14864864864864868,-0.12718174346081335,-0.18918918918918914,-0.15430546825895664,-0.2324324324324325,-0.1662428081032734,-0.22432432432432436,-0.10071072861770547,-0.254054054054054
1558_2012-04-11,1558,2012-04-11,4500000.0,82.0,110.0,108.0,0.045454545454545414,0.007789762027050173,0.06818181818181812,0.027692175997260815,0.05909090909090908,0.014834788563601986,0.027272727272727337,-0.0028590994692689886,0.045454545454545414,0.011556240369799742,0.036363636363636376,0.00623180962164005,0.009090909090909038,-0.012566341379900647,-0.009090909090909038,-0.01944872453347024,0.018181818181818077,0.00594076356788209,0.0,0.0,0.0,0.0,-0.018181818181818188,-0.021948296524567534,-0.009090909090909038,-0.013799007019345888,-0.009090909090909038,-0.025098442047594594,-0.018181818181818188,-0.031364492381441456,-0.036363636363636376,-0.03259715802088681,-0.040909090909090895,-0.03902585173771611,-0.045454545454545414,-0.04451292586885791,-0.06818181818181823,-0.05405752439650746,-0.054545454545454564,-0.0394795411744564,-0.07272727272727275,-0.05954459852764937,-0.05909090909090908,-0.05155795240541006,-0.027272727272727226,-0.0009073788734805799,-0.07272727272727275,-0.002670775552131577,-0.022727272727272707,0.011171032357473187,-0.2545454545454545
3176_2012-04-12,3176,2012-04-12,18000000.0,45.0,66.6,62.8,-0.07057057057057048,-0.11935105837544857,0.021021021021021102,-0.019316690048397422,-0.04954954954954949,-0.07581596605986851,-0.07507507507507494,-0.1050938368011537,-0.06606606606606591,-0.09233248257638493,-0.10960960960960953,-0.12743324938446876,-0.12462462462462465,-0.13119122875220446,-0.06756756756756743,-0.07601034430302722,-0.0795795795795795,-0.07582723436381977,-0.0645645645645645,-0.060812219348804764,0.0,0.0,0.0030030030030030463,0.0020649166990629464,0.006006006006006093,-0.00618911594521343,0.012012012012012185,0.002631148972612518,-0.018018018018017834,-0.010513327586498145,-0.04054054054054046,-0.03491202271690075,-0.05705705705705699,-0.05236662553735716,-0.024024024024023927,-0.006200384249164692,-0.05555555555555547,-0.036793829476756246,-0.04654654654654644,-0.029660993075627196,-0.04054054054054046,-0.029283504893261036,-0.06006006006005993,-0.041298333981260704,-0.10660660660660648,-0.06626889553718807,-0.1711711711711711,-0.09068336629312235,-0.027027027027026973,0.016124942954211297,-0.32432432432432423
8942_2012-05-22,8942,2012-05-22,6000000.0,53.8,58.6,56.4,-0.023890784982935176,-0.07093783202998216,0.03924914675767921,-0.002792895284362773,0.04436860068259385,0.009333565647558828,0.04266211604095571,0.007627081005920688,0.025597269624573427,0.0015732456005495,0.023890784982935065,-0.0011342400420899512,0.027303754266211566,0.00227872924118655,0.04095563139931735,0.035950626394312346,0.03754266211604085,0.02052564509902388,-0.008532423208191142,-0.0029268176025855075,0.0,0.0,0.0034129692832762792,-0.005596039725732638,0.0034129692832762792,0.01262217849248548,0.020477815699658564,0.031889227111070007,0.008532423208191142,0.027351242027010003,0.022184300341296925,0.031793909950906585,0.05119453924914685,0.036179524234131843,0.06484641638225241,0.06184341337924937,0.06655290102389078,0.06254889701988686,0.03754266211604085,0.05355867813205695,0.025597269624573427,0.07104271507001891,0.023890784982935065,0.05692381801596824,0.018771331058020424,0.01957213185882134,0.030716723549488067,0.005691698524463051,-0.07337883959044378,-0.13544090165250577,-0.08191126279863492
8287_2012-05-23,8287,2012-05-23,22000000.0,60.0,62.0,77.0,0.22258064516129017,0.1828981054787504,0.1693548387096775,0.14356118791602657,0.153225806451613,0.12743215565796207,0.12903225806451624,0.11415130568356391,0.10483870967741926,0.08896569380440322,0.07096774193548394,0.0550947260624679,0.06451612903225801,0.06848438300051185,0.022580645161290214,0.014644137224782305,-0.048387096774193505,-0.03390296979006657,-0.032258064516129004,-0.023329493087557607,0.0,0.0,-0.032258064516129004,-0.014202508960573512,-0.03709677419354829,-0.01685867895545312,-0.10322580645161283,-0.07564644137224774,-0.12903225806451613,-0.11057987711213513,-0.0693548387096774,-0.07530721966205833,-0.06129032258064515,-0.05533794162826422,-0.058064516129032295,-0.05310419866871485,-0.1016129032258064,-0.07681131592421908,-0.16290322580645167,-0.10893497183819767,-0.1758064516129032,-0.13413978494623646,-0.16129032258064513,-0.12617127496159763,-0.14677419354838717,-0.14776625704045065,-0.08225806451612905,-0.10209933435739882,-0.16129032258064513,-0.2168458781362007,-0.032258064516129004
9946_2012-06-11,9946,2012-06-11,40000000.0,11.5,14.75,15.4,0.047457627118643986,-0.019209039548022666,0.03050847457627115,-0.00011652542372875274,0.03728813559322042,-0.018961864406779716,0.02033898305084758,-0.023411016949152375,0.027118644067796627,-0.017673022598869936,0.016949152542372836,-0.0070091807909604675,-0.01016949152542379,-0.003502824858757081,-0.023728813559321993,-0.02997881355932186,-0.023728813559321993,-0.036853813559322046,-0.03389830508474578,-0.04931497175141242,0.0,0.0,-0.057627118644067776,-0.07825211864406789,-0.07796610169491525,-0.09067443502824857,-0.08813559322033904,-0.1029272598870058,-0.11186440677966103,-0.12811440677966113,-0.10169491525423724,-0.1308615819209038,-0.0949152542372882,-0.14074858757062159,-0.10508474576271187,-0.14487641242937854,-0.10169491525423724,-0.1527365819209039,-0.1084745762711864,-0.15326624293785296,-0.1084745762711864,-0.14097457627118637,-0.10508474576271187,-0.130084745762712,-0.11186440677966103,-0.17332274011299442,-0.05423728813559325,-0.08027895480226,0.1559322033898305,0.050723870056497145,-0.22033898305084743
3441_2012-06-20,3441,2012-06-20,6500000.0,38.8,54.2,55.2,-0.04612546125461259,-0.037710313989535504,-0.0802583025830258,-0.054612139489457534,-0.060885608856088624,-0.03744341290337383,-0.05535055350553508,-0.017081669514350972,-0.03136531365313655,-0.012932133929634326,-0.027675276752767486,-0.0016283923608620965,-0.01845018450184499,0.005593093398375326,-0.0036900369003690647,0.0189507164556717,-0.035055350553505615,-0.024836957445911967,0.0018450184501843658,-0.003965440375702345,0.0,0.0,-0.005535055350553542,-0.016354530405652934,-0.03136531365313655,-0.036173969233180725,-0.02029520295202958,-0.013282580231132046,-0.03136531365313655,-0.01713970756217298,-0.035055350553505615,-0.01662217083000339,-0.029520295202952074,-0.020303705341201073,-0.014760147601476148,-0.007146442933073094,-0.005535055350553542,-0.011345514176440252,-0.011070110701107083,-0.024894995493733862,0.011070110701106861,-0.014776413041630132,0.011070110701106861,-0.018783626025000277,-0.08394833948339486,-0.06972273339243129,-0.14944649446494462,-0.17529301820768162,-0.11808118081180818,-0.2030340960592537,-0.2841328413284133
3687_2012-07-06,3687,2012-07-06,4900000.0,180.0,207.0,188.5,-0.024154589371980673,0.04017289600813623,-0.004830917874396157,0.029087210780574524,0.0024154589371980784,0.043351131451817904,-0.033816425120772986,0.011212814645308766,-0.019323671497584516,0.016738706670056724,-0.007246376811594235,0.02725654716501391,0.024154589371980784,0.04559708449868638,-0.03864734299516903,-0.025002118823629127,-0.009661835748792313,-0.007712518010000946,-0.021739130434782594,-0.023688448173574073,0.0,0.0,-0.021739130434782594,-0.01589117721840838,-0.04589371980676327,-0.039071107720993425,-0.0531400966183575,-0.03559623696923475,-0.05555555555555558,-0.040935672514619936,-0.05555555555555558,-0.023391812865497075,-0.050724637681159424,-0.01563691838291381,-0.106280193236715,-0.07119247393846939,-0.10144927536231885,-0.0731841681498433,-0.09661835748792269,-0.055682684973302865,-0.09903381642512077,-0.07759132129841517,-0.106280193236715,-0.08386303924061367,-0.12560386473429952,-0.130477159081278,-0.08212560386473433,-0.11136536994660562,-0.40096618357487923,-0.47309093991016193,-0.13043478260869568
6219_2012-07-17,6219,2012-07-17,20000000.0,15.0,19.65,20.0,0.01781170483460559,0.009528876551777365,0.025445292620865034,-0.008898141722569308,0.020356234096692294,-0.018027604287146115,0.012722646310432628,-0.023640990053203748,0.01526717557251911,-0.015035854730511167,0.0025445292620864812,-0.02674840003084289,-0.01781170483460548,-0.035993523016423556,0.01781170483460559,-0.003400416377515647,0.0025445292620864812,-0.00048577376821645757,0.01526717557251911,0.01526717557251911,0.0,0.0,0.012722646310432628,0.005651939239725623,0.007633587786259666,0.013694193846865654,0.0025445292620864812,-0.011596884879327751,-0.03307888040712459,-0.046210193538437694,-0.03307888040712459,-0.028028375356619506,0.007633587786259666,0.015310355463027392,-0.0483460559796437,-0.0354167630503508,-0.03816793893129766,-0.026854807618166276,-0.09414758269720092,-0.10263243118204946,-0.06615776081424918,-0.08130927596576432,-0.09669211195928751,-0.12901534428251982,-0.24173027989821871,-0.31344745161539034,-0.26717557251908386,-0.3318220371655485,-0.17557251908396942,-0.25234019585164624,-0.23664122137404575
6130_2012-07-31,6130,2012-07-31,2000000.0,55.0,79.2,77.9,-0.015151515151515138,-0.03405698778833122,0.007575757575757569,0.015535956580732702,0.007575757575757569,0.028471279963817264,0.007575757575757569,0.008570782451379433,0.007575757575757569,0.009565807327001408,-0.015151515151515138,0.004748982360922693,0.007575757575757569,0.030063319764812357,0.007575757575757569,0.03523744911804616,0.007575757575757569,0.03364540931705118,-0.02777777777777779,-0.021210613598673378,0.0,0.0,0.0,-0.01691542288557213,0.0,-0.01890547263681608,0.0063131313131312705,-0.006622192069953181,0.0063131313131312705,-0.019557515453037855,-0.00757575757575768,-0.03444142921754867,-0.00757575757575768,-0.03742650384441448,-0.00757575757575768,-0.05931705110809593,-0.00757575757575768,-0.05832202623247407,-0.00757575757575768,-0.062302125734961744,0.04040404040404044,-0.01929745213327294,-0.015151515151515138,-0.07087290818634084,-0.21464646464646464,-0.2634026835519373,-0.19191919191919193,-0.2675410824664556,0.4457070707070707,0.4407319463289612,-0.3055555555555556
3680_2012-08-03,3680,2012-08-03,6500000.0,43.0,66.0,54.3,-0.16666666666666663,-0.1686197916666664,-0.043939393939393945,-0.024408143939393945,-0.030303030303030276,-0.009795217803030165,-0.027272727272727226,0.010813210227272774,-0.05303030303030298,-0.01240530303030285,-0.054545454545454564,-0.008842329545454497,-0.0575757575757575,-0.013435132575757458,-0.042424242424242364,-0.017424242424242342,-0.016666666666666607,0.0018880208333333925,-0.03181818181818186,-0.029865056818181857,0.0,0.0,-0.07727272727272727,-0.07141335227272716,-0.06666666666666665,-0.07350260416666643,-0.06666666666666665,-0.07447916666666665,-0.08030303030303021,-0.09104521780303021,-0.06363636363636371,-0.09586292613636371,-0.019696969696969657,-0.050946969696969435,-0.028787878787878918,-0.06394412878787892,-0.028787878787878918,-0.06882694128787892,-0.012121212121212088,-0.048254024621211866,-0.018181818181818188,-0.05724431818181819,-0.030303030303030276,-0.06448271780303028,-0.1106060606060606,-0.1408794981060606,-0.10757575757575755,-0.19156013257575755,-0.08636363636363642,-0.06292613636363642,-0.3484848484848485
4430_2012-08-07,4430,2012-08-07,6250000.0,32.0,38.35,37.55,-0.013037809647979182,-0.0013986243909472895,-0.014341590612777178,0.03027528620584552,-0.020860495436766713,0.02627820485421295,-0.006518904823989535,0.04566344241170395,-0.010430247718383301,0.04020020814970593,0.005215123859191539,0.03683491047412846,0.006518904823989535,0.03173713954755886,-0.0013037809647979959,0.007425607977975979,-0.0013037809647979959,0.005485743768470552,-0.009126466753585416,0.0034826506081991893,0.0,0.0,-0.0052151238591917615,-0.006185055963944475,-0.013037809647979182,-0.016917538066989812,-0.003911342894393655,-0.029129577617963087,0.00782268578878731,-0.01642561683002941,0.009126466753585527,-0.019001564284241823,-0.0013037809647979959,-0.03428147252638869,-0.018252933507170832,-0.047350896649750895,-0.022164276401564598,-0.0541720358584028,-0.028683181225554133,-0.05584128015862899,-0.04563233376792697,-0.06988063638674369,-0.046936114732724965,-0.08282360260857358,-0.03520208604954367,-0.06430004919212373,-0.014341590612777178,-0.08902636267873254,-0.17601043024771834,-0.15370199183840705,-0.16558018252933515
5480_2012-08-09,5480,2012-08-09,20000000.0,17.0,19.9,17.2,-0.12562814070351758,-0.10243973490641611,-0.1331658291457286,-0.07732041851770932,-0.12060301507537685,-0.0663034981671643,-0.0879396984924623,-0.05257737965188258,-0.035175879396984855,-0.006190372150608026,-0.05025125628140703,-0.03769086980797709,-0.025125628140703515,-0.014497608817032104,-0.025125628140703515,-0.008700507367756627,-0.035175879396984855,-0.03131114509746791,-0.025125628140703515,-0.022227077416065888,0.0,0.0,0.0,-0.021256038647343045,0.027638190954773822,0.0073483358823100975,0.015075376884422065,-0.009079212487558719,-0.005025125628140614,-0.03401063287451733,0.0,-0.02512077294685988,0.012562814070351758,-0.015456509601145862,0.05527638190954787,0.032087976112446404,0.04271356783919611,0.022423712766732384,0.035175879396984966,0.003291821425970509,0.035175879396984966,0.004258005000849607,0.03768844221105527,0.007736751389799235,0.06281407035175879,0.05508460175272489,0.06030150753768848,-0.007331342703857491,0.005025125628140836,0.02531498070060456,-0.14572864321608037
8050_2012-09-26,8050,2012-09-26,8800000.0,32.0,39.5,38.2,-0.0025316455696202667,0.04448462929475572,-0.0025316455696202667,0.020072332730560527,-0.007594936708860689,0.013200723327305597,-0.005063291139240533,-0.008679927667269549,-0.007594936708860689,-0.013019891500904213,-0.010126582278480956,-0.011934900542495464,-0.008860759493670933,-0.0151898734177216,-0.010126582278480956,-0.009222423146473813,-0.010126582278480956,-0.012839059674502828,-0.010126582278480956,-0.013743218806509971,0.0,0.0,-0.02025316455696191,-0.013019891500904102,-0.02025316455696191,-0.016636528028933006,-0.02278481012658229,-0.020072332730560638,-0.03417721518987349,-0.028752260397830187,-0.03037974683544309,-0.029475587703435946,-0.03417721518987349,-0.028752260397830187,-0.02278481012658229,-0.01826401446654613,-0.026582278481012578,-0.022965641952983673,-0.040506329113924044,-0.028752260397830076,-0.07088607594936702,-0.054611211573236895,-0.07594936708860756,-0.039783001808318175,-0.11898734177215198,-0.0321880650994576,-0.11645569620253171,-0.03417721518987349,-0.08987341772151891,-0.04918625678119337,-0.189873417721519
5505_2012-10-02,5505,2012-10-02,55000000.0,22.0,25.5,25.3,0.1470588235294117,0.1825133689839572,0.031372549019607954,0.024099821746880634,0.05882352941176472,0.04700534759358299,0.056862745098039236,0.052317290552584605,0.05490196078431375,0.04672014260249546,0.0960784313725489,0.08698752228163986,0.04313725490196085,0.037682709447415474,0.0,0.0018181818181818299,0.0,-0.001818181818181941,0.0039215686274509665,0.0011942959001782771,0.0,0.0,-0.019607843137254943,-0.024153297682709574,-0.04705882352941171,-0.04705882352941171,-0.0627450980392158,-0.06365418894830654,-0.06470588235294117,-0.06652406417112311,-0.07450980392156858,-0.06814616755793224,-0.07450980392156858,-0.0636007130124776,-0.07647058823529407,-0.04556149732620307,-0.084313725490196,-0.050677361853832315,-0.084313725490196,-0.052495543672014144,-0.0980392156862745,-0.07076648841354727,-0.08823529411764708,-0.05914438502673791,-0.13725490196078427,-0.05361853832442065,-0.25098039215686274,-0.1627985739750445,-0.1568627450980392,-0.13140819964349382,-0.13725490196078427
4113_2012-10-05,4113,2012-10-05,23000000.0,17.0,19.85,19.7,0.09823677581863977,0.13638391478321732,0.05793450881612072,0.050668387108582014,0.04785894206549113,0.03968455514451019,0.07808564231738013,0.07354431625016855,0.07052896725440805,0.07325376289473495,0.06801007556675054,0.06710181035330809,0.07556675062972285,0.07375022020283817,0.04785894206549113,0.048767207278933355,0.015113350125944391,0.011480289272175037,-0.005037783375314908,-0.004129518161872681,0.0,0.0,-0.02518891687657432,-0.02609718209001677,-0.02518891687657432,-0.01792279516903572,0.007556675062972307,0.019364122837722486,-0.007556675062972418,0.024232607407508988,-0.04030226700251893,-0.005788188891710622,-0.027707808564231717,0.004989739119691916,-0.04785894206549135,-0.0197027204487793,-0.04534005037783384,-0.015367298334237112,-0.05037783375314864,-0.0249464077767636,-0.055415617128463546,-0.022718069444539912,-0.07052896725440816,-0.031473563076388156,-0.060453400503778454,0.022198733919473135,-0.11838790931989929,-0.031194448829436117,0.035264483627204024,0.057971113963262155,-0.1435768261964736
3629_2012-10-05,3629,2012-10-05,12000000.0,10.0,12.15,11.9,-0.03703703703703709,0.0011101019275404633,0.008230452674897082,0.0009643309673583733,-0.016460905349794275,-0.02463529227077521,-0.024691358024691468,-0.02923268409190305,-0.028806584362139898,-0.026081788721812993,-0.03292181069958855,-0.033830075913031,0.008230452674897082,0.006413922248012405,0.028806584362139898,0.029714849575582125,0.024691358024691246,0.02105829717092189,0.012345679012345734,0.013253944225787961,0.0,0.0,-0.04526748971193417,-0.04617575492537662,-0.04938271604938271,-0.042116594341844116,-0.09053497942386823,-0.07872753164911805,-0.12757201646090544,-0.09578273399042403,-0.12757201646090544,-0.09305793835009712,-0.16049382716049387,-0.12779627947657024,-0.12757201646090544,-0.09941579484419338,-0.12345679012345678,-0.09348403807986005,-0.12757201646090544,-0.1021405904845204,-0.10699588477366262,-0.07429833708973899,-0.12345679012345678,-0.08440138594543678,-0.1934156378600823,-0.11076350343683072,-0.1991769547325103,-0.11198349424204712,-0.26255144032921807,-0.23984480999315994,-0.17695473251028804
4912_2012-10-11,4912,2012-10-11,5000000.0,43.0,63.4,61.4,0.03154574132492116,0.03797956485433296,-0.07413249211356465,-0.08332366858415297,-0.028391167192428957,-0.04125881425125255,-0.050473186119873725,-0.06425995082575597,-0.05993690851735012,-0.07096632028205596,0.0,-0.015625,-0.001577287066246047,-0.01260669883095189,0.001577287066246047,-0.010371242345518672,0.0,-0.012867647058823595,0.014195583596214423,0.009599995360920266,0.0,0.0,-0.039432176656151396,-0.01921158842085724,0.0268138801261828,0.04979182130265336,-0.003154574132492094,0.017985131749860828,0.004731861198738141,0.021275978845796906,-0.007886435331230235,0.010495917609946281,0.007886435331230235,0.021673200037112594,-0.004731861198738141,0.01640784468361478,-0.02208201892744477,0.00549151048431995,-0.02050473186119872,0.007068797550565997,-0.02050473186119872,0.04199526813880128,-0.006309148264984188,0.06538202820560401,-0.023659305993690816,0.04343628224160323,-0.16246056782334384,-0.08525468547040271,0.018927444794952564,0.017089209500834812,-0.3217665615141956
4979_2012-10-15,4979,2012-10-15,7000000.0,48.5,54.8,53.1,-0.031021897810218912,-0.07523638511031294,0.10766423357664245,0.07003488268294533,0.08394160583941601,0.04913445626274626,0.09124087591240881,0.051730057474026925,0.1058394160583942,0.07103226648172445,0.12226277372262784,0.0865148903736157,0.1058394160583942,0.06915079893703946,0.0675182481751826,0.03929623500490975,0.0036496350364965124,-0.01986870927206419,0.027372262773722733,0.024550061456695582,0.0,0.0,-0.0036496350364962904,-0.00553110258118128,0.0036496350364965124,-0.002935501369900395,0.010948905109489093,0.006245236247776953,-0.02372262773722622,-0.0331299654606505,-0.03284671532846706,-0.03472818287315205,-0.027372262773722622,-0.022668593912010482,-0.025547445255474477,-0.020843776393762337,-0.010948905109488982,0.029502647101235402,-0.010948905109488982,0.03890998482465968,-0.05109489051094884,0.009864657936840437,-0.07664233576642332,-0.017376108108850485,-0.025547445255474477,0.016785574499934786,-0.07481751824817506,-0.056943576573669,0.06934306569343063,0.05523205910829421,-0.11496350364963503
4138_2012-10-16,4138,2012-10-16,3500000.0,88.0,95.0,115.5,0.10000000000000009,0.05586854460093904,0.11578947368421044,0.0829256239189522,0.11578947368421044,0.07823078823820095,0.10526315789473695,0.0723993081294787,0.09473684210526323,0.060934025203854825,0.12631578947368416,0.09157400543612537,0.11052631578947358,0.08423523597726712,0.08947368421052637,0.06787744007907093,0.047368421052631504,0.046429453916481345,0.02421052631578946,0.02608846058809,0.0,0.0,0.01263157894736855,0.007936743266617308,0.013684210526315743,0.010867309117865043,0.017894736842105186,0.010382999752903244,0.015789473684210575,0.015789473684210575,0.004210526315789442,0.010783296268841114,0.021052631578947434,0.027625401531999105,0.010526315789473717,0.052779836916234335,-0.028421052631579014,0.023222139856683865,-0.06315789473684208,-0.00043489004200636394,-0.09368421052631581,-0.03265134667655056,-0.07894736842105265,-0.026365208796639616,-0.15368421052631576,-0.09359031381270067,-0.13789473684210518,-0.12193229552755114,-0.0368421052631579,-0.05280454657771194,-0.0736842105263158
5206_2012-11-05,5206,2012-11-05,15000000.0,13.0,16.0,16.8,0.046875,-0.03991000986193294,0.012499999999999956,-0.030892504930966513,0.02499999999999991,-0.018392504930966558,0.012499999999999956,0.006582840236686316,0.012499999999999956,0.016444773175542382,0.012499999999999956,0.028081854043392585,-0.025000000000000022,-0.01119329388560153,-0.025000000000000022,-0.02006903353057199,-0.018750000000000044,-0.012832840236686405,0.006250000000000089,0.013153353057199335,0.0,0.0,0.0,0.0039447731755424265,0.0,-0.0039447731755424265,0.0,-0.008875739644970349,-0.012499999999999956,-0.013486193293885451,-0.012499999999999956,-0.02038954635108481,-0.012499999999999956,-0.016444773175542382,-0.05625000000000002,-0.043429487179487136,-0.0625,-0.05165187376725833,-0.06562500000000004,-0.05181829388560155,-0.08437499999999998,-0.06938486193293869,-0.046875,-0.03799926035502954,-0.16562500000000002,-0.22085182445759355,-0.16249999999999998,-0.2177268244575935,-0.0625,-0.13745069033530566,-0.1875
8042_2012-11-09,8042,2012-11-09,6950000.0,36.0,37.0,36.35,-0.050000000000000044,-0.09729064039408875,-0.04459459459459458,-0.028042870456663427,-0.024324324324324298,-0.009545999201171607,0.005405405405405572,0.011316735454666604,0.027027027027026973,0.03392357875116492,0.027027027027026973,0.03490880042604172,0.025675675675675746,0.026660897350552548,-0.005405405405405461,-0.0004792970310212308,0.0,-0.002955665024630516,0.002702702702702675,-0.005179070696312182,0.0,0.0,0.006756756756756799,-0.00013979496738114605,-0.005405405405405461,-0.008361070430035977,-0.005405405405405461,0.008387698042870428,-0.010810810810810811,0.0010118492877113638,-0.013513513513513487,0.0012648116096392048,-0.018918918918918948,-0.0029583277859139834,-0.02297297297297296,-0.0131207562242045,-0.02972972972972976,-0.021847956330715013,-0.03378378378378377,-0.01841432565570489,-0.031081081081081097,-0.020243642657435834,-0.005405405405405461,-0.024124617228065692,-0.010810810810810811,-0.07287977632805209,-0.006756756756756799,-0.047150845426707555,0.1283783783783783,0.04069364931433883,-0.027027027027026973
1795_2012-11-14,1795,2012-11-14,12500000.0,19.0,23.3,25.6,0.13090128755364816,0.06396822062058116,-0.012875536480686733,-0.019868543473693823,0.01716738197424883,0.011173375980242817,0.0,-0.012987012987013102,0.012875536480686733,0.0038845274896777138,0.0193133047210301,0.002330287738013137,0.060085836909871126,0.038107814931849227,0.03648068669527893,0.022494672709264973,0.03648068669527893,0.015501665716257884,0.023605150214592197,0.0066221332315752335,0.0,0.0,-0.012875536480686733,-0.014873538478688664,0.0,0.0009990009990009652,-0.017167381974249052,-0.014969579776446862,-0.07296137339055786,-0.07695737738656194,-0.07296137339055786,-0.07895537938456387,-0.10300429184549365,-0.10140589024709212,-0.09012875536480691,-0.09312575836180992,-0.08798283261802575,-0.12094986558505882,-0.08369098712446343,-0.1266480300815066,-0.02145922746781115,-0.06841227442085818,-0.017167381974249052,-0.06511942992629716,0.13948497854077258,0.05856589762169162,0.5450643776824033,0.47413530675333226,0.4184549356223175,0.3075658247332065,-0.18454935622317603
3325_2012-11-26,3325,2012-11-26,10000000.0,11.4,14.45,17.6,0.0795847750865053,0.11246678669192123,0.0692041522491349,0.08467804006344837,0.05190311418685112,0.0838180078038725,0.04844290657439454,0.0784235642146267,0.03806228373702436,0.07094429534244029,0.04844290657439454,0.08248545976588395,0.01730103806228378,0.045347459725726735,0.02768166089965396,0.0537938465863077,-0.01038062283737018,0.023081659561082546,-0.03114186851211065,-0.002128328860273143,0.0,0.0,0.01038062283737018,0.000709442953424233,-0.0034602076124566894,-0.016999859449980836,-0.0034602076124566894,-0.017966977438375387,0.006920415224913601,-0.020158888450134693,0.0761245674740485,0.04034120190344903,0.0692041522491349,0.03438790466692998,0.0761245674740485,0.04227543788023813,0.11418685121107286,0.07453501368689497,0.10034602076124566,0.06359553720225142,0.06228373702422152,0.019730545534859978,0.006920415224913601,-0.03176430431086974,0.0034602076124568004,-0.020717742097407843,0.02768166089965396,-0.014871530589707582,0.10726643598615926,0.0395681767985383,-0.2110726643598615
3615_2012-12-07,3615,2012-12-07,10000000.0,45.0,60.0,51.5,-0.1166666666666667,-0.07002487562189053,-0.17083333333333328,-0.13538557213930347,-0.1283333333333334,-0.10221393034825876,-0.135,-0.11261194029850741,-0.125,-0.10354477611940305,-0.09999999999999998,-0.0906716417910447,-0.12,-0.11906716417910435,-0.11333333333333329,-0.11146766169154221,-0.06666666666666665,-0.06386815920398015,-0.010000000000000009,-0.012798507462686626,0.0,0.0,-0.021666666666666612,-0.027263681592039624,-0.0016666666666667052,-0.003532338308457783,0.008333333333333304,0.007400497512437765,0.03833333333333333,0.029004975124378163,0.02499999999999991,0.004477611940298498,0.011666666666666714,0.0004726368159204686,-0.026666666666666727,-0.02480099502487565,-0.026666666666666727,-0.025733830845771077,-0.028333333333333433,-0.03019900497512451,0.03833333333333333,0.04859452736318415,0.05166666666666675,0.06659203980099515,0.043333333333333446,0.03120646766169166,-0.033333333333333326,-0.03893034825870634,0.03499999999999992,-0.003246268656716511,-0.25
1569_2013-01-22,1569,2013-01-22,5000000.0,30.0,33.25,37.7,0.08571428571428585,0.10333951762523197,0.1669172932330827,0.1669172932330827,0.1729323308270676,0.16922175568792097,0.1624060150375939,0.1512742896201542,0.08270676691729317,0.07250268528463999,0.046616541353383445,0.03548481593594377,0.05263157894736836,0.05077629137779516,0.043609022556390986,0.04731959769553751,-0.007518796992481258,0.003612928424958417,-0.012030075187969835,-0.012957718972756549,0.0,0.0,0.0,-0.002782931354359919,0.0,-0.0018552875695732052,-0.007518796992481258,-0.0038082218533347367,-0.007518796992481258,-9.764671418810433e-05,-0.010526315789473717,-0.007743384435113798,0.013533834586466176,0.0024021091690265006,0.03759398496240607,0.024606971975392966,0.042105263157894646,0.029118250170881543,0.028571428571428692,0.01187384044526918,0.02706766917293235,0.002948930768479574,0.02706766917293235,0.006659505907626206,0.14586466165413547,0.1217459232496827,0.24812030075187974,0.21658041206913392,-0.028571428571428692,-0.06382189239332114,-0.09774436090225569
8240_2013-01-31,8240,2013-01-31,15000000.0,40.0,45.3,43.9,0.017660044150110465,0.013081289571355903,-0.037527593818984406,-0.01371807000946057,-0.02207505518763797,-0.010170293282876108,-0.02207505518763797,-0.009254542367125085,-0.01103752759381893,-0.0009642675205587814,-0.002207505518763697,0.008781505470247364,-0.007726269315673218,0.008757247167843207,-0.004415011037527505,0.01573150910899268,-0.0033112582781457123,0.012256507289619911,0.01876379690949226,0.020595298740994084,0.0,0.0,-0.013245033112582627,-0.013245033112582627,-0.028697571743929284,-0.032360575406932934,-0.02207505518763797,-0.03306406617664892,-0.034216335540838805,-0.041542342866846105,-0.03863134657836642,-0.05328336123038102,-0.034216335540838805,-0.052531353855857055,-0.01655629139072845,-0.03578706062149761,-0.007726269315673218,-0.03519879678820059,-0.02207505518763797,-0.042221575334158046,-0.0331125827814569,-0.049596099264973326,-0.028697571743929284,-0.050675593721951184,-0.014348785871964642,-0.03815830968148837,-0.08167770419426035,-0.08076195327850932,-0.07615894039735094,-0.14209300633141686,-0.11699779249448117
4129_2013-02-04,4129,2013-02-04,7000000.0,30.0,39.3,38.55,0.0661577608142494,0.07619425716461437,-0.012722646310432517,0.0037007113538010117,0.016539440203562572,0.03022557159042394,0.0050890585241731845,0.019687598670158568,-0.0012722646310431296,0.01880072806968669,0.012722646310432628,0.03644527404765885,0.0,0.019160583941605802,0.008905852417302906,0.014380304972047342,0.010178117048346147,0.013827752084842437,0.0050890585241731845,0.008738693560669475,0.0,0.0,-0.01781170483460548,-0.025110974907598282,-0.015267175572518887,-0.0189168106090154,-0.025445292620865145,-0.03639419773035424,-0.03689567430025431,-0.051494214446239694,-0.013994910941475758,-0.02950585984658527,0.01781170483460559,-0.005910922902620852,0.024173027989822016,0.007749670325588376,0.027989821882951738,0.015216099255214388,0.025445292620865034,0.00719711743838336,0.007633587786259666,-0.008789769877973974,-0.007633587786259444,-0.01310804034100399,-0.01781170483460548,-0.03332265373971499,-0.03307888040712459,-0.031254062888876555,-0.03307888040712459,-0.0869109971954457,-0.23664122137404575
3452_2013-02-05,3452,2013-02-05,300000000.0,9.4,14.4,12.45,0.00694444444444442,0.030495169082125684,-0.04166666666666663,-0.02083333333333315,-0.04166666666666663,-0.019927536231883924,-0.02430555555555558,0.0028683574879226903,-0.07291666666666674,-0.04211956521739135,-0.06597222222222232,-0.039704106280193274,-0.03819444444444453,-0.02551328502415462,-0.01041666666666674,0.00045289855072461194,-0.03125000000000011,-0.02038043478260876,-0.04166666666666663,-0.034420289855072284,0.0,0.0,-0.14583333333333326,-0.14221014492753614,-0.16319444444444442,-0.16681763285024154,-0.16319444444444442,-0.17044082125603865,-0.14236111111111116,-0.15051328502415462,-0.14583333333333326,-0.16213768115942018,-0.17361111111111116,-0.18266908212560384,-0.21180555555555558,-0.21724033816425115,-0.22569444444444442,-0.23656400966183555,-0.21180555555555558,-0.22086352657004826,-0.21180555555555558,-0.20999396135265702,-0.22916666666666674,-0.22916666666666674,-0.1527777777777779,-0.16002415458937214,-0.25,-0.2382246376811593,-0.15972222222222232,-0.20863526570048307,-0.3472222222222222
1815_2013-02-22,1815,2013-02-22,25000000.0,12.0,14.0,13.5,-0.0035714285714286698,0.0323352141574762,-0.017857142857142905,0.0018915106437548124,-0.0357142857142857,-0.01596563221338798,-0.02857142857142858,-0.012413439343421317,-0.014285714285714235,-0.00530905360348799,-0.010714285714285787,0.0018530392408309115,-0.021428571428571463,-0.016042575019235672,-0.017857142857142905,-0.016061810720697678,-0.025000000000000022,-0.024102333931777298,0.017857142857142794,0.010675814311361886,0.0,0.0,0.014285714285714235,0.0178763785586048,0.0,-0.0017953321364452268,-0.014285714285714235,-0.014285714285714235,-0.02857142857142858,-0.01779943575275711,-0.025000000000000022,-0.016023339317773777,-0.0035714285714286698,0.0018145678379071217,-0.010714285714285787,0.00634136958194409,-0.0071428571428571175,0.0018338035393691277,-0.014285714285714235,-0.009797383944601168,-0.0071428571428571175,-0.001756860733521326,-0.0071428571428571175,-0.008938189279302344,-0.06428571428571428,-0.03645806617081293,-0.11071428571428577,-0.0748076429853809,-0.0535714285714286,-0.09935239805078222,-0.1428571428571429
3431_2013-03-01,3431,2013-03-01,12500000.0,8.0,8.95,9.89,0.006703910614525244,0.02844304104930795,0.02681564245810053,0.023192454052303413,0.021229050279329753,0.013982673467735518,0.03240223463687153,0.02425006072382807,0.016759776536312998,0.0004554287102260801,0.0,-0.009057971014492683,0.012290502793296243,0.006855720184600678,0.006703910614525244,-0.004165654602865887,0.003351955307262733,-0.00570601570722995,-0.003351955307262511,-0.001540361104363952,0.0,0.0,-0.005586592178770777,-0.009209780584567895,0.06368715083798882,0.07183932475103239,0.09273743016759783,0.09273743016759783,0.02346368715083802,0.018934701643591678,0.024581005586592264,0.020957817180795146,0.01452513966480451,0.003655574447413379,0.024581005586592264,0.011899846166302464,0.013407821229050487,0.007067241518905698,0.005586592178770999,-0.0025655817342724596,0.016759776536312998,0.009513399724718763,0.00893854748603351,0.00893854748603351,-0.0011173184357541333,0.0006942757671444255,0.1173184357541901,0.1390575661889728,0.13966480446927365,0.09528074649825924,-0.10614525139664799
1752_2013-03-05,1752,2013-03-05,9000000.0,36.0,40.6,43.0,-0.014778325123152691,0.008052725105157865,-0.0024630541871921707,-0.018901410351575665,0.025862068965517127,0.0012045347189417743,0.029556650246305383,0.012205052072789435,0.04433497536945796,0.030636345232471607,0.03817733990147776,0.018999257709696904,0.019704433497536922,0.0023528353240209743,0.04433497536945796,0.03794228130553101,0.03201970443349755,0.023800526351305695,0.041871921182266014,0.029999775063544565,0.0,0.0,-0.0024630541871921707,-0.010682232269384029,-0.02216748768472898,-0.034952875812582884,-0.02216748768472898,-0.03403963380345043,-0.02216748768472898,-0.041345569876509836,-0.027093596059113323,-0.04809816226915886,-0.019704433497537033,-0.03431630564365562,-0.03571428571428581,-0.052152641878669304,-0.04556650246305427,-0.06109161661830553,-0.03448275862068961,-0.04270193670288147,-0.049261083743842415,-0.04469487369818026,-0.046798029556650245,-0.044058303529252996,-0.0714285714285714,-0.0732550554468363,-0.10098522167487689,-0.0845468655104934,-0.16871921182266014,-0.20890186022448676,-0.11330049261083752
3552_2013-03-06,3552,2013-03-06,1540000.0,58.0,68.9,69.0,-0.014513788098693747,0.0117543278433353,-0.027576197387518264,-0.04388054521360518,0.0,-0.009057971014492683,-0.014513788098693747,-0.019948570707389313,0.005805515239477366,-0.005064049977913765,-0.005805515239477588,-0.01486348625397027,-0.0014513788098694524,0.0003602153930291063,-0.020319303338171335,-0.020319303338171335,-0.014513788098693747,-0.018136976504490865,-0.007256894049346929,0.0008952798636966408,0.0,0.0,0.0014513788098693414,-0.003077606697377,0.03483309143686486,0.031209903031067743,0.04063860667634245,0.029769041458951317,0.06095791001451367,0.04827675059422387,0.05805515239477499,0.0517145726846302,0.09143686502177073,0.08328469110872727,0.11030478955007239,0.10305841273847816,0.11175616835994173,0.11175616835994173,0.062409288824383014,0.07509044824467292,0.09143686502177073,0.10230643023916208,0.08272859216255424,0.09993873709009049,0.014513788098693858,0.018136976504490976,-0.04208998548621201,-0.04661897099345835,0.023222060957909907,-0.003951852085568364,-0.158200290275762
8083_2013-03-28,8083,2013-03-28,5000000.0,52.0,60.2,61.5,0.004983388704318914,-0.004157379120178328,0.018272425249169277,0.0018190431650741967,0.021594684385382035,0.012453916560884792,0.021594684385382035,0.025250991515180954,0.019933554817275656,0.02176170838217517,0.021594684385382035,0.029821375427429575,0.021594684385382035,0.028907298644979984,0.009966777408637828,0.020021622015584883,-0.0033222591362126463,-0.0005800287888633182,-0.013289036544850585,-0.010546806197501257,0.0,0.0,-0.006644518272425293,-0.0039022879250759646,-0.0033222591362126463,-0.010634873395810485,-0.014950166112956853,-0.020434626807655065,-0.019933554817275767,-0.022675785164624984,-0.00830564784053156,-0.013790108535229773,-0.019933554817275767,-0.0043942495156303885,-0.031561461794019974,-0.013279926145025489,-0.03654485049833889,-0.020091468414243696,-0.023255813953488413,-0.016857276476340277,-0.028239202657807327,-0.02184066518065919,-0.019933554817275767,-0.0053083262980800905,-0.03488372093023262,-0.05499341014412651,0.07308970099667755,0.014588786919895291,0.14617940199335533,0.1644609376423498,-0.1362126245847176
6287_2013-04-10,6287,2013-04-10,25000000.0,3.2,3.3,4.29,0.28787878787878785,0.2469104452344677,0.14242424242424256,0.1265955645843917,0.22121212121212142,0.20538344337227055,0.18787878787878798,0.1692568139495514,0.16363636363636358,0.1478076857965127,0.16666666666666674,0.14059590316573578,0.16969696969696968,0.1454884035889623,0.16969696969696968,0.1482816996783478,0.1515151515151516,0.12730658540714423,0.07272727272727275,0.06993397663788725,0.0,0.0,-0.07272727272727264,-0.07458947012019623,-0.13636363636363624,-0.14846791941763993,-0.07878787878787874,-0.09089216184188242,-0.030303030303030165,-0.03402742508887735,-0.033333333333333326,-0.038919925512104325,-0.030303030303030165,-0.03402742508887735,-0.030303030303030165,-0.033096326392415665,-0.0636363636363636,-0.09622481801252747,-0.012121212121212088,-0.04377856780091405,-0.015151515151515138,-0.0412222786524461,-0.07878787878787874,-0.1132385305569662,-0.12121212121212122,-0.20501100389368554,-0.06666666666666654,-0.12811918063314687,-0.10606060606060597,-0.1498222447943116,-0.030303030303030165
8071_2013-04-22,8071,2013-04-22,7000000.0,22.0,22.8,20.9,-0.0921052631578948,-0.07136585828864317,-0.01535087719298256,0.013503946972932668,-0.030701754385964897,0.0008582095455048622,-0.019736842105263164,0.010019695315837018,-0.019736842105263164,0.00010084950880362431,-0.019736842105263164,0.00010084950880362431,-0.04385964912280704,-0.01590653821207655,0.021929824561403466,0.04807950896176416,0.004385964912280604,0.0323390758230111,-0.006578947368421129,0.0222758767974941,0.0,0.0,-0.013157894736842146,-0.012256181481657191,-0.00877192982456132,-0.0024599370382673014,0.0,-0.0018034265103696878,-0.013157894736842146,-0.016764747757581522,0.002192982456140413,-0.005020723585338338,0.004385964912280604,-0.001926027874013192,0.07456140350877183,0.05742885166025968,0.09210526315789469,0.07226757154382812,0.06140350877192979,0.03976239064749354,0.048245614035087536,0.022095929634726952,0.028508771929824483,-0.0012477654912754765,-0.028508771929824706,-0.07990642747536114,-0.061403508771929904,-0.08214291364118143,-0.03508771929824561,-0.07386138927119423,-0.03508771929824561
4128_2013-06-20,4128,2013-06-20,80000000.0,30.0,36.25,34.05,0.04275862068965508,-0.010586768098771682,-0.02896551724137919,-0.05247365467356735,-0.0386206896551724,-0.04947059923925923,-0.035862068965517135,-0.04942445594562561,-0.03172413793103446,-0.05342395709920811,-0.02896551724137919,-0.04795285901353119,-0.01379310344827589,-0.008368148656232588,-0.04275862068965508,-0.03371702936958276,-0.02758620689655178,-0.02487372950053013,-0.015172413793103412,-0.01698073205711792,0.0,0.0,-0.03448275862068961,-0.015495416848537724,-0.04137931034482756,-0.0106378998565817,-0.05103448275862077,-0.016676435742345896,-0.08965517241379306,-0.04806385234146038,-0.08827586206896565,-0.0593427698447343,-0.08551724137931038,-0.068338217871173,-0.10344827586206895,-0.09983163933404005,-0.09103448275862058,-0.0964594375506641,-0.09931034482758627,-0.10292698135561529,-0.09517241379310348,-0.08703498160503842,-0.10758620689655174,-0.10125709297250118,-0.09517241379310348,-0.12953046080937847,-0.11172413793103442,-0.12799900230716477,-0.09793103448275853,-0.130480763235019,-0.1724137931034483
8925_2013-07-15,8925,2013-07-15,80000000.0,9.5,9.79,10.4,0.07252298263534218,0.11088392422209026,0.006128702757916216,0.036643088111011246,0.007150153217569066,0.03940821773369807,0.006128702757916216,0.04972068183376621,-0.0010214504596527396,0.04082684945316328,0.021450459652706977,0.04411828877214907,0.021450459652706977,0.06242691998400607,0.0040858018386109585,0.03372834761018906,-0.004085801838610736,0.022941225188416348,-0.005107252298263476,-0.0024917335537124607,0.0,0.0,-0.0010214504596527396,-0.003636969204203644,-0.002042900919305368,-0.0046584196638562725,-0.009193054136874323,-0.013552252044459312,-0.009193054136874323,-0.006577535392323308,-0.011235955056179692,0.013175553226296266,-0.011235955056179692,0.00968819490022843,-0.004085801838610736,0.0011452356504912942,-0.012257405515832431,-0.004410849282179385,-0.015321756894790428,-0.009218879824171355,-0.01736465781409602,-0.009518101580442972,-0.033707865168539186,-0.018886592282750136,-0.04392236976506636,-0.0029459094337672687,-0.033707865168539186,0.01424331181489591,-0.016343207354443168,-0.031164480240232217,-0.02962206332992845
3310_2013-07-19,3310,2013-07-19,35000000.0,17.6,28.1,21.75,-0.001779359430605032,0.06115770350645788,-0.10320284697508908,-0.08309795187019386,-0.11387900355871894,-0.07541746509718039,-0.09608540925266917,-0.06898750715476698,-0.09608540925266917,-0.07160988477714458,-0.0854092526690392,-0.0854092526690392,-0.02313167259786486,-0.025754050220242353,-0.007117437722420017,-0.012362192967175223,-0.04626334519572961,-0.051508100440484816,-0.028469750889679735,-0.0354627578826866,0.0,0.0,-0.14234875444839856,-0.12049560759525169,-0.15658362989323849,-0.13822698653659504,-0.15480427046263345,-0.15218189284025574,-0.16725978647686846,-0.16201503123211314,-0.1708185053380783,-0.16732200184157475,-0.11387900355871894,-0.10863424831396362,-0.1120996441281139,-0.09986188189035161,-0.11743772241992889,-0.11306709304929952,-0.15836298932384352,-0.147873478834333,-0.1708185053380783,-0.1533359878555608,-0.19217081850533813,-0.18080718214170166,-0.25978647686832745,-0.22569556777741828,-0.3736654804270463,-0.35793121469278044,-0.3220640569395018,-0.34042070029614513,-0.3736654804270463
4152_2013-07-23,4152,2013-07-23,10000000.0,298.0,352.5,306.0,-0.12907801418439713,-0.07297828132598216,-0.03546099290780147,-0.026556273406465714,-0.007092198581560294,-0.000858894930625298,-0.015602836879432647,-0.034302747832237634,-0.009929078014184411,-0.03130040481739027,0.03546099290780136,0.01141825025419485,0.018439716312056653,-0.005603026341549855,0.029787234042553123,0.003963547488679442,0.03404255319148941,0.015342642238684423,0.015602836879432536,0.01916472467996677,0.0,0.0,-0.03546099290780147,-0.05148948801020581,-0.041134751773049594,-0.05449183102505306,-0.1063829787234043,-0.12152100187567494,-0.10070921985815606,-0.11406629911015953,-0.08085106382978724,-0.08708436748072224,-0.06382978723404253,-0.0780773384361797,-0.07801418439716312,-0.08602843194836529,-0.09787234042553195,-0.09876281237566564,-0.10070921985815606,-0.10783299545922453,-0.052482269503546064,-0.06227746095501541,-0.04680851063829783,-0.042356150887630006,-0.126241134751773,-0.09863650429763238,-0.017021276595744705,-0.024145052196813177,0.16595744680851054,0.1143100737007634,-0.15460992907801419
6123_2013-07-23,6123,2013-07-23,6000000.0,32.0,39.8,28.9,0.04020100502512558,0.09630073788354054,-0.03391959798994959,-0.025014878488613834,-0.07286432160804013,-0.06663101795710513,-0.06030150753768837,-0.07900141849049336,-0.04773869346733661,-0.06911002027054247,-0.07537688442211055,-0.09941962707571705,-0.05276381909547723,-0.07680656174908373,0.012562814070351758,-0.013260872483521924,-0.03015075376884413,-0.04885066472164912,-0.03015075376884413,-0.026588865968309894,0.0,0.0,-0.06532663316582898,-0.08135512826823332,-0.0992462311557788,-0.11260331040778226,-0.10552763819095468,-0.12066566134322532,-0.09798994974874364,-0.11134702900074711,-0.11180904522613055,-0.11804234887706555,-0.08040201005025116,-0.09464956125238833,-0.10678391959798994,-0.11479816714919211,-0.13567839195979892,-0.13656886390993261,-0.1532663316582913,-0.16039010725935976,-0.1532663316582913,-0.16306152310976063,-0.14321608040200995,-0.13876372065134213,-0.15954773869346717,-0.13194310823932653,-0.19095477386934656,-0.19807854947041503,-0.01633165829145722,-0.06797903139920436,-0.1959798994974874
6186_2013-07-25,6186,2013-07-25,8000000.0,27.0,35.3,34.1,-0.005665722379603277,0.03914974334974641,-0.016997167138810054,-0.022269574871674802,-0.011331444759206777,-0.019240056358503788,-0.021246458923512734,-0.03179127438924201,0.04674220963172826,0.036197394165998986,0.03257790368271962,0.020275618972702025,0.022662889518413776,0.017390481785549028,0.0056657223796034994,0.02236168020034157,-0.011331444759206777,0.0018495745729548707,-0.005665722379603277,-0.00830192624603554,0.0,0.0,-0.018413597733710985,-0.020171066977999308,-0.008498583569405027,-0.008498583569405027,0.0,0.007029876977152849,0.0028328611898016387,0.001954126567657477,-0.014164305949008527,-0.00889189821614389,-0.03116147308781858,-0.018859188377801095,-0.03682719546742197,-0.03067605311241317,-0.04107648725212454,-0.037561548763548114,-0.025495750708215303,-0.00792105826533307,-0.025495750708215303,0.0061386956889727395,-0.004249291784702458,0.03090009310106201,-0.014164305949008527,0.02186381355889999,0.1331444759206799,0.13138700667639158,0.062322946175637384,0.025416092045584593,-0.235127478753541
8996_2013-07-26,8996,2013-07-26,4000000.0,48.0,72.2,55.6,-0.19390581717451527,-0.16057248384118195,-0.1412742382271468,-0.1474145891043399,-0.08171745152354581,-0.09048938134810725,-0.05263157894736836,-0.06140350877192979,-0.05817174515235457,-0.06869806094182829,-0.06094182825484773,-0.0644506001846723,-0.08033240997229918,-0.061911357340720286,-0.06925207756232687,-0.05433979686057244,-0.033240997229917024,-0.034118190212373056,-0.006925207756232732,-0.005170821791320446,0.0,0.0,-0.05678670360110816,-0.05503231763619587,-0.07479224376731308,-0.06602031394275165,-0.0761772853185596,-0.07530009233610346,-0.01246537396121894,-0.005447830101569795,0.05540166204986141,0.06943674976915959,0.1149584487534625,0.1228531855955678,0.10526315789473673,0.11052631578947347,0.13157894736842102,0.15087719298245617,0.05263157894736836,0.08596491228070169,0.07340720221606634,0.11024930747922423,0.05263157894736836,0.0903508771929824,0.006925207756232732,0.04025854108956606,0.030470914127423754,0.02696214219759918,-0.18144044321329644,-0.2112650046168053,-0.33518005540166207
4168_2013-08-05,4168,2013-08-05,11250000.0,80.0,111.0,88.0,-0.18828828828828836,-0.16087891605132998,-0.08108108108108103,-0.0740076946973498,-0.06756756756756754,-0.0764093005472315,-0.0855855855855856,-0.09177479867135041,-0.1099099099099099,-0.11786746959160754,-0.09909909909909909,-0.1052883121848639,-0.10720720720720722,-0.10632303390924092,-0.0495495495495496,-0.05662293593328094,-0.05405405405405406,-0.054938227352020585,-0.036036036036036,-0.0298468229502713,0.0,0.0,-0.09009009009009006,-0.09274260998398942,-0.10450450450450444,-0.09301025163094123,-0.04504504504504503,-0.01940401940401948,0.013513513513513598,0.04269123234640482,-0.018018018018018056,0.01204387411283947,-0.04054054054054057,-0.013131168303582186,-0.06306306306306309,-0.04537959710373507,-0.04504504504504503,-0.024709059191817873,-0.009009009009009028,0.018400363227949357,-0.03153153153153154,-0.008543025784405134,-0.04504504504504503,-0.01940401940401948,0.11711711711711703,0.1153487705211842,0.25225225225225234,0.23014791980309224,0.31081081081081074,0.2869381317657178,-0.2792792792792793
5251_2013-08-20,5251,2013-08-20,3000000.0,57.0,81.8,72.3,-0.06112469437652812,-0.09651489401355173,0.05134474327628369,0.03682568701494082,0.011002444987775029,0.011002444987775029,0.025672371638141955,0.029302135703477727,0.008557457212714059,0.013094662294383719,-0.011002444987774918,-0.009187562955107031,0.011002444987775029,0.002835475840769597,0.01344743276283622,0.008002786664832673,0.0024449877750611915,0.0042598698077290775,-0.0024449877750611915,-0.005167310824063076,0.0,0.0,-0.046454767726161306,-0.037380357562821875,-0.059902200488997415,-0.04266082117865255,0.004889975550122383,0.009427180631792043,-0.022004889975550057,-0.022004889975550057,-0.044009779951100225,-0.034935369787760795,-0.05867970660146693,-0.052327619487129384,-0.05134474327628369,-0.05860427140695523,-0.05256723716381417,-0.06617885240882315,-0.03789731051344736,-0.05967589490546177,-0.04034229828850855,-0.06847296979486062,-0.030562347188264005,-0.056878136661948075,-0.0647921760391198,-0.1128865499048185,-0.07334963325183375,-0.13596306337887532,-0.017114914425427785,-0.03617117576844053,-0.3031784841075794
5206_2013-08-27,5206,2013-08-27,30000000.0,16.0,17.6,17.95,0.03977272727272729,0.01436437881537711,0.022727272727272707,0.024542154759940593,0.02840909090909083,0.020242121762085397,0.014204545454545414,0.008759899356541867,0.04545454545454519,0.04726942748721308,0.017045454545454364,0.01432313149645248,0.011363636363636243,0.011363636363636243,0.011363636363636243,0.020438046526975673,-0.011363636363636576,0.0058777429467082865,-0.011363636363636576,-0.006826431281966916,0.0,0.0,-0.03409090909090917,-0.02501649892756974,-0.014204545454545414,-0.007852458340207868,-0.014204545454545414,-0.02146407358521696,-0.039772727272727404,-0.05338434251773638,-0.019886363636363757,-0.04166494802837817,-0.019886363636363757,-0.048017035142715825,-0.022727272727272818,-0.04904306220095689,-0.03693181818181834,-0.06959969476984007,-0.05113636363636376,-0.08561912225705348,-0.045454545454545525,-0.08356706814057102,-0.045454545454545525,-0.08628939118957268,-0.08806818181818188,-0.13706999670021447,-0.09375000000000011,-0.15001134301270425,-0.09375000000000011,-0.10010208711433777,-0.09090909090909094
4162_2013-08-28,4162,2013-08-28,8000000.0,142.0,207.5,194.0,-0.14457831325301207,-0.18761860629330518,-0.17349397590361448,-0.19089324330288182,-0.11566265060240966,-0.13031466525442426,-0.07710843373493981,-0.08443444106094711,-0.07469879518072287,-0.08660355708548473,-0.0698795180722892,-0.07903702722979833,-0.11807228915662649,-0.11807228915662649,-0.09879518072289162,-0.0905534224811333,-0.04096385542168679,-0.04554261000044135,0.024096385542168752,0.014938876384659627,0.0,0.0,0.06987951807228909,0.06713226532503636,0.14457831325301207,0.12809479676949564,0.12771084337349392,0.10481707047972111,0.19277108433734935,0.16163555320181833,0.15421686746987961,0.1166710799240922,0.17349397590361448,0.1377796901893289,0.25542168674698784,0.21329714462244587,0.26265060240963845,0.21869455845359442,0.17590361445783143,0.12828456683878375,0.16144578313253022,0.11107948276622981,0.19036144578313263,0.13724789266957949,0.1879518072289157,0.1394170086941171,0.3012048192771084,0.23069199876428792,0.13734939759036147,0.12086588110684504,-0.3156626506024096
4946_2013-08-28,4946,2013-08-28,4000000.0,39.0,50.8,53.1,0.03740157480314976,-0.0056387182371433475,0.03740157480314976,0.020002307403882424,0.021653543307086576,0.007001528655071976,0.009842519685039353,0.0025165123590320526,0.007874015748031704,-0.004030746156730158,0.017716535433071057,0.008559026275561932,0.003937007874015741,0.003937007874015741,0.0,0.008241758241758323,0.0,-0.0045787545787545625,0.011811023622047223,0.002653514464538098,0.0,0.0,-0.03740157480314954,-0.04014882755040228,-0.05905511811023623,-0.07553863459375265,-0.055118110236220375,-0.07801188312999319,-0.07086614173228334,-0.10200167286781436,-0.06692913385826771,-0.10447492140405512,-0.07480314960629919,-0.11051743532058478,-0.08070866141732269,-0.12283320354186467,-0.0974409448818897,-0.14139698883793372,-0.034448818897637845,-0.08206786651668552,0.03149606299212593,-0.01887023737417448,0.013779527559055094,-0.03933402555449805,-0.030511811023621993,-0.07904660955842058,-0.015748031496062964,-0.08626085200888345,-0.17027559055118113,-0.18675910703469756,-0.23228346456692905
4432_2013-09-05,4432,2013-09-05,5000000.0,60.0,81.0,81.8,-0.006172839506172867,0.019468186134852683,-0.09876543209876543,-0.05632511379637817,-0.09382716049382711,-0.06376526836296958,-0.09135802469135812,-0.06571699905033257,-0.09135802469135812,-0.056875266070668506,-0.10987654320987661,-0.07804630448308625,-0.09135802469135812,-0.07279038543406369,-0.02839506172839501,-0.0160166355568655,-0.012345679012345734,-0.007924812522513758,-0.023456790123456805,-0.02522513671938964,0.0,0.0,-0.01975308641975304,-0.025942299505517852,-0.024691358024691357,-0.032648917706389,-0.01851851851851849,-0.030012771392081805,-0.02716049382716057,-0.04130726659462303,-0.06666666666666676,-0.08346595932802836,-0.07283950617283963,-0.09052297213216776,-0.07407407407407407,-0.08379998035170455,-0.08518518518518525,-0.09491109146281573,-0.0864197530864198,-0.1085240855355799,-0.0864197530864198,-0.1076399122376136,-0.06666666666666676,-0.08435013262599489,-0.016049382716049387,-0.049647968038772805,0.011111111111111072,-0.032213380489242605,0.032098765432098775,0.016183646068703483,-0.2592592592592593
3324_2013-09-10,3324,2013-09-10,7000000.0,13.1,18.55,21.3,0.061994609164420345,0.10045614762595889,-0.021563342318059453,0.023891203136486072,-0.06199460916442057,-0.019162441332252644,-0.03234501347708907,-0.002624733756809272,0.005390835579514697,0.028992234180913345,0.008086253369272267,0.023820519103538107,0.029649595687331498,0.03926498030271619,0.008086253369272267,0.01944988973290873,0.016172506738544534,0.02141726198329985,-0.0026954177897574594,0.0008010857067460853,0.0,0.0,-0.037735849056603765,-0.04035822667898126,-0.05660377358490565,-0.061848528829660854,-0.06199460916442057,-0.0681134902833016,-0.06738544474393526,-0.06563719299568349,-0.05121293800539084,-0.04946468625713907,-0.03504043126684653,-0.04552994175635694,-0.05121293800539084,-0.06082832262077542,-0.0539083557951483,-0.060027236914029336,-0.05660377358490565,-0.0705897875709196,-0.03504043126684653,-0.049900571126986315,-0.03504043126684653,-0.04552994175635694,-0.02425876010781669,-0.04174127759033419,-0.03234501347708907,-0.038463894595970105,0.15094339622641506,0.15269164797466683,-0.29380053908355797
3563_2013-09-25,3563,2013-09-25,5500000.0,56.0,75.8,72.7,0.013192612137203241,0.07262413668500678,-0.01978891820580475,-0.007730348007699783,0.0013192612137205018,0.010793852083660127,-0.0026385224274406704,0.005974741999777211,-0.009234828496042291,0.007130373915671728,-0.00791556728232179,0.00844963512939223,0.0158311345646438,0.02013776677825274,0.0237467018469657,0.028914660503296385,0.00923482849604218,0.01784809292326006,0.005277044854881341,0.006138371297603085,0.0,0.0,-0.0395778364116095,-0.03527120419800056,-0.05013192612137196,-0.036350703037823395,-0.08970976253298146,-0.07851251877759824,-0.10686015831134554,-0.09135628234235327,-0.07519788918205805,-0.05969401321306578,-0.08311345646437995,-0.07105488626627499,-0.09234828496042213,-0.10096154938764001,-0.08311345646437995,-0.09000406800615435,-0.0883905013192613,-0.08580652199109595,-0.1029023746701847,-0.10807033332651561,-0.1029023746701847,-0.10548635399835016,-0.09366754617414241,-0.08505428174692453,-0.15699208443271762,-0.13287494403650746,-0.18601583113456455,-0.17395726093645958,-0.2612137203166227
4107_2013-09-25,4107,2013-09-25,5500000.0,42.0,56.9,46.65,-0.12653778558875217,-0.06710626104094863,-0.06854130052724072,-0.056482730329135755,-0.03163444639718804,-0.022159855527248418,-0.04217926186291743,-0.033565997435699546,-0.03866432337434089,-0.022299120962626873,-0.033391915641476255,-0.017026713229762236,0.0017574692442883233,0.006064101457897264,0.012302284710017597,0.01747024336634828,0.010544815465729274,0.019158079892947155,0.017574692442882345,0.01843601888560409,0.0,0.0,0.008787346221441172,0.013093978435050113,-0.024604569420035083,-0.010823346336486517,-0.04393673110720564,-0.032739487351822416,-0.010544815465729385,0.004959060503262891,-0.03163444639718804,-0.016130570428195767,-0.04745166959578195,-0.035393099397676986,-0.04745166959578195,-0.056064934022999835,0.0035149384885764245,-0.0033756730531979695,0.024604569420035194,0.027188548748200536,0.005272407732864748,0.00010444907653384128,-0.005272407732864637,-0.00785638706103009,-0.005272407732864637,0.0033408566943532447,0.007029876977152849,0.031147017373363006,0.005272407732864748,0.017330977930969715,-0.2618629173989455
3630_2013-10-08,3630,2013-10-08,15000000.0,90.0,105.5,103.5,-0.004739336492891044,0.007350473524380008,-0.05213270142180093,-0.054723374996930474,-0.028436018957345932,-0.02670890324059294,-0.004739336492891044,0.006486915666003568,0.018957345971563955,0.027592924555329024,0.056872037914691864,0.06982540579033958,0.05213270142180093,0.06508606929744865,0.04739336492891,0.05689250137105162,0.028436018957346043,0.01720976679845143,0.06161137440758302,0.05211223796544129,0.0,0.0,-0.014218009478673022,-0.02199003020406165,-0.023696682464455,-0.028878029614714085,0.004739336492890933,-0.004759799949250798,-0.004739336492891044,-0.006466452209644147,0.009478672985782088,-0.0008840213147360831,-0.009478672985781977,-0.015523577994417503,-0.033175355450236976,-0.04440160760913159,-0.004739336492891044,-0.024601167235550725,0.042654028436019065,0.023655755551735824,0.028436018957346043,0.009437746073062803,0.03791469194312791,0.024097766209103755,-0.19715639810426533,-0.1781581252199821,-0.40379146919431286,-0.3787482913013941,-0.376303317535545,-0.38752956969443964,-0.14691943127962082
3615_2013-10-09,3615,2013-10-09,10000000.0,41.0,48.5,46.05,-0.03608247422680411,-0.018944513644113425,0.07628865979381438,0.0857145381142943,0.05567010309278353,0.07452185973374326,0.06804123711340204,0.08432229966695826,0.047422680412370966,0.06798823311159985,0.061855670103092786,0.08242122280232167,0.04948453608247427,0.06662249666516495,0.05154639175257736,0.04811879963603927,0.01134020618556697,0.009626410127297813,-0.019587628865979423,-0.01187554660376855,0.0,0.0,-0.02680412371134011,-0.024233429623936487,-0.05154639175257736,-0.053260187810846515,-0.10927835051546386,-0.10328006431152215,-0.08659793814432992,-0.08916863223173344,-0.08247422680412375,-0.0807604307458547,-0.06391752577319587,-0.06734511788973396,-0.05567010309278353,-0.06766667550066696,-0.07216494845360821,-0.08330462283235707,-0.06804123711340204,-0.0791809114921509,-0.07216494845360821,-0.07816323465755004,-0.07216494845360821,-0.058454579987455624,-0.20618556701030932,-0.1770510340197351,-0.3154639175257732,-0.2657638318359703,-0.21649484536082475,-0.2079258650694794,-0.15463917525773196
1795_2013-10-17,1795,2013-10-17,15000000.0,45.0,67.0,53.6,-0.20895522388059706,-0.20122990199218505,-0.07462686567164178,-0.05917622189481775,-0.07611940298507469,-0.0812696175773493,-0.07014925373134329,-0.0735827301261931,-0.07462686567164178,-0.06861828198065467,-0.07014925373134329,-0.0718659919287683,-0.052238805970149294,-0.051380436871436896,-0.04477611940298509,-0.0482095957978349,-0.08059701492537308,-0.07630516943181087,-0.0626865671641792,-0.06697841265774152,0.0,0.0,-0.04477611940298509,-0.0499263339952597,0.014925373134328401,0.0011914675549293818,0.08507462686567169,0.07219909038498495,0.05970149253731338,0.04682595605662665,0.05970149253731338,0.051976170648901254,0.08507462686567169,0.09709179424764602,0.08208955223880587,0.10183204150919212,0.04477611940298498,0.057651655883671715,0.03134328358208949,0.0399269745692139,0.03432835820895508,0.04033694189994219,0.017910447761193993,0.023919031452181105,-0.05970149253731338,-0.01935814489782839,0.03731343283582089,0.05276407661264493,0.31791044776119404,0.3299276151431684,-0.32835820895522383
3290_2013-11-15,3290,2013-11-15,10000000.0,26.0,31.3,29.5,0.060702875399361034,0.004352249281293075,0.03833865814696491,0.007927209130864643,0.0,-0.025939177101967914,0.007987220447284393,-0.008112958443592166,0.025559105431310014,0.009458926540433454,0.05271565495207664,0.03929883920967958,0.057507987220447365,0.04766898900935601,0.08146964856230032,0.07431401349968847,0.007987220447284393,-0.002746232146633387,-0.012779552715655007,-0.010096189567175617,0.0,0.0,-0.025559105431309903,-0.030031377345442256,-0.06549520766773165,-0.075334205878823,-0.051118210862619806,-0.06721838975349637,-0.03194888178913735,-0.041787880000228705,-0.054313099041533475,-0.046263009596095306,-0.11980830670926512,-0.11265267164665338,-0.12140575079872207,-0.1276669314785075,-0.10543130990415339,-0.1197425800293771,-0.07987220447284349,-0.09955020089502598,-0.07667731629392982,-0.10261649339589773,-0.04952076677316297,-0.07903776140643659,0.025559105431310014,-0.00038007167065789993,0.060702875399361034,0.017769065023690134,-0.030351437699680517,-0.07060188492687192,-0.1693290734824281
8349_2013-12-04,8349,2013-12-04,10000000.0,40.0,48.6,43.1,-0.06172839506172845,-0.04955448201825019,0.008230452674897082,0.026491322240114412,0.0010288065843619965,0.036680980497405424,0.030864197530864113,0.06564680622651631,0.024691358024691246,0.04643048845947384,0.01851851851851838,0.03243156199677921,0.01337448559670773,0.022070137770620724,0.006172839506172867,0.008781535158346787,-0.007201646090534974,-0.008071211307926318,-0.012345679012345734,-0.011476113794954501,0.0,0.0,-0.03292181069958855,-0.03205224548219732,-0.012345679012345734,-0.005389157273215317,-0.017489711934156382,-0.011402755412417198,-0.039094650205761305,-0.041703345857935115,-0.040123456790123524,-0.045340848094471364,-0.039094650205761305,-0.04518160672750049,-0.028806584362139898,-0.02706745392735721,-0.028806584362139898,-0.026197888709965977,-0.034979423868312765,-0.024544641259617084,-0.039094650205761305,-0.033877258901413576,-0.0380658436213992,-0.029370191447486205,0.23045267489711918,0.21219180533190185,0.26543209876543217,0.24717122920021484,0.4814814814814814,0.4545249597423511,-0.17695473251028804
6279_2013-12-05,6279,2013-12-05,8500000.0,82.0,95.4,97.9,-0.012578616352201255,0.0013465359541521282,-0.04612159329140464,-0.011308712525521236,-0.03563941299790363,-0.001696854251167279,-0.027253668763102867,-0.006365940303572848,-0.026205450733752578,-0.013150620446546357,-0.03144654088050314,-0.02361364270817934,-0.02515723270440262,-0.023416588666108407,-0.03563941299790363,-0.037380057036197734,-0.03039832285115307,-0.03039832285115307,-0.002096436058700246,-0.002966758077847298,0.0,0.0,-0.012578616352201255,-0.006486362218171671,-0.02096436058700213,-0.015742428472119596,0.01467505241090139,0.011193764334313183,0.0010482180293500676,-0.005044036104679517,-0.02515723270440262,-0.03211980885757926,-0.03459119496855356,-0.0337208729494064,-0.04088050314465419,-0.039139859106359975,-0.05974842767295596,-0.05017488546233795,-0.048218029350104885,-0.043866419254369515,-0.04612159329140464,-0.03828869511908084,-0.05660377358490576,-0.054863129546611544,-0.08176100628930827,-0.0887235824424849,-0.12683438155136273,-0.14772211001089264,-0.016771488469601747,-0.049843725197190825,-0.14046121593291405
6134_2013-12-09,6134,2013-12-09,7120000.0,7.5,8.74,9.05,-0.0011441647597253413,0.013728976097667545,0.03775743707093815,0.05350546856700111,0.041189931350114284,0.049063947098145655,0.08123569794050334,0.0838603698565138,0.07551487414187652,0.07201531158719576,0.06407322654462244,0.05707410143526115,0.010297482837528626,0.00504813900550749,0.016018306636155666,0.009894072165464562,0.0,-0.005249343832021136,-0.0022883295194507935,-0.0014134388807807152,0.0,0.0,-0.004576659038901698,-0.01332556542560337,-0.013729977116704872,-0.025103555419417112,-0.01830663615560646,-0.030555105096988888,-0.020594965675057142,-0.024969418868407867,-0.010297482837528626,-0.013797045392209384,-0.011441647597253968,-0.007067194403903132,-0.014874141876430325,-0.015749032515100514,-0.0194508009153318,-0.016826128999321344,-0.0240274599542335,-0.027527022508914256,-0.020594965675057142,-0.025844309507078278,-0.01830663615560646,-0.030555105096988888,0.06750572082379858,0.057881923798426715,0.059496567505720854,0.03499962962295622,0.2986270022883295,0.25313268907748077,-0.14187643020594964
3266_2013-12-10,3266,2013-12-10,50000000.0,25.0,26.35,25.25,-0.011385199240986799,0.00856276259769484,0.04554079696394675,0.06201954804807508,0.0436432637571158,0.05491819870941417,0.028462998102466885,0.03366681423429685,0.032258064516129004,0.03399266989340566,0.032258064516129004,0.03572727527068231,0.017077798861480087,0.01967970692739507,0.017077798861480087,0.020547009616033396,0.009487666034155628,0.01902799560917723,0.015180265654648917,0.0238532925410323,0.0,0.0,-0.007590132827324569,-0.010192040893239551,0.0,-0.003469210754553309,-0.015180265654649028,-0.010843752211457391,-0.017077798861480198,-0.011873982729650234,-0.015180265654649028,-0.0021707253250740077,-0.009487666034155628,-0.001681941836410683,-0.020872865275142316,-0.00959793032284395,-0.018975332068311146,-0.013771515936481182,-0.017077798861480198,-0.013608588106926889,-0.018975332068311146,-0.022444542822864455,-0.024667931688804656,-0.027269839754719638,-0.06072106261859589,-0.06332297068451087,-0.04743833017077803,-0.0647843839435448,0.015180265654648917,-0.010838815004501123,-0.05123339658444026
1558_2013-12-11,1558,2013-12-11,6300000.0,128.0,175.0,176.0,0.005714285714285783,0.041181413741967376,-0.005714285714285672,0.008126544735541308,-0.0028571428571428914,0.004928324270884743,-0.02285714285714291,-0.018531883341571964,-0.02857142857142858,-0.022516065249629347,-0.040000000000000036,-0.034809688581314946,-0.020000000000000018,-0.013944636678200784,-0.020000000000000018,-0.007889273356401438,-0.005714285714285672,0.005531389026198763,-0.011428571428571455,-0.00883341571922891,0.0,0.0,-0.03142857142857147,-0.03229362333168584,-0.03142857142857147,-0.024508156203657983,-0.03142857142857147,-0.023643104300543838,-0.040000000000000036,-0.024429065743944656,-0.042857142857142816,-0.03247652001977264,-0.03142857142857147,-0.017587740978744493,-0.008571428571428563,-0.0007859614434009288,-0.008571428571428563,-0.002516065249629329,-0.014285714285714235,-0.015150766188828602,-0.02857142857142858,-0.02857142857142858,-0.03142857142857147,-0.03229362333168584,-0.07999999999999996,-0.07567474048442902,-0.09142857142857141,-0.1035392980721701,-0.05142857142857138,-0.0730548690064261,-0.26857142857142857
5403_2013-12-25,5403,2013-12-25,17500000.0,20.0,26.5,24.15,-0.10566037735849054,-0.09181954690866356,-0.050943396226415194,-0.05180844812952956,-0.060377358490566135,-0.053456943265652646,-0.058490566037735836,-0.0507050989097082,-0.06792452830188678,-0.0523535940458314,-0.07547169811320753,-0.06509107527583735,-0.06603773584905659,-0.05219690539922961,-0.06226415094339621,-0.05447868381536858,-0.0641509433962264,-0.05809558007442717,-0.04150943396226425,-0.04237448586537862,0.0,0.0,-0.049056603773584895,-0.04992165567669926,-0.060377358490566135,-0.0612424103936805,-0.049056603773584895,-0.057707122804726785,-0.05660377358490565,-0.07390481164718943,-0.05283018867924527,-0.06840112293530076,-0.06226415094339621,-0.07523992949010905,-0.06981132075471708,-0.07067637265783144,-0.030188679245283012,-0.028458575439054723,-0.037735849056603765,-0.036005745250375476,-0.04528301886792452,-0.04528301886792452,-0.06226415094339621,-0.05793889142782527,-0.0811320754716981,-0.09324280211529679,-0.050943396226415194,-0.05353855193575785,0.050943396226415194,0.011151008683162544,-0.24528301886792447
8426_2013-12-26,8426,2013-12-26,4000000.0,50.0,74.3,57.0,-0.25572005383580076,-0.24707701148489325,0.009421265141319024,0.017200003257135887,-0.009421265141319024,-0.0007782227904115091,-0.03364737550471064,-0.017225595037986263,-0.05248990578734847,-0.041253950731168665,-0.03633916554508754,-0.021645993548544684,-0.043068640646029666,-0.03442559829512215,0.02288021534320328,0.02979464922392927,-0.006729475100942128,-0.006729475100942128,0.006729475100942128,0.007593779336033002,0.0,0.0,-0.014804845222072593,-0.014804845222072593,-0.016150740242261152,-0.023929478358077905,-0.026917900403768513,-0.04333968087049267,-0.044414535666218,-0.059107707662760856,-0.043068640646029666,-0.05516889993730012,-0.025572005383579954,-0.025572005383579954,-0.05518169582772536,-0.05258878312245319,-0.05248990578734847,-0.04989699308207629,-0.07267833109017485,-0.07181402685508398,-0.13189771197846567,-0.1267118865679211,-0.07133243606998652,-0.06614661065944194,-0.13997308209959625,-0.15380194986104823,-0.09017496635262456,-0.09190357482280609,0.129205921938089,0.08166918900809761,-0.3270524899057873
3624_2014-01-08,3624,2014-01-08,30000000.0,17.0,25.3,21.15,-0.09881422924901184,-0.10054733150204476,-0.08893280632411071,-0.09066590857714363,-0.08695652173913038,-0.08955617511867975,-0.0731225296442688,-0.07572218302381817,-0.07707509881422925,-0.08747371233242673,-0.06719367588932801,-0.08625780067269007,-0.07114624505928857,-0.08847726758961794,-0.025691699604743157,-0.04042306875552293,-0.015810276679842028,-0.0184099300593914,0.011857707509881354,0.011857707509881354,0.0,0.0,-0.07114624505928857,-0.07287934731232149,-0.09090909090909094,-0.08830943752954146,-0.07905138339920947,-0.07645173001965999,-0.10474308300395263,-0.10820928751001846,-0.124505928853755,-0.1262390311067879,-0.11660079051383399,-0.12873250628506439,-0.10869565217391308,-0.12342702132469285,-0.11462450592885387,-0.13108897733266656,-0.11264822134387353,-0.1317123461272356,-0.11462450592885387,-0.12935587507963364,-0.10869565217391308,-0.12516012357772577,-0.10869565217391308,-0.10349634541481423,-0.03359683794466406,-0.043995451462861546,0.06126482213438744,0.0032058966577843684,-0.32806324110671936
2724_2014-01-13,2724,2014-01-13,3130000.0,33.3,38.5,33.3,-0.05974025974025965,-0.05626502081758378,-0.05974025974025965,-0.07277240570029431,-0.04935064935064937,-0.07107089261737387,-0.033766233766233666,-0.05374885757162029,0.033766233766233666,0.016390039152853975,0.054545454545454675,0.04933259616144059,0.025974025974025983,0.02336759678201883,0.036363636363636376,0.03375720717162922,0.049350649350649256,0.045006600697304444,0.0,0.0,0.0,0.0,-0.007792207792207684,-0.013873875906890598,-0.0025974025974025983,-0.00694145125074741,-0.010389610389610393,-0.025159375810983153,-0.02207792207792214,-0.03945411669130183,-0.02207792207792214,-0.04119173615263971,-0.012987012987012991,-0.034707256253737495,-0.01948051948051943,-0.03685671409389912,-0.0181818181818183,-0.03729563225653587,-0.025974025974025983,-0.04248141085673662,-0.01948051948051943,-0.038594333555237004,-0.03506493506493513,-0.03593374479560418,-0.036363636363636376,-0.0467893531316641,-0.09350649350649354,-0.1065386394665282,-0.0181818181818183,-0.0807361187899851,-0.1350649350649351
2636_2014-02-12,2636,2014-02-12,10000000.0,22.0,26.2,30.3,0.1202290076335879,0.10705956075035705,0.04770992366412208,0.019615103646562826,0.06679389312977091,0.03694314686111433,0.059160305343511466,0.03194344845150088,0.03435114503816794,0.00450039876951136,0.001908396946564972,-0.00950512368556855,-0.022900763358778553,-0.0027076114711577226,-0.003816793893129722,0.012864505492296119,-0.007633587786259555,-0.0014878459074184613,-0.009541984732824416,-0.0033962428539833223,0.0,0.0,0.024809160305343525,0.014273602798758889,0.0,-0.007901668129938422,-0.005725190839694583,-0.0232844533506692,0.01717557251908386,-0.0003836899918907566,0.01526717557251911,-0.005803939440650163,0.007633587786259444,-0.013437527226909829,-0.007633587786259555,-0.01992507154394174,-0.013358778625954137,-0.035307856764672296,-0.001908396946564861,-0.01858969633199059,-0.011450381679389388,-0.03252149669255866,0.05343511450381677,0.027974183862903734,0.022900763358778775,-0.02626517167194997,0.05343511450381677,0.003391216347539361,-0.0782442748091603,-0.1519931773552532,-0.16030534351145032
4944_2014-02-12,4944,2014-02-12,30000000.0,25.0,36.6,24.7,-0.20491803278688525,-0.2180874796701161,-0.23497267759562845,-0.2630674976131877,-0.2213114754098361,-0.25116222167849267,-0.16803278688524592,-0.1952496437772565,-0.1816939890710383,-0.21154473533969487,-0.12568306010928965,-0.13709658074142317,-0.06557377049180324,-0.04538061860418241,-0.04371584699453557,-0.027034547609109727,-0.04371584699453557,-0.037570105115694474,-0.02732240437158473,-0.021176662492743636,0.0,0.0,-0.051912568306010876,-0.06244812581259551,-0.05464480874316935,-0.06254647687310777,-0.07650273224043724,-0.09406199475141186,-0.058743169398907114,-0.07630243190988173,-0.030054644808743203,-0.051125759821912475,0.03688524590163933,0.015814130888470057,0.002732240437158584,-0.009559243320523603,0.017759562841529908,-0.004189515297188251,0.005464480874316724,-0.011216818511109006,0.07513661202185795,0.05406549700868868,0.05464480874316946,0.029183878102256422,0.04371584699453557,-0.005450088036193179,0.008196721311475308,-0.0418471768448021,-0.19535519125683065,-0.26910409380292355,-0.31693989071038253
8929_2014-02-12,8929,2014-02-12,4000000.0,36.0,44.45,38.4,-0.07199100112485946,-0.0851604480080903,-0.008998875140607598,-0.03709369515816685,-0.013498312710911176,-0.043349058979567756,-0.003374578177727905,-0.030591435069738493,-0.0011248593925760053,-0.030975605661232586,-0.014623172103487181,-0.026036692735620703,-0.010123734533183382,0.010069417354437449,0.01012373453318327,0.02680503391860911,0.011248593925759387,0.01739433580460048,0.00787401574803126,0.014019757626872353,0.0,0.0,-0.021372328458942658,-0.031907885965527294,-0.032620922384701934,-0.040522590514640355,-0.03824521934758163,-0.05580448185855624,-0.06749156355455566,-0.08505082606553027,-0.04049493813273353,-0.0615660531459028,-0.023622047244094557,-0.04469316225726383,-0.028121484814398245,-0.04041296857208043,-0.030371203599550034,-0.05232028173826819,0.023622047244094446,0.006940747858668717,0.01237345331833506,-0.008697661694834213,-0.003374578177727905,-0.028835508818640943,0.3115860517435318,0.2624201167128031,0.34533183352080976,0.29528793536453235,0.140607424071991,0.0668585215258981,-0.1901012373453319
2230_2014-02-17,2230,2014-02-17,5000000.0,16.0,22.25,19.4,-0.1123595505617978,-0.10545704840476577,-0.09213483146067414,-0.10421421023547983,-0.09662921348314601,-0.09058952409574306,-0.10786516853932582,-0.07076421944527911,-0.08539325842696621,-0.051743560411435574,-0.07415730337078641,-0.05086135859080365,-0.08089887640449445,-0.05760293162451169,-0.08089887640449445,-0.06364262101191465,-0.08089887640449445,-0.07399637424746242,-0.06516853932584266,-0.05567759885992374,0.0,0.0,-0.0561797752808989,-0.0561797752808989,-0.07640449438202246,-0.07985574546053831,-0.0561797752808989,-0.05963102635941475,-0.07415730337078641,-0.06898042675301241,-0.07191011235955058,-0.0762241762076955,-0.08764044943820226,-0.08677763666857319,-0.07415730337078641,-0.07760855444930226,-0.05842696629213484,-0.06619228121879561,-0.06516853932584266,-0.0712082287132455,-0.06067415730337089,-0.06067415730337089,-0.06292134831460672,-0.058607284466461795,-0.0337078651685393,-0.05872943548777998,0.04943820224719109,0.003709125456854645,-0.19999999999999996,-0.2655737704918031,-0.2808988764044944
3562_2014-03-04,3562,2014-03-04,30000000.0,10.0,10.45,8.05,-0.1435406698564593,-0.155620048631265,-0.215311004784689,-0.215311004784689,-0.23444976076555024,-0.2379010118440661,-0.28421052631578936,-0.2876617773943052,-0.28421052631578936,-0.27903364969801536,-0.23444976076555024,-0.23876382461369516,-0.18181818181818166,-0.18095536904855258,-0.125358851674641,-0.12881010275315685,-0.06507177033492817,-0.07283708526158894,-0.014354066985645786,-0.020393756373048633,0.0,0.0,-0.0842105263157894,-0.07989646246764448,-0.14736842105263148,-0.15340811044003433,-0.09186602870813387,-0.11257353517922963,-0.15502392344497606,-0.18004549376421675,-0.20574162679425823,-0.22472350772609584,-0.1866028708133971,-0.2107616283630087,-0.13014354066985645,-0.14481135775354914,-0.16937799043062196,-0.2004392501372655,-0.13875598086124397,-0.15946348733233973,-0.07846889952153091,-0.09745078045336852,-0.014354066985645786,-0.03937563730488647,-0.11004784688995206,-0.1557769236802885,-0.14736842105263148,-0.20517687661777384,-0.22296650717703348,-0.31701309906659336,-0.04306220095693769
6287_2014-03-10,6287,2014-03-10,32000000.0,6.8,11.2,9.03,-0.3821428571428571,-0.33500481000480997,-0.0982142857142857,-0.07801226551226559,-0.1517857142857142,-0.1265331890331889,-0.1964285714285714,-0.1753848003848003,-0.15535714285714275,-0.13852212602212588,-0.1651785714285714,-0.1466600529100529,-0.18571428571428572,-0.1613035113035114,-0.1767857142857142,-0.14816618566618567,-0.11964285714285716,-0.10112433862433867,-0.05803571428571419,-0.05382696007695997,0.0,0.0,-0.08035714285714268,-0.07446488696488673,-0.017857142857142794,-0.01701539201539204,-0.017857142857142794,-0.007756132756132628,-0.008928571428571397,-0.014820827320827235,-0.044642857142857095,-0.04043410293410288,-0.05357142857142849,-0.04767917267917254,-0.049107142857142794,-0.049107142857142794,-0.08035714285714268,-0.0778318903318902,-0.1116071428571429,-0.09645562770562777,-0.11696428571428563,-0.1018127705627705,-0.07142857142857129,-0.058802308802308634,-0.33839285714285705,-0.3619618807118806,-0.39642857142857146,-0.43599086099086104,-0.4044642857142857,-0.471804353054353,-0.3928571428571428
5213_2014-04-24,5213,2014-04-24,20000000.0,20.5,21.85,22.9,0.05491990846681927,0.08655007878312093,0.05491990846681927,0.06221917853981185,0.04576659038901609,0.05387689047011912,0.0366132723112127,0.046345632408536286,0.05034324942791746,0.05520942947657925,0.05720823798626995,0.06288544804304208,0.05949656750572063,0.06760686758682366,0.04347826086956519,0.04510032088578586,0.034324942791762014,0.035947002807982686,0.01830663615560635,0.016684576139385676,0.0,0.0,-0.009153318077803285,-0.010775378094023957,-0.0434782608695653,-0.02806869071546969,-0.022883295194508046,-0.01639505512962569,-0.01830663615560646,-0.013440456106944665,-0.029748283752860538,-0.019204893647426613,-0.027459954233409634,-0.021782744176637503,-0.011441647597253968,-0.004142377524261387,-0.020594965675057364,-0.018972905658836692,-0.020594965675057364,-0.016539815634505906,-0.020594965675057364,-0.02383908570749871,-0.027459954233409634,-0.02421583420096851,-0.059496567505720854,-0.07733922768414758,-0.06178489702517165,-0.09665918737391455,-0.080091533180778,-0.1749820441296831,-0.06178489702517165
6024_2014-05-27,6024,2014-05-27,19910000.0,23.3,27.95,27.9,-0.012522361359570633,0.01602640945724143,-0.012522361359570633,0.01285432381092888,-0.017889087656529523,0.0019364476329233327,-0.019677996422182487,0.000940560278848368,-0.019677996422182487,-0.0006454825443078516,-0.019677996422182487,-0.0006454825443078516,-0.01610017889087656,-0.0010327720708924737,-0.01073345259391778,0.009092082695535075,-0.008944543828264706,-0.0026003725356398277,-0.005366726296958779,-0.0006085978274901205,0.0,0.0,-0.014311270125223596,-0.015104291536801706,-0.008944543828264706,-0.019253822178780355,-0.007155635062611743,-0.012706784943658511,-0.008944543828264706,-0.009737565239842816,-0.019677996422182487,-0.021264039245338706,-0.019677996422182487,-0.025229146303229255,-0.017889087656529523,-0.02344023753757629,-0.01610017889087656,-0.024030393006657658,-0.012522361359570633,-0.02441768253324228,-0.01073345259391778,-0.028972945060214528,-0.017889087656529523,-0.03533555871124816,-0.13774597495527718,-0.16312266012577692,-0.16457960644007152,-0.2407096619515703,-0.19677996422182464,-0.27370304114490174,-0.1663685152057245
5206_2014-06-06,5206,2014-06-06,30000000.0,14.0,14.25,14.5,0.01403508771929829,0.03848303724611213,0.0,0.011829652996845463,-0.0035087719298245723,0.006743594000774733,0.007017543859649145,0.01253804859151042,0.01403508771929829,0.01876694891803643,0.01403508771929829,0.009303226520560148,0.01403508771929829,0.01403508771929829,0.010526315789473717,0.015258176988211858,0.0,0.0039432176656151174,0.0035087719298245723,0.0035087719298245723,0.0,0.0,0.01403508771929829,0.011669157119929219,0.01403508771929829,0.007725939454314101,0.010526315789473717,-0.002091980740494881,0.021052631578947434,0.00922297858210186,0.024561403508772006,0.015097681111295724,0.021052631578947434,0.013954839780840222,0.01403508771929829,0.006148652388068054,0.010526315789473717,-0.004457911339863729,0.007017543859649145,-0.010332613869057594,0.007017543859649145,-0.017430405667164806,0.010526315789473717,-0.01076705960484814,-0.038596491228070184,-0.10641983507665065,-0.03508771929824561,-0.09975648901433398,0.01754385964912286,-0.08340251259062481,-0.01754385964912286
1584_2014-06-19,1584,2014-06-19,20000000.0,11.5,13.6,14.0,0.007352941176470562,0.04921340629274973,0.014705882352941346,0.031760145918832805,0.014705882352941346,0.02943456452348403,0.014705882352941346,0.02555859553123596,0.014705882352941346,0.019357045143639007,0.02941176470588247,0.03483812129502972,0.03676470588235303,0.04451664386684917,0.014705882352941346,0.02478340173278626,0.007352941176470562,0.016655266757865883,0.007352941176470562,0.009678522571819448,0.0,0.0,0.06985294117647056,0.0628761969904239,0.047794117647058876,0.04391814865481081,0.014705882352941346,0.011605107159142758,0.03308823529411775,0.028437072503420202,0.02205882352941191,0.019733242134063023,0.003676470588235281,-0.009501823985408109,0.02205882352941191,0.008880528955768519,0.02205882352941191,-0.0004217966256268024,0.03308823529411775,0.0013052895576837198,0.05147058823529416,0.011160510715914507,0.025735294117646967,-0.023877108983128226,-0.014705882352941124,-0.06121751025991795,-0.051470588235294046,-0.07860237118103053,-0.11397058823529405,-0.16435818513451894,-0.15441176470588236
8418_2014-06-25,8418,2014-06-25,8000000.0,25.5,30.6,30.0,0.016339869281045694,0.042574437182280156,0.013071895424836555,0.023102759622367297,0.008169934640522847,0.02051561365286847,0.009803921568627416,0.02446441539578781,0.009803921568627416,0.023692810457516256,0.05228758169934644,0.05923202614379097,0.034313725490195957,0.038943355119825496,0.02777777777777768,0.0254629629629628,0.02941176470588225,0.0301833696441538,-0.0016339869281045694,-9.077705156146365e-05,0.0,0.0,-0.042483660130719025,-0.04016884531590437,-0.05882352941176472,-0.06731118373275224,-0.05228758169934644,-0.06077523602033397,-0.044117647058823595,-0.06186456063907064,-0.07189542483660138,-0.09890159767610751,-0.09313725490196079,-0.12863108206245466,-0.09313725490196079,-0.13789034132171396,-0.08333333333333337,-0.12808641975308654,-0.10457516339869288,-0.14778503994190273,-0.10457516339869288,-0.1500998547567176,-0.0980392156862745,-0.14510711692084233,-0.16993464052287588,-0.22549019607843146,-0.20588235294117652,-0.21977124183006558,-0.19281045751633996,-0.24219317356572267,-0.16666666666666674
8076_2014-06-27,8076,2014-06-27,11000000.0,132.0,200.0,151.0,-0.14249999999999996,-0.11266067329762819,-0.08999999999999997,-0.06704667176740631,-0.06999999999999995,-0.047811782708492734,-0.06999999999999995,-0.05469778117827084,-0.06499999999999995,-0.05199311400153028,0.0,0.006120887528691554,-0.012499999999999956,-0.003318668706962513,0.040000000000000036,0.04994644223412381,0.020000000000000018,0.028416220351951016,0.012499999999999956,0.023211553175210176,0.0,0.0,-0.0625,-0.0625,-0.022499999999999964,-0.03168133129303752,-0.040000000000000036,-0.05836266258607514,-0.057499999999999996,-0.08427888293802599,-0.030000000000000027,-0.06596021423106357,-0.05249999999999999,-0.08846021423106354,-0.040000000000000036,-0.0744299923488907,-0.04500000000000004,-0.08172532517215003,-0.04749999999999999,-0.08575554705432287,-0.05249999999999999,-0.09840665646518754,-0.04749999999999999,-0.09264154552410109,-0.23250000000000004,-0.2653997704667178,-0.26,-0.27071155317521045,-0.20750000000000002,-0.22968821729150735,-0.33999999999999997
3360_2014-07-07,3360,2014-07-07,20000000.0,22.0,25.8,15.2,-0.0794573643410853,-0.021850274237687928,-0.054263565891472965,-0.009950419658090404,-0.007751937984496138,0.035084103374440456,0.02325581395348819,0.06830751262409374,0.0,0.03471196454948311,0.0,0.03471196454948311,-0.015503875968992276,0.010345459333814255,-0.013565891472868241,0.003420814583261822,-0.06395348837209314,-0.05509085912541645,-0.046511627906976716,-0.046511627906976716,0.0,0.0,0.06976744186046524,0.07124454673491143,0.11627906976744184,0.11554051733021886,0.10465116279069764,0.10243550547902869,0.046511627906976605,0.036910446223077154,0.029069767441860517,0.02020713819518405,0.032945736434108364,0.018174687689647584,0.009689922480620172,-0.008773888449955969,0.029069767441860517,0.019468585757961065,0.003875968992248069,0.006830178741140336,-0.036821705426356544,-0.03386749567746428,-0.07751937984496127,-0.074565170096069,0.046511627906976605,0.08270069733090579,-0.054263565891472965,-0.05500211832869595,-0.0174418604651162,0.015054446772697738,-0.1472868217054264
4533_2014-07-07,4533,2014-07-07,15000000.0,13.2,16.6,15.85,-0.009036144578313365,0.04857094552508401,-0.015060240963855387,0.029252905269527174,-0.009036144578313365,0.03379989678062323,-0.02108433734939763,0.023967361321207914,-0.012048192771084487,0.022663771778398623,-0.006024096385542244,0.028687868163940866,0.012048192771084265,0.037897528073890796,0.0030120481927708997,0.019998754248900963,-0.015060240963855387,-0.006197611717178697,-0.009036144578313365,-0.009036144578313365,0.0,0.0,-0.03313253012048201,-0.03165542524603582,-0.04518072289156638,-0.045919275328789366,-0.05421686746987964,-0.05643252478154859,-0.05421686746987964,-0.06381804915377909,-0.0813253012048194,-0.09018793045149587,-0.06927710843373502,-0.0840481571781958,-0.06325301204819278,-0.08171682297876892,-0.07530120481927716,-0.08490238650317661,-0.07831325301204828,-0.07535904326315601,-0.08734939759036153,-0.08439518784146927,-0.06325301204819278,-0.060298802299300513,-0.07831325301204828,-0.04212418358811909,-0.030120481927710885,-0.03085903436493387,-0.027108433734939874,0.005387873502874063,-0.20481927710843384
8409_2014-07-09,8409,2014-07-09,4880000.0,50.0,57.7,63.4,-0.0034662045060659397,0.04967032685924766,-0.08145580589254775,-0.03569934832797217,-0.05719237435008673,-0.021768020106544217,-0.03986135181975747,-0.004436997576214963,0.025996533795493937,0.05256479947815074,0.09705372616984387,0.11476590329161518,0.020797227036394972,0.030391322977354474,0.008665511265164572,0.009403518645238362,-0.008665511265164683,-0.007927503885090892,-0.024263431542461134,-0.02204940940223965,0.0,0.0,-0.020797227036395194,-0.022273241796542775,-0.036395147313691534,-0.04525123587457702,-0.036395147313691534,-0.04451322849450323,-0.03986135181975747,-0.05388349204115972,-0.05372616984402079,-0.07143834696579199,-0.060658578856152556,-0.06951466741703805,-0.08145580589254775,-0.0777657689921788,-0.05892547660311964,-0.05523543970275069,-0.015597920277296451,-0.011907883376927497,-0.04679376083188913,-0.051959812492405666,-0.045060658578856216,-0.05465475451981572,-0.1993067590987868,-0.16904845651576106,-0.2079722703639515,-0.2101862925041731,-0.11611785095320626,-0.10061969597165643,-0.13344887348353562
6259_2014-07-28,6259,2014-07-28,5000000.0,13.7,15.5,11.9,-0.15161290322580645,-0.11761438142240643,-0.1064516129032258,-0.11605989080418655,-0.0741935483870968,-0.08971461268864878,-0.05483870967741933,-0.07405526547934105,0.00967741935483879,-0.0006699568461958627,0.012903225806451646,0.015120520706673468,-0.006451612903225823,-0.004234318003004001,-0.032258064516129004,-0.03004076961590718,-0.041935483870967794,-0.048587368571632705,0.022580645161290214,0.011494170660181657,0.0,0.0,-0.032258064516129004,-0.03004076961590718,-0.05483870967741933,-0.0518823164771236,-0.04516129032258065,-0.04811768352287604,-0.05161290322580647,-0.03830913382447598,-0.032258064516129004,-0.011563312114059476,-0.03548387096774197,-0.01996280666618966,-0.012903225806451535,0.02257349259709618,-0.048387096774193505,-0.019562263071311037,-0.041935483870967794,-0.013110650168085325,-0.05161290322580647,-0.022788069522924004,-0.04516129032258065,-0.021510144720215396,-0.3032258064516129,-0.3180077724530912,-0.26774193548387104,-0.29139308108623596,0.4161290322580644,0.45086665236153833,-0.11612903225806459
3202_2014-07-30,3202,2014-07-30,25000000.0,8.6,10.95,8.63,-0.2100456621004565,-0.19670244490253208,0.022831050228310446,0.0005923548984365645,0.091324200913242,0.07798098371531781,0.06849315068493156,0.06775186084060247,-0.004566210045662045,-0.00530749988999113,-0.01826484018264829,-0.019006130026977375,-0.013698630136986134,-0.023335398113264683,-0.022831050228310557,-0.03691555727056406,-0.0547945205479452,-0.057759679925261764,-0.041095890410958846,-0.04183718025528793,0.0,0.0,-0.08219178082191769,-0.0881220995765506,-0.08675799086757985,-0.07637993304697199,-0.08219178082191769,-0.06440082455801843,-0.06849315068493156,-0.055891223331336226,-0.0876712328767123,-0.055054479726230454,-0.10867579908675795,-0.08273065453523831,-0.05022831050228305,-0.024283165950763408,-0.059360730593607136,-0.0334155860420875,0.004566210045662267,0.02532232568687809,0.0365296803652968,0.05654450616218354,0.05936073059360725,0.0697387884142151,0.03196347031963476,0.005277035923785922,0.17808219178082196,0.16399768473856846,-0.1059360730593607,-0.040702566758396896,-0.21461187214611865
3416_2014-07-30,3416,2014-07-30,5000000.0,50.0,69.1,67.0,-0.004341534008682979,0.009001683189241438,-0.026049204052098318,-0.0482878993819722,-0.0361794500723589,-0.049522667270283094,-0.026049204052098318,-0.026790493896427403,-0.02894356005788712,-0.029684849902216204,-0.01881331403762654,-0.019554603881955623,-0.010130246020260358,-0.019767013996538907,0.01591895803183796,0.0018344509895844574,0.01157742402315498,0.008612264645838419,0.005788712011577601,0.0050474221672485164,0.0,0.0,-0.14327062228654108,-0.14920094104117398,-0.14471780028943548,-0.13433974246882763,-0.14327062228654108,-0.12547966602264182,-0.14327062228654108,-0.13066869493294575,-0.14471780028943548,-0.11210104713895364,-0.16787264833574522,-0.14192750378422558,-0.175108538350217,-0.14916339379869736,-0.19536903039073794,-0.1694238858392183,-0.18668596237337187,-0.16592984673215605,-0.18234442836468878,-0.16232960256780204,-0.18523878437047758,-0.17486072654986973,-0.1736613603473226,-0.20034779474317144,-0.2141823444283647,-0.2282668514706182,-0.2503617945007236,-0.1851282881997598,-0.2764109985528219
4927_2014-07-31,4927,2014-07-31,12500000.0,42.5,52.0,43.3,-0.17211538461538467,-0.16106158947905458,0.011538461538461497,0.004169264780908177,0.028846153846153744,0.03400459157644109,0.03653846153846141,0.041696899268748755,0.03653846153846141,0.041696899268748755,0.019230769230769162,0.015546170851992391,-0.0038461538461539435,-0.011952270279462884,0.01538461538461533,0.01833229408763648,-0.011538461538461608,-0.006380023808174262,-0.039423076923076894,-0.03352771951703426,0.0,0.0,-0.07115384615384623,-0.0549416132872288,-0.0788461538461539,-0.05526472422198303,-0.08461538461538454,-0.06619239272150101,-0.09423076923076923,-0.0559109460914915,-0.09615384615384615,-0.06446630009636656,-0.0923076923076922,-0.060620146250212614,-0.10000000000000009,-0.0683124539425205,-0.07211538461538458,-0.04558627628819234,-0.0855769230769231,-0.05978473442548615,-0.08942307692307694,-0.0732108440564595,-0.09807692307692306,-0.08702312794059297,-0.09615384615384615,-0.11826143642650633,-0.06153846153846154,-0.06006462218695097,-0.24038461538461542,-0.17258800521512396,-0.1826923076923077
3372_2014-08-12,3372,2014-08-12,100000000.0,9.5,11.6,11.2,-0.06034482758620685,-0.10046594794956798,-0.02155172413793105,-0.04274778772612198,-0.025862068965517127,-0.05311415072176229,-0.025862068965517127,-0.03646010075961259,0.0,-0.003028009084027339,-0.012931034482758674,-0.021258059463833634,-0.01724137931034475,-0.00512934297423584,-0.0431034482758621,-0.03780443237881448,-0.0387931034482758,-0.03349408755122818,-0.034482758620689724,-0.029183742723642103,0.0,0.0,-0.01724137931034475,-0.017998381581351586,-0.025862068965517127,-0.03646010075961259,-0.0387931034482758,-0.054690151139418886,-0.0387931034482758,-0.054690151139418886,-0.0387931034482758,-0.05166214205539177,-0.0387931034482758,-0.06453118066250751,-0.051724137931034475,-0.08124722650030014,-0.0818965517241379,-0.10990563575139012,-0.08620689655172409,-0.12708501918609205,-0.09482758620689657,-0.1341917042992511,-0.09051724137931028,-0.12912435720065774,-0.10344827586206895,-0.14281239395442347,-0.1439655172413793,-0.15153553995144742,-0.17155172413793107,-0.15716868098880155,-0.18103448275862066
2233_2014-08-13,2233,2014-08-13,8000000.0,92.0,124.0,128.5,0.05241935483870974,0.00930286467229502,0.032258064516129004,0.005783026694646365,0.04435483870967749,0.034521253233126714,0.032258064516129004,0.0299887755600019,0.04435483870967749,0.036790542189253816,0.032258064516129004,0.04511736860084903,0.012096774193548487,0.018148211409887205,-0.056451612903225756,-0.05040017568688704,-0.09677419354838712,-0.0907227563320484,-0.04435483870967738,-0.04359840905763501,0.0,0.0,-0.056451612903225756,-0.06628519837977653,-0.028225806451612878,-0.043354399492460005,-0.04435483870967738,-0.05948343175052451,-0.06854838709677424,-0.08065126152945212,-0.05241935483870963,-0.07738153335610753,-0.07258064516129037,-0.10132497193890011,-0.08870967741935487,-0.1159411448928801,-0.032258064516129004,-0.07234883607437426,-0.048387096774193505,-0.08696500902835402,-0.028225806451612878,-0.0660472890537308,-0.008064516129032251,-0.055719584207700956,0.016129032258064502,-0.01866673173588418,-0.056451612903225756,-0.054182323947098765,-0.24919354838709684,-0.23557781465033445,-0.25806451612903225
6179_2014-08-20,6179,2014-08-20,14000000.0,23.0,27.35,20.15,-0.018281535648994485,-0.02344758730951102,0.20292504570383896,0.2331833482868647,0.11882998171846437,0.14908828430149013,0.042047531992687404,0.07230583457571316,0.042047531992687404,0.06713978291519662,0.042047531992687404,0.06640177553512294,0.02376599634369292,0.038526143945168956,0.01645338208409508,0.026047478025054582,-0.007312614259597949,0.0022814816813615524,0.02376599634369292,0.03631212180494747,0.0,0.0,-0.042047531992687515,-0.04573756889305647,-0.05667276051188297,-0.05888678265210456,-0.05667276051188297,-0.071432908113359,-0.040219378427788,-0.053503511269116455,0.025594149908592323,0.01304802444733788,-0.010968921389396757,-0.0331091427916107,-0.014625228519195677,-0.0382414646815572,-0.031078610603290757,-0.05248082462543091,-0.038391224862888484,-0.06864952744591435,-0.054844606946983565,-0.0696047545484596,-0.060329067641682,-0.08246928904389594,-0.04570383912248632,-0.047179853882633904,0.11151736745886653,0.14472769956218756,0.027422303473491727,0.05768060605651748,-0.15904936014625237
4510_2014-08-22,4510,2014-08-22,15000000.0,16.0,21.0,23.75,0.06190476190476191,0.06558664702994599,0.03571428571428581,0.06811487481590583,0.04761904761904767,0.0748649975454101,0.028571428571428692,0.0550810014727543,0.03571428571428581,0.052650957290132694,0.042857142857142705,0.05463917525773199,0.033333333333333215,0.0451153657339225,0.01904761904761898,0.033775159548355305,0.01666666666666683,0.01887579774177739,0.0,-0.0014727540500736325,0.0,0.0,-0.08095238095238089,-0.09347079037800676,-0.09047619047619038,-0.10152184585174262,-0.06666666666666665,-0.07697594501718186,-0.06904761904761902,-0.08892979872361306,-0.08095238095238089,-0.10230731467844856,-0.0714285714285714,-0.09057437407952862,-0.06190476190476191,-0.08988708885616092,-0.05238095238095242,-0.06489936180657829,-0.06904761904761902,-0.08892979872361306,-0.06190476190476191,-0.07810505645557186,-0.06666666666666665,-0.08286696121747661,-0.08095238095238089,-0.06696121747668127,-0.0714285714285714,-0.05301914580265088,-0.23333333333333328,-0.1891507118311242,-0.23809523809523814
8071_2014-08-26,8071,2014-08-26,11500000.0,21.0,22.4,24.55,0.0714285714285714,0.08890854229528666,0.0758928571428572,0.1130377952346272,0.0714285714285714,0.0991051919675372,0.04017857142857162,0.06275686713141226,0.022321428571428603,0.04489972427426925,-0.03794642857142849,-0.012454804390802154,-0.0200892857142857,-0.006979307564249249,0.017857142857143016,0.02732546040994721,-0.006696428571428492,0.004228553220268494,-0.004464285714285587,-0.005920949953178489,0.0,0.0,-0.006696428571428492,-0.005968096451981819,-0.008928571428571397,-0.01766855686192903,-0.015624999999999889,-0.025821649672250202,-0.017857142857142794,-0.025868796171053976,-0.022321428571428603,-0.0390730673186972,-0.022321428571428603,-0.023778092810321505,-0.022321428571428603,-0.031061414004786236,-0.024553571428571286,-0.029651896264696442,-0.024553571428571286,-0.029651896264696442,-0.011160714285714302,-0.019900699719071935,-0.017857142857142794,-0.017857142857142794,-0.0647321428571428,-0.03414219384039108,-0.0669642857142857,-0.023992690666944094,-0.04687499999999989,-0.017013383102694513,-0.06249999999999989
2734_2014-08-27,2734,2014-08-27,4000000.0,36.0,47.6,59.9,0.19537815126050417,0.2063110958669182,0.11344537815126055,0.14041330818041498,0.05882352941176472,0.08068941862459267,-0.005252100840336116,0.016613788372491833,-0.060924369747899165,-0.03614302864002761,-0.037815126050420256,-0.025424455496484533,-0.05882352941176483,-0.05007717372663367,-0.08403361344537819,-0.07382953181272534,-0.06932773109243706,-0.07151432001371993,-0.04936974789915971,-0.05009861087292089,0.0,0.0,-0.09663865546218486,-0.10611387412107709,-0.09873949579831942,-0.10967244040473334,-0.09978991596638653,-0.1085362716515178,-0.07773109243697485,-0.09522380380723738,-0.10504201680672265,-0.10722860572800552,-0.10504201680672265,-0.11451723546561487,-0.09033613445378164,-0.09616703824386907,-0.08823529411764708,-0.09406619790773452,-0.10084033613445387,-0.1103155547933461,-0.11764705882352944,-0.11837592179729062,-0.11764705882352944,-0.11473160692848583,-0.15966386554621848,-0.12103412793688917,-0.14810924369747913,-0.11020836906191067,-0.20168067226890762,-0.1732550162922314,-0.24369747899159666
8155_2014-09-03,8155,2014-09-03,10000000.0,31.0,40.5,39.7,-0.09382716049382711,-0.04946352413019084,-0.0864197530864198,-0.07551066217732894,-0.09506172839506177,-0.08269809203142553,-0.06913580246913575,-0.06913580246913575,-0.0679012345679012,-0.06644668911335583,-0.0469135802469135,-0.044731762065095215,-0.0469135802469135,-0.05418630751964082,-0.0469135802469135,-0.055640852974186195,-0.03703703703703709,-0.04358249158249172,-0.00987654320987652,-0.025149270482603847,0.0,0.0,-0.06913580246913575,-0.07640852974186307,-0.0888888888888889,-0.09252525252525257,-0.07901234567901239,-0.08264870931537605,-0.08395061728395059,-0.09122334455667791,-0.06419753086419755,-0.06274298540965217,-0.0864197530864198,-0.08132884399551077,-0.10123456790123464,-0.08668911335578011,-0.11851851851851847,-0.10397306397306394,-0.13209876543209875,-0.10955331088664422,-0.13580246913580252,-0.1205297418630753,-0.125925925925926,-0.11283501683501684,-0.14074074074074083,-0.09346801346801359,-0.2691358024691358,-0.19059034792368135,-0.24938271604938278,-0.2312008978675646,-0.23456790123456794
8349_2014-09-12,8349,2014-09-12,10000000.0,80.0,113.0,113.0,-0.06194690265486724,-0.04294105470165066,-0.06194690265486724,-0.07583579154375586,-0.03982300884955747,-0.0515189152823059,0.026548672566371723,0.0060808363090618656,-0.017699115044247815,-0.022816074108575224,-0.02212389380530977,-0.034550794390105,-0.04867256637168138,-0.05744449619624259,-0.03539823008849563,-0.04417015991305684,-0.017699115044247815,-0.030126015629043046,-0.026548672566371723,-0.030203643326605745,0.0,0.0,-0.053097345132743334,-0.0435944211561351,-0.03982300884955747,-0.030320084872949238,-0.030973451327433676,-0.013429591678310815,-0.008849557522123908,0.001384360606531132,0.05752212389380529,0.06556305956632003,0.030973451327433565,0.03682140454380789,0.01327433628318575,0.03447316669254252,-0.017699115044247815,0.005692697821249371,-0.017699115044247815,0.009347668581483282,-0.03982300884955747,-0.0040042953992650565,-0.04424778761061943,-0.0033121150959993795,-0.03539823008849563,0.02892925529162138,-0.19469026548672563,-0.11939786782590689,-0.09292035398230092,-0.0629495937483826,-0.2920353982300885
3373_2014-09-22,3373,2014-09-22,10000000.0,21.0,30.7,25.15,-0.14983713355048855,-0.1608665453151944,-0.08794788273615628,-0.1026537650890974,-0.02442996742671011,-0.042812320367886514,0.01791530944625408,0.008356485916842127,-0.016286644951140072,-0.022168997892316522,-0.0700325732899022,-0.06635610270166692,-0.05211726384364812,-0.04844079325541284,-0.013029315960912058,-0.0012646100785591585,-0.03583061889250805,-0.03141885418662571,-0.01140065146579794,-0.00919476911285666,0.0,0.0,-0.08794788273615628,-0.0725067062655681,-0.14657980456026054,-0.12893274573673108,-0.13355048859934848,-0.11222695918758374,-0.17589576547231267,-0.14574870664878325,-0.17100977198697065,-0.13571565433991173,-0.16449511400651473,-0.1262598198888678,-0.17263843648208477,-0.1329325541291435,-0.11563517915309451,-0.07887047327074159,-0.1351791530944625,-0.09841444721210957,-0.12214983713355054,-0.10303219007472708,-0.1368078175895765,-0.11695487641310598,-0.25732899022801303,-0.20291722552213065,-0.23941368078175884,-0.2048548572523472,-0.2280130293159609,-0.1772777351983138,-0.3159609120521173
1777_2014-09-26,1777,2014-09-26,5100000.0,60.0,69.9,69.3,-0.005722460658083017,-0.057276668391214036,0.0,-0.027293404094010487,0.0,-0.027293404094010487,-0.0014306151645209209,-0.02038436800758392,-0.0014306151645209209,-0.02796586914480903,-0.0042918454935624295,-0.033101549815017894,0.0028612303290413976,-0.028222924333581867,0.005722460658082795,-0.009440541616367648,0.0028612303290413976,-0.010027321604241246,0.010014306151645114,0.0009165047869750254,0.0,0.0,-0.008583690987124637,-0.003276640191066882,-0.02002861230329045,-0.01168896105234285,-0.03862660944206009,-0.02877065796366729,0.0014306151645206988,0.008253966188023432,-0.011444921316166146,-0.004621570292663413,-0.007153075822603716,-0.018525327528441382,-0.0014306151645209209,-0.012044716756636209,-0.008583690987124637,-0.010858141328291993,-0.028612303290414864,-0.02482155272180231,-0.04005722460658101,-0.04081537472030339,-0.07439198855507867,-0.044824134119900494,-0.15593705293276117,-0.11499694679174521,-0.11731044349070108,-0.12034304394559125,-0.0042918454935624295,-0.005049995607284807,-0.14163090128755373
3428_2014-09-26,3428,2014-09-26,20000000.0,45.0,51.3,50.9,0.01754385964912286,-0.03401034808400816,-0.02729044834307992,-0.05458385243709041,-0.04483430799220267,-0.07212771208621316,-0.040935672514619825,-0.059889425357682824,0.003898635477582957,-0.022636618502705153,-0.0019493177387913674,-0.030759022060246832,0.0019493177387914784,-0.029134836923831786,0.0370370370370372,0.021874034762586758,0.013645224171540127,0.0007566722382574831,0.03898635477582846,0.02988855341115837,0.0,0.0,-0.02729044834307992,-0.021983397547022165,-0.021442495126705596,-0.013102843875757997,0.003898635477582957,0.013754586955975756,-0.005847953216374213,0.0009753978071285196,-0.007797270955165692,-0.0009739199316629588,-0.007797270955165692,-0.019169522661003358,-0.01754385964912275,-0.02815796124123804,-0.03411306042884987,-0.03638751077001723,-0.06530214424951253,-0.06151139368089997,-0.08869395711500971,-0.08945210722873209,-0.12280701754385959,-0.09323916310868141,-0.24366471734892792,-0.20272461120791196,-0.21345029239766078,-0.21648289285255096,-0.09259259259259256,-0.09335074270631494,-0.12280701754385959
4973_2014-10-08,4973,2014-10-08,4000000.0,29.0,30.7,35.35,0.10097719869706823,0.06239928644290771,0.10423452768729646,0.09742666081891516,0.08631921824104238,0.08858850719716937,0.0684039087947883,0.07596820531521187,0.061889250814332275,0.0724792659429252,0.05211726384364823,0.064220138276326,0.04885993485342022,0.057937090677928405,0.02931596091205213,0.03839311673656032,0.030944625407166138,0.021867469582657728,0.0228013029315961,0.01448057675913006,0.0,0.0,-0.019543973941367976,-0.013492536725029258,-0.0228013029315961,-0.021288443627511477,-0.08794788273615628,-0.05617783735037729,-0.08469055374592827,-0.061241234532615096,-0.0912052117263844,-0.06094802564469004,-0.09446254071661231,-0.06269249533083332,-0.09934853420195444,-0.05774490333962479,-0.07491856677524433,-0.05222567721397353,-0.05863192182410426,-0.031400454350579365,-0.05374592833876213,-0.04164305390608436,-0.05863192182410426,-0.042746899131214766,-0.06351791530944628,-0.048389322268599044,-0.04885993485342022,-0.05642423137384389,0.013029315960912058,0.0016828711802765461,-0.055374592833876246
9950_2014-10-24,9950,2014-10-24,16000000.0,22.0,25.5,31.1,0.09019607843137267,0.07636056728609963,0.013725490196078383,-0.0008786604572652568,-0.03529411764705881,-0.019152687977573857,0.031372549019607954,0.039058944100315074,0.031372549019607954,0.04597669967295159,0.007843137254901933,0.023984566924386885,0.0019607843137254832,0.028094527588129692,-0.007843137254901933,-0.0009253816822654137,-0.007843137254901933,0.0036864553661587474,-0.00588235294117645,-0.00972555048153012,0.0,0.0,-0.06666666666666665,-0.03592108634383806,-0.12941176470588234,-0.1017407424153366,-0.09999999999999998,-0.0892390468870099,-0.09019607843137256,-0.08942743892330185,-0.09019607843137256,-0.086352880891019,-0.11176470588235299,-0.11560790342270666,-0.09215686274509804,-0.10061189733387577,-0.11176470588235299,-0.12098837997920175,-0.1098039215686275,-0.11672167714126402,-0.10196078431372557,-0.10272942382179617,-0.10784313725490191,-0.11014905577911416,-0.08235294117647063,-0.10694940543473364,-0.07058823529411773,-0.09825925758466336,-0.05882352941176472,-0.07727087760546203,-0.13725490196078427
3171_2014-11-04,3171,2014-11-04,10000000.0,16.5,19.6,16.95,-0.15816326530612246,-0.17416936286709817,0.020408163265306145,0.040225236436037815,0.025510204081632626,0.03008337481333989,0.017857142857142794,0.026241289198606133,0.022959183673469274,0.06183113489298142,0.017857142857142794,0.05368031358885006,0.015306122448979442,0.03436100049775992,0.015306122448979442,0.024452463912393974,0.012755102040816313,0.024950223992035836,0.005102040816326481,0.009675211548033746,0.0,0.0,-0.06632653061224492,-0.06708872573419633,-0.06632653061224492,-0.06480214036834253,-0.06632653061224492,-0.05870457939273277,-0.06887755102040827,-0.06277999004479862,-0.06887755102040827,-0.07726169736187183,-0.07142857142857151,-0.07676393728223008,-0.06887755102040827,-0.059731209556993736,-0.09183673469387754,-0.09259892981582896,-0.0943877551020409,-0.0959121453459435,-0.10204081632653061,-0.09441886510701847,-0.10969387755102056,-0.09902314584370364,-0.17602040816326547,-0.17906918865107047,-0.15816326530612246,-0.14215716774514686,-0.15816326530612246,-0.21227911896465912,-0.15816326530612246
3594_2014-11-12,3594,2014-11-12,2000000.0,45.0,50.5,57.2,0.023762376237623783,0.05181393044535709,0.023762376237623783,0.03816722839835163,0.025742574257425765,0.043180026873043786,0.045544554455445585,0.055400505933838384,0.045544554455445585,0.05085160525150334,0.055445544554455495,0.05999444523679054,0.05742574257425748,0.06424909359776021,0.015841584158415856,0.02873013609169872,0.01980198019801982,0.031174231903857597,0.007920792079207928,0.00488819162431775,0.0,0.0,0.007920792079207928,0.02232564423993577,-0.00990099009900991,-0.005352089416674866,-0.003960396039603964,-0.0001696454709914086,-0.037623762376237546,-0.02473521044295468,-0.037623762376237546,-0.021702609988064725,-0.02970297029702973,-0.02818667006958453,-0.026732673267326756,-0.036588624745719445,0.001980198019801982,-0.008633903572313306,-0.013861386138613874,-0.026749938071896517,0.001980198019801982,-0.011666504027203262,0.025742574257425765,0.012095872210420522,0.05148514851485153,0.06134109999324433,0.12277227722772288,0.11746522643166535,0.0970297029702969,0.04926624580577843,-0.1089108910891089
5603_2014-11-20,5603,2014-11-20,9000000.0,16.0,20.4,20.1,-0.10294117647058809,-0.09079235338782432,0.08088235294117663,0.09227187458126773,0.125,0.13487091875474555,0.11274509803921573,0.10818928938317907,0.09068627450980404,0.08916767162445849,0.08333333333333348,0.09624145785877003,0.0980392156862746,0.10107642145696538,0.04656862745098045,0.04884653177899856,0.007352941176470784,0.01874246281656189,-0.039215686274509665,-0.024788958863727784,0.0,0.0,-0.03676470588235292,-0.04815422752244414,-0.03431372549019607,-0.04646254857296006,-0.019607843137254832,-0.034034570548036935,-0.02450980392156865,-0.03969583277502353,-0.022058823529411686,-0.03724485238286657,-0.03431372549019607,-0.05937067309839661,-0.02941176470588225,-0.05446871231408279,-0.039215686274509665,-0.05364241368529177,-0.06862745098039214,-0.06786814953771947,-0.0490196078431373,-0.06420563669659218,-0.022058823529411686,-0.04104135959623023,-0.06127450980392157,-0.028624547768993813,0.06127450980392157,0.04608848095046669,0.07352941176470584,0.018859707892268318,-0.21568627450980382
3362_2014-11-27,3362,2014-11-27,15000000.0,24.0,29.0,26.8,-0.08965517241379317,-0.05898950300466832,-0.024137931034482696,-0.006187295282800043,0.005172413793103292,0.02237510638846596,-0.02758620689655178,-0.0014081964253476187,-0.017241379310344862,0.011928403786139685,-0.006896551724137945,0.008062311402264433,-0.006896551724137945,-0.0031568359425373504,0.0,0.0029917726252802757,-0.013793103448275779,-0.013045160291955682,0.0,0.0,0.0,0.0,-0.013793103448275779,-0.02351636448043737,-0.022413793103448265,-0.032137054135609855,-0.025862068965517238,-0.02511412580919714,-0.03448275862068961,-0.01877595233796714,-0.022413793103448265,-0.022413793103448265,-0.008620689655172376,-0.01236040543677297,-0.0034482758620689724,-0.0034482758620689724,0.008620689655172376,0.016100121218373564,-0.010344827586206917,-0.0006215665540454385,-0.010344827586206917,0.012841410259716746,-0.04482758620689653,-0.02089340520465277,-0.03275862068965518,-0.024531245970133897,-0.02931034482758621,-0.018839140639104746,-0.09310344827586203,-0.1387279808113896,-0.1724137931034483
2061_2014-12-05,2061,2014-12-05,11500000.0,15.0,20.9,16.65,-0.09090909090909083,-0.0625931445603577,-0.1291866028708134,-0.12248019452506098,-0.13157894736842102,-0.1271080084712527,-0.11722488038277512,-0.11349909796846813,-0.10526315789473684,-0.10153737548042985,-0.07655502392344493,-0.08251627578633625,-0.06937799043062198,-0.0753392422935133,-0.06698564593301426,-0.06251470703584594,-0.06937799043062198,-0.0500039218762256,-0.004784688995215225,-0.0010589065809082365,0.0,0.0,-0.028708133971291794,-0.024982351556984805,-0.031100478468899406,-0.01992313122597844,-0.038277511961722355,-0.024864695270217285,-0.021531100478468845,0.005294532904541516,-0.028708133971291794,-0.0011373441054199906,-0.02631578947368407,0.0005098439093262908,-0.05023923444976064,-0.02043297513530462,-0.055023923444975975,-0.017020942819044538,-0.09090909090909083,-0.03800298062593144,-0.06698564593301426,-0.016315005098439084,-0.06698564593301426,-0.038669699584281125,-0.045454545454545414,-0.037257824143069995,-0.021531100478468845,-0.008863440269825107,-0.15311004784688997,-0.18217115067848455,-0.28229665071770327
6182_2014-12-15,6182,2014-12-15,45000000.0,11.0,12.4,12.85,-0.012096774193548376,-0.009033987057254333,-0.06451612903225812,-0.08748703255446333,-0.03629032258064524,-0.043947290421380236,-0.024193548387096864,-0.04793014869337553,0.008064516129032251,-0.019500568097613913,0.032258064516129004,0.008521464209850338,0.048387096774193505,0.032307464308649836,0.024193548387096753,0.010411006273773449,-0.0040322580645162365,-0.0040322580645162365,0.0,0.0007656967840734552,0.0,0.0,-0.04435483870967749,-0.04129205157338345,-0.024193548387096864,-0.012708096625994258,0.040322580645161255,0.06712196808773396,0.092741935483871,0.11724423257422312,0.13709677419354827,0.13862816776169518,0.14516129032258052,0.13444153534555148,0.11693548387096775,0.10927851603023275,0.12903225806451601,0.1137183223830458,0.11693548387096775,0.10162154818949753,0.19354838709677424,0.17593736106308344,0.27419354838709675,0.2542854320011856,0.16532258064516125,0.15536852245220567,0.11693548387096775,0.05797683149730748,0.189516129032258,0.10758657313639253,-0.11290322580645162
2641_2014-12-19,2641,2014-12-19,12500000.0,10.5,11.35,11.75,0.022026431718061623,-0.024284400307056142,0.013215859030837107,-0.03623469041971217,0.017621145374449476,-0.02398011051252058,0.013215859030837107,-0.026030608787059206,0.013215859030837107,-0.011901880372616525,0.008810572687224738,-0.015522237359870905,0.008810572687224738,-0.016307166716228894,0.004405286343612369,-0.01757273563440953,0.004405286343612369,-0.008938512714472324,-0.004405286343612258,-0.0020504982745384037,0.0,0.0,0.0,-0.023547880690737877,-0.004405286343612258,-0.04051203673607684,-0.004405286343612258,-0.03737231931064511,0.0,-0.04081632653061207,-0.008810572687224627,-0.049626899217836695,-0.004405286343612258,-0.04757640094329829,-0.004405286343612258,-0.049931189012372035,-0.004405286343612258,-0.05935034128866723,-0.004405286343612258,-0.05385583579416153,-0.013215859030836996,-0.06266640848138627,0.052863436123347984,0.008122462810946196,0.013215859030837107,-0.026815538143417195,-0.022026431718061623,-0.09188514443391727,0.017621145374449476,-0.08520460030843902,-0.07488986784140961
4130_2014-12-25,4130,2014-12-25,3850000.0,56.0,68.0,61.2,-0.12058823529411766,-0.13868778280542982,-0.008823529411764675,0.007013574660633459,0.06029411764705883,0.07537707390648563,0.05147058823529416,0.06957013574660642,0.04852941176470593,0.07492458521870293,0.020588235294117796,0.06206636500754159,0.01911764705882346,0.058333333333333126,-0.02941176470588236,-0.012820512820512886,0.026470588235294024,0.030995475113122062,0.0,0.007541478129713397,0.0,0.0,-0.0117647058823529,-0.0117647058823529,0.022058823529411686,0.019796380090497667,0.014705882352941124,0.010180995475113086,0.0014705882352941124,-0.012104072398190224,-0.002941176470588225,-0.011236802413272962,0.007352941176470562,-0.0009426847662141746,0.004411764705882337,0.0006410256410256387,-0.01764705882352946,0.0034690799396680516,-0.013235294117647123,0.0063725490196077095,-0.007352941176470562,-0.010369532428355921,-0.007352941176470562,-0.005090497737556654,-0.07205882352941173,-0.10825791855203626,-0.08382352941176474,-0.12077677224736061,-0.007352941176470562,-0.04883107088989447,-0.17647058823529416
4138_2014-12-25,4138,2014-12-25,3500000.0,60.0,73.5,69.5,-0.07210884353741498,-0.09020839104872713,0.04081632653061229,0.056653430603010424,0.04761904761904767,0.06270200387847447,0.023129251700680253,0.04122879921199252,0.03809523809523796,0.06449041154923496,0.014965986394557707,0.0564441161079815,0.013605442176870763,0.05282112845138043,-0.021768707482993088,-0.005177455597623615,-0.004081632653061162,0.0004432542247668758,-0.008163265306122325,-0.0006217871764089278,0.0,0.0,-0.006802721088435382,-0.006802721088435382,-0.0013605442176869431,-0.0036229876566009622,0.0,-0.004524886877828038,-0.013605442176870763,-0.0271801028103551,-0.016326530612244983,-0.02462215655492972,-0.0027210884353742193,-0.011016714378058956,-0.006802721088435382,-0.01057346015329208,-0.0435374149659864,-0.022421276202788887,-0.03537414965986385,-0.01576630652260902,-0.039455782312925236,-0.042472373564810595,-0.039455782312925236,-0.03719333887401133,0.02448979591836742,-0.01170929910425711,0.07074829931972793,0.03379505648413206,0.023129251700680253,-0.018348878012743652,-0.18367346938775508
4747_2014-12-31,4747,2014-12-31,4200000.0,46.0,67.9,63.0,-0.04565537555228294,-0.049395091333883534,-0.057437407952872,-0.010316989104704577,-0.057437407952872,-0.03275528379430814,-0.05891016200294563,-0.046195128345503655,-0.05449189985272462,-0.03878509357000215,-0.050073637702503726,-0.04184626298298244,-0.05154639175257736,-0.04331901703305607,-0.04123711340206204,-0.03525356815150116,-0.04123711340206204,-0.03749739762046145,-0.0353460972017674,-0.04058169929600841,0.0,0.0,-0.05154639175257736,-0.05154639175257736,-0.05596465390279837,-0.051476994964877676,-0.07952871870397649,-0.05035893560749194,-0.08247422680412386,-0.05480033002027951,-0.09425625920471292,-0.08902065711047213,-0.09425625920471292,-0.08378505501623146,-0.10309278350515472,-0.08663803406611215,-0.11192930780559662,-0.09846633099183455,-0.10603829160530198,-0.08733971269729901,-0.12518409425625932,-0.10947728797353684,-0.14580265095729017,-0.125608185736647,-0.1561119293078057,-0.1733146219031685,-0.2047128129602357,-0.24360585708888205,-0.26067746686303395,-0.2943349088974393,-0.32253313696612673
5227_2015-01-21,5227,2015-01-21,22500000.0,32.0,39.9,47.4,0.026315789473684292,0.04054799921151209,0.06766917293233088,0.09388640139675031,0.04385964912280693,0.047604967474866866,0.04385964912280693,0.052848413167750685,0.020050125313283207,0.035031398721522944,0.020050125313283207,0.03203514403987495,0.013784461152882344,0.03101292557235813,-0.00877192982456143,0.005460279913266364,-0.022556390977443552,-0.003829799217143881,-0.032581453634085156,-0.025090816929965287,0.0,0.0,-0.0300751879699247,-0.03756582467404457,-0.02631578947368418,-0.03904987187068787,-0.03508771929824561,-0.06430120244431314,-0.05889724310776945,-0.08811072625383698,-0.04761904761904756,-0.08357410379882302,-0.057644110275689164,-0.09359916645546462,-0.06265664160401008,-0.08587761538678162,-0.08270676691729317,-0.10143335867759284,-0.08270676691729317,-0.1036805496888289,-0.07769423558897248,-0.10615865506462807,-0.06265664160401008,-0.10235701613584547,-0.12280701754385959,-0.1759905381431104,-0.10526315789473673,-0.14571259609698406,0.04385964912280693,-0.04378080031539522,-0.1979949874686716
1566_2015-01-27,1566,2015-01-27,15000000.0,19.0,20.95,20.1,-0.031026252983293534,-0.00045856739377381217,-0.007159904534606132,0.0328692075469077,0.004773269689737569,0.04989699603617148,0.004773269689737569,0.04698578788478858,0.0,0.046579330422125254,-0.021479713603818618,0.014182586250620965,-0.009546539379474916,0.018837740096507627,-0.007159904534606132,0.013946354562919372,0.01670644391408116,0.0327180887466868,0.01193317422434359,0.01193317422434359,0.0,0.0,-0.019093078758949833,-0.025643297099561257,-0.026252983293556076,-0.0328032016341675,-0.031026252983293534,-0.025203836680527836,-0.021479713603818618,-0.011290485073978673,-0.02863961813842475,-0.020633795722121984,0.026252983293556076,0.02698078533140169,0.031026252983293645,0.0208370244534537,0.01670644391408116,0.010884027611315572,-0.007159904534606132,-0.007887706572451747,-0.01670644391408105,-0.013795235762698144,-0.021479713603818618,-0.014929495263207193,0.2482100238663485,0.23365398310943442,0.34844868735083545,0.3200644078748529,0.31026252983293556,0.27387242794065036,-0.0930787589498806
1593_2015-02-04,1593,2015-02-04,2660000.0,36.0,46.3,42.2,-0.0820734341252699,-0.028905189405677656,-0.05399568034557234,-0.03360238100107116,-0.05507559395248374,-0.03978061944410771,-0.028077753779697567,-0.02880608589914402,-0.04751619870410362,-0.04824453082355007,-0.04535637149028071,-0.05263969268474544,-0.03887688984881199,-0.04616021104327672,-0.028077753779697567,-0.02297942894357219,-0.028077753779697567,-0.018609436226893372,-0.023758099352051754,-0.016474778157587133,0.0,0.0,-0.005399568034557212,-0.016324549826254198,-0.005399568034557212,-0.01195455710957527,-0.015118790496760126,-0.016575454735653028,-0.01943844492440605,-0.017253448566066587,-0.021598272138228958,-0.015771615182657128,-0.03887688984881199,-0.04397521468493715,-0.043196544276457916,-0.04829486911258307,-0.03995680345572339,-0.051610117366866826,-0.021598272138228958,-0.04490489996051583,-0.023758099352051754,-0.05507638048824981,0.044276457883369424,0.0202414979416361,0.043196544276457916,0.03154323036531448,0.03455723542116629,0.033100571182273386,-0.004319654427645703,-0.040007928280522465,-0.22246220302375808
8050_2015-02-04,8050,2015-02-04,8350000.0,38.88,54.5,53.7,-0.03853211009174318,0.014636134627849073,-0.023853211009174258,-0.0034599116646730765,-0.012844036697247763,0.002450937811128262,-0.014678899082568808,-0.015407231202015259,-0.014678899082568808,-0.015407231202015259,-0.012844036697247763,-0.020127357891712494,-0.020183486238532167,-0.027466807432996898,-0.025688073394495414,-0.020589748558370036,-0.020183486238532167,-0.010715168685727972,-0.0018348623853211565,0.005448458809143464,0.0,0.0,-0.007339449541284404,-0.01826443133298139,-0.016513761467889854,-0.023068750542907912,-0.014678899082568808,-0.01613556332146171,-0.023853211009174258,-0.021668214650834794,-0.01834862385321101,-0.01252196689763918,-0.01834862385321101,-0.023446948689336167,-0.025688073394495414,-0.03078639823062057,-0.02752293577981646,-0.0391762496909599,-0.022018348623853212,-0.045324976446140086,-0.007339449541284404,-0.03865773067748246,-0.0055045871559632475,-0.029539547097696572,0.07522935779816509,0.06357604388702165,0.1045871559633027,0.1031304917244098,0.1834862385321101,0.14779796467923334,-0.28660550458715595
1799_2015-02-05,1799,2015-02-05,14000000.0,33.3,40.35,40.75,-0.006195786864931829,0.03559095665091838,-0.0037174721189591198,0.022219127304672126,-0.0012391573729865213,0.008847297958425648,-0.0024783147459728205,0.007608140585439349,0.018587360594795488,0.02218966607029982,0.004956629491945419,0.00855893496744975,0.004956629491945419,0.020806773584164606,0.0024783147459728205,0.02265122540879716,-0.00867410161090465,0.009337425766617002,-0.006195786864931829,0.004611129561581162,0.0,0.0,-0.048327137546468446,-0.04400437097586307,-0.053283767038413865,-0.04391777280210252,-0.06567534076827752,-0.052707041056461845,-0.07063197026022305,-0.054061365072903045,-0.08550185873605953,-0.07973816997525252,-0.09913258983890949,-0.09336890107810247,-0.06939281288723675,-0.07011327398233758,-0.08302354399008682,-0.09527138260680146,-0.07434944237918217,-0.09452235304200629,-0.08178438661710052,-0.09475268632891598,-0.07806691449814118,-0.08671244763935149,-0.11524163568773227,-0.10803702473672361,-0.13506815365551428,-0.12642262051430375,-0.15241635687732336,-0.1625028122087353,-0.17472118959107819
4161_2015-02-09,4161,2015-02-09,4000000.0,96.5,106.0,107.0,0.018867924528301883,0.06250428816466547,0.10849056603773577,0.10921783876500846,0.08962264150943389,0.08380445969125194,0.07547169811320753,0.06965351629502559,0.05188679245283012,0.058432246998284754,0.037735849056603765,0.048644939965694634,0.02358490566037741,0.0323121783876501,0.04245283018867929,0.043907375643224666,0.018867924528301883,0.009413379073756278,0.0,-0.005090909090909035,0.0,0.0,-0.004716981132075526,-0.0010806174957118664,-0.028301886792452824,-0.021029159519725504,-0.028301886792452824,-0.031938250428816484,-0.037735849056603765,-0.041372212692967425,-0.014150943396226467,-0.02433276157804476,-0.009433962264150941,-0.03125214408233268,-0.018867924528301883,-0.048686106346483626,-0.014150943396226467,-0.03669639794168089,-0.02358490566037741,-0.041766723842195486,-0.03301886792452835,-0.04974614065180105,-0.03301886792452835,-0.05047341337907374,-0.037735849056603765,-0.05446312178387647,-0.12924528301886795,-0.12779073756432258,-0.20188679245283025,-0.223704974271012,-0.089622641509434
4743_2015-02-10,4743,2015-02-10,25000000.0,40.0,54.7,56.3,-0.02376599634369292,0.013460281028569776,0.014625228519195455,0.005136177424304833,-0.009140767824497242,-0.018629818919387864,-0.012797074954296161,-0.009877366925098996,-0.021937842778793515,-0.014638572705800823,-0.031078610603290757,-0.025969121552195995,-0.027422303473491727,-0.029612084495389546,-0.038391224862888484,-0.051529910994275396,-0.03656307129798908,-0.04532219538558013,-0.029250457038391242,-0.03290009207488753,0.0,0.0,-0.029250457038391242,-0.02560082200189484,-0.031078610603290757,-0.03837788067628356,-0.031078610603290757,-0.03837788067628356,0.010968921389396646,-0.0028996917492896124,0.014625228519195455,-0.010922216736279022,0.027422303473491727,-0.0061543388622746775,0.02010968921389389,-0.006167683048879713,0.003656307129798808,-0.01824150308917938,-0.005484460694698434,-0.02592241689907815,0.0,-0.02116788321167884,-0.005484460694698434,-0.023002708869880983,-0.003656307129798919,-0.035043168443667505,-0.058500914076782484,-0.07309945422276787,-0.19652650822669104,-0.23740242063545003,-0.2687385740402194
3224_2015-02-24,3224,2015-02-24,10000000.0,20.05,27.3,29.7,0.027472527472527375,0.0735488413674158,0.05494505494505497,0.07366355746485331,0.04761904761904767,0.059138126092769694,0.06227106227106227,0.06299100467566987,0.05128205128205132,0.056321648114304845,0.04761904761904767,0.0576982412835545,0.04029304029304015,0.05397194598058519,0.029304029304029422,0.046582647014612566,0.029304029304029422,0.03578351094549814,0.0146520146520146,0.02113149629348332,0.0,0.0,-0.06043956043956056,-0.07195863891328258,-0.02930402930402931,-0.04874247422843536,-0.003663003663003761,-0.01590202454133338,-0.003663003663003761,-0.011582370113687568,-0.003663003663003761,-0.010142485304472593,0.0,-0.007199424046076208,-0.003663003663003761,-0.007262715686041976,-0.010989010989011061,-0.016028607821264473,-0.04761904761904767,-0.04257945078679415,-0.06227106227106227,-0.05507163822498595,-0.03296703296703307,-0.02720749373017195,-0.03296703296703307,-0.044486111440755094,-0.0421245421245422,-0.04500431174297281,-0.003663003663003761,-0.021661563778194615,-0.2655677655677655
4541_2015-02-24,4541,2015-02-24,5000000.0,40.0,43.1,47.3,0.044083526682134444,0.09015984057702287,0.03248259860788849,0.05120110112768683,0.03480278422273786,0.04632186269645988,0.05336426914153125,0.05408421154613885,0.05336426914153125,0.058403865973784774,0.0417633410672853,0.05184253473179212,0.029002320185614883,0.04268122587315992,0.03248259860788849,0.049761216318471635,0.030162412993039345,0.036641894634508065,0.006960556844547439,0.01344003848601616,0.0,0.0,-0.009280742459396696,-0.020799820933118718,-0.009280742459396696,-0.028719187383802747,-0.009280742459396696,-0.021519763337726316,-0.01740139211136893,-0.025320758562052736,-0.008120649651972234,-0.014600131293441065,-0.006960556844547661,-0.014159980890623869,-0.018561484918793614,-0.02216119694183183,-0.02088167053364265,-0.02592126736589606,-0.009280742459396696,-0.0042411456271431724,-0.0034802784222737193,0.0037191456238026,0.0034802784222738303,0.009239817659134952,-0.037122969837587005,-0.04864204831130903,-0.037122969837587005,-0.04000273945601762,-0.1589327146171694,-0.17693127473236026,-0.07192575406032486
4529_2015-03-02,4529,2015-03-02,10000000.0,13.5,15.2,14.8,0.029605263157894912,0.068012091038407,0.00657894736842124,0.023648648648648907,-0.003289473684210509,0.01875889046941681,0.0,0.02560455192034139,-0.023026315789473673,0.006134423897581787,-0.03289473684210531,-0.01440256045519217,-0.009868421052631526,0.008623755334281613,0.009868421052631637,0.02195945945945943,0.009868421052631637,0.010579658605974429,0.0,-0.007112375533428139,0.0,0.0,0.0,0.004267425320056861,-0.013157894736842035,-0.0074679943100995905,-0.013157894736842035,-0.008179231863442382,-0.009868421052631526,-0.0013335704125178038,0.0,0.007112375533428139,-0.013157894736842035,0.003911806543385632,-0.013157894736842035,0.006045519203413896,-0.02631578947368407,-0.008534850640113611,-0.006578947368421018,0.0026671408250354967,-0.013157894736842035,-0.001066856330014243,-0.023026315789473673,-0.0031116642958749496,-0.03947368421052633,-0.0181365576102418,-0.07565789473684204,-0.05218705547652924,-0.2236842105263157,-0.24075391180654337,-0.11184210526315785
1569_2015-04-22,1569,2015-04-22,10000000.0,16.0,18.55,21.7,0.15902964959568733,0.13292377577407755,0.1132075471698113,0.11248238400809996,0.09973045822102411,0.09755496873589009,0.07816711590296488,0.06801483163900546,0.07816711590296488,0.0651141789921601,0.07816711590296488,0.0701903211241397,0.07277628032344996,0.07712725929371822,0.06738544474393526,0.0565079973182645,-0.005390835579514919,-0.006841161902937598,-0.040431266846361225,-0.040431266846361225,0.0,0.0,-0.0646900269541778,-0.07484231121813723,-0.08086253369272234,-0.11784585494000288,-0.07277628032345018,-0.11991188583469015,-0.07277628032345018,-0.12788868061351533,-0.07277628032345018,-0.12571319112838109,-0.09973045822102433,-0.14106475843857313,-0.1132075471698114,-0.1494657052553806,-0.11590296495956887,-0.1543366125302721,-0.1185983827493261,-0.1512307250263384,-0.12398921832884102,-0.15807188692927598,-0.0646900269541778,-0.08644492180551933,-0.10242587601078179,-0.11982979189185505,-0.16442048517520214,-0.15934434304322231,-0.33153638814016173,-0.3177582880676454,-0.1374663072776281
6506_2015-05-25,6506,2015-05-25,8000000.0,15.0,25.6,16.75,-0.3085937500000001,-0.3298101573550213,-0.2402343750000001,-0.24235601573550214,-0.21875,-0.21875,-0.1640625000000001,-0.16972020862800574,-0.158203125,-0.14971656205799144,-0.1523437500000001,-0.1424427599009902,-0.1718750000000001,-0.1655100777934937,-0.1816406250000001,-0.19012718794200845,-0.1250000000000001,-0.12641442715700146,-0.06445312500000011,-0.05667377563649234,0.0,0.0,-0.05664062500000011,-0.05664062500000011,-0.00390625,-0.008149531471004279,0.0078125,0.0014475777934936929,0.078125,0.06680958274398874,0.1171875,0.11152979137199437,0.12890624999999978,0.1317351043140026,0.22265625,0.22689953147100417,0.1015625,0.11217070367751059,0.072265625,0.10196859529702984,0.064453125,0.09627773603253187,0.14453125,0.16999093882602545,0.0234375,0.03970341230551633,-0.08203125,-0.06647255127298435,-0.392578125,-0.2638652537128713,-0.4140625
4703_2015-06-03,4703,2015-06-03,6000000.0,55.0,52.5,59.1,0.01904761904761898,0.006263528138528152,0.015238095238095273,0.009556277056277152,0.024761904761904763,0.028313041125541116,0.03809523809523818,0.033833874458874647,0.04761904761904767,0.043357683982684136,0.05523809523809531,0.046715367965368015,0.04761904761904767,0.0369656385281385,0.045714285714285596,0.030089285714285596,0.0323809523809524,0.022437770562770742,0.005714285714285561,0.004293831168831197,0.0,0.0,-0.09904761904761905,-0.09265557359307353,-0.14190476190476198,-0.11633658008657999,-0.13809523809523805,-0.1103963744588744,-0.12761904761904763,-0.1063122294372294,-0.12285714285714289,-0.09373782467532454,-0.10761904761904761,-0.08276109307359303,-0.09904761904761905,-0.07703057359307341,-0.11142857142857143,-0.08870129870129861,-0.09333333333333327,-0.06847537878787868,-0.18380952380952376,-0.15255952380952376,-0.26476190476190475,-0.2377732683982683,-0.5266666666666666,-0.5224053030303029,-0.6876190476190476,-0.6606304112554111,-0.9247619047619048,-0.8026028138528137,0.04761904761904767
8066_2015-06-12,8066,2015-06-12,4000000.0,80.0,119.5,107.0,-0.10878661087866104,-0.12548958836595236,-0.08368200836820083,-0.11636174693029244,-0.10460251046025104,-0.12856765207245147,-0.05857740585774063,-0.08109011464495941,0.004184100418409997,-0.011792660656390508,0.004184100418409997,0.007815182480864657,0.08786610878661083,0.09367584008653806,0.046025104602510414,0.04529888819001937,0.04184100418410042,0.049103168309009626,0.03765690376569042,0.040561769415653925,0.0,0.0,-0.02092050209205021,-0.020194285679559276,-0.03765690376569042,-0.03475203811572691,-0.05439330543933052,-0.044952492076948625,-0.012552301255230103,-0.007468786367793689,-0.03347280334728031,-0.026936855634862145,-0.03347280334728031,-0.04073496747218963,-0.046025104602510414,-0.05619213437738346,-0.05857740585774063,-0.07019686845759554,-0.06694560669456062,-0.09018453189427023,-0.046025104602510414,-0.06926402980222002,0.004184100418409997,0.004910316830900929,-0.08786610878661083,-0.07697286259924696,-0.2518828451882845,-0.20830986043882915,-0.2928870292887029,-0.18540700024004653,-0.33054393305439334
3259_2015-06-18,3259,2015-06-18,10000000.0,27.0,37.0,36.45,-0.032432432432432545,-0.05652002367330855,0.0108108108108107,0.009350956796212229,-0.008108108108108025,-0.007378181100808789,-0.008108108108108025,-0.013947524166502356,-0.03513513513513511,-0.03294535411323718,-0.014864864864864824,-0.017054645886762643,0.005405405405405572,0.0002959163543108101,0.009459459459459474,0.005079897415663837,0.002702702702702675,0.0005129216808048565,-0.004054054054054013,0.0003255079897415136,0.0,0.0,-0.021621621621621512,-0.02016176760702304,-0.03513513513513511,-0.047543894259222674,-0.037837837837837784,-0.053166304991122515,-0.050000000000000044,-0.06678832116788325,-0.043243243243243246,-0.07171039652791489,-0.02972972972972976,-0.0581968830144014,-0.03648648648648656,-0.040866048530282195,-0.0418918918918918,-0.05503057802327871,-0.05675675675675684,-0.07938449398303415,-0.06486486486486487,-0.08822252909844153,-0.06216216216216208,-0.08551982639573874,-0.15945945945945939,-0.1521601893864667,-0.20270270270270274,-0.1552574472282502,-0.25135135135135134,-0.18054843164332213,-0.2702702702702703
6187_2015-06-29,6187,2015-06-29,6000000.0,37.0,48.1,52.2,0.2619542619542621,0.2527278602509264,0.11850311850311845,0.1419239843654322,0.10810810810810811,0.13365814359426842,0.05405405405405417,0.08599159841175463,0.06652806652806653,0.09420727163807363,0.07068607068607058,0.09978472221197543,0.06652806652806653,0.08214197710294247,0.03534303534303529,0.04811805308611561,-0.04158004158004158,-0.030224470252859237,-0.01455301455301461,-0.01455301455301461,0.0,0.0,-0.05405405405405406,-0.030633188191740324,0.03950103950103956,0.05440522686796645,0.06444906444906451,0.07012685011265574,0.04781704781704765,0.05278511027269006,0.05197505197505192,0.05694311443069433,0.05197505197505192,0.06829868575787668,0.05405405405405417,0.06611934858918556,0.014553014553014387,0.05642668382199956,-0.0010395010395011228,0.046511953893075275,0.007276507276507305,0.04063349805010574,0.004158004158004047,0.037514994931602486,-0.158004158004158,-0.09270962287285911,-0.16008316008316015,-0.07633582154518992,-0.2203742203742204,-0.12598103371701663,-0.23076923076923084
2636_2015-07-08,2636,2015-07-08,10000000.0,25.0,29.85,30.35,-0.055276381909547756,-0.037316611794605214,-0.01675041876046901,-0.0174688095650668,0.008375209380234505,-0.0038374342979266007,0.008375209380234505,-0.0038374342979266007,-0.025125628140703515,-0.013631375267140311,-0.006700167504187671,-0.003826604285797064,-0.005025125628140725,-0.011490642869520173,0.0016750418760467234,-0.005508866169930293,0.0016750418760467234,-0.005508866169930293,-0.01340033500837523,-0.009089990180789043,0.0,0.0,-0.045226130653266416,-0.015053716860163102,-0.0653266331658292,-0.029407092935944124,-0.06197654941373543,-0.04042482527580438,-0.051926298157453976,-0.030374574019522926,-0.048576214405360196,-0.029179662681222296,-0.051926298157453976,-0.03755848206549994,-0.0201005025125629,-0.004295904811413509,-0.03015075376884424,-0.007162248021717832,-0.018425460636515956,-0.004776035349159824,-0.035175879396984966,-0.009313810431467728,-0.07035175879396993,-0.03515060936868275,-0.1591289782244556,-0.0930370242014672,-0.13567839195979903,-0.017862300005776044,0.061976549413735205,0.15105700918385012,-0.1624790619765495
3580_2015-07-24,3580,2015-07-24,5000000.0,8.0,8.17,8.45,0.08812729498164029,0.03898358686548242,0.11995104039167681,0.12069564202980054,0.16891064871481043,0.15476321759046208,0.1591187270501837,0.14497129592583535,0.13708690330477347,0.12070566726605425,0.10159118727050176,0.07999773976491742,0.05385556915544676,0.03375132492610944,0.07466340269277838,0.06200517484467727,0.059975520195838516,0.037637471052130334,0.04773561811505522,0.038055796819448595,0.0,0.0,-0.033047735618115026,-0.02709092251312606,-0.08935128518971847,-0.06924704096038103,-0.07099143206854341,-0.05163178947732949,-0.0856793145654835,-0.05961825723115732,-0.05140758873929008,-0.04172776744368312,-0.10648714810281523,-0.09159511534034315,-0.11872705018359853,-0.09043218793490149,-0.1334149326805385,-0.10586467206996508,-0.1089351285189718,-0.08734168101338724,-0.11995104039167681,-0.08793316995236178,-0.14320685434516522,-0.10672137407710858,-0.3072215422276622,-0.19776510142349224,-0.3390452876376988,-0.2526714976153607,-0.30966952264381886,-0.2850976685857398,-0.020807833537331732
5301_2015-08-12,5301,2015-08-12,12750000.0,40.0,51.4,58.1,0.14785992217898847,0.09054001513018894,0.04669260700389111,0.03352452024943697,0.05058365758754868,0.020374517386154256,0.0330739299610896,0.008286943129176327,0.05058365758754868,0.039739350848586596,0.13035019455252916,0.1187312944750698,0.017509727626459082,-0.0003059191589787069,0.04474708171206232,0.037775741665586615,0.031128404669260812,0.028804624653768762,0.031128404669260812,0.031128404669260812,0.0,0.0,-0.02529182879377423,-0.008250775346833938,0.060311284046692615,0.07580315081663835,0.1595330739299612,0.17889790739239342,0.054474708171206254,0.0800362883416168,0.054474708171206254,0.08545844171109784,0.029182879377431803,0.07488388634877174,0.009727626459143934,0.05852700678447309,0.0,0.07358636715724243,-0.029182879377431914,0.08003478135068576,-0.05058365758754868,0.019904336215704532,-0.06420233463035019,0.0008635058034219822,-0.12062256809338512,-0.11442582138540691,-0.14494163424124507,-0.11085952734736437,-0.17996108949416345,-0.16601840940121226,-0.22178988326848248
5306_2015-08-14,5306,2015-08-14,10789794.0,120.0,150.0,147.0,-0.08666666666666667,-0.16455809074219774,-0.08999999999999997,-0.1309126671911881,-0.07333333333333336,-0.10008392341987948,-0.08666666666666667,-0.11420403881458174,-0.08999999999999997,-0.1238316286388671,-0.043333333333333335,-0.06615001311303448,-0.040000000000000036,-0.05809598741148725,-0.026666666666666616,-0.04240230789404653,-0.013333333333333308,-0.029068974560713223,-0.013333333333333308,-0.011759769210595405,0.0,0.0,-0.053333333333333344,-0.049399423026488365,-0.07999999999999996,-0.06977183320220293,-0.06666666666666665,-0.050931025439286626,-0.07666666666666666,-0.04598216627327567,-0.06333333333333335,-0.029501704694466335,-0.07999999999999996,-0.020991345397324945,-0.1433333333333333,-0.048132703907684204,-0.1166666666666667,-0.06080514030946771,-0.11333333333333329,-0.06297928140571729,-0.10666666666666669,-0.053165486493574665,-0.10333333333333339,-0.07579596118541831,-0.12,-0.11921321793863104,-0.15000000000000002,-0.12954366640440607,-0.046666666666666634,-0.024636768948334664,-0.19999999999999996
8044_2015-08-25,8044,2015-08-25,7000000.0,358.0,301.5,480.0,0.45605306799336653,0.3108356766890188,0.47595356550580425,0.35334486985363034,0.4809286898839138,0.37745042901434855,0.5223880597014925,0.4171706683971448,0.40464344941956876,0.30377388420217755,0.26533996683250405,0.17142692335424314,0.15257048092868986,0.06474439397216813,0.1276948590381426,0.056390511212055516,0.17744610281923712,0.10962001586271541,0.11111111111111116,0.07111111111111112,0.0,0.0,-0.03814262023217252,-0.08162088110173771,0.05804311774461035,0.008477900353305978,0.13764510779436145,0.09155815127262246,0.2139303482587065,0.13914773956305426,0.14427860696517403,0.060800346095608804,0.16417910447761197,0.09026606099935108,0.17744610281923712,0.09744610281923705,0.21724709784411278,0.1363775326267216,0.18905472636815923,0.12209820462902887,0.20232172470978438,0.13710433340543648,0.20729684908789392,0.13860119691398087,0.3034825870646767,0.19391736967337247,0.2703150912106136,0.14509769990626564,0.03482587064676612,-0.0486523902227991,0.18739635157545598
3299_2015-09-18,3299,2015-09-18,5000000.0,37.0,48.8,48.1,-0.05737704918032782,0.02262295081967225,-0.08811475409836056,-0.03196090794451445,-0.08196721311475408,-0.02427490542244637,-0.04508196721311464,0.009533417402269984,-0.02561475409836067,-0.012537831021437684,-0.026639344262294973,-0.0027931904161411225,0.0,0.023076923076923106,-0.010245901639344246,0.010523329129886516,-0.020491803278688492,0.007969735182850046,-0.010245901639344246,0.006677175283732684,0.0,0.0,0.03688524590163933,0.039192938209331674,0.03073770491803285,0.0545838587641867,0.05327868852459017,0.0717402269861287,0.04303278688524603,0.08380201765447681,0.013319672131147708,0.05947351828499381,0.017418032786885362,0.05972572509457763,0.0071721311475410054,0.04717213114754104,0.018442622950819887,0.03998108448928139,0.013319672131147708,0.04024274905422465,0.024590163934426368,0.04920554854981096,0.015368852459016313,0.03229192938209324,0.0348360655737705,0.027143757881462838,0.07581967213114771,0.06735813366960919,-0.002049180327868716,0.06948928121059283,-0.24180327868852458
8936_2015-09-21,8936,2015-09-21,28125000.0,30.0,34.05,37.0,-0.20704845814977968,-0.09370998474962555,-0.08223201174743022,-0.026719290082048652,-0.07929515418502187,-0.026866472612161574,-0.08370044052863435,-0.07290630020481026,-0.07635829662261373,-0.05477001597496545,-0.029368575624082238,-0.008551304999564247,-0.027900146842878004,-0.009395906287750888,-0.054331864904551996,-0.02811752411812185,-0.05139500734214386,-0.036745816902668205,-0.022026431718061623,-0.02433946178745261,0.0,0.0,-0.03964757709251088,-0.018059296444862594,-0.03964757709251088,-0.023456366606774637,-0.07342143906020548,-0.03487093790369056,-0.0881057268722466,-0.04415815555381952,-0.09251101321585897,-0.05241849201308346,-0.06901615271659323,-0.03123666158320859,-0.06314243759177673,-0.043867187013519326,-0.06314243759177673,-0.03847011685160717,-0.05726872246696024,-0.034909431796181556,-0.06607929515418487,-0.05143010471470921,-0.048458149779735615,-0.048458149779735615,0.08957415565345084,0.07955102535275693,0.11600587371512483,0.10752476346069129,0.05726872246696035,0.1158654842248632,-0.11894273127753296
4129_2015-10-12,4129,2015-10-12,12800000.0,46.0,63.2,49.2,-0.07753164556962033,-0.0690308727720933,-0.017405063291139222,0.018916420480112772,-0.014240506329114,0.02749056013147333,0.04113924050632911,0.0790063193316769,0.044303797468354444,0.07985248371255849,0.037974683544303556,0.054976229139357624,0.030063291139240444,0.05247441942362996,0.015822784810126667,0.035915520513372434,0.0015822784810126667,0.013947038913779353,0.023734177215189778,0.021415784634046142,0.0,0.0,-0.03164556962025311,-0.04478312758006764,-0.025316455696202556,-0.03459002602077732,-0.05063291139240511,-0.056042494081740335,-0.064873417721519,-0.08496615342476466,-0.053797468354430444,-0.07002621642243656,-0.06170886075949378,-0.0810287989356917,-0.03164556962025311,-0.05096550779645104,-0.04746835443037978,-0.05983311486314635,-0.011075949367088667,-0.02344070979985524,-0.020569620253164667,-0.03911676090231464,0.0015822784810126667,0.0039006710621565244,0.23734177215189867,0.2535705202199049,0.24683544303797467,0.279292939173987,0.034810126582278444,0.12213624713869276,-0.2721518987341772
5284_2015-10-22,5284,2015-10-22,2300000.0,50.0,60.9,51.0,-0.15927750410509023,-0.12797979418142613,-0.02298850574712641,-0.013064841624988888,-0.031198686371100126,-0.01898494591308486,-0.039408866995073843,-0.04017222577369983,-0.031198686371100126,-0.028145251256596282,-0.009852216748768461,-0.002981987741134784,-0.029556650246305383,-0.037190238032564826,-0.04761904761904756,-0.05143584151217728,-0.04269293924466344,-0.04956316825229712,-0.02791461412151064,-0.034784843129144316,0.0,0.0,0.07224958949096871,0.07224958949096871,0.07881773399014791,0.07271086376114022,0.09195402298850586,0.10645783978239898,0.1428571428571428,0.1627044711014176,0.1691297208538589,0.1958472781057673,0.1165845648604269,0.15017235111996896,0.14121510673234816,0.17632961054914198,0.14942528735632177,0.18301307361586383,0.12643678160919536,0.1447573922962183,0.12643678160919536,0.12567342283056937,0.18226600985221686,0.18379272740946873,0.26929392446633815,0.3181488862983992,0.17077175697865354,0.21810000125346274,0.1018062397372741,0.23615738477544201,-0.17898193760262726
8421_2015-12-03,8421,2015-12-03,6000000.0,11.0,12.8,12.8,0.00390625,-0.04585297953451062,0.0078125,0.0078125,0.00390625,0.00390625,-0.007812500000000111,-0.012627909309791518,0.031249999999999778,0.03686797752808957,0.0078125,0.01343047752808979,0.04296875,0.034943067817014395,0.0234375,0.02905547752808979,0.02734375,0.04500025080256809,0.015625,0.01401986356340279,0.0,0.0,0.0,-0.0016051364365972098,0.015625,0.0244532504012841,0.031249999999999778,0.02803972712680558,0.05078124999999978,0.06362234149277657,0.03515625,0.0600358647672552,0.01953125,0.047621137640449396,0.00390625,0.0432320926966292,-0.0234375,0.0231114566613162,-0.04687500000000011,-0.0011286115569825172,-0.0625,-0.031199839486356407,-0.0625,-0.0424357945425361,-0.09375000000000011,-0.06887038523274491,-0.0703125,0.01957514044943809,0.015625,0.0035864767255215924,-0.140625
5324_2015-12-07,5324,2015-12-07,30000000.0,10.0,10.75,11.55,0.041860465116279055,0.011091234347048395,0.0,-0.013765182186234792,0.0046511627906977715,0.0014122963939366961,-0.0046511627906977715,-0.007890029187458847,-0.0046511627906977715,-0.02165521137369364,-0.013953488372093092,-0.017192354768854168,-0.009302325581395321,-0.0003954429903022527,0.0,-0.010526315789473717,0.018604651162790642,0.009697768571697463,0.018604651162790642,0.008078335373316925,0.0,0.0,0.027906976744186185,0.01576122775633193,0.009302325581395321,0.013350908577346776,0.0,0.01619433198380571,-0.013953488372093092,0.005479710008473804,-0.027906976744186074,0.002862254025044697,-0.07906976744186045,-0.04101308727991715,-0.06976744186046513,-0.032520478297712097,-0.07348837209302317,-0.05081630731569531,-0.06976744186046513,-0.05843140947180114,-0.06511627906976736,-0.04892194708596165,-0.07906976744186045,-0.0612560022596742,-0.11627906976744184,-0.07255437341116655,-0.11627906976744184,-0.04340457584031632,-0.08837209302325577,-0.11266359099896428,-0.06976744186046513
4702_2015-12-16,4702,2015-12-16,25000000.0,10.15,12.1,13.0,0.07438016528925617,0.04157949245494175,0.11157024793388426,0.06363080302219393,0.11570247933884303,0.0660809486407774,0.09090909090909083,0.052221117822463414,0.1322314049586777,0.08092778847423698,0.1322314049586777,0.09774864633798819,0.06611570247933884,0.044248587256462635,0.05785123966942152,0.03934829601929546,0.02892561983471076,0.022197276689210454,-0.008264462809917328,-0.007423419916729679,0.0,0.0,-0.03305785123966942,-0.04819662331704533,-0.04132231404958675,-0.06823568663158841,-0.05371900826446285,-0.07558612348733906,-0.04958677685950408,-0.06977180629600521,-0.06198347107438018,-0.08469162919044393,-0.06198347107438018,-0.08637371497681923,-0.037190082644628086,-0.06662658390619236,-0.04958677685950408,-0.08575162126656888,-0.04958677685950408,-0.08322849258700626,-0.04958677685950408,-0.0756591065483182,-0.06198347107438018,-0.08048641472450624,-0.184297520661157,-0.13804016153584164,-0.1652892561983471,-0.13332962625722,-0.03305785123966942,-0.11968526923798717,-0.16115702479338834
3289_2015-12-21,3289,2015-12-21,4000000.0,76.0,90.8,86.2,-0.014317180616740033,-0.04476985551385948,-0.008810572687224627,-0.037617157049364525,-0.022026431718061623,-0.03437211073040736,-0.017621145374449254,-0.017621145374449254,0.016519823788546217,0.019812004858505095,-0.00770925110132159,0.007105563713493246,-0.011013215859030812,0.011209006363191443,0.006607929515418665,0.028007106470151144,0.007709251101321701,0.014293613241239345,0.016519823788546217,0.011581552183608013,0.0,0.0,0.07488986784140961,0.07653595837638905,0.11233480176211463,0.11151175649462486,0.09030837004405279,0.08783923424158369,0.09361233480176212,0.08620492739435459,0.07599118942731287,0.061999419879987805,0.06277533039647576,0.0512526966516198,0.06167400881057272,0.05755878247312407,0.029735682819383324,0.0330278638893422,0.04625550660792954,0.04625550660792954,0.004405286343612369,0.02415837276336552,-0.029735682819383324,-0.0017521437247330907,-0.06828193832599128,-0.01066876960171148,0.07378854625550657,0.09354163267525972,0.1729074889867841,0.11364822972752497,-0.16299559471365632
5272_2015-12-28,5272,2015-12-28,6000000.0,30.0,39.25,40.8,0.005095541401273884,0.011589047894780324,-0.031847133757961776,0.003867151956324033,-0.01146496815286635,0.02343762924973103,0.008917197452229297,0.029209405244437048,0.014012738853503182,0.02294131028207469,0.008917197452229297,0.022715898750930608,0.019108280254777066,0.034530358176855014,0.001273885350318471,0.014260898337331573,-0.019108280254777066,-0.007744643891140601,-0.005095541401273995,0.001397965092232445,0.0,0.0,-0.021656050955414008,-0.01922098602034905,-0.006369426751592355,0.0033708329886673605,-0.006369426751592355,0.01067602779386223,-0.019108280254777066,-0.005309578956075756,-0.042038216560509545,-0.008758995781288692,-0.08280254777070062,-0.04140644387459669,-0.12866242038216558,-0.07752605674580193,-0.1847133757961783,-0.11571986930267186,-0.14394904458598723,-0.07657891471585743,-0.19235668789808924,-0.1103761684175697,-0.21019108280254772,-0.12739887501033986,-0.18726114649681536,-0.11258582182149068,-0.15923566878980888,-0.13244995450409458,-0.03949044585987249,-0.08900343287285961,-0.23566878980891715
3528_2015-12-30,3528,2015-12-30,5000000.0,24.0,29.1,30.9,0.05670103092783507,0.03538955551799905,0.030927835051546282,0.04158357275646429,0.03780068728522323,0.0369810151540757,0.029209621993127044,0.0333079826488647,0.029209621993127044,0.03494732691115987,0.027491408934707806,0.03077009745929804,0.030927835051546282,0.03256717931384134,0.0034364261168384758,0.0001577375922483526,0.013745704467353903,0.0039096388935833115,0.00859106529209619,0.0012140161117681902,0.0,0.0,-0.00859106529209619,-0.0012140161117683013,-0.003436426116838587,0.0006619345388990672,-0.015463917525773252,0.008306574277505474,-0.03264604810996574,-0.0006788349952115968,-0.03608247422680411,0.005720804461720408,-0.06357388316151202,-0.0037378175877416098,-0.046391752577319645,0.011804968734155707,-0.061855670103092786,0.011095149569038454,-0.07903780068728528,-0.005267308884006616,-0.07731958762886593,-0.014204833530505279,-0.0893470790378007,-0.018855275759112278,-0.0893470790378007,-0.0327897019886203,0.018900343642611617,0.02135936003605421,0.11340206185566992,0.09045124218353884,-0.17525773195876293
6182_2015-12-31,6182,2015-12-31,30000000.0,11.3,12.6,10.4,0.059523809523809534,0.028970547756674847,0.0793650793650793,0.07110744104963751,0.0714285714285714,0.06812551610239459,0.07539682539682557,0.07374529773373717,0.059523809523809534,0.05539499036608864,0.06746031746031744,0.06167997063950814,0.01984126984126977,0.00910634003119526,0.031746031746031855,0.014404991283603952,0.03571428571428581,0.0208505367464904,0.01587301587301604,0.008441141389118334,0.0,0.0,0.01587301587301604,0.012569960546839232,0.003968253968253954,0.020483530599137545,-0.015873015873015817,0.00889989907330957,-0.04761904761904756,-0.012936966694192198,-0.09523809523809523,-0.042389210019267876,-0.023809523809523725,0.02738783374621523,-0.059523809523809534,0.006537296999724718,-0.09523809523809523,-0.02835122488301678,-0.08730158730158732,-0.03114964675658327,-0.09523809523809523,-0.031654280209193586,-0.09920634920634919,-0.03562253417744754,-0.07936507936507942,-0.05376640058720994,-0.02777777777777779,-0.03190659693549869,-0.16666666666666663,-0.19309110927608042,-0.10317460317460314
4157_2016-01-07,4157,2016-01-07,20000000.0,27.5,31.6,31.45,0.07278481012658222,0.033434938441381234,0.09810126582278489,0.05618509815811423,0.056962025316455556,0.009913265692845563,0.05379746835443022,-9.47472144319228e-05,0.12183544303797467,0.07050952344858197,0.096518987341772,0.052891955690788306,0.09335443037974667,0.05742628666717198,0.07278481012658222,0.033434938441381234,0.028481012658227778,0.009661508808783914,-0.0015822784810126667,-0.011847462398891118,0.0,0.0,-0.03322784810126589,-0.014408344251821914,-0.007911392405063333,0.009197247458067492,-0.04746835443037978,-0.014961938690431054,-0.10284810126582278,-0.06948625353271753,-0.09493670886075944,-0.07269547703868928,-0.11234177215189878,-0.08240165239141972,-0.07911392405063289,-0.04917380429015383,-0.039556962025316444,-0.016460298210089763,-0.053797468354430444,-0.03326710051867332,-0.09651898734177222,-0.05289195569078842,-0.09177215189873422,-0.04643425626143727,-0.083860759493671,-0.09241507942523641,-0.10126582278481022,-0.14917001440157662,-0.16139240506329122,-0.257200788296824,-0.129746835443038
4167_2016-03-30,4167,2016-03-30,36000000.0,20.0,22.3,23.8,0.017937219730941534,0.038361414546338235,0.18609865470852016,0.1868842006629584,0.13677130044843056,0.12655920304073232,0.12780269058295946,0.11130622553975433,0.11210762331838575,0.09718225018405735,0.08071748878923768,0.0689342994726625,0.06502242152466375,0.054024778162527154,0.03587443946188351,0.024876796099746912,0.056053811659192876,0.049769444023686216,0.03587443946188351,0.02880452587193849,0.0,0.0,0.015695067264573925,-0.0008013977786311965,0.011210762331838486,-0.004500156756928275,0.013452914798206317,0.009525185026014737,-0.004484304932735439,0.015154343928222902,0.0,0.02356637863315003,0.0,0.014139827179890041,-0.013452914798206317,-0.0032408173905079662,-0.026905829596412634,-0.015908186234276034,-0.024663677130044914,-0.030948044765551574,-0.024663677130044914,-0.034090228583305016,-0.024663677130044914,-0.034090228583305016,0.006726457399103047,0.03893384153107471,0.020179372197309364,0.08380859450681444,0.23094170403587433,0.22544288235480603,-0.10313901345291487
6244_2016-04-13,6244,2016-04-13,50000000.0,31.0,35.55,40.1,0.08016877637130815,0.06348887168504924,0.0,-0.018268467037330982,-0.012658227848101111,-0.023778164305606975,0.007032348804500765,-0.020767492339264226,0.026722925457102864,-0.0002826345111259787,0.03797468354430378,0.02288334120911717,0.02390998593530247,0.03264707886620011,0.0042194092827005925,0.016927908091278865,0.0182841068917019,0.021461231593846497,0.02390998593530247,0.02311570475976632,0.0,0.0,-0.007032348804500654,-0.02450653466629571,-0.002812939521800173,-0.023464250085739824,-0.03656821378340358,-0.05721952434734323,-0.0661040787623065,-0.08040113992195697,-0.0661040787623065,-0.07642973404427622,-0.10126582278481011,-0.09650013573159322,-0.12095639943741199,-0.12095639943741199,-0.12376933895921238,-0.12774074483689313,-0.13924050632911378,-0.14400619338233067,-0.07735583684950775,-0.08609292978040517,-0.11251758087201114,-0.11966611145183625,-0.12236286919831219,-0.07232315513953524,-0.043600562587904235,-0.030892063779325962,-0.09001406469760886,-0.15435083991603604,-0.12798874824191275
4420_2016-04-20,4420,2016-04-20,11000000.0,32.0,50.4,39.45,-0.2222222222222221,-0.23794549266247356,-0.20734126984126977,-0.1884733453129679,-0.20039682539682546,-0.1775980832584606,-0.12103174603174605,-0.10766696615753224,-0.10515873015873012,-0.09572476789457918,-0.12202380952380953,-0.11180368373764604,-0.08730158730158732,-0.0943770589997005,0.003968253968253954,-0.006251871817909649,-0.031746031746031744,-0.04196615753219535,0.01388888888888884,0.009958071278825864,0.0,0.0,-0.09722222222222221,-0.08228511530398319,-0.125,-0.11477987421383651,-0.11706349206349209,-0.11077418388739146,-0.12698412698412698,-0.1214809823300389,-0.15575396825396826,-0.15418164120994304,-0.15277777777777768,-0.14963312368972737,-0.1874999999999999,-0.168632075471698,-0.1865079365079365,-0.15506139562743337,-0.22817460317460314,-0.1833632824198861,-0.26190476190476186,-0.20687331536388132,-0.21031746031746035,-0.156858340820605,-0.33432539682539686,-0.27221847858640313,-0.29761904761904767,-0.2991913746630728,-0.34523809523809523,-0.43250224618149147,-0.3650793650793651
5011_2016-04-28,5011,2016-04-28,7500000.0,20.0,21.7,25.85,0.14285714285714302,0.1389139251915279,0.10829493087557607,0.09488799081248467,0.11751152073732718,0.10410458067423578,0.08064516129032251,0.0735473694922153,0.09216589861751157,0.08901132448501947,0.06682027649769573,0.0786499294945412,0.08525345622119818,0.09235124801930539,0.032258064516129004,0.0354126386486211,-0.03456221198156684,-0.03219628138219777,-0.02304147465437789,-0.02461876172062394,0.0,0.0,0.01382488479262678,0.02959775545508736,0.02073732718894017,0.049128494381369125,0.018433179723502446,0.06023128697902291,0.01382488479262678,0.06587535797874666,0.016129032258064502,0.06660221837793823,0.025345622119815614,0.08370524357091969,0.025345622119815614,0.08370524357091969,0.05990783410138256,0.11353559435374849,0.05760368663594462,0.11359737748767962,0.02764976958525356,0.08443210397011158,0.02304147465437789,0.09007617496983533,-0.032258064516129004,-0.019639767986160628,-0.09216589861751157,-0.09768640334937273,-0.10599078341013823,-0.20062800738490172,-0.07834101382488479
2641_2016-04-28,2641,2016-04-28,30000000.0,7.0,7.65,7.7,-0.0039215686274509665,-0.007864786293066084,0.04444444444444451,0.03103750438135311,0.04444444444444451,0.03103750438135311,0.03137254901960773,0.02427475722150052,0.02614379084967311,0.022989216717181016,0.0235294117647058,0.03535906476155126,0.018300653594771177,0.025398445392878388,0.0,0.003154574132492094,0.0013071895424836555,0.003673120141852726,0.002614379084967311,0.001037092018721264,0.0,0.0,-0.0039215686274509665,0.011851302035009614,-0.030065359477124187,-0.0016741922846952306,-0.02614379084967322,0.015654316405847246,-0.0326797385620915,0.019370734624028385,-0.03137254901960784,0.019100637100265883,-0.03137254901960784,0.02698707243149623,-0.048366013071895475,0.009993608379208596,-0.05882352941176472,-0.005195769159398789,-0.05620915032679741,-0.00021545947506240726,-0.05882352941176472,-0.0020411950269066947,-0.06797385620915042,-0.0009391558936929778,-0.08888888888888902,-0.07627059235892064,-0.0980392156862745,-0.10355972041813566,0.326797385620915,0.2321601616461515,-0.08496732026143794
3224_2016-04-28,3224,2016-04-28,10000000.0,27.65,31.55,32.0,0.045958795562599075,0.04201557789698396,0.1061806656101425,0.0927737255470511,0.09984152139461178,0.08643458133152038,0.11251980982567344,0.10542201802756623,0.09667194928684619,0.0935173751543541,0.06180665610142633,0.07363630909827179,0.058637083993660744,0.06573487579176795,0.02694136291600624,0.030095937048498334,-0.031695721077654504,-0.029329790478285434,-0.004754358161648264,-0.006331645227894311,0.0,0.0,-0.03645007923930277,-0.020677208576842188,-0.05071315372424723,-0.022321986531818272,-0.08082408874801905,-0.039025981492498585,-0.07131537242472263,-0.01926489923860275,-0.07131537242472263,-0.02084218630484891,-0.08716323296354989,-0.028803611512445815,-0.11251980982567356,-0.054160188374569485,-0.0982567353407291,-0.044628975088363165,-0.0966719492868463,-0.0406782584351113,-0.09984152139461178,-0.04305918700975375,-0.12361331220285265,-0.056578611887395214,-0.15213946117274169,-0.1395211646427733,-0.20760697305863707,-0.21312747779049823,-0.1489698890649762,-0.2436071130397397,-0.12361331220285265
4188_2016-05-27,4188,2016-05-27,11800000.0,30.0,35.6,36.2,0.098314606741573,0.09429208059515304,-0.022471910112359716,0.02579840364467967,0.0,0.04102976669348346,0.004213483146067398,0.038002702775995045,0.011235955056179803,0.04663418514467532,0.028089887640449396,0.06831514910464886,0.018258426966291985,0.05285215182550351,0.00983146067415741,0.012244976362009385,-0.004213483146067398,0.008658600522476356,-0.0014044943820226141,0.0010090213058293607,0.0,0.0,-0.01966292134831471,-0.026903468411870635,0.008426966292134797,-0.007663138293545035,-0.008426966292134908,-0.02451707087781474,0.08988764044943798,0.06494797834163424,0.032303370786516794,0.007363708678713055,0.028089887640449396,0.0007367098447936815,0.019662921348314377,-0.00929926690590932,-0.008426966292134908,-0.03899816500492659,-0.002808988764045006,-0.047056776374664544,-0.008426966292134908,-0.05830629050774239,-0.011235955056179692,-0.03698012239326742,-0.022471910112359716,-0.04821607744944745,-0.08988764044943831,-0.17757871044139317,-0.1292134831460674,-0.24586674139224618,-0.1573033707865169
4114_2016-06-20,4114,2016-06-20,20000000.0,30.0,35.85,34.9,-0.012552301255230214,0.050679548861865764,0.002789400278940146,0.005911960778549719,0.0069735006973501434,0.008534780947154874,-0.005578800557880181,-0.005578800557880181,0.004184100418409997,-0.00908678170493138,0.005578800557879848,-0.013156562439778252,-0.009762900976290179,-0.0050790602268756535,-0.006973500697350032,-0.008534780947155096,0.004184100418409997,0.0010615399188003138,-0.004184100418409997,0.006744861330223784,0.0,0.0,-0.02649930264993039,-0.03352506377405218,-0.040446304044630454,-0.051375265793264346,-0.040446304044630454,-0.05449782629287403,-0.04184100418410042,-0.05355060605763673,-0.07391910739191065,-0.05908694501876477,-0.06555090655509066,-0.060867065805676135,-0.0683403068340308,-0.06755966670912839,-0.07391910739191065,-0.08406742901564213,-0.06555090655509066,-0.08740883005235844,-0.06136680613668066,-0.09571497163238718,-0.05997210599721059,-0.09510091161781953,-0.01115760111576003,-0.0923441741056118,-0.025104602510460206,-0.1070718156252144,-0.11018131101813122,-0.1851227630087634,-0.16317991631799167
3324_2016-06-27,3324,2016-06-27,5000000.0,50.0,65.8,53.1,-0.01823708206686936,-0.010313151797455733,0.06382978723404253,0.05352867788380489,0.06686930091185417,0.050229047346085576,0.09878419452887544,0.08055915490922416,0.06231003039513694,0.058348065260430015,0.07598784194528885,0.060932374433402936,0.12310030395136784,0.10091329919700964,0.0942249240121582,0.06807595412309331,0.05471124620060808,0.025392704203777594,0.04863221884498481,0.02169085592897857,0.0,0.0,0.024316109422492627,0.01401500007225498,0.05775075987841949,0.04348768539347492,0.06231003039513694,0.03695345353301338,0.05471124620060808,0.017468773934363968,0.07446808510638303,0.024547324409077254,0.07902735562310026,0.028314201898853142,0.10030395136778125,0.052760369751299496,0.08510638297872353,0.056580234008834385,0.10030395136778125,0.05909951396683044,0.18996960486322179,0.12816294876179546,0.19452887537993924,0.1232135029552166,0.27963525835866276,0.179793736964051,0.6413373860182372,0.5256480040847982,0.5577507598784195,0.42859069648697745,-0.2401215805471124
5364_2016-07-01,5364,2016-07-01,4000000.0,20.0,27.5,28.55,0.018181818181818077,0.044919786096256575,-0.050909090909090904,-0.029518716577540016,-0.018181818181818188,-0.003666921313980054,-0.0036363636363636598,0.007058823529411784,0.014545454545454417,0.022184873949579687,0.030909090909090997,0.040840336134453925,0.029090909090909056,0.06499618029029797,0.0,0.025974025974025983,0.009090909090909038,0.031245225362872442,0.0072727272727273196,0.01873185637891528,0.0,0.0,-0.14,-0.1522230710466005,-0.1709090909090909,-0.18389610389610378,-0.2272727272727273,-0.2372039724980901,-0.22545454545454546,-0.21705118411000768,-0.23636363636363633,-0.24018334606569902,-0.23636363636363633,-0.26004583651642466,-0.22181818181818191,-0.25466768525592043,-0.20727272727272728,-0.24088617265087864,-0.22363636363636363,-0.2580137509549274,-0.19999999999999996,-0.2466004583651642,-0.12,-0.17653170359052706,-0.13818181818181818,-0.1970053475935829,-0.14363636363636356,-0.21850267379679122,-0.1454545454545455,-0.2440030557677617,-0.2727272727272727
8064_2016-07-14,8064,2016-07-14,30000000.0,13.0,15.9,13.8,-0.14779874213836475,-0.09754005773333885,-0.10062893081761004,-0.057022131113249275,-0.08805031446540879,-0.05552998926215669,-0.10062893081761004,-0.07993417841554051,-0.09119496855345921,-0.07123931445146348,-0.09748427672955984,-0.07457222942726849,-0.10377358490566035,-0.06312317840159531,-0.11949685534591192,-0.09067202164302945,-0.03144654088050314,-0.021838262979542278,-0.037735849056603765,-0.03699675075652964,0.0,0.0,-0.03459119496855345,-0.035330293268627355,0.018867924528301883,0.006303253427045519,0.037735849056603765,0.01556290005438643,0.028301886792452935,0.004650741190088015,-0.018867924528301883,-0.04177997183059312,-0.012578616352201366,-0.04066435175500971,-0.0062893081761006275,-0.03067955207853945,-0.012578616352201366,-0.03253427045419677,-0.028301886792452935,-0.05417032729503979,-0.0031446540880503138,-0.03344768439108059,0.09433962264150941,0.07364487023944011,0.04402515723270439,0.010026635429304598,0.07547169811320753,0.04073407800973383,0.08805031446540879,0.020053270858609196,-0.1823899371069183
6264_2016-08-09,6264,2016-08-09,30000000.0,10.0,11.1,10.1,-0.06306306306306297,-0.028088045218666036,0.12612612612612617,0.13540521249300685,0.11261261261261257,0.11760904373324066,0.0855855855855856,0.09986110307309448,0.08108108108108114,0.10249435731234458,0.08108108108108114,0.0917877191967128,0.06756756756756754,0.0782742056831992,0.05855855855855863,0.07711673129232022,0.0045045045045044585,0.020921349615139584,0.0,0.0064239828693790635,0.0,0.0,-0.022522522522522515,-0.027518953643150823,-0.009009009009009028,-0.016860543627138846,-0.027027027027026973,-0.025599475278276107,-0.04504504504504503,-0.047186372668171384,-0.04504504504504503,-0.04932770029129774,-0.009009009009009028,-0.007581457260258162,-0.018018018018017945,-0.018018018018017945,-0.05405405405405406,-0.051912726430927814,-0.05405405405405406,-0.04191986418967153,-0.03603603603603611,-0.016764087427899144,-0.05405405405405406,-0.04477496768717337,-0.21261261261261255,-0.2240330266026197,-0.17747747747747733,-0.19460809846248817,-0.1819819819819819,-0.20981924108262429,-0.09909909909909909
3205_2016-08-17,3205,2016-08-17,2000000.0,133.0,169.5,212.0,0.18584070796460184,0.19656265221049174,0.10619469026548667,0.12334980105891058,0.1032448377581121,0.1182555597023579,0.08259587020648973,0.0875994441879051,-0.02359882005899705,-0.02502841262511557,-0.10619469026548678,-0.11262785681302068,-0.06489675516224191,-0.07418910684201308,-0.04424778761061943,-0.04424778761061943,-0.014749262536873142,-0.018323243952169777,0.02359882005899716,0.017880449794522635,0.0,0.0,-0.04424778761061943,-0.04567738017673795,-0.05899705014749268,-0.05828225386443342,-0.07964601769911506,-0.06892407345322515,-0.07374631268436582,-0.05587640560788265,-0.07079646017699115,-0.06293370106333862,-0.07374631268436582,-0.06302436843847592,-0.08259587020648973,-0.0833106664895491,-0.07669616519174038,-0.07884055404091828,0.014749262536873253,0.013319669970754733,0.020648967551622377,0.019934171268563006,0.01179941002949847,0.019662169143150998,-0.16814159292035402,-0.15241607469304863,-0.08554572271386429,-0.1069896112056441,-0.3982300884955752,-0.3975152922125159,-0.21533923303834812
4192_2016-08-30,4192,2016-08-30,11500000.0,30.0,31.35,35.35,0.06379585326953752,0.07450249138516918,0.03668261562998398,0.03811016737873485,0.00956937799043045,0.00956937799043045,0.027113237639553533,0.029254565262679777,0.03508771929824572,0.04722190916262825,0.0494417862838914,0.06871373489202837,0.04625199362041443,0.05553107998729512,0.014354066985645897,0.026488256850028424,0.00797448165869219,0.008688257533067567,0.014354066985645897,0.01364029111127052,0.0,0.0,-0.004784688995215336,-0.0040709131208399585,-0.027113237639553422,-0.017834151272672738,-0.011164274322169154,0.0031112431653397277,-0.019138755980861344,-0.006290790242103439,-0.02392344497607657,-0.0274923243479539,-0.01754385964912286,-0.02896427363913001,-0.011164274322169154,-0.036860205799685186,-0.020733652312599715,-0.042860704418238416,-0.00797448165869219,-0.012970912779320498,-0.012759170653907526,-0.003480084287026841,-0.014354066985646008,0.002776553999364717,-0.03987240829346095,-0.052720374032219075,-0.08771929824561409,-0.10770502272812665,-0.03827751196172258,-0.06254589169048785,-0.0430622009569378
3548_2016-09-06,3548,2016-09-06,10000000.0,60.0,74.5,62.3,-0.020134228187919434,-0.02155670329460524,0.00402684563758382,0.016829121597754404,-0.006711409395973145,0.008935816777568717,0.00402684563758382,0.008294270957640681,0.03221476510067123,0.035059715314042506,0.037583892617449655,0.041140080384163724,0.046979865771812124,0.051247291091868985,0.033557046979865834,0.04635932294003642,0.014765100671140896,0.032546039504711355,-0.04563758389261752,-0.029279120165732864,0.0,0.0,-0.029530201342281903,-0.037353814429052945,-0.02684563758389258,-0.0488940017375199,-0.006711409395973145,-0.025203585782886395,-0.03087248322147651,-0.032294958328162315,-0.046979865771812124,-0.03417758981164154,-0.0738255033557047,-0.053199614308762966,-0.11409395973154357,-0.09346807068460183,-0.09261744966442964,-0.06630166019074546,-0.05234899328859066,-0.06230631903539019,-0.055033557046979764,-0.06356840768709371,-0.06174496644295291,-0.0752584799564665,-0.1463087248322148,-0.16551213877247095,-0.18791946308724827,-0.2220588656477036,-0.19597315436241614,-0.20735295521590125,-0.19463087248322153
3680_2016-09-29,3680,2016-09-29,3500000.0,30.0,31.05,31.7,-0.033816425120772986,-0.020436143430632048,-0.02898550724637683,-0.0064502959787712255,0.06763285024154575,0.09791454038239089,0.03220611916264082,0.062487809303485964,0.008051529790660261,0.04396702274840669,0.01449275362318847,0.01449275362318847,0.02254428341384851,0.02395273411807375,0.01449275362318847,0.010971626862624984,0.008051529790660261,0.0024177269737588603,0.017713365539452575,0.0050373092014244225,0.0,0.0,0.004830917874396157,-0.007845138463631995,0.033816425120772875,0.03452065047288555,0.033816425120772875,0.027478396951758688,0.019323671497584405,0.008760291215894167,0.004830917874396157,-0.0022113356467305945,0.01449275362318847,0.0046335986936110185,-0.0016103059581320522,-0.01076523553559694,-0.01449275362318836,-0.020830781792202546,-0.012882447665056418,-0.030488081467873407,-0.01449275362318836,-0.02435190855276581,-0.02898550724637683,-0.035323535415391016,-0.0016103059581320522,-0.024145517225737656,-0.05152979066022545,-0.03814950897008451,0.09178743961352653,0.09812546778254061,-0.033816425120772986
1586_2016-10-04,1586,2016-10-04,15000000.0,19.4,22.55,32.8,0.3968957871396894,0.4304857101627826,0.1529933481152992,0.19498075189416553,0.1729490022172948,0.17924711278412475,0.16629711751662968,0.17399480820942181,0.15964523281596432,0.16244439306788883,0.1529933481152992,0.15369313817828023,0.1529933481152992,0.14669523754846914,0.10864745011086474,0.11494556067769468,-0.0022172949002217113,-0.008515405467051762,0.0022172949002217113,0.009215195530032805,0.0,0.0,-0.0665188470066519,-0.0707175873845386,-0.0665188470066519,-0.06721863706963294,-0.06430155210643007,-0.0678005024213355,-0.006651884700665245,-0.009451044952589638,0.03104212860310418,0.03104212860310418,0.01773835920177369,0.006541718194076118,0.0044345898004434225,0.0009356394855379868,-0.02882483370288258,-0.02882483370288258,-0.015521064301552201,-0.015521064301552201,-0.015521064301552201,-0.022518964931363294,-0.03547671840354771,-0.04807293953720759,-0.05986696230598676,-0.06406570268387346,0.015521064301551979,0.035814976128004106,-0.037694013303769425,-0.03979338349271255,-0.13968957871396903
3587_2016-10-20,3587,2016-10-20,7000000.0,71.5,81.4,83.2,-0.01842751842751844,0.00023177666577800515,0.017199017199017064,0.028947462257759238,0.019656019656019597,0.028640124700940017,0.02211302211302213,0.03178821216139793,0.02825552825552813,0.040695058317725685,0.03194103194103182,0.03332320194794258,0.01228501228501222,0.02126911732993264,-0.004914004914004955,0.007525525148192602,-0.004914004914004955,0.007525525148192602,-0.013513513513513598,-0.007984833485870313,0.0,0.0,-0.02211302211302224,-0.02625953213375498,-0.00982800982801002,-0.013283434845287156,-0.013513513513513598,-0.01835110853770172,-0.013513513513513598,-0.028026298586077747,-0.004914004914004955,-0.013898109958925597,-0.00614250614250611,-0.009597931159783246,-0.023341523341523396,-0.026796948358800532,-0.019656019656019708,-0.023111444673296844,-0.023341523341523396,-0.026796948358800532,-0.057739557739557745,-0.04944653769809271,-0.08599508599508598,-0.07010013091561129,-0.12039312039312056,-0.09067646524453743,-0.0724815724815725,-0.0676439774573846,0.1117936117936118,0.10833818677633467,-0.12162162162162171
1799_2016-11-25,1799,2016-11-25,14000000.0,19.2,21.3,25.0,0.15727699530516426,0.1404702726160887,0.04225352112676051,0.061161084151970746,0.04460093896713602,0.06280822188030144,0.04460093896713602,0.06560934232848059,0.04225352112676051,0.06186136426401545,-0.007042253521126862,0.00976446916794882,0.0,0.014005602240896309,0.004694835680751019,0.01729987769755781,0.0023474178403755097,0.0016471377283306943,-0.014084507042253502,-0.019686747938612026,0.0,0.0,-0.023474178403755874,-0.022773898291710948,-0.03755868544600938,-0.042460646230323085,0.05868544600938974,0.055184045449165664,0.164319248826291,0.16011756815402212,0.164319248826291,0.15591588748175322,0.10328638497652576,0.10608750542470502,0.06572769953051627,0.06992938020278539,0.06572769953051627,0.057324338185978485,0.032863849765258246,0.02446048842072046,0.009389671361502261,-0.011618731999842202,0.014084507042253502,-0.010425296879315038,-0.014084507042253502,-0.002179745137491529,-0.011737089201877882,-0.026442971554819006,0.04929577464788726,0.03599045251903599,-0.09859154929577474
3221_2016-11-28,3221,2016-11-28,9000000.0,21.0,25.15,27.1,0.09741550695825052,0.07989623575993243,0.0059642147117298094,0.023483485910048008,-0.005964214711729587,0.014358139878319354,-0.007952286282306154,0.010968526611877416,-0.013916500994035741,0.0022012285084168637,-0.013916500994035741,-0.0006018548833141013,0.011928429423459175,0.023841533838315443,0.017892644135188984,0.0164911024393235,0.00994035785288272,0.0036334202214880484,-0.001988071570576455,-0.0026888424185094184,0.0,0.0,-0.007952286282306154,-0.013558453065768084,-0.007952286282306154,-0.012156911369902601,-0.003976143141153021,-0.00888153907668221,0.017892644135188984,0.00878262311206357,0.0059642147117298094,0.008066527255527922,0.003976143141153132,0.0074799973808167275,0.001988071570576677,-0.007121949452548737,0.001988071570576677,-0.007121949452548737,0.00994035785288272,-0.011783538433032037,0.007952286282306265,-0.017275464243271976,-0.005964214711729587,-0.02698734014971138,-0.08548707753479123,-0.0777785982075313,-0.013916500994035741,-0.028632688800623085,-0.02982107355864816,-0.04663957390903373,-0.16500994035785288
2067_2016-11-30,2067,2016-11-30,6500000.0,13.0,14.8,16.0,0.11486486486486491,0.1134691914524435,0.14864864864864868,0.1716772599536034,0.14864864864864868,0.16888591312876033,0.1114864864864864,0.1289324041417551,0.10810810810810789,0.12415835235095518,0.04054054054054057,0.043331887365383626,0.04054054054054057,0.038447030421908446,-0.006756756756756799,-0.0032675732257030354,0.006756756756756799,0.010943776994021492,0.0033783783783782884,0.001982704965956872,0.0,0.0,-0.027027027027027084,-0.027724863733237792,0.013513513513513375,0.008628656570038196,-0.020270270270270285,-0.013989739914373578,-0.04054054054054068,-0.032864336772222336,-0.013513513513513598,-0.018398370456988777,-0.010135135135135198,-0.015019992078610378,-0.04054054054054068,-0.057986458195809276,-0.04391891891891897,-0.06485402010524133,-0.03716216216216217,-0.053910243111219835,0.027027027027026973,0.00888327266554767,-0.03378378378378377,-0.0540210482638952,-0.09797297297297303,-0.0972751362667621,-0.06756756756756754,-0.0885026687538899,-0.06418918918918926,-0.07116755625129678,-0.12162162162162171
3289_2016-12-21,3289,2016-12-21,10000000.0,86.0,106.0,88.7,-0.08584905660377351,-0.08654592071527167,0.02358490566037741,0.020100585102886148,0.014150943396226356,-0.0018769311682336198,0.014150943396226356,-0.00536125172572488,0.004716981132075526,-0.010614029320886065,0.037735849056603765,0.021011110380645626,0.037735849056603765,0.018920518046150914,0.02358490566037741,0.006163302872920884,0.004716981132075526,-0.0029485240944053803,-0.004716981132075526,-0.006110709355071853,0.0,0.0,-0.05188679245283023,-0.05118992834133207,-0.04245283018867929,-0.0292124120702123,-0.05660377358490565,-0.0398790349089474,-0.06603773584905659,-0.0527973177305896,-0.05188679245283023,-0.03794951022286508,-0.05188679245283023,-0.04979620011833541,-0.05188679245283023,-0.0449181513378476,-0.037735849056603765,-0.03843271316810193,-0.06320754716981136,-0.0652981395043063,-0.06603773584905659,-0.06743146407205292,-0.02358490566037741,-0.03403786733285119,-0.12735849056603776,-0.13014594701203086,-0.037735849056603765,-0.05236999539806719,-0.02358490566037741,-0.05773124712379207,-0.18867924528301883
6024_2016-12-28,6024,2016-12-28,38000000.0,31.38,37.7,36.85,-0.003978779840848934,-0.017406341678304904,0.03183023872679036,-0.0013853089763897763,0.03315649867374004,0.0013543785323972823,0.027851458885941538,0.005943331677461083,0.01856763925729421,0.003019936077082175,0.011936339522546247,-0.002197936095828412,0.009283819628647105,-0.004143742208808865,-0.007957559681697757,-0.008664273462616445,-0.009283819628647216,-0.00645696450497224,-0.006631299734747964,-0.007338013515666653,0.0,0.0,-0.03183023872679047,-0.04384437300240884,-0.037135278514588976,-0.044202416323776306,-0.03846153846153855,-0.053302527860831894,-0.035809018567639295,-0.05206343552877002,-0.034482758620689724,-0.05003046180090176,-0.02917771883289133,-0.05391270116504676,-0.02785145888594176,-0.05470658256085348,-0.02785145888594176,-0.0518797274371785,-0.03183023872679047,-0.055151793497108526,-0.039787798408488007,-0.06310935317880606,-0.039787798408488007,-0.07371005989258705,-0.010610079575597009,-0.04029205837418348,-0.0411140583554378,-0.0778631749632116,-0.04774535809018576,-0.10286903300184658,-0.16763925729442974
5245_2017-02-02,5245,2017-02-02,3000000.0,102.0,120.0,118.5,-0.050000000000000044,-0.015211459754433942,0.016666666666666607,0.028944974988631023,0.02083333333333326,0.022879718053660514,0.050000000000000044,0.059549795361528046,0.02499999999999991,0.042735334242837486,0.029166666666666563,0.04280923146884941,0.004166666666666652,0.01985561618917675,-0.008333333333333304,0.01008412914961343,-0.01666666666666672,-0.0009777171441566201,-0.012499999999999956,-0.00499658935879943,0.0,0.0,-0.025000000000000022,-0.019542974079126973,-0.02083333333333337,-0.014694179172351052,0.0,0.0006821282401090478,-0.004166666666666652,-0.004166666666666652,-0.01666666666666672,0.004479308776716651,-0.029166666666666674,-0.0114313324238291,-0.05833333333333335,-0.05151205093224198,-0.09999999999999998,-0.09522510231923609,-0.09583333333333333,-0.09446907685311512,-0.09583333333333333,-0.10401887221464323,-0.09999999999999998,-0.10204638472032757,-0.054166666666666696,-0.03779558890404733,0.06666666666666665,0.05711687130513865,-0.012499999999999956,-0.043195770804911326,-0.15000000000000002
9950_2017-02-08,9950,2017-02-08,28500000.0,14.0,14.95,15.0,-0.0033444816053510573,0.015755109117704724,0.013377926421404673,0.027020491223587517,0.013377926421404673,0.02906687594391477,0.013377926421404673,0.03179538890435141,0.010033444816053505,0.025722394338563603,0.03678929765886285,0.04429270830006338,0.03678929765886285,0.03678929765886285,0.0234113712374584,0.02886839715833145,0.0033444816053511683,0.009483635766333487,0.0033444816053511683,0.004026609845460216,0.0,0.0,-0.013377926421404673,0.007768049021978696,-0.010033444816053394,0.007701889426784181,-0.0033444816053510573,0.003476800795740309,-0.006688963210702337,-0.0019140655299384468,-0.006688963210702337,-0.00532470673048413,-0.010033444816053394,-0.0182189836973633,-0.0033444816053510573,-0.005390866325678645,-0.006688963210702337,-0.0073710914508113845,-0.01672240802675584,-0.019450920987192477,-0.01672240802675584,-0.013993895066319206,0.0,0.0006821282401090478,-0.030100334448160515,-0.013047128445431988,0.010033444816053505,-0.004291248226238498,-0.08026755852842804,-0.11642035525421246,-0.0635451505016722
6548_2017-02-09,6548,2017-02-09,5500000.0,245.0,318.0,286.0,-0.11635220125786161,-0.11774592948085794,-0.11477987421383651,-0.1203547871058227,-0.08490566037735847,-0.08769311682335157,-0.08176100628930816,-0.08733591918129435,-0.089622641509434,-0.10355992373939926,-0.09748427672955973,-0.11908706418600568,-0.0911949685534591,-0.10722284311791908,-0.09591194968553463,-0.11124296013849622,-0.07861635220125784,-0.09952227554620563,-0.061320754716981174,-0.08292354217342712,0.0,0.0,-0.06289308176100628,-0.06637740231849754,-0.07861635220125784,-0.09325049854272127,-0.07075471698113212,-0.08747945565709025,-0.07704402515723274,-0.09725308439068236,-0.07861635220125784,-0.10858150899568308,-0.05817610062893086,-0.08186948041987174,-0.0691823899371069,-0.09148204150505101,-0.0691823899371069,-0.09357263383954595,-0.08176100628930816,-0.10057633729976101,-0.08490566037735847,-0.10581158372230626,-0.08647798742138368,-0.10808077487782963,0.11949685534591192,0.11601253478842066,0.21069182389937113,0.1758486183244583,0.1383647798742138,0.07564700983937067,-0.2295597484276729
3228_2017-02-24,3228,2017-02-24,5000000.0,14.9,16.2,15.0,-0.09259259259259256,-0.07959669655976098,0.021604938271605034,0.0236569218557362,0.02777777777777768,0.026409788721690086,-0.03703703703703698,-0.0479809494857375,-0.04629629629629628,-0.051084257992602744,-0.030864197530864224,-0.034284170171083095,-0.043209876543209846,-0.04868183276756022,-0.043209876543209846,-0.043209876543209846,0.012345679012345734,0.010293695428214233,-0.0030864197530864335,-0.005822397865261619,0.0,0.0,0.0,-0.0006839945280439075,-0.030864197530864224,-0.02060427961020761,-0.012345679012345623,-0.004821739203864084,0.0,0.013679890560875485,-0.024691358024691246,-0.011695461991859668,-0.024691358024691246,-0.015799429160122225,-0.030864197530864224,-0.027444224890645352,-0.030864197530864224,-0.016500312441944942,-0.03703703703703698,-0.021989157420074013,-0.04012345679012341,-0.03191552245359819,-0.043209876543209846,-0.041841887487122364,-0.08024691358024683,-0.09597878772525381,-0.09259259259259256,-0.11037645032173082,-0.08950617283950613,-0.142173751498877,-0.08024691358024683
2641_2017-03-01,2641,2017-03-01,30000000.0,8.0,8.6,11.75,0.16279069767441867,0.16825891366895052,0.13604651162790704,0.13536298462859064,0.18023255813953498,0.1699796531497879,0.14534883720930236,0.14124767521340353,0.14302325581395348,0.14028914781668766,0.1232558139534885,0.11847112495827328,0.14534883720930236,0.14603236420861898,0.12790697674418605,0.12653992274555326,0.045348837209302495,0.0432982562113533,-0.0046511627906975495,-0.00396763579138093,0.0,0.0,-0.054651162790697594,-0.043714730801633905,-0.03255813953488362,-0.024355815543085857,-0.033720930232558066,-0.019366863246911947,-0.033720930232558066,-0.020050390246228567,-0.03953488372093017,-0.029965505730499498,-0.033720930232558066,-0.029619768236659128,-0.04302325581395339,-0.02798566182899087,-0.04651162790697683,-0.030790506922697913,-0.04069767441860461,-0.03181182342749034,-0.04651162790697683,-0.0444610469090273,-0.04534883720930216,-0.04124767521340322,0.0,-0.011619958988379864,-0.06162790697674414,-0.06709612297127576,-0.05697674418604659,-0.10277305314025009,-0.06976744186046513
4175_2017-03-01,4175,2017-03-01,3000000.0,66.67,79.0,78.5,-0.02278481012658229,-0.017316594132050445,0.006329113924050667,0.005645586924734269,0.006329113924050667,-0.003923791065696403,0.0113924050632912,0.007291243067392372,0.007594936708860578,0.004860828711594767,0.018987341772152,0.014202652776936775,0.03164556962025311,0.03232909661956973,0.010126582278481067,0.008759528279848272,0.013924050632911245,0.011873469634962053,0.01645569620253151,0.01713922320184813,0.0,0.0,-0.007594936708860689,0.0033414952802029996,0.005063291139240533,0.0132656151310383,-0.006329113924050667,0.008024953061595452,0.0,0.0136705399863295,0.0012658227848101333,0.010835200775240805,0.010126582278481067,0.014227744274380005,-0.0025316455696202667,0.01250594841534225,-0.012658227848101222,0.003062893136177691,-0.008860759493670933,2.5091497443341382e-05,-0.013924050632911356,-0.01187346963496183,-0.0113924050632912,-0.007291243067392261,-0.021518987341772156,-0.03313894633015202,-0.0658227848101266,-0.07129100080465822,-0.08987341772151891,-0.1356697266757224,-0.15607594936708857
5255_2017-03-01,5255,2017-03-01,5000000.0,28.5,36.05,32.05,-0.15395284327323155,-0.1484846272786997,-0.023578363384188505,-0.024261890383504903,-0.020804438280166426,-0.031057343269913495,-0.01664355062413303,-0.020744712620031858,-0.012482662968099745,-0.015216770965365556,0.008321775312066793,0.0035370863168515676,0.01664355062413314,0.01732707762344976,-0.005547850208044269,-0.006914904206677064,0.018030513176144458,0.015979932178195266,-0.004160887656033285,-0.003477360656716666,0.0,0.0,-0.04576976421636614,-0.03483333222730245,-0.0540915395284326,-0.04588921553663483,-0.05270457697642161,-0.038350509990775494,-0.03883495145631066,-0.025164411469981163,-0.03606102635228836,-0.02649164836185769,-0.029126213592232886,-0.025025051596333947,-0.04993065187239942,-0.03489305788743691,-0.07212205270457683,-0.05640093172029792,-0.0818307905686545,-0.07294493957754022,-0.06241331484049928,-0.060362733842549754,-0.06241331484049928,-0.05831215284460034,-0.001386962552010984,-0.013006921540390848,-0.0832177531206657,-0.08868596911519733,0.012482662968099856,-0.033313645986103646,-0.20943134535367536
3562_2017-03-16,3562,2017-03-16,45000000.0,10.0,14.0,10.25,-0.1428571428571429,-0.15727032061966872,-0.09285714285714286,-0.0887390920678498,-0.0714285714285714,-0.06113344445533875,-0.0714285714285714,-0.06181978625355444,-0.1071428571428571,-0.10165212275713309,-0.1071428571428571,-0.1071428571428571,-0.08571428571428563,-0.07473281694283751,-0.04999999999999993,-0.03833218943033634,0.0035714285714285587,0.008375821158937091,0.0035714285714285587,0.001512403176781918,0.0,0.0,0.0,-0.013040494166094652,0.0,-0.015785861358956765,-0.0035714285714286698,-0.018670948132169962,-0.0035714285714286698,-0.031711442298264836,-0.0714285714285714,-0.08995979998039028,-0.0714285714285714,-0.0920188253750367,-0.0714285714285714,-0.09064614177860575,-0.0714285714285714,-0.08995979998039028,-0.16428571428571437,-0.18350328463574872,-0.2142857142857143,-0.23007157564467107,-0.2142857142857143,-0.22869889204824012,0.03571428571428581,0.02541915874105305,0.03571428571428581,0.003456221198156584,-0.08214285714285718,-0.13705020100009813,-0.2857142857142857
5439_2017-03-29,5439,2017-03-29,8000000.0,27.5,30.95,29.9,0.048465266558966213,0.07405449214819193,0.01292407108239102,0.03177928993760992,-0.001615508885298933,0.004445097175307167,0.017770597738287597,0.02113760110529095,0.017770597738287597,0.021811001778691552,0.02584814216478204,0.017093933410573303,0.03231017770597733,0.03298357837937793,0.029079159935379684,0.027732358588578476,0.01453957996768973,0.01453957996768973,0.009693053311793154,0.010366453985193758,0.0,0.0,-0.004846526655896577,-0.0014795232888932253,0.001615508885298933,0.006329313599103603,-0.009693053311793265,-0.002285645904385847,-0.004846526655896577,-0.010233732043102073,0.004846526655896577,0.0028263246356945437,0.011308562197092087,0.013328764217294231,0.051696284329563635,0.05236968500296424,0.02746365105008075,0.03217745576388542,0.022617124394184174,0.02531072708778692,0.021001615508885463,0.01898141348868343,0.021001615508885463,0.030429224936494914,0.03554119547657497,0.031500791436170905,0.017770597738287597,-0.01253243256474268,0.03715670436187413,-0.05779279058762077,-0.11147011308562194
3218_2017-04-07,3218,2017-04-07,10000000.0,22.0,27.7,23.8,0.036101083032491044,0.056934416365824525,0.010830324909747224,0.013518496952757975,-0.014440433212996373,-0.013768390202243519,-0.02166064981949456,-0.01964452078723644,-0.07942238267148016,-0.07673421062846941,-0.08664259927797824,-0.08462647024572012,-0.07942238267148016,-0.07404603858545855,-0.08664259927797824,-0.07992216917045136,-0.05595667870036103,-0.0465480765498234,-0.04332129963898912,-0.04668151469275261,0.0,0.0,-0.010830324909747335,-0.006798066845231099,-0.04873646209386273,-0.04604829005085198,-0.05956678700361007,-0.05284635689608319,-0.07761732851985559,-0.07291302744458661,-0.0703971119133574,-0.0703971119133574,-0.09386281588447642,-0.08243808470168057,-0.10830324909747291,-0.0975505609254298,-0.09025270758122739,-0.07950001940918427,-0.08664259927797824,-0.06513722293389212,0.0036101083032491488,0.025115484647335262,-0.03068592057761721,-0.018589146384068722,0.03429602888086647,0.016822910601296703,0.012635379061371799,-0.009542040293466725,-0.06137184115523464,-0.13664065835953565,-0.20577617328519848
4965_2017-04-20,4965,2017-04-20,5000000.0,57.3,61.0,70.6,0.12950819672131164,0.10066204287515768,0.0901639344262295,0.06818591244820738,0.10983606557377046,0.09197892271662766,0.12295081967213117,0.10372005044136179,0.11147540983606552,0.09636551972617524,0.08196721311475419,0.06479688344442458,0.049180327868852514,0.02720230589083039,0.0,-0.010302197802197766,0.0,-0.01098901098901095,0.009836065573770592,-0.0011529454152403584,0.0,0.0,0.0016393442622950616,0.0016393442622950616,0.0,-0.009615384615384581,-0.011475409836065653,-0.02315123401189001,-0.00983606557377048,-0.031127274364979196,0.024590163934426146,0.0005517023959646927,0.016393442622950838,-0.006958205728697653,0.009836065573770592,-0.014202395964690862,0.008196721311475308,-0.024770311655557764,0.004918032786885185,-0.03285669248784018,0.03934426229508192,0.00019591064673019076,0.05245901639344264,0.02017879661322275,-0.040983606557377095,-0.08287921095298156,-0.0016393442622950616,-0.07306791569086646,-0.20737704918032784,-0.33649792830120695,-0.060655737704918056
6179_2017-04-27,6179,2017-04-27,12000000.0,45.0,50.2,50.0,-0.03585657370517936,-0.031832428835964155,0.0,0.002012072434607548,-0.01195219123505975,0.0014616249956579397,-0.006972111553784854,0.005771013865396912,-0.004980079681274896,0.007763045737906871,0.0019920318725097363,0.02546621027626561,0.007968127490039834,0.03144230589379571,0.0019920318725097363,0.01607653891476324,0.0,0.012072434607645732,-0.0019920318725099584,0.000690731373633624,0.0,0.0,0.0019920318725097363,0.0026627226840455487,0.0019920318725097363,0.0019920318725097363,-0.005976095617529986,-0.014695076167496546,-0.007968127490039945,-0.021381943720757524,-0.004980079681274896,-0.01973527753506432,-0.007968127490039945,-0.01601641722847058,-0.033864541832669404,-0.04929043049799475,-0.021912350597609542,-0.040691693320614286,-0.017928286852589737,-0.0407317744448098,-0.02788844621513953,-0.054045387865038985,-0.02788844621513953,-0.05136262461889529,-0.04980079681274896,-0.08199395576647128,-0.02390438247011961,-0.05878030466998563,-0.033864541832669404,-0.13782161762073109,-0.10358565737051795
6244_2017-06-28,6244,2017-06-28,50000000.0,24.0,26.1,25.55,-0.044061302681992376,0.010059238523419611,-0.04022988505747127,0.01450566229800232,0.003831417624520883,0.05795195882993287,0.07279693486590033,0.11707737767032833,0.09003831417624508,0.1238636524296276,0.09003831417624508,0.11279354172852052,0.08045977011494254,0.1019849853670951,0.07662835249042144,0.09569354314232792,0.026819923371647514,0.04650012017361549,0.02298850574712641,0.021758493447003202,0.0,0.0,-0.03256704980842917,-0.023341957557506676,-0.04214559386973182,-0.034150513918932424,-0.04597701149425293,-0.03490690079314607,-0.04597701149425293,-0.03552190694320745,-0.028735632183908066,-0.012745472282309045,-0.04022988505747127,-0.033464817406794745,-0.044061302681992376,-0.032991191980885515,-0.05363984674329514,-0.037034680691634736,-0.05363984674329514,-0.04195472989212656,-0.07088122605363989,-0.07395625680394746,-0.074712643678161,-0.07778767442846857,-0.06321839080459779,-0.07367349535564349,-0.1245210727969348,-0.1349761773479805,-0.08812260536398475,-0.09919271606509183,-0.08045977011494254
3511_2017-07-10,3511,2017-07-10,5600000.0,15.0,19.0,20.3,0.023684210526315752,0.05870609920674097,0.0052631578947368585,-0.012873177314769224,0.0,-0.016885553470919357,-0.0052631578947369695,-0.012767848326256659,-0.021052631578947323,-0.029808103749053738,0.007894736842105177,0.002266219018465465,-0.013157894736842146,-0.01941180342977533,-0.010526315789473606,-0.011151706658766858,-0.010526315789473606,-0.020532569698166525,-0.010526315789473606,-0.016154833613113317,0.0,0.0,-0.02631578947368418,-0.03131891642803064,-0.018421052631579005,-0.03843356044896484,-0.02631578947368418,-0.04632829729107002,-0.03157894736842115,-0.05972153648661993,-0.02631578947368418,-0.05258220598400298,-0.02631578947368418,-0.05445837859188296,-0.018421052631579005,-0.049065205226951236,-0.023684210526315752,-0.05808070833744772,-0.03157894736842115,-0.06535005431025986,-0.03947368421052633,-0.06636549159013838,-0.047368421052631504,-0.07676179190941701,-0.06842105263157894,-0.10594450478917739,-0.08947368421052626,-0.10323228333497891,0.015789473684210575,0.00015470195187794467,-0.21052631578947367
8027_2017-07-18,8027,2017-07-18,10000000.0,28.0,30.0,33.55,-0.0033333333333334103,0.03012165450121651,0.014999999999999902,0.04176399026763988,0.014999999999999902,0.032639902676398935,0.011666666666666714,0.03356447688564479,0.0,0.027372262773722622,0.0,0.02250608272506094,-0.028333333333333433,-0.02042579075425799,-0.0050000000000000044,0.0029075425790754394,0.0,0.0,0.008333333333333304,0.01015815085158156,0.0,0.0,-0.0016666666666667052,-0.0040997566909977134,-0.010000000000000009,-0.016082725060827308,0.0,-0.005474452554744547,0.006666666666666599,0.007883211678832103,0.026666666666666616,0.025450121654501334,0.03333333333333344,0.0302919708029199,0.03166666666666673,0.03227493917274937,0.03166666666666673,0.021934306569343143,0.008333333333333304,0.009549878345498808,0.0033333333333334103,0.013673965936739862,0.0033333333333334103,0.008199513381995316,-0.18333333333333335,-0.17238442822384425,-0.03166666666666662,-0.0328832116788319,0.2766666666666666,0.25233576642335764,-0.06666666666666665
3707_2017-07-24,3707,2017-07-24,50000000.0,11.85,14.6,13.4,-0.13013698630136994,-0.12161079872524339,-0.13356164383561642,-0.11224617489529976,-0.12671232876712324,-0.12001318138588091,-0.113013698630137,-0.10631455124889466,-0.0273972602739726,-0.028615287070562156,0.006849315068493178,0.007458328466787956,-0.023972602739726012,-0.025190629536315567,-0.017123287671232834,-0.0207773680610015,-0.03082191780821908,-0.03813007858775641,-0.0273972602739726,-0.034096407655215155,0.0,0.0,-0.03767123287671226,-0.04010728646989137,-0.05136986301369861,-0.05563295680176206,-0.03082191780821908,-0.03143093120651408,0.013698630136986356,0.002736388967680581,0.044520547945205546,0.044520547945205546,0.1130136986301371,0.12214889960455855,0.07876712328767121,0.08242120367743977,0.07534246575342474,0.07047035856706652,0.03082191780821919,0.029603891011629635,0.027397260273972712,0.024352193282498824,0.027397260273972712,0.017044032502961715,-0.023972602739726012,-0.011183321375536015,0.010273972602739656,0.0011387716283182137,0.3835616438356164,0.3531109739208782,-0.18835616438356162
3206_2017-07-25,3206,2017-07-25,6000000.0,17.0,21.25,22.45,0.05647058823529405,0.06862125652204987,0.018823529411764683,0.027936530626831546,0.03294117647058825,0.042054177685655114,0.04235294117647048,0.04356800800514604,0.03529411764705892,0.038331784718747874,0.04235294117647048,0.04356800800514604,0.04941176470588249,0.04819669787720682,0.03294117647058825,0.02808090915588579,0.0023529411764706687,-0.001899792723893956,-0.014117647058823568,-0.011687513401472338,0.0,0.0,-0.051764705882353046,-0.05358730612536655,-0.04470588235294115,-0.04288328210992787,-0.03764705882352948,-0.046152526624258505,-0.04705882352941182,-0.04462868987206059,-0.051764705882353046,-0.040221571009935064,-0.040000000000000036,-0.03392466585662213,-0.02117647058823524,-0.02360660424558636,-0.025882352941176467,-0.024667286112500908,-0.025882352941176467,-0.026489886355514303,-0.030588235294117583,-0.038486169680509,-0.0117647058823529,-0.01905510685440648,0.03294117647058825,0.038408977199628436,0.1011764705882352,0.09327853620184379,0.28941176470588226,0.25782002716031704,-0.19999999999999996
3680_2017-08-09,3680,2017-08-09,4600000.0,32.0,33.2,33.3,0.013554216867469826,0.029838897205226256,0.010542168674698704,0.019589213306785536,0.012048192771084265,0.01084192015347285,0.010542168674698704,0.020192349615591465,0.0060240963855420215,0.024721321958521614,0.0030120481927708997,0.01628104698649835,0.004518072289156683,0.009343162759603119,0.004518072289156683,0.012961980612437807,0.0,0.00663449939686378,0.001506024096385561,0.0009028877875798536,0.0,0.0,-0.01656626506024106,-0.007519220428154227,-0.030120481927710885,-0.014438937898760162,-0.03765060240963869,-0.01774710421904757,-0.07680722891566272,-0.05087236763701364,-0.06927710843373502,-0.04997674655194961,-0.05572289156626509,-0.03280371183164499,-0.03915662650602425,-0.024078218785879457,-0.03915662650602425,-0.018046855697821607,-0.03765060240963869,-0.015334558983824409,-0.04367469879518082,-0.03100883631025908,-0.0406626506024097,-0.026790515499876433,-0.03614457831325313,-0.03252576046041822,0.07379518072289137,0.0822390890461725,0.1174698795180722,0.09575697240106384,-0.03614457831325313
8183_2017-08-11,8183,2017-08-11,9200000.0,18.5,21.9,20.3,-0.015981735159817267,-0.0214964410421703,0.10045662100456632,0.09432917002417418,0.091324200913242,0.09438792640343807,0.08447488584474883,0.08202390545259197,0.06621004566210065,0.055180633897394804,0.06621004566210065,0.05885710448562986,0.08904109589041109,0.07984991941982278,0.13926940639269403,0.12272528874563515,0.10502283105022836,0.08909145850120859,0.0365296803652968,0.029789484286865342,0.0,0.0,0.004566210045662267,0.008855425731936761,-0.02739726027397249,-0.01698059360730586,-0.0091324200913242,-0.005455949503088919,-0.013698630136986134,-0.006345688960515572,0.027397260273972712,0.026784515175933388,0.03196347031963476,0.03747817620198757,0.027397260273972712,0.03413745635240406,0.027397260273972712,0.024333534783776534,0.0022831050228311334,0.0004448697287133818,-0.006849315068493067,-0.018491471931238235,-0.031963470319634646,-0.045443862476497565,-0.041095890410958846,-0.054576282567821766,0.029680365296803846,0.029680365296803846,0.2831050228310503,0.2377618855761483,-0.1552511415525114
3632_2017-08-23,3632,2017-08-23,17000000.0,11.0,16.4,15.4,-0.10365853658536583,-0.1073237778804178,-0.027439024390243816,-0.031104265685295784,-0.07012195121951215,-0.0670675834736355,-0.07317073170731703,-0.0658402491172132,-0.03963414634146334,-0.026194928259606343,-0.027439024390243816,-0.020719415349315318,-0.030487804878048697,-0.02010295454206834,-0.03353658536585358,-0.031093091169152487,0.0,0.008552229688454371,-0.0030487804878046587,0.00672519629900048,0.0,0.0,-0.0914634146341462,-0.09024166753579566,-0.0914634146341462,-0.1000156443226008,-0.1097560975609756,-0.12014094789695606,-0.11280487804878037,-0.12135710773723496,-0.12195121951219501,-0.12744908145477285,-0.1371951219512194,-0.14757997228719988,-0.14329268292682917,-0.1567319010086864,-0.15853658536585358,-0.172586676996886,-0.1554878048780487,-0.16770527586155504,-0.07317073170731703,-0.08660994978917425,-0.05182926829268275,-0.06099237153031256,-0.10060975609756084,-0.10488587094178825,-0.03658536585365846,-0.03230925100943127,-0.04268292682926822,-0.07322660428803418,-0.3292682926829268
4129_2017-08-23,4129,2017-08-23,8000000.0,48.0,68.3,69.0,0.024890190336749773,0.021224949041697805,0.004392386530014614,0.000727145234962645,-0.004392386530014614,-0.0013380187841379731,-0.02196193265007318,-0.014631450059969353,-0.05563689604685207,-0.04219767796499507,-0.04245973645680812,-0.03574012741587962,-0.020497803806734827,-0.010112953470754471,-0.02196193265007318,-0.01951843845337209,-0.007320644216691097,0.0012315854717632746,-0.017569546120058566,-0.007795569333253427,0.0,0.0,-0.007320644216691097,-0.006098897118340552,-0.005856515373352744,-0.014408745061807338,0.017569546120058677,0.00718469578407821,0.03367496339677878,0.025122733708324185,0.027818448023426257,0.022320586080848415,0.03660322108345526,0.026218370747474795,0.08345534407027833,0.07001612598842111,0.061493411420205035,0.0474433197891726,0.06295754026354317,0.050740069280036826,0.0980966325036603,0.08465741442180308,0.0819912152269402,0.07282811198931038,0.04538799414348471,0.0411118792992573,0.02196193265007329,0.026238047494300476,-0.01024890190336758,-0.04079257936213354,-0.2972181551976574
8358_2017-08-25,8358,2017-08-25,42000000.0,47.8,60.5,46.3,-0.18760330578512396,-0.18215206411340978,-0.2024793388429752,-0.18673130734691223,-0.18760330578512396,-0.16579833909826758,-0.1074380165289256,-0.09229567855194198,-0.1074380165289256,-0.08866151743746586,-0.09421487603305789,-0.08331239268962976,-0.06446280991735531,-0.04750339138313375,0.0016528925619834212,0.0198236981343638,-0.024793388429752095,-0.01631367916264126,-0.023140495867768562,-0.01344939956249902,0.0,0.0,-0.046280991735537125,-0.048098072292775296,-0.06776859504132238,-0.06776859504132238,-0.05785123966942152,-0.05482277207402475,-0.05454545454545445,-0.056362535102692624,-0.046280991735537125,-0.05112653988817195,-0.05454545454545445,-0.05999669621716852,-0.05950413223140494,-0.06313829334588106,-0.05950413223140494,-0.06434968038403976,-0.09421487603305789,-0.09482056955213714,-0.14876033057851235,-0.14512616946403634,-0.11239669421487597,-0.11421377477211414,-0.14049586776859502,-0.12898769090608742,-0.14380165289256208,-0.1383504112208479,-0.3223140495867769,-0.3489645644262682,-0.20991735537190093
6426_2017-08-30,6426,2017-08-30,1219000.0,80.0,109.0,150.0,0.4128440366972477,0.41041390303989655,0.11926605504587151,0.135061923818654,0.10091743119266061,0.1088153655790518,0.1330275229357798,0.14700079146554879,0.10091743119266061,0.11610576655110527,0.02752293577981657,0.032990736508856755,0.02752293577981657,0.034205803337532203,0.05504587155963292,0.052008204487943965,0.00917431192660545,0.00431404461190299,0.00917431192660545,0.006136644854916495,0.0,0.0,-0.1009174311926605,-0.10577769850736296,-0.013761467889908285,-0.0216594022762997,-0.06422018348623848,-0.07272565128696751,-0.05504587155963303,-0.061728739117348774,-0.041284403669724745,-0.04918233805611616,-0.013761467889908285,-0.017406668375935075,-0.05504587155963303,-0.054438338145295306,-0.050458715596330306,-0.055318982911032766,-0.07339449541284404,-0.076432162484533,-0.06880733944954132,-0.07549020700725706,0.022935779816513735,0.022935779816513735,-0.03669724770642202,-0.017256178447612847,0.004587155963302836,-0.016676513538519844,-0.20917431192660552,-0.24380371654385946,-0.2660550458715596
3594_2017-09-06,3594,2017-09-06,5000000.0,24.6,34.1,28.9,-0.18035190615835783,-0.17070754208361405,-0.1920821114369502,-0.17761556532483447,-0.17595307917888559,-0.17113089714151364,-0.09384164222873903,-0.09082777845538159,-0.004398826979472137,0.0004233550578998102,-0.024926686217008887,-0.0170906404062795,0.024926686217008776,0.027940549990366215,0.00586510263929596,0.00586510263929596,-0.008797653958944385,-0.00940042671361574,-0.09090909090909094,-0.0897035453997479,0.0,0.0,-0.016129032258064613,-0.011909622975364131,-0.01026392961876832,-0.0018251110533674675,-0.019061583577712593,-0.016047719804355154,-0.06011730205278609,-0.055295120015414145,-0.04692082111436957,-0.04571527560502653,-0.06451612903225812,-0.05668008322152873,-0.04692082111436957,-0.03968754805831165,-0.055718475073313734,-0.04848520201725581,-0.07624633431085048,-0.07865742532953657,-0.0865102639296188,-0.08409917291093283,-0.11436950146627567,-0.10532791014620335,-0.13196480938416422,-0.11448439949869105,-0.08797653958944285,-0.10726526773893041,-0.18475073313782997,-0.1805313238551295,-0.2785923753665689
1595_2017-10-02,1595,2017-10-02,6000000.0,59.8,67.3,66.9,0.04903417533432397,0.02748245119639292,0.0,-0.01908866995073888,-0.014858841010401136,-0.027174111946361768,-0.011887072808320909,-0.030359979212261745,-0.007429420505200568,-0.012355528879584687,-0.017830609212481474,-0.014751791478491372,-0.013372956909360911,-0.002289213066996365,-0.022288261515601815,-0.0161306260476215,-0.010401188707280906,-0.0005489719585124453,-0.004457652303120341,0.0023157467116579067,0.0,0.0,0.017830609212481363,0.014136027931693329,0.01634472511144147,0.012650143830653438,-0.0014858841010400026,-0.009490810209414335,-0.008915304606240682,-0.019999048448605006,-0.002971768202080227,-0.03006536426119366,-0.005943536404160343,-0.042889349212042016,-0.004457652303120341,-0.039556174470607885,-0.005943536404160343,-0.04658393049283027,-0.013372956909360911,-0.05155029681083867,-0.017830609212481474,-0.05970253039474749,0.010401188707280795,-0.035165313755773475,0.010401188707280795,-0.03393378666217717,0.01634472511144147,-0.013211925134863911,-0.06092124814264477,-0.06707888361062497,-0.11144130757800896
3587_2017-10-26,3587,2017-10-26,9000000.0,82.0,89.0,98.6,0.03146067415730336,0.07947490059476625,0.0898876404494382,0.09166594513230708,0.0730337078651686,0.07659031723090659,0.06404494382022485,0.06226663913735586,0.046067415730337125,0.04666018395796012,0.03370786516853941,0.03074402403042442,0.028089887640449396,0.021569437136596203,0.012359550561797716,0.009988477651305727,-0.017977528089887618,-0.01975583277275661,0.0,-0.0005927682276232193,0.0,0.0,-0.035955056179775347,-0.03476951972452946,-0.051685393258426915,-0.05109262503080392,-0.050561797752809,-0.05767501648428519,-0.020224719101123556,-0.030301778970714732,-0.03707865168539326,-0.04597017509973822,-0.03146067415730336,-0.036795588205910335,-0.020224719101123556,-0.02437409669448476,-0.016853932584269704,-0.022781614860499677,-0.030337078651685445,-0.041599674976522394,-0.04943820224719109,-0.05655142097866728,-0.04157303370786525,-0.04216580193548847,-0.024719101123595544,-0.03479616099318672,-0.0674157303370787,-0.02651472263109189,-0.0449438202247191,-0.07813884097160717,-0.0786516853932584
8933_2017-11-02,8933,2017-11-02,30000000.0,10.0,11.55,11.3,-0.038961038961039085,0.0033421337769161674,-0.051948051948052076,-0.049597875684832426,-0.04329004329004327,-0.036827058566189064,-0.04329004329004327,-0.036239514500384096,-0.025974025974025983,-0.017748409052756986,-0.038961038961039085,-0.03014787797396501,-0.03463203463203468,-0.02464378551335089,-0.030303030303030387,-0.020902325250151454,-0.03463203463203468,-0.03286940243462,-0.025974025974025983,-0.02714911410563592,0.0,0.0,-0.008658008658008809,-0.005132744263179223,-0.012987012987012991,-0.00828666046057358,-0.008658008658008809,-0.00572028832898408,-0.02164502164502169,-0.02399519790824156,-0.017316017316017396,-0.015553385118602714,-0.012987012987012991,-0.004761396065743995,-0.02164502164502169,-0.015182036921167485,-0.025974025974025983,-0.01657332092114705,-0.04761904761904767,-0.03645571036875406,-0.06493506493506496,-0.04378347856608733,-0.04761904761904767,-0.02999272564489963,-0.012987012987012991,0.020502998763868296,0.1212121212121211,0.16057757362105174,0.18614718614718595,0.15794507098854904,-0.1341991341991342
5543_2017-11-06,5543,2017-11-06,3500000.0,20.6,21.25,21.1,-0.03529411764705881,-0.0016459476352523872,0.0,0.0023612750885478873,0.018823529411764683,0.022365442044586348,0.030588235294117583,0.03472046669907636,0.03294117647058825,0.038254045419820915,0.028235294117647136,0.0329578442947428,0.0117647058823529,0.008813112021668124,0.0023529411764706687,-0.003550246544898883,-0.0023529411764706687,-0.007075491353566221,0.0023529411764706687,0.0011723036321968916,0.0,0.0,-0.004705882352941226,-0.006476838669352003,0.0,-0.007083825265643329,-0.016470588235294237,-0.019422182095979013,-0.025882352941176467,-0.022340440308354803,0.0023529411764706687,0.004123897492881556,0.007058823529411784,0.011781373706507448,0.007058823529411784,0.013552330022918224,-0.016470588235294237,5.8337384540529946e-05,-0.009411764705882342,0.0035752482811307607,0.0023529411764706687,0.006485172581429444,0.0023529411764706687,0.010617403986388108,-0.15294117647058825,-0.13168970067365793,-0.14823529411764702,-0.10691298006806027,-0.09411764705882353,-0.09234669074241264,-0.030588235294117583
6548_2017-11-15,6548,2017-11-15,6000000.0,400.0,416.0,400.0,-0.05649038461538458,-0.06183797819827208,0.022836538461538547,0.011547174230998047,0.033653846153846256,0.025929544311897423,0.05168269230769229,0.04514674459527401,0.06610576923076916,0.05778729032405505,0.04086538461538458,0.02719931212578275,0.03125,0.021743166963755334,0.03125,0.02827911467617339,0.046875,0.04212158348187778,0.03245192307692313,0.030669391882627295,0.0,0.0,0.012019230769230838,0.022120240870241004,0.015625,0.02216094771241839,0.019230769230769162,0.01685406097170805,0.02163461538461542,0.023417146578911363,0.027644230769230838,0.020514105992047282,0.014423076923076872,0.0025395356277708725,0.019230769230769162,0.006753050870697885,0.019230769230769162,0.007347227935463163,0.02163461538461542,0.02163461538461542,0.014423076923076872,0.02095902463549526,0.014423076923076872,0.019770670505964594,0.0024038461538462563,0.0398370012340602,0.05769230769230771,0.09631381690205221,-0.050480769230769273,-0.008294197632432887,-0.038461538461538436
3362_2017-11-16,3362,2017-11-16,10000000.0,60.0,71.8,67.0,-0.0013927576601669989,-0.020600440733396286,-0.0069637883008356605,-0.02497099118198809,-0.009749303621169991,-0.026556026310245784,-0.01114206128133699,-0.029749504258527737,0.019498607242339983,-0.004510996599196737,0.03621169916434552,0.016403775995077696,0.026462395543175532,0.013257113430330314,0.057103064066852394,0.042097061665892,0.0069637883008355494,-0.00504101361993281,0.001392757660167332,-0.008811323972485852,0.0,0.0,-0.0013927576601669989,-0.004994198236397351,0.02089136490250687,0.008286322885700192,0.04317548746518107,0.03477212612064329,0.05292479108635084,0.03551782830123673,0.08217270194986082,0.05996381839643927,0.06685236768802216,0.0440432440385623,0.051532033426183954,0.02932314987276241,0.025069637883008422,0.014865556250355239,0.009749303621169991,0.006147863044939639,0.008356545961002881,0.0035546251926954486,-0.0069637883008356605,0.0056412537159710174,-0.30779944289693584,-0.289191999919745,-0.3356545961002785,-0.3164469130270493,-0.5090529247910863,-0.45803251662782096,-0.1643454038997214
2067_2017-11-17,2067,2017-11-17,8000000.0,11.5,12.8,12.35,-0.04687500000000011,-0.058238636363636576,-0.01562500000000011,-0.028782894736842368,0.0078125,-0.007139653110047828,0.015625,-0.004709928229665206,0.031249999999999778,0.015101674641148088,0.0390625,0.029493122009569328,0.031249999999999778,0.019886363636363313,0.031249999999999778,0.022876794258372968,0.0390625,0.03248355263157876,0.01953125,0.023119766746411474,0.0,0.0,0.0,-0.008971291866028741,-0.01171875,-0.016503438995215447,-0.01562500000000011,-0.0293809808612443,-0.01171875,-0.030259419856459413,-0.0390625,-0.058201255980861344,-0.01171875,-0.030259419856459413,0.0,-0.00657894736842124,-0.02734375000000011,-0.02734375000000011,-0.01171875,-0.012914922248803862,-0.0234375,-0.0072891746411484215,-0.0390625,-0.027100777511961716,-0.09375000000000011,-0.06384569377990446,-0.1015625,-0.08421800239234467,-0.0390625,0.007588217703349165,-0.1015625
2235_2017-12-05,2235,2017-12-05,4000000.0,83.0,94.2,118.0,0.2154989384288748,0.18654839560619707,0.17834394904458595,0.1560279056187719,0.17834394904458595,0.15120281514832534,0.17834394904458595,0.15059967883951964,0.16772823779193202,0.14058710389567142,0.18365180467091302,0.16857339695076834,0.17834394904458595,0.16990004072130493,0.17834394904458595,0.1686937681036933,0.17834394904458595,0.18618472105906125,0.060509554140127486,0.0641283719929624,0.0,0.0,0.00849256900212314,0.016333341016598446,-0.002123142250530785,0.02260544641050677,0.00849256900212314,0.032618021354354765,0.01698513800424628,0.041110590356477905,0.00849256900212314,0.025380385648685277,0.00849256900212314,0.032014885045548946,0.019108280254777066,0.042027459989397165,0.006369426751592355,0.020241561854125623,-0.002123142250530785,0.019589764866477788,-0.013800424628450103,0.006706209870946833,-0.025477707006369532,-0.00014598203652627095,-0.039278131634819524,-0.044706358414071556,-0.12208067940552014,-0.14922181330178075,-0.2165605095541402,-0.21595737324533426,-0.11889596602972397
6438_2017-12-05,6438,2017-12-05,5000000.0,70.0,77.8,80.2,0.06555269922879181,0.036602156406114084,0.02570694087403602,0.0033908974482219634,0.01799485861182526,-0.009146275284435346,0.03984575835475579,0.012101488149689477,0.03470437017994854,0.007563236283687935,0.026992287917738,0.011913880197593318,0.028277634961439535,0.019833726638158522,0.00899742930591274,-0.000652751634979909,0.00385604113110527,0.011696813145580576,-0.016709511568123392,-0.013090693715288482,0.0,0.0,-0.017994858611825038,-0.010154086597349732,-0.04884318766066831,-0.024114598999630754,-0.04884318766066831,-0.024717735308436684,-0.04113110539845766,-0.017005653046226032,-0.010282776349614386,0.006605040296947751,-0.017994858611825038,0.0055274574316007685,0.006426735218509005,0.029345914953129104,-0.014138817480719768,-0.0002666823781865002,-0.017994858611825038,0.0037180485051835355,-0.00899742930591263,0.011509205193484306,-0.010282776349614386,0.015048948620228875,-0.01285347043701801,-0.018281697216270043,0.01413881748071999,-0.013002316415540616,0.0989717223650386,0.09957485867384452,-0.10025706940874035
3224_2017-12-27,3224,2017-12-27,14000000.0,36.0,45.8,38.8,-0.15283842794759828,-0.1906561588837421,-0.0600436681222708,-0.06438340773789386,-0.05786026200873362,-0.07149944365783467,-0.03275109170305679,-0.03833075692314336,0.048034934497816595,0.04121534367326607,0.06659388646288211,0.06473399805618651,0.072052401746725,0.06709269932887008,0.058951965065502154,0.05461222544987909,0.04039301310043664,0.03233349667142238,0.01091703056768556,0.0009976257319757043,0.0,0.0,-0.0393013100436681,-0.04240112405482743,-0.034934497816593746,-0.04795371666346293,-0.037117903930130924,-0.0557167879970869,-0.037117903930130924,-0.061296453217173474,-0.04148471615720517,-0.07496270747772571,0.019650655021834273,-0.015687224705382086,-0.028384279475982432,-0.06682197321435812,-0.04475982532751088,-0.08753725868150941,-0.034934497816593746,-0.07833189397282436,-0.0393013100436681,-0.07773900378204379,-0.0393013100436681,-0.07339926416642073,-0.00545851528384278,-0.08977345638737655,0.09170305676855905,0.09232301957079103,0.28820960698689957,0.25969131808423374,-0.2139737991266375
8476_2018-01-09,8476,2018-01-09,5000000.0,32.5,39.1,34.5,-0.04859335038363166,-0.0176777736892203,-0.04731457800511507,-0.015804470989657426,-0.06393861892583119,-0.02291602677363158,-0.051150895140664954,-0.0131009545936972,-0.03069053708439906,-0.002153081674173274,-0.024296675191815886,-0.0011099926710074204,-0.021739130434782594,-0.0039032208033913385,0.006393861892583175,0.015311816708278747,-0.0038363171355498826,0.0032980467170065086,-0.006393861892583175,-0.002232149645258641,0.0,0.0,-0.017902813299232823,-0.01849734362027944,-0.04603580562659859,-0.04187409337927406,-0.037084398976982125,-0.028760974482333057,-0.03452685421994883,-0.03452685421994883,-0.03964194373401542,-0.04618177726552575,-0.038363171355498715,-0.04906471713433358,-0.04092071611253201,-0.05340585285450605,-0.04603580562659859,-0.07219513975263903,-0.051150895140664954,-0.08741724472449386,-0.06649616368286448,-0.11227499840343524,-0.0843989769820973,-0.1343395239499926,-0.07544757033248084,-0.02253437175935369,-0.07928388746803072,-0.05134096237885122,-0.053708439897698246,-0.03230534834002885,-0.1687979539641944
1569_2018-01-29,1569,2018-01-29,10000000.0,35.0,42.6,39.1,-0.07746478873239449,-0.01632193158953743,0.018779342723004522,0.051350771294432995,0.005868544600938996,0.03443997317236758,0.004694835680751019,0.03155197853789382,0.005868544600938996,0.019582830315224786,-0.02464788732394374,-0.020647887323943848,0.008215962441314506,0.0030731052984573903,0.021126760563380254,0.011983903420523134,0.008215962441314506,0.011644533869885954,-0.017605633802816878,-0.017034205231388322,0.0,0.0,-0.017605633802816878,0.004680080482897475,-0.030516431924882736,0.00319785378940296,-0.045774647887323994,-0.01320321931589552,-0.05164319248826299,-0.0259289067739773,-0.06455399061032863,-0.03483970489604293,-0.09741784037558687,-0.05284641180415828,-0.13497652582159625,-0.045262240107310614,-0.107981220657277,-0.02969550637156282,-0.1338028169014085,-0.054945674044265536,-0.16666666666666674,-0.0700952380952381,-0.15962441314554,-0.07048155600268291,-0.15492957746478875,-0.08978672032193158,-0.13615023474178412,-0.0944359490274983,-0.357981220657277,-0.2665526492287056,-0.17840375586854462
3491_2018-02-07,3491,2018-02-07,4500000.0,68.0,74.1,74.2,-0.00944669365721984,-0.06092189767479661,0.03373819163292846,-0.0610515133262679,0.029689608636977116,-0.06823882827451055,0.028340080971660075,-0.07021610233028586,0.014844804318488558,-0.0592292697555854,0.02294197031039147,-0.038577175954517484,0.02294197031039147,-0.03983266873543401,0.029689608636977116,-0.040617987094347274,0.03778677462888003,-0.028126596369236756,0.04048582995951411,-0.009106134886687878,0.0,0.0,0.012145748987854255,-0.00040917882131075167,-0.0013495276653170407,-0.013276709084023786,0.005398110661268607,0.012931067346767744,0.01754385964912286,0.0169161132586646,0.04318488529014841,0.01995826884319296,0.04993252361673428,0.032983371074361445,0.018893387314440124,-0.010610693037097718,-0.0026990553306340814,-0.037225106805838015,0.0,-0.03389830508474567,-0.006747638326585648,-0.03311298672583218,-0.021592442645074095,-0.040424834358821715,-0.028340080971659853,-0.08169852416061141,-0.028340080971659853,-0.06851584996098792,-0.1443994601889338,-0.17076480858818033,-0.08232118758434537
3512_2018-02-08,3512,2018-02-08,12000000.0,29.0,38.6,34.5,-0.06735751295336789,-0.10145546707612052,-0.01036269430051806,-0.09467763540405183,-0.012953367875647714,-0.09788827178141335,-0.0090673575129534,-0.06982371213167626,-0.01036269430051806,-0.058719792874603605,0.01683937823834203,-0.03275764594020725,0.023316062176165664,-0.033720515629166004,0.0090673575129534,-0.043629480676755206,0.01943005181347157,-0.017147753518208297,-0.05440414507772029,-0.04200488903308297,0.0,0.0,-0.059585492227979375,-0.0589655294257474,-0.07124352331606221,-0.051404713644642386,-0.06735751295336789,-0.05557821971096244,-0.04663212435233166,-0.05717149199027338,-0.042746113989637236,-0.0470858536052603,-0.041450777202072575,-0.058189772862332956,-0.051813471502590636,-0.07351216958070594,-0.08678756476683946,-0.10786630004272268,-0.06476683937823835,-0.0784060210273394,-0.07512953367875641,-0.08132916170107507,-0.07124352331606221,-0.07248344892052594,0.08419689119170992,0.04451927184887072,0.12694300518134716,0.09842471627868132,0.03497409326424883,0.028154502439698303,-0.24870466321243523
3689_2018-02-09,3689,2018-02-09,4000000.0,45.0,48.0,51.6,-0.013541666666666674,-0.05696598428453259,0.12916666666666665,0.04355872622001655,0.15208333333333335,0.09066894127378,0.12291666666666656,0.07390922249793208,0.13749999999999996,0.08725186104218352,0.13541666666666674,0.07772435897435903,0.15000000000000013,0.09665012406947882,0.09375,0.056529156327543406,-0.004166666666666763,0.007619933829611014,0.022916666666666696,0.02229631927212572,0.0,0.0,-0.019791666666666763,-0.0005608974358976004,-0.006249999999999978,0.004916253101736934,0.012499999999999956,0.001333746898262822,0.02083333333333326,0.01587055417700567,0.018750000000000044,0.0013802729528535895,0.012499999999999956,-0.00983250620347409,0.015625,-0.006087158808933069,0.009375000000000133,-0.004892990074441661,0.002083333333333437,-0.004740488006617083,-0.016666666666666607,-0.018527708850289537,-0.054166666666666696,-0.07339743589743608,-0.08124999999999993,-0.12095223325062021,-0.16562500000000002,-0.18609646401985114,-0.29375000000000007,-0.2980924317617867,-0.0625
6186_2018-02-09,6186,2018-02-09,30000000.0,12.5,15.1,15.15,-0.013245033112582738,-0.05666935073044865,0.0,-0.0856079404466501,-0.0033112582781456013,-0.06472565033769895,-0.013245033112582738,-0.06225247728131722,-0.0066225165562913135,-0.05687065551410775,-0.0033112582781456013,-0.06100356597045331,0.009933774834437026,-0.04341610109608429,-0.0066225165562913135,-0.04384336022874791,-0.0331125827814569,-0.021325982285179124,-0.01655629139072845,-0.017176638785269427,0.0,0.0,-0.023178807947019875,-0.0039480387162507125,-0.013245033112582738,-0.0020787800108458265,-0.013245033112582738,-0.02441128621431987,-0.0066225165562913135,-0.011585295712618904,0.0066225165562914245,-0.01074721049085503,-0.013245033112582738,-0.03557753931605678,-0.04635761589403964,-0.06806977470297271,-0.05298013245033106,-0.06724812252477286,-0.05960264900662249,-0.06642647034657301,-0.06622516556291391,-0.06808620774653684,-0.06622516556291391,-0.0854559347936833,-0.11920529801324498,-0.15890753126386525,-0.13245033112582782,-0.15292179514567894,0.039735099337748325,0.03539266757596171,-0.17218543046357615
4979_2018-02-22,4979,2018-02-22,10000000.0,27.5,29.95,34.15,0.11686143572621055,0.07207615965259095,0.22203672787979967,0.1833864211313334,0.20367278797996646,0.1576605180413162,0.1652754590984975,0.12355766768745458,0.13355592654424053,0.10778905537859651,0.023372287145241977,0.04607167364830944,0.025041736227044975,0.03547118407980565,0.038397328881469184,0.049440273666745305,-0.036727879799666074,-0.006666530106414492,-0.03005008347245408,-0.00796419390190195,0.0,0.0,-0.011686143572620988,-0.0055511742474676495,-0.015025041736226985,-0.021160011061380324,-0.015025041736226985,-0.026067986521503217,-0.008347245409014992,-0.018776693261775668,-0.025041736227045086,-0.028109220889621755,-0.026711185308848084,-0.022416706781240747,-0.04173622704507518,-0.03253377305734517,-0.04173622704507518,-0.04971168716777474,-0.04173622704507518,-0.045417208640167184,-0.008347245409014992,-0.02368466872189834,-0.005008347245408995,-0.02157276442332301,-0.07512520868113526,-0.08248717187131926,-0.07679465776293826,-0.08906459641324493,-0.1903171953255426,-0.18847670452799647,-0.08180300500834725
8403_2018-02-26,8403,2018-02-26,15000000.0,30.0,34.65,36.95,0.06493506493506485,0.002130186886284191,0.02886002886002892,-0.006505824798507698,0.01443001443001446,-0.005082180691936777,-0.038961038961038974,-0.010302502375673206,-0.02164502164502169,-0.005181607010875444,-0.025974025974025983,-0.00890085524231865,-0.04184704184704169,-0.005871432090944095,-0.04184704184704169,-0.013798261359236896,-0.02020202020202011,-0.014104459226410349,-0.011544011544011523,0.0006511104072079998,0.0,0.0,-0.018759018759018753,-0.023637067539506562,-0.024531024531024626,-0.028799317213951348,-0.02741702741702734,-0.02436824692922246,-0.031746031746031744,-0.02138017808749526,-0.031746031746031744,-0.01650212930700734,-0.0331890331890331,-0.03501830148171614,-0.023088023088023046,-0.020648998697779142,-0.02741702741702734,-0.03656336888044187,-0.044733044733044625,-0.05509889839158111,-0.046176046176046204,-0.07239555837116829,-0.038961038961038974,-0.07493664871713668,0.024531024531024626,0.007457853799317293,0.03463203463203479,0.02853447365642503,-0.0043290043290042934,-0.002499736036321254,-0.1341991341991342
4803_2018-03-08,4803,2018-03-08,5220000.0,141.78,176.0,179.0,-0.017045454545454586,-0.050664036452545025,-0.06534090909090906,-0.061673427428317384,-0.051136363636363646,-0.041356412536119214,-0.048295454545454586,-0.05074044232051578,-0.048295454545454586,-0.05563041787063816,-0.05965909090909094,-0.06638280729050894,-0.03693181818181823,-0.03632057123805299,-0.011363636363636354,-0.003417426094687759,-0.02840909090909094,-0.015572905090020073,-0.005681818181818232,-0.009960546788175262,0.0,0.0,-0.051136363636363646,-0.06275005556790403,-0.05681818181818177,-0.06965436763725263,-0.045454545454545414,-0.07418315181151369,-0.03977272727272729,-0.07828128472994011,-0.042613636363636354,-0.07317598355190047,-0.042613636363636354,-0.07256473660813512,-0.051136363636363646,-0.0768087352745056,-0.05965909090909094,-0.08472021560346754,-0.07954545454545459,-0.10399533229606583,-0.07102272727272729,-0.0960838519671039,-0.08806818181818177,-0.1094618248499667,-0.02840909090909094,-0.03329906645921332,0.23863636363636354,0.26125250055567883,-0.017045454545454586,-0.025602911758168645,-0.1944318181818182
6182_2018-04-26,6182,2018-04-26,30000000.0,39.0,47.6,48.55,-0.00945378151260512,-0.06115617747729629,-0.05672268907563027,-0.0970757786090477,-0.040966386554621925,-0.08131947608803936,-0.044117647058823595,-0.08194866849640237,-0.07457983193277318,-0.10106154693907843,-0.0619747899159665,-0.09097857301811019,0.031512605042016695,-0.01073203556327984,0.02310924369747913,0.004824250002649411,0.025210084033613356,0.017013362722137826,-0.028361344537815136,-0.03151392965761335,0.0,0.0,-0.03571428571428581,-0.0325617005944876,-0.02310924369747902,-0.021848209649559802,-0.01680672268907568,-0.025633961024510765,0.027310924369747802,0.026049890321828473,0.024159663865546133,0.03361741922494088,-0.007352941176470673,-0.0029393220087532423,0.050420168067226934,0.047898099971388275,0.13025210084033612,0.12142486250490103,0.10294117647058809,0.08843928491951614,0.12394957983193278,0.10692562018502216,0.11134453781512588,0.08234075471298219,0.27100840336134446,0.23885203513940256,0.33193277310924363,0.29094916655186664,0.31932773109243695,0.25312344357667405,-0.18067226890756305
1566_2018-06-01,1566,2018-06-01,20000000.0,16.8,18.05,19.85,0.06648199445983383,0.08877301613166044,0.06648199445983383,0.06400521427407524,0.07756232686980602,0.06146325566237576,0.06094182825484751,0.04855792732605502,0.05263157894736836,0.045201238390092824,0.06094182825484751,0.05103470751181338,0.05817174515235468,0.04454945413068301,0.011080332409972193,-0.006876323936777062,0.013850415512465464,0.0002281244907937907,0.0027700831024930483,0.007104448427570409,0.0,0.0,0.0,-0.007430340557275539,0.013850415512465464,-0.009059801205800744,0.011080332409972193,-0.010591494215414832,0.011080332409972193,-0.020498614958448735,0.011080332409972193,-0.02235620009776773,0.024930747922437657,0.002639726250611041,0.013850415512465464,-0.009678996252240557,-0.0027700831024931594,-0.024441909727880184,-0.01939058171745156,-0.04725435880723494,-0.02216066481994472,-0.03454456574873721,-0.027700831024930705,-0.04256151213948178,-0.06371191135734089,-0.06742708163597866,-0.06648199445983372,-0.0943457715496171,-0.08310249307479223,-0.14254521753299654,-0.06925207756232687
6494_2018-06-28,6494,2018-06-28,5000000.0,42.0,43.9,42.3,0.09339407744874717,0.09339407744874717,0.09225512528473812,0.059916816827026764,0.05011389521640108,0.033322850440281826,0.06605922551252852,0.04678061854735449,0.06378132118451041,0.06129375899545586,0.036446469248291535,0.02276487720849052,0.04783599088838275,0.0372638515849002,0.02505694760820054,0.015728589399245374,0.019362186788154823,0.013143281315517896,0.013667425968109326,0.00993608268452717,0.0,0.0,-0.02050113895216399,-0.01614790512131814,-0.06378132118451019,-0.07684102267704751,0.002277904328018332,-0.00580667278640945,0.002277904328018332,-0.0070504538809368356,-0.08428246013667418,-0.0967202710819478,-0.08200455580865607,-0.08635778963950169,-0.0432801822323462,-0.050120978252246595,-0.05011389521640086,-0.07312384546515704,-0.0865603644646924,-0.11205787690250335,-0.11161731207289294,-0.12778646630174872,-0.12300683371298404,-0.15099190833984977,-0.16628701594533024,-0.22350094629358885,-0.1788154897494305,-0.25033290268475383,-0.30523917995444194,-0.373647140153447,-0.0432801822323462
6469_2018-06-29,6469,2018-06-29,3000000.0,62.0,87.5,87.6,0.004571428571428671,-0.004173106094405243,0.005714285714285783,-0.015522441331310866,0.0011428571428571122,-0.022592308378692083,0.0,-0.006870705808869504,0.0,-0.018113678950655965,-0.0022857142857143353,-0.017276345141429617,0.012571428571428456,-0.001169983046310552,0.004571428571428671,-0.0060469349513696535,0.0,-0.008119925046845777,-0.005714285714285672,-0.010086553047202629,0.0,0.0,-0.014857142857142791,-0.03234621218881062,-0.03428571428571425,-0.04677790666547699,-0.040000000000000036,-0.05374141161773904,-0.07199999999999995,-0.08886445971267964,-0.08342857142857141,-0.09217310609440532,-0.07428571428571429,-0.08552868742750075,-0.07999999999999996,-0.10748282323547775,-0.08457142857142863,-0.11455269028285897,-0.09142857142857141,-0.11204068885517993,-0.06628571428571428,-0.09876541447309717,-0.06628571428571428,-0.10750994913893108,-0.08800000000000008,-0.15858088694565908,-0.08571428571428574,-0.15629517265994475,-0.15428571428571425,-0.23923262246810018,-0.2914285714285715
3232_2018-07-04,3232,2018-07-04,5000000.0,20.0,25.55,25.7,-0.021526418786692814,-0.038162278306101305,0.017612524461839474,0.013299523845696548,0.02935420743639927,0.028121921546072848,0.02739726027397249,0.02739726027397249,0.021526418786692814,0.024607133512509205,0.023483365949119372,0.029028652455588944,0.02739726027397249,0.036639404451421664,0.02935420743639927,0.04290935222999148,0.043052837573385405,0.03935597990240569,0.02935420743639927,0.030586493326725916,0.0,0.0,-0.00195694716242667,-0.00503766188824295,-0.007827788649706457,-0.002898645088400209,-0.009784735812133127,-0.007320164031479948,-0.023483365949119483,-0.03703851074271147,-0.03718199608610562,-0.0532017126603509,-0.06849315068493156,-0.07527072308172755,-0.02935420743639927,-0.04783849579129762,-0.03522504892367917,-0.06233533851086315,-0.048923679060665415,-0.07172096803170669,-0.0606653620352251,-0.0779173644997968,-0.048923679060665415,-0.0723371109768699,-0.08023483365949124,-0.14184912817581907,-0.10567514677103718,-0.1377145799195275,-0.09197651663405093,-0.16837824183429717,-0.21722113502935425
6472_2018-07-06,6472,2018-07-06,3000000.0,80.0,105.0,121.0,0.24285714285714288,0.20942061034940296,0.17619047619047623,0.17123691581895906,0.12380952380952381,0.12195193867020482,0.13809523809523805,0.13871443314167764,0.11428571428571432,0.11862007961079168,0.08095238095238089,0.08962111160253572,0.1333333333333333,0.12466460268317836,0.09523809523809534,0.09152292495945757,0.07619047619047614,0.07123691581895897,0.04285714285714293,0.0348076072534278,0.0,0.0,0.0,-0.002476780185758587,0.10000000000000009,0.08142414860681124,0.11428571428571432,0.09323308270676689,0.12857142857142856,0.11680672268907566,0.23809523809523814,0.21456582633053212,0.28095238095238084,0.24875423853752032,0.2571428571428571,0.22927908005307374,0.319047619047619,0.2967565973757924,0.29047619047619055,0.2619932183399676,0.19047619047619047,0.15889724310776954,0.21904761904761916,0.17075040542532816,0.35238095238095246,0.29293822792274815,0.14761904761904754,0.11170573492554903,0.0714285714285714,-0.01030517470145953,-0.23809523809523814
3580_2018-07-12,3580,2018-07-12,4000000.0,38.0,41.15,42.05,0.1567436208991495,0.14083174819413125,0.0814094775212637,0.10160531595455635,0.10571081409477534,0.10877078961497122,0.06196840826245453,0.06992434461496377,0.06925880923450789,0.07599075537893873,0.06439854191980565,0.06807051254404062,0.049817739975698716,0.06144564695244292,0.020656136087484844,0.02983606264807237,0.020656136087484844,0.013924189943054,0.017010935601458055,0.00783100904087064,0.0,0.0,-0.010935601458080146,-0.022563508434824353,0.0279465370595382,0.007750698626245667,-0.007290400972053357,-0.023202273677071616,-0.0279465370595382,-0.03835045382820401,-0.018226002430133614,-0.03474987023919096,-0.025516403402187082,-0.04510024673144031,-0.03159173754556499,-0.067699448683876,-0.04495747266099637,-0.07984119359122877,-0.020656136087484844,-0.05737584232983495,-0.03523693803159167,-0.07256863937798086,-0.04131227217496947,-0.08170394904155454,-0.0279465370595382,-0.08241410131902427,-0.1628189550425272,-0.20382262701315135,-0.31470230862697446,-0.3361221372683454,-0.07654921020656136
3625_2018-07-13,3625,2018-07-13,8000000.0,25.0,29.0,31.0,0.1103448275862069,0.12123411978221421,0.02931034482758621,0.0438294010889293,0.03103448275862064,0.05039322444041139,0.018965517241379404,0.03711433756805815,0.02586206896551735,0.040986085904416325,0.022413793103448265,0.045402298850574785,0.018965517241379404,0.03953418027828204,0.008620689655172376,0.013460375075620146,0.008620689655172376,0.01104053236539626,0.005172413793103292,0.016666666666666496,0.0,0.0,-0.005172413793103403,-0.013641863278886723,0.0017241379310344307,-0.0025105868118571184,-0.010344827586206917,-0.00913490623109492,-0.017241379310344862,-0.02208106473079241,-0.02758620689655178,-0.0354506957047791,-0.04137931034482756,-0.06557773744706596,-0.10344827586206895,-0.12643678160919536,-0.10172413793103441,-0.1265275257108286,-0.09310344827586203,-0.11851179673321222,-0.09310344827586203,-0.12153660012099199,-0.08620689655172409,-0.12310949788263759,-0.12068965517241381,-0.1575922565033273,-0.22413793103448276,-0.25015124016938894,-0.2655172413793103,-0.26975196612220187,-0.13793103448275867
8042_2018-07-13,8042,2018-07-13,5500000.0,58.0,66.4,65.0,-0.03162650602409656,-0.02073721382808924,0.051204819277108404,0.06572387553845149,0.06024096385542177,0.07959970553721252,0.016566265060240948,0.0347150853869197,0.018072289156626287,0.03319630609552526,0.027108433734939652,0.05009693948206617,0.016566265060240948,0.03713492809714358,0.0060240963855420215,0.010863781805989792,0.0030120481927708997,0.005431890902994785,-0.01957831325301218,-0.008084060379448976,0.0,0.0,-0.04518072289156638,-0.0536501723773497,-0.0662650602409639,-0.07049978498385545,-0.09337349397590367,-0.09216357262079167,-0.08584337349397597,-0.09068305891442352,-0.09036144578313265,-0.09822593459135998,-0.10391566265060248,-0.1281140897528409,-0.10090361445783136,-0.12389212020495777,-0.0737951807228916,-0.09859856850268578,-0.07831325301204828,-0.10372160146939846,-0.08433734939759052,-0.11277050124272048,-0.07530120481927716,-0.11220380615019065,-0.13102409638554224,-0.16792669771645574,-0.2936746987951808,-0.319688007930087,-0.37801204819277123,-0.3822467729356628,-0.12650602409638567
5465_2018-07-18,5465,2018-07-18,20000000.0,21.0,26.25,25.15,-0.024761904761904763,-0.012042340861238565,-0.015238095238095162,-0.0013071442992702575,-0.026666666666666616,-0.00486169997981023,-0.007619047619047636,0.011763144991491337,0.01333333333333342,0.016967494447809428,0.024761904761904763,0.02597329180006336,0.005714285714285561,0.016011075538634345,-0.020952380952380945,-0.02216376799053965,0.0019047619047618536,-0.007786334400507577,0.0,-0.005451241671714069,0.0,0.0,-0.024761904761904763,-0.030818839952698296,-0.020952380952380945,-0.030037783738571133,-0.02285714285714291,-0.048296270658475526,-0.03619047619047622,-0.06041821695365013,-0.05142857142857149,-0.07747339274898335,-0.0780952380952381,-0.10474575293472943,-0.09523809523809523,-0.12491707767298321,-0.08000000000000007,-0.118158691701999,-0.1009523809523809,-0.13729399209714166,-0.09523809523809523,-0.131579706382856,-0.09333333333333327,-0.13694326670704626,-0.05142857142857149,-0.06596521588647575,-0.07047619047619058,-0.12741138126964913,-0.3676190476190475,-0.3373343716650802,-0.19999999999999996
4714_2018-07-19,4714,2018-07-19,16000000.0,12.5,15.0,15.6,0.036666666666666625,0.05834035721452935,-0.029999999999999916,-0.0023058398555086956,-0.046666666666666634,-0.02138069436082679,-0.013333333333333308,-0.0037005819787276906,-0.01666666666666672,-0.009442103150712589,0.0,0.01625526791089693,-0.010000000000000009,-0.005183624322697256,0.0,-0.0036122817579771205,-0.006666666666666599,-0.006064619707003782,-0.006666666666666599,-0.0006461970700381015,0.0,0.0,-0.039999999999999925,-0.04301023479831423,-0.036666666666666736,-0.055932169375878193,-0.036666666666666736,-0.05472807545655234,-0.029999999999999916,-0.04986754966887419,-0.006666666666666599,-0.02713626329520369,-0.023333333333333317,-0.04681316476018471,-0.010000000000000009,-0.04190848886213128,-0.043333333333333335,-0.07343568131647593,-0.036666666666666736,-0.06676901464980933,-0.033333333333333326,-0.07066024483243039,-0.043333333333333335,-0.06500702388119606,-0.16000000000000003,-0.16903070439494294,-0.08999999999999997,-0.14418422636965678,-0.2533333333333334,-0.20697571743929377,-0.16666666666666663
4541_2018-07-27,4541,2018-07-27,15000000.0,28.0,33.3,30.95,-0.04204204204204198,-0.00027733615968905667,-0.04504504504504492,-0.025633280339162456,-0.016516516516516422,0.007012895248189488,-0.006006006006005871,0.02281752340575882,0.021021021021021102,0.043962197491609345,0.013513513513513598,0.033513513513513615,-0.024024024024023927,-0.01990637696520048,-0.04504504504504492,-0.039750927397986024,-0.037537537537537524,-0.03400812577283163,-0.009009009009008917,-0.006067832538420692,0.0,0.0,-0.043543543543543395,-0.05177883766119051,-0.07507507507507494,-0.08154566331036894,-0.072072072072072,-0.07854266030736601,-0.08408408408408397,-0.09761349584878998,-0.08408408408408397,-0.08231937820173096,-0.06306306306306297,-0.06953365129835698,-0.06606606606606591,-0.07430136018371303,-0.06606606606606591,-0.07194841900724236,-0.08108108108108092,-0.09461049284578693,-0.09909909909909898,-0.11262851086380499,-0.10360360360360343,-0.11183889772125055,-0.1291291291291291,-0.12677618795265844,-0.10210210210210202,-0.11857269033739626,-0.1351351351351351,-0.049841017488076234,-0.15915915915915912
8415_2018-08-07,8415,2018-08-07,420000000.0,28.0,38.55,30.65,-0.21660181582360571,-0.17867882865907825,-0.21011673151750965,-0.19844812008227042,-0.20622568093385207,-0.19514050007037476,-0.2010376134889753,-0.19286958548430788,-0.19974059662775612,-0.19974059662775612,-0.15953307392996108,-0.15778278221467512,-0.15693904020752258,-0.15518874849223663,-0.15175097276264582,-0.15700184790850358,-0.14785992217898825,-0.13794160245903486,-0.09079118028534372,-0.08904088857005776,0.0,0.0,-0.10246433203631633,-0.10013060974926846,-0.10116731517509725,-0.10641819032095501,-0.11802853437094674,-0.1232794095168045,-0.12062256809338523,-0.12062256809338523,-0.12321660181582361,-0.10279653180415504,-0.09079118028534372,-0.07737227713481853,-0.08690012970168604,-0.0641463374029696,-0.09727626459143968,-0.07510590286448515,-0.1089494163424124,-0.08502876290017203,-0.13099870298313876,-0.11057863297147019,-0.1426718547341116,-0.1292529515835864,-0.14396887159533067,-0.1591380664611417,-0.11932555123216593,-0.11582496780159424,-0.13359273670557714,-0.04841187322833096,-0.27367055771725024
3362_2018-08-09,3362,2018-08-09,15000000.0,62.5,65.3,62.0,-0.019908116385911168,0.020718697311128853,-0.052067381316998396,-0.03871857110225663,-0.0444104134762634,-0.039186966000929635,-0.04900459418070435,-0.042039997546926,-0.039816232771822224,-0.03285163613804387,-0.029096477794793296,-0.029096477794793296,-0.04134762633996936,-0.02625766696678289,-0.018376722817764257,-0.011412126183985905,-0.015313935681470103,-0.010090488206136339,-0.006125574272587975,0.0014194054140052037,0.0,0.0,-0.009188361408882018,-0.009188361408882018,-0.02143950995405819,-0.016216062478724425,-0.06584992343032159,-0.040313069106467814,-0.06584992343032159,-0.047277665740246055,-0.1041347626339969,-0.07627637609888371,-0.08575803981623265,-0.05848003633393428,-0.11179173047473201,-0.08277257783398917,-0.13016845329249616,-0.10463159896864238,-0.0888208269525268,-0.07024856926245127,-0.08575803981623265,-0.06834654823178687,-0.06738131699846861,-0.05461288983654167,-0.04747320061255733,-0.05153588198226133,-0.2450229709035222,-0.24212105563944797,-0.2297090352220521,-0.13800851287730453,-0.04287901990811638
3252_2018-08-10,3252,2018-08-10,18750000.0,16.8,19.0,20.95,0.021052631578947212,0.05355408253657934,0.018421052631579116,0.02364450010691288,-0.0026315789473684292,0.0043330176864099235,0.0026315789473685403,0.009596175581146893,0.0,0.0,0.0052631578947368585,0.020353117267923326,-0.0026315789473684292,0.0043330176864099235,0.0026315789473685403,0.007855026422702305,0.0052631578947368585,0.012808137581330037,0.0052631578947368585,0.0052631578947368585,0.0,0.0,-0.018421052631579005,-0.01319760515624524,-0.018421052631579005,0.00711580169227477,-0.021052631578947323,-0.0024803738888717897,-0.052631578947368474,-0.024773192412255285,-0.04999999999999993,-0.02272199651770157,-0.06052631578947365,-0.03150716314873081,-0.06842105263157894,-0.04288419830772516,-0.06315789473684208,-0.044585637046766546,-0.05789473684210533,-0.04048324525765956,-0.06842105263157894,-0.055652625469651995,-0.052631578947368474,-0.03696123652136718,-0.09473684210526323,-0.09763875736933758,-0.10789473684210527,-0.11602009958151305,-0.1105263157894738,-0.015923878180651885,-0.11578947368421044
3562_2018-09-03,3562,2018-09-03,20000000.0,12.85,13.05,14.1,0.015325670498084198,0.029701748703949593,0.003831417624520883,0.038334005318597986,0.003831417624520883,0.03143348777978261,0.003831417624520883,0.030283401523313214,0.003831417624520883,0.025683056497436407,0.003831417624520883,0.02855827213860951,0.003831417624520883,0.019932625215090205,0.0,0.008050603795284661,0.0,-0.0034502587694076325,0.0,-0.006900517538815265,0.0,0.0,0.0,0.005750431282346202,-0.003831417624521105,-0.0044064607527556365,0.003831417624520883,0.0032563744962863517,0.003831417624520883,0.009006805778632443,0.00766283524904221,0.013988309659622944,-0.003831417624521105,0.007094401811936657,-0.003831417624521105,0.011119703709578932,0.0,0.016101207590569322,0.00766283524904221,0.03066456037842691,0.00766283524904221,0.01283822340315377,0.0,0.01265094882116169,-0.003831417624521105,0.006519358683702126,-0.28505747126436787,-0.19822595890094064,-0.3869731800766284,-0.27138951130147027,-0.01532567049808442
6499_2018-09-11,6499,2018-09-11,8000000.0,108.0,109.0,141.0,0.21100917431192667,0.22786963942820582,0.17431192660550465,0.1714049498613186,0.15596330275229353,0.14142841903136327,0.1834862385321101,0.16546298271815663,0.16972477064220182,0.15867825901429478,0.15137614678899092,0.14614358864945598,0.14678899082568808,0.13516108384894387,0.03669724770642202,0.025069340729677814,0.03669724770642202,0.030883294218049917,0.0,-0.0046511627906977715,0.0,0.0,0.00917431192660545,0.013244079368465833,0.004587155963302836,0.009819714102837773,0.032110091743119185,0.04431939406870056,0.00917431192660545,0.0033603584382333462,0.004587155963302836,0.006331342009814556,-0.01834862385321101,-0.011371879667164575,-0.01834862385321101,-0.02009280989972273,-0.01834862385321101,-0.01718583315553668,0.0,-0.009883720930232487,0.0,-0.012790697674418539,-0.00917431192660545,-0.019639428205675324,-0.12385321100917435,-0.02385321100917437,-0.19266055045871555,-0.0705675272029016,-0.1834862385321101,-0.05674205248559838,-0.00917431192660545
3632_2018-10-24,3632,2018-10-24,10900000.0,10.0,12.0,13.75,0.11250000000000004,-0.007757234726687878,0.09999999999999987,0.02926045016077161,-0.008333333333333304,-0.003831725616291526,-0.016666666666666607,-0.04624866023579832,0.008333333333333304,-0.010316184351554236,0.025000000000000133,0.0050643086816721805,0.04166666666666674,0.020444801714898153,0.04166666666666674,0.023660235798499407,0.016666666666666607,-0.0032690246516613453,0.03333333333333344,0.014683815648445897,0.0,0.0,-0.05833333333333324,-0.05383172561629146,-0.10833333333333339,-0.07939442658092177,-0.029166666666666674,0.0010584137191853582,-0.07500000000000007,-0.04927652733118981,-0.06666666666666676,-0.043515541264737556,-0.07916666666666661,-0.07659431939978556,-0.054166666666666696,-0.06252679528403005,-0.04166666666666663,-0.05324222936763123,-0.07500000000000007,-0.08143086816720257,-0.09583333333333333,-0.09904876741693458,-0.09166666666666667,-0.10002679528403002,-0.1166666666666667,-0.0941586280814577,-0.05833333333333324,-0.0441854233654877,0.008333333333333304,0.036629153269024606,-0.16666666666666663
4953_2018-11-15,4953,2018-11-15,12000000.0,46.0,53.8,70.0,-0.020446096654274992,-0.0437169434545337,-0.0018587360594793934,-0.01543339669296373,-0.020446096654274992,-0.037252819343350785,0.013011152416356975,0.0013757290162275115,0.0018587360594795044,-0.006544625285058281,0.03345724907063197,0.01988258843714763,0.016728624535315983,-0.0026637477982327518,0.048327137546468446,0.042509425846403825,-0.0018587360594793934,-0.010262097404017179,0.009293680297397744,0.0125257423529892,0.0,0.0,-0.03717472118959109,-0.04040678324518254,-0.03717472118959109,-0.03200342190064487,-0.03159851301115235,-0.023195151666614677,-0.03717472118959109,-0.019721586089397225,0.009293680297397744,0.026746815397591606,0.027881040892193232,0.050505475281333534,0.009293680297397744,0.0351501767421295,0.10966542750929387,0.12517932537613274,0.18587360594795532,0.2026803286370309,0.3029739776951672,0.3087916893952317,0.24535315985130124,0.24923163431801099,0.26765799256505596,0.2812326531985401,0.26579925650557623,0.31492659975056647,1.2211895910780672,1.245106850289444,-0.14498141263940512
6499_2018-11-23,6499,2018-11-23,8000000.0,86.0,89.7,95.0,-0.02898550724637694,-0.02634000460087449,0.05685618729096986,0.02775565819044079,0.02006688963210701,-0.011679142113924845,0.02006688963210701,0.00022561979083723926,0.01449275362318847,-0.00865539452495967,0.01449275362318847,-0.011962272831838039,0.006688963210702337,-0.011168179646440679,0.006688963210702337,-0.00786130133956231,0.0078037904124861335,0.0025127851214807873,0.0,-0.005291005291005346,0.0,0.0,0.0033444816053511683,0.0066513599122294265,0.0033444816053511683,-0.003930650669781155,0.0022296544035673715,-0.0037227265488135597,0.008918617614269708,-0.008277149581497723,0.0078037904124861335,-0.011376103767408052,0.024526198439241975,0.009314558227601744,0.031215161649944312,-0.011112880678098014,0.02229654403567438,-0.012756366017235843,-0.0011148272017837968,-0.015003716090672858,-0.0078037904124861335,-0.0011900337987295062,-0.0022296544035674826,-0.0002455274194406165,-0.013377926421404673,-0.00808692113039955,0.0,0.021825396825396748,0.01672240802675584,-0.010393994089646474,-0.04124860646599782
2718_2018-11-28,2718,2018-11-28,20000000.0,17.0,20.0,22.0,0.1625000000000001,0.14277613412228796,0.04249999999999998,0.02540598290598295,0.05500000000000016,0.034618671926364364,-0.0050000000000001155,-0.016834319526627395,0.04249999999999998,0.033952991452991466,0.047499999999999876,0.04815746219592354,0.047499999999999876,0.04815746219592354,0.03499999999999992,0.04091715976331356,0.0625,0.07170447074293229,0.012499999999999956,0.011185075608152406,0.0,0.0,0.047499999999999876,0.03632314266929626,0.022499999999999964,0.009350756081525358,0.06000000000000005,0.05079552925706765,0.010000000000000009,-0.026160420775805493,0.07750000000000012,0.04857166337935581,0.015000000000000124,0.007110453648915271,0.0024999999999999467,0.01499178172255089,0.0,0.007889546351084742,-0.050000000000000044,-0.028961209730440585,-0.10999999999999999,-0.09685075608152527,-0.0824999999999999,-0.08447238658777112,-0.13249999999999995,-0.1022567389875082,-0.125,-0.10856344510190663,-0.21750000000000003,-0.2293343195266273,-0.15000000000000002
5543_2018-12-05,5543,2018-12-05,5000000.0,18.6,19.95,19.3,0.0025062656641603454,0.0005893327568120554,-0.01754385964912275,0.011210133961100932,-0.01253132832080206,0.02133448637568358,0.04260651629072698,0.0796672191661264,0.03759398496240607,0.06443104566528135,0.0025062656641603454,0.030621281638601228,-0.057644110275689164,-0.040391714109555,-0.04761904761904756,-0.032283584360261575,-0.015037593984962405,0.00413173508852005,-0.022556390977443552,-0.0295851449710538,0.0,0.0,-0.005012531328320691,0.015434753016727143,-0.005012531328320691,0.03524305972599251,-0.045112781954887105,-0.009330034351053285,0.007518796992481258,0.056081097311970085,0.007518796992481258,0.04841336568257715,0.007518796992481258,0.03371688005957385,0.007518796992481258,0.03243892478800847,-0.0300751879699247,0.006985514905474721,-0.007518796992481147,0.021874174253525225,-0.01754385964912275,0.02015582086205936,-0.022556390977443552,0.007475557904345509,-0.09774436090225558,-0.035124552595546255,-0.08521303258145363,-0.05070824024918519,0.03258145363408538,0.047277939257088675,-0.06766917293233077
3388_2018-12-18,3388,2018-12-18,10000000.0,60.0,69.9,68.8,0.0,-0.0006583278472678256,0.03719599427753928,0.0069129133032141965,0.01573676680972813,0.006520176947977019,0.0042918454935620964,0.01548341889711713,0.011444921316165813,0.01802819978884518,0.008583690987124415,0.028333526405162623,0.005722460658082795,0.017572361908905765,0.0042918454935620964,0.0010002062572223025,0.007153075822603716,0.002544780891728271,0.005722460658082795,0.013622394825298145,0.0,0.0,-0.012875536480686733,-0.004317274466203447,-0.01859799713876986,-0.017939669291501925,-0.03433476394849788,-0.022484862697674912,-0.030042918454935785,-0.020168000745916737,-0.030042918454935785,-0.015559705815040958,-0.0371959942775395,-0.020737798095840976,-0.0429184549356223,-0.013952029655832976,-0.045779685264663805,-0.014179948595802627,-0.04434907010014322,-0.03249916884932025,-0.045779685264663805,-0.039854734639252265,-0.05293276108726752,-0.02791630289108571,-0.032904148783977294,-0.02763752600583369,-0.027181688125894166,-0.006115197013319973,0.05722460658082973,0.02167490282836093,-0.14163090128755373
4556_2019-01-10,4556,2019-01-10,6500000.0,30.0,35.2,34.5,-0.026988636363636465,-0.04298863636363648,0.0,0.01666666666666672,-0.0028409090909091717,0.016492424242424253,0.0,-0.0006666666666665932,-0.0014204545454546968,-0.008087121212121295,0.014204545454545414,0.02687121212121213,0.0,0.02200000000000013,0.0,0.03733333333333333,0.0,0.014000000000000012,0.0,0.017999999999999905,0.0,0.0,0.022727272727272707,0.025393939393939413,0.03409090909090895,0.02742424242424235,0.035511363636363535,0.035511363636363535,0.022727272727272707,0.014060606060605885,0.02556818181818188,0.018234848484848687,0.022727272727272707,0.015393939393939515,0.02840909090909083,0.015742424242424224,0.022727272727272707,0.0027272727272726893,0.015625,0.028291666666666715,0.011363636363636243,0.028696969696969554,0.014204545454545414,0.02687121212121213,-0.021306818181818232,-0.029973484848485055,-0.05113636363636376,-0.07713636363636378,-0.05681818181818177,-0.16081818181818164,-0.14772727272727282
3207_2019-01-24,3207,2019-01-24,7000000.0,11.0,11.9,12.95,0.09243697478991586,0.09175854873835543,0.021008403361344463,0.006083030227016284,0.03361344537815136,0.009190107521977797,0.03361344537815136,0.015974368037581455,-0.025210084033613467,-0.05166870004446833,-0.008403361344537785,-0.033505125252271784,0.008403361344537785,-0.016698402563196213,0.008403361344537785,-0.022125810975679228,0.0,-0.037991858887381325,-0.008403361344537785,-0.013152343705460368,0.0,0.0,0.004201680672268893,-0.0005473016886536897,0.004201680672268893,-0.013437396668301016,0.004201680672268893,-0.015472674822982091,0.004201680672268893,-0.006653136152697137,0.0,-0.008819538670284732,0.008403361344537785,-0.011270994150713198,0.008403361344537785,-0.018055254666317078,-0.008403361344537785,-0.03282669920071135,0.008403361344537785,-0.012627846253834063,0.050420168067226934,0.032102664675096815,0.050420168067226934,0.02396155205637207,0.0,-0.04409769335142477,-0.05882352941176483,-0.12395243036156123,-0.04621848739495804,-0.1629077682633433,-0.0756302521008404
5386_2019-02-19,5386,2019-02-19,4000000.0,27.2,45.95,39.9,-0.18715995647442873,-0.18517714087627923,-0.1653971708378673,-0.15680496991255333,-0.15778019586507075,-0.15117081053790615,-0.16213275299238306,-0.14693116673990447,-0.15342763873775855,-0.13624323688713047,-0.14036996735582163,-0.13376058202865704,-0.13819368879216543,-0.13819368879216543,-0.05223068552774768,-0.05024786992959818,-0.020674646354733484,-0.01538713809300174,-0.08487486398258992,-0.07694360158999236,0.0,0.0,-0.029379760609357986,-0.027396945011208484,-0.017410228509249226,-0.026663367967279417,-0.029379760609357986,-0.048546978058135126,-0.05114254624591952,-0.06832694809654727,-0.04896626768226331,-0.07342099339277208,-0.07508161044613715,-0.10218009028751185,-0.1120783460282917,-0.13851588733695008,-0.1164309031556039,-0.13361530500623164,-0.08378672470076176,-0.0983273724205238,-0.08596300326441786,-0.10314740511504561,-0.1164309031556039,-0.12964967380993309,-0.11099020674646354,-0.1572559040366156,-0.042437431991294905,-0.11183597792652289,-0.22742110990206754,-0.26377272920147266,-0.40805223068552776
1785_2019-03-12,1785,2019-03-12,40000000.0,18.2,18.6,19.4,0.018817204301075252,0.04245476175347196,0.026881720430107503,0.016376139340153584,-0.0026881720430107503,-0.020416340132308086,0.0026881720430105283,-0.017666391318775343,0.010752688172043001,-0.008945276371620903,0.008064516129032251,-0.0024410649609216684,-0.005376344086021612,-0.013255529903486996,0.0026881720430105283,-0.007817409046943391,0.0,-0.006565988181221227,0.0,0.001969796454366457,0.0,0.0,0.0026881720430105283,-0.011757001955676305,0.0026881720430105283,-0.009787205501309737,0.0,-0.011818778726198076,0.0,-0.019041365725541493,-0.0026881720430107503,-0.02829552594977347,0.04301075268817178,0.013463805872676149,0.024193548387096753,-0.00666659606464326,0.021505376344086002,-0.017890552743241583,0.010752688172043001,-0.0312696361877729,0.0,-0.02626395272488513,0.005376344086021501,-0.027453596820084858,0.0,-0.06565988181221272,0.005376344086021501,-0.08983048454168707,0.16129032258064524,0.12320759112956203,-0.021505376344086113
6576_2019-04-18,6576,2019-04-18,12000000.0,72.0,90.3,88.3,-0.04761904761904756,0.004948928211768067,-0.04651162790697683,-0.01509168832993757,-0.034330011074197087,-0.002910071497157829,-0.04983388704318936,-0.02747739157491147,-0.034330011074197087,-0.018015811678426807,-0.03986710963455142,-0.024761369453282556,-0.029900332225913706,-0.010564984793889565,0.06644518272425248,0.08638475976352744,-0.0022148394241418012,0.008661293506371903,-0.007751937984496138,0.00010304690976370434,0.0,0.0,-0.029900332225913706,-0.029296102618663,-0.03654485049833889,-0.037149080105589705,-0.03765227021040962,-0.037048040603158916,-0.0210409745293465,-0.02466635217285096,-0.03322259136212624,-0.03866065782738315,-0.04318936877076407,-0.05104435366502402,-0.06533776301218153,-0.06171238536867707,-0.09080841638981174,-0.09141264599706256,-0.11295681063122931,-0.11356104023848013,-0.11295681063122931,-0.11597795866748317,-0.11960132890365449,-0.1316859210486695,-0.1982281284606865,-0.14384746380811853,-0.1749723145071982,-0.12300856828363327,-0.10188261351052053,-0.10732067997577743,-0.2026578073089701
1788_2019-04-19,1788,2019-04-19,1000000.0,85.0,107.5,106.0,-0.023255813953488413,0.027530159444335123,-0.023255813953488413,0.007578527038047178,-0.023255813953488413,-0.0014903967829926756,-0.027906976744186074,-0.012187508787716905,-0.023255813953488413,-0.008745535839824514,-0.018604651162790753,0.00013779140069170026,-0.013953488372092981,0.0053935491127922175,-0.018604651162790753,-0.008326537498945408,-0.023255813953488413,-0.016000674896656353,-0.013953488372092981,-0.014558083293495616,0.0,0.0,-0.013953488372092981,-0.01516267821489825,-0.013953488372092981,-0.013953488372092981,-0.013953488372092981,-0.018185652821911424,-0.009302325581395321,-0.01534827479542189,-0.009302325581395321,-0.01776665448103265,-0.013953488372092981,-0.010930513765079697,-0.023255813953488413,-0.024465003796293683,-0.018604651162790753,-0.019813841005596022,-0.023255813953488413,-0.026883383481904444,-0.027906976744186074,-0.04060347009364185,-0.027906976744186074,-0.023070217372964774,-0.037209302325581395,0.01720424060065806,-0.051162790697674376,-0.0009814122212534748,-0.0046511627906976605,-0.012510896768932134,-0.2093023255813954
4174_2019-04-25,4174,2019-04-25,15000000.0,135.0,158.0,168.5,0.018987341772152,0.073674841772152,0.04746835443037978,0.0721077775073028,0.02215189873417711,0.0473922833495618,0.018987341772152,0.035213303310613675,0.012658227848101333,0.0258793816942553,0.012658227848101333,0.018066881694255188,-0.0031645569620253333,0.0028450584225900855,-0.025316455696202556,-0.020508763388510154,0.0,0.006009615384615419,0.015822784810126667,0.01762566942551136,0.0,0.0,-0.0031645569620253333,-0.00556840311587159,0.0,0.009014423076923128,-0.015822784810126556,-0.011015092502434154,-0.015822784810126556,-0.011015092502434154,-0.015822784810126556,-0.01341893865628041,-0.015822784810126556,-0.022433361733203427,-0.03164556962025311,-0.020828261927945402,-0.034810126582278444,-0.03420916504381699,-0.044303797468354444,-0.03649129746835433,-0.07278481012658233,-0.052953079357351496,-0.08227848101265822,-0.06184578870496593,-0.11708860759493667,-0.046776107594936556,-0.10759493670886078,-0.05771512901655307,0.0031645569620253333,0.000760710808179077,-0.14556962025316456
8038_2019-04-25,8038,2019-04-25,3000000.0,50.0,60.5,62.3,0.028099173553719048,0.08278667355371905,0.09256198347107425,0.11720140654799727,0.09090909090909083,0.11614947552447552,0.0760330578512396,0.09225901938970127,0.0760330578512396,0.08925421169739356,0.09421487603305789,0.09962352987921175,0.016528925619834656,0.022538541004450074,0.0380165289256198,0.0428242212333122,0.03140495867768589,0.03741457406230131,0.02148760330578514,0.023290487921169833,0.0,0.0,-0.03140495867768589,-0.03380880483153215,-0.02975206611570247,-0.02073764303877934,-0.04297520661157028,-0.03816751430387788,-0.04297520661157028,-0.03816751430387788,-0.028099173553719048,-0.025695327399872903,-0.0016528925619835322,-0.008263469485060404,-0.03305785123966942,-0.022240543547361713,-0.026446280991735516,-0.025845319453274063,-0.044628099173553815,-0.036815599173553704,-0.08925619834710741,-0.06942446757787657,-0.0826446280991735,-0.06221193579148121,-0.11900826446280999,-0.048695764462809876,-0.09752066115702474,-0.047640853464717026,-0.13719008264462806,-0.13959392879847432,-0.17355371900826444
4167_2019-06-13,4167,2019-06-13,20000000.0,17.8,19.0,21.05,0.026315789473684292,0.02568843690153888,0.013157894736842035,0.05017169649342923,0.015789473684210575,0.04464769200290564,0.021052631578947212,0.036736445882585844,0.026315789473684292,0.04074489863303188,0.015789473684210575,0.036492108565013615,-0.0026315789473684292,0.014934293072706883,-0.013157894736842146,0.011936208148979666,0.0,0.008155583437892133,0.0,0.0037641154328732496,0.0,0.0,-0.015789473684210575,-0.007633890246318442,-0.013157894736842146,-0.0031202535825134436,-0.018421052631579005,-0.005874001188668099,-0.02631578947368418,-0.01627814831935548,-0.023684210526315752,-0.03685861454137207,-0.021052631578947323,-0.03548174073829469,-0.018421052631579005,-0.03285016179092637,-0.02894736842105272,-0.04776794558541908,-0.021052631578947323,-0.03422703559400364,-0.021052631578947323,-0.029208215016839234,-0.021052631578947323,-0.04363732417618704,-0.015789473684210575,-0.05531268572937975,-0.015789473684210575,-0.06723238460014525,0.06842105263157894,0.020742257148517407,-0.06315789473684208
6185_2019-06-27,6185,2019-06-27,20000000.0,10.8,13.65,13.95,0.0073260073260073,0.05212998990223627,-0.0073260073260073,0.008853208604297613,0.00366300366300365,0.021709052200651335,-0.003663003663003761,0.01687215501776773,-0.003663003663003761,0.014383044874643924,-0.003663003663003761,-0.008641223949251597,-0.003663003663003761,-0.009885779020813446,-0.003663003663003761,-0.009885779020813446,-0.0073260073260073,-0.017904725434283675,-0.003663003663003761,-0.008641223949251597,0.0,0.0,-0.010989010989011061,-0.025301394311973202,0.00366300366300365,-0.0031820492305869585,-0.003663003663003761,-0.03228777030892804,0.0,-0.026135656502800364,-0.003663003663003761,-0.017975386985965902,-0.0073260073260073,-0.027861166006778904,-0.0073260073260073,-0.026616610935217055,-0.0073260073260073,-0.02288294572053129,-0.0073260073260073,-0.02163839064896944,-0.0073260073260073,-0.030350276149902822,-0.010989010989011061,-0.04210288777805904,-0.04029304029304037,-0.08323019026192657,-0.06593406593406592,-0.06966773114875191,0.06227106227106227,0.01062202680124269,-0.20879120879120872
3630_2019-07-09,3630,2019-07-09,25000000.0,82.8,115.0,108.5,-0.08695652173913049,-0.05999573742540509,-0.047826086956521685,-0.037409420289855055,0.004347826086956497,0.019666453537936834,0.008695652173912993,0.00992114236999131,0.0608695652173914,0.06944799658994028,0.11304347826086958,0.10017583120204598,0.10000000000000009,0.08958333333333335,-0.008695652173912993,-0.007470161977834677,-0.008695652173912993,-0.013597612958226701,0.0,-0.003676470588235503,0.0,0.0,-0.07826086956521738,-0.07703537936913907,-0.08695652173913049,-0.09430946291560127,-0.08260869565217388,-0.09792732310315433,-0.047826086956521685,-0.06191922421142371,-0.0304347826086957,-0.05004262574595075,-0.0304347826086957,-0.05188086104006828,-0.017391304347826098,-0.03209718670076722,-0.017391304347826098,-0.030871696504689017,-0.017391304347826098,-0.0345481670929243,-0.05217391304347829,-0.0742327365728902,-0.06521739130434778,-0.08972719522591632,-0.11304347826086958,-0.09466112531969306,-0.13391304347826094,-0.1277855924978688,-0.14782608695652177,-0.19133098891730627,-0.28
5227_2019-07-25,5227,2019-07-25,31000000.0,12.0,16.45,18.05,0.10942249240121593,0.1339586982659675,0.04863221884498481,0.05701043548172935,0.03039513677811545,0.0399702415058234,0.027355623100303816,0.031544731418675975,0.024316109422492627,0.02670988560441967,0.033434650455927084,0.04241131113815333,0.027355623100303816,0.03752917187349347,0.027355623100303816,0.03393850760060302,0.006079027355623268,0.007874359492068383,-0.003039513677811634,-0.00363795772329345,0.0,0.0,0.045592705167173175,0.04260048493976454,0.024316109422492627,0.02790677369538308,0.012158054711246091,0.013354942802209502,0.003039513677811634,0.007228621996183793,0.00911854103343468,0.018095201715660925,-0.006079027355622935,0.008882073781420807,-0.05167173252279633,-0.02055264215774555,-0.11246200607902734,-0.07176781098626861,-0.14893617021276595,-0.10764353107452529,-0.06382978723404253,-0.01774959573194801,-0.06079027355623101,-0.026080518918289775,-0.18844984802431608,-0.157929201704747,-0.10942249240121571,-0.108824048355734,-0.11550151975683887,-0.17833814453242225,-0.270516717325228
6238_2019-07-25,6238,2019-07-25,7000000.0,107.0,163.5,147.5,-0.07951070336391441,-0.05497449749916283,0.00917431192660545,0.01755252856334999,-0.021406727828746197,-0.011831623101038247,-0.030581039755351647,-0.026391931436979488,-0.03669724770642202,-0.03430347152449498,-0.006116207951070374,0.0028604527311558714,-0.021406727828746197,-0.011233179055556541,-0.021406727828746197,-0.014823843328446995,0.0183486238532109,0.020143955989656015,0.003058103975535076,0.0024596599300532596,0.0,0.0,-0.033639143730886834,-0.03663136395829547,-0.03975535168195721,-0.036164687409066754,-0.04892966360856266,-0.047732775517599246,-0.07033639143730885,-0.0661472831189367,-0.08256880733944949,-0.07359214665722325,-0.07339449541284404,-0.0584333942758003,-0.1009174311926605,-0.06979834082760972,-0.12844036697247707,-0.08774617187971834,-0.13761467889908252,-0.09632203976084186,-0.15290519877675846,-0.10682500727466393,-0.14984709480122327,-0.11513734016328203,-0.19877675840978593,-0.16825611209021685,-0.17737003058103973,-0.17677158653555802,-0.1865443425076453,-0.24938096728322867,-0.345565749235474
3511_2019-07-29,3511,2019-07-29,5400000.0,27.2,37.5,35.1,-0.09999999999999998,-0.09279279279279284,-0.03466666666666662,-0.0340660660660661,-0.03200000000000003,-0.03320120120120107,-0.040000000000000036,-0.034594594594594574,-0.040000000000000036,-0.03339339339339342,-0.01866666666666672,-0.015663663663663674,-0.012000000000000122,-0.013801801801801905,-0.0013333333333332975,-0.005537537537537385,0.008000000000000007,0.00439639639639644,0.01200000000000001,0.0053933933933933975,0.0,0.0,-0.007999999999999896,-0.010402402402402422,-0.04933333333333334,-0.04873273273273282,-0.03600000000000003,-0.03059459459459457,-0.03466666666666662,-0.02325525525525518,-0.06399999999999995,-0.03637237237237234,-0.09866666666666679,-0.06142942942942964,-0.1186666666666667,-0.0808288288288288,-0.09600000000000009,-0.05335735735735747,-0.009333333333333416,0.021897897897897756,-0.007999999999999896,0.023831831831832018,0.03200000000000003,0.07464264264264264,0.13200000000000012,0.17284084084084106,0.1160000000000001,0.11419819819819832,0.06933333333333347,-0.0021381381381380127,-0.2746666666666667
8936_2019-08-01,8936,2019-08-01,20000000.0,18.5,19.7,20.65,0.038071065989847774,0.04773290173863998,0.0076142131979697325,0.00882194266656866,0.010152284263959421,0.007736825326761343,0.002538071065989911,-0.004708305745604324,-0.0050761421319796,-0.014737977880771913,0.0,-0.009057971014492683,0.012690355329949332,0.0006130606439589403,0.002538071065989911,-0.0028967115427058765,0.0,-0.007850241545893866,-0.002538071065989911,-0.0073689889403860676,0.0,0.0,-0.015228426395939132,-0.009189779052943936,-0.027918781725888353,-0.00557578655680635,-0.050761421319796995,-0.01875659040192268,-0.055837563451776595,-0.023228867799602648,-0.055837563451776595,-0.018397949925206603,-0.050761421319796995,-0.024795237744917875,-0.050761421319796995,-0.024191373010618245,-0.048223350253807085,-0.010783736727237092,-0.04314720812182726,-0.012953971406851394,-0.053299492385786795,-0.012236690453419796,-0.055837563451776595,-0.026248191471100246,-0.07106598984771562,-0.059592559896024744,-0.050761421319796995,-0.07008509281738162,-0.035532994923857864,-0.12369724613158728,-0.060913705583756306
5291_2019-08-08,5291,2019-08-08,3000000.0,16.5,20.0,18.65,-0.040000000000000036,-0.07952321204516921,-0.06999999999999995,-0.12144291091593462,-0.05999999999999994,-0.10454203262233375,0.00749999999999984,-0.03955144291091606,-0.0050000000000001155,-0.048914680050188286,0.0,-0.038895859473023764,-0.0050000000000001155,-0.037622333751568426,-0.010000000000000009,-0.02568381430363864,0.010000000000000009,0.004353826850689968,0.012499999999999956,0.007481179422835771,0.0,0.0,-0.0025000000000000577,-0.014419698870765552,0.09499999999999997,0.08370765370138034,0.10999999999999988,0.10999999999999988,0.1499999999999999,0.1424717691342534,0.15500000000000003,0.15876411543287328,0.19250000000000012,0.1843444165621082,0.16749999999999998,0.15369824341279803,0.2825,0.26618883312421593,0.3175000000000001,0.299934127979925,0.35749999999999993,0.3424435382685067,0.3800000000000001,0.36368883312421607,0.3374999999999999,0.2898212045169384,0.28,0.2197741530740276,0.4099999999999999,0.24500627352572146,-0.17500000000000004
3289_2019-08-26,3289,2019-08-26,30000000.0,36.0,46.5,41.95,0.13118279569892466,0.10340501792114698,-0.06129032258064515,-0.056352050975706836,-0.03010752688172036,-0.014058144165670972,-0.04946236559139783,-0.04082039028275586,-0.04408602150537633,-0.024332935085623286,-0.023655913978494647,-0.015631222620469898,0.03010752688172036,0.03257666268418957,-0.027956989247311714,-0.027956989247311714,-0.026881720430107503,-0.028116288331341943,-0.021505376344086002,-0.02027080844285145,0.0,0.0,-0.05161290322580647,-0.034946236559139865,-0.062365591397849474,-0.04816806053365186,-0.07311827956989247,-0.06571087216248517,-0.06774193548387097,-0.06218637992831544,-0.053763440860215006,-0.06425726802070875,-0.04946236559139783,-0.0605734767025089,-0.032258064516129004,-0.034727200318598106,-0.021505376344086002,-0.03570290720828351,-0.031182795698924792,-0.05587415372361626,-0.04623655913978486,-0.07710075667064897,-0.0849462365591398,-0.11951413779370768,-0.11182795698924741,-0.15688968538430925,-0.17204301075268813,-0.23130227001194725,-0.10322580645161283,-0.24581839904420544,-0.22580645161290325
8255_2019-08-27,8255,2019-08-27,16000000.0,87.5,94.0,93.9,0.030851063829787195,-0.016857661845040228,0.011702127659574346,0.011074381269116085,0.019148936170212627,0.01098823309425545,0.019148936170212627,0.022287668122503934,0.011702127659574346,0.0029136781931589084,0.006382978723404209,-0.008055188257135582,0.0021276595744681437,-0.014821492967904693,0.014893617021276562,-0.0033110283020125753,0.009574468085106425,-0.006119191676349889,0.007446808510638281,-0.009502344031734555,0.0,0.0,-0.0031914893617021045,-0.005702474923534928,-0.005319148936170248,-0.01473534479304417,-0.005319148936170248,-0.01661858396441873,0.009574468085106425,-0.018046373095056634,0.0010638297872340718,-0.02718475778338747,0.0010638297872340718,-0.01839630831697181,0.005319148936170137,-0.02606817058674271,0.005319148936170137,-0.036739859224532934,0.0010638297872340718,-0.04727264227805139,-0.008510638297872353,-0.060613588705907384,-0.021276595744680882,-0.06835757502905004,-0.018085106382978777,-0.07395453513376338,-0.010638297872340385,-0.10982222756474458,-0.012765957446808529,-0.17535227257549646,-0.06914893617021278
8279_2019-09-19,8279,2019-09-19,4000000.0,120.0,143.5,147.0,-0.03484320557491294,0.010477571352691673,0.0,0.03296056503825773,0.0,0.022954679223072483,0.0,0.017068864037669274,-0.020905923344947785,-0.007368548418520415,-0.010452961672473893,0.007793065402275978,-0.013937282229965153,0.0037201633262443634,-0.013937282229965153,-0.0015770703406184916,-0.013937282229965153,-0.007462885526021701,-0.013937282229965153,-0.005697140970400638,0.0,0.0,-0.03484320557491294,-0.02895739038950973,-0.0662020905923345,-0.06325918299963296,-0.06271777003484325,-0.05742053636798039,-0.05226480836236935,-0.04873331925112745,-0.059233449477351874,-0.04922756366216641,-0.06968641114982577,-0.062034851408801606,-0.06968641114982577,-0.0655663405200434,-0.06968641114982577,-0.08145804152063219,-0.059233449477351874,-0.06747359073691639,-0.0766550522648084,-0.07488930770918734,-0.09407665505226481,-0.09643098112642601,-0.13588850174216027,-0.18003211563268406,-0.11149825783972123,-0.2050827192876319,-0.15679442508710806,-0.312179945981752,-0.16376306620209058
6590_2019-09-26,6590,2019-09-26,3000000.0,23.0,31.5,33.2,0.0031746031746031633,0.04716984693203463,-0.025396825396825418,-0.017667931223222633,-0.025396825396825418,-0.023018704112640065,-0.025396825396825418,-0.02896400732310378,-0.015873015873015928,-0.01765660683615511,-0.02857142857142858,-0.03867844402921705,-0.022222222222222254,-0.02638393446954701,-0.022222222222222254,-0.029356586074778757,-0.022222222222222254,-0.026978464790593404,-0.023809523809523836,-0.030349357341034167,0.0,0.0,-0.025396825396825418,-0.027774946681010992,-0.04285714285714293,-0.04880244606760664,-0.03968253968253965,-0.06168016156125555,-0.041269841269841345,-0.059700281222279106,-0.03968253968253965,-0.04800596417718894,-0.03968253968253965,-0.0521676764245137,-0.03968253968253965,-0.05573485835079184,-0.04761904761904767,-0.07615650302927368,-0.0444444444444444,-0.06465847536002112,-0.03492063492063502,-0.07594322707283485,0.00952380952380949,-0.033282373591529524,-0.01904761904761909,-0.08266236339958122,-0.006349206349206327,-0.10028499707453342,-0.0444444444444444,-0.20021138855859444,-0.2698412698412699
4563_2019-10-03,4563,2019-10-03,5000000.0,40.0,49.3,49.95,0.0020283975659229903,0.05398403095763349,0.016227180527383478,0.024399976791248057,0.038539553752535705,0.05255006163344644,0.024340770791075217,0.03543242286346282,0.007099391480730244,0.020526128199936378,-0.016227180527383256,-0.004551757293291048,-0.006085192697768749,0.012011713315074335,0.014198782961460488,0.029960604327485152,0.016227180527383478,0.028486374923180402,0.016227180527383478,0.012724553557155849,0.0,0.0,-0.006085192697768749,0.003838917051209756,0.0040567951318459805,0.00989450674889214,0.016227180527383478,0.01856226517420201,0.006085192697768749,-0.003838917051209645,-0.015212981744421872,-0.016964295229535575,-0.006085192697768749,-0.028268496842543955,0.0040567951318459805,-0.01987782249804315,0.0040567951318459805,-0.02454799179167977,0.012170385395537497,-0.01701817268969319,-0.011156186612576002,-0.03800966005098805,-0.0040567951318457585,-0.029742726246848594,-0.045638945233265726,-0.12211296741656974,-0.06693711967545635,-0.15158393812262505,-0.04665314401622711,-0.18850953631044776,-0.18864097363083154
4152_2019-10-04,4152,2019-10-04,10200000.0,82.0,83.5,81.9,0.0,0.03124999999999989,0.05389221556886237,0.05801957405942837,0.0479041916167664,0.04908343689978523,0.0239520958083832,0.02748983165743979,0.049101796407185594,0.05087066433171383,0.041916167664670656,0.05017088464580277,0.021556886227544814,0.027453112642639166,0.008383233532934131,0.010741724098971894,0.0023952095808383866,-0.011166111173878557,0.008383233532934131,-0.0016403513727263341,0.0,0.0,-0.010778443113772518,-0.014905801604338631,-0.010778443113772518,-0.01844353745339533,0.003592814371257358,-0.01645435544006335,-0.021556886227544925,-0.03334933905773363,0.0059880239520957446,-0.02644122133092308,0.004790419161676773,-0.029407694045870514,0.016766467065868262,-0.02214862727375433,0.010778443113772518,-0.02872627386735971,0.003592814371257358,-0.033553412043836994,-0.010778443113772518,-0.046745424245848044,-0.008383233532934131,-0.05437379957067012,-0.06586826347305386,-0.16138713139758232,-0.10778443113772451,-0.21155801604338476,-0.017964071856287456,-0.16124237374307993,-0.017964071856287456
6461_2019-10-28,6461,2019-10-28,20000000.0,19.15,21.0,19.05,-0.06190476190476191,-0.008976833976833909,-0.12142857142857144,-0.10735199485199487,-0.12857142857142856,-0.11618404118404124,-0.14523809523809528,-0.1373552123552123,-0.07619047619047625,-0.06887065637065648,0.014285714285714235,0.023857786357786237,-0.033333333333333326,-0.022635135135135043,-0.05238095238095242,-0.05125482625482636,-0.028571428571428692,-0.02462998712998732,0.0452380952380953,0.0452380952380953,0.0,0.0,-0.033333333333333326,-0.037837837837837784,-0.05714285714285716,-0.06446267696267705,-0.05238095238095242,-0.06420527670527676,-0.05714285714285716,-0.07178249678249671,-0.06428571428571439,-0.07892535392535394,-0.059523809523809534,-0.09781209781209799,-0.05714285714285716,-0.10331402831402836,-0.059523809523809534,-0.11076254826254828,-0.06904761904761902,-0.11465572715572714,-0.0714285714285714,-0.11365830115830122,-0.08571428571428574,-0.11217824967824985,-0.08333333333333337,-0.12612612612612606,-0.11904761904761907,-0.17366473616473632,-0.10476190476190472,-0.1424871299871301,-0.08809523809523812
3188_2019-11-18,3188,2019-11-18,30000000.0,15.0,19.35,19.15,-0.01808785529715773,0.030124495732094747,-0.01808785529715773,-0.017004431678522947,-0.023255813953488524,-0.029756355665297884,-0.012919896640826822,-0.024295844636493147,-0.012919896640826822,-0.01887872654331857,-0.012919896640826822,-0.015628455687414,-0.012919896640826822,-0.0004605250265257155,-0.0025839793281654533,0.0006662915277392267,0.0,0.009209100758396427,-0.007751937984496249,0.00199887458321768,0.0,0.0,-0.03100775193798455,-0.03750829364979391,-0.025839793281653756,-0.03992430032390726,-0.033591731266150004,-0.04388425564318155,-0.04134366925064603,-0.04351051648791582,-0.03875968992248058,-0.041468248969067756,-0.03875968992248058,-0.04200996077838515,-0.04134366925064603,-0.04730249915313778,-0.043927648578811485,-0.053678461146525414,-0.05167958656330751,-0.05872184008443426,-0.07751937984496127,-0.06885199089588223,-0.12661498708010355,-0.12390642803351637,-0.13178294573643412,-0.18107872038432138,-0.07751937984496127,-0.13710767886988007,-0.13695090439276492,-0.13045036268095567,-0.22480620155038766
4168_2019-11-19,4168,2019-11-19,5000000.0,20.0,20.05,20.5,-0.0024937655860349794,0.04271613753560122,0.02244389027431426,0.02244389027431426,0.01995012468827917,0.015106206496675378,0.014962593516209433,0.015500806648609977,0.0174563591022443,0.021223851029047447,0.009975062344139696,0.02881252197815476,0.0024937655860348684,0.012181601969242672,0.009975062344139696,0.025583243183752158,0.0024937655860348684,0.018640159558047764,0.0024937655860348684,0.008952323174840182,0.0,0.0,0.0,-0.007534983853605848,-0.0024937655860349794,-0.006261257512837903,0.009975062344139696,0.014280767403343164,0.0174563591022443,0.021223851029047447,0.0174563591022443,0.020685637896647013,0.014962593516209433,0.015500806648609977,0.014962593516209433,0.011733314721806831,0.02244389027431426,0.021905677141913937,0.007481296758104605,0.022551264465316745,0.0,0.00914962325080737,-0.0024937655860349794,0.006655857664772391,-0.012468827930174564,-0.06898120683221975,0.014962593516209433,-0.028632670208225353,-0.02244389027431415,-0.004682856905099841,-0.0024937655860349794
3680_2019-11-20,3680,2019-11-20,3500000.0,110.0,125.0,102.5,0.028000000000000025,0.08302136752136746,0.020000000000000018,0.02267094017094018,-0.0040000000000000036,0.004012820512820481,-0.008000000000000007,0.003217948717948671,-0.040000000000000036,-0.013824786324786453,-0.01200000000000001,0.005094017094017023,0.01200000000000001,0.0349700854700854,0.03600000000000003,0.05950427350427345,0.03200000000000003,0.04588888888888887,0.02400000000000002,0.03147863247863236,0.0,0.0,0.008000000000000007,0.011739316239316233,0.016000000000000014,0.027752136752136725,0.06400000000000006,0.07521794871794873,0.16799999999999993,0.17868376068376057,0.16799999999999993,0.1760128205128204,0.20399999999999996,0.2082735042735041,0.19199999999999995,0.19894444444444426,0.26,0.28243589743589737,0.3839999999999999,0.4005598290598289,0.45599999999999996,0.47255982905982896,0.3999999999999999,0.42029914529914514,0.5760000000000001,0.5268547008547009,0.46799999999999997,0.42473076923076913,0.45599999999999996,0.49339316239316233,-0.12
6547_2019-11-21,6547,2019-11-21,30000000.0,26.0,27.75,27.7,0.0,0.04772117962466493,0.054054054054053946,0.058343598289978926,0.048648648648648596,0.056155351061517256,0.06666666666666665,0.08918677390527252,0.06666666666666665,0.08007149240393208,0.06306306306306309,0.08236601212472527,0.06306306306306309,0.08290220515421587,0.014414414414414267,0.024602081974736012,0.0,0.0037533512064342744,0.016216216216216273,0.012462865009781998,0.0,0.0,0.007207207207207134,0.015250102649566388,0.009009009009008917,0.016515711421877577,0.00540540540540535,0.012375914788783415,0.009009009009008917,0.013298553244933897,0.00540540540540535,0.005941598434895945,-0.0018018018018017834,0.0014153563751418963,-0.012612612612612706,0.0061541434195588884,-0.01981981981981984,-0.00695118711204501,-0.02522522522522519,-0.01235659251745036,-0.02522522522522519,-0.008603241311016085,-0.01621621621621616,-0.012462865009781887,0.009009009009008917,-0.03817597758616542,0.07387387387387401,0.02668888727869967,0.8846846846846845,0.9157838803951404,-0.06306306306306309
6426_2019-11-22,6426,2019-11-22,5000000.0,100.0,147.5,144.0,-0.06440677966101693,-0.024406779661016897,-0.09152542372881356,-0.0920659642693541,-0.09152542372881356,-0.076930829134219,-0.07118644067796609,-0.06578103527256074,-0.06779661016949157,-0.05644525881814022,0.023728813559322104,0.035620705451213985,0.02033898305084736,0.0225011452130095,-0.013559322033898313,-0.017883646358222594,-0.003389830508474523,-0.015281722400366293,-0.02033898305084747,-0.028447091158955495,0.0,0.0,-0.03389830508474578,-0.03443884562528632,-0.03050847457627115,-0.03158955565735222,0.013559322033898313,0.009775538250114568,0.013559322033898313,0.005991754466330823,0.04067796610169494,0.035813101236830125,0.003389830508474523,0.014200641319285334,0.003389830508474523,0.008254695373339449,0.003389830508474523,0.008254695373339449,0.03728813559322042,0.04593678424186909,0.04406779661016946,0.03974347228584518,0.1457627118644067,0.13981676591846082,0.12542372881355934,0.07731562070545128,0.12203389830508482,0.07987173614292264,-0.07796610169491525,-0.04499312872194228,-0.3220338983050848
8099_2019-11-27,8099,2019-11-27,18000000.0,14.2,17.85,18.0,0.008403361344537785,0.040713539050515224,-0.0028011204481792618,0.012276962481276743,-0.008403361344537896,0.0072132245466843825,-0.0028011204481792618,0.003122412131249863,-0.008403361344537896,-0.008941864306304281,-0.0056022408963586345,-0.013679785322853077,-0.008403361344537896,-0.01271138503866831,-0.0056022408963586345,-0.0018327201639947166,-0.0028011204481792618,0.0004298973224184932,-0.0028011204481792618,-0.00010860563934778078,0.0,0.0,-0.014005602240896309,-0.017775122973260338,-0.011204481792717269,-0.012281487716250039,-0.011204481792717269,0.0033350981749724617,-0.01680672268907568,-0.008190675300815076,-0.025210084033613578,-0.016594036645352972,-0.036414565826330625,-0.0240289977057061,-0.036414565826330625,-0.03695306878809701,-0.03921568627451,-0.041369698121575094,-0.025210084033613578,-0.033826131421874406,-0.036414565826330625,-0.03803007471162956,-0.03361344537815136,-0.04330649868994474,-0.04201680672268904,-0.09048207328165503,-0.050420168067227045,-0.09457741093206284,-0.05602240896358546,-0.010249657213450836,-0.20448179271708689
4979_2019-12-10,4979,2019-12-10,14700000.0,20.39,23.9,25.85,-0.006276150627614996,0.011342642751989929,0.0,0.008542445274960064,0.01882845188284521,0.02363357735001026,0.012552301255230214,0.020026940870820242,0.0,0.022957821676454992,-0.012552301255229992,0.004532589294690026,0.006276150627615218,0.023361041177535236,0.010460251046025215,0.031282461403740136,-0.004184100418409997,0.003824442026864938,-0.004184100418409997,0.0022227335378101065,0.0,0.0,-0.012552301255229992,-0.005611564469324981,0.004184100418409997,0.0031162947590399614,-0.027196652719665204,-0.05068837722580488,-0.029288702928870314,-0.06399238685839503,-0.0167364016736401,-0.05090618277347991,-0.027196652719665204,-0.07524790739131504,-0.03556485355648531,-0.08415001105782005,-0.02092050209205021,-0.06363272846685009,-0.023012552301255096,-0.058250139060464945,-0.029288702928870314,-0.06666190100682023,-0.027196652719665204,-0.06510375362730003,0.012552301255230214,-0.008803811932169614,-0.10251046025104604,-0.06300165085435616,-0.41213389121338906,-0.23754766590639487,-0.1468619246861924
2643_2019-12-20,2643,2019-12-20,3770000.0,35.0,40.4,36.9,-0.05940594059405935,-0.00717859804413612,0.02846534653465338,0.07557236138360379,0.030940594059405857,0.07190321566718871,0.004950495049504955,0.05256954266855263,0.024752475247524774,0.06469103131511311,0.004950495049504955,0.0233836747730074,0.007425742574257432,0.015106234125716766,0.0,0.008192524321556705,0.004950495049504955,-0.00016983265146786053,0.007425742574257432,0.0017933821031872466,0.0,0.0,-0.00990099009900991,-0.002732531317647835,-0.0024752475247524774,0.002645080176220338,-0.0012376237623761277,0.0033706711684994284,-0.004950495049504844,-0.0018782984289209548,-0.008663366336633671,-0.005591169716049782,-0.004950495049504844,-0.00853472444018577,0.004950495049504955,0.003414396739213288,-0.0024752475247524774,0.004693211256609597,-0.0024752475247524774,-0.0024752475247524774,-0.007425742574257321,-0.007425742574257321,-0.016089108910891103,-0.003288289658458954,-0.013613861386138515,-0.014125894156235663,-0.05940594059405935,-0.00820266358433075,-0.20915841584158412,0.00026298712820593817,-0.13366336633663367
6438_2019-12-24,6438,2019-12-24,2500000.0,68.0,82.3,69.8,-0.012150668286755817,0.03211078307711457,-0.03523693803159167,0.007480509214934372,-0.03888213851761846,-0.003884711857814027,0.012150668286755817,0.025532037303739985,-0.009720534629404587,-0.007147194433830717,0.0279465370595382,0.03103454529422689,0.024301336573511634,0.014007975791216154,0.03280680437424066,0.021998775552830585,0.014580801944106936,0.009434121552959196,0.0060753341433779084,0.008134006299837071,0.0,0.0,-0.021871202916160404,-0.022385870955275222,-0.021871202916160404,-0.023929875072619455,-0.051032806804374276,-0.05309147896083333,-0.052247873633049835,-0.06099723029800086,-0.08262454434993927,-0.08931522885843124,-0.05832320777642763,-0.05626453561996847,-0.04617253948967193,-0.051319219880819666,-0.057108140947752184,-0.062254821338899924,-0.06925880923450789,-0.06153878864778628,-0.10085054678007288,-0.09004251795866258,-0.12393681652490895,-0.10849677535146585,-0.15431348724179839,-0.08020128960927131,-0.1591737545565005,-0.11594163927085976,-0.48481166464155534,-0.2655630799786628,-0.17375455650060756
5278_2019-12-26,5278,2019-12-26,900000.0,106.0,131.5,143.0,0.05323193916349811,0.09842967927649238,-0.07604562737642584,-0.060637306883359554,-0.03802281368821292,-0.033400317540293156,-0.034220532319391594,-0.029084425488369536,0.06083650190114076,0.05261873097150538,0.07984790874524705,0.07111652713250938,0.057034220532319324,0.053952556433706,0.03802281368821303,0.04213169915303061,-0.019011406844106515,-0.01695696411169778,0.0076045627376426506,0.009145394786949201,0.0,0.0,-0.01520912547528519,-0.01520912547528519,-0.02281368821292773,-0.02949062709325645,-0.026615969581749055,-0.03123846572966904,0.019011406844106515,0.023120292308924095,0.03041825095057038,0.027336586851957057,0.0038022813688212143,0.0007206172702078906,-0.0076045627376425395,0.002154040241299282,0.0,0.012840267077555256,-0.019011406844106515,-0.0015486436186314956,-0.0038022813688213253,0.0003066040959962546,0.0,0.0005136106831021836,-0.02281368821292773,0.04652375400587039,0.03802281368821303,0.10273775975909127,-0.22053231939163498,-0.00019333634078766426,-0.19391634980988592
5324_2020-01-02,5324,2020-01-02,30000000.0,9.5,9.8,9.9,-0.008163265306122436,0.04598835924261402,0.012244897959183598,-0.0006483459809918379,0.011224489795918391,0.004004273189420093,0.006122448979591688,0.006122448979591688,0.012244897959183598,0.010181978928755608,0.012244897959183598,0.009666249171148555,0.013265306122448806,0.009139468061592826,0.013265306122448806,0.009139468061592826,0.012244897959183598,0.001414573049436374,0.010204081632652962,0.001436675753333727,0.0,0.0,-0.009183673469387754,-0.016403890075886052,-0.005102040816326592,-0.01232225742282489,-0.020408163265306256,-0.014735135931629118,-0.030612244897959218,-0.021844839018639872,-0.01836734693877562,-0.004958373240993241,-0.030612244897959218,-0.030612244897959218,-0.028571428571428692,-0.03218153687467784,-0.022448979591836782,-0.033279304501584006,-0.028571428571428692,-0.04559051057246011,-0.030612244897959218,-0.03731673174685024,-0.03469387755102038,-0.03830398585426953,-0.03571428571428581,0.02565755544094883,-0.056122448979591955,0.014532527812569085,-0.21020408163265314,-0.027635747439770153,-0.030612244897959218
6472_2020-01-15,6472,2020-01-15,2200000.0,120.0,149.0,160.0,0.016778523489932917,0.021342418013259423,-0.043624161073825496,-0.026889881154961492,-0.02684563758389258,-0.01721074914575882,-0.02684563758389258,-0.01721074914575882,-0.03355704697986572,-0.011244673754713719,-0.043624161073825496,-0.018269191499789006,-0.06040268456375841,-0.030483820466395417,-0.057046979865771785,-0.04031269994690778,-0.020134228187919434,-0.0069496440094204415,0.006711409395973256,0.012796602093742004,0.0,0.0,-0.016778523489932917,-0.006636535660318299,-0.023489932885906062,-0.01030534870740707,0.006711409395973256,0.019895993574472248,0.02684563758389258,0.03597342663054559,-0.043624161073825496,0.02179166042718861,0.003355704697986628,0.09108389942415285,-0.016778523489932917,0.08007746028288654,0.006711409395973256,0.08784731203289009,0.020134228187919545,0.09873463386743275,0.04026845637583887,0.10416297970241084,0.01342281879194629,0.08847352873109426,0.09395973154362425,0.16850334209129159,0.0,0.1293103448275862,-0.03355704697986572,0.14899873395319718,-0.19463087248322153
3483_2020-02-11,3483,2020-02-11,4000000.0,40.0,55.8,67.9,0.24731182795698925,0.1742349048800662,0.21684587813620082,0.1476151089054316,0.21684587813620082,0.14321950450982723,0.09677419354838723,0.08413683091102464,0.04480286738351258,0.056341328921974076,0.0035842293906811484,0.025012800819252612,0.053763440860215006,0.0581590452558195,-0.0035842293906809264,-0.0019358777423291729,0.051971326164874654,0.03768561187916042,0.0017921146953405742,-0.0004056875024616158,0.0,0.0,0.007168458781362075,-0.0010732994603961377,0.017921146953405076,-0.00021072117846321348,0.03046594982078865,0.010685730040568941,0.05017921146953408,0.028750640040962727,0.021505376344086002,0.0072196620583717674,0.02508960573476715,0.024540155185316603,0.01971326164874565,0.007625349560833605,0.007168458781362075,-0.0005238489109455902,-0.008960573476702538,-0.011707826223955276,-0.005376344086021501,0.004513765804088465,-0.005376344086021501,0.001766513056835728,-0.20250896057347667,-0.13987159793611403,-0.2939068100358423,-0.13841230454133668,0.17562724014336917,0.24101185552798454,-0.2831541218637993
8086_2020-02-12,8086,2020-02-12,10000000.0,75.0,99.7,103.5,0.0030090270812437314,-0.047672171828837984,-0.028084252758274753,-0.09293438899805673,-0.12437311935807427,-0.1287327923825975,-0.08525576730190576,-0.06563723869155158,-0.0481444332998997,-0.018716640384368377,-0.033099297893681046,-0.020565237948176884,-0.01905717151454367,-0.009247907209366524,0.008024072216650024,0.002029521807930701,-0.027081243731193583,-0.02108669332247426,-0.04312938816449341,-0.034955001243512474,0.0,0.0,0.013039117352056095,0.003229853046878839,0.0030090270812437314,-0.008435114608129624,0.0020060180541625616,-0.011073001019406892,-0.025075225677031132,-0.031069776085750456,-0.032096288866599876,-0.024466861073684343,-0.02006018054162484,-0.02387489443808255,-0.02106318956870623,-0.020518230440640828,-0.01905717151454367,-0.013607580233889749,-0.04714142427281853,-0.02915777304666045,-0.01905717151454367,-0.0037983159287124924,-0.03711133400200606,-0.012043214110997957,-0.12036108324974926,-0.015728930661193408,-0.2407221664994985,-0.08213906023246853,-0.06318956870611836,0.020734137015952503,-0.24774322968906726
6023_2020-02-13,6023,2020-02-13,17700000.0,48.0,55.8,55.2,-0.008960573476702538,-0.04619748659057177,-0.026881720430107503,-0.02148506635563363,-0.014336917562723928,0.014805014439434716,-0.014336917562723928,0.02451899177348771,-0.007168458781361964,0.014957822923980846,-0.007168458781361964,0.01225949588674391,-0.005376344086021501,-0.0015986862338897012,-0.0035842293906809264,0.012066067425293148,0.0,0.01780895844576369,-0.0017921146953403522,0.00792186263871264,0.0,0.0,-0.007168458781361964,-0.008787455003704037,-0.007168458781361964,-0.010406451226046332,-0.007168458781361964,-0.0033908009292301644,-0.007168458781361964,0.010100834256954405,-0.01075268817204289,-0.004816368690121586,-0.012544802867383464,-0.0022911601258831515,-0.017921146953404965,-0.0028105155448782115,-0.026881720430107503,0.0006412153497091788,-0.03046594982078843,-0.005641341078208684,-0.03405017921146947,0.0004884068651630491,-0.043010752688172005,0.00016247990761864006,-0.12007168458781359,0.005670355347426659,-0.10394265232974909,0.06928994346086081,-0.019713261648745428,0.07041086139496755,-0.13978494623655913
4563_2020-03-02,4563,2020-03-02,10000000.0,40.0,46.7,45.6,0.027837259100642386,0.013172848497145617,0.051391862955032064,0.0028865048050039643,0.0813704496788008,0.04019729683052109,0.07922912205567445,0.052156364018449475,0.07922912205567445,0.04031203237716352,0.07066381156316903,0.03625884822419567,0.05995717344753748,0.03062835224054372,0.03426124197002123,0.017904783989197925,0.013918629550321082,-0.005257907392713257,0.007494646680942019,-0.001529605998132899,0.0,0.0,-0.05353319057815842,-0.03886877997466143,-0.024625267665952966,-0.024061251873510603,-0.014989293361884481,-0.021193467078748585,-0.0064239828693790635,-0.02390847243508687,-0.017130620985010836,-0.013746526230357548,-0.039614561027837336,-0.00802967665107468,-0.04175588865096369,-0.015247146406180745,-0.028907922912205564,0.008881135181421196,-0.10706638115631695,-0.033744328138832436,-0.11991434689507496,-0.033619930651420105,-0.15203426124197006,-0.024002676357593233,-0.28800856531049257,-0.14362052244529222,-0.2558886509635975,-0.1718502978897114,-0.23447537473233404,-0.18032985865788387,-0.14346895074946475
6220_2020-03-04,6220,2020-03-04,10000000.0,18.0,22.25,24.45,0.0,-0.02257336343115135,0.020224719101123556,-0.007427651102036803,0.024719101123595433,-0.014784284880919207,0.07191011235955069,0.036921399041266234,0.07191011235955069,0.04200040581327524,0.04269662921348316,0.02576660664011965,0.026966292134831482,0.007214599132574051,0.020224719101123556,0.010631039642884144,0.006741573033707704,0.006177238947928876,-0.004494382022471988,0.009613970121997495,0.0,0.0,-0.008988764044943753,-0.015760773074289247,-0.011235955056179803,-0.02929464580110097,-0.022471910112359605,-0.019650239683465687,-0.051685393258426915,-0.02064701854059392,-0.08539325842696621,-0.05943389048114234,-0.09662921348314601,-0.059383163821746465,-0.15955056179775284,-0.08675146473229023,-0.2247191011235955,-0.13894032008522084,-0.24943820224719104,-0.12189869886118654,-0.3033707865168539,-0.14817891292768914,-0.2876404494382022,-0.1093108783321074,-0.29438202247191014,-0.1510411646840999,-0.20449438202247194,-0.14411063484414244,-0.07640449438202246,-0.03464377203439284,-0.1910112359550562
4173_2020-04-16,4173,2020-04-16,30000000.0,15.0,20.65,20.0,-0.16464891041162222,-0.08644693996827235,-0.15012106537530256,-0.08792894714870159,-0.12832929782082314,-0.06305836186023206,-0.04116222760290544,0.0099461467813311,-0.05084745762711851,-0.01759622610002487,-0.0532687651331718,-0.03356433163563477,-0.04116222760290544,-0.017147449277782223,-0.03874092009685215,-0.015341905318526972,-0.0556900726392251,-0.026133422392919603,-0.04358353510895874,-0.040504717374968635,0.0,0.0,-0.0556900726392251,-0.050763964264840755,-0.07990314769975781,-0.1051494531184769,-0.07021791767554475,-0.09238540536027384,-0.09927360774818383,-0.09188444518660732,-0.09443099273607747,-0.08704183017450096,-0.10411622276029053,-0.10042164147950239,-0.07990314769975781,-0.07620856641896967,-0.06779661016949146,-0.08442222593303816,-0.07021791767554475,-0.08684353343909146,-0.07990314769975781,-0.11069132503965928,-0.07990314769975781,-0.13285881272438838,-0.10169491525423724,-0.1343303832345326,-0.01210653753026636,-0.052131168072138245,0.18401937046004857,-0.006251565500542622,-0.27360774818401934
6208_2020-04-17,6208,2020-04-17,5000000.0,20.0,24.35,27.3,-0.12525667351129366,-0.026246772521194672,-0.07597535934291588,-0.015331794986480296,-0.07597535934291588,-0.029564468253806986,-0.03901437371663252,-0.010549027181979143,0.012320328542094305,0.02717181369060917,0.01642710472279263,0.035610273039624274,0.006160164271047153,0.024724520706690734,-0.006160164271047264,0.01859231097647751,-0.002053388090349051,-0.0039098237339134645,0.002053388090349051,-0.002897106959155904,0.0,0.0,0.004106776180698102,-0.02621500599751969,0.010266940451745477,-0.016960782320531775,-0.01848049281314179,-0.016005245288389314,-0.024640657084188944,-0.022165409559436466,-0.024640657084188944,-0.025878280846565294,-0.024640657084188944,-0.025878280846565294,-0.006160164271047264,-0.027818580112631497,-0.004106776180698213,-0.025765192022282446,-0.002053388090349051,-0.037944477199260085,0.006160164271047153,-0.052008152560635956,-0.002053388090349051,-0.029281110862626303,0.03490759753593431,0.005823439120092644,0.0657084188911703,0.014965844633744396,0.47843942505133463,0.2773255636651961,-0.17864476386036965
6589_2020-04-22,6589,2020-04-22,35000000.0,29.0,35.4,36.05,-0.27966101694915246,-0.15807292761912772,-0.1610169491525424,-0.14861000126172352,-0.16666666666666663,-0.14991728701406126,-0.08333333333333326,-0.06720430107526876,0.0028248587570622874,0.02515736496053622,-0.025423728813559254,-0.029766160575345868,-0.06497175141242928,-0.07241592014692078,-0.0847457627118644,-0.08722715229002831,-0.07909604519774005,-0.11197445710841003,-0.024011299435028333,-0.05378797437299365,0.0,0.0,-0.01836158192090387,-0.01836158192090387,0.07909604519774027,0.07537396083049441,0.18644067796610164,0.18271859359885578,0.30508474576271194,0.2808911973756152,0.32485875706214684,0.3006652086750501,0.31779661016949157,0.279335071707953,0.307909604519774,0.2471155598547614,0.4378531073446328,0.40807643240666747,0.57909604519774,0.5443565911034471,0.4265536723163843,0.39057352343300944,0.4689265536723164,0.42860397302715514,0.57909604519774,0.5307089484235463,0.5847457627118644,0.49789712747613235,0.4378531073446328,0.2337588145406626,-0.1807909604519774
4152_2020-06-10,4152,2020-06-10,10000000.0,68.0,71.9,70.8,-0.012517385257301838,0.04663440045698386,-0.01947148817802513,0.03912226182197487,-0.03198887343532697,0.032185233707530125,-0.016689847009735748,0.040787831561692744,0.011126564673157091,0.06358192181601408,0.018080667593880273,0.06607173902245167,0.006954102920723182,0.03820410292072318,-0.004172461752434131,0.018148966818994472,-0.004172461752434131,0.009778431104708774,0.0,0.0011160714285713969,0.0,0.0,-0.018080667593880495,-0.0275672747367377,-0.012517385257301838,-0.006378992400159045,-0.015299026425591222,-0.00023206213987703173,0.015299026425591,0.044316883568448096,0.011126564673157091,0.01893906467315698,0.11126564673157158,0.11796207530300007,0.22114047287899852,0.2289529728789984,0.23504867872044488,0.24341921443473058,0.35744089012517377,0.36357928298231657,0.3838664812239221,0.3855405883667792,0.4186369958275382,0.4141727101132524,0.39777468706536845,0.34141307992251124,0.18636995827538239,0.08703960113252518,-0.041724617524339314,-0.1862558675243393,-0.05424200278164126
3512_2020-06-16,3512,2020-06-16,13000000.0,24.0,29.6,28.6,-0.020270270270270285,0.015361913637775615,-0.03209459459459474,-0.012554364709537191,-0.023648648648648796,-0.02134979807393611,-0.011824324324324342,-0.018720876048462287,-0.015202702702702853,-0.030719944082013173,-0.013513513513513598,-0.042249145697421664,-0.013513513513513598,-0.04339857098477795,-0.006756756756756799,-0.04641192917055004,-0.01858108108108114,-0.04214429947188569,-0.020270270270270285,-0.03463808636222432,0.0,0.0,-0.006756756756756799,-0.02859583721652692,-0.011824324324324342,-0.03481283007145075,-0.016891891891891886,-0.03873097235166201,-0.015202702702702853,-0.03646707051879483,-0.02533783783783783,-0.04890105622864238,-0.027027027027027084,-0.05518794656725701,-0.03716216216216217,-0.0716449207828519,0.05067567567567566,0.026537744641192962,0.09290540540540548,0.059572072072072046,0.07094594594594583,0.030716060888474672,0.03378378378378377,-0.017940354147250703,-0.0591216216216216,-0.16371932277104684,-0.10641891891891897,-0.3023959304131719,-0.06756756756756754,-0.2537744641192916,-0.18918918918918926
5227_2020-07-14,5227,2020-07-14,30000000.0,11.6,17.45,10.4,-0.42693409742120336,-0.3457263931005371,-0.045845272206303744,0.018183879277298476,-0.07449856733524363,-0.016716162337846452,-0.0372492836676217,0.010121877186100248,-0.0630372492836675,-0.026597894780804432,-0.05730659025787965,-0.03752522638489697,0.03438395415472795,0.050521382577424445,-0.03151862464183386,-0.02214850491252629,-0.07449856733524363,-0.06825182084903858,-0.05730659025787965,-0.04273084845673447,0.0,0.0,-0.05157593123209159,-0.057822677718296855,-0.05157593123209159,-0.06198717537576681,-0.054441260744985676,-0.05496182295216945,-0.05730659025787965,-0.0692795210231062,-0.08309455587392545,-0.09350580001760067,-0.08595988538681953,-0.1135496823675588,-0.07163323782234954,-0.10182584583900767,-0.034383954154727725,-0.06353543775701809,-0.10315186246418329,-0.12865941061618746,-0.18911174785100282,-0.2645932678926478,-0.22636103151862463,-0.30496592480337203,-0.3094555873925501,-0.4005539736497078,-0.30085959885386826,-0.3825878653817185,-0.19484240687679077,-0.3005165349350939,-0.335243553008596
6222_2020-07-14,6222,2020-07-14,6000000.0,10.0,12.95,12.65,-0.06177606177606165,0.01943164254460461,0.030888030888030826,0.09491718237163305,0.030888030888030826,0.088670435885428,0.02316602316602312,0.07053718401974507,0.02316602316602312,0.059605377668886184,0.01158301158301156,0.03136437545599424,0.0,0.016137428422696498,-0.0038610038610037423,0.005509115868303827,0.0,0.006246746486205046,0.0038610038610038533,0.018436745662149034,0.0,0.0,0.0347490347490349,0.028502288262829634,0.1351351351351351,0.12472389099145986,0.13899613899613916,0.1384755767889554,0.08108108108108114,0.0691081503158546,0.01158301158301156,0.0011717674393363353,0.11196911196911197,0.0843793149883727,0.2200772200772203,0.18988461206056217,0.33204633204633205,0.3028948484440417,0.2625482625482627,0.2370407143962585,0.15444015444015435,0.07895863439850936,0.050193050193050315,-0.028411843091697087,0.030888030888030826,-0.06021035536912689,0.05405405405405417,-0.02767421247379609,0.23938223938223957,0.13370811132393645,-0.2277992277992278
6596_2020-07-14,6596,2020-07-14,2170000.0,45.0,49.65,58.8,0.13595166163142003,0.2171593659520863,0.06948640483383683,0.13351555631743905,0.06747230614300115,0.12525471114039832,0.07955689828801615,0.1269280591417381,0.09164149043303138,0.12808084493589444,0.08157099697885206,0.10135236085183474,0.061430010070493646,0.07756743849319014,0.0392749244712991,0.04864504420060667,0.017119838872104776,0.02336658535830982,0.011077542799597273,0.025653284600742454,0.0,0.0,0.006042296072507725,-0.00020445041369754335,0.029204431017120003,0.018793186873444778,0.015105740181268867,0.014585177974085095,0.011077542799597273,-0.0008953879656292685,-0.001007049345417843,-0.011418293489093068,-0.001007049345417843,-0.02859684632615711,0.002014098690835908,-0.02817850932582222,-0.0030211480362537513,-0.032172631638544114,-0.017119838872104776,-0.042627387024108954,-0.0050352467270896595,-0.08051676676873465,-0.01611278952668671,-0.09471768281143411,0.001007049345417954,-0.09009133691173976,-0.028197381671701938,-0.1099256481995522,-0.08559919436052366,-0.19127332241882677,-0.09365558912386707
6446_2020-07-17,6446,2020-07-17,22000000.0,102.0,132.0,107.5,-0.10984848484848486,-0.0359671112792862,-0.10984848484848486,-0.07290779806388548,-0.022727272727272707,-0.002435909563901384,0.07196969696969702,0.08861902059092486,0.04924242424242431,0.0591279601425283,0.045454545454545414,0.05221833317566915,0.06818181818181812,0.08327026771355572,0.026515151515151603,0.02703544287831494,0.0,-0.005723204994797282,0.007575757575757569,-0.002309778324346423,0.0,0.0,-0.08333333333333337,-0.09477974332292771,-0.0757575757575758,-0.0856431116576798,-0.0757575757575758,-0.1028127266420712,-0.0757575757575758,-0.105414183457888,-0.0757575757575758,-0.10437360073156132,-0.11742424242424243,-0.14239822785608425,-0.16287878787878785,-0.2378007441743133,-0.15530303030303028,-0.23334673477753598,-0.13636363636363635,-0.2034812222117114,-0.12121212121212122,-0.2039384479550973,-0.12121212121212122,-0.2013369911392805,-0.18939393939393945,-0.2768028884053859,-0.11742424242424243,-0.19442736417242146,-0.20454545454545459,-0.3148472235360895,-0.2272727272727273
6186_2020-07-24,6186,2020-07-24,30000000.0,24.5,31.55,30.9,-0.01426307448494446,0.07526651580337107,0.08082408874801894,0.12331270786789739,0.05546751188589538,0.08379325796581438,0.05229793977813002,0.0745538831266378,0.060221870047543646,0.07843127824177731,0.07765451664025358,0.10547444582588839,0.09033280507131525,0.107024762582696,-0.05229793977813002,-0.03408853158389635,-0.04912836767036455,-0.04761091698751185,-0.03803486529318545,-0.03904649908175406,0.0,0.0,-0.058637083993660855,-0.05509636573367105,-0.11727416798732171,-0.16229187157862168,-0.15213946117274169,-0.20019206612974727,-0.11727416798732171,-0.15470461816435765,-0.09984152139461178,-0.15244647840017578,-0.10301109350237714,-0.15308696603651972,-0.11885895404120439,-0.1507254183811133,-0.11727416798732171,-0.16229187157862168,-0.11885895404120439,-0.1739929955181898,-0.12519809825673534,-0.1914601114079748,-0.1283676703645008,-0.18704243010147603,-0.13470681458003164,-0.174666349228489,-0.12202852614896997,-0.15945897632600592,-0.12202852614896997,-0.19385452513733625,-0.22345483359746432
3217_2020-08-06,3217,2020-08-06,8000000.0,92.0,122.0,112.5,-0.07377049180327866,0.011080898417239027,0.04508196721311486,0.09733508322462014,-0.004098360655737654,0.05151046005375415,0.016393442622950838,0.02598117033148395,-0.040983606557377095,-0.03427219716140395,-0.024590163934426257,-0.00781164044449334,-0.024590163934426257,-0.02219323200729295,0.020491803278688492,0.025285667132954992,-0.008196721311475419,0.01385505241815066,-0.02868852459016391,-0.0191007968816308,0.0,0.0,-0.02868852459016391,-0.039235025069550455,-0.02868852459016391,-0.03204422928815054,-0.02868852459016391,-0.04115257061125688,-0.061475409836065587,-0.0662692736903322,-0.069672131147541,-0.059605017053581344,-0.08196721311475408,-0.08148782672932742,0.008196721311475308,0.006279175769768663,0.012295081967213184,-0.0001689640538797832,-0.016393442622950838,-0.023104852018924094,-0.024590163934426257,-0.024110777548999596,-0.10245901639344257,-0.0669844238718702,-0.03688524590163933,-0.02729751819310622,-0.08196721311475408,-0.09251371359414062,-0.1311475409836066,-0.13402385929616656,-0.24590163934426235
6492_2020-08-21,6492,2020-08-21,15000000.0,120.0,142.0,161.5,-0.021126760563380254,-0.00025200907232658665,0.21126760563380276,0.17100915632962765,0.2640845070422535,0.2143827177778399,0.14084507042253525,0.09909556744042791,0.15140845070422526,0.125066502394086,0.04225352112676051,0.005971214963738536,0.052816901408450745,0.014049505782208094,0.021126760563380254,-0.028575028701033345,0.05633802816901401,0.012600453616329998,0.09859154929577474,0.06230924313275277,0.0,0.0,0.04225352112676051,0.020384733850418613,0.028169014084507005,0.0033181194523002056,0.052816901408450745,0.02001372049393768,0.04929577464788726,0.012516450592221284,0.15140845070422526,0.11214403718533861,0.2640845070422535,0.23525746926889357,0.21478873239436624,0.20286030297090707,0.27112676056338025,0.24379077646795277,0.22535211267605626,0.2014952538291377,0.34507042253521125,0.318231456332428,0.47887323943661975,0.45948954162349853,0.8345070422535212,0.7877873603449725,0.823943661971831,0.787661355808809,0.5669014084507042,0.4302214879735671,-0.15492957746478875
6411_2020-08-24,6411,2020-08-24,10000000.0,72.0,84.3,99.5,0.05693950177935947,0.0520756885497875,0.07710557532621598,0.049868221240612964,0.06287069988137595,0.04341544696308808,0.05100830367734277,0.046630871770728,0.04151838671411623,0.027413328348357524,0.054567022538552834,0.038030057558008146,0.03795966785290639,0.01072231376730337,0.017793594306049876,-0.0036071839040667797,-0.00474495848161316,-0.018850016847371864,-0.043890865954922975,-0.02249008774480621,0.0,0.0,0.0,-0.0029182879377431803,0.0,-0.01070038910505855,-0.00474495848161316,-0.01933639817032906,-0.016607354685646447,-0.03363070098914833,-0.018979833926453082,-0.025789172447853836,-0.03084223013048626,-0.021114603671342325,-0.03202846975088969,-0.03737866430341885,-0.018979833926453082,-0.02092535921828187,-0.01542111506524313,-0.020284928294815097,-0.022538552787663035,-0.020106646172877052,-0.042704626334519546,-0.038813575750862084,-0.027283511269276306,-0.04333409492686402,-0.03202846975088969,-0.051483722669177556,0.08422301304863589,-0.026185547262648212,-0.14590747330960852
6547_2020-09-24,6547,2020-09-24,24000000.0,80.0,102.5,90.0,0.014634146341463428,-0.0009073786706783604,-0.024390243902439046,-0.026818607185586263,-0.0536585365853659,-0.05657257252514247,-0.0536585365853659,-0.06920006159750769,-0.034146341463414664,-0.053573247728591955,-0.009756097560975618,-0.0447245288382947,-0.019512195121951237,-0.043310155296793384,0.004878048780487809,-0.017948566081095407,0.0,-0.014570179698882857,-0.004878048780487809,-0.006335066750376095,0.0,0.0,-0.029268292682926855,-0.004984659851455242,-0.07317073170731703,-0.050829789502363165,-0.05853658536585371,-0.05222284082967099,-0.08585365853658533,-0.08196827728354983,-0.03609756097560979,-0.03658323363223914,-0.03804878048780491,-0.03902012580106362,-0.03707317073170724,-0.049700659804072456,-0.04682926829268286,-0.06479915658797186,-0.06243902439024396,-0.09400774707115711,-0.09170731707317081,-0.1315324749167841,-0.12780487804878038,-0.16811570854902302,-0.18243902439024395,-0.20720832987834503,-0.1424390243902438,-0.18274985489048645,-0.039999999999999925,-0.18618746964545896,-0.2195121951219512
6667_2020-10-07,6667,2020-10-07,4200000.0,47.0,58.8,62.1,0.003401360544217802,0.02114716390153193,0.0,-0.0019184652278176895,-0.010204081632652962,0.0008270934272991415,-0.005102040816326481,0.007367983164488834,-0.00170068027210879,0.03475015905642831,-0.018707482993197133,0.015824891107522276,0.013605442176870763,0.032310478148093846,0.003401360544217802,0.019708314980668717,0.008503401360544283,0.02049380903440523,0.0,0.01151079136690647,0.0,0.0,-0.015306122448979553,-0.020581901825478366,0.008503401360544283,-0.0102016346106788,-0.005102040816326481,-0.0319605540057748,-0.023809523809523836,-0.05114765330592663,-0.020408163265306034,-0.04390936230607345,-0.018707482993197133,-0.03261635589487588,-0.028911564625850317,-0.038503890764938986,-0.028911564625850317,-0.05145353105270878,-0.04761904761904756,-0.06440561836245273,-0.04421768707482987,-0.060524641511280786,-0.04761904761904756,-0.06536485097636169,0.011904761904761862,-0.005361425145597787,0.1360544217687074,0.04109039299172901,0.1411564625850339,-0.031505407918563266,-0.20068027210884354
6023_2020-10-12,6023,2020-10-12,40000000.0,45.5,54.1,55.3,-0.007393715341959317,0.029329448499848643,-0.012939001848428888,0.017663634686411078,-0.02402957486136792,0.030113551315656517,-0.025878003696857665,0.026381883308791987,-0.025878003696857665,0.010845160144950294,-0.020332717190388205,0.01403639768720133,-0.020332717190388205,0.00979910955160801,-0.025878003696857665,0.003783013252294909,-0.020332717190388205,-0.0019711352694842255,-0.014787430683918745,-0.0016047564842953665,0.0,0.0,-0.007393715341959317,-0.015397481820302095,-0.009242144177449174,-0.017716720448635592,-0.01663585951940849,-0.02134395744784534,-0.02402957486136792,-0.01932147693293096,-0.022181146025878062,-0.013235759961847893,-0.02957486136783738,-0.033341339710586726,-0.038817005545286554,-0.03693376637391177,-0.03142329020332724,-0.029069241239108812,-0.03512014787430684,-0.034178528288619336,-0.027726432532347522,-0.02678481294666002,-0.025878003696857665,-0.024936384111170162,-0.06839186691312393,-0.08628263904118405,-0.049907578558225585,-0.1370073902343084,-0.038817005545286554,-0.2120750093117647,-0.1589648798521257
3171_2020-10-21,3171,2020-10-21,7500000.0,20.0,25.7,21.9,-0.14396887159533067,-0.13736509801042496,-0.13618677042801552,-0.1196773364657514,-0.08171206225680927,-0.07039130753982814,-0.06225680933852129,-0.06414360179135159,-0.06614785992217898,-0.07605352029953738,-0.06809338521400776,-0.07847074370457374,-0.035019455252918275,-0.04162322883782388,-0.0077821011673151474,-0.004951912488069921,0.015564202334630517,0.022639674032743695,0.0,-0.005660377358490454,0.0,0.0,-0.06614785992217898,-0.0656761618089714,-0.0933852140077821,-0.09432861023419725,-0.09727626459143968,-0.09821966081785483,-0.11284046692606997,-0.11378386315248512,-0.08754863813229574,-0.08283165700022022,-0.08365758754863806,-0.07422362528448712,-0.08365758754863806,-0.06337456868071345,-0.07782101167315181,-0.049519124880698984,-0.07782101167315181,-0.05329270978635936,-0.07782101167315181,-0.06461346450334038,-0.08949416342412453,-0.09090925776374725,-0.14591439688715957,-0.2246879817928199,-0.16536964980544744,-0.2540488950884664,-0.08365758754863806,-0.3482802290580722,-0.22178988326848248
4121_2020-10-26,4121,2020-10-26,6000000.0,15.6,17.65,18.85,0.019830028328611915,0.04951900099590689,0.011331444759206999,0.0023776276055782475,0.0056657223796034994,-0.0037593483084266133,0.022662889518413776,0.017007847105595664,0.011331444759206999,0.015101473034419,0.011331444759206999,0.019342754844032584,0.0,-0.004712535344015167,0.014164305949008416,0.01510681301781136,0.0056657223796034994,0.0070794829828079164,-0.014164305949008527,-0.014164305949008527,0.0,0.0,-0.022662889518413554,-0.022662889518413554,-0.014164305949008527,-0.008509263536190526,-0.03399433427762033,-0.023626756520787162,-0.04249291784702547,-0.02128650879895766,-0.053824362606232246,-0.02460664347333885,-0.045325779036826996,-0.019878088179145714,-0.045325779036826996,-0.031188173004781716,-0.050991501416430496,-0.05146275495083208,-0.022662889518413554,-0.02219163598401208,-0.03682719546742197,-0.04248223788024008,0.059490084985835745,0.04063994360977552,0.10198300283286121,0.013858591899779116,0.08498583569405094,-0.030942533768720137,0.10198300283286121,-0.19820549858089942,-0.11614730878186963
6629_2020-10-26,6629,2020-10-26,2000000.0,52.0,66.1,59.7,-0.1180030257186081,-0.08831405305131312,-0.03177004538577899,-0.04072386253940774,0.00605143721633894,-0.003373633471691173,0.010590015128593144,0.004934972715775032,-0.015128593040847238,-0.011358564765635237,-0.02571860816944005,-0.017707298084614465,-0.0226928895612708,-0.02740542490528597,-0.016641452344931862,-0.015698945276128917,-0.0075642965204235635,-0.0061505359172191465,-0.0075642965204235635,-0.0075642965204235635,0.0,0.0,-0.009077155824508187,-0.009077155824508187,-0.016641452344931862,-0.01098640993211386,-0.013615733736762392,-0.0032481559799292237,-0.013615733736762392,0.007590675311305417,-0.0060514372163387176,0.023166281916554676,0.001512859304084957,0.02696055016176624,0.010590015128593144,0.024727621160638424,0.02571860816944027,0.025247354635038688,0.09833585476550688,0.09880710829990835,0.08925869894099847,0.08360365652818036,0.11346444780635401,0.09461430643029378,0.08018154311649028,-0.007942867816591814,0.06202723146747369,-0.05390113799529739,-0.0408472012102874,-0.34103570262404803,-0.2133131618759455
5351_2020-10-27,5351,2020-10-27,50000000.0,14.6,18.95,9.8,-0.5034300791556727,-0.45017842976830236,-0.10026385224274403,-0.10968892293077415,-0.06860158311345654,-0.07425662552627466,-0.07387862796833766,-0.07010859969312566,-0.08443271767810012,-0.07642140759327454,0.005277044854881341,0.0005645095108661735,0.0474934036939314,0.04843591076273435,0.0026385224274407815,0.0040522830306451985,-0.03166226912928749,-0.03166226912928749,-0.0026385224274406704,-0.0026385224274406704,0.0,0.0,-0.06596306068601587,-0.06030801827319787,-0.06860158311345654,-0.058234005356623375,-0.0949868073878628,-0.073780398339795,-0.1187335092348285,-0.08951579010193511,-0.13720316622691286,-0.11175547536923158,-0.12137203166226918,-0.1072344256302239,-0.08970976253298146,-0.09018101606738305,-0.10026385224274403,-0.09979259870834256,-0.07124010554089699,-0.0768951479537151,-0.079155672823219,-0.09800581419927923,-0.11609498680738783,-0.12552005749541795,-0.02638522427440637,-0.10932584632907194,0.3350923482849606,0.20361261218693993,0.10817941952506605,-0.19436534956070206,-0.2295514511873351
1593_2020-11-05,1593,2020-11-05,2000000.0,50.0,61.3,59.3,-0.037520391517128826,-0.024802539421038272,0.0032626427406199365,0.0037336742997344796,-0.006525285481239762,-0.006054253922125219,-0.029363784665579096,-0.028892753106464553,-0.027732463295269127,-0.021609053026781067,-0.013050570962479524,-0.0022168451028469205,-0.014681892332789492,0.006985559386475826,-0.01631321370309946,0.013361774521111647,-0.022838499184339334,0.003068236566955984,-0.019575856443719397,-0.004973878111171004,0.0,0.0,-0.014681892332789492,-0.013739829214560517,-0.004893964110929794,-0.01007531126118888,-0.009787928221859588,-0.028158159027323437,-0.004893964110929794,-0.013843563734104336,-0.009787928221859588,-0.03428156929581139,-0.021207177814029365,-0.04617185044709571,-0.022838499184339334,-0.0520424558494359,-0.019575856443719397,-0.08222305380594253,-0.027732463295269127,-0.09791616560332361,-0.009787928221859588,-0.08703710391663111,-0.027732463295269127,-0.10309751275358292,-0.03588907014681886,-0.12302990858299401,-0.047308319738988525,-0.1645951779584891,1.2512234910277327,1.0434985734582556,-0.18433931484502442
3541_2020-11-27,3541,2020-11-27,5000000.0,45.0,60.6,59.2,-0.01980198019801982,0.08337607813894143,-0.00990099009900991,0.038858261098203783,-0.0066006600660065695,0.01124870867583061,-0.01320132013201325,-0.0023175587040638046,-0.00990099009900991,-0.005547485527830132,-0.00990099009900991,-0.003806083699358309,0.0066006600660066805,0.014001617837012259,0.01650165016501659,0.011277444679600679,0.0016501650165017256,0.001214814559383548,0.004950495049504955,0.012786803277628489,0.0,0.0,-0.0066006600660065695,-0.004859258237534747,-0.0066006600660065695,0.006895204104650832,-0.01320132013201325,-0.008412465103715516,-0.01320132013201325,-0.017990175160311206,-0.018151815181518205,-0.02294067020981616,-0.024752475247524774,-0.04608464764630571,-0.0363036303630363,-0.06721351281841292,-0.034653465346534684,-0.07992991288680473,-0.03300330033003296,-0.07827974787030301,-0.037953795379538025,-0.07060507966338647,-0.044554455445544594,-0.07851179110074713,-0.08415841584158423,-0.11985715332525859,-0.08745874587458757,-0.23939605540876274,-0.11716171617161719,-0.2730171798198542,-0.25742574257425743
6576_2020-11-27,6576,2020-11-27,15000000.0,88.0,103.0,85.5,-0.22330097087378642,-0.12012291253682517,-0.14174757281553396,-0.09298832161832027,-0.06990291262135928,-0.0520535438795221,-0.014563106796116498,-0.003679345368167053,0.08252427184466016,0.08687777641583994,0.014563106796116498,0.0206580131957681,-0.029126213592232997,-0.02172525582122742,0.029126213592232997,0.023902008106817085,-0.004854368932038833,-0.0052897193891570105,-0.01941747572815533,-0.011581167500031797,0.0,0.0,-0.024271844660194164,-0.02253044283172234,-0.01941747572815533,-0.00592161155749793,-0.014563106796116498,-0.009774251767818765,0.014563106796116498,0.009774251767818543,-0.05048543689320395,-0.055274291921501906,-0.08737864077669899,-0.10871081317547993,-0.11456310679611648,-0.1454729892514931,-0.10873786407766994,-0.15401431161794,-0.12135922330097082,-0.16663567084124087,-0.11262135922330097,-0.1452726435071494,-0.12135922330097082,-0.15531655895617336,-0.13786407766990294,-0.1735628151535773,-0.17281553398058247,-0.32475284351475764,-0.057281553398058294,-0.21313701704629529,-0.1456310679611651
5209_2020-12-01,5209,2020-12-01,3500000.0,62.46,68.5,66.9,0.01897810218978102,0.09576539256930439,0.01897810218978102,0.01633026459048703,0.01751824817518255,0.008250816577653808,0.007299270072992803,-0.0002029364583400195,0.013138686131386912,0.006960398399701084,0.008759124087591053,-0.010217045374015354,0.007299270072992803,-0.006822530456574771,-0.0014598540145984717,-0.007196835479735375,-0.0014598540145984717,-0.0151403482776169,0.0,-0.011915269196822731,0.0,0.0,0.0,-0.008826125330979595,-0.0014598540145984717,-0.019994717209655954,-0.004379562043795526,-0.02291442523885301,-0.008759124087591164,-0.04406362541150999,-0.021897810218978075,-0.06691104940697457,-0.02481751824817524,-0.08439386423228823,-0.010218978102189857,-0.06979532408630285,-0.007299270072992692,-0.0540777343271851,-0.01751824817518255,-0.06562063122902195,-0.02481751824817524,-0.06850683863652474,-0.03211678832116793,-0.06521475831234191,-0.026277372262773713,-0.0845297994472397,-0.026277372262773713,-0.22045212954432725,-0.03649635036496346,-0.20022097525463678,-0.08817518248175182
3325_2020-12-03,3325,2020-12-03,10000000.0,25.0,29.15,27.35,-0.09433962264150941,-0.013317092312219891,-0.046312178387650005,-0.03548028930619418,-0.0806174957118353,-0.06848577994060479,-0.0634648370497426,-0.06389811261300071,-0.07032590051457965,-0.06599314488199737,-0.030874785591766707,-0.018309794257277967,-0.015437392795883298,-0.010671361600042673,-0.02401372212692965,-0.01751458867805622,-0.04288164665523153,-0.02468407299838571,-0.0017152658662091813,0.007816796525471958,0.0,0.0,-0.02572898799313894,-0.02572898799313894,-0.027444253859348122,-0.04390872526316081,-0.0634648370497426,-0.08946137084523653,-0.07547169811320753,-0.11576632549622312,-0.06689536878216118,-0.10718999616517677,-0.07032590051457965,-0.0980555365631065,-0.11492281303602048,-0.1439522757743219,-0.0806174957118353,-0.10531420281755444,-0.10463121783876494,-0.1189293114262866,-0.09090909090909083,-0.12427130927997476,-0.09777015437392789,-0.12549979042245474,-0.0480274442538593,-0.10738619642023717,-0.10634648370497424,-0.2718577488696189,0.08404802744425388,-0.05893290843096266,-0.1423670668953687
3680_2020-12-09,3680,2020-12-09,7600000.0,236.0,292.5,265.0,-0.052991452991453025,0.04113599390567313,-0.03076923076923077,0.02004293083010278,-0.013675213675213627,0.02964007162257898,-0.018803418803418848,0.026177839005827264,0.0,0.056226572261557695,-0.013675213675213627,0.034221496029076204,-0.018803418803418848,0.01993044208787642,-0.017094017094017144,0.021639843797278124,-0.032478632478632474,-0.009571510446146014,-0.03931623931623929,-0.0255719660967475,0.0,0.0,-0.00512820512820511,-0.00512820512820511,-0.029059829059829068,-0.016981528351790676,-0.06837606837606836,-0.05754724705162029,-0.06666666666666665,-0.05167291406358465,-0.08034188034188039,-0.05535229267007702,-0.07008547008547006,-0.06342158003965581,-0.07692307692307687,-0.06484477621503848,-0.0888888888888889,-0.0734786431579435,-0.10940170940170946,-0.10357080561162202,-0.1333333333333333,-0.11625711509093428,-0.09743589743589742,-0.08160915857708861,-0.022222222222222254,-0.09594150585404237,0.15726495726495737,-0.03390538842433877,0.10940170940170946,-0.018045187724488043,-0.19316239316239314
5536_2020-12-14,5536,2020-12-14,3000000.0,166.0,193.5,188.0,-0.0051679586563307955,0.04493730450156397,0.0,0.04589473684210532,-0.0025839793281653423,0.03488970488236098,-0.0051679586563307955,0.023042567659458668,0.0,0.028210526315789464,0.0025839793281654533,0.014794505643954903,-0.0025839793281653423,0.0003633890928872452,0.0,-0.010947368421052595,0.0051679586563306845,-0.00577940976472191,0.0051679586563306845,0.006431116551067539,0.0,0.0,-0.0025839793281653423,0.0016265469876241,-0.015503875968992276,-0.001188086495307994,-0.015503875968992276,-0.019714402284781718,-0.023255813953488413,-0.02199265605875156,-0.025839793281653756,-0.021208214334285325,-0.02067183462532296,-0.02572446620427038,-0.028423772609819098,-0.022107983136134934,-0.03100775193798455,-0.025955120359037243,-0.03100775193798455,-0.03142880456956343,-0.028423772609819098,-0.03010798313613483,-0.018087855297157618,-0.028614171086631335,-0.015503875968992276,-0.12792492860057125,-0.02067183462532296,-0.139408676730586,0.04909560723514206,-0.06922018223854232,-0.1421188630490956
3666_2020-12-15,3666,2020-12-15,10000000.0,70.0,82.3,37.5,-0.4781287970838396,-0.4388053298533956,-0.048602673147023046,-0.015198867650194292,0.04617253948967193,0.07027401940510525,-0.03766707168894279,-0.013565591773509467,0.012150668286755817,0.020184494925233665,0.008505467800729027,0.007236968857811332,0.03888213851761857,0.023660151202608004,0.03645200486026723,0.021230017545256663,0.0,-0.0029598308668075113,-0.04009720534629402,-0.044325535156019225,0.0,0.0,0.048602673147023046,0.0587506646903635,0.07411907654921035,0.06566241692975994,0.06925880923450789,0.06629897836770038,0.0,0.00042283298097245403,-0.013365735115431265,-0.022668060696826586,-0.0972053462940462,-0.0950911813891836,-0.054678007290400954,-0.053832341328455935,-0.04009720534629402,-0.04474836813699157,-0.05953827460510319,-0.06545793633871844,-0.09477521263669497,-0.10957436697073297,-0.08869987849331706,-0.10265336686541016,-0.16160388821385174,-0.3057899347254798,-0.284325637910085,-0.40948420027794985,-0.18347509113001204,-0.31159348436468437,-0.14945321992709593
2718_2020-12-17,2718,2020-12-17,30000000.0,17.0,24.0,21.7,-0.07291666666666663,-0.030149371069182362,-0.06666666666666676,-0.034381551362683616,-0.04583333333333339,-0.02948113207547176,-0.04166666666666663,-0.03453878406708599,-0.04166666666666663,-0.04837526205450737,-0.033333333333333326,-0.04004192872117407,-0.02083333333333337,-0.015382599580712752,-0.02083333333333337,-0.01664046121593299,-0.008333333333333304,5.241090146756999e-05,-0.008333333333333304,0.010115303983228574,0.0,0.0,-0.0625,-0.05704926624737938,-0.05833333333333324,-0.04952830188679236,-0.05833333333333324,-0.05917190775681325,-0.05833333333333324,-0.04785115303983223,-0.05833333333333324,-0.049109014675052354,-0.08333333333333337,-0.079559748427673,-0.08333333333333337,-0.08081761006289312,-0.08333333333333337,-0.089622641509434,-0.08124999999999993,-0.08670073375262055,-0.07500000000000007,-0.09470649895178196,-0.07500000000000007,-0.10015723270440258,-0.08333333333333337,-0.21121593291404606,-0.11249999999999993,-0.18755241090146735,0.6624999999999999,0.5597746331236897,-0.29166666666666663
5011_2020-12-29,5011,2020-12-29,20000000.0,32.5,39.8,23.5,-0.23492462311557782,-0.18742462311557784,-0.02386934673366825,0.0007139865996651507,-0.021356783919597833,-0.015106783919597855,-0.005025125628140614,0.0066415410385261,0.06783919597989962,0.08283919597989964,0.035175879396984966,0.0405925460636517,-0.02010050251256279,-0.0034338358458960716,-0.006281407035175879,0.009135259631490755,0.005025125628140836,0.015025125628140845,0.005025125628140836,0.01377512562814076,0.0,0.0,-0.03768844221105527,-0.03685510887772203,-0.015075376884421954,-0.02840871021775515,-0.015075376884421954,-0.033825376884422,0.005025125628140836,-0.031224874371859057,0.09296482412060314,0.05463149078726981,0.1306532663316584,0.0810699329983251,0.022613065326633208,-0.051553601340033506,-0.007537688442211032,-0.1008710217755443,-0.002512562814070196,-0.10501256281407023,-0.04396984924623115,-0.14480318257956448,-0.03894472361809043,-0.1664447236180906,-0.10678391959798994,-0.21553391959799006,-0.07035175879396982,-0.22743509212730306,-0.20603015075376874,-0.35436348408710217,-0.18341708542713564
1785_2021-01-05,1785,2021-01-05,93500000.0,36.0,45.2,46.0,0.05088495575221241,0.09873376958413838,-0.006637168141592986,0.033571919112126314,-0.03207964601769919,0.018985894794524283,-0.02986725663716816,0.01999201155744368,-0.004424778761062065,0.040207308090566385,-0.007743362831858391,0.03568245140215842,-0.015486725663716894,0.019495180247018906,-0.01880530973451333,0.01698077792129682,-0.03761061946902666,-0.015495621479481025,-0.03761061946902666,-0.020722802822464637,0.0,0.0,-0.006637168141592986,-0.008647622504278973,-0.01880530973451333,-0.031672217655703605,0.07853982300884943,0.04194955360796482,0.06415929203539816,0.009072842497802602,0.0763274336283184,0.012394984894904537,0.023230088495575174,-0.03909399674768976,0.11504424778761058,0.02698634670196509,0.1084070796460177,0.03040145037380193,0.08738938053097334,0.0057649334059231006,0.09623893805309724,0.015418672673121359,0.10619469026548667,-0.0031740270646298807,-0.04424778761061943,-0.12547014386313238,0.055309734513274256,-0.05084225583654489,0.23893805309734506,0.13600278972782354,-0.20353982300884965
4726_2021-01-12,4726,2021-01-12,25000000.0,30.5,30.5,37.5,0.06557377049180335,0.17177180526126679,0.0360655737704918,0.12903609531244198,0.06557377049180335,0.15930014993246855,0.06721311475409819,0.14808990991660775,0.05573770491803298,0.1317014237388947,0.0360655737704918,0.09615627671833771,0.032786885245901676,0.09098794344696004,0.032786885245901676,0.08078386181430686,0.024590163934426146,0.05028933249073764,0.013114754098360715,0.021429190984226354,0.0,0.0,0.013114754098360715,0.014626469895790972,0.0,-0.0226757369614512,-0.014754098360655665,-0.02798161158816892,-0.049180327868852514,-0.06580920164058335,-0.02786885245901649,-0.04374186833203231,-0.042622950819672156,-0.08532892209707177,-0.032786885245901676,-0.07738250127008905,-0.022950819672131084,-0.10382761483464042,-0.019672131147541072,-0.058598812931365596,0.031147540983606614,0.006204230326010363,0.013114754098360715,0.008957535655428117,0.06885245901639347,0.00800589816983277,0.14754098360655732,0.1501864862520601,0.5377049180327869,0.4851727940720916,0.0
5468_2021-01-27,5468,2021-01-27,8000000.0,10.0,13.6,17.0,0.14338235294117663,0.2408607119927385,0.03308823529411775,0.014646383581659927,-0.06985294117647056,-0.07888568487236824,-0.044117647058823484,-0.05653766964068285,-0.011029411764705954,-0.022696705705240405,-0.044117647058823484,-0.0825068077663883,-0.07720588235294112,-0.11747686466381801,-0.05514705882352944,-0.13154901591799684,-0.03676470588235292,-0.07139022338329382,0.018382352941176405,-0.0023176846952557284,0.0,0.0,0.02205882352941191,0.020553366246762073,0.007352941176470562,0.026171157209590623,0.1066176470588236,0.14161952888042695,0.21691176470588247,0.2327190661737033,0.33823529411764697,0.3261916358564503,0.4191176470588236,0.4078267174389516,0.2904411764705883,0.28517207598131455,0.16176470588235303,0.14708649737651935,0.2757352941176472,0.21777518873563717,0.26102941176470584,0.20457476366534566,0.2279411764705883,0.18277745799110012,0.8639705882352944,0.8714978746485424,0.6176470588235294,0.6135070512962428,0.2757352941176472,0.24487341982333044,-0.2647058823529411
8932_2021-03-31,8932,2021-03-31,11250000.0,18.0,18.0,17.7,-0.05833333333333335,-0.05465415746872704,-0.04444444444444451,-0.031935246504782855,-0.03333333333333344,-0.025974981604120817,-0.011111111111111072,0.011699779249448095,0.008333333333333304,0.026729212656364965,0.0,0.01692420897718916,-0.011111111111111072,0.021265636497424634,0.008333333333333304,0.03739882266372341,0.011111111111111072,0.02251655629139082,0.008333333333333304,0.011644591611479127,0.0,0.0,0.04444444444444451,0.052906548933039144,0.03888888888888875,0.039992641648270655,0.005555555555555536,-0.007321559970566716,0.022222222222222143,0.008241353936718099,0.016666666666666607,-0.0006254598969830383,0.005555555555555536,-0.009529065489330302,0.008333333333333304,-0.0008646063281825267,0.008333333333333304,-0.0008646063281825267,0.019444444444444597,0.0047277409860193575,0.03055555555555567,0.007376747608535794,0.08333333333333326,0.058682855040470994,0.04444444444444451,0.027152317880794863,-0.005555555555555647,0.06361295069904338,0.04999999999999982,0.03749080206033839,0.0
8933_2021-04-06,8933,2021-04-06,50000000.0,10.2,13.0,10.6,-0.0692307692307692,-0.04123813571327373,-0.053846153846153766,-0.032115030457571914,-0.0461538461538461,-0.028842612268026646,-0.053846153846153766,-0.03800821646125496,-0.05769230769230771,-0.02638475704774046,-0.07307692307692304,-0.04508428955942756,-0.06153846153846154,-0.051225386032015874,-0.07307692307692304,-0.07086697832554179,-0.007692307692307665,-0.008797280067998292,0.011538461538461497,0.01890494404306553,0.0,0.0,-0.023076923076923106,-0.0370732398356709,-0.038461538461538436,-0.05356282759597686,0.023076923076923217,0.004660716815413135,0.12307692307692308,0.10687066156679426,0.23461538461538467,0.2243023091089389,0.2038461538461538,0.193533078339708,0.23076923076923084,0.21493129338433214,0.23461538461538467,0.21030599235019132,0.19999999999999996,0.17421731123388584,0.17692307692307696,0.14929876753081173,0.23076923076923084,0.20498654200311672,0.0,0.0,-0.08846153846153848,-0.05641733956651085,-0.03076923076923077,-0.04955376115597121,-0.2153846153846154
6589_2021-04-13,6589,2021-04-13,35000000.0,91.5,160.0,66.7,-0.53125,-0.5173965548669339,-0.26875000000000004,-0.24833439664600798,-0.23124999999999996,-0.21885481224936187,-0.25312500000000004,-0.244010891359825,-0.30000000000000004,-0.282500911410864,-0.26249999999999996,-0.252292198323004,-0.265625,-0.2692706434560701,-0.19374999999999998,-0.1984893364928909,-0.11562499999999998,-0.12364541560335385,-0.028124999999999956,-0.03395802952971172,0.0,0.0,-0.07499999999999996,-0.07499999999999996,-0.09375,-0.09921846518410504,-0.043749999999999956,-0.057603445133066034,0.050000000000000044,0.03468829748450619,-0.021874999999999978,-0.03900952424352899,0.0,-0.015311702515493852,-0.05625000000000002,-0.06244759387531895,-0.12812500000000004,-0.1335934651841051,-0.11562499999999998,-0.13020757382427994,-0.14375000000000004,-0.17327971199416692,-0.12812500000000004,-0.15801927633977386,-0.034375000000000044,0.022132473569084876,0.015625,0.03494691031717101,-0.11875000000000002,-0.13114518775063788,-0.428125
3631_2021-04-16,3631,2021-04-16,1900000.0,50.0,56.9,59.4,0.09666080843585245,0.13154034816976123,0.1159929701230229,0.14691709813452958,0.10720562390158173,0.1309380942359939,0.10017574692442888,0.11024406767236128,0.0913884007029877,0.1003779727993559,0.05623901581722324,0.06199234195889902,0.01581722319859402,0.023728046643398226,0.005272407732864748,0.018936557319344516,-0.02811950790861162,-0.01445535832213185,-0.01581722319859402,-0.007546816869935191,0.0,0.0,0.0017574692442883233,0.000319137708869599,0.007029876977152849,0.003793631022460442,0.0035149384885764245,0.0020766069531577003,-0.033391915641476255,-0.025840675080526898,-0.08435852372583474,-0.07608811739717591,-0.03690685413005279,-0.037626019897762264,-0.04920913884007028,-0.0646712028458235,-0.07205623901581726,-0.08787788590542522,-0.07205623901581726,-0.08176497687989492,-0.08435852372583474,-0.09550559312533113,-0.08611599297012296,-0.08036266682844717,-0.2073813708260105,-0.11712606697847361,-0.12917398945518455,-0.11515025698485004,-0.15114235500878737,-0.15905317845359135,-0.12126537785588754
8171_2021-04-20,8171,2021-04-20,8000000.0,45.0,67.0,53.6,-0.15970149253731347,-0.11167281870218815,-0.10895522388059697,-0.09569357513507726,-0.11194029850746268,-0.0997539185791474,-0.10597014925373138,-0.09700957577702884,-0.12537313432835817,-0.11426202321724699,-0.07910447761194028,-0.06225859947573964,-0.09552238805970148,-0.07867650992350084,-0.010447761194029903,0.001021772856149239,-0.02686567164179099,-0.023639865190178133,0.00746268656716409,0.009254801262504553,0.0,0.0,-0.007462686567164201,-0.0056705718718237375,-0.05373134328358209,-0.04297865511153909,-0.12835820895522387,-0.11688867490504473,-0.14626865671641787,-0.14375969614294115,-0.14029850746268657,-0.15248488739100186,-0.13432835820895528,-0.14687316107633885,-0.11343283582089558,-0.11988444872412152,-0.07462686567164178,-0.08251217033114,-0.08805970149253728,-0.07909912801583474,-0.11343283582089558,-0.0958701118065588,-0.08059701492537308,-0.053715294495265575,-0.2723880597014925,-0.2143235435724603,-0.18507462686567167,-0.17217140105922002,-0.02238805970149249,-0.038875514898625285,-0.32835820895522383
6026_2021-04-28,6026,2021-04-28,35000000.0,13.5,21.2,12.7,-0.28773584905660377,-0.2466739021539488,-0.285377358490566,-0.26166054433127406,-0.27594339622641506,-0.2603681749874771,-0.23349056603773577,-0.21933127400233754,-0.16509433962264153,-0.15270495909166804,-0.1839622641509433,-0.16980297211554507,-0.1721698113207547,-0.14916096176323257,-0.15801886792452824,-0.1343020537652363,-0.13915094339622636,-0.12428368675905821,-0.054245283018867885,-0.05389130071798287,0.0,0.0,-0.025943396226415172,-0.019925697111370932,-0.021226415094339535,-0.01662464518283502,-0.06603773584905659,-0.04479879779595919,-0.12264150943396213,-0.09290699615962594,-0.10849056603773588,-0.06955251294039078,-0.12971698113207553,-0.0992745032559692,-0.10141509433962259,-0.08831774920687929,-0.07783018867924518,-0.058007179829687616,-0.12735849056603765,-0.07072132242444473,-0.21226415094339623,-0.1283703456336618,-0.25235849056603776,-0.1550133578226749,-0.22877358490566024,-0.17426031056937719,-0.2382075471698114,-0.2123668392052096,-0.12971698113207553,-0.10423025546835873,-0.3632075471698113
4171_2021-06-17,4171,2021-06-17,7300000.0,120.0,133.5,115.5,0.1910112359550562,0.24364281490242445,0.12734082397003754,0.1345506293052935,0.146067415730337,0.15399820159911848,0.06367041198501866,0.0762875713217166,0.1685393258426966,0.1786330533120548,0.1348314606741574,0.15069303241172038,0.13857677902621712,0.16164815609903604,0.12734082397003754,0.13527160983881903,0.09737827715355807,0.10170416035471164,0.03745318352059934,0.03637171272031092,0.0,0.0,-0.0074906367041198685,-0.0046067145700176,0.011235955056179803,0.01628281879085891,-0.022471910112359605,0.006367311228664185,0.0037453183520599342,0.031503068892795305,0.0,0.011896178803172175,0.01872659176029967,0.03314620243081157,-0.029962546816479363,-0.017345387479781427,-0.0037453183520599342,0.007069389650824043,-0.01872659176029967,-0.010795805891518184,0.0074906367041198685,0.005688185370305909,0.08239700374531833,0.0852809258794206,-0.029962546816479363,-0.05231294335577308,-0.05992509363295884,-0.04406352189539586,-0.10486891385767794,-0.11640460239408768,-0.101123595505618
8027_2021-06-23,8027,2021-06-23,10000000.0,66.0,68.0,72.3,0.057352941176470607,0.060689982333311465,0.04264705882352948,0.030411241248446075,0.025000000000000133,0.020179829440118757,0.04852941176470593,0.02813638247290018,0.032352941176470695,0.008252088377064037,0.026470588235294024,-0.0031919998255143245,0.020588235294117796,-0.007962005714410081,0.03823529411764692,0.012651311915199637,0.033823529411764586,0.01046424131387802,0.0117647058823529,0.01287705293463326,0.0,0.0,0.004411764705882337,-0.011902658727562354,-0.005882352941176561,-0.019601299919300375,0.00588235294117645,-0.009690505790747928,-0.010294117647058898,-0.02772088813278384,-0.0117647058823529,-0.03215773517415865,-0.0117647058823529,-0.04216885864468134,-0.020588235294117685,-0.04617221749656497,-0.0014705882352940014,-0.027054570437741288,0.032352941176470695,-0.002871382145739121,0.014705882352941124,-0.021630788021549163,0.0235294117647058,-0.0072455233483827985,0.07352941176470584,0.05981046478658203,0.03970588235294126,0.007077035486052097,-0.05735294117647072,-0.10110525856616304,-0.02941176470588236
3707_2021-06-28,3707,2021-06-28,6000000.0,63.9,85.0,51.8,-0.20352941176470585,-0.19513218650001085,-0.14470588235294113,-0.15310310761763624,-0.05999999999999994,-0.07387367652427901,-0.07764705882352929,-0.09042544509589157,-0.045882352941176485,-0.05573996520842739,0.02941176470588225,0.02174473294246493,0.0023529411764706687,0.01878229495522199,-0.04705882352941182,-0.03172476000257729,-0.024705882352941133,-0.025436075854219142,-0.022352941176470686,-0.020527457423276108,0.0,0.0,-0.04117647058823526,-0.04300195434142984,-0.08588235294117641,-0.09062861069948236,-0.07882352941176474,-0.09342739943732159,-0.1047058823529412,-0.11456349462019211,-0.06823529411764706,-0.07809290638489796,-0.051764705882353046,-0.07111483366621585,-0.0623529411764705,-0.0827983592122501,-0.008235294117647118,-0.023204260893842976,-0.015294117647058791,-0.029167794171337857,-0.008235294117647118,-0.01407684212786986,0.09058823529411764,0.07561926851792178,0.388235294117647,0.39188626162403617,0.12235294117647055,0.11176513540794186,0.30000000000000004,0.29817451624680547,-0.2482352941176471
6241_2021-06-29,6241,2021-06-29,10000000.0,16.0,20.5,17.7,-0.039024390243902474,-0.03829552727014163,-0.07317073170731703,-0.08519697077437238,-0.024390243902439046,-0.035323188508852965,-0.04146341463414638,-0.04948090734551691,-0.03170731707317065,-0.03753822086325809,-0.03170731707317065,-0.013485742729147376,-0.04390243902439017,-0.026774159141008336,-0.03414634146341455,-0.03305304700277334,-0.024390243902439046,-0.02074592903363437,-0.014634146341463428,-0.012811988907061145,0.0,0.0,-0.039024390243902474,-0.041939842138946304,-0.056097560975609695,-0.06885266301642601,-0.056097560975609695,-0.06411505368698023,-0.056097560975609695,-0.06411505368698023,-0.024390243902439046,-0.04188295527270158,-0.024390243902439046,-0.04297624973334302,-0.02682926829268295,-0.03994880182037974,-0.024390243902439046,-0.0364164829694944,-0.03658536585365857,-0.040594112209343836,-0.04146341463414638,-0.05458294816184317,-0.03658536585365857,-0.05808682357960615,-0.03658536585365857,-0.030754462063571242,-0.04146341463414638,-0.04474329801607069,0.2682926829268293,0.26246177913674185,-0.2195121951219512
8409_2021-06-30,8409,2021-06-30,4000000.0,14.5,18.2,18.1,0.016483516483516425,0.015756772297469857,0.01098901098901095,0.0029948249424993634,0.10989010989010994,0.10480290058778419,0.052197802197802234,0.04929082545361618,0.05494505494505497,0.0760206363404039,0.05769230769230771,0.07767777280858679,0.04395604395604402,0.047953136979299704,0.024725274725274637,0.03126597239969331,0.027472527472527375,0.03219636468182974,0.008241758241758435,0.011148734985944486,0.0,0.0,0.005494505494505475,-0.004316541017122422,0.005494505494505475,0.000407296192179718,-0.005494505494505364,-0.010581714796831121,-0.019230769230769162,-0.03376565295169942,-0.0219780219780219,-0.0376030219780219,-0.024725274725274637,-0.03489969332992593,-0.0219780219780219,-0.031062324303603228,0.07417582417582436,0.07308570789675461,0.18131868131868134,0.17114426271403005,0.2637362637362637,0.24520428699207764,0.151098901098901,0.13002331970355208,-0.01098901098901095,0.013356919243547094,-0.027472527472527486,-0.024565550728341434,-0.08791208791208782,-0.10281034372604148,-0.20329670329670324
8097_2021-07-01,8097,2021-07-01,8000000.0,17.0,34.4,21.2,-0.3401162790697674,-0.33112023732813367,-0.2049418604651162,-0.2002639187594668,-0.255813953488372,-0.2489769617647305,-0.2834302325581396,-0.2528436906365851,-0.2848837209302325,-0.2553767040176741,-0.3066860465116278,-0.2930120630643448,-0.2383720930232558,-0.22217921788831518,-0.20058139534883712,-0.1861877285622232,-0.12063953488372092,-0.10804507644543382,-0.04069767441860461,-0.030981949337640313,0.0,0.0,-0.12790697674418605,-0.12322903503853666,-0.12645348837209291,-0.12177554666644352,-0.11627906976744184,-0.12095701147309135,-0.12645348837209291,-0.13221095508673852,-0.09738372093023251,-0.09774356259989803,-0.05087209302325579,-0.05015240968392509,-0.0741279069767441,-0.06549170690477579,-0.14534883720930236,-0.14570867887896788,-0.15988372093023262,-0.16851992100220103,-0.13808139534883723,-0.14923648710846316,-0.13372093023255804,-0.15423190540348297,-0.255813953488372,-0.2381817116747701,-0.24709302325581395,-0.23269935646920004,-0.3299418604651162,-0.3374985355280885,-0.5058139534883721
2641_2021-07-06,2641,2021-07-06,36000000.0,28.0,33.3,17.15,-0.4444444444444444,-0.4279687997453041,0.23873873873873874,0.2727645267043548,0.11561561561561562,0.13388209126031458,0.037537537537537524,0.058311176506018914,-0.009009009009008917,0.009973799013913709,0.09009009009009006,0.10728206716745403,0.05105105105105112,0.06537769861552101,0.0930930930930931,0.09774925355154584,0.13663663663663672,0.1459489575535421,0.06306306306306309,0.07237538397996846,0.0,0.0,0.052552552552552534,0.05147805398521732,0.12912912912912922,0.13342712339847018,0.2417417417417418,0.24711423457841797,0.20120120120120122,0.2144533501983359,0.18768768768768762,0.1919856819570286,0.06906906906906918,0.06512924098883976,-0.037537537537537524,-0.04398452894154903,0.05855855855855863,0.04279924623764164,0.04504504504504503,0.04289604791037438,0.01501501501501501,0.02432733593192038,-0.037537537537537524,-0.02034556046017355,-0.09759759759759745,-0.08935977524802718,-0.23873873873873863,-0.20113128888200515,-0.03003003003003002,-0.011763554385331054,-0.15915915915915912
8109_2021-07-09,8109,2021-07-09,5000000.0,58.0,73.3,69.8,-0.05047748976807642,-0.041474969062278766,-0.043656207366985056,-0.029972375894172676,-0.010914051841746208,0.0009692754899066625,-0.010914051841746208,-0.001911531135948552,-0.009549795361528002,-0.010269997017991805,-0.012278308321964415,-0.008317199211413606,-0.008185538881309573,-0.004224429770758764,-0.004092769440654842,-0.00949428186413337,-0.009549795361528002,-0.016031610269702234,-0.008185538881309573,-0.009265841366005279,0.0,0.0,-0.004092769440654842,0.003829448780446998,0.019099590723056004,0.018019288238360298,-0.004092769440654842,-0.013455390974684511,-0.009549795361528002,-0.021433122693180984,0.0013642564802183177,-0.01988169238546411,0.0027285129604366354,-0.004833604432433525,0.005457025920873271,0.00941813503142408,0.008185538881309906,0.020068866212962777,0.017735334242837686,0.033219669856809686,0.09140518417462484,0.10004760405219049,0.05729877216916779,0.06594119204673343,0.05047748976807642,0.05083759059630821,0.009549795361528002,0.06788612953509654,-0.030013642564802212,0.012478255166562646,-0.20873124147339694
3709_2021-07-23,3709,2021-07-23,21000000.0,21.0,29.9,27.8,-0.0953177257525083,-0.09023236432860693,-0.050167224080267525,-0.050893704283681895,-0.0635451505016722,-0.07335263324776742,-0.06521739130434778,-0.08337939638970926,-0.0635451505016722,-0.08424983629898408,-0.050167224080267525,-0.08031615252196755,-0.010033444816053394,-0.026379249392878612,-0.00836120401337792,-0.013083325335571883,-0.006688963210702337,-0.0034198022953371154,-0.0050167224080267525,0.001884839524410764,0.0,0.0,-0.07692307692307687,-0.07692307692307687,-0.07859531772575246,-0.0698775552847789,-0.08026755852842804,-0.0711865559857473,-0.08528428093645479,-0.06058395402036321,-0.09866220735785947,-0.09030768501859321,-0.10367892976588622,-0.09205524651125496,-0.11872909698996648,-0.12054529749850251,-0.1371237458193979,-0.14293558744671353,-0.14381270903010024,-0.1554363922847315,-0.14548494983277582,-0.15529243257887104,-0.15551839464882944,-0.1638729169880957,-0.11371237458193972,-0.06358524054634218,-0.11204013377926414,-0.14291554242437854,0.1705685618729098,0.1781966040087617,-0.2976588628762541
3230_2021-07-27,3230,2021-07-27,12000000.0,15.0,17.5,16.25,0.0,-0.008427995602784843,-0.07999999999999996,-0.10711615976548206,-0.07999999999999996,-0.10968120190545994,-0.05714285714285716,-0.09635135842537834,-0.03714285714285703,-0.062426843951211786,0.04571428571428582,0.03215620583154477,-0.017142857142857237,-0.0226393760142386,-0.022857142857142798,-0.02468931581426992,-0.02000000000000013,-0.028794430194210574,-0.005714285714285783,-0.014508715908496228,0.0,0.0,-0.011428571428571344,-0.011062136837146075,-0.042857142857142816,-0.026734020834424,-0.02857142857142858,-0.028937863162854183,-0.04571428571428571,-0.04278280898288245,-0.02857142857142858,-0.03919803172276615,-0.02857142857142858,-0.04322881222844577,-0.034285714285714364,-0.054806051405538514,-0.034285714285714364,-0.05297387844841139,-0.02857142857142858,-0.04579385436842409,-0.02857142857142858,-0.04286237763702061,-0.03714285714285703,-0.04593728733706748,-0.03714285714285703,-0.024684081034392458,0.1200000000000001,0.08005862953462795,0.09142857142857141,0.09106213683714581,-0.1428571428571429
3597_2021-07-28,3597,2021-07-28,4000000.0,22.0,29.65,30.15,-0.003372681281618828,-0.0220676959443753,0.02360876897133224,-0.006449882055060696,0.02360876897133224,-0.015980673843916993,0.02360876897133224,-0.0020510550755885593,0.018549747048903997,0.004620128280575564,0.02023608768971341,0.01437098505041745,0.008431703204047292,0.006232289714311445,0.001686340640809414,-0.007477882233090982,0.005059021922428464,-0.004105200951471932,0.0,-0.0003665689149559004,0.0,0.0,-0.05564924114671155,-0.03988677780360306,-0.038785834738617186,-0.03951897256852921,-0.05733558178752107,-0.05476959938282899,-0.07757166947723426,-0.0885687369259146,-0.08600337268128155,-0.10103269819447791,-0.062394603709949314,-0.08328903186244185,-0.062394603709949314,-0.08145618728766191,-0.05733558178752107,-0.07493088970540962,-0.04553119730185495,-0.06019395390009541,-0.05733558178752107,-0.06649980466142147,-0.08600337268128155,-0.09186847532057751,-0.0708263069139966,-0.06826032450930453,-0.06408094435075884,-0.09523930212201992,-0.0708263069139966,-0.0708263069139966,-0.25801011804384477
3147_2021-07-30,3147,2021-07-30,5000000.0,47.0,61.0,49.5,-0.18524590163934418,-0.19843271482615754,-0.09508196721311468,-0.11999039212153972,-0.09180327868852456,-0.10499009187533792,-0.1032786885245901,-0.10840689365279521,-0.09836065573770492,-0.09982585720290638,-0.08032786885245902,-0.08875277727736741,-0.060655737704918056,-0.06908064612982645,-0.032786885245901676,-0.0324205848796012,0.006557377049180246,0.007289977781780976,-0.0180327868852459,-0.0015492704017293635,0.0,0.0,-0.060655737704918056,-0.05735903440821488,-0.08196721311475408,-0.0922236233711643,-0.08852459016393444,-0.10281030444964867,-0.06229508196721312,-0.08244160211373319,-0.08032786885245902,-0.09864288716747727,-0.05737704918032782,-0.07422686603014483,-0.06229508196721312,-0.07621449588662699,-0.11311475409836058,-0.12153966252326898,-0.09672131147540985,-0.10184951660361496,-0.05737704918032782,-0.060673752477031107,-0.09344262295081973,-0.08721551672371353,-0.1491803278688525,-0.16126823995676454,-0.15901639344262297,-0.19894313336936276,-0.0770491803278689,-0.08474148802017656,-0.2295081967213115
6248_2021-08-03,6248,2021-08-03,15000000.0,19.0,25.15,24.15,0.11332007952286283,0.09990456103120215,0.01988071570576544,0.02495685783774526,-0.001988071570576455,0.006713886369960287,-0.01988071570576544,-0.01806780780148698,-0.00994035785288272,-0.00812744994860426,0.0,0.010514865844815202,-0.02385685884691846,-0.0129794114212477,-0.0377733598409542,-0.011304904438488639,-0.00994035785288272,0.00021192641107670163,-0.013916500994035741,-0.0005009825023751802,0.0,0.0,-0.07554671968190851,-0.0795351170713211,-0.06361829025844923,-0.07340799294155298,-0.08349900596421467,-0.09147580074303985,-0.09343936381709739,-0.09996583227249989,-0.09145129224652082,-0.09507710805507774,-0.1411530815109343,-0.13934017360665585,-0.15109343936381703,-0.1460172972318372,-0.12127236580516887,-0.11438331576891059,-0.14314115308151087,-0.12682498194300473,-0.168986083499006,-0.15049442287536563,-0.1749502982107355,-0.14920700596998127,-0.1908548707753478,-0.20862136823727673,-0.168986083499006,-0.19581712048232713,-0.18290258449304164,-0.16767415809710262,-0.24453280318091442
6179_2021-08-04,6179,2021-08-04,14000000.0,28.5,30.25,33.45,-0.00991735537190086,-0.013889908640228765,-0.006611570247933907,0.006028371969473145,0.0049586776859502635,0.010736936985336176,0.013223140495867813,0.019001399795253726,0.011570247933884392,0.026015896182349563,0.036363636363636376,0.05117042581831299,0.008264462809917328,0.03860032413169401,0.006611570247933907,0.020696077290187298,-0.0049586776859503745,0.012376100212207697,-0.0049586776859503745,-0.0009861244176225803,0.0,0.0,-0.0033057851239669533,-0.0090840444233532,-0.008264462809917328,-0.012237016078245233,-0.0033057851239669533,-0.005833773567448408,-0.0049586776859503745,-0.004597536479738817,-0.018181818181818188,-0.012403558882432275,-0.05123966942148761,-0.042211139266196906,-0.05454545454545445,-0.04371121835910563,-0.05950413223140494,-0.039280224683553855,-0.06115702479338847,-0.03876627000826749,-0.06446280991735531,-0.034849231008001746,-0.05950413223140494,-0.03386310659037939,-0.05123966942148761,-0.06965787093828069,-0.008264462809917328,-0.024876958295652285,-0.02148760330578503,-0.007403096263531639,-0.05785123966942152
3162_2021-08-09,3162,2021-08-09,33000000.0,40.0,59.3,27.0,-0.21332209106239464,-0.21476301325259628,-0.19561551433389535,-0.17868467859902482,-0.1795952782462057,-0.16230421196378486,-0.1804384485666104,-0.14765746873952101,-0.16273187183811133,-0.14616126665079132,-0.10961214165261379,-0.08979946153733998,-0.0910623946037099,-0.08457824474780207,-0.06408094435075884,-0.06155933051790563,-0.011804384485666009,-0.015046459413619817,-0.006745362563237767,-0.00818628475343941,0.0,0.0,-0.07251264755480602,-0.06963080317440251,-0.0809443507588532,-0.0726590481651932,-0.09443507588532873,-0.0829076983637147,-0.09443507588532873,-0.08110654562596253,-0.11298482293423262,-0.0902902984385553,-0.1315345699831365,-0.1066786622021566,-0.15682967959527816,-0.1247691608632896,-0.16610455311973005,-0.13800657041079634,-0.16526138279932545,-0.11482910614226494,-0.17369308600337263,-0.11569596784775293,-0.1602023608768971,-0.12814184214490854,-0.23440134907251264,-0.2614186401387951,-0.24704890387858347,-0.23552152635696944,-0.18296795952782452,-0.16387574050765152,-0.32546374367622255
6594_2021-08-10,6594,2021-08-10,7500000.0,32.8,54.0,44.3,-0.18055555555555558,-0.19320006422607583,-0.020370370370370372,-0.00591950331834723,-0.09907407407407409,-0.06908852494112605,-0.10555555555555562,-0.09182723185613362,-0.08981481481481479,-0.07283504602868762,0.0,0.0036127167630057855,-0.0092592592592593,-0.009620530935559701,0.04629629629629628,0.04015467779918658,0.15000000000000013,0.14566473988439332,0.04629629629629628,0.04340612288589152,0.0,0.0,-0.17592592592592593,-0.17050685078141725,-0.2509259259259259,-0.24225540569471193,-0.21944444444444444,-0.2089675658317276,-0.2592592592592593,-0.23938931706272748,-0.30000000000000004,-0.2779624277456647,-0.3120370370370371,-0.2827740312566902,-0.2796296296296297,-0.2543406122885892,-0.31481481481481477,-0.26712695354313853,-0.2592592592592593,-0.20398469278527087,-0.24444444444444446,-0.21518143866409756,-0.2592592592592593,-0.23288642688931704,-0.30000000000000004,-0.32528901734104054,-0.3453703703703703,-0.3424801969599657,-0.3574074074074074,-0.3552397773496039,-0.3925925925925926
5439_2021-08-11,5439,2021-08-11,7000000.0,55.0,70.5,64.2,-0.03262411347517724,-0.053328799272489125,0.0014184397163119478,0.026118766632403534,0.031205673758865293,0.03956019609813155,0.01276595744680864,0.024389640701439896,0.008510638297872353,0.006694437789336316,0.02411347517730511,0.018301633549989482,0.008510638297872353,-0.0031130449567589036,0.017021276595744705,0.007213793849649486,0.007092198581560183,-0.0012623237577060742,0.004255319148936065,-0.0011932823766722667,0.0,0.0,-0.052482269503546175,-0.049213108588180954,-0.049645390070921946,-0.04456002864702058,-0.07659574468085117,-0.06206614061256199,-0.09219858156028371,-0.07548953688175108,-0.12907801418439724,-0.10510416747172002,-0.09219858156028371,-0.0722203759663862,-0.12907801418439724,-0.08657892228465158,-0.12765957446808507,-0.07753244043248753,-0.10780141843971636,-0.08382757172703914,-0.10070921985815606,-0.07964129395913677,-0.06808510638297871,-0.056461423128347454,-0.07234042553191478,-0.09413483163434855,-0.07801418439716312,-0.0925437884654523,-0.08794326241134753,-0.0992037055642715,-0.21985815602836878
5543_2021-08-16,5543,2021-08-16,1500000.0,58.0,62.3,59.4,-0.020866773675762396,-0.04040234315604252,0.1075441412520064,0.09095733697629682,0.11075441412520082,0.09011305769320677,0.1075441412520064,0.08100525441087125,0.086677367576244,0.061981458987965476,0.05939004815409321,0.03616852216809985,0.019261637239165408,-0.0010111235422574083,0.006420545746388617,-0.00832328027646434,-0.017656500802568087,-0.02908296597027904,-0.017656500802568087,-0.02723998771742242,0.0,0.0,0.008025682182985605,0.010237256086413682,0.017656500802568198,0.027239987717422642,0.011235955056179803,0.01676488981474966,-0.0016051364365969878,0.026776728657394888,-0.0160513643659711,0.0200710093900186,-0.0016051364365969878,0.007978350478257457,-0.008025682182985605,-0.0013909604727017078,-0.017656500802568087,-0.020605266007138634,-0.017656500802568087,-0.027608583367993877,-0.017656500802568087,-0.03608628333113428,-0.014446227929374,-0.042828093023365765,-0.0048154093097912964,-0.04757250477606456,0.027287319422151013,0.0247071498681517,0.086677367576244,0.06013848073510886,-0.0690208667736757
6182_2021-08-23,6182,2021-08-23,30000000.0,52.0,62.0,67.7,0.1483870967741936,0.10479245050268315,0.056451612903225756,-0.0020569913032753018,0.011290322580645107,-0.04148214395855199,0.016129032258064502,-0.0332017516807499,0.016129032258064502,-0.03128970579164858,-0.03548387096774197,-0.07295997039412827,-0.04516129032258065,-0.08034293468204523,-0.09677419354838712,-0.12430765435144642,-0.02741935483870972,-0.059159316597792055,-0.032258064516129004,-0.04028865725035469,0.0,0.0,0.04677419354838719,0.019240732745327893,0.04193548387096757,0.011342749645346206,0.10806451612903234,0.06752914328008397,0.1322580645161291,0.08445691728859561,0.10806451612903234,0.0514679578116326,0.1225806451612903,0.055659039042743386,0.13548387096774195,0.062061308826250494,0.14032258064516134,0.0619286991920065,0.10967741935483866,0.03969653981372967,0.16129032258064524,0.07601307592672546,0.1387096774193548,0.04846111145377163,0.11774193548387091,0.0684111515450565,-0.056451612903225756,-0.07366002590513787,0.09193548387096784,0.002451736261025239,-0.16129032258064513
5324_2021-08-26,5324,2021-08-26,90000000.0,9.5,9.59,9.74,0.021897810218978186,0.018590202721734617,0.030239833159541263,0.023624618165054123,0.023983315954118956,0.026923411507224437,0.016684045881126153,0.02182921309906083,0.016684045881126153,0.02917945198182459,0.011470281543274119,0.019923056258452365,0.0031282586027110426,0.034366773854456745,-0.004171011470281427,0.034785254608366234,-0.009384775808133461,0.0031106302925649754,-0.009384775808133461,0.00017053473945938258,0.0,0.0,0.0010427528675702735,-0.005939974071055065,0.08446298227320126,0.06902748061939756,0.05318039624608972,0.027822072100555095,0.03649635036496357,0.00489032316907978,0.03232533889468203,-0.0040583435749981245,0.04275286757038588,0.014454447871745657,0.04275286757038588,-0.00024602989378164075,0.027111574556829998,-0.020664978181133886,0.006256517205422307,-0.03674238025874521,-0.007299270072992692,-0.04111036893370568,-0.004171011470281427,-0.03540952672202702,0.0010427528675702735,-0.027990690719346123,-0.030239833159541152,-0.006719068734697187,-0.010427528675703845,-0.0475462350336604,-0.009384775808133461
3339_2021-08-27,3339,2021-08-27,7580000.0,15.0,20.85,24.25,0.11750599520383687,0.12444030177317988,-0.08393285371702641,-0.07407883911848634,-0.08393285371702641,-0.07188905809658841,-0.08633093525179858,-0.06698786955836789,-0.05755395683453246,-0.04222548968124784,-0.12709832134292576,-0.08914211696336383,-0.09832134292565953,-0.05270090496945512,-0.009592326139088891,0.009750739554341803,0.04076738609112707,0.057190743755360596,-0.007194244604316613,-0.0002599380349735947,0.0,0.0,-0.021582733812949728,-0.02997689439689144,-0.04796163069544368,-0.06620980587792535,-0.0383693045563549,-0.06282185930088047,-0.045563549160671624,-0.07476062945264239,-0.08872901678657086,-0.1098968999982497,-0.08633093525179858,-0.1220973586094628,-0.1007194244604317,-0.14123037336554134,-0.11031175059952036,-0.1460781739571846,-0.1079136690647482,-0.13455600483117158,-0.11031175059952036,-0.13439934184039637,-0.10311750599520397,-0.13924889285651776,-0.18944844124700255,-0.20404698139298794,-0.15107913669064754,-0.11750249435488114,0.05995203836930463,0.03440459311383015,-0.28057553956834536
3206_2021-08-31,3206,2021-08-31,5000000.0,21.5,34.6,34.15,-0.014450867052023142,-0.006923985331592997,-0.06791907514450868,-0.031001512420494315,-0.07369942196531809,-0.040724511571052946,-0.0838150289017342,-0.028617896285246802,-0.08815028901734101,-0.025426274680423466,-0.06502890173410403,-0.028111339010089664,-0.06647398843930652,-0.03242380922783694,-0.04913294797687873,-0.02440176518117987,-0.046242774566474076,-0.02832162761306911,-0.04479768786127181,-0.03512026850643313,0.0,0.0,-0.07947976878612717,-0.08557295875028481,-0.08092485549132955,-0.09167754366337255,-0.09248554913294804,-0.09535293264549283,-0.10838150289017345,-0.1255858039654424,-0.10693641618497118,-0.12880021546812548,-0.11271676300578037,-0.1299210640810493,-0.13005780346820806,-0.13830153106677434,-0.08959537572254339,-0.09533014274763318,-0.09971098265895961,-0.1172737066732964,-0.09104046242774577,-0.10501895705140163,-0.11416184971098275,-0.12921561315184282,-0.13150289017341044,-0.11394016615907365,-0.19219653179190754,-0.16889904075248097,-0.16473988439306364,-0.15506246503822496,-0.3786127167630058
3224_2021-09-02,3224,2021-09-02,10000000.0,39.5,43.35,40.0,0.039215686274509665,0.05340008343763025,0.03460207612456756,0.09985030307492204,0.014994232987312506,0.08768926844830538,0.01730103806228378,0.0644641586296597,0.005767012687427853,0.05009325382217966,-0.008073817762399127,0.027032565216324245,0.0,0.028368794326241176,-0.008073817762399127,0.012138948195047683,-0.018454440599769417,-0.007816142727429032,-0.02422145328719738,-0.019611524209183107,0.0,0.0,-0.008073817762399127,-0.00027239932268285916,-0.02076124567474047,-0.02714422439814468,-0.0357554786620532,-0.04674838646347179,-0.059976931949250356,-0.06635991067265457,-0.046136101499423265,-0.043653831995877246,-0.04036908881199541,-0.03540454980490326,-0.03921568627450989,-0.04595327492699197,-0.053056516724336866,-0.05624800608603886,-0.06459054209919268,-0.06884586124812875,-0.06459054209919268,-0.06281749245380264,-0.053056516724336866,-0.046673538000932546,-0.10611303344867362,-0.05043927458342545,0.018454440599769306,0.04717784485508858,0.44175317185697804,0.4630297676016589,-0.08881199538638984
6642_2021-09-03,6642,2021-09-03,6000000.0,62.0,94.5,103.5,-0.08783068783068781,-0.07996792871703529,-0.16402116402116407,-0.09861730412123548,-0.14391534391534389,-0.10424415020555111,-0.1534391534391535,-0.11662714486159809,-0.06878306878306883,-0.041263411885284706,-0.09312169312169305,-0.0723926009129725,-0.042328042328042326,-0.029819107374504106,-0.06666666666666665,-0.06380748153442928,-0.03703703703703709,-0.04025362031080404,-0.02645502645502651,-0.03431778556867915,0.0,0.0,-0.04761904761904767,-0.06191497328023421,-0.08253968253968247,-0.1014817840407547,-0.10370370370370363,-0.11799962936489017,-0.10370370370370363,-0.1090646758266487,-0.07619047619047625,-0.07904966132271352,-0.07301587301587309,-0.08766919681858909,-0.08465608465608465,-0.09573542704350402,-0.0984126984126984,-0.11056423522470682,-0.13650793650793658,-0.1425837049139408,-0.14920634920634912,-0.15063594177246764,-0.14497354497354498,-0.14926232267190098,-0.24867724867724872,-0.1989989070046253,-0.2772486772486773,-0.2536603999077194,-0.28888888888888886,-0.2917480740211261,-0.34391534391534395
5498_2021-09-08,5498,2021-09-08,13800000.0,14.6,16.55,18.65,0.05740181268882161,0.09052372953166876,0.0332326283987916,0.0744588440436118,0.027190332326283873,0.061721692439039355,0.027190332326283873,0.05361739363706608,0.03625377643504524,0.05316709567394595,0.0392749244712991,0.05019810981308914,0.0725075528700907,0.0788500475846785,0.0392749244712991,0.053369357170382936,0.051359516616314105,0.051359516616314105,0.01812688821752273,0.013546197590320386,0.0,0.0,-0.05135951661631433,-0.04255049617938689,-0.015105740181268867,-0.0038301940220017983,-0.015105740181268867,-0.015458100998745783,-0.030211480362537735,-0.02704023300524372,-0.024169184290030343,-0.02205501938516763,-0.03625377643504535,-0.028149477633072073,-0.0332326283987916,-0.02054763896961609,-0.0332326283987916,-0.023366525509432856,-0.05438066465256797,-0.021258747809720813,-0.05438066465256797,-0.026896520889354347,-0.0453172205438066,-0.0294609837573373,-0.10574018126888218,-0.05147661537740922,-0.13595166163141992,-0.09719197170893934,-0.163141993957704,-0.15926602496545583,-0.1178247734138973
6417_2021-09-08,6417,2021-09-08,6660000.0,60.0,73.9,75.0,0.014884979702300294,0.04800689654514745,0.004059539918809252,0.04528575556362946,0.008119079837618282,0.042650439950373764,0.004059539918809252,0.03048660122959146,0.0,0.016913319238900715,0.0,0.010923185341790043,-0.0013531799729364913,0.004989314741651318,-0.0013531799729364913,0.012741252726147345,-0.0013531799729364913,-0.0013531799729364913,-0.0013531799729364913,-0.005933870600138835,0.0,0.0,-0.020297699594046037,-0.011488679157118598,-0.07577807848443852,-0.06450253232517145,-0.10419485791610283,-0.10454721873357975,-0.09878213802435742,-0.09561089066706341,-0.1001353179972937,-0.09802115309243098,-0.1001353179972937,-0.09203101919532042,-0.12043301759133973,-0.10774802816216422,-0.14208389715832215,-0.1322177942689634,-0.15155615696887692,-0.11843424012602977,-0.16373477672530456,-0.13625063296209095,-0.1529093369418133,-0.137053100155344,-0.18809201623815974,-0.13382845034668678,-0.18809201623815974,-0.14933232631567916,0.10284167794316645,0.10671764693541463,-0.18809201623815974
3483_2021-09-23,3483,2021-09-23,3200000.0,54.0,75.2,87.8,0.037234042553191404,0.0550911854103342,0.08643617021276606,0.05217961044600217,0.05319148936170204,0.02804571676694967,0.0997340425531914,0.07713929036660239,0.11170212765957444,0.07708113640593006,0.09707446808510634,0.06609779170026675,0.10904255319148937,0.07697258234600834,0.0013297872340425343,-0.02454484833447057,0.013297872340425565,-0.007839153898641538,0.017287234042553168,-0.006765244091557765,0.0,0.0,-0.04388297872340419,-0.049713882513491625,-0.0292553191489362,-0.047112462006079214,-0.018617021276595813,-0.03902518454190196,-0.015957446808510634,-0.029076980336207425,-0.04122340425531923,-0.03247704857018807,-0.04122340425531923,-0.040130109794678015,-0.09441489361702138,-0.07072684696979104,-0.0332446808510638,-0.003725730413746131,-0.0625,-0.031523323615160304,-0.015957446808510634,0.014654798089448473,0.0664893617021276,0.07997332671670487,-0.05984042553191493,-0.05473838471558845,-0.025265957446808596,-0.03182572421065699,0.17154255319148914,0.13728599342472525,-0.28191489361702127
8444_2021-09-23,8444,2021-09-23,5000000.0,78.0,84.4,79.9,-0.049763033175355464,-0.03190589031821267,-0.03791469194312802,-0.07217125170989191,-0.05213270142180104,-0.07727847401655341,-0.05213270142180104,-0.07472745360839006,0.013033175355450233,-0.02158781589819414,0.03672985781990512,0.005753181435065535,0.0390995260663507,0.0070295552208696765,0.0390995260663507,0.013224890497837594,0.017772511848341166,-0.0033645143907259367,0.005924170616113722,-0.01812830751799721,0.0,0.0,0.005924170616113722,9.326682602628367e-05,-0.004739336492891044,-0.02259647935003406,-0.021327014218009643,-0.04173517748331579,-0.021327014218009643,-0.034446547745706435,-0.026066350710900466,-0.017319995025769308,-0.04620853080568732,-0.045115236345046106,-0.03909952606635081,-0.015411479419120466,-0.04028436018957349,-0.010765409752255817,-0.02962085308056872,0.0013558233042709755,-0.0165876777251186,0.014024567172840507,0.013033175355450233,0.026517140370027503,0.004739336492890933,0.009841377309217414,0.3744075829383886,0.3678478161745402,0.640995260663507,0.6067387008967431,-0.07582938388625604
2734_2021-09-24,2734,2021-09-24,7000000.0,15.0,21.3,24.0,0.09859154929577452,0.11272198407838308,-0.04225352112676062,-0.061456419677485274,-0.014084507042253502,-0.030751173708920332,-0.023474178403755874,-0.0520973668095529,-0.039906103286385,-0.06490610328638491,-0.05164319248826299,-0.07773014901000197,-0.030516431924882736,-0.05044396815676677,-0.014084507042253502,-0.02930189834660135,-0.0023474178403756207,-0.02046335986936121,-0.0046948356807512415,0.0011022657685242354,0.0,0.0,-0.018779342723004744,-0.030735864462135165,0.023474178403755763,0.008981424780567293,0.08685446009389652,0.07960808328230229,0.06338028169014076,0.07787303531332912,0.068075117370892,0.07495917534190644,0.018779342723004522,0.04812716880996115,0.11971830985915499,0.15486323739538688,0.2300469483568075,0.26664115125535826,0.15727699530516426,0.19350887936313532,0.136150234741784,0.15535313329250866,0.08920187793427226,0.11673810981833033,-0.05399061032863861,-0.04239640743008788,0.08685446009389652,0.07815880791998353,0.014084507042253502,-0.005118391508471154,-0.295774647887324
6190_2021-09-29,6190,2021-09-29,9200000.0,20.8,24.2,23.0,0.012396694214876103,0.008799571912717852,-0.010330578512396715,-0.02795647779297228,0.018595041322313932,-0.00010999464890915078,0.0,-0.012589928057553879,0.004132231404958775,-0.003781437659789333,0.012396694214876103,0.0016053273084013497,-0.02892561983471076,-0.015975979546940855,-0.045454545454545414,-0.03826030085022891,-0.04132231404958675,-0.04599857304239252,-0.037190082644628086,-0.04438432724894459,0.0,0.0,-0.008264462809917328,0.01331827100303229,0.006198347107438051,0.020227124085855253,0.030991735537190035,0.06732267078898868,0.008264462809917328,0.05035079374516904,0.004132231404958775,0.04765741126107392,-0.03925619834710736,0.0039092692787918715,-0.014462809917355268,0.01179618288840012,-0.004132231404958553,0.030400142695760968,-0.037190082644628086,0.007054521671918668,-0.04338842975206614,0.004093584636423064,-0.04958677685950408,-0.004622748082525607,-0.04958677685950408,-0.03627742434151848,0.18181818181818188,0.18001962066710275,0.7727272727272727,0.7464682799215172,-0.14049586776859502
6457_2021-09-30,6457,2021-09-30,2000000.0,125.0,173.5,146.5,-0.12968299711815567,-0.16166829123580273,-0.12391930835734866,-0.1650957789455838,-0.12391930835734866,-0.15884577894558394,-0.09798270893371763,-0.12812976775724694,-0.0806916426512968,-0.11377987794541455,-0.06340057636887608,-0.07222410578064076,-0.04034582132564846,-0.05505170367858958,0.05475504322766578,0.027916807933548116,0.09221902017291073,0.06280725546702848,0.043227665706051965,0.02116884217664028,0.0,0.0,0.0057636887608070175,-0.0019568994744871837,-0.03458213256484155,-0.019508603153076787,-0.12968299711815567,-0.10872711476521457,-0.11815561959654175,-0.09572914900830642,-0.12968299711815567,-0.10762417358874388,-0.10374639769452454,-0.09896698592981856,-0.09221902017291062,-0.07898372605526349,-0.12968299711815567,-0.10652123241227329,-0.1412103746397695,-0.11473978640447546,-0.1527377521613833,-0.12884069333785386,-0.1412103746397695,-0.14304860993388724,0.0028818443804035088,0.00435243261569751,0.12391930835734866,0.09671342600440758,0.12968299711815567,0.07784476182403788,-0.27953890489913547
6130_2021-10-22,6130,2021-10-22,8000000.0,19.0,26.8,26.1,0.04477611940298498,0.030815796111287597,0.04850746268656714,0.05401811661750022,0.041044776119402826,0.0550050994111001,0.013059701492537323,0.036939201859914284,0.009328358208955168,0.03651425093489191,0.00746268656716409,0.03207694079199874,-0.06716417910447758,-0.06826630989066429,-0.042910447761194126,-0.04107356311754973,-0.04477611940298509,-0.05102152719137598,-0.03731343283582089,-0.04098720212310969,0.0,0.0,-0.011194029850746245,-0.014133045280577239,-0.035447761194029814,-0.037652022766403226,-0.035447761194029814,-0.046101692127167304,-0.035447761194029814,-0.046101692127167304,0.001865671641791078,-0.0058492438615154185,0.02425373134328357,0.026457992915656647,0.05410447761194037,0.05116546218210938,0.06529850746268662,0.06419637667649991,0.057835820895522305,0.05416205160823351,0.05597014925373145,0.05560277232500255,0.07649253731343286,0.061797460164277895,0.28917910447761175,0.23995059602794222,0.4347014925373136,0.3931878995909506,0.664179104477612,0.5473532411418294,-0.29104477611940305
6535_2021-10-22,6535,2021-10-22,11000000.0,30.0,32.45,33.55,0.029275808936825687,0.015315485645128302,-0.013867488443759735,-0.00835683451282665,-0.015408320493066396,-0.0014479972013691222,-0.02157164869029282,0.0023078516770841384,-0.053929121725732054,-0.02674322899979531,-0.03081664098613257,-0.006202386761297918,-0.02927580893682602,-0.030377939723012726,-0.016949152542373058,-0.01511226789872866,-0.02157164869029282,-0.02781705647868371,0.0,-0.0036737692872887973,0.0,0.0,0.0,-0.0029390154298309934,-0.016949152542373058,-0.01915341411474647,-0.015408320493066396,-0.026062251426203886,0.0,-0.01065393093313749,0.0015408320493064398,-0.006174083454000057,0.007704160246533087,0.009908421818906166,0.009244992295839749,0.006305976866008756,-0.013867488443759735,-0.01496961922994644,-0.012326656394453184,-0.01600042568174198,-0.016949152542373058,-0.01731652947110196,-0.02003081664098616,-0.03472589379014113,0.2650231124807394,0.21579460403106987,0.16486902927580882,0.12335543632944579,0.20493066255778114,0.08810479922199854,-0.07550077041602477
3259_2021-10-29,3259,2021-10-29,10000000.0,27.2,32.5,36.4,0.039999999999999813,0.04072912869121381,0.06153846153846154,0.06810061975938753,0.06153846153846154,0.07101713452424363,0.06153846153846154,0.06299671892088965,0.024615384615384484,0.02862559241706153,0.02153846153846173,0.029194312796208766,-0.009230769230769154,-0.004491432737878109,-0.03384615384615386,-0.028377688662048817,0.0015384615384614886,-0.0013780532263945044,0.007692307692307665,0.004775792927451672,0.0,0.0,-0.024615384615384595,-0.014772147283995674,-0.01538461538461533,-0.010645278891724286,-0.024615384615384595,-0.01805322639445861,-0.0461538461538461,-0.042143638352169055,-0.027692307692307683,-0.0204010207801677,-0.027692307692307683,-0.0346190302588405,-0.0461538461538461,-0.06110098432373301,-0.03538461538461535,-0.06126868392271212,-0.06153846153846154,-0.08596427269413054,0.0,-0.015311702515493852,-0.06615384615384612,-0.08474662777980291,-0.14769230769230768,-0.15498359460444766,-0.16000000000000003,-0.19499817717827195,-0.13692307692307693,-0.18686839227123575,-0.16307692307692312
3652_2021-10-29,3652,2021-10-29,28000000.0,21.0,27.2,27.3,-0.04227941176470584,-0.041550283073491845,-0.09007352941176472,-0.08351137119083873,-0.10294117647058831,-0.09346250348480623,-0.08639705882352933,-0.08493880144110122,-0.0625,-0.058489792198322954,-0.051470588235294046,-0.04381473697754701,-0.012867647058823484,-0.00812831056593244,-0.005514705882352922,-4.624069824787913e-05,-0.020220588235294157,-0.02313710300015015,-0.0018382352941176405,-0.0047547500589736336,0.0,0.0,-0.05882352941176461,-0.04898029208037569,-0.022058823529411686,-0.017319487036520642,-0.022058823529411686,-0.015496665308485702,-0.02941176470588236,-0.025401556904205314,-0.016544117647058765,-0.009252830734918782,-0.05514705882352944,-0.062073781390062255,-0.0753676470588236,-0.0903147852287105,-0.06985294117647056,-0.09573700971456733,-0.0808823529411764,-0.1053081640968454,-0.10661764705882348,-0.12192934957431734,-0.10110294117647056,-0.11969572280242735,-0.125,-0.13229128691213998,-0.18382352941176472,-0.21882170659003664,-0.24448529411764697,-0.2944306094658058,-0.2279411764705882
6461_2021-11-09,6461,2021-11-09,15000000.0,20.0,21.2,21.8,0.011792452830188704,0.05741026892214274,0.011792452830188704,0.023645901106050582,0.0070754716981134,0.018928919973975278,0.0070754716981134,0.021802483192366107,-0.004716981132075415,0.01970830622424624,0.00943396226415083,0.02883051398828873,-0.004716981132075415,0.01647554760355674,0.0,0.01867816091954022,0.004716981132075526,0.02662790067230525,0.0070754716981134,0.014977770548688096,0.0,0.0,-0.004716981132075415,-0.01549284320104094,0.002358490566037874,-0.006980589893732292,-0.009433962264150941,-0.009793157666449948,-0.011792452830188704,-0.015384406853177213,-0.011792452830188704,-0.024364291910648372,-0.009433962264150941,-0.023801778356104974,-0.01650943396226401,-0.034110008674907766,-0.01650943396226401,-0.0398571351116892,-0.01886792452830177,-0.04472999349381912,-0.009433962264150941,-0.032781663413576134,-0.004716981132075415,-0.01836640641943188,-0.01886792452830177,-0.037546085447842104,-0.05188679245283012,-0.07092414877466924,-0.09433962264150941,-0.13564709390587715,-0.05660377358490565
8476_2021-11-10,8476,2021-11-10,10000000.0,50.0,68.0,48.3,-0.20588235294117652,-0.14689159245787886,-0.12794117647058822,-0.10555311676909584,-0.12794117647058822,-0.10271018855303327,-0.11176470588235299,-0.07693883523558698,-0.06617647058823528,-0.03632572431957859,0.0,0.031627576403695734,0.014705882352941124,0.0438458965675822,0.013235294117647234,0.045573602575358585,0.016176470588235237,0.03465550399264172,0.01911764705882346,0.02977862786905805,0.0,0.0,-0.03676470588235292,-0.03534324177432169,0.0117647058823529,0.022070320665579568,-0.07352941176470584,-0.06642209122454945,-0.16617647058823526,-0.1679533007232744,-0.16617647058823526,-0.16973013085831334,-0.15000000000000002,-0.15675195451314872,-0.15441176470588236,-0.166849575651156,-0.15441176470588236,-0.16933713784021098,-0.15441176470588236,-0.166849575651156,-0.138235294117647,-0.1410782223337097,-0.1588235294117647,-0.15740206530373346,-0.10147058823529409,-0.1131976671265521,-0.11911764705882355,-0.12729106568000348,-0.16176470588235292,-0.1759793469626657,-0.2647058823529411
1268_2021-11-11,1268,2021-11-11,5000000.0,100.0,122.5,120.5,-0.01224489795918371,0.04291524438957073,-0.008163265306122436,0.015680151063984238,-0.01632653061224487,0.017125426683128664,-0.01224489795918371,0.016224852930496025,-0.004081632653061273,0.026167477667223382,-0.008163265306122436,0.019594741811315375,-0.004081632653061273,0.026879221439465417,-0.01224489795918371,0.0048369525746241315,-0.01632653061224487,-0.007073861573098861,-0.004081632653061273,-0.005505120197545121,0.0,0.0,-0.01224489795918371,-0.0033481008061587714,-0.01632653061224487,-0.010632580434308814,-0.01632653061224487,-0.01952937758733375,-0.01632653061224487,-0.021308737017938784,-0.01632653061224487,-0.024511583993027886,-0.01632653061224487,-0.03020553417096372,-0.01632653061224487,-0.0326966373738109,-0.020408163265306145,-0.034287166824024995,-0.024489795918367308,-0.028760258551819295,-0.02857142857142858,-0.02857142857142858,-0.02857142857142858,-0.028215556685307508,-0.03673469387755102,-0.04741085046118099,-0.09795918367346934,-0.11326167477667226,-0.0897959183673469,-0.10082794683709784,-0.18367346938775508
4542_2021-11-15,4542,2021-11-15,4000000.0,25.7,26.8,25.8,-0.018656716417910446,0.008902338700199741,-0.03171641791044777,-0.008810190279810781,-0.03358208955223885,-0.00888631288795838,-0.026119402985074647,-0.003928994967895005,-0.014925373134328401,0.010486223143409523,0.011194029850746245,0.022647143666064795,0.011194029850746245,0.014773127918033313,-0.011194029850746245,-0.01835222598532038,-0.009328358208955279,-0.01505491511661472,-0.009328358208955279,-0.0061071699483969955,0.0,0.0,-0.02425373134328368,-0.03320147651150129,0.020522388059701413,0.009785093857840321,-0.022388059701492602,-0.03634654216391209,-0.001865671641791078,-0.021550711011869783,-0.003731343283582156,-0.025921751300761908,-0.007462686567164201,-0.027147725937242906,-0.013059701492537323,-0.023081176080941068,0.02425373134328357,0.018527174435624127,0.00746268656716409,0.0020940394662334327,0.03731343283582089,0.04840863684441066,0.02238805970149249,0.033483263710082256,-0.013059701492537323,-0.025944454534770678,0.06343283582089554,0.031578863022040826,0.050373134328358216,0.016013792882402456,-0.04104477611940305
6616_2021-11-16,6616,2021-11-16,5000000.0,16.25,22.55,20.3,-0.03547671840354771,-0.00709786065257223,-0.0022172949002217113,0.0311278629571744,-0.0022172949002217113,0.028644712903964087,-0.004434589800443534,0.029620039500727002,-0.006651884700665245,0.01356805144690476,-0.03991130820399125,-0.027495557937939452,-0.02660753880266087,-0.024833860193224866,-0.022172949002217335,-0.018980327505232708,-0.013303769401330379,-0.0012427548571658509,-0.006651884700665245,0.0022165083465146562,0.0,0.0,-0.0022172949002217113,-0.003990973509657714,-0.024390243902439046,-0.029356544008859897,-0.024390243902439046,-0.03503231555905484,-0.024390243902439046,-0.037515465612265375,-0.03325942350332589,-0.043901495159941684,-0.037694013303769425,-0.038758220469431115,-0.05986696230598676,-0.05667434080900213,-0.05986696230598676,-0.056319605087114866,-0.07317073170731714,-0.0533055312816344,-0.07317073170731714,-0.0533055312816344,-0.04656319290465638,-0.025633785313312063,-0.12416851441241683,-0.11813800714033462,-0.15742793791574283,-0.18828994571992896,-0.1862527716186252,-0.20860112209751847,-0.27937915742793795
1777_2021-11-16,1777,2021-11-16,10000000.0,60.0,71.4,67.9,-0.04481792717086841,-0.016439069419892927,-0.012605042016806789,0.020740115840589324,0.007002801120448154,0.03786480892463395,0.011204481792717047,0.04525911109388758,0.0056022408963585235,0.02582217704392853,-0.007002801120448154,0.0054129491456036405,-0.012605042016806789,-0.010831363407370787,-0.009803921568627527,-0.0066113000716429005,-0.004201680672269115,0.007859333871895413,-0.004201680672269115,0.004666712374910786,0.0,0.0,-0.018207282913165423,-0.019980961522601426,-0.019607843137254943,-0.024574143243675795,-0.022408963585434316,-0.03305103524205011,-0.03221288515406173,-0.04533810686388806,-0.03501400560224088,-0.045656077258856675,-0.04061624649859952,-0.04168045366426121,-0.04061624649859952,-0.03742362500161489,-0.04341736694677878,-0.039870009727906885,-0.05882352941176472,-0.03895832898608198,-0.07282913165266114,-0.0529639312269784,-0.07843137254901977,-0.057501964957675455,-0.10084033613445387,-0.09480982886237166,-0.09103641456582634,-0.12189842237001247,-0.051820728291316565,-0.07416907877020984,-0.1596638655462186
3520_2021-11-23,3520,2021-11-23,20000000.0,12.8,15.25,12.65,-0.13442622950819672,-0.10002819511016248,-0.13770491803278684,-0.1254199057477745,-0.13770491803278684,-0.12401590434377319,-0.13442622950819672,-0.11196220704417437,-0.12459016393442623,-0.10528514462940697,-0.03934426229508192,-0.028814251765071353,0.042622950819672045,0.05139795959468085,0.016393442622950838,0.02200944823895634,0.01967213114754096,0.01967213114754096,0.022950819672131084,0.02049381721512855,0.0,0.0,-0.059016393442622994,-0.049539383965613526,-0.02622950819672132,-0.012540494507707667,-0.049180327868852514,-0.03514031382883842,-0.06229508196721312,-0.03210905178118306,-0.09508196721311468,-0.06489593702708463,-0.09180327868852456,-0.0605642474494934,-0.10491803278688527,-0.0898250176938703,-0.10491803278688527,-0.10035502822388087,-0.10163934426229515,-0.0967253393482903,-0.013114754098360604,-0.005392746376352897,0.08524590163934431,0.08980890620234872,-0.042622950819672156,-0.03841094660766797,-0.02950819672131144,-0.07759524480835978,-0.003278688524590234,0.0244503392044374,-0.16065573770491803
8927_2021-11-23,8927,2021-11-23,40000000.0,25.0,36.4,34.0,-0.07142857142857151,-0.03703053703053727,-0.05769230769230771,-0.04540729540729538,-0.05219780219780212,-0.03850878850878847,-0.07005494505494503,-0.04759092259092268,-0.06868131868131866,-0.04937629937629939,-0.06868131868131866,-0.05815130815130809,-0.07417582417582402,-0.06540081540081522,-0.0755494505494505,-0.069933444933445,-0.07142857142857151,-0.07142857142857151,-0.06593406593406592,-0.06839106839106845,0.0,0.0,-0.050824175824175866,-0.0413471663471664,-0.06868131868131866,-0.05499230499230501,-0.07692307692307687,-0.06288306288306278,-0.07829670329670335,-0.0481106731106733,-0.0892857142857143,-0.059099684099684247,-0.0851648351648352,-0.05392580392580404,-0.09478021978021967,-0.0796872046872047,-0.10576923076923084,-0.10120622620622644,-0.11950549450549453,-0.11459148959148968,-0.14423076923076927,-0.13650876150876157,-0.16758241758241754,-0.16301941301941314,-0.17170329670329676,-0.16749129249129258,-0.04258241758241754,-0.09066946566946588,-0.03159340659340659,-0.003864378864378959,-0.3131868131868132
6578_2021-12-01,6578,2021-12-01,6250000.0,16.0,18.8,17.1,-0.09574468085106391,-0.08559975331483194,-0.06117021276595758,-0.08761948812827647,-0.05053191489361697,-0.08277829170521112,-0.06117021276595758,-0.09595282146160977,-0.0585106382978724,-0.09075701510946654,-0.0585106382978724,-0.08097440641381448,-0.05319148936170215,-0.07130743139068774,-0.04787234042553201,-0.06562596361393769,-0.06117021276595758,-0.062257169287696645,-0.0585106382978724,-0.059597594819611466,0.0,0.0,-0.02659574468085102,-0.04326241134751785,-0.02393617021276595,-0.05147240209682391,-0.018617021276595813,-0.045790934320074084,-0.015957446808510634,-0.040232809127351166,-0.0026595744680851796,-0.03019580635214314,0.005319148936170137,-0.02620259019426463,-0.013297872340425565,-0.04228337958680228,-0.018617021276595813,-0.04724020968239284,-0.03191489361702138,-0.05727721245760098,-0.039893617021276584,-0.05511100832562443,-0.03191489361702138,-0.04858156028368821,-0.07446808510638314,-0.1320767807585569,-0.0664893617021276,-0.15561979648473634,-0.12765957446808518,-0.07802189330866494,-0.14893617021276595
6649_2021-12-20,6649,2021-12-20,9000000.0,21.2,26.0,26.1,-0.03653846153846152,-0.040414430530709367,-0.017307692307692246,-0.013431723315444066,-0.007692307692307665,-0.006987586057353501,-0.0038461538461539435,-0.007017401203447737,-0.007692307692307665,-0.008397029327261718,-0.0019230769230769162,-0.0022754377405538317,-0.007692307692307665,-0.004873421152490898,-0.0019230769230769162,0.010761912506098592,-0.005769230769230749,0.00550631539003632,-0.011538461538461608,-0.012595543990893021,0.0,0.0,-0.0461538461538461,-0.03734482571691866,-0.009615384615384581,-0.009263023797907444,-0.019230769230769273,-0.018878408413292136,-0.019230769230769273,-0.02451618149292567,-0.0038461538461539435,-0.011950452648127219,-0.009615384615384581,-0.025471621401853994,-0.04038461538461546,-0.06434515097305815,-0.038461538461538436,-0.06700276467718302,-0.0461538461538461,-0.07152382501219712,-0.07692307692307687,-0.10863555049601548,-0.08461538461538454,-0.13887895050685728,-0.10769230769230775,-0.16688892502845998,-0.06153846153846154,-0.08373719303951876,-0.12692307692307692,-0.10084837642977162,-0.18461538461538463
5014_2021-12-22,5014,2021-12-22,20000000.0,19.0,22.45,21.3,0.03340757238307357,0.042924667906513836,-0.008908685968819552,-0.012433536162686276,-0.0022271714922049712,-0.0032846265503650995,-0.017817371937639104,-0.01852234197641245,0.0044543429844099425,0.0069217381201166495,0.006681514476614803,0.01901849015514845,0.0044543429844099425,0.015381378585396788,-0.013363028953229383,-0.014772969030776295,-0.006681514476614692,-0.007033999496001475,0.0,0.008459640465280138,0.0,0.0,-0.020044543429844075,-0.020044543429844075,-0.020044543429844075,-0.025684303740031056,-0.03340757238307346,-0.04186721284835382,-0.0489977728285077,-0.06521208372029486,-0.0489977728285077,-0.07331923916618843,-0.0489977728285077,-0.07790154441821506,-0.05345211581291753,-0.07918352222814495,-0.055679287305122505,-0.08775542406931003,-0.06681514476614703,-0.12145032277108181,-0.07349665924276161,-0.12601692713137636,-0.07349665924276161,-0.11614734658854953,-0.10690423162583518,-0.15801455943690323,-0.11804008908685959,-0.12403233441643313,-0.055679287305122505,-0.02043078536645493,-0.15367483296213802
6569_2022-02-10,6569,2022-02-10,3000000.0,88.0,109.0,105.0,-0.041284403669724745,-0.08452010799329501,-0.013761467889908285,-0.0618786227016237,-0.01834862385321101,-0.05391347740969643,-0.02752293577981646,-0.06727188975471188,-0.013761467889908285,-0.008531342366895678,-0.013761467889908285,-0.017945568308318283,-0.013761467889908285,-0.0015578416695456454,-0.00917431192660545,0.003726664363492116,0.0,0.007670850767085069,0.0,0.0034867503486750717,0.0,0.0,0.0,-0.011506276150627714,0.0,-0.010808926080892567,-0.01834862385321101,-0.013467173365065865,-0.01834862385321101,-0.008934397911788405,-0.01834862385321101,-0.025322124550561154,-0.032110091743119296,-0.039780942510204365,-0.022935779816513735,-0.027817230304658658,-0.03669724770642202,-0.03948664798536217,-0.03669724770642202,-0.025888321625529342,-0.03669724770642202,-0.028677721904469378,-0.06422018348623848,-0.03214208027842824,-0.06880733944954132,-0.006045833173390691,-0.059633027522935755,-0.023370823896715298,-0.041284403669724745,0.09260680971939661,-0.19266055045871555
6751_2022-02-10,6751,2022-02-10,6970000.0,45.0,49.8,54.8,0.050200803212851364,0.006965098889281096,-0.025100401606425682,-0.0732175564181411,-0.016064257028112428,-0.05162911058459785,-0.036144578313252906,-0.07589353228814832,-0.008032128514056214,-0.002802002991043606,0.004016064257028162,-0.00016803616138183486,-0.014056224899598346,-0.0018525986792357063,-0.014056224899598346,-0.0011552486095007808,0.014056224899598346,0.021727075666683415,0.0,0.0034867503486750717,0.0,0.0,-0.030120481927710885,-0.0416267580783386,-0.033132530120481896,-0.04394145620137446,-0.031124497991967814,-0.02624304750382267,-0.030120481927710885,-0.02070625598628828,0.008032128514056325,0.0010586278167061813,-0.034136546184738825,-0.041807396951823894,-0.036144578313252906,-0.04102602880139783,-0.031124497991967814,-0.03391389827090796,-0.054216867469879415,-0.04340794138898674,-0.04016064257028118,-0.03214111676832854,-0.052208835341365334,-0.020130732133555096,-0.09136546184738947,-0.028603955571238848,-0.09638554216867468,-0.06012333854245422,-0.19277108433734924,-0.058879870948227886,-0.09638554216867468
4174_2022-02-18,4174,2022-02-18,30000000.0,105.0,116.5,114.0,-0.07725321888412018,-0.11220131576993331,0.01716738197424883,0.03758260688774351,0.11587982832618016,0.13110474182098975,0.15879828326180268,0.16987094762166421,0.11158798283261806,0.11920043958002291,0.09871244635193133,0.09490621797822874,0.06008583690987135,0.05697165005866034,0.02145922746781115,0.03391597487265552,0.030042918454935563,0.04699793575597355,0.03862660944205998,0.03931865096455134,0.0,0.0,-0.02145922746781115,-0.018691061377845708,0.012875536480686733,0.017719827138126143,-0.02145922746781115,-0.003120127121790328,0.07296137339055786,0.08853230764661324,0.02145922746781115,0.06090559424981801,0.0042918454935623185,0.04581433684304326,-0.012875536480686733,0.015152145180213017,-0.01716738197424894,0.016396631866581468,-0.01716738197424894,0.014320507299107499,-0.03433476394849788,0.007533748162228848,-0.06866952789699576,0.003994831964595935,-0.06008583690987124,-0.008182722723020008,-0.025751072961373356,0.03134235264416296,-0.030042918454935674,0.11666988431323044,-0.09871244635193133
4580_2022-03-10,4580,2022-03-10,4000000.0,84.0,93.0,91.3,0.04516129032258065,-0.03710286062081569,0.02043010752688179,-0.05315479813349566,-0.003225806451612856,-0.050772976262933645,0.0,-0.04528301886792452,0.016129032258064502,-0.04387096774193533,0.023655913978494647,-0.03030635017244876,0.018279569892473146,-0.03794684520186631,0.019354838709677358,-0.025550821667680967,0.0021505376344086446,-0.009170217082572485,-0.02043010752688179,-0.010241428281598797,0.0,0.0,0.008602150537634357,-0.02045445323595052,0.010752688172043001,-0.003586934469466563,0.0,-0.014339622641509564,-0.00967741935483879,-0.003262325015216172,-0.02043010752688179,-0.01816595658348552,-0.01505376344086029,-0.04448772570501136,0.0,-0.027169811320754578,-0.006451612903225712,-0.0404138770541691,-0.010752688172043001,-0.043205518360722284,-0.006451612903225712,-0.048715763846621796,-0.005376344086021501,-0.04688577804828564,-0.033333333333333326,-0.032955974842767244,-0.058064516129032295,-0.03353621424223985,-0.041935483870967794,-0.014010955569081052,-0.09677419354838712
6186_2022-03-10,6186,2022-03-10,13450000.0,24.5,26.55,26.0,-0.011299435028248594,-0.09356358597164494,-0.00941619585687381,-0.08300110151725126,-0.015065913370998163,-0.06261308318231895,-0.011299435028248594,-0.05658245389617311,-0.00941619585687381,-0.06941619585687364,-0.00941619585687381,-0.06337846000781722,-0.011299435028248594,-0.06752585012258805,-0.011299435028248594,-0.05620509540560692,-0.007532956685499026,-0.018853711402480156,-0.00941619585687381,0.0007724833884091842,0.0,0.0,-0.0018832391713747842,-0.03093984294495966,-0.0018832391713747842,-0.016222861812884348,0.007532956685499137,-0.006806665956010427,0.007532956685499137,0.013948051025121755,-0.0018832391713747842,0.00038091177202148607,-0.0018832391713747842,-0.031317201435525854,0.0,-0.027169811320754578,-0.0018832391713747842,-0.03584550332231817,-0.0018832391713747842,-0.03433606936005407,0.0018832391713747842,-0.0403809117720213,-0.0018832391713747842,-0.043392673133638926,0.03201506591337089,0.03239242440393697,0.0,0.024528301886792447,0.03201506591337089,0.05993959421525763,-0.07721280602636538
3625_2022-03-16,3625,2022-03-16,16000000.0,20.0,21.0,22.85,0.09523809523809534,0.016240753802470476,0.1499999999999999,0.08923281428028851,0.13809523809523805,0.07504928291103763,0.11428571428571432,0.06263360642395988,0.06428571428571428,0.04643535348054906,0.028571428571428692,0.03236937767891068,0.03571428571428581,0.02925777223156656,0.05476190476190479,0.019061183151574346,0.03571428571428581,0.014825565623135084,0.033333333333333215,0.01244461324218249,0.0,0.0,0.0,-0.004177744018230012,0.011904761904761862,-0.024175754616316825,0.01904761904761898,-0.014754128008970468,0.040476190476190554,-0.00016186497386638798,0.0452380952380953,0.006119219431031109,0.0452380952380953,-0.0037554482484218887,0.05238095238095242,0.004146998715931494,0.033333333333333215,-0.016419799974680238,0.011904761904761862,-0.02645452408080584,0.0023809523809523725,-0.03711771833685984,0.011904761904761862,-0.040506935778489295,-0.042857142857142816,-0.04741468178612107,-0.12619047619047608,-0.10416237136708062,-0.08095238095238089,-0.017906425768180245,-0.04761904761904767
5227_2022-03-24,5227,2022-03-24,10000000.0,60.0,86.1,87.7,-0.06736353077816493,-0.09741421868547862,0.027874564459930307,0.040546541288315585,0.03948896631823473,0.06628114589824918,0.011614401858304202,0.038406581438318654,-0.0011614401858303092,0.045543845838789454,-0.022067363530778095,0.020655301204920762,0.027874564459930307,0.04018448480750447,-0.006968641114982521,0.007513618117457765,-0.011614401858304313,-0.0036491592804621664,-0.026713124274099886,-0.017299655773013844,0.0,0.0,0.011614401858304202,0.012338514819926205,-0.019744483159117143,-0.020468596120739146,-0.05110336817653882,-0.040965786713830554,-0.05226480836236935,-0.0432133963420942,-0.05226480836236935,-0.05552331668966848,-0.06968641114982577,-0.06968641114982577,-0.07665505226480829,-0.06832775320615514,-0.06968641114982577,-0.056290321359818596,-0.0882694541231126,-0.05713259677336613,-0.08362369337979081,-0.05791768324220947,-0.09756097560975596,-0.056648593278112225,-0.20441347270615562,-0.14032947560260756,-0.2857142857142857,-0.1836143581255819,-0.16144018583042963,-0.02675517496873525,-0.3031358885017421
3707_2022-04-15,3707,2022-04-15,2200000.0,95.0,130.5,115.5,-0.11494252873563215,-0.0974769025743536,0.05363984674329503,0.023911121362395704,0.019157088122605304,-0.0072271556529426295,0.02298850574712641,0.005151270518586992,0.0,-0.012634708286882068,-0.04597701149425293,-0.04040287548533428,-0.019157088122605415,-0.019157088122605415,-0.01532567049808431,0.0002819103268879575,-0.04597701149425293,-0.031112648803803267,0.0,-0.00371609067261236,0.0,0.0,-0.05747126436781613,-0.04037724727379899,-0.08429118773946365,-0.061994643703789154,-0.07279693486590033,-0.053844872435576896,-0.06130268199233713,-0.04718153743640996,-0.05747126436781613,-0.04409333794641135,-0.11877394636015326,-0.09684901139173996,-0.15708812260536398,-0.11769756147567234,-0.15708812260536398,-0.11769756147567234,-0.1877394636015326,-0.12828201283973395,-0.2145593869731801,-0.15918963595125502,-0.1954022988505747,-0.1522956470482706,-0.13409961685823757,-0.04825792232089077,-0.04214559386973182,0.002447494201617162,-0.3716475095785441,-0.18584297594792343,-0.27203065134099613
6547_2022-04-28,6547,2022-04-28,7000000.0,220.0,256.5,247.0,0.02729044834308003,-0.054100306299353695,0.031189083820662766,-0.032027036289965505,0.02729044834308003,-0.01775103723574256,0.013645224171539905,-0.02586485089760293,0.0,-0.043065981825365585,0.042884990253411415,-0.005317301330942659,0.033138401559454245,-0.015854091526282588,0.04483430799220267,0.004929132172368567,0.021442495126705596,0.0001070545893686603,-0.003898635477582846,-0.025234076014919782,0.0,0.0,-0.00974658869395717,-0.0140926969515629,-0.023391812865497075,-0.04077624589591977,-0.031189083820662766,-0.041066602587948475,-0.0799220272904484,-0.0897995460577341,-0.08771929824561409,-0.10905473878295102,-0.08966861598440545,-0.09045881748578843,-0.13255360623781676,-0.11674957621015969,-0.16179337231968816,-0.14164323403442547,-0.1793372319688109,-0.16076749668631396,-0.23391812865497075,-0.19203744908167963,-0.1578947368421053,-0.12470627378402543,-0.15399610136452246,-0.1456989856000025,-0.18128654970760238,-0.15758050466611684,-0.2241715399610137,-0.1463366920748027,-0.14230019493177393
3207_2022-05-24,3207,2022-05-24,10000000.0,22.0,29.85,24.6,-0.15410385259631498,-0.1889317148861469,-0.11055276381909551,-0.10334699920740609,-0.09882747068676723,-0.09322298709989774,-0.1390284757118928,-0.10980509700893037,-0.14070351758793975,-0.12028718452148646,-0.13735343383584597,-0.12214126410005732,-0.09715242881072028,-0.09274890599246555,-0.008375209380234505,-0.014780333479513796,-0.03685092127303191,-0.024040673074472996,0.0016750418760467234,0.003676643157071502,0.0,0.0,-0.08207705192629822,-0.07086808475255924,-0.028475711892797406,-0.024872829586952694,-0.025125628140703515,-0.009112817892504954,0.03015075376884413,0.02534691069438466,0.028475711892797184,-0.0007476668101651374,0.06867671691792276,0.029445331809836217,0.038525963149078635,0.004498741371656623,0.12060301507537696,0.09738444021548909,0.1641541038525962,0.13372976438101913,0.19262981574539362,0.1726138029351454,0.15745393634840865,0.12622895636442144,0.0820770519262981,0.1253116395964342,-0.08207705192629822,0.04642575031549534,0.3668341708542713,0.3888517849455443,-0.26298157453936355
6690_2022-05-27,6690,2022-05-27,5000000.0,96.0,107.5,122.5,0.0976744186046512,0.06350029329952522,0.013953488372093092,0.0184286714477645,0.009302325581395321,0.008488655931273348,0.009302325581395321,-0.0024958843453743995,0.009302325581395321,-0.013480424622022147,0.009302325581395321,0.006047646980907206,0.013953488372093092,-0.0002857305050427694,0.009302325581395321,-0.006971067421045696,-0.0046511627906976605,-0.009533180691429943,0.0,-0.012611879576891694,0.0,0.0,-0.032558139534883734,-0.053713550438057034,-0.023255813953488413,-0.06922814918538434,-0.018604651162790753,-0.07474785702121223,-0.027906976744186074,-0.07876132987681428,-0.018604651162790753,-0.05847446401877121,-0.027906976744186074,-0.07509981645126496,-0.009302325581395321,-0.045917459836887664,-0.013953488372092981,-0.06195999772929406,-0.027906976744186074,-0.07265880750089881,-0.027906976744186074,-0.062081102049312054,-0.037209302325581395,-0.042498155051374664,-0.0967441860465117,-0.08087762786913166,-0.10418604651162788,-0.01753022877362942,0.13023255813953494,0.15545631729331855,-0.10697674418604652
5213_2022-06-06,5213,2022-06-06,44000000.0,23.5,24.05,23.85,-0.029106029106029108,-0.02010759405125606,-0.02494802494802506,-0.0003001376240814313,-0.027027027027027084,-0.004335321236729861,-0.03950103950103945,-0.005854717122322772,-0.037422037422037535,-0.011209204871176826,-0.0353430353430354,0.0029981227164324054,-0.0353430353430354,-0.017346165233489308,-0.018711018711018657,-0.024579563311957653,-0.012474012474012475,-0.028123464743183058,0.004158004158004047,-0.006405376123686191,0.0,0.0,-0.018711018711018657,-0.025753272232145408,-0.01455301455301461,-0.01142312409918056,-0.01455301455301461,-0.022377740687600012,-0.01455301455301461,-0.01924785023376585,-0.022869022869022926,-0.017391714574813255,-0.027027027027027084,0.006228059044960377,-0.03118503118503113,0.00363500011387341,-0.022869022869022926,0.016645844110632746,-0.02494802494802506,0.016523023565276906,-0.03118503118503113,0.023196815450336694,-0.04365904365904372,0.01933000172436783,-0.07692307692307698,0.058835921511977696,-0.05197505197505192,0.054441223455308,-0.07692307692307698,0.011105092091007518,-0.022869022869022926
6411_2022-06-08,6411,2022-06-08,5000000.0,112.0,141.0,137.0,-0.007092198581560294,0.019595399534609315,-0.021276595744680882,0.009335649153278336,0.024822695035461084,0.04797811104801997,0.010638297872340496,0.0459601189084472,0.02127659574468077,0.03619025351548144,0.05319148936170204,0.04416480176358584,0.06382978723404253,0.044991482681452144,0.07801418439716312,0.06427792066089943,0.049645390070921946,0.046505672645490215,0.028368794326241176,0.018164712693588214,0.0,0.0,-0.01773049645390068,-0.02871950744291163,-0.014184397163120588,-0.022033690726699806,-0.05319148936170215,-0.050836701292628295,-0.05673758865248224,-0.026517808432701906,-0.06382978723404253,-0.032040148301546334,-0.08510638297872342,-0.04860716790807973,-0.12411347517730498,-0.08565193671576643,-0.11702127659574468,-0.06560840375430033,-0.17730496453900713,-0.11725786877762556,-0.13475177304964536,-0.09393544651903307,-0.17730496453900713,-0.11529554538673081,-0.26241134751773054,-0.1168069519133349,-0.17021276595744683,-0.0732739904472427,-0.21985815602836878,-0.1429350791052918,-0.2056737588652482
6248_2022-06-09,6248,2022-06-09,15000000.0,20.0,22.35,22.4,-0.017897091722595126,0.017817193991690683,-0.017897091722595126,0.015876200202870727,-0.006711409395973256,0.03909604402017586,-0.01118568232662187,0.014435435685800524,0.0022371364653241965,0.004178130254144041,0.004474272930648615,-0.003289702224630986,0.0022371364653241965,-0.0004802548390234751,0.01118568232662187,0.018949657481901472,0.01342281879194629,0.01419921630747445,0.01342281879194629,0.024292384009337642,0.0,0.0,-0.044742729306487705,-0.04163713924437584,-0.04921700223713654,-0.036018244473161265,-0.058165548098433995,-0.017404678533216478,-0.07382550335570481,-0.03151183875943142,-0.07382550335570481,-0.026853453666263682,-0.09172259507829983,-0.04280955160003885,-0.09619686800894867,-0.03447326552447649,-0.10738255033557054,-0.037118575180290936,-0.08277404921700227,-0.031531813192157476,-0.08501118568232668,-0.012806216738227238,-0.09172259507829983,-0.007095265885753155,-0.13422818791946312,-0.004569802826295266,-0.11856823266219252,-0.021906741978962585,-0.06935123042505598,0.03662703044450932,-0.10514541387024612
6570_2022-06-22,6570,2022-06-22,3000000.0,33.0,41.5,40.3,-0.03614457831325302,-0.046782876185593514,-0.0060240963855421326,-0.06003391635280908,0.010843373493975905,-0.03989312405103229,0.010843373493975905,-0.029254826178691795,0.0072289156626506035,-0.0038185475124721258,0.002409638554216942,-0.007001163409776412,0.008433734939758963,0.003932916609153514,-0.004819277108433773,-0.007274268925127614,-0.02168674698795181,-0.01063928381282897,-0.026506024096385583,-0.006456924260051733,0.0,0.0,-0.055421686746987886,-0.033326760396742316,-0.06024096385542166,-0.025052747816141863,-0.054216867469879526,-0.02107447794451134,-0.04216867469879515,-0.031939542129237,-0.050602409638554224,-0.030962475105002607,-0.050602409638554224,-0.022779169049356174,-0.06385542168674696,-0.011482262930609388,-0.08313253012048205,0.004019679372152973,-0.08433734939759041,0.011816496756255734,-0.06867469879518073,0.022978329028059852,-0.07710843373493981,0.032138702107940786,-0.054216867469879526,0.004293770827992871,-0.053012048192771166,-0.004321377161674578,0.2530120481927711,0.3213426537574193,-0.20481927710843373
5905_2022-06-23,5905,2022-06-23,60000000.0,10.8,12.4,12.2,-0.0040322580645162365,-0.0454548522067757,0.11693548387096775,0.04245849642326904,0.125,0.061401673640167465,0.125,0.09110878661087862,0.10483870967741926,0.07262113645566193,0.08467741935483852,0.05748076663517332,0.06451612903225801,0.0394115265217978,0.04435483870967727,0.03305776757997014,-0.016129032258064613,-0.01822108246726961,0.02016129032258074,-0.0024328519368335133,0.0,0.0,-0.012096774193548376,0.001292347145363748,0.0,0.011297071129707015,0.02016129032258074,0.008027399109191702,0.008064516129032251,0.005554055877986297,0.0,0.0058577405857740406,-0.028225806451612878,0.002736536644621479,-0.07258064516129037,-0.006053448508570702,-0.06451612903225812,0.011216088540963565,-0.03629032258064524,0.03483938453232549,-0.06048387096774188,0.028637467944392037,-0.06854838709677413,-0.0066237009043054185,-0.04435483870967749,-0.017995006073694197,-0.06854838709677413,-0.04386219462815488,-0.028225806451612878,0.029933189364286683,-0.12903225806451613
4168_2022-06-23,4168,2022-06-23,4500000.0,23.0,28.05,26.7,-0.07664884135472383,-0.11807143549698329,-0.030303030303030387,-0.1047800177507291,-0.030303030303030387,-0.09390135666286292,-0.0445632798573975,-0.07845449324651887,-0.0445632798573975,-0.07678085307915483,-0.005347593582887722,-0.032544246302552926,0.0,-0.025104602510460206,-0.016042780748663055,-0.02733985187837018,-0.024955436720142554,-0.027047486929347553,-0.0267379679144385,-0.04933211017385275,0.0,0.0,-0.012477718360071388,0.0009114029788407363,-0.014260249554367332,-0.0029631784246603177,-0.016042780748663055,-0.02817667196205209,-0.023172905525846832,-0.025683365776892786,0.017825311942959,0.02368305252873304,-0.014260249554367332,0.016702093541867025,-0.10873440285204994,-0.04220720619933027,-0.11408199643493755,-0.038349778861715866,-0.0802139037433155,-0.009084196630344765,-0.08377896613190738,0.005342372780226534,-0.08199643493761144,-0.020071748745142726,0.033868092691622165,0.06022792532760546,-0.04991087344028533,-0.02522468097166608,0.44741532976827103,0.5055743255841706,-0.18003565062388593
3710_2022-06-30,3710,2022-06-30,50000000.0,11.0,13.5,12.0,-0.09259259259259256,-0.17971380471380471,-0.08148148148148149,-0.11262626262626263,0.007407407407407307,-0.009848484848484995,-0.0444444444444444,-0.0524410774410774,-0.03703703703703709,-0.06565656565656586,-0.022222222222222254,-0.028114478114478092,-0.03703703703703709,-0.029461279461279632,-0.029629629629629672,-0.024158249158249268,-0.03703703703703709,-0.05513468013468026,0.0185185185185186,0.010101010101010166,0.0,0.0,-0.07407407407407407,-0.048821548821548766,-0.11111111111111116,-0.050084175084175175,-0.12962962962962965,-0.059343434343434365,-0.12222222222222223,-0.0565656565656566,-0.15555555555555556,-0.07180134680134675,-0.14074074074074072,-0.08434343434343428,-0.14444444444444438,-0.09772727272727266,-0.1518518518518519,-0.09671717171717176,-0.1777777777777778,-0.09991582491582496,-0.17407407407407405,-0.12904040404040407,-0.15925925925925932,-0.11885521885521899,-0.13333333333333341,-0.11734006734006752,0.04444444444444451,0.03392255892255891,0.09629629629629632,0.17289562289562288,-0.18518518518518523
6590_2022-06-30,6590,2022-06-30,3000000.0,50.0,55.6,59.5,0.09172661870503607,0.004605406583823912,0.08453237410071934,0.0533875929559382,0.05395683453237421,0.03670094227648191,0.02517985611510798,0.017183223118474977,0.03417266187050361,0.00555313325097484,0.007194244604316502,0.0013019887120606644,0.0,0.007575757575757458,0.012589928057553879,0.018061308528934283,0.01618705035971213,-0.0019105927379310383,0.008992805755395628,0.0005752973378871928,0.0,0.0,-0.008992805755395739,0.016259719497129566,-0.01978417266187049,0.04124276336506549,-0.01258992805755399,0.057696267228641296,-0.025179856115107868,0.04047670954145777,-0.025179856115107868,0.058574352639100935,-0.025179856115107868,0.031217450282198578,-0.023381294964028854,0.02333587675314286,-0.023381294964028854,0.031753385170651294,-0.017985611510791366,0.05987634135116149,-0.025179856115107868,0.019853813918562113,-0.025179856115107868,0.015224184288932463,-0.04856115107913672,-0.03256788508587083,-0.03776978417266186,-0.04829166969454746,-0.059352517985611586,0.01724680861371497,-0.1007194244604317
6220_2022-07-11,6220,2022-07-11,7500000.0,20.0,23.25,23.7,0.08602150537634401,-0.00492772199672431,0.006451612903225712,-0.06153955707469927,0.01505376344086029,-0.04278288115075113,0.01505376344086029,-0.033952859075695896,0.01505376344086029,-0.00746279285053042,-0.01505376344086029,-4.272591326648367e-05,-0.012903225806451646,0.011820836003702873,0.0021505376344086446,0.022018087303282807,-0.012903225806451646,0.0259488713237912,0.004301075268817289,0.014455600655130851,0.0,0.0,-0.019354838709677358,-0.010524816634622125,-0.017204301075268713,0.01546678060243556,-0.017204301075268713,-0.01897030549027967,-0.019354838709677358,-0.025977355265968782,-0.01505376344086029,-0.034921313109734564,-0.008602150537634357,-0.01699067150893674,0.023655913978494647,0.014384390799686786,0.032258064516129004,0.016364024781029718,0.03010752688172036,0.002734458449049404,0.03655913978494629,0.00521256141850035,0.12903225806451624,0.09856868190557577,0.20860215053763453,0.15562201808730336,0.24301075268817196,0.18517410809656054,0.27526881720430096,0.34988250373851737,-0.13978494623655913
6217_2022-07-22,6217,2022-07-22,17000000.0,39.3,64.2,66.5,-0.0031152647975077885,-0.018585827754104334,-0.04672897196261683,-0.020085224648478506,-0.0420560747663552,-0.006817570254107674,-0.11682242990654201,-0.05837808095939978,-0.11682242990654201,-0.09189763403202555,-0.08255451713395645,-0.06235683771839995,-0.06697819314641751,-0.05967264952802476,-0.04517133956386299,-0.02669261158792835,-0.049844236760124616,-0.03222498450400091,-0.015576323987538943,-0.004403139629997055,0.0,0.0,-0.0841121495327104,-0.08797979027185954,-0.034267912772585674,-0.03727607779192399,-0.02180685358255463,-0.015790523543878332,-0.010903426791277315,-0.013911591810615631,-0.026479750778816258,-0.031206867237776437,-0.009345794392523366,-0.023527143769403458,-0.007788161993769416,-0.018961346351311414,-0.024922118380062308,-0.018046312621574967,-0.05919003115264809,-0.05833055543283727,-0.0420560747663552,-0.04377502620597706,-0.03582554517133962,-0.06289903034538358,-0.06074766355140193,-0.10544040098156948,-0.09190031152647982,-0.0708431563911125,-0.3722741433021808,-0.24120409603101622,-0.3878504672897197
8068_2022-07-22,8068,2022-07-22,8000000.0,22.0,30.65,38.75,-0.021207177814029365,-0.03667774077062591,-0.07667210440456762,-0.0500283570904293,-0.10277324632952689,-0.06753474181727936,-0.045676998368678556,0.012767350578463676,-0.04078303425774876,-0.015858238383232304,-0.045676998368678556,-0.025479318953122054,-0.055464926590538366,-0.048159382972145615,-0.05057096247960835,-0.03209223450367371,-0.05220228384991832,-0.03458303159379461,-0.021207177814029365,-0.010033993456487478,0.0,0.0,-0.039151712887438794,-0.04301935362658793,-0.04404567699836859,-0.047053842017706904,-0.07667210440456762,-0.07065577436589132,-0.07014681892332786,-0.07315498394266617,-0.05383360522022829,-0.058560721679188465,-0.004893964110929794,-0.019075313487809886,0.09461663947797705,0.08344345512043505,0.17455138662316472,0.18142719238165206,0.06035889070146827,0.06121836642127909,-0.02610114192495916,-0.027820093364581022,0.0016313213703100793,-0.025442163803733875,-0.08319738988580738,-0.12789012731597493,-0.0734094616639478,-0.05235230652858047,-0.25122349102773245,-0.12015344375656789,-0.2822185970636215
5011_2022-07-27,5011,2022-07-27,10000000.0,26.0,27.85,30.4,0.0035906642728904536,-0.023646689812712562,-0.034111310592459754,-0.015088396627911504,0.02333931777378817,0.037606503247199385,0.05385996409335725,0.05515698095457644,0.11310592459605018,0.12564375425450247,0.09515260323159769,0.10682575498257052,0.08976660682226201,0.09495467426713888,0.07181328545780974,0.06576054010545351,0.03949730700179521,0.029553511065781413,0.01795332136445249,0.008874203335918152,0.0,0.0,-0.0053859964093357915,-0.01446511443787013,-0.012567324955116699,-0.02337579879860996,-0.010771992818671472,-0.0310919236444388,-0.0017953321364452268,-0.019088890286034443,-0.021543985637342944,-0.020679307729863372,-0.032315978456014416,-0.03750404590089118,-0.044883303411131004,-0.05266540457844615,-0.034111310592459754,-0.067401410030419,-0.02872531418312385,-0.05985371885238444,-0.03052064631956919,-0.06078437308135032,-0.019748653500897717,-0.039203906419185586,-0.05206463195691213,-0.0715198848752,-0.12028725314183131,-0.0904558653337898,-0.26750448833034124,-0.122670938827531,-0.06642728904847406
5468_2022-07-28,5468,2022-07-28,8000000.0,18.0,20.8,29.0,0.2596153846153846,0.26732746687759545,-0.021634615384615308,0.0015016314020170896,0.012019230769230838,0.022302007118845224,0.03125,0.05267245072836335,0.024038461538461453,0.04460401423769034,0.028846153846153744,0.04298497132687362,0.04567307692307687,0.048672220025047785,0.08173076923076916,0.08087387120163458,0.02644230769230771,0.02644230769230771,-0.0024038461538461453,0.0065935831520663735,0.0,0.0,-0.019230769230769384,-0.02094456528903854,0.007211538461538325,-0.003928135917210529,0.012019230769230838,0.003878699492452675,-0.04326923076923084,-0.03341490343418363,-0.0625,-0.05864395886889462,-0.07211538461538458,-0.07083003757168271,-0.05288461538461542,-0.07687776020038228,-0.024038461538461564,-0.045889361281392094,-0.05288461538461542,-0.07387861709841159,-0.060096153846153855,-0.07037893019576835,-0.05769230769230771,-0.08639839166831442,0.05769230769230771,0.037983653022213515,0.060096153846153744,0.09180138092413148,-0.1826923076923077,-0.027593764418957223,-0.1346153846153847
6244_2022-07-28,6244,2022-07-28,32000000.0,22.5,27.55,27.2,0.08529945553539009,0.09301153779760096,0.019963702359346636,0.04309994914597903,0.00907441016333932,0.019357186512953706,0.007259528130671544,0.028681978859034896,0.02177858439201441,0.042344137091243295,0.01814882032667886,0.03228763780739874,0.025408348457350183,0.028407491559321096,0.012704174228675091,0.011847276199540513,0.016333938294010864,0.016333938294010864,-0.003629764065335772,0.005367665240576747,0.0,0.0,0.00907441016333932,0.007360614105070162,0.08166969147005454,0.07053001709130569,0.06715063520871145,0.05901010393193329,0.03085299455535373,0.04070732189040094,0.019963702359346636,0.023819743490452017,0.014519056261342866,0.015804403305044734,0.02177858439201441,-0.002214560423752454,0.04537205081669682,0.02352115107376629,0.03992740471869327,0.018933403004897098,0.02722323049001818,0.016940454140403682,0.034482758620689724,0.005776674644683011,0.041742286751361046,0.022033632081266852,-0.01814882032667875,0.013556406751298988,-0.11615245009074404,0.038946093182606445,-0.1833030852994556
8171_2022-08-09,8171,2022-08-09,8000000.0,30.0,41.95,46.3,-0.16567342073897506,-0.08433170166140691,-0.04767580452920139,-0.01748712528391838,-0.04886769964243154,-0.027484051843689405,-0.04648390941597147,-0.026777410464189577,-0.0441001191895114,-0.03361793889601039,-0.03933253873659126,-0.025915347960909996,-0.04648390941597147,-0.015456655747208337,-0.05482717520858171,-0.029669942504179203,-0.08700834326579276,-0.0643668338318305,-0.06197854588796192,-0.06407498194666206,0.0,0.0,-0.08581644815256262,-0.08497787372908261,-0.0953516090584029,-0.08403085434142177,-0.12157330154946366,-0.1282818969373044,-0.12753277711561384,-0.1405306806795552,-0.13110846245530394,-0.1533306846775263,-0.11561382598331349,-0.13951319705249587,-0.09654350417163304,-0.12086216245255554,-0.06317044100119207,-0.08078050389427383,-0.06197854588796192,-0.08126575762800392,-0.08104886769964259,-0.08566102702878298,-0.08700834326579276,-0.07820331181925189,-0.11323003575685342,-0.07675204833546978,-0.06197854588796192,-0.0020204746091359027,-0.09177592371871279,0.0805511203064444,-0.28486293206197855
2641_2022-08-11,2641,2022-08-11,50000000.0,18.28,22.25,20.35,-0.08764044943820226,-0.05456156903107756,-0.0561797752808989,-0.04769801107394389,-0.04719101123595504,-0.048039187656650384,-0.035955056179775347,-0.03383461512803654,-0.05842696629213484,-0.03849482040579044,-0.06966292134831464,-0.055668010406838775,-0.07191011235955058,-0.060459730680161194,-0.04943820224719109,-0.06300902497831906,-0.035955056179775347,-0.04740543785916451,-0.024719101123595544,-0.035321306382289364,0.0,0.0,-0.051685393258426915,-0.06992118630338018,-0.0561797752808989,-0.08077689148106837,-0.038202247191011285,-0.07212930401883155,-0.0561797752808989,-0.09180318495011008,-0.04269662921348316,-0.07874412709304202,-0.02921348314606731,-0.058475569660062066,-0.04269662921348316,-0.07365506856886905,-0.0674157303370787,-0.08353108233029316,-0.08314606741573038,-0.08569059667781687,-0.09213483146067414,-0.09213483146067414,-0.09213483146067414,-0.10146477208832472,-0.1842696629213484,-0.14270901830726856,-0.17303370786516858,-0.10348324136813714,-0.2584269662921348,-0.11126835730146467,-0.17842696629213473
6667_2022-08-17,6667,2022-08-17,5000000.0,48.0,75.4,61.4,-0.10344827586206906,-0.045708718122511316,-0.11273209549071617,-0.06482054757916833,-0.11273209549071617,-0.06727755003617075,-0.10079575596816992,-0.07950173467414867,-0.10875331564986745,-0.08541179230834417,-0.10875331564986745,-0.0845927914893434,-0.09814323607427067,-0.06374520167623632,-0.05835543766578255,-0.04156592087626576,-0.05835543766578255,-0.04770842701877187,-0.019893899204244003,-0.018255897566242463,0.0,0.0,-0.03315649867374004,-0.03356599908324065,-0.018567639257294544,-0.012425133114788434,-0.01458885941644572,-0.010084354911941262,-0.035809018567639295,-0.01697199973062047,-0.034482758620689724,-0.0025417266796577964,-0.03846153846153855,-0.0040635040635041975,-0.023872679045092937,0.0015163463439323843,-0.023872679045092937,-0.0033976585700724593,-0.034482758620689724,0.01097178683385569,-0.009283819628647216,0.034532724187896546,-0.011936339522546469,0.024918697332490414,0.027851458885941538,0.09541902645350908,-0.12466843501326264,0.016199705854878177,-0.1923076923076924,-0.08501858501858517,-0.363395225464191
1584_2022-08-19,1584,2022-08-19,30000000.0,18.0,22.3,17.6,-0.12556053811659196,-0.08806568850802177,-0.07399103139013463,-0.05874587275807863,-0.08520179372197323,-0.06789647851801772,-0.017937219730941756,0.00019215810177342085,-0.011210762331838597,0.017219398360373894,-0.03139013452914796,-0.020677320355270812,-0.013452914798206317,-0.008920570340027467,-0.011210762331838597,-0.015743106790017447,-0.03139013452914796,-0.03757060424484637,0.008968609865470878,0.00237610883539241,0.0,0.0,-0.060538116591928315,-0.062186241849447876,-0.07399103139013463,-0.061218060644357974,-0.06502242152466364,-0.03906444871873049,-0.07847533632286996,-0.05004517563065747,-0.06278026905829603,-0.04341479728244113,-0.06726457399103136,-0.052843477987735143,-0.1053811659192826,-0.0658261597388129,-0.10313901345291487,-0.06523213252996474,-0.10313901345291487,-0.07223666487442293,-0.12331838565022424,-0.07222650266711761,-0.12107623318385652,-0.059683567341252575,-0.18834080717488788,-0.11170298270022783,-0.21748878923766823,-0.059680795830169275,-0.20403587443946192,-0.14923570962693622,-0.19282511210762332
3691_2022-08-19,3691,2022-08-19,16000000.0,115.0,169.5,141.5,-0.12684365781710916,-0.08934880820853897,-0.1415929203539823,-0.1263477617219263,-0.10914454277286134,-0.09183922756890583,-0.09144542772861353,-0.07331604989589835,-0.10914454277286134,-0.08071438208064885,-0.09734513274336287,-0.08663231856948572,-0.10029498525073743,-0.09576264079255858,-0.07374631268436582,-0.07827865714254467,-0.05899705014749268,-0.06517751986319109,-0.05604719764011801,-0.06263969867019648,0.0,0.0,-0.10029498525073743,-0.101943110508257,-0.12684365781710916,-0.1140706870713325,-0.1327433628318584,-0.10678539002592524,-0.16814159292035402,-0.13971143222814153,-0.15634218289085544,-0.13697671111500054,-0.1504424778761062,-0.13602138187281,-0.16519174041297935,-0.12563673423250965,-0.15929203539823011,-0.12138515447527998,-0.15339233038348088,-0.12248998180498893,-0.17699115044247793,-0.1258992674593713,-0.18584070796460173,-0.12444804212199778,-0.21533923303834812,-0.13870140856368807,-0.36283185840707965,-0.2050238649995807,-0.3480825958702065,-0.2932824310576808,-0.3215339233038348
6109_2022-08-25,6109,2022-08-25,12000000.0,12.0,15.3,12.0,-0.12418300653594772,-0.1157012423289927,-0.11111111111111116,-0.12934690415606442,-0.12091503267973869,-0.14551214887990815,-0.05555555555555569,-0.08948261238337596,-0.07516339869281052,-0.1107868083620217,0.016339869281045694,-0.01970762859851316,0.1143790849673203,0.08511699845332554,0.045751633986928164,0.014793194631542272,0.045751633986928164,0.02963628199371371,0.03267973856209161,0.030135209300005128,0.0,0.0,0.016339869281045694,0.007009928653395114,0.019607843137254832,0.005188843985431291,-0.009803921568627527,0.0016464601107618604,0.02287581699346397,0.032629845831462334,0.03267973856209161,0.0352242678241782,-0.013071895424836666,0.010252956144289671,-0.019607843137254943,0.014319213690565213,-0.08823529411764719,-0.05642867834156573,-0.10784313725490202,-0.08239784463403688,-0.10457516339869288,-0.056229107419049074,-0.07516339869281052,-0.0336027540787307,-0.12745098039215697,-0.057900513895125516,-0.02941176470588247,0.06982487651549163,-0.02941176470588247,0.004939380332285581,-0.21568627450980393
3162_2022-08-29,3162,2022-08-29,20000000.0,42.0,49.85,46.0,-0.0832497492477432,-0.06694540142165639,-0.07522567703109329,-0.09445644626186267,-0.05917753259779346,-0.08008054263123832,-0.06720160481444337,-0.08852267504855715,-0.031093279839518595,-0.04572538686293004,-0.029087261785356144,-0.04539160961144306,-0.0030090270812437314,-0.004681267883919427,-0.02006018054162484,-0.008354494922895861,-0.0030090270812437314,0.011205019741498679,0.0030090270812437314,0.008025749489270484,0.0,0.0,0.011033099297893534,0.03653477153869622,0.0030090270812437314,0.026838458519370723,-0.006018054162487574,0.010704353864268268,-0.01905717151454367,0.018150186344987995,-0.010030090270812475,0.03762877260544162,-0.04714142427281853,-0.0015728623999089475,-0.05015045135406215,-0.01085279249118598,-0.06519558676028081,-0.003322677061284196,-0.053159478435305885,0.002024468052988393,-0.03811434302908723,-0.002997286172900071,-0.0481444332998997,-0.018044098851739188,-0.03711133400200606,0.06405923455986684,-0.11935807422266809,0.04284928363686358,-0.10732196589769305,-0.07387714984418137,-0.15747241725175531
3188_2022-08-29,3188,2022-08-29,60000000.0,10.0,15.5,14.85,-0.07741935483870965,-0.061115007012622846,-0.06774193548387097,-0.08697270471464036,-0.04516129032258065,-0.06606430035602551,-0.048387096774193505,-0.06970816700830729,-0.05161290322580647,-0.06624501024921792,-0.04516129032258065,-0.06146563814866757,-0.03548387096774197,-0.037156111770417666,-0.041935483870967794,-0.030229798252238815,-0.01935483870967747,-0.005140791886935059,-0.006451612903225823,-0.0014348904951990704,0.0,0.0,-0.1322580645161291,-0.1067563922753264,-0.12903225806451613,-0.10520282662638913,-0.13870967741935492,-0.12198726939259907,-0.14516129032258063,-0.10795393246304896,-0.16774193548387095,-0.12008307260761686,-0.17419354838709677,-0.1286249865141872,-0.1806451612903226,-0.14134750242744643,-0.20967741935483875,-0.14780450965584213,-0.22903225806451621,-0.17384831157622194,-0.22258064516129028,-0.18746358830510312,-0.14516129032258063,-0.11506095587442011,-0.2709677419354838,-0.1697971733736109,-0.2806451612903226,-0.11843780343079091,-0.24838709677419357,-0.2149422807206819,-0.3548387096774194
3232_2022-09-19,3232,2022-09-19,10000000.0,21.0,34.1,28.25,-0.1085043988269796,-0.18846885906687305,-0.12316715542522005,-0.13516182446120406,-0.13049853372434028,-0.144714437766988,-0.14516129032258074,-0.1660408993852196,-0.1407624633431085,-0.13765273433377934,-0.12609970674486803,-0.13009792975686263,-0.11730205278592376,-0.14262413186189005,-0.06158357771261003,-0.09223662080456918,-0.045454545454545525,-0.05522797948386582,-0.007331378299120228,-0.018881800333771404,0.0,0.0,-0.01759530791788866,-0.013152837904561232,0.0029325513196480912,-0.0015099186936793352,-0.007331378299120228,-0.003333155287125522,0.004398826979472137,0.02039171902745074,0.01026392961876832,0.035586008694734494,-0.02346041055718484,0.02007579557342365,-0.02346041055718484,0.02140853657742192,-0.06891495601173026,-0.004054893817150074,-0.048387096774193505,0.01958269442971583,-0.052785923753665864,0.02806703048889292,-0.06158357771261003,0.030375551563267322,-0.15102639296187692,-0.04929382965667917,-0.1920821114369502,-0.07702213809177028,-0.1055718475073314,-0.11312404652998798,-0.3841642228739003
2743_2022-09-20,2743,2022-09-20,4000000.0,50.0,72.7,57.7,-0.1581843191196699,-0.22734987021293174,-0.1361760660247594,-0.15491769922422394,-0.10453920220082547,-0.12997427582867027,-0.11004126547455295,-0.111379953560229,-0.07427785419532329,-0.08275621207127148,-0.06464924346629985,-0.0945466107130647,-0.030261348005502064,-0.06551346759497112,0.00687757909215958,-0.007401760488384923,-0.03301237964236592,-0.049076636670478346,0.06052269601100391,0.056060402392083875,0.0,0.0,0.04126547455295726,0.03234088731511697,0.04264099037138913,0.04219476100949704,0.03576341127922955,0.047365374688421835,0.011004126547455195,0.03197690655637975,-0.04126547455295737,-0.001997290706460375,-0.09491059147180203,-0.05430371953962887,-0.18294360385144437,-0.12225641063413073,-0.1636863823933976,-0.09987558364283988,-0.1361760660247594,-0.059424615779333334,-0.13067400275103158,-0.04276681845830521,-0.12929848693259982,-0.06459522945825802,-0.3012379642365888,-0.19146554121115367,-0.3122420907840441,-0.2047008145680691,-0.23383768913342506,-0.2583803040374857,-0.3122420907840441
6446_2022-09-26,6446,2022-09-26,16700000.0,408.0,580.0,537.0,0.020689655172413834,-0.06955647062521608,-0.051724137931034475,-0.10368402854179104,-0.05344827586206902,-0.11087762864237882,0.01379310344827589,-0.02221418916795015,0.0,-0.03783044667274371,0.018965517241379404,-0.007014428063998768,-0.006896551724137945,-0.028318611888221712,0.0034482758620688614,-0.027089554584603937,0.008620689655172376,-0.01325715902304081,0.018965517241379404,0.009393958444661177,0.0,0.0,-0.020689655172413834,-0.0020023260931066877,-0.0431034482758621,-0.023048753654166587,-0.1155172413793103,-0.07495206362178974,-0.1293103448275862,-0.0855546474711596,-0.16637931034482756,-0.10940574607864706,-0.16034482758620694,-0.09197655046679032,-0.1387931034482759,-0.09412582906359035,-0.1637931034482759,-0.1414594662559331,-0.16724137931034477,-0.15174456982994367,-0.1594827586206896,-0.12757756263162856,-0.22844827586206895,-0.146406343318769,-0.2793103448275862,-0.1608053311539308,-0.1732758620689655,-0.09943812277999553,-0.13620689655172413,-0.14167635872127737,-0.29655172413793107
8121_2022-10-13,8121,2022-10-13,30000000.0,21.0,26.85,31.4,0.16014897579143383,0.02591743886528608,0.10242085661080069,0.05202165501399425,0.10428305400372428,0.05737686637897377,0.09124767225325892,0.05881254251273993,0.12476722532588447,0.10480714548556502,0.10800744878957169,0.06209926515683728,0.11731843575418988,0.04695915431706421,0.10242085661080069,0.024576545233555125,0.08379888268156432,0.023918643160606212,0.022346368715083775,0.017356348755003914,0.0,0.0,-0.11731843575418999,-0.10534238784999839,-0.07076350093109873,-0.08723056679936203,-0.02420856610800748,-0.021713556127967548,-0.04841713221601496,-0.057399168144158574,-0.06890130353817514,-0.06441028557410322,-0.05772811918063314,-0.04774807926047342,-0.08752327746741162,-0.07454922557120403,-0.09497206703910621,-0.07900400316685063,-0.12104283054003728,-0.08611269081947837,-0.13221601489757917,-0.10626791110516387,-0.11359404096834269,-0.10161799306415109,-0.0968342644320298,-0.12976839616855662,-0.022346368715083886,-0.18701702739771864,-0.06331471135940425,-0.1790831744332565,-0.2178770949720671
6123_2022-10-14,6123,2022-10-14,4500000.0,49.0,54.9,55.8,0.06193078324225865,-0.08806921675774126,0.0018214936247722413,-0.057774465971187405,-0.0018214936247723523,-0.046770988574267425,-0.0018214936247723523,-0.03414472594800466,0.0,-0.05858585858585852,0.0036429872495447047,-0.07969034608378855,-0.0018214936247723523,-0.09273058453386318,0.010928961748633892,-0.06179831097863886,0.0018214936247722413,-0.01535022354694493,0.010928961748633892,-0.0011922503725783073,0.0,0.0,0.010928961748633892,-0.017858917039244915,-0.0018214936247723523,-0.011417453220731955,0.0018214936247722413,-0.019390627587348996,0.0018214936247722413,-0.005754263950985328,0.0036429872495447047,0.0016227852293426714,-0.012750455373406133,-0.011740354363305228,-0.00910746812386154,-0.005067064083457473,-0.029143897996357082,-0.005911574764033922,-0.0564663023679417,-0.04232488822652747,-0.0564663023679417,-0.0564663023679417,-0.05282331511839711,-0.040197052492134455,-0.041894353369763104,-0.1429044543798641,-0.016393442622950838,-0.19518132141082956,-0.016393442622950838,-0.18609041231992052,-0.10746812386156646
6266_2022-11-03,6266,2022-11-03,14000000.0,18.0,23.35,24.85,0.012847965738757905,-0.059652034261242104,-0.010706638115631661,-0.0027066381156316544,-0.01927194860813719,-0.008271948608137292,-0.027837259100642497,-0.013837259100642485,-0.04925053533190582,-0.016250535331905902,-0.04496788008565311,-0.02096788008565309,0.0021413276231261325,0.012141327623126141,-0.03426124197002145,-0.011761241970021485,-0.012847965738758016,-0.003347965738757952,-0.0021413276231263545,0.001858672376873649,0.0,0.0,-0.017130620985010836,-0.004130620985010824,-0.008565310492505529,0.0029346895074945367,0.0,-0.00550000000000006,-0.0021413276231263545,-0.01814132762312637,0.09635974304068529,0.05135974304068536,0.062098501070663836,0.027098501070663916,0.05781584582441113,-0.03218415417558895,0.06423982869379019,-0.0357601713062099,0.07280513918629539,-0.07419486081370463,0.06638115631691632,-0.0786188436830837,0.09207708779443258,-0.053422912205567386,0.10492505353319048,-0.07857494646680951,0.14775160599571735,-0.0012483940042826713,0.09421841541755893,-0.11428158458244098,-0.22912205567451827
2743_2022-11-09,2743,2022-11-09,4000000.0,34.0,53.9,65.8,0.19294990723562155,0.20672943479467654,-0.13636363636363635,-0.09699355762347883,-0.09554730983302406,-0.06995675865192175,-0.13729128014842296,-0.09939757936102145,-0.10946196660482377,-0.08436354140797342,-0.08070500927643787,-0.06101996990635916,-0.072356215213358,-0.056608183717295035,-0.04452690166975881,-0.01598359458314469,-0.04638218923933213,-0.019315260105473908,-0.025974025974025983,-0.015639380304734662,0.0,0.0,-0.05936920222634501,-0.08791250931295913,-0.07050092764378468,-0.08920171504535945,-0.072356215213358,-0.14519086088264943,-0.051948051948051854,-0.13462521730238264,-0.048237476808905444,-0.17717448468292119,-0.06493506493506496,-0.19190356887207283,-0.03525046382189234,-0.1627110937431523,0.020408163265306145,-0.104099710750442,0.0037105751391466324,-0.11686029100258555,-0.005565862708719838,-0.1354871225512395,-0.01298701298701288,-0.15078228857756404,0.005565862708719838,-0.12238689319679197,0.07792207792207795,-0.01213697719603224,0.16512059369202214,-0.03222192599301743,-0.3692022263450835
4744_2022-12-02,4744,2022-12-02,6000000.0,22.0,26.6,23.85,-0.04511278195488733,0.1196527440273687,-0.011278195488721776,0.02336481253831657,-0.03571428571428581,0.0023085279739271103,-0.03007518796992481,-7.941272700129343e-05,-0.013157894736842146,0.010078269183732447,-0.02819548872180455,-0.01425379036945984,-0.026315789473684292,-0.012374091121339581,-0.009398496240601517,0.024399560371143325,-0.005639097744360999,0.019286969006800714,-0.005639097744360999,0.011259930561511422,0.0,0.0,-0.013157894736842146,-0.004285904876259128,-0.015037593984962516,-0.007433031247319977,-0.018796992481203034,0.006974025685252405,-0.007518796992481258,0.02416688108102949,0.0,0.04309252217997461,0.046992481203007586,0.07529835361534387,0.046992481203007586,0.08459281918357364,0.05451127819548862,0.09633637325252276,0.026315789473684292,0.05631156471660781,0.03195488721804507,0.06110571104567486,0.02819548872180455,0.07340038944001326,-0.06954887218045114,-0.0006853318340210857,0.005639097744360777,0.007751476282594871,0.12030075187969924,0.11649847051087803,-0.17293233082706772
2734_2022-12-05,2734,2022-12-05,5000000.0,19.0,27.2,23.9,-0.07720588235294112,0.06559036658141526,-0.044117647058823484,-0.014705882352941124,-0.02757352941176472,-0.006260656436487655,-0.051470588235294046,-0.036977834612105576,-0.051470588235294046,-0.04635549872122757,-0.049632352941176405,-0.04451726342710993,-0.02573529411764708,-0.0005861040068201318,-0.005514705882352922,0.010683077578857558,0.011029411764705843,0.01912830349531114,0.020220588235294157,0.011269181585677801,0.0,0.0,0.0018382352941177516,0.000559462915601161,-0.011029411764705954,0.006020886615515697,-0.018382352941176516,0.0046355498721227795,-0.007352941176470562,0.02717391304347827,0.014705882352941346,0.03431372549019618,0.007352941176470562,0.03633844842284728,-0.007352941176470562,0.02589514066496157,-0.018382352941176516,0.0029305200341005477,0.07904411764705888,0.09950447570332477,0.06801470588235303,0.10467284739982952,0.023897058823529438,0.06609654731457804,0.005514705882353033,0.06135443307757893,-0.022058823529411686,-0.02887894288150039,0.14889705882352944,0.14719202898550732,-0.30147058823529405
8097_2022-12-13,8097,2022-12-13,12000000.0,46.0,68.4,59.7,-0.12573099415204692,-0.13275469915643667,-0.08333333333333337,-0.09650278021656422,-0.08771929824561409,-0.10922939482155769,-0.07894736842105265,-0.11801672750797088,-0.0014619883040937198,-0.0313127345727503,-0.0029239766081872176,-0.034091667565167016,0.06432748538011679,0.0520360016224346,0.011695906432748426,0.005550164553907333,-0.023391812865497186,-0.017685052549430424,-0.011695906432748648,-0.02135350081378462,0.0,0.0,-0.07456140350877205,-0.0701715878810284,-0.08040935672514626,-0.08831102485508469,-0.06286549707602351,-0.07164512833151082,-0.07456140350877205,-0.0666597353788334,-0.07602339181286555,-0.06241496336686014,-0.1228070175438597,-0.09120034502410546,-0.1228070175438597,-0.09515117908907478,-0.1184210526315791,-0.10700753199944557,-0.11549707602339188,-0.08740225600583262,-0.1228070175438597,-0.09822405002849521,-0.12134502923976609,-0.10115187735214526,-0.11257309941520466,-0.13408319599114826,-0.08040935672514626,-0.12738038394200313,-0.2529239766081872,-0.31438139539659815,-0.32748538011695916
8121_2022-12-15,8121,2022-12-15,30000000.0,20.0,27.95,24.4,-0.1037567084078711,-0.10157900805943909,0.09123434704830058,0.0603110021005655,0.06797853309481217,0.04620152961049162,0.06618962432915931,0.04310600063577952,0.02683363148479434,0.02247823078793032,0.017889087656529412,0.019631247935275042,0.012522361359570633,0.026024103519849406,-0.008944543828264706,-0.010686704107010447,-0.007155635062611743,0.0006840861917435381,-0.01610017889087656,-0.0039050569396571477,0.0,0.0,-0.012522361359570633,-0.013393441498943615,-0.03756708407871201,-0.021887641570001226,-0.057245080500894385,-0.03590361708626022,-0.09123434704830058,-0.05203574077652362,-0.09660107334525936,-0.06132232770066004,-0.09123434704830058,-0.07207058398209842,-0.1037567084078711,-0.0680424226935854,-0.08765652951699465,-0.055426564360200214,-0.09838998211091232,-0.07051541765098202,-0.11270125223613592,-0.07088940554624046,-0.1323792486583184,-0.08621200127155881,-0.15026833631484793,-0.1711742596597957,-0.0805008944543828,-0.13320124288643842,-0.014311270125223596,-0.07877120043881247,-0.2844364937388193
6733_2022-12-21,6733,2022-12-21,20000000.0,20.0,22.15,21.8,-0.013544018058690654,-0.06159478868425727,0.02934537246049662,-0.009639215028170556,0.038374717832957206,0.011629477579104153,0.0744920993227991,0.03188103857937197,0.0744920993227991,0.04185384002996129,0.0744920993227991,0.046386931598410897,0.06997742663656892,0.029179602520521764,0.060948081264108334,0.01924363883437108,0.04514672686230248,0.02066803239267423,0.015801354401805856,-0.002784321028837855,0.0,0.0,-0.011286681715575675,-0.015366464127180457,-0.009029345372460473,-0.02988156658732899,-0.0022573363431149795,-0.005883809597874712,0.015801354401805856,0.008548407892286392,0.015801354401805856,0.004015316323836782,-0.004514672686230181,-0.0017948177451604375,-0.004514672686230181,0.0027382738232892834,-0.015801354401805745,-0.014894736088115867,-0.02934537246049651,-0.03342515487210129,-0.03611738148984189,-0.03793061811722187,-0.03611738148984189,-0.045183564626741335,0.004514672686230403,-0.06801479240896446,0.06546275395033874,-0.03743842465346914,0.4785553047404063,0.3797339085482032,-0.09706546275395023
8476_2022-12-22,8476,2022-12-22,6000000.0,50.0,55.1,50.4,-0.09437386569872963,-0.14809847066486959,0.010889292196007316,-0.011684071235144033,-0.030852994555353952,-0.06922771238831116,-0.01814882032667875,-0.04659125824992938,-0.012704174228675202,-0.03663193946569565,-0.03266787658802184,-0.06923672534648684,-0.0362976406533575,-0.07376942394906871,-0.02177858439201452,-0.04209461148005056,-0.016333938294010864,-0.03078089088994762,-0.03266787658802184,-0.028604671170414542,0.0,0.0,-0.007259528130671433,-0.02396381706972328,0.001814882032667997,0.002266349301290993,-0.001814882032667886,-0.0049751529130289684,0.003629764065335772,-0.004045179501255491,-0.001814882032667886,0.004957126996677497,0.003629764065335772,0.014916445780911447,0.06352087114337568,0.06848701109822897,0.10707803992740472,0.10707803992740472,0.0980036297640654,0.1002609661071805,0.09437386569872941,0.08940772574387612,0.09437386569872941,0.08489305305764594,0.2540834845735025,0.1795913852507034,0.20145190562613435,0.12831420810920435,0.1814882032667875,0.08351980597559105,-0.09255898366606174
6411_2023-01-06,6411,2023-01-06,5000000.0,63.0,85.5,94.1,0.10760233918128659,0.09008212354786349,0.005847953216374213,-0.005832190539241111,0.002339181286549641,0.007730016866064449,-0.005847953216374324,-0.004051008023202685,-0.002339181286549752,-0.0050345990763071,-0.021052631578947323,-0.009372487823331888,-0.019883040935672502,-0.003710534197128079,-0.01520467836257311,-0.005321479800129314,-0.0035087719298245723,0.00143282735139727,-0.0035087719298245723,0.003679008842861875,0.0,0.0,-0.01871345029239757,-0.02320581327532656,0.022222222222222365,-0.018209044624138748,0.03040935672514622,-0.014065036805851028,0.03625730994152043,-0.009115556186062745,0.015204678362572999,-0.02567582478208097,0.009356725146198785,-0.043653158052363805,0.012865497076023358,-0.04823063949181128,0.011695906432748648,-0.04940023013508599,0.040935672514619936,-0.04352075156444579,0.07602339181286544,0.013130310051859162,0.09707602339181287,0.02789363345470597,0.32748538011695905,0.25965069907473093,0.48538011695906436,0.41305307293390725,0.42105263157894735,0.3514210053435476,-0.26315789473684215
2745_2023-01-11,2745,2023-01-11,4500000.0,30.0,40.15,35.9,-0.04607721046077218,-0.021561081428514206,0.03362391033623924,0.07362391033623927,0.008717310087173136,0.06248075094738814,-0.011207970112079635,0.04685654601695266,-0.0037359900373599153,0.04830702071532822,-0.00747198007471972,0.039839847882269575,-0.0037359900373599153,0.04572637555403791,-0.0062266500622665255,0.03635399509902382,-0.0062266500622665255,0.03205291983020664,-0.00249066002490661,0.0013803077170289058,0.0,0.0,-0.013698630136986245,-0.01455884519074957,-0.023661270236612575,-0.02022041002155872,-0.03362391033623913,-0.04179595334699193,-0.031133250311332517,-0.04704722880595613,-0.023661270236612575,-0.03957524873123619,-0.03362391033623913,-0.07190348022871229,-0.026151930261519185,-0.04378633886366967,-0.008717310087173136,-0.03237322406566778,-0.018679950186799466,-0.059540165240562826,-0.0037359900373599153,-0.044596205091123275,0.0062266500622665255,-0.019579801550636766,0.05603985056039851,0.03238393658190386,0.06849315068493156,0.03365444100751214,-0.011207970112079635,-0.027552056133585023,-0.25280199252801994
3444_2023-02-09,3444,2023-02-09,5000000.0,50.0,70.8,71.0,-0.10451977401129942,-0.016393998256231224,-0.12570621468926557,-0.10295073268678312,-0.1426553672316383,-0.11989988522915584,-0.13276836158192085,-0.1315271534726946,-0.12994350282485867,-0.10884296496801138,-0.12288135593220328,-0.10757312258507878,-0.11864406779661019,-0.11988527590583653,-0.1426553672316383,-0.14389657534086464,-0.07627118644067787,-0.06303163327559724,-0.06638418079096053,-0.051075947443836034,0.0,0.0,-0.06920903954802249,-0.06962277558443142,-0.11299435028248583,-0.11423555839171218,-0.12853107344632764,-0.1277036013735101,-0.12994350282485867,-0.1365632794073991,-0.1426553672316383,-0.12610592577528745,-0.1384180790960452,-0.13386698269554875,-0.134180790960452,-0.11680387743128362,-0.11581920903954801,-0.10051097569242351,-0.08333333333333326,-0.06761136394980005,-0.09180790960451979,-0.06532880327435853,-0.09887005649717517,-0.08687171144132089,-0.14689265536723162,-0.12992947787447207,-0.12288135593220328,-0.12784618836910866,-0.10310734463276827,-0.07290461397492809,-0.29378531073446323
6026_2023-02-10,6026,2023-02-10,36000000.0,10.0,10.65,10.2,-0.06103286384976525,0.022920816878109096,-0.05633802816901401,-0.03317839210615203,-0.05633802816901401,-0.054683768450238146,-0.032863849765258135,-0.011358473421172022,-0.023474178403755874,-0.007758711075385283,0.009389671361502261,0.00856254150211444,0.004694835680751019,0.0038677058213631987,-0.0046948356807512415,0.008952806999149576,-0.0046948356807512415,0.01102063164761935,0.004694835680751019,0.005108400610445041,0.0,0.0,-0.009389671361502261,-0.010216801220890082,-0.009389671361502261,-0.008148976572420308,-0.0046948356807512415,-0.010898309626160563,-0.0046948356807512415,0.012261326436701303,0.0,0.00496277915632759,0.0,0.017783291976840365,0.009389671361502261,0.025105138689872852,0.04694835680751175,0.06307738906557625,0.03755868544600949,0.06444040587611699,0.04225352112676051,0.05466046901757937,0.009389671361502261,0.026759398408648716,-0.009389671361502261,0.018732743857687195,-0.018779342723004744,-0.014643693426065085,0.107981220657277,0.13858502545463025,-0.06103286384976525
6470_2023-02-13,6470,2023-02-13,5000000.0,45.0,59.9,55.1,-0.09682804674457424,-0.010051187240441961,-0.048414023372287174,-0.04593468452931204,-0.05342237061769606,-0.031108321030919206,-0.04173622704507518,-0.025207301425240525,-0.035058430717863076,-0.035058430717863076,-0.04006677796327207,-0.04006677796327207,-0.035058430717863076,-0.020595620800507697,-0.011686143572620988,0.004842782047213667,-0.018363939899833093,-0.017124270478345416,0.01836393989983298,0.019190386180824692,0.0,0.0,-0.02003338898163598,-0.017967273279156593,-0.026711185308848084,-0.032083086135294425,-0.018363939899833093,-0.0005953448585107601,0.0016694490818029983,0.0074545730487451944,0.016694490818029983,0.035289532140344027,0.07011686143572615,0.08664578705556081,0.06010016694490816,0.07704231570523867,0.04173622704507518,0.06942217745829826,0.03338898163606019,0.04661212213192789,0.056761268781302165,0.07494308696312035,0.048414023372287174,0.06205038700865084,0.08347245409015036,0.11157162764386941,0.05008347245409017,0.053389257578057125,0.008347245409014992,0.028181956152816712,-0.24874791318864775
1788_2023-02-15,1788,2023-02-15,4000000.0,125.0,146.5,142.0,-0.027303754266211566,0.053666241623636424,-0.020477815699658675,0.0013059903011634066,-0.020477815699658675,-0.015134618001343747,-0.013651877133105783,-0.008308679434790855,-0.010238907849829393,0.00948982211317928,-0.0068259385665528916,0.01495786743426919,-0.0034129692832765013,0.003163274037726427,-0.0034129692832765013,0.002752258830163723,-0.0068259385665528916,-0.001482740868237964,0.0,0.007398273736128336,0.0,0.0,-0.010238907849829393,0.0127779437736808,-0.0034129692832765013,0.007684441320915947,-0.010238907849829393,0.013599974188806097,-0.0034129692832765013,0.01837083671754558,0.0,0.022194821208384785,-0.0034129692832765013,0.029468247321737917,-0.0068259385665528916,0.01166974577376767,-0.0034129692832765013,0.020014897547796284,-0.0034129692832765013,0.015493730264606875,-0.0068259385665528916,0.012902791396455782,-0.013651877133105783,0.0052548224147775935,-0.0068259385665528916,0.015368882641831894,-0.013651877133105783,-0.013240861925542968,-0.010238907849829393,-0.014349059925456209,-0.14675767918088733
3484_2023-02-22,3484,2023-02-22,5800000.0,37.0,48.5,42.95,-0.10103092783505152,-0.08631886394265975,-0.02268041237113405,-0.03865351031144504,-0.04948453608247416,-0.065877978705425,-0.05567010309278353,-0.07290423508101385,-0.06391752577319587,-0.07904993434822738,-0.04948453608247416,-0.07218314894502142,-0.05154639175257736,-0.05070570238729777,-0.0453608247422681,-0.05671013117354162,-0.03814432989690719,-0.03646295116634812,-0.015463917525773141,-0.01588426220841299,0.0,0.0,-0.019587628865979423,-0.008658667117345531,-0.012371134020618624,-0.016154236164376612,-0.02989690721649485,-0.02863587316857552,-0.06288659793814422,-0.06624935539926236,-0.06597938144329907,-0.06850144953913773,-0.04432989690721645,-0.047692654368334586,-0.028865979381443307,-0.04189666454327601,-0.02268041237113405,-0.04243661245520303,-0.030927835051546393,-0.04227714148281991,-0.028865979381443307,-0.03937459644743735,-0.046391752577319534,-0.04092727170300259,-0.09175257731958764,-0.11907498169117237,-0.0453608247422681,-0.05881185458674043,-0.06082474226804124,-0.09529300624450188,-0.23711340206185572
8038_2023-03-09,8038,2023-03-09,3000000.0,33.5,44.2,41.2,0.036199095022624306,0.047005412562108884,-0.023755656108597423,-0.012533710971440404,-0.022624434389140302,-0.0005961717124985944,-0.018099547511312264,-0.010618250753207548,-0.02941176470588247,-0.016942936775707906,-0.018099547511312264,-0.010202623155534996,-0.02941176470588247,-0.02068358515476032,-0.044117647058823595,-0.036220722703046326,-0.041855203619909576,-0.04351771401059956,-0.004524886877828149,-0.012837438831277859,0.0,0.0,-0.014705882352941346,-0.013874627157596464,-0.006787330316742168,0.00983777359015725,-0.042986425339366696,-0.030517597409192132,-0.06334841628959287,-0.040073270819933726,-0.06900452488687792,-0.046560634612563656,-0.1018099547511312,-0.07479416090241964,-0.0904977375565611,-0.07927579241940408,-0.09389140271493224,-0.07560378841734283,-0.07013574660633481,-0.056420035883142816,-0.06334841628959287,-0.06833594746166283,-0.07466063348416296,-0.08754508901201008,0.0,-0.004571903574397407,0.06108597285067874,0.09184241507844271,0.2963800904977374,0.2315421852608297,-0.24208144796380093
5543_2023-04-06,5543,2023-04-06,2000000.0,45.0,51.0,55.0,0.03921568627450989,0.04826173890608876,0.019607843137254832,0.04839073787409698,0.0019607843137254832,0.026220652734778027,0.009803921568627416,0.015560500515995779,0.0117647058823529,0.009708784829721262,0.04313725490196085,0.03820304437564492,0.01764705882352935,0.01888061145510822,0.02941176470588225,0.039280185758513775,0.02941176470588225,0.037635448916408576,0.0039215686274509665,0.007211042311661475,0.0,0.0,-0.021568627450980427,-0.01663441692466472,-0.021568627450980427,-0.01663441692466472,-0.0039215686274510775,0.0010126418988646302,-0.019607843137254943,-0.013440079979360253,-0.03333333333333344,-0.024698464912280782,-0.026470588235294135,-0.009200851393188936,-0.019607843137254943,-0.011795343137255054,-0.019607843137254943,-0.00932823787409709,-0.019607843137254943,-0.006038764189886581,-0.019607843137254943,0.0013625515995870918,-0.02941176470588236,-0.007207817337461453,-0.05490196078431364,-0.02365196078431364,-0.1098039215686275,-0.11720523735810118,-0.0039215686274510775,-0.08122420020639842,-0.11764705882352944
6441_2023-04-27,6441,2023-04-27,10000000.0,45.0,53.3,59.9,0.14821763602251425,0.1021366713368983,0.1782363977485928,0.14895129869605173,0.16322701688555363,0.12403666374171207,0.1707317073170731,0.134125333501397,0.15572232645403394,0.12256125840924481,0.16697936210131337,0.1415702320410206,0.09193245778611647,0.06781531738990632,0.0412757973733584,0.0197426363053137,0.04315196998123838,0.025494777905441524,0.0075046904315199114,0.0031980582179109707,0.0,0.0,-0.024390243902438935,-0.02352891745971719,0.0018761726078799779,-0.009321071147503357,0.054409005628518026,0.04062778254496924,0.039399624765478425,0.029925033895538578,0.03377110694183871,0.021712536743733635,0.024390243902439046,0.009747694376168514,0.07129455909943716,0.05019206125275333,0.03564727954971869,0.011530139153508534,0.061913696060037715,0.04727114653376718,0.030018761726078758,0.017529528306612807,0.022514071294559068,0.01303948042461922,0.1913696060037524,0.10652895139565577,0.3508442776735461,0.2500690838750965,0.09943714821763616,-0.01038197322939216,-0.15572232645403372
3207_2023-05-24,3207,2023-05-24,7000000.0,60.0,82.2,78.5,-0.1058394160583942,-0.060012902146773794,-0.08394160583941612,-0.04793505919457153,-0.08515815085158152,-0.04710577769282531,-0.06326034063260344,-0.022343810354371052,-0.04987834549878356,-0.008961815220551173,0.045012165450121655,0.07447206725044908,-0.024330900243308973,-0.01082844525149218,-0.008515815085158196,-0.008106649782375852,-0.014598540145985384,-0.017053531962679225,-0.012165450121654486,-0.012983780727219174,0.0,0.0,-0.025547445255474588,-0.020637461622086684,-0.04744525547445266,-0.054401065621752176,-0.06934306569343074,-0.10003046340210509,-0.008515815085158196,-0.0457498576383496,-0.018248175182481785,-0.05548221773567319,-0.02676399026763998,-0.0590880491874437,-0.018248175182481785,-0.04238892804663885,-0.03892944038929447,-0.07616348294248587,-0.05231143552311435,-0.08627215565404722,-0.05231143552311435,-0.08913631277352352,-0.058394160583941535,-0.10667566631225567,-0.009732360097323589,-0.0780629656619718,0.06082725060827254,0.015819067302216938,-0.007299270072992803,-0.01384591491750986,-0.27007299270072993
4114_2023-05-26,4114,2023-05-26,25000000.0,38.0,45.2,47.85,0.01327433628318575,0.07056811929822027,-0.007743362831858391,0.03979828690402132,-0.02433628318584069,0.02320536655003902,-0.021017699115044364,0.015146461795154775,-0.007743362831858391,0.012573581499714104,-0.013274336283185861,-0.005960236323819812,-0.02212389380530977,-0.017654166052363807,-0.014380530973451489,-0.008285447673979762,0.006637168141592875,0.013544929214327484,0.014380530973451267,0.02616435868576339,0.0,0.0,-0.014380530973451489,-0.037948186398075734,-0.017699115044247926,-0.04776819265497523,-0.027654867256637128,-0.05772394486736443,-0.0165929203539823,-0.04178593132513231,-0.026548672566371723,-0.04361490580489269,-0.023230088495575285,-0.05329916610630259,-0.009955752212389424,-0.0367741187300652,0.0022123893805308104,-0.02745034934356516,0.0033185840707963266,-0.037721643478980216,-0.014380530973451489,-0.04526228635744167,0.007743362831858391,-0.030858831398129505,-0.036504424778761146,-0.08404607451464097,-0.042035398230088616,-0.09201508128575708,-0.21017699115044242,-0.22480519106917451,-0.15929203539823011
6576_2023-06-01,6576,2023-06-01,17500000.0,75.0,83.7,98.0,0.09318996415770608,0.1617591278517212,0.03584229390680993,0.06755057769594985,0.056152927120669105,0.08508673607825934,0.05854241338112298,0.08906163652817023,0.054958183990442055,0.08627011423221775,0.041816009557944955,0.07788418236809169,0.03703703703703698,0.06161095697362051,-0.0346475507765831,-0.03306213658712609,-0.014336917562724039,-0.019093160131094966,0.0,-0.0047562425683709275,0.0,0.0,-0.01194743130227005,-0.0040203603549850975,-0.017921146953404965,-0.022677389521775893,-0.02628434886499409,-0.02786976305445099,-0.032258064516129115,-0.03661795353713593,-0.016726403823178138,-0.03218419217038371,-0.02508960573476715,-0.03063855539786653,0.03345280764635605,0.020373140583335836,0.015531660692950977,-0.007060491506811095,0.013142174432496878,-0.029664008682842136,-0.005973715651135025,-0.0483835452191097,-0.010752688172043112,-0.056333346118931815,-0.002389486260453988,-0.03845765907060039,0.027479091995221028,-0.018894273046396126,-0.03942652329749097,-0.038633816202762405,-0.10394265232974909
8171_2023-06-01,8171,2023-06-01,10000000.0,42.0,56.9,59.9,-0.0035149384885764245,0.06505422520543869,-0.04217926186291743,-0.010470978073777504,-0.05096660808435849,-0.022032799126768254,0.005272407732864748,0.035791630879911995,0.008787346221441172,0.04009927646321687,0.0,0.03606817281014674,0.02108963093145877,0.0456635508680423,-0.02284710017574687,-0.021261685986289858,0.0,-0.0047562425683709275,-0.014059753954305698,-0.018815996522676626,0.0,0.0,-0.02987697715289972,-0.021949906205614766,-0.026362038664323406,-0.031118281232694334,-0.07908611599297011,-0.08067153018242701,-0.10896309314586983,-0.11332298216687664,-0.11072056239015815,-0.12617835073736372,-0.12126537785588754,-0.1268143275189869,-0.1625659050966608,-0.17564557215968102,-0.17135325131810197,-0.19394540351786405,-0.15553602811950795,-0.19834221123484697,-0.1625659050966608,-0.20497573466463548,-0.15114235500878737,-0.19672301295567607,-0.10193321616871698,-0.13800138897886338,-0.21880492091388393,-0.2651782859555011,-0.34622144112478026,-0.3454287340300517,-0.2618629173989455
4747_2023-06-12,4747,2023-06-12,10000000.0,48.0,86.4,57.7,-0.35995370370370383,-0.2770116066770998,-0.28935185185185186,-0.28113588941053735,-0.2569444444444444,-0.2487284820031299,-0.21412037037037035,-0.2012095722483047,-0.16666666666666674,-0.1459311424100158,-0.13194444444444453,-0.12372848200313002,-0.05787037037037035,-0.04652451747522168,-0.05208333333333337,-0.04347613458528965,-0.02314814814814814,-0.02549556598852365,0.03009259259259256,0.037526082420448637,0.0,0.0,-0.10648148148148151,-0.11587115284298377,-0.05208333333333337,-0.08142605633802835,-0.06018518518518523,-0.08913667188315089,-0.01388888888888895,-0.04597026604068877,0.02662037037037024,-0.002722352634324743,0.1284722222222221,0.10147691705790285,0.23842592592592582,0.21690792905581624,0.16319444444444442,0.14167644757433484,0.2789351851851851,0.26367696922274386,0.2789351851851851,0.2703279864371413,0.23263888888888884,0.22246674491392793,0.26157407407407396,0.2486632759520082,0.25,0.24452269170579033,0.17476851851851838,0.19785146061554504,-0.44444444444444453
5213_2023-06-21,5213,2023-06-21,50000000.0,24.0,27.1,27.0,0.023985239852398532,0.09254134862298469,0.01845018450184499,0.037216940534016696,0.009225092250922495,0.03756672380971238,0.009225092250922495,0.030289818409482527,0.012915129151291449,0.024787974804298063,0.014760147601476037,0.00710024718018154,0.016605166051660403,0.009328260651430664,0.016605166051660403,0.006264300482912821,0.0018450184501843658,-0.005814881971110131,0.0,-0.00536193029490617,0.0,0.0,-0.04428044280442811,-0.04428044280442811,-0.07564575645756455,-0.06951783612052886,-0.07380073800738007,-0.061161902312244054,-0.05719557195571956,-0.04608871634484235,-0.053505535055350606,-0.04201568442340886,-0.04612546125461259,-0.03501860564373538,-0.03690036900368998,-0.038049354066884034,-0.042435424354243634,-0.04588237954382601,-0.035055350553505615,-0.036970325658829184,-0.040590405904059046,-0.02029166978762853,-0.05904059040590415,-0.03720987420521471,-0.10147601476014756,-0.07581534834881087,-0.047970479704797064,-0.0322676838411432,-0.01845018450184499,0.016402362415045224,-0.11439114391143912
3587_2023-07-03,3587,2023-07-03,4000000.0,175.0,232.0,182.5,-0.010775862068965525,0.019820574801677315,0.03663793103448265,0.014949317556558483,0.0021551724137931494,-0.016822364379390553,0.008620689655172376,-0.008033067122519277,0.0,-0.011231603408210722,0.012931034482758674,0.0016994310745479524,-0.012931034482758674,-0.01796589118299119,-0.0431034482758621,-0.04155426159886766,-0.05603448275862066,-0.05603448275862066,-0.0431034482758621,-0.04271615160661357,0.0,0.0,-0.015086206896551713,-0.02747970031250835,-0.032327586206896575,-0.04704485963834504,-0.028017241379310387,-0.04118532813376452,0.028017241379310276,0.0373123614412777,-0.008620689655172376,0.0022236170837895974,0.049568965517241326,0.06234975560244649,0.0431034482758621,0.042328854937364824,0.049568965517241326,0.04685788883250086,0.051724137931034475,0.03778145783808329,0.0387931034482758,0.014393413285611167,0.06465517241379315,0.042191965597371706,0.17241379310344818,0.1747375731189399,0.2543103448275863,0.288392451721467,0.1206896551724137,0.1749111888672239,-0.2456896551724138
4953_2023-07-04,4953,2023-07-04,5500000.0,92.0,116.0,116.5,0.030172413793103425,0.06039429596601842,-0.017241379310344862,-0.02374482230957986,-0.012931034482758674,-0.01713914465873434,-0.025862068965517238,-0.024714402553887682,0.0,0.0011476664116295554,-0.030172413793103425,-0.022903859852782205,-0.03448275862068961,-0.020710761681133505,-0.04741379310344829,-0.03517201804606496,-0.0431034482758621,-0.03047911774793577,-0.02155172413793105,-0.00930994908054772,0.0,0.0,-0.0431034482758621,-0.045398781099121654,-0.025862068965517238,-0.026627179906603904,-0.0431034482758621,-0.021680341925441438,-0.025862068965517238,-0.002908740732923576,-0.03448275862068961,-0.00961665303537984,0.004310344827586299,0.015787008943883185,0.0431034482758621,0.052667335039442764,0.09051724137931028,0.08898701949713717,0.0862068965517242,0.07434767696488409,0.09913793103448265,0.08919148880035865,0.09482758620689657,0.10133102920613146,0.2974137931034482,0.30697767986702884,0.06034482758620685,0.11122470516845617,0.012931034482758674,0.07834801994565066,-0.2068965517241379
6804_2023-07-07,6804,2023-07-07,5000000.0,53.0,75.6,73.9,-0.08465608465608454,-0.08621980631362935,-0.08597883597883593,-0.10669814794130661,-0.08068783068783059,-0.09515225602012134,-0.08333333333333326,-0.091151941621058,-0.08597883597883593,-0.09536116592410548,-0.09656084656084651,-0.10555224609172997,-0.08994708994708989,-0.09932941989235944,0.0,-0.021892103205629176,0.011904761904762085,-0.012332923787184757,0.001322751322751392,-0.021351212711650636,0.0,0.0,0.010582010582010692,0.012145732239555618,0.013227513227513255,0.01674588695698942,0.01719576719576743,0.00703157642172525,0.011904761904762085,-0.00021408094121122545,-0.021164021164021052,-0.04461984602719549,-0.02910052910052896,-0.06311147515213167,-0.04629629629629628,-0.07835259027596786,-0.060846560846560815,-0.07609284700762398,-0.05423280423280419,-0.060878621277370204,-0.03571428571428559,-0.04705126773148649,-0.07010582010582012,-0.06463279430441271,-0.13888888888888895,-0.14358005386152384,-0.16666666666666663,-0.12835548605681513,-0.17989417989417988,-0.14549230342819075,-0.29894179894179884
3234_2023-07-11,3234,2023-07-11,20000000.0,18.0,29.25,22.1,-0.24957264957264957,-0.2523188245432262,-0.1777777777777777,-0.18915478837016686,-0.1726495726495727,-0.18559582608229142,-0.15384615384615385,-0.1664000965687903,-0.1777777777777777,-0.19072403121049641,-0.14529914529914534,-0.17079934145450026,-0.14188034188034182,-0.16973440229619108,-0.16068376068376067,-0.1869685782592806,-0.1726495726495727,-0.1761803690403141,-0.0905982905982905,-0.09255984414870233,0.0,0.0,-0.00512820512820511,-0.018859079981088378,0.09401709401709413,0.0783246656137988,0.14529914529914523,0.11822970630346052,0.16752136752136737,0.1298595393534585,0.16752136752136737,0.13182109290387034,0.07008547008547006,0.05125455600151563,0.0803418803418805,0.0701418018797384,0.08888888888888902,0.07398108190575847,0.04615384615384621,0.048115399704258155,0.017094017094017033,0.018663259934346588,0.03247863247863236,0.021493932596325704,-0.08034188034188039,-0.07838032679146845,-0.11794871794871797,-0.09754856102443388,0.06666666666666665,0.09648228063292785,-0.3846153846153846
6751_2023-07-11,6751,2023-07-11,2200000.0,90.0,101.5,114.0,0.0640394088669951,0.0612932338964185,-0.027586206896551668,-0.03896321748894083,-0.021674876847290636,-0.03462113028000935,-0.0049261083743842304,-0.017480051097020666,0.0049261083743843415,-0.008020145058334371,-0.017733990147783207,-0.043234186303138133,-0.0325123152709359,-0.060366375686785156,-0.029556650246305383,-0.05584146782182531,-0.0463054187192119,-0.049836215109953286,-0.04236453201970436,-0.04432608557011619,0.0,0.0,-0.03743842364532013,-0.0511692984982034,-0.06896551724137934,-0.08465794564467466,-0.09359605911330049,-0.12066549810898519,-0.09852216748768472,-0.13618399565559358,-0.09261083743842369,-0.12831111205592072,-0.11330049261083741,-0.13213140669479184,-0.035467980295566415,-0.04566805875770852,-0.014778325123152691,-0.029686132106283236,-0.024630541871921152,-0.02266898832150921,-0.022660098522167438,-0.021090855681837883,0.07389162561576357,0.06290692573345691,-0.08177339901477831,-0.07981184546436637,-0.14778325123152714,-0.12738309430724304,-0.12315270935960587,-0.09333709539334467,-0.11330049261083741
3465_2023-07-12,3465,2023-07-12,3000000.0,74.5,89.6,88.0,-0.0390625,-0.03751451238390102,-0.03571428571428559,-0.03494029190623604,-0.052455357142856984,-0.05129436643078289,-0.05357142857142849,-0.05279743476337895,-0.0502232142857143,-0.06183312140645725,-0.029017857142857095,-0.0429497456877489,-0.03571428571428559,-0.0480981866430783,-0.036830357142857095,-0.02676843763821324,-0.04575892857142849,-0.034149021450685546,-0.02678571428571419,-0.013240822644847383,0.0,0.0,-0.029017857142857095,-0.030952841662980846,-0.03125,-0.04440789473684226,-0.02678571428571419,-0.05039252543122519,-0.01897321428571419,-0.040645040911101216,-0.0401785714285714,-0.045209531180893325,-0.049107142857142794,-0.045624170720919954,-0.0513392857142857,-0.052500276426360126,-0.0513392857142857,-0.03585940955329514,-0.05803571428571419,-0.042942835028748294,-0.05803571428571419,-0.055326735957540896,-0.049107142857142794,-0.04368918620079609,-0.1261160714285714,-0.10444424480318448,-0.1640624999999999,-0.14703463622291024,-0.2165178571428571,-0.17704417293233077,-0.1685267857142857
1584_2023-07-19,1584,2023-07-19,40000000.0,30.0,37.0,38.55,0.07702702702702702,0.0662453558679974,0.08648648648648649,0.07917035248571613,0.037837837837837895,0.05285516552362912,0.031081081081081097,0.047638647503876586,0.03378378378378377,0.05226664862783459,0.039189189189189344,0.0441949650844532,0.018918918918918948,0.021999396392927473,-0.0175675675675675,-0.025653820936839766,0.0013513513513512265,-0.0171315134926997,0.013513513513513598,-0.0030440529092818913,0.0,0.0,-0.07432432432432434,-0.06585301127080112,-0.043243243243243246,-0.0393926464007327,-0.06621621621621632,-0.04580805295091028,-0.1108108108108109,-0.09078770722975593,-0.09459459459459463,-0.08689340090957343,-0.10810810810810811,-0.09771149663332956,-0.09189189189189184,-0.0891964741021345,-0.0972972972972973,-0.09460187950753995,-0.0864864864864866,-0.07840023311721445,-0.08243243243243237,-0.07935195495842384,-0.072972972972973,-0.0575705856029306,-0.11621621621621614,-0.07578494936985491,-0.06486486486486487,-0.03290491107202709,-0.08513513513513504,-0.059721195974565155,-0.18918918918918914
8044_2023-07-19,8044,2023-07-19,16000000.0,40.1,47.5,52.8,0.111578947368421,0.10079727620939138,0.06736842105263174,0.060052287051861386,0.06315789473684208,0.0781752224226333,0.042105263157894646,0.058662829580690135,0.023157894736842044,0.04164075958089286,0.002105263157894832,0.007111039053158685,-0.017894736842105297,-0.014814259368096772,-0.028421052631579014,-0.03650730600085128,0.0,-0.018482864844050928,0.0031578947368420263,-0.013399671685953463,0.0,0.0,-0.03578947368421059,-0.02731816063068737,-0.027368421052631486,-0.02351782421012094,-0.0557894736842105,-0.035381310418904466,-0.06842105263157894,-0.04839794905052397,-0.06842105263157894,-0.060719858946557737,-0.0747368421052631,-0.06434023063048455,-0.05157894736842106,-0.04888352957866371,-0.06421052631578938,-0.061515108526032036,-0.049473684210526336,-0.04138743084125418,-0.052631578947368474,-0.04955110147335995,-0.03368421052631587,-0.01828182315627347,-0.111578947368421,-0.07114768052205978,-0.09578947368421042,-0.06382951989137264,-0.08210526315789468,-0.056691323997324794,-0.15578947368421048
8255_2023-08-08,8255,2023-08-08,10000000.0,155.0,174.0,179.0,0.06321839080459779,0.0713895970302787,0.005747126436781658,0.015474752895925592,0.01724137931034475,0.01451764390178445,0.02586206896551735,0.02586206896551735,0.06321839080459779,0.05543628963728264,0.05747126436781613,0.049689163200500985,0.051724137931034475,0.04938950758083993,0.051724137931034475,0.044331141822085085,0.002873563218390718,0.007931928977145675,-0.02011494252873558,-0.010387316069591646,0.0,0.0,0.005747126436781658,0.01742027818775438,0.01724137931034475,0.027358110827854443,0.014367816091954033,0.030710228543315843,-0.011494252873563204,0.005626369694530231,-0.054597701149425304,-0.023469296480164603,-0.054597701149425304,-0.025025716713627633,-0.048850574712643646,-0.014220224518091129,-0.0431034482758621,-0.012753253723332914,-0.048850574712643646,-0.012663804284627989,-0.0431034482758621,-0.0003018918556286776,-0.048850574712643646,-0.013831119459725372,0.008620689655172376,0.024573997048168428,0.0,0.02373540856031131,-0.04022988505747127,-0.01649447649715996,-0.10919540229885061
2641_2023-08-10,2641,2023-08-10,30000000.0,15.0,16.25,17.55,0.03384615384615386,0.016157474600871025,-0.012307692307692242,-0.022527818093855845,0.02153846153846173,0.0034567005321723965,0.03076923076923066,0.012687469762941328,0.012307692307692353,-0.0002709240445089023,0.024615384615384484,0.006926705370101649,0.009230769230769154,0.004120706337687352,0.01538461538461533,0.014991533623609055,0.01538461538461533,0.005164489598451727,0.009230769230769154,0.010803096274794366,0.0,0.0,-0.01538461538461533,-0.009095307208514702,-0.027692307692307683,-0.020616835994194393,-0.06153846153846154,-0.040312046444121896,-0.05230769230769228,-0.032653604257377844,-0.055384615384615365,-0.03062046444121913,-0.03076923076923077,-0.010328979196903676,0.03692307692307706,0.0632595549104985,0.0030769230769231992,0.03609579100145155,-0.021538461538461506,0.003618771165941004,-0.03384615384615386,-0.01537131107885814,-0.055384615384615365,-0.05381228834059015,-0.055384615384615365,-0.03690977261731965,0.11999999999999988,0.1549842767295596,-0.012307692307692242,-0.006804547653604165,-0.07692307692307687
6179_2023-08-10,6179,2023-08-10,10000000.0,30.0,30.5,35.65,0.12950819672131164,0.1118195174760288,0.06721311475409819,0.05699298896793459,0.077049180327869,0.05896741932157967,0.07540983606557372,0.05732807505928439,0.05737704918032782,0.044798432828126566,0.03934426229508192,0.021655583049799088,0.042622950819672045,0.037512887926590244,0.04590163934426217,0.04550855758325589,0.024590163934426146,0.014370038148262543,-0.004918032786885185,-0.0033457057428599724,0.0,0.0,-0.042622950819672156,-0.03633364264357153,-0.021311475409836023,-0.014236003711722733,-0.049180327868852514,-0.027953912774512868,0.008196721311475308,0.02785080936178974,-0.019672131147541072,0.005092019795855163,-0.02786885245901649,-0.007428600886689396,-0.042622950819672156,-0.01628647283225071,-0.049180327868852514,-0.016161459944324164,-0.08524590163934431,-0.0600886689349418,-0.09508196721311468,-0.07660712444581896,-0.1081967213114754,-0.10662439426745018,-0.05737704918032782,-0.0389022064130321,-0.04426229508196722,-0.009278018352407491,0.022950819672131084,0.02845396432621916,-0.016393442622950838
3323_2023-08-16,3323,2023-08-16,8000000.0,26.4,31.75,35.25,0.02992125984251981,-0.011377858040399147,-0.011023622047244164,-0.04911504145381973,-0.011023622047244164,-0.03628424754844706,0.0047244094488188,-0.01572466833786912,0.051968503937007915,0.021495368411747373,0.06141732283464574,0.0429730565956723,0.06299212598425208,0.04294401050710683,0.04409448818897643,0.030461769664517746,0.04251968503937009,0.029688891133997197,-0.006299212598425141,-0.004695363360253557,0.0,0.0,-0.026771653543307128,-0.02155914351924937,-0.022047244094488216,-0.021245319475402313,-0.03622047244094484,-0.029404113178715385,-0.051968503937007804,-0.03833578541254912,-0.06771653543307077,-0.06210306309947011,-0.06929133858267711,-0.0704942255113058,-0.06771653543307077,-0.08616080167204421,-0.05826771653543317,-0.05706482960680437,-0.07716535433070859,-0.08237786435476624,-0.07874015748031493,-0.08956613983797335,-0.06614173228346465,-0.08137830004609492,-0.018897637795275646,-0.022907260890704606,-0.07244094488188979,-0.05199186709520176,-0.11181102362204731,-0.14388800838547944,-0.16850393700787403
5227_2023-08-16,5227,2023-08-16,13000000.0,43.0,58.0,67.1,0.10172413793103452,0.06042502004811556,0.036206896551724155,-0.0018845228548514115,0.022413793103448265,-0.0028468323977546284,0.024137931034482696,0.0036888532477947766,0.08448275862068955,0.054009623095429005,0.0672413793103448,0.048797113071371356,0.039655172413793016,0.01960705693664777,0.02758620689655178,0.013953488372093092,0.05517241379310356,0.042341619887730664,0.01724137931034475,0.018845228548516335,0.0,0.0,-0.06896551724137934,-0.06375300721732158,-0.07931034482758625,-0.07850842020850035,-0.11206896551724133,-0.10525260625501187,-0.08103448275862069,-0.067401764234162,-0.08620689655172409,-0.08059342421812343,-0.09137931034482749,-0.09258219727345618,-0.11896551724137927,-0.1374097834803527,-0.15086206896551724,-0.14965918203688844,-0.15517241379310343,-0.16038492381716107,-0.13275862068965527,-0.14358460304731369,-0.12068965517241381,-0.13592622293504408,-0.08103448275862069,-0.08504410585404965,-0.06896551724137934,-0.04851643945469131,-0.21293103448275863,-0.24500801924619076,-0.2586206896551724
6284_2023-08-21,6284,2023-08-21,8800000.0,45.0,49.9,56.4,0.06813627254509025,0.04108742313047564,-0.029058116232464792,-0.06660353407663111,-0.06913827655310611,-0.09457226928625118,-0.04609218436873741,-0.07314103378335202,-0.06713426853707416,-0.08772369122581058,-0.049098196392785454,-0.068880190740787,-0.08216432865731471,-0.08741261287209079,-0.0350701402805611,-0.041933281176806725,-0.028056112224448815,-0.02967096890591836,-0.01002004008016033,-0.01607575263567107,0.0,0.0,0.018036072144288484,0.024899213040533885,0.008016032064128265,0.006804889553026161,0.024048096192384794,0.01597381278503729,0.0821643286573146,0.05673033592416954,0.060120240480961984,0.054468242095818686,0.03006012024048088,0.017948695129459402,0.024048096192384794,0.006284672696220017,0.04208416833667328,0.019879888966467307,0.09819639278557113,0.083258968481978,0.1362725450901805,0.11972026410511782,0.16032064128256507,0.136905219401257,0.2905811623246495,0.27322145299885214,0.22244488977955923,0.22527088897213088,0.5330661322645291,0.47856471926493294,-0.09819639278557113
3260_2023-09-01,3260,2023-09-01,30000000.0,62.0,86.8,81.0,-0.08294930875576045,-0.0952802554542489,-0.12442396313364057,-0.10970638159028334,-0.11635944700460821,-0.09487973340078959,-0.10599078341013823,-0.09246651928921534,-0.09562211981566815,-0.08885998775520665,-0.0841013824884792,-0.0944434668162436,-0.0875576036866359,-0.07840883678130572,-0.12557603686635932,-0.12279162954734568,-0.10599078341013823,-0.10877519072915176,-0.03456221198156684,-0.04172211651617308,0.0,0.0,0.012672811059907918,0.011081721163328728,-0.009216589861751112,-0.017569811818791692,0.00691244239631339,0.0009458552841414836,0.0,-0.0023866348448686736,0.02304147465437789,0.029803606714839392,0.0011520737327190833,0.01228970300877319,0.02073732718894017,0.03585268120644225,0.04147465437788034,0.04664569654176265,0.04493087557603692,0.048908600317484785,0.04608294930875578,0.03613863745513601,0.07603686635944706,0.06291037471266914,0.018433179723502446,0.029968581473701406,0.1693548387096775,0.17651474324428373,0.1394009216589862,0.09604372197720412,-0.2857142857142857
2643_2023-09-13,2643,2023-09-13,5000000.0,60.0,70.1,68.9,-0.051355206847360835,-0.04335840556787263,-0.029957203994293802,-0.042352245977500425,-0.025677603423680417,-0.030875524255347897,-0.017118402282453427,-0.02391568337001837,-0.0014265335235377208,-0.015021095698667608,0.0014265335235379428,-0.009768988267745637,-0.005706134094151105,-0.013303095309664892,-0.004279600570613384,-0.0026802403147156983,-0.0028530670470754416,0.003144533912540659,0.0,0.009996001599360205,0.0,0.0,-0.005706134094151105,-0.00690565428607437,-0.004279600570613384,-0.019473523001640958,-0.005706134094151105,-0.02409877703697405,-0.00998573466476449,-0.017582695880278276,-0.01854493580599137,-0.02174365631778674,-0.01854493580599137,-0.01614589542214495,-0.024251069900142475,-0.00585842695731964,-0.008559201141226769,0.010633121929544909,-0.008559201141226769,0.0034360007780055435,-0.007132667617689048,0.016457896156801155,0.0,0.02319072371051578,-0.06276747503566327,-0.07236363657104916,-0.049928673323823114,-0.025538429421384068,0.03708987161198296,-0.01209045625686933,-0.14407988587731801
6616_2023-09-25,6616,2023-09-25,4166000.0,12.0,14.15,13.75,-0.017667844522968212,-0.039681705101851095,-0.007067137809187218,-0.016443411759452187,0.0035335689045936647,-0.016034307165524453,0.010600706713780994,-0.010190161610719617,0.0035335689045936647,-0.031525542387701444,0.0176678445229681,-0.020652579447679953,0.0176678445229681,-0.009645649158238623,0.0035335689045936647,-0.01929561984387762,0.007067137809187329,-0.010054753752166024,0.0035335689045936647,0.002718240735005484,0.0,0.0,-0.017667844522968212,-0.025005798049262506,-0.007067137809187218,-0.0025828328764516684,-0.017667844522968212,-0.013591203675026864,-0.017667844522968212,-0.017667844522968212,-0.017667844522968212,-0.030713095236380217,-0.017667844522968212,-0.024598133964468416,-0.017667844522968212,-0.0115528832510563,0.0,-0.008153281695882697,-0.014134275618374659,-0.025956534077404392,-0.007067137809187218,-0.036418951914364395,-0.0035335689045936647,-0.04144632879044763,-0.06360424028268552,-0.056266286756391115,-0.04240282685512364,-0.07990792265618352,-0.04240282685512364,-0.12352797972915541,-0.15194346289752647
6461_2023-09-26,6461,2023-09-26,20000000.0,23.0,29.2,28.1,-0.041095890410958846,-0.06133061319525668,-0.041095890410958846,-0.053236724081537456,-0.03082191780821908,-0.04417683484585566,-0.03253424657534243,-0.06005346956198765,-0.017123287671232834,-0.04788006630336561,0.03938356164383561,0.019553533315223692,0.03424657534246567,0.01886818602639928,-0.003424657534246478,-0.013137324470709366,-0.0273972602739726,-0.02092214898299727,-0.02910958904109584,-0.021825088838748674,0.0,0.0,-0.017123287671232834,-0.00538714845634003,-0.017123287671232834,-0.005791842912026057,-0.03938356164383561,-0.03209906144148844,-0.046232876712328674,-0.051898599091932174,-0.05650684931506844,-0.056102154859382525,-0.06164383561643838,-0.04828891857880191,-0.06335616438356162,-0.06416555329493367,-0.06164383561643838,-0.06609547462898391,-0.08561643835616439,-0.10746993896320611,-0.0821917808219178,-0.11254386499836466,-0.1095890410958904,-0.13710826408253562,-0.11472602739726023,-0.10460866600511132,-0.09589041095890416,-0.12179085612280549,0.09417808219178081,0.018095524522820927,-0.21232876712328763
4768_2023-10-02,4768,2023-10-02,4300000.0,130.0,205.0,173.5,-0.1707317073170732,-0.19722987282869153,-0.08536585365853655,-0.1236862776291846,-0.07560975609756093,-0.10292324977876766,-0.09268292682926826,-0.11551211557773955,-0.1146341463414634,-0.13175603790281676,-0.08536585365853655,-0.08618118182812473,-0.09999999999999998,-0.09999999999999998,-0.012195121951219523,-0.019533075477513817,-0.04390243902439028,-0.03941813409165473,0.017073170731707332,0.02114981157964868,0.0,0.0,-0.06341463414634141,-0.07645988485975341,-0.07317073170731703,-0.08010102114881723,-0.05853658536585371,-0.0524216240939418,-0.08536585365853655,-0.09351913535441925,-0.10243902439024388,-0.11426128284927362,-0.14634146341463417,-0.17569327751981134,-0.13658536585365855,-0.1744981257395125,-0.12439024390243902,-0.15944935519473413,-0.12195121951219512,-0.1513030336173723,-0.13658536585365855,-0.1683831644676005,-0.14390243902439026,-0.1614319946705377,-0.15121951219512197,-0.14388155866882757,-0.08048780487804874,-0.14489873027552125,-0.04634146341463419,-0.1531494536306961,-0.36585365853658536
4192_2023-10-05,4192,2023-10-05,4420000.0,34.0,40.05,49.0,0.22347066167290897,0.18983653533984923,0.18601747815230962,0.16263765862810953,0.20599250936329594,0.1990195807332713,0.20599250936329594,0.1998399252779801,0.1285892634207242,0.11505357843302932,0.1260923845193509,0.1244516954299335,0.12359550561797761,0.12154464425620559,0.12359550561797761,0.11744292153266178,0.09862671660424471,0.07934861980358843,0.02372034956304625,0.01059483684770579,0.0,0.0,-0.0012484394506865337,-0.015604468983090203,0.02871410736579283,0.010666527382199753,0.013732833957553092,-0.021952153737278657,0.043695380774032566,-0.0006032246402414287,0.043695380774032566,0.002267981266239394,0.02372034956304625,-0.011964638131785499,-0.05867665418227197,-0.09682267551123014,-0.03995006242197241,-0.06374005421852691,-0.02372034956304614,-0.04792051363195504,0.0024968789013732895,-0.026215180163433827,0.02372034956304625,0.00772363094122519,-0.09363295880149813,-0.1317789801304563,-0.12359550561797739,-0.1978366869141217,-0.05368289637952561,-0.16032768719166668,-0.15106117353308357
5864_2023-10-11,5864,2023-10-11,36300000.0,12.9,17.0,21.5,0.12058823529411766,0.11897663174858986,0.11176470588235277,0.12344883158742925,0.11470588235294121,0.11913779210314268,0.09411764705882364,0.1102336825141016,0.09117647058823541,0.10688960515713142,0.08235294117647052,0.094037066881547,0.09705882352941164,0.09585012087026579,-0.0117647058823529,-0.006929895245769591,-0.014705882352941124,0.0030217566478646374,0.00588235294117645,0.009508460918613904,0.0,0.0,-0.06470588235294117,-0.08203062046736509,-0.044117647058823484,-0.06990330378726839,-0.044117647058823484,-0.06708299758259473,-0.05588235294117638,-0.0732070910556003,-0.061764705882352944,-0.08150684931506857,-0.07647058823529418,-0.0821112006446415,-0.061764705882352944,-0.06780821917808222,-0.08823529411764708,-0.09871071716357782,-0.07058823529411762,-0.06857373086220786,-0.05882352941176472,-0.057614826752618975,-0.04117647058823526,-0.04198227236099916,-0.0676470588235294,-0.0926269137792104,-0.026470588235294024,-0.08489121676067679,0.0,-0.06768734891216766,-0.24117647058823533
3363_2023-10-17,3363,2023-10-17,10000000.0,52.8,78.8,50.3,-0.048223350253807085,-0.053767904709252634,-0.06218274111675115,-0.03366788963160272,-0.050761421319796995,-0.03491983716138114,-0.06725888324873097,-0.04547670503090917,-0.05964467005076146,-0.025189224506207086,-0.03680203045685271,-0.016207971050912207,-0.04187817258883242,-0.024848469618535374,-0.06598984771573613,-0.06598984771573613,-0.03934010152284262,-0.04765693320601094,-0.016497461928933976,-0.022042016384379526,0.0,0.0,-0.07360406091370553,-0.0759802985374679,-0.0901015228426395,-0.07861637432778801,-0.06598984771573613,-0.05490073880484503,-0.12055837563451777,-0.11382570236719103,-0.1408629441624365,-0.12185304317233747,-0.07106598984771562,-0.05284816806553738,-0.060913705583756306,-0.044676081821380054,-0.08121827411167504,-0.04557470975523936,-0.10532994923857864,-0.07404282052570732,-0.11548223350253806,-0.08181886716590436,-0.16116751269035534,-0.12077147308639502,-0.1357868020304569,-0.1575689802482787,-0.058375634517766395,-0.09797959491380603,-0.15862944162436554,-0.2065502337035735,-0.3299492385786802
8906_2023-10-17,8906,2023-10-17,10000000.0,14.0,19.35,17.2,-0.12144702842377264,-0.1269915828792182,-0.09560723514211888,-0.06709238365697046,-0.10594315245478036,-0.09010156829636451,-0.11111111111111116,-0.08932893289328936,-0.1188630490956073,-0.08440760355105292,-0.11627906976744184,-0.09568501036150134,-0.11369509043927661,-0.09666538746897957,-0.10594315245478036,-0.10594315245478036,-0.10594315245478036,-0.11425998413794869,-0.07751937984496127,-0.08306393430040682,0.0,0.0,-0.04651162790697683,-0.048887865530739205,-0.06976744186046513,-0.058282293345613634,-0.07493540051679604,-0.06384629160590494,-0.07751937984496127,-0.07078670657763453,-0.08268733850129206,-0.06367743751119304,-0.08268733850129206,-0.06446951671911383,-0.08268733850129206,-0.06644971473891581,-0.09043927648578809,-0.054795712129352414,-0.10594315245478036,-0.07465602374190905,-0.13953488372093037,-0.10587151738429668,-0.1421188630490956,-0.10172282344513528,-0.18863049095607243,-0.21041266917389423,-0.13953488372093037,-0.17913884411697,-0.13436692506459957,-0.18228771714380754,-0.2764857881136952
3680_2023-10-18,3680,2023-10-18,5800000.0,300.0,383.0,341.5,-0.12532637075718012,-0.13164798276824285,-0.06657963446475201,-0.048404999932946446,-0.06919060052219317,-0.04508945473001613,-0.06788511749347259,-0.031140747679169967,-0.037859007832898195,-0.014943164292795519,-0.00652741514360311,0.012832521640276817,-0.0026109660574412663,-0.0002403615532927672,0.010443864229765065,0.004517352969393595,0.01436031331592691,0.011199507310395429,-0.018276762402088753,-0.015906157897940254,0.0,0.0,-0.037859007832898195,-0.024030481558698247,-0.04046997389033946,-0.027036548366830893,-0.01305483028720622,-0.003967513021303493,-0.04699738903394257,-0.025661948496605524,-0.023498694516971286,-0.0029534554810171088,-0.011749347258485643,0.0068203880240113035,-0.07049608355091386,-0.03256641148453698,-0.08616187989556134,-0.05257831608679009,-0.07310704960835512,-0.03715288129543537,-0.12271540469973885,-0.08004452362506487,-0.1122715404699739,-0.07434186840359702,-0.02872062663185382,-0.060328686687167954,0.016971279373368064,-0.01937798969024329,-0.03916449086161877,-0.08894718544873836,-0.216710182767624
6198_2023-10-18,6198,2023-10-18,10000000.0,22.9,31.8,34.1,0.08018867924528306,0.07386706723422032,0.028301886792452935,0.0464765213242585,0.03459119496855334,0.05869234076073038,0.015723270440251458,0.05246764025455408,0.03459119496855334,0.057507038508656017,0.028301886792452935,0.04766182357633286,0.018867924528301883,0.02123852903245038,0.03459119496855334,0.02866468370818187,0.02515723270440251,0.02199642669887103,0.018867924528301883,0.02123852903245038,0.0,0.0,-0.06289308176100628,-0.04906455548680633,-0.09905660377358494,-0.08562317825007637,-0.07704402515723263,-0.0679567078913299,-0.08805031446540879,-0.06671487392807174,-0.07861635220125784,-0.05807111316530367,-0.08647798742138368,-0.06790825213888674,-0.07704402515723263,-0.03911435309085576,-0.09119496855345921,-0.057611404744687955,-0.11006289308176098,-0.07410872476884123,-0.12106918238993714,-0.07839830131526315,-0.12264150943396235,-0.08471183736758547,-0.21540880503144655,-0.24701686508676068,-0.14465408805031454,-0.1810033571139259,-0.10849056603773577,-0.15827326062485536,-0.27987421383647804
6596_2023-10-18,6596,2023-10-18,3000000.0,40.0,50.4,52.4,-0.001984126984126977,-0.008305738995189715,-0.003968253968253843,0.014206380563551724,0.0,0.024101145792177037,0.003968253968253954,0.04071262378255658,0.003968253968253954,0.02688409750835663,0.007936507936507908,0.027296444720387836,-0.003968253968253843,-0.001597649464105344,0.021825396825396748,0.015898885565025278,0.023809523809523947,0.020648717803992467,0.005952380952380931,0.00832298545652943,0.0,0.0,-0.019841269841269882,-0.006012743567069934,-0.011904761904761973,0.0015286636187465952,-0.025793650793650702,-0.016706333527747974,-0.011904761904761973,0.009430678632575074,0.001984126984126977,0.022529366020081154,0.001984126984126977,0.020553862266623923,0.0,0.037929672066376874,-0.003968253968253843,0.029615309840517412,-0.007936507936507908,0.028017660376411846,-0.018849206349206282,0.0238216747254677,-0.009920634920634885,0.02800903714574199,0.017857142857142794,-0.013750917198171342,0.023809523809523947,-0.012539745254087409,0.06150793650793651,0.01172524192081692,-0.20634920634920628
6612_2023-10-19,6612,2023-10-19,5000000.0,120.0,136.5,133.5,-0.0146520146520146,-0.02426739926739918,0.06227106227106227,0.0726877289377289,0.04395604395604402,0.06719322344322343,0.03663003663003672,0.04584478021978022,0.04029304029304037,0.04590201465201471,0.02564102564102555,0.014022435897435681,0.04761904761904767,0.02758699633699635,0.0219780219780219,0.004750457875457803,0.0,-0.011618589743589869,0.00366300366300365,-0.010359432234432253,0.0,0.0,0.0,-0.0004006410256409687,-0.02564102564102566,-0.03044871794871795,-0.04029304029304026,-0.032680860805860745,-0.03663003663003661,-0.029819139194139255,-0.03296703296703296,-0.02815934065934067,-0.05494505494505497,-0.03050595238095244,-0.05494505494505497,-0.03491300366300365,-0.05494505494505497,-0.032509157509157505,-0.06959706959706957,-0.04035027472527475,-0.06593406593406592,-0.04149496336996339,-0.06227106227106227,-0.05986721611721613,-0.05860805860805862,-0.10508241758241765,-0.0146520146520146,-0.06713598901098883,-0.1575091575091575,-0.2204097985347987,-0.1208791208791209
4979_2023-11-17,4979,2023-11-17,8500000.0,139.0,170.0,141.5,-0.1029411764705882,-0.06312494369876598,-0.008823529411764675,0.030609854968020822,0.03529411764705892,0.06630483740203597,0.04705882352941182,0.07845239167642559,0.08823529411764697,0.11426898477614611,0.0676470588235294,0.09329790108999181,0.0117647058823529,0.04124403206918292,0.0235294117647058,0.03807765066210245,0.038235294117647145,0.050486442662823205,0.00588235294117645,0.006265201333213066,0.0,0.0,-0.05882352941176472,-0.06188631654805876,-0.0676470588235294,-0.07032699756778671,0.0,-0.014931087289433487,-0.026470588235294135,-0.03221331411584549,-0.05882352941176472,-0.06418340690027935,-0.05294117647058827,-0.05753535717502922,-0.0676470588235294,-0.06573281686334564,-0.07058823529411762,-0.07556526439059552,-0.01764705882352946,-0.021858391135933908,0.0235294117647058,0.01778668588415444,0.00588235294117645,-0.003306008467705679,-0.04117647058823526,-0.06491307089451392,-0.15294117647058825,-0.19007747049815327,-0.032352941176470584,-0.11351680028826217,-0.1823529411764706
6179_2023-11-21,6179,2023-11-21,10000000.0,25.0,29.85,28.8,-0.028475711892797406,0.024979805480245587,0.045226130653266194,0.07920856669755783,0.031825795644891075,0.06046267995187837,0.025125628140703515,0.053380687323597686,-0.008375209380234505,0.02369810104359127,-0.021775544388609736,-0.004593413804417246,-0.003350083752093891,0.011541096087539504,-0.03350083752093802,-0.030446236528192894,-0.035175879396984966,-0.032503103528332855,-0.02680067001675046,-0.0271824951408437,0.0,0.0,-0.03015075376884424,-0.042369157739825636,-0.02680067001675046,-0.02985527100949592,-0.035175879396984966,-0.03784865526563719,-0.031825795644891186,-0.03373492126535693,-0.015075376884422176,-0.010493475395304208,-0.02680067001675046,-0.029091620761309445,-0.04020100502512569,-0.04172830552149842,-0.06030150753768848,-0.06335610853043394,-0.05360134003350092,-0.06009236714308486,-0.04020100502512569,-0.04287378089377791,-0.048576214405360196,-0.04399431291624223,0.07202680067001666,0.053317369589451324,0.06030150753768826,0.048083103566706864,0.1306532663316582,0.032906034563807696,-0.1624790619765495
6219_2023-11-21,6219,2023-11-21,25000000.0,17.15,22.95,24.5,0.023965141612200425,0.07742065898524342,-0.07407407407407407,-0.04009163802978244,-0.06753812636165579,-0.038901242054668494,-0.07407407407407407,-0.0458190148911799,-0.06971677559912848,-0.037643465175302704,-0.050108932461873534,-0.032926801877681044,-0.023965141612200425,-0.00907396177256703,0.002178649237472907,0.005233250230218034,0.01089324618736387,0.01356602205601598,0.05882352941176472,0.05844170428767148,0.0,0.0,-0.02614379084967311,-0.038362194820654505,-0.028322440087145906,-0.031377041079891366,-0.03703703703703698,-0.0397098129056892,-0.02614379084967311,-0.028052916470138856,-0.0326797385620915,-0.02809783707297353,-0.028322440087145906,-0.03061339083170489,-0.04139433551198257,-0.0429216360083553,-0.04357298474945537,-0.04662758574220083,-0.04357298474945537,-0.050064011859039304,-0.05228758169934633,-0.05496035756799855,-0.04357298474945537,-0.0389910832603374,0.015250544662309462,-0.0034588864182558687,0.12418300653594772,0.11196460256496632,0.5773420479302833,0.4795948161624328,-0.252723311546841
8444_2023-12-05,8444,2023-12-05,11000000.0,33.0,34.55,34.4,-0.01591895803183785,0.020638543872198767,-0.07959479015918947,-0.08911497294669901,-0.07959479015918947,-0.07997559747068961,-0.05499276410998544,-0.05499276410998544,-0.056439942112879726,-0.055678327489878776,-0.01591895803183785,-0.008683619113330487,-0.004341534008682979,-0.003960726697182504,0.01881331403762676,0.019955735972127964,-0.010130246020260358,-0.0105110533317605,-0.0014471780028942893,-0.005255251117898152,0.0,0.0,-0.004341534008682979,0.0028938049098243823,0.02894356005788712,0.03275163317289098,0.004341534008683201,0.014242524107693222,0.00723589001447178,0.009139926571973711,0.00868306801736618,0.00944468264036713,0.01157742402315498,0.010054194777153524,0.01447178002894356,0.012567743471441739,0.03473227206946472,0.020642401543950584,0.08393632416787278,0.06565757321585464,0.14327062228654142,0.1234686420885216,0.10419681620839372,0.08820290912537776,0.03183791606367592,0.022317733276166374,0.0419681620839365,0.07129032506946587,0.06801736613603482,-0.09649139243212956,-0.04486251808972497
5529_2023-12-08,5529,2023-12-08,18000000.0,13.7,20.05,19.7,-0.029925187032418976,-0.004925187032418954,-0.032418952618453956,-0.04164972184922311,-0.02244389027431415,-0.0251361979666217,-0.02244389027431415,-0.03205927488969873,-0.02244389027431415,-0.0312900441204681,-0.02244389027431415,-0.032828505658929585,-0.02493765586034913,-0.03878380970650297,-0.0024937655860349794,-0.012493765586034988,-0.004987531172069848,-0.007679838864377397,0.0,-0.006153846153846176,0.0,0.0,-0.02244389027431415,-0.03052081335123724,-0.01995012468827939,-0.029180893919048545,-0.027431421446384108,-0.038969882984845605,-0.02493765586034913,-0.03686073278342605,-0.01995012468827939,-0.04418089391904867,-0.02244389027431415,-0.050905428735852465,-0.03990024937655867,-0.0699002493765587,-0.04239401496259354,-0.06854786111643973,-0.004987531172069848,-0.03383368501822359,-0.03990024937655867,-0.05990024937655869,-0.04488778054862852,-0.06758008824093609,-0.04239401496259354,-0.06354786111643962,-0.03491271820448871,-0.0641434874352581,0.29675810473815467,0.10368118166123175,-0.31670822942643395
3522_2023-12-11,3522,2023-12-11,20000000.0,16.5,21.45,17.95,-0.1561771561771561,-0.13824506918745738,-0.1165501165501166,-0.11120864382978068,-0.1165501165501166,-0.11807625161306956,-0.12354312354312347,-0.12430619107459995,-0.07925407925407923,-0.08154328184850868,-0.046620046620046596,-0.05234305310612064,-0.03263403263403264,-0.03454170146272406,-0.020979020979020935,-0.01563754825868502,-0.030303030303030276,-0.028395361474338965,-0.04895104895104896,-0.04093883987054525,0.0,0.0,-0.020979020979020935,-0.022123622276235655,-0.06759906759906753,-0.07103287149071191,-0.06526806526806517,-0.06908340292544779,-0.07226107226107226,-0.08828549042207945,-0.0699300699300699,-0.09015135951419795,-0.027972027972027913,-0.04971945261910915,-0.04428904428904423,-0.06222113127874285,-0.039627039627039506,-0.0602298629769058,-0.0862470862470861,-0.09807463298497221,-0.11188811188811187,-0.12638639498616588,-0.12354312354312347,-0.14223827806429856,-0.05594405594405594,-0.07082387280784819,-0.1212121212121211,-0.14410414715641706,-0.14219114219114226,-0.30968446535024163,-0.23076923076923073
5364_2023-12-26,5364,2023-12-26,20000000.0,20.0,24.3,28.0,0.1337448559670782,0.1505987885513479,0.10699588477366251,0.12197715818190225,0.1172839506172838,0.13189069219031746,0.09259259259259256,0.09521431543903447,0.07818930041152261,0.07669117307069873,0.08641975308641969,0.0834234984047717,0.07201646090534974,0.07276552457576169,0.028806584362139898,0.02693392518611004,-0.006172839506172978,0.0005687335275349481,-0.004115226337448652,4.623849817364523e-06,0.0,0.0,-0.06790123456790131,-0.0735192120959911,-0.06584362139917699,-0.08269755398344658,-0.06584362139917699,-0.08269755398344658,-0.06172839506172845,-0.07633513663476199,-0.07201646090534974,-0.0825033522911176,-0.07201646090534974,-0.06490035603643596,-0.08436213991769548,-0.07687150321357561,-0.08230452674897115,-0.07219216719840937,-0.10288065843621397,-0.09726268090812407,-0.12345679012345678,-0.11971147177139685,-0.12757201646090544,-0.11858325241596168,-0.12139917695473246,-0.1251444953067924,-0.2880658436213992,-0.34649280991353404,-0.32098765432098764,-0.5000138715494521,-0.17695473251028804
6242_2023-12-27,6242,2023-12-27,5000000.0,45.0,60.4,56.4,-0.04966887417218546,-0.026577626499932228,-0.0314569536423841,-0.011345221798808813,-0.02980132450331119,-0.021607655974447137,-0.02980132450331119,-0.025704490238879107,-0.0314569536423841,-0.02884987729229105,-0.0314569536423841,-0.025125482506443753,-0.024834437086092676,-0.02111004230024538,-0.021523178807946963,-0.009232676014650831,-0.0066225165562913135,0.003060909886911767,-0.013245033112582738,-0.007658440933811739,0.0,0.0,-0.0331125827814569,-0.0442857671389989,-0.03476821192052981,-0.04594139627807181,-0.03476821192052981,-0.04370675940656332,-0.039735099337748325,-0.044576812559349754,-0.04635761589403964,-0.033694673622158944,-0.04635761589403964,-0.03332223414357405,-0.039735099337748325,-0.024092641237189683,-0.04801324503311255,-0.03684006067557066,-0.05132450331125826,-0.04201351634663997,-0.06125827814569529,-0.04673313848089089,-0.056291390728476776,-0.04586308532810435,-0.08609271523178796,-0.09652102063216039,-0.07450331125827814,-0.12552751982438604,-0.10596026490066224,-0.2951595200217051,-0.2549668874172185
1799_2024-01-10,1799,2024-01-10,6000000.0,28.6,39.25,41.95,-0.007643312101910715,0.003634883386811061,0.0573248407643312,0.04792634452372968,0.0573248407643312,0.036648149035007904,0.05222929936305731,0.03155260763373402,0.05222929936305731,0.03380824673147842,0.0394904458598726,0.025204731574158368,0.016560509554140124,0.019943968200756612,0.015286624203821653,0.01904602270006228,0.001273885350318471,0.007664862793927418,0.0,0.001879699248120259,0.0,0.0,0.006369426751592355,0.011632584646329103,0.008917197452229297,0.010045017001101497,0.03312101910828025,0.03575259805564868,0.0484076433121019,0.0484076433121019,0.0484076433121019,0.058558019251951476,0.02292993630573248,0.0646592596140031,0.026751592356687892,0.06208993822134945,0.01273885350318471,0.01349073320243277,0.008917197452229297,0.0029021598582441577,0.017834394904458595,0.009939658062353196,0.007643312101910826,0.00012451510942956823,0.3248407643312101,0.2624347492936161,0.5337579617834396,0.4288707437383268,0.7070063694267517,0.5235477228102103,-0.27133757961783433
8087_2024-01-16,8087,2024-01-16,9000000.0,40.0,52.0,48.45,-0.050000000000000044,-0.05676691729323324,-0.06730769230769229,-0.08159340659340653,-0.054807692307692335,-0.05142423366107585,-0.050000000000000044,-0.046240601503759415,-0.023076923076923106,-0.01668594563331416,-0.01538461538461533,-0.013504916136495071,-0.0326923076923078,-0.0326923076923078,-0.043269230769230727,-0.03800607287449398,-0.03653846153846152,-0.03541064198958932,-0.045192307692307754,-0.042560728744939325,0.0,0.0,-0.02692307692307694,-0.016772700983227362,-0.02692307692307694,0.014806246385193678,-0.039423076923076894,-0.004084731058415336,-0.04038461538461546,-0.039632735685367404,-0.038461538461538436,-0.044476576055523576,-0.044230769230769185,-0.05212550607287458,-0.044230769230769185,-0.05174956622325044,-0.04807692307692313,-0.06800173510699836,-0.07403846153846161,-0.09396327356853684,-0.07307692307692304,-0.09939271255060733,-0.08076923076923082,-0.10445344129554657,0.0923076923076922,0.018623481781376405,0.08269230769230762,-0.07858588779641407,0.2153846153846155,0.07327935222672077,-0.23076923076923073
6761_2024-01-17,6761,2024-01-17,5000000.0,52.5,74.6,76.2,-0.002680965147452974,-0.01597378702363994,0.006702412868632601,-0.00013389552483489275,0.004021447721179738,-0.002435065761539512,0.004021447721179738,0.00022349861369774793,-0.0013404825737264314,-0.009695970610186677,0.0013404825737266535,-0.008913980016474587,0.0013404825737266535,-0.0035968512659998453,-0.02680965147453085,-0.03592472933248736,-0.02278820375335111,-0.03038410196831509,-0.013404825737265424,-0.023659288327466665,0.0,0.0,-0.03217158176943691,-0.0002688092665884545,-0.03753351206434308,-0.012087253044213986,-0.03485254691688999,-0.04434741968559497,-0.04021447721179627,-0.056545658373968744,-0.04557640750670233,-0.0638065632226158,-0.041554959785522705,-0.05940532059068793,-0.036193029490616424,-0.06657662235047213,-0.03351206434316356,-0.06389565720301926,-0.042895442359249136,-0.07973554870182409,-0.03485254691688999,-0.06903408888422768,-0.041554959785522705,-0.06206388496592519,0.04557640750670244,-0.046333960894360926,0.01608579088471851,-0.14532704618326475,0.3471849865951744,0.15956630068556565,-0.29624664879356566
6624_2024-01-29,6624,2024-01-29,2880000.0,35.0,44.6,46.3,0.013452914798206317,0.014927297400491701,0.022421524663677195,0.04195709414395732,0.02130044843049328,0.050788100476199194,0.008968609865470878,0.06941829655916787,0.008968609865470878,0.06315217049945532,0.008968609865470878,0.029241370646893694,0.008968609865470878,0.022606648936609797,-0.0022421524663677195,0.00955290835191458,-0.004484304932735439,0.007679351536118317,-0.0011210762331839152,-0.0011210762331839152,0.0,0.0,-0.012331838565022513,-0.018597964624735064,-0.007847533632287074,-0.011533490138000313,-0.005605381165919243,0.003978105748935201,-0.005605381165919243,0.003978105748935201,-0.011210762331838597,-0.007156210175554012,-0.011210762331838597,-0.013422336235266452,-0.0358744394618834,-0.08526625663844067,-0.053811659192825045,-0.0954629677073846,-0.03811659192825123,-0.0782935178405254,-0.04035874439461895,-0.08459022246317782,-0.0358744394618834,-0.07678855667530005,0.008968609865470878,-0.11377374177477972,-0.07062780269058289,-0.23096691068910857,-0.06390134529147984,-0.24414461842085688,-0.21524663677130051
8423_2024-01-29,8423,2024-01-29,12500000.0,16.0,23.0,23.0,-0.03913043478260858,-0.037656052180323196,-0.021739130434782594,-0.0022035609545024704,-0.019565217391304346,0.009922434654401568,-0.019565217391304346,0.040884469302392645,-0.017391304347825987,0.03679225628615845,-0.017391304347825987,0.0028814564335968296,-0.010869565217391353,0.002768473853747566,0.01304347826086949,0.02483853907915179,-0.004347826086956608,0.007815830381897149,-0.0021739130434782483,-0.0021739130434782483,0.0,0.0,-0.04347826086956519,-0.04974438692927774,-0.04347826086956519,-0.04716421737527843,-0.05217391304347818,-0.04259042612862374,-0.05217391304347818,-0.04259042612862374,-0.047826086956521796,-0.04377153480023721,-0.04999999999999993,-0.05221157390342779,-0.05217391304347818,-0.10156573022003546,-0.08695652173913049,-0.12860783025369005,-0.09565217391304348,-0.13582909982531766,-0.11086956521739133,-0.1551010432859502,-0.09999999999999998,-0.14091411721341662,0.2934782608695652,0.1707359092293146,0.18695652173913047,0.02661741374060478,-0.04999999999999993,-0.23024327312937698,-0.30434782608695654
4147_2024-02-27,4147,2024-02-27,20000000.0,82.0,108.0,87.1,-0.2064814814814815,-0.12971871663257573,-0.1685185185185185,-0.10703883807391967,-0.1787037037037037,-0.12312885132440532,-0.15648148148148155,-0.14536651100562192,-0.1518518518518519,-0.13344268200120946,-0.13888888888888884,-0.11909034772876381,-0.10833333333333339,-0.09235556327428518,-0.12222222222222223,-0.10311836671683838,-0.10833333333333339,-0.1003444483038094,-0.05092592592592593,-0.04953655461644357,0.0,0.0,0.05555555555555558,0.05972366948400287,0.02314814814814814,0.02766360490396602,0.0092592592592593,0.017248144288783296,0.0092592592592593,-0.011581310382977605,-0.05092592592592593,-0.08010272342505764,-0.04166666666666663,-0.07570626374898681,-0.00462962962962965,-0.06263588180052249,-0.10370370370370374,-0.1766456974515328,-0.12870370370370376,-0.1908780698030439,-0.14907407407407403,-0.2223634106492739,-0.15833333333333333,-0.23683281231909226,-0.18518518518518523,-0.2803571198847338,-0.12962962962962965,-0.25571507596516285,-0.18981481481481477,-0.3912736546897714,-0.2407407407407407
3558_2024-03-28,3558,2024-03-28,10000000.0,168.0,220.0,235.0,0.07272727272727275,0.16375169391344457,0.006818181818181834,0.022993253178790862,0.013636363636363669,0.0431320819998271,0.031818181818181746,0.05243346884640887,0.02499999999999991,0.04783539486203603,0.04772727272727262,0.07595435804284523,0.036363636363636376,0.03794942767349996,0.015909090909090873,0.0187635152668455,0.00454545454545463,0.005496929331372802,-0.018181818181818188,-0.017864659919845427,0.0,0.0,-0.022727272727272707,-0.01796989879768185,-0.025000000000000022,-0.026585791309863605,-0.018181818181818188,-0.016596026871954606,-0.02954545454545454,-0.04223178502436342,-0.03409090909090906,-0.03979975780641809,-0.07272727272727275,-0.08414497015829081,-0.10681818181818181,-0.1423399071591268,-0.10909090909090913,-0.14302684312199054,-0.11136363636363633,-0.14212798777499058,-0.13863636363636367,-0.16686344895193606,-0.1636363636363637,-0.17854280194908168,-0.17727272727272725,-0.18456736729809986,-0.23636363636363633,-0.27918000172995416,-0.1431818181818182,-0.3188874953147075,-0.23636363636363633
3675_2024-04-22,3675,2024-04-22,4500000.0,248.9,303.5,257.0,-0.18616144975288307,-0.22923633378204145,-0.08896210873146626,-0.14562214849289745,-0.11037891268533773,-0.19222119234073853,-0.08566721581548598,-0.16585276916207314,-0.054365733113673764,-0.1312378338426332,-0.06425041186161451,-0.13847175049647187,-0.060955518945634224,-0.12126035658645595,-0.05107084019769359,-0.08254864006515539,0.023064250411861664,-0.020010633617296714,0.009884678747940745,-0.04346190839586295,0.0,0.0,-0.08401976935749589,-0.08103766200163098,-0.07413509060955514,-0.08076199584481036,-0.0329489291598023,-0.06906556269194264,-0.01976935749588138,-0.03699931110754473,-0.008237232289950547,-0.042034448989751616,0.01976935749588149,-0.0325831938626342,0.009884678747940745,-0.038823074731184404,-0.011532125205930832,-0.04632337769102035,-0.021416803953871466,-0.06150958062716494,-0.02635914332784184,-0.08136245678045939,-0.04612850082372322,-0.10709602898807036,-0.03789126853377267,-0.14458444282138028,0.09390444810543652,-0.011794690396882856,0.1960461285008237,-0.09023617766219805,-0.17990115321252054
2736_2024-05-28,2736,2024-05-28,10000000.0,20.0,27.9,26.3,0.06272401433691766,0.1445395679651338,0.008960573476702427,0.058396826729087414,-0.0035842293906809264,0.03284248353212904,0.05017921146953408,0.08198031005293971,0.037634408602150504,0.07059191077040716,0.01971326164874565,0.05295986471321512,-0.0035842293906809264,0.030818777258639574,-0.0017921146953403522,0.015264838181213491,-0.032258064516129004,-0.022717734941107404,-0.028673835125447966,-0.015086093003447432,0.0,0.0,0.057347670250896154,0.0559021657698322,0.03942652329749108,0.05156876093842777,0.012544802867383575,0.04174399338487411,0.007168458781362075,0.047353483354938164,-0.01075268817204289,0.008906172770425935,-0.02150537634408589,0.013764932993873047,-0.03763440860215039,-0.011615327943000353,-0.04121863799283154,-0.048446160398151084,-0.03046594982078843,-0.029887748028362915,-0.043010752688172005,-0.04503445896166158,-0.06451612903225801,-0.08446409087093976,-0.10394265232974909,-0.1756396745905182,-0.09856630824372759,-0.24542956351981893,-0.30286738351254483,-0.3491235269065893,-0.2831541218637993
3483_2024-05-30,3483,2024-05-30,3125000.0,123.0,198.0,137.0,-0.1767676767676768,-0.0907272904639016,-0.18939393939393945,-0.16949344188150162,-0.14141414141414144,-0.12034302640097205,-0.12121212121212122,-0.09984835182376883,-0.09343434343434343,-0.07089995654525949,-0.05303030303030298,-0.04805517865219355,-0.06060606060606055,-0.06323994998270677,-0.04797979797979801,-0.04651652610388346,-0.05555555555555558,-0.06784703931323777,-0.04797979797979801,-0.06173455361339464,0.0,0.0,0.02777777777777768,0.045044385913569296,0.045454545454545414,0.07384201984728755,0.05050505050505061,0.05811406425980614,0.03535353535353525,0.05876588536816796,-0.05303030303030298,-0.03898289302152336,-0.010101010101010055,-0.029708853238264887,-0.02777777777777779,-0.0394839527850942,-0.06060606060606055,-0.07494612499002318,-0.058080808080808066,-0.09056544372611108,-0.002525252525252486,-0.04993526130488368,-0.015151515151515138,-0.06870726580998743,0.02020202020202011,-0.0711061448550474,-0.04040404040404044,-0.189657771747324,-0.1262626262626263,-0.1824522662977448,-0.3787878787878788
2916_2024-05-31,2916,2024-05-31,10000000.0,42.0,67.9,61.4,-0.07069219440353469,-0.005474803099186798,-0.07069219440353469,-0.06682084240829944,-0.07658321060382922,-0.07241406230126812,-0.07952871870397649,-0.07416838517211222,-0.07511045655375559,-0.08761790146143877,-0.06480117820324016,-0.08505132710139385,-0.042709867452135564,-0.05879086804772804,-0.020618556701030966,-0.050695983740935646,-0.02945508100147276,-0.06102148957800624,-0.014727540500736325,-0.03229752263295782,0.0,0.0,-0.10456553755522835,-0.09324927787684834,-0.13107511045655384,-0.14090238859830484,-0.13107511045655384,-0.12482138800271225,-0.12371134020618568,-0.12698709958676935,-0.12812960235640647,-0.1656519370794558,-0.10603829160530198,-0.13552012603055497,-0.1472754050073639,-0.1794374061985491,-0.15022091310751107,-0.20084628535289528,-0.14432989690721654,-0.2101428808262159,-0.14874815905743755,-0.2208148654302784,-0.1737849779086893,-0.24585168428153015,-0.17525773195876293,-0.286633550898608,-0.1958762886597939,-0.3674069616794483,-0.3210603829160531,-0.4109948677284413,-0.38144329896907225
8933_2024-05-31,8933,2024-05-31,25000000.0,8.8,10.5,10.4,0.00952380952380949,0.07474120082815738,0.004761904761904745,0.008633256757139995,-0.004761904761904856,-0.0005927564593437573,-0.00952380952380949,-0.00416347599194522,-0.004761904761904856,-0.01726934966958804,0.0,-0.020250148898153686,-0.004761904761904856,-0.020842905357497332,0.0,-0.03007742703990468,0.004761904761904745,-0.026804503814628733,0.004761904761904745,-0.01280807737031675,0.0,0.0,-0.004761904761904856,0.006554354916475158,0.00952380952380949,-0.0003034686179415047,0.0,0.0062537224538415925,0.0,-0.003275759380583665,-0.04761904761904767,-0.085141382342097,-0.04761904761904767,-0.07710088204430066,-0.06571428571428561,-0.09787628690547079,-0.0552380952380952,-0.10586346748347941,-0.06285714285714283,-0.1286701267761422,-0.056190476190476124,-0.12825718256331697,-0.03809523809523818,-0.11016194446807903,-0.05142857142857138,-0.16280439036841643,-0.04761904761904767,-0.21914972063870208,-0.13142857142857145,-0.22136305624095964,-0.16190476190476188
6125_2024-06-18,6125,2024-06-18,10000000.0,90.0,110.5,89.7,-0.13303167420814477,-0.06192056309703364,0.2171945701357465,0.27525012569130203,0.09954751131221728,0.17260306686777283,0.0678733031674208,0.1320399698340875,0.03619909502262453,0.06842131724484679,0.045248868778280604,0.08497109100050282,-0.018099547511312264,0.019122674710909893,0.03619909502262453,0.056199095022624546,0.009049773755656076,0.014883107088989433,0.009049773755656076,0.009049773755656076,0.0,0.0,-0.013574660633484115,-0.030241327300150722,-0.04524886877828049,-0.08941553544494718,0.0,-0.054166666666666696,0.009049773755656076,-0.03872800402212162,-0.03619909502262442,-0.05842131724484656,-0.04524886877828049,-0.06691553544494722,-0.03619909502262442,-0.06592131724484662,-0.05882352941176472,-0.08826797385620933,-0.004524886877828038,-0.0403582202111612,-0.018099547511312264,-0.05476621417797889,-0.018099547511312264,-0.04782176973353447,-0.102262443438914,-0.1958735545500251,-0.040723981900452455,-0.0629462041226746,-0.1800904977375566,-0.17064605329311222,-0.18552036199095023
6111_2024-06-25,6111,2024-06-25,5200000.0,65.0,75.7,72.1,-0.05284015852047552,0.0072141893056114625,-0.05812417437252315,2.799954052024045e-05,-0.059445178335534976,-0.018140830509448036,-0.05416116248348757,-0.02671551030957442,-0.05680317040951122,-0.03506403997472862,-0.04623513870541607,-0.024496008270633474,-0.0383091149273449,-0.032874332318649224,-0.05812417437252315,-0.07959156567687087,-0.06076618229854702,-0.09201618229854702,-0.0515191545574637,-0.07651915455746361,0.0,0.0,0.003963011889035695,0.004506490149905229,-0.0079260237780715,-0.015262980299810658,0.007926023778071167,0.000860806386766777,-0.011889035667107084,-0.02520425305841134,-0.03302509907529727,-0.04715553385790583,-0.04887714663143994,-0.056214103153179096,-0.044914134742404355,-0.0644793521337087,-0.05284015852047552,-0.0990358106943886,-0.04623513870541607,-0.08862644305324219,-0.04623513870541607,-0.12150687783585079,-0.07133421400264206,-0.14551899661133771,-0.10964332892998674,-0.1221433289299867,-0.215323645970938,-0.14222581988398153,-0.18229854689564073,-0.1738746338521624,-0.14134742404227219
8091_2024-06-28,8091,2024-06-28,4800000.0,115.0,162.0,121.5,-0.20370370370370372,-0.10980192280785916,-0.13580246913580252,-0.1072002025410912,-0.06481481481481477,-0.03621254822010345,-0.08333333333333337,-0.07092102896204355,-0.07098765432098764,-0.08528878761834313,-0.07407407407407407,-0.09808918470548245,-0.03395061728395066,-0.051759575729714125,-0.03395061728395066,-0.0269349669871346,-0.02777777777777779,-0.020222462073514413,0.021604938271605034,0.02133510556788143,0.0,0.0,-0.021604938271604923,-0.02781109045724961,-0.02777777777777779,-0.034793428074593735,-0.015432098765432056,-0.01570193146915566,0.021604938271605034,0.009192633900315217,0.0030864197530864335,-0.03576948958312509,0.06172839506172845,0.0266501435776485,-0.024691358024691357,-0.0924193666593377,-0.01851851851851849,-0.08516719633827019,-0.015432098765432056,-0.08585843443731533,-0.02777777777777779,-0.12194939137734606,-0.04938271604938271,-0.10901574357231847,-0.0864197530864198,-0.06105547893639274,-0.11111111111111116,-0.07441386340468903,-0.02777777777777779,-0.040999580260238644,-0.2901234567901234
4188_2024-07-01,4188,2024-07-01,10000000.0,23.0,27.6,26.35,-0.04528985507246375,0.06439102451992018,0.0018115942028984477,0.036405319062109975,0.019927536231884035,0.03843115650541573,0.01086956521739113,0.0028245129245512146,0.0,-0.017699115044247815,0.0,-0.011531241619737287,-0.01449275362318847,-0.001352501544883311,-0.03260869565217395,-0.0189321067543462,-0.025362318840579823,-0.019462613825830588,-0.03804347826086962,-0.031875604836359206,0.0,0.0,-0.018115942028985477,-0.01892044725826947,-0.018115942028985477,-0.012216237014236242,-0.019927536231884035,-0.026095409656394564,-0.02898550724637683,-0.0614338848274979,-0.023550724637681264,-0.05224474448214378,0.047101449275362306,-0.014040948150221055,0.016304347826086918,-0.04376537596045105,-0.005434782608695676,-0.0692588641318922,-0.021739130434782705,-0.10916203201697638,-0.025362318840579823,-0.07845966397332327,-0.025362318840579823,-0.08033684284165243,-0.16123188405797106,-0.13119702216470208,-0.19746376811594213,-0.16689256940315056,-0.1811594202898551,-0.19644501964625094,-0.16666666666666674
6667_2024-07-09,6667,2024-07-09,1400000.0,129.0,211.5,190.5,-0.15602836879432624,-0.03194446684840768,-0.13475177304964536,-0.06424381247345134,-0.10874704491725773,-0.04556786877371466,-0.14657210401891252,-0.0831402111707954,-0.14657210401891252,-0.08895269537600115,-0.09692671394799057,-0.0400654554188018,-0.07801418439716312,-0.014835008253620052,-0.0614657210401891,-0.00965879660248381,0.030732860520094496,0.05777354790953093,0.07801418439716312,0.10859290565063784,0.0,0.0,-0.023640661938534313,-0.02262979512023766,-0.009456264775413725,-0.011983431821155355,-0.009456264775413725,-0.03422250182368258,-0.05437352245862881,-0.04679202132140359,-0.049645390070921946,-0.043832905865715976,-0.05200945626477538,-0.0469551221732919,-0.03546099290780147,-0.016507240064738582,-0.05437352245862881,-0.01772960029537385,-0.07801418439716312,-0.019383908935955207,-0.09219858156028371,-0.005516751891342597,-0.0685579196217494,-0.010180360865115645,-0.21276595744680848,-0.07478263674931052,-0.049645390070921946,0.03627828948429668,0.016548463356973908,0.07012440472669845,-0.3900709219858156
6728_2024-07-09,6728,2024-07-09,7000000.0,108.0,135.5,139.0,0.011070110701107083,0.13515401264702565,-0.022140221402214055,0.04836773917397996,-0.02583025830258301,0.03734891784096006,-0.03690036900369009,0.02653152384442703,-0.02583025830258301,0.031789150340328365,-0.03690036900369009,0.019960889525498682,-0.03690036900369009,0.026278807139852978,-0.022140221402214055,0.029666703035491238,-0.02583025830258301,0.0012104290868534262,-0.02583025830258301,0.0047484629508917076,0.0,0.0,-0.02583025830258301,-0.024819391484286357,-0.029520295202952074,-0.0320474622486937,-0.040590405904059046,-0.0653566429523279,-0.03690036900369009,-0.02931886786646487,-0.040590405904059046,-0.034777921698853076,-0.03321033210332103,-0.028155998011837546,-0.040590405904059046,-0.021636653060996158,-0.05166051660516602,-0.015016594441911058,-0.059040590405904037,-0.00041031494469612184,-0.08856088560885611,-0.0018790559399149975,-0.07011070110701112,-0.011733142350377368,-0.17712177121771222,-0.03913845052021425,-0.11808118081180807,-0.03215750125658945,-0.12177121771217714,-0.0681952763424526,-0.20295202952029523
3322_2024-07-11,3322,2024-07-11,8000000.0,17.6,23.95,24.3,-0.012526096033402934,0.08528081094920359,-0.03131524008350728,0.03447755043829748,-0.018789144050104345,0.0412058143567523,-0.03340292275574119,0.025835796679600342,-0.014613778705636626,0.050926932158996574,-0.006263048016701411,0.04793407827520679,0.0041753653444676075,0.03366868523355249,0.0041753653444676075,0.03719780043395582,0.0041753653444676075,0.006696161916184273,-0.008350730688935215,-0.004821615488531994,0.0,0.0,-0.035490605427974886,-0.057673615259081545,-0.04384133611691021,-0.03375814983004355,-0.06889352818371597,-0.06057489949705097,-0.06889352818371597,-0.06133113846856597,-0.07098121085594988,-0.049554439996358224,-0.08977035490605423,-0.05069800804444591,-0.1148225469728601,-0.053819269937316894,-0.09394572025052195,-0.004961601268923754,-0.0772442588726513,-0.01649306149427976,-0.10229645093945716,-0.004741623614022306,-0.15240083507306879,-0.06291255677712726,-0.1148225469728601,-0.012478206161163685,-0.039665970772442605,0.046545271980267255,-0.20876826722338204,-0.1775103897340955,-0.2651356993736951
5351_2024-07-16,5351,2024-07-16,35000000.0,38.0,47.25,51.4,0.11746031746031749,0.18710952945828385,0.024338624338624326,0.08204070873110014,0.04444444444444451,0.09070778964017401,0.03915343915343916,0.06050575232069888,0.06243386243386251,0.08734489446233218,0.06455026455026447,0.05870379784970514,0.03915343915343916,0.03432374927036852,0.023280423280423346,0.01489201453614264,0.020105820105820182,-0.010651678623208927,0.011640211640211673,0.013419571070816594,0.0,0.0,-0.005291005291005346,-0.006053587904121693,-0.007407407407407418,0.00581069121994382,-0.03492063492063491,-0.003908941987233794,-0.05502645502645509,-0.0018998663126778004,-0.07513227513227505,0.006209870266809858,-0.07513227513227505,-0.022259880622869987,-0.10476190476190483,-0.014777156414167214,-0.13544973544973538,-0.053599201641906236,-0.11957671957671956,-0.03772618576889042,-0.12698412698412698,-0.04640456419815853,-0.11216931216931214,-0.047603984258788534,-0.17354497354497356,-0.08533958462784086,-0.17671957671957672,-0.09436065450300335,-0.14920634920634912,-0.13039597808281078,-0.1957671957671958
6187_2024-07-17,6187,2024-07-17,6250000.0,223.0,260.0,239.0,-0.04038461538461535,0.0048274750395654875,0.10384615384615392,0.15083624782634186,0.15384615384615374,0.17594419804224215,0.26923076923076916,0.29488482053887166,0.2711538461538461,0.2660738359938257,0.35576923076923084,0.3517052226412145,0.31153846153846154,0.303918446298431,0.21538461538461529,0.18541255544049529,0.09615384615384626,0.09869385123385643,0.059615384615384626,0.0603773861393877,0.0,0.0,0.013461538461538414,0.027431566401594276,-0.06346153846153846,-0.03171147496141147,-0.013461538461538414,0.04038656923467698,-0.019230769230769273,0.06281139485355891,0.02499999999999991,0.07859410718821425,0.02499999999999991,0.11567818135636265,0.03846153846153855,0.12101170356186874,0.1365384615384615,0.2190886266387917,0.10384615384615392,0.18512631640647903,0.08653846153846145,0.15181659209472254,0.03076923076923066,0.14329145581368075,0.32499999999999996,0.39332613665227323,0.4673076923076922,0.5460478497880071,0.8038461538461539,0.821880189914226,-0.14230769230769236
6840_2024-08-08,6840,2024-08-08,2500000.0,60.0,73.3,79.8,0.20054570259208737,0.06560455989900671,0.004092769440654731,-0.06567467241981051,0.023192360163710735,-0.004657194817627053,0.013642564802182733,-0.023394472234854247,0.024556616643929052,-0.012480420393107927,0.04092769440654842,0.0024551132983083868,0.04229195088676674,-0.014268485518630802,0.060027285129604424,0.05686908817295788,-0.030013642564802212,0.058415872221301735,-0.024556616643929052,0.013628855650070437,0.0,0.0,-0.024556616643929052,-0.003884782018606092,-0.028649386084583783,-0.038411085768764064,-0.07503410641200547,-0.09742859392277214,-0.07230559345156884,-0.09728406029050074,-0.07912687585266032,-0.11702523933241904,-0.07912687585266032,-0.10898619253368225,-0.09004092769440653,-0.1431560583289171,-0.10231923601637105,-0.15686991072208445,-0.09549795361527968,-0.1506228459494744,-0.10504774897680769,-0.14897539755561906,-0.08731241473396989,-0.12578499584220992,-0.13369713506139147,-0.12307410893448945,-0.14461118690313768,-0.19227125006707668,-0.21691678035470663,-0.3507094877908249,-0.18144611186903137
6788_2024-08-13,6788,2024-08-13,4000000.0,130.0,219.5,183.5,0.03872437357630987,-0.06405574436808759,-0.04783599088838264,-0.06215781060194614,-0.02277904328018221,-0.03850496296566375,-0.02733485193621865,-0.06075243126786689,-0.06605922551252852,-0.04724428588882723,-0.15945330296127558,-0.05105678512920586,-0.19134396355353078,-0.13209094473859107,-0.11161731207289294,-0.08971335251097212,-0.11161731207289294,-0.06949431291535291,-0.06150341685649208,-0.04914733710361363,0.0,0.0,-0.013667425968109326,-0.016194805917561617,-0.02505694760820043,-0.04022122730491484,0.07061503416856496,0.06331371431459143,0.14350797266514803,0.11346023326610277,0.1936218678815489,0.16217002851058582,0.23917995444191353,0.2071664750821831,0.24145785876993164,0.22039635919116174,0.24145785876993164,0.2257319390844501,0.2574031890660593,0.24111562939181064,0.25284738041002286,0.2348749007694726,0.26195899772209574,0.24847963799168316,0.13667425968109348,0.16868773904082401,0.1936218678815489,0.13914278897113053,0.14806378132118447,0.058482203112816045,-0.407744874715262
8227_2024-08-15,8227,2024-08-15,2200000.0,150.0,201.0,238.5,0.2885572139303483,0.19948390825953233,0.10447761194029859,0.086496975702401,0.06467661691542292,0.09814826283520173,-0.03980099502487566,0.0819140810470469,-0.09452736318407962,-0.021221692368035394,-0.00497512437810943,0.031539398443467315,-0.01990049751243783,0.03653103775727162,-0.02487562189054726,0.002233645052744593,-0.02487562189054726,-0.00993786255444773,-0.014925373134328401,-0.002477240354245458,0.0,0.0,-0.01243781094527363,-0.004692306104333022,-0.00995024875621886,-0.02461138291942766,-0.007462686567164201,-0.02350694659482666,0.0024875621890547706,-0.014109948184389154,-0.01243781094527363,-0.018246939575979004,-0.0024875621890547706,-0.0030408125348362347,-0.014925373134328401,-0.01603187382589133,-0.00995024875621886,-0.012716500485126181,0.004975124378109541,0.006634875415454045,-0.007462686567164201,-0.019910819347247144,0.0,0.0013831258644536604,-0.08457711442786064,-0.07102248095621477,-0.052238805970149294,-0.09732870915133884,-0.24129353233830841,-0.2980016927809087,-0.25373134328358204
4113_2024-08-15,4113,2024-08-15,20000000.0,31.9,52.7,51.4,0.06831119544592013,-0.020762110224895824,0.0759013282732448,0.05792069203534722,0.007590132827324458,0.04106177874710326,-0.092979127134725,0.028735948937197553,-0.18311195445920314,-0.10980628364315892,-0.1366223908918407,-0.10010786807026395,-0.13851992409867175,-0.0820883888289623,-0.11954459203036061,-0.09243532508706875,-0.057874762808349245,-0.04293700347224971,-0.00379506641366234,0.008653066366420603,0.0,0.0,0.003795066413662118,0.011540571254602727,0.005692599620493288,-0.008968534542715512,-0.007590132827324569,-0.02363439285498703,-0.04933586337760909,-0.06593337375105301,-0.04933586337760909,-0.055144992008314464,-0.07305502846299816,-0.07360827880877963,-0.12808349146110054,-0.12918999215266347,-0.14895635673624286,-0.15172260846515018,-0.13282732447817835,-0.13116757344083385,-0.13851992409867175,-0.1509680568787547,-0.15464895635673637,-0.1532658304922827,-0.21537001897533203,-0.20181538550368616,-0.3092979127134725,-0.35438781589466206,-0.467741935483871,-0.5244500959264713,-0.39468690702087295
3693_2024-08-23,3693,2024-08-23,4500000.0,330.0,397.0,388.0,-0.12342569269521408,-0.11319622075714386,-0.035264483627204024,-0.007617262172960215,-0.032745591939546626,-0.01726314792517014,-0.015113350125944613,-0.0021191560424500544,-0.006297229219143552,-0.005744284790058729,-0.0012594458438287548,0.007034720592444366,-0.005037783375314908,-0.019137866316979335,-0.010075566750629705,-0.0255580107650063,-0.01133501259445846,-0.027370401037919878,-0.0037783375314861534,-0.009031309607792526,0.0,0.0,-0.021410579345088165,-0.02196352377417299,-0.04785894206549124,-0.05007071978183075,-0.057934508816120944,-0.05572273109978143,-0.03778337531486142,-0.049671680540186336,-0.03400503778337527,-0.03206973228157828,-0.041561712846347576,-0.04432643499177191,-0.015113350125944613,-0.015113350125944613,0.01133501259445846,0.015758568027137376,-0.05415617128463479,-0.0010735060924866868,-0.03904282115869018,0.008233927528066731,-0.055415617128463435,-0.02168600695428602,-0.10327455919395467,-0.11654522549199176,-0.20151133501259444,-0.24657630598301183,-0.05919395465994959,-0.12665317500830464,-0.1687657430730478
6629_2024-09-12,6629,2024-09-12,2600000.0,109.0,144.5,129.0,-0.03460207612456745,-0.07824478779171906,-0.01038062283737029,-0.06071521696015181,0.01038062283737018,-0.04490014527435515,-0.01384083044982698,-0.06621208445040883,-0.01730103806228378,-0.06501706948503627,-0.0034602076124568004,3.1209320915270844e-05,0.02422145328719716,0.02160289058716791,0.05536332179930792,0.038488139954675926,0.02768166089965396,0.026517855255196565,0.0034602076124568004,0.0005506935013133152,0.0,0.0,-0.05882352941176472,-0.09635626144551512,-0.05882352941176472,-0.09693816426774382,-0.07958477508650519,-0.11973606982028462,-0.08996539792387548,-0.12487956725759686,-0.07612456747404839,-0.12442250171902958,-0.08304498269896199,-0.14472668185520277,-0.07958477508650519,-0.14592169682057554,-0.0692041522491349,-0.14572437337220734,-0.03460207612456745,-0.12712462485892895,-0.08650519031141868,-0.18804723279032487,-0.07958477508650519,-0.1787992062764966,-0.16608996539792387,-0.2891624122992914,-0.07612456747404839,-0.19221418050867178,-0.1418685121107266,-0.277451869690011,-0.24567474048442905
5213_2024-09-13,5213,2024-09-13,50000000.0,37.45,37.45,46.1,0.15353805073431248,0.12493457344883852,0.07610146862483291,0.05899546750312812,0.05607476635513997,0.0417730277124031,0.05874499332443239,0.04893007464804433,0.028037383177569986,0.06757748413101927,0.04806408544726293,0.08171523519487933,0.03738317757009346,0.05729344117076651,0.05073431241655535,0.08578759340365572,-0.001335113484646322,0.03203561001507338,0.001335113484646211,0.037510099463333946,0.0,0.0,0.014686248331108098,0.01412539583531447,0.013351134846461887,0.010827298615390779,0.013351134846461887,0.015874971077533218,0.022696929238985142,0.01232115806680345,0.0026702269692922,-0.02060515160614229,-0.06675567423230977,-0.09451787277409329,-0.05607476635514019,-0.09365188357331178,-0.06542056074766367,-0.11842112160015938,-0.06809078771695609,-0.12978456225425283,-0.057409879839786515,-0.11686024439390874,-0.06275033377837125,-0.09443849979070995,-0.14953271028037385,-0.23366058464941486,-0.1415220293724968,-0.20994603385931665,-0.17890520694259016,-0.2742501312275033,0.0
6535_2024-09-20,6535,2024-09-20,4000000.0,225.0,255.0,207.0,0.0039215686274509665,3.59177809341471e-05,-0.03529411764705881,0.008280681131736634,-0.027450980392156876,0.0025240404238298098,-0.027450980392156876,0.017511550831823097,-0.03137254901960784,0.011924703270150716,-0.056862745098039236,-0.010790027917911504,-0.07058823529411762,-0.0603190151997518,-0.07058823529411762,-0.06087410817782568,0.00588235294117645,0.013653654634210088,0.00588235294117645,0.018649491436874555,0.0,0.0,0.019607843137254832,0.0068407046415568384,0.0372549019607844,0.020047019640495822,0.03921568627450989,0.012293676837929368,0.10196078431372557,0.05977371798011477,0.1470588235294117,0.09626781603565648,0.26078431372549016,0.21221367814403025,0.29803921568627456,0.27694568251946916,0.2666666666666666,0.24751595892311973,0.2215686274509805,0.2024179197074336,0.2333333333333334,0.1889258950874273,0.2313725490196079,0.19196094757636617,0.2666666666666666,0.17868442964196496,0.3803921568627451,0.284361071655973,-0.25098039215686274,-0.3300811415323832,-0.11764705882352944
3558_2024-09-24,3558,2024-09-24,10000000.0,125.0,180.0,148.0,-0.07499999999999996,-0.06408594815825375,-0.0805555555555556,-0.01943686524177668,-0.07499999999999996,-0.015518417462482836,-0.02777777777777779,0.03443231772017585,-0.0444444444444444,-0.01743216613612253,-0.036111111111111094,-0.009644535394876419,-0.03888888888888886,-0.01433227224495981,-0.061111111111111116,-0.03164317113839621,-0.0444444444444444,-0.027527664089737724,-0.06388888888888888,-0.059523268152190334,0.0,0.0,-0.050000000000000044,-0.059549795361528046,-0.0444444444444444,-0.06900106108837345,-0.05555555555555558,-0.08857056237683802,-0.061111111111111116,-0.09194330756404434,-0.0805555555555556,-0.08437547370016663,-0.09722222222222221,-0.09913218129452772,-0.12222222222222223,-0.12413218129452774,-0.10277777777777775,-0.12951720479005602,-0.11944444444444446,-0.14127254812793688,-0.15000000000000002,-0.18137789904502044,-0.16388888888888886,-0.21245641958465977,-0.1333333333333333,-0.20509322419281495,-0.036111111111111094,-0.12260497195695008,0.1611111111111112,0.08471274821888741,-0.3055555555555556
6182_2024-09-24,6182,2024-09-24,30000000.0,26.5,31.5,33.2,0.09523809523809534,0.10615214707984155,-0.0015873015873015817,0.05953138872647734,-0.015873015873015928,0.04360856666450119,-0.01746031746031751,0.044749778037636134,0.006349206349206327,0.033361484657528195,0.015873015873015817,0.04233959158925049,0.031746031746031855,0.05630264838996091,0.0031746031746031633,0.03264254314731807,0.004761904761904745,0.021678685116611418,0.0031746031746031633,0.007540223911301713,0.0,0.0,-0.007936507936507908,-0.01748630329803591,0.004761904761904745,-0.019794711882024307,0.0031746031746031633,-0.02984040364667928,0.015873015873015817,-0.014959180579917408,0.007936507936507908,0.004116589791896885,0.0,-0.0019099590723055115,-0.015873015873015928,-0.01778297494532144,-0.014285714285714235,-0.04102514129799251,-0.026984126984127,-0.048812230667619416,-0.04603174603174598,-0.0774096450767664,-0.052380952380952306,-0.10094848307672322,-0.026984126984127,-0.09874401784360864,0.019047619047619202,-0.06744624179821979,-0.15873015873015872,-0.2351285216223825,-0.15873015873015872
5347_2024-10-01,5347,2024-10-01,200000000.0,88.0,103.5,126.0,0.20772946859903385,0.22458187414401887,0.02898550724637672,0.057254058483125814,-0.024154589371980673,0.009006595732667266,0.033816425120772875,0.05447421256301255,0.02898550724637672,0.037139897026208235,0.04347826086956519,0.047283642766819844,0.033816425120772875,0.028108352274890835,0.02898550724637672,0.008327719804136935,0.01449275362318847,-0.014591236591543932,-0.004830917874396157,-0.031740404147840184,0.0,0.0,0.01449275362318847,0.016395444571815743,-0.033816425120772986,-0.031913734172145714,-0.02898550724637683,-0.05181779862990499,-0.019323671497584516,-0.03726332901321372,-0.009661835748792313,-0.037114948007558324,-0.01449275362318836,-0.05907008441960049,-0.019323671497584516,-0.06471644127197995,-0.01449275362318836,-0.08217418879578975,-0.024154589371980673,-0.07335274104363065,-0.004830917874396157,-0.05565994750201253,-0.05120772946859897,-0.12813080639167584,-0.09951690821256032,-0.1484432468915492,-0.11980676328502426,-0.15079344444838394,-0.033816425120772986,-0.10910862408788369,-0.1497584541062802
6248_2024-10-04,6248,2024-10-04,30000000.0,27.0,32.05,31.3,-0.009360374414976502,0.009975137567594161,0.006240249609984483,0.03755833239865547,0.006240249609984483,0.02503109928318703,0.004680187207488418,0.010943803765222637,0.015600624024961096,0.017506942107749723,0.018720748829953227,0.011095476498798496,0.01716068642745716,-0.005442799411322863,0.03588143525741039,0.004835683623423348,0.05304212168486755,0.024175019288353417,0.02496099843993771,0.02305468035714897,0.0,0.0,-0.03120124804992186,-0.03120124804992186,-0.02808112324492973,-0.05286325832118244,-0.03900156006240241,-0.05888173435434141,-0.060842433697347764,-0.09025419840323023,-0.049921996879875086,-0.09649062433085553,-0.03120124804992186,-0.07858686896495459,-0.04212168486739465,-0.11183846046652324,-0.032761310452418035,-0.08395956753302802,-0.0343213728549141,-0.08715361686362888,-0.04212168486739465,-0.12109771972578254,-0.053042121684867216,-0.13174582538857094,-0.10452418096723859,-0.15926274305874188,-0.1138845553822152,-0.16099784514256377,-0.15444617784711379,-0.22062264843534907,-0.15756630265210603
5864_2024-10-07,5864,2024-10-07,81500000.0,13.8,19.8,19.2,-0.08080808080808088,-0.01354228560110926,-0.05808080808080818,-0.03928995840760563,-0.06060606060606055,-0.05434244404832633,-0.0505050505050505,-0.04859873242226187,-0.0505050505050505,-0.05813032283620523,-0.04292929292929304,-0.06553277876807306,-0.04040404040404044,-0.07144979203802748,-0.02777777777777779,-0.05664488017429192,-0.020202020202020332,-0.02210833828480907,-0.010101010101010055,-0.010101010101010055,0.0,0.0,-0.05555555555555558,-0.08033769063180829,-0.06818181818181823,-0.08806199247375723,-0.08838383838383834,-0.11779560308972081,-0.09090909090909094,-0.1374777183600714,-0.09090909090909094,-0.13829471182412367,-0.08838383838383834,-0.15810061398296693,-0.09090909090909094,-0.14210734798970093,-0.09090909090909094,-0.14374133491780572,-0.08585858585858586,-0.16483462071697375,-0.08838383838383834,-0.16708754208754206,-0.09090909090909094,-0.16552782729253324,-0.15656565656565669,-0.219746484452367,-0.15656565656565669,-0.19932164785105966,-0.26262626262626265,-0.31954347395523885,-0.303030303030303
3516_2024-10-08,3516,2024-10-08,6000000.0,21.0,26.3,25.25,-0.057034220532319435,0.02720707630531005,0.020912547528517234,0.05120752494015701,0.0019011406844107182,0.02794419144178517,0.03802281368821303,0.05476477488938236,0.032319391634980876,0.03444535496211354,0.0,-0.00611214456550635,0.017110266159695797,0.01312408492132211,0.034220532319391594,0.05654314725428411,0.019011406844106515,0.043194239690239944,0.0076045627376426506,0.03178739558377608,0.0,0.0,0.0,0.00478341748604838,0.0038022813688212143,-0.0007153907013355276,0.019011406844106515,-0.0022482264272194463,0.02281368821292773,0.0007568186939268529,0.041825095057034245,-0.00202289856507587,0.032319391634980876,0.006542086293497951,0.041825095057034245,0.014453317220201933,0.028517110266159662,-0.024366227496263937,0.03041825095057038,-0.02219934139596158,0.03041825095057038,-0.018213160157588115,0.13307984790874516,0.09135781761376771,0.041825095057034245,-0.007603552298798721,0.03992395437262353,0.03354606439122576,-0.08935361216730042,-0.13107564246227787,-0.20152091254752857
4174_2024-10-15,4174,2024-10-15,33800000.0,64.0,67.8,90.0,0.12094395280235992,0.2272882065725108,0.08259587020648973,0.09819649423145071,0.07374631268436582,0.091427019912655,0.12094395280235992,0.16436568967183485,0.18584070796460184,0.23108251763698884,0.10176991150442483,0.14701172117681183,0.09292035398230092,0.11450121721683038,0.04424778761061954,0.0705088380526373,0.00884955752212413,0.02601024394958129,0.007374631268436627,0.00815466246968466,0.0,0.0,-0.017699115044247815,-0.03901996787836115,-0.020648967551622266,-0.024289113157446418,-0.01179941002949847,-0.01699961803781891,-0.014749262536873142,-0.04491046898513107,0.0,-0.029901196047841916,-0.008849557522123797,-0.03485059756372555,-0.008849557522123797,-0.028090327152909045,-0.014749262536873142,-0.027749782557673908,-0.02359882005899694,-0.044919672893110274,-0.03834808259587008,-0.05784886262707134,-0.03834808259587008,-0.034187916189213796,-0.07522123893805299,-0.07756133254179709,-0.0840707964601769,-0.0570297148169111,-0.14896755162241881,-0.18406895567858117,-0.05604719764011801
1815_2024-10-23,1815,2024-10-23,50000000.0,18.5,23.0,23.1,-0.008695652173912993,0.06657044007139878,0.004347826086956497,0.055285484475197766,-0.021739130434782594,0.02032878644306846,-0.05217391304347818,-0.026071530884329674,-0.060869565217391286,-0.03552744661627627,-0.06956521739130439,-0.06500363604310366,-0.05217391304347818,-0.030379691046519164,-0.047826086956521796,-0.02755239207562976,-0.06521739130434778,-0.06927213028052603,-0.004347826086956608,-0.008149143877123843,0.0,0.0,-0.006521739130434745,6.721170585521907e-05,-0.03913043478260858,-0.026459375482051017,-0.026086956521739202,-0.021525375173538475,-0.04565217391304355,-0.03931664426276482,-0.05217391304347818,-0.022777055466184692,-0.06304347826086953,-0.03516714779964303,-0.010869565217391353,0.02359571608012523,-0.06304347826086953,-0.04099583507789928,-0.017391304347825987,0.0011084422309880493,0.04130434782608683,0.05194803763855527,0.0565217391304349,0.05576147557240163,0.08043478260869574,0.1207287511844688,0.326086956521739,0.3301416954979175,0.22173913043478266,0.22680755415500564,-0.19565217391304346
1584_2024-10-24,1584,2024-10-24,40000000.0,32.0,35.1,37.1,0.09259259259259256,0.1576436130007558,0.061253561253561184,0.09696784696784688,-0.02279202279202286,-0.003149165649165786,-0.008547008547008628,0.010330542473399484,-0.009971509971509973,-0.01201232629804061,-0.004273504273504258,0.011032618175475295,-0.009971509971509973,0.003804000232571547,-0.028490028490028463,-0.03920431420431414,-0.0156695156695158,-0.02612869934298534,-0.01851851851851849,-0.025151171579743115,0.0,0.0,-0.019943019943020057,-0.013820570963428258,-0.024216524216524205,-0.02625734054305484,-0.05840455840455849,-0.05865966044537485,-0.06552706552706566,-0.04256788185359628,-0.0641025641025641,-0.042673992673992744,-0.061253561253561184,-0.03319233676376532,-0.07264957264957272,-0.0570883481597767,-0.07407407407407407,-0.06208427815570672,-0.06837606837606836,-0.06429443572300708,-0.061253561253561184,-0.06865152043723466,-0.06980056980056992,-0.08510669224954959,-0.09116809116809121,-0.07611707075992802,-0.10256410256410264,-0.10128859236002097,-0.23931623931623935,-0.25105093319379046,-0.0883190883190883
6425_2024-10-24,6425,2024-10-24,5000000.0,68.0,83.5,58.1,-0.18562874251497008,-0.12057772210680684,0.015568862275449069,0.05128314798973477,0.06706586826347305,0.08670872540633012,0.06706586826347305,0.08594341928388116,-0.008383233532934131,-0.010424049859464768,0.010778443113772518,0.02608456556275207,0.007185628742514938,0.020961138946596458,0.06826347305389224,0.05754918733960657,0.05389221556886237,0.043433031895392826,0.026347305389221587,0.019714652327996962,0.0,0.0,0.0059880239520957446,0.012110472931687544,-0.022754491017964118,-0.024795307344494755,-0.061077844311377194,-0.06133294635219355,0.008383233532934131,0.03134241720640352,0.0059880239520957446,0.027416595380667097,0.052694610778443174,0.08075583526823904,-0.028742514970059974,-0.013181290480263952,-0.022754491017964118,-0.010764695099596766,-0.05029940119760479,-0.046217768544543514,-0.019161676646706538,-0.026559635830380013,-0.026347305389221587,-0.04165342783820125,-0.06706586826347294,-0.05201484785530974,-0.0119760479041916,-0.010700537700109924,-0.2431137724550898,-0.2548484663326409,-0.18562874251497008
2061_2024-10-29,2061,2024-10-29,10000000.0,18.6,20.95,23.7,0.19809069212410502,0.23252068447299556,0.11455847255369944,0.11277321369116433,0.13842482100238684,0.15398207680447817,0.13365155131264927,0.14767858523256772,0.07875894988066845,0.06830243368582023,0.08591885441527447,0.07571737520078847,0.06443914081145596,0.05806321630240219,0.05727923627684972,0.05753427325721194,0.03341288782816232,0.039788812337216095,0.026252983293556076,0.024467724431020965,0.0,0.0,-0.0715990453460621,-0.04839068013310621,-0.08591885441527447,-0.06424071108449148,-0.07398568019093077,-0.045676575370731776,-0.08114558472553701,-0.06533329194308346,-0.05011933174224348,-0.03787755668486015,-0.05250596658711204,-0.048170337920955375,-0.04534606205250591,-0.05248709750264613,-0.05727923627684961,-0.0723264181182165,-0.04534606205250591,-0.06090331785459702,-0.05011933174224348,-0.03966281554739515,-0.03341288782816221,-0.0165804471242601,-0.09785202863961817,-0.05220040915479274,-0.04057279236276845,-0.024505462599952788,-0.18377088305489253,-0.1666834053706282,-0.11217183770883044
6596_2024-10-30,6596,2024-10-30,5000000.0,70.0,73.8,72.5,-0.008130081300812941,0.005446942197881555,-0.025745257452574388,-0.033578155624898076,-0.023035230352303593,-0.03243470815909211,-0.031165311653116534,-0.06563006361134094,-0.032520325203251876,-0.06672398055573237,-0.020325203252032575,-0.05061240951835122,-0.024390243902438935,-0.04788893841941022,0.016260162601626105,-0.0009722133774863195,0.01084010840108407,-0.014747358961840318,0.016260162601626105,-0.007499628521089319,0.0,0.0,-0.020325203252032575,-0.021891782886497402,-0.01490514905149043,-0.009683216936607897,-0.017615176151761447,-0.025186977718340997,-0.01490514905149043,-0.026132303098487908,-0.024390243902438935,-0.04371139272750424,-0.010840108401083959,-0.041910604484634795,-0.025745257452574388,-0.06490974831419327,-0.039295392953929476,-0.07898207702703641,-0.039295392953929476,-0.052350223241135696,-0.010840108401083959,-0.01736752354468718,-0.023035230352303593,-0.020424264294862327,-0.006775067750677488,0.017768013189270238,0.013550135501354976,-0.00550991671796619,0.1869918699186992,0.1747203294487254,-0.051490514905149
6576_2024-11-07,6576,2024-11-07,18000000.0,76.0,76.2,81.7,0.06824146981627299,0.1089689288326664,0.022309711286089273,0.01821135063035162,0.034120734908136496,0.03616991523600521,0.03543307086614167,0.029285529882534966,0.023622047244094446,0.019267539047373106,0.020997375328083878,0.039952293360870694,0.022309711286089273,0.039727744072974414,0.022309711286089273,0.04638758013854827,0.005249343832020914,0.01677598317628326,0.005249343832020914,0.013189917602512646,0.0,0.0,-0.001312335958005395,-0.012838975302267741,0.04068241469816258,0.021215201583408394,0.006561679790026309,-0.013417828406695032,-0.002624671916010568,0.003522869067595913,-0.001312335958005395,0.011238893550191253,-0.005249343832021025,0.01626704961060188,-0.005249343832021025,0.009351066004044561,-0.002624671916010568,0.025807705133169656,0.007874015748031482,0.02298672066606422,0.007874015748031482,0.027085081321801985,0.04199475065616798,0.07196401295124988,0.023622047244094446,0.016962211178520592,-0.003937007874015741,0.00016135278172191292,0.10498687664041984,0.0932040897551738,-0.002624671916010568
5548_2024-11-15,5548,2024-11-15,15000000.0,26.0,35.4,34.6,-0.05508474576271172,-0.06712663057946577,-0.01412429378531077,-0.011506492738190377,0.025423728813559254,0.015214304729789685,0.009887005649717562,-0.003987339900020759,0.029661016949152685,0.007671488153341288,0.021186440677966045,-0.012583192829887402,0.01271186440677985,-0.029172952347146897,0.01271186440677985,-0.02969651255657091,0.0014124293785311437,-0.014294376904191441,0.0,-0.009162303664921545,0.0,0.0,-0.06355932203389836,-0.07062738486112341,-0.06638418079096053,-0.05931611796373548,-0.07203389830508466,-0.0785784009228857,-0.07627118644067787,-0.07862720738308615,-0.07909604519774005,-0.07045730174224263,-0.07909604519774005,-0.08982902949093385,-0.08757062146892658,-0.09463868429615163,-0.09463276836158196,-0.08861182595320494,-0.09463276836158196,-0.07421392019404272,-0.12429378531073443,-0.10230425651492292,-0.08192090395480223,-0.062287396101399106,-0.1581920903954802,-0.18070517940071584,-0.23163841807909602,-0.27299967462359875,-0.17937853107344626,-0.21236282426716369,-0.2655367231638418
5381_2024-11-19,5381,2024-11-19,30000000.0,24.0,25.8,27.3,0.046511627906976605,0.0022195108492386595,0.042635658914728536,0.021544174601519916,0.05232558139534871,0.02306114691077199,0.058139534883721034,0.01701114047296448,0.05426356589147274,0.0049622213093478695,0.05232558139534871,0.002496949705393492,0.050387596899224896,0.02745060770861074,0.046511627906976605,0.030165727564239964,0.02325581395348819,0.016137437997780335,0.027131782945736482,0.01289503103432077,0.0,0.0,0.0,-0.013709464803585591,-0.003875968992248069,-0.013367136933191803,0.003875968992248069,0.005457830315738765,0.003875968992248069,-0.014051792673979158,0.011627906976744207,-0.002608844934671506,0.011627906976744207,0.010573332761083742,-0.015503875968992276,-0.0020580547193217447,-0.03488372093023262,-0.019856038357071615,-0.02713178294573637,-0.014476892357811244,-0.03488372093023262,-0.04569310664075199,-0.011627906976744207,-0.03614675749084917,-0.0968992248062015,-0.1361821143395523,-0.09496124031007747,-0.1271257538877204,-0.08333333333333337,-0.12709816328324097,-0.06976744186046513
2734_2024-11-27,2734,2024-11-27,15000000.0,23.5,31.8,27.0,-0.16352201257861632,-0.17221308447748385,0.06603773584905648,0.050762518572258886,0.05345911949685522,0.047401705749159584,0.0676100628930818,0.0544417721372219,0.037735849056603765,0.0387893123170725,0.0062893081761006275,-0.006352250949524851,-0.028301886792452935,-0.036729592876203254,-0.028301886792452935,-0.025668228641280932,0.015723270440251458,-0.0011321417272491807,0.015723270440251458,0.002554979684391556,0.0,0.0,-0.037735849056603765,-0.023250729225157918,-0.05660377358490565,-0.04053845886275664,-0.009433962264150941,0.004261060121943272,-0.04088050314465408,-0.050625038303990455,-0.01572327044025157,-0.03916282798568227,-0.03144654088050314,-0.060943512173629255,-0.01729559748427678,-0.052323250894864115,-0.055031446540880546,-0.08610861272470993,-0.10691823899371078,-0.13931223425312622,-0.11949685534591192,-0.14451660778204567,-0.11792452830188682,-0.13398984302403605,-0.16194968553459121,-0.20698523991963214,-0.1823899371069183,-0.23084924708848276,-0.20754716981132082,-0.19148185508917182,-0.26100628930817615
4503_2024-12-09,4503,2024-12-09,12000000.0,37.5,53.7,51.6,-0.05586592178770955,-0.07297958717723696,-0.06145251396648055,-0.044083420735318346,-0.06331471135940425,-0.033174226046505106,-0.07355679702048423,-0.029367780417674516,-0.08472998137802612,-0.039008397725408095,-0.09310986964618251,-0.04968713656827706,-0.07076350093109873,-0.0500738457586849,-0.05027932960893855,-0.04287192220153124,-0.03910614525139666,-0.03757357820158813,-0.020484171322160183,-0.024315588946681288,0.0,0.0,-0.02420856610800748,-0.025485705316181106,-0.029795158286778478,-0.02392031792917948,-0.03165735567970207,-0.017097968706522026,-0.020484171322160183,-0.017419037222543343,0.011173184357541777,0.013472034932254351,-0.0018621973929237035,-0.0036501922843669155,0.035381750465549366,0.02848519874141142,0.02607076350093096,0.019174211776793015,0.011173184357541777,0.01806973608167972,0.007448789571694592,0.023540743594683167,-0.022346368715083886,-0.030009203964126097,0.02607076350093096,-0.018118253101878867,0.03351955307262555,0.018449310416176035,0.11731843575418988,0.19522392745278505,-0.3016759776536313
3259_2024-12-12,3259,2024-12-12,16000000.0,22.0,22.6,27.75,0.19469026548672552,0.20453992852456904,0.1327433628318584,0.1643659652165136,0.1504424778761062,0.17973226533074593,0.13716814159292023,0.14338898140629508,0.1327433628318584,0.12548571638292105,0.13053097345132736,0.11731168884790599,0.11283185840707954,0.09416933896695512,0.07743362831858414,0.06265913376181897,0.0265486725663715,0.010478169715153252,0.015486725663716783,0.006673869261435872,0.0,0.0,0.0022123893805308104,-0.009451685269546983,-0.013274336283185861,-0.025716015909935552,-0.028761061946902755,-0.045349968115902195,-0.026548672566371723,-0.048321611913183515,-0.026548672566371723,-0.048321611913183515,-0.017699115044247926,-0.025475164810966455,0.006637168141592875,0.00819237809493667,-0.004424778761062065,-0.026975323084545755,-0.004424778761062065,-0.029826541332342638,-0.015486725663716894,-0.043998908141684834,0.0,-0.027734577501296043,-0.0331858407079646,-0.0648084430926199,-0.11504424778761069,-0.11996907930653233,-0.10619469026548678,-0.04217188051950449,-0.026548672566371723
8444_2024-12-12,8444,2024-12-12,10000000.0,33.0,30.75,32.0,0.008130081300812941,0.017979744338656456,0.004878048780487809,0.036500651165143005,0.04715447154471564,0.07644425899935536,0.04065040650406515,0.046871246317439996,0.06991869918699178,0.06266105273805445,0.08455284552845543,0.07133356092503407,0.06991869918699178,0.05125617974686736,0.04715447154471564,0.032379976987950476,0.04065040650406515,0.0245799036528469,0.027642276422764178,0.018829420020483267,0.0,0.0,0.02276422764227637,0.011100152992198575,0.05040650406504055,0.037964824438290856,0.06991869918699178,0.053329793017992344,0.07317073170731714,0.051397792360505345,0.06666666666666665,0.04489372731985486,0.0910569105691057,0.08328086080238717,0.0910569105691057,0.09261212052244949,0.07317073170731714,0.05062018738383345,0.0536585365853659,0.02825677401408533,0.03577235772357734,0.0072601752456094015,0.03252032520325199,0.004785747701955945,-0.06016260162601628,-0.09178520401067158,-0.1382113821138211,-0.14313621363274276,-0.17886178861788615,-0.11483897887190386,0.07317073170731714
6859_2024-12-13,6859,2024-12-13,2000000.0,138.0,185.5,161.0,0.06469002695417791,0.07903796443816469,0.02156334231805923,0.06204502307645021,0.04851752021563338,0.06619622890125987,0.07008086253369261,0.07443648641276002,0.16442048517520225,0.16288320615906082,0.06199460916442057,0.05507685359178427,0.05121293800539073,0.04813837997310788,0.010781671159029615,0.00642604727996221,-0.0026954177897574594,0.0001229270731685217,-0.02425876010781669,-0.01272916748675601,0.0,0.0,0.005390835579514919,0.004622196071444096,-0.05660377358490565,-0.06147182380268679,0.010781671159029615,0.0007893575541104703,0.0026954177897573484,-0.007296895815161797,0.06199460916442057,0.06583780670477413,-0.010781671159029615,0.0022852004781726,0.018867924528301883,0.008106971415311914,0.008086253369272267,-0.005493044606643682,0.1078167115902966,0.0911628555820978,0.059299191374662996,0.04341397487453502,0.04851752021563338,0.02930153251386547,0.07816711590296488,0.08201031344331844,0.12129380053908356,0.11283876595030562,-0.010781671159029615,0.04404794708334814,-0.2560646900269542
3073_2024-12-17,3073,2024-12-17,5000000.0,53.0,58.3,69.8,0.10120068610634658,0.12083352649390389,0.054888507718696466,0.0640674980297622,0.05831903945111505,0.061633674841222175,0.13207547169811318,0.1300356960734319,0.13893653516295035,0.1407213388345464,0.1457975986277873,0.1463075425339576,0.14065180102915953,0.1483009596217143,0.10463121783876517,0.12094942283621535,0.08576329331046306,0.09060776041908103,0.05831903945111505,0.062398590700477485,0.0,0.0,0.010291595197255532,0.0051921561355523504,0.04802744425385952,0.04292800519215634,0.029159519725557415,0.03782856613045282,0.04288164665523153,0.06072968337119278,0.020583190394511286,0.014718835473552572,0.02401372212692987,0.015344675722034351,0.020583190394511286,0.008854480552593857,0.012006861063464935,0.0010430670808030396,0.012006861063464935,-0.002271568309304195,-0.01886792452830177,-0.02753697093319729,-0.010291595197255532,-0.008506791525659474,-0.11835334476843906,-0.10815446664503259,-0.14065180102915942,-0.15314542673033238,-0.24614065180102906,-0.1780631403272912,-0.09090909090909083
6588_2024-12-17,6588,2024-12-17,8000000.0,32.5,42.25,38.0,-0.11597633136094676,-0.09634349097338946,-0.07218934911242592,-0.06301035880136019,0.020118343195266286,0.02343297858537341,0.1218934911242604,0.11985371549957913,0.2331360946745562,0.23492089834615226,0.15976331360946738,0.1602732575156377,0.132544378698225,0.14019353729077977,0.20710059171597628,0.22341879671342646,0.13491124260355036,0.13975570971216833,0.029585798816567976,0.03366535006593041,0.0,0.0,0.004733727810650956,-0.00036571125105222535,0.010650887573964596,0.005551448512261414,-0.053254437869822535,-0.04458539146492713,-0.014201183431952646,0.0036468532840086,-0.013017751479289852,-0.018882106400248566,-0.031952662721893565,-0.040621709126789085,-0.05088757396449706,-0.06261628380641449,-0.047337278106508895,-0.05830107208917079,-0.0745562130177514,-0.08883464239052052,-0.07100591715976334,-0.07967496356465886,-0.07218934911242592,-0.07040454544082986,-0.21656804733727808,-0.2063691692138716,-0.140828402366864,-0.15332202806803696,-0.101775147928994,-0.03369763645525614,-0.23076923076923073
4109_2025-01-02,4109,2025-01-02,20000000.0,18.0,22.3,24.4,0.08968609865470856,0.09121866570451709,-0.020179372197309364,-0.02707592392144731,-0.020179372197309364,-0.01328282047317142,-0.022421524663677084,-0.006329570640688509,-0.022421524663677084,-0.030084359912719294,-0.017937219730941756,-0.028409761237966125,-0.020179372197309364,-0.03371704780395057,-0.011210762331838597,-0.02398215441357554,0.0022421524663678305,-0.013849801556620633,-0.013452914798206317,-0.023925456305230686,0.0,0.0,-0.04932735426008972,-0.04064280764450867,-0.09641255605381172,-0.09768969526198534,-0.094170403587444,-0.1268651673166905,-0.11210762331838564,-0.15629663992119547,-0.024663677130044914,-0.05327159539313564,0.0717488789237668,0.05489064137587407,0.09192825112107617,0.07532544141481812,0.07847533632286985,0.0853718880470078,0.03139013452914785,0.032156418054052116,-0.015695067264574036,-0.007265948490627672,-0.017937219730941756,-0.029686900446139752,0.03811659192825112,0.03530688567026896,-0.0022421524663677195,-0.004541003041080294,-0.23542600896860988,-0.05688194766592791,-0.19282511210762332
6217_2025-01-03,6217,2025-01-03,21000000.0,30.9,40.35,41.3,0.019826517967781898,0.007200906012100328,-0.0384138785625775,-0.04021753741338918,-0.03593556381660479,-0.02846326286324219,-0.02106567534076831,-0.03755627054818911,-0.018587360594795488,-0.03791227685349163,-0.01363073110285018,-0.03604763396293775,-0.018587360594795488,-0.04023126680453526,-0.029739776951672958,-0.05473333531292002,-0.055762081784386575,-0.07508699804308272,-0.04584882280049574,-0.054609451504437856,0.0,0.0,-0.06567534076827752,-0.07572429722279939,-0.059479553903345694,-0.10122137302212941,-0.055762081784386575,-0.10909885065838798,-0.058240396530359395,-0.09585956684728802,-0.09169764560099136,-0.11746420061258622,-0.10656753407682784,-0.13207642353830684,-0.14993804213135076,-0.15174170098216244,-0.12763320941759604,-0.13562084147119036,-0.14745972738537805,-0.1477173929354939,-0.1375464684014871,-0.158159712410763,-0.14374225526641893,-0.15533720502163662,-0.1189591078066915,-0.13673803076469204,-0.12515489467162344,-0.12309357027069578,-0.38785625774473365,-0.2358335831763234,-0.23420074349442388
4114_2025-02-03,4114,2025-02-03,35000000.0,30.2,33.4,33.6,0.008982035928143839,0.023388394596797646,0.04491017964071853,0.056087526883639494,0.029940119760478945,0.041365852497687094,0.011976047904191489,0.04625324611581594,0.014970059880239583,0.04328600622897294,-0.0059880239520956335,0.0297794872252517,-0.0059880239520956335,0.01015703317656802,-0.0029940119760479833,0.021844537452665347,-0.010479041916167664,0.004424087741060401,-0.0119760479041916,0.0009399977987394337,0.0,0.0,0.0014970059880241582,0.04421931100541121,0.004491017964071808,0.04150045661285484,0.004491017964071808,0.02684571244991385,0.026946107784431073,0.04507824886739187,0.01646706586826352,0.030128268054055884,0.010479041916167775,0.035317591344881105,0.005988023952095967,0.024865321517918204,-0.0014970059880238251,0.018870604543521297,-0.0029940119760479833,0.021596151958378385,-0.0014970059880238251,0.034767276177897766,-0.0059880239520956335,0.015621514050885077,-0.025449101796407247,0.046582691546861454,0.022455089820359264,0.11435772270659872,-0.026946107784431073,0.11115622703921524,-0.09580838323353291
3260_2025-02-05,3260,2025-02-05,30000000.0,61.0,76.4,80.1,0.03795811518324599,0.011907044767976327,-0.06413612565445037,-0.06697337094720246,-0.0013089005235603635,-0.01033649918231705,-0.0013089005235603635,-0.0025985574748114137,0.015706806282722363,-0.0059594304982939494,0.010471204188481575,-0.0021674339337780513,0.020942408376963373,-0.00201348535530399,0.005235602094240788,-0.019783742760028034,0.00785340314136107,-0.030578374005917786,-0.01832460732984298,-0.01239218535408848,0.0,0.0,0.0013089005235600304,-0.013909051501201475,0.010471204188481575,-0.009131581470533279,0.0013089005235600304,-0.02293665015995816,0.003926701570680535,-0.008711936551579091,0.01963350785340312,0.0008045163651388965,0.02617801047120416,0.008896607324441197,0.06413612565445015,0.051239556141940534,0.06675392670157065,0.06598013253082002,0.09293193717277481,0.0769401909772629,0.1335078534031413,0.11390506774412645,0.13481675392670156,0.11701948799943818,0.11518324607329844,0.1448453559520707,0.2473821989528795,0.2958733003199159,0.09031413612565431,0.20818878146999265,-0.20157068062827233
4735_2025-02-12,4735,2025-02-12,4800000.0,37.1,38.8,39.95,0.012886597938144284,-0.010657705859324018,-0.05541237113402053,-0.05946300404541305,-0.046391752577319534,-0.052467701944408085,-0.045103092783505105,-0.064343599112619,-0.012886597938144284,0.011417199530210254,-0.019329896907216537,-0.0008488842489886572,-0.020618556701030855,-0.01707425290356257,-0.020618556701030855,-0.02137805037191698,-0.014175257731958713,-0.01949171342816136,-0.014175257731958713,-0.008099308364870161,0.0,0.0,0.0012886597938146505,0.0028076471355868993,-0.0077319587628865705,-0.0019091739527599128,-0.010309278350515427,0.007412240636826328,-0.006443298969072142,-0.00365848884248976,-0.005154639175257603,-0.005914132846143727,-0.002577319587628746,-0.001564661359780728,-0.002577319587628746,0.002232806994649672,0.002577319587628857,0.00029883857497070565,0.0,0.006582278481012671,-0.005154639175257603,0.014339031710818295,-0.0012886597938143174,0.012888555396059154,-0.05154639175257736,0.03149158293096699,-0.045103092783505105,0.03844121101396325,-0.09922680412371121,-0.004796424376875774,-0.043814432989690566
3313_2025-02-13,3313,2025-02-13,52000000.0,12.0,15.2,14.9,-0.009868421052631526,-0.04637957723924424,-0.006578947368421018,-0.014185438240631898,0.013157894736842257,-0.007633180313867838,0.019736842105263275,0.04255631472189614,0.03618421052631593,0.05317204014092036,0.03618421052631593,0.0382126080922387,0.03947368421052633,0.03719173694886302,0.023026315789473673,0.016180474004483747,0.0,0.004563894523326506,-0.006578947368421018,-0.008100245542863371,0.0,0.0,-0.016447368421052655,-0.012137023593466467,-0.006578947368421018,0.009648233158962238,-0.006578947368421018,-0.005311198889719204,-0.009868421052631526,-0.012150368314294835,0.009868421052631637,0.009361321661150779,0.019736842105263275,0.023032988149887856,0.09868421052631571,0.09488096509021027,0.06907894736842102,0.07414994128322827,0.03618421052631593,0.05418623892388175,0.03289473684210531,0.045572221629123555,0.04276315789473695,0.0665968292943312,-0.046052631578947345,0.0386329667983345,0.03618421052631593,0.12746210099284738,-0.10855263157894723,-0.036037418597202886,-0.21052631578947367
3512_2025-02-18,3512,2025-02-18,16000000.0,26.0,33.0,28.3,-0.09090909090909094,-0.10131782409010148,-0.037878787878787845,-0.022138752336772094,-0.03181818181818186,-0.03105656719518124,-0.019696969696969657,-0.023251171270973203,-0.012121212121212088,-0.020245101433220225,-0.0060606060606061,-0.0027602760276028704,-0.004545454545454519,-0.007338041496457337,-0.018181818181818188,-0.01945117588681955,-0.016666666666666607,-0.013620208174663584,-0.013636363636363669,0.0013420572826512434,0.0,0.0,-0.027272727272727226,-0.030826928846730772,-0.024242424242424176,-0.02601952502942617,-0.018181818181818188,-0.01615084585381632,-0.024242424242424176,-0.02931985506242918,-0.030303030303030276,-0.026494957188026413,-0.034848484848484795,-0.01809296314246811,-0.039393939393939426,-0.02796972004892795,-0.06060606060606055,-0.038011493457038026,-0.046969696969696995,-0.0017805626716519418,-0.046969696969696995,0.004566225853354422,-0.048484848484848575,-0.00938863117080957,-0.14848484848484844,-0.06521498303676532,-0.19545454545454544,-0.08908236977543915,-0.20454545454545459,-0.12076784601537083,-0.21212121212121215
3709_2025-02-18,3709,2025-02-18,25000000.0,24.0,29.55,31.5,0.02030456852791862,0.009895835346908077,0.013536379018612488,0.02927641456062824,0.030456852791878042,0.03121846741487866,0.04906937394247035,0.045515172368466805,0.03384094754653133,0.025717058234523194,0.0033840947546530664,0.006684424787656296,-0.04399323181049075,-0.04678581876149357,-0.045685279187817285,-0.046954636892818646,-0.035532994923857864,-0.03248653643185484,-0.027072758037225086,-0.012094337118210174,0.0,0.0,-0.025380710659898442,-0.028934912233901988,-0.032148900169204686,-0.03392600095620668,-0.030456852791878264,-0.028425880463876396,-0.027072758037225086,-0.03215018885723009,-0.020304568527918843,-0.01649649541291498,0.008460236886632888,0.025215758592649573,0.03384094754653133,0.04526516689154281,0.011844331641285955,0.03443889879030848,-0.006768189509306244,0.03842094478873881,-0.020304568527918843,0.031231354295132574,-0.020304568527918843,0.018791648786120163,0.1353637901861251,0.21863365563420822,0.27749576988155655,0.38386794556066284,0.4077834179357023,0.49156102646578603,-0.18781725888324874
6023_2025-02-18,6023,2025-02-18,30000000.0,74.0,89.5,86.8,-0.05251396648044693,-0.06292269966145747,-0.04469273743016755,-0.0289527018881518,-0.03351955307262566,-0.032757938449625046,-0.034636871508379796,-0.03819107308238334,-0.030167597765363152,-0.03829148707737129,-0.012290502793296021,-0.008990172760292792,-0.014525139664804398,-0.017317726615807216,-0.024581005586592264,-0.025850363291593625,-0.018994413407821265,-0.01594795491581824,-0.016759776536312887,-0.001781355617297975,0.0,0.0,-0.006703910614525022,-0.010258112188528568,0.004469273743016755,0.00269217295601476,0.00893854748603351,0.010969519814035378,0.0011173184357540222,-0.00396011238425098,0.0022346368715084886,0.006042709986512351,0.0,0.016755521706016685,0.005586592178770999,0.017010811523782476,0.004469273743016755,0.02706384089203928,-0.006703910614525022,0.03848522368352003,-0.006703910614525022,0.044832012208526395,-0.0022346368715083775,0.03686158044253063,-0.09385474860335197,-0.010584883155268843,-0.10502793296089397,0.0013442427182123184,-0.06480446927374295,0.01897313925634081,-0.17318435754189943
8932_2025-02-19,8932,2025-02-19,4000000.0,90.0,100.0,92.0,-0.039000000000000035,-0.02255679230963825,0.010000000000000009,0.014300531242094627,0.020000000000000018,0.020000000000000018,0.03499999999999992,0.030446496331899775,0.08000000000000007,0.08683025550215029,0.06499999999999995,0.06575891727801664,0.014999999999999902,0.017276751834050086,0.004999999999999893,0.011577283076144695,0.004999999999999893,0.023466987098406222,-0.0009999999999998899,0.0025416139640781488,0.0,0.0,0.014999999999999902,0.01677080698203881,0.020000000000000018,0.02556539337212238,0.04499999999999993,0.04348216544396655,0.03499999999999992,0.04233620035416141,0.014999999999999902,0.03523779408044514,0.014999999999999902,0.029925373134328304,-0.0040000000000000036,0.022056159878573234,-0.007000000000000006,0.04157070579306854,0.0,0.05489501644320771,0.020000000000000018,0.06249936756893504,0.040000000000000036,0.08831773336706306,-0.009000000000000008,0.05778472046546934,-0.09999999999999998,0.09858335441436883,-0.017000000000000015,0.06825170756387544,-0.09999999999999998
6823_2025-02-20,6823,2025-02-20,5500000.0,48.0,69.3,63.2,0.04761904761904767,0.05623536794342687,-0.031746031746031744,-0.03351998004810974,-0.023088023088023046,-0.029423552738301773,0.046176046176046315,0.051244469896269296,-0.037518037518037395,-0.0385317222620819,-0.038961038961038974,-0.03845419658901661,-0.046176046176046204,-0.04136104364183424,-0.044733044733044625,-0.028007246456308588,-0.030303030303030276,-0.028529082000952055,-0.030303030303030276,-0.032076978605108275,0.0,0.0,-0.017316017316017396,-0.01351469952585016,-0.01443001443001446,-0.01772448984815922,-0.011544011544011523,-0.0059687454517660665,-0.04040404040404033,-0.021904293825226295,-0.0331890331890331,-0.020011131516453173,-0.02164502164502169,0.002683412212048819,-0.02020202020202011,0.026680899210042686,-0.053391053391053434,-0.00017260432871180065,-0.059163059163059084,-0.018362248215263777,-0.06926406926406925,-0.02263457103801747,-0.05627705627705615,-0.0007778165406141513,-0.20923520923520922,-0.13650332885000893,-0.39754689754689754,-0.17428283267107392,-0.3347763347763347,-0.2653389298092794,-0.3073593073593073
8349_2025-02-20,8349,2025-02-20,20000000.0,53.0,62.8,61.1,-0.07165605095541405,-0.06303973063103485,-0.0207006369426751,-0.022474585244753098,-0.022292993630573243,-0.02862852328085197,-0.01273885350318471,-0.00767042978296173,-0.015923566878980888,-0.016937251623025396,-0.015923566878980888,-0.015416724506958523,-0.014331210191082744,-0.009516207656870779,-0.022292993630573243,-0.0055671953538372065,-0.019108280254776955,-0.017334331952698734,0.022292993630573354,0.020519045328495356,0.0,0.0,-0.014331210191082744,-0.010529892400915508,-0.01273885350318471,-0.01603332892132947,-0.022292993630573243,-0.016717727538327787,-0.022292993630573243,-0.0037932470517592076,-0.022292993630573243,-0.009115091957993315,-0.023885350318471388,0.00044308353859912053,-0.03821656050955413,0.008666358902508664,-0.04458598726114649,0.008632461801195146,-0.0493630573248407,-0.00856224637704539,-0.05095541401273884,-0.004325915786687062,-0.07006369426751591,-0.014564454531073912,-0.09235668789808915,-0.019624807512888864,-0.2181528662420381,0.0051111986337855075,-0.1719745222929936,-0.10253711732593829,-0.1560509554140127
8349A_2025-02-20,8349A,2025-02-20,20000000.0,53.0,51.2,49.95,-0.0234375,-0.0148211796756208,-0.01171875,-0.013492698302077999,-0.01171875,-0.018054279650278726,-0.01171875,-0.006650326279777019,-0.01171875,-0.012732434744044507,-0.01171875,-0.011211907627977635,-0.009765625,-0.004950622465788035,-0.005859375000000111,0.010866423276735926,-0.001953125,-0.00017917669792177904,-0.001953125,-0.003727073302077999,0.0,0.0,-0.007812500000000111,-0.004011182209832875,-0.007812500000000111,-0.011106975418144871,-0.009765625,-0.004190358907754543,-0.01562500000000011,0.002874746578813925,-0.01757812500000011,-0.004400223327420183,-0.0234375,0.0008909338570705083,-0.02734375000000011,0.019539169412062685,-0.0283203125,0.024898136562341633,-0.0263671875,0.014433623447795307,-0.02734375000000011,0.01928574822605167,-0.03027343750000011,0.025225802236441885,-0.021484375,0.05124750538520029,-0.08203125,0.14123281487582362,-0.04296875,0.026468654967055305,0.03515625
8155_2025-02-25,8155,2025-02-25,5000000.0,100.0,122.5,116.0,-0.15918367346938778,-0.15969335746531044,0.020408163265306145,0.013782271318313333,-0.004081632653061273,-0.009178472612286548,0.008163265306122547,0.007398739312238778,-0.004081632653061273,0.007131415257234264,0.0,-0.003822629969419067,0.008163265306122547,0.0007728473652457435,-0.004081632653061273,-0.009688156608209209,0.004081632653061273,0.002297738667332405,0.0,-0.008919469928644341,0.0,0.0,-0.02857142857142858,-0.015574486675404176,-0.024489795918367308,-0.016844535979529396,-0.04081632653061229,-0.02195801868147884,-0.06938775510204087,-0.027848509434354907,-0.03673469387755102,0.01117560173916654,0.05714285714285716,0.09256589485947275,0.11428571428571432,0.15557011795543907,0.0897959183673469,0.13999979196571588,0.11428571428571432,0.17009611183923112,0.09795918367346945,0.1703343110944684,0.17142857142857149,0.23972622688219014,0.21632653061224483,0.2759595581351806,-0.12244897959183676,0.038866005117643265,0.004081632653061273,0.08333749401901425,-0.18367346938775508
8054_2025-02-25,8054,2025-02-25,8000000.0,90.0,121.5,137.0,-0.06172839506172845,-0.06223807905765111,-0.020576131687242816,-0.027202023634235628,0.024691358024691468,0.019594518065466193,0.028806584362139898,0.02804205836825613,0.016460905349794164,0.0276739532600897,0.024691358024691468,0.0208687280552724,0.04526748971193406,0.03787707177105726,0.020576131687242816,0.01496960773209488,-0.004115226337448541,-0.005899120323177409,-0.004115226337448541,-0.013034696266092882,0.0,0.0,-0.04115226337448563,-0.028155321478461226,-0.053497942386831254,-0.04585268244799334,-0.06584362139917699,-0.04698531355004354,-0.08230452674897115,-0.04076528108128519,-0.08230452674897115,-0.034394231132253594,-0.09053497942386834,-0.055111941707252754,-0.10288065843621397,-0.06159625476648922,-0.13168724279835387,-0.08148336919998489,-0.1440329218106996,-0.0882225242571828,-0.1835390946502058,-0.11116396722920685,-0.18930041152263377,-0.12100275606901512,-0.2353909465020576,-0.17575791897912185,-0.4320987654320988,-0.27078378072261877,-0.34979423868312753,-0.27053837731717456,-0.2592592592592593
3390_2025-03-04,3390,2025-03-04,10000000.0,22.0,28.6,26.55,-0.09615384615384615,-0.12088131225328758,-0.012237762237762295,-0.05956560057862892,-0.006993006993007089,-0.058043259585402796,-0.006993006993007089,-0.056182052459638365,0.0,-0.045200744482850386,0.013986013986013957,-0.03865955899989393,0.0174825174825175,-0.025857019874568232,0.020979020979020824,-0.008800293033209838,0.006993006993006867,-0.028369928396517086,-0.012237762237762295,-0.03590168140819561,0.0,0.0,-0.036713286713286775,-0.030066118406985254,-0.02622377622377625,-0.03260505779782563,-0.04195804195804209,-0.04222392869029412,-0.0017482517482517723,0.007291897148318349,-0.013986013986014068,0.0009036430201013745,-0.029720279720279796,0.0024520148822195775,-0.04020979020979032,-0.012291683323323976,-0.06293706293706292,-0.02597880715402645,-0.07167832167832167,-0.0315294251082604,-0.05594405594405594,-0.024037648073808704,-0.0472027972027973,-0.019284690316330955,-0.15384615384615397,-0.09136277176691976,-0.23076923076923084,-0.08453152803059749,-0.2692307692307693,-0.2046202932935185,-0.23076923076923084
3466_2025-03-05,3466,2025-03-05,16400000.0,50.0,60.2,48.9,-0.09302325581395354,-0.13076415517155515,-0.09468438538205981,-0.1527678971593618,-0.0598006644518273,-0.11601051455889377,0.03322259136212624,-0.01897226945157815,0.0714285714285714,0.011739063933924765,0.07973421926910285,0.02941302012563396,0.05980066445182719,0.023130428905788758,0.04983388704318936,0.007542666486444194,-0.0033222591362126463,-0.033836177765762865,-0.029900332225913706,-0.03659198104818362,0.0,0.0,-0.031561461794019974,-0.04467709348566873,-0.031561461794019974,-0.038520776569180515,0.009966777408637828,0.012375770984655032,0.0,0.008297644539614568,-0.03322259136212624,-0.0075266598846100985,-0.07641196013289042,-0.05499868390162699,-0.11960132890365449,-0.08908741027410405,-0.1544850498338871,-0.12075913976964725,-0.15780730897009965,-0.13237904344547435,-0.1362126245847176,-0.11479934835345418,-0.1428571428571429,-0.1093988987457939,-0.19435215946843853,-0.1365363136440273,-0.3056478405315616,-0.16699687693413112,-0.29734219269103,-0.2456826637831071,-0.16943521594684385
8071_2025-03-12,8071,2025-03-12,8230000.0,17.8,21.45,21.6,0.006993006993007089,-0.078171828171828,-0.004662004662004615,-0.06867299367299362,0.006993006993007089,-0.06278721278721267,0.020979020979021046,-0.036713286713286664,-0.023310023310023298,-0.056551781551781644,-0.002331002331002363,-0.028704628704628865,0.09557109557109555,0.05573593073593064,0.15617715617715633,0.12266067266067293,0.08624708624708632,0.06234598734598751,0.04195804195804209,0.024100899100899298,0.0,0.0,0.004662004662004726,0.0002664002664003462,0.002331002331002363,0.007276057276057291,0.013986013986013957,0.02222777222777217,0.004662004662004726,0.0043872793872794524,0.025641025641025772,0.021245421245421392,0.006993006993007089,0.014960039960040028,0.03263403263403264,0.019172494172494225,0.018648018648018683,0.013428238428238481,0.020979020979021046,0.01685814185814194,0.03263403263403264,0.01807359307359313,0.011655011655011593,-0.002081252081252094,-0.2144522144522144,-0.11857309357309354,-0.16083916083916083,-0.07155344655344653,-0.16083916083916083,-0.19737762237762246,-0.17016317016317006
6462_2025-03-19,6462,2025-03-19,10000000.0,102.0,129.0,160.5,0.20930232558139528,0.12806600173019178,0.06976744186046502,0.03448297796549782,0.06976744186046502,0.04077400641188733,0.058139534883721034,0.03871940359269277,0.0852713178294573,0.07186869200888846,0.03875968992248069,0.043136057537360384,0.07751937984496116,0.07751937984496116,-0.023255813953488413,-0.013956032771869076,-0.011627906976744207,0.0009541499160348188,-0.027131782945736482,-0.02302893830678676,0.0,0.0,-0.019379844961240345,-0.007071311044391293,-0.023255813953488413,-0.032282072159177666,-0.04263565891472865,-0.04345622784251846,-0.0736434108527132,-0.07336988787678311,-0.06976744186046513,-0.07988779196987428,-0.08914728682170547,-0.09844706800332459,-0.0736434108527132,-0.06379658371923391,-0.13178294573643412,-0.11208929146947555,-0.17829457364341084,-0.12331645548148518,-0.1356589147286822,-0.10010092785778502,-0.13178294573643412,-0.09458382100995699,-0.2589147286821706,-0.1391116652248401,-0.28372093023255807,-0.2243664444557527,-0.015503875968992276,-0.04750606415279979,-0.2093023255813954
6846_2025-04-10,6846,2025-04-10,1600000.0,65.0,63.3,79.8,0.382306477093207,0.13743643605353517,0.3491311216429702,0.08613522561013842,0.28278041074249605,0.020810506501729886,0.2559241706161137,0.01789407485687966,0.23222748815165883,0.006509293897212887,0.2559241706161137,0.07432362342049115,0.26066350710900466,0.05478115416782803,0.2654028436018958,0.06157247424485068,0.13902053712480256,0.05557320470346183,0.07109004739336489,0.022868433166278512,0.0,0.0,0.10110584518167465,0.0012426440872832512,0.10268562401263814,-0.022827371883394898,0.07424960505529232,-0.045449437352368394,0.10268562401263814,-0.028299328107745048,0.10742496050552908,-0.003040155773540665,0.11374407582938395,0.015590861055101879,0.12164296998420232,0.02109577436176724,0.12164296998420232,0.036827648506774,0.11216429699842045,0.04547483051415235,0.1200631911532386,0.006178102233949989,0.10742496050552908,3.7819602656252727e-05,0.15165876777251208,-0.04362166998398598,0.16429699842022116,-0.07270710554694726,0.2401263823064772,0.9079102400356154,0.026856240126382325
6637_2025-04-25,6637,2025-04-25,2500000.0,55.8,73.0,86.3,0.18904109589041096,0.04944875493920664,-0.0383561643835616,-0.05472429285792846,-0.013698630136986356,-0.024816604195046832,0.020547945205479534,-0.0007615050724696371,0.020547945205479534,0.017768451690964415,0.019178082191780854,0.02751656273532621,0.006849315068493178,0.013025967322971232,-0.013698630136986356,0.006684322302791368,-0.04109589041095896,-0.0043448094968143725,-0.0273972602739726,-0.03326507991572669,0.0,0.0,0.0,-0.023780111179740437,0.013698630136986356,-0.018728794199023513,0.010958904109588996,-0.025483344191831625,0.021917808219177992,-0.01946576188582494,0.0657534246575342,-0.005895741494411411,0.06849315068493156,0.006417795527426939,0.06712328767123288,0.01091575215548235,0.05616438356164366,0.003971672011304106,0.049315068493150704,-0.016775110629764667,0.027397260273972712,-0.05197272119607055,0.009589041095890538,-0.08182541227038476,0.012328767123287676,-0.1034834626481762,0.019178082191780854,-0.14604736561550768,0.26164383561643834,0.9494140641525718,-0.23561643835616441
6461_2025-05-22,6461,2025-05-22,25000000.0,17.4,20.0,16.6,-0.11999999999999988,-0.006982570806100097,-0.10250000000000004,-0.042587145969498974,-0.10250000000000004,-0.05429738562091513,-0.09999999999999998,-0.06241830065359477,-0.09749999999999992,-0.07162854030501076,-0.09499999999999997,-0.09118736383442272,-0.0824999999999999,-0.07650871459694986,-0.08000000000000007,-0.07673202614379093,-0.050000000000000044,-0.032843137254901955,-0.05249999999999999,-0.03724945533769075,0.0,0.0,-0.05999999999999994,-0.04910675381263607,-0.05999999999999994,-0.04502178649237465,-0.08000000000000007,-0.06393246187363844,-0.08499999999999996,-0.060217864923747366,-0.08750000000000002,-0.06435185185185188,-0.08750000000000002,-0.06653050108932468,-0.09000000000000008,-0.04806100217864939,-0.09000000000000008,-0.05486928104575173,-0.09999999999999998,-0.08747276688453165,-0.09999999999999998,-0.08937908496732028,-0.09999999999999998,-0.09101307189542474,-0.10250000000000004,0.6413453159041393,-0.13000000000000012,0.6038779956427014,-0.040000000000000036,0.6705119825708061,-0.13000000000000012
3349_2025-06-25,3349,2025-06-25,6000000.0,14.5,15.2,18.0,0.03289473684210531,-2.7373726878788887,0.11513157894736836,-2.857283666367435,0.08552631578947367,-2.8868889295253295,0.10197368421052633,-2.8704415611042764,0.08552631578947367,-2.8868889295253295,0.1513157894736843,-2.821099455841119,0.14473684210526305,0.14305227693364797,0.13815789473684226,0.14637014994846576,0.0592105263157896,0.06889677605257627,0.019736842105263275,0.03763534705367344,0.0,0.0,0.00657894736842124,-0.007950427236758761,0.019736842105263275,0.003944043621372018,0.03618421052631593,0.01933855881016533,0.04276315789473695,0.024443511653422956,0.03947368421052633,0.015258059868559659,0.03947368421052633,0.015047489222107746,0.05263157894736836,0.014097150646673606,0.0592105263157896,0.030362347751881513,0.06578947368421062,0.04304784386740712,0.09210526315789491,0.07399618756303283,0.08552631578947367,0.056888707872017275,0.07565789473684226,0.008064717225787277,0.24342105263157898,0.1695107557269675,0.23684210526315796,0.05027651250678833,-0.046052631578947345
5213_2025-07-03,5213,2025-07-03,35000000.0,26.95,29.25,33.6,0.11452991452991457,-2.6192830351103735,0.037606837606837695,0.06946706371166811,0.052991452991453025,0.08629052801714665,-0.008547008547008517,0.03276851046635221,0.0,0.023843782117163315,0.08376068376068369,0.09342152651505164,0.04444444444444451,0.052871988123786684,0.00512820512820511,0.012527999578359261,-0.008547008547008517,-0.002586063017717688,-0.00512820512820511,-0.004922655282367572,0.0,0.0,0.0017094017094017033,-0.012062437961718686,-0.032478632478632474,-0.03679517924122233,-0.04102564102564099,-0.03938124225894013,-0.06666666666666665,-0.060500171291538285,-0.058119658119658135,-0.062230655036410454,-0.052991452991453025,-0.0686132412751117,-0.037606837606837695,-0.05754517265308645,-0.04444444444444451,-0.058421833961402436,-0.03589743589743588,-0.06364666508551398,-0.037606837606837695,-0.07357806062842043,-0.032478632478632474,-0.0746163508753438,-0.0905982905982905,-0.150207745891199,-0.0888888888888889,-0.18138631951581596,-0.1264957264957265,-0.3227958292706494,-0.07863247863247869
6667_2025-07-09,6667,2025-07-09,3100000.0,153.0,220.0,200.0,-0.03863636363636369,-2.9403943781141297,-0.006818181818181834,-0.0033021528626492325,0.006818181818181834,0.009093259377644047,-0.022727272727272707,-0.021486321331202318,0.022727272727272707,0.022520447494594364,0.020454545454545503,0.014456613706872234,0.11136363636363633,0.10515887938328472,0.045454545454545414,0.02539249788474196,0.011363636363636465,0.00081554949703877,-0.004545454545454519,-0.009095609664378945,0.0,0.0,-0.009090909090909038,-0.01943217072482839,0.00454545454545463,-0.01737802011845435,0.1045454545454545,0.07827864999529943,0.11590909090909096,0.09564021810660917,0.16363636363636358,0.12951020024442972,0.15227272727272734,0.10987355457365822,0.15454545454545454,0.10594152486603359,0.1454545454545455,0.08133872332424552,0.125,0.07225956566701153,0.09772727272727266,0.052225721538027736,0.09318181818181825,0.0445778885023973,0.13636363636363646,0.0815549497038639,0.17954545454545445,0.1102590015981948,0.19999999999999996,-0.02440537745604976,-0.30454545454545456
3713_2025-07-18,3713,2025-07-18,10000000.0,20.0,20.5,20.4,-0.017073170731707332,0.05531341703949588,0.06341463414634152,0.09970654736133178,0.07073170731707323,0.11274354163659994,0.06341463414634152,0.10976571895896481,0.0536585365853659,0.09014768845913324,0.08780487804878057,0.11324866503102926,0.060975609756097615,0.0822773849040267,0.06341463414634152,0.09043633039880705,0.04878048780487809,0.06258719391927658,0.04390243902439028,0.04981959878770392,0.0,0.0,-0.04390243902439017,-0.05869533843267416,-0.03414634146341455,-0.03809111463895698,-0.04878048780487809,-0.04582190792322116,-0.04390243902439017,-0.04390243902439017,-0.04878048780487809,-0.05469764756819173,-0.046341463414634076,-0.0502862365901765,-0.046341463414634076,-0.05324481647183321,-0.056097560975609695,-0.05116659450618166,-0.0536585365853659,-0.05957569634867954,-0.0536585365853659,-0.0704238225814211,-0.04878048780487809,-0.056670034155962945,-0.07073170731707312,-0.11905517871746751,-0.009756097560975618,-0.045259056140857234,0.10731707317073158,-0.11161783807187176,-0.024390243902439046
3284_2025-07-21,3284,2025-07-21,5000000.0,20.0,26.5,27.75,0.01132075471698113,0.1048095788180502,-0.015094339622641506,0.04088233676219821,-0.04150943396226425,0.01874323853530624,-0.04339622641509433,0.007138273098997061,-0.047169811320754707,-0.0075196655481598595,-0.01132075471698113,0.024247758402552555,-0.028301886792452824,0.012903166657498688,0.0,0.02818270165208947,0.0,0.020408163265306256,0.0018867924528302993,0.016464051928049006,0.0,0.0,-0.0037735849056603765,0.006916405376166668,-0.015094339622641506,0.002398371747621031,-0.015094339622641506,-0.0005170801474227993,-0.03584905660377358,-0.02710270091864231,-0.05660377358490565,-0.045913783303078604,-0.08490566037735847,-0.07713112199057504,-0.10943396226415092,-0.08999761629719272,-0.1132075471698113,-0.10446119148468003,-0.12452830188679243,-0.1264719364834881,-0.10188679245283017,-0.09508407136439478,-0.12075471698113205,-0.10812109210260912,-0.07547169811320753,-0.1114289381520801,-0.20566037735849052,-0.21635036764031745,-0.17169811320754724,-0.3961879091259146,-0.24528301886792447
4442_2025-07-23,4442,2025-07-23,2500000.0,40.0,45.85,44.65,-0.026172300981461394,0.02071197201557118,0.025081788440566966,0.05871185767894471,0.03380588876772084,0.056357817551103584,0.0272628135223556,0.045660439635115235,-0.0032715376226826187,0.02086298265427089,0.004362050163576825,0.015242366681875508,0.009814612868047856,0.012781971918492951,0.009814612868047856,0.006847253817602539,0.0032715376226826187,-0.014532616679988175,0.005452562704471031,-0.0014712750799008578,0.0,0.0,0.0010905125408942062,-0.001876846509551111,0.0,-0.008902077151335286,0.0032715376226826187,-0.0036523001616892703,0.0,-0.009891196834816984,0.0021810250817884125,0.004159264448751698,-0.007633587786259555,-0.01653566493759484,0.013086150490730697,-0.006696243178903272,0.026172300981461172,0.015291984463162267,0.016357688113413316,0.011412089696004823,0.0,-0.017804154302670794,0.0,-0.008902077151335286,0.022900763358778553,0.00015101063869926712,0.3304252998909487,0.30272994875346093,0.2562704471101418,0.008001406556234603,-0.1275899672846238
3672_2025-07-31,3672,2025-07-31,9000000.0,13.5,16.9,16.85,-0.050295857988165604,-0.017354681517577353,0.002958579881656931,0.00884093282283338,0.002958579881656931,-0.005864949530107744,0.02366863905325456,0.025629423366980042,-0.029585798816568087,-0.020762269404803302,-0.017751479289940697,-0.011869126348764247,0.002958579881656931,0.002958579881656931,0.00887573964497057,0.010836523958696054,0.01183431952662728,0.010853927369764538,0.00591715976331364,0.016701473488803797,0.0,0.0,0.01775147928994092,0.006967165564450761,0.01183431952662728,0.009873535212901796,0.01183431952662728,0.015755888154078357,0.01775147928994092,0.008927949878176245,-0.023668639053254337,-0.023668639053254337,-0.035502958579881505,-0.06393433112890123,-0.050295857988165604,-0.07872723053718533,-0.05917159763313595,-0.09544610743705761,-0.12130177514792895,-0.15855667710871313,-0.11242603550295849,-0.15850446687550757,-0.1775147928994082,-0.2196716556445063,-0.15976331360946738,-0.18917507831534963,-0.15976331360946738,-0.24701821557025183,-0.2130177514792898,-0.47576284951850567,-0.20118343195266264
7556_2025-08-18,7556,2025-08-18,800000.0,142.0,181.0,161.0,-0.013812154696132617,0.028520865059276646,-0.03867403314917128,0.005540454150922858,-0.046961325966850875,-0.014976377707208388,-0.02209944751381221,0.018352104696912175,0.013812154696132506,0.026982427508926432,-0.0055248618784530246,0.007645410934340902,-0.008287292817679592,-0.0026428901836250684,0.013812154696132506,0.018515823557844646,-0.027624309392265234,-0.03138724448163499,0.011049723756906049,0.011049723756906049,0.0,0.0,-0.024861878453038666,-0.027684079770065817,0.022099447513812098,0.021158713741469493,-0.03867403314917128,-0.011392753751240936,0.0,0.021636876763875823,-0.011049723756906049,0.015290821868681914,0.0,0.008466603951081786,0.008287292817679592,0.015813162996418995,0.035911602209944826,0.03873380352697209,0.06077348066298338,0.07300301970343492,0.058011049723756924,0.07024058876420847,0.03867403314917128,0.060310909913047106,-0.058011049723756924,-0.11163287474727523,-0.08287292817679559,-0.17036116900464127,-0.10497237569060769,-0.26583785076116284,-0.2154696132596685
5468_2025-08-28,5468,2025-08-28,23100000.0,13.0,17.65,17.3,-0.04249291784702547,-0.015134427280987683,-0.045325779036826996,-0.04815596771607222,-0.056657223796033995,-0.05948741247527922,-0.048158640226628746,-0.0538190175851192,-0.048158640226628746,-0.05193222513228912,-0.07082152974504252,-0.046293227858250074,-0.045325779036826996,-0.026457854508525114,-0.045325779036826996,-0.021740873376449588,-0.05949008498583552,-0.05382970762734496,-0.04249291784702547,-0.03777593671494994,0.0,0.0,-0.045325779036826996,-0.035891816772676055,-0.06798866855524077,-0.05855470629108983,-0.06515580736543902,-0.04628788283713714,-0.07932011331444755,-0.060452188786145666,-0.07082152974504252,-0.0510102089903256,-0.07082152974504252,-0.05761398257523109,-0.1019830028328611,-0.09915281415361588,-0.11048158640226624,-0.11708535998717184,-0.08781869688385258,-0.10479982895932416,-0.1019830028328611,-0.13877545566304994,-0.12464589235127477,-0.17087230744561444,-0.1388101983002833,-0.23692340584745308,0.15580736543909346,0.010524346571168852,0.08498583569405094,-0.07256133411726995,-0.26345609065155806
3551_2025-09-09,3551,2025-09-09,5500000.0,126.0,173.5,156.5,-0.011527377521613813,-0.003092513416646514,0.0028818443804035088,0.014128329853693167,0.020172910662824117,0.026733360522243066,0.0,0.015932521087160256,0.01729106628242083,0.03322358736958109,-0.01729106628242072,0.008013526032480844,-0.03746397694524495,-0.012159384630343384,-0.03170028818443804,-0.005458488746762358,-0.04034582132564846,-0.02066447174739161,-0.043227665706051854,-0.03385559447831055,0.0,0.0,-0.023054755043227626,-0.03336403339374305,-0.014409221902017322,-0.044399849830789595,-0.043227665706051854,-0.08259036486256555,-0.0720461095100865,-0.12171808701711562,-0.10374639769452454,-0.15341837520155366,-0.09510086455331412,-0.15883094890195515,-0.11815561959654175,-0.17438804696298982,-0.10951008645533145,-0.17698899929506895,-0.10662824207492794,-0.17504436203743967,-0.09798270893371763,-0.17389648587842232,-0.08357348703170031,-0.17916861355466185,-0.02017291066282423,-0.17481208592055608,0.008645533141210304,-0.18723075551858348,0.05475504322766578,-0.13924683118657977,-0.27377521613832856
4168_2025-09-24,4168,2025-09-24,2500000.0,21.5,24.95,23.0,-0.048096192384769476,0.04514589486929388,0.07815631262525047,0.13803655214620858,0.07214428857715438,0.12347020816654697,0.09018036072144286,0.13209652838611352,0.1242484969939881,0.16616466465865876,0.07414829659318634,0.10323298436050887,0.04208416833667328,0.07801231204924819,0.03206412825651306,0.05772708805120941,0.01603206412825653,0.04083959192979636,0.008016032064128265,0.02598010392041572,0.0,0.0,0.05210420841683372,0.05295964040999035,0.02605210420841697,0.030329264174199677,0.012024048096192397,0.03255441593194952,0.012024048096192397,0.02314466400722759,0.0,0.005988023952095856,0.0,-0.01283147989734812,-0.002004008016032066,-0.029377831797041343,-0.018036072144288595,-0.073639151699464,-0.002004008016032066,-0.04819733564648543,-0.016032064128256418,-0.06992427969711856,-0.04609218436873741,-0.0897192160197211,-0.07815631262525047,-0.16198864795459178,-0.11422845691382755,-0.19036190430475985,-0.006012024048096087,-0.09583238332953314,-0.13827655310621245
3289_2025-10-01,3289,2025-10-01,12000000.0,100.0,120.0,124.0,0.08333333333333326,0.18367935409457892,0.03750000000000009,0.05566608996539801,0.04166666666666674,0.06675317185697804,0.03750000000000009,0.05220588235294121,0.03333333333333344,0.04717416378316042,0.04583333333333339,0.05275374855824688,0.07916666666666661,0.06792099192618206,0.02499999999999991,0.014619377162629732,0.02083333333333326,0.013912918108419658,-0.03749999999999998,-0.027984429065743943,0.0,0.0,-0.025000000000000022,-0.030190311418685112,-0.025000000000000022,-0.0492214532871974,-0.033333333333333326,-0.07226066897347183,-0.03749999999999998,-0.10497404844290659,-0.054166666666666696,-0.11212514417531727,-0.050000000000000044,-0.11574394463667836,-0.04166666666666663,-0.09702998846597455,-0.0625,-0.11267301038062283,-0.03749999999999998,-0.10670415224913488,-0.01666666666666672,-0.1066320645905422,-0.012499999999999956,-0.0860294117647058,-0.033333333333333326,-0.14319492502883524,-0.14583333333333337,-0.21676758938869678,-0.0625,-0.1896626297577857,-0.16666666666666663
5201_2025-10-03,5201,2025-10-03,8000000.0,32.0,53.5,39.1,-0.291588785046729,-0.17503473099267486,-0.27196261682242984,-0.23395586006567304,-0.21214953271028036,-0.1749873705481182,-0.2429906542056075,-0.21258524880020202,-0.23457943925233637,-0.2219105203334174,-0.19532710280373833,-0.18181358929022473,-0.1869158878504673,-0.17002399595857542,-0.1869158878504673,-0.15397669866127806,-0.16168224299065415,-0.13803359434200535,-0.08971962616822426,-0.07113854508714312,0.0,0.0,-0.08411214953271029,-0.0984702576408184,-0.12616822429906538,-0.1683979540287952,-0.13177570093457935,-0.1647148901237684,-0.11775700934579436,-0.15829754988633493,-0.11775700934579436,-0.14816241475119962,-0.14112149532710272,-0.16645933316494066,-0.14579439252336446,-0.18971331144228332,-0.1644859813084112,-0.22867517049760022,-0.16635514018691588,-0.21449703207880777,-0.15607476635514017,-0.22195314473351846,-0.17383177570093455,-0.2413993432685021,-0.14953271028037385,-0.21625568325334665,-0.26448598130841117,-0.2788440894165193,-0.15794392523364487,-0.2888560873958069,-0.4018691588785047
6499_2025-10-22,6499,2025-10-22,4700000.0,90.0,122.5,97.9,-0.21387755102040817,-0.11577628519762329,-0.2522448979591837,-0.2285107207439938,-0.24897959183673468,-0.21654288297597513,-0.17551020408163265,-0.1501937483854301,-0.09387755102040818,-0.05906742443812962,-0.004081632653061273,0.03547532937225517,0.05306122448979589,0.07521312322397322,0.02857142857142847,0.0317359855334538,0.03265306122448974,0.05084926375613541,0.008163265306122547,0.009745543787135214,0.0,0.0,-0.004081632653061273,0.00382975975200206,-0.07755102040816331,-0.06410165331955564,-0.1306122448979592,-0.14010591578403497,-0.13469387755102036,-0.13706729527253925,-0.15918367346938778,-0.17817101524153978,-0.13469387755102036,-0.15368121932317236,-0.14693877551020407,-0.1714640919659003,-0.18367346938775508,-0.1987051149573753,-0.190204081632653,-0.2020711702402479,-0.18367346938775508,-0.18288233014724864,-0.17959183673469392,-0.1811741152157066,-0.24408163265306126,-0.2235120123998966,-0.20163265306122446,-0.1858098682510979,-0.23510204081632646,-0.38383621803151624,-0.26530612244897955
5263_2025-11-25,5263,2025-11-25,3300000.0,85.0,92.0,85.8,0.010869565217391353,-0.05294235753659704,0.0304347826086957,-0.025820465082320387,0.0304347826086957,-0.030858248457635185,0.0010869565217390686,-0.05516829116927702,0.010869565217391353,-0.025234548972365323,0.050000000000000044,0.010537363560033652,-0.004347826086956608,-0.01946117621290122,0.0,-0.008396305625524736,0.02499999999999991,-0.01446263643996648,0.0010869565217390686,-0.0039508268535759505,0.0,0.0,-0.018478260869565277,-0.03191234987040503,-0.02934782608695652,-0.059574526338845746,-0.03804347826086951,-0.0775061147008359,-0.060869565217391286,-0.10788887672032998,-0.025000000000000022,-0.05774559193954676,0.017391304347825987,-0.01871280984193069,0.021739130434782705,-0.024440550505603564,0.004347826086956497,-0.040152593728324915,-0.018478260869565277,-0.07221461687292385,-0.010869565217391353,-0.08055890190924697,0.02499999999999991,-0.04301007556675085,0.009782608695652284,-0.059906727996203335,0.20108695652173902,0.023924907823166475,0.08369565217391317,-0.23872248384623806,-0.07608695652173914
2726_2025-11-26,2726,2025-11-26,10000000.0,13.2,16.95,15.95,-0.02359882005899694,-0.09070735361326387,-0.05604719764011801,-0.10327172125237993,-0.06784660766961648,-0.11010012879637698,-0.07669616519174038,-0.0990656763764961,-0.07374631268436582,-0.09942982552612212,-0.08259587020648962,-0.08425287103499002,-0.08849557522123896,-0.08352457273573766,-0.09144542772861353,-0.11712894057036982,-0.10029498525073743,-0.09200998110823533,-0.07079646017699115,-0.057540453548987736,0.0,0.0,-0.07669616519174038,-0.0932661734767446,-0.07964601769911506,-0.10532953054087135,-0.07669616519174038,-0.10983618176174859,-0.07964601769911506,-0.09870152722686976,-0.0943952802359882,-0.11676479142074392,-0.08849557522123896,-0.12080709137699708,-0.13569321533923295,-0.16634773066649067,-0.15929203539823,-0.19906005528224002,-0.17699115044247793,-0.23250067819724185,-0.17699115044247793,-0.23084367736874145,-0.1799410029498525,-0.2412500336043677,-0.2359882005899705,-0.2939832295874849,-0.2448377581120943,-0.40225283681963353,-0.4041297935103245,-0.6568224198566375,-0.22123893805309736
1815_2025-11-27,1815,2025-11-27,60000000.0,66.0,77.1,67.1,-0.11413748378728916,-0.1638522352135322,0.19714656290531773,0.17188168922968616,0.15434500648508442,0.14864003500994172,0.1102464332036317,0.1012814780284077,0.08430609597924765,0.09897602262961436,0.022049286640726473,0.04323918069125632,0.12321660181582361,0.11425164664059961,0.062256809338521624,0.08670668708913287,0.04669260700389111,0.07603246030462463,0.0181582360570689,0.03445815455747636,0.0,0.0,0.035019455252918386,0.026054500077694387,0.05966277561608302,0.043362857115675446,0.023346303501945664,0.020901315726884473,0.07652399481193273,0.07081902333679002,0.0661478599221792,0.05066293734679217,0.06874189364461758,0.0548869629192712,0.08171206225680949,0.05889217635623911,0.10246433203631655,0.06415952356035892,0.12970168612191957,0.0930268694960028,0.10376134889753574,0.05975156894643563,0.10894941634241251,0.07634957934159758,0.2010376134889753,0.15132286206273227,0.13099870298313898,-0.015700563520528288,0.40077821011673165,0.13916451818519127,-0.14396887159533067
6804_2025-12-18,6804,2025-12-18,12500000.0,16.8,18.8,19.3,-0.05319148936170215,-0.05319148936170215,0.037234042553191404,0.03238751589729483,0.018617021276595702,0.004885195751555216,0.04521276595744661,0.016133606022066926,0.12765957446808507,0.10019592341800432,0.11170212765957444,0.07696868662564871,0.0691489361702129,0.04572405733337925,0.07180851063829774,0.04676812291616517,0.0478723404255319,0.03333276045784217,-0.010638297872340385,-0.01629257897088643,0.0,0.0,-0.05585106382978722,-0.05585106382978722,-0.05585106382978722,-0.06554411714158037,-0.0771276595744681,-0.1013602928539512,-0.09042553191489355,-0.11950469185027324,-0.08244680851063835,-0.11394923177396643,-0.0877659574468086,-0.12815367957928037,-0.0877659574468086,-0.14188550510432063,-0.09574468085106391,-0.14824871962327724,-0.09042553191489355,-0.15019936067095163,-0.09574468085106391,-0.17732787955865692,-0.10372340425531912,-0.22650207953803314,-0.06382978723404253,-0.23668923796102148,-0.09574468085106391,-0.2508335338397555,-0.10106382978723416,-0.32561956484377697,-0.1063829787234043
4991_2025-12-22,4991,2025-12-22,6000000.0,131.0,192.5,166.5,-0.17922077922077917,-0.13202077922077915,-0.1480519480519481,-0.1672519480519482,-0.11168831168831173,-0.12928831168831179,-0.11428571428571432,-0.13908571428571426,-0.11428571428571432,-0.12788571428571438,-0.09090909090909094,-0.10610909090909104,-0.051948051948051965,-0.05674805194805188,-0.04935064935064937,-0.045350649350649364,-0.051948051948051965,-0.04234805194805191,-0.07272727272727275,-0.0631272727272727,0.0,0.0,0.09870129870129873,0.08430129870129877,0.20779220779220786,0.18859220779220776,0.20519480519480515,0.1835948051948051,0.19740259740259747,0.16700259740259749,0.15844155844155838,0.11444155844155834,0.15844155844155838,0.11604155844155839,0.18701298701298708,0.1374129870129872,0.17662337662337668,0.10542337662337653,0.1428571428571428,0.030857142857142694,0.1298701298701299,0.0034701298701298455,0.10389610389610393,-0.013703896103895996,0.05974025974025965,-0.0898597402597403,0.3792207792207791,0.21282077922077902,1.2337662337662336,1.0513662337662335,-0.3194805194805195
3325_2025-12-23,3325,2025-12-23,20000000.0,13.0,18.6,17.0,-0.09677419354838712,-0.04866693802788247,-0.010752688172043112,-0.013907262304535206,-0.016129032258064502,-0.026381398188663807,-0.029569892473118364,-0.02878124893999534,-0.037634408602150726,-0.03842305213527375,-0.045698924731182866,-0.03623520233370647,-0.06182795698924737,-0.04368915572741772,-0.05913978494623662,-0.0354804789525458,-0.043010752688172116,-0.0193514466944813,-0.029569892473118364,-0.01537430887690383,0.0,0.0,-0.043010752688172116,-0.04774261388691026,-0.034946236559139865,-0.042044028357247076,-0.048387096774193616,-0.06415996743665431,-0.05107526881720448,-0.08025507954275657,-0.06451612903225823,-0.09211865269156427,-0.08333333333333337,-0.11803364879074663,-0.09677419354838712,-0.15276788440012223,-0.12365591397849462,-0.21987042501950416,-0.09946236559139787,-0.20987246022862205,-0.09946236559139787,-0.20119738136426857,-0.11290322580645173,-0.21858145924493755,-0.1478494623655915,-0.2803415759302603,-0.185483870967742,-0.3211305586649029,-0.32795698924731187,-0.46912418167633396,-0.30107526881720437
5704_2026-01-05,5704,2026-01-05,20000000.0,22.0,29.4,26.45,-0.07993197278911557,-0.008983503782394098,-0.10034013605442171,-0.024910711110433637,-0.10204081632653061,-0.03557330325707575,-0.08503401360544216,-0.032009368347787115,-0.07653061224489799,-0.02798692292450966,-0.07993197278911557,-0.03362876143736049,-0.08503401360544216,-0.04694588813867595,-0.08163265306122447,-0.056240569416713626,-0.06462585034013602,-0.03774011471653638,-0.05442176870748294,-0.03425746698978305,0.0,0.0,-0.09183673469387754,-0.12992486016064375,-0.10204081632653061,-0.15357180960509675,-0.11054421768707479,-0.15386012508065194,-0.108843537414966,-0.15589357475626542,-0.1071428571428571,-0.15045876453643425,-0.1037414965986394,-0.15452566388766087,-0.1037414965986394,-0.15975344581447204,-0.10204081632653061,-0.1587995915319077,-0.1037414965986394,-0.1590066198249278,-0.1037414965986394,-0.17917092154262737,-0.11564625850340127,-0.20003759532192245,-0.24149659863945572,-0.3094577636879994,-0.2465986394557823,-0.4579503944968576,-0.22278911564625836,-0.42667261079188934,-0.2517006802721088
3522_2026-01-12,3522,2026-01-12,20000000.0,15.5,17.9,16.0,-0.15921787709497193,-0.06616132734550884,-0.005586592178770777,0.07243774568808659,0.022346368715083997,0.08820177315316557,0.08100558659217905,0.14829263025717532,0.07262569832402233,0.13347036546790203,0.05865921787709505,0.10017675545762461,0.022346368715083997,0.02735710600928576,0.05307262569832427,0.04519860995029257,0.03910614525139677,0.03910614525139677,0.011173184357541999,0.007594086290255042,0.0,0.0,-0.011173184357541888,-0.018331380492116023,-0.008379888268156388,-0.020548821696932396,0.005586592178770999,-0.007298160863462355,-0.013966480446927387,-0.025419594262246048,-0.027932960893854775,-0.058713204272523356,-0.05027932960893844,-0.08964940834909585,-0.05307262569832394,-0.09244270443848135,-0.0949720670391061,-0.12360485157740242,-0.11173184357541888,-0.13964880850025785,-0.07821229050279321,-0.11257163194874897,-0.0865921787709496,-0.12095152021690536,-0.15642458100558654,-0.2151217893090941,-0.1899441340782122,-0.29803289571028113,-0.2737430167597765,-0.4841939831162547,-0.13407821229050276
4130_2026-01-14,4130,2026-01-14,23000000.0,28.0,36.8,24.2,-0.31657608695652173,-0.2048363415534099,-0.2404891304347826,-0.1619884232212041,-0.2472826086956521,-0.1751468236885798,-0.24864130434782605,-0.195600285960273,-0.17391304347826086,-0.15693991759424386,-0.16032608695652173,-0.15608280548551756,-0.13043478260869557,-0.1184121517741834,-0.10597826086956519,-0.09749169792755663,-0.09646739130434778,-0.08444476046983562,-0.006793478260869512,-0.0018429832113644462,0.0,0.0,-0.12907608695652173,-0.1297833005350224,-0.11141304347826075,-0.11070582989976008,-0.15896739130434778,-0.17735494434536603,-0.1752717391304347,-0.2021458551134615,-0.09374999999999989,-0.12062411598302669,-0.08559782608695654,-0.10186373839247276,-0.08559782608695654,-0.10115652481397208,-0.13858695652173914,-0.16051057745526098,-0.13994565217391297,-0.16186927310743482,-0.13858695652173914,-0.17182599471127225,-0.1440217391304347,-0.19352668962548425,-0.13043478260869557,-0.22237254781378746,-0.11684782608695643,-0.15786621363999742,-0.18342391304347816,-0.40478176311419933,-0.23913043478260865
5457_2026-01-15,5457,2026-01-15,22000000.0,33.0,40.05,42.05,0.03245942571785276,0.15260076847403647,0.01872659176029967,0.0915181111949287,0.03995006242197263,0.09366030977179596,0.014981273408239737,0.03264911793120795,0.008739076154806513,0.013686072621237555,0.01622971285892638,0.028950560915463552,-0.0012484394506865337,0.007938839701256972,-0.0024968789013731785,0.010223969155163992,-0.019975031210986205,-0.014321320963636253,-0.038701622971285876,-0.03799490919036719,0.0,0.0,-0.01872659176029967,-0.017313164198462294,-0.024968789013732784,-0.042636633536700885,-0.013732833957552981,-0.03988124385154579,-0.024968789013732784,-0.05111719890772559,-0.041198501872659166,-0.0567462050528712,-0.02621722846441943,-0.041058217863712776,-0.012484394506866447,-0.033685807934428214,-0.02122347066167274,-0.042424884089234505,-0.0424469413233457,-0.07495577524560715,-0.04993757802746568,-0.09870082891085785,-0.07240948813982517,-0.11481231499494893,-0.09113607990012484,-0.18512901276231575,-0.19850187265917596,-0.2613993991609428,-0.04744069912609239,-0.2679353987727354,-0.17602996254681647
3363_2026-01-20,3363,2026-01-20,10000000.0,316.0,402.5,407.0,0.011180124223602483,0.15029858152387787,0.07080745341614914,0.1011104837191793,0.04223602484472044,0.08011481272350829,0.06459627329192541,0.09903153499991435,0.06583850931677016,0.103717297195558,0.0757763975155279,0.10676813305271793,0.032298136645962705,0.058468935544034206,0.04844720496894417,0.07392929863285591,0.03105590062111796,0.05791540475334922,-0.00248447204968949,0.005779990760227838,0.0,0.0,0.03105590062111796,0.03105590062111796,0.012422360248447228,0.022752938760843944,0.023602484472049712,0.034621768218606186,0.024844720496894457,0.02966565713601288,0.013664596273291973,0.018485532912410396,0.03354037267080745,0.0273420255633694,0.08819875776397512,0.06616019027086195,0.07453416149068315,0.05869394110500803,0.034782608695652195,0.034782608695652195,0.13788819875776404,0.15303971390927906,0.06335403726708067,0.05853310062796213,0.4956521739130435,0.37788357887172097,0.5503105590062112,0.5041673083175058,0.8509316770186335,0.5837140461646388,-0.21490683229813667
2070_2026-01-26,2070,2026-01-26,6000000.0,35.0,46.8,39.65,-0.14529914529914523,-0.03664862626800347,-0.04380341880341876,-0.01750584094874741,-0.03952991452991439,-0.01807662733268256,-0.04380341880341876,-0.02304217312867829,-0.04487179487179471,-0.022726466152071634,-0.012820512820512664,-0.009360305208055864,-0.008547008547008517,-0.013391299204447815,-0.014957264957264904,-0.019801555614704203,-0.02777777777777768,-0.0222414455978468,-0.030982905982905873,-0.024754532280483743,0.0,0.0,-0.04487179487179471,-0.04487179487179471,-0.04914529914529908,-0.06021796350516062,-0.04807692307692313,-0.07506654245408573,-0.0576923076923076,-0.07845355336704818,-0.11217948717948723,-0.11702377783692652,-0.1303418803418802,-0.11996125750450992,-0.14743589743589747,-0.1571244787507765,-0.12393162393162382,-0.1329281637240115,-0.14102564102564086,-0.13756543341318406,-0.15384615384615374,-0.14900186318871433,-0.14529914529914523,-0.16882855706385125,-0.14850427350427342,-0.2197845503208824,-0.15384615384615374,-0.20574926803300486,0.3568376068376069,0.04749504628397383,-0.25213675213675213
6733_2026-01-28,6733,2026-01-28,10000000.0,36.0,37.95,39.9,0.010540184453227797,0.1186852905449457,-0.01054018445322813,0.020945099598790984,-0.006587615283267456,0.02626659416231769,-0.0039525691699606735,0.010421147462482794,-0.0026350461133070047,0.003525118157740259,-0.01054018445322813,-0.004380020182180866,-0.03425559947299084,-0.01782849475019821,-0.023715415019763042,-0.006603847600187396,-0.006587615283267456,0.004363787865260926,0.0013175230566533358,0.012268926205181718,0.0,0.0,-0.015810276679841917,-0.03155291870585153,-0.022397891963109373,-0.03198036971807183,-0.040843214756258295,-0.03468305048521103,-0.05665349143610032,-0.035435147835826575,-0.05401844532279321,-0.052649519929227284,-0.011857707509881465,-0.009804319419532526,-0.01054018445322813,0.0038335321792153376,-0.03952569169960474,-0.023783049673595236,-0.035573122529644285,-0.04789345107173881,-0.03820816864295129,-0.07174684078531957,-0.030303030303030498,-0.08711343413602157,-0.06455862977602111,-0.0720877194406343,-0.1054018445322793,-0.12182894925507193,-0.23583662714097497,-0.5732767366550066,-0.0513833992094862
3162_2026-02-04,3162,2026-02-04,21000000.0,50.0,61.3,60.3,-0.009787928221859588,0.03270693127094382,-0.03425774877650889,-0.01917892766615925,-0.03588907014681886,-0.020124848076907842,0.06035889070146827,0.06995450413532711,0.04241435562805873,0.05200996906191757,0.004893964110930016,0.003523162191807483,0.022838499184339334,0.005703475195305785,-0.004893964110929794,-0.015860379463911167,-0.021207177814029365,-0.016409371097099834,-0.024469820554649302,-0.004593192727370354,0.0,0.0,-0.011419249592169556,-0.01073384863260829,-0.05383360522022829,-0.04081098698856267,-0.07014681892332786,-0.05575339877253971,-0.05057096247960835,-0.06427898167083523,-0.04078303425774876,-0.07573848319537724,-0.022838499184339334,-0.08109758074705353,-0.04893964110929849,-0.1099403265102582,-0.07014681892332786,-0.1585635427067411,-0.0636215334420881,-0.17534188985058685,-0.03425774877650889,-0.14666350614456924,-0.029363784665579096,-0.13080312668065786,-0.039151712887438794,-0.0754779637441898,-0.08646003262642732,-0.09948265085809282,0.3654159869494291,0.04876074363208849,-0.18433931484502442
8066_2026-02-04,8066,2026-02-04,7000000.0,20.0,20.45,19.85,-0.0317848410757946,0.010710018417008804,0.017114914425427896,0.032193735535777535,0.017114914425427896,0.03287913649533891,0.019559902200489088,0.029155515634347928,0.012224938875305513,0.021820552309164354,0.009779951100244544,0.008409149181122011,0.02689486552567244,0.009759841536638891,0.0024449877750611915,-0.008521427577920182,0.0024449877750611915,0.007242794491990723,-0.012224938875305624,0.007651688951973323,0.0,0.0,-0.004889975550122161,-0.0042045745905608944,-0.019559902200488977,-0.00653728396882336,-0.022004889975550057,-0.007611469824761907,-0.02444987775061125,-0.03815789694183813,-0.019559902200488977,-0.05451535113811745,-0.017114914425427785,-0.07537399598814198,-0.022004889975550057,-0.08300557537650977,-0.022004889975550057,-0.11042161375896331,-0.019559902200488977,-0.13128025860898773,-0.022004889975550057,-0.1344106473436104,-0.022004889975550057,-0.12344423199062882,-0.041564792176039034,-0.07789104303279004,-0.09046454767726153,-0.10348716590892704,-0.19559902200489,-0.5122542653222306,-0.022004889975550057
6179_2026-02-23,6179,2026-02-23,50000000.0,22.5,26.9,28.95,0.1412639405204461,0.2261085001059383,0.048327137546468446,0.09301625671745295,0.014869888475836479,0.07445538070381585,0.0,0.07383419689119175,0.013011152416356975,0.06806296588785954,0.03159851301115246,0.08729799487643741,0.024163568773234223,0.09152108172660212,0.009293680297397744,0.0779465300383303,0.011152416356877248,0.05325086195273221,0.029739776951672958,0.05176050234027407,0.0,0.0,-0.026022304832713727,-0.02861297840784327,-0.059479553903345694,-0.08797696322977067,-0.04275092936802971,-0.09326906408305558,-0.06505576208178443,-0.11622156519059268,0.027881040892193232,-0.012922067916096847,0.018587360594795488,-0.0014903596124584695,-0.07434944237918217,-0.05362405377814583,-0.07434944237918217,-0.07694011595431172,-0.07063197026022305,-0.06609829150374624,-0.06877323420074344,-0.022141109848411777,-0.04646840148698883,-0.020561665735693513,0.003717472118959231,0.03998690217077261,-0.08550185873605942,-0.11076092609357246,-0.04275092936802971,-0.30311362366854766,-0.16356877323420072
6109_2026-02-25,6109,2026-02-25,20000000.0,10.3,12.5,11.7,-0.01200000000000001,0.07364231738035276,-0.07200000000000006,0.027496221662468567,-0.05599999999999994,0.025234256926952248,0.03600000000000003,0.11786397984886654,0.08800000000000008,0.18119899244332505,-0.015999999999999903,0.07845843828715371,-0.052000000000000046,0.016639798488664925,-0.06000000000000005,-0.01088161209068006,-0.04799999999999993,-0.020292191435768214,-0.02400000000000002,0.0011889168765742975,0.0,0.0,-0.008000000000000007,-0.02941057934508806,-0.008000000000000007,-0.030040302267002605,0.0040000000000000036,-0.007964735516372556,-0.01200000000000001,-0.003813602015113271,-0.028000000000000025,0.019858942065491325,-0.020000000000000018,0.005188916876574301,-0.020000000000000018,0.012115869017632397,-0.04400000000000004,0.02904785894206563,-0.04400000000000004,0.008896725440805997,-0.02400000000000002,-0.008886649874055408,-0.02400000000000002,0.011264483627204114,-0.04799999999999993,-0.002659949622166091,0.0,-0.015113350125944391,,,-0.17599999999999993
3322_2026-03-11,3322,2026-03-11,16000000.0,12.3,14.85,17.25,0.043771043771043905,0.07834551185615035,0.07070707070707072,0.01485600687728339,0.05723905723905731,-0.0212183895694531,0.07407407407407396,-0.005048266351457942,0.09764309764309775,0.02915905508990635,0.05387205387205385,0.006664607063543215,-0.01683501683501687,-0.022154165771187007,0.020202020202020332,-0.009053298946915866,0.023569023569023573,0.0016275342073215349,-0.047138047138047146,-0.025861451393366153,0.0,0.0,-0.043771043771043794,-0.08366466079232049,-0.05387205387205385,-0.07248907514864955,-0.07744107744107742,-0.08741448169639665,-0.101010101010101,-0.10632924994627113,-0.09090909090909094,-0.11019100580270791,-0.08754208754208748,-0.12211655562719381,-0.1144781144781144,-0.1251164123504549,-0.10437710437710435,-0.11368561501540231,-0.13131313131313127,-0.11868015258972697,-0.13468013468013473,-0.12404183680779435,-0.11111111111111116,-0.12440898345153673,-0.09764309764309764,-0.1714462891324594,-0.023569023569023573,-0.21971264059030027,,,-0.1717171717171716
3587_2026-03-18,3587,2026-03-18,1875000.0,160.0,187.0,192.5,0.14171122994652396,0.2036812234233667,0.07486631016042788,0.08856494029741435,0.14438502673796783,0.1346002909258348,0.14438502673796783,0.14177576385473256,0.03475935828876997,0.0745506172581113,-0.005347593582887722,0.013569562320569606,0.016042780748663166,-0.004179006596411794,-0.010695187165775444,-0.010042871444966406,0.002673796791443861,0.011806216882768061,0.005347593582887722,0.01904622371987419,0.0,0.0,0.016042780748663166,0.0010395191700591777,0.11764705882352944,0.12612716319404482,0.2272727272727273,0.2370574630848603,0.3128342245989304,0.34414537919775634,0.28342245989304815,0.3127766673294473,0.34491978609625673,0.35079062758353663,0.2406417112299466,0.2517310784836976,0.22459893048128343,0.24612534926797625,0.26203208556149726,0.29790945020598514,0.14973262032085555,0.2058317723104186,0.213903743315508,0.2295593206149209,0.9625668449197862,0.8647194867984556,0.7967914438502675,0.5626101000798827,,,-0.14438502673796794
6182_2026-04-16,6182,2026-04-16,20000000.0,27.8,36.65,33.95,-0.08458390177353348,0.004542657941261519,-0.1064120054570259,0.0338137818275851,-0.11186903137789905,-0.008482222108736837,-0.145975443383356,-0.02476332217123478,-0.15688949522510232,-0.051720154761644155,-0.08458390177353348,-0.025760372361768757,-0.09140518417462484,-0.031987477698094846,-0.01909959072305578,0.02130444968098466,-0.021828103683492417,0.02035846791484397,0.012278308321964637,0.024756026682036025,0.0,0.0,0.009549795361528002,-0.0005512147394819422,-0.023192360163710846,-0.023192360163710846,0.07366984993178716,0.06891643341366493,0.18008185538881305,0.1580973039924971,0.22783083219645306,0.20168704134677995,0.11050477489768085,0.08436098404800774,0.11050477489768085,0.04158023538490618,0.09959072305593453,-0.005578617407523412,0.09140518417462484,-0.0018806149935270966,0.06412005457025916,-0.014311317978760396,0.09413369713506148,0.018673209909868538,0.5061391541609823,0.3724493145887897,,,,,-0.24147339699863568
3362_2026-04-29,3362,2026-04-29,5000000.0,92.0,108.0,98.6,-0.13518518518518519,0.06155394524959734,0.0185185185185186,0.10384460547504026,0.05092592592592582,0.12701288244766495,0.04629629629629628,0.13162238325281794,0.125,0.20597826086956528,0.08796296296296302,0.1531803542673108,0.06018518518518512,0.12159822866344605,0.03240740740740744,0.09382045088566837,0.004629629629629539,0.026912238325281668,0.01388888888888884,0.003019323671497487,0.0,0.0,-0.01388888888888884,-0.0003019323671497043,0.0,0.016304347826086918,0.0,-0.02826086956521734,0.0092592592592593,-0.01900161030595804,-0.00462962962962965,-0.045390499194846945,0.0,-0.061956521739130466,-0.03240740740740744,-0.08675523349436398,-0.05555555555555558,-0.10881642512077305,-0.03240740740740744,-0.08512479871175516,-0.06018518518518523,-0.09822866344605485,0.03240740740740744,-0.011614331723027282,,,,,,,-0.14814814814814814
8074_2026-05-06,8074,2026-05-06,6000000.0,50.0,92.7,61.1,-0.3991370010787486,-0.19512008775950973,-0.16720604099244873,-0.0762969500833579,-0.12405609492988134,-0.036846792604299905,-0.1607335490830637,-0.07352424675748226,-0.18554476806903997,-0.13639043403098505,-0.24056094929881333,-0.22364763005991273,-0.22222222222222232,-0.1947380784590088,-0.21251348435814454,-0.17181580993953993,-0.133764832793959,-0.0904244522442762,-0.04746494066882423,-0.04746494066882423,0.0,0.0,-0.0884573894282632,-0.10061383763122311,-0.12405609492988134,-0.15682565095525136,-0.11434735706580379,-0.1397173359241548,-0.10463861920172601,-0.12895151560764584,-0.09924487594390508,-0.1230292311236092,-0.13807982740021574,-0.14759356947209734,-0.14239482200647247,-0.15772251756672617,-0.18446601941747587,-0.19292267903692628,-0.1909385113268609,-0.19410975868415492,-0.19848975188781015,-0.18263351510134085,-0.21467098166127296,-0.19247225016021596,,,,,,,-0.46062567421790723
