d0,code,d1,city_d0_buy_rank_top3,unicenter_city_d0_cobuy,fubon_chiayi_d0_cobuy,bonus_signal_count,d1_0915_close,has_d1_0915_close,addon_eligible,addon_ret_0915_to_close_pct
2018-01-09,9958,2018-01-10,True,False,False,1,,False,False,
2018-01-18,9958,2018-01-19,True,False,False,1,,False,False,
2018-03-02,6150,2018-03-05,False,False,False,0,,False,False,
2018-04-09,5519,2018-04-10,True,False,False,1,,False,False,
2018-04-19,1795,2018-04-20,False,False,False,0,,False,False,
2018-04-30,6186,2018-05-02,True,False,False,1,,False,False,
2018-05-02,4190,2018-05-03,True,False,False,1,,False,False,
2018-05-10,6533,2018-05-11,True,False,False,1,,False,False,
2018-05-29,4806,2018-05-30,True,False,False,1,,False,False,
2018-06-01,1760,2018-06-04,False,False,False,0,,False,False,
2018-06-06,2358,2018-06-07,False,True,False,1,,False,False,
2018-06-19,8043,2018-06-20,False,False,True,1,,False,False,
2018-08-09,6274,2018-08-10,True,False,False,1,,False,False,
2018-10-12,5274,2018-10-15,False,False,False,0,,False,False,
2018-11-13,5511,2018-11-14,True,False,False,1,,False,False,
2018-12-03,2360,2018-12-04,False,False,False,0,,False,False,
2018-12-12,8261,2018-12-13,True,False,False,1,34.45,True,True,1.161103047895517
2019-02-25,6245,2019-02-26,True,False,False,1,74.5,True,True,2.2818791946308763
2019-06-10,3653,2019-06-11,True,False,False,1,122.5,True,False,-0.40816326530612246
2019-11-01,3083,2019-11-04,True,False,False,1,81.6,True,True,0.0
2020-07-08,4108,2020-07-09,True,False,True,2,33.25,True,False,0.0
2020-07-29,4157,2020-07-30,True,False,False,1,,False,False,
2020-07-31,4192,2020-08-03,True,False,False,1,,False,False,
2020-08-28,6220,2020-08-31,False,False,False,0,29.35,True,False,1.0221465076661012
2020-10-26,6477,2020-10-27,True,False,True,2,,False,False,
2020-10-27,9105,2020-10-28,True,False,False,1,5.54,True,False,7.039711191335734
2020-11-10,2610,2020-11-11,False,True,False,1,8.96,True,True,-1.5624999999999862
2021-03-24,2204,2021-03-25,True,False,True,2,65.1,True,False,0.0
2021-03-30,5529,2021-03-31,True,False,False,1,16.6,True,False,-2.108433734939746
2021-04-07,4746,2021-04-08,False,False,False,0,62.7,True,False,4.465709728867631
2021-04-13,9105,2021-04-14,True,False,False,1,,False,False,
2021-04-22,3060,2021-04-23,True,False,True,2,26.75,True,False,0.0
2021-05-10,1417,2021-05-11,True,False,False,1,17.15,True,False,0.0
2021-05-28,3530,2021-05-31,True,False,False,1,123.5,True,False,3.2388663967611335
2021-06-16,3149,2021-06-17,False,False,False,0,39.2,True,False,-2.8061224489795773
2021-07-09,1795,2021-07-12,False,False,False,0,117.5,True,False,-3.829787234042553
2021-07-29,2609,2021-07-30,False,False,True,1,,False,False,
2021-08-13,1727,2021-08-16,True,False,False,1,16.2,True,False,-7.716049382716051
2021-08-18,1727,2021-08-19,True,False,False,1,19.4,True,False,-0.2577319587628903
2021-09-03,6457,2021-09-06,False,False,False,0,,False,False,
2021-10-28,3708,2021-10-29,True,False,True,2,101.5,True,True,2.7586206896551695
2021-11-15,6446,2021-11-16,True,False,False,1,130.0,True,False,0.0
2021-11-16,6446,2021-11-17,True,False,False,1,143.0,True,False,0.0
2021-11-18,1611,2021-11-19,True,False,True,2,15.15,True,True,0.6600660066006577
2021-11-30,6446,2021-12-01,True,False,False,1,,False,False,
2021-12-08,5383,2021-12-09,True,False,False,1,,False,False,
2021-12-20,6492,2021-12-21,True,False,False,1,126.0,True,True,5.952380952380952
2021-12-28,6446,2021-12-29,True,False,False,1,,False,False,
2022-06-21,1760,2022-06-22,True,False,False,1,97.3,True,True,0.616649537512841
2022-08-22,6854,2022-08-23,True,False,False,1,133.5,True,True,4.119850187265917
2022-12-07,5284,2022-12-08,True,False,False,1,62.6,True,True,-6.549520766773165
2022-12-13,4129,2022-12-14,False,False,False,0,45.75,True,False,-6.775956284153009
2023-01-30,3217,2023-01-31,True,False,False,1,91.5,True,True,1.2021857923497206
2023-04-20,4728,2023-04-21,False,False,False,0,,False,False,
2023-06-19,6415,2023-06-20,False,False,False,0,386.5,True,False,1.29366106080207
2023-06-26,4533,2023-06-27,True,False,False,1,,False,False,
2023-07-18,6579,2023-07-19,False,False,False,0,183.5,True,False,-2.17983651226158
2023-09-06,2358,2023-09-07,True,False,False,1,,False,False,
2023-10-03,3006,2023-10-04,False,True,False,1,88.9,True,False,2.4746906636670447
2023-10-03,6585,2023-10-04,False,True,False,1,127.0,True,False,2.3622047244094486
2023-10-04,3530,2023-10-05,True,False,False,1,87.4,True,False,-2.0594965675057173
2023-10-06,1339,2023-10-11,False,True,False,1,66.9,True,True,5.829596412556062
2023-10-06,6530,2023-10-11,True,True,True,3,41.9,True,True,7.0405727923627595
2023-10-12,6284,2023-10-13,False,True,False,1,73.5,True,False,7.0748299319727925
2023-10-12,8227,2023-10-13,False,True,False,1,209.0,True,False,-2.3923444976076556
2023-10-13,4503,2023-10-16,True,True,False,2,66.4,True,True,1.8072289156626546
2023-10-13,5215,2023-10-16,True,True,True,3,70.3,True,False,4.694167852062585
2023-10-13,6530,2023-10-16,True,False,False,1,48.05,True,False,0.0
2023-10-16,8054,2023-10-17,False,True,False,1,42.6,True,True,1.8779342723004795
2023-10-17,3588,2023-10-18,False,False,False,0,78.3,True,False,12.388250319284806
2023-10-17,6168,2023-10-18,False,True,False,1,27.9,True,False,3.584229390681004
2023-10-19,3122,2023-10-20,True,True,True,3,45.7,True,True,7.439824945295418
2023-10-20,5215,2023-10-23,True,True,False,2,73.2,True,True,-1.366120218579235
2023-10-23,8110,2023-10-24,True,True,False,2,16.35,True,False,0.0
2023-10-27,6216,2023-10-30,True,True,False,2,38.0,True,True,3.815789473684218
2023-10-31,8086,2023-11-01,True,True,False,2,113.0,True,False,0.4424778761061947
2023-11-02,8227,2023-11-03,False,True,False,1,210.0,True,True,3.8095238095238098
2023-11-03,6585,2023-11-06,True,False,False,1,,False,False,
2023-11-06,3548,2023-11-07,True,True,False,2,176.5,True,True,-1.9830028328611897
2023-11-07,2488,2023-11-08,False,False,False,0,40.65,True,False,2.337023370233692
2023-11-07,6117,2023-11-08,True,True,True,3,54.5,True,False,4.40366972477064
2023-11-08,3122,2023-11-09,False,True,True,2,50.3,True,True,6.063618290258444
2023-11-14,3276,2023-11-15,False,True,False,1,27.55,True,True,-0.9074410163339384
2023-11-15,2543,2023-11-16,True,True,False,2,29.95,True,False,-1.502504173622702
2023-11-15,6667,2023-11-16,False,True,False,1,93.4,True,True,0.4282655246252738
2023-11-16,2543,2023-11-17,True,False,False,1,32.15,True,False,-3.8880248833592534
2023-11-16,6243,2023-11-17,True,True,True,3,66.7,True,False,-1.0494752623688197
2023-11-17,2355,2023-11-20,False,True,False,1,48.65,True,False,-5.447070914696811
2023-11-17,2736,2023-11-20,False,True,False,1,32.5,True,True,2.1538461538461515
2023-11-17,2748,2023-11-20,False,False,False,0,85.9,True,False,2.4447031431897654
2023-11-20,3005,2023-11-21,False,True,False,1,102.0,True,False,-6.862745098039216
2023-11-20,6127,2023-11-21,True,True,False,2,29.55,True,True,0.6768189509306236
2023-11-20,6233,2023-11-21,False,True,False,1,32.7,True,False,6.116207951070347
2023-11-20,8467,2023-11-21,True,False,False,1,123.0,True,False,-6.097560975609756
2023-11-22,3362,2023-11-23,True,True,True,3,180.0,True,False,-1.3888888888888888
2023-11-22,3530,2023-11-23,True,True,False,2,110.5,True,False,-5.88235294117647
2023-11-22,3694,2023-11-23,True,True,False,2,47.15,True,False,4.559915164369032
2023-11-22,6243,2023-11-23,True,True,True,3,78.1,True,False,7.298335467349538
2023-11-23,3530,2023-11-24,True,True,True,3,117.5,True,True,-0.425531914893617
2023-11-23,8442,2023-11-24,True,True,False,2,104.0,True,True,-1.4423076923076923
2023-11-24,8086,2023-11-27,False,True,False,1,142.0,True,True,11.619718309859154
2023-11-28,3122,2023-11-29,False,False,True,1,53.2,True,True,0.7518796992481309
2023-11-28,4945,2023-11-29,True,True,False,2,,False,False,
2023-11-28,6243,2023-11-29,True,True,False,2,75.7,True,False,-2.774108322324959
2023-11-28,6276,2023-11-29,True,False,True,2,66.7,True,False,0.0
2023-11-28,9919,2023-11-29,False,False,False,0,25.3,True,False,-2.9644268774703555
2023-11-29,3373,2023-11-30,True,False,False,1,29.8,True,True,-3.020134228187915
2023-11-29,6117,2023-11-30,False,True,True,2,61.9,True,False,0.0
2023-11-30,1582,2023-12-01,False,True,False,1,89.6,True,True,-2.7901785714285716
2023-12-01,1325,2023-12-04,True,False,False,1,,False,False,
2023-12-01,2641,2023-12-04,True,True,False,2,22.1,True,False,0.0
2023-12-01,4909,2023-12-04,False,True,False,1,30.5,True,True,1.639344262295082
2023-12-04,2612,2023-12-05,False,True,False,1,59.6,True,True,5.369127516778528
2023-12-04,2617,2023-12-05,False,True,False,1,36.1,True,True,0.13850415512466555
2023-12-04,6143,2023-12-05,False,True,False,1,103.5,True,False,0.4830917874396135
2023-12-04,6194,2023-12-05,False,True,False,1,43.85,True,True,5.359179019384268
2023-12-06,3041,2023-12-07,False,True,True,2,34.65,True,False,6.204906204906202
2023-12-06,6233,2023-12-07,True,True,True,3,39.2,True,True,3.188775510204082
2023-12-06,6243,2023-12-07,False,True,True,2,77.4,True,True,5.42635658914729
2023-12-11,1591,2023-12-12,False,True,False,1,62.0,True,True,4.193548387096777
2023-12-11,5426,2023-12-12,False,True,False,1,21.4,True,True,-7.242990654205611
2023-12-12,6668,2023-12-13,True,False,False,1,52.3,True,True,0.5736137667303961
2023-12-13,2365,2023-12-14,False,True,True,2,15.45,True,False,5.177993527508084
2023-12-13,3390,2023-12-14,False,True,True,2,30.7,True,True,5.374592833876217
2023-12-13,6546,2023-12-14,True,False,False,1,112.0,True,True,-4.464285714285714
2023-12-13,8068,2023-12-14,True,False,False,1,44.8,True,True,3.3482142857142856
2023-12-19,1325,2023-12-20,True,True,False,2,44.9,True,False,0.0
2023-12-19,1732,2023-12-20,True,True,False,2,34.85,True,False,-1.2912482065997009
2023-12-20,1325,2023-12-21,True,True,False,2,49.35,True,False,17.223910840932117
2023-12-20,2331,2023-12-21,False,False,False,0,31.6,True,False,2.848101265822791
2023-12-22,2421,2023-12-25,False,True,False,1,109.0,True,True,3.669724770642202
2023-12-22,6117,2023-12-25,True,True,False,2,81.2,True,False,4.556650246305423
2023-12-22,8088,2023-12-25,False,True,False,1,48.75,True,True,7.6923076923076925
2023-12-26,1733,2023-12-27,False,True,False,1,42.75,True,True,8.070175438596499
2023-12-26,6668,2023-12-27,True,False,False,1,48.45,True,True,3.199174406604756
2024-01-02,3390,2024-01-03,True,True,False,2,33.8,True,False,5.473372781065082
2024-01-02,3402,2024-01-03,False,False,False,0,75.0,True,False,-1.2000000000000077
2024-01-02,5223,2024-01-03,True,True,False,2,48.35,True,False,2.792140641158224
2024-01-02,6108,2024-01-03,True,True,False,2,23.6,True,False,2.9661016949152663
2024-01-02,6113,2024-01-03,True,True,True,3,23.4,True,True,-3.632478632478639
2024-01-03,6140,2024-01-04,True,True,False,2,32.3,True,True,8.359133126934971
2024-01-03,9919,2024-01-04,False,True,True,2,31.1,True,False,4.823151125401929
2024-01-05,5225,2024-01-08,True,True,False,2,70.7,True,True,-0.5657708628005537
2024-01-08,4956,2024-01-09,True,True,True,3,20.55,True,True,-7.2992700729927
2024-01-10,6140,2024-01-11,True,True,True,3,41.3,True,True,-1.6949152542372952
2024-01-11,4909,2024-01-12,False,True,False,1,40.35,True,False,4.956629491945477
2024-01-17,5426,2024-01-18,False,True,False,1,34.8,True,True,-0.8620689655172536
2024-01-18,6155,2024-01-19,False,False,False,0,29.3,True,False,1.3651877133105874
2024-01-19,3623,2024-01-22,True,True,False,2,44.4,True,True,8.896396396396387
2024-01-22,3615,2024-01-23,False,False,False,0,29.15,True,False,-1.886792452830191
2024-01-22,6140,2024-01-23,True,False,True,2,51.7,True,False,4.642166344294014
2024-01-22,6237,2024-01-23,False,True,False,1,64.9,True,True,-9.86132511556239
2024-01-25,3623,2024-01-26,True,True,True,3,49.8,True,True,11.04417670682731
2024-01-30,3055,2024-01-31,True,False,True,2,62.3,True,False,1.605136436597111
2024-02-02,3268,2024-02-05,False,False,False,0,34.15,True,False,-2.1961932650073206
2024-02-15,2365,2024-02-16,True,False,True,2,23.45,True,False,-2.1321961620469083
2024-02-16,2369,2024-02-19,False,True,True,2,29.65,True,False,4.215851602023609
2024-02-16,5284,2024-02-19,False,True,False,1,175.0,True,True,0.0
2024-02-19,3312,2024-02-20,True,False,False,1,34.4,True,False,2.9069767441860463
2024-02-19,4945,2024-02-20,True,False,True,2,,False,False,
2024-02-20,1316,2024-02-21,True,True,True,3,18.05,True,True,-0.27700831024931144
2024-02-20,3055,2024-02-21,False,True,False,1,85.6,True,False,1.6355140186915789
2024-02-20,6164,2024-02-21,False,True,True,2,17.8,True,True,3.089887640449442
2024-02-20,6425,2024-02-21,False,False,False,0,68.6,True,False,0.0
2024-02-21,1809,2024-02-22,True,False,True,2,24.85,True,True,-3.4205231388329893
2024-02-21,3025,2024-02-22,False,True,True,2,75.6,True,False,-6.216931216931221
2024-02-21,3663,2024-02-22,True,True,True,3,48.65,True,True,1.3360739979444987
2024-02-21,4909,2024-02-22,False,False,True,1,57.4,True,False,2.4390243902439
2024-02-21,6126,2024-02-22,False,True,False,1,41.85,True,True,2.270011947431309
2024-02-22,8059,2024-02-23,False,True,False,1,42.4,True,False,7.429245283018865
2024-02-23,3312,2024-02-26,True,True,False,2,37.15,True,True,-5.787348586810225
2024-02-23,3354,2024-02-26,True,False,True,2,31.55,True,False,0.0
2024-02-23,4908,2024-02-26,False,True,False,1,129.0,True,False,5.813953488372093
2024-02-26,3588,2024-02-27,True,False,True,2,110.5,True,True,-1.3574660633484164
2024-02-26,6532,2024-02-27,True,True,False,2,84.7,True,True,3.1877213695395548
2024-02-29,5432,2024-03-01,False,False,True,1,159.5,True,False,2.507836990595611
2024-02-29,7402,2024-03-01,False,True,False,1,116.5,True,False,0.0
2024-02-29,8085,2024-03-01,False,False,False,0,77.2,True,False,4.404145077720215
2024-03-01,7402,2024-03-04,True,True,False,2,116.0,True,True,0.0
2024-03-04,2419,2024-03-05,True,False,False,1,34.3,True,False,1.311953352769667
2024-03-04,2485,2024-03-05,True,True,True,3,23.6,True,True,0.0
2024-03-04,3372,2024-03-05,False,False,False,0,25.0,True,False,2.4000000000000057
2024-03-04,4906,2024-03-05,True,True,False,2,39.9,True,True,1.0025062656641568
2024-03-04,5251,2024-03-05,True,False,True,2,27.7,True,True,-3.6101083032490973
2024-03-05,3689,2024-03-06,True,True,False,2,84.8,True,False,-4.363207547169814
2024-03-05,6163,2024-03-06,False,True,True,2,25.55,True,False,2.7397260273972575
2024-03-05,6275,2024-03-06,False,False,True,1,58.7,True,False,-4.599659284497437
2024-03-06,1815,2024-03-07,False,True,False,1,22.95,True,True,12.854030501089323
2024-03-08,3707,2024-03-11,True,False,False,1,65.5,True,False,1.9847328244274764
2024-03-11,2406,2024-03-12,False,True,False,1,19.15,True,True,1.5665796344647371
2024-03-12,1319,2024-03-13,False,True,False,1,107.0,True,True,-5.607476635514018
2024-03-12,6605,2024-03-13,True,False,False,1,169.0,True,True,-2.0710059171597637
2024-03-14,4714,2024-03-15,False,True,True,2,22.3,True,True,-1.5695067264573894
2024-03-21,2358,2024-03-22,True,False,True,2,,False,False,
2024-03-21,3708,2024-03-22,False,False,False,0,121.5,True,False,-4.938271604938271
2024-03-22,1609,2024-03-25,False,True,True,2,45.05,True,False,-0.7769145394006691
2024-03-25,2049,2024-03-26,False,False,False,0,275.0,True,False,6.0
2024-04-01,4909,2024-04-02,True,True,True,3,98.1,True,True,2.3445463812436262
2024-04-02,2374,2024-04-03,True,True,True,3,32.25,True,False,0.0
2024-04-02,3010,2024-04-03,False,False,False,0,129.0,True,False,0.7751937984496124
2024-04-02,5443,2024-04-03,True,True,True,3,71.0,True,False,4.366197183098584
2024-04-03,2363,2024-04-08,False,True,False,1,46.05,True,False,0.0
2024-04-08,2363,2024-04-09,False,True,False,1,49.35,True,True,-2.532928064842958
2024-04-08,3444,2024-04-09,True,False,False,1,110.0,True,True,2.272727272727273
2024-04-08,6578,2024-04-09,False,True,False,1,29.4,True,True,3.0612244897959138
2024-04-11,3402,2024-04-12,False,True,True,2,116.0,True,False,-0.43103448275862066
2024-04-12,3060,2024-04-15,False,True,False,1,29.7,True,True,1.0101010101010124
2024-04-15,5371,2024-04-16,False,True,False,1,104.5,True,True,7.368421052631581
2024-04-17,1609,2024-04-18,False,True,False,1,64.6,True,False,-0.15479876160992034
2024-04-17,1617,2024-04-18,True,True,True,3,27.25,True,False,0.0
2024-04-17,2374,2024-04-18,False,True,True,2,44.75,True,False,3.910614525139665
2024-04-19,1617,2024-04-22,True,True,False,2,32.3,True,False,16.40866873065015
2024-04-24,5230,2024-04-25,True,False,False,1,35.7,True,False,-1.5406162464985913
2024-04-24,5251,2024-04-25,True,True,True,3,40.35,True,False,7.0631970260223085
2024-04-24,6548,2024-04-25,False,True,False,1,41.5,True,False,-0.12048192771083653
2024-04-26,5531,2024-04-29,False,True,False,1,13.0,True,False,0.0
2024-04-26,6215,2024-04-29,True,True,True,3,49.15,True,False,8.748728382502538
2024-04-29,2527,2024-04-30,True,True,False,2,56.9,True,True,0.0
2024-04-30,6113,2024-05-02,True,False,True,2,36.15,True,True,0.41493775933609567
2024-05-02,5519,2024-05-03,False,True,False,1,49.7,True,True,-9.657947686116694
2024-05-02,5531,2024-05-03,False,True,True,2,13.8,True,False,-3.6231884057971016
2024-05-06,2524,2024-05-07,False,True,False,1,64.7,True,False,1.0819165378670832
2024-05-06,2546,2024-05-07,False,False,False,0,130.0,True,False,10.0
2024-05-07,6215,2024-05-08,True,False,True,2,49.55,True,False,7.467204843592324
2024-05-10,6283,2024-05-13,False,False,True,1,35.8,True,True,4.748603351955296
2024-05-14,3287,2024-05-15,True,True,False,2,49.85,True,True,-3.7111334002006044
2024-05-15,2374,2024-05-16,False,True,True,2,54.7,True,False,-2.925045703839112
2024-05-15,3030,2024-05-16,True,False,False,1,139.5,True,True,-1.0752688172043012
2024-05-15,4549,2024-05-16,False,False,False,0,134.5,True,False,0.0
2024-05-16,5392,2024-05-17,True,False,True,2,38.9,True,True,3.598971722365035
2024-05-21,2009,2024-05-22,True,True,True,3,61.9,True,True,3.3925686591276274
2024-05-22,2365,2024-05-23,True,True,True,3,28.15,True,False,0.0
2024-05-22,6117,2024-05-23,True,True,True,3,113.0,True,True,-7.079646017699115
2024-05-23,2486,2024-05-24,False,True,False,1,93.0,True,False,2.1505376344086025
2024-05-24,3047,2024-05-27,True,True,True,3,22.5,True,False,1.3333333333333366
2024-05-24,3450,2024-05-27,False,True,True,2,96.2,True,False,0.0
2024-05-27,2365,2024-05-28,False,True,False,1,36.1,True,False,0.0
2024-05-27,3202,2024-05-28,True,True,False,2,,False,False,
2024-05-27,3466,2024-05-28,True,False,False,1,86.0,True,True,0.0
2024-05-27,4543,2024-05-28,False,True,False,1,74.7,True,False,2.0080321285140563
2024-05-27,4952,2024-05-28,False,False,True,1,74.1,True,False,0.13495276653170624
2024-05-27,5426,2024-05-28,False,False,True,1,41.95,True,False,4.886769964243157
2024-05-28,2613,2024-05-29,False,False,False,0,41.25,True,False,-1.9393939393939323
2024-05-28,6117,2024-05-29,True,True,True,3,135.0,True,True,0.0
2024-05-29,4533,2024-05-30,False,False,False,0,48.3,True,False,4.037267080745333
2024-05-30,4549,2024-05-31,True,False,True,2,188.5,True,True,-1.0610079575596816
2024-05-31,2537,2024-06-03,False,True,False,1,19.9,True,True,-7.2864321608040346
2024-05-31,4566,2024-06-03,True,True,False,2,69.6,True,True,-7.614942528735649
2024-06-04,3088,2024-06-05,False,False,False,0,112.5,True,False,5.777777777777778
2024-06-07,9946,2024-06-11,False,True,False,1,46.95,True,True,5.005324813631526
2024-06-12,1617,2024-06-13,True,True,False,2,32.05,True,False,11.856474258970351
2024-06-12,6625,2024-06-13,True,False,False,1,101.5,True,True,3.1527093596059137
2024-06-13,1570,2024-06-14,True,True,False,2,37.8,True,False,4.62962962962963
2024-06-13,2392,2024-06-14,False,True,True,2,77.6,True,False,-2.7061855670103205
2024-06-13,4562,2024-06-14,True,True,True,3,44.9,True,False,-4.4543429844097995
2024-06-14,1618,2024-06-17,True,True,True,3,62.2,True,False,5.627009646302251
2024-06-14,4566,2024-06-17,True,False,False,1,93.4,True,False,-6.423982869379015
2024-06-17,3622,2024-06-18,True,True,False,2,83.7,True,True,0.8363201911589043
2024-06-17,4545,2024-06-18,True,False,False,1,57.0,True,False,0.0
2024-06-17,4562,2024-06-18,True,True,False,2,53.8,True,False,7.0631970260223
2024-06-17,4566,2024-06-18,True,False,False,1,98.2,True,True,8.859470468431775
2024-06-17,5490,2024-06-18,True,True,True,3,38.45,True,False,5.59167750325099
2024-06-17,6706,2024-06-18,True,False,True,2,109.0,True,False,-5.045871559633028
2024-06-17,6834,2024-06-18,False,False,True,1,47.0,True,True,-3.404255319148939
2024-06-17,8096,2024-06-18,True,True,True,3,43.95,True,True,-1.8202502844141002
2024-06-18,3062,2024-06-19,True,True,False,2,30.05,True,True,6.156405990016643
2024-06-18,3450,2024-06-19,True,True,True,3,109.5,True,False,0.45662100456621
2024-06-18,6706,2024-06-19,True,False,False,1,113.0,True,True,0.4424778761061947
2024-06-18,6834,2024-06-19,True,False,False,1,50.1,True,True,12.674650698602797
2024-06-20,3081,2024-06-21,True,False,True,2,169.5,True,False,-1.7699115044247788
2024-06-20,3450,2024-06-21,True,True,True,3,120.0,True,True,-1.6666666666666667
2024-06-20,3580,2024-06-21,True,False,False,1,76.3,True,False,-3.014416775884662
2024-06-20,4956,2024-06-21,True,True,False,2,27.7,True,True,0.18050541516245744
2024-06-20,6640,2024-06-21,True,False,False,1,,False,False,
2024-06-20,6890,2024-06-21,False,False,False,0,276.0,True,False,-5.615942028985507
2024-06-27,2406,2024-06-28,True,True,True,3,27.35,True,True,3.656307129798903
2024-06-27,4909,2024-06-28,False,True,False,1,118.0,True,True,1.2711864406779663
2024-07-01,6661,2024-07-02,True,False,False,1,35.1,True,False,0.0
2024-07-03,8416,2024-07-04,True,False,False,1,184.5,True,True,5.9620596205962055
2024-07-05,2349,2024-07-08,True,False,False,1,,False,False,
2024-07-08,2349,2024-07-09,True,False,False,1,,False,False,
2024-07-10,8092,2024-07-11,False,False,True,1,31.55,True,False,2.6941362916006386
2024-07-12,3379,2024-07-15,False,False,True,1,45.0,True,True,6.666666666666667
2024-07-16,6690,2024-07-17,True,False,False,1,264.0,True,True,0.0
2024-08-01,2524,2024-08-02,True,False,True,2,119.0,True,False,2.941176470588235
2024-08-09,6706,2024-08-12,True,False,False,1,114.5,True,False,-0.8733624454148471
2024-08-16,5484,2024-08-19,True,False,False,1,88.0,True,False,-2.272727272727273
2024-08-19,3535,2024-08-20,False,True,True,2,74.1,True,True,-8.502024291497992
2024-08-19,3663,2024-08-20,False,True,False,1,111.0,True,True,0.45045045045045046
2024-08-19,4909,2024-08-20,False,True,False,1,131.0,True,True,1.9083969465648856
2024-08-19,6156,2024-08-20,True,False,False,1,30.35,True,True,-6.589785831960461
2024-08-19,8071,2024-08-20,True,False,False,1,24.25,True,True,3.5051546391752635
2024-08-19,8089,2024-08-20,False,True,False,1,133.5,True,True,-5.992509363295881
2024-08-20,2349,2024-08-21,True,False,False,1,18.35,True,False,-0.8174386920980847
2024-08-27,4583,2024-08-28,False,False,False,0,479.0,True,False,2.1920668058455117
2024-09-13,4571,2024-09-16,True,True,False,2,178.5,True,True,1.680672268907563
2024-09-13,6609,2024-09-16,False,True,False,1,80.9,True,True,-11.124845488257106
2024-09-13,8249,2024-09-16,True,True,False,2,54.7,True,True,-0.9140767824497258
2024-09-16,2477,2024-09-18,False,True,False,1,34.7,True,True,4.322766570605187
2024-09-16,4542,2024-09-18,False,False,False,0,92.2,True,False,4.663774403470713
2024-09-16,5234,2024-09-18,False,False,False,0,234.5,True,False,-5.970149253731343
2024-09-16,5438,2024-09-18,True,False,False,1,25.85,True,True,-7.543520309477753
2024-09-16,8032,2024-09-18,True,True,False,2,45.7,True,False,-1.9693654266958391
2024-09-19,4542,2024-09-20,True,False,False,1,102.0,True,False,-3.9215686274509802
2024-09-20,1727,2024-09-23,False,True,True,2,41.05,True,True,1.9488428745432333
2024-09-20,2070,2024-09-23,True,False,True,2,121.5,True,False,4.526748971193416
2024-09-20,6405,2024-09-23,True,False,False,1,40.95,True,False,-4.029304029304026
2024-09-23,3013,2024-09-24,False,False,False,0,134.0,True,False,3.731343283582089
2024-09-23,3581,2024-09-24,True,False,False,1,65.2,True,False,5.828220858895712
2024-09-23,4903,2024-09-24,False,False,True,1,39.95,True,False,0.0
2024-09-24,3550,2024-09-25,True,True,False,2,31.55,True,False,10.618066561014269
2024-09-24,4903,2024-09-25,False,True,True,2,40.15,True,False,3.7359900373599007
2024-09-25,1540,2024-09-26,False,True,False,1,48.7,True,True,4.517453798767973
2024-09-25,2613,2024-09-26,True,False,False,1,39.4,True,False,1.5228426395939123
2024-09-25,3605,2024-09-26,False,False,True,1,61.2,True,True,5.228758169934645
2024-10-01,4903,2024-10-04,True,True,True,3,43.05,True,False,-5.574912891986076
2024-10-04,6118,2024-10-07,True,False,False,1,24.5,True,True,-2.4489795918367405
2024-10-04,8111,2024-10-07,False,True,True,2,44.8,True,False,0.22321428571427304
2024-10-07,3049,2024-10-08,False,False,False,0,12.55,True,False,2.3904382470119576
2024-10-07,3149,2024-10-08,True,True,True,3,38.9,True,True,1.4138817480719723
2024-10-07,4903,2024-10-08,True,True,False,2,49.85,True,True,2.4072216649949905
2024-10-07,6530,2024-10-08,True,True,True,3,83.6,True,True,2.9904306220095696
2024-10-08,6126,2024-10-09,True,False,False,1,33.7,True,True,2.9673590504451037
2024-10-09,4903,2024-10-11,True,True,False,2,55.1,True,True,3.085299455535395
2024-10-14,6609,2024-10-15,False,True,False,1,103.5,True,False,0.0
2024-10-14,6830,2024-10-15,True,False,False,1,216.0,True,True,0.4629629629629629
2024-10-16,4562,2024-10-17,False,True,True,2,69.4,True,False,-3.458213256484137
2024-10-16,8374,2024-10-17,False,True,False,1,145.5,True,False,2.7491408934707904
2024-10-17,1540,2024-10-18,False,True,True,2,47.2,True,False,4.23728813559322
2024-10-17,1595,2024-10-18,False,True,False,1,74.2,True,False,0.0
2024-10-17,4510,2024-10-18,False,True,False,1,47.55,True,True,-0.31545741324922333
2024-10-17,4542,2024-10-18,True,True,True,3,115.5,True,True,7.792207792207792
2024-10-18,4561,2024-10-21,True,False,True,2,76.3,True,True,-0.9174311926605542
2024-10-22,8249,2024-10-23,False,False,False,0,62.2,True,False,1.929260450160776
2024-10-23,3447,2024-10-24,True,False,False,1,67.0,True,False,-5.3731343283582005
2024-10-24,4545,2024-10-25,True,True,False,2,72.0,True,True,-0.27777777777778173
2024-10-25,2431,2024-10-28,False,False,True,1,19.25,True,False,0.0
2024-10-25,2477,2024-10-28,True,True,False,2,37.85,True,True,8.190224570673715
2024-10-29,2762,2024-10-30,True,False,False,1,117.0,True,False,5.982905982905983
2024-10-29,6821,2024-10-30,True,False,False,1,57.5,True,True,4.3478260869565215
2024-11-01,4903,2024-11-04,True,False,True,2,46.6,True,True,-9.871244635193136
2024-11-01,8047,2024-11-04,True,True,False,2,,False,False,
2024-11-04,6530,2024-11-05,False,True,True,2,84.3,True,True,2.372479240806643
2024-11-08,3303,2024-11-11,False,True,True,2,68.9,True,False,5.9506531204644535
2024-11-14,6405,2024-11-15,False,False,True,1,47.85,True,True,7.0010449320794175
2024-11-18,3511,2024-11-19,True,True,False,2,41.3,True,True,-9.322033898305088
2024-11-18,4577,2024-11-19,True,True,False,2,29.3,True,True,0.0
2024-11-18,6558,2024-11-19,True,False,False,1,31.25,True,False,0.0
2024-11-18,8104,2024-11-19,False,True,True,2,50.9,True,True,0.5893909626719002
2024-11-19,1569,2024-11-20,True,True,True,3,51.8,True,False,-4.826254826254826
2024-11-19,3323,2024-11-20,False,False,True,1,32.6,True,True,1.3803680981595179
2024-11-21,3323,2024-11-22,False,True,True,2,36.05,True,True,1.9417475728155225
2024-11-21,3548,2024-11-22,False,False,False,0,192.5,True,False,1.0389610389610389
2024-11-21,6870,2024-11-22,True,True,False,2,287.5,True,False,7.130434782608695
2024-11-22,3558,2024-11-25,False,True,False,1,210.0,True,False,1.4285714285714286
2024-11-25,3323,2024-11-26,True,True,True,3,38.95,True,True,-4.621309370988439
2024-11-25,3617,2024-11-26,False,False,False,0,355.5,True,False,-1.969057665260197
2024-11-25,6558,2024-11-26,True,True,True,3,35.4,True,True,-0.9887005649717555
2024-11-26,4562,2024-11-27,False,True,False,1,75.7,True,True,10.171730515191548
2024-11-27,2070,2024-11-28,True,True,True,3,95.2,True,True,10.084033613445387
2024-11-27,4510,2024-11-28,False,True,False,1,53.8,True,False,12.453531598513004
2024-11-27,8240,2024-11-28,False,False,False,0,51.0,True,False,6.7647058823529465
2024-12-04,1595,2024-12-05,True,False,False,1,58.6,True,False,-3.2423208191126256
2024-12-04,2375,2024-12-05,False,True,False,1,87.2,True,False,5.5045871559633
2024-12-04,4977,2024-12-05,False,True,False,1,142.0,True,True,-4.577464788732395
2024-12-05,6588,2024-12-06,True,False,False,1,52.1,True,False,0.0
2024-12-06,4953,2024-12-09,False,False,False,0,134.0,True,False,-4.104477611940299
2024-12-06,6214,2024-12-09,True,True,False,2,153.0,True,True,-7.18954248366013
2024-12-09,1449,2024-12-10,False,True,False,1,28.65,True,True,8.376963350785335
2024-12-12,4540,2024-12-13,False,True,False,1,53.0,True,False,0.9433962264150944
2024-12-16,3041,2024-12-17,False,False,False,0,39.35,True,False,-2.0330368487928774
2024-12-17,4540,2024-12-18,False,False,True,1,58.1,True,True,0.5163511187607647
2024-12-18,3323,2024-12-19,False,True,True,2,35.3,True,True,-0.5665722379603481
2024-12-18,4571,2024-12-19,False,False,False,0,222.5,True,False,-10.337078651685392
2024-12-18,6558,2024-12-19,True,True,True,3,37.95,True,False,-0.39525691699604365
2024-12-20,6215,2024-12-23,False,True,False,1,87.6,True,False,3.5388127853881213
2024-12-24,2233,2024-12-25,False,True,False,1,261.0,True,True,-1.532567049808429
2024-12-24,4583,2024-12-25,False,False,False,0,936.0,True,False,-0.641025641025641
2024-12-25,4549,2024-12-26,True,False,False,1,219.5,True,False,4.328018223234624
2024-12-30,4549,2024-12-31,False,True,False,1,228.0,True,True,2.631578947368421
2024-12-30,8033,2024-12-31,False,True,False,1,73.8,True,True,5.284552845528443
2024-12-31,2630,2025-01-02,False,True,False,1,40.25,True,True,2.732919254658389
2024-12-31,8234,2025-01-02,True,True,False,2,66.3,True,False,1.6591251885369447
2025-01-02,6245,2025-01-03,False,True,False,1,104.5,True,True,5.550239234449758
2025-01-03,6215,2025-01-06,False,True,False,1,109.5,True,False,4.10958904109589
2025-01-03,6928,2025-01-06,False,True,False,1,82.4,True,True,6.310679611650488
2025-01-16,3294,2025-01-17,False,True,True,2,41.55,True,False,3.489771359807451
2025-02-04,6112,2025-02-05,True,True,False,2,70.5,True,False,3.120567375886529
2025-02-06,6657,2025-02-07,True,False,False,1,58.5,True,False,2.564102564102564
2025-02-19,4916,2025-02-20,False,True,False,1,48.7,True,True,3.9014373716632558
2025-02-19,6140,2025-02-20,True,True,True,3,37.25,True,True,2.9530201342281917
2025-02-20,3022,2025-02-21,True,True,False,2,89.1,True,True,-12.233445566778906
2025-02-20,4722,2025-02-21,True,True,False,2,68.8,True,True,6.249999999999996
2025-02-20,4770,2025-02-21,False,True,False,1,350.5,True,True,2.710413694721826
2025-02-20,6577,2025-02-21,True,False,False,1,116.0,True,True,-0.43103448275862066
2025-02-21,3213,2025-02-24,False,False,False,0,124.0,True,False,-6.048387096774194
2025-02-21,3379,2025-02-24,True,True,True,3,69.0,True,False,-6.376811594202906
2025-02-26,3577,2025-02-27,True,False,False,1,79.1,True,True,2.7812895069532098
2025-02-26,3694,2025-02-27,False,False,False,0,70.3,True,False,0.7112375533428165
2025-03-04,2468,2025-03-05,False,False,True,1,38.6,True,True,-1.0362694300518096
2025-03-04,4770,2025-03-05,True,False,False,1,385.5,True,False,1.8158236057068744
2025-03-06,5439,2025-03-07,False,False,True,1,159.5,True,False,7.836990595611286
2025-03-12,6658,2025-03-13,False,True,False,1,85.6,True,True,4.439252336448595
2025-03-17,6117,2025-03-18,True,False,False,1,115.0,True,False,-3.0434782608695654
2025-03-18,6117,2025-03-19,True,True,False,2,117.0,True,True,5.128205128205128
2025-03-18,6558,2025-03-19,False,True,False,1,63.0,True,True,3.3333333333333353
2025-03-19,7402,2025-03-20,False,False,False,0,101.5,True,False,3.0541871921182207
2025-03-19,8222,2025-03-20,False,True,False,1,44.6,True,True,-1.9058295964125591
2025-03-20,2429,2025-03-21,True,True,False,2,66.1,True,True,2.571860816944007
2025-03-20,4303,2025-03-21,False,False,False,0,93.6,True,False,2.777777777777772
2025-03-20,4949,2025-03-21,True,True,False,2,35.35,True,False,-2.2630834512022546
2025-03-21,2468,2025-03-24,False,True,False,1,53.9,True,False,0.0
2025-03-21,4949,2025-03-24,True,False,True,2,39.75,True,False,0.0
2025-03-24,1584,2025-03-25,True,True,False,2,31.3,True,True,3.1948881789137378
2025-03-24,6148,2025-03-25,False,True,False,1,54.8,True,False,-2.3722627737226354
2025-03-24,7402,2025-03-25,False,False,False,0,107.0,True,False,3.2710280373831773
2025-03-24,8222,2025-03-25,True,False,False,1,50.7,True,False,4.832347140039453
2025-03-24,8383,2025-03-25,False,True,False,1,62.4,True,False,8.012820512820513
2025-03-25,5202,2025-03-26,False,False,False,0,31.5,True,False,-1.2698412698412653
2025-03-26,5202,2025-03-27,False,True,False,1,32.85,True,False,11.415525114155251
2025-03-28,6753,2025-03-31,True,True,False,2,120.0,True,True,5.833333333333333
2025-03-28,7402,2025-03-31,False,False,False,0,104.0,True,False,6.057692307692305
2025-03-28,8222,2025-03-31,True,False,True,2,,False,False,
2025-04-01,1584,2025-04-02,False,True,False,1,31.8,True,False,0.9433962264150966
2025-04-01,2630,2025-04-02,True,True,False,2,39.4,True,True,1.5228426395939123
2025-04-01,3434,2025-04-02,True,False,False,1,47.95,True,False,0.0
2025-04-01,4541,2025-04-02,False,False,False,0,55.8,True,False,3.4050179211469507
2025-04-10,1584,2025-04-11,True,True,False,2,26.45,True,True,-5.103969754253314
2025-04-10,2002,2025-04-11,False,True,False,1,20.4,True,True,-0.2450980392156898
2025-04-10,2371,2025-04-11,True,True,False,2,35.1,True,False,-9.401709401709393
2025-04-10,2603,2025-04-11,False,True,False,1,190.5,True,False,-8.398950131233596
2025-04-10,2609,2025-04-11,False,True,False,1,63.8,True,False,-7.2100313479623965
2025-04-10,2615,2025-04-11,True,True,False,2,69.5,True,False,-6.33093525179857
2025-04-10,2618,2025-04-11,False,True,False,1,37.6,True,False,-7.712765957446805
2025-04-10,2885,2025-04-11,False,True,False,1,29.3,True,False,-3.4129692832764507
2025-04-10,5009,2025-04-11,True,False,False,1,38.55,True,False,-3.24254215304799
2025-04-15,3454,2025-04-16,True,False,False,1,,False,False,
2025-04-15,4576,2025-04-16,True,False,False,1,107.0,True,True,2.336448598130841
2025-04-15,5388,2025-04-16,True,False,False,1,101.0,True,False,3.6633663366336657
2025-04-15,6104,2025-04-16,False,False,False,0,132.5,True,False,5.283018867924529
2025-04-15,6285,2025-04-16,False,True,False,1,126.0,True,False,3.571428571428571
2025-04-15,8072,2025-04-16,True,False,False,1,42.8,True,False,12.383177570093453
2025-04-15,8111,2025-04-16,False,False,False,0,43.0,True,False,3.488372093023256
2025-04-15,8155,2025-04-16,True,False,False,1,118.5,True,True,4.641350210970464
2025-04-16,7402,2025-04-17,True,False,False,1,90.5,True,True,6.298342541436468
2025-04-17,2228,2025-04-18,True,False,False,1,93.9,True,True,-0.6389776357827415
2025-04-17,3287,2025-04-18,False,True,False,1,43.1,True,False,0.0
2025-04-18,3305,2025-04-21,True,False,False,1,56.7,True,True,5.467372134038803
2025-04-18,6916,2025-04-21,True,False,False,1,27.3,True,False,0.0
2025-04-23,5201,2025-04-24,False,True,False,1,46.6,True,False,-2.46781115879828
2025-04-23,6104,2025-04-24,False,False,False,0,129.5,True,False,-1.5444015444015444
2025-04-23,8064,2025-04-24,False,False,False,0,38.65,True,False,1.1642949547218517
2025-04-28,6148,2025-04-29,True,False,True,2,76.0,True,True,3.0263157894736805
2025-04-28,6752,2025-04-29,True,False,True,2,178.0,True,True,-4.213483146067416
2025-04-29,1597,2025-04-30,True,False,False,1,86.9,True,False,-1.26582278481012
2025-04-30,1597,2025-05-02,False,False,False,0,90.4,True,False,3.761061946902661
2025-04-30,3379,2025-05-02,True,False,True,2,67.1,True,False,0.0
2025-04-30,4510,2025-05-02,True,False,True,2,55.3,True,False,5.605786618444837
2025-04-30,6215,2025-05-02,True,False,False,1,97.9,True,True,1.7364657814096043
2025-05-02,3379,2025-05-05,True,False,True,2,62.5,True,True,3.3600000000000025
2025-05-02,4303,2025-05-05,True,True,False,2,82.6,True,True,-6.053268765133173
2025-05-02,4931,2025-05-05,True,False,True,2,94.3,True,True,6.150583244962881
2025-05-06,3434,2025-05-07,False,True,True,2,79.4,True,False,10.957178841309826
2025-05-06,4541,2025-05-07,False,True,False,1,52.5,True,True,4.190476190476196
2025-05-06,8222,2025-05-07,True,True,False,2,69.5,True,False,6.474820143884892
2025-05-09,3379,2025-05-12,True,False,True,2,70.8,True,False,0.0
2025-05-09,6658,2025-05-12,True,False,False,1,72.0,True,False,0.0
2025-05-13,8088,2025-05-14,False,True,False,1,35.0,True,True,-3.714285714285706
2025-05-15,6591,2025-05-16,True,False,False,1,70.2,True,True,-3.9886039886039844
2025-05-20,3434,2025-05-21,False,False,False,0,62.3,True,False,-1.7656500802568242
2025-05-20,5251,2025-05-21,False,True,False,1,51.8,True,False,1.1583011583011473
2025-05-20,8072,2025-05-21,False,True,True,2,49.9,True,True,1.4028056112224363
2025-05-21,3004,2025-05-22,True,True,False,2,148.0,True,True,1.0135135135135136
2025-05-23,3297,2025-05-26,True,True,False,2,43.55,True,False,0.0
2025-05-23,4949,2025-05-26,False,True,False,1,62.9,True,True,2.861685214626387
2025-05-27,1711,2025-05-28,True,False,False,1,20.25,True,True,8.641975308641975
2025-05-27,3004,2025-05-28,True,False,False,1,158.5,True,True,3.4700315457413247
2025-05-28,3219,2025-05-29,True,True,True,3,60.1,True,True,3.4941763727121486
2025-06-03,5251,2025-06-04,False,True,True,2,55.1,True,False,5.26315789473684
2025-06-03,8072,2025-06-04,True,True,False,2,53.3,True,True,4.878048780487795
2025-06-06,3167,2025-06-09,False,False,False,0,111.5,True,False,-8.520179372197308
2025-06-06,6747,2025-06-09,False,False,False,0,,False,False,
2025-06-09,6449,2025-06-10,True,False,False,1,112.0,True,True,3.125
2025-06-11,4743,2025-06-12,True,False,False,1,69.6,True,False,0.0
2025-06-16,1616,2025-06-17,False,False,True,1,41.25,True,False,0.0
2025-06-16,4991,2025-06-17,True,True,False,2,101.0,True,True,3.5643564356435586
2025-06-18,3548,2025-06-19,False,False,False,0,134.5,True,False,0.0
2025-06-19,4909,2025-06-20,False,False,False,0,73.9,True,False,2.706359945872801
2025-06-20,3040,2025-06-23,False,False,False,0,58.1,True,False,-4.475043029259899
2025-06-20,3297,2025-06-23,True,True,True,3,48.35,True,False,0.6204756980351691
2025-06-20,6589,2025-06-23,True,False,False,1,63.7,True,True,1.7268445839874433
2025-06-23,6574,2025-06-24,True,False,False,1,98.2,True,True,3.3604887983706693
2025-06-24,2332,2025-06-25,True,False,True,2,16.95,True,True,-0.29498525073746734
2025-06-24,4510,2025-06-25,False,True,False,1,52.5,True,True,3.0476190476190506
2025-06-24,5498,2025-06-25,True,False,False,1,11.15,True,True,7.623318385650221
2025-06-24,6138,2025-06-25,True,False,False,1,178.0,True,True,-1.9662921348314606
2025-06-24,8072,2025-06-25,True,True,False,2,53.3,True,True,3.9399624765478323
2025-06-25,6593,2025-06-26,True,False,False,1,79.1,True,False,5.056890012642225
2025-06-26,3297,2025-06-27,False,True,True,2,52.0,True,True,-6.3461538461538405
2025-06-26,3707,2025-06-27,True,False,False,1,37.35,True,True,1.4725568942436527
2025-06-26,8234,2025-06-27,False,False,True,1,84.4,True,True,3.7914691943127994
2025-06-26,8478,2025-06-27,True,False,False,1,196.5,True,False,3.816793893129771
2025-06-27,3128,2025-06-30,True,True,False,2,45.1,True,False,0.0
2025-06-27,3535,2025-06-30,False,True,True,2,49.65,True,False,-4.330312185297077
2025-06-27,8499,2025-06-30,True,False,False,1,,False,False,
2025-06-30,3535,2025-07-01,False,True,False,1,53.3,True,True,0.9380863039399625
2025-06-30,3577,2025-07-01,True,False,False,1,72.1,True,True,-4.8543689320388355
2025-07-01,6112,2025-07-02,True,True,False,2,58.6,True,False,4.436860068259388
2025-07-01,6217,2025-07-02,True,False,False,1,28.95,True,True,2.417962003454229
2025-07-02,3167,2025-07-03,True,True,False,2,142.5,True,False,4.56140350877193
2025-07-02,6625,2025-07-03,True,True,True,3,106.0,True,False,3.7735849056603774
2025-07-02,8478,2025-07-03,True,False,True,2,228.5,True,False,0.0
2025-07-04,4991,2025-07-07,False,True,False,1,139.0,True,True,1.4388489208633095
2025-07-08,6140,2025-07-09,False,False,True,1,43.85,True,True,1.0262257696693338
2025-07-09,2363,2025-07-10,True,False,False,1,52.8,True,False,-1.1363636363636391
2025-07-09,4971,2025-07-10,True,True,False,2,156.0,True,True,-6.089743589743589
2025-07-11,3289,2025-07-14,False,False,False,0,124.5,True,False,2.0080321285140563
2025-07-11,3535,2025-07-14,False,True,False,1,61.9,True,True,-3.231017770597738
2025-07-11,6667,2025-07-14,True,False,False,1,252.5,True,False,2.7722772277227725
2025-07-15,1815,2025-07-16,False,True,False,1,42.55,True,True,-4.5828437132785025
2025-07-15,2465,2025-07-16,True,False,False,1,66.9,True,True,5.979073243647245
2025-07-16,2498,2025-07-17,True,False,False,1,41.9,True,True,-1.9093078758949982
2025-07-16,3508,2025-07-17,True,True,False,2,24.5,True,True,3.061224489795918
2025-07-18,3376,2025-07-21,True,True,False,2,243.0,True,False,2.4691358024691357
2025-07-18,8374,2025-07-21,True,True,False,2,102.5,True,False,1.4634146341463417
2025-07-21,3044,2025-07-22,False,True,False,1,275.5,True,False,3.2667876588021776
2025-07-21,6462,2025-07-22,True,True,False,2,145.5,True,True,5.154639175257731
2025-07-21,6994,2025-07-22,False,False,False,0,110.0,True,False,7.2727272727272725
2025-07-23,2365,2025-07-24,False,True,True,2,44.75,True,False,2.1229050279329673
2025-07-23,4721,2025-07-24,True,False,True,2,88.6,True,False,-1.4672686230248435
2025-07-23,9921,2025-07-24,True,False,False,1,117.5,True,True,-1.702127659574468
2025-07-24,6928,2025-07-25,True,False,False,1,53.3,True,False,-5.253283302063798
2025-07-25,7642,2025-07-28,True,False,False,1,116.5,True,False,5.579399141630901
2025-07-30,5438,2025-07-31,True,False,False,1,22.7,True,True,-1.1013215859030838
2025-07-31,1802,2025-08-01,False,False,False,0,25.1,True,False,0.3984063745019977
2025-08-01,3306,2025-08-04,True,False,False,1,45.25,True,False,-1.6574585635359116
2025-08-04,1732,2025-08-05,True,False,False,1,30.35,True,True,3.130148270181228
2025-08-04,6234,2025-08-05,True,True,True,3,34.95,True,False,9.298998569384844
2025-08-04,8472,2025-08-05,True,False,False,1,73.1,True,False,0.0
2025-08-05,3306,2025-08-06,True,True,False,2,51.7,True,True,0.0
2025-08-05,6270,2025-08-06,True,False,False,1,24.3,True,False,2.4691358024691414
2025-08-05,6840,2025-08-06,True,False,False,1,61.6,True,False,2.922077922077929
2025-08-06,3219,2025-08-07,True,False,False,1,50.0,True,True,2.700000000000003
2025-08-06,3715,2025-08-07,False,True,False,1,94.4,True,False,2.542372881355938
2025-08-06,6727,2025-08-07,True,False,False,1,108.0,True,False,0.0
2025-08-07,5443,2025-08-08,False,True,True,2,102.5,True,False,4.878048780487805
2025-08-07,5536,2025-08-08,True,False,False,1,586.0,True,False,-0.17064846416382254
2025-08-07,6196,2025-08-08,True,True,False,2,223.0,True,True,1.7937219730941705
2025-08-08,2228,2025-08-11,False,True,False,1,114.0,True,True,1.3157894736842104
2025-08-08,4999,2025-08-11,True,False,False,1,28.85,True,False,-2.9462738301559717
2025-08-08,6190,2025-08-11,False,True,False,1,48.8,True,True,-0.20491803278688817
2025-08-08,8358,2025-08-11,False,True,False,1,130.5,True,False,-0.38314176245210724
2025-08-11,1815,2025-08-12,False,True,False,1,63.9,True,False,-5.633802816901411
2025-08-11,3219,2025-08-12,True,False,True,2,60.4,True,False,0.4966887417218496
2025-08-11,4722,2025-08-12,False,True,False,1,85.9,True,False,0.0
2025-08-11,4958,2025-08-12,False,True,False,1,140.0,True,True,-5.0
2025-08-12,3066,2025-08-13,True,False,False,1,18.8,True,True,2.6595744680851063
2025-08-12,3163,2025-08-13,False,True,False,1,189.0,True,False,3.1746031746031744
2025-08-12,3297,2025-08-13,True,False,True,2,64.9,True,False,4.622496147919887
2025-08-12,3605,2025-08-13,False,True,True,2,80.0,True,False,5.3749999999999964
2025-08-12,4722,2025-08-13,False,True,False,1,90.8,True,False,7.268722466960346
2025-08-13,1409,2025-08-14,True,False,False,1,14.7,True,False,0.3401360544217614
2025-08-14,3305,2025-08-15,True,True,False,2,93.7,True,False,5.869797225186766
2025-08-14,3363,2025-08-15,False,True,False,1,342.0,True,False,-4.5321637426900585
2025-08-14,6184,2025-08-15,True,False,False,1,61.7,True,False,12.64181523500811
2025-08-14,6530,2025-08-15,True,True,False,2,68.5,True,False,0.0
2025-08-15,5234,2025-08-18,False,True,False,1,305.0,True,True,-8.19672131147541
2025-08-15,6118,2025-08-18,True,False,False,1,,False,False,
2025-08-18,3441,2025-08-19,True,False,False,1,36.5,True,True,2.73972602739726
2025-08-18,6213,2025-08-19,True,True,False,2,,False,False,
2025-08-20,2401,2025-08-21,True,False,False,1,24.3,True,False,-3.4979423868312667
2025-08-20,6140,2025-08-21,False,True,False,1,45.55,True,False,7.025246981339178
2025-08-21,3707,2025-08-22,True,False,False,1,45.6,True,True,1.4254385964912248
2025-08-21,6148,2025-08-22,True,True,False,2,,False,False,
2025-08-21,8358,2025-08-22,True,False,False,1,,False,False,
2025-08-22,2352,2025-08-25,False,False,False,0,32.65,True,False,-2.143950995405828
2025-08-22,3708,2025-08-25,False,True,False,1,152.0,True,True,6.907894736842106
2025-08-25,1504,2025-08-26,True,True,False,2,72.7,True,True,4.126547455295736
2025-08-25,2305,2025-08-26,True,False,False,1,13.1,True,True,8.396946564885493
2025-08-25,2359,2025-08-26,False,False,True,1,157.5,True,False,-5.714285714285714
2025-08-25,2365,2025-08-26,False,True,False,1,46.3,True,True,-6.0475161987041135
2025-08-25,8234,2025-08-26,False,True,False,1,115.5,True,False,0.0
2025-08-25,8249,2025-08-26,False,True,False,1,,False,False,
2025-08-25,8358,2025-08-26,False,False,False,0,,False,False,
2025-08-26,5289,2025-08-27,True,False,False,1,,False,False,
2025-08-26,6584,2025-08-27,False,True,False,1,238.5,True,False,-7.337526205450734
2025-08-26,6666,2025-08-27,True,False,False,1,63.4,True,True,8.044164037854893
2025-08-26,6791,2025-08-27,True,False,False,1,150.5,True,False,2.3255813953488373
2025-08-27,6118,2025-08-28,True,False,True,2,25.55,True,False,0.1956947162426642
2025-08-28,2208,2025-08-29,False,True,False,1,20.4,True,True,-0.9803921568627592
2025-08-28,2634,2025-08-29,False,True,False,1,62.6,True,True,0.31948881789137834
2025-08-28,7402,2025-08-29,False,True,False,1,130.0,True,True,0.7692307692307693
2025-08-29,4971,2025-09-01,False,False,True,1,184.5,True,True,3.2520325203252036
2025-08-29,6510,2025-09-01,False,False,False,0,1185.0,True,False,-2.9535864978902953
2025-08-29,6735,2025-09-01,True,False,False,1,61.3,True,False,-2.7732463295269216
2025-08-29,6840,2025-09-01,True,False,False,1,72.6,True,False,9.366391184573
2025-08-29,8183,2025-09-01,True,False,False,1,32.9,True,True,3.191489361702119
2025-09-01,2243,2025-09-02,True,False,False,1,15.6,True,False,0.0
2025-09-01,6906,2025-09-02,True,False,False,1,127.5,True,True,3.1372549019607843
2025-09-01,8032,2025-09-02,True,False,True,2,50.3,True,False,11.133200795228618
2025-09-02,2243,2025-09-03,True,False,False,1,14.05,True,True,0.0
2025-09-02,6237,2025-09-03,True,False,False,1,51.0,True,True,0.9803921568627451
2025-09-03,1810,2025-09-04,True,True,True,3,24.2,True,True,4.132231404958678
2025-09-03,2419,2025-09-04,True,False,False,1,25.85,True,True,4.061895551257256
2025-09-03,3707,2025-09-04,True,True,False,2,53.3,True,False,-1.6885553470919432
2025-09-03,5438,2025-09-04,True,False,True,2,29.9,True,False,0.0
2025-09-04,1436,2025-09-05,True,False,False,1,79.0,True,True,-3.1645569620253164
2025-09-04,1442,2025-09-05,True,False,False,1,55.9,True,True,-1.2522361359570713
2025-09-04,1605,2025-09-05,False,False,True,1,22.8,True,True,-2.1929824561403506
2025-09-04,2208,2025-09-05,False,False,False,0,23.95,True,False,-3.757828810020886
2025-09-04,2348,2025-09-05,True,False,False,1,107.0,True,False,3.2710280373831773
2025-09-04,2520,2025-09-05,False,True,False,1,39.85,True,True,-0.8782936010037677
2025-09-04,2545,2025-09-05,False,True,False,1,44.15,True,True,2.491506228765575
2025-09-04,3707,2025-09-05,False,True,True,2,55.7,True,False,5.745062836624781
2025-09-04,4113,2025-09-05,True,True,False,2,24.9,True,True,4.216867469879507
2025-09-04,5508,2025-09-05,True,False,False,1,88.4,True,True,-0.9049773755656076
2025-09-04,5534,2025-09-05,True,False,False,1,84.0,True,True,-1.1904761904761905
2025-09-05,2323,2025-09-08,False,True,False,1,9.6,True,True,3.541666666666665
2025-09-05,2344,2025-09-08,False,True,False,1,24.8,True,False,0.8064516129032229
2025-09-05,3535,2025-09-08,False,False,True,1,71.4,True,True,0.0
2025-09-05,3543,2025-09-08,True,False,False,1,34.0,True,True,-2.941176470588235
2025-09-05,8299,2025-09-08,False,True,False,1,554.0,True,False,2.707581227436823
2025-09-08,6492,2025-09-09,True,False,False,1,40.9,True,True,5.378973105134464
2025-09-08,6739,2025-09-09,False,False,False,0,682.0,True,False,0.7331378299120235
2025-09-08,8088,2025-09-09,False,True,False,1,37.8,True,True,-3.8359788359788443
2025-09-09,4577,2025-09-10,True,False,False,1,37.3,True,False,-0.5361930294906243
2025-09-09,5289,2025-09-10,True,True,False,2,350.5,True,False,1.8544935805991443
2025-09-10,2468,2025-09-11,True,False,True,2,58.3,True,True,1.886792452830179
2025-09-10,6937,2025-09-11,False,True,False,1,267.5,True,True,2.2429906542056073
2025-09-11,1256,2025-09-12,True,False,False,1,190.0,True,False,7.894736842105263
2025-09-11,2337,2025-09-12,False,False,False,0,23.6,True,False,4.23728813559322
2025-09-11,6161,2025-09-12,True,False,False,1,49.2,True,False,7.926829268292694
2025-09-11,6235,2025-09-12,True,False,False,1,65.4,True,True,-6.1162079510703355
2025-09-12,2413,2025-09-15,True,False,False,1,22.15,True,True,1.354401805869062
2025-09-15,2340,2025-09-16,False,False,False,0,27.85,True,False,-1.2567324955116619
2025-09-15,5471,2025-09-16,True,False,False,1,41.0,True,True,-1.097560975609763
2025-09-15,6182,2025-09-16,True,False,True,2,31.5,True,False,-1.4285714285714262
2025-09-16,6488,2025-09-17,False,True,False,1,464.0,True,True,3.8793103448275863
2025-09-16,8046,2025-09-17,True,True,False,2,194.0,True,True,0.25773195876288657
2025-09-17,2329,2025-09-18,False,False,False,0,49.05,True,False,4.994903160040766
2025-09-17,2444,2025-09-18,True,False,False,1,13.15,True,True,6.463878326996195
2025-09-17,8042,2025-09-18,True,False,False,1,36.0,True,True,-9.722222222222223
2025-09-18,2344,2025-09-19,False,True,False,1,33.5,True,True,0.0
2025-09-18,6485,2025-09-19,True,False,False,1,76.2,True,True,6.299212598425193
2025-09-19,6609,2025-09-22,True,False,False,1,43.85,True,True,3.876852907639687
2025-09-19,8043,2025-09-22,True,False,False,1,35.1,True,False,0.0
2025-09-22,2492,2025-09-23,False,True,True,2,102.0,True,True,2.058823529411759
2025-09-22,3260,2025-09-23,True,True,False,2,151.5,True,True,1.9801980198019802
2025-09-22,4722,2025-09-23,False,True,False,1,175.0,True,True,5.142857142857142
2025-09-22,6449,2025-09-23,False,True,False,1,203.0,True,True,2.2167487684729066
2025-09-22,6928,2025-09-23,True,False,False,1,66.4,True,True,5.120481927710852
2025-09-23,6739,2025-09-24,True,False,False,1,865.0,True,True,-2.7745664739884393
2025-09-24,1784,2025-09-25,True,False,False,1,86.0,True,True,5.46511627906977
2025-09-24,2324,2025-09-25,False,True,False,1,36.2,True,False,-0.552486187845292
2025-09-24,2375,2025-09-25,False,True,True,2,84.1,True,False,7.015457788347196
2025-09-24,6173,2025-09-25,True,True,False,2,53.8,True,False,7.527881040892188
2025-09-25,2009,2025-09-26,False,False,False,0,40.7,True,False,-3.071253071253071
2025-09-25,3049,2025-09-26,True,False,True,2,6.88,True,True,3.197674418604648
2025-09-25,8021,2025-09-26,False,False,False,0,96.9,True,False,4.850361197110425
2025-09-26,1795,2025-09-30,False,True,True,2,270.0,True,False,3.888888888888889
2025-09-26,6173,2025-09-30,True,True,False,2,52.8,True,True,0.0
2025-09-26,8043,2025-09-30,True,False,False,1,39.95,True,True,4.130162703379238
2025-09-30,3653,2025-10-01,False,True,True,2,2420.0,True,True,-1.0330578512396695
2025-10-01,6770,2025-10-02,True,True,False,2,29.1,True,True,4.81099656357389
2025-10-02,3581,2025-10-03,True,False,False,1,,False,False,
2025-10-03,3581,2025-10-07,True,False,False,1,64.3,True,True,-2.643856920684297
2025-10-03,6235,2025-10-07,True,False,False,1,75.4,True,False,2.5198938992042517
2025-10-03,6449,2025-10-07,False,True,True,2,217.0,True,True,-0.4608294930875576
2025-10-03,8043,2025-10-07,False,True,True,2,43.6,True,False,0.9174311926605472
2025-10-07,3025,2025-10-08,True,False,False,1,47.4,True,False,0.10548523206750456
2025-10-07,6531,2025-10-08,False,True,False,1,400.5,True,False,0.4993757802746567
2025-10-08,5289,2025-10-09,False,False,False,0,393.5,True,False,-2.9224904701397714
2025-10-08,8070,2025-10-09,False,True,False,1,49.4,True,False,2.4291497975708416
2025-10-08,8155,2025-10-09,False,False,False,0,174.0,True,False,3.7356321839080464
2025-10-09,3189,2025-10-13,False,True,False,1,132.5,True,False,-0.7547169811320755
2025-10-09,3379,2025-10-13,True,False,True,2,62.9,True,False,2.384737678855326
2025-10-09,6499,2025-10-13,True,False,False,1,111.0,True,False,0.0
2025-10-13,3311,2025-10-14,True,False,False,1,38.65,True,True,8.150064683053037
2025-10-14,2609,2025-10-15,False,True,False,1,54.7,True,True,2.742230347349177
2025-10-14,2612,2025-10-15,True,False,False,1,58.4,True,False,2.054794520547938
2025-10-14,2613,2025-10-15,True,False,False,1,26.45,True,False,4.158790170132317
2025-10-14,3041,2025-10-15,True,False,False,1,29.5,True,True,2.0338983050847506
2025-10-14,6282,2025-10-15,False,True,False,1,37.65,True,False,5.843293492695872
2025-10-15,3002,2025-10-16,True,False,True,2,,False,False,
2025-10-15,5425,2025-10-16,False,True,False,1,59.1,True,True,4.399323181049072
2025-10-15,6560,2025-10-16,True,False,False,1,45.9,True,True,0.8714596949891037
2025-10-15,8046,2025-10-16,False,False,False,0,290.0,True,False,2.9310344827586206
2025-10-16,3002,2025-10-17,True,False,False,1,24.65,True,True,3.2454361054766623
2025-10-17,3704,2025-10-20,True,False,False,1,36.3,True,True,2.479338842975203
2025-10-17,6173,2025-10-20,False,False,True,1,58.7,True,False,-1.5332197614991459
2025-10-17,6875,2025-10-20,True,False,False,1,58.6,True,True,-1.0238907849829375
2025-10-17,8043,2025-10-20,False,True,True,2,47.45,True,False,0.0
2025-10-20,1504,2025-10-21,False,True,False,1,121.5,True,True,6.584362139917696
2025-10-20,2337,2025-10-21,False,True,False,1,28.75,True,True,1.7391304347826086
2025-10-20,2481,2025-10-21,False,True,False,1,96.1,True,False,-2.7055150884495407
2025-10-20,6862,2025-10-21,True,False,False,1,200.5,True,False,0.0
2025-10-20,6875,2025-10-21,True,False,False,1,61.9,True,True,3.7156704361873945
2025-10-20,8043,2025-10-21,True,True,True,3,52.1,True,False,0.0
2025-10-21,3317,2025-10-22,False,True,False,1,56.3,True,False,6.394316163410292
2025-10-21,6127,2025-10-22,False,True,False,1,31.1,True,True,2.5723472668810308
2025-10-21,6155,2025-10-22,True,False,False,1,30.7,True,False,1.1400651465797975
2025-10-21,6805,2025-10-22,False,True,False,1,1335.0,True,False,0.7490636704119851
2025-10-22,2342,2025-10-23,True,False,True,2,36.4,True,True,1.098901098901095
2025-10-22,4931,2025-10-23,False,False,False,0,140.5,True,False,3.202846975088968
2025-10-22,6936,2025-10-23,True,False,False,1,42.0,True,False,0.0
2025-10-22,8422,2025-10-23,False,True,False,1,241.0,True,True,1.2448132780082988
2025-10-23,1419,2025-10-27,True,False,False,1,61.3,True,True,-0.16313213703099744
2025-10-23,3693,2025-10-27,True,False,False,1,327.5,True,False,0.0
2025-10-23,6936,2025-10-27,True,False,True,2,43.5,True,True,12.528735632183915
2025-10-27,4989,2025-10-28,True,False,False,1,,False,False,
2025-10-27,8299,2025-10-28,True,False,False,1,1010.0,True,False,-1.4851485148514851
2025-10-28,4979,2025-10-29,False,True,False,1,211.5,True,True,-0.4728132387706856
2025-10-28,6432,2025-10-29,True,False,False,1,37.65,True,True,1.4608233731739633
2025-10-29,3047,2025-10-30,False,False,False,0,21.1,True,False,-1.1848341232227488
2025-10-29,4989,2025-10-30,False,False,True,1,43.65,True,True,9.049255441008007
2025-10-29,5243,2025-10-30,False,True,False,1,92.5,True,False,8.108108108108109
2025-10-29,6515,2025-10-30,False,False,False,0,2600.0,True,False,2.307692307692308
2025-10-29,8096,2025-10-30,True,False,True,2,58.4,True,True,10.616438356164377
2025-10-29,8996,2025-10-30,True,False,False,1,,False,False,
2025-10-30,3047,2025-10-31,True,False,False,1,19.9,True,True,0.5025125628140596
2025-10-31,4588,2025-11-03,True,False,False,1,71.8,True,False,0.0
2025-10-31,8183,2025-11-03,True,False,False,1,36.1,True,True,-0.27700831024931144
2025-11-03,6257,2025-11-04,False,True,True,2,112.5,True,True,8.0
2025-11-03,6716,2025-11-04,True,False,False,1,62.5,True,True,6.2399999999999975
2025-11-03,8033,2025-11-04,False,False,False,0,137.5,True,False,-2.181818181818182
2025-11-04,1608,2025-11-05,True,False,True,2,39.05,True,False,-2.9449423815621145
2025-11-04,3162,2025-11-05,False,False,False,0,63.9,True,False,6.103286384976523
2025-11-05,1314,2025-11-06,True,False,False,1,9.75,True,False,0.0
2025-11-06,1718,2025-11-07,True,False,False,1,7.37,True,False,6.9199457259158725
2025-11-06,4989,2025-11-07,False,True,True,2,48.75,True,False,8.51282051282051
2025-11-06,8072,2025-11-07,True,False,False,1,32.7,True,True,3.058103975535179
2025-11-07,2421,2025-11-10,False,False,False,0,172.5,True,False,-2.318840579710145
2025-11-10,2344,2025-11-11,True,False,False,1,,False,False,
2025-11-10,3060,2025-11-11,True,False,False,1,28.3,True,False,-1.943462897526504
2025-11-10,3379,2025-11-11,True,False,True,2,60.0,True,True,1.6666666666666667
2025-11-10,8131,2025-11-11,False,True,False,1,45.4,True,True,1.211453744493386
2025-11-11,3060,2025-11-12,True,False,False,1,29.05,True,True,-4.130808950086056
2025-11-11,3236,2025-11-12,True,False,False,1,24.8,True,True,-4.233870967741938
2025-11-11,4989,2025-11-12,False,True,False,1,48.3,True,True,-1.8633540372670927
2025-11-12,1802,2025-11-13,True,False,False,1,37.0,True,False,2.5675675675675755
2025-11-12,2498,2025-11-13,False,False,False,0,51.0,True,False,0.3921568627451036
2025-11-12,5475,2025-11-13,True,False,False,1,,False,False,
2025-11-13,1326,2025-11-14,False,True,False,1,34.45,True,True,1.3062409288824466
2025-11-13,1605,2025-11-14,False,True,True,2,34.85,True,False,5.8823529411764826
2025-11-13,2486,2025-11-14,False,True,False,1,89.7,True,True,-2.341137123745813
2025-11-13,2492,2025-11-14,False,True,False,1,132.0,True,False,5.681818181818182
2025-11-13,3090,2025-11-14,False,False,True,1,92.0,True,True,1.7391304347826024
2025-11-13,6265,2025-11-14,True,False,False,1,20.75,True,False,-0.7228915662650535
2025-11-14,3543,2025-11-17,True,False,False,1,45.85,True,True,0.5452562704471101
2025-11-14,8043,2025-11-17,True,False,False,1,65.3,True,True,9.647779479326182
2025-11-14,8426,2025-11-17,True,True,False,2,,False,False,
2025-11-17,2486,2025-11-18,False,True,False,1,97.6,True,True,-4.5081967213114815
2025-11-20,5243,2025-11-21,True,False,False,1,84.5,True,False,-0.591715976331361
2025-11-21,6291,2025-11-24,True,False,False,1,169.0,True,False,-1.7751479289940828
2025-11-24,3105,2025-11-25,False,False,True,1,130.5,True,True,-2.681992337164751
2025-11-25,2413,2025-11-26,True,False,False,1,29.85,True,False,10.887772194304857
2025-11-25,8074,2025-11-26,True,True,True,3,37.6,True,True,5.5851063829787275
2025-11-26,2231,2025-11-27,True,False,True,2,112.0,True,True,4.017857142857143
2025-11-26,4903,2025-11-27,True,False,False,1,39.5,True,True,-4.050632911392409
2025-11-26,5371,2025-11-27,False,True,False,1,98.5,True,True,3.654822335025375
2025-11-26,8033,2025-11-27,True,False,False,1,148.0,True,True,4.391891891891892
2025-11-27,3581,2025-11-28,True,False,True,2,69.4,True,True,-2.449567723342923
2025-11-27,8039,2025-11-28,True,False,False,1,71.3,True,True,-10.238429172510516
2025-11-28,3025,2025-12-01,True,False,False,1,52.8,True,True,-1.893939393939394
2025-11-28,4931,2025-12-01,True,False,False,1,167.5,True,False,0.5970149253731344
2025-12-01,3532,2025-12-02,True,False,False,1,97.7,True,True,2.7635619242579352
2025-12-01,4764,2025-12-02,True,False,False,1,71.1,True,False,-1.6877637130801728
2025-12-01,8027,2025-12-02,False,False,True,1,103.5,True,True,5.603864734299514
2025-12-02,1304,2025-12-03,True,False,False,1,12.2,True,True,1.2295081967212997
2025-12-02,1308,2025-12-03,True,False,True,2,14.55,True,True,2.7491408934707926
2025-12-02,6588,2025-12-03,True,False,False,1,39.75,True,False,-3.1446540880503147
2025-12-03,3363,2025-12-04,False,True,True,2,413.0,True,True,1.573849878934625
2025-12-03,5328,2025-12-04,False,True,False,1,22.6,True,True,1.3274336283185872
2025-12-03,7728,2025-12-04,True,False,False,1,460.5,True,False,-2.0629750271444083
2025-12-03,8042,2025-12-04,False,True,True,2,60.5,True,True,4.2975206611570265
2025-12-03,8111,2025-12-04,False,True,False,1,76.7,True,True,7.822685788787484
2025-12-03,8131,2025-12-04,True,False,True,2,45.25,True,True,1.6574585635359116
2025-12-04,2365,2025-12-05,True,False,False,1,39.25,True,False,1.5286624203821693
2025-12-04,3354,2025-12-05,True,False,False,1,22.5,True,True,7.555555555555553
2025-12-04,4562,2025-12-05,True,False,False,1,42.7,True,False,0.0
2025-12-04,8038,2025-12-05,True,False,False,1,44.1,True,True,-1.8140589569160932
2025-12-05,6727,2025-12-08,True,True,False,2,180.5,True,True,1.10803324099723
2025-12-05,8374,2025-12-08,True,False,False,1,84.1,True,True,0.7134363852556413
2025-12-08,2388,2025-12-09,True,False,False,1,61.3,True,False,-1.957585644371946
2025-12-08,3535,2025-12-09,False,True,False,1,95.0,True,True,5.263157894736842
2025-12-08,4174,2025-12-09,True,False,False,1,30.35,True,True,4.118616144975288
2025-12-08,6435,2025-12-09,True,False,False,1,121.0,True,True,0.8264462809917356
2025-12-08,6691,2025-12-09,False,False,False,0,542.0,True,False,-2.214022140221402
2025-12-08,8110,2025-12-09,True,False,True,2,45.05,True,True,-6.3263041065482835
2025-12-09,4989,2025-12-10,False,False,True,1,45.2,True,True,3.4292035398230185
2025-12-09,6443,2025-12-10,True,False,False,1,16.5,True,False,0.0
2025-12-09,8103,2025-12-10,True,False,False,1,88.1,True,True,2.8376844494892173
2025-12-10,2402,2025-12-11,False,False,False,0,64.5,True,False,2.635658914728687
2025-12-10,2441,2025-12-11,False,True,False,1,76.9,True,True,-8.972691807542251
2025-12-10,6148,2025-12-11,True,True,False,2,42.85,True,True,4.084014002333722
2025-12-10,6443,2025-12-11,True,False,False,1,16.7,True,True,-4.790419161676651
2025-12-10,6664,2025-12-11,False,False,False,0,312.0,True,False,-1.4423076923076923
2025-12-10,8032,2025-12-11,True,False,False,1,40.1,True,True,3.9900249376558636
2025-12-11,2467,2025-12-12,False,True,False,1,237.5,True,True,-2.9473684210526314
2025-12-12,2349,2025-12-15,False,True,False,1,15.4,True,False,-0.32467532467531773
2025-12-12,4157,2025-12-15,True,False,False,1,13.9,True,False,0.0
2025-12-12,7717,2025-12-15,True,False,False,1,,False,False,
2025-12-15,4157,2025-12-16,True,False,True,2,14.25,True,True,3.8596491228070224
2025-12-15,4764,2025-12-16,False,False,False,0,104.5,True,False,6.124401913875603
2025-12-15,6133,2025-12-16,True,True,True,3,22.55,True,False,1.3303769401330408
2025-12-15,6443,2025-12-16,True,False,False,1,23.25,True,False,0.0
2025-12-15,6588,2025-12-16,False,True,False,1,50.8,True,True,0.5905511811023566
2025-12-15,8431,2025-12-16,False,True,False,1,65.2,True,True,8.588957055214726
2025-12-16,3047,2025-12-17,True,False,False,1,20.05,True,True,3.491271820448874
2025-12-16,3138,2025-12-17,True,False,False,1,104.5,True,True,-2.8708133971291865
2025-12-17,2468,2025-12-18,True,False,False,1,41.6,True,True,0.8413461538461573
2025-12-17,3624,2025-12-18,True,False,False,1,52.9,True,True,0.7561436672967837
2025-12-18,6265,2025-12-19,True,False,False,1,21.1,True,True,2.6066350710900505
2025-12-18,6558,2025-12-19,True,False,False,1,39.85,True,True,2.1329987452948593
2025-12-22,2455,2025-12-23,False,True,False,1,150.0,True,False,-2.0
2025-12-22,6125,2025-12-23,True,False,False,1,71.9,True,False,-1.9471488178024916
2025-12-22,6419,2025-12-23,True,False,False,1,88.5,True,True,5.084745762711865
2025-12-23,1785,2025-12-24,False,True,False,1,68.2,True,True,-2.63929618768328
2025-12-23,2413,2025-12-24,True,True,True,3,37.95,True,True,-1.9762845849802368
2025-12-23,6127,2025-12-24,False,True,True,2,37.45,True,False,4.005340453938584
2025-12-23,6244,2025-12-24,True,False,True,2,22.6,True,True,-0.22123893805308475
2025-12-26,1528,2025-12-29,True,False,True,2,21.4,True,False,-3.0373831775701037
2025-12-26,6205,2025-12-29,True,False,False,1,,False,False,
2025-12-29,1721,2025-12-30,True,False,False,1,16.8,True,False,0.0
2025-12-29,4989,2025-12-30,False,True,False,1,52.6,True,True,2.4714828897338483
2025-12-29,5340,2025-12-30,False,True,True,2,72.4,True,True,2.624309392265201
2025-12-29,5498,2025-12-30,False,True,False,1,53.1,True,False,-1.8832391713747645
2025-12-29,6205,2025-12-30,True,False,False,1,58.5,True,False,0.0
2025-12-29,7610,2025-12-30,True,False,False,1,149.5,True,False,-3.0100334448160537
2025-12-29,8422,2025-12-30,False,True,False,1,30.35,True,False,0.8237232289950577
2025-12-30,6205,2025-12-31,True,False,True,2,60.0,True,True,-3.3333333333333335
2025-12-30,6265,2025-12-31,True,False,False,1,31.2,True,False,-3.044871794871793
2025-12-31,6461,2026-01-02,True,False,False,1,19.55,True,False,0.0
2026-01-02,2337,2026-01-05,False,True,False,1,47.65,True,False,0.0
2026-01-02,3090,2026-01-05,False,True,False,1,110.0,True,True,7.727272727272727
2026-01-05,2409,2026-01-06,False,True,False,1,15.2,True,False,0.0
2026-01-05,3481,2026-01-06,False,True,False,1,21.25,True,False,-2.8235294117647127
2026-01-06,6770,2026-01-07,True,True,False,2,49.0,True,True,-0.40816326530612823
2026-01-06,8374,2026-01-07,True,False,False,1,93.1,True,False,1.933404940923735
2026-01-07,2349,2026-01-08,True,False,False,1,16.25,True,True,7.6923076923076925
2026-01-07,8105,2026-01-08,True,True,False,2,15.4,True,True,9.090909090909092
2026-01-07,8422,2026-01-08,False,True,False,1,36.8,True,False,3.5326086956521667
2026-01-08,1789,2026-01-09,True,False,False,1,23.7,True,True,1.2658227848101298
2026-01-08,3693,2026-01-09,True,False,False,1,353.5,True,True,2.6874115983026874
2026-01-09,3715,2026-01-12,False,False,True,1,144.5,True,False,0.0
2026-01-09,6163,2026-01-12,True,False,True,2,62.7,True,False,-4.625199362041454
2026-01-12,5347,2026-01-13,False,True,False,1,119.5,True,False,1.6736401673640167
2026-01-12,5425,2026-01-13,True,False,True,2,61.9,True,False,-6.300484652665587
2026-01-13,8422,2026-01-14,False,True,False,1,51.9,True,False,0.0
2026-01-13,9955,2026-01-14,True,False,False,1,38.9,True,False,-4.241645244215935
2026-01-14,1503,2026-01-15,False,False,False,0,196.0,True,False,-0.5102040816326531
2026-01-14,1514,2026-01-15,False,False,False,0,104.0,True,False,0.0
2026-01-14,2484,2026-01-15,True,False,True,2,26.85,True,True,-0.5586592178770896
2026-01-14,3152,2026-01-15,True,True,False,2,177.0,True,True,3.954802259887006
2026-01-14,3236,2026-01-15,True,True,False,2,36.6,True,True,-3.551912568306003
2026-01-14,4588,2026-01-15,True,False,False,1,66.0,True,True,2.1212121212121295
2026-01-14,4989,2026-01-15,False,False,True,1,65.9,True,False,-0.9104704097116757
2026-01-14,5328,2026-01-15,False,True,False,1,25.85,True,False,0.0
2026-01-14,6155,2026-01-15,False,True,True,2,60.7,True,False,0.0
2026-01-14,6173,2026-01-15,False,True,False,1,76.9,True,True,3.511053315994802
2026-01-14,8042,2026-01-15,False,True,True,2,72.6,True,False,2.2038567493112873
2026-01-15,5340,2026-01-16,True,False,True,2,84.2,True,False,0.0
2026-01-15,6919,2026-01-16,True,False,False,1,178.5,True,False,4.761904761904762
2026-01-16,2457,2026-01-19,True,False,False,1,32.05,True,True,4.524180967238676
2026-01-16,4533,2026-01-19,True,True,False,2,30.7,True,True,2.280130293159607
2026-01-16,4923,2026-01-19,True,False,False,1,31.3,True,True,-15.015974440894567
2026-01-16,8150,2026-01-19,False,True,False,1,71.9,True,False,1.5299026425591216
2026-01-19,8131,2026-01-20,False,True,True,2,73.8,True,True,0.8130081300812931
2026-01-20,1809,2026-01-21,True,False,False,1,28.3,True,True,-0.3533568904593564
2026-01-20,5340,2026-01-21,True,True,False,2,103.0,True,True,0.9708737864077669
2026-01-20,6435,2026-01-21,True,True,False,2,152.5,True,False,0.0
2026-01-20,7780,2026-01-21,True,False,False,1,24.55,True,False,0.0
2026-01-21,1514,2026-01-22,False,True,False,1,142.5,True,True,1.4035087719298245
2026-01-21,4923,2026-01-22,True,False,False,1,37.9,True,True,-1.978891820580475
2026-01-21,7780,2026-01-22,True,False,False,1,25.75,True,True,-4.854368932038835
2026-01-22,2301,2026-01-23,True,True,False,2,178.0,True,True,3.3707865168539324
2026-01-22,2492,2026-01-23,False,True,False,1,158.0,True,True,2.848101265822785
2026-01-22,4533,2026-01-23,True,False,False,1,35.25,True,True,0.7092198581560284
2026-01-22,4939,2026-01-23,True,True,False,2,49.65,True,True,6.948640483383678
2026-01-23,2453,2026-01-26,False,True,True,2,61.2,True,True,2.941176470588242
2026-01-23,2486,2026-01-26,False,False,False,0,116.0,True,False,0.0
2026-01-23,8438,2026-01-26,True,False,False,1,68.1,True,True,0.2936857562408057
2026-01-26,1471,2026-01-27,True,False,False,1,14.65,True,False,0.0
2026-01-26,2344,2026-01-27,True,False,False,1,112.0,True,True,-3.125
2026-01-26,2515,2026-01-27,True,False,True,2,14.0,True,True,2.85714285714286
2026-01-27,1325,2026-01-28,True,False,False,1,35.8,True,False,0.0
2026-01-27,1732,2026-01-28,True,False,False,1,33.4,True,False,0.0
2026-01-27,6442,2026-01-28,True,False,False,1,1570.0,True,False,0.0
2026-01-27,9919,2026-01-28,True,False,False,1,19.65,True,False,0.0
2026-01-28,1325,2026-01-29,True,False,False,1,32.7,True,True,1.3761467889908343
2026-01-28,9919,2026-01-29,True,False,False,1,18.45,True,True,2.439024390243899
2026-01-29,6291,2026-01-30,False,False,False,0,230.0,True,False,-2.8260869565217392
2026-01-30,3049,2026-02-02,True,False,True,2,10.2,True,False,0.0
2026-01-30,3555,2026-02-02,True,False,False,1,117.5,True,True,-4.680851063829787
2026-02-02,3028,2026-02-03,True,False,False,1,55.6,True,False,0.0
2026-02-02,3049,2026-02-03,True,False,False,1,10.05,True,True,5.174129353233844
2026-02-02,3508,2026-02-03,True,False,False,1,29.2,True,False,0.0
2026-02-03,3028,2026-02-04,True,False,False,1,50.1,True,False,0.0
2026-02-03,3533,2026-02-04,False,False,False,0,1605.0,True,False,-4.049844236760125
2026-02-05,3508,2026-02-06,True,True,False,2,34.45,True,True,-1.596516690856305
2026-02-05,6152,2026-02-06,True,False,False,1,16.95,True,True,-1.1799410029498483
2026-02-09,3550,2026-02-10,True,False,False,1,21.1,True,True,3.5545023696682465
2026-02-09,8046,2026-02-10,True,False,True,2,418.5,True,False,2.1505376344086025
2026-02-11,1815,2026-02-23,False,True,False,1,103.0,True,False,-2.912621359223301
2026-02-11,2438,2026-02-23,True,False,False,1,24.0,True,True,4.9999999999999964
2026-02-11,5475,2026-02-23,True,True,False,2,178.5,True,True,-0.2801120448179272
2026-02-11,6907,2026-02-23,True,False,False,1,,False,False,
2026-02-23,1711,2026-02-24,False,True,False,1,26.55,True,False,-4.708097928436912
2026-02-23,2103,2026-02-24,True,False,False,1,19.6,True,False,0.0
2026-02-23,2104,2026-02-24,True,False,True,2,13.55,True,False,0.0
2026-02-23,2489,2026-02-24,True,False,False,1,32.75,True,False,0.0
2026-02-23,2515,2026-02-24,True,False,False,1,18.3,True,False,0.0
2026-02-23,3576,2026-02-24,True,False,False,1,18.3,True,False,0.0
2026-02-23,4989,2026-02-24,True,False,False,1,60.6,True,False,-0.16501650165016735
2026-02-23,6739,2026-02-24,False,False,False,0,,False,False,
2026-02-24,2103,2026-02-25,True,False,False,1,19.95,True,True,-4.260651629072689
2026-02-24,2367,2026-02-25,True,True,True,3,62.6,True,True,6.230031948881787
2026-02-24,3363,2026-02-25,True,True,False,2,570.0,True,True,-4.385964912280701
2026-02-24,3576,2026-02-25,True,False,True,2,20.1,True,False,0.0
2026-02-24,8021,2026-02-25,False,False,False,0,239.5,True,False,-10.438413361169102
2026-02-25,6152,2026-02-26,True,False,False,1,17.95,True,True,-1.671309192200561
2026-02-26,3450,2026-03-02,False,True,False,1,318.5,True,False,4.552590266875981
2026-03-02,1802,2026-03-03,False,True,False,1,72.3,True,False,11.894882434301515
2026-03-02,2605,2026-03-03,False,False,False,0,39.65,True,False,4.539722572509451
2026-03-02,3005,2026-03-03,False,False,False,0,125.5,True,False,1.9920318725099602
2026-03-02,3049,2026-03-03,True,False,False,1,12.5,True,False,0.0
2026-03-02,3357,2026-03-03,True,True,False,2,188.0,True,True,3.4574468085106385
2026-03-02,6877,2026-03-03,True,False,False,1,116.0,True,False,0.0
2026-03-03,3049,2026-03-04,True,False,False,1,11.25,True,True,-9.33333333333334
2026-03-03,3576,2026-03-04,True,False,False,1,,False,False,
2026-03-03,6152,2026-03-04,True,False,True,2,19.85,True,True,0.0
2026-03-03,6205,2026-03-04,True,False,False,1,53.1,True,True,-1.5065913370998063
2026-03-03,6877,2026-03-04,True,False,False,1,105.5,True,True,-8.056872037914692
2026-03-05,3049,2026-03-06,True,False,True,2,13.85,True,False,-6.137184115523463
2026-03-06,1310,2026-03-09,True,False,False,1,11.7,True,False,1.28205128205127
2026-03-06,2543,2026-03-09,True,False,False,1,77.8,True,False,6.812339331619534
2026-03-06,4960,2026-03-09,True,False,False,1,17.25,True,False,0.869565217391296
2026-03-09,1314,2026-03-10,True,False,False,1,8.87,True,False,-1.0146561443066702
2026-03-11,2329,2026-03-12,False,True,False,1,52.3,True,True,0.19120458891012299
2026-03-11,2388,2026-03-12,False,False,False,0,49.0,True,False,0.0
2026-03-11,2455,2026-03-12,True,False,False,1,,False,False,
2026-03-11,2485,2026-03-12,True,True,False,2,60.8,True,False,0.0
2026-03-11,3163,2026-03-12,False,False,False,0,,False,False,
2026-03-11,6419,2026-03-12,True,False,False,1,,False,False,
2026-03-11,8046,2026-03-12,False,False,False,0,,False,False,
2026-03-12,4513,2026-03-13,True,False,False,1,19.1,True,True,0.5235602094240912
2026-03-12,4938,2026-03-13,False,False,False,0,77.9,True,False,2.695763799743271
2026-03-12,5475,2026-03-13,False,False,False,0,,False,False,
2026-03-12,6291,2026-03-13,True,False,False,1,334.5,True,False,-1.7937219730941705
2026-03-13,1711,2026-03-16,False,True,False,1,35.45,True,False,-0.14104372355429382
2026-03-13,1727,2026-03-16,True,True,False,2,57.1,True,True,3.1523642732049115
2026-03-13,3093,2026-03-16,True,False,False,1,,False,False,
2026-03-13,3167,2026-03-16,True,False,False,1,363.5,True,True,-0.9628610729023385
2026-03-13,4956,2026-03-16,True,True,False,2,31.65,True,True,-2.5276461295418775
2026-03-13,4960,2026-03-16,True,False,False,1,25.55,True,False,0.0
2026-03-13,4973,2026-03-16,True,True,False,2,71.3,True,True,-3.6465638148667727
2026-03-13,8261,2026-03-16,False,True,False,1,108.5,True,True,-3.686635944700461
2026-03-16,2337,2026-03-17,False,False,False,0,130.5,True,False,0.0
2026-03-16,2347,2026-03-17,False,True,False,1,78.9,True,False,0.3802281368821437
2026-03-16,3376,2026-03-17,False,True,False,1,230.0,True,False,2.608695652173913
2026-03-16,5351,2026-03-17,True,True,False,2,73.1,True,True,-5.471956224350206
2026-03-17,2327,2026-03-18,False,True,False,1,287.0,True,True,2.264808362369338
2026-03-17,2413,2026-03-18,True,False,False,1,57.2,True,True,-2.7972027972027873
2026-03-17,4927,2026-03-18,True,False,False,1,49.4,True,True,7.89473684210526
2026-03-17,6167,2026-03-18,True,False,False,1,16.5,True,True,0.6060606060606146
2026-03-17,6531,2026-03-18,False,True,False,1,603.0,True,True,5.140961857379768
2026-03-17,8215,2026-03-18,True,False,False,1,24.05,True,True,0.4158004158004217
2026-03-18,2316,2026-03-19,True,True,False,2,112.0,True,False,3.571428571428571
2026-03-18,3049,2026-03-19,True,False,True,2,15.2,True,False,-7.894736842105258
2026-03-18,4989,2026-03-19,False,True,False,1,74.7,True,True,1.0709504685408262
2026-03-18,5498,2026-03-19,True,False,False,1,66.2,True,True,5.135951661631428
2026-03-19,1305,2026-03-20,True,False,False,1,16.95,True,False,0.884955752212381
2026-03-19,2489,2026-03-20,False,True,True,2,41.5,True,True,6.867469879518076
2026-03-19,3587,2026-03-20,True,False,False,1,229.5,True,False,0.0
2026-03-19,3693,2026-03-20,False,True,False,1,588.0,True,True,9.013605442176871
2026-03-19,4908,2026-03-20,False,True,True,2,115.5,True,True,0.8658008658008658
2026-03-19,6217,2026-03-20,True,False,False,1,,False,False,
2026-03-20,2014,2026-03-23,True,False,False,1,19.3,True,True,5.958549222797938
2026-03-20,2323,2026-03-23,True,False,False,1,11.8,True,True,-1.271186440677954
2026-03-20,2349,2026-03-23,False,False,False,0,14.25,True,False,0.0
2026-03-20,3050,2026-03-23,True,False,False,1,14.35,True,True,2.7874564459930338
2026-03-24,3339,2026-03-25,True,False,False,1,40.95,True,False,0.0
2026-03-24,6725,2026-03-25,True,False,False,1,281.0,True,True,-4.6263345195729535
2026-03-25,2360,2026-03-26,False,False,True,1,1675.0,True,False,2.0895522388059704
2026-03-25,2455,2026-03-26,True,False,True,2,277.5,True,False,1.981981981981982
2026-03-25,3339,2026-03-26,True,False,False,1,41.4,True,False,10.144927536231874
2026-03-25,3576,2026-03-26,True,False,False,1,25.0,True,False,0.0
2026-03-25,4977,2026-03-26,False,True,False,1,203.0,True,False,3.4482758620689653
2026-03-26,2355,2026-03-27,False,True,False,1,48.3,True,True,-4.5548654244306475
2026-03-26,3576,2026-03-27,True,False,False,1,22.5,True,True,-3.3333333333333335
2026-03-26,6147,2026-03-27,False,True,False,1,77.0,True,False,0.25974025974026343
2026-03-26,7780,2026-03-27,True,False,False,1,22.0,True,False,0.0
2026-03-27,2489,2026-03-30,True,True,True,3,33.25,True,True,1.6541353383458561
2026-03-27,7780,2026-03-30,True,False,False,1,20.65,True,True,-1.6949152542372952
2026-03-30,1304,2026-03-31,False,False,False,0,19.5,True,False,6.41025641025641
2026-03-30,6829,2026-03-31,True,False,False,1,124.5,True,True,5.622489959839357
2026-03-31,1905,2026-04-01,True,False,False,1,16.7,True,False,0.0
2026-04-01,2337,2026-04-02,False,False,False,0,,False,False,
2026-04-01,4973,2026-04-02,True,False,False,1,,False,False,
2026-04-01,6217,2026-04-02,False,False,True,1,,False,False,
2026-04-01,6405,2026-04-02,True,False,False,1,37.15,True,False,0.0
2026-04-01,8299,2026-04-02,False,False,False,0,1675.0,True,False,7.164179104477612
2026-04-02,1449,2026-04-07,True,False,False,1,13.6,True,False,0.0
2026-04-02,3152,2026-04-07,True,True,False,2,155.0,True,True,-2.5806451612903225
2026-04-02,6147,2026-04-07,False,True,False,1,89.1,True,True,-0.7856341189674555
2026-04-02,6405,2026-04-07,True,False,True,2,36.9,True,True,-3.523035230352315
2026-04-02,7780,2026-04-07,True,False,True,2,22.2,True,True,4.279279279279277
2026-04-07,3376,2026-04-08,False,False,False,0,209.0,True,False,-1.1961722488038278
2026-04-07,3673,2026-04-08,True,False,False,1,49.95,True,True,-3.5035035035035036
2026-04-07,6285,2026-04-08,False,True,False,1,208.5,True,True,-3.8369304556354913
2026-04-07,6838,2026-04-08,True,False,False,1,31.95,True,True,0.0
2026-04-07,6919,2026-04-08,True,False,False,1,113.5,True,False,-1.762114537444934
2026-04-07,8086,2026-04-08,True,True,False,2,146.5,True,False,0.6825938566552902
2026-04-08,1802,2026-04-09,False,True,False,1,62.4,True,False,4.647435897435895
2026-04-08,2388,2026-04-09,True,False,False,1,55.0,True,False,1.4545454545454493
2026-04-08,2419,2026-04-09,False,True,False,1,37.2,True,True,0.6720430107526881
2026-04-08,2426,2026-04-09,True,False,False,1,43.0,True,False,0.0
2026-04-08,2489,2026-04-09,True,True,False,2,42.1,True,False,-1.543942992874106
2026-04-08,3234,2026-04-09,True,False,False,1,103.5,True,False,-1.4492753623188406
2026-04-08,6147,2026-04-09,False,True,True,2,102.0,True,False,5.392156862745098
2026-04-08,8074,2026-04-09,True,False,True,2,64.5,True,False,0.15503875968991368
2026-04-08,8299,2026-04-09,False,True,False,1,1685.0,True,True,4.154302670623145
2026-04-08,8358,2026-04-09,False,False,False,0,275.5,True,False,1.2704174228675136
2026-04-09,1717,2026-04-10,False,True,False,1,72.2,True,True,-10.803324099722987
2026-04-09,2316,2026-04-10,False,False,False,0,116.5,True,False,-1.2875536480686696
2026-04-09,2368,2026-04-10,True,False,False,1,1080.0,True,True,-0.9259259259259258
2026-04-09,2426,2026-04-10,True,False,True,2,47.3,True,False,0.0
2026-04-09,6152,2026-04-10,True,False,False,1,17.8,True,True,-0.5617977528089768
2026-04-09,6167,2026-04-10,True,False,True,2,14.3,True,True,2.4475524475524573
2026-04-09,6213,2026-04-10,True,True,False,2,214.5,True,True,0.2331002331002331
2026-04-09,6274,2026-04-10,True,True,False,2,813.0,True,True,0.6150061500615006
2026-04-09,8028,2026-04-10,False,True,False,1,201.0,True,True,0.9950248756218906
2026-04-10,2426,2026-04-13,True,False,True,2,52.0,True,False,0.0
2026-04-10,2467,2026-04-13,True,False,False,1,548.0,True,True,-0.18248175182481752
2026-04-10,4949,2026-04-13,True,False,False,1,89.1,True,False,-4.489337822671156
2026-04-10,6117,2026-04-13,True,False,True,2,79.7,True,True,-2.634880803011285
2026-04-10,6706,2026-04-13,True,False,False,1,144.5,True,False,2.0761245674740483
2026-04-10,8021,2026-04-13,False,True,False,1,327.5,True,True,-6.564885496183207
2026-04-13,1595,2026-04-14,True,False,False,1,50.4,True,True,1.1904761904761934
2026-04-13,2739,2026-04-14,True,False,False,1,35.9,True,False,-0.2785515320334302
2026-04-13,3026,2026-04-14,False,True,False,1,234.0,True,False,1.9230769230769231
2026-04-13,3042,2026-04-14,True,True,False,2,136.0,True,True,1.8382352941176472
2026-04-13,3498,2026-04-14,True,False,False,1,87.5,True,False,2.057142857142854
2026-04-13,3645,2026-04-14,False,True,False,1,88.6,True,True,-0.3386004514672815
2026-04-13,3693,2026-04-14,True,False,True,2,632.0,True,True,1.4240506329113924
2026-04-13,4908,2026-04-14,True,True,False,2,142.5,True,True,0.0
2026-04-13,6173,2026-04-14,False,True,False,1,70.6,True,True,-3.824362606232299
2026-04-13,6175,2026-04-14,True,False,False,1,57.1,True,True,0.525394045534158
2026-04-14,3093,2026-04-15,True,False,False,1,75.6,True,False,0.0
2026-04-14,3707,2026-04-15,True,False,False,1,55.9,True,True,2.3255813953488325
2026-04-14,6234,2026-04-15,True,False,False,1,33.5,True,True,3.1343283582089465
2026-04-14,6425,2026-04-15,True,False,False,1,81.6,True,True,-0.12254901960785358
2026-04-14,8358,2026-04-15,False,True,False,1,308.5,True,True,-8.103727714748784
2026-04-15,2493,2026-04-16,True,True,False,2,146.0,True,True,-0.684931506849315
2026-04-15,2495,2026-04-16,False,True,False,1,43.7,True,True,0.22883295194508335
2026-04-15,3093,2026-04-16,True,False,True,2,74.1,True,True,1.2145748987854137
2026-04-15,3363,2026-04-16,False,True,False,1,839.0,True,True,1.0727056019070322
2026-04-15,4763,2026-04-16,True,False,False,1,47.2,True,True,0.0
2026-04-15,6141,2026-04-16,True,False,False,1,28.4,True,False,0.0
2026-04-15,6175,2026-04-16,True,False,False,1,60.5,True,True,-4.958677685950414
2026-04-15,6739,2026-04-16,True,False,False,1,1620.0,True,True,2.7777777777777777
2026-04-15,6806,2026-04-16,True,False,False,1,,False,False,
2026-04-15,6909,2026-04-16,True,False,False,1,59.7,True,True,1.1725293132328356
2026-04-15,8027,2026-04-16,True,True,False,2,150.5,True,True,3.322259136212625
2026-04-16,2340,2026-04-17,True,False,False,1,32.9,True,True,1.8237082066869346
2026-04-16,2484,2026-04-17,False,True,True,2,42.25,True,True,-0.3550295857988132
2026-04-16,3049,2026-04-17,True,False,False,1,13.3,True,True,-3.7593984962406015
2026-04-16,4919,2026-04-17,False,False,True,1,129.0,True,False,0.0
2026-04-16,4977,2026-04-17,False,True,False,1,235.5,True,False,0.0
2026-04-16,6163,2026-04-17,False,False,False,0,65.8,True,False,-2.4316109422492533
2026-04-16,6173,2026-04-17,False,True,False,1,82.1,True,True,-12.302070645554213
2026-04-16,6285,2026-04-17,True,True,False,2,269.5,True,False,1.855287569573284
2026-04-16,6462,2026-04-17,True,False,False,1,121.0,True,True,-1.2396694214876034
2026-04-16,8150,2026-04-17,False,True,True,2,71.7,True,True,6.136680613668069
2026-04-17,2338,2026-04-20,True,False,False,1,52.1,True,True,4.2226487523992375
2026-04-17,8182,2026-04-20,True,False,False,1,41.55,True,False,-3.369434416365838
2026-04-20,2340,2026-04-21,True,False,False,1,39.05,True,False,0.0
2026-04-20,3149,2026-04-21,True,False,False,1,45.1,True,True,-2.660753880266066
2026-04-20,3221,2026-04-21,False,False,False,0,51.9,True,False,-3.2755298651252462
2026-04-20,3437,2026-04-21,True,False,True,2,28.1,True,True,1.6014234875444942
2026-04-20,3548,2026-04-21,True,False,False,1,123.5,True,False,6.0728744939271255
2026-04-20,3645,2026-04-21,True,True,False,2,111.5,True,True,1.7937219730941705
2026-04-20,4722,2026-04-21,True,True,False,2,193.0,True,True,-0.2590673575129534
2026-04-20,5244,2026-04-21,True,False,False,1,48.0,True,True,1.7708333333333364
2026-04-20,5498,2026-04-21,False,False,False,0,83.1,True,False,0.0
2026-04-21,2312,2026-04-22,True,False,False,1,29.3,True,False,-1.87713310580205
2026-04-21,2388,2026-04-22,False,False,False,0,80.0,True,False,0.0
2026-04-21,2436,2026-04-22,True,True,False,2,75.0,True,True,-4.399999999999996
2026-04-21,3228,2026-04-22,True,False,True,2,183.5,True,False,0.0
2026-04-21,6291,2026-04-22,False,False,False,0,478.0,True,False,-5.857740585774058
2026-04-21,6953,2026-04-22,True,False,False,1,275.5,True,True,5.263157894736842
2026-04-21,8150,2026-04-22,False,True,False,1,75.6,True,True,-5.55555555555556
2026-04-22,1711,2026-04-23,False,True,False,1,62.1,True,True,9.017713365539455
2026-04-22,3086,2026-04-23,True,False,False,1,39.8,True,True,-0.5025125628140775
2026-04-22,3227,2026-04-23,True,True,False,2,228.5,True,True,5.908096280087528
2026-04-22,3545,2026-04-23,True,False,False,1,56.4,True,True,7.6241134751773005
2026-04-22,3701,2026-04-23,False,True,True,2,75.3,True,True,5.843293492695872
2026-04-23,1595,2026-04-24,True,False,False,1,66.6,True,False,0.0
2026-04-23,6234,2026-04-24,True,False,False,1,46.25,True,False,5.189189189189186
2026-04-24,3390,2026-04-27,True,False,False,1,26.85,True,True,-3.5381750465549318
2026-04-24,4720,2026-04-27,True,False,False,1,26.75,True,True,-1.495327102803733
2026-04-24,6658,2026-04-27,True,False,False,1,,False,False,
2026-04-24,6672,2026-04-27,False,False,False,0,204.5,True,False,-1.466992665036675
2026-04-27,6658,2026-04-28,False,False,False,0,,False,False,
2026-04-27,8240,2026-04-28,True,False,False,1,77.7,True,True,6.048906048906052
2026-04-28,2243,2026-04-29,True,False,False,1,27.5,True,False,-2.5454545454545427
2026-04-28,2312,2026-04-29,False,False,False,0,29.05,True,False,1.7211703958691909
2026-04-28,2467,2026-04-29,False,False,False,0,555.0,True,False,0.18018018018018017
2026-04-28,2492,2026-04-29,False,True,False,1,138.0,True,True,2.536231884057971
2026-04-28,3167,2026-04-29,False,False,False,0,,False,False,
2026-04-28,4991,2026-04-29,True,False,False,1,642.0,True,False,4.205607476635514
2026-04-28,6919,2026-04-29,True,False,False,1,111.0,True,False,0.0
2026-04-28,8937,2026-04-29,True,False,False,1,38.8,True,True,1.159793814432979
2026-04-29,1722,2026-04-30,True,False,False,1,50.1,True,True,-1.1976047904191645
2026-04-29,2426,2026-04-30,True,False,True,2,60.5,True,True,5.289256198347112
2026-04-29,6405,2026-04-30,True,False,False,1,50.9,True,False,0.0
2026-04-29,6706,2026-04-30,True,False,False,1,155.0,True,False,2.258064516129032
2026-04-30,4951,2026-05-04,True,False,False,1,123.0,True,True,-6.097560975609756
2026-04-30,4958,2026-05-04,True,True,False,2,442.0,True,False,2.1493212669683257
2026-05-04,1504,2026-05-05,True,False,False,1,69.3,True,True,1.1544011544011503
2026-05-04,2408,2026-05-05,False,True,False,1,249.0,True,False,-3.0120481927710845
2026-05-04,3049,2026-05-05,True,False,False,1,13.7,True,True,4.014598540145978
2026-05-04,3455,2026-05-05,True,False,True,2,293.5,True,False,0.0
2026-05-04,3526,2026-05-05,True,False,False,1,366.5,True,False,3.6834924965893587
2026-05-04,4908,2026-05-05,True,False,False,1,,False,False,
2026-05-04,5291,2026-05-05,True,False,False,1,69.4,True,False,0.5763688760806998
2026-05-04,6706,2026-05-05,True,False,False,1,183.0,True,False,0.0
2026-05-05,2454,2026-05-06,False,True,False,1,3470.0,True,False,1.1527377521613833
2026-05-05,3016,2026-05-06,True,False,False,1,116.0,True,True,1.293103448275862
2026-05-05,6182,2026-05-06,True,False,False,1,49.3,True,True,-2.6369168356998056
2026-05-05,6706,2026-05-06,True,False,False,1,176.5,True,True,4.815864022662889
2026-05-05,6831,2026-05-06,False,True,False,1,516.0,True,True,-8.720930232558139
2026-05-05,7749,2026-05-06,True,False,False,1,543.0,True,True,5.156537753222836
2026-05-05,8064,2026-05-06,True,False,False,1,116.5,True,True,3.4334763948497855
2026-05-06,1809,2026-05-07,True,False,False,1,35.3,True,True,2.266288951841352
2026-05-06,2408,2026-05-07,True,False,False,1,288.5,True,True,0.5199306759098787
2026-05-06,3390,2026-05-07,True,False,False,1,28.35,True,False,0.0
2026-05-06,6526,2026-05-07,True,False,False,1,679.0,True,True,-6.0382916053019144
2026-05-06,8215,2026-05-07,True,False,False,1,30.5,True,True,2.950819672131143
2026-05-07,1504,2026-05-08,False,False,False,0,73.4,True,False,0.8174386920981042
2026-05-07,3141,2026-05-08,True,False,True,2,56.8,True,True,3.169014084507037
2026-05-07,3576,2026-05-08,True,False,False,1,18.0,True,False,3.05555555555556
2026-05-07,4760,2026-05-08,False,False,False,0,276.5,True,False,-3.9783001808318263
2026-05-07,4906,2026-05-08,True,False,True,2,42.45,True,False,5.771495877502951
2026-05-07,4956,2026-05-08,True,False,False,1,54.6,True,False,10.256410256410259
2026-05-07,5347,2026-05-08,False,True,False,1,184.0,True,False,8.967391304347826
2026-05-07,6108,2026-05-08,True,False,False,1,21.8,True,True,0.0
2026-05-07,6261,2026-05-08,True,False,False,1,129.5,True,True,6.94980694980695
2026-05-07,6291,2026-05-08,True,False,False,1,488.0,True,False,4.098360655737705
2026-05-07,8289,2026-05-08,True,False,False,1,52.1,True,True,6.333973128598856
2026-05-08,2379,2026-05-11,False,True,False,1,593.0,True,True,1.5177065767284992
2026-05-08,3034,2026-05-11,True,False,False,1,494.0,True,True,-0.5060728744939271
2026-05-08,3702,2026-05-11,True,False,True,2,116.0,True,False,1.7241379310344827
2026-05-08,6278,2026-05-11,True,False,False,1,195.5,True,True,-10.230179028132993
2026-05-08,6651,2026-05-11,True,False,False,1,122.0,True,False,-9.426229508196721
2026-05-08,6834,2026-05-11,True,False,False,1,48.9,True,False,2.1472392638036752
2026-05-11,1449,2026-05-12,True,False,False,1,13.9,True,True,1.0791366906474844
2026-05-11,3036,2026-05-12,False,False,False,0,267.0,True,False,-3.1835205992509366
2026-05-11,3055,2026-05-12,True,False,False,1,110.0,True,False,0.0
2026-05-11,3498,2026-05-12,True,False,False,1,112.5,True,False,0.0
2026-05-11,3587,2026-05-12,False,True,False,1,385.5,True,False,0.0
2026-05-11,6435,2026-05-12,True,False,False,1,248.5,True,False,0.0
2026-05-11,6643,2026-05-12,False,False,True,1,723.0,True,False,3.5961272475795294
2026-05-11,7810,2026-05-12,True,False,False,1,,False,False,
2026-05-11,8069,2026-05-12,False,False,True,1,195.5,True,False,0.0
2026-05-11,8147,2026-05-12,True,False,False,1,183.5,True,False,0.2724795640326975
2026-05-12,1721,2026-05-13,True,False,False,1,33.85,True,False,-2.65878877400295
2026-05-12,3055,2026-05-13,True,False,False,1,110.5,True,True,-2.7149321266968327
2026-05-12,3234,2026-05-13,True,False,False,1,104.0,True,True,2.8846153846153846
2026-05-12,3481,2026-05-13,False,True,False,1,35.25,True,True,-6.382978723404255
2026-05-12,4977,2026-05-13,True,True,False,2,258.5,True,True,5.802707930367505
2026-05-12,6531,2026-05-13,True,True,False,2,1000.0,True,True,-4.0
2026-05-12,8499,2026-05-13,True,False,False,1,314.5,True,False,1.1128775834658187
2026-05-13,2221,2026-05-14,True,False,False,1,45.7,True,False,-0.10940919037198502
2026-05-13,3236,2026-05-14,True,False,True,2,40.6,True,False,0.9852216748768439
2026-05-13,3577,2026-05-14,True,False,False,1,109.5,True,False,0.0
2026-05-13,4912,2026-05-14,True,False,False,1,99.7,True,True,-4.814443329989967
2026-05-13,6218,2026-05-14,True,False,False,1,44.65,True,True,6.942889137737965
2026-05-14,3362,2026-05-15,True,False,False,1,119.5,True,False,5.857740585774058
2026-05-14,6208,2026-05-15,True,False,False,1,107.0,True,False,6.728971962616825
2026-05-14,6485,2026-05-15,True,False,False,1,98.2,True,False,0.0
2026-05-14,6525,2026-05-15,True,False,False,1,111.5,True,True,5.829596412556054
2026-05-14,7704,2026-05-15,True,False,False,1,73.0,True,True,4.383561643835621
2026-05-14,7777,2026-05-15,True,False,False,1,35.25,True,True,-1.5602836879432544
2026-05-14,8440,2026-05-15,True,False,False,1,23.9,True,True,3.556485355648527
2026-05-15,1727,2026-05-18,True,True,False,2,85.3,True,True,-2.813599062133653
2026-05-15,2359,2026-05-18,False,False,False,0,132.0,True,False,-5.303030303030303
2026-05-15,2464,2026-05-18,True,False,True,2,121.5,True,True,-14.40329218106996
2026-05-15,3546,2026-05-18,True,False,False,1,77.8,True,True,-1.6709511568123356
2026-05-15,3558,2026-05-18,True,False,False,1,124.5,True,False,4.016064257028113
2026-05-15,6227,2026-05-18,True,False,True,2,116.5,True,True,-2.1459227467811157
2026-05-15,8091,2026-05-18,True,False,False,1,250.0,True,False,-4.2
2026-05-18,3055,2026-05-19,True,False,True,2,115.0,True,True,-7.82608695652174
2026-05-18,3221,2026-05-19,True,False,False,1,45.8,True,False,1.3100436681222583
2026-05-18,3577,2026-05-19,True,False,False,1,124.5,True,False,-1.6064257028112447
2026-05-18,6485,2026-05-19,True,False,False,1,117.5,True,False,8.936170212765958
2026-05-18,7717,2026-05-19,True,False,False,1,704.0,True,True,2.9829545454545454
2026-05-19,2355,2026-05-20,True,False,True,2,63.8,True,True,7.366771159874602
2026-05-19,3576,2026-05-20,False,False,False,0,18.5,True,False,5.1351351351351315
2026-05-19,3663,2026-05-20,True,False,False,1,81.3,True,True,3.3210332103321067
2026-05-19,3675,2026-05-20,True,False,False,1,311.5,True,False,0.0
2026-05-19,5236,2026-05-20,True,False,False,1,177.5,True,True,3.0985915492957745
2026-05-19,6919,2026-05-20,True,False,False,1,106.0,True,True,4.716981132075472
2026-05-19,7709,2026-05-20,True,False,False,1,96.9,True,True,8.15273477812178
2026-05-20,1710,2026-05-21,True,False,False,1,12.7,True,True,-3.1496062992126013
2026-05-20,2472,2026-05-21,True,True,False,2,272.0,True,False,2.2058823529411766
2026-05-20,2478,2026-05-21,False,True,False,1,116.0,True,False,0.0
2026-05-20,2543,2026-05-21,True,False,False,1,44.65,True,True,-4.031354983202697
2026-05-20,3694,2026-05-21,False,True,False,1,70.0,True,True,-2.571428571428567
2026-05-20,3702,2026-05-21,True,False,True,2,122.0,True,False,-1.2295081967213115
2026-05-20,4919,2026-05-21,False,True,False,1,171.5,True,False,-5.830903790087463
2026-05-20,6127,2026-05-21,False,True,False,1,54.8,True,False,3.2846715328467107
2026-05-20,6209,2026-05-21,True,False,True,2,83.1,True,True,-4.332129963898927
2026-05-20,6224,2026-05-21,True,False,False,1,84.5,True,True,1.3017751479289872
2026-05-20,6449,2026-05-21,False,False,False,0,,False,False,
2026-05-20,8261,2026-05-21,True,True,False,2,148.0,True,True,-1.3513513513513513
2026-05-21,1582,2026-05-22,True,False,False,1,115.0,True,True,0.0
2026-05-21,2327,2026-05-22,False,False,False,0,611.0,True,False,-2.9459901800327333
2026-05-21,4128,2026-05-22,True,False,False,1,15.95,True,True,1.2539184952978013
2026-05-21,4743,2026-05-22,True,False,False,1,54.5,True,False,2.7522935779816518
2026-05-21,4768,2026-05-22,False,False,False,0,480.5,True,False,5.30697190426639
2026-05-21,6239,2026-05-22,True,False,False,1,283.0,True,False,0.0
2026-05-21,6278,2026-05-22,True,False,True,2,234.5,True,False,-4.477611940298507
2026-05-21,6488,2026-05-22,False,False,False,0,,False,False,
2026-05-21,6862,2026-05-22,True,False,False,1,187.5,True,False,-0.8
2026-05-21,9105,2026-05-22,False,False,False,0,6.39,True,False,-5.633802816901413
2026-05-22,2344,2026-05-25,False,True,False,1,121.0,True,False,-6.198347107438017
2026-05-22,2356,2026-05-25,False,True,True,2,63.4,True,True,-3.154574132492125
2026-05-22,2478,2026-05-25,False,True,False,1,127.0,True,True,5.511811023622047
2026-05-22,3025,2026-05-25,True,False,False,1,78.1,True,False,0.0
2026-05-22,3221,2026-05-25,True,False,True,2,62.0,True,False,2.903225806451608
2026-05-22,6116,2026-05-25,True,False,True,2,13.0,True,False,0.0
2026-05-22,6173,2026-05-25,True,False,False,1,,False,False,
2026-05-22,8021,2026-05-25,True,False,False,1,463.5,True,False,-0.10787486515641855
2026-05-25,2454,2026-05-26,True,True,False,2,4320.0,True,True,1.2731481481481481
2026-05-25,3025,2026-05-26,True,False,False,1,77.8,True,True,-1.2853470437017995
2026-05-25,4416,2026-05-26,True,False,False,1,,False,False,
2026-05-25,6435,2026-05-26,False,False,False,0,277.0,True,False,-0.7220216606498195
2026-05-26,3485,2026-05-27,True,False,False,1,321.0,True,True,-0.3115264797507788
2026-05-26,3532,2026-05-27,False,False,False,0,296.0,True,False,1.8581081081081081
2026-05-26,3673,2026-05-27,True,False,True,2,89.3,True,True,1.567749160134369
2026-05-26,6147,2026-05-27,False,False,True,1,268.5,True,True,1.303538175046555
2026-05-26,6425,2026-05-27,True,False,False,1,104.5,True,True,1.9138755980861244
2026-05-26,6435,2026-05-27,True,False,False,1,306.5,True,False,5.383360522022838
2026-05-27,2305,2026-05-28,True,False,False,1,23.7,True,True,2.109704641350211
2026-05-27,5864,2026-05-28,True,False,False,1,40.6,True,False,1.8472906403940885
2026-05-27,6218,2026-05-28,True,False,False,1,41.85,True,True,5.615292712066909
2026-05-27,6291,2026-05-28,True,False,False,1,636.0,True,True,-2.8301886792452833
2026-05-27,6706,2026-05-28,False,False,False,0,211.0,True,False,4.028436018957346
2026-05-28,1522,2026-05-29,True,False,False,1,34.55,True,False,0.0
2026-05-28,1524,2026-05-29,True,False,True,2,34.5,True,False,3.043478260869557
2026-05-28,1563,2026-05-29,True,False,False,1,66.4,True,True,-0.4518072289156583
2026-05-28,1568,2026-05-29,True,False,False,1,45.35,True,False,0.0
2026-05-28,2472,2026-05-29,True,True,False,2,382.5,True,True,3.0065359477124183
2026-05-28,3528,2026-05-29,True,False,False,1,112.5,True,True,-4.444444444444445
2026-05-28,6141,2026-05-29,True,False,False,1,44.5,True,False,-3.3707865168539324
2026-05-28,6187,2026-05-29,True,True,False,2,1245.0,True,False,10.040160642570282
2026-05-28,6235,2026-05-29,True,False,False,1,44.4,True,False,-1.3513513513513546
2026-05-28,6605,2026-05-29,True,False,False,1,148.5,True,True,1.6835016835016834
2026-05-29,1319,2026-06-01,True,False,False,1,91.0,True,True,3.8461538461538463
2026-05-29,3021,2026-06-01,True,False,False,1,,False,False,
2026-05-29,3481,2026-06-01,True,False,False,1,54.3,True,True,-3.3149171270718316
2026-05-29,3532,2026-06-01,True,True,True,3,,False,False,
2026-05-29,4931,2026-06-01,True,False,False,1,240.5,True,True,0.8316008316008316
2026-05-29,4939,2026-06-01,True,False,False,1,55.5,True,False,0.0
2026-05-29,6147,2026-06-01,True,True,False,2,292.0,True,True,2.2260273972602738
2026-05-29,7792,2026-06-01,True,False,False,1,306.5,True,True,3.7520391517128875
2026-06-01,1528,2026-06-02,False,False,False,0,30.05,True,False,0.0
2026-06-01,2324,2026-06-02,True,False,True,2,44.35,True,False,0.0
2026-06-01,2331,2026-06-02,True,False,False,1,25.75,True,True,0.5825242718446546
2026-06-01,2357,2026-06-02,False,False,False,0,920.0,True,False,0.0
2026-06-01,2408,2026-06-02,False,True,False,1,414.5,True,False,-1.2062726176115801
2026-06-01,3234,2026-06-02,True,False,False,1,127.0,True,True,-2.3622047244094486
2026-06-01,3338,2026-06-02,False,False,False,0,88.7,True,False,0.0
2026-06-01,3532,2026-06-02,True,False,True,2,,False,False,
2026-06-01,6125,2026-06-02,True,False,False,1,73.6,True,True,3.5326086956521667
2026-06-01,6127,2026-06-02,False,False,False,0,76.5,True,False,-6.405228758169942
2026-06-01,6207,2026-06-02,True,False,True,2,128.0,True,True,0.78125
2026-06-01,6269,2026-06-02,True,False,True,2,76.0,True,False,1.447368421052624
2026-06-02,1528,2026-06-03,True,False,False,1,31.5,True,True,2.539682539682542
2026-06-02,1809,2026-06-03,True,False,False,1,51.8,True,True,-8.494208494208506
2026-06-02,3338,2026-06-03,True,False,False,1,89.6,True,True,4.241071428571426
2026-06-02,6214,2026-06-03,True,False,False,1,155.0,True,True,1.2903225806451613
2026-06-03,1504,2026-06-04,False,True,False,1,89.0,True,False,2.247191011235955
2026-06-03,1529,2026-06-04,True,True,False,2,25.65,True,False,5.653021442495124
2026-06-03,2009,2026-06-04,True,False,True,2,45.35,True,False,1.874310915104744
2026-06-03,2349,2026-06-04,True,True,False,2,15.25,True,True,2.2950819672131124
2026-06-03,2352,2026-06-04,True,False,True,2,34.85,True,True,1.721664275466288
2026-06-03,3163,2026-06-04,False,False,False,0,1025.0,True,False,3.414634146341464
2026-06-03,3211,2026-06-04,True,True,False,2,463.0,True,False,1.9438444924406046
2026-06-04,1514,2026-06-05,True,True,False,2,135.0,True,True,0.0
2026-06-04,1708,2026-06-05,True,False,False,1,,False,False,
2026-06-04,6409,2026-06-05,True,False,False,1,928.0,True,False,0.0
2026-06-04,6547,2026-06-05,True,False,False,1,47.7,True,True,-2.0964360587002093
2026-06-04,8936,2026-06-05,True,False,False,1,58.0,True,True,-8.275862068965512
2026-06-05,5426,2026-06-08,True,False,False,1,31.7,True,False,-3.785488958990534
2026-06-05,6409,2026-06-08,True,False,False,1,921.0,True,True,2.2801302931596092
2026-06-08,1449,2026-06-09,True,False,True,2,16.35,True,False,0.0
2026-06-08,1714,2026-06-09,True,False,True,2,13.9,True,False,0.0
2026-06-08,4542,2026-06-09,True,False,False,1,,False,False,
2026-06-08,6270,2026-06-09,True,False,False,1,39.4,True,False,0.0
2026-06-09,1714,2026-06-10,False,True,False,1,14.0,True,True,6.428571428571431
2026-06-09,3176,2026-06-10,True,False,False,1,34.0,True,True,2.5000000000000044
2026-06-09,4542,2026-06-10,True,False,False,1,380.0,True,False,13.94736842105263
2026-06-09,5498,2026-06-10,True,False,False,1,67.5,True,False,10.07407407407407
2026-06-09,6217,2026-06-10,True,False,False,1,263.5,True,False,11.57495256166983
2026-06-09,6270,2026-06-10,True,False,False,1,39.35,True,True,6.7344345616264265
2026-06-09,6432,2026-06-10,True,False,False,1,78.8,True,False,3.6802030456852686
2026-06-09,6870,2026-06-10,True,True,False,2,,False,False,
2026-06-09,7749,2026-06-10,True,False,False,1,536.0,True,False,2.425373134328358
2026-06-09,8150,2026-06-10,True,True,False,2,99.7,True,False,11.434302908726183
2026-06-09,8182,2026-06-10,True,False,True,2,54.9,True,False,9.653916211293256
2026-06-10,2348,2026-06-11,True,False,False,1,75.0,True,True,3.2000000000000077
2026-06-10,2520,2026-06-11,True,False,False,1,33.85,True,True,1.3293943870014855
2026-06-10,2524,2026-06-11,True,False,False,1,,False,False,
2026-06-10,3441,2026-06-11,True,False,False,1,64.4,True,True,-11.024844720496885
2026-06-10,4113,2026-06-11,True,True,False,2,16.8,True,False,1.488095238095238
2026-06-10,5508,2026-06-11,True,False,False,1,56.5,True,True,2.831858407079648
2026-06-10,7717,2026-06-11,True,False,False,1,663.0,True,True,9.653092006033184
2026-06-11,1714,2026-06-12,True,False,False,1,14.95,True,False,-1.6722408026755853
2026-06-11,3290,2026-06-12,True,False,False,1,63.6,True,False,3.45911949685535
2026-06-11,4556,2026-06-12,True,False,False,1,66.8,True,False,0.0
2026-06-11,4807,2026-06-12,True,False,False,1,,False,False,
2026-06-11,5498,2026-06-12,True,False,False,1,69.2,True,False,-0.28901734104046656
2026-06-12,2404,2026-06-15,False,False,False,0,1385.0,True,False,0.36101083032490977
2026-06-12,3014,2026-06-15,True,False,False,1,158.0,True,True,4.746835443037975
2026-06-12,3303,2026-06-15,True,False,False,1,62.8,True,False,-0.15923566878981119
2026-06-12,4542,2026-06-15,False,False,False,0,,False,False,
2026-06-12,6449,2026-06-15,True,False,False,1,463.0,True,False,0.0
2026-06-12,9136,2026-06-15,True,False,False,1,16.85,True,True,1.1869436201780583
2026-06-15,2426,2026-06-16,True,False,False,1,74.3,True,True,7.267833109017485
2026-06-15,3016,2026-06-16,True,False,True,2,131.5,True,False,9.125475285171103
2026-06-15,3026,2026-06-16,False,False,False,0,860.0,True,False,5.232558139534884
2026-06-15,3455,2026-06-16,True,False,False,1,253.5,True,True,6.508875739644971
2026-06-15,4721,2026-06-16,True,False,False,1,108.5,True,False,9.216589861751153
2026-06-15,4919,2026-06-16,True,False,False,1,192.5,True,True,4.935064935064935
2026-06-15,6153,2026-06-16,True,False,True,2,24.35,True,True,5.133470225872689
2026-06-15,6691,2026-06-16,True,False,False,1,717.0,True,True,0.9762900976290098
2026-06-15,6719,2026-06-16,True,False,False,1,242.5,True,True,1.2371134020618557
2026-06-16,1905,2026-06-17,True,False,False,1,15.55,True,False,0.0
2026-06-16,2464,2026-06-17,False,False,False,0,169.5,True,False,2.0648967551622417
2026-06-16,3362,2026-06-17,True,False,False,1,213.0,True,False,2.5821596244131455
2026-06-16,6207,2026-06-17,False,False,True,1,145.0,True,True,-13.10344827586207
2026-06-17,2332,2026-06-18,True,False,False,1,20.05,True,False,0.0
2026-06-18,1905,2026-06-22,True,False,False,1,18.8,True,False,1.861702127659582
2026-06-18,2316,2026-06-22,True,False,False,1,226.0,True,False,0.0
2026-06-18,2332,2026-06-22,True,False,False,1,19.25,True,True,1.558441558441562
2026-06-18,2426,2026-06-22,True,False,False,1,89.3,True,False,-0.6718924972004575
2026-06-18,3357,2026-06-22,False,False,False,0,343.0,True,False,-1.0204081632653061
2026-06-18,8255,2026-06-22,True,False,True,2,214.5,True,False,0.0
2026-06-18,8261,2026-06-22,False,True,False,1,236.5,True,False,0.0
2026-06-22,2363,2026-06-23,True,False,True,2,69.8,True,True,5.587392550143255
2026-06-22,2409,2026-06-23,False,True,False,1,32.6,True,False,10.88957055214724
2026-06-22,3035,2026-06-23,False,False,False,0,242.0,True,False,3.71900826446281
2026-06-22,3189,2026-06-23,True,True,False,2,767.0,True,True,5.215123859191656
2026-06-22,4169,2026-06-23,False,False,False,0,193.0,True,False,4.404145077720207
2026-06-22,5299,2026-06-23,True,True,False,2,133.0,True,True,2.2556390977443606
2026-06-22,5347,2026-06-23,True,True,True,3,188.5,True,True,1.0610079575596816
2026-06-22,6202,2026-06-23,True,False,False,1,73.8,True,True,3.9295392953929427
2026-06-22,6693,2026-06-23,True,False,False,1,252.0,True,False,6.15079365079365
2026-06-22,7712,2026-06-23,True,False,False,1,196.5,True,True,-1.7811704834605597
2026-06-22,8261,2026-06-23,False,False,True,1,260.0,True,False,0.0
2026-06-23,2369,2026-06-24,True,True,False,2,43.15,True,True,-0.3476245654692899
2026-06-23,3016,2026-06-24,False,True,False,1,147.0,True,True,6.462585034013606
2026-06-23,6168,2026-06-24,True,False,False,1,33.7,True,False,-5.341246290801178
2026-06-23,7799,2026-06-24,True,False,False,1,442.5,True,False,6.666666666666667
2026-06-23,8054,2026-06-24,True,False,False,1,123.5,True,False,-10.526315789473683
2026-06-23,8261,2026-06-24,True,False,True,2,249.0,True,True,1.0040160642570282
2026-06-23,8438,2026-06-24,True,False,False,1,100.5,True,False,3.3830845771144333
2026-06-24,2351,2026-06-25,False,True,False,1,213.0,True,True,1.8779342723004695
2026-06-24,3055,2026-06-25,True,False,False,1,102.0,True,True,0.0
2026-06-24,3360,2026-06-25,True,False,False,1,20.55,True,True,-1.7031630170316197
2026-06-24,5489,2026-06-25,True,False,False,1,67.4,True,True,-0.5934718100890081
2026-06-24,6213,2026-06-25,False,False,True,1,339.5,True,False,0.0
2026-06-24,6877,2026-06-25,True,False,False,1,142.5,True,False,3.1578947368421053
2026-06-25,1718,2026-06-26,True,False,False,1,10.15,True,True,-9.852216748768472
2026-06-25,3189,2026-06-26,False,True,False,1,887.0,True,False,10.146561443066517
2026-06-25,5328,2026-06-26,True,False,True,2,67.6,True,False,-3.8461538461538587
2026-06-26,6174,2026-06-29,True,False,False,1,55.9,True,True,12.701252236135959
2026-06-26,6291,2026-06-29,True,False,False,1,617.0,True,True,4.700162074554295
2026-06-29,1718,2026-06-30,True,False,False,1,13.45,True,False,0.0
2026-06-29,2406,2026-06-30,True,False,True,2,40.1,True,True,-4.239401496259341
2026-06-29,3227,2026-06-30,False,False,False,0,234.0,True,False,-1.7094017094017095
2026-06-29,4707,2026-06-30,True,True,False,2,30.15,True,True,2.8192371475953495
2026-06-29,4763,2026-06-30,True,False,True,2,48.25,True,True,1.7616580310880858
2026-06-29,7402,2026-06-30,True,False,True,2,114.0,True,False,-0.8771929824561403
2026-06-29,7795,2026-06-30,True,False,False,1,556.0,True,False,0.0
2026-06-29,8033,2026-06-30,True,False,False,1,164.5,True,False,-3.0395136778115504
2026-06-30,2208,2026-07-01,True,False,False,1,19.45,True,True,3.598971722365035
2026-06-30,2327,2026-07-01,False,True,False,1,1170.0,True,True,2.564102564102564
2026-06-30,2352,2026-07-01,False,True,True,2,34.0,True,True,4.852941176470584
2026-06-30,2375,2026-07-01,True,False,False,1,228.0,True,False,-1.9736842105263157
2026-06-30,3357,2026-07-01,True,True,False,2,322.5,True,True,5.271317829457364
2026-06-30,5328,2026-07-01,False,True,True,2,78.2,True,False,0.0
2026-06-30,6127,2026-07-01,True,False,False,1,100.5,True,False,3.5820895522388008
2026-06-30,6271,2026-07-01,True,False,False,1,278.0,True,False,-3.41726618705036
2026-06-30,8033,2026-07-01,True,False,False,1,184.5,True,False,-0.8130081300813009
2026-07-01,1710,2026-07-02,True,False,True,2,17.4,True,True,-5.74712643678161
2026-07-01,2375,2026-07-02,False,True,True,2,228.0,True,False,4.824561403508771
2026-07-01,2484,2026-07-02,True,False,True,2,82.8,True,False,-5.917874396135272
2026-07-01,3055,2026-07-02,True,False,False,1,140.0,True,False,0.0
2026-07-01,5328,2026-07-02,True,True,False,2,84.1,True,False,2.6159334126040297
2026-07-01,5426,2026-07-02,True,False,False,1,33.0,True,True,0.45454545454545026
2026-07-01,6207,2026-07-02,True,True,False,2,164.0,True,False,7.317073170731707
2026-07-01,6515,2026-07-02,False,True,True,2,8940.0,True,False,-4.138702460850112
2026-07-01,8043,2026-07-02,True,True,False,2,217.0,True,False,9.216589861751153
2026-07-02,2427,2026-07-03,True,False,False,1,24.2,True,True,-10.123966942148757
2026-07-02,2486,2026-07-03,True,False,True,2,247.0,True,True,-0.8097165991902834
2026-07-02,3055,2026-07-03,True,False,False,1,145.0,True,False,-5.172413793103448
2026-07-02,3289,2026-07-03,False,True,False,1,183.5,True,True,1.9073569482288828
2026-07-02,3317,2026-07-03,True,True,False,2,96.6,True,True,0.41407867494823136
2026-07-02,3577,2026-07-03,True,False,False,1,140.5,True,True,1.7793594306049825
2026-07-02,4585,2026-07-03,True,False,False,1,345.5,True,True,1.447178002894356
2026-07-02,4989,2026-07-03,False,True,False,1,100.5,True,False,-9.950248756218906
2026-07-02,5439,2026-07-03,False,False,False,0,341.5,True,False,-2.781844802342606
2026-07-02,5460,2026-07-03,True,False,False,1,19.9,True,False,3.0150753768844116
2026-07-02,6548,2026-07-03,False,True,False,1,91.7,True,False,0.10905125408943131
2026-07-02,6739,2026-07-03,True,False,False,1,1320.0,True,False,1.5151515151515151
2026-07-02,6870,2026-07-03,True,False,False,1,323.0,True,False,4.024767801857585
2026-07-02,7828,2026-07-03,True,False,False,1,2330.0,True,True,5.579399141630901
2026-07-02,8374,2026-07-03,True,False,False,1,96.1,True,True,3.5379812695109174
2026-07-03,1313,2026-07-06,False,True,False,1,14.0,True,True,3.214285714285709
2026-07-03,1718,2026-07-06,True,False,False,1,15.55,True,True,2.2508038585209094
2026-07-03,2630,2026-07-06,True,False,True,2,55.5,True,False,-1.4414414414414363
2026-07-03,4541,2026-07-06,True,True,False,2,63.8,True,False,-4.545454545454555
2026-07-03,4991,2026-07-06,True,True,False,2,553.0,True,True,5.786618444846293
2026-07-03,6174,2026-07-06,True,False,False,1,63.5,True,True,0.7874015748031495
2026-07-03,6525,2026-07-06,True,False,False,1,201.0,True,False,0.0
2026-07-06,1609,2026-07-07,False,False,False,0,43.7,True,False,4.004576659038901
2026-07-06,2369,2026-07-07,True,False,False,1,43.9,True,True,5.353075170842828
2026-07-06,2481,2026-07-07,True,False,False,1,,False,False,
2026-07-06,3094,2026-07-07,True,False,False,1,41.7,True,True,5.275779376498808
2026-07-06,3317,2026-07-07,True,False,True,2,104.0,True,True,6.826923076923072
2026-07-06,5299,2026-07-07,True,False,True,2,132.0,True,True,3.4090909090909087
2026-07-06,5425,2026-07-07,True,False,False,1,,False,False,
2026-07-06,6121,2026-07-07,True,True,False,2,473.5,True,True,5.59662090813094
2026-07-06,6435,2026-07-07,True,False,True,2,432.5,True,True,7.745664739884393
2026-07-06,6693,2026-07-07,False,False,False,0,,False,False,
2026-07-07,4169,2026-07-08,False,False,False,0,272.0,True,False,-2.5735294117647056
2026-07-07,6416,2026-07-08,True,False,False,1,93.0,True,False,-4.516129032258068
2026-07-07,6525,2026-07-08,True,False,False,1,211.5,True,True,5.91016548463357
2026-07-07,6919,2026-07-08,True,True,True,3,106.5,True,True,1.8779342723004695
2026-07-08,2601,2026-07-09,True,False,False,1,8.05,True,False,0.8695652173913079
2026-07-08,2645,2026-07-09,True,False,False,1,245.5,True,False,2.240325865580448
2026-07-08,3211,2026-07-09,True,False,False,1,441.0,True,True,-2.947845804988662
2026-07-08,3374,2026-07-09,False,False,False,0,356.5,True,False,0.0
2026-07-08,3617,2026-07-09,True,False,False,1,238.0,True,True,-1.680672268907563
2026-07-08,4931,2026-07-09,True,True,True,3,267.5,True,True,4.672897196261682
2026-07-09,2465,2026-07-13,True,True,False,2,89.6,True,True,4.129464285714273
2026-07-09,3374,2026-07-13,True,False,False,1,359.5,True,True,0.4172461752433936
2026-07-09,4768,2026-07-13,True,False,False,1,366.5,True,True,4.774897680763983
2026-07-09,5484,2026-07-13,True,False,False,1,50.5,True,True,2.673267326732676
2026-07-09,6449,2026-07-13,True,False,False,1,347.0,True,True,8.645533141210375
2026-07-09,6488,2026-07-13,True,True,False,2,1485.0,True,False,0.0
2026-07-09,7714,2026-07-13,True,False,False,1,181.5,True,False,-1.6528925619834711
2026-07-09,8064,2026-07-13,True,False,False,1,143.0,True,False,5.944055944055944
2026-07-09,8383,2026-07-13,True,False,False,1,76.6,True,False,0.0
2026-07-13,3008,2026-07-14,True,False,False,1,4360.0,True,True,2.1788990825688073
2026-07-13,3016,2026-07-14,False,False,False,0,126.0,True,False,1.5873015873015872
2026-07-13,3441,2026-07-14,True,False,False,1,68.2,True,True,1.3196480938416504
2026-07-13,3532,2026-07-14,False,False,False,0,450.5,True,False,-13.20754716981132
2026-07-13,3702,2026-07-14,True,False,False,1,116.5,True,False,-2.575107296137339
2026-07-13,4541,2026-07-14,True,False,True,2,68.7,True,False,-2.76564774381367
2026-07-13,8039,2026-07-14,True,False,False,1,184.0,True,False,-0.8152173913043478
2026-07-15,3583,2026-07-16,False,False,False,0,834.0,True,False,0.4796163069544364
2026-07-15,4939,2026-07-16,True,False,False,1,62.8,True,False,-6.369426751592357
2026-07-15,6187,2026-07-16,True,False,False,1,1080.0,True,False,0.4629629629629629
2026-07-15,7734,2026-07-16,False,False,False,0,,False,False,
2026-07-15,8046,2026-07-16,True,True,False,2,1375.0,True,True,7.2727272727272725
2026-07-15,8150,2026-07-16,False,False,False,0,118.5,True,False,-3.375527426160337
2026-07-16,2484,2026-07-17,True,True,True,3,81.2,True,True,0.6157635467980295
2026-07-16,4534,2026-07-17,True,False,True,2,43.5,True,False,4.137931034482753
2026-07-16,6243,2026-07-17,True,False,False,1,49.9,True,False,-3.4068136272545146
2026-07-16,6505,2026-07-17,True,False,False,1,80.2,True,False,-1.3715710723191947
2026-07-16,8039,2026-07-17,True,False,False,1,198.5,True,False,3.022670025188917
2026-07-16,9921,2026-07-17,True,False,False,1,88.1,True,False,1.70261066969353
2026-07-20,2388,2026-07-21,False,False,False,0,71.3,True,False,-1.2622720897615787
2026-07-20,3577,2026-07-21,True,False,False,1,141.5,True,True,-10.954063604240282
2026-07-20,6533,2026-07-21,True,False,False,1,233.0,True,True,-0.6437768240343348
2026-07-21,1810,2026-07-22,True,False,True,2,34.1,True,False,-0.14662756598239635
2026-07-21,2454,2026-07-22,False,True,False,1,3910.0,True,True,1.5345268542199488
2026-07-21,2630,2026-07-22,False,False,False,0,58.2,True,False,8.59106529209622
2026-07-21,2634,2026-07-22,False,True,False,1,71.6,True,True,10.055865921787694
2026-07-21,3374,2026-07-22,True,False,True,2,398.5,True,False,-4.893350062735257
2026-07-21,4939,2026-07-22,True,False,False,1,75.3,True,True,5.843293492695872
2026-07-21,5328,2026-07-22,True,False,True,2,66.3,True,False,0.0
2026-07-21,6213,2026-07-22,True,False,True,2,379.5,True,False,3.293807641633729
2026-07-21,6414,2026-07-22,True,False,False,1,475.0,True,False,-3.1578947368421053
2026-07-21,6505,2026-07-22,True,False,False,1,87.5,True,False,2.742857142857149
2026-07-21,6753,2026-07-22,False,False,False,0,157.0,True,False,7.961783439490445
2026-07-21,8039,2026-07-22,True,False,True,2,222.0,True,True,-4.954954954954955
2026-07-22,1810,2026-07-23,True,False,False,1,32.2,True,True,4.503105590062121
2026-07-22,2337,2026-07-23,False,False,False,0,132.5,True,False,2.2641509433962264
2026-07-22,2344,2026-07-23,True,True,False,2,169.0,True,True,4.733727810650888
2026-07-22,2406,2026-07-23,True,False,False,1,35.3,True,True,5.524079320113303
2026-07-22,2408,2026-07-23,False,True,False,1,446.0,True,True,4.484304932735426
2026-07-22,2492,2026-07-23,True,False,False,1,,False,False,
2026-07-22,3491,2026-07-23,True,False,False,1,1290.0,True,True,-0.7751937984496124
2026-07-23,8039,2026-07-24,True,True,False,2,251.0,True,True,4.382470119521913
2026-07-27,7751,2026-07-28,True,False,False,1,,False,False,
2026-07-31,1303,2026-08-03,True,False,True,2,171.5,True,False,3.7900874635568513
2026-07-31,1785,2026-08-03,True,False,False,1,103.0,True,False,-3.3980582524271843
2026-07-31,2301,2026-08-03,False,True,False,1,229.5,True,False,0.0
2026-07-31,2449,2026-08-03,True,True,False,2,232.5,True,True,-0.43010752688172044
2026-07-31,2454,2026-08-03,False,True,False,1,3910.0,True,False,0.0
2026-07-31,3006,2026-08-03,False,False,False,0,198.0,True,False,0.0
2026-07-31,3374,2026-08-03,False,True,False,1,304.5,True,False,0.0
2026-07-31,3711,2026-08-03,True,False,False,1,610.0,True,False,0.0
2026-07-31,6223,2026-08-03,True,False,False,1,5695.0,True,False,-1.9315188762071993
2026-07-31,7769,2026-08-03,True,False,False,1,6610.0,True,False,2.798789712556732
2026-07-31,8046,2026-08-03,True,True,False,2,,False,False,
2026-08-03,2301,2026-08-04,True,True,False,2,252.0,True,False,0.0
2026-08-03,2327,2026-08-04,False,True,False,1,555.0,True,True,-1.981981981981982
2026-08-03,2345,2026-08-04,False,True,False,1,2310.0,True,True,-0.4329004329004329
2026-08-03,2454,2026-08-04,True,False,False,1,3915.0,True,True,1.277139208173691
2026-08-03,3443,2026-08-04,False,False,False,0,4275.0,True,False,3.0409356725146197
2026-08-03,3491,2026-08-04,True,False,False,1,1155.0,True,True,-1.2987012987012987
2026-08-03,6213,2026-08-04,True,False,False,1,309.0,True,False,-0.3236245954692557
2026-08-03,8042,2026-08-04,True,True,True,3,107.5,True,True,-2.7906976744186047
2026-08-04,1815,2026-08-05,True,False,False,1,85.5,True,True,1.8713450292397595
2026-08-04,3008,2026-08-05,False,False,True,1,4415.0,True,False,-3.6240090600226504
2026-08-04,8046,2026-08-05,True,False,False,1,,False,False,
2026-08-05,3081,2026-08-06,False,False,False,0,2375.0,True,False,0.0
2026-08-05,3163,2026-08-06,True,False,False,1,745.0,True,False,4.697986577181208
2026-08-05,3450,2026-08-06,False,False,False,0,488.5,True,False,-0.6141248720573182
2026-08-05,4906,2026-08-06,True,False,False,1,36.0,True,True,1.3888888888888888
2026-08-05,4908,2026-08-06,True,False,False,1,166.0,True,True,5.421686746987952
2026-08-05,4958,2026-08-06,True,True,False,2,465.0,True,True,-3.655913978494624
2026-08-05,6147,2026-08-06,True,False,True,2,149.0,True,True,-1.342281879194631
2026-08-05,6446,2026-08-06,False,True,False,1,1355.0,True,True,4.797047970479705
2026-08-05,6683,2026-08-06,True,False,False,1,1175.0,True,False,-0.851063829787234
2026-08-05,6706,2026-08-06,True,False,False,1,113.0,True,True,0.8849557522123894
2026-08-05,6727,2026-08-06,True,False,False,1,411.0,True,True,2.67639902676399
2026-08-05,6770,2026-08-06,True,True,False,2,66.7,True,False,0.14992503748127214
2026-08-06,3324,2026-08-07,False,False,False,0,1035.0,True,False,1.932367149758454
2026-08-06,6805,2026-08-07,True,False,False,1,1760.0,True,True,5.113636363636364
2026-08-06,7610,2026-08-07,False,False,False,0,1750.0,True,False,-5.714285714285714
2026-08-06,8299,2026-08-07,True,True,False,2,2040.0,True,True,0.9803921568627451
2026-08-06,8358,2026-08-07,True,False,True,2,371.0,True,True,5.121293800539084
2026-08-07,2103,2026-08-10,True,False,False,1,27.5,True,False,0.0
