code,name,lock_start,lock_end,lock_days,d1,entry_day,entry_open,entry_o,entry_h,entry_l,entry_c,base_ret,tp2_ret,tp2_hit,censored,entry_is_ceiling,citycenter_overlap,cum_net_buy_ntd,flip_ratio,year
2603,長榮,2018-01-02,2018-01-02,1,2018-01-03,2018-01-03,18.3,18.3,18.5,17.55,17.7,3.278688524590172,1.999999999999998,True,False,False,False,93501550.0,0.5173614768953028,2018
2327,國巨*,2018-01-03,2018-01-03,1,2018-01-04,2018-01-04,401.0,401.0,420.0,394.0,398.5,0.6234413965087282,0.6234413965087282,False,False,False,False,104641000.0,0.3389350254680288,2018
3026,禾伸堂,2018-01-03,2018-01-03,1,2018-01-04,2018-01-04,123.0,123.0,124.5,118.0,118.0,4.065040650406504,2.0000000000000067,True,False,False,False,103443000.0,0.6513538857148381,2018
3059,華晶科,2018-01-04,2018-01-04,1,2018-01-05,2018-01-05,36.5,36.5,36.5,35.2,35.6,2.4657534246575303,2.0000000000000107,True,False,False,False,83308500.0,0.4375831997935385,2018
3532,台勝科,2018-01-05,2018-01-05,1,2018-01-08,2018-01-08,111.5,111.5,119.0,107.5,114.5,-2.690582959641256,2.0000000000000036,True,False,False,False,40590000.0,0.0,2018
3008,大立光,2018-01-12,2018-01-12,1,2018-01-15,2018-01-15,4255.0,4255.0,4270.0,3980.0,4030.0,5.287896592244419,2.000000000000009,True,False,False,False,61500000.0,0.0,2018
2455,全新,2018-01-15,2018-01-15,1,2018-01-16,2018-01-16,109.0,109.0,113.5,105.5,106.0,2.752293577981652,2.000000000000006,True,False,False,False,347868000.0,0.1285890050248945,2018
2481,強茂,2018-01-15,2018-01-15,1,2018-01-16,2018-01-16,37.7,37.7,38.75,36.6,38.55,-2.254641909814308,1.9999999999999938,True,False,False,False,56769000.0,0.1874227131004597,2018
2405,輔信,2018-01-16,2018-01-16,1,2018-01-17,2018-01-17,22.1,22.1,22.95,21.45,21.85,1.1312217194570136,2.000000000000001,True,False,False,False,87225200.00000001,1.0,2018
8163,達方,2018-01-16,2018-01-16,1,2018-01-17,2018-01-17,34.35,34.35,34.4,32.05,32.15,6.404657933042221,1.9999999999999931,True,False,False,False,42769200.0,0.4668113969866164,2018
3532,台勝科,2018-01-18,2018-01-18,1,2018-01-19,2018-01-19,130.5,130.5,133.5,127.5,130.0,0.3831417624521072,1.9999999999999998,True,False,False,False,106934000.0,0.0,2018
6451,訊芯-KY,2018-01-23,2018-01-23,1,2018-01-24,2018-01-24,158.0,158.0,161.0,150.5,152.0,3.79746835443038,1.999999999999998,True,False,False,False,134458000.0,0.3798360826429071,2018
2349,錸德,2018-01-23,2018-01-24,2,2018-01-25,2018-01-25,5.87,5.87,6.12,5.61,5.65,3.7478705281090248,1.9999999999999991,True,False,False,False,40309219.99999999,0.7198948528401196,2018
3035,智原,2018-01-24,2018-01-24,1,2018-01-25,2018-01-25,69.0,69.0,74.3,68.2,69.0,0.0,0.0,False,False,False,False,77998599.99999999,0.9262089319551892,2018
3661,世芯-KY,2018-01-25,2018-01-25,1,2018-01-26,2018-01-26,123.5,123.5,124.5,117.5,120.5,2.42914979757085,1.9999999999999991,True,False,False,False,70567000.0,1.014312639052248,2018
3035,智原,2018-01-26,2018-01-26,1,2018-01-29,2018-01-29,77.8,77.8,83.4,77.8,82.8,-6.426735218508997,-6.426735218508997,False,False,False,False,183070800.00000003,0.0999547715965626,2018
2377,微星,2018-01-29,2018-01-29,1,2018-01-30,2018-01-30,105.0,105.0,105.0,96.6,96.7,7.904761904761901,2.000000000000008,True,False,False,False,91542000.0,0.7088079788512378,2018
4919,新唐,2018-01-29,2018-01-29,1,2018-01-30,2018-01-30,77.3,77.3,79.2,74.1,75.3,2.58732212160414,2.0000000000000084,True,False,False,False,78273800.0,1.0418543625069947,2018
4943,康控-KY,2018-02-01,2018-02-01,1,2018-02-02,2018-02-02,330.0,330.0,335.0,300.0,300.5,8.93939393939394,2.000000000000007,True,False,False,False,91495000.0,0.9097600961801192,2018
8105,凌巨,2018-02-01,2018-02-01,1,2018-02-02,2018-02-02,20.15,20.15,20.2,19.5,19.5,3.2258064516128964,1.9999999999999938,True,False,False,False,66394250.0,0.4728572127857458,2018
3035,智原,2018-02-07,2018-02-07,1,2018-02-08,2018-02-08,74.9,74.9,74.9,67.6,69.1,7.743658210947945,2.0000000000000058,True,False,False,False,106208200.0,0.6011626220950923,2018
3532,台勝科,2018-02-07,2018-02-07,1,2018-02-08,2018-02-08,129.0,129.0,129.5,120.5,123.0,4.651162790697675,1.9999999999999987,True,False,False,False,84963000.0,0.0,2018
3035,智原,2018-03-05,2018-03-05,1,2018-03-06,2018-03-06,78.0,78.0,80.3,76.4,77.5,0.641025641025641,2.0000000000000027,True,False,False,False,45390800.0,0.6368581298412894,2018
4943,康控-KY,2018-03-12,2018-03-13,2,2018-03-14,2018-03-14,314.0,314.0,318.5,298.0,301.5,3.980891719745223,2.0000000000000093,True,False,False,False,139071000.0,0.0,2018
2337,旺宏,2018-03-27,2018-03-27,1,2018-03-28,2018-03-28,51.4,51.4,51.4,47.95,48.3,6.031128404669263,1.9999999999999976,True,False,False,False,60395000.0,-0.0,2018
2327,國巨*,2018-04-18,2018-04-18,1,2018-04-19,2018-04-19,664.0,664.0,704.0,650.0,650.0,2.108433734939759,1.9999999999999958,True,False,False,False,61752000.0,1.4420585568078768,2018
2327,國巨*,2018-04-23,2018-04-23,1,2018-04-24,2018-04-24,682.0,682.0,682.0,617.0,639.0,6.3049853372434015,1.999999999999998,True,False,False,False,138168000.0,0.4994788952579468,2018
2049,上銀,2018-05-07,2018-05-07,1,2018-05-08,2018-05-08,435.0,435.0,440.0,426.0,426.0,2.0689655172413794,1.9999999999999973,True,False,False,False,92662000.0,0.0,2018
3008,大立光,2018-05-07,2018-05-07,1,2018-05-08,2018-05-08,4020.0,4020.0,4070.0,3975.0,3990.0,0.7462686567164178,0.7462686567164178,False,False,False,False,196000000.0,-0.0,2018
2353,宏碁,2018-05-09,2018-05-09,1,2018-05-10,2018-05-10,23.85,23.85,24.55,23.7,23.7,0.6289308176100717,0.6289308176100717,False,False,False,False,63042000.0,0.8545112781954888,2018
2383,台光電,2018-05-10,2018-05-10,1,2018-05-11,2018-05-11,81.5,81.5,84.8,79.9,83.6,-2.5766871165644103,-2.5766871165644103,False,False,False,False,42637800.0,0.4470399504664875,2018
5483,中美晶,2018-05-14,2018-05-14,1,2018-05-15,2018-05-15,151.0,151.0,151.5,141.0,141.0,6.622516556291391,2.0000000000000067,True,False,False,False,43941000.0,0.0,2018
6488,環球晶,2018-05-14,2018-05-14,1,2018-05-15,2018-05-15,600.0,600.0,604.0,572.0,580.0,3.333333333333333,2.0,True,False,False,False,320650000.0,-0.0,2018
6180,橘子,2018-05-17,2018-05-17,1,2018-05-18,2018-05-18,77.0,77.0,79.9,76.1,77.0,0.0,0.0,False,False,False,False,44400000.0,1.1151126126126123,2018
3406,玉晶光,2018-05-21,2018-05-21,1,2018-05-22,2018-05-22,404.0,404.0,428.0,403.0,426.0,-5.445544554455446,-5.445544554455446,False,False,False,False,43164000.0,-0.0,2018
3504,揚明光,2018-05-30,2018-05-30,1,2018-05-31,2018-05-31,118.5,118.5,127.0,115.0,115.0,2.9535864978902957,2.000000000000004,True,False,False,False,40309500.0,0.6190848311192151,2018
5299,杰力,2018-05-28,2018-05-30,3,2018-05-31,2018-05-31,139.5,139.5,142.0,124.0,126.5,9.31899641577061,1.9999999999999942,True,False,False,False,54870000.0,0.182130490249681,2018
2351,順德,2018-06-12,2018-06-12,1,2018-06-13,2018-06-13,96.8,96.8,99.3,91.7,92.0,4.958677685950411,2.000000000000007,True,False,False,False,46961400.0,0.0,2018
3016,嘉晶,2018-06-11,2018-06-12,2,2018-06-13,2018-06-13,92.0,92.0,93.4,81.1,82.9,9.89130434782608,2.000000000000004,True,False,False,False,41107000.0,-0.0,2018
2303,聯電,2018-06-13,2018-06-13,1,2018-06-14,2018-06-14,18.35,18.35,18.55,17.9,18.1,1.3623978201634876,2.0000000000000044,True,False,False,False,138935000.0,0.3281671285133336,2018
2492,華新科,2018-06-26,2018-06-26,1,2018-06-27,2018-06-27,369.0,369.0,391.0,366.0,372.5,-0.9485094850948508,-0.9485094850948509,False,False,False,False,53416500.0,0.0,2018
3532,台勝科,2018-07-06,2018-07-06,1,2018-07-09,2018-07-09,140.5,140.5,143.0,135.5,137.5,2.135231316725979,2.0000000000000018,True,False,False,False,69496000.0,-0.0,2018
6488,環球晶,2018-07-06,2018-07-06,1,2018-07-09,2018-07-09,500.0,500.0,523.0,495.5,513.0,-2.6,-2.6,False,False,False,False,237373500.0,0.0,2018
3035,智原,2018-08-31,2018-08-31,1,2018-09-03,2018-09-03,73.7,73.7,75.2,69.5,69.5,5.698778833107196,2.000000000000005,True,False,False,False,66874399.99999999,0.2743650784156568,2018
1590,亞德客-KY,2018-09-21,2018-09-21,1,2018-09-25,2018-09-25,321.0,321.0,329.0,309.5,309.5,3.582554517133956,2.000000000000005,True,False,False,False,160758000.0,0.0,2018
6278,台表科,2018-09-25,2018-09-25,1,2018-09-26,2018-09-26,39.2,39.2,42.3,38.2,39.9,-1.785714285714275,1.9999999999999973,True,False,False,False,41983200.00000001,0.0,2018
3533,嘉澤,2018-10-31,2018-10-31,1,2018-11-01,2018-11-01,174.0,174.0,182.5,172.0,174.5,-0.2873563218390804,-0.28735632183908044,False,False,False,False,51900000.0,0.0,2018
1590,亞德客-KY,2018-10-31,2018-11-01,2,2018-11-02,2018-11-02,303.0,303.0,317.0,299.5,308.0,-1.65016501650165,-1.65016501650165,False,False,False,False,143538500.0,0.6480212625880861,2018
3105,穩懋,2018-11-01,2018-11-01,1,2018-11-02,2018-11-02,108.0,108.0,113.5,106.5,110.5,-2.314814814814815,-2.314814814814815,False,False,False,False,283299500.0,0.0,2018
6269,台郡,2018-11-01,2018-11-01,1,2018-11-02,2018-11-02,85.4,85.4,88.0,83.6,84.2,1.4051522248243593,1.999999999999998,True,False,False,False,59865400.0,-0.0,2018
6488,環球晶,2018-10-31,2018-11-01,2,2018-11-02,2018-11-02,289.0,289.0,294.0,278.5,287.0,0.6920415224913495,2.00000000000001,True,False,False,False,186030000.0,0.0,2018
2492,華新科,2018-10-31,2018-11-02,3,2018-11-05,2018-11-05,153.5,153.5,161.0,152.0,157.5,-2.6058631921824107,-2.6058631921824107,False,False,False,False,72434500.0,-0.0,2018
6488,環球晶,2018-11-27,2018-11-27,1,2018-11-28,2018-11-28,332.0,332.0,362.0,329.0,344.5,-3.765060240963856,-3.7650602409638556,False,False,False,False,60454000.0,0.0,2018
4943,康控-KY,2018-11-29,2018-11-29,1,2018-11-30,2018-11-30,160.5,160.5,161.5,154.0,155.0,3.4267912772585665,2.000000000000005,True,False,False,False,162630500.0,0.0457478763208623,2018
6415,矽力*-KY,2018-11-30,2018-11-30,1,2018-12-03,2018-12-03,515.0,515.0,536.0,503.0,535.0,-3.883495145631068,2.000000000000002,True,False,False,False,46800000.0,0.0,2018
3527,聚積,2018-12-03,2018-12-03,1,2018-12-04,2018-12-04,96.5,96.5,101.0,95.1,96.6,-0.1036269430051754,-0.10362694300517547,False,False,False,False,42412000.0,-0.0,2018
6414,樺漢,2018-12-03,2018-12-03,1,2018-12-04,2018-12-04,286.5,286.5,301.0,280.5,287.0,-0.1745200698080279,2.000000000000006,True,False,False,False,57700000.0,-0.0,2018
3596,智易,2019-01-16,2019-01-16,1,2019-01-17,2019-01-17,88.5,88.5,88.8,85.6,86.0,2.824858757062147,1.9999999999999956,True,False,False,False,52260000.0,0.0,2019
2492,華新科,2019-02-13,2019-02-13,1,2019-02-14,2019-02-14,200.0,200.0,201.0,194.5,195.5,2.25,2.0,True,False,False,False,131208500.0,-0.0,2019
6173,信昌電,2019-02-12,2019-02-13,2,2019-02-14,2019-02-14,76.6,76.6,78.3,75.1,76.4,0.2610966057441105,0.2610966057441105,False,False,False,False,51191100.0,-0.0,2019
2439,美律,2019-03-04,2019-03-04,1,2019-03-05,2019-03-05,180.5,180.5,181.0,177.0,180.5,0.0,0.0,False,False,False,False,53428000.0,-0.0,2019
3105,穩懋,2019-03-15,2019-03-15,1,2019-03-18,2019-03-18,199.0,199.0,206.0,197.0,197.5,0.7537688442211055,0.7537688442211055,False,False,False,False,117040000.0,0.0,2019
2317,鴻海,2019-04-01,2019-04-01,1,2019-04-02,2019-04-02,81.8,81.8,83.6,81.3,82.0,-0.2444987775061159,-0.24449877750611593,False,False,False,False,297586399.99999994,-0.0,2019
2404,漢唐,2019-04-23,2019-04-23,1,2019-04-24,2019-04-24,134.0,134.0,136.0,129.5,131.5,1.8656716417910448,2.0000000000000053,True,False,False,False,51808500.0,-0.0,2019
3227,原相,2019-05-10,2019-05-10,1,2019-05-13,2019-05-13,126.0,126.0,126.5,121.5,124.5,1.1904761904761905,1.999999999999997,True,False,False,False,56628000.0,0.0,2019
2383,台光電,2019-07-01,2019-07-01,1,2019-07-02,2019-07-02,101.5,101.5,104.5,101.0,102.5,-0.9852216748768472,-0.9852216748768473,False,False,False,False,48410000.0,0.3493596364387523,2019
3034,聯詠,2019-07-01,2019-07-01,1,2019-07-02,2019-07-02,190.0,190.0,190.5,184.0,185.0,2.631578947368421,2.0000000000000058,True,False,False,False,193610000.0,0.0554206910800062,2019
3037,欣興,2019-07-01,2019-07-01,1,2019-07-02,2019-07-02,38.6,38.6,39.2,38.0,38.5,0.259067357512957,0.259067357512957,False,False,False,False,57815000.0,0.0,2019
3376,新日興,2019-09-02,2019-09-02,1,2019-09-03,2019-09-03,131.5,131.5,131.5,124.5,124.5,5.323193916349809,1.9999999999999967,True,False,False,False,43164000.0,0.0,2019
2313,華通,2019-09-05,2019-09-05,1,2019-09-06,2019-09-06,37.4,37.4,38.05,36.85,37.0,1.0695187165775364,1.0695187165775364,False,False,False,False,88023000.0,-0.0,2019
3661,世芯-KY,2019-11-08,2019-11-08,1,2019-11-11,2019-11-11,211.5,211.5,213.0,198.0,203.0,4.018912529550828,1.9999999999999951,True,False,False,False,81396000.0,-0.0,2019
4938,和碩,2019-11-08,2019-11-08,1,2019-11-11,2019-11-11,67.6,67.6,67.9,66.0,66.7,1.3313609467455496,2.0000000000000058,True,False,False,False,91662600.0,-0.0,2019
2409,友達,2019-12-09,2019-12-09,1,2019-12-10,2019-12-10,9.07,9.07,9.51,9.02,9.38,-3.417861080485121,-3.417861080485121,False,False,False,False,91925400.0,0.0,2019
3548,兆利,2019-12-30,2019-12-30,1,2019-12-31,2019-12-31,93.9,93.9,99.0,93.9,95.3,-1.490947816826402,-1.4909478168264019,False,False,False,False,57288000.0,1.0347123306800723,2019
3218,大學光,2020-01-31,2020-01-31,1,2020-02-03,2020-02-03,88.0,88.0,93.5,86.1,86.5,1.7045454545454544,2.0000000000000058,True,False,False,False,85828000.0,1.005813953488372,2020
4968,立積,2020-02-04,2020-02-04,1,2020-02-05,2020-02-05,159.0,159.0,163.0,150.5,150.5,5.345911949685535,2.000000000000004,True,False,False,False,51480000.0,0.9413558663558664,2020
5269,祥碩,2020-02-06,2020-02-06,1,2020-02-07,2020-02-07,947.0,947.0,947.0,896.0,910.0,3.907074973600845,2.0000000000000058,True,False,False,False,41194000.0,0.2209059571782298,2020
4967,十銓,2020-02-14,2020-02-14,1,2020-02-17,2020-02-17,39.6,39.6,40.1,38.55,38.55,2.6515151515151625,2.000000000000004,True,False,False,False,41545200.0,0.3210551399439646,2020
8046,南電,2020-02-21,2020-02-21,1,2020-02-24,2020-02-24,55.1,55.1,57.0,54.2,56.9,-3.2667876588021727,-3.2667876588021727,False,False,False,False,129902400.0,0.1690761679537868,2020
4121,優盛,2020-02-21,2020-02-24,2,2020-02-25,2020-02-25,17.75,17.75,18.15,16.5,16.65,6.197183098591557,2.0000000000000027,True,False,False,False,41917500.0,1.0792163177670422,2020
4171,瑞基,2020-02-26,2020-03-02,3,2020-03-03,2020-03-03,96.6,96.6,103.0,85.2,94.5,2.1739130434782554,2.0000000000000027,True,False,False,False,47824600.0,0.7587726818415627,2020
8271,宇瞻,2020-03-05,2020-03-05,1,2020-03-06,2020-03-06,47.8,47.8,49.4,46.9,47.65,0.3138075313807502,0.3138075313807502,False,False,False,False,58032600.0,0.9721708143353908,2020
6547,高端疫苗,2020-03-16,2020-03-16,1,2020-03-17,2020-03-17,45.0,45.0,46.1,43.2,45.95,-2.1111111111111174,1.999999999999997,True,False,False,False,41965899.99999999,1.0927467300832343,2020
3008,大立光,2020-03-20,2020-03-20,1,2020-03-23,2020-03-23,3400.0,3400.0,3630.0,3350.0,3450.0,-1.4705882352941175,-1.4705882352941175,False,False,False,False,185900000.0,0.0,2020
6462,神盾,2020-03-20,2020-03-20,1,2020-03-23,2020-03-23,131.0,131.0,134.5,126.5,134.0,-2.2900763358778624,2.0000000000000036,True,False,False,False,44055000.0,0.6722051980478947,2020
2404,漢唐,2020-03-25,2020-03-25,1,2020-03-26,2020-03-26,168.5,168.5,169.0,160.0,161.0,4.451038575667656,2.0000000000000027,True,False,False,False,78952500.0,-0.0,2020
3680,家登,2020-03-24,2020-03-26,3,2020-03-27,2020-03-27,133.5,133.5,140.0,125.5,129.0,3.3707865168539324,2.000000000000012,True,False,False,False,63053500.0,-0.0,2020
2379,瑞昱,2020-03-31,2020-03-31,1,2020-04-01,2020-04-01,217.0,217.0,220.5,210.0,213.0,1.8433179723502304,2.0000000000000013,True,False,False,False,111435000.0,0.0,2020
2408,南亞科,2020-04-07,2020-04-07,1,2020-04-08,2020-04-08,61.5,61.5,64.0,60.9,63.4,-3.089430894308941,-3.089430894308941,False,False,False,False,75330000.0,-0.0,2020
6173,信昌電,2020-04-08,2020-04-08,1,2020-04-09,2020-04-09,52.3,52.3,54.1,51.2,51.6,1.3384321223709288,1.9999999999999991,True,False,False,False,46289100.00000001,1.0077188798226795,2020
8436,大江,2020-04-14,2020-04-14,1,2020-04-15,2020-04-15,226.0,226.0,233.0,223.5,228.5,-1.106194690265487,-1.1061946902654867,False,False,False,False,70929000.0,1.037333107755643,2020
3042,晶技,2020-04-16,2020-04-16,1,2020-04-17,2020-04-17,63.2,63.2,66.3,61.3,62.6,0.9493670886075972,2.0000000000000044,True,False,False,False,53240000.0,1.2028512396694215,2020
3669,圓展,2020-04-16,2020-04-16,1,2020-04-17,2020-04-17,30.9,30.9,31.7,28.55,29.0,6.148867313915853,2.000000000000007,True,False,False,False,39677299.99999999,0.7075078193324648,2020
6547,高端疫苗,2020-04-20,2020-04-20,1,2020-04-21,2020-04-21,47.3,47.3,47.35,44.5,47.0,0.6342494714587678,1.9999999999999958,True,False,False,False,47804200.0,0.5073194405512487,2020
1325,恆大,2020-04-22,2020-04-22,1,2020-04-23,2020-04-23,60.5,60.5,65.0,58.4,63.5,-4.958677685950414,2.0000000000000013,True,False,False,False,41854400.0,1.0908411063114034,2020
1515,力山,2020-04-27,2020-04-27,1,2020-04-28,2020-04-28,69.7,69.7,71.5,66.5,68.5,1.721664275466288,2.0000000000000075,True,False,False,False,52650400.0,0.9549595064804826,2020
3680,家登,2020-04-30,2020-04-30,1,2020-05-04,2020-05-04,162.0,162.0,182.0,160.0,176.5,-8.950617283950617,-8.950617283950617,False,False,False,False,46287000.0,1.0143020718560287,2020
4133,亞諾法,2020-05-05,2020-05-05,1,2020-05-06,2020-05-07,52.6,51.0,52.5,48.15,51.5,-0.9803921568627452,2.000000000000006,True,False,True,False,47754300.0,1.0209551809994073,2020
1732,毛寶,2020-05-04,2020-05-06,3,2020-05-07,2020-05-07,42.15,42.15,42.2,35.7,36.5,13.404507710557528,2.0000000000000084,True,False,False,False,47891100.0,0.9084777756201048,2020
2421,建準,2020-05-08,2020-05-08,1,2020-05-11,2020-05-11,47.5,47.5,49.9,46.5,48.0,-1.0526315789473684,2.0000000000000058,True,False,False,False,39891799.99999999,1.1912222562030297,2020
2342,茂矽,2020-05-11,2020-05-11,1,2020-05-12,2020-05-12,28.0,28.0,30.0,27.7,29.3,-4.642857142857145,-4.642857142857145,False,False,False,False,54490800.0,1.0732600732600732,2020
3176,基亞,2020-05-18,2020-05-18,1,2020-05-19,2020-05-19,64.2,64.2,68.6,62.4,68.5,-6.697819314641739,1.9999999999999982,True,False,False,False,51729600.0,1.0977564102564104,2020
6706,惠特,2020-05-20,2020-05-20,1,2020-05-21,2020-05-21,145.0,145.0,160.0,143.0,151.0,-4.137931034482759,-4.137931034482759,False,False,False,False,65047500.0,1.114262654214228,2020
8403,盛弘,2020-05-20,2020-05-20,1,2020-05-21,2020-05-21,45.7,45.7,48.4,44.5,46.0,-0.6564551422319412,2.000000000000003,True,False,False,False,44211399.99999999,0.0,2020
3515,華擎,2020-05-21,2020-05-21,1,2020-05-22,2020-05-22,145.0,145.0,146.5,137.0,139.0,4.137931034482759,2.000000000000004,True,False,False,False,99968000.0,0.9760923495518566,2020
3680,家登,2020-05-21,2020-05-21,1,2020-05-22,2020-05-22,215.5,215.5,230.5,213.0,229.0,-6.264501160092808,-6.2645011600928076,False,False,False,False,123270000.0,0.0,2020
5215,科嘉-KY,2020-05-25,2020-05-25,1,2020-05-26,2020-05-26,94.4,94.4,97.4,92.3,94.5,-0.1059322033898244,2.0000000000000058,True,False,False,False,41843200.0,1.0546875,2020
2368,金像電,2020-05-26,2020-05-26,1,2020-05-27,2020-05-27,37.8,37.8,39.55,36.6,36.9,2.3809523809523774,2.000000000000001,True,False,False,False,59559300.0,1.4088580624688334,2020
4133,亞諾法,2020-05-29,2020-05-29,1,2020-06-01,2020-06-01,72.8,72.8,74.0,67.7,68.3,6.181318681318682,2.000000000000004,True,False,False,False,71154000.0,0.9454914692076342,2020
6223,旺矽,2020-06-01,2020-06-01,1,2020-06-02,2020-06-02,87.8,87.8,87.8,82.0,83.6,4.7835990888382725,2.0000000000000004,True,False,False,False,73752000.0,0.7685323787829481,2020
3373,熱映,2020-06-03,2020-06-03,1,2020-06-04,2020-06-04,145.5,145.5,151.5,137.0,141.0,3.0927835051546397,1.9999999999999976,True,False,False,False,72270000.0,0.9657534246575342,2020
3661,世芯-KY,2020-06-03,2020-06-03,1,2020-06-04,2020-06-04,333.0,333.0,357.0,330.0,340.5,-2.2522522522522523,-2.2522522522522523,False,False,False,False,71176000.0,0.8850244464426211,2020
2316,楠梓電,2020-06-04,2020-06-04,1,2020-06-05,2020-06-05,33.25,33.25,33.3,32.15,32.6,1.954887218045109,1.9999999999999973,True,False,False,False,49775250.0,0.5822451921386633,2020
8028,昇陽半導體,2020-06-05,2020-06-05,1,2020-06-08,2020-06-08,58.8,58.8,62.7,57.2,59.8,-1.7006802721088436,2.0000000000000036,True,False,False,False,79718400.00000001,1.3442517662170836,2020
6547,高端疫苗,2020-06-09,2020-06-10,2,2020-06-11,2020-06-11,104.5,104.5,106.0,95.0,96.0,8.133971291866029,2.000000000000003,True,False,False,False,73669500.0,1.0060065563089202,2020
8046,南電,2020-06-10,2020-06-10,1,2020-06-11,2020-06-11,66.0,66.0,69.2,65.4,65.9,0.1515151515151429,0.15151515151514292,False,False,False,False,91420000.0,-0.0,2020
4167,松瑞藥,2020-06-15,2020-06-15,1,2020-06-16,2020-06-16,41.3,41.3,43.65,41.15,42.75,-3.5108958837772466,-3.5108958837772466,False,False,False,False,63083300.0,1.0429424269180592,2020
6231,系微,2020-06-16,2020-06-16,1,2020-06-17,2020-06-17,92.8,92.8,97.4,91.0,94.1,-1.4008620689655142,-1.4008620689655142,False,False,False,False,58201200.0,1.0250544662309369,2020
1760,寶齡富錦,2020-06-17,2020-06-17,1,2020-06-18,2020-06-18,139.5,139.5,145.5,137.5,138.5,0.7168458781362007,0.7168458781362007,False,False,False,False,134750000.0,1.0021335807050094,2020
1701,,2020-06-17,2020-06-18,2,2020-06-19,2020-06-19,28.0,28.0,28.6,26.25,26.55,5.178571428571426,2.000000000000008,True,False,False,False,53093600.00000001,0.9966201199391262,2020
6278,台表科,2020-06-18,2020-06-18,1,2020-06-19,2020-06-19,128.0,128.0,135.5,124.0,124.5,2.734375,2.0000000000000018,True,False,False,False,104290500.0,0.0,2020
1752,南光,2020-06-22,2020-06-22,1,2020-06-23,2020-06-23,58.9,58.9,60.0,55.5,55.9,5.093378607809847,2.000000000000007,True,False,False,False,70148400.0,0.804053976997337,2020
6683,雍智科技,2020-06-23,2020-06-23,1,2020-06-24,2020-06-24,288.0,288.0,306.5,288.0,304.0,-5.555555555555555,-5.555555555555555,False,False,False,False,42129000.0,0.0,2020
3374,精材,2020-06-23,2020-06-24,2,2020-06-29,2020-06-29,105.0,105.0,116.0,103.0,115.0,-9.523809523809524,-9.523809523809524,False,False,False,False,135116600.0,0.8936725761305421,2020
1325,恆大,2020-06-29,2020-06-29,1,2020-06-30,2020-06-30,172.0,172.0,175.0,160.5,165.0,4.069767441860465,1.9999999999999987,True,False,False,False,79344000.0,1.0231397459165157,2020
1760,寶齡富錦,2020-06-29,2020-06-29,1,2020-06-30,2020-06-30,141.0,141.0,141.0,131.5,131.5,6.73758865248227,1.9999999999999951,True,False,False,False,93720000.0,0.926056338028169,2020
6491,晶碩,2020-07-01,2020-07-01,1,2020-07-02,2020-07-02,199.0,199.0,210.0,194.0,197.0,1.0050251256281406,1.999999999999995,True,False,False,False,82005000.0,1.0233766233766233,2020
3034,聯詠,2020-07-03,2020-07-03,1,2020-07-06,2020-07-06,266.0,266.0,282.0,265.0,281.5,-5.827067669172932,-5.827067669172932,False,False,False,False,83620500.0,-0.0,2020
3163,波若威,2020-07-06,2020-07-06,1,2020-07-07,2020-07-07,61.8,61.8,65.5,57.2,59.0,4.530744336569574,2.000000000000007,True,False,False,False,97102600.0,1.1009797883887764,2020
4919,新唐,2020-07-07,2020-07-07,1,2020-07-08,2020-07-08,48.0,48.0,49.35,46.8,47.45,1.1458333333333273,2.0000000000000018,True,False,False,False,113148250.0,1.0463065049614113,2020
3552,同致,2020-07-08,2020-07-08,1,2020-07-09,2020-07-09,63.0,63.0,67.9,62.8,66.0,-4.761904761904762,-4.761904761904762,False,False,False,False,54843400.0,1.0650324378138485,2020
3289,宜特,2020-07-09,2020-07-09,1,2020-07-10,2020-07-10,76.0,76.0,77.8,68.0,68.3,10.131578947368425,1.999999999999995,True,False,False,False,138769000.0,0.7451678689044383,2020
6203,海韻電,2020-07-13,2020-07-13,1,2020-07-14,2020-07-14,78.5,78.5,80.9,76.3,77.7,1.0191082802547733,2.0000000000000093,True,False,False,False,62605200.0,0.995370991547028,2020
3535,晶彩科,2020-07-15,2020-07-15,1,2020-07-16,2020-07-16,22.95,22.95,23.5,21.2,21.75,5.228758169934638,1.9999999999999982,True,False,False,False,66452000.0,0.4539705351230964,2020
3669,圓展,2020-07-17,2020-07-17,1,2020-07-20,2020-07-20,50.0,50.0,51.1,45.0,45.9,8.200000000000003,2.0,True,False,False,False,73086050.0,0.3221777616932369,2020
1325,恆大,2020-07-20,2020-07-20,1,2020-07-21,2020-07-21,155.0,155.0,156.5,147.5,151.5,2.258064516129032,1.9999999999999962,True,False,False,False,55685000.0,0.5658974589207147,2020
8046,南電,2020-07-21,2020-07-21,1,2020-07-22,2020-07-22,92.6,92.6,98.7,90.5,96.5,-4.21166306695465,2.000000000000004,True,False,False,False,94290000.0,1.064375861703256,2020
2303,聯電,2020-07-23,2020-07-23,1,2020-07-24,2020-07-24,19.8,19.8,20.3,19.5,19.75,0.2525252525252561,0.2525252525252561,False,False,False,False,66874500.0,-0.0,2020
2342,茂矽,2020-07-23,2020-07-23,1,2020-07-24,2020-07-24,35.4,35.4,35.6,31.6,32.75,7.485875706214686,1.9999999999999956,True,False,False,False,102795000.0,0.5256821829855538,2020
6187,萬潤,2020-07-27,2020-07-27,1,2020-07-28,2020-07-28,60.4,60.4,64.0,54.8,55.8,7.615894039735102,1.9999999999999973,True,False,False,False,42729300.0,0.9441624365482234,2020
6732,昇佳電子,2020-07-31,2020-07-31,1,2020-08-03,2020-08-03,818.0,818.0,840.0,795.0,796.0,2.689486552567237,2.0000000000000018,True,False,False,False,201939000.0,-0.0,2020
1526,日馳,2020-07-31,2020-08-03,2,2020-08-04,2020-08-04,43.3,43.3,45.2,40.2,40.5,6.466512702078515,1.9999999999999993,True,False,False,False,57372400.0,0.998868794054284,2020
6209,今國光,2020-08-03,2020-08-03,1,2020-08-04,2020-08-04,39.3,39.3,40.95,36.95,38.1,3.0534351145038063,2.0000000000000036,True,False,False,False,93619200.0,0.9921875,2020
2417,圓剛,2020-08-04,2020-08-04,1,2020-08-05,2020-08-05,39.3,39.3,42.4,38.35,41.35,-5.216284987277365,2.0000000000000036,True,False,False,False,41421600.0,0.9783060045966356,2020
4133,亞諾法,2020-07-30,2020-08-05,5,2020-08-06,2020-08-06,95.6,95.6,100.5,86.0,86.0,10.041841004184096,2.0000000000000067,True,False,False,False,50488300.0,1.1276275889661564,2020
3576,聯合再生,2020-08-10,2020-08-10,1,2020-08-11,2020-08-11,10.35,10.35,10.55,9.31,9.51,8.115942028985506,2.000000000000007,True,False,False,False,65518700.0,0.7401167910840721,2020
2368,金像電,2020-08-12,2020-08-12,1,2020-08-13,2020-08-13,49.55,49.55,52.5,47.6,52.2,-5.348133198789114,1.9999999999999993,True,False,False,False,101943000.0,0.3732850710691268,2020
3017,奇鋐,2020-08-12,2020-08-13,2,2020-08-14,2020-08-14,56.0,56.0,57.5,54.1,56.6,-1.071428571428574,2.000000000000008,True,False,False,False,97205600.0,-0.0,2020
1762,中化生,2020-08-14,2020-08-14,1,2020-08-17,2020-08-17,59.2,59.2,59.3,55.8,56.1,5.236486486486489,2.0000000000000075,True,False,False,False,69264000.0,1.0108108108108107,2020
3712,永崴投控,2020-08-17,2020-08-17,1,2020-08-18,2020-08-18,41.85,41.85,44.45,41.4,43.4,-3.7037037037036966,-3.7037037037036966,False,False,False,False,72567300.0,0.6261745993029917,2020
5469,瀚宇博,2020-08-17,2020-08-17,1,2020-08-18,2020-08-18,49.65,49.65,51.4,48.1,48.15,3.0211480362537766,2.000000000000004,True,False,False,False,101087400.0,0.8430872690364971,2020
6547,高端疫苗,2020-08-18,2020-08-18,1,2020-08-19,2020-08-19,101.5,101.5,105.0,99.4,100.0,1.477832512315271,2.000000000000001,True,False,False,False,74541599.99999999,0.9591959389119634,2020
3017,奇鋐,2020-08-19,2020-08-19,1,2020-08-20,2020-08-20,63.7,63.7,65.7,56.7,58.5,8.163265306122453,2.0000000000000013,True,False,False,False,77304099.99999999,0.7181572516852277,2020
3679,新至陞,2020-08-19,2020-08-19,1,2020-08-20,2020-08-20,103.0,103.0,103.0,92.3,92.3,10.38834951456311,2.000000000000002,True,False,False,False,51147500.0,0.4926516447529204,2020
4157,太景*-KY,2020-08-19,2020-08-19,1,2020-08-20,2020-08-20,25.75,25.75,26.65,23.05,23.95,6.990291262135925,2.000000000000002,True,False,False,False,89420800.0,0.9301901794660749,2020
6598,ABC-KY,2020-08-18,2020-08-20,3,2020-08-21,2020-08-21,130.5,130.5,142.5,126.0,134.0,-2.681992337164751,1.9999999999999998,True,False,False,False,49995000.0,0.0,2020
3293,鈊象,2020-08-21,2020-08-21,1,2020-08-24,2020-08-24,852.0,852.0,893.0,820.0,838.0,1.643192488262911,1.9999999999999958,True,False,False,False,45198000.0,1.965308199477853,2020
9802,鈺齊-KY,2020-08-21,2020-08-21,1,2020-08-24,2020-08-24,132.0,132.0,137.0,127.5,134.5,-1.893939393939394,2.000000000000011,True,False,False,False,83952000.0,0.0,2020
3708,上緯投控,2020-08-21,2020-08-24,2,2020-08-25,2020-08-25,121.5,121.5,127.5,120.0,124.0,-2.05761316872428,-2.05761316872428,False,False,False,False,71258000.0,0.3045272109798198,2020
6125,廣運,2020-08-25,2020-08-25,1,2020-08-26,2020-08-26,26.8,26.8,27.85,25.45,25.75,3.917910447761196,2.000000000000005,True,False,False,False,63822500.0,1.0155156880410514,2020
6492,生華科,2020-08-27,2020-08-28,2,2020-08-31,2020-09-01,197.0,170.0,182.5,166.0,180.5,-6.176470588235294,2.0000000000000036,True,False,True,False,87055000.0,1.09775429326288,2020
1598,岱宇,2020-08-31,2020-08-31,1,2020-09-01,2020-09-01,139.0,139.0,147.5,135.0,137.5,1.079136690647482,2.000000000000001,True,False,False,False,71881500.0,0.0,2020
4721,美琪瑪,2020-08-31,2020-08-31,1,2020-09-01,2020-09-01,69.8,69.8,72.0,67.6,67.6,3.151862464183385,2.000000000000001,True,False,False,False,57761800.0,1.002967359050445,2020
6237,驊訊,2020-08-28,2020-09-01,3,2020-09-02,2020-09-02,49.0,49.0,50.3,47.0,47.05,3.9795918367347,2.000000000000008,True,False,False,False,55159200.0,0.5783241961449767,2020
8046,南電,2020-09-01,2020-09-01,1,2020-09-02,2020-09-02,133.5,133.5,136.0,128.0,131.0,1.872659176029963,2.000000000000012,True,False,False,False,57107500.0,-0.0,2020
3530,晶相光,2020-09-03,2020-09-03,1,2020-09-04,2020-09-04,87.3,87.3,91.7,87.0,91.7,-5.040091638029788,-5.040091638029788,False,False,False,False,55114500.0,0.6671874007747509,2020
8027,鈦昇,2020-09-03,2020-09-04,2,2020-09-07,2020-09-07,76.0,76.0,78.9,66.7,70.0,7.894736842105263,1.999999999999995,True,False,False,False,67431000.0,0.9394788747015468,2020
1609,大亞,2020-09-07,2020-09-07,1,2020-09-08,2020-09-08,17.15,17.15,17.5,15.6,16.05,6.413994169096197,2.0,True,False,False,False,76675299.99999999,0.7657081224331697,2020
1762,中化生,2020-09-07,2020-09-08,2,2020-09-09,2020-09-09,66.2,66.2,70.0,64.9,66.4,-0.3021148036253819,-0.30211480362538196,False,False,False,False,56325500.0,-0.0,2020
6213,聯茂,2020-09-08,2020-09-08,1,2020-09-09,2020-09-09,125.5,125.5,133.0,122.5,130.0,-3.5856573705179287,2.000000000000004,True,False,False,False,65149500.0,-0.0,2020
6589,台康生技,2020-09-08,2020-09-08,1,2020-09-09,2020-09-09,65.5,65.5,69.3,63.5,63.7,2.748091603053431,2.0000000000000036,True,False,False,False,91160000.0,0.8448146116717858,2020
6116,彩晶,2020-09-10,2020-09-10,1,2020-09-11,2020-09-11,9.74,9.74,10.1,9.33,9.37,3.798767967145801,2.0000000000000075,True,False,False,False,91095690.0,0.8735804075911823,2020
3041,揚智,2020-09-14,2020-09-14,1,2020-09-15,2020-09-15,27.55,27.55,27.95,25.85,26.25,4.7186932849364815,2.000000000000007,True,False,False,False,50699600.00000001,0.5762619428950129,2020
3552,同致,2020-09-15,2020-09-15,1,2020-09-16,2020-09-16,101.0,101.0,106.0,98.6,98.7,2.2772277227722744,1.9999999999999962,True,False,False,False,97005600.0,1.0113622306341077,2020
1308,亞聚,2020-09-17,2020-09-17,1,2020-09-18,2020-09-18,21.5,21.5,21.5,20.35,20.4,5.116279069767449,1.9999999999999987,True,False,False,False,84231000.0,0.2182141966734337,2020
2486,一詮,2020-09-18,2020-09-18,1,2020-09-21,2020-09-21,13.0,13.0,13.55,12.15,12.15,6.538461538461536,1.9999999999999982,True,False,False,False,64371000.0,0.9135480262851284,2020
3576,聯合再生,2020-09-23,2020-09-23,1,2020-09-24,2020-09-24,12.05,12.05,12.6,11.8,12.25,-1.6597510373443924,1.999999999999997,True,False,False,False,74251200.0,0.6130675329152929,2020
6288,,2020-09-23,2020-09-23,1,2020-09-24,2020-09-24,37.15,37.15,39.0,37.0,39.0,-4.979811574697178,-4.979811574697178,False,False,False,False,91441750.0,1.047060013615225,2020
9103,美德醫療-DR,2020-09-22,2020-09-23,2,2020-09-24,2020-09-24,61.4,61.4,64.4,54.9,55.1,10.260586319218238,2.0000000000000027,True,False,False,False,54598000.0,0.9567163632367486,2020
1762,中化生,2020-09-24,2020-09-24,1,2020-09-25,2020-09-25,77.0,77.0,78.8,67.8,67.8,11.948051948051951,2.000000000000008,True,False,False,False,46158900.0,0.437714070309301,2020
4133,亞諾法,2020-09-24,2020-09-24,1,2020-09-25,2020-09-25,84.0,84.0,84.8,74.9,75.5,10.11904761904762,2.000000000000008,True,False,False,False,166150400.0,0.5789152478718077,2020
1760,寶齡富錦,2020-09-28,2020-09-28,1,2020-09-29,2020-09-29,132.0,132.0,133.0,123.5,124.5,5.681818181818182,2.000000000000011,True,False,False,False,93060000.0,0.8789651837524178,2020
2303,聯電,2020-09-28,2020-09-28,1,2020-09-29,2020-09-29,28.4,28.4,29.3,27.5,27.5,3.169014084507037,2.000000000000005,True,False,False,False,81400000.0,0.0,2020
6244,茂迪,2020-09-30,2020-09-30,1,2020-10-05,2020-10-05,38.7,38.7,39.9,37.95,38.85,-0.3875968992248025,-0.3875968992248025,False,False,False,False,65573549.99999999,0.8442619013306434,2020
9919,康那香,2020-10-05,2020-10-05,1,2020-10-06,2020-10-06,43.55,43.55,43.8,42.05,42.25,2.985074626865665,2.0000000000000053,True,False,False,False,78097200.0,0.9824423923008764,2020
3682,,2020-10-07,2020-10-07,1,2020-10-08,2020-10-08,10.4,10.4,10.85,10.05,10.1,2.8846153846153912,2.0000000000000018,True,False,False,False,72325800.0,0.9758454106280192,2020
3691,碩禾,2020-10-12,2020-10-12,1,2020-10-13,2020-10-13,152.5,152.5,155.5,147.0,155.5,-1.9672131147540983,2.000000000000007,True,False,False,False,68320000.0,0.9513905152224824,2020
6127,九豪,2020-10-13,2020-10-13,1,2020-10-14,2020-10-14,19.65,19.65,21.1,19.45,20.3,-3.307888040712479,-3.307888040712479,False,False,False,False,83669400.00000001,1.0490956072351418,2020
3576,聯合再生,2020-10-14,2020-10-14,1,2020-10-15,2020-10-15,15.15,15.15,15.95,14.7,15.85,-4.620462046204616,2.0000000000000053,True,False,False,False,130369500.0,1.0275731670367685,2020
5443,均豪,2020-10-14,2020-10-15,2,2020-10-16,2020-10-16,31.9,31.9,31.95,30.1,30.5,4.388714733542316,2.0000000000000053,True,False,False,False,69159200.0,0.0767359946326736,2020
2368,金像電,2020-10-19,2020-10-19,1,2020-10-20,2020-10-20,50.8,50.8,51.3,49.8,51.2,-0.7874015748031609,-0.7874015748031609,False,False,False,False,105057600.0,0.4449521024656951,2020
5269,祥碩,2020-10-20,2020-10-20,1,2020-10-21,2020-10-21,1695.0,1695.0,1715.0,1605.0,1640.0,3.2448377581120944,2.0000000000000053,True,False,False,False,221770000.0,0.0813455381701763,2020
6438,迅得,2020-10-20,2020-10-20,1,2020-10-21,2020-10-21,78.3,78.3,83.9,77.6,78.2,0.1277139208173618,0.12771392081736183,False,False,False,False,123947000.0,0.9438485804416404,2020
1309,台達化,2020-10-27,2020-10-27,1,2020-10-28,2020-10-28,35.05,35.05,36.0,33.15,33.2,5.278174037089856,2.0000000000000018,True,False,False,False,84338099.99999999,0.958940265431638,2020
9103,美德醫療-DR,2020-10-27,2020-10-28,2,2020-10-29,2020-10-29,37.25,37.25,39.5,35.85,39.45,-5.906040268456383,1.9999999999999931,True,False,False,False,118446900.0,0.995851305521715,2020
4906,正文,2020-11-02,2020-11-02,1,2020-11-03,2020-11-03,30.85,30.85,31.9,29.15,29.2,5.348460291734204,2.0000000000000027,True,False,False,False,41114000.0,0.9822347618815976,2020
1517,利奇,2020-11-03,2020-11-03,1,2020-11-04,2020-11-04,15.35,15.35,15.65,14.8,15.05,1.9543973941368007,2.0000000000000027,True,False,False,False,56805000.0,0.8067467652495379,2020
9103,美德醫療-DR,2020-11-04,2020-11-04,1,2020-11-05,2020-11-05,39.15,39.15,40.65,36.3,37.0,5.491698595146867,2.000000000000003,True,False,False,False,112046350.0,0.9427794836690352,2020
6477,安集,2020-11-05,2020-11-05,1,2020-11-06,2020-11-06,64.2,64.2,66.1,61.3,61.8,3.738317757009354,1.9999999999999982,True,False,False,False,96075500.0,0.953287778882233,2020
6558,興能高,2020-11-05,2020-11-05,1,2020-11-06,2020-11-06,55.4,55.4,55.7,53.6,54.8,1.0830324909747318,2.000000000000007,True,False,False,False,57248900.0,0.6183664664299225,2020
3545,敦泰,2020-11-09,2020-11-09,1,2020-11-10,2020-11-10,55.2,55.2,57.5,54.7,56.3,-1.992753623188396,-1.9927536231883956,False,False,False,False,137000000.0,1.025317518248175,2020
2332,友訊,2020-11-11,2020-11-11,1,2020-11-12,2020-11-12,21.1,21.1,21.2,20.1,20.1,4.739336492890995,2.0000000000000027,True,False,False,False,64330200.0,0.7636289021330572,2020
3017,奇鋐,2020-11-12,2020-11-12,1,2020-11-13,2020-11-13,77.8,77.8,78.4,74.8,74.9,3.727506426735208,1.9999999999999967,True,False,False,False,55132000.0,0.5108176739461656,2020
6153,嘉聯益,2020-11-16,2020-11-16,1,2020-11-17,2020-11-17,35.9,35.9,36.75,35.1,36.0,-0.2785515320334302,2.0000000000000098,True,False,False,False,107233300.0,0.7285050446083446,2020
2406,國碩,2020-11-17,2020-11-17,1,2020-11-18,2020-11-18,22.65,22.65,23.15,21.7,22.05,2.6490066225165467,1.9999999999999976,True,False,False,False,78834800.0,0.9590872305124132,2020
6558,興能高,2020-11-19,2020-11-19,1,2020-11-20,2020-11-20,56.8,56.8,58.1,53.1,53.5,5.809859154929573,2.000000000000005,True,False,False,False,122218800.0,0.8724148821621551,2020
3228,金麗科,2020-11-19,2020-11-20,2,2020-11-23,2020-11-23,122.0,122.0,125.0,111.0,122.0,0.0,1.9999999999999982,True,False,False,False,151630000.0,1.0314845347226802,2020
2303,聯電,2020-11-23,2020-11-23,1,2020-11-24,2020-11-24,38.2,38.2,39.7,38.0,38.15,0.1308900523560321,0.1308900523560321,False,False,False,False,682144100.0,0.0,2020
2481,強茂,2020-11-23,2020-11-23,1,2020-11-24,2020-11-24,44.9,44.9,46.25,43.1,43.2,3.78619153674832,2.000000000000007,True,False,False,False,40892400.0,0.2757284972268685,2020
3006,晶豪科,2020-11-20,2020-11-23,2,2020-11-24,2020-11-24,52.3,52.3,53.4,49.3,49.7,4.9713193116634695,1.9999999999999991,True,False,False,False,146911050.0,0.9732889391233676,2020
3189,景碩,2020-11-24,2020-11-24,1,2020-11-25,2020-11-25,87.0,87.0,88.2,83.0,84.0,3.4482758620689653,1.9999999999999942,True,False,False,False,99776600.0,0.99594494099819,2020
6127,九豪,2020-11-24,2020-11-24,1,2020-11-25,2020-11-25,24.3,24.3,24.85,21.75,22.1,9.053497942386828,2.0000000000000027,True,False,False,False,88519850.0,0.6611036959506823,2020
8046,南電,2020-11-24,2020-11-24,1,2020-11-25,2020-11-25,155.0,155.0,158.0,149.0,150.0,3.225806451612903,1.9999999999999962,True,False,False,False,197182500.0,0.1673576509071545,2020
1513,中興電,2020-11-25,2020-11-25,1,2020-11-26,2020-11-26,54.8,54.8,57.4,54.8,55.6,-1.459854014598548,-1.4598540145985481,False,False,False,False,140698800.00000003,0.6658621111196398,2020
2615,萬海,2020-11-25,2020-11-25,1,2020-11-26,2020-11-26,41.5,41.5,44.2,39.95,40.65,2.048192771084341,1.9999999999999958,True,False,False,False,60818299.99999999,0.32015610433044,2020
3228,金麗科,2020-11-25,2020-11-25,1,2020-11-26,2020-11-26,129.0,129.0,140.5,125.5,138.5,-7.3643410852713185,1.9999999999999987,True,False,False,False,73216000.0,0.0,2020
8261,富鼎,2020-11-25,2020-11-25,1,2020-11-26,2020-11-26,46.4,46.4,49.8,46.1,46.6,-0.4310344827586268,-0.4310344827586268,False,False,False,False,46153800.0,1.009667676334343,2020
2486,一詮,2020-11-26,2020-11-26,1,2020-11-27,2020-11-27,19.05,19.05,19.3,18.3,18.9,0.7874015748031606,2.000000000000001,True,False,False,False,83270950.0,0.9943551742834686,2020
3189,景碩,2020-11-26,2020-11-26,1,2020-11-27,2020-11-27,92.2,92.2,93.6,90.9,91.0,1.3015184381778773,1.3015184381778773,False,False,False,False,57842400.0,0.0,2020
3323,加百裕,2020-11-26,2020-11-26,1,2020-11-27,2020-11-27,47.0,47.0,48.3,46.2,46.4,1.276595744680854,1.276595744680854,False,False,False,False,92492400.0,1.0645285450480253,2020
6548,長科*,2020-11-27,2020-11-30,2,2020-12-01,2020-12-01,61.0,61.0,63.4,57.0,57.5,5.737704918032787,1.9999999999999982,True,False,False,False,87664500.0,0.0,2020
3006,晶豪科,2020-12-01,2020-12-01,1,2020-12-02,2020-12-02,56.5,56.5,57.4,55.1,55.2,2.3008849557522075,2.0000000000000044,True,False,False,False,81696000.0,1.1060810810810813,2020
3260,威剛,2020-12-01,2020-12-01,1,2020-12-02,2020-12-02,69.0,69.0,73.7,68.6,72.7,-5.362318840579714,-5.362318840579714,False,False,False,False,48244899.99999999,-0.0,2020
6488,環球晶,2020-11-30,2020-12-01,2,2020-12-02,2020-12-02,625.0,625.0,674.0,602.0,653.0,-4.48,2.0,True,False,False,False,84594000.0,-0.0,2020
3437,榮創,2020-12-02,2020-12-02,1,2020-12-03,2020-12-03,26.5,26.5,26.7,23.7,24.2,8.67924528301887,2.000000000000004,True,False,False,False,77993700.0,0.9289827255278312,2020
3583,辛耘,2020-12-02,2020-12-02,1,2020-12-03,2020-12-03,67.8,67.8,71.4,65.0,69.0,-1.7699115044247828,1.999999999999992,True,False,False,False,54264000.0,0.0,2020
5457,宣德,2020-12-02,2020-12-02,1,2020-12-03,2020-12-03,118.0,118.0,118.5,110.5,111.0,5.932203389830509,1.9999999999999993,True,False,False,False,116766000.0,0.643569189661374,2020
2303,聯電,2020-12-04,2020-12-04,1,2020-12-07,2020-12-07,49.8,49.8,51.6,48.45,50.0,-0.4016064257028169,2.0000000000000044,True,False,False,False,223101200.0,1.493044412132252,2020
3035,智原,2020-12-04,2020-12-04,1,2020-12-07,2020-12-07,55.0,55.0,56.4,53.7,55.4,-0.7272727272727246,2.0000000000000027,True,False,False,False,57672000.0,0.922180607573866,2020
2363,矽統,2020-12-04,2020-12-07,2,2020-12-08,2020-12-08,19.35,19.35,21.3,19.35,20.8,-7.493540051679583,-7.493540051679583,False,False,False,False,115198050.0,0.5943989503294543,2020
3006,晶豪科,2020-12-07,2020-12-07,1,2020-12-08,2020-12-08,58.8,58.8,59.9,58.3,59.0,-0.3401360544217735,-0.3401360544217735,False,False,False,False,88226800.0,0.2608051068382849,2020
5351,鈺創,2020-12-04,2020-12-07,2,2020-12-08,2020-12-08,25.2,25.2,26.0,24.75,25.3,-0.3968253968254024,-0.39682539682540247,False,False,False,False,54684000.0,1.0326530612244895,2020
3374,精材,2020-12-08,2020-12-08,1,2020-12-09,2020-12-09,202.0,202.0,213.5,198.0,204.0,-0.99009900990099,-0.9900990099009901,False,False,False,False,148454000.0,0.7928920743125817,2020
2492,華新科,2020-12-09,2020-12-09,1,2020-12-10,2020-12-10,230.0,230.0,244.5,228.0,235.0,-2.1739130434782608,-2.1739130434782608,False,False,False,False,144210000.0,-0.0,2020
3443,創意,2020-12-09,2020-12-09,1,2020-12-10,2020-12-10,346.0,346.0,350.5,335.0,340.5,1.5895953757225432,2.0000000000000044,True,False,False,False,118845000.0,-0.0,2020
4961,天鈺,2020-12-07,2020-12-09,3,2020-12-10,2020-12-10,64.3,64.3,66.6,61.3,64.9,-0.9331259720062342,2.000000000000002,True,False,False,False,103516400.0,1.172403599816068,2020
2014,中鴻,2020-12-10,2020-12-10,1,2020-12-11,2020-12-11,13.15,13.15,14.0,13.05,13.75,-4.562737642585549,-4.562737642585549,False,False,False,False,42353600.0,1.39468663820785,2020
2371,大同,2020-12-10,2020-12-10,1,2020-12-11,2020-12-11,24.5,24.5,24.6,22.45,23.2,5.306122448979594,2.000000000000008,True,False,False,False,49405000.0,-0.0,2020
3588,通嘉,2020-12-09,2020-12-11,3,2020-12-14,2020-12-14,63.0,63.0,64.0,58.9,61.5,2.380952380952381,1.999999999999997,True,False,False,False,62404599.99999999,1.0574460857052206,2020
6284,佳邦,2020-12-11,2020-12-11,1,2020-12-14,2020-12-14,63.2,63.2,64.3,60.0,60.5,4.272151898734181,2.0000000000000044,True,False,False,False,43540000.0,0.2945796968305006,2020
2314,台揚,2020-12-14,2020-12-14,1,2020-12-15,2020-12-15,35.35,35.35,35.5,32.55,32.75,7.355021216407359,2.000000000000002,True,False,False,False,104340900.0,0.3527955001346547,2020
8261,富鼎,2020-12-14,2020-12-14,1,2020-12-15,2020-12-15,49.45,49.45,49.65,44.65,44.65,9.706774519716896,2.000000000000009,True,False,False,False,172801199.99999997,0.3415907991379689,2020
4743,合一,2020-12-16,2020-12-16,1,2020-12-17,2020-12-17,250.5,250.5,262.5,240.5,240.5,3.992015968063872,1.9999999999999962,True,False,False,False,76786500.0,0.9678068410462776,2020
4968,立積,2020-12-16,2020-12-16,1,2020-12-17,2020-12-17,375.0,375.0,398.0,373.0,389.0,-3.733333333333334,-3.733333333333334,False,False,False,False,230330000.0,0.0,2020
2388,威盛,2020-12-17,2020-12-17,1,2020-12-18,2020-12-18,58.0,58.0,62.0,57.1,60.8,-4.827586206896547,-4.827586206896547,False,False,False,False,119490000.0,1.062944179429241,2020
2014,中鴻,2020-12-21,2020-12-21,1,2020-12-22,2020-12-22,16.0,16.0,17.25,14.9,15.2,5.000000000000004,2.0000000000000018,True,False,False,False,49691250.0,-0.0,2020
2605,新興,2020-12-21,2020-12-21,1,2020-12-22,2020-12-22,20.9,20.9,22.1,19.35,19.8,5.263157894736832,1.9999999999999967,True,False,False,False,81513700.0,0.969429678692048,2020
2609,陽明,2020-12-18,2020-12-21,2,2020-12-22,2020-12-22,19.2,19.2,20.0,17.8,18.55,3.3854166666666594,2.0000000000000018,True,False,False,False,139811250.0,1.0293227476329694,2020
2615,萬海,2020-12-21,2020-12-21,1,2020-12-22,2020-12-22,47.75,47.75,50.4,42.75,43.15,9.633507853403144,1.9999999999999967,True,False,False,False,144637500.0,0.7458300924725607,2020
6237,驊訊,2020-12-18,2020-12-21,2,2020-12-22,2020-12-22,61.8,61.8,63.5,56.0,56.0,9.385113268608409,2.000000000000007,True,False,False,False,49137000.0,0.8923621710727151,2020
6477,安集,2020-12-23,2020-12-23,1,2020-12-24,2020-12-24,68.4,68.4,74.1,67.5,72.6,-6.140350877192965,-6.140350877192965,False,False,False,False,155020000.0,0.5980531544316863,2020
9103,美德醫療-DR,2020-12-22,2020-12-23,2,2020-12-24,2020-12-24,33.25,33.25,33.25,29.95,30.0,9.774436090225564,1.9999999999999973,True,False,False,False,50699000.0,0.3887650643996923,2020
2375,凱美,2020-12-24,2020-12-24,1,2020-12-25,2020-12-25,87.0,87.0,87.5,83.7,84.8,2.528735632183912,1.9999999999999942,True,False,False,False,127920800.0,0.8995691083858136,2020
5425,台半,2020-12-24,2020-12-24,1,2020-12-25,2020-12-25,62.2,62.2,65.7,60.5,61.5,1.125401929260455,1.9999999999999998,True,False,False,False,168172800.0,0.6004716577234844,2020
6283,淳安,2020-12-24,2020-12-24,1,2020-12-25,2020-12-25,44.75,44.75,46.65,41.4,41.85,6.480446927374299,2.000000000000007,True,False,False,False,43362000.0,0.7334993773349938,2020
6284,佳邦,2020-12-25,2020-12-25,1,2020-12-28,2020-12-28,71.0,71.0,72.8,67.9,67.9,4.366197183098584,2.0000000000000027,True,False,False,False,56530500.00000001,0.6137730959393601,2020
2603,長榮,2020-12-28,2020-12-28,1,2020-12-29,2020-12-29,39.0,39.0,40.4,36.15,38.35,1.6666666666666632,2.0000000000000027,True,False,False,False,93786000.0,-0.0,2020
3149,正達,2020-12-24,2020-12-28,3,2020-12-29,2020-12-29,22.25,22.25,23.75,22.2,23.35,-4.943820224719107,-4.943820224719107,False,False,False,False,68824350.0,0.0712465864189055,2020
2478,大毅,2020-12-29,2020-12-29,1,2020-12-30,2020-12-30,91.7,91.7,92.7,87.0,88.1,3.925845147219202,2.0000000000000036,True,False,False,False,104992800.0,0.6486282868920534,2020
2609,陽明,2020-12-25,2020-12-29,3,2020-12-30,2020-12-30,27.3,27.3,28.05,25.65,27.5,-0.73260073260073,1.9999999999999976,True,False,False,False,140721300.0,-0.0,2020
3588,通嘉,2020-12-29,2020-12-29,1,2020-12-30,2020-12-30,68.3,68.3,71.4,66.2,66.7,2.3426061493411336,1.9999999999999998,True,False,False,False,86592000.0,1.005984386548411,2020
3228,金麗科,2020-12-30,2020-12-30,1,2020-12-31,2020-12-31,207.0,207.0,214.5,201.0,212.5,-2.657004830917874,2.000000000000007,True,False,False,False,114465000.0,1.0990259031144891,2020
4939,亞電,2020-12-30,2020-12-30,1,2020-12-31,2020-12-31,21.8,21.8,22.0,21.3,21.75,0.2293577981651408,1.9999999999999998,True,False,False,False,54406000.0,0.287835900452156,2020
6231,系微,2020-12-31,2020-12-31,1,2021-01-04,2021-01-04,112.0,112.0,112.0,105.5,109.0,2.6785714285714284,2.000000000000008,True,False,False,False,104463000.0,0.7074466557537118,2021
1536,和大,2021-01-04,2021-01-04,1,2021-01-05,2021-01-05,118.0,118.0,125.0,118.0,120.5,-2.11864406779661,-2.11864406779661,False,False,False,False,46372500.0,1.603288586985821,2021
1802,台玻,2021-01-04,2021-01-04,1,2021-01-05,2021-01-05,21.3,21.3,21.65,20.05,20.6,3.2863849765258184,2.000000000000009,True,False,False,False,43393350.0,0.5891363538422363,2021
2393,億光,2020-12-31,2021-01-04,2,2021-01-05,2021-01-05,47.2,47.2,49.9,46.85,48.7,-3.1779661016949152,-3.1779661016949152,False,False,False,False,116045400.0,0.9862088458482628,2021
2603,長榮,2021-01-04,2021-01-04,1,2021-01-05,2021-01-05,45.0,45.0,45.5,43.15,45.5,-1.1111111111111112,1.999999999999997,True,False,False,False,56071750.0,4.790050248119597,2021
3661,世芯-KY,2021-01-04,2021-01-04,1,2021-01-05,2021-01-05,683.0,683.0,738.0,669.0,726.0,-6.295754026354319,1.9999999999999951,True,False,False,False,187825000.0,0.2241874084919473,2021
8046,南電,2021-01-04,2021-01-04,1,2021-01-05,2021-01-05,207.5,207.5,216.5,197.0,209.0,-0.7228915662650602,2.0000000000000027,True,False,False,False,96600000.0,1.0168737060041408,2021
6679,鈺太,2021-01-05,2021-01-05,1,2021-01-06,2021-01-06,238.0,238.0,242.0,220.0,222.0,6.722689075630252,1.9999999999999962,True,False,False,False,55814000.0,0.8273193105672412,2021
2328,廣宇,2021-01-04,2021-01-06,3,2021-01-07,2021-01-07,34.9,34.9,35.3,33.15,33.85,3.0085959885386737,2.000000000000001,True,False,False,False,43985900.0,0.3801650074228332,2021
3380,明泰,2021-01-05,2021-01-06,2,2021-01-07,2021-01-07,40.5,40.5,40.95,38.1,39.5,2.469135802469136,2.0000000000000058,True,False,False,False,73514800.0,1.0746135472041003,2021
6451,訊芯-KY,2021-01-07,2021-01-07,1,2021-01-08,2021-01-08,149.5,149.5,152.0,143.0,149.5,0.0,2.0000000000000058,True,False,False,False,45240000.0,-0.0,2021
6477,安集,2021-01-07,2021-01-07,1,2021-01-08,2021-01-08,71.3,71.3,71.4,65.5,66.3,7.012622720897616,2.0000000000000027,True,False,False,False,41078600.0,0.9457917261055632,2021
3552,同致,2021-01-07,2021-01-08,2,2021-01-11,2021-01-11,287.0,287.0,296.0,275.0,276.0,3.8327526132404177,2.000000000000003,True,False,False,False,154056000.0,-0.0,2021
4976,佳凌,2021-01-07,2021-01-08,2,2021-01-11,2021-01-11,88.8,88.8,89.7,83.2,84.7,4.617117117117111,1.9999999999999958,True,False,False,False,174967800.0,0.5329820687006409,2021
6683,雍智科技,2021-01-08,2021-01-08,1,2021-01-11,2021-01-11,368.5,368.5,373.5,360.5,365.0,0.949796472184532,2.000000000000001,True,False,False,False,203643000.0,0.6291156582843506,2021
2328,廣宇,2021-01-11,2021-01-11,1,2021-01-12,2021-01-12,35.6,35.6,35.6,32.7,33.15,6.882022471910119,2.000000000000009,True,False,False,False,159501500.0,0.8298852988843364,2021
6223,旺矽,2021-01-11,2021-01-11,1,2021-01-12,2021-01-12,123.0,123.0,125.0,116.5,117.0,4.878048780487805,2.0000000000000067,True,False,False,False,82410000.0,0.9171459774299237,2021
8299,群聯,2021-01-11,2021-01-11,1,2021-01-12,2021-01-12,378.0,378.0,403.0,377.5,381.5,-0.9259259259259258,-0.9259259259259258,False,False,False,False,415454000.0,0.081726256095741,2021
9103,美德醫療-DR,2021-01-12,2021-01-12,1,2021-01-13,2021-01-13,30.05,30.05,30.1,27.15,27.55,8.319467554076539,1.999999999999997,True,False,False,False,120690450.0,0.5782077206605827,2021
3016,嘉晶,2021-01-13,2021-01-13,1,2021-01-14,2021-01-14,78.6,78.6,81.8,77.6,79.1,-0.6361323155216285,-0.6361323155216285,False,False,False,False,85204799.99999999,1.0137597881809477,2021
3092,鴻碩,2021-01-13,2021-01-13,1,2021-01-14,2021-01-14,65.8,65.8,70.8,65.8,67.8,-3.0395136778115504,-3.0395136778115504,False,False,False,False,150641400.0,1.0234716352875104,2021
3105,穩懋,2021-01-13,2021-01-13,1,2021-01-14,2021-01-14,424.5,424.5,459.0,415.0,424.0,0.1177856301531213,2.000000000000002,True,False,False,False,462038500.0,-0.0,2021
3443,創意,2021-01-13,2021-01-13,1,2021-01-14,2021-01-14,435.0,435.0,448.0,421.0,423.5,2.6436781609195403,1.9999999999999973,True,False,False,False,135625000.0,0.8025032258064516,2021
4976,佳凌,2021-01-14,2021-01-14,1,2021-01-15,2021-01-15,94.8,94.8,101.5,93.2,94.9,-0.1054852320675195,-0.10548523206751954,False,False,False,False,147180800.0,1.0896869700395704,2021
6271,同欣電,2021-01-14,2021-01-14,1,2021-01-15,2021-01-15,228.0,228.0,234.5,219.0,220.0,3.508771929824561,2.000000000000001,True,False,False,False,56672000.0,0.0,2021
6237,驊訊,2021-01-18,2021-01-18,1,2021-01-19,2021-01-19,115.0,115.0,116.5,99.9,99.9,13.130434782608692,1.9999999999999976,True,False,False,False,40848000.0,0.904891304347826,2021
2314,台揚,2021-01-19,2021-01-19,1,2021-01-20,2021-01-20,36.95,36.95,37.15,33.3,33.3,9.878213802435738,1.9999999999999925,True,False,False,False,110628300.0,0.4659603374543403,2021
2363,矽統,2021-01-19,2021-01-19,1,2021-01-20,2021-01-20,18.5,18.5,18.85,16.6,16.6,10.270270270270265,2.0000000000000053,True,False,False,False,40001600.0,0.8834996600135995,2021
2401,凌陽,2021-01-18,2021-01-19,2,2021-01-20,2021-01-20,27.2,27.2,27.5,24.5,24.65,9.375000000000004,2.0000000000000018,True,False,False,False,148500000.0,0.7448117845117844,2021
1325,恆大,2021-01-20,2021-01-20,1,2021-01-21,2021-01-21,96.0,96.0,99.9,91.0,93.4,2.708333333333328,2.0000000000000018,True,False,False,False,88315900.0,0.8735505158187825,2021
1597,直得,2021-01-21,2021-01-21,1,2021-01-22,2021-01-22,105.0,105.0,114.0,102.5,110.0,-4.761904761904762,2.000000000000008,True,False,False,False,104291000.0,1.0547410610695074,2021
8046,南電,2021-01-22,2021-01-22,1,2021-01-25,2021-01-25,253.5,253.5,258.0,229.0,233.5,7.889546351084813,1.9999999999999973,True,False,False,False,62614500.0,0.0,2021
2375,凱美,2021-01-25,2021-01-25,1,2021-01-26,2021-01-26,107.0,107.0,107.0,98.1,99.1,7.383177570093463,2.0000000000000004,True,False,False,False,73081000.0,0.84345041802931,2021
2417,圓剛,2021-01-25,2021-01-25,1,2021-01-26,2021-01-26,51.5,51.5,52.1,48.55,48.8,5.242718446601947,2.000000000000002,True,False,False,False,97643000.0,0.942084942084942,2021
3010,華立,2021-01-25,2021-01-25,1,2021-01-26,2021-01-26,82.9,82.9,83.0,78.0,78.3,5.548854041013279,2.0000000000000013,True,False,False,False,47891000.0,0.9417385312480424,2021
5471,松翰,2021-01-26,2021-01-26,1,2021-01-27,2021-01-27,77.2,77.2,78.4,72.1,72.8,5.699481865284981,1.9999999999999958,True,False,False,False,59512200.00000001,0.88198386213247,2021
2328,廣宇,2021-01-27,2021-01-27,1,2021-01-28,2021-01-28,43.4,43.4,46.5,42.0,43.5,-0.2304147465437821,2.000000000000005,True,False,False,False,174836000.0,0.9141080784277836,2021
3552,同致,2021-01-26,2021-01-27,2,2021-01-28,2021-01-28,328.5,328.5,357.0,309.0,312.0,5.0228310502283104,1.999999999999998,True,False,False,False,256158000.0,0.8659967676199846,2021
4976,佳凌,2021-02-02,2021-02-02,1,2021-02-03,2021-02-03,90.8,90.8,93.8,84.5,87.2,3.9647577092510953,2.0000000000000027,True,False,False,False,177081000.0,0.9676249851762752,2021
4961,天鈺,2021-02-03,2021-02-03,1,2021-02-04,2021-02-04,146.0,146.0,160.5,144.0,157.0,-7.534246575342466,-7.534246575342466,False,False,False,False,149796000.0,0.0,2021
4743,合一,2021-02-05,2021-02-05,1,2021-02-17,2021-02-17,226.0,226.0,226.5,208.0,208.0,7.964601769911504,2.0000000000000044,True,False,False,False,120780000.0,0.898956780923994,2021
2492,華新科,2021-02-17,2021-02-17,1,2021-02-18,2021-02-18,260.0,260.0,266.5,253.0,255.5,1.7307692307692308,2.0000000000000067,True,False,False,False,94198500.0,-0.0,2021
3189,景碩,2021-02-17,2021-02-17,1,2021-02-18,2021-02-18,88.6,88.6,91.5,86.3,91.3,-3.0474040632054207,2.000000000000006,True,False,False,False,66136700.0,0.0,2021
5471,松翰,2021-02-17,2021-02-17,1,2021-02-18,2021-02-18,77.9,77.9,83.2,75.2,79.9,-2.567394094993581,2.000000000000009,True,False,False,False,58216900.0,1.4012752310755128,2021
6488,環球晶,2021-02-17,2021-02-17,1,2021-02-18,2021-02-18,712.0,712.0,717.0,699.0,707.0,0.7022471910112359,0.7022471910112359,False,False,False,False,103853000.0,-0.0,2021
3529,力旺,2021-02-17,2021-02-18,2,2021-02-19,2021-02-19,905.0,905.0,935.0,843.0,866.0,4.30939226519337,2.0000000000000027,True,False,False,False,47576000.0,0.910122750966874,2021
4961,天鈺,2021-02-05,2021-02-18,3,2021-02-19,2021-02-19,212.0,212.0,224.0,206.0,206.5,2.5943396226415096,2.000000000000004,True,False,False,False,89869000.0,1.355695512356875,2021
3019,亞光,2021-02-18,2021-02-19,2,2021-02-22,2021-02-22,95.0,95.0,101.5,95.0,95.8,-0.8421052631578918,-0.8421052631578918,False,False,False,False,172384500.0,1.0625642096592212,2021
3169,亞信,2021-02-04,2021-02-19,5,2021-02-22,2021-02-22,99.7,99.7,104.5,96.6,98.1,1.604814443329999,1.9999999999999998,True,False,False,False,40417200.0,3.839805825242718,2021
3006,晶豪科,2021-02-22,2021-02-22,1,2021-02-23,2021-02-23,83.5,83.5,87.5,80.5,86.0,-2.9940119760479043,2.000000000000002,True,False,False,False,166822100.0,0.6742991486140025,2021
4142,國光生,2021-02-18,2021-02-22,3,2021-02-23,2021-02-23,67.2,67.2,70.4,58.9,58.9,12.351190476190482,2.000000000000012,True,False,False,False,114170000.0,0.7557896119821319,2021
4976,佳凌,2021-02-19,2021-02-22,2,2021-02-23,2021-02-23,115.5,115.5,123.0,111.0,113.0,2.1645021645021645,2.000000000000002,True,False,False,False,166544000.0,1.0157135651839757,2021
2467,志聖,2021-02-23,2021-02-23,1,2021-02-24,2021-02-24,52.4,52.4,52.4,45.15,45.6,12.977099236641216,2.0000000000000036,True,False,False,False,84458000.0,0.9421487603305784,2021
8070,長華*,2021-02-23,2021-02-23,1,2021-02-24,2021-02-24,43.75,43.75,45.45,41.15,41.4,5.371428571428575,2.0,True,False,False,False,107807700.0,0.964266930840747,2021
4743,合一,2021-02-24,2021-02-24,1,2021-02-25,2021-02-26,316.5,265.0,273.0,258.0,260.5,1.69811320754717,2.000000000000004,True,False,True,False,237600000.0,0.7284090909090909,2021
8936,國統,2021-02-24,2021-02-24,1,2021-02-25,2021-02-25,31.6,31.6,32.1,29.8,30.0,5.06329113924051,2.0000000000000044,True,False,False,False,86873400.00000001,0.9814281471658756,2021
3673,TPK-KY,2021-02-26,2021-02-26,1,2021-03-02,2021-03-02,51.0,51.0,52.0,47.5,48.1,5.686274509803919,2.000000000000006,True,False,False,False,76103200.0,0.9695439876378392,2021
5223,安力-KY,2021-02-25,2021-02-26,2,2021-03-02,2021-03-02,114.5,114.5,120.5,104.0,104.0,9.170305676855897,2.0000000000000058,True,False,False,False,72161500.0,1.0059657850793011,2021
8016,矽創,2021-03-02,2021-03-02,1,2021-03-03,2021-03-03,211.0,211.0,211.5,196.0,208.0,1.4218009478672986,1.9999999999999993,True,False,False,False,212287500.0,0.6956603662486015,2021
4576,大銀微系統,2021-03-03,2021-03-03,1,2021-03-04,2021-03-04,173.0,173.0,179.5,162.0,162.5,6.069364161849711,2.0000000000000044,True,False,False,False,69680000.0,0.9701492537313432,2021
2731,雄獅,2021-03-09,2021-03-09,1,2021-03-10,2021-03-10,105.0,105.0,106.0,96.1,98.0,6.666666666666667,2.000000000000008,True,False,False,False,45700000.0,0.9564113785557988,2021
6582,申豐,2021-03-09,2021-03-09,1,2021-03-10,2021-03-10,171.0,171.0,181.5,168.0,171.5,-0.2923976608187134,-0.29239766081871343,False,False,False,False,50298000.0,0.34778718835739,2021
3234,光環,2021-03-10,2021-03-10,1,2021-03-11,2021-03-11,44.3,44.3,44.3,41.2,41.55,6.207674943566592,2.000000000000006,True,False,False,False,51972600.0,0.0527643412105609,2021
6244,茂迪,2021-03-10,2021-03-10,1,2021-03-11,2021-03-11,35.7,35.7,36.75,34.8,35.1,1.6806722689075668,1.9999999999999958,True,False,False,False,69900000.0,1.0037896995708158,2021
8431,匯鑽科,2021-03-10,2021-03-10,1,2021-03-11,2021-03-11,84.6,84.6,92.9,83.5,88.0,-4.0189125295508346,-4.0189125295508346,False,False,False,False,41333600.0,1.0176708537364274,2021
3661,世芯-KY,2021-03-11,2021-03-11,1,2021-03-12,2021-03-12,923.0,923.0,948.0,917.0,921.0,0.2166847237269772,0.21668472372697722,False,False,False,False,85822000.0,-0.0,2021
4976,佳凌,2021-03-11,2021-03-11,1,2021-03-12,2021-03-12,118.5,118.5,122.5,112.5,113.0,4.641350210970464,2.000000000000004,True,False,False,False,233310000.0,0.7550769362650551,2021
3228,金麗科,2021-03-12,2021-03-12,1,2021-03-15,2021-03-15,475.0,475.0,494.0,456.0,480.5,-1.1578947368421053,2.0,True,False,False,False,181302000.0,0.9540986861700368,2021
3041,揚智,2021-03-15,2021-03-15,1,2021-03-16,2021-03-16,33.6,33.6,33.6,30.8,31.05,7.589285714285716,2.000000000000012,True,False,False,False,91766100.0,0.6469447868003545,2021
6284,佳邦,2021-03-15,2021-03-15,1,2021-03-16,2021-03-16,86.8,86.8,93.2,84.3,84.7,2.4193548387096717,2.000000000000005,True,False,False,False,80305599.99999999,0.0,2021
8261,富鼎,2021-03-15,2021-03-15,1,2021-03-16,2021-03-16,59.9,59.9,60.7,55.0,56.3,6.010016694490821,2.000000000000001,True,False,False,False,170056000.0,0.9531430822787784,2021
3545,敦泰,2021-03-11,2021-03-16,4,2021-03-17,2021-03-17,150.0,150.0,153.5,135.5,139.0,7.333333333333333,2.0,True,False,False,False,74381000.0,-0.0,2021
5471,松翰,2021-03-16,2021-03-16,1,2021-03-17,2021-03-17,99.8,99.8,102.5,91.7,94.5,5.310621242484967,1.9999999999999951,True,False,False,False,117354300.0,0.9807991696938246,2021
3149,正達,2021-03-16,2021-03-17,2,2021-03-18,2021-03-18,36.8,36.8,38.9,35.9,36.05,2.0380434782608696,1.9999999999999925,True,False,False,False,106856750.0,1.01007844614402,2021
3545,敦泰,2021-03-18,2021-03-18,1,2021-03-19,2021-03-19,150.5,150.5,164.0,147.0,159.0,-5.647840531561462,1.9999999999999938,True,False,False,False,53680000.0,0.3169336810730253,2021
3596,智易,2021-03-18,2021-03-18,1,2021-03-19,2021-03-19,108.5,108.5,109.5,106.0,108.5,0.0,2.0000000000000013,True,False,False,False,93170000.0,0.4064237415477085,2021
4961,天鈺,2021-03-18,2021-03-18,1,2021-03-19,2021-03-19,275.5,275.5,299.0,273.5,290.0,-5.263157894736842,-5.263157894736842,False,False,False,False,165324000.0,0.6121918172800077,2021
5285,界霖,2021-03-18,2021-03-18,1,2021-03-19,2021-03-19,82.2,82.2,85.0,78.2,78.2,4.8661800486618,2.0000000000000067,True,False,False,False,110948200.0,0.8042149399449472,2021
3149,正達,2021-03-19,2021-03-19,1,2021-03-22,2021-03-22,40.0,40.0,41.95,38.6,39.65,0.8750000000000036,1.9999999999999927,True,False,False,False,61497149.99999999,0.9716312056737588,2021
3346,麗清,2021-03-19,2021-03-19,1,2021-03-22,2021-03-22,62.2,62.2,62.2,56.4,58.3,6.270096463022518,1.9999999999999998,True,False,False,False,46480000.0,0.99717082616179,2021
2603,長榮,2021-03-22,2021-03-22,1,2021-03-23,2021-03-23,46.9,46.9,47.6,42.2,42.75,8.848614072494666,2.0000000000000053,True,False,False,False,338006200.0,-0.0,2021
3169,亞信,2021-03-19,2021-03-22,2,2021-03-23,2021-03-23,185.0,185.0,188.0,157.0,161.0,12.972972972972974,2.000000000000009,True,False,False,False,165032500.0,0.9492251526214532,2021
3481,群創,2021-03-22,2021-03-22,1,2021-03-23,2021-03-23,19.2,19.2,19.85,18.65,19.0,1.041666666666663,2.0000000000000018,True,False,False,False,184503800.00000003,0.78202183369665,2021
3441,聯一光電,2021-03-23,2021-03-24,2,2021-03-25,2021-03-25,46.0,46.0,46.0,38.1,38.1,17.173913043478258,2.000000000000004,True,False,False,False,42025700.0,0.6309853256459739,2021
1440,南紡,2021-03-25,2021-03-26,2,2021-03-29,2021-03-29,20.4,20.4,20.7,18.95,19.25,5.637254901960778,2.000000000000006,True,False,False,False,171668000.0,0.84247064100473,2021
4968,立積,2021-03-26,2021-03-26,1,2021-03-29,2021-03-29,637.0,637.0,644.0,610.0,612.0,3.924646781789639,2.0000000000000013,True,False,False,False,227160000.0,0.0,2021
6531,愛普*,2021-03-26,2021-03-26,1,2021-03-29,2021-03-29,880.0,880.0,902.0,846.0,889.0,-1.0227272727272727,2.0000000000000027,True,False,False,False,58424000.0,0.5782212789264686,2021
6116,彩晶,2021-03-29,2021-03-29,1,2021-03-30,2021-03-30,15.3,15.3,15.65,15.05,15.65,-2.2875816993464024,-2.2875816993464024,False,False,False,False,288425700.0,0.9987109331796716,2021
6237,驊訊,2021-03-29,2021-03-29,1,2021-03-30,2021-03-30,114.5,114.5,123.5,109.0,114.5,0.0,2.0000000000000058,True,False,False,False,45562500.0,0.4146502057613169,2021
6443,元晶,2021-03-29,2021-03-29,1,2021-03-30,2021-03-30,47.5,47.5,48.4,45.85,47.35,0.3157894736842075,2.0000000000000058,True,False,False,False,127442500.0,0.5573101594836887,2021
3169,亞信,2021-03-30,2021-03-30,1,2021-03-31,2021-03-31,208.5,208.5,209.0,195.5,201.0,3.597122302158273,2.0000000000000075,True,False,False,False,195500000.0,0.9705575447570332,2021
3588,通嘉,2021-03-30,2021-03-30,1,2021-03-31,2021-03-31,94.9,94.9,99.9,91.4,91.4,3.68809272918862,1.9999999999999958,True,False,False,False,105798000.0,1.1179001493411973,2021
4919,新唐,2021-03-30,2021-03-31,2,2021-04-01,2021-04-01,58.2,58.2,60.8,57.4,58.2,0.0,0.0,False,False,False,False,66354399.99999999,0.9262264446668196,2021
3228,金麗科,2021-04-01,2021-04-01,1,2021-04-06,2021-04-06,584.0,584.0,615.0,558.0,565.0,3.2534246575342465,2.0000000000000107,True,False,False,False,152820000.0,1.0980565371024735,2021
3413,京鼎,2021-04-06,2021-04-06,1,2021-04-07,2021-04-07,260.0,260.0,278.0,256.0,273.0,-5.0,-5.0,False,False,False,False,104692500.0,0.1355971058098717,2021
6283,淳安,2021-04-01,2021-04-06,2,2021-04-07,2021-04-07,76.2,76.2,76.2,70.1,74.8,1.8372703412073563,2.000000000000001,True,False,False,False,125094000.0,-0.0,2021
4919,新唐,2021-04-07,2021-04-07,1,2021-04-08,2021-04-08,65.0,65.0,68.5,64.0,64.0,1.5384615384615383,1.5384615384615385,False,False,False,False,42885600.0,0.9058518477064562,2021
6187,萬潤,2021-04-06,2021-04-07,2,2021-04-08,2021-04-08,146.0,146.0,149.5,142.0,142.5,2.3972602739726026,2.0000000000000107,True,False,False,False,76360000.0,1.0151911995809324,2021
4961,天鈺,2021-04-08,2021-04-08,1,2021-04-09,2021-04-09,378.0,378.0,395.0,353.5,366.5,3.0423280423280423,2.000000000000001,True,False,False,False,55650000.0,4.010754716981132,2021
8054,安國,2021-04-08,2021-04-08,1,2021-04-09,2021-04-09,69.1,69.1,69.3,57.7,57.7,16.49782923299565,2.000000000000007,True,False,False,False,120004200.0,0.9029733959311425,2021
8183,精星,2021-04-08,2021-04-08,1,2021-04-09,2021-04-09,57.3,57.3,58.9,54.8,55.0,4.013961605584637,2.0000000000000013,True,False,False,False,124834400.0,0.9582695154540736,2021
2344,華邦電,2021-04-09,2021-04-09,1,2021-04-12,2021-04-12,34.5,34.5,36.8,34.3,34.85,-1.0144927536231925,-1.0144927536231925,False,False,False,False,451799600.0,0.8905347636429957,2021
1304,台聚,2021-04-12,2021-04-12,1,2021-04-13,2021-04-13,29.9,29.9,30.5,28.0,28.8,3.678929765886281,1.9999999999999967,True,False,False,False,61352500.0,0.979676459801964,2021
2314,台揚,2021-04-12,2021-04-12,1,2021-04-13,2021-04-13,41.0,41.0,42.55,38.5,39.0,4.878048780487805,2.000000000000001,True,False,False,False,118811300.0,0.9762202753441802,2021
2409,友達,2021-04-12,2021-04-12,1,2021-04-13,2021-04-13,26.25,26.25,27.0,25.4,25.6,2.476190476190471,2.000000000000008,True,False,False,False,171064200.0,-0.0,2021
3092,鴻碩,2021-04-12,2021-04-12,1,2021-04-13,2021-04-13,81.0,81.0,82.6,73.3,74.0,8.641975308641975,2.0000000000000058,True,False,False,False,117183000.0,0.8354624817592996,2021
3363,上詮,2021-04-09,2021-04-12,2,2021-04-13,2021-04-13,37.7,37.7,38.0,32.7,33.5,11.140583554376663,1.9999999999999938,True,False,False,False,105309350.0,0.4011372209590127,2021
4919,新唐,2021-04-12,2021-04-12,1,2021-04-13,2021-04-13,68.8,68.8,69.2,64.2,65.6,4.651162790697678,2.000000000000007,True,False,False,False,66900100.00000001,0.914868587640377,2021
1711,永光,2021-04-13,2021-04-13,1,2021-04-14,2021-04-14,19.8,19.8,19.8,17.8,18.4,7.070707070707082,2.000000000000004,True,False,False,False,147207199.99999997,0.8992060170969898,2021
2314,台揚,2021-04-14,2021-04-14,1,2021-04-15,2021-04-15,43.0,43.0,46.6,42.95,44.9,-4.418604651162787,-4.418604651162787,False,False,False,False,61432799.99999999,0.984495253350002,2021
3443,創意,2021-04-15,2021-04-15,1,2021-04-16,2021-04-16,440.0,440.0,440.0,415.5,417.5,5.113636363636364,2.0000000000000027,True,False,False,False,40480000.0,0.8354125494071146,2021
3545,敦泰,2021-04-15,2021-04-15,1,2021-04-16,2021-04-16,225.0,225.0,237.5,220.0,220.5,2.0,2.0,True,False,False,False,181280000.0,1.7673571270962047,2021
2498,宏達電,2021-04-15,2021-04-16,2,2021-04-19,2021-04-19,40.2,40.2,42.0,39.55,40.1,0.2487562189054761,0.24875621890547614,False,False,False,False,80534600.00000001,0.8619040760120493,2021
4919,新唐,2021-04-16,2021-04-16,1,2021-04-19,2021-04-19,72.4,72.4,74.5,69.2,70.0,3.3149171270718307,2.00000000000001,True,False,False,False,93354300.0,0.9500365810680388,2021
1304,台聚,2021-04-15,2021-04-19,3,2021-04-20,2021-04-20,38.8,38.8,38.8,36.0,37.15,4.252577319587625,2.000000000000009,True,False,False,False,198386950.0,0.2136640036050758,2021
2002,中鋼,2021-04-19,2021-04-19,1,2021-04-20,2021-04-20,38.8,38.8,39.1,36.65,39.0,-0.5154639175257806,2.000000000000009,True,False,False,False,89668000.0,-0.0,2021
2606,裕民,2021-04-16,2021-04-19,2,2021-04-20,2021-04-20,56.6,56.6,57.6,53.6,56.3,0.5300353356890535,1.9999999999999962,True,False,False,False,214892400.0,0.9992358966627016,2021
8261,富鼎,2021-04-16,2021-04-19,2,2021-04-20,2021-04-20,78.8,78.8,83.0,75.8,79.0,-0.2538071065989884,2.0000000000000098,True,False,False,False,92947500.0,1.0054815890690982,2021
3016,嘉晶,2021-04-20,2021-04-20,1,2021-04-21,2021-04-21,84.1,84.1,90.0,84.0,84.0,0.1189060642092679,0.11890606420926791,False,False,False,False,79570800.0,1.003936117269149,2021
3532,台勝科,2021-04-20,2021-04-20,1,2021-04-21,2021-04-21,171.0,171.0,179.5,166.0,171.5,-0.2923976608187134,2.0000000000000093,True,False,False,False,66696000.0,0.0,2021
5483,中美晶,2021-04-20,2021-04-20,1,2021-04-21,2021-04-21,192.5,192.5,206.5,190.0,190.5,1.0389610389610389,1.0389610389610389,False,False,False,False,243390000.0,0.6018920251448293,2021
6182,合晶,2021-04-20,2021-04-20,1,2021-04-21,2021-04-21,55.1,55.1,58.1,54.6,56.4,-2.359346642468234,-2.359346642468234,False,False,False,False,54698600.0,-0.0,2021
6261,久元,2021-04-20,2021-04-20,1,2021-04-21,2021-04-21,80.3,80.3,81.8,77.8,81.0,-0.8717310087173136,1.9999999999999931,True,False,False,False,78642000.0,1.1947814145113298,2021
2208,台船,2021-04-21,2021-04-21,1,2021-04-22,2021-04-22,28.75,28.75,30.2,26.2,27.0,6.086956521739131,1.9999999999999976,True,False,False,False,247903200.0,0.9782608695652174,2021
2605,新興,2021-04-19,2021-04-21,3,2021-04-22,2021-04-23,34.35,34.4,35.3,30.1,31.2,9.302325581395348,2.000000000000007,True,False,True,False,51656250.0,1.0674990925589836,2021
2609,陽明,2021-04-21,2021-04-21,1,2021-04-22,2021-04-22,65.0,65.0,68.3,58.0,59.6,8.307692307692305,2.0000000000000067,True,False,False,False,44642400.0,1.6875078400802828,2021
2617,台航,2021-04-16,2021-04-21,4,2021-04-22,2021-04-22,40.0,40.0,40.2,35.1,37.7,5.749999999999993,1.9999999999999927,True,False,False,False,91923250.0,1.0363852452997475,2021
3260,威剛,2021-04-21,2021-04-21,1,2021-04-22,2021-04-22,102.5,102.5,105.5,92.0,94.5,7.804878048780488,1.9999999999999973,True,False,False,False,121001100.0,0.8871985461289196,2021
6116,彩晶,2021-04-21,2021-04-21,1,2021-04-22,2021-04-22,22.0,22.0,23.25,21.0,22.5,-2.272727272727273,2.0000000000000058,True,False,False,False,174847050.0,0.5439468381079349,2021
2009,第一銅,2021-04-22,2021-04-22,1,2021-04-23,2021-04-23,53.2,53.2,53.3,46.6,46.6,12.406015037593988,2.0,True,False,False,False,56217600.0,0.966522939435337,2021
3545,敦泰,2021-04-23,2021-04-23,1,2021-04-26,2021-04-26,196.5,196.5,202.5,191.0,196.5,0.0,2.0000000000000036,True,False,False,False,45085500.0,2.527863725588049,2021
6182,合晶,2021-04-23,2021-04-23,1,2021-04-26,2021-04-26,60.1,60.1,61.6,58.7,58.8,2.163061564059907,1.999999999999997,True,False,False,False,73108200.0,2.72572980869451,2021
8299,群聯,2021-04-23,2021-04-23,1,2021-04-26,2021-04-26,565.0,565.0,590.0,563.0,576.0,-1.9469026548672568,-1.9469026548672566,False,False,False,False,582879000.0,-0.0,2021
2031,新光鋼,2021-04-26,2021-04-26,1,2021-04-27,2021-04-27,68.5,68.5,71.7,67.6,70.6,-3.065693430656926,-3.065693430656926,False,False,False,False,108993500.0,0.6185965218109337,2021
2603,長榮,2021-04-26,2021-04-26,1,2021-04-27,2021-04-27,78.5,78.5,80.9,76.5,77.5,1.2738853503184715,2.0000000000000093,True,False,False,False,92697600.0,3.503893304681028,2021
2606,裕民,2021-04-26,2021-04-26,1,2021-04-27,2021-04-27,69.6,69.6,73.7,68.1,69.0,0.8620689655172332,1.9999999999999942,True,False,False,False,398708800.00000006,0.9097692350908732,2021
3260,威剛,2021-04-23,2021-04-26,2,2021-04-27,2021-04-27,112.0,112.0,116.0,108.0,109.5,2.232142857142857,2.000000000000008,True,False,False,False,222924500.0,0.6660640710195604,2021
6188,廣明,2021-04-26,2021-04-26,1,2021-04-27,2021-04-27,53.0,53.0,53.9,50.6,52.9,0.1886792452830215,2.000000000000004,True,False,False,False,307697399.99999994,0.8094095042727043,2021
6679,鈺太,2021-04-26,2021-04-26,1,2021-04-27,2021-04-27,330.5,330.5,331.5,312.0,314.5,4.841149773071105,2.000000000000004,True,False,False,False,119971500.0,-0.0,2021
3078,僑威,2021-04-27,2021-04-27,1,2021-04-28,2021-04-28,66.6,66.6,67.9,64.0,64.0,3.903903903903896,2.000000000000012,True,False,False,False,66200000.0,0.7250755287009063,2021
3673,TPK-KY,2021-04-27,2021-04-27,1,2021-04-28,2021-04-28,57.9,57.9,58.0,53.8,55.4,4.317789291882556,2.000000000000002,True,False,False,False,252655200.0,0.962600413528002,2021
1605,華新,2021-04-26,2021-04-28,3,2021-04-29,2021-04-29,31.5,31.5,32.35,29.3,30.5,3.1746031746031744,1.999999999999997,True,False,False,False,40849800.0,0.7653036244975495,2021
1802,台玻,2021-04-28,2021-04-28,1,2021-04-29,2021-04-29,34.45,34.45,35.65,32.1,33.85,1.7416545718432552,2.0,True,False,False,False,97860150.0,0.0,2021
2457,飛宏,2021-04-28,2021-04-28,1,2021-04-29,2021-04-29,45.4,45.4,48.95,42.8,42.95,5.3964757709251,2.0000000000000027,True,False,False,False,137058900.0,0.9523281596452328,2021
3037,欣興,2021-04-28,2021-04-28,1,2021-04-29,2021-04-29,115.0,115.0,121.0,111.5,115.0,0.0,1.9999999999999976,True,False,False,False,46012500.0,-0.0,2021
3661,世芯-KY,2021-04-27,2021-04-28,2,2021-04-29,2021-04-29,515.0,515.0,518.0,480.5,497.0,3.4951456310679614,2.000000000000002,True,False,False,False,134642000.0,0.0,2021
1304,台聚,2021-04-29,2021-04-29,1,2021-05-03,2021-05-03,41.7,41.7,42.8,38.6,39.0,6.474820143884899,2.000000000000007,True,False,False,False,81997050.0,0.59453358383015,2021
2014,中鴻,2021-04-29,2021-04-29,1,2021-05-03,2021-05-03,43.25,43.25,46.45,42.65,42.65,1.387283236994223,1.387283236994223,False,False,False,False,93847800.0,0.5994317394760452,2021
2401,凌陽,2021-04-29,2021-04-29,1,2021-05-03,2021-05-03,35.2,35.2,35.25,31.6,32.2,8.522727272727272,2.0000000000000018,True,False,False,False,100348150.0,0.9090611037672344,2021
2454,聯發科,2021-04-29,2021-04-29,1,2021-05-03,2021-05-03,1175.0,1175.0,1175.0,1080.0,1105.0,5.957446808510639,2.0,True,False,False,False,92430000.0,4.10056258790436,2021
3035,智原,2021-04-28,2021-04-29,2,2021-05-03,2021-05-03,74.6,74.6,74.6,68.5,69.8,6.434316353887397,2.0000000000000058,True,False,False,False,65868300.0,0.0,2021
3041,揚智,2021-04-29,2021-04-29,1,2021-05-03,2021-05-03,34.9,34.9,34.9,31.5,31.5,9.742120343839538,2.000000000000001,True,False,False,False,233765000.0,0.8692768378499776,2021
3260,威剛,2021-04-29,2021-04-29,1,2021-05-03,2021-05-03,124.5,124.5,131.0,120.0,121.0,2.8112449799196786,2.000000000000007,True,False,False,False,154759000.0,0.6583268178264269,2021
6589,台康生技,2021-05-03,2021-05-03,1,2021-05-04,2021-05-04,152.0,152.0,153.5,140.0,143.5,5.592105263157895,1.999999999999995,True,False,False,False,54425000.0,0.9228295819935692,2021
3515,華擎,2021-05-04,2021-05-04,1,2021-05-05,2021-05-05,183.5,183.5,184.0,171.5,176.0,4.087193460490464,2.000000000000009,True,False,False,False,118163500.0,0.7194099700838246,2021
1609,大亞,2021-05-05,2021-05-05,1,2021-05-06,2021-05-06,34.1,34.1,36.65,33.2,34.1,0.0,2.000000000000006,True,False,False,False,84874900.00000001,1.0096424266773802,2021
2344,華邦電,2021-05-07,2021-05-07,1,2021-05-10,2021-05-10,34.3,34.3,34.55,32.65,32.8,4.373177842565598,2.0,True,False,False,False,76715700.0,0.8298796726093876,2021
2605,新興,2021-05-07,2021-05-07,1,2021-05-10,2021-05-10,33.0,33.0,35.0,32.6,35.0,-6.0606060606060606,-6.0606060606060606,False,False,False,False,73250300.0,0.0,2021
3661,世芯-KY,2021-05-07,2021-05-07,1,2021-05-10,2021-05-10,402.0,402.0,435.0,400.5,433.0,-7.711442786069651,-7.711442786069651,False,False,False,False,51935000.0,1.083854818523154,2021
4961,天鈺,2021-05-07,2021-05-07,1,2021-05-10,2021-05-10,309.0,309.0,318.5,285.0,286.5,7.281553398058252,2.000000000000002,True,False,False,False,108956500.0,0.7783289661470403,2021
6116,彩晶,2021-05-07,2021-05-07,1,2021-05-10,2021-05-10,23.4,23.4,23.4,22.6,22.9,2.1367521367521367,2.0,True,False,False,False,57236399.99999999,0.950625825523618,2021
1802,台玻,2021-05-10,2021-05-10,1,2021-05-11,2021-05-11,36.95,36.95,40.6,35.7,39.25,-6.2246278755074345,1.9999999999999925,True,False,False,False,78962150.00000001,0.0,2021
2014,中鴻,2021-05-05,2021-05-10,4,2021-05-11,2021-05-11,55.7,55.7,62.0,52.5,56.6,-1.6157989228007157,2.0000000000000075,True,False,False,False,112461000.0,0.0,2021
2603,長榮,2021-05-10,2021-05-10,1,2021-05-11,2021-05-11,91.6,91.6,100.0,89.1,95.6,-4.366812227074236,2.000000000000009,True,False,False,False,167084500.0,0.0,2021
3687,歐買尬,2021-05-07,2021-05-10,2,2021-05-11,2021-05-11,82.4,82.4,88.9,76.9,77.0,6.553398058252434,1.9999999999999951,True,False,False,False,81550000.0,0.993304721030043,2021
4919,新唐,2021-05-07,2021-05-10,2,2021-05-11,2021-05-11,72.0,72.0,72.0,66.6,67.0,6.944444444444445,1.999999999999997,True,False,False,False,46916000.0,0.3156066160798022,2021
3661,世芯-KY,2021-05-12,2021-05-12,1,2021-05-13,2021-05-13,485.0,485.0,512.0,453.5,453.5,6.494845360824743,1.9999999999999976,True,False,False,False,66102500.0,0.0,2021
2642,宅配通,2021-05-13,2021-05-13,1,2021-05-14,2021-05-14,40.0,40.0,41.4,36.0,36.9,7.750000000000004,1.9999999999999927,True,False,False,False,43960399.99999999,0.9510309278350516,2021
4142,國光生,2021-05-12,2021-05-13,2,2021-05-14,2021-05-14,61.1,61.1,64.8,56.7,57.6,5.728314238952537,2.000000000000002,True,False,False,False,394510600.0,0.9649383311880594,2021
6547,高端疫苗,2021-05-12,2021-05-13,2,2021-05-14,2021-05-14,358.0,358.0,394.0,339.0,379.5,-6.005586592178771,2.000000000000007,True,False,False,False,184470000.0,1.01216457960644,2021
6589,台康生技,2021-05-12,2021-05-13,2,2021-05-14,2021-05-14,163.5,163.5,183.5,155.0,171.5,-4.892966360856269,2.000000000000006,True,False,False,False,61020000.0,1.3827925270403147,2021
3533,嘉澤,2021-05-14,2021-05-14,1,2021-05-17,2021-05-17,490.0,490.0,525.0,489.0,511.0,-4.285714285714286,-4.285714285714286,False,False,False,False,77463000.0,0.4287853555891199,2021
3653,健策,2021-05-14,2021-05-14,1,2021-05-17,2021-05-17,250.5,250.5,267.0,242.0,252.0,-0.5988023952095809,1.9999999999999962,True,False,False,False,54496000.0,0.0,2021
3669,圓展,2021-05-17,2021-05-17,1,2021-05-18,2021-05-18,94.1,94.1,97.8,90.0,91.6,2.656748140276302,2.0000000000000058,True,False,False,False,169097699.99999997,0.973432518597237,2021
8044,網家,2021-05-17,2021-05-17,1,2021-05-18,2021-05-18,124.0,124.0,124.0,107.0,107.0,13.709677419354838,2.000000000000003,True,False,False,False,152229000.0,0.9257040379953884,2021
2002,中鋼,2021-05-18,2021-05-18,1,2021-05-19,2021-05-19,36.0,36.0,38.25,35.8,37.8,-4.999999999999992,-4.999999999999992,False,False,False,False,183256800.0,-0.0,2021
2882,國泰金,2021-05-18,2021-05-18,1,2021-05-19,2021-05-19,54.0,54.0,54.9,53.0,54.3,-0.5555555555555503,-0.5555555555555503,False,False,False,False,110263500.0,-0.0,2021
3034,聯詠,2021-05-18,2021-05-18,1,2021-05-19,2021-05-19,515.0,515.0,525.0,492.0,494.5,3.9805825242718447,2.000000000000002,True,False,False,False,133380000.0,-0.0,2021
3481,群創,2021-05-18,2021-05-18,1,2021-05-19,2021-05-19,21.0,21.0,22.75,20.7,22.4,-6.66666666666666,-6.66666666666666,False,False,False,False,102195900.0,-0.0,2021
2009,第一銅,2021-05-18,2021-05-19,2,2021-05-20,2021-05-20,56.9,56.9,61.4,56.4,58.2,-2.2847100175747,-2.2847100175747,False,False,False,False,81741800.0,1.1014609416479697,2021
2603,長榮,2021-05-18,2021-05-19,2,2021-05-20,2021-05-20,76.3,76.3,82.2,75.0,77.0,-0.9174311926605542,-0.9174311926605542,False,False,False,False,426759600.0,0.2702833164151433,2021
2609,陽明,2021-05-18,2021-05-19,2,2021-05-20,2021-05-20,81.0,81.0,87.3,79.1,83.5,-3.08641975308642,2.0000000000000058,True,False,False,False,341561500.0,0.8556292205064095,2021
4961,天鈺,2021-05-18,2021-05-19,2,2021-05-20,2021-05-20,253.5,253.5,266.5,247.5,250.0,1.3806706114398422,1.9999999999999973,True,False,False,False,93656000.0,-0.0,2021
2603,長榮,2021-05-21,2021-05-21,1,2021-05-24,2021-05-24,85.3,85.3,91.4,83.3,86.4,-1.2895662368112646,2.0000000000000036,True,False,False,False,145345200.0,0.949331660075462,2021
2609,陽明,2021-05-21,2021-05-21,1,2021-05-24,2021-05-24,92.0,92.0,99.3,89.3,93.1,-1.1956521739130372,2.000000000000004,True,False,False,False,181029600.0,-0.0,2021
3661,世芯-KY,2021-05-21,2021-05-21,1,2021-05-24,2021-05-24,464.5,464.5,497.0,443.0,480.0,-3.3369214208826694,2.0000000000000044,True,False,False,False,76356000.0,1.0183875530410185,2021
1455,集盛,2021-05-20,2021-05-24,3,2021-05-25,2021-05-26,28.7,25.1,27.05,24.4,26.15,-4.183266932270905,1.9999999999999956,True,False,True,False,46566200.0,0.881699601857141,2021
4746,台耀,2021-05-20,2021-05-24,3,2021-05-25,2021-05-25,94.3,94.3,96.5,81.4,84.5,10.392364793213146,1.9999999999999956,True,False,False,False,85878200.0,1.014454192099974,2021
1313,聯成,2021-05-25,2021-05-25,1,2021-05-26,2021-05-26,25.0,25.0,25.45,24.1,25.0,0.0,2.0,True,False,False,False,51528500.0,0.9548114150421612,2021
3006,晶豪科,2021-05-24,2021-05-25,2,2021-05-26,2021-05-26,132.0,132.0,136.0,125.5,126.0,4.545454545454546,2.000000000000011,True,False,False,False,66656500.0,1.366678418458815,2021
3260,威剛,2021-05-25,2021-05-25,1,2021-05-26,2021-05-26,102.0,102.0,104.5,98.1,98.2,3.725490196078429,2.000000000000006,True,False,False,False,50592000.0,0.2969758064516129,2021
6182,合晶,2021-05-25,2021-05-25,1,2021-05-26,2021-05-26,51.1,51.1,52.8,49.55,49.65,2.8375733855185965,1.999999999999997,True,False,False,False,229280100.0,1.0039135537711297,2021
2610,華航,2021-05-27,2021-05-27,1,2021-05-28,2021-05-28,17.75,17.75,18.45,17.65,18.1,-1.971830985915501,-1.971830985915501,False,False,False,False,85750000.0,1.046528279883382,2021
2009,第一銅,2021-05-28,2021-05-28,1,2021-05-31,2021-05-31,67.8,67.8,71.7,67.0,69.0,-1.7699115044247828,-1.7699115044247828,False,False,False,False,98647600.0,0.0,2021
2031,新光鋼,2021-05-28,2021-05-28,1,2021-05-31,2021-05-31,67.0,67.0,70.2,64.2,64.2,4.179104477611936,2.0000000000000053,True,False,False,False,143225600.0,0.9946531904910856,2021
2603,長榮,2021-05-28,2021-05-28,1,2021-05-31,2021-05-31,99.5,99.5,105.5,96.6,98.6,0.9045226130653324,1.999999999999995,True,False,False,False,282644800.0,0.6495544938382025,2021
4919,新唐,2021-05-28,2021-05-28,1,2021-05-31,2021-05-31,82.3,82.3,86.6,80.2,81.9,0.4860267314702205,2.000000000000001,True,False,False,False,74289600.0,1.0451153324287654,2021
6116,彩晶,2021-05-31,2021-05-31,1,2021-06-01,2021-06-01,24.0,24.0,25.2,23.6,24.05,-0.2083333333333362,-0.20833333333333628,False,False,False,False,272563200.0,0.9756300557081808,2021
2603,長榮,2021-06-01,2021-06-01,1,2021-06-02,2021-06-02,110.0,110.0,115.5,108.5,110.5,-0.4545454545454545,-0.45454545454545453,False,False,False,False,907524000.0,1.0890202352775245,2021
2609,陽明,2021-06-01,2021-06-01,1,2021-06-02,2021-06-02,114.0,114.0,118.5,111.0,111.0,2.631578947368421,2.000000000000001,True,False,False,False,258412500.0,-0.0,2021
3362,先進光,2021-06-01,2021-06-01,1,2021-06-02,2021-06-02,99.9,99.9,104.5,93.0,93.9,6.006006006006006,2.0000000000000044,True,False,False,False,139320200.0,0.9671713075347294,2021
1905,華紙,2021-06-03,2021-06-03,1,2021-06-04,2021-06-04,30.0,30.0,30.85,27.05,27.25,9.166666666666666,2.000000000000005,True,False,False,False,106912350.0,0.940768302258813,2021
1714,和桐,2021-06-07,2021-06-07,1,2021-06-08,2021-06-08,13.0,13.0,13.1,12.15,12.15,6.538461538461536,1.9999999999999982,True,False,False,False,134986500.0,0.8999099909991,2021
1905,華紙,2021-06-07,2021-06-07,1,2021-06-08,2021-06-08,30.8,30.8,31.0,29.0,29.55,4.058441558441558,1.9999999999999991,True,False,False,False,41001549.99999999,0.9333122772187884,2021
1907,永豐餘,2021-06-07,2021-06-07,1,2021-06-08,2021-06-08,51.0,51.0,51.8,48.05,49.1,3.725490196078429,2.000000000000006,True,False,False,False,377121800.0,0.853959914277032,2021
4133,亞諾法,2021-06-07,2021-06-07,1,2021-06-08,2021-06-08,75.9,75.9,78.0,71.6,72.4,4.61133069828722,2.000000000000001,True,False,False,False,67320000.0,0.9840463458110515,2021
6589,台康生技,2021-06-07,2021-06-07,1,2021-06-08,2021-06-08,157.5,157.5,173.5,154.0,161.0,-2.2222222222222223,2.0000000000000036,True,False,False,False,58880000.0,1.27421875,2021
2617,台航,2021-06-08,2021-06-08,1,2021-06-09,2021-06-09,44.5,44.5,45.3,42.5,42.75,3.932584269662921,2.0000000000000013,True,False,False,False,280522400.0,0.977456702209877,2021
1760,寶齡富錦,2021-06-09,2021-06-09,1,2021-06-10,2021-06-10,118.5,118.5,128.0,114.0,121.5,-2.5316455696202533,2.000000000000004,True,False,False,False,75816000.0,1.001602564102564,2021
3014,聯陽,2021-06-09,2021-06-09,1,2021-06-10,2021-06-10,133.0,133.0,133.5,126.5,131.0,1.5037593984962403,1.9999999999999973,True,False,False,False,90948000.0,2.270044420987817,2021
2383,台光電,2021-06-10,2021-06-10,1,2021-06-11,2021-06-11,196.0,196.0,209.0,192.5,202.0,-3.061224489795918,-3.061224489795918,False,False,False,False,45784500.0,-0.0,2021
2603,長榮,2021-06-15,2021-06-15,1,2021-06-16,2021-06-16,138.0,138.0,147.5,132.0,133.5,3.260869565217391,1.9999999999999933,True,False,False,False,163608000.0,4.6428964353821325,2021
2615,萬海,2021-06-11,2021-06-15,2,2021-06-16,2021-06-16,207.5,207.5,210.5,197.0,205.5,0.9638554216867472,2.0000000000000027,True,False,False,False,117446500.0,1.128577692821838,2021
3138,耀登,2021-06-11,2021-06-15,2,2021-06-16,2021-06-16,253.0,253.0,260.5,223.0,225.5,10.869565217391305,2.000000000000001,True,False,False,False,237252000.0,0.8383111628142228,2021
6533,晶心科,2021-06-15,2021-06-15,1,2021-06-16,2021-06-16,579.0,579.0,579.0,530.0,531.0,8.290155440414509,2.000000000000007,True,False,False,False,264325000.0,1.0024363945899937,2021
2614,東森,2021-06-15,2021-06-16,2,2021-06-17,2021-06-17,29.1,29.1,29.1,27.35,28.6,1.718213058419244,2.0000000000000027,True,False,False,False,236892000.0,0.98769312598146,2021
6477,安集,2021-06-16,2021-06-16,1,2021-06-17,2021-06-17,50.8,50.8,52.5,49.05,50.4,0.7874015748031469,1.9999999999999967,True,False,False,False,59268300.0,1.0110902455444142,2021
6756,威鋒電子,2021-06-15,2021-06-16,2,2021-06-17,2021-06-17,302.5,302.5,329.0,302.0,324.0,-7.107438016528926,-7.107438016528926,False,False,False,False,80767500.0,0.7902683628934906,2021
2351,順德,2021-06-17,2021-06-17,1,2021-06-18,2021-06-18,110.0,110.0,115.0,106.5,111.0,-0.9090909090909092,2.0000000000000027,True,False,False,False,82940000.0,-0.0,2021
3149,正達,2021-06-16,2021-06-17,2,2021-06-18,2021-06-18,41.85,41.85,43.0,40.35,42.6,-1.7921146953405016,2.0000000000000075,True,False,False,False,60288799.99999999,1.0577785592017093,2021
3481,群創,2021-06-17,2021-06-17,1,2021-06-18,2021-06-18,21.1,21.1,21.75,20.6,20.6,2.3696682464454977,2.0000000000000027,True,False,False,False,236901000.0,0.8971266478402371,2021
3687,歐買尬,2021-06-16,2021-06-17,2,2021-06-18,2021-06-21,111.0,102.5,111.0,102.5,111.0,-8.292682926829269,-8.292682926829269,False,False,True,False,44339000.0,0.9977220956719818,2021
6138,茂達,2021-06-18,2021-06-18,1,2021-06-21,2021-06-21,158.0,158.0,164.0,152.0,157.0,0.6329113924050633,1.999999999999998,True,False,False,False,69204000.0,0.0,2021
6756,威鋒電子,2021-06-18,2021-06-18,1,2021-06-21,2021-06-21,360.0,360.0,391.5,351.0,358.0,0.5555555555555556,1.999999999999997,True,False,False,False,54112000.0,0.0,2021
2009,第一銅,2021-06-22,2021-06-22,1,2021-06-23,2021-06-23,67.0,67.0,67.0,61.1,61.4,8.358208955223882,2.0000000000000053,True,False,False,False,305000000.0,0.9689121311475408,2021
2607,榮運,2021-06-17,2021-06-22,4,2021-06-23,2021-06-23,34.1,34.1,35.8,31.4,31.4,7.917888563049861,2.000000000000006,True,False,False,False,68306000.0,0.9414575586332092,2021
3687,歐買尬,2021-06-21,2021-06-22,2,2021-06-23,2021-06-24,134.0,117.0,125.0,117.0,124.0,-5.982905982905983,-5.982905982905983,False,False,True,False,55500000.0,1.0393513513513513,2021
2231,為升,2021-06-23,2021-06-23,1,2021-06-24,2021-06-24,220.0,220.0,227.5,217.0,218.0,0.9090909090909092,0.9090909090909091,False,False,False,False,41542500.0,-0.0,2021
3218,大學光,2021-06-22,2021-06-23,2,2021-06-24,2021-06-24,435.0,435.0,450.0,376.5,386.0,11.264367816091951,1.9999999999999973,True,False,False,False,303156000.0,0.334870495718376,2021
3552,同致,2021-06-23,2021-06-23,1,2021-06-24,2021-06-24,278.0,278.0,283.0,262.5,263.0,5.39568345323741,2.000000000000001,True,False,False,False,47972000.0,-0.0,2021
2457,飛宏,2021-06-25,2021-06-25,1,2021-06-28,2021-06-28,41.0,41.0,41.75,38.9,39.75,3.048780487804878,2.000000000000001,True,False,False,False,440665600.0,0.998382900775554,2021
1605,華新,2021-06-28,2021-06-28,1,2021-06-29,2021-06-29,29.1,29.1,30.85,28.85,29.25,-0.5154639175257684,-0.5154639175257684,False,False,False,False,44353549.99999999,0.9687668743539132,2021
2014,中鴻,2021-06-28,2021-06-28,1,2021-06-29,2021-06-29,56.0,56.0,60.9,55.7,59.5,-6.25,-6.25,False,False,False,False,222465800.00000003,0.8526524076959244,2021
2031,新光鋼,2021-06-28,2021-06-28,1,2021-06-29,2021-06-29,77.3,77.3,81.5,74.3,80.2,-3.7516170763260095,2.0000000000000084,True,False,False,False,59291399.99999999,1.0726445993854086,2021
2603,長榮,2021-06-28,2021-06-28,1,2021-06-29,2021-06-29,180.0,180.0,185.0,170.0,179.5,0.2777777777777778,1.999999999999997,True,False,False,False,183392000.0,1.1167853559588206,2021
2609,陽明,2021-06-28,2021-06-28,1,2021-06-29,2021-06-29,171.0,171.0,173.0,160.0,166.0,2.923976608187134,2.0000000000000093,True,False,False,False,137116000.0,2.219128329297821,2021
2615,萬海,2021-06-24,2021-06-28,3,2021-06-29,2021-06-29,314.5,314.5,323.0,290.0,292.0,7.154213036565977,2.0000000000000067,True,False,False,False,319140000.0,1.0302437801591775,2021
3605,宏致,2021-06-28,2021-06-28,1,2021-06-29,2021-06-29,54.5,54.5,54.6,49.7,51.4,5.688073394495415,2.000000000000006,True,False,False,False,52671000.0,0.9465930018416208,2021
1608,華榮,2021-06-28,2021-06-29,2,2021-06-30,2021-06-30,33.25,33.25,33.8,31.8,32.1,3.458646616541349,1.9999999999999973,True,False,False,False,61035300.0,0.9782208000943716,2021
1802,台玻,2021-06-30,2021-06-30,1,2021-07-01,2021-07-01,38.5,38.5,40.6,37.6,37.7,2.0779220779220706,2.000000000000008,True,False,False,False,168113000.0,0.9999482490943592,2021
2022,聚亨,2021-06-24,2021-06-30,5,2021-07-01,2021-07-01,27.6,27.6,27.6,24.0,25.8,6.521739130434785,1.9999999999999982,True,False,False,False,94984000.0,0.6874821022487998,2021
2615,萬海,2021-06-30,2021-06-30,1,2021-07-01,2021-07-01,335.5,335.5,353.0,317.5,336.0,-0.1490312965722801,1.9999999999999938,True,False,False,False,570738000.0,0.8595187283832512,2021
2617,台航,2021-06-30,2021-06-30,1,2021-07-01,2021-07-02,72.0,74.2,78.0,70.3,73.8,0.5390835579514901,1.9999999999999927,True,False,True,False,521904000.0,0.6086448848830436,2021
2637,慧洋-KY,2021-06-30,2021-06-30,1,2021-07-01,2021-07-01,113.5,113.5,121.0,109.5,111.0,2.202643171806168,1.9999999999999967,True,False,False,False,681343000.0,0.1326116214593824,2021
1312,國喬,2021-07-01,2021-07-01,1,2021-07-02,2021-07-02,34.25,34.25,36.15,31.7,32.0,6.569343065693431,2.0000000000000067,True,False,False,False,85737400.0,0.9468913216402643,2021
2314,台揚,2021-07-01,2021-07-01,1,2021-07-02,2021-07-02,55.9,55.9,56.7,51.9,53.0,5.187835420393558,2.000000000000004,True,False,False,False,191620000.0,0.967785199874752,2021
1710,東聯,2021-07-02,2021-07-02,1,2021-07-05,2021-07-05,27.1,27.1,27.85,24.3,24.85,8.302583025830259,2.0000000000000058,True,False,False,False,66163500.0,0.980276134122288,2021
2481,強茂,2021-07-02,2021-07-02,1,2021-07-05,2021-07-05,88.2,88.2,96.0,87.8,90.5,-2.60770975056689,-2.60770975056689,False,False,False,False,93732000.0,0.5580698160713524,2021
3443,創意,2021-07-02,2021-07-02,1,2021-07-05,2021-07-05,454.0,454.0,470.0,433.5,445.0,1.9823788546255507,1.9999999999999967,True,False,False,False,343102500.0,0.9532865543095722,2021
1785,光洋科,2021-07-05,2021-07-05,1,2021-07-06,2021-07-06,50.2,50.2,50.3,47.1,47.2,5.97609561752988,1.9999999999999956,True,False,False,False,253512000.0,-0.0,2021
2006,東和鋼鐵,2021-07-05,2021-07-05,1,2021-07-06,2021-07-06,59.0,59.0,59.7,55.2,55.9,5.254237288135596,1.9999999999999993,True,False,False,False,103655700.0,0.9669386246969536,2021
2029,盛餘,2021-07-05,2021-07-05,1,2021-07-06,2021-07-06,55.5,55.5,56.5,51.8,52.0,6.306306306306306,1.9999999999999991,True,False,False,False,44368800.0,0.9774436090225564,2021
2351,順德,2021-07-05,2021-07-05,1,2021-07-06,2021-07-06,147.0,147.0,147.5,136.0,142.0,3.4013605442176877,1.9999999999999982,True,False,False,False,79750000.0,0.0,2021
3035,智原,2021-07-05,2021-07-05,1,2021-07-06,2021-07-06,85.9,85.9,86.8,81.1,83.5,2.7939464493597272,2.000000000000004,True,False,False,False,69942600.0,-0.0,2021
3260,威剛,2021-07-05,2021-07-05,1,2021-07-06,2021-07-06,123.5,123.5,129.0,120.0,124.5,-0.8097165991902834,1.9999999999999991,True,False,False,False,122754000.0,1.0162520162275772,2021
3712,永崴投控,2021-07-05,2021-07-05,1,2021-07-06,2021-07-06,39.5,39.5,39.5,36.4,37.0,6.329113924050633,1.999999999999998,True,False,False,False,67973100.0,0.3772227542954492,2021
4967,十銓,2021-07-05,2021-07-05,1,2021-07-06,2021-07-06,78.0,78.0,78.8,74.0,74.5,4.487179487179487,2.0000000000000027,True,False,False,False,46225400.0,0.9670008263854936,2021
6283,淳安,2021-07-05,2021-07-05,1,2021-07-06,2021-07-06,58.6,58.6,59.0,57.0,57.1,2.5597269624573378,2.000000000000007,True,False,False,False,56322000.0,-0.0,2021
3035,智原,2021-07-07,2021-07-07,1,2021-07-08,2021-07-08,91.9,91.9,99.2,90.0,97.1,-5.658324265505972,2.000000000000009,True,False,False,False,149542199.99999997,0.949947907680909,2021
3588,通嘉,2021-07-08,2021-07-08,1,2021-07-09,2021-07-09,103.5,103.5,109.0,100.5,109.0,-5.314009661835748,2.000000000000007,True,False,False,False,124250500.0,0.9877948177270915,2021
3035,智原,2021-07-09,2021-07-09,1,2021-07-12,2021-07-12,107.5,107.5,116.0,106.5,110.5,-2.7906976744186047,-2.7906976744186047,False,False,False,False,76786500.0,0.0,2021
3511,矽瑪,2021-07-08,2021-07-09,2,2021-07-12,2021-07-12,56.4,56.4,60.0,54.5,55.3,1.9503546099290805,2.0000000000000004,True,False,False,False,44394600.0,1.011465358399445,2021
2369,菱生,2021-07-12,2021-07-12,1,2021-07-13,2021-07-13,28.95,28.95,29.0,26.2,27.35,5.5267702936096645,2.000000000000002,True,False,False,False,263973600.0,1.0358812396391155,2021
6271,同欣電,2021-07-12,2021-07-12,1,2021-07-13,2021-07-13,249.5,249.5,252.0,230.0,239.5,4.008016032064128,2.0000000000000036,True,False,False,False,47775000.0,-0.0,2021
3483,力致,2021-07-13,2021-07-13,1,2021-07-14,2021-07-14,106.5,106.5,107.0,98.2,101.5,4.694835680751173,1.9999999999999958,True,False,False,False,148840500.0,1.0099502487562189,2021
4919,新唐,2021-07-13,2021-07-13,1,2021-07-14,2021-07-14,128.0,128.0,131.0,118.0,124.5,2.734375,2.0000000000000018,True,False,False,False,113160000.0,-0.0,2021
4952,凌通,2021-07-09,2021-07-13,3,2021-07-14,2021-07-14,82.9,82.9,84.0,70.0,70.0,15.56091676718939,2.0000000000000013,True,False,False,False,258428100.0,0.6533345251541918,2021
5269,祥碩,2021-07-12,2021-07-13,2,2021-07-14,2021-07-14,1765.0,1765.0,1875.0,1710.0,1820.0,-3.1161473087818696,1.9999999999999973,True,False,False,False,668990000.0,0.0,2021
6187,萬潤,2021-07-13,2021-07-13,1,2021-07-14,2021-07-14,152.5,152.5,157.5,141.0,157.5,-3.278688524590164,2.000000000000007,True,False,False,False,284229000.0,1.074459326810424,2021
3527,聚積,2021-07-14,2021-07-14,1,2021-07-15,2021-07-15,151.0,151.0,162.0,147.0,155.5,-2.980132450331126,2.0000000000000067,True,False,False,False,91657500.0,1.0264026402640265,2021
3680,家登,2021-07-14,2021-07-14,1,2021-07-15,2021-07-15,315.0,315.0,323.0,302.0,306.5,2.6984126984126986,2.0000000000000036,True,False,False,False,105952000.0,0.99512987012987,2021
3707,漢磊,2021-07-14,2021-07-14,1,2021-07-15,2021-07-15,100.0,100.0,109.0,95.2,107.0,-7.000000000000001,2.0,True,False,False,False,259956000.0,0.0,2021
2609,陽明,2021-07-15,2021-07-15,1,2021-07-16,2021-07-16,183.0,183.0,195.5,182.0,188.0,-2.73224043715847,-2.73224043715847,False,False,False,False,543802000.0,0.4037940279734168,2021
2615,萬海,2021-07-15,2021-07-15,1,2021-07-16,2021-07-16,288.0,288.0,304.0,280.0,286.0,0.6944444444444444,1.999999999999997,True,False,False,False,102209500.0,2.5323477758916733,2021
2617,台航,2021-07-15,2021-07-15,1,2021-07-16,2021-07-16,59.9,59.9,62.5,57.0,57.0,4.841402337228713,2.000000000000001,True,False,False,False,171895500.0,0.9576515964641308,2021
2636,台驊控股,2021-07-15,2021-07-15,1,2021-07-16,2021-07-16,251.0,251.0,279.0,242.5,244.0,2.788844621513944,2.000000000000004,True,False,False,False,360500000.0,1.3360776699029129,2021
2637,慧洋-KY,2021-07-15,2021-07-15,1,2021-07-16,2021-07-16,90.9,90.9,96.0,88.0,88.0,3.1903190319031967,1.9999999999999976,True,False,False,False,41130000.0,1.02484804279115,2021
3661,世芯-KY,2021-07-15,2021-07-15,1,2021-07-16,2021-07-16,681.0,681.0,696.0,671.0,688.0,-1.027900146842878,-1.0279001468428781,False,False,False,False,137600000.0,0.0,2021
3483,力致,2021-07-16,2021-07-16,1,2021-07-19,2021-07-19,107.0,107.0,114.5,103.5,109.5,-2.336448598130841,2.0000000000000004,True,False,False,False,83957500.0,1.0133877259327635,2021
2486,一詮,2021-07-19,2021-07-19,1,2021-07-20,2021-07-20,59.2,59.2,64.7,59.2,61.4,-3.7162162162162087,-3.7162162162162087,False,False,False,False,42920000.0,4.294566635601118,2021
5471,松翰,2021-07-19,2021-07-19,1,2021-07-20,2021-07-20,111.5,111.5,112.0,107.0,109.0,2.242152466367713,2.0000000000000036,True,False,False,False,79439000.0,0.5186621181031987,2021
8261,富鼎,2021-07-19,2021-07-19,1,2021-07-20,2021-07-20,100.0,100.0,102.0,96.0,96.4,3.5999999999999943,2.0,True,False,False,False,101706000.0,0.9573083200597802,2021
4142,國光生,2021-07-20,2021-07-20,1,2021-07-21,2021-07-21,52.8,52.8,52.9,48.55,48.7,7.765151515151506,1.9999999999999951,True,False,False,False,168922600.0,0.5794784120064456,2021
4746,台耀,2021-07-20,2021-07-20,1,2021-07-21,2021-07-21,81.0,81.0,81.0,71.0,71.2,12.098765432098762,2.0000000000000058,True,False,False,False,99130400.0,0.9035532994923858,2021
2401,凌陽,2021-07-21,2021-07-21,1,2021-07-22,2021-07-22,44.8,44.8,47.55,42.0,44.7,0.223214285714273,2.0000000000000018,True,False,False,False,181526500.0,1.019700704855765,2021
3016,嘉晶,2021-07-21,2021-07-21,1,2021-07-22,2021-07-22,102.5,102.5,104.0,98.0,101.0,1.4634146341463417,1.9999999999999973,True,False,False,False,126529500.0,0.366388865837611,2021
4989,榮科,2021-07-21,2021-07-21,1,2021-07-22,2021-07-22,58.6,58.6,58.8,52.3,54.0,7.849829351535837,2.000000000000007,True,False,False,False,110646300.0,0.2659826853676987,2021
3006,晶豪科,2021-07-22,2021-07-22,1,2021-07-23,2021-07-23,200.0,200.0,212.0,190.0,197.0,1.5,2.0,True,False,False,False,148554000.0,0.0,2021
3141,晶宏,2021-07-22,2021-07-22,1,2021-07-23,2021-07-23,162.0,162.0,172.5,159.0,168.5,-4.012345679012346,-4.012345679012346,False,False,False,False,79750000.0,0.4120062695924765,2021
4961,天鈺,2021-07-22,2021-07-22,1,2021-07-23,2021-07-23,297.5,297.5,319.0,292.0,293.0,1.512605042016807,1.5126050420168067,False,False,False,False,262800000.0,-0.0,2021
6411,晶焱,2021-07-22,2021-07-22,1,2021-07-23,2021-07-23,170.0,170.0,177.0,165.0,167.0,1.7647058823529411,2.0000000000000036,True,False,False,False,168155000.0,0.6922125419999405,2021
8028,昇陽半導體,2021-07-22,2021-07-22,1,2021-07-23,2021-07-23,60.0,60.0,60.0,55.2,56.0,6.666666666666667,2.000000000000005,True,False,False,False,224842000.0,0.6986239225767428,2021
3545,敦泰,2021-07-22,2021-07-23,2,2021-07-26,2021-07-26,275.0,275.0,290.0,274.5,276.0,-0.3636363636363636,-0.36363636363636365,False,False,False,False,301632500.0,0.0,2021
3591,艾笛森,2021-07-23,2021-07-23,1,2021-07-26,2021-07-26,29.7,29.7,31.5,28.9,29.0,2.3569023569023546,2.000000000000004,True,False,False,False,44198200.00000001,1.0051993067590983,2021
2338,光罩,2021-07-26,2021-07-26,1,2021-07-27,2021-07-27,112.0,112.0,114.0,101.0,102.0,8.928571428571429,2.000000000000008,True,False,False,False,217090500.0,0.7818306190275485,2021
2340,台亞,2021-07-26,2021-07-26,1,2021-07-27,2021-07-27,37.0,37.0,37.65,33.55,34.5,6.756756756756757,2.0000000000000053,True,False,False,False,367541900.0,0.5915488819097904,2021
3149,正達,2021-07-26,2021-07-26,1,2021-07-27,2021-07-27,47.0,47.0,47.0,43.8,43.8,6.808510638297878,1.9999999999999951,True,False,False,False,182022400.0,0.0972144087760627,2021
5243,乙盛-KY,2021-07-26,2021-07-26,1,2021-07-27,2021-07-27,73.8,73.8,73.8,68.6,69.4,5.962059620596195,1.9999999999999991,True,False,False,False,103180000.0,0.9416553595658076,2021
8436,大江,2021-07-26,2021-07-26,1,2021-07-27,2021-07-27,329.0,329.0,347.5,317.0,334.0,-1.5197568389057752,1.9999999999999951,True,False,False,False,111870000.0,0.5553231429337624,2021
5351,鈺創,2021-07-27,2021-07-27,1,2021-07-28,2021-07-28,52.6,52.6,53.0,48.35,48.35,8.079847908745247,1.9999999999999993,True,False,False,False,81624000.0,-0.0,2021
3691,碩禾,2021-07-28,2021-07-28,1,2021-07-29,2021-07-29,242.0,242.0,247.5,227.0,233.0,3.71900826446281,2.0000000000000013,True,False,False,False,85827000.0,0.8035699721532851,2021
2609,陽明,2021-07-29,2021-07-29,1,2021-07-30,2021-07-30,135.0,135.0,135.0,117.0,117.0,13.333333333333334,1.9999999999999918,True,False,False,True,184926000.0,0.7592226079621037,2021
3037,欣興,2021-07-29,2021-07-29,1,2021-07-30,2021-07-30,152.5,152.5,153.0,144.5,146.0,4.2622950819672125,2.000000000000007,True,False,False,False,178921500.0,0.0,2021
5269,祥碩,2021-07-29,2021-07-29,1,2021-07-30,2021-07-30,2085.0,2085.0,2125.0,1955.0,1955.0,6.235011990407674,2.000000000000002,True,False,False,False,58940000.0,0.7628944689514761,2021
6104,創惟,2021-07-29,2021-07-29,1,2021-07-30,2021-07-30,123.0,123.0,136.5,123.0,133.0,-8.130081300813007,-8.130081300813007,False,False,False,False,65985000.0,0.0,2021
6237,驊訊,2021-07-29,2021-07-29,1,2021-07-30,2021-07-30,149.5,149.5,151.5,142.0,144.5,3.3444816053511706,2.0000000000000058,True,False,False,False,73568000.0,0.9310162026968248,2021
3526,凡甲,2021-08-02,2021-08-02,1,2021-08-03,2021-08-03,214.5,214.5,216.0,206.0,216.0,-0.6993006993006993,1.9999999999999962,True,False,False,False,168451500.0,0.1949047648729753,2021
6494,九齊,2021-08-02,2021-08-02,1,2021-08-03,2021-08-03,175.0,175.0,178.0,167.0,173.5,0.8571428571428572,2.0,True,False,False,False,60204000.0,0.9625440170088366,2021
2486,一詮,2021-08-05,2021-08-05,1,2021-08-06,2021-08-06,65.0,65.0,65.0,61.8,62.5,3.8461538461538463,2.0000000000000067,True,False,False,False,201457600.0,0.9546053363089804,2021
6492,生華科,2021-08-05,2021-08-05,1,2021-08-06,2021-08-06,148.5,148.5,148.5,134.5,136.5,8.080808080808081,1.9999999999999993,True,False,False,False,52709500.0,1.0358663997951034,2021
2618,長榮航,2021-08-09,2021-08-09,1,2021-08-10,2021-08-10,19.8,19.8,19.9,19.0,19.4,2.020202020202031,2.000000000000004,True,False,False,False,40680000.0,0.9485398230088496,2021
2609,陽明,2021-08-18,2021-08-18,1,2021-08-19,2021-08-19,135.0,135.0,137.5,126.0,126.5,6.296296296296296,1.9999999999999918,True,False,False,False,312039000.0,2.6954915891923767,2021
2615,萬海,2021-08-18,2021-08-18,1,2021-08-19,2021-08-19,228.0,228.0,234.0,210.5,213.0,6.578947368421052,2.000000000000001,True,False,False,False,249278000.0,0.7502226429929637,2021
2636,台驊控股,2021-08-18,2021-08-18,1,2021-08-19,2021-08-19,187.0,187.0,191.0,173.0,174.0,6.951871657754011,2.000000000000005,True,False,False,False,227885000.0,0.8001930798429032,2021
5608,四維航,2021-08-18,2021-08-18,1,2021-08-19,2021-08-19,52.7,52.7,57.0,51.7,51.7,1.8975332068311197,1.8975332068311195,False,False,False,False,111507200.0,0.9620679202777938,2021
4721,美琪瑪,2021-08-18,2021-08-19,2,2021-08-20,2021-08-20,130.5,130.5,137.5,124.0,126.5,3.065134099616858,1.9999999999999998,True,False,False,False,94477500.0,0.6547431928236882,2021
2368,金像電,2021-08-20,2021-08-20,1,2021-08-23,2021-08-23,69.4,69.4,69.5,66.9,68.4,1.440922190201729,2.000000000000007,True,False,False,False,163168699.99999997,0.8182745832993708,2021
2607,榮運,2021-08-23,2021-08-23,1,2021-08-24,2021-08-24,36.8,36.8,38.7,35.7,36.35,1.2228260869565102,1.9999999999999925,True,False,False,False,391855000.00000006,1.0116831481032524,2021
2637,慧洋-KY,2021-08-23,2021-08-23,1,2021-08-24,2021-08-24,89.2,89.2,94.1,87.0,87.0,2.4663677130044874,2.0000000000000067,True,False,False,False,126934200.0,0.9890242346034402,2021
2641,正德,2021-08-20,2021-08-23,2,2021-08-24,2021-08-24,35.2,35.2,36.2,32.9,33.05,6.107954545454561,2.0000000000000018,True,False,False,False,262517450.0,1.100963954967565,2021
3189,景碩,2021-08-23,2021-08-23,1,2021-08-24,2021-08-24,191.0,191.0,192.0,179.5,185.0,3.1413612565445024,1.9999999999999967,True,False,False,False,92619000.0,-0.0,2021
3707,漢磊,2021-08-20,2021-08-23,2,2021-08-24,2021-08-24,105.5,105.5,108.0,102.5,105.0,0.4739336492890995,1.9999999999999993,True,False,False,False,78520000.0,-0.0,2021
5608,四維航,2021-08-23,2021-08-23,1,2021-08-24,2021-08-24,63.3,63.3,65.8,61.6,63.8,-0.7898894154818327,1.9999999999999973,True,False,False,False,194749500.0,1.0545454545454545,2021
6104,創惟,2021-08-20,2021-08-23,2,2021-08-24,2021-08-24,124.0,124.0,129.0,118.0,124.0,0.0,2.000000000000003,True,False,False,False,70455500.0,0.1654377585852062,2021
2605,新興,2021-08-23,2021-08-24,2,2021-08-25,2021-08-25,42.3,42.3,43.45,41.0,43.1,-1.8912529550827528,2.000000000000009,True,False,False,False,227105750.0,0.5659222630866898,2021
4919,新唐,2021-08-24,2021-08-24,1,2021-08-25,2021-08-25,165.0,165.0,172.0,152.0,158.5,3.939393939393939,2.000000000000007,True,False,False,False,210751500.0,0.7768888952154551,2021
2614,東森,2021-08-25,2021-08-25,1,2021-08-26,2021-08-26,40.0,40.0,40.0,35.6,35.7,10.749999999999991,1.9999999999999927,True,False,False,False,253391250.0,0.9738236817569668,2021
4952,凌通,2021-08-25,2021-08-25,1,2021-08-26,2021-08-26,83.0,83.0,83.5,76.8,77.0,7.228915662650602,1.9999999999999958,True,False,False,False,108070300.0,1.0039113428943938,2021
4976,佳凌,2021-08-25,2021-08-25,1,2021-08-26,2021-08-26,75.0,75.0,75.0,70.0,72.2,3.7333333333333294,2.0,True,False,False,False,148534400.0,1.0275787965616048,2021
5483,中美晶,2021-08-25,2021-08-25,1,2021-08-26,2021-08-26,191.0,191.0,192.5,183.5,187.5,1.832460732984293,1.9999999999999967,True,False,False,False,73535000.0,0.9995240361732508,2021
2028,威致,2021-08-26,2021-08-26,1,2021-08-27,2021-08-27,48.4,48.4,49.5,46.35,46.4,4.132231404958678,2.000000000000007,True,False,False,False,141292699.99999997,0.6883186463278005,2021
3035,智原,2021-08-26,2021-08-26,1,2021-08-27,2021-08-27,107.0,107.0,109.5,102.0,103.5,3.2710280373831773,2.0000000000000004,True,False,False,False,104000000.0,0.8260096153846154,2021
3529,力旺,2021-08-26,2021-08-26,1,2021-08-27,2021-08-27,1480.0,1480.0,1505.0,1410.0,1490.0,-0.6756756756756757,2.000000000000009,True,False,False,False,89060000.0,0.0,2021
3264,欣銓,2021-08-27,2021-08-27,1,2021-08-30,2021-08-30,69.5,69.5,70.7,68.0,70.2,-1.0071942446043207,2.000000000000001,True,False,False,False,107105000.0,0.3060865505812054,2021
6443,元晶,2021-08-30,2021-08-30,1,2021-08-31,2021-08-31,30.8,30.8,31.7,30.6,31.7,-2.9220779220779174,-2.9220779220779174,False,False,False,False,111502950.0,0.9964624254335872,2021
8261,富鼎,2021-08-31,2021-08-31,1,2021-09-01,2021-09-01,112.5,112.5,114.0,110.0,112.5,0.0,2.0,True,False,False,False,44600000.0,1.0089686098654709,2021
2455,全新,2021-09-01,2021-09-01,1,2021-09-02,2021-09-02,136.5,136.5,141.0,134.0,139.5,-2.197802197802198,-2.197802197802198,False,False,False,False,71982000.0,0.9883720930232558,2021
3035,智原,2021-09-01,2021-09-01,1,2021-09-02,2021-09-02,108.5,108.5,115.5,106.0,109.0,-0.4608294930875576,2.0000000000000013,True,False,False,False,197617000.0,0.8615554329840044,2021
3141,晶宏,2021-09-01,2021-09-01,1,2021-09-02,2021-09-02,170.5,170.5,179.0,161.5,164.0,3.812316715542522,1.999999999999998,True,False,False,False,89496000.0,0.9199070349512828,2021
5351,鈺創,2021-09-01,2021-09-01,1,2021-09-02,2021-09-02,45.8,45.8,48.2,43.7,44.4,3.056768558951962,2.000000000000009,True,False,False,False,62054000.0,0.9602088503561412,2021
3552,同致,2021-09-03,2021-09-03,1,2021-09-06,2021-09-06,221.0,221.0,222.0,201.5,203.0,8.144796380090497,2.000000000000007,True,False,False,False,219780000.0,0.6668759668759668,2021
1584,精剛,2021-09-03,2021-09-06,2,2021-09-07,2021-09-07,20.4,20.4,20.6,18.8,19.95,2.205882352941173,2.000000000000006,True,False,False,False,52727600.0,0.0,2021
1760,寶齡富錦,2021-09-07,2021-09-07,1,2021-09-08,2021-09-08,85.8,85.8,90.5,84.1,88.3,-2.913752913752914,-2.913752913752914,False,False,False,False,49242600.00000001,1.0651387213510253,2021
8044,網家,2021-09-07,2021-09-07,1,2021-09-08,2021-09-08,117.0,117.0,126.5,114.0,119.5,-2.1367521367521367,2.0000000000000027,True,False,False,False,95200000.0,0.9916491596638656,2021
1325,恆大,2021-09-07,2021-09-08,2,2021-09-09,2021-09-09,65.3,65.3,66.1,58.4,59.2,9.341500765696775,2.000000000000007,True,False,False,False,83809200.0,0.8186786176219317,2021
3035,智原,2021-09-10,2021-09-10,1,2021-09-13,2021-09-13,112.0,112.0,114.5,107.5,109.0,2.6785714285714284,2.000000000000008,True,False,False,False,170722500.0,0.3517931145572493,2021
2013,中鋼構,2021-09-13,2021-09-13,1,2021-09-14,2021-09-14,79.0,79.0,81.7,69.8,71.6,9.367088607594944,1.999999999999998,True,False,False,False,63081000.00000001,0.9205244051299122,2021
2358,,2021-09-13,2021-09-14,2,2021-09-15,2021-09-15,29.5,29.5,29.85,26.8,27.0,8.47457627118644,1.9999999999999993,True,False,False,False,122289600.0,1.0324017741492328,2021
1711,永光,2021-09-13,2021-09-15,3,2021-09-16,2021-09-16,28.15,28.15,28.85,26.2,26.55,5.683836589698039,1.9999999999999958,True,False,False,False,152991650.0,1.042621607126925,2021
1308,亞聚,2021-09-16,2021-09-16,1,2021-09-17,2021-09-17,42.75,42.75,44.75,42.25,43.8,-2.4561403508771864,-2.4561403508771864,False,False,False,False,257648650.0,1.0619834414036324,2021
2371,大同,2021-09-17,2021-09-17,1,2021-09-22,2021-09-22,33.25,33.25,34.6,31.35,31.65,4.812030075187974,1.9999999999999973,True,False,False,False,235202800.0,1.1439347235662158,2021
6217,中探針,2021-09-17,2021-09-17,1,2021-09-22,2021-09-22,50.0,50.0,50.9,48.0,50.4,-0.7999999999999973,2.0,True,False,False,False,55990000.0,1.2098160385783172,2021
2371,大同,2021-09-23,2021-09-23,1,2021-09-24,2021-09-24,35.0,35.0,35.6,32.75,34.1,2.571428571428567,2.000000000000008,True,False,False,False,295974000.0,0.2292735172684087,2021
6492,生華科,2021-09-27,2021-09-27,1,2021-09-28,2021-09-28,169.0,169.0,169.0,152.0,155.0,8.284023668639055,1.9999999999999973,True,False,False,False,126315000.0,0.5129240391085778,2021
8040,九暘,2021-09-27,2021-09-27,1,2021-09-28,2021-09-28,67.0,67.0,71.5,65.0,69.5,-3.731343283582089,2.0000000000000053,True,False,False,False,92753700.0,1.046766867521188,2021
2612,中航,2021-09-30,2021-09-30,1,2021-10-01,2021-10-01,75.0,75.0,75.0,67.5,67.5,10.0,2.0,True,False,False,False,53325000.0,0.7506329113924051,2021
3661,世芯-KY,2021-09-30,2021-09-30,1,2021-10-01,2021-10-01,928.0,928.0,928.0,863.0,890.0,4.094827586206897,2.000000000000006,True,False,False,False,167040000.0,0.2664032567049808,2021
4147,中裕,2021-09-30,2021-09-30,1,2021-10-01,2021-10-01,83.0,83.0,85.0,76.5,80.9,2.530120481927704,1.9999999999999958,True,False,False,False,92977400.0,1.0188916876574308,2021
4961,天鈺,2021-10-05,2021-10-05,1,2021-10-06,2021-10-06,199.0,199.0,199.0,188.0,189.0,5.025125628140704,1.999999999999995,True,False,False,False,172235500.0,0.7966650313088766,2021
2465,麗臺,2021-10-07,2021-10-07,1,2021-10-08,2021-10-08,63.0,63.0,64.2,60.0,60.6,3.809523809523807,1.999999999999997,True,False,False,False,93566400.0,1.0,2021
2612,中航,2021-10-07,2021-10-07,1,2021-10-08,2021-10-08,73.5,73.5,75.6,71.6,73.4,0.1360544217686997,1.9999999999999982,True,False,False,False,147000000.0,0.9961428571428572,2021
3443,創意,2021-10-07,2021-10-07,1,2021-10-08,2021-10-08,533.0,533.0,544.0,518.0,532.0,0.1876172607879924,1.9999999999999942,True,False,False,False,300432000.0,0.564879906268307,2021
5285,界霖,2021-10-07,2021-10-07,1,2021-10-08,2021-10-08,104.0,104.0,112.0,103.0,108.5,-4.326923076923077,-4.326923076923077,False,False,False,False,77868000.0,-0.0,2021
2376,技嘉,2021-10-07,2021-10-08,2,2021-10-12,2021-10-12,102.0,102.0,108.0,100.5,105.0,-2.941176470588235,-2.941176470588235,False,False,False,False,113062500.0,0.3101824212271973,2021
3035,智原,2021-10-07,2021-10-08,2,2021-10-12,2021-10-12,131.5,131.5,135.5,125.5,133.0,-1.1406844106463878,1.9999999999999967,True,False,False,False,467780000.0,-0.0,2021
6104,創惟,2021-10-08,2021-10-08,1,2021-10-12,2021-10-12,128.0,128.0,128.5,116.5,117.5,8.203125,2.0000000000000018,True,False,False,False,205471500.0,0.6845109905753353,2021
2636,台驊控股,2021-10-14,2021-10-14,1,2021-10-15,2021-10-15,139.5,139.5,139.5,130.5,133.0,4.659498207885305,1.9999999999999942,True,False,False,False,139794000.0,0.5261241541124798,2021
3035,智原,2021-10-15,2021-10-15,1,2021-10-18,2021-10-18,142.5,142.5,145.5,137.5,141.0,1.0526315789473684,1.9999999999999958,True,False,False,False,135278000.0,0.628505743727731,2021
3707,漢磊,2021-10-15,2021-10-15,1,2021-10-18,2021-10-18,130.0,130.0,132.0,125.0,132.0,-1.5384615384615383,2.0000000000000067,True,False,False,False,257128500.0,0.0,2021
6477,安集,2021-10-15,2021-10-15,1,2021-10-18,2021-10-18,44.3,44.3,45.4,42.65,44.6,-0.6772009029345469,2.000000000000006,True,False,False,False,41527200.0,1.0353310601244483,2021
6568,宏觀,2021-10-15,2021-10-15,1,2021-10-18,2021-10-18,296.0,296.0,297.0,274.0,275.5,6.925675675675675,2.0000000000000053,True,False,False,False,81064500.0,0.6015395148307829,2021
1710,東聯,2021-10-18,2021-10-18,1,2021-10-19,2021-10-19,25.0,25.0,26.8,23.85,26.2,-4.799999999999997,2.0,True,False,False,False,98514500.0,1.044388389526415,2021
2498,宏達電,2021-10-18,2021-10-18,1,2021-10-19,2021-10-19,39.0,39.0,41.0,37.6,39.95,-2.4358974358974432,2.0000000000000027,True,False,False,False,41203200.0,0.991885339002796,2021
2481,強茂,2021-10-19,2021-10-19,1,2021-10-20,2021-10-20,96.0,96.0,99.5,96.0,96.8,-0.8333333333333304,-0.8333333333333304,False,False,False,False,207364500.0,0.4476716120647458,2021
3037,欣興,2021-10-19,2021-10-19,1,2021-10-20,2021-10-20,142.5,142.5,151.0,141.0,145.5,-2.1052631578947367,-2.1052631578947367,False,False,False,False,208429500.0,0.0,2021
3169,亞信,2021-10-20,2021-10-20,1,2021-10-21,2021-10-21,158.5,158.5,163.5,154.5,159.5,-0.6309148264984227,2.00000000000001,True,False,False,False,131723000.0,1.017134441213759,2021
2498,宏達電,2021-10-20,2021-10-21,2,2021-10-22,2021-10-22,51.0,51.0,53.0,50.3,52.5,-2.941176470588235,-2.941176470588235,False,False,False,False,66536750.0,-0.0,2021
6531,愛普*,2021-10-21,2021-10-21,1,2021-10-22,2021-10-22,447.5,447.5,485.0,440.0,485.0,-8.379888268156424,-8.379888268156424,False,False,False,False,136323000.0,1.1242416906904924,2021
3141,晶宏,2021-10-22,2021-10-22,1,2021-10-25,2021-10-25,193.5,193.5,199.0,190.0,190.0,1.8087855297157625,1.8087855297157622,False,False,False,False,86373000.0,-0.0,2021
6237,驊訊,2021-10-22,2021-10-22,1,2021-10-25,2021-10-25,94.5,94.5,98.2,93.9,97.0,-2.6455026455026456,-2.6455026455026456,False,False,False,False,119393400.0,1.024487115703213,2021
3062,建漢,2021-10-22,2021-10-25,2,2021-10-26,2021-10-26,24.0,24.0,24.45,22.3,22.5,6.25,2.0000000000000018,True,False,False,False,117165400.0,1.6021581456641636,2021
6509,聚和,2021-10-25,2021-10-25,1,2021-10-26,2021-10-26,71.5,71.5,73.3,68.0,68.0,4.895104895104895,2.0000000000000093,True,False,False,False,74444400.0,1.0029498525073746,2021
2498,宏達電,2021-10-26,2021-10-26,1,2021-10-27,2021-10-27,59.5,59.5,62.5,58.3,60.0,-0.8403361344537815,1.9999999999999962,True,False,False,False,59349399.99999999,0.0,2021
3508,位速,2021-10-26,2021-10-26,1,2021-10-27,2021-10-27,29.95,29.95,30.4,28.5,29.5,1.502504173622702,2.000000000000001,True,False,False,False,96897500.0,1.043943342191491,2021
6756,威鋒電子,2021-10-26,2021-10-26,1,2021-10-27,2021-10-27,508.0,508.0,516.0,482.0,488.5,3.8385826771653546,2.000000000000005,True,False,False,False,245757500.0,0.5863808835946004,2021
3037,欣興,2021-10-27,2021-10-27,1,2021-10-28,2021-10-28,176.0,176.0,181.5,173.0,178.5,-1.4204545454545454,-1.4204545454545454,False,False,False,False,66199000.0,-0.0,2021
3704,合勤控,2021-10-27,2021-10-27,1,2021-10-28,2021-10-28,30.5,30.5,31.55,29.6,30.65,-0.49180327868852,1.9999999999999982,True,False,False,False,100443700.0,1.119580919460354,2021
6104,創惟,2021-10-27,2021-10-27,1,2021-10-28,2021-10-28,145.5,145.5,150.0,143.0,148.5,-2.061855670103093,-2.0618556701030926,False,False,False,False,91228500.0,0.0,2021
3105,穩懋,2021-10-29,2021-10-29,1,2021-11-01,2021-11-01,357.5,357.5,361.0,351.0,358.5,-0.2797202797202797,-0.27972027972027974,False,False,False,False,129772500.0,1.113298271975958,2021
4739,康普,2021-10-29,2021-10-29,1,2021-11-01,2021-11-01,174.0,174.0,176.5,168.0,171.0,1.7241379310344829,1.9999999999999942,True,False,False,False,311787000.0,0.8588748087636752,2021
6491,晶碩,2021-10-29,2021-10-29,1,2021-11-01,2021-11-01,555.0,555.0,562.0,517.0,532.0,4.144144144144144,2.000000000000004,True,False,False,False,150144000.0,0.5456628303495311,2021
6509,聚和,2021-10-29,2021-10-29,1,2021-11-01,2021-11-01,80.7,80.7,82.9,78.5,80.0,0.867410161090462,2.0000000000000053,True,False,False,False,40050000.0,0.9987515605493134,2021
8261,富鼎,2021-10-29,2021-10-29,1,2021-11-01,2021-11-01,105.5,105.5,112.0,105.0,108.5,-2.843601895734597,-2.843601895734597,False,False,False,False,40128000.0,-0.0,2021
2351,順德,2021-10-29,2021-11-01,2,2021-11-02,2021-11-02,199.0,199.0,200.0,171.5,176.0,11.55778894472362,1.999999999999995,True,False,False,False,59428000.0,1.765093895133607,2021
2439,美律,2021-11-01,2021-11-01,1,2021-11-02,2021-11-02,94.0,94.0,97.0,91.8,95.7,-1.8085106382978755,1.9999999999999951,True,False,False,False,99892000.0,1.0586283185840708,2021
2498,宏達電,2021-10-29,2021-11-01,2,2021-11-02,2021-11-02,74.8,74.8,74.8,66.2,68.2,8.823529411764698,1.9999999999999933,True,False,False,False,105434800.0,0.5045392982203221,2021
3661,世芯-KY,2021-11-01,2021-11-01,1,2021-11-02,2021-11-02,1150.0,1150.0,1195.0,1110.0,1170.0,-1.7391304347826086,2.0,True,False,False,False,81360000.0,1.4380530973451326,2021
5425,台半,2021-11-01,2021-11-01,1,2021-11-02,2021-11-02,92.9,92.9,94.5,84.1,85.3,8.180839612486555,2.000000000000004,True,False,False,False,372202400.0,0.9151012997229464,2021
6237,驊訊,2021-11-01,2021-11-01,1,2021-11-02,2021-11-02,121.0,121.0,121.0,105.5,107.5,11.15702479338843,2.0000000000000013,True,False,False,False,211120000.0,0.968986832133384,2021
5351,鈺創,2021-10-29,2021-11-02,3,2021-11-03,2021-11-03,72.0,72.0,78.9,68.1,77.8,-8.055555555555552,1.999999999999997,True,False,False,False,95637600.0,0.6044212736413295,2021
3034,聯詠,2021-11-05,2021-11-05,1,2021-11-08,2021-11-08,452.5,452.5,467.5,448.5,456.5,-0.8839779005524863,-0.8839779005524863,False,False,False,False,231168000.0,-0.0,2021
2030,彰源,2021-11-08,2021-11-08,1,2021-11-09,2021-11-09,32.55,32.55,32.55,30.6,31.7,2.6113671274961536,1.9999999999999998,True,False,False,False,67341750.0,-0.0,2021
3515,華擎,2021-11-11,2021-11-11,1,2021-11-12,2021-11-12,238.5,238.5,254.5,228.5,241.5,-1.257861635220126,2.000000000000004,True,False,False,False,214225000.0,-0.0,2021
6411,晶焱,2021-11-10,2021-11-11,2,2021-11-12,2021-11-12,264.5,264.5,282.5,258.5,264.0,0.1890359168241966,2.0000000000000075,True,False,False,False,47736000.0,0.0,2021
3169,亞信,2021-11-12,2021-11-12,1,2021-11-15,2021-11-15,220.0,220.0,231.0,210.0,223.0,-1.3636363636363635,2.0000000000000027,True,False,False,False,358700000.0,0.8765821020351269,2021
3228,金麗科,2021-11-11,2021-11-12,2,2021-11-15,2021-11-15,522.0,522.0,532.0,511.0,514.0,1.532567049808429,1.9999999999999998,True,False,False,False,59083500.0,-0.0,2021
6781,AES-KY,2021-11-11,2021-11-12,2,2021-11-15,2021-11-15,1420.0,1420.0,1505.0,1375.0,1500.0,-5.633802816901409,2.000000000000006,True,False,False,False,126125000.0,-0.0,2021
2338,光罩,2021-11-15,2021-11-15,1,2021-11-16,2021-11-16,104.0,104.0,109.5,102.0,105.5,-1.4423076923076923,-1.4423076923076923,False,False,False,False,150072000.0,1.2499267018497788,2021
6104,創惟,2021-11-15,2021-11-15,1,2021-11-16,2021-11-16,183.0,183.0,183.0,172.5,179.0,2.185792349726776,1.9999999999999982,True,False,False,False,287014000.0,0.4795968140926923,2021
6679,鈺太,2021-11-15,2021-11-15,1,2021-11-16,2021-11-16,371.5,371.5,393.0,360.5,373.5,-0.5383580080753702,2.0000000000000018,True,False,False,False,44040000.0,0.0,2021
4968,立積,2021-11-16,2021-11-16,1,2021-11-17,2021-11-17,337.5,337.5,345.5,320.5,335.0,0.7407407407407408,2.0,True,False,False,False,376766500.0,0.6517431884204142,2021
2340,台亞,2021-11-17,2021-11-17,1,2021-11-18,2021-11-18,50.7,50.7,53.2,50.5,50.9,-0.3944773175542322,-0.3944773175542322,False,False,False,False,244994750.0,0.8268830250444142,2021
3545,敦泰,2021-11-17,2021-11-17,1,2021-11-18,2021-11-18,173.0,173.0,184.0,172.0,173.5,-0.2890173410404624,-0.2890173410404624,False,False,False,False,309043000.0,0.842115822070068,2021
4961,天鈺,2021-11-17,2021-11-17,1,2021-11-18,2021-11-18,257.0,257.0,278.0,256.5,264.5,-2.9182879377431905,-2.9182879377431905,False,False,False,False,289935000.0,0.3192957042095642,2021
4743,合一,2021-11-18,2021-11-18,1,2021-11-19,2021-11-19,280.5,280.5,291.5,273.0,283.0,-0.8912655971479502,2.000000000000005,True,False,False,False,73167500.0,0.8083780366966208,2021
6643,M31,2021-11-18,2021-11-18,1,2021-11-19,2021-11-19,458.0,458.0,473.5,440.5,454.0,0.8733624454148471,2.0000000000000058,True,False,False,False,140275000.0,0.6472999465335947,2021
4976,佳凌,2021-11-19,2021-11-19,1,2021-11-22,2021-11-22,77.7,77.7,83.4,77.1,78.4,-0.9009009009009046,-0.9009009009009046,False,False,False,False,169560600.0,1.0315509617210603,2021
3260,威剛,2021-11-22,2021-11-22,1,2021-11-23,2021-11-23,94.8,94.8,96.0,90.6,91.8,3.1645569620253164,2.000000000000001,True,False,False,False,47188000.0,0.9707595151309656,2021
8183,精星,2021-11-22,2021-11-22,1,2021-11-23,2021-11-23,62.9,62.9,65.6,60.9,63.6,-1.112877583465823,2.000000000000004,True,False,False,False,47562900.0,-0.0,2021
2038,海光,2021-11-24,2021-11-24,1,2021-11-25,2021-11-25,38.45,38.45,38.45,35.45,35.55,7.542262678803656,1.9999999999999956,True,False,False,False,218559250.00000003,0.9621109607577804,2021
3169,亞信,2021-11-24,2021-11-24,1,2021-11-25,2021-11-25,276.0,276.0,283.5,259.5,264.5,4.166666666666666,1.9999999999999933,True,False,False,False,155790000.0,0.9813274279478784,2021
3532,台勝科,2021-11-24,2021-11-24,1,2021-11-25,2021-11-25,235.0,235.0,240.0,227.0,234.0,0.425531914893617,2.000000000000007,True,False,False,False,156832000.0,0.6684350132625995,2021
4743,合一,2021-11-24,2021-11-24,1,2021-11-25,2021-11-25,332.0,332.0,338.0,296.0,298.0,10.240963855421686,1.9999999999999958,True,False,False,False,320949500.0,0.791077724065624,2021
6182,合晶,2021-11-24,2021-11-24,1,2021-11-25,2021-11-25,77.0,77.0,79.8,75.9,79.7,-3.5064935064935105,-3.5064935064935105,False,False,False,False,119184000.0,0.2126510269834877,2021
6138,茂達,2021-11-26,2021-11-26,1,2021-11-29,2021-11-29,261.5,261.5,263.0,243.5,256.0,2.103250478011472,2.000000000000007,True,False,False,False,101803000.0,1.1517145860141649,2021
6182,合晶,2021-11-29,2021-11-29,1,2021-11-30,2021-11-30,84.9,84.9,88.4,81.8,81.8,3.651354534746771,2.000000000000009,True,False,False,False,415500600.00000006,0.8404421076648264,2021
9919,康那香,2021-11-26,2021-11-29,2,2021-11-30,2021-11-30,25.75,25.75,25.75,24.7,24.85,3.495145631067956,2.000000000000002,True,False,False,False,78206800.0,0.7880133185349611,2021
4927,泰鼎-KY,2021-11-30,2021-11-30,1,2021-12-01,2021-12-01,110.5,110.5,113.0,103.0,103.0,6.787330316742081,2.000000000000007,True,False,False,False,79800000.0,0.0,2021
3169,亞信,2021-12-01,2021-12-01,1,2021-12-02,2021-12-02,276.0,276.0,278.0,256.5,261.0,5.434782608695652,1.9999999999999933,True,False,False,False,54169500.0,1.40209896713095,2021
8183,精星,2021-12-01,2021-12-01,1,2021-12-02,2021-12-02,71.5,71.5,73.0,66.6,69.4,2.937062937062929,2.0000000000000093,True,False,False,False,207199200.0,1.0108591152861597,2021
8299,群聯,2021-12-02,2021-12-02,1,2021-12-03,2021-12-03,462.0,462.0,488.0,458.5,478.0,-3.463203463203463,-3.463203463203463,False,False,False,True,812920500.0,0.0,2021
2338,光罩,2021-12-03,2021-12-03,1,2021-12-06,2021-12-06,109.5,109.5,111.0,107.5,109.5,0.0,0.0,False,False,False,False,286014000.0,0.9498468606431854,2021
3363,上詮,2021-12-06,2021-12-06,1,2021-12-07,2021-12-07,39.8,39.8,39.85,35.55,35.55,10.678391959798995,1.9999999999999987,True,False,False,False,103950750.0,0.901140684410646,2021
3035,智原,2021-12-08,2021-12-08,1,2021-12-09,2021-12-09,197.0,197.0,197.5,188.0,188.5,4.314720812182741,1.9999999999999991,True,False,False,False,72937500.0,-0.0,2021
3491,昇達科,2021-12-08,2021-12-08,1,2021-12-09,2021-12-09,184.0,184.0,184.0,174.5,177.5,3.532608695652174,2.000000000000004,True,False,False,False,91250000.0,0.0,2021
3515,華擎,2021-12-08,2021-12-08,1,2021-12-09,2021-12-09,282.0,282.0,288.5,276.0,287.5,-1.950354609929078,1.9999999999999951,True,False,False,False,175051500.0,-0.0,2021
8104,錸寶,2021-12-07,2021-12-08,2,2021-12-09,2021-12-09,68.5,68.5,71.5,65.8,69.0,-0.7299270072992701,2.0000000000000067,True,False,False,False,89527000.0,0.0,2021
6576,逸達,2021-12-09,2021-12-10,2,2021-12-13,2021-12-13,127.0,127.0,134.5,120.0,132.5,-4.330708661417323,2.000000000000005,True,False,False,False,99456000.0,0.6301530324967825,2021
2457,飛宏,2021-12-13,2021-12-13,1,2021-12-14,2021-12-14,42.05,42.05,42.1,38.9,40.8,2.9726516052318672,2.0000000000000027,True,False,False,False,223122250.0,0.8729707593034759,2021
8076,伍豐,2021-12-15,2021-12-15,1,2021-12-16,2021-12-16,35.3,35.3,36.15,34.3,35.6,-0.8498583569405221,2.000000000000009,True,False,False,False,46579399.99999999,1.037900874635569,2021
3035,智原,2021-12-15,2021-12-16,2,2021-12-17,2021-12-17,219.0,219.0,229.5,216.0,225.5,-2.968036529680365,-2.968036529680365,False,False,False,False,71874000.0,-0.0,2021
3141,晶宏,2021-12-16,2021-12-16,1,2021-12-17,2021-12-17,286.0,286.0,286.5,270.5,273.5,4.370629370629371,2.0000000000000093,True,False,False,False,148882500.0,-0.0,2021
3443,創意,2021-12-16,2021-12-16,1,2021-12-17,2021-12-17,651.0,651.0,653.0,604.0,604.0,7.219662058371735,1.9999999999999973,True,False,False,False,200283000.0,1.0615379238377696,2021
3675,德微,2021-12-16,2021-12-16,1,2021-12-17,2021-12-17,313.5,313.5,316.0,288.0,288.0,8.133971291866029,1.9999999999999942,True,False,False,False,96000000.0,0.984,2021
5351,鈺創,2021-12-16,2021-12-16,1,2021-12-17,2021-12-17,99.4,99.4,99.7,90.2,91.9,7.545271629778671,1.9999999999999993,True,False,False,False,274225500.0,0.8287657420626455,2021
5371,中光電,2021-12-16,2021-12-16,1,2021-12-17,2021-12-17,87.8,87.8,87.8,83.5,84.0,4.328018223234621,2.0000000000000004,True,False,False,False,89545500.0,0.9455751545303784,2021
3687,歐買尬,2021-12-15,2021-12-17,3,2021-12-20,2021-12-20,194.5,194.5,198.0,190.0,195.0,-0.2570694087403599,2.0000000000000075,True,False,False,False,128248000.0,0.5063236853596157,2021
2013,中鋼構,2021-12-20,2021-12-20,1,2021-12-21,2021-12-21,61.3,61.3,65.5,59.0,63.0,-2.7732463295269216,1.9999999999999987,True,False,False,False,65513799.99999999,0.8721979186064617,2021
6111,光聚晶電,2021-12-20,2021-12-20,1,2021-12-21,2021-12-21,102.5,102.5,102.5,93.7,96.7,5.658536585365851,1.9999999999999973,True,False,False,False,128209900.0,0.8251297286714987,2021
1727,中華化,2021-12-21,2021-12-21,1,2021-12-22,2021-12-22,53.8,53.8,54.1,50.0,50.3,6.505576208178439,2.000000000000001,True,False,False,False,256000000.0,0.980653515625,2021
4927,泰鼎-KY,2021-12-23,2021-12-23,1,2021-12-24,2021-12-24,129.0,129.0,129.5,117.5,123.0,4.651162790697675,1.9999999999999987,True,False,False,False,48762000.0,0.0,2021
6781,AES-KY,2021-12-23,2021-12-23,1,2021-12-24,2021-12-24,1835.0,1835.0,1850.0,1750.0,1765.0,3.8147138964577656,2.0000000000000027,True,False,False,False,40480000.0,2.0056818181818183,2021
2461,光群雷,2021-12-24,2021-12-24,1,2021-12-27,2021-12-27,25.5,25.5,26.5,25.0,26.45,-3.725490196078429,-3.7254901960784284,False,False,False,False,102000000.0,0.596421568627451,2021
5321,美而快,2021-12-24,2021-12-24,1,2021-12-27,2021-12-27,122.5,122.5,126.0,113.5,115.0,6.122448979591836,2.0000000000000027,True,False,False,False,64350000.0,0.6362082362082362,2021
6282,康舒,2021-12-24,2021-12-24,1,2021-12-27,2021-12-27,39.95,39.95,39.95,37.5,37.6,5.882352941176474,1.9999999999999987,True,False,False,False,199310550.00000003,-0.0,2021
6158,禾昌,2021-12-27,2021-12-28,2,2021-12-29,2021-12-29,56.1,56.1,57.3,51.2,55.3,1.4260249554367277,1.9999999999999998,True,False,False,False,78807600.0,1.1079984671529142,2021
3094,聯傑,2021-12-29,2021-12-29,1,2021-12-30,2021-12-30,47.6,47.6,50.0,46.2,46.9,1.4705882352941235,1.9999999999999962,True,False,False,False,105684750.0,1.0193457428815416,2021
4755,三福化,2021-12-28,2021-12-29,2,2021-12-30,2021-12-30,180.0,180.0,187.5,174.0,174.5,3.055555555555556,1.999999999999997,True,False,False,False,182272000.0,0.9391705802317416,2021
8104,錸寶,2022-01-04,2022-01-04,1,2022-01-05,2022-01-05,90.7,90.7,91.6,80.9,84.2,7.166482910694598,2.0000000000000075,True,False,False,False,56206000.0,0.0,2022
3624,光頡,2022-01-10,2022-01-10,1,2022-01-11,2022-01-11,88.2,88.2,90.5,82.9,85.4,3.174603174603171,1.9999999999999951,True,False,False,False,61390000.0,0.6899885974914481,2022
9919,康那香,2022-01-10,2022-01-10,1,2022-01-11,2022-01-11,33.15,33.15,33.2,30.95,30.95,6.636500754147812,2.0000000000000115,True,False,False,False,103050000.0,0.8172241630276564,2022
8155,博智,2022-01-17,2022-01-17,1,2022-01-18,2022-01-18,184.5,184.5,189.5,178.0,189.5,-2.710027100271003,1.9999999999999987,True,False,False,False,72128000.0,0.0,2022
6719,力智,2022-01-20,2022-01-20,1,2022-01-21,2022-01-21,977.0,977.0,1015.0,954.0,971.0,0.6141248720573182,1.9999999999999962,True,False,False,True,55048000.0,0.65264859758756,2022
2618,長榮航,2022-02-07,2022-02-07,1,2022-02-08,2022-02-08,26.0,26.0,28.0,25.95,27.35,-5.192307692307698,-5.192307692307698,False,False,False,False,174266400.0,0.3378996180560337,2022
3661,世芯-KY,2022-02-09,2022-02-09,1,2022-02-10,2022-02-10,1095.0,1095.0,1130.0,1055.0,1100.0,-0.45662100456621,2.0000000000000084,True,False,False,False,122550000.0,1.0501835985312118,2022
4755,三福化,2022-02-09,2022-02-09,1,2022-02-10,2022-02-11,155.5,150.5,150.5,146.0,150.5,0.0,1.9999999999999938,True,False,True,False,126501000.0,1.0706713780918728,2022
3661,世芯-KY,2022-02-16,2022-02-16,1,2022-02-17,2022-02-17,1165.0,1165.0,1180.0,1130.0,1155.0,0.8583690987124464,1.9999999999999962,True,False,False,False,58250000.0,-0.0,2022
6485,點序,2022-02-16,2022-02-16,1,2022-02-17,2022-02-17,151.5,151.5,152.5,144.0,148.0,2.31023102310231,2.000000000000001,True,False,False,False,64779000.0,0.9572855400669972,2022
1760,寶齡富錦,2022-02-21,2022-02-21,1,2022-02-22,2022-02-22,,,,,,,,False,True,False,False,122761500.0,,2022
3092,鴻碩,2022-02-21,2022-02-21,1,2022-02-22,2022-02-22,65.5,65.5,68.3,63.1,64.0,2.2900763358778624,2.0000000000000036,True,False,False,False,77006500.0,0.6208307090959854,2022
2611,志信,2022-02-23,2022-02-23,1,2022-02-24,2022-02-24,24.3,24.3,24.9,23.5,24.0,1.2345679012345707,2.0000000000000027,True,False,False,False,110962350.0,0.3709366285050741,2022
1760,寶齡富錦,2022-02-25,2022-02-25,1,2022-03-01,2022-03-01,108.5,108.5,110.5,103.0,105.0,3.225806451612903,2.0000000000000013,True,False,False,False,53165000.0,-0.0,2022
3529,力旺,2022-02-25,2022-02-25,1,2022-03-01,2022-03-01,1880.0,1880.0,1945.0,1855.0,1930.0,-2.6595744680851063,-2.6595744680851063,False,False,False,False,68265000.0,0.0,2022
3035,智原,2022-02-25,2022-03-01,2,2022-03-02,2022-03-02,297.0,297.0,327.5,292.0,307.0,-3.3670033670033668,-3.3670033670033668,False,False,False,False,202390500.0,0.3170257497263952,2022
2498,宏達電,2022-03-02,2022-03-02,1,2022-03-03,2022-03-03,67.9,67.9,70.2,65.4,65.4,3.6818851251840936,2.0000000000000058,True,False,False,False,74259000.0,1.0533187896416598,2022
2611,志信,2022-03-02,2022-03-02,1,2022-03-03,2022-03-03,25.6,25.6,26.5,24.5,25.35,0.9765625,2.0000000000000018,True,False,False,False,140263199.99999997,1.047520661157025,2022
6104,創惟,2022-03-02,2022-03-02,1,2022-03-03,2022-03-03,283.0,283.0,300.0,282.5,293.5,-3.7102473498233217,-3.7102473498233217,False,False,False,False,256893000.0,0.482134585216413,2022
3169,亞信,2022-03-04,2022-03-04,1,2022-03-07,2022-03-07,229.0,229.0,232.5,211.5,211.5,7.641921397379912,2.0000000000000058,True,False,False,False,48776000.0,-0.0,2022
2607,榮運,2022-03-09,2022-03-09,1,2022-03-10,2022-03-10,42.0,42.0,43.95,40.4,41.75,0.5952380952380952,2.000000000000008,True,False,False,False,102326400.0,1.1375265816055289,2022
3017,奇鋐,2022-03-09,2022-03-09,1,2022-03-10,2022-03-10,121.5,121.5,125.0,117.0,119.5,1.646090534979424,2.0000000000000058,True,False,False,False,133052000.0,-0.0,2022
4162,智擎,2022-03-09,2022-03-09,1,2022-03-10,2022-03-10,95.0,95.0,95.6,86.8,88.0,7.368421052631578,2.0000000000000058,True,False,False,False,65898800.0,1.0188956399813047,2022
2612,中航,2022-03-10,2022-03-10,1,2022-03-11,2022-03-11,58.4,58.4,59.3,56.0,56.0,4.109589041095888,1.9999999999999987,True,False,False,False,44215600.00000001,0.6877210758193939,2022
1560,中砂,2022-03-17,2022-03-17,1,2022-03-18,2022-03-18,127.0,127.0,128.5,124.0,126.5,0.3937007874015747,2.000000000000005,True,False,False,False,136869000.0,0.2495451855423799,2022
1795,美時,2022-03-17,2022-03-17,1,2022-03-18,2022-03-18,109.5,109.5,115.5,107.0,114.0,-4.10958904109589,1.999999999999998,True,False,False,False,136059000.0,1.0439882697947214,2022
3006,晶豪科,2022-03-17,2022-03-17,1,2022-03-18,2022-03-18,175.0,175.0,181.0,172.5,176.5,-0.8571428571428572,-0.8571428571428572,False,False,False,False,76560000.0,-0.0,2022
3707,漢磊,2022-03-17,2022-03-17,1,2022-03-18,2022-03-18,126.0,126.0,131.5,124.5,129.5,-2.7777777777777777,-2.7777777777777777,False,False,False,False,153035000.0,0.2090142777795929,2022
6415,矽力*-KY,2022-03-17,2022-03-17,1,2022-03-18,2022-03-18,3315.0,3315.0,3400.0,3180.0,3300.0,0.4524886877828055,2.0000000000000058,True,False,False,False,132720000.0,-0.0,2022
8155,博智,2022-03-18,2022-03-18,1,2022-03-21,2022-03-21,210.0,210.0,212.5,195.0,195.0,7.142857142857142,2.000000000000008,True,False,False,False,61486000.0,1.5920697394528835,2022
3062,建漢,2022-03-25,2022-03-25,1,2022-03-28,2022-03-28,28.2,28.2,28.3,27.3,28.1,0.3546099290780066,2.0000000000000004,True,False,False,False,103756800.0,0.5381305128916852,2022
3624,光頡,2022-03-29,2022-03-29,1,2022-03-30,2022-03-30,98.5,98.5,100.0,91.3,92.0,6.598984771573605,1.9999999999999991,True,False,False,False,237168000.0,0.5395837549753761,2022
4919,新唐,2022-03-29,2022-03-29,1,2022-03-30,2022-03-30,199.0,199.0,205.0,188.0,190.5,4.271356783919598,1.999999999999995,True,False,False,False,135761000.0,-0.0,2022
1760,寶齡富錦,2022-04-11,2022-04-11,1,2022-04-12,2022-04-12,119.0,119.0,122.0,111.0,116.0,2.5210084033613445,1.9999999999999962,True,False,False,False,78068000.0,0.4041604754829123,2022
1605,華新,2022-04-13,2022-04-13,1,2022-04-14,2022-04-14,35.55,35.55,37.4,35.3,37.2,-4.64135021097048,-4.64135021097048,False,False,False,False,168172900.0,0.0,2022
2607,榮運,2022-04-22,2022-04-22,1,2022-04-25,2022-04-25,40.7,40.7,40.95,37.35,37.45,7.985257985257984,2.0,True,False,False,False,204138500.0,0.5000952784506598,2022
3708,上緯投控,2022-04-26,2022-04-26,1,2022-04-27,2022-04-27,143.5,143.5,145.5,135.5,140.0,2.4390243902439024,2.000000000000003,True,False,False,False,140070000.0,-0.0,2022
4116,明基醫,2022-04-27,2022-04-28,2,2022-04-29,2022-04-29,44.4,44.4,47.3,42.75,45.6,-2.7027027027027093,1.9999999999999958,True,False,False,False,48725600.00000001,1.1632653061224487,2022
6470,宇智,2022-05-11,2022-05-11,1,2022-05-12,2022-05-12,63.8,63.8,66.0,59.0,59.0,7.5235109717868305,2.0000000000000053,True,False,False,False,87049500.0,0.0,2022
3701,大眾控,2022-05-20,2022-05-20,1,2022-05-23,2022-05-23,56.9,56.9,56.9,52.5,52.9,7.029876977152901,1.999999999999997,True,False,False,False,90080900.0,0.8415291143849583,2022
2615,萬海,2022-05-23,2022-05-23,1,2022-05-24,2022-05-24,165.5,165.5,167.0,161.5,161.5,2.416918429003021,2.0000000000000013,True,False,False,False,127693500.0,0.9839733424175858,2022
3675,德微,2022-05-30,2022-05-30,1,2022-05-31,2022-05-31,350.0,350.0,367.0,343.5,348.0,0.5714285714285714,0.5714285714285714,False,False,False,False,53960000.0,0.3418087472201631,2022
4755,三福化,2022-05-30,2022-05-30,1,2022-05-31,2022-05-31,200.5,200.5,206.5,194.0,206.0,-2.743142144638404,1.9999999999999956,True,False,False,False,262196000.0,0.8681673252070969,2022
6104,創惟,2022-05-30,2022-05-30,1,2022-05-31,2022-05-31,209.5,209.5,211.5,207.0,211.5,-0.954653937947494,-0.9546539379474941,False,False,False,False,53086500.0,0.9920318725099602,2022
4755,三福化,2022-06-01,2022-06-01,1,2022-06-02,2022-06-02,225.5,225.5,241.5,222.5,225.5,0.0,0.0,False,False,False,False,177802500.0,1.2111893814766383,2022
8440,綠電,2022-06-09,2022-06-09,1,2022-06-10,2022-06-10,75.0,75.0,76.2,72.6,72.7,3.066666666666663,2.0,True,False,False,False,138603000.0,1.0285830754024083,2022
2368,金像電,2022-06-10,2022-06-10,1,2022-06-13,2022-06-13,91.9,91.9,94.2,91.2,93.7,-1.95865070729053,-1.95865070729053,False,False,False,False,144366600.0,0.4290168224506223,2022
6245,立端,2022-06-10,2022-06-10,1,2022-06-13,2022-06-13,63.6,63.6,67.3,63.0,65.6,-3.144654088050304,-3.1446540880503036,False,False,False,False,86623200.0,0.3536604512416996,2022
1560,中砂,2022-06-21,2022-06-21,1,2022-06-22,2022-06-22,171.5,171.5,173.5,156.5,156.5,8.746355685131196,2.000000000000004,True,False,False,False,142964000.0,0.7684661872919056,2022
1513,中興電,2022-06-24,2022-06-24,1,2022-06-27,2022-06-27,54.5,54.5,55.8,52.7,54.9,-0.7339449541284377,2.000000000000006,True,False,False,False,55683000.0,0.0,2022
3444,利機,2022-06-24,2022-06-24,1,2022-06-27,2022-06-27,67.6,67.6,67.9,63.2,65.6,2.9585798816568047,2.0000000000000058,True,False,False,False,90341500.0,1.020217729393468,2022
8478,東哥遊艇,2022-06-24,2022-06-24,1,2022-06-27,2022-06-27,202.5,202.5,207.0,196.0,197.5,2.469135802469136,2.0000000000000058,True,False,False,False,56771000.0,0.9775677722780998,2022
2615,萬海,2022-06-27,2022-06-27,1,2022-06-28,2022-06-28,126.5,126.5,130.0,122.0,128.0,-1.185770750988142,2.000000000000001,True,False,False,False,63360000.0,-0.0,2022
6235,華孚,2022-06-27,2022-06-27,1,2022-06-28,2022-06-28,47.5,47.5,47.8,43.0,43.8,7.789473684210532,2.0000000000000058,True,False,False,False,128487500.0,0.393386127055161,2022
6279,胡連,2022-07-07,2022-07-07,1,2022-07-08,2022-07-08,145.5,145.5,154.5,142.5,147.0,-1.0309278350515465,1.9999999999999976,True,False,False,False,43992000.0,0.0,2022
3504,揚明光,2022-07-07,2022-07-08,2,2022-07-11,2022-07-11,92.5,92.5,92.7,84.5,87.9,4.972972972972967,2.000000000000009,True,False,False,False,150686400.0,0.8825793170452012,2022
4162,智擎,2022-07-11,2022-07-11,1,2022-07-12,2022-07-12,94.3,94.3,96.6,88.2,89.6,4.984093319194065,1.9999999999999956,True,False,False,False,93761200.0,0.986198982094939,2022
5388,中磊,2022-07-14,2022-07-14,1,2022-07-15,2022-07-15,90.5,90.5,90.5,86.7,88.2,2.5414364640883944,2.0000000000000027,True,False,False,False,259916000.0,0.1737422859693131,2022
3529,力旺,2022-07-18,2022-07-18,1,2022-07-19,2022-07-19,1125.0,1125.0,1150.0,1085.0,1090.0,3.111111111111111,2.0,True,False,False,False,125430000.0,-0.0,2022
5706,鳳凰,2022-07-18,2022-07-18,1,2022-07-19,2022-07-19,69.6,69.6,72.2,68.0,68.5,1.5804597701149343,1.9999999999999942,True,False,False,False,58564800.0,1.0304568614594432,2022
6121,新普,2022-07-18,2022-07-18,1,2022-07-19,2022-07-19,265.0,265.0,283.5,263.0,278.5,-5.09433962264151,-5.09433962264151,False,False,False,False,194040000.0,0.0,2022
2301,光寶科,2022-07-20,2022-07-20,1,2022-07-21,2022-07-21,63.0,63.0,64.2,61.3,62.2,1.269841269841265,1.999999999999997,True,False,False,False,67054799.99999999,0.4127817844509268,2022
2498,宏達電,2022-07-21,2022-07-21,1,2022-07-22,2022-07-22,66.3,66.3,71.0,63.9,64.7,2.413273001508287,2.0000000000000115,True,False,False,False,72947200.0,0.784944452974206,2022
3035,智原,2022-07-21,2022-07-21,1,2022-07-22,2022-07-22,183.0,183.0,189.5,179.0,180.5,1.366120218579235,1.9999999999999982,True,False,False,False,47793000.0,0.0,2022
4755,三福化,2022-07-22,2022-07-22,1,2022-07-25,2022-07-25,159.0,159.0,160.0,149.5,151.0,5.031446540880504,2.000000000000004,True,False,False,False,87532000.0,0.9470707855412878,2022
2482,連宇,2022-07-27,2022-07-27,1,2022-07-28,2022-07-28,29.0,29.0,29.95,28.35,28.4,2.0689655172413843,2.000000000000006,True,False,False,False,137453750.0,0.9878260869565216,2022
3558,神準,2022-07-29,2022-07-29,1,2022-08-01,2022-08-01,219.0,219.0,220.0,210.0,217.5,0.684931506849315,1.999999999999998,True,False,False,False,65550000.0,-0.0,2022
8097,常珵,2022-08-05,2022-08-05,1,2022-08-08,2022-08-08,80.0,80.0,81.9,78.7,79.7,0.3749999999999964,0.37499999999999645,False,False,False,False,74486100.0,0.4515392804832042,2022
5388,中磊,2022-08-08,2022-08-08,1,2022-08-09,2022-08-09,100.0,100.0,106.5,99.3,105.5,-5.5,-5.5,False,False,False,False,112514000.0,1.033302522352774,2022
3521,台鋼建設,2022-08-08,2022-08-09,2,2022-08-10,2022-08-10,19.55,19.55,20.05,18.0,18.2,6.905370843989776,2.000000000000009,True,False,False,False,41602400.0,0.7314578005115089,2022
3529,力旺,2022-08-11,2022-08-11,1,2022-08-12,2022-08-12,1250.0,1250.0,1350.0,1220.0,1315.0,-5.2,2.0,True,False,False,False,119310000.0,0.0,2022
3035,智原,2022-08-12,2022-08-12,1,2022-08-15,2022-08-15,174.5,174.5,179.0,173.5,178.0,-2.005730659025788,-2.005730659025788,False,False,False,False,56947000.0,0.0,2022
5353,台林,2022-08-16,2022-08-16,1,2022-08-17,2022-08-17,33.5,33.5,33.9,31.1,31.95,4.626865671641793,2.0000000000000053,True,False,False,False,54189000.00000001,0.9551569506726456,2022
1795,美時,2022-08-18,2022-08-18,1,2022-08-19,2022-08-19,187.0,187.0,193.0,180.5,184.5,1.3368983957219251,2.000000000000005,True,False,False,False,97969500.0,1.1864406779661016,2022
3141,晶宏,2022-08-18,2022-08-18,1,2022-08-19,2022-08-19,140.0,140.0,150.0,138.0,139.0,0.7142857142857143,0.7142857142857143,False,False,False,False,138777000.0,0.9996036807251922,2022
4931,新盛力,2022-08-19,2022-08-19,1,2022-08-22,2022-08-22,40.7,40.7,40.75,38.5,38.5,5.405405405405412,2.0,True,False,False,False,139731850.0,0.9770213448115086,2022
6781,AES-KY,2022-08-19,2022-08-19,1,2022-08-22,2022-08-22,1060.0,1060.0,1075.0,978.0,985.0,7.075471698113208,2.000000000000004,True,False,False,False,279930000.0,0.8269031543600186,2022
1524,耿鼎,2022-08-26,2022-08-26,1,2022-08-29,2022-08-29,29.25,29.25,29.6,28.25,29.4,-0.512820512820508,2.0000000000000027,True,False,False,False,74178000.0,0.7134190730405241,2022
2610,華航,2022-08-26,2022-08-26,1,2022-08-29,2022-08-29,21.9,21.9,22.55,21.8,22.2,-1.3698630136986336,-1.3698630136986336,False,False,False,False,61371999.99999999,1.0906113537117903,2022
3105,穩懋,2022-08-31,2022-08-31,1,2022-09-01,2022-09-01,175.5,175.5,176.5,166.5,167.0,4.843304843304843,1.999999999999995,True,False,False,False,145299000.0,0.9597106655930184,2022
6547,高端疫苗,2022-08-31,2022-08-31,1,2022-09-01,2022-09-01,148.5,148.5,150.5,135.5,136.0,8.417508417508419,1.9999999999999993,True,False,False,True,102753000.0,0.9264936303562912,2022
8996,高力,2022-08-30,2022-08-31,2,2022-09-01,2022-09-01,115.0,115.0,119.5,112.0,113.0,1.7391304347826086,1.9999999999999976,True,False,False,False,45372000.0,1.1232257780128714,2022
6550,北極星藥業-KY,2022-09-08,2022-09-08,1,2022-09-12,2022-09-12,190.0,190.0,213.0,187.0,208.0,-9.473684210526317,-9.473684210526317,False,False,False,False,134205000.0,0.5099064863455162,2022
3454,,2022-09-08,2022-09-12,2,2022-09-13,2022-09-13,145.0,145.0,151.0,139.0,151.0,-4.137931034482759,2.000000000000004,True,False,False,False,69969000.0,1.042361617287656,2022
4162,智擎,2022-09-22,2022-09-22,1,2022-09-23,2022-09-23,141.5,141.5,142.5,127.5,128.5,9.187279151943462,2.000000000000009,True,False,False,False,73155500.0,0.8923184176172674,2022
3046,建碁,2022-09-30,2022-10-03,2,2022-10-04,2022-10-04,64.0,64.0,64.2,57.9,58.3,8.906250000000004,2.0000000000000018,True,False,False,False,157153200.00000003,1.1337013818363226,2022
3529,力旺,2022-10-04,2022-10-04,1,2022-10-05,2022-10-05,1275.0,1275.0,1275.0,1215.0,1240.0,2.7450980392156863,2.0,True,False,False,True,45140000.0,0.0,2022
4931,新盛力,2022-10-04,2022-10-04,1,2022-10-05,2022-10-05,46.75,46.75,48.2,43.3,44.4,5.026737967914442,2.000000000000005,True,False,False,False,179215400.0,0.0,2022
2338,光罩,2022-10-05,2022-10-05,1,2022-10-06,2022-10-06,59.9,59.9,63.3,59.0,63.0,-5.175292153589318,-5.175292153589318,False,False,False,False,75671400.00000001,1.0606649275684077,2022
8040,九暘,2022-10-06,2022-10-06,1,2022-10-07,2022-10-07,65.0,65.0,65.2,60.9,61.1,5.999999999999997,2.0000000000000067,True,False,False,False,154690000.0,0.6943810201047256,2022
3046,建碁,2022-10-14,2022-10-14,1,2022-10-17,2022-10-17,61.5,61.5,63.7,60.4,61.6,-0.1626016260162625,-0.1626016260162625,False,False,False,False,61700000.0,0.7987034035656402,2022
3189,景碩,2022-10-14,2022-10-14,1,2022-10-17,2022-10-17,98.0,98.0,103.5,95.6,103.5,-5.612244897959184,2.000000000000008,True,False,False,False,245267500.0,0.6874188386149817,2022
5274,信驊,2022-10-27,2022-10-27,1,2022-10-28,2022-10-28,1620.0,1620.0,1695.0,1605.0,1685.0,-4.012345679012346,-4.012345679012346,False,False,False,False,60495000.0,-0.0,2022
8358,金居,2022-10-31,2022-10-31,1,2022-11-01,2022-11-01,44.5,44.5,47.95,43.9,46.5,-4.49438202247191,-4.49438202247191,False,False,False,False,98841200.0,0.5748918467197889,2022
6274,台燿,2022-11-02,2022-11-02,1,2022-11-03,2022-11-03,48.0,48.0,50.8,47.1,48.75,-1.5625,-1.5625,False,False,False,False,78720000.0,0.6756383384146342,2022
2388,威盛,2022-11-03,2022-11-03,1,2022-11-04,2022-11-04,71.0,71.0,72.4,67.7,70.3,0.9859154929577504,2.0000000000000027,True,False,False,False,117902000.0,0.961764007395973,2022
2468,華經,2022-11-02,2022-11-03,2,2022-11-04,2022-11-04,27.8,27.8,28.0,25.55,26.4,5.035971223021591,2.000000000000003,True,False,False,False,40881900.0,1.0784234587922772,2022
4931,新盛力,2022-11-04,2022-11-04,1,2022-11-07,2022-11-07,59.6,59.6,60.1,55.8,57.0,4.362416107382552,2.0000000000000004,True,False,False,False,70573800.0,1.4505666408780595,2022
1605,華新,2022-11-07,2022-11-07,1,2022-11-08,2022-11-08,40.7,40.7,41.35,39.8,40.1,1.4742014742014775,2.0,True,False,False,False,439570150.0,0.7410246123400327,2022
3661,世芯-KY,2022-11-07,2022-11-07,1,2022-11-08,2022-11-08,801.0,801.0,825.0,765.0,778.0,2.871410736579276,1.9999999999999976,True,False,False,False,55790000.0,0.0,2022
8440,綠電,2022-11-04,2022-11-07,2,2022-11-08,2022-11-09,47.6,41.05,42.9,40.25,40.6,1.096224116930562,1.096224116930562,False,False,True,False,49322600.0,0.7847112682624192,2022
3545,敦泰,2022-11-08,2022-11-08,1,2022-11-09,2022-11-09,77.7,77.7,79.2,75.7,76.8,1.1583011583011655,2.0000000000000027,True,False,False,False,258493500.0,0.8476437511968387,2022
3034,聯詠,2022-11-09,2022-11-09,1,2022-11-10,2022-11-10,285.5,285.5,293.5,283.5,290.0,-1.5761821366024518,-1.5761821366024518,False,False,False,False,140790000.0,1.773492435542297,2022
3362,先進光,2022-11-10,2022-11-10,1,2022-11-11,2022-11-14,71.6,67.7,70.5,67.3,69.7,-2.954209748892171,-2.954209748892171,False,False,True,False,55139700.0,1.0575139146567718,2022
1795,美時,2022-11-11,2022-11-11,1,2022-11-14,2022-11-14,173.0,173.0,174.5,166.0,171.0,1.1560693641618496,2.0000000000000044,True,False,False,False,202713000.0,0.5356587885335425,2022
3529,力旺,2022-11-11,2022-11-11,1,2022-11-14,2022-11-14,1415.0,1415.0,1430.0,1390.0,1420.0,-0.3533568904593639,-0.35335689045936397,False,False,False,False,105000000.0,-0.0,2022
4162,智擎,2022-11-10,2022-11-11,2,2022-11-14,2022-11-14,124.5,124.5,128.0,122.0,125.5,-0.8032128514056224,2.000000000000007,True,False,False,False,50826000.0,0.992621886436076,2022
6643,M31,2022-11-11,2022-11-11,1,2022-11-14,2022-11-14,425.0,425.0,427.5,414.0,419.5,1.2941176470588236,2.0,True,False,False,False,200410500.0,0.7765785724799849,2022
9904,寶成,2022-11-14,2022-11-14,1,2022-11-15,2022-11-15,31.75,31.75,32.85,31.4,32.85,-3.464566929133863,-3.464566929133863,False,False,False,False,94170500.0,0.99732028607685,2022
3592,瑞鼎,2022-11-16,2022-11-16,1,2022-11-17,2022-11-17,328.0,328.0,333.0,320.0,321.5,1.9817073170731707,2.000000000000001,True,False,False,False,149270000.0,0.5987606350907752,2022
3441,聯一光電,2022-11-17,2022-11-17,1,2022-11-18,2022-11-18,42.0,42.0,42.55,39.65,40.7,3.095238095238088,2.000000000000008,True,False,False,False,48557900.0,1.036822020721654,2022
6550,北極星藥業-KY,2022-11-21,2022-11-21,1,2022-11-22,2022-11-22,116.0,116.0,119.0,110.0,110.0,5.172413793103448,2.000000000000006,True,False,False,False,50228000.0,0.9482758620689656,2022
1584,精剛,2022-11-22,2022-11-23,2,2022-11-24,2022-11-24,22.2,22.2,22.8,20.75,21.85,1.5765765765765671,1.9999999999999958,True,False,False,False,42526500.0,1.148850716611995,2022
4128,中天,2022-11-23,2022-11-23,1,2022-11-24,2022-11-24,70.3,70.3,71.0,68.1,71.0,-0.9957325746799472,2.0000000000000084,True,False,False,False,47811600.00000001,0.7811075136577733,2022
1810,和成,2022-11-22,2022-11-24,3,2022-11-25,2022-11-25,19.05,19.05,20.15,17.95,19.65,-3.1496062992125875,2.000000000000001,True,False,False,False,57986000.00000001,1.0705058117476631,2022
1417,嘉裕,2022-11-25,2022-11-29,3,2022-11-30,2022-11-30,16.7,16.7,17.0,15.1,15.3,8.383233532934124,1.999999999999998,True,False,False,False,98092500.0,0.833999541249331,2022
2498,宏達電,2022-11-30,2022-11-30,1,2022-12-01,2022-12-01,59.0,59.0,60.8,57.7,57.8,2.0338983050847506,1.9999999999999993,True,False,False,False,65664000.0,0.992909356725146,2022
5353,台林,2022-11-30,2022-11-30,1,2022-12-01,2022-12-01,34.6,34.6,34.9,33.25,33.6,2.8901734104046244,2.0000000000000004,True,False,False,False,53895150.0,0.3541097853888522,2022
3508,位速,2022-11-30,2022-12-01,2,2022-12-02,2022-12-02,38.3,38.3,41.55,36.8,39.7,-3.655352480417769,1.9999999999999956,True,False,False,False,72980099.99999999,0.5842387171297382,2022
6589,台康生技,2022-12-01,2022-12-01,1,2022-12-02,2022-12-02,149.5,149.5,159.0,148.5,151.0,-1.0033444816053512,-1.0033444816053512,False,False,False,False,60300000.0,0.898988391376451,2022
6719,力智,2022-12-01,2022-12-01,1,2022-12-02,2022-12-02,311.5,311.5,316.0,302.0,307.0,1.4446227929373996,2.0000000000000058,True,False,False,False,186354000.0,0.9884413535529154,2022
1513,中興電,2022-12-02,2022-12-02,1,2022-12-05,2022-12-05,65.9,65.9,65.9,64.1,64.8,1.6691957511381008,1.9999999999999967,True,False,False,False,138941200.0,0.5857787322982672,2022
2328,廣宇,2022-12-02,2022-12-02,1,2022-12-05,2022-12-05,40.55,40.55,41.7,39.9,41.15,-1.479654747225651,-1.479654747225651,False,False,False,False,119250000.0,1.0310792452830189,2022
1560,中砂,2022-12-05,2022-12-05,1,2022-12-06,2022-12-06,129.5,129.5,134.5,127.0,129.5,0.0,0.0,False,False,False,False,128384000.0,0.8937017073778664,2022
1736,喬山,2022-12-05,2022-12-05,1,2022-12-06,2022-12-06,85.2,85.2,86.2,83.3,84.8,0.469483568075124,2.000000000000009,True,False,False,False,100332900.0,0.1217068379365093,2022
8436,大江,2022-12-02,2022-12-05,2,2022-12-06,2022-12-06,170.0,170.0,182.0,166.0,176.5,-3.823529411764706,2.0000000000000036,True,False,False,False,113376000.0,-0.0,2022
6461,益得,2022-12-07,2022-12-07,1,2022-12-08,2022-12-08,35.5,35.5,38.2,34.9,36.2,-1.971830985915501,-1.971830985915501,False,False,False,False,56398399.99999999,0.6964204658288179,2022
3558,神準,2022-12-09,2022-12-09,1,2022-12-12,2022-12-12,233.5,233.5,241.0,229.0,237.0,-1.4989293361884368,-1.4989293361884368,False,False,False,False,190293000.0,1.0424398164935127,2022
1720,生達,2022-12-12,2022-12-13,2,2022-12-14,2022-12-14,62.5,62.5,64.0,58.3,60.8,2.7200000000000046,2.0,True,False,False,False,227792000.0,0.5597106131909811,2022
3228,金麗科,2022-12-14,2022-12-14,1,2022-12-15,2022-12-15,208.5,208.5,211.5,197.0,200.0,4.07673860911271,2.0000000000000075,True,False,False,False,88192000.0,0.9592706821480408,2022
6643,M31,2022-12-14,2022-12-14,1,2022-12-15,2022-12-15,570.0,570.0,582.0,552.0,573.0,-0.5263157894736842,1.9999999999999958,True,False,False,False,40392000.0,1.2058080808080809,2022
2731,雄獅,2022-12-15,2022-12-15,1,2022-12-16,2022-12-16,116.0,116.0,123.0,103.0,103.0,11.20689655172414,2.000000000000006,True,False,False,False,40680000.0,0.0,2022
5706,鳳凰,2022-12-15,2022-12-15,1,2022-12-16,2022-12-16,64.7,64.7,67.6,60.1,60.1,7.109737248840806,2.000000000000006,True,False,False,False,108501900.0,0.9289026275115918,2022
8033,雷虎,2022-12-15,2022-12-15,1,2022-12-16,2022-12-16,44.6,44.6,45.1,42.7,43.9,1.5695067264574054,2.0000000000000067,True,False,False,False,156684250.0,0.5494355686675592,2022
1752,南光,2022-12-19,2022-12-19,1,2022-12-20,2022-12-20,55.9,55.9,55.9,51.2,53.0,5.187835420393558,2.000000000000004,True,False,False,False,265039200.0,0.5249223511088171,2022
6741,91APP*-KY,2022-12-21,2022-12-21,1,2022-12-22,2022-12-22,112.0,112.0,122.0,108.0,120.5,-7.5892857142857135,2.000000000000008,True,False,False,False,55500000.0,0.0,2022
8436,大江,2022-12-21,2022-12-21,1,2022-12-22,2022-12-22,175.0,175.0,185.0,168.5,180.5,-3.1428571428571432,2.0,True,False,False,False,42113500.0,0.0,2022
4128,中天,2022-12-22,2022-12-22,1,2022-12-23,2022-12-23,67.0,67.0,67.8,65.4,66.8,0.2985074626865714,2.0000000000000053,True,False,False,False,68163400.0,0.5781988574513596,2022
3705,永信,2022-12-26,2022-12-26,1,2022-12-27,2022-12-27,49.55,49.55,50.3,47.8,50.3,-1.513622603430878,1.9999999999999993,True,False,False,False,219011100.0,0.7606628157202989,2022
4763,材料*-KY,2023-01-03,2023-01-03,1,2023-01-04,2023-01-04,195.5,195.5,214.0,194.0,209.5,-7.161125319693094,-7.161125319693094,False,False,False,False,89734500.0,0.0,2023
3704,合勤控,2023-01-04,2023-01-04,1,2023-01-05,2023-01-05,38.2,38.2,38.5,37.1,37.85,0.9162303664921502,2.000000000000007,True,False,False,False,104225800.0,0.0588309228617098,2023
4763,材料*-KY,2023-01-09,2023-01-09,1,2023-01-10,2023-01-10,234.0,234.0,248.0,231.0,246.0,-5.128205128205128,-5.128205128205128,False,False,False,False,63414000.0,4.174094048632794,2023
6533,晶心科,2023-01-09,2023-01-09,1,2023-01-10,2023-01-10,551.0,551.0,561.0,535.0,549.0,0.3629764065335753,1.9999999999999967,True,False,False,False,79488000.0,0.9600317028985508,2023
8996,高力,2023-01-17,2023-01-17,1,2023-01-30,2023-01-30,211.0,211.0,216.0,197.5,200.0,5.213270142180095,1.9999999999999993,True,False,False,False,92269500.0,0.0,2023
2201,裕隆,2023-01-30,2023-01-30,1,2023-01-31,2023-01-31,78.6,78.6,82.9,77.9,82.9,-5.47073791348602,-5.47073791348602,False,False,False,False,67634599.99999999,-0.0,2023
5269,祥碩,2023-01-30,2023-01-30,1,2023-01-31,2023-01-31,888.0,888.0,895.0,862.0,893.0,-0.5630630630630631,1.9999999999999991,True,False,False,False,99456000.0,0.0,2023
6788,華景電,2023-01-17,2023-01-30,2,2023-01-31,2023-01-31,130.0,130.0,133.0,125.0,131.5,-1.153846153846154,2.0000000000000067,True,False,False,False,76755000.0,1.031372549019608,2023
5258,虹堡,2023-01-31,2023-01-31,1,2023-02-01,2023-02-01,79.8,79.8,82.5,77.5,81.0,-1.503759398496244,2.0000000000000044,True,False,False,False,130790400.0,0.0,2023
4919,新唐,2023-02-01,2023-02-01,1,2023-02-02,2023-02-02,143.0,143.0,149.5,143.0,147.0,-2.797202797202797,-2.797202797202797,False,False,False,False,139586000.0,0.0,2023
3588,通嘉,2023-02-03,2023-02-03,1,2023-02-06,2023-02-06,69.9,69.9,70.5,68.9,69.0,1.2875536480686776,1.2875536480686776,False,False,False,False,87434100.0,0.9264806294111794,2023
1795,美時,2023-02-06,2023-02-06,1,2023-02-07,2023-02-07,277.5,277.5,286.5,274.0,281.0,-1.2612612612612613,-1.2612612612612613,False,False,False,False,106938500.0,1.508287473641392,2023
4763,材料*-KY,2023-02-07,2023-02-07,1,2023-02-08,2023-02-08,294.5,294.5,308.0,289.0,299.5,-1.697792869269949,-1.697792869269949,False,False,False,False,183144000.0,0.8421924824182064,2023
3443,創意,2023-02-08,2023-02-08,1,2023-02-09,2023-02-09,922.0,922.0,988.0,917.0,920.0,0.2169197396963123,0.21691973969631237,False,False,False,False,60125000.0,-0.0,2023
6138,茂達,2023-02-08,2023-02-08,1,2023-02-09,2023-02-09,162.5,162.5,168.0,159.0,160.5,1.2307692307692308,2.0,True,False,False,False,58968000.0,-0.0,2023
6472,保瑞,2023-02-07,2023-02-08,2,2023-02-09,2023-02-09,530.0,530.0,539.0,520.0,528.0,0.3773584905660377,0.37735849056603776,False,False,False,False,67392000.0,-0.0,2023
6515,穎崴,2023-02-08,2023-02-08,1,2023-02-09,2023-02-09,536.0,536.0,551.0,529.0,539.0,-0.5597014925373134,-0.5597014925373134,False,False,False,False,59438000.0,0.988441737608937,2023
3454,,2023-02-09,2023-02-09,1,2023-02-10,2023-02-10,248.5,248.5,253.0,241.0,246.5,0.8048289738430584,1.9999999999999998,True,False,False,False,187093500.0,1.075098814229249,2023
3479,安勤,2023-02-09,2023-02-09,1,2023-02-10,2023-02-10,93.6,93.6,94.3,86.8,86.8,7.264957264957263,2.0,True,False,False,False,141620500.0,-0.0,2023
6643,M31,2023-02-09,2023-02-09,1,2023-02-10,2023-02-10,623.0,623.0,644.0,579.0,595.0,4.49438202247191,2.0000000000000058,True,False,False,False,68530000.0,0.9116445352400409,2023
8234,新漢,2023-02-15,2023-02-15,1,2023-02-16,2023-02-16,39.05,39.05,39.25,38.2,39.0,0.1280409731113883,1.999999999999997,True,False,False,False,47008500.0,0.5475605475605475,2023
4164,承業醫,2023-02-17,2023-02-17,1,2023-02-20,2023-02-20,62.3,62.3,63.5,59.1,60.1,3.531300160513637,2.0000000000000036,True,False,False,False,59841000.0,0.9430641199177822,2023
3362,先進光,2023-02-21,2023-02-21,1,2023-02-22,2023-02-22,85.0,85.0,85.6,81.2,82.8,2.5882352941176507,2.0000000000000036,True,False,False,False,244807400.00000003,0.8668708543941073,2023
2707,晶華,2023-02-22,2023-02-22,1,2023-02-23,2023-02-23,303.5,303.5,315.0,296.5,309.0,-1.8121911037891267,1.9999999999999976,True,False,False,False,53010000.0,0.0,2023
3443,創意,2023-02-23,2023-02-23,1,2023-02-24,2023-02-24,1155.0,1155.0,1175.0,1120.0,1160.0,-0.4329004329004329,1.999999999999992,True,False,False,False,102580000.0,1.2778319360499122,2023
3515,華擎,2023-02-23,2023-02-23,1,2023-02-24,2023-02-24,170.0,170.0,171.0,158.0,158.5,6.764705882352941,2.0000000000000036,True,False,False,False,84000000.0,0.4528571428571428,2023
6689,伊雲谷,2023-02-24,2023-02-24,1,2023-03-01,2023-03-01,139.0,139.0,154.0,137.0,151.0,-8.633093525179856,-8.633093525179856,False,False,False,False,82754500.0,0.7481164166299114,2023
3661,世芯-KY,2023-03-01,2023-03-01,1,2023-03-02,2023-03-02,1035.0,1035.0,1050.0,999.0,1005.0,2.898550724637681,2.0000000000000044,True,False,False,False,154215000.0,0.8146094737865966,2023
4953,緯致,2023-03-03,2023-03-03,1,2023-03-06,2023-03-06,118.0,118.0,118.0,112.0,113.0,4.23728813559322,1.9999999999999993,True,False,False,False,80256000.0,0.629373504784689,2023
6556,勝品,2023-03-03,2023-03-03,1,2023-03-06,2023-03-06,194.5,194.5,194.5,182.5,185.5,4.627249357326478,2.0000000000000075,True,False,False,False,49225000.0,1.028776028440833,2023
3008,大立光,2023-03-06,2023-03-06,1,2023-03-07,2023-03-07,2445.0,2445.0,2465.0,2400.0,2440.0,0.2044989775051125,0.2044989775051125,False,False,False,False,176400000.0,0.5532879818594104,2023
3013,晟銘電,2023-03-03,2023-03-06,2,2023-03-07,2023-03-07,25.0,25.0,25.3,24.05,24.8,0.7999999999999973,2.0,True,False,False,False,149786300.00000003,0.9263597538626694,2023
1504,東元,2023-03-07,2023-03-07,1,2023-03-08,2023-03-08,34.8,34.8,35.45,34.15,34.5,0.8620689655172332,0.8620689655172332,False,False,False,False,185679000.0,0.8376068376068376,2023
2457,飛宏,2023-03-08,2023-03-08,1,2023-03-09,2023-03-09,55.1,55.1,56.7,54.5,54.8,0.5444646098003707,0.5444646098003707,False,False,False,False,85222600.0,0.0,2023
2471,資通,2023-03-08,2023-03-08,1,2023-03-09,2023-03-09,46.95,46.95,50.7,46.3,46.6,0.7454739084132085,0.7454739084132085,False,False,False,False,46600000.0,1.0,2023
3491,昇達科,2023-03-09,2023-03-09,1,2023-03-10,2023-03-10,168.5,168.5,172.0,164.0,164.0,2.6706231454005933,2.0000000000000027,True,False,False,False,80330500.0,0.9881178381810148,2023
3624,光頡,2023-03-08,2023-03-09,2,2023-03-10,2023-03-10,72.8,72.8,72.9,66.5,69.2,4.945054945054937,2.000000000000004,True,False,False,False,131037600.0,0.0,2023
6472,保瑞,2023-03-15,2023-03-15,1,2023-03-16,2023-03-16,573.0,573.0,585.0,562.0,564.0,1.5706806282722512,1.5706806282722512,False,False,False,False,144144000.0,0.7747252747252747,2023
3661,世芯-KY,2023-03-16,2023-03-16,1,2023-03-17,2023-03-17,1180.0,1180.0,1235.0,1150.0,1205.0,-2.11864406779661,1.9999999999999925,True,False,False,False,398250000.0,1.2375266792215944,2023
9955,佳龍,2023-03-16,2023-03-16,1,2023-03-17,2023-03-17,26.4,26.4,26.4,24.35,25.3,4.166666666666659,1.9999999999999951,True,False,False,False,47320200.0,0.7848741129581025,2023
3217,優群,2023-03-22,2023-03-22,1,2023-03-23,2023-03-23,114.5,114.5,115.0,110.0,113.0,1.310043668122271,2.0000000000000058,True,False,False,False,81925000.0,1.102068965517241,2023
3479,安勤,2023-03-22,2023-03-22,1,2023-03-23,2023-03-23,98.0,98.0,99.4,92.2,95.1,2.959183673469393,2.000000000000008,True,False,False,False,191187000.0,0.0,2023
6143,振曜,2023-03-22,2023-03-22,1,2023-03-23,2023-03-23,99.6,99.6,101.0,97.6,100.0,-0.4016064257028169,2.0000000000000044,True,False,False,False,82179200.0,1.02824072271329,2023
6472,保瑞,2023-03-22,2023-03-23,2,2023-03-24,2023-03-24,695.0,695.0,703.0,656.0,700.0,-0.7194244604316548,1.9999999999999967,True,False,False,False,59500000.0,0.8117647058823529,2023
6472,保瑞,2023-03-29,2023-03-29,1,2023-03-30,2023-03-30,781.0,781.0,839.0,756.0,756.0,3.201024327784891,2.000000000000001,True,False,False,False,88008000.0,0.9535042268884648,2023
6285,啟碁,2023-03-30,2023-03-30,1,2023-03-31,2023-03-31,103.5,103.5,104.5,100.0,103.5,0.0,2.000000000000007,True,False,False,False,296010000.0,0.0,2023
2364,倫飛,2023-04-06,2023-04-06,1,2023-04-07,2023-04-07,114.0,114.0,118.0,108.0,108.0,5.263157894736842,2.000000000000001,True,False,False,False,93637500.0,0.8419703644373248,2023
6461,益得,2023-04-06,2023-04-07,2,2023-04-10,2023-04-10,36.45,36.45,36.75,35.0,35.2,3.4293552812071324,1.9999999999999976,True,False,False,False,44919000.0,0.4020036064916851,2023
6753,龍德造船,2023-04-12,2023-04-12,1,2023-04-13,2023-04-13,137.5,137.5,146.5,137.5,140.0,-1.818181818181818,-1.8181818181818181,False,False,False,False,123080000.0,0.9805004874878128,2023
2359,所羅門,2023-04-14,2023-04-14,1,2023-04-17,2023-04-17,36.75,36.75,36.75,35.15,35.45,3.5374149659863865,1.9999999999999982,True,False,False,False,55812200.0,0.9902234636871508,2023
2731,雄獅,2023-04-13,2023-04-14,2,2023-04-17,2023-04-17,191.5,191.5,192.0,180.5,180.5,5.7441253263707575,2.0000000000000067,True,False,False,False,66588000.0,-0.0,2023
6235,華孚,2023-04-14,2023-04-14,1,2023-04-17,2023-04-17,96.1,96.1,101.5,95.8,97.8,-1.768990634755466,-1.768990634755466,False,False,False,False,143678600.0,1.0257936811745103,2023
2457,飛宏,2023-04-17,2023-04-17,1,2023-04-18,2023-04-18,76.6,76.6,79.3,75.9,76.4,0.2610966057441105,0.2610966057441105,False,False,False,False,79011900.00000001,1.429141686252324,2023
3046,建碁,2023-04-17,2023-04-17,1,2023-04-18,2023-04-18,81.0,81.0,83.5,76.6,77.2,4.691358024691355,2.0000000000000058,True,False,False,False,89596500.0,0.9710691823899372,2023
2314,台揚,2023-04-18,2023-04-18,1,2023-04-19,2023-04-19,51.2,51.2,53.0,49.35,51.8,-1.171874999999989,2.0000000000000018,True,False,False,False,136079300.00000003,0.6798594642976556,2023
3004,豐達科,2023-04-17,2023-04-18,2,2023-04-19,2023-04-19,114.0,114.0,124.0,112.5,121.5,-6.578947368421052,-6.578947368421052,False,False,False,False,281841000.0,0.0,2023
3363,上詮,2023-04-18,2023-04-18,1,2023-04-19,2023-04-19,36.2,36.2,36.85,34.7,34.7,4.143646408839778,2.00000000000001,True,False,False,False,100889400.0,0.8168598485073753,2023
8222,寶一,2023-04-17,2023-04-18,2,2023-04-19,2023-04-19,58.3,58.3,58.5,55.3,58.4,-0.1715265866209286,2.000000000000007,True,False,False,False,58128700.0,0.6610710371984924,2023
2031,新光鋼,2023-04-21,2023-04-21,1,2023-04-24,2023-04-24,53.0,53.0,53.5,49.8,49.8,6.0377358490566095,2.000000000000004,True,False,False,False,83348000.0,-0.0,2023
1503,士電,2023-04-24,2023-04-24,1,2023-04-25,2023-04-25,104.0,104.0,104.5,92.2,94.0,9.615384615384617,1.9999999999999982,True,False,False,False,117638500.0,-0.0,2023
8222,寶一,2023-04-27,2023-04-27,1,2023-04-28,2023-04-28,65.3,65.3,68.7,63.4,64.1,1.8376722817764208,2.000000000000007,True,False,False,False,115250000.0,1.0256,2023
3479,安勤,2023-04-28,2023-04-28,1,2023-05-02,2023-05-02,111.5,111.5,114.0,109.0,112.5,-0.8968609865470852,2.0000000000000036,True,False,False,False,97458000.0,0.9557963430400788,2023
6111,光聚晶電,2023-04-28,2023-04-28,1,2023-05-02,2023-05-02,75.0,75.0,79.9,75.0,76.2,-1.600000000000004,-1.6000000000000039,False,False,False,False,51465000.0,1.0438356164383562,2023
8069,元太,2023-04-28,2023-04-28,1,2023-05-02,2023-05-02,192.0,192.0,198.0,187.0,197.5,-2.864583333333333,2.0000000000000018,True,False,False,False,91440000.0,0.0,2023
1503,士電,2023-05-02,2023-05-02,1,2023-05-03,2023-05-03,109.5,109.5,116.0,107.0,113.5,-3.65296803652968,1.999999999999998,True,False,False,False,111052500.0,0.9995542648747214,2023
3443,創意,2023-05-02,2023-05-02,1,2023-05-03,2023-05-03,1085.0,1085.0,1115.0,1070.0,1080.0,0.4608294930875576,0.4608294930875576,False,False,False,False,129210000.0,0.0,2023
4763,材料*-KY,2023-04-28,2023-05-02,2,2023-05-03,2023-05-03,520.0,520.0,530.0,509.0,530.0,-1.9230769230769231,2.0000000000000067,True,False,False,False,173343500.0,0.0,2023
4968,立積,2023-05-02,2023-05-02,1,2023-05-03,2023-05-03,188.0,188.0,190.5,175.0,177.0,5.851063829787234,1.9999999999999951,True,False,False,False,50062500.0,1.7218277153558053,2023
6167,久正,2023-04-28,2023-05-02,2,2023-05-03,2023-05-03,20.15,20.15,20.35,19.25,19.45,3.473945409429277,1.9999999999999938,True,False,False,False,123727850.0,0.7820692754299052,2023
6689,伊雲谷,2023-05-02,2023-05-02,1,2023-05-03,2023-05-03,152.0,152.0,153.0,140.5,140.5,7.565789473684211,1.999999999999995,True,False,False,False,72022500.0,0.3335832552327398,2023
3483,力致,2023-05-08,2023-05-08,1,2023-05-09,2023-05-09,80.0,80.0,80.9,76.3,79.1,1.125000000000007,1.9999999999999927,True,False,False,False,192322400.0,0.9739312737361848,2023
6179,亞通,2023-05-08,2023-05-08,1,2023-05-09,2023-05-09,36.2,36.2,37.9,35.05,35.2,2.7624309392265194,2.00000000000001,True,False,False,False,49240400.0,0.2537753551961398,2023
8038,長園科,2023-05-10,2023-05-10,1,2023-05-11,2023-05-11,59.2,59.2,61.8,57.2,59.1,0.1689189189189213,2.0000000000000075,True,False,False,False,88029400.0,0.9311854903021036,2023
2371,大同,2023-05-12,2023-05-12,1,2023-05-15,2023-05-15,37.5,37.5,39.45,37.35,38.0,-1.3333333333333337,-1.3333333333333335,False,False,False,False,291420800.0,0.679622044823156,2023
2382,廣達,2023-05-12,2023-05-12,1,2023-05-15,2023-05-15,102.0,102.0,102.0,96.6,97.6,4.313725490196084,2.000000000000006,True,False,False,False,214571000.0,0.6181562280084447,2023
5258,虹堡,2023-05-12,2023-05-12,1,2023-05-15,2023-05-15,88.8,88.8,89.4,84.8,86.5,2.590090090090087,1.9999999999999958,True,False,False,False,149352000.0,0.8374779045476458,2023
1519,華城,2023-05-18,2023-05-18,1,2023-05-19,2023-05-19,120.0,120.0,127.5,117.5,123.5,-2.9166666666666665,2.000000000000005,True,False,False,False,47000000.0,-0.0,2023
1795,美時,2023-05-17,2023-05-18,2,2023-05-19,2023-05-19,344.0,344.0,349.5,325.0,343.5,0.1453488372093023,1.9999999999999987,True,False,False,False,137054500.0,0.2506302237431095,2023
3029,零壹,2023-05-18,2023-05-18,1,2023-05-19,2023-05-19,71.0,71.0,71.6,61.7,62.3,12.253521126760567,2.0000000000000027,True,False,False,False,88981500.0,0.9101891966307604,2023
3363,上詮,2023-05-18,2023-05-18,1,2023-05-19,2023-05-19,42.05,42.05,42.9,39.8,40.75,3.091557669441135,2.0000000000000027,True,False,False,False,207630900.0,0.2930187655112991,2023
6235,華孚,2023-05-17,2023-05-18,2,2023-05-19,2023-05-19,120.0,120.0,120.5,110.5,113.0,5.833333333333333,2.000000000000005,True,False,False,False,391512000.0,0.4104242015570404,2023
2368,金像電,2023-05-19,2023-05-19,1,2023-05-22,2023-05-22,115.0,115.0,118.5,112.0,113.5,1.3043478260869563,1.9999999999999976,True,False,False,False,62538500.0,3.353901996370236,2023
3443,創意,2023-05-19,2023-05-19,1,2023-05-22,2023-05-22,1310.0,1310.0,1315.0,1260.0,1275.0,2.6717557251908395,2.0000000000000036,True,False,False,False,864000000.0,0.5415798611111111,2023
5243,乙盛-KY,2023-05-19,2023-05-19,1,2023-05-22,2023-05-22,80.0,80.0,84.8,77.7,82.5,-3.125,1.9999999999999927,True,False,False,False,240791000.0,0.4991984750260599,2023
2748,雲品,2023-05-24,2023-05-24,1,2023-05-25,2023-05-25,101.5,101.5,102.0,93.5,93.8,7.586206896551727,2.000000000000001,True,False,False,False,68106500.0,0.5082069993319287,2023
3231,緯創,2023-05-25,2023-05-25,1,2023-05-26,2023-05-26,62.6,62.6,67.8,62.3,65.0,-3.833865814696484,-3.8338658146964835,False,False,False,False,74903800.0,0.0,2023
4564,元翎,2023-05-25,2023-05-25,1,2023-05-26,2023-05-26,32.6,32.6,33.1,29.5,30.3,7.055214723926382,2.000000000000003,True,False,False,False,82474000.0,0.7505747265804981,2023
5274,信驊,2023-05-26,2023-05-26,1,2023-05-29,2023-05-29,3160.0,3160.0,3270.0,3105.0,3105.0,1.740506329113924,1.740506329113924,False,False,False,False,60700000.0,1.1765238879736408,2023
5289,宜鼎,2023-05-26,2023-05-26,1,2023-05-29,2023-05-29,340.0,340.0,348.5,319.0,326.0,4.117647058823529,2.0000000000000036,True,False,False,False,370185000.0,0.9334792063427746,2023
6515,穎崴,2023-05-25,2023-05-26,2,2023-05-29,2023-05-29,860.0,860.0,868.0,824.0,830.0,3.488372093023256,2.0000000000000053,True,False,False,False,195296000.0,0.7139931181386203,2023
3013,晟銘電,2023-05-29,2023-05-29,1,2023-05-30,2023-05-30,25.45,25.45,27.35,25.15,26.6,-4.518664047151286,-4.518664047151286,False,False,False,False,153900000.0,1.037037037037037,2023
3661,世芯-KY,2023-05-29,2023-05-29,1,2023-05-30,2023-05-30,1680.0,1680.0,1700.0,1640.0,1685.0,-0.2976190476190476,2.000000000000008,True,False,False,False,94620000.0,0.0,2023
8210,勤誠,2023-05-30,2023-05-30,1,2023-05-31,2023-05-31,114.0,114.0,118.5,111.5,116.0,-1.7543859649122806,2.000000000000001,True,False,False,False,55722000.0,1.0263091777036,2023
3260,威剛,2023-05-31,2023-05-31,1,2023-06-01,2023-06-01,89.1,89.1,89.2,84.7,85.6,3.928170594837262,1.9999999999999962,True,False,False,False,54830200.0,-0.0,2023
4564,元翎,2023-05-31,2023-05-31,1,2023-06-01,2023-06-01,32.45,32.45,34.1,31.7,32.45,0.0,2.0000000000000027,True,False,False,False,195255500.0,0.9300132390636884,2023
5706,鳳凰,2023-05-31,2023-05-31,1,2023-06-01,2023-06-01,101.0,101.0,108.0,101.0,102.0,-0.99009900990099,-0.9900990099009901,False,False,False,False,206425300.0,0.8800374760264367,2023
1905,華紙,2023-06-01,2023-06-01,1,2023-06-02,2023-06-02,28.7,28.7,29.25,27.75,28.15,1.916376306620212,2.0000000000000058,True,False,False,False,301739850.0,0.9095997760985166,2023
2206,三陽工業,2023-06-02,2023-06-02,1,2023-06-05,2023-06-05,90.5,90.5,91.5,89.5,90.2,0.3314917127071792,0.3314917127071792,False,False,False,False,56648299.99999999,0.5079375727073894,2023
6160,欣技,2023-06-02,2023-06-02,1,2023-06-05,2023-06-05,41.4,41.4,41.6,38.0,38.0,8.212560386473426,2.000000000000007,True,False,False,False,41989350.0,0.6868884610026114,2023
6282,康舒,2023-06-02,2023-06-02,1,2023-06-05,2023-06-05,50.4,50.4,52.6,50.0,51.2,-1.587301587301596,-1.5873015873015959,False,False,False,False,394612600.00000006,0.0,2023
2402,毅嘉,2023-06-02,2023-06-05,2,2023-06-06,2023-06-06,35.95,35.95,35.95,31.95,31.95,11.126564673157173,2.000000000000003,True,False,False,False,163217500.0,0.9370603642379034,2023
4931,新盛力,2023-06-05,2023-06-05,1,2023-06-06,2023-06-06,52.5,52.5,52.7,48.55,48.55,7.52380952380953,2.000000000000008,True,False,False,False,166215000.0,0.8044201786842342,2023
1609,大亞,2023-06-07,2023-06-07,1,2023-06-08,2023-06-08,40.6,40.6,41.3,39.5,40.5,0.2463054187192153,1.9999999999999942,True,False,False,False,158328800.00000003,0.9702372531087204,2023
8446,華研,2023-06-08,2023-06-08,1,2023-06-09,2023-06-09,136.0,136.0,141.5,131.0,137.5,-1.1029411764705883,1.9999999999999991,True,False,False,False,129387000.0,0.0,2023
6148,驊宏資,2023-06-09,2023-06-12,2,2023-06-13,2023-06-13,43.85,43.85,44.45,41.15,41.5,5.359179019384268,2.0000000000000058,True,False,False,False,72541800.0,0.5406193394704846,2023
6196,帆宣,2023-06-12,2023-06-12,1,2023-06-13,2023-06-13,153.5,153.5,156.5,145.0,148.5,3.257328990228013,1.9999999999999956,True,False,False,False,271800000.0,0.8091556291390728,2023
2356,英業達,2023-06-13,2023-06-13,1,2023-06-14,2023-06-14,41.0,41.0,44.45,40.6,42.95,-4.756097560975617,-4.756097560975617,False,False,False,False,45999800.0,0.0,2023
2610,華航,2023-06-15,2023-06-15,1,2023-06-16,2023-06-16,27.8,27.8,28.75,27.1,27.6,0.7194244604316521,2.000000000000003,True,False,False,False,413709500.0,1.405452860038264,2023
3706,神達,2023-06-15,2023-06-15,1,2023-06-16,2023-06-16,37.0,37.0,38.15,36.3,36.45,1.4864864864864789,1.4864864864864789,False,False,False,False,179448600.0,1.0934069700181557,2023
1513,中興電,2023-06-16,2023-06-16,1,2023-06-19,2023-06-19,129.5,129.5,134.0,126.0,128.5,0.7722007722007722,2.0000000000000027,True,False,False,False,332032000.0,1.2968734941210485,2023
2634,漢翔,2023-06-19,2023-06-19,1,2023-06-20,2023-06-20,65.3,65.3,66.0,63.4,65.0,0.4594180704440998,2.000000000000007,True,False,False,False,264162600.0,0.4165805454670722,2023
6415,矽力*-KY,2023-06-19,2023-06-19,1,2023-06-20,2023-06-20,388.0,388.0,392.0,370.5,381.5,1.675257731958763,1.9999999999999976,True,False,False,True,54140500.0,0.2184409083772776,2023
4916,事欣科,2023-06-19,2023-06-20,2,2023-06-21,2023-06-21,46.6,46.6,49.2,45.5,47.75,-2.46781115879828,2.0000000000000044,True,False,False,False,43824599.99999999,1.3902922103111044,2023
5704,老爺知,2023-06-19,2023-06-20,2,2023-06-21,2023-06-26,86.2,77.0,83.1,76.3,77.4,-0.5194805194805269,-0.5194805194805269,False,False,True,False,121755200.0,0.9738803763617488,2023
6120,達運,2023-06-20,2023-06-20,1,2023-06-21,2023-06-21,16.3,16.3,16.7,15.6,15.85,2.7607361963190247,2.000000000000003,True,False,False,False,136015850.0,0.6800722121723313,2023
6125,廣運,2023-06-19,2023-06-21,3,2023-06-26,2023-06-26,64.3,64.3,67.2,64.0,65.3,-1.5552099533437014,-1.5552099533437014,False,False,False,False,279844500.0,0.7868355461693904,2023
2340,台亞,2023-06-21,2023-06-26,2,2023-06-27,2023-06-27,48.65,48.65,48.65,44.3,44.8,7.913669064748205,1.999999999999998,True,False,False,False,146781800.00000003,0.864673958215528,2023
2462,良得電,2023-06-28,2023-06-28,1,2023-06-29,2023-06-29,37.45,37.45,37.45,34.75,35.85,4.272363150867827,2.0000000000000058,True,False,False,False,70713500.0,0.1728785875398615,2023
4526,東台,2023-06-28,2023-06-28,1,2023-06-29,2023-06-29,21.2,21.2,21.35,19.55,19.6,7.547169811320745,1.9999999999999976,True,False,False,False,56910700.0,0.6991303920000984,2023
6153,嘉聯益,2023-06-29,2023-06-29,1,2023-06-30,2023-06-30,27.0,27.0,27.2,26.4,26.7,1.1111111111111138,1.999999999999997,True,False,False,False,90416200.0,1.0099296365031931,2023
6669,緯穎,2023-06-29,2023-06-30,2,2023-07-03,2023-07-03,1465.0,1465.0,1560.0,1440.0,1495.0,-2.04778156996587,-2.04778156996587,False,False,False,False,565570000.0,0.5524603497356649,2023
2301,光寶科,2023-07-03,2023-07-03,1,2023-07-04,2023-07-04,115.5,115.5,121.0,114.0,119.0,-3.0303030303030303,-3.0303030303030303,False,False,False,False,87849000.0,0.0,2023
2421,建準,2023-07-03,2023-07-03,1,2023-07-04,2023-07-04,103.0,103.0,110.0,98.5,108.0,-4.854368932038835,2.000000000000002,True,False,False,False,201348000.0,0.0,2023
8210,勤誠,2023-06-30,2023-07-03,2,2023-07-04,2023-07-04,190.0,190.0,191.0,180.5,187.5,1.3157894736842104,2.0000000000000058,True,False,False,False,46947000.0,-0.0,2023
2369,菱生,2023-07-04,2023-07-04,1,2023-07-05,2023-07-05,18.3,18.3,18.65,17.45,18.0,1.6393442622950858,1.999999999999998,True,False,False,False,49409149.99999999,1.053205732136659,2023
2376,技嘉,2023-07-04,2023-07-04,1,2023-07-05,2023-07-05,270.0,270.0,272.0,254.0,265.0,1.851851851851852,1.9999999999999918,True,False,False,False,77935000.0,0.0,2023
3035,智原,2023-07-04,2023-07-04,1,2023-07-05,2023-07-05,255.0,255.0,263.5,244.0,255.5,-0.196078431372549,1.9999999999999976,True,False,False,False,94188000.0,2.2108177262496285,2023
3374,精材,2023-07-04,2023-07-04,1,2023-07-05,2023-07-05,146.5,146.5,148.5,139.5,140.0,4.436860068259386,2.0000000000000044,True,False,False,False,199843500.0,0.814737532118883,2023
4979,華星光,2023-07-03,2023-07-04,2,2023-07-05,2023-07-05,128.0,128.0,131.0,123.0,125.5,1.953125,2.0000000000000018,True,False,False,False,48252500.0,0.0,2023
3013,晟銘電,2023-06-30,2023-07-05,4,2023-07-06,2023-07-06,42.15,42.15,45.45,40.8,44.25,-4.982206405693954,2.0000000000000084,True,False,False,False,108650700.0,1.6461789937846696,2023
4763,材料*-KY,2023-07-05,2023-07-05,1,2023-07-06,2023-07-06,651.0,651.0,666.0,636.0,660.0,-1.3824884792626728,1.9999999999999973,True,False,False,False,49973000.0,0.8584635703279772,2023
3515,華擎,2023-07-11,2023-07-11,1,2023-07-12,2023-07-12,255.0,255.0,263.0,250.0,257.0,-0.7843137254901961,-0.7843137254901961,False,False,False,False,63500000.0,0.4573385826771654,2023
5258,虹堡,2023-07-11,2023-07-11,1,2023-07-12,2023-07-12,122.0,122.0,124.0,114.0,116.0,4.918032786885246,1.9999999999999982,True,False,False,False,306614000.0,0.6586652925176281,2023
2376,技嘉,2023-07-12,2023-07-12,1,2023-07-13,2023-07-13,312.0,312.0,333.0,290.5,295.5,5.288461538461538,2.0000000000000027,True,False,False,False,224656000.0,1.375850188732996,2023
3231,緯創,2023-07-11,2023-07-12,2,2023-07-13,2023-07-13,130.0,130.0,136.0,128.5,132.0,-1.5384615384615383,-1.5384615384615385,False,False,False,False,448271000.0,0.7081876811125413,2023
3363,上詮,2023-07-13,2023-07-13,1,2023-07-14,2023-07-14,61.5,61.5,63.4,59.0,61.8,-0.4878048780487758,2.0000000000000067,True,False,False,False,116145200.0,1.4983727265526254,2023
2388,威盛,2023-07-11,2023-07-14,4,2023-07-17,2023-07-17,125.5,125.5,137.0,119.5,130.0,-3.5856573705179287,2.000000000000004,True,False,False,False,117767000.0,0.0,2023
3035,智原,2023-07-14,2023-07-14,1,2023-07-17,2023-07-17,305.0,305.0,324.5,303.0,319.0,-4.590163934426229,-4.590163934426229,False,False,False,False,197060000.0,0.0,2023
3540,曜越,2023-07-14,2023-07-14,1,2023-07-17,2023-07-17,59.1,59.1,63.5,57.2,59.6,-0.8460236886632826,2.0000000000000036,True,False,False,False,115658700.0,0.3385581888781389,2023
3583,辛耘,2023-07-14,2023-07-14,1,2023-07-17,2023-07-17,182.0,182.0,197.5,181.5,186.5,-2.4725274725274726,-2.4725274725274726,False,False,False,False,114076000.0,0.840325747747116,2023
8936,國統,2023-07-14,2023-07-14,1,2023-07-17,2023-07-17,40.0,40.0,40.6,38.9,39.8,0.5000000000000071,1.9999999999999927,True,False,False,False,167993099.99999997,0.6444074191142375,2023
1514,亞力,2023-07-17,2023-07-17,1,2023-07-18,2023-07-18,74.8,74.8,74.8,62.1,62.4,16.577540106951872,1.9999999999999933,True,False,False,False,315562000.0,0.9050671500370768,2023
2324,仁寶,2023-07-17,2023-07-17,1,2023-07-18,2023-07-18,36.6,36.6,36.9,33.7,34.45,5.874316939890707,1.999999999999998,True,False,False,False,47003549.99999999,-0.0,2023
2356,英業達,2023-07-14,2023-07-17,2,2023-07-18,2023-07-18,65.0,65.0,67.4,61.3,65.5,-0.7692307692307693,2.0000000000000067,True,False,False,False,399885800.0,0.8992442342288723,2023
3706,神達,2023-07-12,2023-07-17,4,2023-07-18,2023-07-19,57.4,52.4,54.8,50.0,51.1,2.480916030534346,2.0000000000000036,True,False,True,False,55072300.0,-0.0,2023
4938,和碩,2023-07-17,2023-07-17,1,2023-07-18,2023-07-19,90.0,84.1,84.5,76.4,76.8,8.680142687277048,2.0000000000000027,True,False,True,False,145372500.0,1.342010352714578,2023
5469,瀚宇博,2023-07-17,2023-07-17,1,2023-07-18,2023-07-18,55.3,55.3,55.6,49.0,50.2,9.22242314647377,2.000000000000003,True,False,False,False,135836800.0,0.9057943061085068,2023
6188,廣明,2023-07-14,2023-07-17,2,2023-07-18,2023-07-18,108.0,108.0,112.0,95.6,98.8,8.51851851851852,1.999999999999997,True,False,False,False,200224200.0,0.8689598959566326,2023
1529,樂事綠能,2023-07-17,2023-07-18,2,2023-07-19,2023-07-19,48.4,48.4,48.4,44.4,44.4,8.264462809917356,2.000000000000007,True,False,False,False,67275000.0,0.9893065774804904,2023
2421,建準,2023-07-18,2023-07-18,1,2023-07-19,2023-07-19,115.0,115.0,119.5,107.5,114.0,0.8695652173913043,1.9999999999999976,True,False,False,False,180450000.0,0.8623441396508729,2023
3037,欣興,2023-07-18,2023-07-18,1,2023-07-19,2023-07-19,206.0,206.0,208.0,197.0,203.0,1.4563106796116505,2.000000000000002,True,False,False,False,386800000.0,0.0,2023
2059,川湖,2023-07-18,2023-07-19,2,2023-07-20,2023-07-20,954.0,954.0,999.0,921.0,947.0,0.7337526205450734,2.000000000000004,True,False,False,False,161387000.0,0.844975121911926,2023
6274,台燿,2023-07-20,2023-07-20,1,2023-07-21,2023-07-21,113.5,113.5,118.5,112.0,116.5,-2.643171806167401,-2.643171806167401,False,False,False,False,160686000.0,0.0,2023
2388,威盛,2023-07-21,2023-07-21,1,2023-07-24,2023-07-24,150.0,150.0,152.5,143.5,151.0,-0.6666666666666667,2.0,True,False,False,False,104692500.0,0.7370250973087853,2023
2461,光群雷,2023-07-21,2023-07-21,1,2023-07-24,2023-07-24,29.05,29.05,29.45,27.1,27.15,6.540447504302933,1.9999999999999982,True,False,False,False,157302000.0,0.7816960369226074,2023
3017,奇鋐,2023-07-21,2023-07-21,1,2023-07-24,2023-07-24,344.0,344.0,358.5,336.0,344.0,0.0,1.9999999999999987,True,False,False,False,286116000.0,0.8716744257573851,2023
3035,智原,2023-07-21,2023-07-21,1,2023-07-24,2023-07-24,389.5,389.5,403.0,371.5,377.5,3.080872913992298,2.0000000000000053,True,False,False,False,393162000.0,1.343269441095528,2023
3338,泰碩,2023-07-20,2023-07-21,2,2023-07-24,2023-07-24,77.3,77.3,77.3,72.7,76.1,1.5523932729624874,2.0000000000000084,True,False,False,False,61411900.0,1.4089402868173757,2023
3483,力致,2023-07-21,2023-07-21,1,2023-07-24,2023-07-24,164.5,164.5,166.5,148.0,158.0,3.951367781155015,1.9999999999999951,True,False,False,False,79234500.0,0.0,2023
2376,技嘉,2023-07-24,2023-07-24,1,2023-07-25,2023-07-25,360.0,360.0,382.5,348.0,352.5,2.083333333333333,1.999999999999997,True,False,False,False,183985500.0,0.9771150443920852,2023
2382,廣達,2023-07-24,2023-07-24,1,2023-07-25,2023-07-25,255.0,255.0,266.5,246.5,248.5,2.549019607843137,1.9999999999999976,True,False,False,False,367034500.0,2.888287068381855,2023
2383,台光電,2023-07-24,2023-07-24,1,2023-07-25,2023-07-25,356.0,356.0,363.5,347.0,354.5,0.4213483146067415,2.0000000000000013,True,False,False,False,51336000.0,-0.0,2023
3227,原相,2023-07-24,2023-07-24,1,2023-07-25,2023-07-25,139.0,139.0,141.5,125.5,125.5,9.712230215827338,2.000000000000001,True,False,False,False,222009000.0,0.8846826029575378,2023
3324,雙鴻,2023-07-24,2023-07-24,1,2023-07-25,2023-07-25,337.0,337.0,339.5,305.0,305.0,9.495548961424332,2.0000000000000027,True,False,False,False,230854000.0,-0.0,2023
6796,晉弘,2023-07-24,2023-07-24,1,2023-07-25,2023-07-25,150.0,150.0,152.0,140.5,143.0,4.666666666666667,2.0,True,False,False,False,82407500.0,1.032490974729242,2023
8210,勤誠,2023-07-24,2023-07-24,1,2023-07-25,2023-07-25,249.0,249.0,249.0,234.0,236.0,5.220883534136546,2.000000000000007,True,False,False,False,85808000.0,0.1705202312138728,2023
1504,東元,2023-07-25,2023-07-25,1,2023-07-26,2023-07-26,60.0,60.0,63.5,54.6,55.0,8.333333333333332,2.000000000000005,True,False,False,False,112631000.0,0.819889728405146,2023
1903,士紙,2023-07-21,2023-07-25,3,2023-07-26,2023-07-26,74.3,74.3,74.4,66.5,68.2,8.209959623149388,2.0000000000000058,True,False,False,False,140048800.0,0.3735083770799892,2023
2377,微星,2023-07-25,2023-07-25,1,2023-07-26,2023-07-26,216.0,216.0,216.5,200.0,203.5,5.787037037037037,1.999999999999997,True,False,False,False,310170000.0,1.103546442273592,2023
6188,廣明,2023-07-24,2023-07-25,2,2023-07-26,2023-07-26,123.0,123.0,123.5,112.5,117.5,4.471544715447155,2.0000000000000067,True,False,False,False,69038000.0,1.0722355804049943,2023
6213,聯茂,2023-07-25,2023-07-25,1,2023-07-26,2023-07-26,89.0,89.0,90.0,81.0,82.2,7.640449438202243,2.0000000000000013,True,False,False,False,228923500.00000003,0.975957470508707,2023
6274,台燿,2023-07-25,2023-07-25,1,2023-07-26,2023-07-26,132.5,132.5,141.0,125.5,127.0,4.150943396226415,2.000000000000004,True,False,False,False,86832000.0,0.0,2023
6841,長佳智能,2023-07-25,2023-07-25,1,2023-07-26,2023-07-26,143.5,143.5,148.5,129.5,129.5,9.75609756097561,2.000000000000003,True,False,False,False,104755000.0,0.899966588706983,2023
8234,新漢,2023-07-25,2023-07-25,1,2023-07-26,2023-07-26,70.5,70.5,70.5,64.2,67.0,4.964539007092199,1.9999999999999951,True,False,False,False,137972800.00000003,0.6104029199958251,2023
3131,弘塑,2023-07-26,2023-07-26,1,2023-07-27,2023-07-27,612.0,612.0,640.0,595.0,595.0,2.7777777777777777,2.0000000000000013,True,False,False,False,198594000.0,0.913799007019346,2023
6752,叡揚,2023-07-26,2023-07-26,1,2023-07-27,2023-07-27,185.0,185.0,188.0,168.5,171.0,7.567567567567568,2.000000000000009,True,False,False,False,82537500.0,0.8204270786006361,2023
8478,東哥遊艇,2023-07-26,2023-07-26,1,2023-07-27,2023-07-27,655.0,655.0,660.0,585.0,590.0,9.923664122137405,2.0000000000000036,True,False,False,False,194700000.0,0.8878787878787879,2023
3014,聯陽,2023-07-27,2023-07-27,1,2023-07-28,2023-07-28,144.0,144.0,158.0,143.0,158.0,-9.722222222222223,-9.722222222222223,False,False,False,False,394054000.0,0.0,2023
6148,驊宏資,2023-07-26,2023-07-27,2,2023-07-28,2023-07-28,47.5,47.5,47.5,42.2,42.7,10.105263157894733,2.0000000000000058,True,False,False,False,94064500.0,0.583771773623418,2023
6412,群電,2023-07-26,2023-07-27,2,2023-07-28,2023-07-28,118.0,118.0,118.0,100.0,104.0,11.864406779661016,1.9999999999999993,True,False,False,False,151163000.0,0.304095578944583,2023
2301,光寶科,2023-07-28,2023-07-28,1,2023-07-31,2023-07-31,170.0,170.0,174.5,145.0,150.5,11.470588235294118,2.0000000000000036,True,False,False,False,687285500.0,0.5577354680114741,2023
3131,弘塑,2023-07-28,2023-07-28,1,2023-07-31,2023-07-31,654.0,654.0,714.0,654.0,662.0,-1.2232415902140672,-1.2232415902140672,False,False,False,False,216474000.0,0.8318042813455657,2023
6531,愛普*,2023-07-27,2023-07-28,2,2023-07-31,2023-07-31,391.0,391.0,401.0,360.0,381.5,2.429667519181585,1.9999999999999982,True,False,False,False,286764000.0,0.7928959004617037,2023
3596,智易,2023-07-31,2023-07-31,1,2023-08-01,2023-08-01,139.5,139.5,139.5,130.5,130.5,6.451612903225806,1.9999999999999942,True,False,False,False,309720000.0,0.8089887640449438,2023
5388,中磊,2023-07-31,2023-07-31,1,2023-08-01,2023-08-01,125.0,125.0,127.0,113.5,116.0,7.199999999999999,2.0,True,False,False,False,103944000.0,1.1059416608943278,2023
4746,台耀,2023-08-01,2023-08-01,1,2023-08-02,2023-08-02,108.5,108.5,121.0,106.0,108.0,0.4608294930875576,2.0000000000000013,True,False,False,False,169926000.0,0.8897990890152184,2023
2356,英業達,2023-08-07,2023-08-07,1,2023-08-08,2023-08-08,63.0,63.0,64.9,60.2,60.9,3.3333333333333357,1.999999999999997,True,False,False,False,233316600.0,0.8835483630397495,2023
2382,廣達,2023-08-07,2023-08-07,1,2023-08-08,2023-08-08,241.0,241.0,249.0,233.5,240.0,0.4149377593360996,1.9999999999999973,True,False,False,False,854502000.0,0.4493845538102895,2023
2383,台光電,2023-08-07,2023-08-07,1,2023-08-08,2023-08-08,440.5,440.5,452.0,430.5,440.5,0.0,2.0000000000000004,True,False,False,False,190520000.0,0.9410219399538108,2023
3163,波若威,2023-08-07,2023-08-07,1,2023-08-08,2023-08-08,92.7,92.7,96.1,91.1,94.9,-2.3732470334412112,-2.3732470334412112,False,False,False,False,55601200.0,1.756294828169176,2023
3231,緯創,2023-08-07,2023-08-07,1,2023-08-08,2023-08-08,130.0,130.0,134.5,125.5,129.0,0.7692307692307693,2.0000000000000067,True,False,False,False,91125000.0,2.2692674897119343,2023
3324,雙鴻,2023-08-07,2023-08-07,1,2023-08-08,2023-08-08,300.0,300.0,317.0,294.5,311.5,-3.833333333333333,-3.833333333333333,False,False,False,False,147407000.0,0.7670904366821114,2023
6274,台燿,2023-08-07,2023-08-07,1,2023-08-08,2023-08-08,131.5,131.5,133.5,124.0,128.5,2.281368821292776,1.9999999999999967,True,False,False,False,48024000.0,0.0,2023
3483,力致,2023-08-09,2023-08-09,1,2023-08-10,2023-08-10,158.0,158.0,165.0,145.5,162.5,-2.848101265822785,1.999999999999998,True,False,False,False,56722000.0,4.174085892598992,2023
3035,智原,2023-08-15,2023-08-15,1,2023-08-16,2023-08-16,333.5,333.5,346.0,325.0,341.0,-2.2488755622188905,2.000000000000005,True,False,False,False,63794000.0,-0.0,2023
2421,建準,2023-08-16,2023-08-16,1,2023-08-17,2023-08-17,143.5,143.5,153.0,142.5,147.5,-2.787456445993032,-2.7874564459930316,False,False,False,False,290157000.0,0.542404629217975,2023
3231,緯創,2023-08-16,2023-08-16,1,2023-08-17,2023-08-17,127.0,127.0,131.5,124.5,129.0,-1.574803149606299,-1.574803149606299,False,False,False,False,409472000.0,0.0,2023
3693,營邦,2023-08-16,2023-08-16,1,2023-08-17,2023-08-17,500.0,500.0,527.0,500.0,515.0,-3.0,-3.0,False,False,False,False,144102000.0,0.4646014628527015,2023
2368,金像電,2023-08-17,2023-08-17,1,2023-08-18,2023-08-18,207.5,207.5,213.0,199.0,203.5,1.9277108433734944,2.0000000000000027,True,False,False,False,193697000.0,0.2510957836208098,2023
3163,波若威,2023-08-17,2023-08-17,1,2023-08-18,2023-08-18,100.0,100.0,102.0,92.8,94.4,5.599999999999994,2.0,True,False,False,False,276930000.0,0.0719257574116202,2023
2345,智邦,2023-08-21,2023-08-21,1,2023-08-22,2023-08-22,464.5,464.5,481.5,442.0,473.0,-1.829924650161464,2.0000000000000044,True,False,False,False,53395000.0,0.0,2023
2421,建準,2023-08-21,2023-08-21,1,2023-08-22,2023-08-22,155.0,155.0,156.5,144.5,145.5,6.129032258064516,1.9999999999999962,True,False,False,False,130162000.0,1.2374464129315776,2023
3163,波若威,2023-08-21,2023-08-21,1,2023-08-22,2023-08-22,104.0,104.0,106.0,99.6,101.5,2.403846153846154,1.9999999999999982,True,False,False,False,191268000.0,0.9674096032791684,2023
3693,營邦,2023-08-21,2023-08-21,1,2023-08-22,2023-08-22,615.0,615.0,635.0,566.0,570.0,7.317073170731707,1.9999999999999927,True,False,False,False,96117000.0,2.0281531883017574,2023
6170,統振,2023-08-21,2023-08-21,1,2023-08-22,2023-08-22,58.0,58.0,60.7,56.6,57.5,0.8620689655172413,2.000000000000006,True,False,False,False,51336000.0,1.0371863799283154,2023
1519,華城,2023-08-21,2023-08-22,2,2023-08-23,2023-08-23,278.5,278.5,291.0,265.5,276.5,0.718132854578097,1.9999999999999976,True,False,False,False,58979500.0,-0.0,2023
3661,世芯-KY,2023-08-21,2023-08-22,2,2023-08-23,2023-08-23,2380.0,2380.0,2435.0,2325.0,2390.0,-0.4201680672268907,1.9999999999999962,True,False,False,False,1119320000.0,0.0790033234463781,2023
2419,仲琦,2023-08-23,2023-08-23,1,2023-08-24,2023-08-24,42.0,42.0,44.95,39.8,40.5,3.571428571428571,2.000000000000008,True,False,False,False,50799600.0,0.9798207072496634,2023
4543,萬在,2023-08-24,2023-08-24,1,2023-08-25,2023-08-25,49.95,49.95,50.4,48.0,48.4,3.103103103103112,2.0000000000000044,True,False,False,False,55017900.0,0.9738430583501004,2023
2436,偉詮電,2023-08-29,2023-08-30,2,2023-08-31,2023-08-31,73.7,73.7,74.0,70.2,71.5,2.985074626865676,2.000000000000005,True,False,False,False,231175100.0,0.4623876014328533,2023
3693,營邦,2023-08-30,2023-08-30,1,2023-08-31,2023-08-31,560.0,560.0,567.0,547.0,560.0,0.0,2.000000000000008,True,False,False,False,297528000.0,1.0013175230566536,2023
6213,聯茂,2023-08-30,2023-08-30,1,2023-08-31,2023-08-31,95.5,95.5,99.6,95.1,98.4,-3.0366492146596915,-3.0366492146596915,False,False,False,False,48200000.0,-0.0,2023
2402,毅嘉,2023-08-30,2023-08-31,2,2023-09-01,2023-09-01,47.0,47.0,48.6,46.5,47.45,-0.9574468085106445,-0.9574468085106443,False,False,False,False,85469300.0,0.7178349419031161,2023
2204,中華,2023-09-01,2023-09-04,2,2023-09-05,2023-09-05,108.5,108.5,113.0,106.0,112.5,-3.686635944700461,2.0000000000000013,True,False,False,False,124166700.0,0.9250668657538615,2023
8086,宏捷科,2023-09-04,2023-09-04,1,2023-09-05,2023-09-05,112.0,112.0,113.5,110.5,112.0,0.0,0.0,False,False,False,False,101750000.0,0.8365601965601965,2023
2401,凌陽,2023-09-05,2023-09-05,1,2023-09-06,2023-09-06,34.8,34.8,34.9,33.0,33.05,5.028735632183908,1.9999999999999942,True,False,False,False,73990800.0,0.9188149067181324,2023
3169,亞信,2023-09-05,2023-09-05,1,2023-09-06,2023-09-06,121.5,121.5,125.0,119.0,122.5,-0.823045267489712,2.0000000000000058,True,False,False,False,74479500.0,0.3717130217039588,2023
4961,天鈺,2023-09-05,2023-09-05,1,2023-09-06,2023-09-06,158.0,158.0,165.5,156.0,156.5,0.949367088607595,0.949367088607595,False,False,False,False,82845000.0,0.6385056430683808,2023
6274,台燿,2023-09-05,2023-09-05,1,2023-09-06,2023-09-06,143.0,143.0,143.5,136.5,139.0,2.797202797202797,2.0000000000000093,True,False,False,False,76693000.0,-0.0,2023
3363,上詮,2023-09-05,2023-09-06,2,2023-09-07,2023-09-07,62.0,62.0,65.5,61.6,63.7,-2.7419354838709724,-2.7419354838709724,False,False,False,False,129515400.0,1.1420371631481665,2023
3529,力旺,2023-09-13,2023-09-13,1,2023-09-14,2023-09-14,2060.0,2060.0,2200.0,2060.0,2195.0,-6.553398058252427,-6.553398058252427,False,False,False,False,119480000.0,0.0,2023
3163,波若威,2023-09-14,2023-09-14,1,2023-09-15,2023-09-15,105.5,105.5,112.5,100.0,101.5,3.791469194312796,1.9999999999999993,True,False,False,False,152401500.0,0.6953081170460921,2023
4966,譜瑞-KY,2023-09-14,2023-09-14,1,2023-09-15,2023-09-15,1085.0,1085.0,1125.0,1070.0,1095.0,-0.9216589861751152,-0.9216589861751152,False,False,False,False,93310000.0,0.0,2023
8210,勤誠,2023-09-14,2023-09-14,1,2023-09-15,2023-09-15,215.0,215.0,224.5,212.5,224.5,-4.418604651162791,-4.4186046511627906,False,False,False,False,42471000.0,0.6078853806126533,2023
8227,巨有科技,2023-09-14,2023-09-14,1,2023-09-15,2023-09-15,183.5,183.5,188.0,177.0,185.5,-1.08991825613079,2.000000000000009,True,False,False,False,132460000.0,0.4733428959685943,2023
3529,力旺,2023-09-22,2023-09-22,1,2023-09-25,2023-09-25,2145.0,2145.0,2195.0,2105.0,2115.0,1.3986013986013983,1.3986013986013985,False,False,False,False,132065000.0,-0.0,2023
3715,定穎投控,2023-09-25,2023-09-25,1,2023-09-26,2023-09-26,74.9,74.9,75.9,72.0,72.3,3.471295060080118,2.0000000000000058,True,False,False,False,45140000.0,0.4676916260522818,2023
3325,旭品,2023-09-28,2023-10-02,2,2023-10-03,2023-10-03,41.5,41.5,42.45,37.7,40.65,2.048192771084341,1.9999999999999958,True,False,False,False,187789700.0,0.3426649597927895,2023
6669,緯穎,2023-10-02,2023-10-02,1,2023-10-03,2023-10-03,1645.0,1645.0,1660.0,1580.0,1595.0,3.0395136778115504,2.0000000000000058,True,False,False,False,390320000.0,0.0,2023
3006,晶豪科,2023-10-03,2023-10-03,1,2023-10-04,2023-10-04,87.4,87.4,89.4,86.1,86.7,0.8009153318077835,0.8009153318077835,False,False,False,True,103590000.0,0.7248016217781639,2023
6451,訊芯-KY,2023-10-02,2023-10-03,2,2023-10-04,2023-10-04,164.5,164.5,165.0,151.5,163.0,0.911854103343465,1.9999999999999951,True,False,False,False,84202000.0,0.9969478159663666,2023
2417,圓剛,2023-10-04,2023-10-04,1,2023-10-05,2023-10-05,38.2,38.2,38.2,35.35,35.85,6.151832460732988,2.000000000000007,True,False,False,False,95421600.0,0.991475200583516,2023
4966,譜瑞-KY,2023-10-05,2023-10-05,1,2023-10-06,2023-10-06,1115.0,1115.0,1130.0,1065.0,1090.0,2.242152466367713,1.9999999999999958,True,False,False,False,201375000.0,0.0,2023
2465,麗臺,2023-10-06,2023-10-11,2,2023-10-12,2023-10-12,47.2,47.2,51.5,46.05,51.2,-8.47457627118644,2.0000000000000058,True,False,False,False,51652050.0,1.036845585025183,2023
2363,矽統,2023-10-11,2023-10-12,2,2023-10-13,2023-10-13,45.0,45.0,48.35,43.25,47.7,-6.000000000000006,1.999999999999997,True,False,False,False,43770000.0,1.06145305003427,2023
2388,威盛,2023-10-12,2023-10-12,1,2023-10-13,2023-10-13,118.5,118.5,122.5,118.0,122.0,-2.9535864978902957,-2.9535864978902953,False,False,False,False,248731500.0,0.6714790848766642,2023
4763,材料*-KY,2023-10-12,2023-10-12,1,2023-10-13,2023-10-13,1175.0,1175.0,1210.0,1150.0,1185.0,-0.851063829787234,2.0,True,False,False,False,180540000.0,0.7942007311399136,2023
8996,高力,2023-10-12,2023-10-12,1,2023-10-13,2023-10-13,311.5,311.5,313.0,288.0,288.0,7.54414125200642,2.0000000000000058,True,False,False,False,68160000.0,-0.0,2023
2515,中工,2023-10-13,2023-10-13,1,2023-10-16,2023-10-16,11.35,11.35,12.2,11.3,11.5,-1.3215859030837036,-1.3215859030837036,False,False,False,False,62373100.0,0.5944229162892336,2023
3305,昇貿,2023-10-17,2023-10-17,1,2023-10-18,2023-10-18,67.0,67.0,67.3,60.9,63.0,5.970149253731343,2.0000000000000053,True,False,False,False,132401600.0,0.5529087261785356,2023
6237,驊訊,2023-10-16,2023-10-17,2,2023-10-18,2023-10-18,49.6,49.6,51.3,45.95,46.7,5.846774193548384,2.000000000000009,True,False,False,False,125205900.0,0.8425745112650442,2023
6276,安鈦克,2023-10-18,2023-10-18,1,2023-10-19,2023-10-19,50.0,50.0,51.7,48.5,49.05,1.900000000000006,2.0,True,False,False,False,48412000.0,0.9067948029414196,2023
6243,迅杰,2023-10-19,2023-10-19,1,2023-10-20,2023-10-20,52.3,52.3,53.0,46.8,47.4,9.369024856596557,1.9999999999999991,True,False,False,False,39879600.0,0.6834321307134474,2023
6197,佳必琪,2023-10-23,2023-10-23,1,2023-10-24,2023-10-24,81.1,81.1,84.3,77.1,82.9,-2.219482120838485,2.0,True,False,False,False,88525800.0,1.148087902057931,2023
6695,芯鼎,2023-10-23,2023-10-23,1,2023-10-24,2023-10-24,50.0,50.0,53.5,47.1,47.35,5.299999999999997,2.0,True,False,False,False,50418500.0,0.0,2023
1524,耿鼎,2023-10-24,2023-10-24,1,2023-10-25,2023-10-25,30.35,30.35,32.4,28.2,28.4,6.425041186161459,1.9999999999999976,True,False,False,False,64811500.0,0.955262569142822,2023
2405,輔信,2023-10-24,2023-10-24,1,2023-10-25,2023-10-25,17.15,17.15,17.65,16.45,16.65,2.915451895043732,2.0,True,False,False,False,58373750.0,0.9946003126405276,2023
4162,智擎,2023-10-23,2023-10-24,2,2023-10-25,2023-10-25,111.5,111.5,114.5,109.0,111.5,0.0,2.0000000000000036,True,False,False,False,81180000.0,0.7993717664449371,2023
3041,揚智,2023-10-25,2023-10-25,1,2023-10-26,2023-10-26,26.35,26.35,28.0,26.3,27.8,-5.502846299810243,-5.502846299810243,False,False,False,False,52457300.0,0.7673746075379404,2023
4162,智擎,2023-10-27,2023-10-27,1,2023-10-30,2023-10-30,120.0,120.0,121.5,115.0,116.0,3.333333333333333,2.000000000000005,True,False,False,False,272108000.0,0.497919943551825,2023
6492,生華科,2023-10-26,2023-10-27,2,2023-10-30,2023-10-31,59.8,54.7,59.9,54.6,58.8,-7.495429616087741,-7.495429616087741,False,False,True,False,52060799.99999999,1.004978794025447,2023
6191,精成科,2023-10-31,2023-10-31,1,2023-11-01,2023-11-01,65.4,65.4,65.5,57.0,61.2,6.4220183486238565,2.0000000000000107,True,False,False,False,174389600.0,0.6959107653208677,2023
1815,富喬,2023-11-02,2023-11-02,1,2023-11-03,2023-11-03,18.3,18.3,19.25,18.0,18.3,0.0,0.0,False,False,False,False,169776900.0,0.4340643515107178,2023
1721,三晃,2023-11-03,2023-11-03,1,2023-11-06,2023-11-06,19.45,19.45,19.5,18.05,18.3,5.912596401028271,1.9999999999999967,True,False,False,False,72324750.0,0.7438947248348594,2023
2388,威盛,2023-11-02,2023-11-03,2,2023-11-06,2023-11-06,149.5,149.5,151.0,131.0,135.0,9.698996655518394,2.0000000000000058,True,False,False,False,211514000.0,0.0,2023
4167,松瑞藥,2023-11-06,2023-11-06,1,2023-11-07,2023-11-07,21.35,21.35,21.9,20.9,21.55,-0.9367681498829004,1.999999999999998,True,False,False,True,67103050.0,0.3873043028595571,2023
2059,川湖,2023-11-07,2023-11-08,2,2023-11-09,2023-11-09,879.0,879.0,881.0,837.0,854.0,2.844141069397042,2.0000000000000044,True,False,False,False,301826000.0,0.4640289438285634,2023
3122,笙泉,2023-11-08,2023-11-08,1,2023-11-09,2023-11-09,51.7,51.7,52.2,46.75,47.25,8.607350096711803,1.999999999999998,True,False,False,True,50100000.0,0.3791317365269461,2023
2465,麗臺,2023-11-09,2023-11-09,1,2023-11-10,2023-11-10,56.3,56.3,56.3,53.8,54.6,3.01953818827708,1.9999999999999958,True,False,False,False,117270900.0,0.4083212459356925,2023
6122,擎邦,2023-11-09,2023-11-13,3,2023-11-14,2023-11-14,65.3,65.3,70.2,61.8,67.4,-3.2159264931087423,2.000000000000007,True,False,False,False,102142200.0,0.9218305460426736,2023
2357,華碩,2023-11-14,2023-11-14,1,2023-11-15,2023-11-15,403.0,403.0,405.0,390.0,391.5,2.853598014888337,2.000000000000001,True,False,False,False,136620000.0,0.0,2023
2417,圓剛,2023-11-15,2023-11-15,1,2023-11-16,2023-11-16,40.75,40.75,43.0,38.35,39.0,4.294478527607362,1.9999999999999944,True,False,False,False,107346800.0,0.9911054637865312,2023
3035,智原,2023-11-17,2023-11-17,1,2023-11-20,2023-11-20,361.0,361.0,361.5,344.5,345.0,4.43213296398892,2.0000000000000075,True,False,False,False,469989000.0,-0.0,2023
6799,來頡,2023-11-17,2023-11-17,1,2023-11-20,2023-11-20,157.0,157.0,166.0,157.0,161.0,-2.547770700636943,-2.547770700636943,False,False,False,False,109849500.0,1.0420711974110033,2023
3059,華晶科,2023-11-20,2023-11-20,1,2023-11-21,2023-11-21,40.45,40.45,41.05,37.65,38.3,5.315203955500632,1.9999999999999938,True,False,False,False,250218750.0,0.7662487323591857,2023
3504,揚明光,2023-11-20,2023-11-20,1,2023-11-21,2023-11-21,71.6,71.6,72.5,66.8,68.7,4.050279329608927,2.000000000000003,True,False,False,False,87073200.00000001,0.8126610713744297,2023
3715,定穎投控,2023-11-20,2023-11-20,1,2023-11-21,2023-11-21,104.0,104.0,105.5,99.4,99.7,4.1346153846153815,1.9999999999999982,True,False,False,False,238005000.0,0.4469649797273167,2023
8227,巨有科技,2023-11-20,2023-11-20,1,2023-11-21,2023-11-21,261.0,261.0,270.0,249.0,255.5,2.10727969348659,1.9999999999999998,True,False,False,False,87890000.0,0.8924621686198657,2023
3005,神基,2023-11-17,2023-11-21,3,2023-11-22,2023-11-22,111.0,111.0,111.0,104.0,109.0,1.8018018018018016,1.9999999999999991,True,False,False,False,67961000.0,0.3849266491075764,2023
2476,鉅祥,2023-11-22,2023-11-22,1,2023-11-23,2023-11-23,62.7,62.7,64.3,60.3,61.0,2.711323763955348,1.9999999999999962,True,False,False,False,94820600.0,0.9604769427740388,2023
3122,笙泉,2023-11-22,2023-11-22,1,2023-11-23,2023-11-23,53.0,53.0,56.3,51.6,52.9,0.1886792452830215,2.000000000000004,True,False,False,False,213913600.0,0.9839912001854956,2023
3169,亞信,2023-11-22,2023-11-22,1,2023-11-23,2023-11-23,150.0,150.0,154.5,137.5,139.5,7.000000000000001,2.0,True,False,False,False,76912500.0,0.9504046806435884,2023
6533,晶心科,2023-11-22,2023-11-22,1,2023-11-23,2023-11-23,526.0,526.0,532.0,502.0,503.0,4.372623574144487,1.9999999999999967,True,False,False,False,101888000.0,0.9478643216080402,2023
8227,巨有科技,2023-11-22,2023-11-22,1,2023-11-23,2023-11-23,283.5,283.5,286.0,264.5,267.0,5.82010582010582,2.0000000000000058,True,False,False,False,81771000.0,1.044869207909895,2023
3152,璟德,2023-11-23,2023-11-23,1,2023-11-24,2023-11-24,269.5,269.5,280.0,264.0,272.0,-0.927643784786642,1.999999999999995,True,False,False,False,140610000.0,0.3385249982220326,2023
5351,鈺創,2023-11-23,2023-11-23,1,2023-11-24,2023-11-24,55.6,55.6,56.5,52.4,53.5,3.776978417266189,2.000000000000003,True,False,False,False,61161600.00000001,0.9665787029770312,2023
1513,中興電,2023-11-24,2023-11-24,1,2023-11-27,2023-11-27,121.0,121.0,124.5,118.0,119.0,1.6528925619834711,2.0000000000000013,True,False,False,False,188604000.0,0.6290587686369324,2023
1514,亞力,2023-11-24,2023-11-24,1,2023-11-27,2023-11-27,62.0,62.0,64.7,61.2,64.1,-3.387096774193539,-3.387096774193539,False,False,False,False,70114200.0,0.3071788596318577,2023
6127,九豪,2023-11-24,2023-11-24,1,2023-11-27,2023-11-27,31.8,31.8,32.15,29.2,29.55,7.075471698113208,1.9999999999999976,True,False,False,False,161725300.00000003,0.5293318361443756,2023
3548,兆利,2023-11-28,2023-11-28,1,2023-11-29,2023-11-29,248.0,248.0,253.0,241.5,247.5,0.2016129032258064,2.000000000000003,True,False,False,False,212660000.0,1.010204081632653,2023
6695,芯鼎,2023-11-28,2023-11-28,1,2023-11-29,2023-11-29,65.2,65.2,67.0,62.5,65.3,-0.1533742331288256,2.000000000000003,True,False,False,False,68870400.0,1.0315955766192733,2023
2329,華泰,2023-11-28,2023-11-29,2,2023-11-30,2023-11-30,58.4,58.4,61.0,57.6,59.3,-1.5410958904109566,-1.5410958904109566,False,False,False,False,341987800.0,0.5926743585589895,2023
2492,華新科,2023-11-29,2023-11-29,1,2023-11-30,2023-11-30,140.0,140.0,141.0,136.0,136.5,2.5,2.000000000000008,True,False,False,False,193347000.0,0.6713913326816553,2023
6789,采鈺,2023-11-29,2023-11-29,1,2023-11-30,2023-11-30,302.0,302.0,309.0,295.0,306.5,-1.490066225165563,2.0000000000000067,True,False,False,False,171976000.0,0.8340814997441504,2023
5328,華容,2023-11-29,2023-11-30,2,2023-12-01,2023-12-01,17.4,17.4,19.15,17.2,18.55,-6.609195402298863,-6.609195402298863,False,False,False,False,104790000.0,0.7277321309285237,2023
3687,歐買尬,2023-11-30,2023-12-01,2,2023-12-04,2023-12-04,113.0,113.0,116.5,107.0,107.5,4.867256637168142,2.0000000000000044,True,False,False,False,105783000.0,0.7164430957715323,2023
4533,協易機,2023-12-01,2023-12-01,1,2023-12-04,2023-12-04,31.2,31.2,32.0,29.65,30.2,3.2051282051282057,1.9999999999999962,True,False,False,False,113985000.0,0.8949914462429266,2023
1503,士電,2023-12-05,2023-12-05,1,2023-12-06,2023-12-06,125.0,125.0,133.5,124.0,130.5,-4.4,-4.3999999999999995,False,False,False,False,240218000.0,-0.0,2023
1529,樂事綠能,2023-12-05,2023-12-05,1,2023-12-06,2023-12-06,35.4,35.4,36.5,33.7,35.65,-0.7062146892655368,1.9999999999999956,True,False,False,False,71277050.0,0.9948202121159614,2023
3041,揚智,2023-12-06,2023-12-06,1,2023-12-07,2023-12-07,34.5,34.5,35.45,32.0,32.5,5.797101449275362,1.9999999999999933,True,False,False,True,40696149.99999999,0.9679048263779254,2023
3444,利機,2023-12-06,2023-12-06,1,2023-12-07,2023-12-07,122.0,122.0,127.0,117.5,119.5,2.0491803278688523,1.9999999999999982,True,False,False,False,66109500.0,0.7790786498158359,2023
3479,安勤,2023-12-06,2023-12-06,1,2023-12-07,2023-12-07,114.5,114.5,120.0,113.5,115.0,-0.4366812227074235,-0.43668122270742354,False,False,False,False,105782000.0,0.8794974570342781,2023
3515,華擎,2023-12-06,2023-12-06,1,2023-12-07,2023-12-07,220.0,220.0,229.0,217.0,221.0,-0.4545454545454545,-0.45454545454545453,False,False,False,False,161034500.0,0.6354104244742587,2023
6112,邁達特,2023-12-06,2023-12-06,1,2023-12-07,2023-12-07,76.1,76.1,76.8,71.5,72.0,5.387647831800256,2.000000000000007,True,False,False,False,274736000.0,0.6273950264981655,2023
6243,迅杰,2023-12-06,2023-12-06,1,2023-12-07,2023-12-07,80.0,80.0,80.1,72.1,73.2,8.499999999999996,1.9999999999999927,True,False,False,True,50510799.99999999,1.0303776618069802,2023
3443,創意,2023-12-08,2023-12-08,1,2023-12-11,2023-12-11,1855.0,1855.0,1880.0,1805.0,1825.0,1.6172506738544474,2.000000000000007,True,False,False,False,399845000.0,0.5705335817629331,2023
8011,台通,2023-12-11,2023-12-11,1,2023-12-12,2023-12-13,24.55,24.1,24.4,22.35,23.95,0.6224066390041582,1.999999999999997,True,False,True,False,69933150.00000001,1.0623002109872068,2023
8096,擎亞,2023-12-08,2023-12-11,2,2023-12-12,2023-12-12,15.2,15.2,15.8,14.0,14.9,1.9736842105263088,2.0000000000000018,True,False,False,False,41422500.0,0.8913561470215464,2023
8112,至上,2023-12-08,2023-12-11,2,2023-12-12,2023-12-12,70.0,70.0,71.5,67.2,68.9,1.5714285714285632,2.000000000000008,True,False,False,False,97773100.0,0.5863044129724843,2023
3622,洋華,2023-12-12,2023-12-12,1,2023-12-13,2023-12-13,49.6,49.6,52.0,48.0,50.3,-1.4112903225806364,2.000000000000009,True,False,False,False,49612250.0,1.05238927885754,2023
8426,紅木-KY,2023-12-11,2023-12-12,2,2023-12-13,2023-12-14,92.8,86.3,88.4,81.6,82.0,4.982618771726532,1.9999999999999991,True,False,True,False,65832000.0,0.0,2023
2356,英業達,2023-12-13,2023-12-14,2,2023-12-15,2023-12-15,53.7,53.7,54.9,47.9,48.4,9.869646182495352,1.9999999999999962,True,False,False,False,397949000.0,0.9144880374118292,2023
2363,矽統,2023-12-14,2023-12-14,1,2023-12-15,2023-12-15,52.0,52.0,53.1,47.25,47.5,8.653846153846153,1.9999999999999982,True,False,False,False,108940000.0,0.834105929869653,2023
3265,台星科,2023-12-14,2023-12-14,1,2023-12-15,2023-12-15,106.5,106.5,107.5,94.5,94.5,11.267605633802818,1.9999999999999958,True,False,False,False,92505000.0,0.8570942111237231,2023
2023,燁輝,2023-12-15,2023-12-15,1,2023-12-18,2023-12-18,18.85,18.85,19.95,18.2,18.2,3.4482758620689764,1.9999999999999938,True,False,False,False,149023200.0,0.7416872003822222,2023
2038,海光,2023-12-15,2023-12-18,2,2023-12-19,2023-12-19,21.35,21.35,22.1,20.2,21.7,-1.639344262295072,1.999999999999998,True,False,False,False,64400050.0,1.0203035556649411,2023
3548,兆利,2023-12-19,2023-12-19,1,2023-12-20,2023-12-20,216.5,216.5,220.0,209.0,211.5,2.3094688221709005,2.0000000000000058,True,False,False,False,65145000.0,-0.0,2023
2324,仁寶,2023-12-20,2023-12-20,1,2023-12-21,2023-12-21,36.5,36.5,37.6,36.35,36.7,-0.5479452054794599,-0.5479452054794599,False,False,False,False,150235800.0,0.0,2023
6550,北極星藥業-KY,2023-12-22,2023-12-22,1,2023-12-25,2023-12-25,80.8,80.8,81.9,78.0,79.2,1.9801980198019733,1.9999999999999998,True,False,False,False,113208900.0,0.9185638231623132,2023
6695,芯鼎,2023-12-26,2023-12-26,1,2023-12-27,2023-12-27,71.0,71.0,77.5,71.0,74.0,-4.225352112676056,-4.225352112676056,False,False,False,False,211140200.0,0.9031818668354014,2023
6120,達運,2024-01-10,2024-01-10,1,2024-01-11,2024-01-11,16.5,16.5,17.8,16.1,16.45,0.3030303030303073,2.000000000000011,True,False,False,False,77821250.0,1.012096310455049,2024
3622,洋華,2024-01-11,2024-01-11,1,2024-01-12,2024-01-12,49.1,49.1,53.6,48.3,51.1,-4.073319755600815,-4.0733197556008145,False,False,False,False,52688399.99999999,1.0057375057887508,2024
3287,廣寰科,2024-01-15,2024-01-15,1,2024-01-16,2024-01-16,40.95,40.95,43.15,37.15,43.15,-5.372405372405361,2.000000000000006,True,False,False,False,48794799.99999999,1.0841708542713568,2024
6695,芯鼎,2024-01-15,2024-01-15,1,2024-01-16,2024-01-16,93.7,93.7,99.5,89.3,89.8,4.162219850586986,1.999999999999995,True,False,False,False,215495000.0,1.0105338870971483,2024
3231,緯創,2024-01-19,2024-01-19,1,2024-01-22,2024-01-22,114.0,114.0,117.5,112.5,116.5,-2.1929824561403506,-2.1929824561403506,False,False,False,False,1154102000.0,0.0,2024
2376,技嘉,2024-01-22,2024-01-22,1,2024-01-23,2024-01-23,297.0,297.0,298.0,289.5,291.0,2.0202020202020203,1.9999999999999993,True,False,False,False,936827500.0,0.1310828300834465,2024
2383,台光電,2024-01-22,2024-01-22,1,2024-01-23,2024-01-23,429.5,429.5,439.0,426.5,439.0,-2.211874272409779,-2.211874272409779,False,False,False,False,328802500.0,0.4005443997536515,2024
3017,奇鋐,2024-01-22,2024-01-22,1,2024-01-23,2024-01-23,387.5,387.5,389.5,376.0,386.5,0.2580645161290322,2.0,True,False,False,False,799050000.0,0.0991583755709905,2024
3036,文曄,2024-01-22,2024-01-22,1,2024-01-23,2024-01-23,157.5,157.5,160.0,154.5,155.0,1.5873015873015872,1.5873015873015872,False,False,False,False,91260000.0,0.2802432610124918,2024
3265,台星科,2024-01-22,2024-01-22,1,2024-01-23,2024-01-23,114.0,114.0,123.5,111.0,119.5,-4.824561403508771,2.000000000000001,True,False,False,False,63800000.0,0.9589968652037616,2024
2369,菱生,2024-01-23,2024-01-23,1,2024-01-24,2024-01-24,24.35,24.35,25.1,23.75,23.9,1.84804928131418,2.0000000000000075,True,False,False,False,128940500.0,0.9990732159406858,2024
3694,海華,2024-01-25,2024-01-25,1,2024-01-26,2024-01-26,57.8,57.8,57.8,54.7,55.4,4.152249134948095,1.999999999999998,True,False,False,True,78838400.0,0.8966493485408126,2024
6270,倍微,2024-01-25,2024-01-25,1,2024-01-26,2024-01-26,29.75,29.75,31.6,27.3,27.5,7.563025210084033,1.9999999999999962,True,False,False,False,46977500.0,0.95593635250918,2024
4908,前鼎,2024-01-29,2024-01-29,1,2024-01-30,2024-01-30,99.0,99.0,105.0,98.9,103.0,-4.040404040404041,-4.040404040404041,False,False,False,False,135591500.0,1.0209489532898448,2024
2465,麗臺,2024-01-30,2024-01-30,1,2024-01-31,2024-01-31,72.2,72.2,79.0,71.1,78.0,-8.033240997229912,-8.033240997229912,False,False,False,False,74868300.0,1.0730843360941813,2024
3017,奇鋐,2024-01-30,2024-01-30,1,2024-01-31,2024-01-31,424.0,424.0,428.0,414.0,425.5,-0.3537735849056604,2.000000000000004,True,False,False,False,134863000.0,4.170980921379474,2024
1519,華城,2024-02-01,2024-02-01,1,2024-02-02,2024-02-02,520.0,520.0,520.0,484.0,488.5,6.057692307692308,2.0000000000000067,True,False,False,False,41968000.0,-0.0,2024
3081,聯亞,2024-02-01,2024-02-01,1,2024-02-02,2024-02-02,124.0,124.0,129.5,118.0,126.5,-2.0161290322580645,2.000000000000003,True,False,False,False,94400000.0,0.7812447033898305,2024
3324,雙鴻,2024-02-02,2024-02-02,1,2024-02-05,2024-02-05,428.5,428.5,441.0,414.0,426.5,0.4667444574095682,1.9999999999999982,True,False,False,False,83300000.0,0.0,2024
6684,安格,2024-01-31,2024-02-02,3,2024-02-05,2024-02-05,131.5,131.5,135.5,112.0,112.0,14.82889733840304,1.9999999999999967,True,False,False,False,40672000.0,1.4236821400472068,2024
3548,兆利,2024-02-05,2024-02-05,1,2024-02-15,2024-02-15,285.5,285.5,286.0,257.5,265.5,7.005253940455342,1.9999999999999927,True,False,False,False,66891500.0,-0.0,2024
2368,金像電,2024-02-15,2024-02-15,1,2024-02-16,2024-02-16,276.0,276.0,278.0,262.0,275.0,0.3623188405797101,1.9999999999999933,True,False,False,False,85176000.0,3.144665163895933,2024
3324,雙鴻,2024-02-15,2024-02-15,1,2024-02-16,2024-02-16,470.5,470.5,471.0,439.0,447.0,4.994686503719448,2.0000000000000053,True,False,False,False,181503000.0,1.1919802978463163,2024
6533,晶心科,2024-02-15,2024-02-15,1,2024-02-16,2024-02-16,561.0,561.0,573.0,544.0,552.0,1.6042780748663104,2.000000000000005,True,False,False,False,360844000.0,0.0,2024
1503,士電,2024-02-16,2024-02-16,1,2024-02-19,2024-02-19,139.0,139.0,150.0,137.5,148.5,-6.83453237410072,-6.83453237410072,False,False,False,False,135162500.0,0.5592268565615462,2024
2329,華泰,2024-02-15,2024-02-16,2,2024-02-19,2024-02-19,73.0,73.0,77.3,70.4,74.9,-2.602739726027405,2.0000000000000107,True,False,False,False,442596200.0000001,0.406148990886049,2024
4968,立積,2024-02-15,2024-02-16,2,2024-02-19,2024-02-19,222.0,222.0,228.0,216.5,222.0,0.0,1.9999999999999991,True,False,False,False,89492500.0,-0.0,2024
5426,振發,2024-02-16,2024-02-16,1,2024-02-19,2024-02-19,42.5,42.5,45.9,42.35,42.75,-0.5882352941176471,-0.5882352941176471,False,False,False,False,208662000.0,0.5052261552175288,2024
5443,均豪,2024-02-15,2024-02-16,2,2024-02-19,2024-02-19,43.8,43.8,44.65,40.95,44.0,-0.4566210045662165,1.999999999999995,True,False,False,False,193455350.0,1.110602524044954,2024
2460,建通,2024-02-19,2024-02-20,2,2024-02-21,2024-02-21,40.0,40.0,41.0,37.0,37.0,7.5,1.9999999999999927,True,False,False,False,94932000.0,0.9050056882821388,2024
3005,神基,2024-02-20,2024-02-20,1,2024-02-21,2024-02-21,118.5,118.5,123.0,110.0,118.5,0.0,2.000000000000004,True,False,False,False,126828000.0,0.8166098968681994,2024
3147,大綜,2024-02-20,2024-02-20,1,2024-02-21,2024-02-21,115.5,115.5,118.5,111.5,114.5,0.8658008658008658,2.000000000000002,True,False,False,False,71219000.0,0.77491961414791,2024
4961,天鈺,2024-02-20,2024-02-20,1,2024-02-21,2024-02-21,263.0,263.0,263.0,252.5,254.5,3.2319391634980987,1.9999999999999967,True,False,False,False,130725000.0,0.0,2024
5381,光譜,2024-02-16,2024-02-20,3,2024-02-21,2024-02-21,39.35,39.35,39.4,36.55,38.05,3.303684879288448,1.9999999999999976,True,False,False,False,92590550.0,0.0,2024
2329,華泰,2024-02-21,2024-02-21,1,2024-02-22,2024-02-22,83.8,83.8,87.5,81.8,82.8,1.1933174224343674,2.0000000000000027,True,False,False,False,125908800.0,1.7591304182074647,2024
2489,瑞軒,2024-02-21,2024-02-21,1,2024-02-22,2024-02-22,17.0,17.0,17.4,15.7,16.45,3.2352941176470638,1.9999999999999991,True,False,False,False,57167750.0,0.982377301887865,2024
3588,通嘉,2024-02-21,2024-02-21,1,2024-02-22,2024-02-22,108.5,108.5,109.0,102.5,103.0,5.0691244239631335,2.0000000000000013,True,False,False,False,53550000.0,0.9328664799253036,2024
6530,創威,2024-02-21,2024-02-21,1,2024-02-22,2024-02-22,57.7,57.7,58.5,54.0,55.7,3.466204506065858,2.0000000000000058,True,False,False,False,138199000.0,0.569498332115283,2024
2313,華通,2024-02-22,2024-02-22,1,2024-02-23,2024-02-23,82.0,82.0,82.3,76.6,78.4,4.390243902439018,2.000000000000001,True,False,False,False,417080700.0,1.272390690818348,2024
3081,聯亞,2024-02-22,2024-02-22,1,2024-02-23,2024-02-23,160.0,160.0,162.5,151.5,154.5,3.4375000000000004,1.9999999999999927,True,False,False,False,154284000.0,0.9703566150735008,2024
6189,豐藝,2024-02-22,2024-02-22,1,2024-02-23,2024-02-23,88.6,88.6,90.5,80.2,82.0,7.449209932279905,2.000000000000006,True,False,False,False,347747399.99999994,0.768954706778541,2024
8064,東捷,2024-02-21,2024-02-22,2,2024-02-23,2024-02-23,31.15,31.15,32.2,29.0,29.45,5.457463884430175,2.0000000000000036,True,False,False,False,57411450.0,1.1418575911251152,2024
2467,志聖,2024-02-22,2024-02-23,2,2024-02-26,2024-02-26,140.0,140.0,140.0,129.0,134.5,3.928571428571429,2.000000000000008,True,False,False,False,160316000.0,0.9857874447965268,2024
3131,弘塑,2024-02-22,2024-02-23,2,2024-02-26,2024-02-26,850.0,850.0,874.0,824.0,842.0,0.9411764705882352,2.0,True,False,False,False,98688000.0,0.392469195849546,2024
3583,辛耘,2024-02-23,2024-02-23,1,2024-02-26,2024-02-26,281.0,281.0,294.5,276.5,293.5,-4.448398576512456,-4.448398576512456,False,False,False,False,147326500.0,0.7928851903764768,2024
6218,豪勉,2024-02-23,2024-02-23,1,2024-02-26,2024-02-26,29.45,29.45,29.5,28.0,29.05,1.3582342954159543,2.000000000000007,True,False,False,False,46348500.0,0.4945240946308942,2024
3163,波若威,2024-02-26,2024-02-26,1,2024-02-27,2024-02-27,110.0,110.0,113.5,101.0,102.5,6.8181818181818175,2.0000000000000027,True,False,False,False,327561500.0,0.853015387950049,2024
3588,通嘉,2024-02-26,2024-02-26,1,2024-02-27,2024-02-27,111.5,111.5,114.0,102.5,112.0,-0.4484304932735426,2.0000000000000036,True,False,False,True,113109000.0,0.6881857323466745,2024
6113,亞矽,2024-02-23,2024-02-26,2,2024-02-27,2024-02-27,46.8,46.8,47.5,41.15,41.15,12.07264957264957,2.0,True,False,False,False,152401600.0,0.9561064319534704,2024
8096,擎亞,2024-02-26,2024-02-26,1,2024-02-27,2024-02-27,28.85,28.85,29.5,24.8,25.15,12.824956672443683,2.0000000000000058,True,False,False,False,235867500.0,0.7309326210690325,2024
3363,上詮,2024-02-23,2024-02-27,3,2024-02-29,2024-02-29,122.0,122.0,124.5,117.0,121.0,0.819672131147541,1.9999999999999982,True,False,False,False,157695500.0,0.7910878877330044,2024
1514,亞力,2024-02-29,2024-02-29,1,2024-03-01,2024-03-01,102.0,102.0,108.5,99.6,106.5,-4.411764705882353,2.000000000000006,True,False,False,False,113300000.0,1.137378640776699,2024
2399,映泰,2024-02-29,2024-02-29,1,2024-03-01,2024-03-01,27.3,27.3,28.0,25.35,25.95,4.945054945054951,1.9999999999999976,True,False,False,False,178208550.0,0.6133342087122082,2024
6125,廣運,2024-02-29,2024-02-29,1,2024-03-01,2024-03-01,85.2,85.2,93.0,83.8,86.7,-1.7605633802816902,-1.7605633802816902,False,False,False,False,67308000.0,0.9776742734890356,2024
6150,撼訊,2024-02-29,2024-02-29,1,2024-03-01,2024-03-01,102.0,102.0,104.0,96.0,96.0,5.88235294117647,2.000000000000006,True,False,False,False,174375300.00000003,0.9623381293107452,2024
6806,,2024-02-29,2024-02-29,1,2024-03-01,2024-03-01,153.5,153.5,156.0,146.5,151.0,1.6286644951140066,1.9999999999999956,True,False,False,False,212585000.0,0.8750946680151469,2024
3005,神基,2024-03-01,2024-03-01,1,2024-03-04,2024-03-04,126.0,126.0,126.5,119.0,122.0,3.1746031746031744,1.999999999999997,True,False,False,False,153401000.0,-0.0,2024
3356,奇偶,2024-03-01,2024-03-01,1,2024-03-04,2024-03-04,53.0,53.0,54.9,49.5,50.0,5.660377358490567,2.000000000000004,True,False,False,False,116645700.0,0.8654412464411462,2024
4968,立積,2024-03-01,2024-03-01,1,2024-03-04,2024-03-04,246.0,246.0,246.0,223.5,223.5,9.146341463414634,2.0000000000000067,True,False,False,False,124000000.0,1.259891129032258,2024
6643,M31,2024-03-01,2024-03-01,1,2024-03-04,2024-03-04,2030.0,2030.0,2095.0,1950.0,2005.0,1.2315270935960592,2.0000000000000067,True,False,False,False,131010000.0,0.7192962369284788,2024
6799,來頡,2024-03-01,2024-03-01,1,2024-03-04,2024-03-04,219.0,219.0,228.0,209.5,212.5,2.968036529680365,1.999999999999998,True,False,False,False,62982500.0,0.9953161592505856,2024
2367,燿華,2024-03-04,2024-03-04,1,2024-03-05,2024-03-05,24.05,24.05,24.85,22.85,24.3,-1.0395010395010391,2.0000000000000067,True,False,False,False,76288799.99999999,0.991891339226728,2024
6217,中探針,2024-03-04,2024-03-04,1,2024-03-05,2024-03-05,47.0,47.0,50.5,45.4,49.35,-5.000000000000003,1.9999999999999951,True,False,False,False,48039600.0,1.0447412134988636,2024
3013,晟銘電,2024-03-01,2024-03-05,3,2024-03-06,2024-03-06,60.9,60.9,66.2,59.2,64.2,-5.418719211822667,2.0000000000000058,True,False,False,False,178990900.0,0.2123370517719057,2024
6117,迎廣,2024-03-05,2024-03-05,1,2024-03-06,2024-03-06,85.0,85.0,91.1,83.1,85.8,-0.941176470588232,2.0000000000000036,True,False,False,False,61752000.0,1.1032063738826272,2024
8011,台通,2024-03-04,2024-03-05,2,2024-03-06,2024-03-06,29.9,29.9,30.65,28.65,29.2,2.341137123745817,1.9999999999999967,True,False,False,False,161203400.0,0.8806911020487161,2024
2417,圓剛,2024-03-04,2024-03-06,3,2024-03-07,2024-03-07,55.0,55.0,55.6,51.7,52.8,4.000000000000005,2.0000000000000027,True,False,False,False,220467800.0,1.1076447444933002,2024
2467,志聖,2024-03-06,2024-03-06,1,2024-03-07,2024-03-07,146.0,146.0,149.0,133.5,134.5,7.876712328767123,2.0000000000000107,True,False,False,False,41459500.0,0.966750684402851,2024
3324,雙鴻,2024-03-06,2024-03-06,1,2024-03-07,2024-03-07,628.0,628.0,658.0,571.0,591.0,5.89171974522293,2.0000000000000093,True,False,False,False,84780000.0,1.0805024769992924,2024
8034,榮群,2024-03-06,2024-03-06,1,2024-03-07,2024-03-07,32.0,32.0,32.4,28.45,28.45,11.093750000000002,2.0000000000000018,True,False,False,False,60489500.0,0.90914704204862,2024
2025,千興,2024-03-07,2024-03-07,1,2024-03-08,2024-03-08,13.2,13.2,13.95,12.1,12.85,2.6515151515151487,1.9999999999999951,True,False,False,False,47359000.0,0.8533383306235351,2024
2449,京元電子,2024-03-07,2024-03-07,1,2024-03-08,2024-03-08,120.0,120.0,123.0,108.5,111.0,7.5,2.000000000000005,True,False,False,False,65007000.0,1.1867183534080945,2024
3163,波若威,2024-03-07,2024-03-07,1,2024-03-08,2024-03-08,117.5,117.5,118.0,104.5,110.5,5.957446808510639,2.000000000000007,True,False,False,False,345912000.0,0.4724597585513078,2024
3548,兆利,2024-03-07,2024-03-07,1,2024-03-08,2024-03-08,292.5,292.5,300.5,259.0,260.0,11.11111111111111,2.0000000000000075,True,False,False,False,172212500.0,0.0,2024
3711,日月光投控,2024-03-07,2024-03-07,1,2024-03-08,2024-03-08,177.0,177.0,177.0,157.0,159.5,9.887005649717514,1.9999999999999956,True,False,False,False,66054000.0,2.5788899990916523,2024
5498,凱崴,2024-03-05,2024-03-07,3,2024-03-08,2024-03-08,18.7,18.7,18.7,15.35,15.8,15.508021390374324,1.9999999999999933,True,False,False,False,103924800.0,1.0073707142087356,2024
6121,新普,2024-03-07,2024-03-07,1,2024-03-08,2024-03-08,490.0,490.0,500.0,465.0,495.5,-1.1224489795918366,2.0000000000000027,True,False,False,False,57466000.0,1.2588835137298575,2024
5386,青雲,2024-03-07,2024-03-08,2,2024-03-11,2024-03-11,69.9,69.9,74.6,67.5,71.8,-2.718168812589401,1.9999999999999942,True,False,False,False,125470500.0,0.888698140200286,2024
1582,信錦,2024-03-11,2024-03-11,1,2024-03-12,2024-03-12,92.0,92.0,95.5,89.0,93.4,-1.5217391304347887,2.000000000000004,True,False,False,False,76645800.0,1.0577383235611086,2024
3548,兆利,2024-03-11,2024-03-11,1,2024-03-12,2024-03-12,288.5,288.5,297.5,284.0,288.0,0.1733102253032928,0.17331022530329288,False,False,False,False,243100000.0,0.0651583710407239,2024
2354,鴻準,2024-03-12,2024-03-12,1,2024-03-13,2024-03-14,60.8,58.9,58.9,53.6,53.7,8.828522920203728,2.000000000000007,True,False,True,False,169218000.0,0.7782883617582054,2024
2365,昆盈,2024-03-12,2024-03-12,1,2024-03-13,2024-03-13,22.0,22.0,22.85,19.85,20.85,5.22727272727272,2.0000000000000058,True,False,False,False,45600950.00000001,0.9505755910786944,2024
3017,奇鋐,2024-03-12,2024-03-12,1,2024-03-13,2024-03-13,651.0,651.0,677.0,607.0,617.0,5.22273425499232,1.9999999999999973,True,False,False,False,329859000.0,1.6086267162636156,2024
3071,協禧,2024-03-12,2024-03-12,1,2024-03-13,2024-03-13,42.05,42.05,43.3,40.2,40.5,3.686087990487509,2.0000000000000027,True,False,False,False,46507500.0,1.0179970972423802,2024
5347,世界,2024-03-12,2024-03-12,1,2024-03-13,2024-03-13,83.6,83.6,86.0,82.2,82.7,1.0765550239234347,1.0765550239234347,False,False,False,False,44903600.0,2.0958809538656142,2024
8011,台通,2024-03-11,2024-03-12,2,2024-03-13,2024-03-13,35.0,35.0,35.55,31.2,32.95,5.857142857142849,2.000000000000008,True,False,False,False,371788900.0,0.8956499239218815,2024
8040,九暘,2024-03-07,2024-03-12,4,2024-03-13,2024-03-13,92.0,92.0,95.7,84.5,86.2,6.304347826086953,2.000000000000004,True,False,False,False,366886200.0,0.2152144179857405,2024
1503,士電,2024-03-13,2024-03-13,1,2024-03-14,2024-03-14,202.0,202.0,214.0,192.5,208.5,-3.217821782178218,1.9999999999999962,True,False,False,False,331768500.0,0.7805352226025075,2024
5386,青雲,2024-03-12,2024-03-13,2,2024-03-14,2024-03-14,91.0,91.0,93.4,83.3,87.7,3.6263736263736233,2.000000000000008,True,False,False,False,55197000.0,1.4490352736561771,2024
1519,華城,2024-03-13,2024-03-14,2,2024-03-15,2024-03-15,650.0,650.0,684.0,642.0,665.0,-2.307692307692308,-2.307692307692308,False,False,False,False,102465000.0,0.7139023081052066,2024
1503,士電,2024-03-18,2024-03-18,1,2024-03-19,2024-03-19,228.0,228.0,245.0,227.0,239.0,-4.824561403508771,-4.824561403508771,False,False,False,False,164389500.0,1.0525976415768648,2024
3563,牧德,2024-03-18,2024-03-18,1,2024-03-19,2024-03-19,340.5,340.5,362.0,333.5,345.0,-1.3215859030837005,2.000000000000001,True,False,False,False,71820000.0,1.003968253968254,2024
8996,高力,2024-03-18,2024-03-18,1,2024-03-19,2024-03-19,324.0,324.0,328.0,316.5,318.5,1.6975308641975309,2.0000000000000058,True,False,False,False,95811000.0,0.3523708133721597,2024
4938,和碩,2024-03-19,2024-03-19,1,2024-03-20,2024-03-20,104.5,104.5,109.5,101.5,103.5,0.9569377990430622,2.000000000000003,True,False,False,False,199700000.0,0.1990185277916875,2024
3005,神基,2024-03-20,2024-03-20,1,2024-03-21,2024-03-21,158.0,158.0,161.5,148.0,150.0,5.063291139240507,1.999999999999998,True,False,False,False,173693500.0,1.672774168290696,2024
6188,廣明,2024-03-19,2024-03-20,2,2024-03-21,2024-03-21,103.0,103.0,106.0,98.1,102.5,0.4854368932038834,2.000000000000002,True,False,False,False,536911800.0,0.5954376491632332,2024
2236,百達-KY,2024-03-21,2024-03-21,1,2024-03-22,2024-03-22,86.5,86.5,87.8,80.2,81.5,5.780346820809249,2.0000000000000044,True,False,False,False,41586299.99999999,-0.0,2024
2408,南亞科,2024-03-21,2024-03-21,1,2024-03-22,2024-03-22,70.9,70.9,71.5,69.0,69.6,1.83356840620594,2.000000000000009,True,False,False,False,141824800.0,0.3965230340532826,2024
8299,群聯,2024-03-21,2024-03-21,1,2024-03-22,2024-03-22,671.0,671.0,677.0,632.0,653.0,2.682563338301043,1.9999999999999938,True,False,False,False,284230000.0,0.7420715617633606,2024
1609,大亞,2024-03-22,2024-03-22,1,2024-03-25,2024-03-25,44.0,44.0,45.7,43.6,45.4,-3.1818181818181785,-3.1818181818181785,False,False,False,True,422250150.0,0.1048312238610217,2024
3708,上緯投控,2024-03-21,2024-03-22,2,2024-03-25,2024-03-25,133.5,133.5,133.5,122.0,124.5,6.741573033707865,2.000000000000012,True,False,False,False,159630000.0,1.5793553843262544,2024
6139,亞翔,2024-03-22,2024-03-22,1,2024-03-25,2024-03-25,210.0,210.0,216.5,197.0,206.0,1.9047619047619049,2.000000000000008,True,False,False,False,113295000.0,1.2055077452667815,2024
8996,高力,2024-03-21,2024-03-22,2,2024-03-25,2024-03-25,395.0,395.0,401.0,376.5,390.5,1.139240506329114,2.000000000000009,True,False,False,False,330285000.0,0.5273112614862921,2024
2049,上銀,2024-03-25,2024-03-25,1,2024-03-26,2024-03-26,278.0,278.0,281.5,258.5,258.5,7.014388489208632,2.000000000000001,True,False,False,True,308470000.0,0.9410817907738191,2024
6125,廣運,2024-03-25,2024-03-25,1,2024-03-26,2024-03-26,89.0,89.0,91.8,82.7,82.7,7.078651685393256,2.0000000000000013,True,False,False,False,94588000.0,0.364590645747875,2024
6274,台燿,2024-03-25,2024-03-25,1,2024-03-26,2024-03-26,184.5,184.5,185.0,171.5,176.0,4.607046070460704,1.9999999999999987,True,False,False,False,623979000.0,0.6405600188467881,2024
6668,中揚光,2024-03-25,2024-03-25,1,2024-03-26,2024-03-26,66.5,66.5,67.7,61.0,63.2,4.9624060150375895,1.9999999999999973,True,False,False,False,50204000.0,0.867357182694606,2024
1603,華電,2024-03-26,2024-03-26,1,2024-03-27,2024-03-27,44.0,44.0,47.4,41.1,47.25,-7.386363636363637,2.0000000000000058,True,False,False,False,62969100.0,1.0962877030162412,2024
2371,大同,2024-03-26,2024-03-26,1,2024-03-27,2024-03-27,57.2,57.2,58.5,55.0,55.0,3.846153846153851,1.999999999999997,True,False,False,False,287531399.99999994,1.0958629214061493,2024
2465,麗臺,2024-03-26,2024-03-26,1,2024-03-27,2024-03-27,125.5,125.5,126.0,116.5,117.5,6.374501992031872,2.000000000000004,True,False,False,False,70395000.0,0.587541728815967,2024
2049,上銀,2024-03-27,2024-03-27,1,2024-03-28,2024-03-28,284.0,284.0,293.0,277.0,279.0,1.7605633802816902,2.0000000000000027,True,False,False,False,451276000.0,0.030294099398151,2024
2354,鴻準,2024-03-27,2024-03-27,1,2024-03-28,2024-03-28,64.5,64.5,68.7,64.1,65.1,-0.930232558139526,-0.930232558139526,False,False,False,False,378483600.00000006,0.5110184430712452,2024
3062,建漢,2024-03-27,2024-03-27,1,2024-03-28,2024-03-28,25.2,25.2,26.55,25.0,25.8,-2.3809523809523867,-2.3809523809523867,False,False,False,False,65415149.99999999,1.0234785061258749,2024
5274,信驊,2024-03-27,2024-03-27,1,2024-03-28,2024-03-28,3185.0,3185.0,3380.0,3110.0,3330.0,-4.552590266875981,2.000000000000009,True,False,False,False,266845000.0,0.0,2024
3013,晟銘電,2024-03-28,2024-03-28,1,2024-03-29,2024-03-29,61.5,61.5,64.0,59.5,61.3,0.325203252032525,2.0000000000000067,True,False,False,False,51919600.0,1.111012026286797,2024
6139,亞翔,2024-03-28,2024-03-28,1,2024-03-29,2024-03-29,226.0,226.0,244.5,216.5,240.5,-6.415929203539823,2.0000000000000044,True,False,False,False,172890000.0,2.35227890566256,2024
5225,東科-KY,2024-03-29,2024-03-29,1,2024-04-01,2024-04-01,121.0,121.0,129.0,120.0,126.0,-4.132231404958678,-4.132231404958678,False,False,False,False,50160000.0,1.055023923444976,2024
6643,M31,2024-03-29,2024-03-29,1,2024-04-01,2024-04-01,1410.0,1410.0,1505.0,1375.0,1480.0,-4.964539007092199,2.000000000000003,True,False,False,False,47940000.0,-0.0,2024
2492,華新科,2024-04-01,2024-04-01,1,2024-04-02,2024-04-02,125.0,125.0,126.0,120.5,120.5,3.6,2.0,True,False,False,False,62372000.0,0.8326733149490155,2024
3363,上詮,2024-04-01,2024-04-01,1,2024-04-02,2024-04-02,107.0,107.0,109.5,99.4,102.5,4.205607476635514,2.0000000000000004,True,False,False,False,68997000.0,0.9700784092061974,2024
6197,佳必琪,2024-03-28,2024-04-01,3,2024-04-02,2024-04-02,151.5,151.5,162.0,147.0,155.5,-2.64026402640264,2.000000000000001,True,False,False,False,214872500.0,0.7844745139559506,2024
2486,一詮,2024-04-01,2024-04-02,2,2024-04-03,2024-04-03,73.0,73.0,77.8,70.0,70.9,2.876712328767116,2.0000000000000107,True,False,False,False,400587000.0,0.3851308205208856,2024
3583,辛耘,2024-04-02,2024-04-02,1,2024-04-03,2024-04-03,346.0,346.0,381.5,341.0,380.5,-9.971098265895954,-9.971098265895954,False,False,False,False,109999000.0,1.065409685542596,2024
5443,均豪,2024-04-01,2024-04-02,2,2024-04-03,2024-04-03,67.7,67.7,71.9,67.0,67.9,-0.2954209748892213,-0.2954209748892213,False,False,False,True,106230000.0,0.7638190718252847,2024
6207,雷科,2024-04-02,2024-04-02,1,2024-04-03,2024-04-03,47.05,47.05,52.1,45.85,51.5,-9.458023379383642,2.0000000000000058,True,False,False,False,80264400.0,1.080503934496489,2024
6213,聯茂,2024-04-02,2024-04-02,1,2024-04-03,2024-04-03,116.5,116.5,124.5,115.5,116.5,0.0,0.0,False,False,False,False,79547500.0,0.3822433137433609,2024
8054,安國,2024-04-02,2024-04-02,1,2024-04-03,2024-04-03,166.5,166.5,180.0,163.0,175.0,-5.105105105105105,2.0000000000000075,True,False,False,False,141930000.0,0.8359754808708518,2024
6120,達運,2024-04-03,2024-04-03,1,2024-04-08,2024-04-08,19.05,19.05,19.6,17.55,17.9,6.036745406824158,2.000000000000001,True,False,False,False,69657000.0,1.1550956831330663,2024
6197,佳必琪,2024-04-03,2024-04-03,1,2024-04-08,2024-04-08,171.0,171.0,172.0,160.5,163.0,4.678362573099415,2.0000000000000093,True,False,False,False,45315000.0,0.9640075030343154,2024
6472,保瑞,2024-04-03,2024-04-03,1,2024-04-08,2024-04-08,772.0,772.0,782.0,739.0,739.0,4.274611398963731,2.000000000000007,True,False,False,False,146873000.0,0.1610098520490492,2024
6669,緯穎,2024-04-03,2024-04-03,1,2024-04-08,2024-04-08,2520.0,2520.0,2540.0,2430.0,2475.0,1.7857142857142856,2.0000000000000036,True,False,False,False,339480000.0,0.7217656415694592,2024
1587,吉茂,2024-04-02,2024-04-08,3,2024-04-09,2024-04-09,44.2,44.2,44.25,39.25,39.25,11.19909502262444,2.000000000000001,True,False,False,False,65554950.0,1.0884990378300952,2024
3013,晟銘電,2024-04-08,2024-04-08,1,2024-04-09,2024-04-09,74.1,74.1,75.0,67.0,67.0,9.58164642375168,1.9999999999999993,True,False,False,False,101930400.0,0.4226511423481119,2024
2009,第一銅,2024-04-08,2024-04-09,2,2024-04-10,2024-04-10,51.1,51.1,53.5,49.95,51.5,-0.782778864970643,1.999999999999997,True,False,False,False,136221750.0,1.0559216865148189,2024
2363,矽統,2024-04-03,2024-04-09,3,2024-04-10,2024-04-10,50.0,50.0,53.3,48.85,53.2,-6.400000000000006,2.0,True,False,False,False,458720450.00000006,-0.0,2024
2464,盟立,2024-04-09,2024-04-09,1,2024-04-10,2024-04-10,55.6,55.6,58.5,53.8,55.2,0.7194244604316521,2.000000000000003,True,False,False,False,160240800.00000003,1.0448125571015618,2024
3213,茂訊,2024-04-09,2024-04-09,1,2024-04-10,2024-04-10,108.5,108.5,114.0,106.0,111.5,-2.7649769585253456,2.0000000000000013,True,False,False,False,53295000.0,0.9330894080120088,2024
8096,擎亞,2024-04-08,2024-04-09,2,2024-04-10,2024-04-10,33.5,33.5,34.75,29.85,31.15,7.014925373134333,2.0000000000000053,True,False,False,False,80723450.0,0.7760155196538303,2024
1514,亞力,2024-04-08,2024-04-10,3,2024-04-11,2024-04-11,144.5,144.5,154.5,140.5,153.0,-5.88235294117647,2.00000000000001,True,False,False,False,53845000.0,-0.0,2024
3036,文曄,2024-04-10,2024-04-10,1,2024-04-11,2024-04-11,158.5,158.5,162.5,149.0,158.0,0.3154574132492113,2.00000000000001,True,False,False,False,107876000.0,1.0457562386443695,2024
3260,威剛,2024-04-10,2024-04-10,1,2024-04-11,2024-04-11,113.0,113.0,113.0,107.5,108.5,3.982300884955752,2.0000000000000044,True,False,False,False,178766000.0,1.2144842979089985,2024
2363,矽統,2024-04-11,2024-04-11,1,2024-04-12,2024-04-12,59.9,59.9,64.2,58.1,61.4,-2.504173622704508,2.000000000000001,True,False,False,False,230782500.0,3.3668800710625804,2024
2745,五福,2024-04-11,2024-04-11,1,2024-04-12,2024-04-15,96.3,88.1,92.2,87.2,91.7,-4.086265607264481,-4.086265607264481,False,False,True,False,40208399.99999999,0.7755842062852539,2024
1513,中興電,2024-04-12,2024-04-12,1,2024-04-15,2024-04-15,213.5,213.5,221.0,195.0,203.0,4.918032786885246,2.000000000000005,True,False,False,False,446896000.0,0.5723479288246035,2024
1608,華榮,2024-04-12,2024-04-12,1,2024-04-15,2024-04-15,40.75,40.75,41.6,38.1,39.0,4.294478527607362,1.9999999999999944,True,False,False,False,300504000.0,1.0004891781806564,2024
2388,威盛,2024-04-12,2024-04-12,1,2024-04-15,2024-04-15,145.5,145.5,151.0,139.0,139.0,4.4673539518900345,1.9999999999999976,True,False,False,False,102480000.0,0.8056791569086651,2024
3131,弘塑,2024-04-12,2024-04-12,1,2024-04-15,2024-04-15,1005.0,1005.0,1065.0,985.0,1020.0,-1.4925373134328357,-1.4925373134328357,False,False,False,False,167835000.0,0.498346590401287,2024
6223,旺矽,2024-04-11,2024-04-12,2,2024-04-15,2024-04-15,412.0,412.0,418.5,386.0,390.5,5.218446601941747,2.000000000000002,True,False,False,True,137539000.0,-0.0,2024
6585,鼎基,2024-04-12,2024-04-12,1,2024-04-15,2024-04-15,207.0,207.0,210.5,198.0,200.0,3.3816425120772946,2.000000000000007,True,False,False,False,52877000.0,0.4841424437846323,2024
1609,大亞,2024-04-12,2024-04-15,2,2024-04-16,2024-04-16,55.5,55.5,57.4,53.6,53.6,3.423423423423421,1.9999999999999991,True,False,False,False,46703800.0,-0.0,2024
1618,合機,2024-04-12,2024-04-15,2,2024-04-16,2024-04-16,48.25,48.25,51.0,48.1,48.3,-0.1036269430051754,-0.10362694300517547,False,False,False,False,51909949.99999996,1.284031288799162,2024
5371,中光電,2024-04-15,2024-04-15,1,2024-04-16,2024-04-16,108.0,108.0,111.0,96.8,96.8,10.370370370370372,1.999999999999997,True,False,False,True,53965000.0,1.2502473825627718,2024
1503,士電,2024-04-17,2024-04-17,1,2024-04-18,2024-04-18,336.0,336.0,354.0,329.5,333.5,0.744047619047619,0.744047619047619,False,False,False,False,164025000.0,0.304983996342021,2024
1513,中興電,2024-04-17,2024-04-17,1,2024-04-18,2024-04-18,208.5,208.5,214.5,201.5,203.5,2.3980815347721824,2.0000000000000075,True,False,False,False,567535500.0,1.054906697466502,2024
1519,華城,2024-04-17,2024-04-17,1,2024-04-18,2024-04-18,960.0,960.0,984.0,933.0,955.0,0.5208333333333333,2.000000000000005,True,False,False,False,72200000.0,-0.0,2024
1529,樂事綠能,2024-04-17,2024-04-17,1,2024-04-18,2024-04-18,37.9,37.9,40.0,37.85,38.15,-0.6596306068601583,-0.6596306068601583,False,False,False,False,48070500.0,1.0809186507317377,2024
2329,華泰,2024-04-17,2024-04-17,1,2024-04-18,2024-04-18,69.1,69.1,70.8,67.0,67.6,2.1707670043415344,2.000000000000007,True,False,False,False,53696600.0,0.2077226491062748,2024
2371,大同,2024-04-17,2024-04-17,1,2024-04-18,2024-04-18,65.0,65.0,67.7,63.5,64.4,0.9230769230769144,2.0000000000000067,True,False,False,False,137794900.0,1.919452751879787,2024
3131,弘塑,2024-04-17,2024-04-17,1,2024-04-18,2024-04-18,1060.0,1060.0,1130.0,1045.0,1045.0,1.4150943396226416,1.4150943396226416,False,False,False,False,72150000.0,0.7966042966042967,2024
4142,國光生,2024-04-17,2024-04-17,1,2024-04-18,2024-04-18,29.9,29.9,29.9,28.5,28.5,4.682274247491634,1.9999999999999967,True,False,False,False,44396600.0,0.6721122788682016,2024
8054,安國,2024-04-17,2024-04-17,1,2024-04-18,2024-04-18,173.5,173.5,183.0,161.5,162.5,6.340057636887608,1.9999999999999993,True,False,False,False,309600000.0,0.5122739018087855,2024
2515,中工,2024-04-18,2024-04-18,1,2024-04-19,2024-04-19,16.9,16.9,17.7,15.25,17.45,-3.25443786982249,2.0000000000000058,True,False,False,False,216955200.0,0.9043701188079384,2024
2520,冠德,2024-04-18,2024-04-18,1,2024-04-19,2024-04-19,50.0,50.0,51.3,46.35,49.4,1.2000000000000028,2.0,True,False,False,False,149533800.0,0.9950445986124876,2024
2548,華固,2024-04-18,2024-04-18,1,2024-04-19,2024-04-19,144.5,144.5,153.0,143.0,149.5,-3.460207612456748,-3.4602076124567476,False,False,False,False,50064000.0,0.0,2024
3708,上緯投控,2024-04-18,2024-04-18,1,2024-04-19,2024-04-19,146.0,146.0,154.5,138.0,145.0,0.684931506849315,2.0000000000000107,True,False,False,False,46147500.0,0.2545099951243296,2024
5521,工信,2024-04-18,2024-04-18,1,2024-04-19,2024-04-19,14.8,14.8,15.75,14.0,14.35,3.0405405405405475,2.0000000000000075,True,False,False,False,82905900.00000001,0.94021294021294,2024
8089,康全電訊,2024-04-18,2024-04-18,1,2024-04-19,2024-04-19,75.8,75.8,78.5,70.5,77.0,-1.5831134564643838,2.000000000000007,True,False,False,False,61078500.0,1.0577044295455849,2024
3015,全漢,2024-04-19,2024-04-19,1,2024-04-22,2024-04-22,70.7,70.7,72.0,63.3,64.8,8.345120226308353,2.000000000000002,True,False,False,False,104241600.0,0.8323663489432243,2024
3703,欣陸,2024-04-18,2024-04-19,2,2024-04-22,2024-04-22,41.0,41.0,42.65,35.8,37.25,9.146341463414634,2.000000000000001,True,False,False,False,294960700.0,0.9462760632179136,2024
6869,雲豹能源,2024-04-19,2024-04-19,1,2024-04-22,2024-04-22,158.0,158.0,165.0,154.5,155.0,1.89873417721519,1.999999999999998,True,False,False,False,99534000.0,0.3721843792071051,2024
2382,廣達,2024-04-24,2024-04-24,1,2024-04-25,2024-04-25,257.5,257.5,261.0,250.0,255.5,0.7766990291262136,2.000000000000002,True,False,False,False,643695500.0,0.0,2024
3037,欣興,2024-04-24,2024-04-24,1,2024-04-25,2024-04-25,190.0,190.0,194.0,183.0,184.0,3.1578947368421053,2.0000000000000058,True,False,False,False,103598000.0,-0.0,2024
3324,雙鴻,2024-04-24,2024-04-24,1,2024-04-25,2024-04-25,766.0,766.0,812.0,764.0,770.0,-0.5221932114882507,-0.5221932114882507,False,False,False,False,60909000.0,0.7205831650495,2024
3533,嘉澤,2024-04-24,2024-04-24,1,2024-04-25,2024-04-25,1400.0,1400.0,1435.0,1385.0,1410.0,-0.7142857142857143,-0.7142857142857143,False,False,False,False,234060000.0,0.0,2024
6188,廣明,2024-04-24,2024-04-24,1,2024-04-25,2024-04-25,92.0,92.0,93.3,90.2,90.2,1.956521739130432,1.956521739130432,False,False,False,False,61522799.99999999,1.2564675209840908,2024
8070,長華*,2024-04-24,2024-04-24,1,2024-04-25,2024-04-25,44.75,44.75,45.35,44.0,44.15,1.340782122905031,1.340782122905031,False,False,False,False,90238200.0,0.7979841131582855,2024
8210,勤誠,2024-04-24,2024-04-24,1,2024-04-25,2024-04-25,285.0,285.0,285.5,275.5,277.5,2.631578947368421,1.9999999999999958,True,False,False,False,109440000.0,0.7657620614035088,2024
3363,上詮,2024-04-25,2024-04-25,1,2024-04-26,2024-04-26,125.0,125.0,129.0,118.0,118.5,5.2,2.0,True,False,False,False,122956000.0,1.0553165359966166,2024
5493,三聯,2024-04-24,2024-04-25,2,2024-04-26,2024-04-26,117.5,117.5,122.0,108.5,117.0,0.425531914893617,2.000000000000007,True,False,False,False,175999000.0,0.0,2024
6207,雷科,2024-04-25,2024-04-25,1,2024-04-26,2024-04-26,70.0,70.0,72.4,62.5,65.2,6.857142857142853,2.000000000000008,True,False,False,False,117247500.0,1.0443344207765624,2024
6451,訊芯-KY,2024-04-25,2024-04-25,1,2024-04-26,2024-04-26,171.0,171.0,178.5,164.0,164.0,4.093567251461988,2.0000000000000093,True,False,False,False,60273000.0,0.9632173610074164,2024
2609,陽明,2024-04-26,2024-04-26,1,2024-04-29,2024-04-29,55.0,55.0,55.5,52.6,52.9,3.818181818181821,2.0000000000000027,True,False,False,False,812120399.9999999,0.068264754831919,2024
3443,創意,2024-04-26,2024-04-26,1,2024-04-29,2024-04-29,1350.0,1350.0,1400.0,1340.0,1360.0,-0.7407407407407408,-0.7407407407407408,False,False,False,False,105600000.0,0.0,2024
3563,牧德,2024-04-26,2024-04-26,1,2024-04-29,2024-04-29,480.0,480.0,485.0,453.0,457.0,4.791666666666667,2.000000000000005,True,False,False,False,193104000.0,0.8614425387356036,2024
2891,中信金,2024-04-29,2024-04-29,1,2024-04-30,2024-04-30,34.25,34.25,34.9,33.8,34.1,0.4379562043795579,0.4379562043795579,False,False,False,False,254477500.0,0.0,2024
3234,光環,2024-04-25,2024-04-29,3,2024-04-30,2024-04-30,49.8,49.8,51.0,46.9,50.0,-0.4016064257028169,2.0000000000000044,True,False,False,False,61799400.0,0.6545370990656867,2024
3363,上詮,2024-04-29,2024-04-29,1,2024-04-30,2024-04-30,130.0,130.0,132.5,122.5,127.0,2.307692307692308,2.0000000000000067,True,False,False,False,303030000.0,1.1185790185790183,2024
3147,大綜,2024-04-30,2024-04-30,1,2024-05-02,2024-05-02,152.0,152.0,153.5,148.0,149.0,1.973684210526316,1.999999999999995,True,False,False,False,85728000.0,0.3180641097424412,2024
3287,廣寰科,2024-04-26,2024-04-30,3,2024-05-02,2024-05-02,58.7,58.7,59.0,50.1,50.1,14.650766609880751,1.9999999999999991,True,False,False,False,115568800.0,1.0711982818892296,2024
6230,尼得科超眾,2024-04-30,2024-04-30,1,2024-05-02,2024-05-02,318.0,318.0,356.0,311.0,334.0,-5.031446540880504,2.000000000000004,True,False,False,False,163872500.0,0.9966650902378372,2024
8996,高力,2024-04-30,2024-04-30,1,2024-05-02,2024-05-02,431.5,431.5,438.0,419.0,423.0,1.969872537659328,1.9999999999999991,True,False,False,False,242047000.0,0.1467979359380616,2024
1316,上曜,2024-05-02,2024-05-02,1,2024-05-03,2024-05-03,22.75,22.75,23.7,22.1,22.3,1.9780219780219748,2.000000000000008,True,False,False,False,162812300.00000003,0.7398986440213668,2024
2537,聯上發,2024-05-02,2024-05-02,1,2024-05-03,2024-05-03,18.7,18.7,19.75,18.45,19.0,-1.604278074866314,-1.6042780748663141,False,False,False,False,43949100.00000001,0.9951967162012416,2024
3466,德晉,2024-04-30,2024-05-02,2,2024-05-03,2024-05-03,46.2,46.2,51.3,46.1,50.3,-8.874458874458862,-8.874458874458862,False,False,False,False,103563000.0,1.0699854195031044,2024
5508,永信建,2024-04-30,2024-05-02,2,2024-05-03,2024-05-03,225.5,225.5,231.5,219.5,229.5,-1.7738359201773837,1.9999999999999958,True,False,False,False,55862500.0,-0.0,2024
6173,信昌電,2024-05-03,2024-05-03,1,2024-05-06,2024-05-06,51.4,51.4,52.0,47.9,48.05,6.517509727626463,1.9999999999999976,True,False,False,False,92214000.0,0.9796126401630988,2024
3013,晟銘電,2024-05-06,2024-05-06,1,2024-05-07,2024-05-07,82.6,82.6,83.4,74.5,75.1,9.079903147699758,2.0000000000000013,True,False,False,True,80359000.0,0.7896999713784392,2024
3363,上詮,2024-05-06,2024-05-06,1,2024-05-07,2024-05-07,131.0,131.0,137.5,127.0,129.0,1.5267175572519085,2.0000000000000036,True,False,False,False,74408000.0,0.9275212342758844,2024
3466,德晉,2024-05-06,2024-05-06,1,2024-05-07,2024-05-07,55.6,55.6,59.5,54.1,59.4,-6.834532374100714,2.000000000000003,True,False,False,False,83503000.0,1.069872938696813,2024
8048,德勝,2024-05-03,2024-05-06,2,2024-05-07,2024-05-07,72.5,72.5,73.1,70.8,71.4,1.517241379310337,2.000000000000004,True,False,False,False,64330200.0,0.9722711883376703,2024
9927,泰銘,2024-05-06,2024-05-06,1,2024-05-07,2024-05-07,84.7,84.7,87.2,82.7,84.0,0.8264462809917389,2.000000000000003,True,False,False,False,41716399.99999999,1.0047846889952154,2024
1615,大山,2024-05-07,2024-05-08,2,2024-05-09,2024-05-09,73.1,73.1,74.9,69.2,69.9,4.377564979480149,2.0000000000000044,True,False,False,False,53781200.00000001,0.9773824310353804,2024
4542,科嶠,2024-05-08,2024-05-08,1,2024-05-09,2024-05-10,83.8,72.5,75.6,71.3,72.0,0.6896551724137931,0.6896551724137931,False,False,True,False,64846200.00000001,0.9514435695538056,2024
9958,世紀鋼,2024-05-08,2024-05-08,1,2024-05-09,2024-05-09,230.5,230.5,239.5,223.5,225.5,2.169197396963124,2.0000000000000058,True,False,False,False,53823000.0,-0.0,2024
3356,奇偶,2024-05-09,2024-05-09,1,2024-05-10,2024-05-10,66.0,66.0,69.0,63.1,65.6,0.6060606060606146,2.000000000000011,True,False,False,False,43132500.0,1.0129160146061555,2024
2241,艾姆勒,2024-05-09,2024-05-10,2,2024-05-13,2024-05-13,50.0,50.0,50.7,46.75,47.35,5.299999999999997,2.0,True,False,False,False,75424500.00000001,0.983103633434759,2024
2609,陽明,2024-05-10,2024-05-13,2,2024-05-14,2024-05-14,68.1,68.1,73.2,67.2,71.3,-4.698972099853162,-4.698972099853162,False,False,False,False,281305200.0,1.991699406907516,2024
2615,萬海,2024-05-09,2024-05-13,3,2024-05-14,2024-05-14,70.3,70.3,75.0,67.9,68.4,2.70270270270269,2.0000000000000084,True,False,False,False,241911800.0,1.4366409575721404,2024
2367,燿華,2024-05-14,2024-05-14,1,2024-05-15,2024-05-15,34.0,34.0,36.0,33.5,35.0,-2.941176470588235,-2.941176470588235,False,False,False,True,80916000.0,1.2686613277967276,2024
2405,輔信,2024-05-14,2024-05-14,1,2024-05-15,2024-05-15,19.6,19.6,20.0,19.2,19.65,-0.255102040816312,1.9999999999999973,True,False,False,False,46738350.0,1.0098623507248328,2024
2476,鉅祥,2024-05-14,2024-05-14,1,2024-05-15,2024-05-15,89.3,89.3,93.5,88.8,90.7,-1.5677491601343847,-1.5677491601343847,False,False,False,False,64074000.0,0.9908855385959984,2024
4533,協易機,2024-05-14,2024-05-14,1,2024-05-15,2024-05-15,38.6,38.6,40.6,37.05,37.2,3.626943005181343,1.9999999999999958,True,False,False,False,192076500.0,0.9214953416997916,2024
8054,安國,2024-05-14,2024-05-14,1,2024-05-15,2024-05-15,157.0,157.0,162.0,152.0,155.5,0.9554140127388536,2.0000000000000093,True,False,False,False,63360500.0,1.1731125859170934,2024
2359,所羅門,2024-05-14,2024-05-15,2,2024-05-16,2024-05-16,130.0,130.0,134.5,118.0,120.0,7.6923076923076925,2.0000000000000067,True,False,False,False,122614000.0,0.815241326439069,2024
2365,昆盈,2024-05-15,2024-05-15,1,2024-05-16,2024-05-16,23.15,23.15,23.8,22.5,22.65,2.1598272138228944,2.000000000000004,True,False,False,False,81578450.0,1.024239244555394,2024
8096,擎亞,2024-05-15,2024-05-15,1,2024-05-16,2024-05-16,37.0,37.0,38.25,36.1,37.0,0.0,2.0000000000000053,True,False,False,False,233248000.0,0.9349619289340102,2024
2537,聯上發,2024-05-16,2024-05-16,1,2024-05-17,2024-05-17,17.75,17.75,18.25,17.1,17.9,-0.8450704225352033,2.0000000000000027,True,False,False,False,51677500.0,1.0145440472159064,2024
3059,華晶科,2024-05-16,2024-05-16,1,2024-05-17,2024-05-17,45.8,45.8,45.8,41.2,41.85,8.624454148471607,2.000000000000009,True,False,False,False,396065800.0,0.7885723786300155,2024
3362,先進光,2024-05-16,2024-05-16,1,2024-05-17,2024-05-17,223.0,223.0,226.0,213.0,214.5,3.811659192825112,2.0000000000000036,True,False,False,False,95444000.0,0.4404886635094924,2024
2359,所羅門,2024-05-17,2024-05-17,1,2024-05-20,2024-05-20,140.0,140.0,144.5,135.0,138.0,1.4285714285714286,2.000000000000008,True,False,False,False,140316000.0,0.0,2024
2467,志聖,2024-05-15,2024-05-17,3,2024-05-20,2024-05-20,162.5,162.5,162.5,144.0,144.0,11.384615384615383,2.0,True,False,False,False,51612000.0,1.4285049988374796,2024
4760,勤凱科技,2024-05-17,2024-05-17,1,2024-05-20,2024-05-20,127.0,127.0,135.0,127.0,134.5,-5.905511811023622,-5.905511811023622,False,False,False,False,98556000.0,1.0453650716344007,2024
4976,佳凌,2024-05-17,2024-05-17,1,2024-05-20,2024-05-20,48.7,48.7,50.1,45.6,47.0,3.490759753593435,2.0000000000000075,True,False,False,False,98644200.0,0.9700722394220844,2024
8028,昇陽半導體,2024-05-17,2024-05-17,1,2024-05-20,2024-05-20,59.2,59.2,59.5,57.0,58.4,1.3513513513513586,2.0000000000000075,True,False,False,False,132064800.0,0.400197478813431,2024
3338,泰碩,2024-05-20,2024-05-20,1,2024-05-21,2024-05-21,82.0,82.0,88.8,81.4,87.6,-6.8292682926829205,-6.8292682926829205,False,False,False,False,228583200.0,0.2778419411400313,2024
3013,晟銘電,2024-05-21,2024-05-21,1,2024-05-22,2024-05-22,91.0,91.0,95.0,87.9,89.1,2.087912087912094,2.000000000000008,True,False,False,False,91133500.0,1.3110777046859825,2024
3060,銘異,2024-05-21,2024-05-21,1,2024-05-22,2024-05-22,36.2,36.2,38.7,34.9,35.15,2.900552486187857,2.00000000000001,True,False,False,False,125136000.0,0.9974559679069172,2024
5392,能率,2024-05-21,2024-05-21,1,2024-05-22,2024-05-22,42.05,42.05,45.4,41.65,43.2,-2.734839476813331,-2.734839476813331,False,False,False,False,166262400.0,1.0442577516022866,2024
5426,振發,2024-05-20,2024-05-21,2,2024-05-22,2024-05-22,40.9,40.9,41.45,38.6,39.55,3.300733496332522,1.999999999999995,True,False,False,False,43843600.0,0.8380231094161976,2024
6125,廣運,2024-05-21,2024-05-21,1,2024-05-22,2024-05-22,106.0,106.0,109.5,103.0,104.0,1.8867924528301887,2.000000000000004,True,False,False,False,96600000.0,2.4438923395445133,2024
6230,尼得科超眾,2024-05-21,2024-05-21,1,2024-05-22,2024-05-22,376.0,376.0,403.5,365.0,368.0,2.127659574468085,1.9999999999999951,True,False,False,False,184601000.0,0.6518707915991788,2024
8110,華東,2024-05-21,2024-05-21,1,2024-05-22,2024-05-22,20.35,20.35,20.5,19.65,19.75,2.948402948402955,2.0,True,False,False,False,109815750.0,0.4623858599517829,2024
2353,宏碁,2024-05-22,2024-05-22,1,2024-05-23,2024-05-23,54.4,54.4,55.7,51.8,53.3,2.0220588235294144,2.0000000000000018,True,False,False,False,213802000.0,-0.0,2024
2464,盟立,2024-05-21,2024-05-22,2,2024-05-23,2024-05-23,63.2,63.2,65.0,57.7,58.7,7.120253164556961,2.0000000000000044,True,False,False,False,278302000.0,0.7546787303001775,2024
3234,光環,2024-05-22,2024-05-22,1,2024-05-23,2024-05-23,51.4,51.4,51.4,48.5,49.0,4.669260700389103,1.9999999999999976,True,False,False,False,67899400.0,1.0687723308306112,2024
5443,均豪,2024-05-22,2024-05-22,1,2024-05-23,2024-05-23,62.2,62.2,63.3,56.3,57.1,8.199356913183282,1.9999999999999998,True,False,False,False,156651000.0,0.8631467402059356,2024
6209,今國光,2024-05-21,2024-05-22,2,2024-05-23,2024-05-23,32.8,32.8,33.65,30.55,31.8,3.0487804878048674,1.9999999999999967,True,False,False,False,69347550.0,0.9886549705072494,2024
6526,達發,2024-05-22,2024-05-22,1,2024-05-23,2024-05-23,763.0,763.0,770.0,731.0,760.0,0.3931847968545215,1.9999999999999987,True,False,False,False,381000000.0,0.3989501312335958,2024
4979,華星光,2024-05-22,2024-05-23,2,2024-05-24,2024-05-24,143.0,143.0,146.0,137.0,139.5,2.4475524475524475,2.0000000000000093,True,False,False,False,42991000.0,0.476995185038729,2024
5340,建榮,2024-05-23,2024-05-23,1,2024-05-24,2024-05-24,56.9,56.9,60.4,56.3,59.1,-3.8664323374341,-3.8664323374341003,False,False,False,False,74750000.0,1.0689391304347826,2024
6125,廣運,2024-05-23,2024-05-23,1,2024-05-24,2024-05-24,114.0,114.0,119.0,111.0,119.0,-4.385964912280701,2.000000000000001,True,False,False,False,50616000.0,0.0,2024
2489,瑞軒,2024-05-24,2024-05-24,1,2024-05-27,2024-05-27,20.1,20.1,20.55,19.2,20.4,-1.4925373134328217,2.000000000000005,True,False,False,False,161069400.00000003,0.9082321036770484,2024
5498,凱崴,2024-05-24,2024-05-24,1,2024-05-27,2024-05-27,17.55,17.55,18.25,17.3,17.65,-0.5698005698005576,-0.5698005698005576,False,False,False,False,39877200.00000001,0.8055480324596509,2024
2354,鴻準,2024-05-27,2024-05-27,1,2024-05-28,2024-05-28,73.9,73.9,76.9,71.7,72.7,1.6238159675236843,1.9999999999999925,True,False,False,False,445588000.0,0.706788333617602,2024
3450,聯鈞,2024-05-24,2024-05-27,2,2024-05-28,2024-05-28,99.0,99.0,101.0,93.8,97.9,1.1111111111111054,2.000000000000004,True,False,False,False,312536200.0,-0.0,2024
5371,中光電,2024-05-27,2024-05-27,1,2024-05-28,2024-05-28,124.5,124.5,127.5,117.5,121.0,2.8112449799196786,2.000000000000007,True,False,False,False,498000000.0,0.7017028112449799,2024
6188,廣明,2024-05-27,2024-05-27,1,2024-05-28,2024-05-28,129.0,129.0,131.5,121.5,123.0,4.651162790697675,1.9999999999999987,True,False,False,False,330298500.0,0.9644912102234796,2024
8027,鈦昇,2024-05-27,2024-05-27,1,2024-05-28,2024-05-28,113.5,113.5,121.5,112.0,116.5,-2.643171806167401,-2.643171806167401,False,False,False,False,57128500.0,0.6342105954120973,2024
8064,東捷,2024-05-27,2024-05-27,1,2024-05-28,2024-05-28,39.0,39.0,40.05,37.4,38.25,1.9230769230769231,2.0000000000000027,True,False,False,False,184045400.0,1.0433023590918329,2024
8210,勤誠,2024-05-27,2024-05-27,1,2024-05-28,2024-05-28,346.5,346.5,347.5,328.5,329.5,4.9062049062049065,2.000000000000002,True,False,False,False,51150000.0,3.981055718475073,2024
2401,凌陽,2024-05-28,2024-05-28,1,2024-05-29,2024-05-29,38.0,38.0,39.5,36.6,36.85,3.0263157894736805,1.999999999999995,True,False,False,False,96483150.0,0.9372610657923172,2024
2489,瑞軒,2024-05-28,2024-05-28,1,2024-05-29,2024-05-29,23.4,23.4,24.3,22.85,23.55,-0.6410256410256502,2.0,True,False,False,False,233676800.0,1.066153978486525,2024
2495,普安,2024-05-27,2024-05-28,2,2024-05-29,2024-05-29,32.0,32.0,32.0,29.65,30.7,4.062500000000002,2.0000000000000018,True,False,False,False,149243300.0,0.626575531363887,2024
2605,新興,2024-05-28,2024-05-28,1,2024-05-29,2024-05-29,33.2,33.2,34.8,32.2,32.8,1.2048192771084507,2.000000000000004,True,False,False,False,179740400.00000003,1.3091503078884876,2024
3537,堡達,2024-05-24,2024-05-28,3,2024-05-29,2024-05-29,71.6,71.6,71.9,63.4,64.4,10.055865921787694,2.000000000000003,True,False,False,False,79642900.00000001,0.943647205212266,2024
1815,富喬,2024-05-29,2024-05-29,1,2024-05-30,2024-05-30,27.65,27.65,28.95,25.3,25.85,6.50994575045207,2.000000000000003,True,False,False,False,356546750.0,0.8661695836520736,2024
2405,輔信,2024-05-29,2024-05-29,1,2024-05-30,2024-05-30,23.4,23.4,23.6,21.3,21.3,8.974358974358966,2.0,True,False,False,False,109604900.0,0.9100678893005696,2024
4533,協易機,2024-05-29,2024-05-29,1,2024-05-30,2024-05-30,49.15,49.15,49.6,45.9,46.35,5.696846388606302,2.0000000000000084,True,False,False,True,166869500.0,0.9513347256388974,2024
4566,時碩工業,2024-05-29,2024-05-29,1,2024-05-30,2024-05-30,64.4,64.4,67.5,63.0,65.4,-1.5527950310559004,2.0000000000000058,True,False,False,False,41529000.0,0.4094488188976378,2024
4967,十銓,2024-05-29,2024-05-29,1,2024-05-30,2024-05-30,125.5,125.5,128.0,120.5,121.5,3.187250996015936,2.000000000000004,True,False,False,False,141608000.0,0.990134738150387,2024
6209,今國光,2024-05-29,2024-05-29,1,2024-05-30,2024-05-30,35.3,35.3,35.9,33.25,33.35,5.524079320113303,2.000000000000009,True,False,False,False,185783800.00000003,0.9609155911333496,2024
8105,凌巨,2024-05-29,2024-05-29,1,2024-05-30,2024-05-30,15.2,15.2,15.95,14.85,15.1,0.657894736842103,2.0000000000000018,True,False,False,False,60090000.0,1.0054102180063238,2024
3312,弘憶股,2024-05-28,2024-05-30,3,2024-05-31,2024-05-31,75.5,75.5,75.9,65.5,67.4,10.728476821192046,2.0000000000000067,True,False,False,False,165252800.0,0.93318358297106,2024
6435,大中,2024-05-30,2024-05-30,1,2024-05-31,2024-05-31,120.0,120.0,120.0,112.0,116.0,3.333333333333333,2.000000000000005,True,False,False,False,91845000.0,0.9232511296205564,2024
6270,倍微,2024-05-31,2024-05-31,1,2024-06-03,2024-06-03,30.35,30.35,32.3,29.65,31.6,-4.118616144975288,1.9999999999999976,True,False,False,False,91747900.0,0.7670279101756007,2024
2351,順德,2024-06-03,2024-06-03,1,2024-06-04,2024-06-04,146.5,146.5,150.0,142.0,146.0,0.3412969283276451,2.0000000000000044,True,False,False,False,137042500.0,0.214137949906051,2024
2425,承啟,2024-06-03,2024-06-03,1,2024-06-04,2024-06-04,43.6,43.6,43.7,41.5,42.3,2.9816513761467984,1.9999999999999998,True,False,False,False,51392200.00000001,0.4271796109137183,2024
2465,麗臺,2024-06-03,2024-06-03,1,2024-06-04,2024-06-04,141.5,141.5,148.5,127.0,128.0,9.540636042402827,2.000000000000009,True,False,False,False,228800000.0,1.1502097902097903,2024
3312,弘憶股,2024-06-03,2024-06-03,1,2024-06-04,2024-06-04,74.8,74.8,74.8,68.5,69.7,6.81818181818181,1.9999999999999933,True,False,False,False,146569800.0,0.6714643807933149,2024
5474,聰泰,2024-06-03,2024-06-03,1,2024-06-04,2024-06-04,184.0,184.0,184.0,167.0,168.0,8.695652173913043,2.000000000000004,True,False,False,False,42108000.0,0.6503277286976347,2024
6117,迎廣,2024-05-31,2024-06-03,2,2024-06-04,2024-06-04,162.5,162.5,163.5,153.0,157.5,3.076923076923077,2.0,True,False,False,False,370261500.0,1.026429969089414,2024
6125,廣運,2024-05-31,2024-06-03,2,2024-06-04,2024-06-04,134.5,134.5,140.0,121.5,121.5,9.66542750929368,1.9999999999999982,True,False,False,False,851626000.0,0.7812513943914348,2024
3048,益登,2024-05-31,2024-06-04,3,2024-06-05,2024-06-05,38.8,38.8,38.8,34.35,34.65,10.695876288659791,2.000000000000009,True,False,False,False,193443450.0,0.7352962842629203,2024
3372,典範,2024-05-31,2024-06-04,3,2024-06-05,2024-06-05,26.75,26.75,26.8,24.05,24.05,10.09345794392523,2.0000000000000004,True,False,False,False,204769900.0,0.4822451932632677,2024
6683,雍智科技,2024-06-05,2024-06-05,1,2024-06-06,2024-06-06,343.0,343.0,366.5,337.0,351.5,-2.478134110787172,-2.478134110787172,False,False,False,False,50811500.0,1.0860828749397282,2024
2615,萬海,2024-06-05,2024-06-06,2,2024-06-07,2024-06-07,97.7,97.7,101.5,94.5,96.2,1.5353121801432956,2.000000000000008,True,False,False,False,170016000.0,1.1769245247506115,2024
3122,笙泉,2024-06-04,2024-06-06,3,2024-06-07,2024-06-07,57.2,57.2,59.5,53.6,57.5,-0.5244755244755195,1.999999999999997,True,False,False,False,93078400.0,1.172506188331557,2024
1316,上曜,2024-06-07,2024-06-07,1,2024-06-11,2024-06-11,21.0,21.0,21.65,20.15,20.15,4.047619047619054,2.000000000000008,True,False,False,False,99247250.0,0.9729115920088464,2024
1514,亞力,2024-06-07,2024-06-07,1,2024-06-11,2024-06-11,122.5,122.5,126.5,120.0,124.5,-1.6326530612244898,2.0000000000000027,True,False,False,False,248980000.0,1.1525925777170858,2024
1608,華榮,2024-06-07,2024-06-07,1,2024-06-11,2024-06-11,40.0,40.0,40.25,37.05,37.45,6.374999999999993,1.9999999999999927,True,False,False,False,244194700.0,0.9410245185501568,2024
2537,聯上發,2024-06-07,2024-06-07,1,2024-06-11,2024-06-11,24.2,24.2,25.55,23.55,24.75,-2.272727272727276,2.000000000000007,True,False,False,False,53081899.99999999,1.0406937204583862,2024
3047,訊舟,2024-06-07,2024-06-07,1,2024-06-11,2024-06-11,26.95,26.95,28.2,25.4,26.55,1.484230055658622,2.0000000000000058,True,False,False,False,98212800.0,0.9548103709496116,2024
4967,十銓,2024-06-07,2024-06-07,1,2024-06-11,2024-06-11,149.0,149.0,152.0,144.0,146.5,1.6778523489932886,1.9999999999999931,True,False,False,False,40754000.0,0.5212371791725966,2024
9958,世紀鋼,2024-06-07,2024-06-07,1,2024-06-11,2024-06-11,332.0,332.0,336.0,322.0,324.5,2.2590361445783134,1.9999999999999958,True,False,False,False,104164500.0,-0.0,2024
2351,順德,2024-06-11,2024-06-11,1,2024-06-12,2024-06-12,169.0,169.0,170.0,148.0,152.0,10.059171597633137,1.9999999999999973,True,False,False,False,240018000.0,0.7111799948337209,2024
6805,富世達,2024-06-11,2024-06-11,1,2024-06-12,2024-06-12,778.0,778.0,798.0,757.0,797.0,-2.442159383033419,2.0000000000000075,True,False,False,False,248000000.0,0.0,2024
4967,十銓,2024-06-12,2024-06-12,1,2024-06-13,2024-06-13,172.0,172.0,177.0,162.5,168.0,2.3255813953488373,1.9999999999999987,True,False,False,False,65527000.0,1.071680376028202,2024
1587,吉茂,2024-06-13,2024-06-13,1,2024-06-14,2024-06-14,67.7,67.7,70.0,65.5,67.8,-0.1477104874446001,1.9999999999999987,True,False,False,False,57573100.0,1.02571860816944,2024
1785,光洋科,2024-06-13,2024-06-13,1,2024-06-14,2024-06-14,53.9,53.9,53.9,51.9,52.2,3.1539888682745745,2.0000000000000058,True,False,False,False,48006600.0,-0.0,2024
2241,艾姆勒,2024-06-13,2024-06-13,1,2024-06-14,2024-06-14,47.0,47.0,48.55,46.0,46.3,1.4893617021276655,1.9999999999999951,True,False,False,False,42774050.0,0.9882604055496262,2024
2455,全新,2024-06-13,2024-06-13,1,2024-06-14,2024-06-14,158.0,158.0,163.0,154.0,158.5,-0.3164556962025316,1.999999999999998,True,False,False,False,100368000.0,0.0,2024
2486,一詮,2024-06-13,2024-06-13,1,2024-06-14,2024-06-14,125.5,125.5,126.0,119.0,122.0,2.788844621513944,2.000000000000004,True,False,False,False,146370000.0,1.0518822163011543,2024
3374,精材,2024-06-13,2024-06-13,1,2024-06-14,2024-06-14,173.5,173.5,179.0,172.0,175.5,-1.1527377521613833,-1.1527377521613833,False,False,False,False,284931000.0,0.4237657538140813,2024
3376,新日興,2024-06-13,2024-06-13,1,2024-06-14,2024-06-14,273.5,273.5,273.5,260.0,266.0,2.742230347349177,2.00000000000001,True,False,False,False,311542000.0,1.022873320451175,2024
6451,訊芯-KY,2024-06-13,2024-06-13,1,2024-06-14,2024-06-14,216.5,216.5,220.0,203.0,206.5,4.618937644341801,2.0000000000000058,True,False,False,True,46216000.0,0.902566210836074,2024
6515,穎崴,2024-06-13,2024-06-13,1,2024-06-14,2024-06-14,1000.0,1000.0,1065.0,994.0,1010.0,-1.0,-1.0,False,False,False,False,76461000.0,1.0039104903153242,2024
9958,世紀鋼,2024-06-13,2024-06-13,1,2024-06-14,2024-06-14,365.0,365.0,369.0,354.0,355.0,2.73972602739726,2.000000000000003,True,False,False,False,150954000.0,0.1552128462975475,2024
1503,士電,2024-06-14,2024-06-14,1,2024-06-17,2024-06-17,276.5,276.5,282.0,262.0,262.0,5.244122965641953,2.0000000000000107,True,False,False,False,278663000.0,0.9768717052497102,2024
1519,華城,2024-06-14,2024-06-14,1,2024-06-17,2024-06-17,935.0,935.0,964.0,904.0,905.0,3.2085561497326207,2.000000000000005,True,False,False,True,300840000.0,0.4482282941098258,2024
2615,萬海,2024-06-14,2024-06-14,1,2024-06-17,2024-06-17,94.0,94.0,94.1,88.5,89.1,5.212765957446814,1.9999999999999951,True,False,False,False,73868800.0,0.9625416955466988,2024
6230,尼得科超眾,2024-06-14,2024-06-14,1,2024-06-17,2024-06-17,340.0,340.0,351.5,320.5,323.0,5.0,2.0000000000000036,True,False,False,False,174895000.0,0.965888104291146,2024
8085,福華,2024-06-14,2024-06-14,1,2024-06-17,2024-06-17,87.0,87.0,93.5,86.5,93.0,-6.896551724137931,-6.896551724137931,False,False,False,False,158525000.0,-0.0,2024
5439,高技,2024-06-17,2024-06-17,1,2024-06-18,2024-06-18,102.5,102.5,105.5,98.6,99.7,2.731707317073168,1.9999999999999973,True,False,False,False,60294800.0,1.02684974491996,2024
6449,鈺邦,2024-06-14,2024-06-17,2,2024-06-18,2024-06-18,152.5,152.5,154.5,141.0,148.0,2.950819672131148,2.000000000000007,True,False,False,False,83017500.0,0.7041888758394315,2024
8096,擎亞,2024-06-17,2024-06-17,1,2024-06-18,2024-06-18,45.5,45.5,45.7,43.0,44.75,1.6483516483516485,2.000000000000008,True,False,False,True,51691799.99999999,0.9401587872738038,2024
2365,昆盈,2024-06-17,2024-06-18,2,2024-06-19,2024-06-19,41.95,41.95,42.0,35.35,35.55,15.25625744934447,1.9999999999999967,True,False,False,False,234258500.0,0.8420908953143641,2024
3287,廣寰科,2024-06-18,2024-06-18,1,2024-06-19,2024-06-19,55.4,55.4,56.5,49.95,50.9,8.12274368231047,2.000000000000007,True,False,False,False,44149000.0,0.960377358490566,2024
6451,訊芯-KY,2024-06-17,2024-06-18,2,2024-06-19,2024-06-19,254.0,254.0,258.5,235.0,245.5,3.346456692913386,2.000000000000005,True,False,False,False,63333000.0,-0.0,2024
4526,東台,2024-06-18,2024-06-19,2,2024-06-20,2024-06-20,30.1,30.1,31.15,26.3,30.95,-2.823920265780724,2.000000000000001,True,False,False,False,97327450.0,0.8322025286802438,2024
3163,波若威,2024-06-20,2024-06-20,1,2024-06-21,2024-06-21,138.0,138.0,141.0,134.5,135.5,1.8115942028985508,1.9999999999999933,True,False,False,False,71599000.0,0.4787985865724382,2024
3374,精材,2024-06-20,2024-06-20,1,2024-06-21,2024-06-21,180.0,180.0,182.5,178.0,179.0,0.5555555555555556,0.5555555555555556,False,False,False,False,249075000.0,0.5957683428686139,2024
3483,力致,2024-06-20,2024-06-20,1,2024-06-21,2024-06-21,211.0,211.0,232.0,210.0,228.5,-8.293838862559241,-8.293838862559241,False,False,False,False,76254000.0,0.8450310803367692,2024
3588,通嘉,2024-06-20,2024-06-20,1,2024-06-21,2024-06-21,95.9,95.9,96.9,90.6,91.0,5.109489051094896,2.0000000000000067,True,False,False,False,71630000.0,0.7177858439201452,2024
4909,新復興,2024-06-19,2024-06-20,2,2024-06-21,2024-06-21,113.0,113.0,118.0,110.0,111.5,1.327433628318584,2.0000000000000044,True,False,False,False,110572000.0,1.0063759360416742,2024
6695,芯鼎,2024-06-20,2024-06-20,1,2024-06-21,2024-06-21,75.8,75.8,82.0,73.0,77.9,-2.770448548812676,2.000000000000007,True,False,False,False,130875000.0,1.0350953199617956,2024
8027,鈦昇,2024-06-20,2024-06-20,1,2024-06-21,2024-06-21,128.5,128.5,133.5,125.0,131.0,-1.9455252918287935,2.0000000000000058,True,False,False,False,97092000.0,0.9606558727804556,2024
1785,光洋科,2024-06-21,2024-06-21,1,2024-06-24,2024-06-24,67.0,67.0,70.1,66.2,66.5,0.7462686567164178,0.7462686567164178,False,False,False,False,152988200.0,1.0432177122157134,2024
3047,訊舟,2024-06-21,2024-06-21,1,2024-06-24,2024-06-24,28.6,28.6,29.0,26.2,26.2,8.391608391608399,1.999999999999997,True,False,False,False,95798800.0,0.9254896721044522,2024
3062,建漢,2024-06-20,2024-06-21,2,2024-06-24,2024-06-24,35.5,35.5,37.05,33.9,34.45,2.9577464788732315,2.0000000000000027,True,False,False,False,43679000.0,0.954337324572449,2024
3481,群創,2024-06-21,2024-06-21,1,2024-06-24,2024-06-24,16.1,16.1,16.55,15.65,15.9,1.242236024844727,2.0000000000000058,True,False,False,False,216543600.0,1.0246643170243774,2024
6449,鈺邦,2024-06-21,2024-06-21,1,2024-06-24,2024-06-24,165.0,165.0,173.5,156.5,157.0,4.848484848484849,2.000000000000007,True,False,False,False,95712500.0,0.6971398720125376,2024
8064,東捷,2024-06-21,2024-06-21,1,2024-06-24,2024-06-24,48.5,48.5,50.5,45.0,45.3,6.597938144329903,1.9999999999999976,True,False,False,False,217845000.0,0.9769303862838256,2024
3535,晶彩科,2024-06-21,2024-06-24,2,2024-06-25,2024-06-25,44.15,44.15,44.15,40.2,41.65,5.662514156285391,2.000000000000006,True,False,False,False,78720200.00000001,0.9518312961603244,2024
5452,佶優,2024-06-21,2024-06-24,2,2024-06-25,2024-06-25,33.5,33.5,33.6,29.1,32.35,3.432835820895518,2.0000000000000053,True,False,False,False,107149000.0,1.0754248756404632,2024
8110,華東,2024-06-24,2024-06-24,1,2024-06-25,2024-06-25,23.0,23.0,23.45,20.9,21.4,6.956521739130441,2.000000000000004,True,False,False,False,124101250.0,0.8315049203775142,2024
3663,鑫科,2024-06-26,2024-06-26,1,2024-06-27,2024-06-27,58.2,58.2,62.0,56.6,57.9,0.5154639175257805,2.0000000000000027,True,False,False,False,144047000.0,1.0213603893173755,2024
5443,均豪,2024-06-26,2024-06-26,1,2024-06-27,2024-06-27,78.1,78.1,80.9,76.4,77.5,0.7682458386683666,1.999999999999997,True,False,False,False,197112000.00000003,1.0226546328990622,2024
6160,欣技,2024-06-26,2024-06-26,1,2024-06-27,2024-06-27,31.7,31.7,31.8,28.8,29.0,8.517350157728705,2.000000000000001,True,False,False,False,44867250.0,0.932038402175306,2024
6446,藥華藥,2024-06-26,2024-06-26,1,2024-06-27,2024-06-27,546.0,546.0,564.0,540.0,544.0,0.3663003663003663,0.3663003663003663,False,False,False,False,48327000.0,0.5290624288699899,2024
6806,,2024-06-26,2024-06-26,1,2024-06-27,2024-06-27,166.0,166.0,176.0,157.0,159.0,4.216867469879518,1.9999999999999958,True,False,False,False,115212500.0,1.1509688618856462,2024
6869,雲豹能源,2024-06-26,2024-06-26,1,2024-06-27,2024-06-27,221.5,221.5,235.0,215.0,215.0,2.9345372460496613,2.000000000000003,True,False,False,False,145002000.0,0.9697107626101708,2024
8076,伍豐,2024-06-26,2024-06-26,1,2024-06-27,2024-06-27,36.0,36.0,38.0,35.55,36.85,-2.361111111111115,-2.361111111111115,False,False,False,False,83484750.0,1.0394922425952045,2024
2406,國碩,2024-06-27,2024-06-27,1,2024-06-28,2024-06-28,28.15,28.15,28.65,26.2,26.35,6.394316163410292,1.9999999999999958,True,False,False,True,228379000.0,0.9609865618117254,2024
3202,,2024-06-27,2024-06-27,1,2024-06-28,2024-06-28,18.7,18.7,19.1,18.35,18.45,1.3368983957219251,1.3368983957219251,False,False,False,False,58425000.0,0.6154736842105262,2024
3312,弘憶股,2024-06-26,2024-06-27,2,2024-06-28,2024-06-28,87.3,87.3,91.1,85.0,87.0,0.3436426116838455,1.9999999999999944,True,False,False,False,125125800.0,1.00331826050263,2024
3576,聯合再生,2024-06-27,2024-06-27,1,2024-06-28,2024-06-28,14.2,14.2,14.6,13.35,13.65,3.873239436619711,2.000000000000005,True,False,False,False,148802500.0,0.989424908855698,2024
4909,新復興,2024-06-27,2024-06-27,1,2024-06-28,2024-06-28,120.0,120.0,121.0,115.0,116.5,2.9166666666666665,2.000000000000005,True,False,False,True,107982500.0,1.0238557173616096,2024
2365,昆盈,2024-06-28,2024-06-28,1,2024-07-01,2024-07-01,39.8,39.8,42.65,39.2,40.6,-2.0100502512562923,-2.0100502512562923,False,False,False,False,317966000.0,0.6054898951460219,2024
1784,訊聯,2024-06-26,2024-07-01,4,2024-07-02,2024-07-02,138.5,138.5,142.0,130.0,140.0,-1.083032490974729,2.000000000000007,True,False,False,False,270903000.0,0.670276814948524,2024
2495,普安,2024-06-28,2024-07-01,2,2024-07-02,2024-07-02,36.2,36.2,36.85,33.3,35.5,1.933701657458571,2.00000000000001,True,False,False,False,69420100.0,1.0283837101934454,2024
3583,辛耘,2024-07-01,2024-07-01,1,2024-07-02,2024-07-02,393.5,393.5,394.0,381.0,389.0,1.1435832274459974,2.000000000000001,True,False,False,False,90909000.0,0.581944581944582,2024
5452,佶優,2024-06-28,2024-07-01,2,2024-07-02,2024-07-02,37.5,37.5,37.7,34.7,35.55,5.200000000000007,2.0,True,False,False,False,135892750.0,0.3829873190438783,2024
6139,亞翔,2024-07-01,2024-07-01,1,2024-07-02,2024-07-02,270.5,270.5,276.5,253.0,260.0,3.8817005545286505,2.0000000000000093,True,False,False,False,212922500.0,0.9329216029306436,2024
3455,由田,2024-07-01,2024-07-02,2,2024-07-03,2024-07-03,131.5,131.5,134.5,122.0,125.5,4.562737642585551,1.9999999999999967,True,False,False,False,74081000.0,1.1638409308729634,2024
3537,堡達,2024-07-02,2024-07-02,1,2024-07-03,2024-07-03,65.0,65.0,65.7,63.1,64.0,1.5384615384615383,2.0000000000000067,True,False,False,False,54887200.0,1.019108280254777,2024
3576,聯合再生,2024-07-02,2024-07-02,1,2024-07-03,2024-07-03,14.9,14.9,15.3,14.5,15.2,-2.0134228187919394,2.0000000000000004,True,False,False,False,280582200.0,1.038335289979193,2024
3663,鑫科,2024-07-02,2024-07-02,1,2024-07-03,2024-07-03,64.1,64.1,65.5,60.6,62.2,2.9641185647425767,2.0000000000000058,True,False,False,False,129742400.0,0.634740840311263,2024
4906,正文,2024-07-02,2024-07-02,1,2024-07-03,2024-07-03,41.0,41.0,41.5,39.5,39.8,2.926829268292689,2.000000000000001,True,False,False,False,224883400.0,0.7410177896634432,2024
6244,茂迪,2024-07-02,2024-07-02,1,2024-07-03,2024-07-03,34.95,34.95,35.3,33.65,34.4,1.5736766809728304,1.9999999999999942,True,False,False,False,82131500.0,1.0039607215258457,2024
2417,圓剛,2024-07-03,2024-07-03,1,2024-07-04,2024-07-04,56.3,56.3,57.2,53.0,53.2,5.506216696269972,1.9999999999999958,True,False,False,False,261866100.0,1.017005255739479,2024
2467,志聖,2024-07-01,2024-07-03,3,2024-07-04,2024-07-04,210.5,210.5,215.0,205.0,207.5,1.4251781472684086,2.000000000000004,True,False,False,False,224924500.0,1.0157074929587484,2024
3450,聯鈞,2024-07-03,2024-07-03,1,2024-07-04,2024-07-04,139.5,139.5,150.5,137.5,141.0,-1.0752688172043012,-1.0752688172043012,False,False,False,False,53900000.0,0.6225974025974026,2024
5474,聰泰,2024-07-03,2024-07-03,1,2024-07-04,2024-07-04,195.0,195.0,203.5,190.0,190.0,2.564102564102564,2.0000000000000027,True,False,False,False,169035000.0,0.9947643979057592,2024
2363,矽統,2024-07-04,2024-07-04,1,2024-07-05,2024-07-05,63.5,63.5,65.2,61.6,63.9,-0.6299212598425175,2.000000000000005,True,False,False,False,70686000.0,0.9889737713267124,2024
4534,慶騰,2024-07-01,2024-07-04,4,2024-07-05,2024-07-05,30.7,30.7,30.85,28.4,30.35,1.1400651465797975,2.0000000000000027,True,False,False,False,50031150.0,1.1653210050138765,2024
1785,光洋科,2024-07-05,2024-07-05,1,2024-07-08,2024-07-08,77.8,77.8,79.4,71.1,73.4,5.655526992287907,1.9999999999999967,True,False,False,False,220177200.0,1.0017703922113643,2024
2427,三商電,2024-07-05,2024-07-05,1,2024-07-08,2024-07-08,38.0,38.0,38.8,33.0,33.15,12.763157894736846,1.999999999999995,True,False,False,False,119836500.0,0.6915672603922844,2024
2464,盟立,2024-07-04,2024-07-05,2,2024-07-08,2024-07-08,93.2,93.2,98.5,85.0,86.9,6.759656652360511,2.0000000000000044,True,False,False,False,50478500.0,1.6853729805758888,2024
3019,亞光,2024-07-05,2024-07-05,1,2024-07-08,2024-07-08,80.9,80.9,82.7,76.7,79.0,2.3485784919653963,1.9999999999999938,True,False,False,False,224656000.0,0.7866382380172352,2024
3583,辛耘,2024-07-04,2024-07-05,2,2024-07-08,2024-07-08,460.5,460.5,472.0,422.0,443.0,3.800217155266016,2.000000000000008,True,False,False,False,116409500.0,1.0351045232562637,2024
4543,萬在,2024-07-05,2024-07-05,1,2024-07-08,2024-07-08,66.2,66.2,66.7,62.7,62.7,5.287009063444108,1.999999999999997,True,False,False,False,46963500.0,0.9572519083969464,2024
6231,系微,2024-07-05,2024-07-05,1,2024-07-08,2024-07-08,430.0,430.0,461.0,428.0,432.5,-0.5813953488372093,-0.5813953488372093,False,False,False,False,132108000.0,-0.0,2024
6442,光聖,2024-07-04,2024-07-05,2,2024-07-08,2024-07-08,395.5,395.5,409.5,395.0,395.0,0.1264222503160556,0.12642225031605564,False,False,False,False,66561500.0,1.6497524845443687,2024
6640,均華,2024-07-05,2024-07-05,1,2024-07-08,2024-07-08,815.0,815.0,869.0,732.0,735.0,9.8159509202454,2.0000000000000084,True,False,False,False,82472000.0,-0.0,2024
6706,惠特,2024-07-04,2024-07-05,2,2024-07-08,2024-07-08,133.0,133.0,137.5,120.5,124.5,6.390977443609022,1.9999999999999973,True,False,False,False,174952000.0,0.8112510860121633,2024
8028,昇陽半導體,2024-07-03,2024-07-05,3,2024-07-08,2024-07-08,122.5,122.5,123.5,110.0,116.5,4.8979591836734695,2.0000000000000027,True,False,False,False,77672000.0,0.5354632299927902,2024
8374,羅昇,2024-06-28,2024-07-05,6,2024-07-08,2024-07-09,144.0,112.5,112.5,108.5,108.5,3.555555555555556,2.0,True,False,True,False,154116000.0,1.0899387474369957,2024
2312,金寶,2024-07-05,2024-07-08,2,2024-07-09,2024-07-10,26.15,23.1,24.6,22.85,23.5,-1.7316017316017254,-1.7316017316017254,False,False,True,False,120753050.0,2.477806978788528,2024
2367,燿華,2024-07-08,2024-07-08,1,2024-07-09,2024-07-09,44.2,44.2,45.6,39.65,39.9,9.728506787330325,2.000000000000001,True,False,False,False,289042500.0,0.5837795479903475,2024
2405,輔信,2024-07-05,2024-07-08,2,2024-07-09,2024-07-09,30.6,30.6,30.6,25.2,26.25,14.215686274509808,2.0000000000000058,True,False,False,False,129895600.0,0.6139353450001387,2024
2449,京元電子,2024-07-08,2024-07-08,1,2024-07-09,2024-07-09,136.5,136.5,139.0,131.0,131.5,3.6630036630036633,1.9999999999999925,True,False,False,False,167846000.0,0.0,2024
3673,TPK-KY,2024-07-08,2024-07-08,1,2024-07-09,2024-07-09,53.3,53.3,53.9,47.8,48.55,8.911819887429644,2.000000000000005,True,False,False,False,151760699.99999997,1.0528288944370976,2024
4960,誠美材,2024-07-08,2024-07-08,1,2024-07-09,2024-07-09,18.0,18.0,18.1,15.8,16.0,11.11111111111111,1.999999999999997,True,False,False,False,137017400.0,0.6283581501327569,2024
2392,正崴,2024-07-09,2024-07-09,1,2024-07-10,2024-07-10,90.1,90.1,93.1,88.4,90.0,0.1109877913429459,0.11098779134294597,False,False,False,False,186575400.0,1.3193057605665055,2024
6643,M31,2024-07-09,2024-07-09,1,2024-07-10,2024-07-10,1435.0,1435.0,1450.0,1370.0,1405.0,2.0905923344947737,2.000000000000003,True,False,False,False,249570000.0,1.0189726329286373,2024
6806,,2024-07-09,2024-07-09,1,2024-07-10,2024-07-10,172.0,172.0,182.5,166.0,178.0,-3.488372093023256,1.9999999999999987,True,False,False,False,218085000.0,0.9541325629914942,2024
2362,藍天,2024-07-10,2024-07-10,1,2024-07-11,2024-07-11,61.0,61.0,61.4,56.5,56.5,7.377049180327869,1.9999999999999982,True,False,False,False,133962400.0,0.7393455178467988,2024
3048,益登,2024-07-10,2024-07-10,1,2024-07-11,2024-07-11,52.5,52.5,53.2,49.8,50.1,4.5714285714285685,2.000000000000008,True,False,False,False,93471900.0,0.9631739592326678,2024
3094,聯傑,2024-07-10,2024-07-10,1,2024-07-11,2024-07-11,40.05,40.05,40.05,38.8,39.65,0.99875156054931,2.000000000000005,True,False,False,False,41153750.0,0.3208322449351516,2024
3163,波若威,2024-07-10,2024-07-10,1,2024-07-11,2024-07-11,162.0,162.0,172.0,158.0,165.0,-1.851851851851852,2.0000000000000058,True,False,False,False,200960000.0,0.4179189888535032,2024
3450,聯鈞,2024-07-10,2024-07-10,1,2024-07-11,2024-07-11,150.0,150.0,152.5,143.0,143.5,4.333333333333334,2.0,True,False,False,False,40745000.0,-0.0,2024
3663,鑫科,2024-07-10,2024-07-10,1,2024-07-11,2024-07-11,68.0,68.0,68.0,62.8,64.5,5.147058823529411,1.9999999999999991,True,False,False,False,87132000.0,0.7409964192260019,2024
5452,佶優,2024-07-10,2024-07-10,1,2024-07-11,2024-07-11,42.15,42.15,43.4,39.6,40.55,3.795966785290633,2.0000000000000084,True,False,False,False,57902850.0,1.1856264415309437,2024
6530,創威,2024-07-10,2024-07-10,1,2024-07-11,2024-07-11,58.8,58.8,58.8,54.0,55.9,4.931972789115644,2.0000000000000036,True,False,False,False,55301400.0,0.9825212381603358,2024
8028,昇陽半導體,2024-07-10,2024-07-10,1,2024-07-11,2024-07-11,126.0,126.0,130.5,121.5,125.0,0.7936507936507936,1.999999999999997,True,False,False,False,343293000.0,0.9565444095859804,2024
8064,東捷,2024-07-10,2024-07-10,1,2024-07-11,2024-07-11,62.0,62.0,63.8,60.2,61.3,1.129032258064521,2.000000000000003,True,False,False,False,151197000.0,1.0107402924661204,2024
2312,金寶,2024-07-11,2024-07-11,1,2024-07-12,2024-07-12,26.5,26.5,28.4,25.6,27.55,-3.962264150943399,2.000000000000004,True,False,False,False,135996850.0,0.1590239038624791,2024
3013,晟銘電,2024-07-11,2024-07-11,1,2024-07-12,2024-07-12,101.0,101.0,101.5,96.4,100.5,0.495049504950495,1.9999999999999962,True,False,False,False,250920000.0,0.2975908656145385,2024
3019,亞光,2024-07-11,2024-07-11,1,2024-07-12,2024-07-12,89.5,89.5,92.8,87.1,90.1,-0.6703910614525076,2.000000000000007,True,False,False,False,233100000.0,1.0185049335049334,2024
3047,訊舟,2024-07-11,2024-07-11,1,2024-07-12,2024-07-12,45.15,45.15,45.45,42.0,42.0,6.976744186046509,1.9999999999999973,True,False,False,False,177949950.0,0.5558304455831541,2024
3363,上詮,2024-07-10,2024-07-11,2,2024-07-12,2024-07-12,194.5,194.5,194.5,176.5,178.5,8.226221079691516,2.0000000000000075,True,False,False,False,90068500.0,0.8442574262922109,2024
3374,精材,2024-07-11,2024-07-11,1,2024-07-12,2024-07-12,223.5,223.5,226.5,216.0,216.0,3.355704697986577,1.9999999999999993,True,False,False,False,189022500.0,0.6947744316152838,2024
3712,永崴投控,2024-07-11,2024-07-11,1,2024-07-12,2024-07-12,65.0,65.0,69.9,63.5,67.0,-3.076923076923077,2.0000000000000067,True,False,False,False,114275200.0,0.2954971857410882,2024
4109,加捷生醫,2024-07-11,2024-07-11,1,2024-07-12,2024-07-12,33.6,33.6,34.05,32.45,32.95,1.934523809523805,2.000000000000012,True,False,False,False,93699200.0,1.001871414056897,2024
1608,華榮,2024-07-12,2024-07-12,1,2024-07-15,2024-07-15,44.6,44.6,45.1,41.25,42.05,5.717488789237677,2.0000000000000067,True,False,False,False,167420750.0,0.9509054283892528,2024
1727,中華化,2024-07-12,2024-07-12,1,2024-07-15,2024-07-15,37.7,37.7,37.75,35.2,35.85,4.907161803713532,1.9999999999999938,True,False,False,False,64894500.0,1.0385779996763975,2024
3189,景碩,2024-07-11,2024-07-12,2,2024-07-15,2024-07-15,120.0,120.0,122.5,115.0,120.0,0.0,2.000000000000005,True,False,False,False,233964000.0,0.0,2024
5381,光譜,2024-07-12,2024-07-12,1,2024-07-15,2024-07-15,40.0,40.0,40.0,35.8,35.85,10.374999999999996,1.9999999999999927,True,False,False,False,74927500.0,0.9880250909212238,2024
2465,麗臺,2024-07-15,2024-07-15,1,2024-07-16,2024-07-16,127.0,127.0,129.0,125.0,125.0,1.574803149606299,1.574803149606299,False,False,False,False,100652500.0,1.0121457489878545,2024
6472,保瑞,2024-07-15,2024-07-15,1,2024-07-16,2024-07-16,950.0,950.0,975.0,932.0,937.0,1.368421052631579,1.368421052631579,False,False,False,False,124872000.0,0.157577359215837,2024
6695,芯鼎,2024-07-15,2024-07-15,1,2024-07-16,2024-07-16,77.3,77.3,78.9,74.5,76.0,1.6817593790426872,2.0000000000000084,True,False,False,False,128440000.0,1.0,2024
8054,安國,2024-07-15,2024-07-15,1,2024-07-16,2024-07-16,169.5,169.5,179.5,162.5,171.5,-1.1799410029498525,2.000000000000009,True,False,False,False,151929000.0,0.886121148694456,2024
8936,國統,2024-07-15,2024-07-15,1,2024-07-16,2024-07-16,84.2,84.2,85.7,82.0,83.9,0.3562945368170988,1.999999999999997,True,False,False,False,54328600.0,0.6702289401898817,2024
2348,海悅,2024-07-15,2024-07-16,2,2024-07-17,2024-07-18,340.0,305.5,334.5,297.0,328.5,-7.528641571194762,2.0000000000000044,True,False,True,False,190835500.0,1.0211936458363355,2024
2402,毅嘉,2024-07-16,2024-07-16,1,2024-07-17,2024-07-17,43.9,43.9,46.0,42.35,44.0,-0.2277904328018255,2.0000000000000004,True,False,False,False,105246800.0,1.2424890828034676,2024
3294,英濟,2024-07-16,2024-07-16,1,2024-07-17,2024-07-17,42.8,42.8,44.3,41.4,43.7,-2.1028037383177702,2.000000000000004,True,False,False,False,39835399.99999999,1.0213202327577988,2024
6117,迎廣,2024-07-16,2024-07-16,1,2024-07-17,2024-07-17,135.0,135.0,143.5,135.0,135.5,-0.3703703703703704,-0.3703703703703704,False,False,False,False,47029000.0,0.5964085989495843,2024
1611,中電,2024-07-17,2024-07-17,1,2024-07-18,2024-07-18,21.0,21.0,21.55,20.2,20.8,0.952380952380949,2.000000000000008,True,False,False,False,68415600.0,0.5578844590999713,2024
1709,和益,2024-07-17,2024-07-17,1,2024-07-18,2024-07-18,25.0,25.0,26.0,24.0,25.75,-3.0,2.0,True,False,False,False,64742700.00000001,1.016991104788648,2024
2362,藍天,2024-07-17,2024-07-17,1,2024-07-18,2024-07-18,59.8,59.8,62.6,58.8,60.5,-1.1705685618729145,-1.1705685618729145,False,False,False,False,238370000.0,0.7959390862944162,2024
2365,昆盈,2024-07-17,2024-07-17,1,2024-07-18,2024-07-18,66.3,66.3,69.8,62.3,66.9,-0.9049773755656236,2.0000000000000115,True,False,False,False,145238099.99999997,0.3012473999591017,2024
3163,波若威,2024-07-17,2024-07-17,1,2024-07-18,2024-07-18,173.5,173.5,190.0,170.5,172.0,0.8645533141210375,0.8645533141210375,False,False,False,False,112002500.0,1.0949398450927434,2024
3189,景碩,2024-07-17,2024-07-17,1,2024-07-18,2024-07-18,128.5,128.5,129.5,122.0,125.0,2.723735408560312,2.0000000000000058,True,False,False,False,91344000.0,2.141629444736381,2024
4909,新復興,2024-07-17,2024-07-17,1,2024-07-18,2024-07-18,136.5,136.5,139.5,124.0,129.5,5.128205128205128,1.9999999999999925,True,False,False,False,99225000.0,1.4095238095238096,2024
5508,永信建,2024-07-17,2024-07-17,1,2024-07-18,2024-07-18,256.5,256.5,275.0,251.5,265.0,-3.313840155945419,-3.313840155945419,False,False,False,False,267168000.0,0.7290356629536472,2024
6270,倍微,2024-07-17,2024-07-17,1,2024-07-18,2024-07-18,36.25,36.25,37.15,34.5,35.1,3.1724137931034444,2.000000000000004,True,False,False,False,56324800.0,0.2897746640911286,2024
8054,安國,2024-07-17,2024-07-17,1,2024-07-18,2024-07-18,187.0,187.0,190.0,173.0,175.0,6.417112299465241,2.000000000000005,True,False,False,False,225069000.0,0.8801745242570056,2024
1784,訊聯,2024-07-18,2024-07-18,1,2024-07-19,2024-07-19,168.0,168.0,173.5,145.5,145.5,13.392857142857142,2.000000000000008,True,False,False,False,51680000.0,0.4814338235294118,2024
2524,京城,2024-07-18,2024-07-18,1,2024-07-19,2024-07-22,86.0,75.4,75.4,67.9,72.0,4.509283819628655,1.9999999999999938,True,False,True,False,95404000.0,0.9545427864659762,2024
1529,樂事綠能,2024-07-19,2024-07-19,1,2024-07-22,2024-07-22,41.7,41.7,43.25,38.6,39.0,6.474820143884899,2.000000000000007,True,False,False,False,151409100.0,0.9308951707658258,2024
5512,力麒,2024-07-19,2024-07-19,1,2024-07-22,2024-07-22,15.65,15.65,15.7,13.6,13.7,12.460063897763584,2.000000000000004,True,False,False,False,45408299.99999999,0.934386444768908,2024
3580,友威科,2024-07-22,2024-07-22,1,2024-07-23,2024-07-23,102.5,102.5,104.5,88.6,88.7,13.46341463414634,1.9999999999999973,True,False,False,False,162655200.0,0.0,2024
3686,達能,2024-07-19,2024-07-22,2,2024-07-23,2024-07-23,34.0,34.0,34.0,29.8,30.05,11.617647058823527,1.9999999999999991,True,False,False,False,55641500.00000001,0.5454651653891429,2024
2486,一詮,2024-07-23,2024-07-23,1,2024-07-26,2024-07-26,126.0,126.0,126.0,120.0,120.5,4.365079365079365,1.999999999999997,True,False,False,False,141246000.0,0.2533770867847585,2024
2524,京城,2024-07-23,2024-07-23,1,2024-07-26,2024-07-26,84.2,84.2,85.0,76.7,84.8,-0.7125890736341975,1.999999999999997,True,False,False,False,49579200.00000001,1.062155097298867,2024
6177,達麗,2024-07-23,2024-07-23,1,2024-07-26,2024-07-26,71.3,71.3,74.2,69.7,70.7,0.8415147265077059,2.0000000000000027,True,False,False,False,72786900.0,0.1923230691237022,2024
2349,錸德,2024-07-29,2024-07-29,1,2024-07-30,2024-07-30,16.5,16.5,17.65,16.05,17.15,-3.9393939393939306,2.000000000000011,True,False,False,False,118866300.0,1.067525867297964,2024
3374,精材,2024-07-30,2024-07-30,1,2024-07-31,2024-07-31,228.0,228.0,236.0,224.5,234.5,-2.850877192982456,-2.850877192982456,False,False,False,False,210451500.0,0.0,2024
5443,均豪,2024-07-30,2024-07-30,1,2024-07-31,2024-07-31,105.0,105.0,115.0,104.0,105.0,0.0,0.0,False,False,False,False,84270000.0,0.933250266998932,2024
1316,上曜,2024-08-01,2024-08-01,1,2024-08-02,2024-08-02,22.25,22.25,23.05,21.25,21.55,3.1460674157303337,2.0000000000000013,True,False,False,False,211659550.00000003,0.8925054409309667,2024
2359,所羅門,2024-08-01,2024-08-01,1,2024-08-02,2024-08-02,148.0,148.0,163.5,146.0,159.5,-7.77027027027027,-7.77027027027027,False,False,False,False,115814000.0,0.596331186212375,2024
2365,昆盈,2024-08-01,2024-08-01,1,2024-08-02,2024-08-02,62.0,62.0,66.6,59.9,64.3,-3.7096774193548345,2.000000000000003,True,False,False,False,123566000.0,0.8211433565867633,2024
6215,和椿,2024-08-01,2024-08-01,1,2024-08-02,2024-08-02,60.9,60.9,65.2,60.8,62.9,-3.284072249589491,-3.284072249589491,False,False,False,False,102590400.0,0.9858934169278996,2024
6805,富世達,2024-08-01,2024-08-01,1,2024-08-02,2024-08-02,725.0,725.0,785.0,725.0,744.0,-2.6206896551724137,-2.6206896551724137,False,False,False,False,94743000.0,0.8952218105823122,2024
8054,安國,2024-08-01,2024-08-01,1,2024-08-02,2024-08-02,181.0,181.0,186.0,171.0,178.0,1.6574585635359116,2.0000000000000027,True,False,False,False,53534000.0,0.7880225650988157,2024
2359,所羅門,2024-08-07,2024-08-07,1,2024-08-08,2024-08-08,147.5,147.5,158.0,144.0,152.0,-3.050847457627119,1.9999999999999925,True,False,False,False,259216500.0,0.9980228882034902,2024
3374,精材,2024-08-07,2024-08-07,1,2024-08-08,2024-08-08,206.5,206.5,213.5,203.0,206.0,0.2421307506053268,0.24213075060532688,False,False,False,False,96789000.0,-0.0,2024
5274,信驊,2024-08-07,2024-08-07,1,2024-08-08,2024-08-08,4205.0,4205.0,4225.0,4065.0,4190.0,0.356718192627824,2.000000000000009,True,False,False,False,424705000.0,-0.0,2024
9958,世紀鋼,2024-08-07,2024-08-07,1,2024-08-08,2024-08-08,189.0,189.0,198.0,185.0,188.0,0.5291005291005291,2.000000000000001,True,False,False,False,105808000.0,0.9115000756086497,2024
3450,聯鈞,2024-08-08,2024-08-08,1,2024-08-09,2024-08-09,126.0,126.0,128.5,122.0,122.5,2.7777777777777777,1.999999999999997,True,False,False,False,45262000.0,0.0,2024
1513,中興電,2024-08-09,2024-08-09,1,2024-08-12,2024-08-12,179.0,179.0,184.5,177.5,181.5,-1.3966480446927374,-1.3966480446927374,False,False,False,False,40292500.0,0.0,2024
2312,金寶,2024-08-09,2024-08-09,1,2024-08-12,2024-08-12,24.85,24.85,25.2,23.7,23.95,3.621730382293771,1.9999999999999993,True,False,False,False,62914800.0,1.088726341019919,2024
2359,所羅門,2024-08-09,2024-08-09,1,2024-08-12,2024-08-12,169.5,169.5,170.0,156.5,159.0,6.1946902654867255,2.000000000000009,True,False,False,False,331328000.0,0.9420181813791773,2024
2449,京元電子,2024-08-09,2024-08-09,1,2024-08-12,2024-08-12,112.5,112.5,120.5,111.5,118.5,-5.333333333333334,-5.333333333333334,False,False,False,False,226205500.0,0.0,2024
3167,大量,2024-08-07,2024-08-09,3,2024-08-12,2024-08-12,80.4,80.4,81.7,75.5,80.1,0.3731343283582231,2.000000000000005,True,False,False,False,87272000.0,1.0196981849848747,2024
6187,萬潤,2024-08-09,2024-08-09,1,2024-08-12,2024-08-12,292.0,292.0,303.5,289.5,295.5,-1.1986301369863013,-1.1986301369863013,False,False,False,False,199084000.0,-0.0,2024
3013,晟銘電,2024-08-09,2024-08-12,2,2024-08-13,2024-08-13,106.0,106.0,108.0,102.0,106.0,0.0,2.000000000000004,True,False,False,False,157216500.0,0.9641481651098962,2024
3062,建漢,2024-08-12,2024-08-12,1,2024-08-13,2024-08-13,29.8,29.8,31.9,29.1,30.75,-3.187919463087246,2.0000000000000004,True,False,False,False,48546000.0,0.7449017426770486,2024
3324,雙鴻,2024-08-12,2024-08-12,1,2024-08-13,2024-08-13,608.0,608.0,617.0,581.0,585.0,3.782894736842105,1.999999999999995,True,False,False,True,51480000.0,1.0909090909090908,2024
4979,華星光,2024-08-12,2024-08-12,1,2024-08-13,2024-08-13,103.0,103.0,105.0,96.3,96.9,5.9223300970873725,2.000000000000002,True,False,False,False,43500000.0,0.1514758620689655,2024
3413,京鼎,2024-08-13,2024-08-13,1,2024-08-14,2024-08-14,347.0,347.0,352.5,333.5,336.5,3.025936599423631,1.9999999999999993,True,False,False,False,212382000.0,0.274102795905491,2024
4513,福裕,2024-08-13,2024-08-13,1,2024-08-14,2024-08-14,80.6,80.6,85.0,76.7,78.0,3.2258064516128964,1.9999999999999938,True,False,False,False,82092599.99999999,0.985301963879814,2024
4576,大銀微系統,2024-08-12,2024-08-13,2,2024-08-14,2024-08-14,93.0,93.0,100.0,92.0,94.7,-1.827956989247315,-1.827956989247315,False,False,False,False,74637000.0,1.0543791953052777,2024
4540,全球傳動,2024-08-14,2024-08-14,1,2024-08-15,2024-08-15,52.3,52.3,52.3,47.95,49.85,4.684512428298271,1.9999999999999991,True,False,False,False,211225000.0,0.8727437566575927,2024
8043,蜜望實,2024-08-15,2024-08-15,1,2024-08-16,2024-08-16,46.0,46.0,49.0,46.0,46.4,-0.8695652173913012,-0.8695652173913012,False,False,False,False,88080300.0,0.8939660741391662,2024
3653,健策,2024-08-16,2024-08-16,1,2024-08-19,2024-08-19,1350.0,1350.0,1400.0,1335.0,1385.0,-2.592592592592593,-2.5925925925925926,False,False,False,False,50730000.0,-0.0,2024
6177,達麗,2024-08-15,2024-08-16,2,2024-08-19,2024-08-19,71.2,71.2,73.9,69.5,71.7,-0.7022471910112359,2.000000000000009,True,False,False,False,48117600.0,-0.0,2024
6207,雷科,2024-08-16,2024-08-16,1,2024-08-19,2024-08-19,75.6,75.6,77.7,72.6,75.5,0.1322751322751247,2.000000000000001,True,False,False,False,106882300.0,1.0129553724049725,2024
6877,鏵友益,2024-08-15,2024-08-16,2,2024-08-19,2024-08-19,88.2,88.2,93.7,85.3,89.0,-0.9070294784580466,1.9999999999999951,True,False,False,False,45590700.0,1.1283441579093982,2024
8028,昇陽半導體,2024-08-16,2024-08-16,1,2024-08-19,2024-08-19,136.0,136.0,138.0,127.0,128.5,5.514705882352941,1.9999999999999991,True,False,False,False,51397500.0,0.9425458436694392,2024
2374,佳能,2024-08-19,2024-08-19,1,2024-08-20,2024-08-20,56.0,56.0,57.0,53.1,54.9,1.9642857142857169,2.000000000000008,True,False,False,False,45864000.0,0.8618524332810047,2024
2543,皇昌,2024-08-19,2024-08-19,1,2024-08-20,2024-08-20,71.0,71.0,71.3,66.6,67.7,4.647887323943658,2.0000000000000027,True,False,False,False,41429100.0,1.8792346442476424,2024
3312,弘憶股,2024-08-19,2024-08-19,1,2024-08-20,2024-08-20,89.0,89.0,93.5,87.4,88.3,0.7865168539325874,0.7865168539325874,False,False,False,False,59526500.00000001,1.0042434881943334,2024
3580,友威科,2024-08-16,2024-08-19,2,2024-08-20,2024-08-20,117.0,117.0,118.0,109.0,112.0,4.273504273504273,2.0000000000000027,True,False,False,False,277406000.0,1.066278306885936,2024
4909,新復興,2024-08-19,2024-08-19,1,2024-08-20,2024-08-20,132.0,132.0,132.5,128.0,128.5,2.6515151515151514,2.000000000000011,True,False,False,True,99963000.0,0.9718195732420996,2024
4979,華星光,2024-08-19,2024-08-19,1,2024-08-20,2024-08-20,114.0,114.0,115.5,110.5,111.5,2.1929824561403506,2.000000000000001,True,False,False,False,143136000.0,0.2726428012519561,2024
5443,均豪,2024-08-19,2024-08-19,1,2024-08-20,2024-08-20,124.5,124.5,126.5,115.0,123.5,0.8032128514056224,2.000000000000007,True,False,False,False,87604000.0,-0.0,2024
8064,東捷,2024-08-19,2024-08-19,1,2024-08-20,2024-08-20,64.5,64.5,65.3,61.0,65.0,-0.7751937984496124,1.9999999999999987,True,False,False,False,47037200.0,-0.0,2024
3163,波若威,2024-08-20,2024-08-20,1,2024-08-21,2024-08-21,161.0,161.0,165.0,155.5,162.0,-0.6211180124223602,1.9999999999999993,True,False,False,False,204587500.0,1.12282519704283,2024
6284,佳邦,2024-08-20,2024-08-20,1,2024-08-21,2024-08-21,91.6,91.6,92.1,88.1,90.4,1.3100436681222585,2.000000000000009,True,False,False,False,153439200.0,0.4465820989681907,2024
6442,光聖,2024-08-20,2024-08-20,1,2024-08-21,2024-08-21,448.0,448.0,448.0,422.5,437.5,2.34375,2.000000000000008,True,False,False,False,131868000.0,0.9521832438499104,2024
8089,康全電訊,2024-08-19,2024-08-20,2,2024-08-21,2024-08-21,144.0,144.0,148.0,135.0,139.5,3.125,1.999999999999997,True,False,False,False,62825000.0,0.9947632311977715,2024
1721,三晃,2024-08-22,2024-08-22,1,2024-08-23,2024-08-23,17.2,17.2,17.95,16.05,16.65,3.1976744186046555,2.000000000000007,True,False,False,False,82337150.0,0.904518191363194,2024
3189,景碩,2024-08-22,2024-08-22,1,2024-08-23,2024-08-23,114.5,114.5,115.5,111.0,112.5,1.7467248908296942,2.0000000000000058,True,False,False,False,70625000.0,0.9796460176991152,2024
5452,佶優,2024-08-22,2024-08-22,1,2024-08-23,2024-08-23,37.5,37.5,37.8,36.2,37.05,1.2000000000000075,2.0,True,False,False,False,74918400.0,0.0489592676832393,2024
2467,志聖,2024-08-23,2024-08-23,1,2024-08-26,2024-08-26,230.0,230.0,238.5,223.5,226.5,1.5217391304347827,1.9999999999999976,True,False,False,False,52287500.0,0.9789911546736793,2024
5443,均豪,2024-08-23,2024-08-23,1,2024-08-26,2024-08-26,133.5,133.5,142.0,132.0,134.0,-0.3745318352059925,-0.37453183520599254,False,False,False,False,98670000.0,0.0,2024
2465,麗臺,2024-08-26,2024-08-26,1,2024-08-27,2024-08-27,105.5,105.5,111.0,104.0,109.0,-3.3175355450236967,-3.3175355450236967,False,False,False,False,51714000.0,1.110782380013149,2024
8027,鈦昇,2024-08-26,2024-08-26,1,2024-08-27,2024-08-27,108.0,108.0,114.0,105.0,111.0,-2.7777777777777777,1.999999999999997,True,False,False,False,70396500.0,1.015448211203682,2024
2464,盟立,2024-08-27,2024-08-27,1,2024-08-28,2024-08-28,84.2,84.2,85.7,83.2,84.1,0.1187648456057108,0.11876484560571085,False,False,False,False,184734800.00000003,0.7525236176399898,2024
2467,志聖,2024-08-27,2024-08-27,1,2024-08-28,2024-08-28,251.5,251.5,258.0,245.5,250.0,0.5964214711729622,2.0000000000000004,True,False,False,False,337395000.0,0.9980882941359536,2024
5443,均豪,2024-08-27,2024-08-27,1,2024-08-28,2024-08-28,151.5,151.5,155.0,148.5,151.5,0.0,0.0,False,False,False,False,64974000.0,1.508611136762397,2024
6143,振曜,2024-08-27,2024-08-27,1,2024-08-28,2024-08-28,150.5,150.5,159.5,149.5,150.0,0.3322259136212624,0.33222591362126247,False,False,False,False,84496500.0,0.8840602865207434,2024
8374,羅昇,2024-08-27,2024-08-27,1,2024-08-28,2024-08-28,151.5,151.5,153.0,143.0,144.5,4.62046204620462,2.000000000000001,True,False,False,False,57024000.0,0.8818392255892256,2024
9958,世紀鋼,2024-08-27,2024-08-27,1,2024-08-28,2024-08-28,240.0,240.0,253.5,234.5,243.5,-1.4583333333333333,2.000000000000005,True,False,False,False,81840500.0,-0.0,2024
1540,喬福,2024-08-27,2024-08-28,2,2024-08-29,2024-08-29,47.35,47.35,49.3,45.1,45.5,3.907074973600848,2.0000000000000058,True,False,False,False,177246200.0,1.0016632232454066,2024
3149,正達,2024-08-28,2024-08-28,1,2024-08-29,2024-08-29,30.75,30.75,31.8,29.7,30.05,2.27642276422764,2.0000000000000067,True,False,False,False,77308000.0,0.973317121125886,2024
5225,東科-KY,2024-08-28,2024-08-28,1,2024-08-29,2024-08-29,159.0,159.0,160.5,155.0,158.5,0.3144654088050315,2.000000000000004,True,False,False,False,46384500.0,0.3246235272558721,2024
5474,聰泰,2024-08-29,2024-08-29,1,2024-08-30,2024-08-30,188.0,188.0,190.0,177.0,178.0,5.319148936170213,1.9999999999999951,True,False,False,False,43450500.0,1.0200573065902578,2024
6215,和椿,2024-08-29,2024-08-29,1,2024-08-30,2024-08-30,71.5,71.5,72.5,67.4,67.4,5.734265734265726,2.0000000000000093,True,False,False,False,138912100.0,0.7302243649041373,2024
3081,聯亞,2024-08-28,2024-08-30,3,2024-09-02,2024-09-02,181.5,181.5,192.0,177.5,189.5,-4.40771349862259,1.9999999999999976,True,False,False,False,313763000.0,0.1419303741996347,2024
3149,正達,2024-08-30,2024-08-30,1,2024-09-02,2024-09-02,34.0,34.0,34.3,31.15,31.15,8.382352941176475,1.9999999999999991,True,False,False,False,243875950.0,0.4471787808514944,2024
8105,凌巨,2024-08-30,2024-08-30,1,2024-09-02,2024-09-02,21.4,21.4,21.5,19.1,19.1,10.747663551401857,2.000000000000004,True,False,False,False,54802650.0,0.8507453562920773,2024
4510,高鋒,2024-09-03,2024-09-03,1,2024-09-04,2024-09-04,53.1,53.1,57.4,51.3,53.5,-0.7532956685499032,1.9999999999999956,True,False,False,False,46839100.0,0.9423216927737724,2024
1815,富喬,2024-09-05,2024-09-05,1,2024-09-06,2024-09-06,23.4,23.4,23.75,22.05,22.1,5.555555555555544,2.0,True,False,False,False,47308800.0,0.6194323254870131,2024
6231,系微,2024-09-05,2024-09-05,1,2024-09-06,2024-09-06,518.0,518.0,534.0,482.0,494.0,4.633204633204633,2.0000000000000027,True,False,False,False,87039000.0,0.976206068543986,2024
4974,亞泰,2024-09-09,2024-09-09,1,2024-09-10,2024-09-10,106.5,106.5,109.0,102.5,108.0,-1.4084507042253522,1.9999999999999958,True,False,False,False,62456000.0,-0.0,2024
8996,高力,2024-09-09,2024-09-09,1,2024-09-10,2024-09-10,404.0,404.0,404.5,366.0,371.0,8.16831683168317,1.9999999999999962,True,False,False,False,67431000.0,1.067372573445448,2024
3013,晟銘電,2024-09-12,2024-09-12,1,2024-09-13,2024-09-13,113.0,113.0,113.5,107.5,109.0,3.5398230088495577,2.0000000000000044,True,False,False,False,190125000.0,0.5933727810650887,2024
3131,弘塑,2024-09-12,2024-09-12,1,2024-09-13,2024-09-13,1950.0,1950.0,1975.0,1870.0,1950.0,0.0,2.0,True,False,False,False,44045000.0,0.2656374162788057,2024
4979,華星光,2024-09-12,2024-09-12,1,2024-09-13,2024-09-13,134.0,134.0,136.0,129.0,132.5,1.1194029850746268,2.0000000000000053,True,False,False,False,50310000.0,0.9928940568475452,2024
6669,緯穎,2024-09-12,2024-09-12,1,2024-09-13,2024-09-13,1830.0,1830.0,1845.0,1780.0,1780.0,2.73224043715847,2.000000000000007,True,False,False,False,165165000.0,0.3340901522719705,2024
4974,亞泰,2024-09-13,2024-09-13,1,2024-09-16,2024-09-16,119.0,119.0,120.0,113.0,115.0,3.361344537815126,1.9999999999999962,True,False,False,False,101519000.0,0.7227218550222126,2024
6187,萬潤,2024-09-13,2024-09-13,1,2024-09-16,2024-09-16,452.5,452.5,486.5,452.0,472.0,-4.30939226519337,-4.30939226519337,False,False,False,False,84199500.0,1.07630092815278,2024
6706,惠特,2024-09-13,2024-09-13,1,2024-09-16,2024-09-16,166.0,166.0,177.0,165.5,171.0,-3.0120481927710845,-3.0120481927710845,False,False,False,False,160839000.0,0.2370880196967153,2024
2070,精湛,2024-09-12,2024-09-16,3,2024-09-18,2024-09-18,105.5,105.5,105.5,95.0,95.3,9.668246445497632,1.9999999999999993,True,False,False,False,198551000.0,0.5783728110158095,2024
3363,上詮,2024-09-18,2024-09-18,1,2024-09-19,2024-09-19,178.0,178.0,183.0,174.0,181.5,-1.9662921348314608,2.0000000000000013,True,False,False,False,174522000.0,0.9900642898889538,2024
3583,辛耘,2024-09-18,2024-09-18,1,2024-09-19,2024-09-19,431.0,431.0,449.0,430.5,437.5,-1.508120649651972,-1.5081206496519721,False,False,False,False,63122000.0,2.661512626342638,2024
5234,達興材料,2024-09-13,2024-09-18,3,2024-09-19,2024-09-19,259.0,259.0,267.0,233.5,244.0,5.791505791505792,2.0000000000000027,True,False,False,False,74624500.0,0.8893593926927483,2024
6830,汎銓,2024-09-16,2024-09-18,2,2024-09-19,2024-09-19,188.0,188.0,188.5,174.5,182.5,2.925531914893617,1.9999999999999951,True,False,False,False,392550000.0,0.8972742325818367,2024
2464,盟立,2024-09-19,2024-09-19,1,2024-09-20,2024-09-20,90.0,90.0,94.6,86.6,87.5,2.7777777777777777,1.999999999999997,True,False,False,False,292481000.0,0.3542110427685901,2024
3227,原相,2024-09-19,2024-09-19,1,2024-09-20,2024-09-20,249.5,249.5,267.5,247.0,259.0,-3.807615230460922,-3.807615230460922,False,False,False,False,133956000.0,0.0,2024
4563,百德,2024-09-18,2024-09-19,2,2024-09-20,2024-09-20,121.0,121.0,122.5,114.5,116.0,4.132231404958678,2.0000000000000013,True,False,False,False,103771500.0,0.9781105602212552,2024
4576,大銀微系統,2024-09-19,2024-09-19,1,2024-09-20,2024-09-20,118.0,118.0,118.0,107.5,110.0,6.779661016949152,1.9999999999999993,True,False,False,False,123690000.0,0.774597784784542,2024
6104,創惟,2024-09-19,2024-09-19,1,2024-09-20,2024-09-20,142.0,142.0,152.5,137.5,138.5,2.464788732394366,2.0000000000000027,True,False,False,False,232269000.0,0.0,2024
6863,永道-KY,2024-09-19,2024-09-19,1,2024-09-20,2024-09-20,305.5,305.5,323.0,284.0,285.0,6.710310965630114,2.0000000000000044,True,False,False,False,97637000.0,0.9194772473549986,2024
9958,世紀鋼,2024-09-19,2024-09-19,1,2024-09-20,2024-09-20,240.0,240.0,250.5,234.5,241.5,-0.625,2.000000000000005,True,False,False,False,360661000.0,0.9260621470023096,2024
2351,順德,2024-09-19,2024-09-20,2,2024-09-23,2024-09-23,167.0,167.0,168.5,159.0,166.5,0.2994011976047904,2.000000000000002,True,False,False,True,90744000.0,0.3192607775720709,2024
2425,承啟,2024-09-19,2024-09-20,2,2024-09-23,2024-09-23,50.2,50.2,50.7,44.55,45.4,9.561752988047816,1.9999999999999956,True,False,False,False,215461900.00000003,0.5552211319031345,2024
1539,巨庭,2024-09-23,2024-09-23,1,2024-09-24,2024-09-24,34.7,34.7,35.1,31.8,32.25,7.06051873198848,2.000000000000007,True,False,False,False,70210000.0,0.9205098988748042,2024
3081,聯亞,2024-09-23,2024-09-23,1,2024-09-24,2024-09-24,259.0,259.0,273.0,252.5,264.0,-1.9305019305019304,2.0000000000000027,True,False,False,False,113442000.0,0.0,2024
3715,定穎投控,2024-09-23,2024-09-23,1,2024-09-24,2024-09-24,78.0,78.0,81.0,77.3,77.9,0.1282051282051209,0.12820512820512092,False,False,False,False,113610700.0,1.029883628918755,2024
8027,鈦昇,2024-09-23,2024-09-23,1,2024-09-24,2024-09-24,117.0,117.0,119.0,112.0,112.5,3.8461538461538463,2.0000000000000027,True,False,False,False,224554000.0,0.1718406263081486,2024
5452,佶優,2024-09-24,2024-09-24,1,2024-09-25,2024-09-25,35.65,35.65,36.15,34.2,34.5,3.2258064516128995,2.0000000000000027,True,False,False,False,74127599.99999999,0.9736454438023088,2024
2615,萬海,2024-09-24,2024-09-25,2,2024-09-26,2024-09-26,100.5,100.5,106.0,100.0,102.0,-1.4925373134328357,-1.4925373134328357,False,False,False,False,258599500.0,0.919816163604338,2024
3013,晟銘電,2024-09-25,2024-09-25,1,2024-09-26,2024-09-26,144.5,144.5,145.0,140.0,141.5,2.0761245674740483,2.00000000000001,True,False,False,True,68203000.0,-0.0,2024
3443,創意,2024-09-25,2024-09-25,1,2024-09-26,2024-09-26,1220.0,1220.0,1220.0,1110.0,1125.0,7.786885245901639,2.000000000000007,True,False,False,False,70200000.0,0.4487179487179487,2024
4562,穎漢,2024-09-25,2024-09-25,1,2024-09-26,2024-09-26,70.5,70.5,72.3,66.2,69.1,1.9858156028368876,1.9999999999999951,True,False,False,False,111531000.0,1.018554482610216,2024
4968,立積,2024-09-25,2024-09-25,1,2024-09-26,2024-09-26,201.0,201.0,205.5,196.5,199.5,0.7462686567164178,2.0000000000000053,True,False,False,False,52074000.0,0.938616200023044,2024
6104,創惟,2024-09-25,2024-09-25,1,2024-09-26,2024-09-26,151.0,151.0,161.0,149.5,149.5,0.9933774834437088,0.9933774834437087,False,False,False,False,102706500.0,0.0,2024
8111,立碁,2024-09-25,2024-09-25,1,2024-09-26,2024-09-26,35.15,35.15,36.7,33.2,33.45,4.836415362731141,2.0000000000000084,True,False,False,False,207609600.0,0.7620962614445574,2024
2363,矽統,2024-09-26,2024-09-26,1,2024-09-27,2024-09-27,71.1,71.1,74.5,69.0,71.0,0.1406469760900061,1.9999999999999958,True,False,False,False,128915600.0,0.9748238382321458,2024
1590,亞德客-KY,2024-09-27,2024-09-27,1,2024-09-30,2024-09-30,942.0,942.0,942.0,896.0,913.0,3.0785562632696397,2.0000000000000036,True,False,False,False,46011000.0,0.0,2024
2014,中鴻,2024-09-27,2024-09-27,1,2024-09-30,2024-09-30,22.15,22.15,23.3,21.7,22.55,-1.805869074492109,2.000000000000006,True,False,False,False,69090450.0,0.0,2024
2605,新興,2024-09-27,2024-09-27,1,2024-09-30,2024-09-30,30.75,30.75,31.4,29.85,29.9,2.764227642276428,2.0000000000000067,True,False,False,False,150448500.0,0.4879044988816771,2024
3167,大量,2024-09-27,2024-09-27,1,2024-09-30,2024-09-30,143.0,143.0,151.0,136.0,144.0,-0.6993006993006993,2.0000000000000093,True,False,False,False,83878500.0,1.2171891485899249,2024
3081,聯亞,2024-10-01,2024-10-01,1,2024-10-04,2024-10-04,335.0,335.0,348.5,322.0,346.0,-3.2835820895522385,1.9999999999999967,True,False,False,False,67925000.0,-0.0,2024
2362,藍天,2024-10-07,2024-10-07,1,2024-10-08,2024-10-08,68.2,68.2,69.3,64.2,64.5,5.425219941348978,2.000000000000006,True,False,False,False,184015800.0,0.9744271959255671,2024
2399,映泰,2024-10-04,2024-10-07,2,2024-10-08,2024-10-08,40.6,40.6,41.45,38.8,39.75,2.093596059113304,1.9999999999999942,True,False,False,True,73530000.0,1.0136168910648715,2024
2425,承啟,2024-10-07,2024-10-07,1,2024-10-08,2024-10-08,51.8,51.8,52.9,47.25,48.0,7.335907335907331,2.0000000000000027,True,False,False,False,123699200.0,0.4144246688741721,2024
2467,志聖,2024-10-07,2024-10-07,1,2024-10-08,2024-10-08,233.0,233.0,245.0,229.5,238.5,-2.360515021459228,-2.3605150214592276,False,False,False,False,89856000.0,0.982071314102564,2024
3149,正達,2024-10-07,2024-10-07,1,2024-10-08,2024-10-08,39.3,39.3,40.2,37.5,38.35,2.4173027989821776,2.0000000000000036,True,False,False,True,71956500.0,0.991307248129078,2024
6405,悅城,2024-10-07,2024-10-07,1,2024-10-08,2024-10-08,43.85,43.85,43.85,40.25,40.4,7.867730900798183,2.0000000000000058,True,False,False,False,51802400.0,0.9132472626750884,2024
6530,創威,2024-10-01,2024-10-07,3,2024-10-08,2024-10-08,87.4,87.4,87.4,81.1,81.1,7.208237986270036,2.0000000000000053,True,False,False,True,59585500.0,1.1569089795336114,2024
2363,矽統,2024-10-08,2024-10-08,1,2024-10-09,2024-10-09,79.0,79.0,84.8,78.8,80.4,-1.7721518987341849,-1.7721518987341847,False,False,False,False,84568599.99999999,0.8756015826205001,2024
3025,星通,2024-10-08,2024-10-08,1,2024-10-09,2024-10-09,85.0,85.0,91.0,82.6,82.6,2.8235294117647127,2.0000000000000036,True,False,False,True,85708800.0,0.940598864994026,2024
3363,上詮,2024-10-07,2024-10-08,2,2024-10-09,2024-10-09,239.5,239.5,257.0,235.5,247.5,-3.340292275574112,-3.3402922755741122,False,False,False,False,260435000.0,1.1594063777910035,2024
4977,眾達-KY,2024-10-08,2024-10-08,1,2024-10-09,2024-10-09,118.5,118.5,125.0,112.5,114.0,3.79746835443038,2.000000000000004,True,False,False,False,107982500.0,1.7588405528673627,2024
5386,青雲,2024-10-08,2024-10-08,1,2024-10-09,2024-10-09,103.0,103.0,104.0,91.4,93.4,9.320388349514555,2.000000000000002,True,False,False,False,99800000.0,0.935871743486974,2024
2312,金寶,2024-10-11,2024-10-11,1,2024-10-14,2024-10-14,24.6,24.6,24.95,22.7,22.8,7.317073170731709,2.0000000000000036,True,False,False,False,98232000.0,0.5317493281211825,2024
3149,正達,2024-10-14,2024-10-14,1,2024-10-15,2024-10-15,45.8,45.8,46.75,43.8,44.25,3.3842794759825265,2.000000000000009,True,False,False,False,115339950.0,0.7527183772838466,2024
3450,聯鈞,2024-10-14,2024-10-14,1,2024-10-15,2024-10-15,237.0,237.0,250.5,228.0,234.0,1.2658227848101269,2.000000000000004,True,False,False,False,113088000.0,1.2870331069609509,2024
3498,陽程,2024-10-14,2024-10-14,1,2024-10-15,2024-10-15,68.5,68.5,72.5,66.0,67.1,2.0437956204379644,2.0000000000000067,True,False,False,False,56108000.00000001,1.2568991944107788,2024
5452,佶優,2024-10-14,2024-10-14,1,2024-10-15,2024-10-15,39.1,39.1,42.0,38.1,38.6,1.278772378516624,2.000000000000009,True,False,False,False,72826650.00000001,0.9095241920368436,2024
6442,光聖,2024-10-14,2024-10-14,1,2024-10-15,2024-10-15,472.5,472.5,484.5,447.0,457.0,3.28042328042328,1.9999999999999976,True,False,False,False,318647000.0,0.6009251616993099,2024
6830,汎銓,2024-10-11,2024-10-14,2,2024-10-15,2024-10-15,219.0,219.0,232.5,211.0,215.0,1.82648401826484,1.999999999999998,True,False,False,True,407926500.0,0.2967323770336078,2024
1560,中砂,2024-10-15,2024-10-15,1,2024-10-16,2024-10-16,362.0,362.0,367.5,353.0,360.0,0.5524861878453038,2.0000000000000027,True,False,False,False,142715000.0,0.544862137827138,2024
4576,大銀微系統,2024-10-15,2024-10-15,1,2024-10-16,2024-10-16,110.0,110.0,115.0,109.0,112.5,-2.272727272727273,-2.272727272727273,False,False,False,False,94552000.0,1.098205220407818,2024
6829,千附精密,2024-10-15,2024-10-15,1,2024-10-16,2024-10-16,131.5,131.5,142.5,131.0,140.5,-6.844106463878327,-6.844106463878327,False,False,False,False,97875000.0,1.135484035759898,2024
2399,映泰,2024-10-16,2024-10-16,1,2024-10-17,2024-10-17,44.4,44.4,44.5,41.75,41.8,5.855855855855859,1.9999999999999958,True,False,False,False,109387800.0,0.9534061385273312,2024
3498,陽程,2024-10-16,2024-10-16,1,2024-10-17,2024-10-17,76.1,76.1,76.1,71.3,73.3,3.6793692509855416,2.000000000000007,True,False,False,False,221695200.0,0.4417272002280609,2024
4956,光鋐,2024-10-16,2024-10-16,1,2024-10-17,2024-10-17,41.95,41.95,42.85,40.5,41.65,0.7151370679380316,1.9999999999999967,True,False,False,False,86112500.0,0.1755720714182029,2024
5452,佶優,2024-10-16,2024-10-16,1,2024-10-17,2024-10-17,43.0,43.0,43.45,40.6,42.15,1.9767441860465151,1.9999999999999987,True,False,False,False,260388300.00000003,0.8045119538781119,2024
6854,錼創科技-KY創,2024-10-16,2024-10-16,1,2024-10-17,2024-10-17,136.5,136.5,145.0,132.5,141.5,-3.6630036630036633,1.9999999999999925,True,False,False,False,44874000.0,0.6117350804474752,2024
8111,立碁,2024-10-16,2024-10-16,1,2024-10-17,2024-10-17,49.05,49.05,49.8,46.1,46.4,5.4026503567787945,2.0000000000000036,True,False,False,False,96427450.0,0.9662310887615506,2024
3031,佰鴻,2024-10-16,2024-10-17,2,2024-10-18,2024-10-18,25.9,25.9,26.2,23.65,23.95,7.528957528957527,2.0000000000000027,True,False,False,False,62046400.0,0.9808296694087004,2024
4542,科嶠,2024-10-17,2024-10-17,1,2024-10-18,2024-10-18,116.0,116.0,120.0,105.5,106.5,8.189655172413794,2.000000000000006,True,False,False,True,40860000.0,0.8288546255506608,2024
3189,景碩,2024-10-21,2024-10-21,1,2024-10-22,2024-10-22,117.0,117.0,121.5,115.0,116.0,0.8547008547008548,0.8547008547008548,False,False,False,False,118156500.0,1.7858010350678972,2024
3535,晶彩科,2024-10-21,2024-10-21,1,2024-10-22,2024-10-22,59.3,59.3,63.6,58.8,63.6,-7.251264755480615,-7.251264755480615,False,False,False,False,48855399.99999999,0.839661531785637,2024
3615,安可,2024-10-21,2024-10-21,1,2024-10-22,2024-10-22,40.6,40.6,41.65,38.7,40.2,0.985221674876844,1.9999999999999942,True,False,False,False,134871200.0,0.8250360343794673,2024
4729,熒茂,2024-10-18,2024-10-21,2,2024-10-22,2024-10-22,36.1,36.1,37.35,32.1,33.4,7.47922437673131,2.0000000000000036,True,False,False,False,81726000.0,1.0024985928590655,2024
6134,萬旭,2024-10-21,2024-10-21,1,2024-10-22,2024-10-22,43.85,43.85,43.85,41.05,41.05,6.385404789053601,2.0000000000000058,True,False,False,False,43850000.0,0.3351402508551881,2024
6895,宏碩系統,2024-10-18,2024-10-21,2,2024-10-22,2024-10-22,216.0,216.0,227.0,209.0,209.0,3.2407407407407405,1.999999999999997,True,False,False,False,47524000.0,0.6816555845467553,2024
8032,光菱,2024-10-21,2024-10-21,1,2024-10-22,2024-10-22,59.4,59.4,61.5,55.2,56.2,5.3872053872053804,2.000000000000004,True,False,False,False,49199700.00000001,0.9983556810305751,2024
2329,華泰,2024-10-22,2024-10-22,1,2024-10-23,2024-10-23,44.6,44.6,46.95,44.0,45.9,-2.91479820627802,-2.91479820627802,False,False,False,False,54456400.0,0.8934487039172623,2024
3580,友威科,2024-10-23,2024-10-23,1,2024-10-24,2024-10-24,108.0,108.0,113.5,101.5,101.5,6.018518518518518,1.999999999999997,True,False,False,False,110448000.0,0.9750425539620456,2024
4716,大立,2024-10-22,2024-10-23,2,2024-10-24,2024-10-24,34.5,34.5,35.3,32.05,32.5,5.797101449275362,1.9999999999999933,True,False,False,False,133690200.0,0.512696517770188,2024
5234,達興材料,2024-10-23,2024-10-23,1,2024-10-24,2024-10-24,261.5,261.5,264.0,232.0,242.0,7.45697896749522,2.000000000000007,True,False,False,False,50391000.0,0.5714909408426108,2024
2495,普安,2024-10-24,2024-10-24,1,2024-10-25,2024-10-25,39.5,39.5,41.3,38.05,39.0,1.2658227848101269,1.999999999999998,True,False,False,False,267765850.0,0.9991565391927314,2024
8249,菱光,2024-10-24,2024-10-24,1,2024-10-25,2024-10-25,68.5,68.5,73.7,66.4,67.6,1.3138686131386943,2.0000000000000067,True,False,False,False,80654200.0,0.993203081798592,2024
5386,青雲,2024-10-25,2024-10-25,1,2024-10-28,2024-10-28,108.0,108.0,109.0,99.7,99.7,7.6851851851851825,1.999999999999997,True,False,False,False,51600000.0,0.9274418604651162,2024
4919,新唐,2024-10-29,2024-10-29,1,2024-10-30,2024-10-30,106.0,106.0,108.5,101.0,101.0,4.716981132075472,2.000000000000004,True,False,False,False,105266000.0,0.0,2024
8044,網家,2024-10-24,2024-10-29,4,2024-10-30,2024-10-30,49.15,49.15,50.8,46.7,48.55,1.2207527975584973,2.0000000000000084,True,False,False,False,90410900.0,0.5670643694510284,2024
2354,鴻準,2024-10-30,2024-10-30,1,2024-11-01,2024-11-01,79.2,79.2,82.0,77.5,81.5,-2.9040404040404,2.000000000000004,True,False,False,False,702106600.0,-0.0,2024
6216,居易,2024-10-30,2024-10-30,1,2024-11-01,2024-11-01,51.3,51.3,53.9,50.1,51.7,-0.7797270955165804,2.0000000000000067,True,False,False,False,145706400.0,0.9729250053532308,2024
8107,大億金茂,2024-10-30,2024-10-30,1,2024-11-01,2024-11-01,35.0,35.0,35.0,31.5,32.65,6.714285714285719,2.000000000000008,True,False,False,False,71675099.99999999,0.151235226738435,2024
2413,環科,2024-11-01,2024-11-01,1,2024-11-04,2024-11-04,30.7,30.7,30.7,27.9,28.05,8.63192182410423,2.0000000000000027,True,False,False,False,69819150.00000001,0.7251627955940453,2024
2615,萬海,2024-11-01,2024-11-01,1,2024-11-04,2024-11-04,95.7,95.7,98.5,89.7,89.8,6.16509926854755,2.0000000000000013,True,False,False,False,345996600.00000006,0.7025751120097711,2024
8032,光菱,2024-11-01,2024-11-01,1,2024-11-04,2024-11-04,78.0,78.0,80.7,74.5,77.1,1.1538461538461613,2.0000000000000027,True,False,False,False,67935400.00000001,0.941968399391186,2024
8249,菱光,2024-11-01,2024-11-01,1,2024-11-04,2024-11-04,72.9,72.9,73.0,67.4,67.4,7.544581618655692,1.9999999999999976,True,False,False,False,118729800.0,0.8412951087258633,2024
3228,金麗科,2024-11-01,2024-11-04,2,2024-11-05,2024-11-05,297.0,297.0,297.0,265.5,267.5,9.932659932659933,1.9999999999999993,True,False,False,False,83137500.0,0.7207337242519922,2024
6768,志強-KY,2024-11-01,2024-11-04,2,2024-11-05,2024-11-05,141.5,141.5,145.0,137.0,139.0,1.76678445229682,2.000000000000009,True,False,False,False,75484000.0,0.5690080016957236,2024
2419,仲琦,2024-11-05,2024-11-05,1,2024-11-06,2024-11-06,35.5,35.5,35.7,33.5,33.95,4.366197183098584,2.0000000000000027,True,False,False,False,77233750.0,0.5811177108453235,2024
2613,中櫃,2024-11-05,2024-11-05,1,2024-11-06,2024-11-06,36.0,36.0,36.65,34.5,34.9,3.05555555555556,1.999999999999997,True,False,False,False,50711100.0,0.5822275596467045,2024
4526,東台,2024-11-05,2024-11-05,1,2024-11-06,2024-11-06,34.75,34.75,35.6,33.8,34.0,2.158273381294964,2.000000000000001,True,False,False,False,54791300.0,0.980447625809207,2024
4562,穎漢,2024-11-05,2024-11-05,1,2024-11-06,2024-11-06,70.5,70.5,71.5,66.6,66.8,5.248226950354614,1.9999999999999951,True,False,False,False,124131000.0,0.9681159420289857,2024
2354,鴻準,2024-11-07,2024-11-07,1,2024-11-08,2024-11-08,98.0,98.0,99.0,95.9,97.3,0.7142857142857172,2.000000000000008,True,False,False,False,640420200.0000001,0.9219203266855104,2024
2392,正崴,2024-11-07,2024-11-07,1,2024-11-08,2024-11-08,72.3,72.3,76.0,71.0,74.2,-2.627939142461972,-2.627939142461972,False,False,False,False,54418500.0,0.841283754605511,2024
3062,建漢,2024-11-07,2024-11-07,1,2024-11-08,2024-11-08,40.55,40.55,40.6,36.0,36.3,10.480887792848335,2.0,True,False,False,False,257470850.0,1.0765754647564958,2024
3706,神達,2024-11-08,2024-11-11,2,2024-11-12,2024-11-12,60.0,60.0,65.1,58.4,63.6,-6.000000000000003,2.000000000000005,True,False,False,False,622857600.0,0.4343760114671475,2024
5309,系統電,2024-11-11,2024-11-11,1,2024-11-12,2024-11-12,39.9,39.9,40.3,37.4,38.15,4.385964912280702,2.0000000000000044,True,False,False,False,102324750.0,0.8071825242671006,2024
3015,全漢,2024-11-13,2024-11-13,1,2024-11-14,2024-11-14,69.7,69.7,70.3,64.1,65.0,6.743185078909616,2.0000000000000075,True,False,False,False,59162900.0,1.0810829083767024,2024
3211,順達,2024-11-13,2024-11-13,1,2024-11-14,2024-11-14,157.0,157.0,157.0,147.5,150.5,4.140127388535031,2.0000000000000093,True,False,False,False,265230000.0,0.5038796516231195,2024
3693,營邦,2024-11-13,2024-11-13,1,2024-11-14,2024-11-14,374.0,374.0,381.0,361.5,368.0,1.6042780748663104,2.000000000000005,True,False,False,False,45140000.0,0.9864421798848028,2024
4931,新盛力,2024-11-11,2024-11-13,3,2024-11-14,2024-11-14,49.55,49.55,51.9,47.55,48.5,2.119071644803224,1.9999999999999993,True,False,False,False,88500000.0,0.9858926553672316,2024
3324,雙鴻,2024-11-14,2024-11-14,1,2024-11-15,2024-11-15,700.0,700.0,701.0,663.0,663.0,5.285714285714286,2.0,True,False,False,False,316400000.0,0.609775600505689,2024
3580,友威科,2024-11-14,2024-11-14,1,2024-11-15,2024-11-15,109.5,109.5,113.0,107.0,109.0,0.45662100456621,1.999999999999998,True,False,False,False,109542500.0,1.0219138690462606,2024
3706,神達,2024-11-14,2024-11-14,1,2024-11-15,2024-11-15,71.3,71.3,72.7,68.2,68.4,4.067321178120605,2.0000000000000027,True,False,False,False,198301800.0,2.0064507735179413,2024
1442,名軒,2024-11-15,2024-11-15,1,2024-11-18,2024-11-18,71.6,71.6,74.7,70.0,73.1,-2.0949720670391065,2.000000000000003,True,False,False,True,69498000.0,-0.0,2024
2105,正新,2024-11-15,2024-11-15,1,2024-11-18,2024-11-18,50.2,50.2,54.6,50.0,53.9,-7.370517928286843,-7.370517928286843,False,False,False,False,133049650.0,0.9528232505684908,2024
8044,網家,2024-11-15,2024-11-15,1,2024-11-18,2024-11-18,57.0,57.0,60.8,49.95,49.95,12.368421052631575,2.000000000000001,True,False,False,False,68986500.0,1.1222847948511665,2024
2349,錸德,2024-11-18,2024-11-18,1,2024-11-19,2024-11-19,17.2,17.2,17.25,15.65,16.1,6.39534883720929,2.000000000000007,True,False,False,False,110131600.0,0.2075880128864013,2024
8104,錸寶,2024-11-18,2024-11-18,1,2024-11-19,2024-11-19,52.5,52.5,52.9,49.1,50.6,3.619047619047616,2.000000000000008,True,False,False,True,57084600.0,0.7490111168336119,2024
1449,佳和,2024-11-19,2024-11-19,1,2024-11-20,2024-11-20,25.2,25.2,25.5,23.0,23.45,6.944444444444445,2.0000000000000053,True,False,False,False,50798200.0,0.9167982330082562,2024
3167,大量,2024-11-19,2024-11-19,1,2024-11-20,2024-11-20,136.0,136.0,139.0,126.0,126.0,7.352941176470589,1.9999999999999991,True,False,False,False,135710500.0,0.186617837234407,2024
3323,加百裕,2024-11-18,2024-11-19,2,2024-11-20,2024-11-20,35.2,35.2,35.2,31.2,32.15,8.664772727272739,2.0000000000000018,True,False,False,True,70999200.00000001,0.6248943650069295,2024
3706,神達,2024-11-19,2024-11-19,1,2024-11-20,2024-11-20,74.0,74.0,75.8,71.9,72.7,1.756756756756753,2.0000000000000053,True,False,False,False,336866400.0,0.326740215111985,2024
2204,中華,2024-11-20,2024-11-20,1,2024-11-21,2024-11-21,84.0,84.0,88.5,82.0,84.9,-1.0714285714285785,2.000000000000008,True,False,False,False,197225000.0,0.2152364051210546,2024
8104,錸寶,2024-11-20,2024-11-20,1,2024-11-21,2024-11-21,53.7,53.7,61.0,52.2,56.9,-5.959031657355672,1.9999999999999962,True,False,False,False,139000000.0,1.2288762589928055,2024
3511,矽瑪,2024-11-21,2024-11-21,1,2024-11-22,2024-11-22,47.6,47.6,49.8,45.7,46.0,3.3613445378151288,1.9999999999999962,True,False,False,False,42763350.0,0.7529812327612313,2024
5309,系統電,2024-11-21,2024-11-21,1,2024-11-22,2024-11-22,44.55,44.55,48.0,44.5,45.1,-1.2345679012345776,-1.2345679012345776,False,False,False,False,88317700.00000001,0.9870988488151298,2024
1815,富喬,2024-11-21,2024-11-22,2,2024-11-25,2024-11-25,27.85,27.85,28.8,26.7,28.0,-0.5385996409335676,2.0000000000000075,True,False,False,True,249647300.00000003,0.4921503256794685,2024
2312,金寶,2024-11-22,2024-11-22,1,2024-11-25,2024-11-25,32.6,32.6,35.2,32.35,33.2,-1.8404907975460163,-1.8404907975460165,False,False,False,False,661033800.0,1.2417470937189596,2024
3712,永崴投控,2024-11-22,2024-11-22,1,2024-11-25,2024-11-25,71.6,71.6,76.5,70.0,74.2,-3.6312849162011296,2.000000000000003,True,False,False,False,159822100.0,1.132345276404202,2024
2392,正崴,2024-11-22,2024-11-25,2,2024-11-26,2024-11-26,87.0,87.0,87.8,85.2,87.7,-0.8045977011494285,1.9999999999999942,True,False,False,False,328695200.0,0.3063007917365389,2024
3363,上詮,2024-11-25,2024-11-25,1,2024-11-26,2024-11-26,225.0,225.0,229.0,211.0,213.5,5.111111111111112,2.0,True,False,False,False,297847500.0,0.8121454771317537,2024
3597,映興,2024-11-21,2024-11-25,3,2024-11-26,2024-11-27,56.3,52.7,56.0,49.4,50.9,3.4155597722960227,2.000000000000004,True,False,True,False,62785100.0,1.0172556864606412,2024
4979,華星光,2024-11-25,2024-11-25,1,2024-11-26,2024-11-26,168.5,168.5,172.0,163.5,169.0,-0.2967359050445104,2.0000000000000027,True,False,False,False,568680000.0,0.4728124780192727,2024
5452,佶優,2024-11-25,2024-11-25,1,2024-11-26,2024-11-26,37.8,37.8,37.8,36.5,37.2,1.5873015873015723,2.000000000000001,True,False,False,False,48107350.0,0.5188645809839868,2024
6919,康霈*,2024-11-25,2024-11-25,1,2024-11-26,2024-11-26,588.0,588.0,605.0,583.0,584.0,0.6802721088435374,0.6802721088435374,False,False,False,False,50235000.0,0.1976311336717428,2024
6117,迎廣,2024-11-27,2024-11-27,1,2024-11-28,2024-11-28,105.0,105.0,107.5,98.6,99.3,5.428571428571432,2.000000000000008,True,False,False,False,124005000.0,0.9465150598766178,2024
8171,天宇,2024-11-27,2024-11-27,1,2024-11-28,2024-11-28,44.6,44.6,44.9,41.6,41.6,6.726457399103139,2.0000000000000067,True,False,False,False,199445400.00000003,0.7775802299777282,2024
3211,順達,2024-11-29,2024-11-29,1,2024-12-02,2024-12-02,203.5,203.5,210.5,198.0,206.0,-1.2285012285012284,1.9999999999999967,True,False,False,False,67914000.0,0.0,2024
4968,立積,2024-11-29,2024-11-29,1,2024-12-02,2024-12-02,214.0,214.0,221.5,211.5,214.0,0.0,0.0,False,False,False,False,170277000.0,0.30916682816822,2024
6472,保瑞,2024-11-29,2024-11-29,1,2024-12-02,2024-12-02,869.0,869.0,877.0,843.0,846.0,2.646720368239356,1.9999999999999993,True,False,False,False,109220000.0,1.0379417689067936,2024
4977,眾達-KY,2024-12-02,2024-12-02,1,2024-12-03,2024-12-03,130.5,130.5,132.0,126.5,130.0,0.3831417624521072,1.9999999999999998,True,False,False,False,232970500.0,0.6696126762830487,2024
6781,AES-KY,2024-11-29,2024-12-02,2,2024-12-03,2024-12-03,991.0,991.0,1050.0,935.0,1005.0,-1.4127144298688197,2.000000000000005,True,False,False,False,97592000.0,2.728963439626199,2024
1815,富喬,2024-12-04,2024-12-04,1,2024-12-05,2024-12-05,31.6,31.6,32.55,30.1,30.5,3.481012658227853,2.0000000000000044,True,False,False,True,123069250.0,0.0,2024
3015,全漢,2024-12-04,2024-12-04,1,2024-12-05,2024-12-05,71.8,71.8,74.5,70.2,72.1,-0.4178272980501353,2.0000000000000098,True,False,False,False,47449600.00000001,1.0226282202589692,2024
3211,順達,2024-12-04,2024-12-04,1,2024-12-05,2024-12-05,229.5,229.5,240.0,218.5,221.0,3.7037037037037033,2.0000000000000013,True,False,False,False,251868000.0,0.3571196023313799,2024
3450,聯鈞,2024-12-04,2024-12-04,1,2024-12-05,2024-12-05,267.5,267.5,270.5,255.0,255.0,4.672897196261682,2.0000000000000084,True,False,False,False,105267500.0,-0.0,2024
3548,兆利,2024-12-04,2024-12-04,1,2024-12-05,2024-12-05,216.5,216.5,220.5,209.0,212.0,2.07852193995381,2.0000000000000058,True,False,False,False,144753000.0,0.9534310169737414,2024
4908,前鼎,2024-12-03,2024-12-04,2,2024-12-05,2024-12-05,110.0,110.0,118.5,107.0,115.0,-4.545454545454546,2.0000000000000027,True,False,False,False,118701000.0,0.702395093554393,2024
4931,新盛力,2024-12-04,2024-12-04,1,2024-12-05,2024-12-05,74.7,74.7,76.0,68.9,69.7,6.693440428380187,1.9999999999999998,True,False,False,False,141844500.0,0.949843666832341,2024
5328,華容,2024-12-04,2024-12-04,1,2024-12-05,2024-12-05,19.15,19.15,20.3,18.3,18.4,3.91644908616188,1.9999999999999956,True,False,False,False,64524750.0,0.9689801200314608,2024
6104,創惟,2024-12-04,2024-12-04,1,2024-12-05,2024-12-05,174.0,174.0,183.0,171.0,178.0,-2.2988505747126435,-2.2988505747126435,False,False,False,False,64638000.0,0.0,2024
3661,世芯-KY,2024-12-05,2024-12-05,1,2024-12-06,2024-12-06,2620.0,2620.0,2650.0,2545.0,2560.0,2.2900763358778624,2.0000000000000036,True,False,False,False,285825000.0,-0.0,2024
5457,宣德,2024-12-05,2024-12-05,1,2024-12-06,2024-12-06,63.4,63.4,63.6,59.1,59.5,6.15141955835962,2.000000000000001,True,False,False,False,93578400.0,0.8049614013490293,2024
6426,統新,2024-12-02,2024-12-05,4,2024-12-06,2024-12-06,107.0,107.0,114.0,103.5,108.5,-1.4018691588785046,2.0000000000000004,True,False,False,False,64733500.0,0.413997389296114,2024
6811,宏碁資訊,2024-12-05,2024-12-05,1,2024-12-06,2024-12-06,276.0,276.0,305.0,275.0,299.0,-8.333333333333332,-8.333333333333332,False,False,False,False,105830000.0,-0.0,2024
2436,偉詮電,2024-12-06,2024-12-06,1,2024-12-09,2024-12-09,63.7,63.7,64.1,58.5,59.3,6.907378335949773,2.0000000000000013,True,False,False,False,57186799.99999999,0.9488116138689348,2024
3029,零壹,2024-12-05,2024-12-06,2,2024-12-09,2024-12-09,149.0,149.0,156.0,143.0,152.0,-2.013422818791946,1.9999999999999931,True,False,False,True,226177500.0,0.0,2024
6214,精誠,2024-12-05,2024-12-06,2,2024-12-09,2024-12-09,159.5,159.5,165.0,152.0,164.0,-2.8213166144200628,1.9999999999999987,True,False,False,True,297214000.0,0.0,2024
6689,伊雲谷,2024-12-05,2024-12-06,2,2024-12-09,2024-12-09,114.0,114.0,115.5,109.0,110.0,3.508771929824561,2.000000000000001,True,False,False,False,54672000.0,0.0,2024
6442,光聖,2024-12-09,2024-12-09,1,2024-12-10,2024-12-10,550.0,550.0,578.0,541.0,548.0,0.3636363636363636,0.36363636363636365,False,False,False,False,77284000.0,0.794161792867864,2024
6451,訊芯-KY,2024-12-09,2024-12-09,1,2024-12-10,2024-12-10,271.0,271.0,272.0,259.0,259.5,4.243542435424354,2.0000000000000058,True,False,False,True,179131000.0,0.3998302917976229,2024
8054,安國,2024-12-09,2024-12-09,1,2024-12-10,2024-12-10,136.5,136.5,149.5,133.5,144.0,-5.494505494505495,1.9999999999999925,True,False,False,False,133416000.0,0.8904479222881814,2024
3169,亞信,2024-12-12,2024-12-12,1,2024-12-13,2024-12-13,115.0,115.0,118.0,106.0,106.0,7.82608695652174,1.9999999999999976,True,False,False,False,42896000.0,0.9291309212980232,2024
2359,所羅門,2024-12-17,2024-12-17,1,2024-12-18,2024-12-18,161.0,161.0,163.0,156.0,160.5,0.3105590062111801,1.9999999999999993,True,False,False,True,121272000.0,1.1659781318028897,2024
3661,世芯-KY,2024-12-17,2024-12-17,1,2024-12-18,2024-12-18,3355.0,3355.0,3375.0,3245.0,3340.0,0.4470938897168405,1.9999999999999973,True,False,False,False,275560000.0,-0.0,2024
4583,台灣精銳,2024-12-17,2024-12-17,1,2024-12-18,2024-12-18,779.0,779.0,817.0,745.0,793.0,-1.797175866495507,2.0000000000000053,True,False,False,False,132573000.0,1.1484691453010794,2024
5269,祥碩,2024-12-17,2024-12-17,1,2024-12-18,2024-12-18,2045.0,2045.0,2085.0,2020.0,2045.0,0.0,0.0,False,False,False,False,298800000.0,0.0,2024
5484,慧友,2024-12-17,2024-12-17,1,2024-12-18,2024-12-19,66.5,63.7,68.8,61.4,67.7,-6.279434850863422,2.0000000000000013,True,False,True,False,107932000.0,0.3812122447466923,2024
3376,新日興,2024-12-18,2024-12-18,1,2024-12-19,2024-12-19,197.5,197.5,209.5,196.5,208.5,-5.5696202531645564,-5.5696202531645564,False,False,False,False,265863000.0,0.2297818801412757,2024
4931,新盛力,2024-12-18,2024-12-18,1,2024-12-19,2024-12-19,60.6,60.6,66.8,59.7,65.3,-7.755775577557748,-7.755775577557748,False,False,False,False,107597100.0,1.0990844548784309,2024
2374,佳能,2024-12-19,2024-12-19,1,2024-12-20,2024-12-20,62.6,62.6,66.5,62.5,64.9,-3.674121405750805,-3.6741214057508054,False,False,False,True,221698400.0,1.0553278688524592,2024
4977,眾達-KY,2024-12-19,2024-12-19,1,2024-12-20,2024-12-20,149.0,149.0,152.5,134.5,138.5,7.046979865771812,1.9999999999999931,True,False,False,False,66007000.0,1.21699213719757,2024
4991,環宇-KY,2024-12-18,2024-12-19,2,2024-12-20,2024-12-20,116.5,116.5,123.0,111.5,122.5,-5.150214592274678,1.9999999999999987,True,False,False,False,90418000.0,0.4159293503505939,2024
5392,能率,2024-12-19,2024-12-20,2,2024-12-23,2024-12-23,36.35,36.35,37.2,34.05,35.1,3.43878954607978,2.0000000000000107,True,False,False,False,138996150.00000003,0.7489890907050302,2024
2250,IKKA-KY,2024-12-19,2024-12-23,3,2024-12-24,2024-12-24,136.0,136.0,136.0,127.0,130.5,4.044117647058823,1.9999999999999991,True,False,False,False,86934000.0,0.7625785078335289,2024
2365,昆盈,2024-12-20,2024-12-23,2,2024-12-24,2024-12-24,51.1,51.1,52.4,48.8,49.85,2.446183953033268,1.999999999999997,True,False,False,False,87076800.0,1.2628978097495545,2024
2401,凌陽,2024-12-23,2024-12-23,1,2024-12-24,2024-12-24,30.35,30.35,30.5,28.95,28.95,4.612850082372329,1.9999999999999976,True,False,False,False,59829550.0,0.9638782173691762,2024
6205,詮欣,2024-12-23,2024-12-23,1,2024-12-24,2024-12-24,83.1,83.1,84.8,77.0,77.9,6.257521058965089,2.0000000000000075,True,False,False,False,45965500.0,0.9236383809596328,2024
8054,安國,2024-12-23,2024-12-23,1,2024-12-24,2024-12-24,148.5,148.5,151.0,143.5,145.5,2.0202020202020203,1.9999999999999993,True,False,False,False,150745000.0,0.8889548575408803,2024
3167,大量,2024-12-24,2024-12-24,1,2024-12-25,2024-12-25,119.5,119.5,120.0,113.0,114.5,4.184100418410042,2.0000000000000004,True,False,False,False,73160000.0,0.344313832695462,2024
4576,大銀微系統,2024-12-23,2024-12-24,2,2024-12-25,2024-12-25,159.0,159.0,167.5,158.0,159.5,-0.3144654088050315,-0.3144654088050315,False,False,False,False,82305000.0,0.8914403742178483,2024
2328,廣宇,2024-12-25,2024-12-25,1,2024-12-26,2024-12-26,45.1,45.1,45.5,42.0,42.05,6.762749445676285,2.000000000000002,True,False,False,False,201734700.0,0.9102665530521026,2024
2374,佳能,2024-12-25,2024-12-25,1,2024-12-26,2024-12-26,71.1,71.1,72.3,64.8,65.2,8.298171589310819,1.9999999999999958,True,False,False,False,210720600.0,0.7348593350626376,2024
3211,順達,2024-12-25,2024-12-25,1,2024-12-26,2024-12-26,209.5,209.5,225.0,209.0,216.5,-3.341288782816229,-3.341288782816229,False,False,False,False,105832500.0,0.0,2024
8249,菱光,2024-12-25,2024-12-25,1,2024-12-26,2024-12-26,68.0,68.0,69.5,65.7,67.5,0.7352941176470588,1.9999999999999991,True,False,False,False,40548000.0,0.9921574430304824,2024
2498,宏達電,2024-12-26,2024-12-26,1,2024-12-27,2024-12-27,49.55,49.55,50.3,47.65,49.0,1.1099899091826382,1.9999999999999993,True,False,False,False,222869350.0,0.5615218063856694,2024
3406,玉晶光,2024-12-26,2024-12-26,1,2024-12-27,2024-12-27,529.0,529.0,542.0,504.0,507.0,4.158790170132325,2.0000000000000075,True,False,False,False,59622000.0,-0.0,2024
4931,新盛力,2024-12-25,2024-12-26,2,2024-12-27,2024-12-27,78.0,78.0,78.7,69.0,69.6,10.769230769230775,2.0000000000000027,True,False,False,False,97365600.0,0.7827405161576573,2024
4974,亞泰,2024-12-25,2024-12-26,2,2024-12-27,2024-12-27,129.5,129.5,137.0,129.5,136.0,-5.019305019305019,-5.019305019305019,False,False,False,False,125744000.0,0.8349662806972897,2024
4991,環宇-KY,2024-12-26,2024-12-26,1,2024-12-27,2024-12-27,140.0,140.0,143.5,131.5,137.0,2.142857142857143,2.000000000000008,True,False,False,False,58238500.0,-0.0,2024
3645,達邁,2024-12-27,2024-12-27,1,2024-12-30,2024-12-30,49.5,49.5,52.1,48.3,48.95,1.1111111111111054,2.000000000000004,True,False,False,False,45980000.0,1.026267942583732,2024
1597,直得,2024-12-31,2024-12-31,1,2025-01-02,2025-01-02,120.0,120.0,131.0,118.0,124.5,-3.75,-3.75,False,False,False,False,159771500.0,0.4316977683754612,2025
3535,晶彩科,2025-01-02,2025-01-02,1,2025-01-03,2025-01-03,59.5,59.5,59.6,51.7,52.7,11.428571428571423,1.9999999999999962,True,False,False,False,84623200.0,0.8089660991312075,2025
3645,達邁,2025-01-06,2025-01-06,1,2025-01-07,2025-01-07,57.7,57.7,59.8,55.7,58.8,-1.906412478336212,2.0000000000000058,True,False,False,False,85378400.0,1.012387208005772,2025
6515,穎崴,2025-01-07,2025-01-07,1,2025-01-08,2025-01-08,1230.0,1230.0,1275.0,1195.0,1210.0,1.6260162601626018,1.9999999999999927,True,False,False,False,74725000.0,0.8420207427233188,2025
6672,騰輝電子-KY,2025-01-07,2025-01-08,2,2025-01-09,2025-01-09,78.9,78.9,83.6,77.6,80.7,-2.281368821292772,-2.281368821292772,False,False,False,False,53038500.0,0.9935631663791396,2025
6742,澤米,2025-01-09,2025-01-09,1,2025-01-10,2025-01-10,76.5,76.5,79.1,67.5,67.7,11.503267973856206,2.0000000000000013,True,False,False,False,63879200.0,0.916738155769014,2025
4772,台特化,2025-01-14,2025-01-14,1,2025-01-15,2025-01-15,225.0,225.0,242.0,220.5,234.0,-4.0,2.0,True,False,False,False,90389000.0,-0.0,2025
6890,來億-KY,2025-01-14,2025-01-14,1,2025-01-15,2025-01-15,512.0,512.0,538.0,492.5,494.0,3.515625,2.0000000000000018,True,False,False,False,111606000.0,0.672795369424583,2025
3081,聯亞,2025-01-16,2025-01-16,1,2025-01-17,2025-01-17,470.0,470.0,506.0,453.5,487.0,-3.617021276595744,2.000000000000007,True,False,False,False,176946000.0,-0.0,2025
3374,精材,2025-01-16,2025-01-16,1,2025-01-17,2025-01-17,232.5,232.5,236.5,218.5,220.5,5.161290322580645,2.0000000000000027,True,False,False,False,202275000.0,3.354238042269188,2025
3450,聯鈞,2025-01-16,2025-01-16,1,2025-01-17,2025-01-17,317.5,317.5,326.5,306.0,313.0,1.4173228346456692,2.000000000000007,True,False,False,False,334962500.0,0.5055282307721014,2025
4912,聯德控股-KY,2025-01-16,2025-01-16,1,2025-01-17,2025-01-17,158.5,158.5,161.5,155.0,159.0,-0.3154574132492113,2.00000000000001,True,False,False,False,126080000.0,0.2017766497461929,2025
4991,環宇-KY,2025-01-16,2025-01-16,1,2025-01-17,2025-01-17,138.5,138.5,140.5,126.0,126.0,9.025270758122744,2.000000000000007,True,False,False,True,93325500.0,1.4972756642075318,2025
6215,和椿,2025-01-16,2025-01-16,1,2025-01-17,2025-01-17,106.5,106.5,115.0,104.5,106.0,0.4694835680751174,0.4694835680751174,False,False,False,False,60240500.0,0.978345133257526,2025
3665,貿聯-KY,2025-01-20,2025-01-20,1,2025-01-21,2025-01-21,617.0,617.0,628.0,601.0,612.0,0.8103727714748784,2.0000000000000053,True,False,False,False,197440000.0,0.0,2025
4931,新盛力,2025-01-20,2025-01-20,1,2025-01-21,2025-01-21,75.5,75.5,75.5,70.5,71.3,5.562913907284772,2.0000000000000067,True,False,False,False,270402300.0,0.9331677282330808,2025
6215,和椿,2025-01-20,2025-01-20,1,2025-01-21,2025-01-21,119.5,119.5,121.5,113.0,113.5,5.02092050209205,2.0000000000000004,True,False,False,True,112888500.0,0.8385176523738025,2025
6558,興能高,2025-01-20,2025-01-20,1,2025-01-21,2025-01-21,57.5,57.5,59.5,56.6,56.6,1.5652173913043457,1.5652173913043455,False,False,False,False,114929000.0,0.9283209633773896,2025
6781,AES-KY,2025-01-20,2025-01-20,1,2025-01-21,2025-01-21,1220.0,1220.0,1260.0,1200.0,1240.0,-1.639344262295082,-1.639344262295082,False,False,False,False,143325000.0,0.0,2025
3706,神達,2025-01-22,2025-01-22,1,2025-02-03,2025-02-03,69.3,69.3,72.4,67.0,71.5,-3.1746031746031784,1.9999999999999938,True,False,False,False,250463000.0,0.0776481955418564,2025
4979,華星光,2025-01-21,2025-01-22,2,2025-02-03,2025-02-03,227.5,227.5,239.0,219.0,232.0,-1.9780219780219777,2.000000000000005,True,False,False,False,626316000.0,0.9730934544223684,2025
2471,資通,2025-02-04,2025-02-04,1,2025-02-05,2025-02-05,59.0,59.0,60.6,57.0,59.2,-0.3389830508474624,1.9999999999999993,True,False,False,False,57784200.0,1.0214280028104568,2025
2250,IKKA-KY,2025-02-05,2025-02-05,1,2025-02-06,2025-02-06,143.0,143.0,145.0,134.5,139.5,2.4475524475524475,2.0000000000000093,True,False,False,False,53428500.0,0.9660574412532638,2025
3088,艾訊,2025-02-05,2025-02-05,1,2025-02-06,2025-02-06,146.5,146.5,155.0,142.5,148.0,-1.023890784982935,2.0000000000000044,True,False,False,False,73038000.0,0.8733535967578521,2025
4576,大銀微系統,2025-02-05,2025-02-05,1,2025-02-06,2025-02-06,162.0,162.0,168.0,160.0,167.5,-3.3950617283950617,-3.3950617283950617,False,False,False,False,97920000.0,0.0,2025
6191,精成科,2025-02-05,2025-02-05,1,2025-02-06,2025-02-06,70.9,70.9,73.0,68.9,69.7,1.692524682651626,2.000000000000009,True,False,False,False,54784200.00000001,0.7837150127226463,2025
6215,和椿,2025-02-05,2025-02-05,1,2025-02-06,2025-02-06,125.0,125.0,132.0,124.0,131.5,-5.2,-5.2,False,False,False,False,69600000.0,0.1171408045977011,2025
6223,旺矽,2025-02-05,2025-02-05,1,2025-02-06,2025-02-06,832.0,832.0,861.0,821.0,823.0,1.0817307692307692,1.0817307692307692,False,False,False,False,145960000.0,0.0,2025
6533,晶心科,2025-02-05,2025-02-05,1,2025-02-06,2025-02-06,430.0,430.0,440.0,424.0,433.5,-0.813953488372093,-0.813953488372093,False,False,False,False,170344000.0,-0.0,2025
6672,騰輝電子-KY,2025-02-06,2025-02-06,1,2025-02-07,2025-02-07,85.3,85.3,85.7,82.1,83.2,2.4618991793669336,2.0000000000000036,True,False,False,False,45294299.99999999,0.9735441324846617,2025
3029,零壹,2025-02-07,2025-02-07,1,2025-02-10,2025-02-10,152.5,152.5,154.5,146.5,147.5,3.278688524590164,2.000000000000007,True,False,False,False,152456500.0,2.886019946673313,2025
3483,力致,2025-02-07,2025-02-07,1,2025-02-10,2025-02-10,148.0,148.0,151.0,145.0,147.5,0.3378378378378378,2.0000000000000053,True,False,False,False,62878000.0,0.5653408187283311,2025
4979,華星光,2025-02-07,2025-02-07,1,2025-02-10,2025-02-10,251.5,251.5,264.5,245.0,247.0,1.7892644135188869,2.0000000000000004,True,False,False,False,175350000.0,1.263524379811805,2025
4991,環宇-KY,2025-02-07,2025-02-07,1,2025-02-10,2025-02-10,133.0,133.0,146.0,133.0,145.5,-9.398496240601505,-9.398496240601503,False,False,False,False,216195000.0,0.3943800735447166,2025
5269,祥碩,2025-02-07,2025-02-07,1,2025-02-10,2025-02-10,2230.0,2230.0,2260.0,2200.0,2230.0,0.0,0.0,False,False,False,False,521820000.0,0.0,2025
2027,大成鋼,2025-02-10,2025-02-10,1,2025-02-11,2025-02-11,42.55,42.55,45.8,42.25,43.5,-2.232667450058761,-2.232667450058761,False,False,False,False,241637300.0,0.4451940987587595,2025
6206,飛捷,2025-02-10,2025-02-10,1,2025-02-11,2025-02-11,126.5,126.5,135.0,125.0,128.5,-1.5810276679841897,-1.5810276679841897,False,False,False,False,96309000.0,1.2021566001100623,2025
6763,綠界科技*,2025-02-07,2025-02-10,2,2025-02-11,2025-02-11,79.0,79.0,81.7,75.3,76.0,3.79746835443038,1.999999999999998,True,False,False,False,69022800.0,1.04052573932092,2025
3450,聯鈞,2025-02-11,2025-02-11,1,2025-02-12,2025-02-12,345.0,345.0,350.0,308.0,315.0,8.695652173913043,2.0000000000000098,True,False,False,False,252182500.0,1.0255073210869112,2025
3515,華擎,2025-02-11,2025-02-11,1,2025-02-12,2025-02-12,256.0,256.0,261.0,247.0,256.0,0.0,2.0000000000000018,True,False,False,False,53714000.0,1.0294522843206613,2025
6442,光聖,2025-02-11,2025-02-11,1,2025-02-12,2025-02-12,610.0,610.0,619.0,551.0,562.0,7.868852459016394,2.000000000000007,True,False,False,False,61404000.0,0.915249820858576,2025
8234,新漢,2025-02-11,2025-02-11,1,2025-02-12,2025-02-12,77.1,77.1,81.9,76.1,78.8,-2.204928664072637,-2.204928664072637,False,False,False,False,134025500.0,1.0677132336756812,2025
8249,菱光,2025-02-11,2025-02-11,1,2025-02-12,2025-02-12,60.0,60.0,63.5,58.5,60.8,-1.3333333333333286,2.000000000000005,True,False,False,False,40924799.99999999,1.025099695050434,2025
1536,和大,2025-02-12,2025-02-12,1,2025-02-13,2025-02-13,69.4,69.4,71.0,67.7,68.8,0.8645533141210496,2.000000000000007,True,False,False,False,68874400.0,0.902024554841857,2025
2417,圓剛,2025-02-12,2025-02-12,1,2025-02-13,2025-02-13,57.1,57.1,57.2,51.9,52.1,8.756567425569177,2.0000000000000053,True,False,False,False,56499000.0,0.6123011026743836,2025
6913,鴻呈,2025-02-11,2025-02-12,2,2025-02-13,2025-02-13,152.0,152.0,166.5,149.0,158.5,-4.276315789473684,-4.276315789473684,False,False,False,False,68292000.0,0.8448134481344813,2025
2344,華邦電,2025-02-13,2025-02-13,1,2025-02-14,2025-02-14,16.5,16.5,17.5,15.55,17.15,-3.9393939393939306,2.000000000000011,True,False,False,False,58272000.0,1.0865904722679844,2025
2408,南亞科,2025-02-13,2025-02-13,1,2025-02-14,2025-02-14,31.0,31.0,33.55,29.6,32.3,-4.193548387096765,2.000000000000003,True,False,False,False,170689850.0,0.9728422633214572,2025
8028,昇陽半導體,2025-02-13,2025-02-13,1,2025-02-14,2025-02-14,133.5,133.5,143.5,132.5,140.5,-5.243445692883896,-5.2434456928838955,False,False,False,False,77296500.0,-0.0,2025
1536,和大,2025-02-17,2025-02-17,1,2025-02-18,2025-02-18,80.6,80.6,84.2,79.9,81.6,-1.240694789081886,-1.240694789081886,False,False,False,False,84366400.00000001,0.5822602363026038,2025
6657,華安,2025-02-14,2025-02-17,2,2025-02-18,2025-02-18,75.0,75.0,78.5,70.0,73.0,2.666666666666667,2.0,True,False,False,False,50160900.00000001,0.5268246781855986,2025
2250,IKKA-KY,2025-02-18,2025-02-18,1,2025-02-19,2025-02-19,158.0,158.0,161.0,142.0,146.5,7.2784810126582276,1.999999999999998,True,False,False,False,83079000.0,0.9486994306623816,2025
3379,彬台,2025-02-17,2025-02-18,2,2025-02-19,2025-02-19,65.2,65.2,69.0,64.1,64.5,1.073619631901845,1.073619631901845,False,False,False,False,76419600.0,1.042370020256583,2025
5371,中光電,2025-02-18,2025-02-18,1,2025-02-19,2025-02-19,87.7,87.7,88.6,85.3,86.1,1.824401368301036,2.0000000000000058,True,False,False,False,62578400.0,1.0181468366081583,2025
8028,昇陽半導體,2025-02-18,2025-02-18,1,2025-02-19,2025-02-19,162.0,162.0,174.5,161.0,167.5,-3.3950617283950617,-3.3950617283950617,False,False,False,False,263972500.0,0.0,2025
3167,大量,2025-02-19,2025-02-19,1,2025-02-20,2025-02-20,111.0,111.0,117.5,108.0,108.5,2.2522522522522523,1.9999999999999991,True,False,False,False,214291500.0,0.9903612602459734,2025
1519,華城,2025-02-20,2025-02-20,1,2025-02-21,2025-02-21,629.0,629.0,676.0,628.0,635.0,-0.9538950715421304,-0.9538950715421303,False,False,False,True,228018000.0,0.0,2025
1618,合機,2025-02-20,2025-02-20,1,2025-02-21,2025-02-21,52.9,52.9,54.8,50.4,50.4,4.725897920604915,1.9999999999999998,True,False,False,False,52494800.0,0.992738328367762,2025
3558,神準,2025-02-20,2025-02-20,1,2025-02-21,2025-02-21,254.0,254.0,254.5,241.0,243.0,4.330708661417323,2.000000000000005,True,False,False,False,141313000.0,0.2992081407938406,2025
6799,來頡,2025-02-20,2025-02-20,1,2025-02-21,2025-02-21,126.0,126.0,133.0,123.0,124.5,1.1904761904761905,1.999999999999997,True,False,False,False,77216000.0,0.9367812370493162,2025
3022,威強電,2025-02-20,2025-02-21,2,2025-02-24,2025-02-24,102.0,102.0,109.5,99.7,108.0,-5.88235294117647,2.000000000000006,True,False,False,False,71900000.0,0.2673713490959666,2025
5347,世界,2025-02-21,2025-02-21,1,2025-02-24,2025-02-24,99.0,99.0,103.0,98.1,101.5,-2.525252525252525,-2.525252525252525,False,False,False,False,70059599.99999999,0.2100711394298569,2025
9802,鈺齊-KY,2025-02-21,2025-02-21,1,2025-02-24,2025-02-24,153.0,153.0,161.0,149.0,150.5,1.6339869281045754,2.0000000000000013,True,False,False,False,174307500.0,0.6864162471494342,2025
2606,裕民,2025-02-24,2025-02-24,1,2025-02-25,2025-02-25,73.9,73.9,74.8,70.6,72.3,2.165087956698252,1.9999999999999925,True,False,False,False,214840900.0,0.9739123230260158,2025
3059,華晶科,2025-02-24,2025-02-24,1,2025-02-25,2025-02-25,45.65,45.65,49.5,45.5,49.1,-7.557502738225637,-7.557502738225637,False,False,False,False,67590000.0,0.0,2025
4510,高鋒,2025-02-21,2025-02-24,2,2025-02-25,2025-02-25,62.8,62.8,65.8,60.5,61.9,1.433121019108278,2.0000000000000004,True,False,False,False,60931000.0,0.7649751358093582,2025
4931,新盛力,2025-02-24,2025-02-24,1,2025-02-25,2025-02-25,74.7,74.7,77.3,73.1,74.0,0.93708165997323,1.9999999999999998,True,False,False,False,74401599.99999999,1.0164835164835166,2025
6547,高端疫苗,2025-02-24,2025-02-24,1,2025-02-25,2025-02-25,55.5,55.5,56.6,51.4,51.4,7.38738738738739,1.9999999999999991,True,False,False,False,66375400.00000001,0.7627675313444437,2025
1815,富喬,2025-02-26,2025-02-26,1,2025-02-27,2025-02-27,35.95,35.95,36.5,33.1,33.4,7.093184979137702,2.000000000000003,True,False,False,True,52487250.0,0.9456086954450844,2025
2383,台光電,2025-02-26,2025-02-26,1,2025-02-27,2025-02-27,639.0,639.0,641.0,623.0,632.0,1.0954616588419406,1.9999999999999958,True,False,False,False,466521000.0,0.0,2025
3036,文曄,2025-02-26,2025-02-26,1,2025-02-27,2025-02-27,114.0,114.0,115.5,109.5,110.0,3.508771929824561,2.000000000000001,True,False,False,False,84816000.0,0.4046406338426712,2025
3022,威強電,2025-03-04,2025-03-04,1,2025-03-05,2025-03-05,121.0,121.0,122.0,111.5,112.0,7.43801652892562,2.0000000000000013,True,False,False,False,126782500.0,0.5300416066886203,2025
3379,彬台,2025-03-04,2025-03-04,1,2025-03-05,2025-03-05,76.8,76.8,80.5,75.2,75.2,2.083333333333326,2.0000000000000018,True,False,False,False,56776200.0,0.9880759895871865,2025
6416,瑞祺電通,2025-03-04,2025-03-04,1,2025-03-05,2025-03-05,135.5,135.5,142.0,133.0,134.5,0.7380073800738007,0.7380073800738007,False,False,False,False,75762000.0,1.185897943560096,2025
6805,富世達,2025-03-04,2025-03-04,1,2025-03-05,2025-03-05,735.0,735.0,765.0,730.0,731.0,0.5442176870748299,0.5442176870748299,False,False,False,False,75396000.0,0.2714732877075707,2025
5392,能率,2025-03-05,2025-03-05,1,2025-03-06,2025-03-06,41.0,41.0,41.1,38.1,38.5,6.097560975609756,2.000000000000001,True,False,False,False,74329200.0,0.9691144260936484,2025
4763,材料*-KY,2025-03-06,2025-03-06,1,2025-03-07,2025-03-07,1070.0,1070.0,1125.0,1060.0,1105.0,-3.2710280373831773,-3.2710280373831773,False,False,False,False,320760000.0,0.6063100137174211,2025
6781,AES-KY,2025-03-06,2025-03-06,1,2025-03-07,2025-03-07,1035.0,1035.0,1055.0,992.0,999.0,3.4782608695652173,2.0000000000000044,True,False,False,False,119130000.0,0.5199194157642911,2025
4931,新盛力,2025-03-10,2025-03-10,1,2025-03-11,2025-03-11,81.0,81.0,86.0,77.2,86.0,-6.172839506172839,2.0000000000000058,True,False,False,False,129118400.0,0.9777692412545383,2025
3563,牧德,2025-03-11,2025-03-11,1,2025-03-12,2025-03-12,560.0,560.0,573.0,542.0,569.0,-1.607142857142857,2.000000000000008,True,False,False,False,154560000.0,0.0,2025
6877,鏵友益,2025-03-11,2025-03-11,1,2025-03-12,2025-03-12,103.5,103.5,112.0,101.0,104.5,-0.966183574879227,2.000000000000007,True,False,False,False,85485000.0,0.4302977130490729,2025
2328,廣宇,2025-03-12,2025-03-12,1,2025-03-13,2025-03-13,52.1,52.1,55.8,51.5,54.4,-4.4145873320537365,-4.4145873320537365,False,False,False,True,204465300.0,-0.0,2025
2344,華邦電,2025-03-12,2025-03-12,1,2025-03-13,2025-03-13,21.4,21.4,22.1,20.4,20.7,3.2710280373831746,2.000000000000004,True,False,False,False,257859000.0,0.5811210777983317,2025
4971,IET-KY,2025-03-13,2025-03-13,1,2025-03-14,2025-03-14,135.0,135.0,135.0,121.5,124.0,8.148148148148149,1.9999999999999918,True,False,False,False,106530000.0,0.9358490566037736,2025
8234,新漢,2025-03-13,2025-03-13,1,2025-03-14,2025-03-14,99.8,99.8,99.8,91.2,91.8,8.016032064128256,1.9999999999999951,True,False,False,False,57324300.0,0.9576462337961388,2025
2637,慧洋-KY,2025-03-14,2025-03-14,1,2025-03-17,2025-03-17,85.8,85.8,86.0,81.9,82.3,4.07925407925408,2.0000000000000098,True,False,False,False,162775000.0,0.2184217478113961,2025
8096,擎亞,2025-03-14,2025-03-17,2,2025-03-18,2025-03-18,77.8,77.8,79.2,71.8,72.4,6.940874035989706,1.9999999999999967,True,False,False,False,98083200.0,1.0769591530455775,2025
3162,精確,2025-03-17,2025-03-18,2,2025-03-19,2025-03-19,57.0,57.0,59.5,55.7,57.9,-1.5789473684210502,2.000000000000001,True,False,False,False,56243700.0,0.0,2025
4931,新盛力,2025-03-18,2025-03-18,1,2025-03-19,2025-03-19,97.9,97.9,98.7,87.2,87.3,10.8273748723187,1.9999999999999982,True,False,False,False,205022400.0,0.8047754781916513,2025
2634,漢翔,2025-03-19,2025-03-19,1,2025-03-20,2025-03-20,52.6,52.6,53.0,50.5,50.9,3.2319391634981045,1.9999999999999993,True,False,False,False,112052100.0,0.0,2025
3022,威強電,2025-03-20,2025-03-20,1,2025-03-21,2025-03-21,104.5,104.5,104.5,98.7,99.0,5.263157894736842,2.000000000000003,True,False,False,False,61237000.0,0.627267828273756,2025
4510,高鋒,2025-03-24,2025-03-24,1,2025-03-25,2025-03-25,55.4,55.4,57.6,52.5,53.5,3.42960288808664,2.000000000000007,True,False,False,False,81041800.0,0.9532611565883284,2025
4979,華星光,2025-03-24,2025-03-24,1,2025-03-25,2025-03-25,208.5,208.5,209.0,193.0,195.0,6.474820143884892,2.0000000000000075,True,False,False,False,105242000.0,1.741700081716425,2025
7402,邑錡,2025-03-24,2025-03-24,1,2025-03-25,2025-03-25,107.0,107.0,113.5,101.5,103.5,3.2710280373831773,2.0000000000000004,True,False,False,True,53393000.0,0.965351263274212,2025
2351,順德,2025-03-25,2025-03-25,1,2025-03-26,2025-03-26,102.5,102.5,105.0,92.7,92.7,9.560975609756095,1.9999999999999973,True,False,False,False,86530500.0,0.9191741640230902,2025
4991,環宇-KY,2025-03-25,2025-03-25,1,2025-03-26,2025-03-26,132.0,132.0,132.0,124.0,124.0,6.0606060606060606,2.000000000000011,True,False,False,False,65274000.0,0.7541747096853265,2025
6112,邁達特,2025-03-25,2025-03-25,1,2025-03-26,2025-03-26,62.6,62.6,64.9,57.0,57.0,8.945686900958469,2.000000000000004,True,False,False,False,89459600.0,0.8340412879109677,2025
6140,訊達電腦,2025-03-20,2025-03-25,4,2025-03-26,2025-03-26,47.05,47.05,49.2,42.65,43.95,6.588735387885217,2.0000000000000058,True,False,False,False,107718550.0,0.5047055497869216,2025
5202,力新,2025-03-25,2025-03-26,2,2025-03-27,2025-03-27,32.5,32.5,33.7,29.0,29.1,10.461538461538456,2.0000000000000067,True,False,False,True,51933200.0,0.9071826885306508,2025
4541,晟田,2025-03-28,2025-03-28,1,2025-03-31,2025-03-31,54.2,54.2,58.6,48.05,48.5,10.516605166051663,2.0000000000000058,True,False,False,True,53300000.0,0.8398780487804878,2025
8222,寶一,2025-04-01,2025-04-01,1,2025-04-02,2025-04-02,55.8,55.8,58.9,54.0,54.0,3.225806451612898,1.9999999999999993,True,False,False,False,119581600.0,0.2772667366885875,2025
3546,宇峻,2025-04-08,2025-04-08,1,2025-04-09,2025-04-09,83.6,83.6,87.7,77.7,81.9,2.033492822966494,1.9999999999999967,True,False,False,False,57353000.0,0.0,2025
2317,鴻海,2025-04-10,2025-04-10,1,2025-04-11,2025-04-11,118.5,118.5,135.0,117.0,134.5,-13.502109704641349,-13.502109704641349,False,False,False,False,196118000.0,1.0540924341467892,2025
2330,台積電,2025-04-10,2025-04-10,1,2025-04-11,2025-04-11,848.0,848.0,889.0,836.0,889.0,-4.834905660377359,-4.834905660377359,False,False,False,False,1300541000.0,0.0,2025
2344,華邦電,2025-04-10,2025-04-10,1,2025-04-11,2025-04-11,14.2,14.2,15.45,13.6,15.3,-7.746478873239447,2.000000000000005,True,False,False,False,100835000.0,1.1689512570040166,2025
2345,智邦,2025-04-10,2025-04-10,1,2025-04-11,2025-04-11,480.5,480.5,512.0,465.0,509.0,-5.931321540062435,2.0000000000000027,True,False,False,False,45936000.0,0.2770158481365378,2025
2454,聯發科,2025-04-10,2025-04-10,1,2025-04-11,2025-04-11,1280.0,1280.0,1395.0,1250.0,1385.0,-8.203125,1.9999999999999927,True,False,False,False,54600000.0,0.0,2025
2891,中信金,2025-04-10,2025-04-10,1,2025-04-11,2025-04-11,36.5,36.5,37.5,36.05,37.25,-2.054794520547945,-2.054794520547945,False,False,False,False,75959400.0,0.0,2025
3023,信邦,2025-04-10,2025-04-10,1,2025-04-11,2025-04-11,198.0,198.0,219.0,186.5,213.5,-7.828282828282829,2.000000000000004,True,False,False,False,101065000.0,0.0,2025
6669,緯穎,2025-04-10,2025-04-10,1,2025-04-11,2025-04-11,1765.0,1765.0,1920.0,1705.0,1900.0,-7.64872521246459,1.9999999999999973,True,False,False,False,111195000.0,0.598048473402581,2025
2382,廣達,2025-04-10,2025-04-11,2,2025-04-14,2025-04-14,225.0,225.0,236.0,223.5,228.0,-1.3333333333333337,-1.3333333333333335,False,False,False,False,202109000.0,0.0,2025
2383,台光電,2025-04-10,2025-04-11,2,2025-04-14,2025-04-14,520.0,520.0,538.0,511.0,516.0,0.7692307692307693,0.7692307692307693,False,False,False,False,233208000.0,0.0,2025
2603,長榮,2025-04-10,2025-04-11,2,2025-04-14,2025-04-14,215.0,215.0,224.5,208.0,210.0,2.3255813953488373,2.0000000000000053,True,False,False,False,389252500.0,0.9036550824978644,2025
2609,陽明,2025-04-10,2025-04-11,2,2025-04-14,2025-04-14,73.0,73.0,75.2,71.0,73.6,-0.8219178082191704,2.0000000000000107,True,False,False,False,120726000.0,0.6096449811970909,2025
2618,長榮航,2025-04-10,2025-04-11,2,2025-04-14,2025-04-14,42.7,42.7,43.5,40.4,40.4,5.386416861826707,1.999999999999998,True,False,False,False,104409000.0,-0.0,2025
3231,緯創,2025-04-10,2025-04-11,2,2025-04-14,2025-04-14,96.8,96.8,98.7,95.1,97.3,-0.5165289256198348,-0.5165289256198348,False,False,False,False,109589900.0,0.0,2025
3264,欣銓,2025-04-10,2025-04-11,2,2025-04-14,2025-04-14,70.5,70.5,73.5,69.5,70.0,0.7092198581560284,0.7092198581560284,False,False,False,False,112012400.0,0.0,2025
3665,貿聯-KY,2025-04-10,2025-04-11,2,2025-04-14,2025-04-14,476.0,476.0,490.0,461.0,484.0,-1.680672268907563,1.9999999999999962,True,False,False,False,118527000.0,0.0,2025
5269,祥碩,2025-04-14,2025-04-14,1,2025-04-15,2025-04-15,1540.0,1540.0,1600.0,1515.0,1590.0,-3.2467532467532463,-3.2467532467532463,False,False,False,False,332640000.0,0.0,2025
1536,和大,2025-04-15,2025-04-15,1,2025-04-16,2025-04-16,59.2,59.2,60.6,58.0,58.1,1.8581081081081103,2.0000000000000075,True,False,False,False,86550000.0,0.9975343731946852,2025
3450,聯鈞,2025-04-15,2025-04-15,1,2025-04-16,2025-04-16,207.0,207.0,212.5,199.5,199.5,3.6231884057971016,2.000000000000007,True,False,False,False,90653500.0,0.9110845141114242,2025
4979,華星光,2025-04-15,2025-04-15,1,2025-04-16,2025-04-16,150.0,150.0,151.5,143.0,145.0,3.333333333333333,2.0,True,False,False,False,40004000.0,0.3733376662333766,2025
4541,晟田,2025-04-16,2025-04-16,1,2025-04-17,2025-04-17,52.5,52.5,53.9,46.75,49.25,6.190476190476191,2.000000000000008,True,False,False,False,66177000.0,1.2287010592804146,2025
6148,驊宏資,2025-04-15,2025-04-16,2,2025-04-17,2025-04-17,67.4,67.4,69.7,59.3,60.4,10.385756676557872,1.9999999999999982,True,False,False,False,81494400.0,0.6418404209368987,2025
4949,有成精密,2025-04-18,2025-04-18,1,2025-04-21,2025-04-21,44.05,44.05,45.25,41.5,43.0,2.383654937570936,2.000000000000001,True,False,False,False,40444250.0,1.0153482880755609,2025
3563,牧德,2025-04-23,2025-04-23,1,2025-04-24,2025-04-24,388.0,388.0,402.0,378.0,389.0,-0.2577319587628865,1.9999999999999976,True,False,False,False,56700500.0,0.0,2025
5439,高技,2025-04-23,2025-04-23,1,2025-04-24,2025-04-24,132.5,132.5,140.5,132.5,133.0,-0.3773584905660377,-0.37735849056603776,False,False,False,False,192487500.0,0.0,2025
6148,驊宏資,2025-04-23,2025-04-23,1,2025-04-24,2025-04-24,67.8,67.8,71.5,66.7,67.4,0.5899705014749137,0.5899705014749137,False,False,False,False,101985000.0,0.0508878756679903,2025
6510,精測,2025-04-23,2025-04-23,1,2025-04-24,2025-04-24,673.0,673.0,711.0,671.0,694.0,-3.1203566121842496,-3.1203566121842496,False,False,False,False,74360000.0,0.3826519634211942,2025
6515,穎崴,2025-04-23,2025-04-23,1,2025-04-24,2025-04-24,831.0,831.0,850.0,811.0,822.0,1.083032490974729,2.0000000000000004,True,False,False,False,120158000.0,0.7525091962249705,2025
3131,弘塑,2025-04-24,2025-04-24,1,2025-04-25,2025-04-25,957.0,957.0,960.0,898.0,900.0,5.956112852664576,1.9999999999999987,True,False,False,False,45798000.0,0.766409013494039,2025
2383,台光電,2025-04-25,2025-04-25,1,2025-04-28,2025-04-28,563.0,563.0,564.0,551.0,557.0,1.0657193605683837,1.9999999999999982,True,False,False,False,652032000.0,0.0,2025
6112,邁達特,2025-04-24,2025-04-25,2,2025-04-28,2025-04-28,54.0,54.0,55.4,51.2,54.3,-0.5555555555555503,1.999999999999997,True,False,False,False,96748350.0,1.0506597786939,2025
1560,中砂,2025-04-29,2025-04-29,1,2025-04-30,2025-04-30,247.0,247.0,247.5,238.5,243.5,1.417004048582996,1.9999999999999991,True,False,False,False,79544000.0,0.7775445036709243,2025
2359,所羅門,2025-04-29,2025-04-29,1,2025-04-30,2025-04-30,131.0,131.0,141.5,129.0,132.0,-0.7633587786259541,-0.7633587786259541,False,False,False,False,98410000.0,1.0516004471090337,2025
5225,東科-KY,2025-04-29,2025-04-29,1,2025-04-30,2025-04-30,99.0,99.0,104.5,97.3,103.5,-4.545454545454546,-4.545454545454546,False,False,False,False,83794200.00000001,1.0412474849094566,2025
5251,天鉞電,2025-04-29,2025-04-29,1,2025-04-30,2025-04-30,54.8,54.8,55.3,49.7,50.0,8.759124087591236,2.0000000000000067,True,False,False,False,90342000.0,0.9159637820725688,2025
8072,陞泰,2025-04-29,2025-04-29,1,2025-04-30,2025-04-30,53.6,53.6,53.6,47.35,48.6,9.328358208955224,2.000000000000005,True,False,False,False,59540000.0,0.8913537117903931,2025
8096,擎亞,2025-04-29,2025-04-29,1,2025-04-30,2025-04-30,59.0,59.0,60.4,55.4,55.9,5.254237288135596,1.9999999999999993,True,False,False,False,114542700.0,0.9365249815134442,2025
8234,新漢,2025-04-29,2025-04-29,1,2025-04-30,2025-04-30,81.0,81.0,87.9,77.8,78.1,3.580246913580254,2.0000000000000058,True,False,False,False,49120000.0,0.9762499999999998,2025
2365,昆盈,2025-04-29,2025-04-30,2,2025-05-02,2025-05-02,39.85,39.85,42.35,39.05,39.7,0.3764115432873239,2.0000000000000107,True,False,False,False,92477000.0,1.0479113725575009,2025
1503,士電,2025-05-02,2025-05-02,1,2025-05-05,2025-05-05,163.5,163.5,171.5,162.5,171.0,-4.587155963302752,-4.587155963302752,False,False,False,False,163176000.0,0.8970436828945433,2025
1514,亞力,2025-05-02,2025-05-02,1,2025-05-05,2025-05-05,105.0,105.0,111.0,104.0,105.5,-0.4761904761904762,-0.4761904761904762,False,False,False,False,157358000.0,1.033827323682304,2025
2360,致茂,2025-05-02,2025-05-02,1,2025-05-05,2025-05-05,323.5,323.5,327.0,304.5,315.0,2.627511591962906,2.0000000000000084,True,False,False,False,218620000.0,0.6238907693715122,2025
3645,達邁,2025-05-02,2025-05-02,1,2025-05-05,2025-05-05,57.0,57.0,57.2,50.3,50.4,11.578947368421057,2.000000000000001,True,False,False,False,56190600.0,0.9059166479802672,2025
4562,穎漢,2025-04-29,2025-05-02,3,2025-05-05,2025-05-05,52.3,52.3,52.7,49.25,49.25,5.831739961759077,1.9999999999999991,True,False,False,False,96513550.0,0.4679368855461228,2025
6558,興能高,2025-05-02,2025-05-02,1,2025-05-05,2025-05-05,55.5,55.5,56.4,50.0,51.3,7.567567567567572,1.9999999999999991,True,False,False,False,82830000.0,0.9060956175298804,2025
3546,宇峻,2025-05-02,2025-05-06,3,2025-05-07,2025-05-07,125.5,125.5,136.0,119.5,122.0,2.788844621513944,2.000000000000004,True,False,False,False,122211000.0,0.2515649164150526,2025
4541,晟田,2025-05-06,2025-05-06,1,2025-05-07,2025-05-07,52.9,52.9,52.9,50.1,50.3,4.914933837429114,1.9999999999999998,True,False,False,True,88975700.00000001,0.9536997180128952,2025
5201,凱衛,2025-05-06,2025-05-06,1,2025-05-07,2025-05-07,63.3,63.3,63.7,57.0,58.0,8.37282780410742,1.9999999999999973,True,False,False,False,44408000.0,0.8920464781120518,2025
5274,信驊,2025-05-06,2025-05-06,1,2025-05-07,2025-05-07,3505.0,3505.0,3545.0,3400.0,3405.0,2.8530670470756063,1.9999999999999973,True,False,False,False,74550000.0,0.0913480885311871,2025
6197,佳必琪,2025-05-06,2025-05-06,1,2025-05-07,2025-05-07,133.5,133.5,135.5,130.0,130.5,2.247191011235955,2.000000000000012,True,False,False,False,90363000.0,0.6932040768898775,2025
6757,台灣虎航,2025-05-05,2025-05-06,2,2025-05-07,2025-05-07,106.5,106.5,106.5,95.0,96.1,9.765258215962447,1.9999999999999958,True,False,False,False,53147200.00000001,3.603713836288647,2025
8072,陞泰,2025-05-06,2025-05-06,1,2025-05-07,2025-05-07,48.6,48.6,52.9,46.7,46.7,3.909465020576128,2.0000000000000027,True,False,False,False,62049000.0,0.9565939821753776,2025
8222,寶一,2025-05-06,2025-05-06,1,2025-05-07,2025-05-07,67.0,67.0,69.5,64.4,65.0,2.985074626865672,2.0000000000000053,True,False,False,True,47895600.0,0.9309832218408371,2025
3081,聯亞,2025-05-09,2025-05-09,1,2025-05-12,2025-05-12,290.0,290.0,303.0,286.5,292.5,-0.8620689655172413,-0.8620689655172413,False,False,False,False,87575000.0,0.928518412789038,2025
3450,聯鈞,2025-05-09,2025-05-09,1,2025-05-12,2025-05-12,206.5,206.5,217.5,206.5,209.0,-1.2106537530266344,-1.2106537530266344,False,False,False,False,44785500.0,0.0,2025
4979,華星光,2025-05-09,2025-05-09,1,2025-05-12,2025-05-12,170.0,170.0,171.5,163.0,163.5,3.823529411764706,2.0000000000000036,True,False,False,True,63578000.0,0.7277753310893705,2025
6757,台灣虎航,2025-05-09,2025-05-09,1,2025-05-12,2025-05-12,109.0,109.0,109.0,98.5,99.7,8.532110091743117,2.000000000000006,True,False,False,False,64584000.0,0.7517945621206491,2025
3563,牧德,2025-05-12,2025-05-12,1,2025-05-13,2025-05-13,505.0,505.0,517.0,491.0,502.0,0.594059405940594,2.0000000000000044,True,False,False,False,85440000.0,0.0,2025
8069,元太,2025-05-13,2025-05-13,1,2025-05-14,2025-05-14,240.0,240.0,245.0,230.0,233.5,2.708333333333333,2.000000000000005,True,False,False,False,63842000.0,0.6546865699696125,2025
9802,鈺齊-KY,2025-05-13,2025-05-13,1,2025-05-14,2025-05-14,112.5,112.5,114.0,105.5,111.0,1.3333333333333337,2.0,True,False,False,False,44191000.0,0.6982869815120726,2025
2408,南亞科,2025-05-13,2025-05-14,2,2025-05-15,2025-05-15,45.45,45.45,46.2,44.4,45.3,0.3300330033003425,1.9999999999999976,True,False,False,False,106171900.0,0.0,2025
2449,京元電子,2025-05-14,2025-05-14,1,2025-05-15,2025-05-15,99.8,99.8,99.8,96.8,98.2,1.6032064128256456,1.9999999999999951,True,False,False,False,158187000.0,0.6294752413283013,2025
3013,晟銘電,2025-05-14,2025-05-14,1,2025-05-15,2025-05-15,107.5,107.5,111.0,106.0,108.0,-0.4651162790697674,-0.46511627906976744,False,False,False,False,59291000.0,-0.0,2025
1503,士電,2025-05-16,2025-05-16,1,2025-05-19,2025-05-19,188.0,188.0,202.0,185.0,193.5,-2.925531914893617,-2.925531914893617,False,False,False,False,94392000.0,-0.0,2025
2615,萬海,2025-05-16,2025-05-16,1,2025-05-19,2025-05-19,111.5,111.5,113.0,107.0,112.0,-0.4484304932735426,2.0000000000000036,True,False,False,False,238428000.0,0.2306440518731021,2025
3661,世芯-KY,2025-05-20,2025-05-20,1,2025-05-21,2025-05-21,2910.0,2910.0,2980.0,2845.0,2980.0,-2.405498281786942,2.0000000000000093,True,False,False,False,275040000.0,0.0,2025
2368,金像電,2025-05-21,2025-05-21,1,2025-05-22,2025-05-22,244.0,244.0,255.5,243.0,250.0,-2.459016393442623,-2.459016393442623,False,False,False,False,66124000.0,9.731716169620713,2025
6244,茂迪,2025-05-21,2025-05-21,1,2025-05-22,2025-05-22,21.45,21.45,22.55,21.25,22.05,-2.797202797202804,-2.7972027972028037,False,False,False,False,42260799.99999999,0.8791657990383525,2025
6143,振曜,2025-05-22,2025-05-22,1,2025-05-23,2025-05-23,120.5,120.5,122.0,115.0,115.0,4.564315352697095,1.9999999999999973,True,False,False,False,80444000.0,0.94494306598379,2025
6517,保勝光學,2025-05-23,2025-05-23,1,2025-05-26,2025-05-26,74.1,74.1,80.5,74.1,79.6,-7.422402159244265,-7.422402159244265,False,False,False,False,65986600.00000001,0.0,2025
6515,穎崴,2025-05-26,2025-05-26,1,2025-05-27,2025-05-27,1050.0,1050.0,1065.0,1030.0,1050.0,0.0,0.0,False,False,False,False,97980000.0,-0.0,2025
6781,AES-KY,2025-05-26,2025-05-26,1,2025-05-27,2025-05-27,1010.0,1010.0,1050.0,999.0,1025.0,-1.4851485148514851,-1.4851485148514851,False,False,False,False,78540000.0,0.6394830659536542,2025
6498,久禾光,2025-05-28,2025-05-29,2,2025-06-02,2025-06-02,117.5,117.5,128.0,116.0,124.5,-5.957446808510639,-5.957446808510639,False,False,False,False,48719000.0,0.3296557811120918,2025
5234,達興材料,2025-06-03,2025-06-03,1,2025-06-04,2025-06-04,231.5,231.5,238.0,227.0,230.5,0.4319654427645789,0.4319654427645789,False,False,False,False,49680000.0,-0.0,2025
3379,彬台,2025-06-04,2025-06-04,1,2025-06-05,2025-06-05,81.4,81.4,81.7,76.6,77.2,5.159705159705163,2.0,True,False,False,False,97525600.0,0.6981797599809694,2025
9958,世紀鋼,2025-06-04,2025-06-04,1,2025-06-05,2025-06-05,200.0,200.0,209.0,198.0,208.0,-4.0,-4.0,False,False,False,True,45173000.0,0.6814690191043322,2025
3483,力致,2025-06-05,2025-06-05,1,2025-06-06,2025-06-06,124.0,124.0,126.5,117.5,119.0,4.032258064516129,2.000000000000003,True,False,False,False,51708000.0,0.8745261855032104,2025
6485,點序,2025-06-05,2025-06-06,2,2025-06-09,2025-06-09,62.3,62.3,64.4,60.2,64.3,-3.210272873194222,2.0000000000000036,True,False,False,False,64635300.0,0.6137992706771687,2025
8054,安國,2025-06-06,2025-06-06,1,2025-06-09,2025-06-09,88.1,88.1,90.4,85.5,89.2,-1.248581157775265,2.000000000000001,True,False,False,False,60700899.99999999,0.7729572378663251,2025
6274,台燿,2025-06-09,2025-06-09,1,2025-06-10,2025-06-10,208.0,208.0,225.0,205.0,217.0,-4.326923076923077,-4.326923076923077,False,False,False,False,394872500.0,0.3115917163134936,2025
2467,志聖,2025-06-10,2025-06-10,1,2025-06-11,2025-06-11,163.0,163.0,166.0,157.0,161.5,0.9202453987730062,1.9999999999999944,True,False,False,True,44640000.0,0.9912858422939068,2025
3013,晟銘電,2025-06-10,2025-06-10,1,2025-06-11,2025-06-11,114.5,114.5,122.0,114.0,117.0,-2.1834061135371177,-2.1834061135371177,False,False,False,False,47164500.0,0.8583150462742105,2025
5443,均豪,2025-06-10,2025-06-10,1,2025-06-11,2025-06-11,83.5,83.5,88.0,83.4,85.5,-2.395209580838324,-2.3952095808383236,False,False,False,False,129540200.0,1.037562084974394,2025
3081,聯亞,2025-06-10,2025-06-11,2,2025-06-12,2025-06-12,320.0,320.0,334.5,316.5,326.5,-2.03125,-2.03125,False,False,False,False,156351000.0,0.9083888174683884,2025
4991,環宇-KY,2025-06-11,2025-06-11,1,2025-06-12,2025-06-12,83.1,83.1,90.6,81.0,89.0,-7.099879663056566,2.0000000000000075,True,False,False,False,86377500.0,1.077757517872131,2025
6290,良維,2025-06-11,2025-06-11,1,2025-06-12,2025-06-12,107.0,107.0,110.0,100.0,100.0,6.5420560747663545,2.0000000000000004,True,False,False,False,109112500.0,0.895406117539237,2025
6805,富世達,2025-06-11,2025-06-11,1,2025-06-12,2025-06-12,753.0,753.0,772.0,752.0,753.0,0.0,0.0,False,False,False,False,598192000.0,0.0226582769411827,2025
3324,雙鴻,2025-06-12,2025-06-12,1,2025-06-13,2025-06-13,694.0,694.0,725.0,688.0,705.0,-1.585014409221902,-1.585014409221902,False,False,False,False,168642000.0,0.0,2025
4931,新盛力,2025-06-12,2025-06-12,1,2025-06-13,2025-06-13,84.8,84.8,91.5,84.6,87.2,-2.830188679245289,-2.8301886792452895,False,False,False,False,137621500.0,0.936493207819999,2025
4743,合一,2025-06-11,2025-06-13,3,2025-06-16,2025-06-16,76.5,76.5,78.1,73.4,75.6,1.1764705882353017,2.0000000000000013,True,False,False,False,124937100.0,1.0879778704644176,2025
3450,聯鈞,2025-06-16,2025-06-16,1,2025-06-17,2025-06-17,220.0,220.0,232.5,219.0,224.0,-1.818181818181818,-1.8181818181818181,False,False,False,False,90930000.0,0.4606620477290223,2025
4991,環宇-KY,2025-06-16,2025-06-16,1,2025-06-17,2025-06-17,104.0,104.0,105.0,97.3,97.4,6.3461538461538405,1.9999999999999982,True,False,False,True,49848600.0,0.949603399092452,2025
6231,系微,2025-06-17,2025-06-17,1,2025-06-18,2025-06-18,267.5,267.5,273.0,255.0,255.0,4.672897196261682,2.0000000000000084,True,False,False,False,110302000.0,0.573335025656833,2025
2408,南亞科,2025-06-18,2025-06-18,1,2025-06-19,2025-06-19,60.5,60.5,61.5,58.9,60.4,0.1652892561983494,2.0000000000000013,True,False,False,False,176472600.0,0.2371880960557049,2025
3294,英濟,2025-06-18,2025-06-18,1,2025-06-19,2025-06-19,43.15,43.15,44.25,39.5,39.5,8.458864426419463,1.9999999999999991,True,False,False,False,50977600.00000001,0.9282704560434384,2025
3548,兆利,2025-06-18,2025-06-18,1,2025-06-19,2025-06-19,132.0,132.0,141.5,129.5,134.5,-1.893939393939394,-1.893939393939394,False,False,False,True,77052500.0,1.0019532137179197,2025
3376,新日興,2025-06-18,2025-06-19,2,2025-06-20,2025-06-20,222.5,222.5,233.0,213.5,218.0,2.02247191011236,2.0000000000000075,True,False,False,False,196089000.0,-0.0,2025
4909,新復興,2025-06-19,2025-06-19,1,2025-06-20,2025-06-20,74.0,74.0,75.6,71.2,71.9,2.83783783783783,2.0000000000000053,True,False,False,True,110715000.0,0.9520426319830196,2025
5251,天鉞電,2025-06-20,2025-06-20,1,2025-06-23,2025-06-23,62.5,62.5,64.7,58.7,58.7,6.079999999999995,2.0,True,False,False,True,97988100.0,0.9153519662081416,2025
6838,台新藥,2025-06-20,2025-06-20,1,2025-06-23,2025-06-23,40.9,40.9,43.45,39.9,39.95,2.322738386308058,1.999999999999995,True,False,False,False,53279450.00000001,1.0002599501308664,2025
2316,楠梓電,2025-06-23,2025-06-23,1,2025-06-24,2025-06-24,55.6,55.6,56.5,52.2,52.7,5.215827338129494,2.000000000000003,True,False,False,False,92201400.0,0.5744327092647183,2025
3037,欣興,2025-06-23,2025-06-23,1,2025-06-24,2025-06-24,113.0,113.0,116.5,110.5,111.5,1.327433628318584,2.0000000000000044,True,False,False,False,217470000.0,0.958775923115832,2025
5443,均豪,2025-06-23,2025-06-23,1,2025-06-24,2025-06-24,92.0,92.0,93.3,89.8,90.5,1.6304347826086956,2.000000000000004,True,False,False,False,62860000.0,0.8047963728921412,2025
6139,亞翔,2025-06-20,2025-06-23,2,2025-06-24,2025-06-24,334.5,334.5,346.5,325.0,337.0,-0.7473841554559043,1.9999999999999993,True,False,False,False,330889000.0,0.9838405024041296,2025
1560,中砂,2025-06-24,2025-06-24,1,2025-06-25,2025-06-25,325.0,325.0,330.0,319.0,323.5,0.4615384615384615,0.46153846153846156,False,False,False,False,47400000.0,0.0,2025
2357,華碩,2025-06-24,2025-06-24,1,2025-06-25,2025-06-25,710.0,710.0,720.0,699.0,700.0,1.4084507042253522,1.4084507042253522,False,False,False,False,1469140000.0,0.0,2025
3363,上詮,2025-06-24,2025-06-24,1,2025-06-25,2025-06-25,295.0,295.0,300.0,284.0,286.0,3.050847457627119,1.9999999999999925,True,False,False,False,41038000.0,0.5645011940153029,2025
4971,IET-KY,2025-06-24,2025-06-24,1,2025-06-25,2025-06-25,127.0,127.0,135.5,124.5,135.0,-6.299212598425196,-6.299212598425196,False,False,False,False,69977000.0,1.1054346428112094,2025
4991,環宇-KY,2025-06-24,2025-06-24,1,2025-06-25,2025-06-25,115.0,115.0,120.0,114.0,116.5,-1.3043478260869563,-1.3043478260869565,False,False,False,False,180432000.0,0.9594694954331826,2025
6591,動力-KY,2025-06-25,2025-06-25,1,2025-06-26,2025-06-26,78.0,78.0,78.2,70.2,70.2,9.999999999999996,2.0000000000000027,True,False,False,False,110553800.0,0.6089505742905265,2025
8054,安國,2025-06-24,2025-06-25,2,2025-06-26,2025-06-26,124.5,124.5,126.0,117.5,118.5,4.819277108433735,2.000000000000007,True,False,False,True,109903000.0,-0.0,2025
2360,致茂,2025-06-26,2025-06-26,1,2025-06-27,2025-06-27,417.0,417.0,437.0,415.5,429.5,-2.997601918465228,-2.997601918465228,False,False,False,False,55470000.0,0.0,2025
3707,漢磊,2025-06-26,2025-06-26,1,2025-06-27,2025-06-27,38.15,38.15,38.3,36.55,36.8,3.5386631716906987,1.9999999999999951,True,False,False,True,40584000.0,0.9684210526315788,2025
4931,新盛力,2025-06-25,2025-06-26,2,2025-06-27,2025-06-27,107.0,107.0,108.5,101.0,104.5,2.336448598130841,2.0000000000000004,True,False,False,False,141784900.0,0.8954938078737581,2025
6191,精成科,2025-06-27,2025-06-27,1,2025-06-30,2025-06-30,89.6,89.6,92.2,85.2,89.2,0.4464285714285619,2.0000000000000018,True,False,False,False,173035800.0,0.8232539162416102,2025
7722,LINEPAY,2025-06-26,2025-06-27,2,2025-06-30,2025-06-30,774.0,774.0,795.0,732.0,732.0,5.426356589147287,2.0000000000000027,True,False,False,False,98235000.0,0.6482821804855703,2025
8227,巨有科技,2025-06-27,2025-06-27,1,2025-06-30,2025-06-30,159.5,159.5,169.5,159.5,165.5,-3.761755485893417,-3.761755485893417,False,False,False,False,79913000.0,1.0520691251736265,2025
6742,澤米,2025-06-30,2025-06-30,1,2025-07-01,2025-07-01,62.0,62.0,62.1,58.9,60.0,3.225806451612903,2.000000000000003,True,False,False,False,44044400.0,1.0067114093959733,2025
3297,杭特,2025-07-01,2025-07-01,1,2025-07-02,2025-07-02,61.1,61.1,64.4,58.7,60.1,1.6366612111292964,2.000000000000002,True,False,False,False,93743900.0,1.0148745678385471,2025
3515,華擎,2025-06-30,2025-07-01,2,2025-07-02,2025-07-02,299.5,299.5,306.0,286.5,290.5,3.005008347245409,2.000000000000003,True,False,False,False,45768000.0,0.6283757210277924,2025
4931,新盛力,2025-07-01,2025-07-01,1,2025-07-02,2025-07-02,110.5,110.5,112.0,104.5,105.5,4.524886877828054,2.000000000000007,True,False,False,False,54754500.0,1.0886319845857415,2025
4991,環宇-KY,2025-07-01,2025-07-01,1,2025-07-02,2025-07-02,119.5,119.5,123.0,115.5,121.0,-1.2552301255230125,2.0000000000000004,True,False,False,False,83052500.0,0.9222238945245476,2025
3167,大量,2025-07-02,2025-07-02,1,2025-07-03,2025-07-03,140.5,140.5,145.5,135.5,136.0,3.202846975088968,2.0000000000000018,True,False,False,True,177192000.0,0.5886947491986094,2025
6770,力積電,2025-07-03,2025-07-03,1,2025-07-04,2025-07-04,17.8,17.8,18.6,17.4,17.65,0.8426966292134951,2.000000000000009,True,False,False,True,42836549.99999999,0.9962917181705812,2025
4991,環宇-KY,2025-07-04,2025-07-04,1,2025-07-07,2025-07-07,150.0,150.0,150.0,137.0,137.0,8.666666666666668,2.0,True,False,False,True,272844000.0,0.0,2025
4971,IET-KY,2025-07-07,2025-07-07,1,2025-07-08,2025-07-08,141.0,141.0,145.0,137.0,142.0,-0.7092198581560284,1.9999999999999951,True,False,False,False,44398000.0,0.7356187215640344,2025
2889,國票金,2025-07-07,2025-07-08,2,2025-07-09,2025-07-09,16.95,16.95,17.15,15.55,15.75,7.079646017699111,1.999999999999992,True,False,False,True,177760500.0,0.618621684794991,2025
6140,訊達電腦,2025-07-08,2025-07-08,1,2025-07-09,2025-07-09,46.0,46.0,46.0,43.3,43.4,5.652173913043481,2.000000000000004,True,False,False,True,67065599.99999999,0.9681028724114896,2025
2363,矽統,2025-07-09,2025-07-09,1,2025-07-10,2025-07-10,51.1,51.1,54.0,50.7,53.4,-4.500978473581208,-4.500978473581208,False,False,False,True,76824000.0,1.0482036863480162,2025
3081,聯亞,2025-07-09,2025-07-09,1,2025-07-10,2025-07-10,349.5,349.5,374.0,348.0,362.0,-3.5765379113018603,-3.5765379113018603,False,False,False,False,266220000.0,0.2597175268574863,2025
6206,飛捷,2025-07-09,2025-07-09,1,2025-07-10,2025-07-10,132.5,132.5,134.5,128.0,133.0,-0.3773584905660377,2.000000000000004,True,False,False,False,127755000.0,0.0,2025
8046,南電,2025-07-09,2025-07-09,1,2025-07-10,2025-07-10,142.5,142.5,145.5,140.0,140.0,1.7543859649122806,1.7543859649122806,False,False,False,False,135525000.0,-0.0,2025
3167,大量,2025-07-10,2025-07-10,1,2025-07-11,2025-07-11,141.0,141.0,154.0,141.0,149.0,-5.673758865248227,-5.673758865248227,False,False,False,False,118722500.0,1.208591463286235,2025
4991,環宇-KY,2025-07-10,2025-07-10,1,2025-07-11,2025-07-11,156.0,156.0,158.5,150.5,153.0,1.9230769230769231,2.0000000000000027,True,False,False,False,97343000.0,0.5029637467511788,2025
5314,世紀*,2025-07-11,2025-07-14,2,2025-07-15,2025-07-15,71.1,71.1,72.3,66.9,68.7,3.375527426160326,1.9999999999999958,True,False,False,False,139730700.0,0.4744519278869998,2025
2455,全新,2025-07-15,2025-07-15,1,2025-07-16,2025-07-16,140.5,140.5,141.5,134.0,134.5,4.270462633451958,2.0000000000000018,True,False,False,False,77979000.0,0.3967093704715372,2025
3037,欣興,2025-07-15,2025-07-15,1,2025-07-16,2025-07-16,133.5,133.5,141.5,130.0,135.5,-1.49812734082397,2.000000000000012,True,False,False,False,266508000.0,0.6141804373602293,2025
3189,景碩,2025-07-15,2025-07-15,1,2025-07-16,2025-07-16,100.5,100.5,105.5,98.4,102.5,-1.9900497512437807,2.0000000000000053,True,False,False,False,112195200.0,0.6650908416759362,2025
2402,毅嘉,2025-07-16,2025-07-16,1,2025-07-17,2025-07-17,43.1,43.1,43.4,40.8,40.95,4.98839907192575,2.000000000000004,True,False,False,False,156670800.0,0.4270885193667231,2025
8046,南電,2025-07-15,2025-07-16,2,2025-07-17,2025-07-17,175.0,175.0,177.0,168.5,170.0,2.857142857142857,2.0,True,False,False,False,374750000.0,0.0494462975316877,2025
5483,中美晶,2025-07-17,2025-07-17,1,2025-07-18,2025-07-18,112.5,112.5,116.0,109.5,112.0,0.4444444444444444,2.0,True,False,False,False,138846000.0,0.0,2025
3376,新日興,2025-07-18,2025-07-18,1,2025-07-21,2025-07-21,237.5,237.5,245.0,236.0,237.0,0.2105263157894736,0.21052631578947367,False,False,False,True,156136500.0,0.3415280860016716,2025
6215,和椿,2025-07-18,2025-07-18,1,2025-07-21,2025-07-21,113.0,113.0,120.0,111.5,117.0,-3.5398230088495577,-3.5398230088495577,False,False,False,False,55220000.0,0.0,2025
8374,羅昇,2025-07-18,2025-07-18,1,2025-07-21,2025-07-21,102.5,102.5,105.0,100.5,101.0,1.4634146341463417,1.4634146341463417,False,False,False,True,57400000.0,0.9853658536585366,2025
3044,健鼎,2025-07-21,2025-07-21,1,2025-07-22,2025-07-22,270.5,270.5,279.5,264.5,266.5,1.478743068391867,2.0000000000000093,True,False,False,True,89380000.0,0.0,2025
4551,智伸科,2025-07-21,2025-07-21,1,2025-07-22,2025-07-22,134.5,134.5,139.0,124.5,125.0,7.063197026022305,1.9999999999999982,True,False,False,False,40677500.0,-0.0,2025
6462,神盾,2025-07-21,2025-07-21,1,2025-07-22,2025-07-22,146.0,146.0,147.5,135.0,138.0,5.47945205479452,2.0000000000000107,True,False,False,True,65100000.0,0.947557603686636,2025
1303,南亞,2025-07-23,2025-07-23,1,2025-07-24,2025-07-24,32.4,32.4,33.0,30.75,32.4,0.0,1.9999999999999991,True,False,False,False,91785000.0,1.251380944598791,2025
2316,楠梓電,2025-07-23,2025-07-23,1,2025-07-24,2025-07-24,73.1,73.1,74.0,69.8,71.4,2.325581395348822,2.0000000000000044,True,False,False,False,210121100.0,0.5287350960945856,2025
3032,偉訓,2025-07-23,2025-07-23,1,2025-07-24,2025-07-24,110.5,110.5,119.5,106.5,118.0,-6.787330316742081,2.000000000000007,True,False,False,False,170040000.0,0.0832745236414961,2025
4721,美琪瑪,2025-07-23,2025-07-23,1,2025-07-24,2025-07-24,87.6,87.6,89.9,84.8,89.9,-2.6255707762557208,1.999999999999995,True,False,False,True,78542000.0,0.9946665478342798,2025
8033,雷虎,2025-07-23,2025-07-23,1,2025-07-24,2025-07-24,70.7,70.7,75.1,69.1,69.5,1.697312588401701,2.000000000000002,True,False,False,False,98359200.0,0.5207596239091005,2025
6515,穎崴,2025-07-25,2025-07-25,1,2025-07-28,2025-07-28,1130.0,1130.0,1145.0,1080.0,1100.0,2.6548672566371683,1.999999999999992,True,False,False,False,50175000.0,0.0,2025
1303,南亞,2025-07-28,2025-07-28,1,2025-07-29,2025-07-29,37.3,37.3,37.3,35.8,35.85,3.8873994638069593,2.0000000000000058,True,False,False,False,41070000.0,0.7070489408327246,2025
8021,尖點,2025-07-28,2025-07-28,1,2025-07-29,2025-07-29,58.7,58.7,62.0,58.0,58.8,-0.1703577512776734,-0.17035775127767344,False,False,False,False,85684500.0,0.3664513418412898,2025
8358,金居,2025-07-28,2025-07-28,1,2025-07-29,2025-07-29,107.0,107.0,109.5,105.0,106.0,0.9345794392523364,0.9345794392523363,False,False,False,False,93090000.0,0.6752390160060157,2025
6781,AES-KY,2025-07-28,2025-07-29,2,2025-07-30,2025-07-30,1205.0,1205.0,1245.0,1175.0,1200.0,0.4149377593360996,1.9999999999999925,True,False,False,False,116895000.0,0.0,2025
6923,中台,2025-07-29,2025-07-29,1,2025-07-30,2025-07-31,118.0,103.5,106.0,99.1,104.0,-0.4830917874396135,2.000000000000007,True,False,True,False,57835000.0,0.9647099507218811,2025
1605,華新,2025-07-30,2025-07-30,1,2025-07-31,2025-07-31,23.65,23.65,23.7,22.0,22.5,4.862579281183926,1.9999999999999958,True,False,False,False,75570000.0,0.93459706232632,2025
2429,銘旺科,2025-07-29,2025-07-30,2,2025-07-31,2025-07-31,88.1,88.1,91.9,86.2,89.5,-1.589103291713968,2.000000000000001,True,False,False,False,141041100.0,0.9594650070085954,2025
5371,中光電,2025-07-30,2025-07-30,1,2025-07-31,2025-07-31,81.5,81.5,83.6,80.0,81.6,-0.1226993865030605,-0.1226993865030605,False,False,False,True,50402000.0,0.0,2025
8033,雷虎,2025-07-29,2025-07-30,2,2025-07-31,2025-07-31,97.6,97.6,99.2,94.7,95.6,2.0491803278688527,1.9999999999999982,True,False,False,False,298831700.0,0.7239620160779462,2025
8234,新漢,2025-07-30,2025-07-30,1,2025-07-31,2025-07-31,103.5,103.5,112.0,103.5,109.5,-5.797101449275362,-5.797101449275362,False,False,False,False,154648000.0,0.4644870932698774,2025
1802,台玻,2025-07-31,2025-07-31,1,2025-08-01,2025-08-01,23.65,23.65,25.5,23.5,25.0,-5.70824524312897,-5.70824524312897,False,False,False,True,200043000.0,0.347050384167404,2025
2383,台光電,2025-07-31,2025-07-31,1,2025-08-01,2025-08-01,1105.0,1105.0,1165.0,1095.0,1120.0,-1.3574660633484164,-1.3574660633484164,False,False,False,False,97240000.0,3.973673385438092,2025
3081,聯亞,2025-07-31,2025-07-31,1,2025-08-01,2025-08-01,400.0,400.0,416.0,395.5,395.5,1.125,1.125,False,False,False,False,289050000.0,0.985158277114686,2025
6531,愛普*,2025-07-31,2025-07-31,1,2025-08-01,2025-08-01,323.5,323.5,360.0,323.0,353.0,-9.119010819165378,-9.119010819165378,False,False,False,False,47922500.0,-0.0,2025
8021,尖點,2025-07-31,2025-07-31,1,2025-08-01,2025-08-01,61.9,61.9,69.0,61.8,66.0,-6.623586429725366,-6.623586429725366,False,False,False,False,58207200.00000001,1.0261617119531603,2025
1528,恩德,2025-07-31,2025-08-01,2,2025-08-04,2025-08-04,16.1,16.1,17.4,16.05,17.0,-5.590062111801233,-5.590062111801233,False,False,False,False,91429600.0,0.7736772336311217,2025
2360,致茂,2025-08-01,2025-08-01,1,2025-08-04,2025-08-04,479.5,479.5,495.0,472.5,494.5,-3.1282586027111576,-3.1282586027111576,False,False,False,False,71025000.0,1.1835973248856038,2025
3167,大量,2025-08-01,2025-08-01,1,2025-08-04,2025-08-04,189.0,189.0,191.0,175.0,175.5,7.142857142857142,2.000000000000001,True,False,False,False,106029000.0,0.5925642984466514,2025
3323,加百裕,2025-08-01,2025-08-01,1,2025-08-04,2025-08-04,38.35,38.35,39.3,36.0,36.0,6.127770534550199,2.0000000000000075,True,False,False,False,118230750.0,0.9402630026452508,2025
3645,達邁,2025-08-01,2025-08-01,1,2025-08-04,2025-08-04,69.9,69.9,75.8,69.8,71.9,-2.8612303290414878,-2.8612303290414873,False,False,False,False,62031000.0,1.2703712659799136,2025
4908,前鼎,2025-08-01,2025-08-01,1,2025-08-04,2025-08-04,92.0,92.0,94.8,91.1,93.5,-1.6304347826086956,-1.6304347826086956,False,False,False,True,51819300.0,0.7993257338481994,2025
4968,立積,2025-08-01,2025-08-01,1,2025-08-04,2025-08-04,129.0,129.0,135.0,128.0,133.0,-3.10077519379845,-3.10077519379845,False,False,False,False,130432000.0,1.0451806305201177,2025
5309,系統電,2025-08-01,2025-08-01,1,2025-08-04,2025-08-04,46.0,46.0,47.95,45.85,46.5,-1.0869565217391304,-1.0869565217391304,False,False,False,False,241168950.0,1.0199696105157816,2025
1569,濱川,2025-08-01,2025-08-04,2,2025-08-05,2025-08-05,60.2,60.2,62.4,57.1,57.1,5.14950166112957,2.000000000000001,True,False,False,False,49172799.99999999,0.9719336706471874,2025
3019,亞光,2025-08-04,2025-08-04,1,2025-08-05,2025-08-05,155.0,155.0,162.0,153.0,154.0,0.6451612903225806,0.6451612903225806,False,False,False,False,521554000.0,0.8424094149407348,2025
3294,英濟,2025-08-01,2025-08-04,2,2025-08-05,2025-08-05,51.5,51.5,52.4,47.65,47.8,7.1844660194174805,2.000000000000002,True,False,False,False,64452700.0,1.0887115667768767,2025
8028,昇陽半導體,2025-08-01,2025-08-04,2,2025-08-05,2025-08-05,160.0,160.0,168.5,160.0,164.0,-2.5,-2.5,False,False,False,False,130243500.0,0.0,2025
2301,光寶科,2025-08-05,2025-08-05,1,2025-08-06,2025-08-06,136.0,136.0,141.0,132.5,133.0,2.2058823529411766,1.9999999999999991,True,False,False,False,230421000.0,2.8663967259928564,2025
2374,佳能,2025-08-05,2025-08-05,1,2025-08-06,2025-08-06,68.2,68.2,69.5,66.4,68.4,-0.2932551319648135,2.000000000000006,True,False,False,False,127276000.0,1.1688770860177882,2025
3059,華晶科,2025-08-05,2025-08-05,1,2025-08-06,2025-08-06,45.95,45.95,46.15,43.35,43.6,5.114254624591951,2.000000000000009,True,False,False,False,99543250.0,0.9649152504062304,2025
4743,合一,2025-08-05,2025-08-05,1,2025-08-06,2025-08-06,75.5,75.5,75.5,68.1,68.1,9.801324503311266,2.0000000000000067,True,False,False,False,86814000.0,1.0017243762526782,2025
6231,系微,2025-08-05,2025-08-05,1,2025-08-06,2025-08-06,248.0,248.0,253.0,233.0,235.0,5.241935483870968,2.000000000000003,True,False,False,False,110594000.0,0.8010832414055012,2025
6706,惠特,2025-08-05,2025-08-05,1,2025-08-06,2025-08-06,73.9,73.9,75.2,66.4,66.7,9.742895805142089,1.9999999999999925,True,False,False,False,52706700.00000001,0.9174829765475736,2025
1609,大亞,2025-08-06,2025-08-06,1,2025-08-07,2025-08-07,41.1,41.1,42.5,40.1,42.35,-3.041362530413625,2.0000000000000067,True,False,False,False,55173000.0,1.0132129846120386,2025
2397,友通,2025-08-06,2025-08-06,1,2025-08-07,2025-08-07,82.0,82.0,82.0,76.9,79.0,3.658536585365853,2.000000000000001,True,False,False,False,54038000.0,0.9634146341463414,2025
3715,定穎投控,2025-08-06,2025-08-06,1,2025-08-07,2025-08-07,94.2,94.2,99.7,91.1,92.0,2.335456475583867,2.0000000000000004,True,False,False,True,96927600.0,0.0,2025
4991,環宇-KY,2025-08-06,2025-08-06,1,2025-08-07,2025-08-07,170.5,170.5,179.0,164.5,164.5,3.519061583577713,1.999999999999998,True,False,False,False,294875000.0,1.1068011869436205,2025
6223,旺矽,2025-08-06,2025-08-06,1,2025-08-07,2025-08-07,1125.0,1125.0,1140.0,1100.0,1130.0,-0.4444444444444444,2.0,True,False,False,False,191625000.0,0.4894455316373124,2025
6510,精測,2025-08-06,2025-08-06,1,2025-08-07,2025-08-07,967.0,967.0,967.0,925.0,966.0,0.1034126163391934,2.000000000000003,True,False,False,False,188923000.0,0.5982437289265997,2025
2404,漢唐,2025-08-07,2025-08-07,1,2025-08-08,2025-08-08,932.0,932.0,985.0,928.0,965.0,-3.540772532188841,-3.5407725321888415,False,False,False,False,51870000.0,2.13948332369385,2025
3447,展達,2025-08-06,2025-08-07,2,2025-08-08,2025-08-08,67.8,67.8,70.1,65.0,66.0,2.654867256637164,1.999999999999992,True,False,False,False,93604500.0,1.0146307068570424,2025
3583,辛耘,2025-08-07,2025-08-07,1,2025-08-08,2025-08-08,380.0,380.0,383.5,363.5,369.5,2.763157894736842,2.0000000000000058,True,False,False,False,149573000.0,0.7806355425110146,2025
4931,新盛力,2025-08-06,2025-08-07,2,2025-08-08,2025-08-08,141.5,141.5,143.0,136.0,139.0,1.76678445229682,2.000000000000009,True,False,False,False,135104000.0,0.968135658455708,2025
5443,均豪,2025-08-07,2025-08-07,1,2025-08-08,2025-08-08,100.0,100.0,103.0,97.1,97.5,2.5,2.0,True,False,False,True,118930500.0,1.0100016396130511,2025
6488,環球晶,2025-08-07,2025-08-07,1,2025-08-08,2025-08-08,388.5,388.5,388.5,358.0,362.5,6.692406692406692,1.9999999999999951,True,False,False,False,200625000.0,0.9558255451713396,2025
6781,AES-KY,2025-08-07,2025-08-07,1,2025-08-08,2025-08-08,1420.0,1420.0,1430.0,1370.0,1430.0,-0.7042253521126761,2.000000000000006,True,False,False,False,98350000.0,0.9160142348754448,2025
8021,尖點,2025-08-07,2025-08-07,1,2025-08-08,2025-08-08,80.2,80.2,83.9,78.8,82.6,-2.9925187032418843,-2.9925187032418843,False,False,False,True,80521099.99999999,0.925287905902925,2025
2368,金像電,2025-08-08,2025-08-08,1,2025-08-11,2025-08-11,423.5,423.5,449.5,423.0,440.5,-4.014167650531287,-4.014167650531287,False,False,False,False,69939000.0,3.2247529990420225,2025
2374,佳能,2025-08-08,2025-08-08,1,2025-08-11,2025-08-11,74.0,74.0,79.8,73.2,75.1,-1.4864864864864789,-1.4864864864864789,False,False,False,False,148200000.0,0.9435641025641024,2025
6215,和椿,2025-08-08,2025-08-08,1,2025-08-11,2025-08-11,136.0,136.0,143.5,136.0,139.5,-2.5735294117647056,-2.5735294117647056,False,False,False,False,217338000.0,0.510918477210612,2025
8210,勤誠,2025-08-08,2025-08-08,1,2025-08-11,2025-08-11,605.0,605.0,620.0,584.0,602.0,0.4958677685950413,2.000000000000004,True,False,False,False,111936000.0,0.0,2025
8358,金居,2025-08-08,2025-08-08,1,2025-08-11,2025-08-11,130.0,130.0,134.0,126.0,131.0,-0.7692307692307693,2.0000000000000067,True,False,False,True,168250000.0,-0.0,2025
2354,鴻準,2025-08-11,2025-08-11,1,2025-08-12,2025-08-12,77.2,77.2,77.7,71.6,71.7,7.124352331606218,1.9999999999999958,True,False,False,False,312372200.0,0.916758277465152,2025
2645,長榮航太,2025-08-11,2025-08-11,1,2025-08-12,2025-08-12,166.0,166.0,167.0,159.5,160.5,3.313253012048193,1.9999999999999958,True,False,False,False,220282000.0,0.8393604561425809,2025
3689,湧德,2025-08-11,2025-08-11,1,2025-08-12,2025-08-12,115.0,115.0,121.5,112.5,115.5,-0.4347826086956521,1.9999999999999976,True,False,False,False,58537500.0,1.0102242152466367,2025
4958,臻鼎-KY,2025-08-11,2025-08-11,1,2025-08-12,2025-08-12,142.0,142.0,151.0,139.5,147.0,-3.5211267605633805,-3.5211267605633805,False,False,False,True,79381500.0,0.0,2025
6669,緯穎,2025-08-11,2025-08-11,1,2025-08-12,2025-08-12,3230.0,3230.0,3295.0,3200.0,3270.0,-1.238390092879257,-1.238390092879257,False,False,False,False,495300000.0,0.2640823743185947,2025
8996,高力,2025-08-11,2025-08-11,1,2025-08-12,2025-08-12,343.0,343.0,344.0,336.0,336.5,1.8950437317784257,2.000000000000004,True,False,False,False,197249500.0,0.7199156398368564,2025
1815,富喬,2025-08-11,2025-08-12,2,2025-08-13,2025-08-13,69.5,69.5,71.5,67.6,69.1,0.5755395683453319,2.000000000000001,True,False,False,False,40409000.0,0.0,2025
3297,杭特,2025-08-11,2025-08-12,2,2025-08-13,2025-08-13,63.0,63.0,65.8,59.4,61.9,1.7460317460317485,1.999999999999997,True,False,False,True,63806000.0,1.0002021753440116,2025
3528,安馳,2025-08-12,2025-08-12,1,2025-08-13,2025-08-13,88.0,88.0,88.9,87.2,87.2,0.909090909090906,0.909090909090906,False,False,False,False,97380800.0,0.784417462169134,2025
6197,佳必琪,2025-08-12,2025-08-12,1,2025-08-13,2025-08-13,182.0,182.0,186.0,174.0,175.0,3.8461538461538463,2.000000000000008,True,False,False,False,52154000.0,1.046899566667945,2025
1802,台玻,2025-08-12,2025-08-13,2,2025-08-14,2025-08-14,30.75,30.75,31.95,30.1,30.95,-0.6504065040650383,2.0000000000000067,True,False,False,True,414412200.0,0.5009809074153705,2025
3019,亞光,2025-08-13,2025-08-13,1,2025-08-14,2025-08-14,171.5,171.5,173.0,159.5,160.5,6.41399416909621,2.000000000000004,True,False,False,True,105312500.0,1.0866373887240357,2025
3227,原相,2025-08-13,2025-08-13,1,2025-08-14,2025-08-14,208.0,208.0,210.5,201.0,201.0,3.3653846153846154,1.9999999999999982,True,False,False,False,259722000.0,0.7862868759673806,2025
4931,新盛力,2025-08-13,2025-08-13,1,2025-08-14,2025-08-14,155.0,155.0,159.5,147.0,149.0,3.870967741935484,1.9999999999999962,True,False,False,False,124184000.0,0.7186996714552599,2025
4977,眾達-KY,2025-08-12,2025-08-13,2,2025-08-14,2025-08-14,115.0,115.0,120.5,111.0,116.0,-0.8695652173913043,1.9999999999999976,True,False,False,False,220890000.0,1.051346824211146,2025
8234,新漢,2025-08-13,2025-08-13,1,2025-08-14,2025-08-14,119.0,119.0,122.5,111.5,113.0,5.042016806722689,1.9999999999999962,True,False,False,False,42021500.0,1.1643801387385029,2025
2338,光罩,2025-08-13,2025-08-14,2,2025-08-15,2025-08-15,41.4,41.4,43.0,39.8,40.45,2.294685990338154,2.000000000000007,True,False,False,True,70272000.0,1.0073357809653916,2025
3163,波若威,2025-08-14,2025-08-14,1,2025-08-15,2025-08-15,205.5,205.5,211.0,196.5,202.5,1.45985401459854,2.0000000000000067,True,False,False,False,172860000.0,0.7848837209302325,2025
3363,上詮,2025-08-14,2025-08-14,1,2025-08-15,2025-08-15,341.5,341.5,365.5,333.0,357.5,-4.685212298682284,1.9999999999999951,True,False,False,True,69930000.0,0.0,2025
4979,華星光,2025-08-14,2025-08-14,1,2025-08-15,2025-08-15,213.5,213.5,217.0,201.0,205.5,3.747072599531616,2.000000000000005,True,False,False,False,460824000.0,0.8495163012343108,2025
6510,精測,2025-08-14,2025-08-14,1,2025-08-15,2025-08-15,1080.0,1080.0,1155.0,1075.0,1100.0,-1.851851851851852,-1.8518518518518516,False,False,False,False,84800000.0,0.0,2025
2233,宇隆,2025-08-15,2025-08-15,1,2025-08-18,2025-08-18,249.0,249.0,259.5,243.0,243.5,2.208835341365462,2.000000000000007,True,False,False,False,69020000.0,0.8890466531440162,2025
2312,金寶,2025-08-15,2025-08-15,1,2025-08-18,2025-08-18,20.6,20.6,20.7,20.0,20.3,1.4563106796116538,1.9999999999999951,True,False,False,False,79836700.00000001,1.015804761469349,2025
3219,倚強科,2025-08-15,2025-08-15,1,2025-08-18,2025-08-18,66.7,66.7,70.6,65.5,70.5,-5.697151424287852,-5.697151424287852,False,False,False,False,41213900.0,0.3763293451966448,2025
3706,神達,2025-08-15,2025-08-15,1,2025-08-18,2025-08-18,94.3,94.3,95.1,90.1,90.6,3.9236479321314985,1.9999999999999956,True,False,False,False,452510000.0,0.7085664405206513,2025
5351,鈺創,2025-08-15,2025-08-15,1,2025-08-18,2025-08-18,32.5,32.5,33.45,31.3,31.9,1.8461538461538505,2.0000000000000067,True,False,False,False,91306000.0,0.9915252009725538,2025
6237,驊訊,2025-08-15,2025-08-15,1,2025-08-18,2025-08-18,46.15,46.15,50.0,46.0,47.5,-2.925243770314196,-2.925243770314196,False,False,False,False,53111299.99999999,1.0419157505088372,2025
6442,光聖,2025-08-15,2025-08-15,1,2025-08-18,2025-08-18,804.0,804.0,874.0,804.0,850.0,-5.721393034825871,-5.721393034825871,False,False,False,False,117956000.0,2.262708128454678,2025
1409,新纖,2025-08-15,2025-08-18,2,2025-08-19,2025-08-19,18.3,18.3,19.2,17.65,17.8,2.73224043715847,1.999999999999998,True,False,False,False,116934300.0,0.8933922724127992,2025
1717,長興,2025-08-13,2025-08-18,4,2025-08-19,2025-08-19,45.0,45.0,45.3,41.3,42.3,6.000000000000006,1.999999999999997,True,False,False,False,71401599.99999999,1.1724065006946625,2025
1802,台玻,2025-08-15,2025-08-18,2,2025-08-19,2025-08-19,39.8,39.8,40.1,35.45,35.95,9.67336683417084,1.9999999999999987,True,False,False,True,304504000.0,1.134564734781809,2025
3081,聯亞,2025-08-18,2025-08-18,1,2025-08-19,2025-08-19,515.0,515.0,532.0,494.5,494.5,3.9805825242718447,2.000000000000002,True,False,False,False,102879000.0,0.0,2025
3715,定穎投控,2025-08-18,2025-08-18,1,2025-08-19,2025-08-19,114.5,114.5,116.5,102.0,103.0,10.04366812227074,2.0000000000000058,True,False,False,False,164755500.0,0.5920348637829996,2025
4927,泰鼎-KY,2025-08-18,2025-08-18,1,2025-08-19,2025-08-19,29.6,29.6,31.2,28.7,30.7,-3.7162162162162087,2.0000000000000075,True,False,False,False,43849600.0,1.111091093191272,2025
5371,中光電,2025-08-18,2025-08-18,1,2025-08-19,2025-08-19,107.5,107.5,110.5,102.5,106.0,1.3953488372093024,2.0000000000000053,True,False,False,False,249240000.0,0.0,2025
5439,高技,2025-08-18,2025-08-18,1,2025-08-19,2025-08-19,320.0,320.0,326.0,311.0,315.5,1.40625,1.9999999999999927,True,False,False,False,59251500.0,-0.0,2025
5498,凱崴,2025-08-18,2025-08-18,1,2025-08-19,2025-08-19,29.0,29.0,30.0,27.15,27.8,4.137931034482756,2.000000000000006,True,False,False,False,74587400.00000001,0.8714125978382407,2025
6274,台燿,2025-08-18,2025-08-18,1,2025-08-19,2025-08-19,355.0,355.0,366.5,331.0,338.0,4.788732394366197,2.000000000000006,True,False,False,False,98277000.0,0.9526745830662312,2025
6761,穩得,2025-08-15,2025-08-18,2,2025-08-19,2025-08-19,132.5,132.5,134.0,122.5,127.0,4.150943396226415,2.000000000000004,True,False,False,False,47284000.0,1.0931604771169952,2025
8358,金居,2025-08-14,2025-08-18,3,2025-08-19,2025-08-19,187.0,187.0,190.5,166.5,168.0,10.16042780748663,2.000000000000005,True,False,False,False,51979500.0,0.6076241595244279,2025
2498,宏達電,2025-08-15,2025-08-19,3,2025-08-20,2025-08-20,56.4,56.4,59.4,54.4,54.6,3.1914893617021227,2.0000000000000004,True,False,False,False,94212750.0,0.934797041801667,2025
3691,碩禾,2025-08-15,2025-08-19,3,2025-08-20,2025-08-20,97.1,97.1,98.0,88.2,88.2,9.165808444902154,2.0000000000000075,True,False,False,False,97689900.0,0.1787656656419957,2025
4772,台特化,2025-08-19,2025-08-19,1,2025-08-20,2025-08-20,277.0,277.0,288.5,247.0,250.5,9.566787003610107,2.000000000000007,True,False,False,False,91182000.0,0.9697802197802198,2025
2316,楠梓電,2025-08-20,2025-08-20,1,2025-08-21,2025-08-21,115.0,115.0,115.0,106.0,107.5,6.521739130434782,1.9999999999999976,True,False,False,False,98988000.0,0.2877874085747767,2025
2468,華經,2025-08-20,2025-08-20,1,2025-08-21,2025-08-21,62.7,62.7,66.5,60.5,61.1,2.551834130781501,1.9999999999999962,True,False,False,False,72358000.0,0.9989399928135106,2025
3297,杭特,2025-08-19,2025-08-20,2,2025-08-21,2025-08-21,73.2,73.2,74.1,66.1,68.2,6.830601092896174,1.999999999999998,True,False,False,False,43475900.0,0.9412111077631516,2025
1326,台化,2025-08-21,2025-08-21,1,2025-08-22,2025-08-22,31.9,31.9,32.75,31.0,31.0,2.8213166144200583,2.0000000000000053,True,False,False,False,209038500.0,0.9741698299595528,2025
1504,東元,2025-08-21,2025-08-21,1,2025-08-22,2025-08-22,67.2,67.2,70.1,66.0,67.5,-0.4464285714285672,-0.4464285714285672,False,False,False,False,86704200.0,0.0,2025
2328,廣宇,2025-08-21,2025-08-21,1,2025-08-22,2025-08-22,54.8,54.8,58.0,53.6,54.0,1.459854014598535,2.0000000000000067,True,False,False,False,148906800.00000003,0.2349926262601841,2025
2467,志聖,2025-08-21,2025-08-21,1,2025-08-22,2025-08-22,174.0,174.0,175.5,165.5,168.0,3.4482758620689653,1.9999999999999942,True,False,False,False,87365000.0,0.9653293653064728,2025
2498,宏達電,2025-08-21,2025-08-21,1,2025-08-22,2025-08-22,62.5,62.5,64.1,60.4,61.0,2.4,2.0,True,False,False,True,122940000.0,0.94620953310558,2025
3059,華晶科,2025-08-21,2025-08-21,1,2025-08-22,2025-08-22,51.3,51.3,51.3,47.1,47.5,7.407407407407403,2.0000000000000067,True,False,False,False,118065000.0,0.934993435819252,2025
3167,大量,2025-08-21,2025-08-21,1,2025-08-22,2025-08-22,227.0,227.0,228.5,212.0,215.0,5.286343612334802,1.9999999999999967,True,False,False,False,236692500.0,0.9210684749199912,2025
4931,新盛力,2025-08-21,2025-08-21,1,2025-08-22,2025-08-22,171.0,171.0,174.5,163.0,163.0,4.678362573099415,2.0000000000000093,True,False,False,True,159367000.0,0.8908556978546374,2025
3708,上緯投控,2025-08-21,2025-08-22,2,2025-08-25,2025-08-25,155.5,155.5,155.5,141.5,141.5,9.003215434083602,2.000000000000009,True,False,False,True,44779500.0,0.4929487823669313,2025
2233,宇隆,2025-08-25,2025-08-25,1,2025-08-26,2025-08-26,263.0,263.0,271.5,260.5,266.5,-1.3307984790874523,-1.3307984790874523,False,False,False,False,41791000.0,0.0,2025
3059,華晶科,2025-08-25,2025-08-25,1,2025-08-26,2025-08-26,52.8,52.8,54.0,51.1,52.2,1.1363636363636256,1.9999999999999951,True,False,False,False,54810000.0,0.9876190476190476,2025
3376,新日興,2025-08-25,2025-08-25,1,2025-08-26,2025-08-26,240.5,240.5,248.5,237.0,238.0,1.0395010395010396,1.0395010395010396,False,False,False,False,108267000.0,0.9254712885736188,2025
3450,聯鈞,2025-08-25,2025-08-25,1,2025-08-26,2025-08-26,210.5,210.5,212.5,204.5,207.5,1.4251781472684086,2.000000000000004,True,False,False,False,66033000.0,1.1218254509109082,2025
3535,晶彩科,2025-08-22,2025-08-25,2,2025-08-26,2025-08-26,75.1,75.1,77.7,72.1,74.3,1.065246338215709,1.9999999999999938,True,False,False,False,60108700.0,1.065512978986403,2025
4576,大銀微系統,2025-08-25,2025-08-25,1,2025-08-26,2025-08-26,129.0,129.0,131.0,122.5,129.5,-0.3875968992248062,1.9999999999999987,True,False,False,False,118091500.0,1.0077821011673151,2025
4749,新應材,2025-08-25,2025-08-25,1,2025-08-26,2025-08-26,741.0,741.0,755.0,734.0,745.0,-0.5398110661268556,-0.5398110661268556,False,False,False,False,226072000.0,0.0955668990410134,2025
6442,光聖,2025-08-25,2025-08-25,1,2025-08-26,2025-08-26,862.0,862.0,882.0,842.0,872.0,-1.160092807424594,2.000000000000001,True,False,False,False,314388000.0,0.6739951906561319,2025
6805,富世達,2025-08-25,2025-08-25,1,2025-08-26,2025-08-26,1150.0,1150.0,1160.0,1110.0,1145.0,0.4347826086956521,2.0,True,False,False,False,59280000.0,0.7919197031039136,2025
8374,羅昇,2025-08-25,2025-08-25,1,2025-08-26,2025-08-26,111.0,111.0,121.5,111.0,118.5,-6.756756756756757,-6.756756756756757,False,False,False,False,170385000.0,0.589074742494938,2025
1810,和成,2025-08-26,2025-08-26,1,2025-08-27,2025-08-27,23.2,23.2,23.45,21.55,21.65,6.6810344827586245,1.9999999999999942,True,False,False,False,132361600.0,0.9596480399148996,2025
2359,所羅門,2025-08-25,2025-08-26,2,2025-08-27,2025-08-27,172.0,172.0,175.5,166.5,166.5,3.1976744186046515,1.9999999999999987,True,False,False,False,256449000.0,1.0426985482493596,2025
2365,昆盈,2025-08-25,2025-08-26,2,2025-08-27,2025-08-27,50.6,50.6,52.6,49.4,50.6,0.0,2.000000000000001,True,False,False,True,43259800.0,1.003583003157666,2025
3162,精確,2025-08-26,2025-08-26,1,2025-08-27,2025-08-27,60.2,60.2,63.9,60.2,61.8,-2.65780730897009,-2.65780730897009,False,False,False,False,70381300.0,-0.0,2025
3297,杭特,2025-08-26,2025-08-26,1,2025-08-27,2025-08-27,71.4,71.4,73.1,66.9,67.2,5.882352941176474,1.9999999999999958,True,False,False,False,93292800.0,0.9637785552582836,2025
3563,牧德,2025-08-26,2025-08-26,1,2025-08-27,2025-08-27,545.0,545.0,575.0,541.0,569.0,-4.403669724770642,-4.4036697247706424,False,False,False,False,91485000.0,-0.0,2025
4976,佳凌,2025-08-25,2025-08-26,2,2025-08-27,2025-08-27,43.1,43.1,43.4,40.2,40.4,6.264501160092814,2.000000000000004,True,False,False,True,40306500.0,1.0163522012578616,2025
6217,中探針,2025-08-26,2025-08-26,1,2025-08-27,2025-08-27,44.25,44.25,45.7,42.6,43.0,2.824858757062147,1.9999999999999956,True,False,False,False,63847049.99999999,0.935470002137922,2025
6753,龍德造船,2025-08-25,2025-08-26,2,2025-08-27,2025-08-27,145.5,145.5,150.0,140.5,147.0,-1.0309278350515465,1.9999999999999976,True,False,False,False,136227500.0,1.0499421922886347,2025
2467,志聖,2025-08-27,2025-08-27,1,2025-08-28,2025-08-28,208.0,208.0,220.0,201.0,201.5,3.125,1.9999999999999982,True,False,False,False,98172000.0,1.0919406755490364,2025
2498,宏達電,2025-08-27,2025-08-27,1,2025-08-28,2025-08-28,67.0,67.0,68.6,64.4,66.5,0.7462686567164178,2.0000000000000053,True,False,False,True,91550500.0,0.6922354329031518,2025
3163,波若威,2025-08-27,2025-08-27,1,2025-08-28,2025-08-28,241.0,241.0,246.5,228.0,238.0,1.2448132780082988,1.9999999999999973,True,False,False,False,327297000.0,0.6973543906604704,2025
3491,昇達科,2025-08-27,2025-08-27,1,2025-08-28,2025-08-28,404.0,404.0,410.0,389.5,390.0,3.4653465346534658,1.9999999999999962,True,False,False,False,60676000.0,1.28551651394291,2025
5289,宜鼎,2025-08-26,2025-08-27,2,2025-08-28,2025-08-28,291.0,291.0,307.5,290.0,291.5,-0.1718213058419244,-0.1718213058419244,False,False,False,False,64992000.0,1.0136478335795174,2025
6207,雷科,2025-08-26,2025-08-27,2,2025-08-28,2025-08-28,72.1,72.1,74.8,68.5,69.5,3.606102635228841,2.00000000000001,True,False,False,False,171324800.0,0.5277665580231233,2025
6515,穎崴,2025-08-27,2025-08-27,1,2025-08-28,2025-08-28,1225.0,1225.0,1270.0,1195.0,1250.0,-2.0408163265306123,2.0,True,False,False,False,155000000.0,0.3790322580645161,2025
8227,巨有科技,2025-08-27,2025-08-27,1,2025-08-28,2025-08-28,204.0,204.0,220.0,183.5,188.0,7.84313725490196,2.000000000000006,True,False,False,False,49600000.0,0.7580645161290323,2025
1536,和大,2025-08-28,2025-08-28,1,2025-08-29,2025-08-29,76.6,76.6,77.1,69.0,69.0,9.921671018276754,1.9999999999999956,True,False,False,True,159432300.00000003,0.943039772994556,2025
1785,光洋科,2025-08-28,2025-08-28,1,2025-08-29,2025-08-29,61.8,61.8,62.8,58.6,58.9,4.692556634304204,2.000000000000007,True,False,False,False,288418200.0,0.8965141589539078,2025
2406,國碩,2025-08-28,2025-08-28,1,2025-08-29,2025-08-29,26.2,26.2,26.2,21.9,22.05,15.839694656488543,2.0000000000000036,True,False,False,False,114265450.0,0.9193172564410328,2025
2634,漢翔,2025-08-27,2025-08-28,2,2025-08-29,2025-08-29,63.7,63.7,64.6,61.4,62.4,2.0408163265306185,2.0000000000000013,True,False,False,True,90687600.00000006,1.368584018101702,2025
3047,訊舟,2025-08-27,2025-08-28,2,2025-08-29,2025-08-29,25.0,25.0,25.3,22.1,22.1,11.599999999999994,2.0,True,False,False,False,115938750.0,0.8166070446679822,2025
4540,全球傳動,2025-08-28,2025-08-28,1,2025-08-29,2025-08-29,51.5,51.5,52.3,46.5,46.5,9.70873786407767,2.000000000000002,True,False,False,False,69340800.0,0.9368293991416308,2025
6761,穩得,2025-08-27,2025-08-28,2,2025-08-29,2025-08-29,165.0,165.0,165.0,148.5,155.5,5.757575757575758,2.000000000000007,True,False,False,False,110685000.0,0.6083163933685685,2025
8046,南電,2025-08-27,2025-08-28,2,2025-08-29,2025-08-29,232.0,232.0,233.0,219.0,220.0,5.172413793103448,2.000000000000006,True,False,False,False,288550500.0,0.7997906778882726,2025
8074,鉅橡,2025-08-28,2025-08-28,1,2025-08-29,2025-08-29,38.0,38.0,38.8,35.2,35.5,6.578947368421052,1.999999999999995,True,False,False,False,41850000.0,0.9297013142174432,2025
2228,劍麟,2025-08-29,2025-08-29,1,2025-09-01,2025-09-01,122.5,122.5,131.0,113.5,120.5,1.6326530612244898,2.0000000000000027,True,False,False,False,43450500.0,0.9429120493435058,2025
3665,貿聯-KY,2025-08-29,2025-08-29,1,2025-09-01,2025-09-01,1045.0,1045.0,1055.0,968.0,976.0,6.6028708133971294,2.000000000000009,True,False,False,False,208550000.0,0.3322752337568928,2025
3708,上緯投控,2025-08-29,2025-08-29,1,2025-09-01,2025-09-01,147.0,147.0,147.5,130.0,130.0,11.564625850340136,1.9999999999999982,True,False,False,False,221472000.0,0.7460536772142754,2025
4541,晟田,2025-08-28,2025-08-29,2,2025-09-01,2025-09-01,62.4,62.4,62.8,57.0,59.3,4.967948717948721,1.9999999999999962,True,False,False,False,48852400.0,1.2259991320794883,2025
4971,IET-KY,2025-08-29,2025-08-29,1,2025-09-01,2025-09-01,190.5,190.5,191.5,170.5,178.5,6.299212598425196,2.000000000000001,True,False,False,True,142317500.0,0.8892546594761712,2025
4977,眾達-KY,2025-08-29,2025-08-29,1,2025-09-01,2025-09-01,123.0,123.0,123.0,111.0,112.0,8.94308943089431,2.0000000000000067,True,False,False,False,256560000.0,0.9294044278141566,2025
6217,中探針,2025-08-29,2025-08-29,1,2025-09-01,2025-09-01,47.4,47.4,50.6,45.7,48.65,-2.637130801687764,2.000000000000001,True,False,False,False,125738900.0,0.9823718037934164,2025
6753,龍德造船,2025-08-29,2025-08-29,1,2025-09-01,2025-09-01,162.0,162.0,172.5,150.0,150.5,7.098765432098765,2.0000000000000058,True,False,False,False,159858000.0,0.9179240325789138,2025
1773,勝一,2025-09-01,2025-09-01,1,2025-09-02,2025-09-02,154.5,154.5,154.5,146.0,148.5,3.883495145631068,2.000000000000002,True,False,False,False,92236500.0,0.959555056837586,2025
3294,英濟,2025-09-01,2025-09-01,1,2025-09-02,2025-09-02,58.0,58.0,60.8,56.2,57.2,1.3793103448275814,2.000000000000006,True,False,False,False,40756100.0,1.0259372216674316,2025
3529,力旺,2025-09-01,2025-09-01,1,2025-09-02,2025-09-02,2330.0,2330.0,2435.0,2310.0,2325.0,0.2145922746781116,0.2145922746781116,False,False,False,False,170250000.0,0.0,2025
5536,聖暉*,2025-09-01,2025-09-01,1,2025-09-02,2025-09-02,992.0,992.0,1015.0,904.0,933.0,5.947580645161291,2.000000000000003,True,False,False,False,506196000.0,0.5455752317284214,2025
6515,穎崴,2025-08-29,2025-09-01,2,2025-09-02,2025-09-02,1510.0,1510.0,1580.0,1490.0,1535.0,-1.6556291390728477,-1.6556291390728477,False,False,False,False,104500000.0,0.0,2025
3004,豐達科,2025-09-02,2025-09-02,1,2025-09-03,2025-09-03,146.0,146.0,156.0,144.5,150.0,-2.73972602739726,-2.73972602739726,False,False,False,False,82070000.0,1.0344827586206895,2025
8358,金居,2025-09-02,2025-09-02,1,2025-09-03,2025-09-03,219.0,219.0,232.5,208.5,212.0,3.1963470319634704,1.999999999999998,True,False,False,False,639173000.0,0.8172560480495891,2025
2429,銘旺科,2025-09-03,2025-09-03,1,2025-09-04,2025-09-04,115.5,115.5,116.0,112.0,114.0,1.2987012987012987,2.000000000000002,True,False,False,False,48635500.0,1.136823924910816,2025
2436,偉詮電,2025-09-03,2025-09-03,1,2025-09-04,2025-09-04,53.6,53.6,54.5,51.4,52.2,2.61194029850746,2.000000000000005,True,False,False,False,77140000.0,0.2348120300751879,2025
2630,亞航,2025-09-03,2025-09-03,1,2025-09-04,2025-09-04,75.8,75.8,79.9,68.1,69.4,8.443271767810016,2.000000000000007,True,False,False,False,76335000.0,0.0909150455230235,2025
2634,漢翔,2025-09-03,2025-09-03,1,2025-09-04,2025-09-04,69.6,69.6,71.5,64.2,64.9,6.752873563218376,1.9999999999999942,True,False,False,False,598733299.9999999,0.7841331023345456,2025
3491,昇達科,2025-09-03,2025-09-03,1,2025-09-04,2025-09-04,439.0,439.0,446.5,420.5,431.0,1.8223234624145783,2.0000000000000067,True,False,False,False,317112000.0,0.7257814273821237,2025
4968,立積,2025-09-03,2025-09-03,1,2025-09-04,2025-09-04,164.0,164.0,164.0,150.0,150.0,8.536585365853659,2.000000000000001,True,False,False,False,177192000.0,0.796593525667073,2025
4976,佳凌,2025-09-02,2025-09-03,2,2025-09-04,2025-09-04,56.6,56.6,59.2,53.9,57.5,-1.5901060070671351,1.9999999999999962,True,False,False,True,60260200.0,0.0,2025
5371,中光電,2025-09-03,2025-09-03,1,2025-09-04,2025-09-04,136.0,136.0,141.0,128.0,128.0,5.88235294117647,1.9999999999999991,True,False,False,False,128118000.0,0.8602069966749403,2025
5475,德宏,2025-09-03,2025-09-03,1,2025-09-04,2025-09-04,49.7,49.7,51.2,46.85,47.5,4.426559356136826,1.9999999999999993,True,False,False,False,88817400.0,0.0,2025
6919,康霈*,2025-09-02,2025-09-03,2,2025-09-04,2025-09-04,259.5,259.5,260.0,241.0,244.0,5.973025048169557,1.9999999999999991,True,False,False,False,182297500.0,1.382641012630453,2025
8028,昇陽半導體,2025-09-03,2025-09-03,1,2025-09-04,2025-09-04,179.0,179.0,185.5,168.5,172.5,3.6312849162011176,2.000000000000007,True,False,False,False,596925000.0,0.8640532730242493,2025
1605,華新,2025-09-04,2025-09-04,1,2025-09-05,2025-09-05,22.85,22.85,23.5,22.35,23.3,-1.9693654266958391,2.000000000000003,True,False,False,True,62617999.99999999,0.4331214666709253,2025
2208,台船,2025-09-03,2025-09-04,2,2025-09-05,2025-09-05,24.7,24.7,24.9,22.9,24.85,-0.6072874493927213,1.9999999999999991,True,False,False,True,45232049.99999999,1.0850436803107533,2025
2353,宏碁,2025-09-04,2025-09-04,1,2025-09-05,2025-09-05,35.6,35.6,35.6,33.25,33.4,6.179775280898884,2.000000000000009,True,False,False,False,246684900.00000003,1.0283280411569575,2025
3665,貿聯-KY,2025-09-04,2025-09-04,1,2025-09-05,2025-09-05,1085.0,1085.0,1100.0,1040.0,1075.0,0.9216589861751152,2.000000000000004,True,False,False,False,656140000.0,0.5701527113116103,2025
6753,龍德造船,2025-09-04,2025-09-04,1,2025-09-05,2025-09-05,178.5,178.5,191.0,168.0,180.5,-1.1204481792717087,1.9999999999999962,True,False,False,False,102660000.0,0.8650496785505553,2025
2408,南亞科,2025-09-05,2025-09-05,1,2025-09-08,2025-09-08,57.8,57.8,58.3,51.8,53.5,7.439446366782003,1.999999999999998,True,False,False,True,407623000.0,0.771217522073092,2025
3059,華晶科,2025-09-05,2025-09-05,1,2025-09-08,2025-09-08,60.0,60.0,64.9,57.4,63.0,-5.0,2.000000000000005,True,False,False,False,245028600.0,0.9546599866301322,2025
3211,順達,2025-09-05,2025-09-05,1,2025-09-08,2025-09-08,421.0,421.0,423.5,402.0,405.0,3.800475059382423,2.000000000000004,True,False,False,False,58765000.0,0.0,2025
3323,加百裕,2025-09-05,2025-09-05,1,2025-09-08,2025-09-08,43.45,43.45,46.1,42.9,44.1,-1.495972382048328,-1.495972382048328,False,False,False,False,58897900.0,1.040018404730899,2025
3535,晶彩科,2025-09-05,2025-09-05,1,2025-09-08,2025-09-08,76.1,76.1,76.4,70.1,71.4,6.17608409986858,2.000000000000007,True,False,False,True,109294500.0,0.9701220097992124,2025
4989,榮科,2025-09-05,2025-09-05,1,2025-09-08,2025-09-09,34.65,30.45,32.8,30.0,30.45,0.0,0.0,False,False,True,False,43092000.0,0.9216780376868098,2025
5309,系統電,2025-09-05,2025-09-05,1,2025-09-08,2025-09-08,63.4,63.4,65.5,61.8,64.8,-2.2082018927444773,2.000000000000001,True,False,False,False,171935400.0,0.4145743110493825,2025
6223,旺矽,2025-09-05,2025-09-05,1,2025-09-08,2025-09-08,1565.0,1565.0,1575.0,1525.0,1525.0,2.5559105431309903,1.9999999999999973,True,False,False,False,279680000.0,0.1254111842105263,2025
6510,精測,2025-09-05,2025-09-05,1,2025-09-08,2025-09-08,1475.0,1475.0,1510.0,1420.0,1445.0,2.0338983050847457,2.0,True,False,False,False,144560000.0,1.3394438295517432,2025
6515,穎崴,2025-09-05,2025-09-05,1,2025-09-08,2025-09-08,1735.0,1735.0,1765.0,1685.0,1720.0,0.8645533141210375,2.0000000000000027,True,False,False,False,47115000.0,0.0,2025
6781,AES-KY,2025-09-05,2025-09-05,1,2025-09-08,2025-09-08,1370.0,1370.0,1420.0,1360.0,1390.0,-1.45985401459854,-1.4598540145985401,False,False,False,False,97820000.0,1.2078307094663667,2025
8358,金居,2025-09-05,2025-09-05,1,2025-09-08,2025-09-08,241.0,241.0,246.0,228.5,232.5,3.5269709543568464,1.9999999999999973,True,False,False,False,140140000.0,0.0,2025
3230,錦明,2025-09-08,2025-09-08,1,2025-09-09,2025-09-09,65.6,65.6,67.8,63.2,66.0,-0.6097560975609843,1.9999999999999967,True,False,False,False,72072000.0,1.0796703296703296,2025
3707,漢磊,2025-09-08,2025-09-08,1,2025-09-09,2025-09-09,59.3,59.3,60.0,55.5,56.0,5.564924114671159,2.0,True,False,False,False,150250800.00000003,0.6485156817800636,2025
3711,日月光投控,2025-09-08,2025-09-08,1,2025-09-09,2025-09-09,170.0,170.0,170.0,164.0,167.0,1.7647058823529411,2.0000000000000036,True,False,False,False,807250500.0,0.5620795527534513,2025
4977,眾達-KY,2025-09-08,2025-09-08,1,2025-09-09,2025-09-09,130.5,130.5,133.0,123.5,124.0,4.980842911877394,1.9999999999999998,True,False,False,False,122782500.0,1.1805916966994483,2025
5443,均豪,2025-09-08,2025-09-08,1,2025-09-09,2025-09-09,105.5,105.5,111.5,103.0,104.0,1.4218009478672986,1.9999999999999993,True,False,False,False,249084000.0,0.9999839411604118,2025
1815,富喬,2025-09-09,2025-09-09,1,2025-09-10,2025-09-10,69.1,69.1,70.6,65.8,65.8,4.775687409551371,2.000000000000007,True,False,False,False,388039300.0,1.2003892389250264,2025
5309,系統電,2025-09-09,2025-09-09,1,2025-09-10,2025-09-10,74.1,74.1,75.9,73.0,74.7,-0.809716599190295,-0.809716599190295,False,False,False,False,91207200.0,1.9566251348577748,2025
8021,尖點,2025-09-08,2025-09-09,2,2025-09-10,2025-09-10,102.0,102.0,105.0,94.0,96.0,5.88235294117647,2.000000000000006,True,False,False,False,169300800.0,0.6759093873153582,2025
1504,東元,2025-09-09,2025-09-10,2,2025-09-11,2025-09-11,90.4,90.4,95.6,88.2,93.1,-2.9867256637168014,2.0000000000000075,True,False,False,False,412831200.0,1.0718770771201402,2025
2231,為升,2025-09-10,2025-09-10,1,2025-09-11,2025-09-11,149.5,149.5,150.5,141.5,147.0,1.6722408026755853,2.0000000000000058,True,False,False,True,163430000.0,0.8005262191764058,2025
2301,光寶科,2025-09-10,2025-09-10,1,2025-09-11,2025-09-11,161.0,161.0,169.5,156.5,165.5,-2.7950310559006213,1.9999999999999993,True,False,False,False,205176000.0,1.1905778453620306,2025
2328,廣宇,2025-09-10,2025-09-10,1,2025-09-11,2025-09-11,59.5,59.5,59.8,55.7,56.8,4.5378151260504245,1.9999999999999962,True,False,False,False,112416400.0,0.6027803772403314,2025
2374,佳能,2025-09-10,2025-09-10,1,2025-09-11,2025-09-11,96.2,96.2,99.3,89.3,91.0,5.405405405405409,2.0000000000000067,True,False,False,True,185597500.0,0.8707875914276862,2025
3515,華擎,2025-09-09,2025-09-10,2,2025-09-11,2025-09-11,324.0,324.0,331.5,311.0,321.5,0.7716049382716049,2.0000000000000058,True,False,False,False,80962500.0,0.988772579898101,2025
5371,中光電,2025-09-10,2025-09-10,1,2025-09-11,2025-09-11,128.5,128.5,131.0,119.0,122.5,4.669260700389105,2.0000000000000058,True,False,False,False,303527000.0,-0.0,2025
6112,邁達特,2025-09-10,2025-09-10,1,2025-09-11,2025-09-11,61.0,61.0,61.3,53.7,53.8,11.803278688524594,1.9999999999999982,True,False,False,False,112973600.0,0.950053817883116,2025
6669,緯穎,2025-09-10,2025-09-10,1,2025-09-11,2025-09-11,3350.0,3350.0,3365.0,3260.0,3310.0,1.1940298507462688,2.0,True,False,False,False,1082370000.0,0.0,2025
6753,龍德造船,2025-09-10,2025-09-10,1,2025-09-11,2025-09-11,207.5,207.5,214.0,183.5,184.5,11.08433734939759,2.0000000000000027,True,False,False,False,262515000.0,0.5481972458716645,2025
8299,群聯,2025-09-10,2025-09-10,1,2025-09-11,2025-09-11,610.0,610.0,612.0,585.0,586.0,3.934426229508197,2.000000000000007,True,False,False,False,93170000.0,0.0,2025
3305,昇貿,2025-09-11,2025-09-11,1,2025-09-12,2025-09-12,151.0,151.0,158.0,145.5,154.0,-1.9867549668874172,2.0000000000000067,True,False,False,False,184752000.0,0.6443340261539794,2025
3323,加百裕,2025-09-10,2025-09-11,2,2025-09-12,2025-09-12,57.6,57.6,57.8,52.7,53.7,6.77083333333333,2.0000000000000018,True,False,False,False,112900500.0,0.962695470790652,2025
5474,聰泰,2025-09-11,2025-09-11,1,2025-09-12,2025-09-12,215.0,215.0,215.5,193.0,194.0,9.767441860465116,2.0000000000000053,True,False,False,False,181451000.0,0.561308562642256,2025
2327,國巨*,2025-09-12,2025-09-12,1,2025-09-15,2025-09-15,153.0,153.0,154.0,147.5,151.0,1.30718954248366,2.0000000000000013,True,False,False,False,180588000.0,1.306914080669812,2025
5392,能率,2025-09-12,2025-09-12,1,2025-09-15,2025-09-15,45.85,45.85,47.85,45.2,47.5,-3.598691384950924,-3.5986913849509237,False,False,False,False,147160500.0,1.0864668168428349,2025
6138,茂達,2025-09-12,2025-09-12,1,2025-09-15,2025-09-15,225.0,225.0,228.5,216.0,217.5,3.333333333333333,2.0,True,False,False,False,45468000.0,0.0,2025
6239,力成,2025-09-12,2025-09-12,1,2025-09-15,2025-09-15,142.0,142.0,152.5,139.0,151.0,-6.338028169014084,2.0000000000000027,True,False,False,True,196102000.0,0.4142640054665429,2025
2408,南亞科,2025-09-15,2025-09-15,1,2025-09-16,2025-09-16,65.0,65.0,69.4,63.6,69.2,-6.461538461538466,2.0000000000000067,True,False,False,False,190877500.0,-0.0,2025
3707,漢磊,2025-09-12,2025-09-15,2,2025-09-16,2025-09-16,63.5,63.5,66.5,63.0,63.6,-0.1574803149606321,-0.15748031496063214,False,False,False,False,58115200.00000001,0.4891869941082539,2025
4967,十銓,2025-09-15,2025-09-15,1,2025-09-16,2025-09-16,85.2,85.2,91.0,85.0,88.6,-3.9906103286384873,-3.9906103286384873,False,False,False,False,41896799.99999999,1.4570420652651277,2025
6182,合晶,2025-09-12,2025-09-15,2,2025-09-16,2025-09-16,31.2,31.2,32.45,30.15,31.95,-2.403846153846154,1.9999999999999962,True,False,False,True,157299800.0,1.1075878672445865,2025
8088,品安,2025-09-15,2025-09-15,1,2025-09-16,2025-09-16,42.4,42.4,43.75,40.2,41.7,1.650943396226405,1.9999999999999976,True,False,False,False,101384500.0,0.9924801128377612,2025
2374,佳能,2025-09-16,2025-09-16,1,2025-09-17,2025-09-17,97.6,97.6,101.0,91.5,92.5,5.225409836065569,1.9999999999999982,True,False,False,False,106786000.0,1.8060654018317008,2025
3532,台勝科,2025-09-16,2025-09-16,1,2025-09-17,2025-09-17,94.5,94.5,101.5,93.5,97.1,-2.7513227513227454,-2.7513227513227454,False,False,False,True,55500000.0,0.9062666666666666,2025
6488,環球晶,2025-09-16,2025-09-16,1,2025-09-17,2025-09-17,468.0,468.0,475.0,436.5,446.0,4.700854700854701,2.0000000000000027,True,False,False,True,272397000.0,0.5632367463665165,2025
8021,尖點,2025-09-16,2025-09-16,1,2025-09-17,2025-09-17,93.4,93.4,98.9,93.3,93.4,0.0,0.0,False,False,False,False,61297300.0,0.3931200884867686,2025
8046,南電,2025-09-16,2025-09-16,1,2025-09-17,2025-09-17,200.5,200.5,201.5,191.0,193.5,3.491271820448877,1.9999999999999956,True,False,False,True,107485500.0,0.7471007717320011,2025
3016,嘉晶,2025-09-12,2025-09-17,4,2025-09-18,2025-09-18,59.6,59.6,61.5,56.0,61.5,-3.187919463087246,2.0000000000000004,True,False,False,False,123387600.0,1.1628356496114682,2025
1587,吉茂,2025-09-17,2025-09-18,2,2025-09-19,2025-09-19,47.95,47.95,48.4,41.7,43.3,9.6976016684046,2.0000000000000067,True,False,False,False,61424000.0,0.9819761005470172,2025
2337,旺宏,2025-09-18,2025-09-18,1,2025-09-19,2025-09-19,28.1,28.1,28.9,27.15,27.85,0.889679715302491,2.000000000000004,True,False,False,False,91212600.0,1.1990333572335403,2025
2344,華邦電,2025-09-18,2025-09-18,1,2025-09-19,2025-09-19,34.0,34.0,34.3,32.5,33.5,1.4705882352941175,1.9999999999999991,True,False,False,True,309401699.99999994,0.6397880166786415,2025
2363,矽統,2025-09-18,2025-09-18,1,2025-09-19,2025-09-19,64.4,64.4,66.6,61.9,63.2,1.863354037267085,2.0000000000000058,True,False,False,False,160683800.0,0.7567458573919711,2025
6770,力積電,2025-09-17,2025-09-18,2,2025-09-19,2025-09-19,22.8,22.8,23.15,22.0,22.1,3.070175438596488,1.999999999999998,True,False,False,False,233432800.0,0.9742893886377578,2025
2327,國巨*,2025-09-19,2025-09-19,1,2025-09-22,2025-09-22,176.5,176.5,185.0,175.5,178.5,-1.13314447592068,-1.13314447592068,False,False,False,True,502282500.0,0.5796210299980589,2025
3450,聯鈞,2025-09-19,2025-09-19,1,2025-09-22,2025-09-22,252.5,252.5,265.0,243.5,258.5,-2.376237623762376,2.0000000000000044,True,False,False,False,234335500.0,0.8891141120316811,2025
3532,台勝科,2025-09-18,2025-09-19,2,2025-09-22,2025-09-22,124.0,124.0,125.5,117.5,122.5,1.2096774193548387,2.000000000000003,True,False,False,False,185302500.0,0.0,2025
4991,環宇-KY,2025-09-19,2025-09-19,1,2025-09-22,2025-09-22,168.5,168.5,172.5,163.5,168.5,0.0,2.0000000000000027,True,False,False,False,238797000.0,0.7049146346059624,2025
8027,鈦昇,2025-09-19,2025-09-19,1,2025-09-22,2025-09-22,100.0,100.0,101.0,89.5,92.4,7.599999999999994,2.0,True,False,False,False,159722800.0,0.969569779643232,2025
8046,南電,2025-09-19,2025-09-19,1,2025-09-22,2025-09-22,221.0,221.0,239.5,219.5,235.5,-6.561085972850679,-6.561085972850679,False,False,False,True,153340000.0,2.2023412025564104,2025
2301,光寶科,2025-09-22,2025-09-22,1,2025-09-23,2025-09-23,185.0,185.0,189.5,179.0,183.0,1.0810810810810811,2.000000000000009,True,False,False,False,280476000.0,0.7705579086980704,2025
3006,晶豪科,2025-09-22,2025-09-22,1,2025-09-23,2025-09-23,81.8,81.8,82.8,78.5,81.0,0.9779951100244464,1.999999999999995,True,False,False,False,277564000.0,0.1928960528022366,2025
3131,弘塑,2025-09-22,2025-09-22,1,2025-09-23,2025-09-23,1670.0,1670.0,1725.0,1605.0,1610.0,3.592814371257485,2.0000000000000058,True,False,False,False,182040000.0,0.6190947044605581,2025
5328,華容,2025-09-19,2025-09-22,2,2025-09-23,2025-09-23,16.85,16.85,16.85,15.5,15.7,6.824925816023751,1.9999999999999982,True,False,False,False,44620800.0,0.9341719556798624,2025
5371,中光電,2025-09-22,2025-09-22,1,2025-09-23,2025-09-23,124.5,124.5,125.0,114.0,115.0,7.630522088353414,2.000000000000007,True,False,False,False,176481500.0,1.686409057039973,2025
5469,瀚宇博,2025-09-18,2025-09-22,3,2025-09-23,2025-09-23,113.5,113.5,115.0,103.5,104.0,8.370044052863436,1.9999999999999967,True,False,False,True,86922100.0,1.5099497135941262,2025
6510,精測,2025-09-22,2025-09-22,1,2025-09-23,2025-09-23,1750.0,1750.0,1810.0,1710.0,1785.0,-2.0,2.0,True,False,False,False,81780000.0,0.4147101980924431,2025
8096,擎亞,2025-09-22,2025-09-22,1,2025-09-23,2025-09-23,49.65,49.65,49.75,45.4,45.75,7.854984894259815,2.000000000000004,True,False,False,False,83477100.0,0.8626377773065906,2025
1504,東元,2025-09-23,2025-09-23,1,2025-09-24,2025-09-24,95.6,95.6,103.0,94.2,101.5,-6.171548117154818,-6.171548117154818,False,False,False,False,244212000.0,0.9621660688254468,2025
3048,益登,2025-09-23,2025-09-23,1,2025-09-24,2025-09-24,40.55,40.55,41.5,39.55,39.8,1.8495684340320595,2.0,True,False,False,False,49358000.0,0.9353701527614572,2025
6640,均華,2025-09-23,2025-09-23,1,2025-09-24,2025-09-24,814.0,814.0,832.0,788.0,800.0,1.71990171990172,1.9999999999999967,True,False,False,False,142100000.0,0.7431386347642506,2025
6770,力積電,2025-09-23,2025-09-23,1,2025-09-24,2025-09-24,23.7,23.7,24.7,22.9,23.85,-0.6329113924050723,2.000000000000001,True,False,False,False,218647800.0,0.3798149352520355,2025
2324,仁寶,2025-09-24,2025-09-24,1,2025-09-25,2025-09-25,35.25,35.25,37.8,34.5,36.4,-3.2624113475177263,1.9999999999999951,True,False,False,True,115954500.0,0.0,2025
2492,華新科,2025-09-24,2025-09-24,1,2025-09-25,2025-09-25,108.0,108.0,109.0,98.8,100.5,6.944444444444445,1.999999999999997,True,False,False,False,96907500.0,0.8970667904960916,2025
3016,嘉晶,2025-09-24,2025-09-24,1,2025-09-25,2025-09-25,64.2,64.2,64.4,58.5,59.4,7.476635514018698,1.9999999999999982,True,False,False,False,96976600.0,0.6553952190528438,2025
3583,辛耘,2025-09-24,2025-09-24,1,2025-09-25,2025-09-25,425.0,425.0,427.5,402.0,405.0,4.705882352941177,2.0,True,False,False,False,56724500.0,0.0,2025
6418,詠昇,2025-09-22,2025-09-24,3,2025-09-25,2025-09-25,74.4,74.4,74.6,67.1,70.2,5.645161290322584,1.9999999999999993,True,False,False,False,70004900.00000001,1.1291381031899193,2025
8043,蜜望實,2025-09-24,2025-09-24,1,2025-09-25,2025-09-25,34.95,34.95,38.05,34.95,35.4,-1.2875536480686571,-1.2875536480686571,False,False,False,False,43750250.0,1.0057588242352902,2025
5392,能率,2025-09-25,2025-09-25,1,2025-09-26,2025-09-26,59.6,59.6,60.0,55.3,56.0,6.040268456375841,2.0000000000000004,True,False,False,False,75336000.0,0.6548794732929808,2025
8021,尖點,2025-09-25,2025-09-25,1,2025-09-26,2025-09-26,99.1,99.1,102.5,89.8,92.2,6.962663975782029,1.9999999999999993,True,False,False,True,68428400.0,0.7383717871527027,2025
3313,斐成,2025-09-26,2025-09-26,1,2025-09-30,2025-09-30,20.8,20.8,21.0,19.4,19.45,6.490384615384621,2.0000000000000018,True,False,False,False,60875700.0,0.9939754286193012,2025
3231,緯創,2025-09-30,2025-09-30,1,2025-10-01,2025-10-01,146.0,146.0,153.5,144.0,146.0,0.0,0.0,False,False,False,False,1228813000.0,0.3903034880002083,2025
3260,威剛,2025-09-30,2025-09-30,1,2025-10-01,2025-10-01,,,,,,,,False,True,False,False,113668000.0,,2025
3653,健策,2025-09-30,2025-09-30,1,2025-10-01,2025-10-01,2430.0,2430.0,2540.0,2385.0,2445.0,-0.6172839506172839,-0.6172839506172839,False,False,False,True,303660000.0,0.5153131792135941,2025
5498,凱崴,2025-10-01,2025-10-01,1,2025-10-02,2025-10-02,21.2,21.2,21.95,21.15,21.5,-1.4150943396226447,-1.4150943396226447,False,False,False,False,40300500.0,1.0691182491532365,2025
8021,尖點,2025-09-30,2025-10-01,2,2025-10-02,2025-10-02,115.5,115.5,118.5,110.0,118.0,-2.1645021645021645,2.000000000000002,True,False,False,True,334164000.0,0.6515064459367257,2025
1504,東元,2025-10-01,2025-10-02,2,2025-10-03,2025-10-03,114.5,114.5,115.5,111.0,113.5,0.8733624454148471,2.0000000000000058,True,False,False,True,130949500.0,0.8988159557692087,2025
8299,群聯,2025-10-02,2025-10-02,1,2025-10-03,2025-10-03,790.0,790.0,835.0,783.0,829.0,-4.936708860759493,-4.936708860759493,False,False,False,True,289744000.0,0.0,2025
4722,國精化,2025-10-03,2025-10-03,1,2025-10-07,2025-10-07,211.5,211.5,211.5,202.0,203.5,3.7825059101654848,1.9999999999999951,True,False,False,False,54912000.0,-0.0,2025
4768,晶呈科技,2025-10-03,2025-10-03,1,2025-10-07,2025-10-07,229.5,229.5,250.5,226.5,245.0,-6.753812636165578,-6.753812636165578,False,False,False,False,75900000.0,0.4260869565217391,2025
6449,鈺邦,2025-10-03,2025-10-03,1,2025-10-07,2025-10-07,218.0,218.0,225.0,212.5,218.0,0.0,2.000000000000006,True,False,False,True,82687500.0,0.2979168556311413,2025
6805,富世達,2025-10-03,2025-10-03,1,2025-10-07,2025-10-07,1110.0,1110.0,1125.0,1075.0,1120.0,-0.9009009009009008,2.000000000000004,True,False,False,False,552500000.0,0.4946244343891403,2025
8046,南電,2025-10-03,2025-10-03,1,2025-10-07,2025-10-07,258.5,258.5,261.5,247.5,253.0,2.127659574468085,2.000000000000006,True,False,False,False,383286000.0,1.0574505721576055,2025
1605,華新,2025-10-07,2025-10-07,1,2025-10-08,2025-10-08,28.25,28.25,30.4,28.15,29.9,-5.840707964601765,-5.840707964601765,False,False,False,False,132978000.0,0.0,2025
1802,台玻,2025-10-07,2025-10-07,1,2025-10-08,2025-10-08,30.95,30.95,31.9,30.1,31.65,-2.2617124394184147,1.9999999999999993,True,False,False,False,263127150.00000003,0.962994126603811,2025
1815,富喬,2025-10-07,2025-10-07,1,2025-10-08,2025-10-08,75.2,75.2,77.7,72.5,72.9,3.0585106382978684,2.000000000000006,True,False,False,False,200748600.0,0.4023599666448484,2025
2344,華邦電,2025-10-07,2025-10-07,1,2025-10-08,2025-10-08,41.95,41.95,42.15,39.35,41.25,1.6686531585220568,1.9999999999999967,True,False,False,False,293645250.0,1.02280302507873,2025
6531,愛普*,2025-10-07,2025-10-07,1,2025-10-08,2025-10-08,396.5,396.5,410.0,389.0,398.5,-0.5044136191677175,-0.5044136191677175,False,False,False,True,131738000.0,1.6243946317691176,2025
6770,力積電,2025-10-07,2025-10-07,1,2025-10-08,2025-10-08,29.1,29.1,31.35,28.55,31.0,-6.529209621993122,-6.529209621993122,False,False,False,False,77381200.0,-0.0,2025
8358,金居,2025-10-07,2025-10-07,1,2025-10-08,2025-10-08,256.5,256.5,261.5,243.0,243.0,5.263157894736842,1.9999999999999982,True,False,False,False,504535500.0,0.439729216279132,2025
4967,十銓,2025-10-07,2025-10-08,2,2025-10-09,2025-10-09,113.0,113.0,118.0,110.5,114.0,-0.8849557522123894,2.0000000000000044,True,False,False,False,90310500.0,0.9063397943760692,2025
8070,長華*,2025-10-08,2025-10-08,1,2025-10-09,2025-10-09,48.6,48.6,51.7,47.35,48.2,0.8230452674897091,2.0000000000000027,True,False,False,True,72225000.0,0.9823523710626516,2025
2329,華泰,2025-10-09,2025-10-09,1,2025-10-13,2025-10-13,49.7,49.7,51.0,48.2,49.6,0.2012072434607674,1.9999999999999993,True,False,False,False,276357600.0,0.29093319669877,2025
3189,景碩,2025-10-09,2025-10-09,1,2025-10-13,2025-10-13,131.0,131.0,134.5,124.5,133.5,-1.9083969465648856,2.0000000000000036,True,False,False,True,225775000.0,0.0,2025
5289,宜鼎,2025-10-08,2025-10-09,2,2025-10-13,2025-10-13,394.5,394.5,424.0,386.5,398.0,-0.8871989860583016,1.9999999999999967,True,False,False,False,280259000.0,0.416093684770159,2025
6214,精誠,2025-10-09,2025-10-09,1,2025-10-13,2025-10-13,132.0,132.0,136.5,130.5,135.5,-2.6515151515151514,-2.6515151515151514,False,False,False,False,94850000.0,0.7171428571428572,2025
8271,宇瞻,2025-10-09,2025-10-09,1,2025-10-13,2025-10-13,81.1,81.1,93.5,81.0,92.5,-14.056720098643655,-14.056720098643657,False,False,False,False,119085000.0,1.0835747575261367,2025
2312,金寶,2025-10-13,2025-10-13,1,2025-10-14,2025-10-14,22.5,22.5,23.7,21.2,21.8,3.111111111111108,1.999999999999997,True,False,False,False,44033850.0,0.8936079856746572,2025
2630,亞航,2025-10-13,2025-10-13,1,2025-10-14,2025-10-14,61.2,61.2,61.8,56.0,56.1,8.333333333333336,2.0000000000000058,True,False,False,False,89193599.99999999,0.90886005273921,2025
4967,十銓,2025-10-13,2025-10-13,1,2025-10-14,2025-10-14,132.0,132.0,136.0,120.0,121.0,8.333333333333332,2.000000000000011,True,False,False,False,200750000.0,0.7220821917808219,2025
2615,萬海,2025-10-14,2025-10-14,1,2025-10-15,2025-10-15,80.9,80.9,82.5,78.8,80.5,0.4944375772558784,1.9999999999999938,True,False,False,True,64861200.0,0.9084938299013894,2025
5608,四維航,2025-10-14,2025-10-14,1,2025-10-15,2025-10-15,18.1,18.1,18.95,17.7,17.95,0.8287292817679676,2.00000000000001,True,False,False,False,40856200.0,0.9463508598450172,2025
2481,強茂,2025-10-15,2025-10-15,1,2025-10-16,2025-10-16,86.8,86.8,92.4,85.0,85.7,1.267281105990777,2.000000000000005,True,False,False,False,186305600.0,0.7249551274894582,2025
3324,雙鴻,2025-10-15,2025-10-15,1,2025-10-16,2025-10-16,1010.0,1010.0,1020.0,975.0,995.0,1.4851485148514851,2.0000000000000044,True,False,False,False,204180000.0,1.130571064746792,2025
5536,聖暉*,2025-10-15,2025-10-15,1,2025-10-16,2025-10-16,896.0,896.0,925.0,867.0,875.0,2.34375,2.000000000000008,True,False,False,False,84480000.0,0.0,2025
6139,亞翔,2025-10-15,2025-10-15,1,2025-10-16,2025-10-16,458.5,458.5,468.5,444.0,454.0,0.9814612868047984,2.0000000000000036,True,False,False,False,435215000.0,0.1888124260423009,2025
6217,中探針,2025-10-15,2025-10-15,1,2025-10-16,2025-10-16,59.3,59.3,59.3,55.2,57.3,3.372681281618887,2.0,True,False,False,True,77586300.0,1.0140050498606068,2025
8046,南電,2025-10-15,2025-10-15,1,2025-10-16,2025-10-16,286.5,286.5,299.0,280.0,281.5,1.7452006980802792,2.000000000000006,True,False,False,True,484461500.0,0.5171411969785009,2025
8996,高力,2025-10-14,2025-10-15,2,2025-10-16,2025-10-16,517.0,517.0,554.0,504.0,550.0,-6.382978723404255,2.000000000000006,True,False,False,False,217396500.0,0.3466017162189824,2025
1605,華新,2025-10-16,2025-10-16,1,2025-10-17,2025-10-17,29.2,29.2,30.05,28.85,29.05,0.5136986301369815,0.5136986301369815,False,False,False,False,164473500.0,0.1828060447427701,2025
2344,華邦電,2025-10-16,2025-10-16,1,2025-10-17,2025-10-17,44.0,44.0,44.95,43.55,43.95,0.1136363636363571,0.11363636363635717,False,False,False,False,189948000.0,-0.0,2025
2451,創見,2025-10-16,2025-10-16,1,2025-10-17,2025-10-17,141.0,141.0,143.5,132.0,133.0,5.673758865248227,1.9999999999999951,True,False,False,False,187488000.0,1.0647774790919953,2025
5469,瀚宇博,2025-10-16,2025-10-16,1,2025-10-17,2025-10-17,99.3,99.3,102.5,90.0,90.0,9.365558912386703,2.000000000000004,True,False,False,False,118800000.0,0.9257575757575758,2025
8271,宇瞻,2025-10-15,2025-10-16,2,2025-10-17,2025-10-17,111.5,111.5,117.5,111.0,113.5,-1.7937219730941705,-1.7937219730941705,False,False,False,False,62470000.0,1.364470946054106,2025
2408,南亞科,2025-10-16,2025-10-17,2,2025-10-20,2025-10-20,108.0,108.0,110.0,104.0,107.0,0.9259259259259258,1.999999999999997,True,False,False,False,100707100.0,0.0,2025
1504,東元,2025-10-20,2025-10-20,1,2025-10-21,2025-10-21,125.0,125.0,127.5,113.0,113.5,9.2,2.0,True,False,False,True,60228000.0,-0.0,2025
2337,旺宏,2025-10-20,2025-10-20,1,2025-10-21,2025-10-21,30.0,30.0,30.2,27.85,28.25,5.833333333333333,2.000000000000005,True,False,False,True,242109000.0,0.8874907582948176,2025
2492,華新科,2025-10-20,2025-10-20,1,2025-10-21,2025-10-21,115.5,115.5,121.0,113.0,113.5,1.7316017316017316,2.000000000000002,True,False,False,True,100561000.0,0.1444695259593679,2025
3163,波若威,2025-10-20,2025-10-20,1,2025-10-21,2025-10-21,233.0,233.0,239.0,228.0,229.0,1.7167381974248928,1.9999999999999987,True,False,False,False,253638000.0,0.9913419913419912,2025
3543,州巧,2025-10-17,2025-10-20,2,2025-10-21,2025-10-21,45.0,45.0,46.75,42.65,43.6,3.111111111111108,1.999999999999997,True,False,False,False,101535700.0,0.6973547235110411,2025
8021,尖點,2025-10-20,2025-10-20,1,2025-10-21,2025-10-21,113.0,113.0,115.0,108.0,110.0,2.6548672566371683,2.0000000000000044,True,False,False,False,145087500.0,0.2244163005083139,2025
8110,華東,2025-10-20,2025-10-20,1,2025-10-21,2025-10-21,25.95,25.95,26.5,24.0,24.6,5.202312138728315,2.000000000000007,True,False,False,True,54122250.0,0.9658689356041184,2025
2472,立隆電,2025-10-21,2025-10-21,1,2025-10-22,2025-10-22,102.5,102.5,113.0,101.5,107.5,-4.878048780487805,-4.878048780487805,False,False,False,True,41097000.0,0.8291967783536511,2025
2481,強茂,2025-10-20,2025-10-21,2,2025-10-22,2025-10-22,97.7,97.7,103.0,95.0,97.8,-0.1023541453428805,2.000000000000008,True,False,False,False,173167700.0,1.0273174500787383,2025
3443,創意,2025-10-21,2025-10-21,1,2025-10-22,2025-10-22,1660.0,1660.0,1710.0,1635.0,1665.0,-0.3012048192771084,-0.30120481927710846,False,False,False,False,876025000.0,0.4827601951999087,2025
3532,台勝科,2025-10-21,2025-10-21,1,2025-10-22,2025-10-22,108.0,108.0,110.0,105.0,106.0,1.851851851851852,1.999999999999997,True,False,False,False,45136000.0,0.9605193193902872,2025
5425,台半,2025-10-21,2025-10-21,1,2025-10-22,2025-10-22,60.8,60.8,64.5,60.8,62.3,-2.4671052631578947,-2.4671052631578947,False,False,False,False,46172400.0,0.8014788055201809,2025
6182,合晶,2025-10-21,2025-10-21,1,2025-10-22,2025-10-22,35.75,35.75,37.3,34.25,34.4,3.77622377622378,2.0000000000000093,True,False,False,False,168116800.0,0.9568014618408154,2025
6411,晶焱,2025-10-20,2025-10-21,2,2025-10-22,2025-10-22,85.1,85.1,91.0,82.9,86.3,-1.4101057579318483,1.999999999999998,True,False,False,False,44657100.0,1.0068342995850603,2025
6462,神盾,2025-10-21,2025-10-21,1,2025-10-22,2025-10-22,144.0,144.0,144.5,138.0,141.5,1.7361111111111112,1.999999999999997,True,False,False,False,238667000.0,0.7867468062195444,2025
6805,富世達,2025-10-21,2025-10-21,1,2025-10-22,2025-10-22,1300.0,1300.0,1365.0,1295.0,1325.0,-1.9230769230769231,-1.9230769230769231,False,False,False,True,262680000.0,0.7263590680676107,2025
8261,富鼎,2025-10-21,2025-10-21,1,2025-10-22,2025-10-22,105.5,105.5,106.0,100.0,101.5,3.791469194312796,1.9999999999999993,True,False,False,False,225770000.0,0.8681246401204766,2025
2312,金寶,2025-10-22,2025-10-22,1,2025-10-23,2025-10-23,23.4,23.4,23.75,22.4,22.6,3.4188034188034067,2.0,True,False,False,False,63688800.0,0.9492249814724096,2025
2342,茂矽,2025-10-21,2025-10-22,2,2025-10-23,2025-10-23,38.35,38.35,38.75,35.1,36.0,6.127770534550199,2.0000000000000075,True,False,False,True,70975450.0,0.7983605598837344,2025
8422,可寧衛*,2025-10-22,2025-10-22,1,2025-10-23,2025-10-23,251.0,251.0,256.0,235.0,238.0,5.179282868525896,2.000000000000004,True,False,False,True,69020000.0,1.4241379310344828,2025
8054,安國,2025-10-23,2025-10-23,1,2025-10-27,2025-10-27,147.5,147.5,148.0,138.0,138.5,6.101694915254238,1.9999999999999925,True,False,False,False,62803500.0,0.9394540113210252,2025
2344,華邦電,2025-10-27,2025-10-27,1,2025-10-28,2025-10-28,50.9,50.9,54.5,50.9,54.0,-6.090373280943028,-6.090373280943028,False,False,False,False,85919200.0,-0.0,2025
2408,南亞科,2025-10-27,2025-10-27,1,2025-10-28,2025-10-28,124.0,124.0,131.5,123.0,130.0,-4.838709677419355,-4.838709677419355,False,False,False,False,743160000.0,0.9832741267021906,2025
2492,華新科,2025-10-27,2025-10-27,1,2025-10-28,2025-10-28,136.0,136.0,138.5,133.0,138.0,-1.4705882352941175,1.9999999999999991,True,False,False,False,312660000.0,0.7079639224716945,2025
3006,晶豪科,2025-10-27,2025-10-27,1,2025-10-28,2025-10-28,91.0,91.0,91.8,87.2,89.8,1.3186813186813218,2.000000000000008,True,False,False,False,355653000.0,0.0,2025
3260,威剛,2025-10-27,2025-10-27,1,2025-10-28,2025-10-28,204.5,204.5,207.0,189.0,191.5,6.356968215158925,2.0000000000000018,True,False,False,False,289050000.0,0.8572945857118146,2025
6442,光聖,2025-10-27,2025-10-27,1,2025-10-28,2025-10-28,880.0,880.0,958.0,879.0,946.0,-7.5,-7.5,False,False,False,True,140553000.0,0.2557611719422566,2025
6770,力積電,2025-10-27,2025-10-27,1,2025-10-28,2025-10-28,32.15,32.15,33.6,31.5,31.95,0.6220839813374784,2.000000000000002,True,False,False,False,214452000.0,0.369332298136646,2025
2337,旺宏,2025-10-27,2025-10-28,2,2025-10-29,2025-10-29,38.0,38.0,39.7,36.9,38.5,-1.3157894736842104,1.999999999999995,True,False,False,False,1052806950.0000002,0.2852740476304796,2025
2351,順德,2025-10-28,2025-10-28,1,2025-10-29,2025-10-29,96.0,96.0,96.4,88.0,90.0,6.25,2.0000000000000018,True,False,False,False,43134000.0,0.0,2025
4979,華星光,2025-10-28,2025-10-28,1,2025-10-29,2025-10-29,212.0,212.0,217.0,209.5,212.5,-0.2358490566037736,-0.2358490566037736,False,False,False,True,140448000.0,0.160379642287537,2025
6290,良維,2025-10-27,2025-10-28,2,2025-10-29,2025-10-29,187.0,187.0,187.0,174.5,180.0,3.7433155080213902,2.000000000000005,True,False,False,False,158877000.0,0.0,2025
8210,勤誠,2025-10-28,2025-10-28,1,2025-10-29,2025-10-29,936.0,936.0,950.0,910.0,918.0,1.9230769230769231,2.0000000000000027,True,False,False,False,59664000.0,1.0308728881737732,2025
1784,訊聯,2025-10-29,2025-10-29,1,2025-10-30,2025-10-30,99.4,99.4,102.5,96.4,99.8,-0.4024144869215205,1.9999999999999993,True,False,False,False,44730000.0,1.004024144869215,2025
6217,中探針,2025-10-29,2025-10-29,1,2025-10-30,2025-10-30,56.7,56.7,57.2,52.6,54.5,3.880070546737218,2.0000000000000004,True,False,False,True,114647400.0,0.9369553954123686,2025
6515,穎崴,2025-10-29,2025-10-29,1,2025-10-30,2025-10-30,2645.0,2645.0,2655.0,2405.0,2540.0,3.969754253308128,2.0000000000000036,True,False,False,True,134130000.0,1.4960113322895698,2025
3062,建漢,2025-10-29,2025-10-30,2,2025-10-31,2025-10-31,28.2,28.2,28.25,26.5,26.65,5.496453900709223,2.0000000000000004,True,False,False,False,51360000.0,1.0211682242990654,2025
3543,州巧,2025-10-29,2025-10-30,2,2025-10-31,2025-10-31,50.0,50.0,50.1,45.15,48.0,4.0,2.0,True,False,False,False,46286500.0,1.3709396908385814,2025
1503,士電,2025-10-31,2025-10-31,1,2025-11-03,2025-11-03,205.0,205.0,213.0,200.0,204.0,0.4878048780487805,1.9999999999999973,True,False,False,True,156208500.0,1.1766581203967774,2025
2368,金像電,2025-10-31,2025-10-31,1,2025-11-03,2025-11-03,480.0,480.0,499.5,468.0,493.0,-2.708333333333333,2.000000000000005,True,False,False,True,769006000.0,-0.0,2025
4991,環宇-KY,2025-10-31,2025-10-31,1,2025-11-03,2025-11-03,183.0,183.0,184.0,173.5,175.0,4.371584699453552,1.9999999999999982,True,False,False,False,446942500.0,0.6221717558746371,2025
2421,建準,2025-11-03,2025-11-03,1,2025-11-04,2025-11-04,167.5,167.5,168.5,149.5,149.5,10.746268656716415,1.9999999999999967,True,False,False,False,113046000.0,1.0592988694867576,2025
3105,穩懋,2025-10-31,2025-11-03,2,2025-11-04,2025-11-04,119.5,119.5,126.0,118.5,123.0,-2.928870292887029,-2.928870292887029,False,False,False,False,57820000.0,-0.0,2025
8033,雷虎,2025-11-03,2025-11-03,1,2025-11-04,2025-11-04,133.0,133.0,141.0,132.5,140.5,-5.639097744360902,-5.639097744360902,False,False,False,True,39835000.0,1.0228442324588929,2025
1608,華榮,2025-11-04,2025-11-04,1,2025-11-05,2025-11-05,38.3,38.3,41.9,37.0,40.2,-4.960835509138397,1.9999999999999956,True,False,False,True,41200900.0,1.235244861155946,2025
2337,旺宏,2025-11-06,2025-11-06,1,2025-11-07,2025-11-07,34.35,34.35,36.0,34.1,35.25,-2.6200873362445374,-2.6200873362445374,False,False,False,False,278562700.0,0.6525792936383802,2025
3529,力旺,2025-11-06,2025-11-06,1,2025-11-07,2025-11-07,2145.0,2145.0,2170.0,2085.0,2095.0,2.331002331002331,2.000000000000004,True,False,False,False,113950000.0,2.555550680122861,2025
3661,世芯-KY,2025-11-06,2025-11-06,1,2025-11-07,2025-11-07,3625.0,3625.0,3680.0,3505.0,3565.0,1.6551724137931034,2.0,True,False,False,False,1038610000.0,0.1887859735608168,2025
2344,華邦電,2025-11-10,2025-11-10,1,2025-11-11,2025-11-11,64.9,64.9,66.1,64.5,64.5,0.616332819722659,0.616332819722659,False,False,False,True,54251100.0,1.5348905367817427,2025
2408,南亞科,2025-11-10,2025-11-10,1,2025-11-11,2025-11-11,167.5,167.5,172.5,164.0,164.5,1.791044776119403,1.9999999999999967,True,False,False,False,365474500.0,-0.0,2025
3443,創意,2025-11-10,2025-11-10,1,2025-11-11,2025-11-11,1910.0,1910.0,2020.0,1885.0,1910.0,0.0,0.0,False,False,False,False,495180000.0,1.083868492265439,2025
8112,至上,2025-11-10,2025-11-10,1,2025-11-11,2025-11-11,80.7,80.7,83.4,77.8,80.0,0.867410161090462,2.0000000000000053,True,False,False,False,109333800.0,0.2648769182082759,2025
8271,宇瞻,2025-11-07,2025-11-10,2,2025-11-11,2025-11-11,119.0,119.0,128.0,118.5,122.5,-2.941176470588235,-2.941176470588235,False,False,False,False,56075500.0,1.0638781642606845,2025
8299,群聯,2025-11-10,2025-11-10,1,2025-11-11,2025-11-11,1330.0,1330.0,1370.0,1290.0,1310.0,1.5037593984962403,2.00000000000001,True,False,False,False,287020000.0,0.2510278029405616,2025
3715,定穎投控,2025-11-11,2025-11-11,1,2025-11-12,2025-11-12,112.0,112.0,121.0,100.5,119.0,-6.25,2.000000000000008,True,False,False,False,333608000.0,1.6233693436608234,2025
5351,鈺創,2025-11-10,2025-11-11,2,2025-11-12,2025-11-12,46.1,46.1,47.95,43.4,47.65,-3.362255965292835,2.000000000000009,True,False,False,False,178880650.0,0.9680202973323274,2025
6173,信昌電,2025-11-11,2025-11-11,1,2025-11-12,2025-11-12,62.9,62.9,64.4,60.5,63.6,-1.112877583465823,2.000000000000004,True,False,False,False,81467099.99999999,0.9610210747651508,2025
6669,緯穎,2025-11-11,2025-11-11,1,2025-11-12,2025-11-12,4725.0,4725.0,4725.0,4540.0,4560.0,3.492063492063492,2.0,True,False,False,False,660800000.0,1.352542372881356,2025
1303,南亞,2025-11-12,2025-11-12,1,2025-11-13,2025-11-13,51.6,51.6,54.7,50.7,53.8,-4.26356589147286,-4.26356589147286,False,False,False,True,498747000.0,0.905787102478812,2025
1802,台玻,2025-11-11,2025-11-12,2,2025-11-13,2025-11-13,35.85,35.85,38.35,35.25,36.05,-0.5578800557879937,-0.5578800557879937,False,False,False,True,58479750.0,-0.0,2025
1815,富喬,2025-11-11,2025-11-12,2,2025-11-13,2025-11-13,93.5,93.5,96.5,88.3,92.3,1.283422459893051,2.000000000000005,True,False,False,False,485915200.0,1.1427442483791408,2025
2368,金像電,2025-11-12,2025-11-12,1,2025-11-13,2025-11-13,560.0,560.0,576.0,545.0,567.0,-1.25,2.000000000000008,True,False,False,False,300852000.0,1.4398707670216584,2025
6770,力積電,2025-11-12,2025-11-12,1,2025-11-13,2025-11-13,36.9,36.9,37.75,34.8,35.65,3.387533875338754,1.9999999999999991,True,False,False,False,172170500.0,1.5825762833934969,2025
1605,華新,2025-11-13,2025-11-13,1,2025-11-14,2025-11-14,34.1,34.1,35.35,32.7,32.8,3.812316715542535,2.000000000000006,True,False,False,True,301644200.0,1.1089038012333734,2025
2492,華新科,2025-11-13,2025-11-13,1,2025-11-14,2025-11-14,129.5,129.5,134.5,124.0,124.5,3.861003861003861,2.0000000000000027,True,False,False,True,47763000.0,0.9853024307518372,2025
3090,日電貿,2025-11-13,2025-11-13,1,2025-11-14,2025-11-14,93.1,93.1,96.0,90.0,90.4,2.9001074113855947,1.9999999999999944,True,False,False,True,81251500.0,0.9368048589872188,2025
3189,景碩,2025-11-13,2025-11-13,1,2025-11-14,2025-11-14,138.5,138.5,141.5,135.0,137.0,1.083032490974729,2.000000000000007,True,False,False,False,294780000.0,0.955997693194925,2025
5274,信驊,2025-11-13,2025-11-13,1,2025-11-14,2025-11-14,6005.0,6005.0,6195.0,5945.0,5965.0,0.6661115736885929,0.6661115736885929,False,False,False,False,63350000.0,0.0,2025
6442,光聖,2025-11-13,2025-11-13,1,2025-11-14,2025-11-14,1010.0,1010.0,1045.0,976.0,995.0,1.4851485148514851,2.0000000000000044,True,False,False,False,397280000.0,-0.0,2025
8150,南茂,2025-11-12,2025-11-13,2,2025-11-14,2025-11-14,43.5,43.5,48.1,43.0,47.95,-10.22988505747127,-10.22988505747127,False,False,False,False,434464000.0,0.9875538594682184,2025
6209,今國光,2025-11-14,2025-11-14,1,2025-11-17,2025-11-17,55.3,55.3,57.5,52.6,53.7,2.8933092224231363,2.000000000000003,True,False,False,False,110798500.0,0.3382951935269881,2025
6589,台康生技,2025-11-13,2025-11-14,2,2025-11-17,2025-11-17,82.0,82.0,84.3,75.6,76.5,6.707317073170732,2.000000000000001,True,False,False,False,81900000.0,0.722032967032967,2025
8043,蜜望實,2025-11-13,2025-11-14,2,2025-11-17,2025-11-17,66.8,66.8,69.3,59.0,59.0,11.676646706586824,1.999999999999998,True,False,False,True,311516400.0,0.9134575258317058,2025
3167,大量,2025-11-17,2025-11-17,1,2025-11-18,2025-11-18,228.0,228.0,232.0,214.0,215.5,5.482456140350877,2.000000000000001,True,False,False,False,132143000.0,0.3865017443224385,2025
6442,光聖,2025-11-17,2025-11-17,1,2025-11-18,2025-11-18,1080.0,1080.0,1085.0,1005.0,1030.0,4.62962962962963,1.9999999999999918,True,False,False,False,263780000.0,0.4763818333459701,2025
6584,南俊國際,2025-11-17,2025-11-17,1,2025-11-18,2025-11-18,350.0,350.0,381.5,345.0,367.5,-5.0,-5.0,False,False,False,False,56642500.0,0.57094937546895,2025
1802,台玻,2025-11-20,2025-11-20,1,2025-11-21,2025-11-21,32.5,32.5,32.9,31.05,32.45,0.1538461538461451,2.0000000000000067,True,False,False,False,124464500.0,1.0459962479261156,2025
6191,精成科,2025-11-20,2025-11-20,1,2025-11-21,2025-11-21,109.5,109.5,115.0,108.0,110.5,-0.91324200913242,-0.91324200913242,False,False,False,False,92796000.0,0.8002069054700633,2025
6442,光聖,2025-11-20,2025-11-20,1,2025-11-21,2025-11-21,1055.0,1055.0,1145.0,1050.0,1120.0,-6.161137440758294,-6.161137440758294,False,False,False,False,353600000.0,0.516289592760181,2025
6515,穎崴,2025-11-20,2025-11-20,1,2025-11-21,2025-11-21,2305.0,2305.0,2410.0,2260.0,2310.0,-0.2169197396963123,-0.21691973969631237,False,False,False,False,63450000.0,0.0,2025
8358,金居,2025-11-20,2025-11-20,1,2025-11-21,2025-11-21,230.0,230.0,241.0,215.5,233.0,-1.3043478260869563,1.9999999999999976,True,False,False,False,111141000.0,2.6750524109014675,2025
6890,來億-KY,2025-11-21,2025-11-21,1,2025-11-24,2025-11-24,275.0,275.0,286.5,262.0,282.5,-2.727272727272727,2.0,True,False,False,False,40128000.0,0.8025568181818182,2025
6442,光聖,2025-11-24,2025-11-24,1,2025-11-25,2025-11-25,1260.0,1260.0,1345.0,1230.0,1310.0,-3.968253968253968,2.0000000000000036,True,False,False,False,430500000.0,0.2616957026713124,2025
2368,金像電,2025-11-25,2025-11-25,1,2025-11-26,2025-11-26,600.0,600.0,614.0,582.0,610.0,-1.6666666666666667,2.0,True,False,False,False,438372000.0,0.6470531877035942,2025
2383,台光電,2025-11-25,2025-11-25,1,2025-11-26,2025-11-26,1500.0,1500.0,1535.0,1445.0,1470.0,2.0,2.0,True,False,False,False,107300000.0,4.34287045666356,2025
3105,穩懋,2025-11-24,2025-11-25,2,2025-11-26,2025-11-26,140.0,140.0,142.0,126.0,131.5,6.071428571428571,2.000000000000008,True,False,False,False,111858000.0,0.7159389583221585,2025
3443,創意,2025-11-25,2025-11-25,1,2025-11-26,2025-11-26,2180.0,2180.0,2185.0,2105.0,2170.0,0.4587155963302752,1.9999999999999958,True,False,False,False,550275000.0,0.9070010449320794,2025
3450,聯鈞,2025-11-25,2025-11-25,1,2025-11-26,2025-11-26,242.0,242.0,252.0,241.0,242.0,0.0,0.0,False,False,False,False,95546000.0,0.992862076905365,2025
3715,定穎投控,2025-11-25,2025-11-25,1,2025-11-26,2025-11-26,119.5,119.5,126.0,117.0,118.5,0.8368200836820083,2.0000000000000004,True,False,False,False,145180000.0,0.5599324975891996,2025
6191,精成科,2025-11-25,2025-11-25,1,2025-11-26,2025-11-26,127.0,127.0,131.0,124.5,127.5,-0.3937007874015747,-0.39370078740157477,False,False,False,False,136762000.0,0.522074845351779,2025
6510,精測,2025-11-24,2025-11-25,2,2025-11-26,2025-11-26,1805.0,1805.0,1815.0,1745.0,1785.0,1.10803324099723,2.0000000000000075,True,False,False,False,88020000.0,0.0,2025
8021,尖點,2025-11-25,2025-11-25,1,2025-11-26,2025-11-26,145.5,145.5,147.0,133.0,134.5,7.560137457044673,1.9999999999999976,True,False,False,False,128619000.0,0.8669053561293433,2025
8996,高力,2025-11-25,2025-11-25,1,2025-11-26,2025-11-26,525.0,525.0,530.0,499.5,502.0,4.380952380952381,2.0,True,False,False,False,152775000.0,0.2234396989036164,2025
2231,為升,2025-11-26,2025-11-26,1,2025-11-27,2025-11-27,117.0,117.0,117.5,106.0,107.5,8.11965811965812,2.0000000000000027,True,False,False,True,53648000.0,0.9578176260065612,2025
2454,聯發科,2025-11-26,2025-11-26,1,2025-11-27,2025-11-27,1360.0,1360.0,1370.0,1325.0,1340.0,1.4705882352941175,2.0000000000000036,True,False,False,False,973700000.0,0.0,2025
3163,波若威,2025-11-26,2025-11-26,1,2025-11-27,2025-11-27,288.0,288.0,296.0,282.0,289.5,-0.5208333333333333,1.999999999999997,True,False,False,False,290601500.0,1.2920838330153148,2025
8033,雷虎,2025-11-26,2025-11-26,1,2025-11-27,2025-11-27,150.5,150.5,151.5,140.0,141.5,5.980066445182724,1.9999999999999938,True,False,False,True,176218000.0,0.7540007263730153,2025
1303,南亞,2025-11-27,2025-11-27,1,2025-11-28,2025-11-28,57.8,57.8,60.9,57.2,59.0,-2.0761245674740536,-2.0761245674740536,False,False,False,False,917240200.0,0.2019754476526432,2025
2316,楠梓電,2025-11-25,2025-11-27,3,2025-11-28,2025-11-28,118.5,118.5,120.0,112.5,119.0,-0.4219409282700421,2.000000000000004,True,False,False,False,288847500.0,0.630332614961182,2025
5469,瀚宇博,2025-11-27,2025-11-27,1,2025-11-28,2025-11-28,107.0,107.0,112.5,101.5,108.0,-0.9345794392523364,2.0000000000000004,True,False,False,False,524832000.0,0.4451024327784891,2025
3105,穩懋,2025-11-28,2025-11-28,1,2025-12-01,2025-12-01,145.0,145.0,147.0,140.0,141.0,2.7586206896551726,2.000000000000004,True,False,False,False,215215000.0,0.8779127848895291,2025
4931,新盛力,2025-11-27,2025-11-28,2,2025-12-01,2025-12-01,160.5,160.5,171.5,156.0,166.5,-3.738317757009345,2.000000000000005,True,False,False,True,292943500.0,0.5740526756866086,2025
5274,信驊,2025-11-28,2025-11-28,1,2025-12-01,2025-12-01,7300.0,7300.0,7300.0,6850.0,6915.0,5.273972602739726,2.0,True,False,False,False,138985000.0,0.0,2025
6781,AES-KY,2025-11-28,2025-11-28,1,2025-12-01,2025-12-01,1435.0,1435.0,1535.0,1435.0,1500.0,-4.529616724738676,-4.529616724738676,False,False,False,False,122235000.0,0.6503865504969935,2025
8039,台虹,2025-11-27,2025-11-28,2,2025-12-01,2025-12-01,80.0,80.0,85.0,76.5,82.6,-3.2499999999999933,1.9999999999999927,True,False,False,False,434684500.0,0.2837041578432173,2025
8042,金山電,2025-11-28,2025-11-28,1,2025-12-01,2025-12-01,58.9,58.9,59.5,54.7,56.0,4.92359932088285,2.000000000000007,True,False,False,False,136536400.0,0.6906876115087259,2025
3532,台勝科,2025-12-01,2025-12-01,1,2025-12-02,2025-12-02,104.0,104.0,104.5,95.0,95.0,8.653846153846153,1.9999999999999982,True,False,False,True,42210000.0,0.945273631840796,2025
8110,華東,2025-12-01,2025-12-01,1,2025-12-02,2025-12-02,42.05,42.05,43.25,39.05,39.4,6.302021403091556,2.0000000000000027,True,False,False,False,281642200.0,1.0112923418436583,2025
5340,建榮,2025-12-02,2025-12-02,1,2025-12-03,2025-12-03,68.2,68.2,69.3,64.5,64.5,5.425219941348978,2.000000000000006,True,False,False,True,86022200.0,0.7085670908207417,2025
6163,華電網,2025-11-28,2025-12-02,3,2025-12-03,2025-12-03,43.9,43.9,48.3,42.5,46.7,-6.378132118451036,2.0000000000000004,True,False,False,False,110912500.0,1.1886315789473685,2025
6706,惠特,2025-12-03,2025-12-03,1,2025-12-04,2025-12-04,101.0,101.0,110.0,100.5,107.0,-5.9405940594059405,-5.9405940594059405,False,False,False,False,68900000.0,0.8417126269956459,2025
2359,所羅門,2025-12-04,2025-12-04,1,2025-12-05,2025-12-05,144.5,144.5,147.0,135.5,136.5,5.536332179930796,2.00000000000001,True,False,False,False,335862500.0,0.9839339015222004,2025
2605,新興,2025-12-04,2025-12-04,1,2025-12-05,2025-12-05,30.45,30.45,31.1,28.4,28.4,6.732348111658459,2.0000000000000058,True,False,False,False,291427350.00000006,0.8832019369492943,2025
2606,裕民,2025-12-04,2025-12-04,1,2025-12-05,2025-12-05,66.3,66.3,67.5,62.9,63.2,4.675716440422314,2.0000000000000115,True,False,False,False,174417599.99999997,1.2301740191356838,2025
2612,中航,2025-12-04,2025-12-04,1,2025-12-05,2025-12-05,74.1,74.1,78.6,67.3,69.5,6.207827260458832,1.9999999999999993,True,False,False,False,121747200.0,0.9710243849550544,2025
6215,和椿,2025-12-04,2025-12-04,1,2025-12-05,2025-12-05,117.0,117.0,120.5,113.0,113.5,2.9914529914529915,2.0000000000000027,True,False,False,False,63450000.0,1.0071000788022064,2025
6919,康霈*,2025-12-04,2025-12-04,1,2025-12-05,2025-12-05,184.5,184.5,188.0,166.0,167.5,9.214092140921409,1.9999999999999987,True,False,False,False,247233000.0,0.9051380681381532,2025
3167,大量,2025-12-05,2025-12-05,1,2025-12-08,2025-12-08,222.0,222.0,224.0,210.5,218.5,1.5765765765765765,1.9999999999999991,True,False,False,False,219674000.0,0.7499704106994911,2025
2337,旺宏,2025-12-08,2025-12-08,1,2025-12-09,2025-12-09,37.6,37.6,39.45,37.35,38.75,-3.0585106382978684,-3.0585106382978684,False,False,False,True,111601000.0,0.8888809240060573,2025
3491,昇達科,2025-12-08,2025-12-08,1,2025-12-09,2025-12-09,587.0,587.0,597.0,573.0,590.0,-0.5110732538330494,2.0000000000000013,True,False,False,False,108066000.0,0.7916458460570392,2025
6257,矽格,2025-12-08,2025-12-08,1,2025-12-09,2025-12-09,101.0,101.0,101.5,96.1,96.3,4.653465346534656,1.9999999999999962,True,False,False,False,99500000.0,0.9426753768844222,2025
2367,燿華,2025-12-09,2025-12-09,1,2025-12-10,2025-12-10,27.0,27.0,27.3,26.0,26.15,3.148148148148153,1.999999999999997,True,False,False,False,96493800.0,0.9214063494234864,2025
2388,威盛,2025-12-08,2025-12-09,2,2025-12-10,2025-12-10,63.2,63.2,65.6,60.8,64.9,-2.689873417721523,2.0000000000000044,True,False,False,False,213947500.0,0.9076095771158814,2025
3105,穩懋,2025-12-09,2025-12-09,1,2025-12-10,2025-12-10,167.0,167.0,176.0,165.5,173.0,-3.592814371257485,-3.592814371257485,False,False,False,False,45090000.0,0.5256376136615658,2025
4971,IET-KY,2025-12-09,2025-12-09,1,2025-12-10,2025-12-10,247.5,247.5,258.0,239.0,246.5,0.404040404040404,2.000000000000007,True,False,False,False,241326500.0,0.9836445645215092,2025
8039,台虹,2025-12-08,2025-12-09,2,2025-12-10,2025-12-10,95.5,95.5,97.3,91.8,95.7,-0.2094240837696364,1.9999999999999967,True,False,False,True,85666000.0,1.186391333784699,2025
2345,智邦,2025-12-10,2025-12-10,1,2025-12-11,2025-12-11,1120.0,1120.0,1195.0,1115.0,1135.0,-1.3392857142857142,-1.3392857142857142,False,False,False,False,772810000.0,0.0,2025
2402,毅嘉,2025-12-09,2025-12-10,2,2025-12-11,2025-12-11,68.0,68.0,68.6,62.0,62.8,7.647058823529417,1.9999999999999991,True,False,False,True,124501000.0,0.430264817150063,2025
2441,超豐,2025-12-10,2025-12-10,1,2025-12-11,2025-12-11,80.0,80.0,87.0,74.2,83.8,-4.7499999999999964,1.9999999999999927,True,False,False,True,42081600.0,-0.0,2025
6903,巨漢,2025-12-10,2025-12-10,1,2025-12-11,2025-12-11,187.5,187.5,195.0,181.0,187.0,0.2666666666666666,2.0,True,False,False,False,66976000.0,1.016304347826087,2025
8358,金居,2025-12-10,2025-12-10,1,2025-12-11,2025-12-11,288.0,288.0,292.5,273.0,276.0,4.166666666666666,1.999999999999997,True,False,False,False,313317000.0,0.6051762272714216,2025
2406,國碩,2025-12-11,2025-12-11,1,2025-12-12,2025-12-12,26.65,26.65,27.3,25.05,27.0,-1.313320825515953,2.000000000000005,True,False,False,False,52519750.0,1.080107959386707,2025
3265,台星科,2025-12-11,2025-12-11,1,2025-12-12,2025-12-12,115.5,115.5,116.0,106.0,108.0,6.493506493506493,2.000000000000002,True,False,False,False,157275000.0,0.8219742489270386,2025
6290,良維,2025-12-11,2025-12-11,1,2025-12-12,2025-12-12,190.0,190.0,192.5,182.0,183.5,3.421052631578948,2.0000000000000058,True,False,False,False,123140000.0,-0.0,2025
8110,華東,2025-12-11,2025-12-11,1,2025-12-12,2025-12-12,56.0,56.0,59.5,54.5,54.6,2.4999999999999973,2.000000000000008,True,False,False,False,332985500.0,0.9903854672350598,2025
2329,華泰,2025-12-12,2025-12-12,1,2025-12-15,2025-12-15,50.0,50.0,51.1,48.55,49.0,2.0,2.0,True,False,False,False,125519400.0,0.9435433885120548,2025
2331,精英,2025-12-11,2025-12-12,2,2025-12-15,2025-12-15,25.15,25.15,26.5,24.5,26.1,-3.777335984095439,2.000000000000001,True,False,False,False,71752950.0,0.970479959360556,2025
3060,銘異,2025-12-12,2025-12-12,1,2025-12-15,2025-12-15,32.45,32.45,33.8,31.35,31.6,2.6194144838212674,2.0000000000000027,True,False,False,False,48928500.0,0.629694349918759,2025
6209,今國光,2025-12-12,2025-12-12,1,2025-12-15,2025-12-15,65.8,65.8,66.7,61.2,62.2,5.471124620060782,2.000000000000004,True,False,False,True,62165600.0,0.6343508306844943,2025
6706,惠特,2025-12-12,2025-12-12,1,2025-12-15,2025-12-15,118.5,118.5,123.0,116.0,118.5,0.0,2.000000000000004,True,False,False,False,98355000.0,0.927710843373494,2025
2349,錸德,2025-12-10,2025-12-15,4,2025-12-16,2025-12-16,15.9,15.9,16.9,15.45,16.2,-1.886792452830182,1.9999999999999976,True,False,False,False,52638450.0,1.1925693100765695,2025
6753,龍德造船,2025-12-15,2025-12-15,1,2025-12-16,2025-12-16,134.0,134.0,137.5,129.0,129.0,3.731343283582089,2.0000000000000053,True,False,False,False,54335500.0,0.8760570897479548,2025
3138,耀登,2025-12-16,2025-12-16,1,2025-12-17,2025-12-17,110.0,110.0,115.0,103.5,107.5,2.272727272727273,2.0000000000000027,True,False,False,True,40740000.0,1.0238095238095235,2025
3576,聯合再生,2025-12-12,2025-12-16,3,2025-12-17,2025-12-17,9.1,9.1,9.35,8.3,8.38,7.912087912087899,2.000000000000004,True,False,False,False,108487080.0,0.9898846941036666,2025
6244,茂迪,2025-12-15,2025-12-16,2,2025-12-17,2025-12-17,23.45,23.45,24.15,21.0,21.2,9.594882729211088,2.0000000000000053,True,False,False,False,75958400.0,0.9693147828284954,2025
6443,元晶,2025-12-12,2025-12-16,3,2025-12-17,2025-12-18,25.55,22.6,22.9,21.55,21.6,4.424778761061947,2.0000000000000075,True,False,True,False,237776150.0,0.5564763328870453,2025
2313,華通,2025-12-17,2025-12-17,1,2025-12-18,2025-12-18,96.0,96.0,98.1,90.2,91.4,4.791666666666661,2.0000000000000018,True,False,False,False,219219000.0,0.4711361697663067,2025
4764,雙鍵,2025-12-17,2025-12-17,1,2025-12-18,2025-12-18,106.0,106.0,109.0,101.5,106.0,0.0,2.000000000000004,True,False,False,False,78690000.0,1.0358876604397,2025
6155,鈞寶,2025-12-17,2025-12-17,1,2025-12-18,2025-12-18,45.25,45.25,46.45,43.35,43.65,3.535911602209948,2.0000000000000027,True,False,False,False,76874099.99999999,0.9669830280939876,2025
6182,合晶,2025-12-17,2025-12-17,1,2025-12-18,2025-12-18,31.6,31.6,32.95,30.2,30.95,2.0569620253164627,2.0000000000000044,True,False,False,False,110376000.0,0.9491714684351672,2025
3060,銘異,2025-12-18,2025-12-18,1,2025-12-19,2025-12-19,35.05,35.05,35.2,33.1,33.55,4.27960057061341,2.0000000000000018,True,False,False,False,203164350.0,0.6925855840357817,2025
2313,華通,2025-12-22,2025-12-22,1,2025-12-23,2025-12-23,98.4,98.4,104.5,97.7,101.5,-3.150406504065035,-3.150406504065035,False,False,False,False,479026000.0,0.2142190611783076,2025
2402,毅嘉,2025-12-22,2025-12-22,1,2025-12-23,2025-12-23,62.1,62.1,65.6,60.0,64.5,-3.864734299516906,2.000000000000007,True,False,False,False,155859600.0,0.8160806264099227,2025
3105,穩懋,2025-12-22,2025-12-22,1,2025-12-23,2025-12-23,194.5,194.5,203.0,186.5,188.5,3.0848329048843186,2.0000000000000075,True,False,False,False,165406000.0,-0.0,2025
4979,華星光,2025-12-23,2025-12-23,1,2025-12-24,2025-12-24,291.5,291.5,300.5,281.0,294.5,-1.0291595197255576,1.9999999999999944,True,False,False,False,232617000.0,0.8127909826023033,2025
4991,環宇-KY,2025-12-22,2025-12-23,2,2025-12-24,2025-12-24,227.5,227.5,237.5,225.0,232.0,-1.9780219780219777,-1.9780219780219779,False,False,False,False,240649500.0,0.9544171086995816,2025
6706,惠特,2025-12-23,2025-12-23,1,2025-12-24,2025-12-24,133.0,133.0,142.0,128.5,139.5,-4.887218045112782,1.9999999999999973,True,False,False,False,155686500.0,0.8270370263317629,2025
3006,晶豪科,2025-12-24,2025-12-24,1,2025-12-26,2025-12-26,98.2,98.2,106.0,98.0,105.0,-6.924643584521382,-6.924643584521382,False,False,False,False,109510400.0,0.0,2025
3260,威剛,2025-12-24,2025-12-24,1,2025-12-26,2025-12-26,225.0,225.0,233.0,219.0,221.5,1.5555555555555556,2.0,True,False,False,False,314911500.0,0.9783907542277752,2025
2329,華泰,2025-12-26,2025-12-26,1,2025-12-29,2025-12-29,58.0,58.0,59.0,54.3,56.0,3.4482758620689653,2.000000000000006,True,False,False,False,78334400.00000001,1.2539063297861472,2025
6515,穎崴,2025-12-26,2025-12-26,1,2025-12-29,2025-12-29,2895.0,2895.0,3000.0,2760.0,2775.0,4.145077720207254,2.000000000000003,True,False,False,False,416880000.0,0.1930411629245826,2025
1528,恩德,2025-12-24,2025-12-29,3,2025-12-30,2025-12-30,22.45,22.45,23.65,21.7,23.1,-2.89532293986638,2.000000000000007,True,False,False,False,132322050.0,0.8749652835638505,2025
2009,第一銅,2025-12-26,2025-12-29,2,2025-12-30,2025-12-30,50.9,50.9,51.6,49.0,49.6,2.554027504911586,2.0000000000000013,True,False,False,True,281265600.0,0.6611203076380474,2025
2449,京元電子,2025-12-29,2025-12-29,1,2025-12-30,2025-12-30,245.0,245.0,250.5,240.5,243.5,0.6122448979591837,0.6122448979591837,False,False,False,True,466480000.0,5.452754673297891,2025
3264,欣銓,2025-12-26,2025-12-29,2,2025-12-30,2025-12-30,111.0,111.0,114.5,108.5,113.5,-2.2522522522522523,1.9999999999999991,True,False,False,True,299426000.0,0.507559463774021,2025
5475,德宏,2025-12-29,2025-12-29,1,2025-12-30,2025-12-30,100.0,100.0,100.5,96.5,97.4,2.5999999999999943,2.0,True,False,False,False,77928000.0,0.7911687711733909,2025
6234,高僑,2025-12-26,2025-12-29,2,2025-12-30,2025-12-30,30.85,30.85,31.0,29.25,30.55,0.9724473257698564,2.0000000000000027,True,False,False,False,50995050.0,0.9141926520319128,2025
8021,尖點,2025-12-29,2025-12-29,1,2025-12-30,2025-12-30,186.0,186.0,191.5,183.0,186.5,-0.2688172043010753,-0.2688172043010753,False,False,False,False,336515000.0,0.3862844152563778,2025
8027,鈦昇,2025-12-29,2025-12-29,1,2025-12-30,2025-12-30,112.0,112.0,113.0,107.0,111.0,0.8928571428571428,2.000000000000008,True,False,False,False,167328000.0,0.904833620195066,2025
1721,三晃,2025-12-29,2025-12-30,2,2025-12-31,2025-12-31,17.95,17.95,18.0,16.4,16.5,8.077994428969355,2.0000000000000098,True,False,False,False,86699400.0,0.1387379843459124,2025
3481,群創,2025-12-29,2025-12-30,2,2025-12-31,2025-12-31,16.7,16.7,17.75,16.5,17.05,-2.0958083832335417,-2.0958083832335417,False,False,False,False,60880500.0,-0.0,2025
8271,宇瞻,2025-12-30,2025-12-30,1,2025-12-31,2025-12-31,111.0,111.0,116.0,108.5,113.0,-1.8018018018018016,1.9999999999999991,True,False,False,False,64015000.0,1.059126767163946,2025
3363,上詮,2025-12-31,2025-12-31,1,2026-01-02,2026-01-02,465.0,465.0,468.5,448.0,453.5,2.4731182795698925,2.0000000000000027,True,False,False,False,116662500.0,0.6103032251151826,2026
8131,福懋科,2025-12-31,2025-12-31,1,2026-01-02,2026-01-02,66.9,66.9,67.9,64.0,66.7,0.2989536621823659,2.000000000000012,True,False,False,False,61465000.0,1.0037826405271293,2026
2344,華邦電,2026-01-02,2026-01-02,1,2026-01-05,2026-01-05,95.0,95.0,96.8,91.6,95.5,-0.5263157894736842,2.0000000000000058,True,False,False,True,246340400.0,0.0,2026
3006,晶豪科,2025-12-30,2026-01-02,3,2026-01-05,2026-01-05,141.0,141.0,142.0,134.0,139.0,1.4184397163120568,1.9999999999999951,True,False,False,False,331116000.0,1.0091810724942316,2026
3048,益登,2026-01-02,2026-01-02,1,2026-01-05,2026-01-05,48.55,48.55,49.65,44.3,44.55,8.2389289392379,2.0000000000000075,True,False,False,True,45425800.0,0.994450290363626,2026
3689,湧德,2026-01-02,2026-01-02,1,2026-01-05,2026-01-05,129.5,129.5,132.0,117.5,127.0,1.9305019305019304,2.0000000000000027,True,False,False,False,61214000.0,0.9937759336099584,2026
5234,達興材料,2026-01-02,2026-01-02,1,2026-01-05,2026-01-05,401.5,401.5,410.0,382.5,385.5,3.98505603985056,2.000000000000007,True,False,False,False,64092000.0,0.0,2026
8438,昶昕,2025-12-29,2026-01-02,4,2026-01-05,2026-01-05,46.1,46.1,50.5,46.1,49.4,-7.158351409978302,-7.158351409978302,False,False,False,False,41443650.0,0.0,2026
3131,弘塑,2026-01-05,2026-01-05,1,2026-01-06,2026-01-06,1785.0,1785.0,1820.0,1745.0,1760.0,1.400560224089636,2.0000000000000027,True,False,False,False,112960000.0,1.2308781869688386,2026
3680,家登,2026-01-05,2026-01-05,1,2026-01-06,2026-01-06,410.0,410.0,448.0,404.0,428.0,-4.390243902439024,-4.390243902439024,False,False,False,False,159120000.0,1.0463298139768729,2026
6155,鈞寶,2026-01-02,2026-01-05,2,2026-01-06,2026-01-06,51.0,51.0,51.2,48.05,49.25,3.431372549019608,2.000000000000006,True,False,False,False,79854150.0,0.9103221310351436,2026
6239,力成,2026-01-05,2026-01-05,1,2026-01-06,2026-01-06,199.0,199.0,209.0,197.5,204.0,-2.512562814070352,-2.512562814070352,False,False,False,True,625053000.0,0.7630584926398242,2026
6640,均華,2026-01-05,2026-01-05,1,2026-01-06,2026-01-06,718.0,718.0,737.0,686.0,690.0,3.899721448467967,2.0000000000000018,True,False,False,False,61748000.0,0.7375137656280365,2026
8028,昇陽半導體,2026-01-05,2026-01-05,1,2026-01-06,2026-01-06,206.5,206.5,207.5,200.0,201.0,2.663438256658596,1.999999999999998,True,False,False,False,211970000.0,0.6912723498608294,2026
8110,華東,2026-01-05,2026-01-05,1,2026-01-06,2026-01-06,69.3,69.3,75.0,67.0,73.4,-5.916305916305928,1.9999999999999938,True,False,False,False,54115000.0,1.3631525455049431,2026
2313,華通,2026-01-06,2026-01-06,1,2026-01-07,2026-01-07,103.5,103.5,112.5,99.5,110.5,-6.763285024154589,2.000000000000007,True,False,False,False,192820500.0,0.1346718839542476,2026
2408,南亞科,2026-01-06,2026-01-06,1,2026-01-07,2026-01-07,242.0,242.0,248.0,230.0,241.0,0.4132231404958678,2.0000000000000013,True,False,False,False,508184000.0,1.292771909387151,2026
6770,力積電,2026-01-06,2026-01-06,1,2026-01-07,2026-01-07,50.0,50.0,50.5,48.0,49.2,1.5999999999999943,2.0,True,False,False,True,251785750.0,1.0127801116623956,2026
8299,群聯,2026-01-06,2026-01-06,1,2026-01-07,2026-01-07,1755.0,1755.0,1755.0,1650.0,1675.0,4.558404558404559,2.0000000000000075,True,False,False,False,224485000.0,0.2760763525402588,2026
1303,南亞,2026-01-07,2026-01-07,1,2026-01-08,2026-01-08,66.2,66.2,69.5,66.0,67.0,-1.2084592145015065,-1.2084592145015063,False,False,False,False,158515000.0,0.5477841213765259,2026
1717,長興,2026-01-05,2026-01-07,3,2026-01-08,2026-01-08,55.7,55.7,57.6,51.2,51.8,7.001795332136456,2.0000000000000075,True,False,False,False,90544000.0,1.0709666018731223,2026
2303,聯電,2026-01-07,2026-01-07,1,2026-01-08,2026-01-08,57.0,57.0,58.4,52.1,52.8,7.368421052631584,2.000000000000001,True,False,False,False,660398700.0000001,1.1168453238929754,2026
2451,創見,2026-01-07,2026-01-07,1,2026-01-08,2026-01-08,245.0,245.0,261.0,242.0,257.5,-5.1020408163265305,-5.1020408163265305,False,False,False,False,153510000.0,1.4207706338349293,2026
3060,銘異,2026-01-07,2026-01-07,1,2026-01-08,2026-01-08,38.0,38.0,39.9,36.5,36.55,3.815789473684218,1.999999999999995,True,False,False,False,73427000.0,0.0,2026
6485,點序,2026-01-07,2026-01-07,1,2026-01-08,2026-01-08,102.0,102.0,112.0,100.0,107.5,-5.392156862745098,-5.392156862745098,False,False,False,False,61200000.0,1.5264297385620915,2026
2337,旺宏,2026-01-02,2026-01-08,5,2026-01-09,2026-01-09,63.3,63.3,64.0,57.0,58.3,7.898894154818326,1.9999999999999973,True,False,False,False,1418283600.0,0.6231262210181377,2026
6116,彩晶,2026-01-05,2026-01-08,4,2026-01-09,2026-01-09,11.65,11.65,11.65,10.5,10.5,9.871244635193136,2.0000000000000044,True,False,False,False,108576430.0,1.156314496617728,2026
6443,元晶,2026-01-07,2026-01-08,2,2026-01-09,2026-01-09,32.3,32.3,33.6,28.25,31.65,2.0123839009287883,2.0000000000000027,True,False,False,False,64991599.99999999,1.1088671459080868,2026
6640,均華,2026-01-08,2026-01-08,1,2026-01-09,2026-01-09,750.0,750.0,762.0,720.0,753.0,-0.4,2.0,True,False,False,False,146174000.0,0.6130159946365291,2026
8033,雷虎,2026-01-08,2026-01-08,1,2026-01-09,2026-01-09,161.5,161.5,166.0,151.0,151.0,6.5015479876161,1.9999999999999938,True,False,False,False,486436500.0,0.7698435458687825,2026
8088,品安,2026-01-08,2026-01-08,1,2026-01-09,2026-01-09,55.8,55.8,57.8,50.0,53.1,4.838709677419348,1.9999999999999993,True,False,False,False,99003000.0,0.9841974485621648,2026
3715,定穎投控,2026-01-09,2026-01-09,1,2026-01-12,2026-01-12,143.5,143.5,150.0,139.0,144.5,-0.6968641114982579,2.000000000000003,True,False,False,True,390739500.0,0.10576611783554,2026
6515,穎崴,2026-01-09,2026-01-09,1,2026-01-12,2026-01-12,3510.0,3510.0,3580.0,3425.0,3470.0,1.1396011396011396,2.0000000000000075,True,False,False,False,129130000.0,1.1823743514287928,2026
8021,尖點,2026-01-09,2026-01-09,1,2026-01-12,2026-01-12,218.5,218.5,228.0,214.0,218.0,0.2288329519450801,2.000000000000002,True,False,False,False,42453500.0,1.0526811688082254,2026
8074,鉅橡,2026-01-08,2026-01-09,2,2026-01-12,2026-01-12,57.0,57.0,59.5,55.5,56.0,1.7543859649122806,2.000000000000001,True,False,False,True,161443700.0,1.000026634672025,2026
2313,華通,2026-01-09,2026-01-12,2,2026-01-13,2026-01-13,132.0,132.0,138.0,129.0,135.0,-2.272727272727273,2.000000000000011,True,False,False,False,598164000.0,0.3295082953838746,2026
2455,全新,2026-01-12,2026-01-12,1,2026-01-13,2026-01-13,166.5,166.5,167.0,155.0,156.0,6.306306306306306,2.0000000000000075,True,False,False,False,163458000.0,0.7243695628234776,2026
3138,耀登,2026-01-08,2026-01-12,3,2026-01-13,2026-01-13,145.5,145.5,147.0,137.0,145.0,0.3436426116838488,1.9999999999999976,True,False,False,False,59154000.0,1.1422727119045204,2026
3305,昇貿,2026-01-12,2026-01-12,1,2026-01-13,2026-01-13,124.5,124.5,128.0,119.0,121.0,2.8112449799196786,2.000000000000007,True,False,False,False,59778000.0,0.8683629428886881,2026
3481,群創,2026-01-12,2026-01-12,1,2026-01-13,2026-01-13,22.25,22.25,23.45,22.1,22.65,-1.7977528089887576,-1.7977528089887576,False,False,False,False,124300000.0,3.50719670152856,2026
3693,營邦,2026-01-12,2026-01-12,1,2026-01-13,2026-01-13,381.0,381.0,394.0,361.0,366.0,3.937007874015748,2.000000000000001,True,False,False,False,53298000.0,0.6935719914443319,2026
4958,臻鼎-KY,2026-01-12,2026-01-12,1,2026-01-13,2026-01-13,165.0,165.0,174.0,162.5,164.0,0.6060606060606061,0.6060606060606061,False,False,False,False,87967500.0,1.5977264330576633,2026
5347,世界,2026-01-12,2026-01-12,1,2026-01-13,2026-01-13,118.5,118.5,122.0,114.0,117.5,0.8438818565400843,2.000000000000004,True,False,False,True,254898000.0,0.0,2026
6163,華電網,2026-01-09,2026-01-12,2,2026-01-13,2026-01-13,68.1,68.1,69.6,63.2,67.2,1.321585903083688,1.9999999999999925,True,False,False,False,228821800.0,0.7250917526214724,2026
6443,元晶,2026-01-12,2026-01-12,1,2026-01-13,2026-01-13,38.0,38.0,38.25,35.5,37.5,1.3157894736842104,1.999999999999995,True,False,False,False,67825200.0,0.4605589073087879,2026
6488,環球晶,2026-01-12,2026-01-12,1,2026-01-13,2026-01-13,483.5,483.5,488.0,459.5,476.0,1.5511892450879008,2.000000000000003,True,False,False,True,225616000.0,0.4240656691014822,2026
8996,高力,2026-01-09,2026-01-12,2,2026-01-13,2026-01-13,712.0,712.0,765.0,699.0,756.0,-6.179775280898876,-6.179775280898876,False,False,False,False,411881000.0,0.1101288964531017,2026
2404,漢唐,2026-01-13,2026-01-13,1,2026-01-14,2026-01-14,1080.0,1080.0,1170.0,1055.0,1150.0,-6.481481481481481,1.9999999999999918,True,False,False,False,236520000.0,0.0,2026
2406,國碩,2026-01-12,2026-01-13,2,2026-01-14,2026-01-14,32.1,32.1,32.4,30.05,31.85,0.778816199376947,1.9999999999999982,True,False,False,False,147155950.0,0.9731009857229694,2026
3135,凌航,2026-01-12,2026-01-13,2,2026-01-14,2026-01-14,117.5,117.5,117.5,106.0,113.0,3.829787234042553,2.000000000000007,True,False,False,False,59583500.0,0.8287697097350777,2026
6239,力成,2026-01-12,2026-01-13,2,2026-01-14,2026-01-14,245.5,245.5,253.5,241.0,251.5,-2.4439918533604885,-2.4439918533604885,False,False,False,False,60984000.0,3.9137068739341454,2026
1503,士電,2026-01-14,2026-01-14,1,2026-01-15,2026-01-15,205.5,205.5,206.0,193.5,197.0,4.13625304136253,2.0000000000000067,True,False,False,True,260370000.0,0.516768444905327,2026
1504,東元,2026-01-14,2026-01-14,1,2026-01-15,2026-01-15,92.0,92.0,92.0,85.2,85.8,6.739130434782611,2.000000000000004,True,False,False,False,81450000.0,0.9459594843462248,2026
1514,亞力,2026-01-14,2026-01-14,1,2026-01-15,2026-01-15,110.5,110.5,112.0,104.0,104.0,5.88235294117647,2.000000000000007,True,False,False,True,173925500.0,0.9662987888492488,2026
1519,華城,2026-01-14,2026-01-14,1,2026-01-15,2026-01-15,935.0,935.0,944.0,894.0,907.0,2.9946524064171123,2.000000000000005,True,False,False,False,848350000.0,1.0263688336182,2026
2349,錸德,2026-01-14,2026-01-14,1,2026-01-15,2026-01-15,16.7,16.7,17.1,15.75,16.0,4.191616766467062,1.999999999999998,True,False,False,False,54181200.00000001,1.006991354934922,2026
3152,璟德,2026-01-14,2026-01-14,1,2026-01-15,2026-01-15,181.5,181.5,181.5,166.0,170.0,6.336088154269973,1.9999999999999976,True,False,False,True,93696000.0,0.4336364412568306,2026
3236,千如,2026-01-14,2026-01-14,1,2026-01-15,2026-01-15,36.7,36.7,38.75,35.2,37.9,-3.2697547683923585,2.0000000000000044,True,False,False,True,121808700.0,1.0550880191644767,2026
6173,信昌電,2026-01-14,2026-01-14,1,2026-01-15,2026-01-15,77.1,77.1,80.4,74.0,74.2,3.761348897535657,2.000000000000002,True,False,False,True,283266800.0,0.966834800266039,2026
6182,合晶,2026-01-14,2026-01-14,1,2026-01-15,2026-01-15,40.0,40.0,40.05,36.95,39.9,0.2500000000000035,1.9999999999999927,True,False,False,True,74962800.0,-0.0,2026
6284,佳邦,2026-01-14,2026-01-14,1,2026-01-15,2026-01-15,97.4,97.4,97.7,90.4,93.3,4.209445585215614,2.0000000000000075,True,False,False,False,136538000.0,0.2022645710351697,2026
6449,鈺邦,2026-01-14,2026-01-14,1,2026-01-15,2026-01-15,191.0,191.0,200.0,182.0,184.5,3.4031413612565444,1.9999999999999967,True,False,False,False,60669000.0,0.662958018098205,2026
6485,點序,2026-01-14,2026-01-14,1,2026-01-15,2026-01-15,119.0,119.0,124.5,113.0,115.0,3.361344537815126,1.9999999999999962,True,False,False,False,106372000.0,0.0,2026
8042,金山電,2026-01-14,2026-01-14,1,2026-01-15,2026-01-15,71.4,71.4,76.5,69.5,71.0,0.5602240896358622,1.9999999999999958,True,False,False,True,204371200.0,1.015123461622773,2026
8043,蜜望實,2026-01-14,2026-01-14,1,2026-01-15,2026-01-15,101.0,101.0,108.5,99.2,100.5,0.495049504950495,0.49504950495049505,False,False,False,False,97811700.0,0.0,2026
8422,可寧衛*,2026-01-09,2026-01-14,4,2026-01-15,2026-01-15,46.9,46.9,47.05,46.75,46.75,0.3198294243070332,0.3198294243070332,False,False,False,False,168442650.0,1.590873807791554,2026
1303,南亞,2026-01-15,2026-01-15,1,2026-01-16,2026-01-16,71.8,71.8,73.8,70.6,73.8,-2.785515320334262,-2.785515320334262,False,False,False,False,256774800.00000003,-0.0,2026
1717,長興,2026-01-15,2026-01-15,1,2026-01-16,2026-01-16,69.0,69.0,70.3,65.9,67.3,2.4637681159420333,1.9999999999999933,True,False,False,True,350060699.99999994,1.0102862160762407,2026
2312,金寶,2026-01-12,2026-01-15,4,2026-01-16,2026-01-16,34.6,34.6,35.65,33.3,33.7,2.6011560693641576,2.0000000000000004,True,False,False,False,398473050.0,0.9949995363550936,2026
2485,兆赫,2026-01-12,2026-01-15,4,2026-01-16,2026-01-16,38.1,38.1,38.4,35.25,35.45,6.955380577427818,2.000000000000001,True,False,False,False,304864000.0,1.1069985304922851,2026
4989,榮科,2026-01-14,2026-01-15,2,2026-01-16,2026-01-16,68.0,68.0,68.2,63.9,65.4,3.8235294117646976,1.9999999999999991,True,False,False,False,163723000.0,0.953100053138533,2026
6155,鈞寶,2026-01-14,2026-01-15,2,2026-01-16,2026-01-16,61.0,61.0,61.2,55.0,55.6,8.852459016393441,1.9999999999999982,True,False,False,False,69102100.0,0.9993212941430144,2026
6919,康霈*,2026-01-15,2026-01-15,1,2026-01-16,2026-01-16,168.0,168.0,181.0,167.0,170.0,-1.1904761904761905,-1.1904761904761905,False,False,False,True,329505000.0,1.0127615665923126,2026
1514,亞力,2026-01-16,2026-01-16,1,2026-01-19,2026-01-19,114.5,114.5,124.0,112.0,120.0,-4.80349344978166,2.0000000000000058,True,False,False,False,97812000.0,0.9544841123788492,2026
3691,碩禾,2026-01-14,2026-01-16,3,2026-01-19,2026-01-19,113.0,113.0,124.0,112.0,121.5,-7.52212389380531,-7.52212389380531,False,False,False,False,101384000.0,-0.0,2026
4533,協易機,2026-01-14,2026-01-16,3,2026-01-19,2026-01-19,31.1,31.1,31.5,29.05,30.0,3.536977491961419,1.9999999999999998,True,False,False,True,103946700.0,1.0179255329895032,2026
5347,世界,2026-01-16,2026-01-16,1,2026-01-19,2026-01-19,142.5,142.5,145.0,137.5,139.0,2.456140350877193,1.9999999999999958,True,False,False,False,157356000.0,2.812577848953964,2026
5452,佶優,2026-01-15,2026-01-16,2,2026-01-19,2026-01-19,36.3,36.3,37.7,36.25,37.0,-1.9283746556473909,-1.9283746556473909,False,False,False,False,112102050.0,0.7145721242385843,2026
6446,藥華藥,2026-01-16,2026-01-16,1,2026-01-19,2026-01-19,600.0,600.0,612.0,572.0,577.0,3.833333333333333,2.0,True,False,False,False,142054000.0,0.3736888788770467,2026
8150,南茂,2026-01-16,2026-01-16,1,2026-01-19,2026-01-19,71.1,71.1,73.9,69.1,70.8,0.4219409282700382,1.9999999999999958,True,False,False,True,328345000.0,1.0915031445583152,2026
1815,富喬,2026-01-19,2026-01-19,1,2026-01-20,2026-01-20,109.0,109.0,117.5,105.5,109.0,0.0,2.000000000000006,True,False,False,False,731181500.0,0.9828435210682984,2026
2329,華泰,2026-01-19,2026-01-19,1,2026-01-20,2026-01-20,66.0,66.0,70.7,62.4,69.9,-5.909090909090918,2.000000000000011,True,False,False,False,79356000.0,1.3045251776803268,2026
2331,精英,2026-01-19,2026-01-19,1,2026-01-20,2026-01-20,29.55,29.55,29.8,28.3,28.55,3.3840947546531304,2.0000000000000036,True,False,False,False,154062800.0,0.938059674366557,2026
2369,菱生,2026-01-19,2026-01-19,1,2026-01-20,2026-01-20,30.95,30.95,33.7,30.45,32.35,-4.52342487883684,-4.52342487883684,False,False,False,False,66604399.99999999,1.0384343977274777,2026
2409,友達,2026-01-19,2026-01-19,1,2026-01-20,2026-01-20,17.25,17.25,17.5,16.5,16.6,3.768115942028978,1.9999999999999933,True,False,False,False,112728750.0,2.7508918532317628,2026
2492,華新科,2026-01-19,2026-01-19,1,2026-01-20,2026-01-20,146.0,146.0,148.5,141.5,148.0,-1.36986301369863,2.0000000000000107,True,False,False,False,412544000.0,0.3867320819112628,2026
3037,欣興,2026-01-16,2026-01-19,2,2026-01-20,2026-01-20,297.0,297.0,318.0,295.5,308.0,-3.7037037037037033,-3.7037037037037033,False,False,False,False,1117135000.0,0.4596006749408084,2026
3135,凌航,2026-01-16,2026-01-19,2,2026-01-20,2026-01-20,124.0,124.0,136.5,123.0,134.0,-8.064516129032258,-8.064516129032258,False,False,False,False,152134000.0,0.9468626342566422,2026
3189,景碩,2026-01-16,2026-01-19,2,2026-01-20,2026-01-20,209.5,209.5,220.5,202.0,206.5,1.431980906921241,1.9999999999999991,True,False,False,False,424462500.0,0.7482333539476397,2026
3535,晶彩科,2026-01-19,2026-01-19,1,2026-01-20,2026-01-20,108.0,108.0,117.0,104.5,115.5,-6.944444444444445,1.999999999999997,True,False,False,False,137172000.0,0.0,2026
4973,廣穎電通,2026-01-16,2026-01-19,2,2026-01-20,2026-01-20,54.5,54.5,57.0,53.8,55.9,-2.5688073394495388,-2.5688073394495388,False,False,False,False,88404000.0,0.7670094113388535,2026
6275,元山,2026-01-19,2026-01-19,1,2026-01-20,2026-01-20,61.6,61.6,61.9,59.2,59.4,3.571428571428576,1.9999999999999991,True,False,False,False,53564799.99999999,0.9758647469980288,2026
6415,矽力*-KY,2026-01-19,2026-01-19,1,2026-01-20,2026-01-20,240.0,240.0,257.5,238.0,252.0,-5.0,-5.0,False,False,False,False,135468000.0,0.0,2026
6873,泓德能源,2026-01-16,2026-01-19,2,2026-01-20,2026-01-20,124.0,124.0,124.0,117.5,120.5,2.82258064516129,2.000000000000003,True,False,False,False,59148000.0,0.9799232433894636,2026
8046,南電,2026-01-16,2026-01-19,2,2026-01-20,2026-01-20,312.0,312.0,349.5,311.5,341.5,-9.455128205128204,-9.455128205128204,False,False,False,False,666567000.0,0.6506547728885468,2026
8088,品安,2026-01-15,2026-01-19,3,2026-01-20,2026-01-20,66.3,66.3,71.3,66.3,68.6,-3.469079939668171,-3.469079939668171,False,False,False,False,80139500.0,1.2711708957505348,2026
8110,華東,2026-01-19,2026-01-19,1,2026-01-20,2026-01-20,83.0,83.0,88.0,81.0,85.0,-2.409638554216868,1.9999999999999958,True,False,False,True,268576000.0,0.9697068986059812,2026
8131,福懋科,2026-01-19,2026-01-19,1,2026-01-20,2026-01-20,73.9,73.9,75.1,69.0,73.2,0.9472259810554842,1.9999999999999925,True,False,False,True,110168800.0,0.7734022699711716,2026
1513,中興電,2026-01-20,2026-01-20,1,2026-01-21,2026-01-21,177.0,177.0,187.5,175.0,177.5,-0.2824858757062147,-0.2824858757062147,False,False,False,True,413010000.0,0.5905062831408441,2026
2481,強茂,2026-01-20,2026-01-20,1,2026-01-21,2026-01-21,97.2,97.2,98.3,91.8,93.7,3.6008230452674894,2.0000000000000027,True,False,False,False,326960000.0,0.8967069366283338,2026
5340,建榮,2026-01-15,2026-01-20,4,2026-01-21,2026-01-21,104.0,104.0,107.5,99.3,102.0,1.9230769230769231,1.9999999999999982,True,False,False,True,79975800.0,1.0828025477707006,2026
6217,中探針,2026-01-19,2026-01-20,2,2026-01-21,2026-01-21,63.3,63.3,66.6,60.1,61.0,3.633491311216425,1.9999999999999973,True,False,False,False,62013600.0,0.9403743694931436,2026
6282,康舒,2026-01-20,2026-01-20,1,2026-01-21,2026-01-21,65.0,65.0,65.9,60.4,61.1,5.999999999999997,2.0000000000000067,True,False,False,False,200459600.0,1.130196807735823,2026
6285,啟碁,2026-01-19,2026-01-20,2,2026-01-21,2026-01-21,134.0,134.0,137.0,128.0,128.5,4.104477611940299,2.0000000000000053,True,False,False,False,194090000.0,0.918944819413674,2026
6443,元晶,2026-01-20,2026-01-20,1,2026-01-21,2026-01-21,42.3,42.3,43.6,39.55,39.8,5.91016548463357,2.000000000000009,True,False,False,False,331663199.99999994,0.9628900643785624,2026
1514,亞力,2026-01-21,2026-01-21,1,2026-01-22,2026-01-22,143.5,143.5,145.0,138.0,140.5,2.0905923344947737,2.000000000000003,True,False,False,True,192091500.0,1.4811300864431791,2026
2363,矽統,2026-01-21,2026-01-21,1,2026-01-22,2026-01-22,59.3,59.3,60.4,53.9,55.1,7.082630691399657,2.0,True,False,False,True,221113400.0,0.956404270387955,2026
2457,飛宏,2026-01-20,2026-01-21,2,2026-01-22,2026-01-22,39.55,39.55,40.6,37.0,38.55,2.528445006321113,2.00000000000001,True,False,False,False,409493000.0,0.2187832270637104,2026
6753,龍德造船,2026-01-20,2026-01-21,2,2026-01-22,2026-01-22,163.0,163.0,164.5,152.0,152.5,6.441717791411043,1.9999999999999944,True,False,False,False,88493500.0,0.887494561747473,2026
1503,士電,2026-01-22,2026-01-22,1,2026-01-23,2026-01-23,239.0,239.0,246.0,224.0,226.0,5.439330543933055,2.0000000000000004,True,False,False,False,56406000.0,-0.0,2026
2301,光寶科,2026-01-22,2026-01-22,1,2026-01-23,2026-01-23,182.5,182.5,184.5,171.0,172.0,5.753424657534247,2.000000000000003,True,False,False,True,363204000.0,0.3329148357396945,2026
2308,台達電,2026-01-22,2026-01-22,1,2026-01-23,2026-01-23,1280.0,1280.0,1285.0,1245.0,1260.0,1.5625,1.9999999999999927,True,False,False,False,298800000.0,-0.0,2026
2356,英業達,2026-01-22,2026-01-22,1,2026-01-23,2026-01-23,54.5,54.5,55.0,47.8,48.0,11.926605504587156,2.000000000000006,True,False,False,False,78131200.0,1.5524655963302751,2026
2492,華新科,2026-01-22,2026-01-22,1,2026-01-23,2026-01-23,163.5,163.5,165.5,148.0,153.5,6.116207951070336,2.000000000000006,True,False,False,True,467617500.0,0.0669649874095815,2026
3234,光環,2026-01-21,2026-01-22,2,2026-01-23,2026-01-23,56.5,56.5,57.0,50.6,52.9,6.371681415929206,2.0000000000000044,True,False,False,False,53144000.0,0.2259577751016107,2026
3533,嘉澤,2026-01-22,2026-01-22,1,2026-01-23,2026-01-23,1490.0,1490.0,1515.0,1435.0,1450.0,2.684563758389262,1.999999999999997,True,False,False,False,55480000.0,0.0,2026
3624,光頡,2026-01-22,2026-01-22,1,2026-01-23,2026-01-23,68.2,68.2,69.0,61.6,62.0,9.090909090909095,2.000000000000006,True,False,False,False,204895600.0,0.9198831014428812,2026
4939,亞電,2026-01-22,2026-01-22,1,2026-01-23,2026-01-23,54.0,54.0,54.9,46.2,46.2,14.44444444444444,1.999999999999997,True,False,False,True,66741300.0,0.8908936445649096,2026
7780,大研生醫*,2026-01-20,2026-01-22,3,2026-01-23,2026-01-23,27.7,27.7,29.4,27.4,28.85,-4.15162454873647,-4.15162454873647,False,False,False,False,65718000.0,1.0944193371678992,2026
2313,華通,2026-01-23,2026-01-23,1,2026-01-26,2026-01-26,174.0,174.0,182.0,173.5,177.0,-1.7241379310344829,-1.7241379310344827,False,False,False,False,546516000.0,1.3897250949651978,2026
2453,凌群,2026-01-23,2026-01-23,1,2026-01-26,2026-01-26,64.5,64.5,64.7,59.0,59.4,7.906976744186049,1.9999999999999987,True,False,False,True,70531200.0,0.9432421396488364,2026
2454,聯發科,2026-01-23,2026-01-23,1,2026-01-26,2026-01-26,1740.0,1740.0,1790.0,1720.0,1770.0,-1.7241379310344829,-1.7241379310344827,False,False,False,False,1185010000.0,0.0,2026
3491,昇達科,2026-01-23,2026-01-23,1,2026-01-26,2026-01-26,1125.0,1125.0,1185.0,1100.0,1120.0,0.4444444444444444,2.0,True,False,False,False,110160000.0,0.3050108932461873,2026
5269,祥碩,2026-01-23,2026-01-23,1,2026-01-26,2026-01-26,1350.0,1350.0,1420.0,1340.0,1375.0,-1.851851851851852,-1.8518518518518516,False,False,False,False,113400000.0,0.0,2026
6271,同欣電,2026-01-23,2026-01-23,1,2026-01-26,2026-01-26,159.0,159.0,162.5,151.0,152.5,4.088050314465408,2.000000000000004,True,False,False,False,40851000.0,1.72094930356662,2026
6285,啟碁,2026-01-22,2026-01-23,2,2026-01-26,2026-01-26,157.0,157.0,166.0,152.5,157.5,-0.3184713375796179,2.0000000000000093,True,False,False,False,334606000.0,0.853854981679946,2026
6526,達發,2026-01-23,2026-01-23,1,2026-01-26,2026-01-26,469.5,469.5,500.0,462.0,482.0,-2.6624068157614484,-2.6624068157614484,False,False,False,False,97393500.0,1.0491870607381395,2026
6869,雲豹能源,2026-01-23,2026-01-23,1,2026-01-26,2026-01-26,122.5,122.5,123.5,116.0,120.0,2.0408163265306123,2.0000000000000027,True,False,False,False,51684000.0,1.0123055491061064,2026
1301,台塑,2026-01-26,2026-01-26,1,2026-01-27,2026-01-27,51.2,51.2,52.1,48.85,51.0,0.3906250000000055,2.0000000000000018,True,False,False,False,688568000.0,0.8526565277503456,2026
1326,台化,2026-01-26,2026-01-26,1,2026-01-27,2026-01-27,40.95,40.95,41.95,39.0,40.55,0.9768009768009908,2.000000000000006,True,False,False,True,260692350.0,0.7072737270579669,2026
2337,旺宏,2026-01-26,2026-01-26,1,2026-01-27,2026-01-27,76.9,76.9,80.9,73.0,76.2,0.910273081924581,1.9999999999999956,True,False,False,False,786841200.0000001,0.1383885337981793,2026
2344,華邦電,2026-01-26,2026-01-26,1,2026-01-27,2026-01-27,113.5,113.5,120.5,110.0,115.5,-1.762114537444934,1.9999999999999967,True,False,False,True,81021000.0,-0.0,2026
2367,燿華,2026-01-23,2026-01-26,2,2026-01-27,2026-01-27,51.6,51.6,52.0,49.2,50.1,2.9069767441860463,2.000000000000007,True,False,False,False,375339100.0,1.1295018291459642,2026
3260,威剛,2026-01-26,2026-01-26,1,2026-01-27,2026-01-27,350.0,350.0,360.0,343.5,356.0,-1.7142857142857144,-1.7142857142857144,False,False,False,False,281237000.0,0.5835505285577645,2026
3715,定穎投控,2026-01-26,2026-01-26,1,2026-01-27,2026-01-27,157.5,157.5,157.5,148.0,149.0,5.396825396825397,2.0000000000000036,True,False,False,False,370245500.0,0.6523482392088492,2026
6125,廣運,2026-01-26,2026-01-26,1,2026-01-27,2026-01-27,76.1,76.1,76.8,72.1,72.9,4.204993429697752,2.000000000000007,True,False,False,False,73342200.0,0.9601757242078914,2026
6190,萬泰科,2026-01-26,2026-01-26,1,2026-01-27,2026-01-27,59.1,59.1,59.5,51.8,52.5,11.167512690355332,2.0000000000000036,True,False,False,True,85691400.0,0.9722971033265884,2026
6446,藥華藥,2026-01-26,2026-01-26,1,2026-01-27,2026-01-27,677.0,677.0,726.0,677.0,722.0,-6.646971935007386,-6.646971935007386,False,False,False,False,135960000.0,-0.0,2026
6505,台塑化,2026-01-26,2026-01-26,1,2026-01-27,2026-01-27,53.8,53.8,54.3,50.9,51.6,4.089219330855011,2.000000000000001,True,False,False,False,56115000.0,0.9967816091954024,2026
6510,精測,2026-01-26,2026-01-26,1,2026-01-27,2026-01-27,3210.0,3210.0,3320.0,3190.0,3280.0,-2.1806853582554515,-2.1806853582554515,False,False,False,False,144900000.0,0.0679089026915113,2026
8131,福懋科,2026-01-23,2026-01-26,2,2026-01-27,2026-01-27,85.3,85.3,85.4,79.6,81.1,4.923798358733884,2.0000000000000036,True,False,False,False,156995600.0,0.8471829783764641,2026
2303,聯電,2026-01-27,2026-01-27,1,2026-01-28,2026-01-28,79.6,79.6,79.7,75.3,75.9,4.648241206030137,1.9999999999999987,True,False,False,True,1802815800.0,-0.0,2026
2419,仲琦,2026-01-27,2026-01-27,1,2026-01-28,2026-01-28,35.2,35.2,35.9,32.15,32.35,8.096590909090914,2.0000000000000018,True,False,False,False,97361650.0,0.944965497195251,2026
2486,一詮,2026-01-23,2026-01-27,3,2026-01-28,2026-01-28,127.5,127.5,132.0,121.5,131.0,-2.7450980392156863,1.9999999999999976,True,False,False,False,318172500.0,0.4961302438142831,2026
3189,景碩,2026-01-27,2026-01-27,1,2026-01-28,2026-01-28,228.5,228.5,249.5,227.0,243.5,-6.564551422319474,-6.564551422319474,False,False,False,True,837452500.0,0.86734531212218,2026
4967,十銓,2026-01-26,2026-01-27,2,2026-01-28,2026-01-28,253.5,253.5,265.5,249.5,256.5,-1.183431952662722,-1.183431952662722,False,False,False,False,49594500.0,1.3395336176390529,2026
4971,IET-KY,2026-01-27,2026-01-27,1,2026-01-28,2026-01-28,375.0,375.0,395.0,373.0,388.0,-3.4666666666666663,-3.4666666666666663,False,False,False,False,52635000.0,0.980412273202242,2026
5347,世界,2026-01-27,2026-01-27,1,2026-01-28,2026-01-28,165.0,165.0,171.0,161.0,163.0,1.2121212121212122,2.000000000000007,True,False,False,True,318362000.0,1.6455544317475077,2026
5498,凱崴,2026-01-27,2026-01-27,1,2026-01-28,2026-01-28,68.7,68.7,69.6,64.7,65.1,5.240174672489095,1.9999999999999931,True,False,False,False,199813700.0,0.96242349748791,2026
6415,矽力*-KY,2026-01-27,2026-01-27,1,2026-01-28,2026-01-28,305.0,305.0,312.0,282.0,287.5,5.737704918032787,2.000000000000007,True,False,False,False,145475000.0,0.0,2026
1503,士電,2026-01-28,2026-01-28,1,2026-01-29,2026-01-29,247.0,247.0,252.0,233.5,241.5,2.2267206477732797,1.9999999999999991,True,False,False,False,51660000.0,0.331910569105691,2026
1717,長興,2026-01-28,2026-01-28,1,2026-01-29,2026-01-29,70.1,70.1,70.6,62.5,62.5,10.841654778887296,2.0000000000000018,True,False,False,False,67838400.0,0.8208846317130121,2026
1732,毛寶,2026-01-27,2026-01-28,2,2026-01-29,2026-01-29,32.95,32.95,33.0,30.1,30.1,8.649468892261005,1.9999999999999967,True,False,False,False,70206800.0,0.1890714289783895,2026
2344,華邦電,2026-01-28,2026-01-28,1,2026-01-29,2026-01-29,133.0,133.0,136.0,124.0,130.0,2.255639097744361,1.9999999999999973,True,False,False,False,804291000.0,0.7152262054405681,2026
3163,波若威,2026-01-27,2026-01-28,2,2026-01-29,2026-01-29,476.0,476.0,495.0,464.5,472.5,0.7352941176470588,1.9999999999999962,True,False,False,False,540270000.0,0.9357821089455272,2026
3529,力旺,2026-01-27,2026-01-28,2,2026-01-29,2026-01-29,1990.0,1990.0,1990.0,1885.0,1905.0,4.271356783919598,1.9999999999999976,True,False,False,False,441545000.0,0.0474583564529096,2026
4977,眾達-KY,2026-01-28,2026-01-28,1,2026-01-29,2026-01-29,141.0,141.0,144.5,135.5,136.5,3.191489361702128,1.9999999999999951,True,False,False,False,151938000.0,0.9864352564861985,2026
4979,華星光,2026-01-28,2026-01-28,1,2026-01-29,2026-01-29,330.0,330.0,339.0,312.0,334.5,-1.3636363636363635,2.000000000000007,True,False,False,True,487186000.0,0.5417243106328999,2026
6770,力積電,2026-01-28,2026-01-28,1,2026-01-29,2026-01-29,67.0,67.0,69.5,63.3,65.1,2.8358208955223967,2.0000000000000053,True,False,False,False,954774600.0,1.0007993509672333,2026
8096,擎亞,2026-01-26,2026-01-28,3,2026-01-29,2026-01-29,66.1,66.1,70.6,65.6,69.4,-4.992435703479594,-4.992435703479594,False,False,False,False,71583000.0,0.7154939021834794,2026
2337,旺宏,2026-01-28,2026-01-29,2,2026-01-30,2026-01-30,93.9,93.9,95.5,90.5,92.8,1.1714589989350463,2.0,True,False,False,False,391256300.0,1.770109260860464,2026
3081,聯亞,2026-01-28,2026-01-29,2,2026-01-30,2026-01-30,972.0,972.0,1000.0,959.0,1000.0,-2.880658436213992,-2.880658436213992,False,False,False,False,611820000.0,0.0343238207315877,2026
6442,光聖,2026-01-27,2026-01-29,3,2026-01-30,2026-01-30,1755.0,1755.0,1845.0,1705.0,1785.0,-1.7094017094017095,2.0000000000000075,True,False,False,False,147130000.0,0.9705702440019032,2026
6753,龍德造船,2026-01-29,2026-01-29,1,2026-01-30,2026-01-30,152.5,152.5,153.5,145.0,145.5,4.590163934426229,2.000000000000007,True,False,False,False,106155000.0,0.9525929065988412,2026
1590,亞德客-KY,2026-01-30,2026-01-30,1,2026-02-02,2026-02-02,1135.0,1135.0,1195.0,1130.0,1170.0,-3.0837004405286343,-3.0837004405286343,False,False,False,False,51300000.0,2.280701754385965,2026
2408,南亞科,2026-01-30,2026-01-30,1,2026-02-02,2026-02-02,310.0,310.0,310.0,294.0,294.0,5.161290322580645,1.9999999999999962,True,False,False,False,674549000.0,0.7618601465571812,2026
3037,欣興,2026-01-30,2026-01-30,1,2026-02-02,2026-02-02,375.0,375.0,377.0,355.0,365.0,2.666666666666667,2.0,True,False,False,True,872064000.0,0.0,2026
3189,景碩,2026-01-30,2026-01-30,1,2026-02-02,2026-02-02,245.0,245.0,251.0,230.5,239.5,2.2448979591836733,2.0000000000000027,True,False,False,False,773640000.0,0.7110949537252469,2026
4958,臻鼎-KY,2026-01-30,2026-01-30,1,2026-02-02,2026-02-02,195.5,195.5,197.5,176.5,183.5,6.138107416879795,1.9999999999999982,True,False,False,False,637134500.0,1.095007412092737,2026
8096,擎亞,2026-01-30,2026-01-30,1,2026-02-02,2026-02-02,76.7,76.7,77.7,71.6,73.2,4.563233376792699,2.0000000000000075,True,False,False,False,218828400.0,0.5700027967119442,2026
1815,富喬,2026-02-03,2026-02-03,1,2026-02-04,2026-02-04,96.9,96.9,99.3,92.4,97.0,-0.1031991744065988,2.0000000000000027,True,False,False,False,168432000.0,1.1235810297330673,2026
3017,奇鋐,2026-02-03,2026-02-03,1,2026-02-04,2026-02-04,1645.0,1645.0,1710.0,1625.0,1675.0,-1.82370820668693,-1.82370820668693,False,False,False,False,1126515000.0,0.4088938007927102,2026
6515,穎崴,2026-02-03,2026-02-03,1,2026-02-04,2026-02-04,4500.0,4500.0,4700.0,4475.0,4555.0,-1.2222222222222223,-1.2222222222222223,False,False,False,False,125020000.0,-0.0,2026
6683,雍智科技,2026-01-30,2026-02-03,3,2026-02-04,2026-02-04,690.0,690.0,754.0,690.0,754.0,-9.27536231884058,-9.27536231884058,False,False,False,False,72654000.0,0.9962837558840532,2026
1711,永光,2026-02-04,2026-02-04,1,2026-02-05,2026-02-05,23.5,23.5,24.35,23.1,23.1,1.702127659574462,1.7021276595744619,False,False,False,False,56236700.0,0.9681702518106504,2026
2367,燿華,2026-02-03,2026-02-04,2,2026-02-05,2026-02-05,60.8,60.8,62.3,57.0,57.6,5.263157894736835,2.0000000000000018,True,False,False,False,244182400.0,1.0558402243568743,2026
2383,台光電,2026-02-04,2026-02-04,1,2026-02-05,2026-02-05,1980.0,1980.0,2035.0,1905.0,1950.0,1.5151515151515151,2.000000000000007,True,False,False,False,208080000.0,1.1995386389850058,2026
2409,友達,2026-02-04,2026-02-04,1,2026-02-05,2026-02-05,15.95,15.95,16.4,15.25,15.6,2.194357366771158,2.0000000000000053,True,False,False,True,194874450.0,1.0117714251406482,2026
3189,景碩,2026-02-04,2026-02-04,1,2026-02-05,2026-02-05,272.0,272.0,274.5,258.0,263.5,3.125,1.9999999999999991,True,False,False,False,58969000.0,-0.0,2026
3481,群創,2026-02-04,2026-02-04,1,2026-02-05,2026-02-05,23.25,23.25,23.8,21.7,21.8,6.236559139784943,1.9999999999999993,True,False,False,True,267950000.0,0.861667475275238,2026
3693,營邦,2026-02-04,2026-02-04,1,2026-02-05,2026-02-05,424.5,424.5,446.5,418.0,433.0,-2.0023557126030624,-2.0023557126030624,False,False,False,False,168553000.0,0.901692642670258,2026
3715,定穎投控,2026-02-04,2026-02-04,1,2026-02-05,2026-02-05,155.5,155.5,161.5,150.5,151.0,2.893890675241157,2.000000000000009,True,False,False,False,82845000.0,0.9569074778200254,2026
6451,訊芯-KY,2026-02-03,2026-02-04,2,2026-02-05,2026-02-05,205.5,205.5,222.0,196.5,198.0,3.64963503649635,2.0000000000000067,True,False,False,False,250215000.0,0.6401774473952401,2026
6770,力積電,2026-02-04,2026-02-04,1,2026-02-05,2026-02-05,63.0,63.0,64.7,61.5,62.8,0.317460317460322,1.999999999999997,True,False,False,True,701854399.9999999,0.1105938781604845,2026
2406,國碩,2026-02-05,2026-02-05,1,2026-02-06,2026-02-06,33.35,33.35,33.45,29.4,29.4,11.8440779610195,2.0000000000000044,True,False,False,True,157307699.99999997,0.97783388861448,2026
3234,光環,2026-02-04,2026-02-05,2,2026-02-06,2026-02-06,65.8,65.8,65.8,60.0,64.7,1.6717325227963442,2.000000000000004,True,False,False,False,113153400.0,0.5757926849745567,2026
3535,晶彩科,2026-02-05,2026-02-05,1,2026-02-06,2026-02-06,107.0,107.0,111.5,102.5,107.0,0.0,2.0000000000000004,True,False,False,False,62675000.0,0.5241164738731552,2026
3576,聯合再生,2026-02-03,2026-02-05,3,2026-02-06,2026-02-06,15.55,15.55,16.05,14.2,15.9,-2.250803858520898,1.9999999999999998,True,False,False,True,103256100.0,1.4667172205806729,2026
6244,茂迪,2026-02-03,2026-02-05,3,2026-02-06,2026-02-06,29.0,29.0,29.0,26.65,26.65,8.103448275862075,2.000000000000006,True,False,False,False,163608250.0,1.0372777656383465,2026
6830,汎銓,2026-02-04,2026-02-05,2,2026-02-06,2026-02-06,224.5,224.5,227.0,205.0,205.0,8.68596881959911,2.000000000000004,True,False,False,False,380283000.0,0.9277432859212744,2026
2337,旺宏,2026-02-09,2026-02-09,1,2026-02-10,2026-02-10,91.5,91.5,95.3,89.3,89.6,2.0765027322404435,1.9999999999999982,True,False,False,False,396048000.0,0.7823213347877025,2026
2344,華邦電,2026-02-09,2026-02-09,1,2026-02-10,2026-02-10,108.0,108.0,109.0,102.5,103.5,4.166666666666666,1.999999999999997,True,False,False,False,203497500.0,1.2013267976265063,2026
3163,波若威,2026-02-09,2026-02-09,1,2026-02-10,2026-02-10,560.0,560.0,590.0,540.0,567.0,-1.25,2.000000000000008,True,False,False,False,176673000.0,1.251634375371449,2026
3167,大量,2026-02-06,2026-02-09,2,2026-02-10,2026-02-10,261.0,261.0,276.5,260.0,275.5,-5.555555555555555,-5.555555555555555,False,False,False,False,123895000.0,0.5981637677065257,2026
6584,南俊國際,2026-02-09,2026-02-09,1,2026-02-10,2026-02-10,380.0,380.0,412.0,379.5,407.5,-7.236842105263158,-7.236842105263158,False,False,False,False,73892000.0,0.347432739674119,2026
2455,全新,2026-02-10,2026-02-10,1,2026-02-11,2026-02-11,194.0,194.0,194.0,177.5,180.0,7.216494845360824,1.9999999999999976,True,False,False,False,326800000.0,0.2781517747858017,2026
3665,貿聯-KY,2026-02-10,2026-02-10,1,2026-02-11,2026-02-11,1390.0,1390.0,1460.0,1355.0,1365.0,1.7985611510791366,1.9999999999999967,True,False,False,False,393300000.0,4.050228832951945,2026
2337,旺宏,2026-02-11,2026-02-11,1,2026-02-23,2026-02-23,106.0,106.0,108.0,103.0,103.5,2.358490566037736,2.000000000000004,True,False,False,False,793713000.0,0.6869460371696067,2026
1815,富喬,2026-02-11,2026-02-23,2,2026-02-24,2026-02-24,111.0,111.0,116.0,110.5,115.5,-4.054054054054054,-4.054054054054054,False,False,False,False,1073670000.0,1.0567087652630696,2026
2327,國巨*,2026-02-23,2026-02-23,1,2026-02-24,2026-02-24,287.0,287.0,304.0,285.5,301.0,-4.878048780487805,-4.878048780487805,False,False,False,False,189449500.0,-0.0,2026
2360,致茂,2026-02-23,2026-02-23,1,2026-02-24,2026-02-24,1210.0,1210.0,1270.0,1195.0,1225.0,-1.2396694214876034,-1.2396694214876034,False,False,False,False,136290000.0,0.0,2026
3529,力旺,2026-02-11,2026-02-23,2,2026-02-24,2026-02-24,2370.0,2370.0,2390.0,2240.0,2385.0,-0.6329113924050633,2.000000000000004,True,False,False,False,751110000.0,0.0,2026
4958,臻鼎-KY,2026-02-23,2026-02-23,1,2026-02-24,2026-02-24,200.5,200.5,214.0,200.0,211.5,-5.486284289276807,-5.486284289276807,False,False,False,False,58454500.0,1.1469690100847667,2026
1711,永光,2026-02-23,2026-02-24,2,2026-02-25,2026-02-25,29.05,29.05,29.2,25.8,26.8,7.74526678141136,1.9999999999999982,True,False,False,False,63540200.0,1.0021498201138808,2026
1802,台玻,2026-02-11,2026-02-24,3,2026-02-25,2026-02-25,59.4,59.4,62.0,56.1,61.3,-3.1986531986531967,2.000000000000004,True,False,False,False,672084849.9999999,1.2606869504646625,2026
2313,華通,2026-02-23,2026-02-24,2,2026-02-25,2026-02-25,227.5,227.5,231.0,206.5,209.5,7.912087912087911,2.000000000000005,True,False,False,False,812825000.0,-0.0,2026
2337,旺宏,2026-02-24,2026-02-24,1,2026-02-25,2026-02-25,114.5,114.5,117.5,105.5,108.0,5.676855895196507,2.0000000000000058,True,False,False,False,1634854000.0,0.6647712884453291,2026
2367,燿華,2026-02-24,2026-02-24,1,2026-02-25,2026-02-25,63.7,63.7,66.1,57.8,58.7,7.849293563579278,2.0000000000000013,True,False,False,True,598352400.0,0.9147097930918302,2026
2492,華新科,2026-02-23,2026-02-24,2,2026-02-25,2026-02-25,153.0,153.0,159.5,151.0,156.0,-1.96078431372549,-1.9607843137254901,False,False,False,False,262016500.0,-0.0,2026
3037,欣興,2026-02-23,2026-02-24,2,2026-02-25,2026-02-25,454.5,454.5,463.0,438.0,458.5,-0.88008800880088,2.000000000000007,True,False,False,True,1325765500.0,0.2887746739525202,2026
3189,景碩,2026-02-23,2026-02-24,2,2026-02-25,2026-02-25,327.0,327.0,332.5,312.5,325.5,0.4587155963302752,2.000000000000006,True,False,False,False,1335487000.0,0.374858759388897,2026
3363,上詮,2026-02-23,2026-02-24,2,2026-02-25,2026-02-25,573.0,573.0,596.0,557.0,595.0,-3.8394415357766154,2.000000000000006,True,False,False,True,823367000.0,0.3996213110314112,2026
4919,新唐,2026-02-23,2026-02-24,2,2026-02-25,2026-02-25,76.4,76.4,79.0,70.5,70.7,7.460732984293197,2.000000000000007,True,False,False,True,149590800.00000003,0.9183058049024404,2026
4979,華星光,2026-02-23,2026-02-24,2,2026-02-25,2026-02-25,410.0,410.0,422.0,392.0,405.0,1.2195121951219512,1.9999999999999973,True,False,False,False,266136500.0,0.829367636532381,2026
6127,九豪,2026-02-23,2026-02-24,2,2026-02-25,2026-02-25,39.9,39.9,40.35,37.45,38.3,4.010025062656646,2.0000000000000044,True,False,False,False,73878300.0,0.9875904020531062,2026
6244,茂迪,2026-02-23,2026-02-24,2,2026-02-25,2026-02-25,32.2,32.2,33.9,31.55,33.0,-2.484472049689432,2.0000000000000058,True,False,False,False,70670400.0,1.0030224818311486,2026
6770,力積電,2026-02-24,2026-02-24,1,2026-02-25,2026-02-25,74.7,74.7,77.0,72.6,76.8,-2.811244979919671,1.9999999999999998,True,False,False,True,1164165200.0,0.6883971450100037,2026
8358,金居,2026-02-24,2026-02-24,1,2026-02-25,2026-02-25,308.0,308.0,318.5,283.0,292.0,5.194805194805195,2.000000000000008,True,False,False,False,748245000.0,0.2419528363036171,2026
1326,台化,2026-02-25,2026-02-25,1,2026-02-26,2026-02-26,49.2,49.2,52.0,48.5,51.0,-3.658536585365848,-3.658536585365848,False,False,False,False,145828800.00000003,1.0498749218261412,2026
1519,華城,2026-02-25,2026-02-25,1,2026-02-26,2026-02-26,1080.0,1080.0,1115.0,997.0,1070.0,0.9259259259259258,1.9999999999999918,True,False,False,False,340200000.0,1.138565549676661,2026
2413,環科,2026-02-23,2026-02-25,3,2026-02-26,2026-02-26,57.7,57.7,58.1,53.6,56.8,1.5597920277296458,2.0000000000000058,True,False,False,False,70594000.0,1.1031079128537835,2026
6213,聯茂,2026-02-24,2026-02-25,2,2026-02-26,2026-02-26,148.0,148.0,148.5,137.5,141.5,4.391891891891892,2.0000000000000053,True,False,False,False,205686000.0,0.9149626129148314,2026
6271,同欣電,2026-02-25,2026-02-25,1,2026-02-26,2026-02-26,194.5,194.5,196.0,173.0,177.0,8.997429305912597,2.0000000000000075,True,False,False,False,79758000.0,0.0,2026
8046,南電,2026-02-23,2026-02-25,3,2026-02-26,2026-02-26,548.0,548.0,572.0,532.0,555.0,-1.2773722627737227,2.0000000000000067,True,False,False,False,423426500.0,0.0930621961544683,2026
2316,楠梓電,2026-02-26,2026-02-26,1,2026-03-02,2026-03-02,103.5,103.5,110.5,103.5,106.5,-2.898550724637681,-2.898550724637681,False,False,False,False,55687500.0,1.0155151515151517,2026
3450,聯鈞,2026-02-26,2026-02-26,1,2026-03-02,2026-03-02,301.0,301.0,328.0,300.5,304.0,-0.9966777408637874,-0.9966777408637874,False,False,False,True,782106500.0,0.8135362639231358,2026
3691,碩禾,2026-02-25,2026-02-26,2,2026-03-02,2026-03-02,136.5,136.5,141.0,129.0,135.0,1.098901098901099,1.9999999999999925,True,False,False,False,106547500.0,0.0,2026
3693,營邦,2026-02-25,2026-02-26,2,2026-03-02,2026-03-02,462.5,462.5,480.0,453.0,458.0,0.9729729729729728,2.0,True,False,False,False,133661000.0,0.4900008229775327,2026
4977,眾達-KY,2026-02-24,2026-02-26,3,2026-03-02,2026-03-02,166.0,166.0,184.5,165.5,174.0,-4.819277108433735,-4.819277108433735,False,False,False,False,349983500.0,1.1221043277754523,2026
6187,萬潤,2026-02-26,2026-02-26,1,2026-03-02,2026-03-02,511.0,511.0,594.0,509.0,565.0,-10.567514677103718,-10.567514677103718,False,False,False,False,105571000.0,0.5994070341286907,2026
6223,旺矽,2026-02-26,2026-02-26,1,2026-03-02,2026-03-02,2830.0,2830.0,2970.0,2800.0,2800.0,1.060070671378092,1.0600706713780919,False,False,False,True,1092595000.0,0.1025082487106384,2026
6257,矽格,2026-02-26,2026-02-26,1,2026-03-02,2026-03-02,143.0,143.0,146.5,137.0,137.0,4.195804195804196,2.0000000000000093,True,False,False,False,273609000.0,0.4656645066500005,2026
6706,惠特,2026-02-26,2026-02-26,1,2026-03-02,2026-03-02,128.0,128.0,138.5,125.5,132.5,-3.515625,-3.515625,False,False,False,False,71289000.0,0.3754436168272805,2026
6805,富世達,2026-02-26,2026-02-26,1,2026-03-02,2026-03-02,1715.0,1715.0,1840.0,1685.0,1745.0,-1.749271137026239,-1.749271137026239,False,False,False,True,174420000.0,0.9104173833276,2026
8150,南茂,2026-02-25,2026-02-26,2,2026-03-02,2026-03-02,69.5,69.5,71.5,66.6,67.9,2.302158273381287,2.000000000000001,True,False,False,False,462910500.0,0.4287474576619022,2026
1802,台玻,2026-03-02,2026-03-02,1,2026-03-03,2026-03-03,68.0,68.0,73.5,62.8,63.7,6.323529411764701,1.9999999999999991,True,False,False,True,307843200.0,0.9814382776686316,2026
2313,華通,2026-03-02,2026-03-02,1,2026-03-03,2026-03-03,230.0,230.0,246.0,218.0,224.5,2.391304347826087,1.9999999999999976,True,False,False,True,660254500.0,0.9986399183951036,2026
2338,光罩,2026-02-23,2026-03-02,5,2026-03-03,2026-03-03,58.2,58.2,59.4,52.5,53.9,7.388316151202757,2.0000000000000027,True,False,False,False,149586500.0,0.9945015091602516,2026
2367,燿華,2026-02-26,2026-03-02,2,2026-03-03,2026-03-03,74.0,74.0,77.3,68.0,72.4,2.1621621621621547,2.0000000000000053,True,False,False,False,267070600.0,1.3738809138856916,2026
2455,全新,2026-02-26,2026-03-02,2,2026-03-03,2026-03-03,255.0,255.0,262.0,238.5,251.5,1.3725490196078431,1.9999999999999976,True,False,False,False,68452000.0,0.4886562846958452,2026
2489,瑞軒,2026-02-23,2026-03-02,5,2026-03-03,2026-03-04,47.9,42.6,42.6,37.95,41.5,2.5821596244131486,2.000000000000009,True,False,True,False,83044350.0,0.2047893685723351,2026
2543,皇昌,2026-03-02,2026-03-02,1,2026-03-03,2026-03-03,70.3,70.3,74.2,67.5,69.8,0.7112375533428165,2.0000000000000084,True,False,False,False,51637500.0,-0.0,2026
3005,神基,2026-03-02,2026-03-02,1,2026-03-03,2026-03-03,125.0,125.0,126.5,122.0,123.0,1.6,2.0,True,False,False,True,45012000.0,0.0,2026
3030,德律,2026-02-26,2026-03-02,2,2026-03-03,2026-03-03,250.0,250.0,261.5,231.5,236.5,5.4,2.0,True,False,False,False,195663500.0,0.8037906916721821,2026
3081,聯亞,2026-03-02,2026-03-02,1,2026-03-03,2026-03-04,1510.0,1380.0,1485.0,1330.0,1390.0,-0.7246376811594203,2.0000000000000098,True,False,True,False,42625000.0,0.0,2026
3138,耀登,2026-02-26,2026-03-02,2,2026-03-03,2026-03-03,230.5,230.5,239.0,215.5,217.0,5.856832971800434,2.0000000000000058,True,False,False,False,86130000.0,0.9851039126901197,2026
3357,臺慶科,2026-02-26,2026-03-02,2,2026-03-03,2026-03-03,196.0,196.0,200.5,181.5,181.5,7.397959183673469,2.000000000000008,True,False,False,True,217821500.0,0.1499851942990017,2026
3535,晶彩科,2026-02-25,2026-03-02,3,2026-03-03,2026-03-03,144.5,144.5,149.0,126.0,126.0,12.802768166089963,2.00000000000001,True,False,False,False,382680500.0,0.1511286830658996,2026
3563,牧德,2026-02-26,2026-03-02,2,2026-03-03,2026-03-03,629.0,629.0,647.0,588.0,611.0,2.861685214626392,2.0000000000000067,True,False,False,False,294234000.0,0.3945499160532093,2026
6217,中探針,2026-02-23,2026-03-02,5,2026-03-03,2026-03-03,100.5,100.5,101.5,92.7,99.0,1.4925373134328357,2.0000000000000053,True,False,False,False,259769000.0,0.018293175860091,2026
6442,光聖,2026-03-02,2026-03-02,1,2026-03-03,2026-03-03,2430.0,2430.0,2540.0,2300.0,2330.0,4.11522633744856,1.9999999999999962,True,False,False,False,101265000.0,0.0,2026
6789,采鈺,2026-02-26,2026-03-02,2,2026-03-03,2026-03-03,383.0,383.0,383.5,338.5,366.0,4.43864229765013,2.0000000000000067,True,False,False,False,395222000.0,0.9390266736163472,2026
8039,台虹,2026-02-26,2026-03-02,2,2026-03-03,2026-03-03,110.0,110.0,114.5,103.0,112.5,-2.272727272727273,2.0000000000000027,True,False,False,False,368170500.0,1.0022530322228425,2026
2485,兆赫,2026-03-02,2026-03-03,2,2026-03-04,2026-03-04,54.0,54.0,54.1,49.0,49.8,7.777777777777784,1.999999999999997,True,False,False,False,70439500.0,0.9954414781479142,2026
2609,陽明,2026-03-03,2026-03-03,1,2026-03-04,2026-03-04,68.9,68.9,69.9,63.1,63.6,7.692307692307699,2.0,True,False,False,False,470250000.0,0.8539508771929825,2026
3450,聯鈞,2026-03-03,2026-03-03,1,2026-03-04,2026-03-04,324.0,324.0,329.5,301.0,301.0,7.098765432098765,2.0000000000000058,True,False,False,False,903136000.0,0.871202122382454,2026
3576,聯合再生,2026-02-23,2026-03-03,6,2026-03-04,2026-03-04,26.05,26.05,26.05,24.05,24.05,7.677543186180421,2.000000000000003,True,False,False,True,170138400.0,0.7039504309432791,2026
3701,大眾控,2026-03-02,2026-03-03,2,2026-03-04,2026-03-04,70.1,70.1,74.5,64.0,64.0,8.701854493580592,2.0000000000000018,True,False,False,False,119376900.0,0.5645313289254453,2026
6530,創威,2026-03-03,2026-03-03,1,2026-03-04,2026-03-04,82.5,82.5,83.1,74.8,74.8,9.333333333333336,2.000000000000007,True,False,False,False,47616299.99999999,0.9064038995050016,2026
2337,旺宏,2026-03-05,2026-03-05,1,2026-03-06,2026-03-06,107.0,107.0,110.5,102.5,102.5,4.205607476635514,2.0000000000000004,True,False,False,False,634142500.0,0.884146702042522,2026
2404,漢唐,2026-03-05,2026-03-05,1,2026-03-06,2026-03-06,1100.0,1100.0,1130.0,1090.0,1100.0,0.0,0.0,False,False,False,True,110000000.0,0.0,2026
2408,南亞科,2026-03-05,2026-03-05,1,2026-03-06,2026-03-06,259.0,259.0,262.0,232.5,233.0,10.038610038610038,2.0000000000000027,True,False,False,False,664092500.0,2.8387656839973348,2026
3211,順達,2026-03-05,2026-03-05,1,2026-03-06,2026-03-06,324.5,324.5,342.0,317.5,322.0,0.7704160246533128,2.0000000000000027,True,False,False,False,128721000.0,-0.0,2026
4749,新應材,2026-03-05,2026-03-05,1,2026-03-06,2026-03-06,987.0,987.0,1030.0,974.0,1015.0,-2.8368794326241136,-2.8368794326241136,False,False,False,False,61824000.0,1.4283288043478262,2026
6443,元晶,2026-03-05,2026-03-05,1,2026-03-06,2026-03-06,49.9,49.9,50.4,46.8,48.1,3.60721442885771,1.9999999999999951,True,False,False,False,519650000.0,0.9570941980178966,2026
2485,兆赫,2026-03-06,2026-03-06,1,2026-03-09,2026-03-09,52.6,52.6,54.2,50.6,51.4,2.281368821292781,1.9999999999999993,True,False,False,False,58897600.00000001,-0.0,2026
3081,聯亞,2026-03-06,2026-03-06,1,2026-03-09,2026-03-09,1350.0,1350.0,1430.0,1350.0,1350.0,0.0,0.0,False,False,False,False,139500000.0,1.7032258064516128,2026
3535,晶彩科,2026-03-06,2026-03-06,1,2026-03-09,2026-03-09,137.0,137.0,147.0,134.5,147.0,-7.2992700729927,-7.2992700729927,False,False,False,True,87318000.0,1.2811447811447811,2026
6217,中探針,2026-03-05,2026-03-06,2,2026-03-09,2026-03-09,99.9,99.9,99.9,99.9,99.9,0.0,0.0,False,False,False,False,72997000.0,0.8950313026562736,2026
6679,鈺太,2026-03-06,2026-03-06,1,2026-03-09,2026-03-09,220.5,220.5,229.0,220.5,227.0,-2.947845804988662,-2.947845804988662,False,False,False,False,49633500.0,0.9284253578732108,2026
6683,雍智科技,2026-03-05,2026-03-06,2,2026-03-09,2026-03-09,817.0,817.0,907.0,817.0,897.0,-9.791921664626685,-9.791921664626683,False,False,False,False,86165000.0,0.2706667440376022,2026
3653,健策,2026-03-10,2026-03-10,1,2026-03-11,2026-03-11,3475.0,3475.0,3545.0,3375.0,3485.0,-0.2877697841726618,2.0,True,False,False,True,566190000.0,0.0,2026
6515,穎崴,2026-03-10,2026-03-10,1,2026-03-11,2026-03-11,5595.0,5595.0,5980.0,5590.0,5900.0,-5.451295799821269,-5.451295799821269,False,False,False,False,202575000.0,0.0,2026
2329,華泰,2026-03-11,2026-03-11,1,2026-03-12,2026-03-12,53.9,53.9,55.3,51.2,52.2,3.1539888682745745,2.0000000000000058,True,False,False,True,58747800.0,0.7996895202884193,2026
2337,旺宏,2026-03-11,2026-03-11,1,2026-03-12,2026-03-12,102.5,102.5,109.0,98.5,99.0,3.414634146341464,1.9999999999999973,True,False,False,False,920131300.0,0.9514479074888552,2026
2357,華碩,2026-03-11,2026-03-11,1,2026-03-12,2026-03-12,591.0,591.0,593.0,574.0,581.0,1.6920473773265652,2.0000000000000084,True,False,False,False,96360000.0,1.0069219593192196,2026
2368,金像電,2026-03-11,2026-03-11,1,2026-03-12,2026-03-12,898.0,898.0,935.0,891.0,911.0,-1.447661469933185,-1.447661469933185,False,False,False,False,632192000.0,0.2896446016400081,2026
2408,南亞科,2026-03-10,2026-03-11,2,2026-03-12,2026-03-12,257.0,257.0,261.5,239.0,239.5,6.809338521400778,2.0000000000000058,True,False,False,False,100998000.0,-0.0,2026
2481,強茂,2026-03-11,2026-03-11,1,2026-03-12,2026-03-12,91.8,91.8,99.4,91.6,94.8,-3.2679738562091507,-3.2679738562091507,False,False,False,False,66096000.0,-0.0,2026
3006,晶豪科,2026-03-10,2026-03-11,2,2026-03-12,2026-03-12,160.5,160.5,168.5,159.5,163.5,-1.8691588785046729,-1.8691588785046727,False,False,False,True,66961000.0,-0.0,2026
3037,欣興,2026-03-11,2026-03-11,1,2026-03-12,2026-03-12,466.5,466.5,486.0,461.0,480.0,-2.893890675241157,-2.8938906752411575,False,False,False,False,123956000.0,0.4414469650521153,2026
3260,威剛,2026-03-11,2026-03-11,1,2026-03-12,2026-03-12,353.5,353.5,365.0,345.5,348.5,1.4144271570014144,1.999999999999998,True,False,False,False,136695000.0,0.7215004206445005,2026
3324,雙鴻,2026-03-11,2026-03-11,1,2026-03-12,2026-03-12,1045.0,1045.0,1100.0,1040.0,1050.0,-0.4784688995215311,-0.4784688995215311,False,False,False,False,108150000.0,-0.0,2026
3450,聯鈞,2026-03-11,2026-03-11,1,2026-03-12,2026-03-12,272.5,272.5,286.0,269.0,274.5,-0.7339449541284404,-0.7339449541284404,False,False,False,False,163772500.0,0.952027965623044,2026
3481,群創,2026-03-11,2026-03-11,1,2026-03-12,2026-03-12,31.0,31.0,33.3,30.75,32.95,-6.290322580645171,-6.290322580645171,False,False,False,False,467559300.0,-0.0,2026
3693,營邦,2026-03-11,2026-03-11,1,2026-03-12,2026-03-12,417.0,417.0,425.0,407.5,417.5,-0.1199040767386091,2.0000000000000075,True,False,False,False,60755000.0,0.907085836556662,2026
6443,元晶,2026-03-11,2026-03-11,1,2026-03-12,2026-03-12,53.2,53.2,55.7,50.8,51.0,4.135338345864667,2.0,True,False,False,True,718863500.0,0.9647853869336808,2026
6456,GIS-KY,2026-03-11,2026-03-11,1,2026-03-12,2026-03-12,63.0,63.0,66.6,62.0,64.3,-2.063492063492059,-2.063492063492059,False,False,False,False,127158400.0,1.0067860243601678,2026
6789,采鈺,2026-03-11,2026-03-11,1,2026-03-12,2026-03-12,350.0,350.0,362.5,347.5,353.0,-0.8571428571428572,-0.8571428571428572,False,False,False,False,151766500.0,0.7419753371132628,2026
6861,睿生光電,2026-03-10,2026-03-11,2,2026-03-12,2026-03-12,175.0,175.0,179.5,175.0,177.5,-1.4285714285714286,-1.4285714285714286,False,False,False,False,96390000.0,0.0,2026
2426,鼎元,2026-03-11,2026-03-12,2,2026-03-13,2026-03-13,32.95,32.95,33.95,31.5,33.85,-2.7314112291350487,1.9999999999999967,True,False,False,False,168219600.0,1.0230282321441737,2026
3498,陽程,2026-03-10,2026-03-12,3,2026-03-13,2026-03-13,73.5,73.5,77.3,72.0,72.8,0.9523809523809564,1.9999999999999982,True,False,False,False,56595000.0,1.1615584415584417,2026
3675,德微,2026-03-11,2026-03-12,2,2026-03-13,2026-03-13,205.0,205.0,215.0,201.0,211.5,-3.1707317073170733,-3.1707317073170733,False,False,False,False,74700000.0,1.0419277108433735,2026
3714,富采,2026-03-12,2026-03-12,1,2026-03-13,2026-03-13,44.5,44.5,45.05,42.3,42.75,3.932584269662921,2.0000000000000013,True,False,False,False,43650000.0,0.9774226804123712,2026
4764,雙鍵,2026-03-11,2026-03-12,2,2026-03-13,2026-03-13,160.5,160.5,165.0,152.0,162.0,-0.9345794392523364,2.000000000000005,True,False,False,False,195873000.0,0.7005253403991362,2026
4938,和碩,2026-03-12,2026-03-12,1,2026-03-13,2026-03-13,76.8,76.8,78.9,75.6,75.8,1.3020833333333337,1.3020833333333335,False,False,False,True,387967200.0,0.9188596355568204,2026
5475,德宏,2026-03-11,2026-03-12,2,2026-03-13,2026-03-13,209.0,209.0,243.0,206.0,224.0,-7.177033492822966,-7.177033492822966,False,False,False,True,39780000.0,1.052991452991453,2026
6147,頎邦,2026-03-12,2026-03-12,1,2026-03-13,2026-03-13,60.4,60.4,62.1,57.9,58.8,2.6490066225165587,1.9999999999999973,True,False,False,False,195200000.0,0.1759180327868852,2026
6223,旺矽,2026-03-10,2026-03-12,3,2026-03-13,2026-03-13,3600.0,3600.0,3635.0,3520.0,3550.0,1.3888888888888888,2.0,True,False,False,False,361030000.0,0.0,2026
6531,愛普*,2026-03-12,2026-03-12,1,2026-03-13,2026-03-13,485.5,485.5,534.0,478.5,531.0,-9.37178166838311,-9.37178166838311,False,False,False,False,47579000.0,-0.0,2026
8039,台虹,2026-03-10,2026-03-12,3,2026-03-13,2026-03-13,125.5,125.5,140.0,122.0,128.0,-1.99203187250996,2.000000000000004,True,False,False,False,47488000.0,-0.0,2026
8996,高力,2026-03-12,2026-03-12,1,2026-03-13,2026-03-13,930.0,930.0,945.0,892.0,899.0,3.333333333333333,2.0000000000000027,True,False,False,False,147637000.0,0.4932300168656908,2026
1727,中華化,2026-03-12,2026-03-13,2,2026-03-16,2026-03-16,63.6,63.6,63.6,54.8,55.3,13.05031446540881,1.9999999999999976,True,False,False,True,140463400.0,0.956683378018758,2026
2486,一詮,2026-03-13,2026-03-13,1,2026-03-16,2026-03-16,157.0,157.0,161.0,147.0,148.0,5.7324840764331215,2.0000000000000093,True,False,False,False,246544000.0,0.951473165033422,2026
3189,景碩,2026-03-13,2026-03-13,1,2026-03-16,2026-03-16,322.5,322.5,348.5,312.0,337.0,-4.496124031007752,1.9999999999999967,True,False,False,False,401320000.0,0.2048938502940297,2026
4755,三福化,2026-03-13,2026-03-13,1,2026-03-16,2026-03-16,173.0,173.0,174.5,153.0,153.0,11.560693641618498,2.0000000000000044,True,False,False,False,63393000.0,1.0378117457763476,2026
4949,有成精密,2026-03-11,2026-03-13,3,2026-03-16,2026-03-16,71.0,71.0,72.5,63.2,66.4,6.478873239436611,2.0000000000000027,True,False,False,False,85978800.0,0.8858090599077912,2026
4956,光鋐,2026-03-12,2026-03-13,2,2026-03-16,2026-03-16,33.35,33.35,34.25,30.2,32.45,2.698650674662664,2.0000000000000044,True,False,False,True,42905599.99999999,1.1359799187052508,2026
4958,臻鼎-KY,2026-03-13,2026-03-13,1,2026-03-16,2026-03-16,195.0,195.0,202.0,184.5,196.5,-0.7692307692307693,2.0000000000000027,True,False,False,False,155512500.0,1.1245719797443936,2026
6217,中探針,2026-03-11,2026-03-13,3,2026-03-16,2026-03-16,145.5,145.5,145.5,130.0,138.5,4.810996563573884,1.9999999999999976,True,False,False,False,148222000.0,1.6333472763827233,2026
6274,台燿,2026-03-13,2026-03-13,1,2026-03-16,2026-03-16,515.0,515.0,520.0,491.0,503.0,2.3300970873786406,2.000000000000002,True,False,False,True,476605000.0,0.3018390491077517,2026
8261,富鼎,2026-03-13,2026-03-13,1,2026-03-16,2026-03-16,115.0,115.0,116.5,108.0,112.5,2.1739130434782608,1.9999999999999976,True,False,False,True,128316000.0,0.9468811371925558,2026
2347,聯強,2026-03-16,2026-03-16,1,2026-03-17,2026-03-17,76.9,76.9,79.6,76.3,78.6,-2.210663198959673,-2.210663198959673,False,False,False,True,183041200.0,0.0,2026
2408,南亞科,2026-03-16,2026-03-16,1,2026-03-17,2026-03-17,267.0,267.0,284.5,266.5,271.5,-1.6853932584269662,-1.6853932584269662,False,False,False,False,816141500.0,0.7637940234628432,2026
3376,新日興,2026-03-16,2026-03-16,1,2026-03-17,2026-03-17,226.0,226.0,232.0,222.0,224.0,0.8849557522123894,0.8849557522123894,False,False,False,True,235985000.0,1.0726105472805474,2026
8046,南電,2026-03-13,2026-03-16,2,2026-03-17,2026-03-17,580.0,580.0,603.0,540.0,544.0,6.206896551724138,2.000000000000004,True,False,False,False,177454000.0,-0.0,2026
8096,擎亞,2026-03-16,2026-03-16,1,2026-03-17,2026-03-17,87.2,87.2,89.3,79.4,81.0,7.110091743119269,1.9999999999999998,True,False,False,True,248518400.0,0.9559573858515104,2026
8299,群聯,2026-03-16,2026-03-16,1,2026-03-17,2026-03-17,2020.0,2020.0,2070.0,1935.0,1945.0,3.7128712871287126,2.0000000000000044,True,False,False,False,982080000.0,1.1684893287715867,2026
1711,永光,2026-03-13,2026-03-17,3,2026-03-18,2026-03-18,42.4,42.4,42.7,37.1,39.35,7.193396226415088,1.9999999999999976,True,False,False,False,58403350.00000006,1.988947551809954,2026
2327,國巨*,2026-03-17,2026-03-17,1,2026-03-18,2026-03-18,292.0,292.0,296.0,276.5,280.5,3.9383561643835616,2.0000000000000107,True,False,False,True,1269268000.0,1.086846119180504,2026
2419,仲琦,2026-03-17,2026-03-17,1,2026-03-18,2026-03-18,33.65,33.65,34.2,31.2,31.2,7.280832095096581,2.0000000000000058,True,False,False,False,61822200.0,0.9770470801750828,2026
2485,兆赫,2026-03-16,2026-03-17,2,2026-03-18,2026-03-18,79.7,79.7,82.0,77.1,80.0,-0.3764115432873239,2.0000000000000107,True,False,False,False,296850000.0,0.9378473976755938,2026
2486,一詮,2026-03-17,2026-03-17,1,2026-03-18,2026-03-18,164.0,164.0,170.5,159.0,163.0,0.6097560975609756,2.000000000000001,True,False,False,False,146575000.0,1.0319904485758145,2026
2492,華新科,2026-03-17,2026-03-17,1,2026-03-18,2026-03-18,144.0,144.0,146.5,138.0,141.5,1.7361111111111112,1.999999999999997,True,False,False,False,287574000.0,0.9811422451264716,2026
3028,增你強,2026-03-17,2026-03-17,1,2026-03-18,2026-03-18,57.6,57.6,59.4,53.5,58.9,-2.25694444444444,2.0000000000000018,True,False,False,False,159725200.0,1.0446923841698117,2026
3529,力旺,2026-03-17,2026-03-17,1,2026-03-18,2026-03-18,2780.0,2780.0,2795.0,2635.0,2725.0,1.9784172661870505,1.9999999999999967,True,False,False,False,258520000.0,0.0,2026
4927,泰鼎-KY,2026-03-17,2026-03-17,1,2026-03-18,2026-03-18,53.5,53.5,53.8,44.8,45.5,14.95327102803738,2.0000000000000004,True,False,False,True,73779950.0,0.9225812703857892,2026
6213,聯茂,2026-03-17,2026-03-17,1,2026-03-18,2026-03-18,159.0,159.0,159.5,148.0,150.5,5.345911949685535,2.000000000000004,True,False,False,False,176022000.0,0.985822794877913,2026
6426,統新,2026-03-13,2026-03-17,3,2026-03-18,2026-03-18,171.5,171.5,171.5,154.5,158.5,7.580174927113703,2.000000000000004,True,False,False,False,121414000.0,0.7271360798589949,2026
6451,訊芯-KY,2026-03-13,2026-03-17,3,2026-03-18,2026-03-18,263.5,263.5,286.0,241.5,279.0,-5.88235294117647,1.9999999999999931,True,False,False,False,194939000.0,0.968933871621379,2026
6531,愛普*,2026-03-17,2026-03-17,1,2026-03-18,2026-03-18,615.0,615.0,623.0,561.0,572.0,6.991869918699186,1.9999999999999927,True,False,False,True,274340000.0,0.9194867682437852,2026
6770,力積電,2026-03-17,2026-03-17,1,2026-03-18,2026-03-18,76.0,76.0,76.2,70.7,71.9,5.394736842105256,1.999999999999995,True,False,False,False,919911000.0,0.7924615533459216,2026
2316,楠梓電,2026-03-18,2026-03-18,1,2026-03-19,2026-03-19,112.0,112.0,116.0,107.5,108.0,3.571428571428571,2.000000000000008,True,False,False,True,181800000.0,0.9433663366336632,2026
2337,旺宏,2026-03-13,2026-03-18,4,2026-03-19,2026-03-19,139.5,139.5,157.5,139.5,157.0,-12.544802867383511,-12.544802867383511,False,False,False,False,102172000.0,2.126688329483616,2026
2338,光罩,2026-03-18,2026-03-18,1,2026-03-19,2026-03-19,55.5,55.5,58.0,52.3,53.5,3.603603603603604,1.9999999999999991,True,False,False,False,78315600.0,0.9440903217238966,2026
2345,智邦,2026-03-18,2026-03-18,1,2026-03-19,2026-03-19,1585.0,1585.0,1620.0,1560.0,1590.0,-0.3154574132492113,-0.31545741324921134,False,False,False,False,345600000.0,0.5060763888888888,2026
2436,偉詮電,2026-03-18,2026-03-18,1,2026-03-19,2026-03-19,68.4,68.4,71.4,65.6,66.1,3.362573099415221,1.9999999999999925,True,False,False,False,158766300.0,0.6977778029720412,2026
2449,京元電子,2026-03-18,2026-03-18,1,2026-03-19,2026-03-19,320.5,320.5,328.0,315.0,316.0,1.40405616224649,1.40405616224649,False,False,False,False,159239000.0,1.3593403625996143,2026
2451,創見,2026-03-16,2026-03-18,3,2026-03-19,2026-03-19,307.0,307.0,313.0,297.0,309.0,-0.6514657980456027,1.9999999999999956,True,False,False,False,41823000.0,0.0,2026
3443,創意,2026-03-18,2026-03-18,1,2026-03-19,2026-03-19,2500.0,2500.0,2660.0,2465.0,2610.0,-4.4,-4.3999999999999995,False,False,False,False,160960000.0,0.0,2026
4989,榮科,2026-03-18,2026-03-18,1,2026-03-19,2026-03-19,76.0,76.0,77.3,72.5,73.9,2.763157894736835,1.999999999999995,True,False,False,True,276858500.0,0.9772064068829384,2026
5483,中美晶,2026-03-18,2026-03-18,1,2026-03-19,2026-03-19,128.0,128.0,130.0,123.0,124.0,3.125,2.0000000000000018,True,False,False,False,60501000.0,1.1170063304738764,2026
5498,凱崴,2026-03-18,2026-03-18,1,2026-03-19,2026-03-19,67.2,67.2,67.9,62.8,62.8,6.547619047619056,2.000000000000012,True,False,False,True,139776000.0,0.7876058836996337,2026
6147,頎邦,2026-03-17,2026-03-18,2,2026-03-19,2026-03-19,71.7,71.7,73.4,70.0,71.1,0.8368200836820203,1.9999999999999967,True,False,False,False,259127600.00000003,0.6159880306073147,2026
6442,光聖,2026-03-18,2026-03-18,1,2026-03-19,2026-03-19,1850.0,1850.0,1940.0,1850.0,1930.0,-4.324324324324325,-4.324324324324325,False,False,False,False,172050000.0,-0.0,2026
8021,尖點,2026-03-18,2026-03-18,1,2026-03-19,2026-03-19,255.0,255.0,276.0,252.5,260.0,-1.96078431372549,-1.9607843137254901,False,False,False,False,145359000.0,0.9265336167695156,2026
8096,擎亞,2026-03-18,2026-03-18,1,2026-03-19,2026-03-19,88.6,88.6,91.6,85.6,86.3,2.5959367945823897,2.000000000000006,True,False,False,False,220433400.0,0.9791451749145094,2026
8240,華宏,2026-03-17,2026-03-18,2,2026-03-19,2026-03-19,63.0,63.0,63.2,58.2,59.6,5.3968253968253945,1.999999999999997,True,False,False,False,67824800.0,0.4349736379613357,2026
1711,永光,2026-03-19,2026-03-19,1,2026-03-20,2026-03-20,44.45,44.45,45.85,41.0,41.8,5.961754780652431,2.000000000000006,True,False,False,False,154791750.0,-0.0,2026
2368,金像電,2026-03-19,2026-03-19,1,2026-03-20,2026-03-20,1030.0,1030.0,1040.0,934.0,988.0,4.077669902912621,2.000000000000002,True,False,False,False,187935000.0,0.0,2026
3105,穩懋,2026-03-18,2026-03-19,2,2026-03-20,2026-03-20,372.0,372.0,381.0,340.0,344.0,7.526881720430108,1.9999999999999993,True,False,False,False,1169853500.0,0.7836536797128871,2026
3234,光環,2026-03-19,2026-03-19,1,2026-03-20,2026-03-20,99.6,99.6,102.0,88.0,98.0,1.6064257028112392,2.0000000000000044,True,False,False,False,122017500.0,0.7284692769479788,2026
3508,位速,2026-03-17,2026-03-19,3,2026-03-20,2026-03-20,54.0,54.0,55.9,47.1,47.9,11.2962962962963,1.999999999999997,True,False,False,False,86556500.0,0.5738714019166671,2026
3693,營邦,2026-03-18,2026-03-19,2,2026-03-20,2026-03-20,618.0,618.0,618.0,530.0,535.0,13.430420711974108,2.000000000000002,True,False,False,True,320067000.0,0.7421571108549148,2026
3715,定穎投控,2026-03-18,2026-03-19,2,2026-03-20,2026-03-20,193.0,193.0,194.5,176.0,178.5,7.512953367875648,2.000000000000007,True,False,False,False,584863500.0,1.0508015972957794,2026
4908,前鼎,2026-03-19,2026-03-19,1,2026-03-20,2026-03-20,120.0,120.0,123.0,110.5,114.5,4.583333333333333,2.000000000000005,True,False,False,True,53788000.0,1.0090168810887186,2026
4967,十銓,2026-03-18,2026-03-19,2,2026-03-20,2026-03-20,287.5,287.5,288.5,245.5,261.5,9.043478260869566,2.0,True,False,False,False,101896000.0,2.0094459056292693,2026
6274,台燿,2026-03-19,2026-03-19,1,2026-03-20,2026-03-20,598.0,598.0,600.0,543.0,554.0,7.357859531772576,2.0000000000000058,True,False,False,True,1356632000.0,0.3017811757352031,2026
6290,良維,2026-03-19,2026-03-19,1,2026-03-20,2026-03-20,243.5,243.5,246.0,218.5,224.0,8.008213552361395,2.0000000000000018,True,False,False,False,67480000.0,0.0,2026
6426,統新,2026-03-19,2026-03-19,1,2026-03-20,2026-03-20,176.5,176.5,186.5,167.0,169.0,4.2492917847025495,2.000000000000001,True,False,False,False,58812000.0,1.7442528735632183,2026
2323,中環,2026-03-20,2026-03-20,1,2026-03-23,2026-03-23,13.0,13.0,13.0,11.8,11.95,8.076923076923084,1.9999999999999982,True,False,False,True,84167500.0,1.020259601390085,2026
2369,菱生,2026-03-20,2026-03-20,1,2026-03-23,2026-03-23,35.8,35.8,38.75,33.55,34.05,4.888268156424582,2.000000000000003,True,False,False,False,41434250.0,1.607409329238492,2026
3221,台嘉碩,2026-03-19,2026-03-20,2,2026-03-23,2026-03-23,36.4,36.4,36.4,33.2,33.6,7.692307692307684,2.000000000000004,True,False,False,False,74859750.0,0.5202047829441054,2026
3363,上詮,2026-03-20,2026-03-20,1,2026-03-23,2026-03-23,691.0,691.0,716.0,661.0,661.0,4.341534008683068,2.000000000000007,True,False,False,False,184234000.0,1.9948326584669496,2026
4919,新唐,2026-03-18,2026-03-20,3,2026-03-23,2026-03-23,105.5,105.5,111.5,100.5,102.0,3.3175355450236967,1.9999999999999993,True,False,False,False,130826800.0,0.5317259154852064,2026
4991,環宇-KY,2026-03-18,2026-03-20,3,2026-03-23,2026-03-23,412.5,412.5,448.0,385.0,385.0,6.666666666666667,2.0,True,False,False,False,369253500.0,0.3732666041080179,2026
6187,萬潤,2026-03-20,2026-03-20,1,2026-03-23,2026-03-23,791.0,791.0,899.0,782.0,830.0,-4.9304677623261695,-4.9304677623261695,False,False,False,False,454545000.0,1.6744436744436744,2026
6438,迅得,2026-03-20,2026-03-20,1,2026-03-23,2026-03-23,170.0,170.0,182.0,169.5,170.0,0.0,0.0,False,False,False,False,44288000.0,-0.0,2026
6683,雍智科技,2026-03-20,2026-03-20,1,2026-03-23,2026-03-23,1240.0,1240.0,1265.0,1160.0,1160.0,6.451612903225806,1.9999999999999962,True,False,False,False,124645000.0,0.7910465722652332,2026
6781,AES-KY,2026-03-20,2026-03-20,1,2026-03-23,2026-03-23,1090.0,1090.0,1145.0,1055.0,1055.0,3.211009174311927,1.9999999999999958,True,False,False,False,91300000.0,0.6470974808324206,2026
7728,光焱科技,2026-03-20,2026-03-23,2,2026-03-24,2026-03-25,980.0,842.0,872.0,817.0,830.0,1.4251781472684086,2.000000000000004,True,False,True,False,100683000.0,0.6611443838582481,2026
8027,鈦昇,2026-03-23,2026-03-23,1,2026-03-24,2026-03-24,118.5,118.5,119.0,108.5,114.0,3.79746835443038,2.000000000000004,True,False,False,False,467298000.0,0.0,2026
6761,穩得,2026-03-24,2026-03-24,1,2026-03-25,2026-03-25,183.0,183.0,189.5,181.5,189.0,-3.278688524590164,-3.278688524590164,False,False,False,False,53284000.0,1.092485549132948,2026
7610,聯友金屬-創,2026-03-24,2026-03-24,1,2026-03-25,2026-03-25,365.0,365.0,392.0,351.0,380.0,-4.10958904109589,2.000000000000003,True,False,False,False,53831500.0,0.0,2026
2313,華通,2026-03-25,2026-03-25,1,2026-03-26,2026-03-26,235.0,235.0,253.0,232.5,245.5,-4.468085106382979,-4.468085106382979,False,False,False,False,513130000.0,-0.0,2026
2360,致茂,2026-03-25,2026-03-25,1,2026-03-26,2026-03-26,1630.0,1630.0,1735.0,1610.0,1640.0,-0.6134969325153374,-0.6134969325153374,False,False,False,True,121875000.0,0.0,2026
2367,燿華,2026-03-25,2026-03-25,1,2026-03-26,2026-03-26,78.0,78.0,82.5,75.0,75.3,3.461538461538465,2.0000000000000027,True,False,False,False,239343700.0,1.0967316039653436,2026
2455,全新,2026-03-25,2026-03-25,1,2026-03-26,2026-03-26,274.0,274.0,293.0,268.5,272.0,0.7299270072992701,2.0000000000000067,True,False,False,True,515411000.0,1.382135810062261,2026
3105,穩懋,2026-03-25,2026-03-25,1,2026-03-26,2026-03-26,350.0,350.0,377.5,348.5,358.5,-2.4285714285714284,-2.4285714285714284,False,False,False,False,470931500.0,1.173858618503965,2026
3131,弘塑,2026-03-25,2026-03-25,1,2026-03-26,2026-03-26,2680.0,2680.0,2835.0,2670.0,2755.0,-2.798507462686567,-2.798507462686567,False,False,False,False,140980000.0,0.9575471698113208,2026
3211,順達,2026-03-25,2026-03-25,1,2026-03-26,2026-03-26,364.0,364.0,382.0,359.0,362.0,0.5494505494505495,0.5494505494505495,False,False,False,False,349585000.0,0.0,2026
3498,陽程,2026-03-25,2026-03-25,1,2026-03-26,2026-03-26,79.2,79.2,79.8,74.8,75.3,4.924242424242431,2.000000000000004,True,False,False,False,117561000.0,0.8256283971725316,2026
3529,力旺,2026-03-25,2026-03-25,1,2026-03-26,2026-03-26,2800.0,2800.0,2980.0,2790.0,2925.0,-4.464285714285714,-4.464285714285714,False,False,False,False,100260000.0,0.0,2026
3533,嘉澤,2026-03-25,2026-03-25,1,2026-03-26,2026-03-26,2220.0,2220.0,2295.0,2195.0,2270.0,-2.2522522522522523,-2.2522522522522523,False,False,False,False,240800000.0,0.0,2026
3583,辛耘,2026-03-25,2026-03-25,1,2026-03-26,2026-03-26,517.0,517.0,532.0,490.0,501.0,3.094777562862669,2.000000000000006,True,False,False,False,295715000.0,0.9860237052567504,2026
3715,定穎投控,2026-03-25,2026-03-25,1,2026-03-26,2026-03-26,187.0,187.0,197.0,185.0,185.0,1.06951871657754,1.06951871657754,False,False,False,True,250893000.0,0.4379954801449223,2026
4977,眾達-KY,2026-03-25,2026-03-25,1,2026-03-26,2026-03-26,202.5,202.5,214.0,196.0,196.0,3.2098765432098766,2.0000000000000058,True,False,False,True,130672500.0,1.0904513191375385,2026
4979,華星光,2026-03-25,2026-03-25,1,2026-03-26,2026-03-26,426.5,426.5,448.0,411.0,411.0,3.6342321219226257,2.000000000000007,True,False,False,False,405076000.0,0.4829612220916568,2026
4991,環宇-KY,2026-03-25,2026-03-25,1,2026-03-26,2026-03-26,439.5,439.5,477.0,430.0,442.0,-0.5688282138794084,2.0000000000000044,True,False,False,False,330809000.0,0.5023805277365488,2026
5347,世界,2026-03-25,2026-03-25,1,2026-03-26,2026-03-26,127.5,127.5,128.0,117.0,117.0,8.235294117647058,1.9999999999999976,True,False,False,True,238080000.0,0.4727570564516129,2026
6187,萬潤,2026-03-25,2026-03-25,1,2026-03-26,2026-03-26,981.0,981.0,996.0,926.0,939.0,4.281345565749235,2.0000000000000004,True,False,False,False,385820000.0,0.2969208439168524,2026
6217,中探針,2026-03-25,2026-03-25,1,2026-03-26,2026-03-26,175.0,175.0,185.5,175.0,175.0,0.0,0.0,False,False,False,False,64389000.0,0.0,2026
6451,訊芯-KY,2026-03-25,2026-03-25,1,2026-03-26,2026-03-26,319.0,319.0,350.5,319.0,332.0,-4.075235109717868,-4.075235109717868,False,False,False,False,41470000.0,1.8493368700265247,2026
8028,昇陽半導體,2026-03-25,2026-03-25,1,2026-03-26,2026-03-26,200.5,200.5,204.5,193.5,196.0,2.244389027431421,1.9999999999999956,True,False,False,False,105535500.0,1.0140284548801115,2026
8046,南電,2026-03-25,2026-03-25,1,2026-03-26,2026-03-26,550.0,550.0,593.0,544.0,569.0,-3.4545454545454546,-3.4545454545454546,False,False,False,False,81540000.0,0.0,2026
2355,敬鵬,2026-03-26,2026-03-26,1,2026-03-27,2026-03-27,49.15,49.15,51.5,46.9,50.5,-2.746693794506615,2.0000000000000084,True,False,False,True,165835800.0,0.6946057485778101,2026
2419,仲琦,2026-03-26,2026-03-26,1,2026-03-27,2026-03-27,33.2,33.2,35.75,32.05,35.4,-6.626506024096372,2.000000000000004,True,False,False,False,46383750.0,0.5296596329533512,2026
3026,禾伸堂,2026-03-25,2026-03-26,2,2026-03-27,2026-03-27,138.0,138.0,157.5,134.0,151.0,-9.420289855072465,1.9999999999999933,True,False,False,False,50387500.0,0.8121260233192756,2026
3491,昇達科,2026-03-25,2026-03-26,2,2026-03-27,2026-03-27,1530.0,1530.0,1700.0,1510.0,1665.0,-8.823529411764707,-8.823529411764707,False,False,False,False,192200000.0,-0.0,2026
6147,頎邦,2026-03-26,2026-03-26,1,2026-03-27,2026-03-27,77.0,77.0,78.7,75.2,76.8,0.2597402597402634,2.000000000000008,True,False,False,True,267865400.0,-0.0,2026
8027,鈦昇,2026-03-26,2026-03-26,1,2026-03-27,2026-03-27,131.0,131.0,135.0,124.0,131.0,0.0,2.0000000000000036,True,False,False,False,424129500.0,0.499130572148365,2026
1582,信錦,2026-03-26,2026-03-27,2,2026-03-30,2026-03-30,107.0,107.0,110.0,102.0,102.0,4.672897196261682,2.0000000000000004,True,False,False,False,121686000.0,0.9279128248113998,2026
2489,瑞軒,2026-03-27,2026-03-27,1,2026-03-30,2026-03-30,35.05,35.05,35.5,32.1,32.7,6.70470756062766,2.0000000000000018,True,False,False,True,44934100.0,0.3740544486258766,2026
4919,新唐,2026-03-27,2026-03-27,1,2026-03-30,2026-03-30,100.0,100.0,101.5,93.1,94.9,5.099999999999994,2.0,True,False,False,False,54735000.0,0.958796017173655,2026
6213,聯茂,2026-03-27,2026-03-27,1,2026-03-30,2026-03-30,156.0,156.0,157.5,146.5,151.0,3.205128205128205,2.0000000000000027,True,False,False,False,213142000.0,0.614932767826144,2026
7717,萊德光電-KY,2026-03-25,2026-03-27,3,2026-03-30,2026-03-30,798.0,798.0,825.0,710.0,733.0,8.145363408521304,2.0000000000000044,True,False,False,False,75417000.0,0.942771523661774,2026
1305,華夏,2026-03-30,2026-03-30,1,2026-03-31,2026-03-31,19.6,19.6,20.1,17.25,17.35,11.479591836734691,1.9999999999999973,True,False,False,False,72109599.99999999,0.924167517223782,2026
1326,台化,2026-03-30,2026-03-30,1,2026-03-31,2026-03-31,50.2,50.2,51.0,44.6,44.95,10.45816733067729,1.9999999999999956,True,False,False,False,128241400.0,0.729413044461461,2026
3167,大量,2026-03-30,2026-03-30,1,2026-03-31,2026-03-31,409.0,409.0,435.5,368.5,368.5,9.902200488997554,2.0000000000000018,True,False,False,False,220042000.0,1.0734700648058098,2026
8027,鈦昇,2026-03-30,2026-03-30,1,2026-03-31,2026-03-31,144.0,144.0,145.0,133.0,138.5,3.8194444444444446,1.999999999999997,True,False,False,False,44064000.0,2.517667483660131,2026
1528,恩德,2026-03-31,2026-03-31,1,2026-04-01,2026-04-01,27.95,27.95,28.75,25.9,26.1,6.618962432915914,2.000000000000004,True,False,False,False,140409500.0,0.966415377876853,2026
1582,信錦,2026-04-01,2026-04-01,1,2026-04-02,2026-04-02,111.0,111.0,112.5,103.0,105.0,5.405405405405405,1.9999999999999991,True,False,False,False,139752000.0,0.7332989867765757,2026
2337,旺宏,2026-04-01,2026-04-01,1,2026-04-02,2026-04-02,138.0,138.0,138.0,127.0,129.0,6.521739130434782,1.9999999999999933,True,False,False,True,248793000.0,0.3095464904559212,2026
2345,智邦,2026-04-01,2026-04-01,1,2026-04-02,2026-04-02,1670.0,1670.0,1685.0,1580.0,1590.0,4.790419161676647,2.0000000000000058,True,False,False,False,252320000.0,-0.0,2026
2360,致茂,2026-04-01,2026-04-01,1,2026-04-02,2026-04-02,1620.0,1620.0,1695.0,1520.0,1535.0,5.246913580246913,2.0000000000000058,True,False,False,False,48300000.0,0.8898550724637682,2026
2368,金像電,2026-04-01,2026-04-01,1,2026-04-02,2026-04-02,977.0,977.0,980.0,900.0,905.0,7.36949846468782,1.9999999999999962,True,False,False,False,936540000.0,0.7247421359472099,2026
2383,台光電,2026-04-01,2026-04-01,1,2026-04-02,2026-04-02,2920.0,2920.0,2965.0,2775.0,2785.0,4.623287671232877,2.000000000000003,True,False,False,False,652080000.0,0.5509523371365477,2026
2409,友達,2026-04-01,2026-04-01,1,2026-04-02,2026-04-02,16.5,16.5,17.4,16.4,16.85,-2.121212121212129,-2.1212121212121295,False,False,False,False,349225250.0,1.070322234718137,2026
3037,欣興,2026-04-01,2026-04-01,1,2026-04-02,2026-04-02,535.0,535.0,537.0,515.0,519.0,2.990654205607477,2.0000000000000084,True,False,False,False,152412000.0,0.0,2026
3062,建漢,2026-04-01,2026-04-01,1,2026-04-02,2026-04-02,34.0,34.0,34.1,30.75,31.05,8.676470588235292,1.9999999999999991,True,False,False,False,227124200.0,0.7560026628602324,2026
3081,聯亞,2026-04-01,2026-04-01,1,2026-04-02,2026-04-02,1795.0,1795.0,1900.0,1795.0,1825.0,-1.6713091922005572,-1.6713091922005572,False,False,False,False,69200000.0,1.635115606936416,2026
3596,智易,2026-04-01,2026-04-01,1,2026-04-02,2026-04-02,170.0,170.0,174.0,165.0,165.0,2.941176470588235,2.0000000000000036,True,False,False,False,58450000.0,0.0,2026
3665,貿聯-KY,2026-04-01,2026-04-01,1,2026-04-02,2026-04-02,1980.0,1980.0,2075.0,1900.0,1915.0,3.2828282828282838,2.000000000000007,True,False,False,False,147070000.0,0.2994832392738152,2026
3711,日月光投控,2026-04-01,2026-04-01,1,2026-04-02,2026-04-02,375.5,375.5,375.5,356.0,361.0,3.861517976031957,1.9999999999999976,True,False,False,True,273638000.0,0.8522427440633246,2026
4906,正文,2026-04-01,2026-04-01,1,2026-04-02,2026-04-02,41.55,41.55,42.0,39.0,39.3,5.415162454873647,2.0000000000000075,True,False,False,False,190756150.0,1.0161014467947689,2026
6213,聯茂,2026-04-01,2026-04-01,1,2026-04-02,2026-04-02,167.5,167.5,176.0,167.0,170.0,-1.4925373134328357,-1.4925373134328357,False,False,False,True,203261000.0,0.38974520444158,2026
6217,中探針,2026-04-01,2026-04-01,1,2026-04-02,2026-04-02,182.0,182.0,192.5,182.0,192.5,-5.769230769230769,-5.769230769230769,False,False,False,True,98725000.0,0.0,2026
6223,旺矽,2026-04-01,2026-04-01,1,2026-04-02,2026-04-02,4050.0,4050.0,4050.0,3750.0,3765.0,7.037037037037037,2.0,True,False,False,False,106650000.0,-0.0,2026
6683,雍智科技,2026-04-01,2026-04-01,1,2026-04-02,2026-04-02,1545.0,1545.0,1560.0,1450.0,1450.0,6.148867313915858,2.0000000000000058,True,False,False,False,302505000.0,-0.0,2026
6805,富世達,2026-04-01,2026-04-01,1,2026-04-02,2026-04-02,1940.0,1940.0,2005.0,1880.0,1885.0,2.8350515463917527,1.9999999999999976,True,False,False,False,446600000.0,-0.0,2026
6919,康霈*,2026-03-31,2026-04-01,2,2026-04-02,2026-04-02,96.0,96.0,103.0,94.5,95.8,0.2083333333333362,0.20833333333333628,False,False,False,False,86708600.0,0.9744777334658844,2026
8027,鈦昇,2026-04-01,2026-04-01,1,2026-04-02,2026-04-02,158.5,158.5,159.5,143.5,154.5,2.5236593059936907,2.00000000000001,True,False,False,False,57456000.0,0.0,2026
8046,南電,2026-04-01,2026-04-01,1,2026-04-02,2026-04-02,588.0,588.0,627.0,564.0,568.0,3.4013605442176877,1.9999999999999982,True,False,False,False,140630000.0,0.0,2026
8299,群聯,2026-04-01,2026-04-01,1,2026-04-02,2026-04-02,1680.0,1680.0,1680.0,1545.0,1555.0,7.440476190476191,2.000000000000008,True,False,False,True,364650000.0,0.0,2026
1309,台達化,2026-04-02,2026-04-02,1,2026-04-07,2026-04-07,26.25,26.25,27.0,25.0,26.5,-0.9523809523809524,2.000000000000008,True,False,False,True,80834250.0,1.001196893643474,2026
3714,富采,2026-04-02,2026-04-02,1,2026-04-07,2026-04-07,55.4,55.4,55.5,49.3,49.65,10.379061371841155,2.000000000000007,True,False,False,False,53983200.00000001,0.7753328813408615,2026
6147,頎邦,2026-04-01,2026-04-02,2,2026-04-07,2026-04-07,91.0,91.0,92.4,85.1,89.8,1.3186813186813218,2.000000000000008,True,False,False,True,558024400.0,0.8071991117234301,2026
6727,亞泰金屬,2026-04-01,2026-04-02,2,2026-04-07,2026-04-07,379.5,379.5,380.0,338.5,354.5,6.587615283267458,2.0000000000000084,True,False,False,False,56871500.0,1.1531698653983102,2026
6830,汎銓,2026-04-01,2026-04-02,2,2026-04-07,2026-04-07,611.0,611.0,620.0,585.0,602.0,1.4729950900163666,2.0000000000000044,True,False,False,False,45351000.0,0.7699058455160857,2026
8039,台虹,2026-04-02,2026-04-02,1,2026-04-07,2026-04-07,127.5,127.5,128.0,117.0,122.0,4.313725490196078,1.9999999999999976,True,False,False,False,120292000.0,0.9716024340770792,2026
2455,全新,2026-04-07,2026-04-07,1,2026-04-08,2026-04-08,306.0,306.0,307.5,282.0,290.5,5.065359477124183,2.0000000000000013,True,False,False,False,897882000.0,0.9945594187209456,2026
2481,強茂,2026-04-07,2026-04-07,1,2026-04-08,2026-04-08,107.5,107.5,109.5,101.0,102.0,5.116279069767442,2.0000000000000053,True,False,False,False,218509500.0,0.9956821099311473,2026
3081,聯亞,2026-04-07,2026-04-07,1,2026-04-08,2026-04-08,2080.0,2080.0,2150.0,2005.0,2040.0,1.9230769230769231,2.0000000000000067,True,False,False,False,567415000.0,1.092956654300644,2026
3491,昇達科,2026-04-07,2026-04-07,1,2026-04-08,2026-04-08,1730.0,1730.0,1800.0,1725.0,1790.0,-3.4682080924855487,-3.4682080924855487,False,False,False,False,449360000.0,0.6094667972227168,2026
3689,湧德,2026-04-07,2026-04-07,1,2026-04-08,2026-04-08,125.0,125.0,128.0,122.0,126.5,-1.2,2.0,True,False,False,False,216256000.0,1.0178214708493638,2026
5475,德宏,2026-04-01,2026-04-07,3,2026-04-08,2026-04-08,279.5,279.5,294.5,274.0,284.5,-1.7889087656529516,-1.7889087656529516,False,False,False,False,262838500.0,0.8128927078795534,2026
6213,聯茂,2026-04-07,2026-04-07,1,2026-04-08,2026-04-08,194.0,194.0,200.0,187.5,197.0,-1.5463917525773196,1.9999999999999976,True,False,False,False,134266000.0,1.075484486020288,2026
6274,台燿,2026-04-07,2026-04-07,1,2026-04-08,2026-04-08,723.0,723.0,736.0,697.0,725.0,-0.2766251728907331,2.000000000000005,True,False,False,False,867410000.0,0.6853736987122583,2026
7751,竑騰,2026-04-01,2026-04-07,3,2026-04-08,2026-04-08,1945.0,1945.0,2010.0,1910.0,1990.0,-2.313624678663239,-2.313624678663239,False,False,False,False,106230000.0,0.0,2026
8086,宏捷科,2026-04-07,2026-04-07,1,2026-04-08,2026-04-08,146.0,146.0,148.5,140.5,145.5,0.3424657534246575,2.0000000000000107,True,False,False,True,62652000.0,1.0288019536487265,2026
1802,台玻,2026-04-08,2026-04-08,1,2026-04-09,2026-04-09,61.5,61.5,64.5,59.2,59.5,3.252032520325204,2.0000000000000067,True,False,False,True,569468000.0,0.9774429818707988,2026
1815,富喬,2026-04-08,2026-04-08,1,2026-04-09,2026-04-09,113.0,113.0,122.5,110.5,121.5,-7.52212389380531,2.0000000000000044,True,False,False,True,726432000.0,0.9730945222677416,2026
2301,光寶科,2026-04-08,2026-04-08,1,2026-04-09,2026-04-09,156.5,156.5,159.5,152.0,155.0,0.9584664536741214,1.9999999999999973,True,False,False,False,162603500.0,0.7959545766235044,2026
2308,台達電,2026-04-08,2026-04-08,1,2026-04-09,2026-04-09,1685.0,1685.0,1705.0,1635.0,1645.0,2.373887240356084,2.0000000000000027,True,False,False,True,134865000.0,2.4150817484150817,2026
2337,旺宏,2026-04-08,2026-04-08,1,2026-04-09,2026-04-09,154.0,154.0,154.0,137.0,142.0,7.792207792207792,2.000000000000008,True,False,False,False,256950000.0,5.581078030745281,2026
2383,台光電,2026-04-08,2026-04-08,1,2026-04-09,2026-04-09,3225.0,3225.0,3350.0,3180.0,3220.0,0.1550387596899224,0.15503875968992248,False,False,False,False,465990000.0,0.9121225777377197,2026
2419,仲琦,2026-04-08,2026-04-08,1,2026-04-09,2026-04-09,39.5,39.5,39.85,36.2,36.95,6.455696202531638,1.999999999999998,True,False,False,True,69355150.00000001,1.019712306872669,2026
3017,奇鋐,2026-04-08,2026-04-08,1,2026-04-09,2026-04-09,2260.0,2260.0,2290.0,2200.0,2235.0,1.106194690265487,1.999999999999992,True,False,False,False,294360000.0,1.1692825112107623,2026
3163,波若威,2026-04-01,2026-04-08,4,2026-04-09,2026-04-09,1155.0,1155.0,1255.0,1140.0,1220.0,-5.627705627705628,-5.627705627705628,False,False,False,True,538308000.0,0.0,2026
3167,大量,2026-04-01,2026-04-08,4,2026-04-09,2026-04-09,558.0,558.0,592.0,558.0,576.0,-3.225806451612903,-3.225806451612903,False,False,False,True,133975000.0,-0.0,2026
3189,景碩,2026-04-08,2026-04-08,1,2026-04-09,2026-04-09,393.0,393.0,408.0,380.5,387.0,1.5267175572519085,2.0000000000000036,True,False,False,True,304168000.0,0.8906262328713079,2026
3324,雙鴻,2026-04-08,2026-04-08,1,2026-04-09,2026-04-09,1025.0,1025.0,1025.0,983.0,989.0,3.51219512195122,2.0,True,False,False,False,54270000.0,0.7653952459922609,2026
4958,臻鼎-KY,2026-04-08,2026-04-08,1,2026-04-09,2026-04-09,250.5,250.5,271.0,250.0,263.5,-5.189620758483033,-5.189620758483033,False,False,False,False,491535000.0,1.4366830439337992,2026
4989,榮科,2026-04-08,2026-04-08,1,2026-04-09,2026-04-09,71.4,71.4,76.2,70.3,73.4,-2.8011204481792715,-2.8011204481792715,False,False,False,False,94941000.0,1.0931799749318,2026
6147,頎邦,2026-04-08,2026-04-08,1,2026-04-09,2026-04-09,99.9,99.9,104.5,95.5,96.5,3.4034034034034084,2.0000000000000044,True,False,False,True,254349900.0,0.9299060074330676,2026
6223,旺矽,2026-04-08,2026-04-08,1,2026-04-09,2026-04-09,4500.0,4500.0,4560.0,4330.0,4470.0,0.6666666666666667,2.0,True,False,False,False,129300000.0,0.0,2026
6239,力成,2026-04-08,2026-04-08,1,2026-04-09,2026-04-09,212.0,212.0,219.0,208.5,209.5,1.179245283018868,1.179245283018868,False,False,False,False,113940000.0,0.1746752676847463,2026
6257,矽格,2026-04-08,2026-04-08,1,2026-04-09,2026-04-09,172.5,172.5,175.0,167.0,171.0,0.8695652173913043,2.0000000000000098,True,False,False,False,48422000.0,1.0453099830655488,2026
6285,啟碁,2026-04-07,2026-04-08,2,2026-04-09,2026-04-09,223.0,223.0,229.0,213.5,226.0,-1.345291479820628,2.0000000000000036,True,False,False,False,668043500.0,0.981412138580796,2026
6515,穎崴,2026-04-08,2026-04-08,1,2026-04-09,2026-04-09,8345.0,8345.0,8345.0,7910.0,7995.0,4.194128220491312,2.0000000000000067,True,False,False,False,93720000.0,0.0,2026
6739,竹陞科技,2026-04-07,2026-04-08,2,2026-04-09,2026-04-09,1575.0,1575.0,1620.0,1475.0,1490.0,5.396825396825397,2.0,True,False,False,False,152390000.0,0.919089179079992,2026
6919,康霈*,2026-04-07,2026-04-08,2,2026-04-09,2026-04-09,120.0,120.0,120.0,112.0,113.5,5.416666666666667,2.000000000000005,True,False,False,False,167937000.0,0.9279402394945724,2026
7792,安葆,2026-04-08,2026-04-08,1,2026-04-09,2026-04-09,347.0,347.0,359.5,341.0,345.0,0.5763688760806917,0.5763688760806917,False,False,False,False,56214000.0,0.0920589177073327,2026
8021,尖點,2026-04-07,2026-04-08,2,2026-04-09,2026-04-09,291.0,291.0,303.0,283.0,289.0,0.6872852233676976,1.9999999999999976,True,False,False,False,428952000.0,0.859685932225517,2026
8096,擎亞,2026-04-08,2026-04-08,1,2026-04-09,2026-04-09,100.0,100.0,109.0,94.3,95.8,4.200000000000003,2.0,True,False,False,False,138226000.0,0.9696019562166306,2026
8299,群聯,2026-04-08,2026-04-08,1,2026-04-09,2026-04-09,1725.0,1725.0,1730.0,1605.0,1615.0,6.376811594202898,2.0,True,False,False,True,367425000.0,1.3142410015649453,2026
8358,金居,2026-04-08,2026-04-08,1,2026-04-09,2026-04-09,269.5,269.5,280.0,268.0,272.0,-0.927643784786642,-0.927643784786642,False,False,False,True,397237500.0,0.5217634286793166,2026
1717,長興,2026-04-08,2026-04-09,2,2026-04-10,2026-04-10,77.6,77.6,80.6,66.5,80.0,-3.0927835051546464,2.000000000000009,True,False,False,True,406165000.0,1.1004394765674048,2026
2368,金像電,2026-04-09,2026-04-09,1,2026-04-10,2026-04-10,1130.0,1130.0,1130.0,1040.0,1090.0,3.5398230088495577,1.999999999999992,True,False,False,True,1102665000.0,0.0,2026
2409,友達,2026-04-09,2026-04-09,1,2026-04-10,2026-04-10,19.4,19.4,19.5,17.15,18.15,6.443298969072166,2.000000000000009,True,False,False,False,818756250.0,0.9527264066686514,2026
2486,一詮,2026-04-08,2026-04-09,2,2026-04-10,2026-04-10,180.5,180.5,191.0,174.5,185.5,-2.7700831024930745,2.0000000000000075,True,False,False,False,175740000.0,1.0544810515534313,2026
3026,禾伸堂,2026-04-07,2026-04-09,3,2026-04-10,2026-04-10,186.5,186.5,201.5,186.5,194.0,-4.021447721179625,-4.021447721179625,False,False,False,False,272476500.0,0.0,2026
3234,光環,2026-04-08,2026-04-09,2,2026-04-10,2026-04-10,107.5,107.5,115.5,102.0,114.0,-6.046511627906977,2.0000000000000053,True,False,False,False,99225000.0,1.0546938775510204,2026
3264,欣銓,2026-04-09,2026-04-09,1,2026-04-10,2026-04-10,189.5,189.5,196.5,176.0,189.0,0.2638522427440633,1.9999999999999958,True,False,False,False,101621500.0,0.0,2026
3289,宜特,2026-04-09,2026-04-09,1,2026-04-10,2026-04-10,156.0,156.0,159.5,146.5,155.5,0.3205128205128205,2.0000000000000027,True,False,False,False,108510500.0,1.0131600167725705,2026
3455,由田,2026-04-02,2026-04-09,4,2026-04-10,2026-04-13,202.0,186.5,193.5,181.5,190.0,-1.876675603217158,1.9999999999999944,True,False,True,True,65414000.0,0.6478200385238634,2026
4576,大銀微系統,2026-04-08,2026-04-09,2,2026-04-10,2026-04-10,164.0,164.0,171.0,155.0,165.0,-0.6097560975609756,2.000000000000001,True,False,False,False,156955000.0,1.0512567296358828,2026
5243,乙盛-KY,2026-04-08,2026-04-09,2,2026-04-10,2026-04-10,120.5,120.5,124.5,116.0,119.0,1.2448132780082988,1.9999999999999973,True,False,False,False,56750000.0,1.147013215859031,2026
6213,聯茂,2026-04-09,2026-04-09,1,2026-04-10,2026-04-10,225.0,225.0,225.0,207.0,214.0,4.888888888888889,2.0,True,False,False,True,424556500.0,0.1144205777087384,2026
6274,台燿,2026-04-09,2026-04-09,1,2026-04-10,2026-04-10,838.0,838.0,838.0,786.0,808.0,3.579952267303103,1.9999999999999991,True,False,False,True,892640000.0,0.3032353468363506,2026
6664,群翊,2026-04-09,2026-04-09,1,2026-04-10,2026-04-10,413.0,413.0,416.0,362.0,385.5,6.658595641646489,1.999999999999998,True,False,False,False,207282000.0,0.9819665962312212,2026
6683,雍智科技,2026-04-09,2026-04-09,1,2026-04-10,2026-04-10,1615.0,1615.0,1730.0,1610.0,1700.0,-5.263157894736842,-5.263157894736842,False,False,False,False,280720000.0,1.2172271302365347,2026
6715,嘉基,2026-04-07,2026-04-09,3,2026-04-10,2026-04-10,441.0,441.0,452.5,411.0,439.0,0.4535147392290249,1.9999999999999982,True,False,False,False,87708000.0,0.4004195740411365,2026
8028,昇陽半導體,2026-04-09,2026-04-09,1,2026-04-10,2026-04-10,207.5,207.5,207.5,195.5,199.0,4.096385542168675,2.0000000000000027,True,False,False,True,750280500.0,0.494131194933095,2026
8039,台虹,2026-04-09,2026-04-09,1,2026-04-10,2026-04-10,142.0,142.0,146.0,134.0,137.0,3.5211267605633805,2.0000000000000027,True,False,False,False,120904000.0,1.0934708529080923,2026
8064,東捷,2026-04-08,2026-04-09,2,2026-04-10,2026-04-10,80.0,80.0,81.9,74.3,77.8,2.750000000000004,1.9999999999999927,True,False,False,False,273893399.99999994,0.0,2026
8996,高力,2026-04-09,2026-04-09,1,2026-04-10,2026-04-10,1050.0,1050.0,1070.0,994.0,1040.0,0.9523809523809524,2.0,True,False,False,False,347440000.0,0.2484457748100391,2026
2316,楠梓電,2026-04-09,2026-04-10,2,2026-04-13,2026-04-13,118.0,118.0,122.0,112.0,113.0,4.23728813559322,1.9999999999999993,True,False,False,False,192223500.0,1.031689673739163,2026
2467,志聖,2026-04-08,2026-04-10,3,2026-04-13,2026-04-13,560.0,560.0,570.0,537.0,549.0,1.9642857142857144,2.000000000000008,True,False,False,True,120729000.0,0.2501056084287951,2026
3030,德律,2026-04-10,2026-04-10,1,2026-04-13,2026-04-13,308.0,308.0,324.0,301.0,310.5,-0.8116883116883116,2.000000000000008,True,False,False,False,109383000.0,1.0872027645977895,2026
3583,辛耘,2026-04-07,2026-04-10,4,2026-04-13,2026-04-13,700.0,700.0,724.0,678.0,702.0,-0.2857142857142857,2.0,True,False,False,False,70401000.0,1.0868879703413303,2026
4989,榮科,2026-04-10,2026-04-10,1,2026-04-13,2026-04-13,81.0,81.0,82.9,78.6,81.3,-0.3703703703703668,2.0000000000000058,True,False,False,True,273411600.00000006,0.9967302045706912,2026
6127,九豪,2026-04-10,2026-04-10,1,2026-04-13,2026-04-13,43.0,43.0,45.65,42.3,44.0,-2.3255813953488373,-2.3255813953488373,False,False,False,False,60961500.0,1.020578561879219,2026
6217,中探針,2026-04-09,2026-04-10,2,2026-04-13,2026-04-13,237.0,237.0,259.5,230.0,240.0,-1.2658227848101269,2.000000000000004,True,False,False,False,478891000.0,0.733695141483135,2026
6442,光聖,2026-04-10,2026-04-10,1,2026-04-13,2026-04-13,2380.0,2380.0,2400.0,2170.0,2230.0,6.302521008403361,1.9999999999999962,True,False,False,False,458025000.0,0.0,2026
6588,東典光電,2026-04-10,2026-04-10,1,2026-04-13,2026-04-13,145.0,145.0,152.0,143.5,150.0,-3.4482758620689653,-3.4482758620689653,False,False,False,False,166121000.0,1.0627795402146627,2026
6903,巨漢,2026-04-09,2026-04-10,2,2026-04-13,2026-04-13,410.0,410.0,419.0,375.0,403.5,1.5853658536585369,1.9999999999999973,True,False,False,False,123556000.0,1.025437858137201,2026
1802,台玻,2026-04-13,2026-04-13,1,2026-04-14,2026-04-14,64.9,64.9,69.5,64.7,68.2,-5.08474576271186,-5.08474576271186,False,False,False,True,211882800.0,1.055109711595278,2026
2402,毅嘉,2026-04-10,2026-04-13,2,2026-04-14,2026-04-14,71.0,71.0,74.1,67.4,72.4,-1.971830985915501,2.0000000000000027,True,False,False,True,282114000.0,0.4357642655096876,2026
2485,兆赫,2026-04-13,2026-04-13,1,2026-04-14,2026-04-14,86.9,86.9,86.9,76.9,78.3,9.896432681242818,1.9999999999999993,True,False,False,True,220584000.0,0.9484713306495484,2026
3026,禾伸堂,2026-04-13,2026-04-13,1,2026-04-14,2026-04-15,234.0,228.0,229.0,222.5,223.0,2.1929824561403506,2.000000000000001,True,False,True,True,198729000.0,0.0,2026
3042,晶技,2026-04-09,2026-04-13,3,2026-04-14,2026-04-14,138.0,138.0,142.0,128.5,133.5,3.260869565217391,1.9999999999999933,True,False,False,True,448988500.0,0.6000220495625166,2026
3339,泰谷,2026-04-13,2026-04-13,1,2026-04-14,2026-04-14,54.2,54.2,54.5,49.15,52.1,3.874538745387456,2.0000000000000058,True,False,False,False,41237700.00000001,1.0372571700167563,2026
3532,台勝科,2026-04-10,2026-04-13,2,2026-04-14,2026-04-14,184.0,184.0,194.5,177.5,179.0,2.717391304347826,2.000000000000004,True,False,False,False,206570000.0,0.774681705959239,2026
3645,達邁,2026-04-10,2026-04-13,2,2026-04-14,2026-04-14,97.0,97.0,97.1,87.1,88.9,8.35051546391752,1.9999999999999976,True,False,False,True,224975600.0,0.5160710761522583,2026
3693,營邦,2026-04-13,2026-04-13,1,2026-04-14,2026-04-14,650.0,650.0,659.0,606.0,623.0,4.153846153846154,2.0,True,False,False,True,232006000.0,1.0499426738963646,2026
4576,大銀微系統,2026-04-13,2026-04-13,1,2026-04-14,2026-04-14,199.0,199.0,199.5,178.0,192.5,3.266331658291457,1.999999999999995,True,False,False,False,60621000.0,1.0574305933587371,2026
4908,前鼎,2026-04-10,2026-04-13,2,2026-04-14,2026-04-14,148.0,148.0,151.0,136.5,142.5,3.716216216216216,2.0000000000000053,True,False,False,True,55892500.0,0.9458782484233126,2026
6147,頎邦,2026-04-10,2026-04-13,2,2026-04-14,2026-04-14,114.0,114.0,115.5,108.0,113.0,0.8771929824561403,2.000000000000001,True,False,False,False,234598000.0,0.8222192857569118,2026
6173,信昌電,2026-04-13,2026-04-13,1,2026-04-14,2026-04-14,72.6,72.6,74.1,68.6,73.3,-0.9641873278236954,1.9999999999999976,True,False,False,True,40710600.0,0.9434692684460558,2026
6175,立敦,2026-04-13,2026-04-13,1,2026-04-14,2026-04-14,59.1,59.1,59.6,55.5,56.8,3.8917089678511063,2.0000000000000036,True,False,False,True,47502000.0,0.5069933897520104,2026
6285,啟碁,2026-04-13,2026-04-13,1,2026-04-14,2026-04-14,251.0,251.0,251.0,224.0,224.0,10.756972111553784,2.000000000000004,True,False,False,False,395560000.0,0.704459500455051,2026
6451,訊芯-KY,2026-04-07,2026-04-13,5,2026-04-14,2026-04-14,499.0,499.0,520.0,467.5,476.0,4.609218436873747,2.0000000000000036,True,False,False,False,108576000.0,0.8987253168287651,2026
6531,愛普*,2026-04-13,2026-04-13,1,2026-04-14,2026-04-14,586.0,586.0,614.0,555.0,606.0,-3.4129692832764507,2.0000000000000044,True,False,False,False,159894000.0,0.0,2026
6937,天虹,2026-04-13,2026-04-13,1,2026-04-14,2026-04-14,326.0,326.0,328.0,305.0,313.0,3.987730061349693,1.9999999999999944,True,False,False,False,381250000.0,0.0492590163934426,2026
8021,尖點,2026-04-10,2026-04-13,2,2026-04-14,2026-04-14,370.0,370.0,371.0,337.0,350.0,5.405405405405405,2.000000000000009,True,False,False,True,218138000.0,1.1407916089814705,2026
8042,金山電,2026-04-13,2026-04-13,1,2026-04-14,2026-04-14,63.5,63.5,65.7,60.6,65.0,-2.3622047244094486,2.000000000000005,True,False,False,False,64187200.00000001,1.0440555126255702,2026
8043,蜜望實,2026-04-10,2026-04-13,2,2026-04-14,2026-04-15,89.9,89.5,93.5,85.2,85.6,4.357541899441348,2.000000000000007,True,False,True,False,63126200.0,1.0583561183787398,2026
1597,直得,2026-04-10,2026-04-14,3,2026-04-15,2026-04-15,116.5,116.5,119.0,109.0,115.5,0.8583690987124464,1.9999999999999987,True,False,False,False,222114500.0,0.9729238748483328,2026
1785,光洋科,2026-04-09,2026-04-14,4,2026-04-15,2026-04-15,135.0,135.0,142.0,126.5,140.0,-3.7037037037037033,1.9999999999999918,True,False,False,False,661324500.0,0.0988622075849299,2026
2049,上銀,2026-04-14,2026-04-14,1,2026-04-15,2026-04-15,279.0,279.0,294.0,267.0,282.0,-1.0752688172043012,1.9999999999999942,True,False,False,True,323675000.0,0.8668880821812003,2026
2409,友達,2026-04-14,2026-04-14,1,2026-04-15,2026-04-15,19.95,19.95,20.6,19.3,20.05,-0.5012531328320874,2.0000000000000044,True,False,False,False,526977000.0,0.761476686838325,2026
3289,宜特,2026-04-13,2026-04-14,2,2026-04-15,2026-04-15,188.0,188.0,189.0,175.5,183.5,2.393617021276596,1.9999999999999951,True,False,False,False,202706000.0,0.4707310094422464,2026
3443,創意,2026-04-14,2026-04-14,1,2026-04-15,2026-04-15,3150.0,3150.0,3225.0,3070.0,3070.0,2.5396825396825395,2.0,True,False,False,False,643550000.0,0.3339289876466475,2026
3691,碩禾,2026-04-14,2026-04-14,1,2026-04-15,2026-04-15,123.0,123.0,131.5,120.0,120.0,2.4390243902439024,2.0000000000000067,True,False,False,False,83166000.0,1.2206911478248323,2026
4919,新唐,2026-04-13,2026-04-14,2,2026-04-15,2026-04-15,112.5,112.5,116.5,107.0,107.0,4.888888888888889,2.0,True,False,False,False,77284500.0,0.9553015158278828,2026
6213,聯茂,2026-04-14,2026-04-14,1,2026-04-15,2026-04-15,228.0,228.0,235.5,220.5,229.5,-0.6578947368421052,2.000000000000001,True,False,False,False,349664000.0,0.8939410405417773,2026
6278,台表科,2026-04-10,2026-04-14,3,2026-04-15,2026-04-15,127.0,127.0,137.5,122.0,137.0,-7.874015748031496,2.000000000000005,True,False,False,False,204874000.0,0.0,2026
6282,康舒,2026-04-14,2026-04-14,1,2026-04-15,2026-04-15,52.8,52.8,53.4,49.65,51.0,3.409090909090904,1.9999999999999951,True,False,False,False,76406400.0,1.234176718180676,2026
7610,聯友金屬-創,2026-04-10,2026-04-14,3,2026-04-15,2026-04-15,601.0,601.0,655.0,572.0,655.0,-8.985024958402663,1.999999999999997,True,False,False,False,57482000.0,1.287620472495738,2026
8358,金居,2026-04-14,2026-04-14,1,2026-04-15,2026-04-15,320.0,320.0,344.0,298.5,333.5,-4.21875,1.9999999999999927,True,False,False,True,1085004500.0,0.3144415530073838,2026
1528,恩德,2026-04-15,2026-04-15,1,2026-04-16,2026-04-16,31.3,31.3,31.75,29.1,29.8,4.792332268370607,2.000000000000004,True,False,False,True,52687600.00000001,0.3959185842589147,2026
2360,致茂,2026-04-15,2026-04-15,1,2026-04-16,2026-04-16,2080.0,2080.0,2110.0,1915.0,2050.0,1.4423076923076923,2.0000000000000067,True,False,False,False,252500000.0,0.0,2026
2493,揚博,2026-04-15,2026-04-15,1,2026-04-16,2026-04-16,152.5,152.5,152.5,141.5,147.0,3.606557377049181,2.000000000000007,True,False,False,True,150517500.0,0.2705266829438437,2026
2495,普安,2026-04-15,2026-04-15,1,2026-04-16,2026-04-16,44.8,44.8,45.0,41.3,43.6,2.678571428571419,2.0000000000000018,True,False,False,True,64093600.00000001,-0.0,2026
3363,上詮,2026-04-15,2026-04-15,1,2026-04-16,2026-04-16,848.0,848.0,875.0,805.0,830.0,2.1226415094339623,2.000000000000004,True,False,False,True,280302000.0,0.974199256516186,2026
3450,聯鈞,2026-04-15,2026-04-15,1,2026-04-16,2026-04-16,345.5,345.5,345.5,325.5,341.0,1.3024602026049203,2.000000000000007,True,False,False,False,440167000.0,1.001694811287534,2026
3673,TPK-KY,2026-04-13,2026-04-15,3,2026-04-16,2026-04-16,69.5,69.5,71.3,64.6,68.4,1.582733812949632,2.000000000000001,True,False,False,False,222005000.0,1.068494853719511,2026
4956,光鋐,2026-04-14,2026-04-15,2,2026-04-16,2026-04-16,46.25,46.25,46.75,42.2,45.25,2.1621621621621623,2.000000000000009,True,False,False,False,60378300.0,0.9143185548450354,2026
5439,高技,2026-04-15,2026-04-15,1,2026-04-16,2026-04-16,401.0,401.0,408.0,382.0,392.5,2.119700748129676,1.9999999999999956,True,False,False,True,173667000.0,1.191058174552448,2026
6187,萬潤,2026-04-15,2026-04-15,1,2026-04-16,2026-04-16,1130.0,1130.0,1175.0,1045.0,1105.0,2.2123893805309733,1.999999999999992,True,False,False,False,373415000.0,0.0,2026
6274,台燿,2026-04-15,2026-04-15,1,2026-04-16,2026-04-16,945.0,945.0,983.0,910.0,960.0,-1.5873015873015872,1.9999999999999976,True,False,False,False,393536000.0,0.436656366888925,2026
6409,旭隼,2026-04-15,2026-04-15,1,2026-04-16,2026-04-16,808.0,808.0,812.0,779.0,792.0,1.98019801980198,1.9999999999999962,True,False,False,True,48861000.0,1.2481119911585927,2026
6715,嘉基,2026-04-15,2026-04-15,1,2026-04-16,2026-04-16,445.0,445.0,460.0,418.0,419.5,5.730337078651685,2.0000000000000075,True,False,False,False,110510000.0,0.8768844448466202,2026
8027,鈦昇,2026-04-15,2026-04-15,1,2026-04-16,2026-04-16,160.5,160.5,163.0,145.0,145.5,9.345794392523365,2.000000000000005,True,False,False,True,191880000.0,1.096482176360225,2026
2303,聯電,2026-04-16,2026-04-16,1,2026-04-17,2026-04-17,68.3,68.3,74.8,67.6,73.0,-6.881405563689609,-6.881405563689609,False,False,False,False,869390700.0,0.0,2026
2312,金寶,2026-04-16,2026-04-16,1,2026-04-17,2026-04-17,26.0,26.0,26.0,24.4,24.55,5.576923076923075,1.9999999999999982,True,False,False,False,41505500.0,0.9789124332919732,2026
2484,希華,2026-04-16,2026-04-16,1,2026-04-17,2026-04-17,43.75,43.75,43.85,41.1,42.4,3.085714285714289,2.0,True,False,False,True,110542900.0,1.0524927426365691,2026
3221,台嘉碩,2026-04-15,2026-04-16,2,2026-04-17,2026-04-17,45.55,45.55,45.65,43.3,44.4,2.5246981339187675,2.000000000000003,True,False,False,True,86830000.0,0.9633721064148334,2026
3576,聯合再生,2026-04-15,2026-04-16,2,2026-04-17,2026-04-17,19.0,19.0,19.1,17.65,18.3,3.684210526315786,1.999999999999995,True,False,False,False,66017950.0,0.8959017964053717,2026
3714,富采,2026-04-13,2026-04-16,4,2026-04-17,2026-04-17,76.9,76.9,80.5,74.5,77.9,-1.3003901170351104,1.9999999999999956,True,False,False,False,260701400.0,0.7192339588510074,2026
4960,誠美材,2026-04-15,2026-04-16,2,2026-04-17,2026-04-21,33.9,40.45,40.9,36.85,40.9,-1.1124845488257002,1.9999999999999938,True,False,True,False,114778850.00000004,0.7635348324190389,2026
5269,祥碩,2026-04-16,2026-04-16,1,2026-04-17,2026-04-17,1315.0,1315.0,1325.0,1265.0,1270.0,3.4220532319391634,1.9999999999999967,True,False,False,False,206400000.0,1.0767926356589148,2026
5498,凱崴,2026-04-16,2026-04-16,1,2026-04-17,2026-04-17,70.3,70.3,73.5,67.6,68.8,2.1337126600284497,2.0000000000000084,True,False,False,False,78031800.0,0.9989568355465336,2026
6163,華電網,2026-04-16,2026-04-16,1,2026-04-17,2026-04-17,69.0,69.0,71.9,65.8,67.4,2.318840579710137,1.9999999999999933,True,False,False,True,64780800.0,0.989450577949022,2026
6208,日揚,2026-04-14,2026-04-16,3,2026-04-17,2026-04-17,75.4,75.4,77.7,73.4,75.0,0.5305039787798483,1.9999999999999938,True,False,False,False,45541600.00000001,0.3935961845872783,2026
6213,聯茂,2026-04-16,2026-04-16,1,2026-04-17,2026-04-17,253.0,253.0,276.5,250.5,270.5,-6.91699604743083,-6.91699604743083,False,False,False,False,226296000.0,0.0,2026
6285,啟碁,2026-04-16,2026-04-16,1,2026-04-17,2026-04-17,268.0,268.0,274.5,259.0,264.5,1.3059701492537312,2.0000000000000053,True,False,False,True,753741000.0,0.735871473092216,2026
8043,蜜望實,2026-04-16,2026-04-16,1,2026-04-17,2026-04-17,95.3,95.3,101.0,95.3,96.6,-1.3641133263378775,-1.3641133263378775,False,False,False,False,125341200.0,1.0435228001646706,2026
8046,南電,2026-04-16,2026-04-16,1,2026-04-17,2026-04-17,728.0,728.0,749.0,708.0,724.0,0.5494505494505495,2.000000000000008,True,False,False,False,245861000.0,0.0,2026
8150,南茂,2026-04-16,2026-04-16,1,2026-04-17,2026-04-17,74.6,74.6,75.0,67.2,67.3,9.78552278820375,2.0000000000000058,True,False,False,True,428491800.0,0.16962751679262,2026
1815,富喬,2026-04-17,2026-04-17,1,2026-04-20,2026-04-20,128.5,128.5,129.5,118.0,118.0,8.171206225680933,2.0000000000000058,True,False,False,False,444246000.0,0.8606042598020016,2026
2360,致茂,2026-04-17,2026-04-17,1,2026-04-20,2026-04-20,2065.0,2065.0,2155.0,2030.0,2050.0,0.7263922518159807,0.7263922518159807,False,False,False,False,838860000.0,0.344574780058651,2026
2402,毅嘉,2026-04-17,2026-04-17,1,2026-04-20,2026-04-20,78.5,78.5,79.8,74.0,77.3,1.5286624203821693,2.0000000000000093,True,False,False,False,313752600.00000006,0.9640554373095233,2026
2481,強茂,2026-04-17,2026-04-17,1,2026-04-20,2026-04-20,115.0,115.0,119.5,109.0,110.0,4.3478260869565215,1.9999999999999976,True,False,False,True,302788000.0,1.3300064731759516,2026
3030,德律,2026-04-17,2026-04-17,1,2026-04-20,2026-04-20,347.0,347.0,357.5,336.5,342.0,1.440922190201729,1.9999999999999993,True,False,False,False,102565500.0,1.0070052795530662,2026
3529,力旺,2026-04-16,2026-04-17,2,2026-04-20,2026-04-20,4000.0,4000.0,4430.0,3955.0,4385.0,-9.625,-9.625,False,False,False,False,171150000.0,-0.0,2026
3587,閎康,2026-04-16,2026-04-17,2,2026-04-20,2026-04-20,362.5,362.5,377.5,355.5,369.0,-1.793103448275862,-1.7931034482758619,False,False,False,False,218085000.0,1.0473485109017129,2026
4977,眾達-KY,2026-04-16,2026-04-17,2,2026-04-20,2026-04-20,250.0,250.0,254.5,229.0,241.5,3.4000000000000004,2.0,True,False,False,False,572050500.0,1.0845432352563278,2026
5425,台半,2026-04-17,2026-04-17,1,2026-04-20,2026-04-20,66.2,66.2,66.2,61.2,62.2,6.042296072507552,1.999999999999997,True,False,False,False,56042100.00000001,0.9445077896795444,2026
6173,信昌電,2026-04-16,2026-04-17,2,2026-04-20,2026-04-20,93.5,93.5,95.0,83.5,90.7,2.9946524064171096,2.000000000000005,True,False,False,False,303364900.0,0.8383395705963348,2026
6187,萬潤,2026-04-17,2026-04-17,1,2026-04-20,2026-04-20,1275.0,1275.0,1290.0,1205.0,1225.0,3.92156862745098,2.0,True,False,False,False,104490000.0,0.0,2026
6278,台表科,2026-04-17,2026-04-17,1,2026-04-20,2026-04-20,162.0,162.0,172.5,157.0,158.5,2.1604938271604937,2.0000000000000058,True,False,False,False,70022000.0,0.0,2026
6530,創威,2026-04-15,2026-04-17,3,2026-04-20,2026-04-21,138.0,130.5,139.0,128.5,133.5,-2.2988505747126435,-2.2988505747126435,False,False,True,False,183430000.0,1.1479365425502916,2026
6531,愛普*,2026-04-17,2026-04-17,1,2026-04-20,2026-04-20,670.0,670.0,708.0,656.0,682.0,-1.791044776119403,1.9999999999999967,True,False,False,False,152628000.0,0.0,2026
8021,尖點,2026-04-17,2026-04-17,1,2026-04-20,2026-04-20,402.0,402.0,429.5,402.0,418.0,-3.9800995024875614,-3.9800995024875623,False,False,False,False,116759500.0,1.177822789580291,2026
8111,立碁,2026-04-17,2026-04-17,1,2026-04-20,2026-04-20,83.3,83.3,84.1,75.8,77.6,6.842737094837939,1.9999999999999962,True,False,False,False,43876800.0,0.9762608029756044,2026
8215,明基材,2026-04-17,2026-04-17,1,2026-04-20,2026-04-20,28.9,28.9,29.0,26.35,26.55,8.13148788927335,1.999999999999998,True,False,False,False,113724000.0,0.9051242481798036,2026
8261,富鼎,2026-04-17,2026-04-17,1,2026-04-20,2026-04-20,129.0,129.0,131.0,124.0,126.0,2.3255813953488373,1.9999999999999987,True,False,False,False,132345000.0,0.9749064943896634,2026
1711,永光,2026-04-17,2026-04-20,2,2026-04-21,2026-04-22,57.9,54.2,59.6,53.6,59.6,-9.963099630996307,-9.963099630996307,False,False,True,False,258450500.00000003,1.1179711395412273,2026
2351,順德,2026-04-20,2026-04-20,1,2026-04-21,2026-04-21,143.0,143.0,152.0,138.5,151.0,-5.594405594405594,2.0000000000000093,True,False,False,False,150273000.0,0.0,2026
2484,希華,2026-04-20,2026-04-20,1,2026-04-21,2026-04-21,48.85,48.85,51.2,48.5,49.25,-0.8188331627430881,-0.8188331627430881,False,False,False,False,56619000.0,1.0551272541019798,2026
3105,穩懋,2026-04-17,2026-04-20,2,2026-04-21,2026-04-21,625.0,625.0,637.0,585.0,617.0,1.28,2.0,True,False,False,True,452960000.0,0.2179441893323913,2026
3363,上詮,2026-04-20,2026-04-20,1,2026-04-21,2026-04-21,1000.0,1000.0,1065.0,966.0,990.0,1.0,2.0,True,False,False,False,290472000.0,0.3851317855077253,2026
3443,創意,2026-04-20,2026-04-20,1,2026-04-21,2026-04-21,3605.0,3605.0,3830.0,3605.0,3735.0,-3.606102635228849,-3.6061026352288486,False,False,False,False,96660000.0,-0.0,2026
3455,由田,2026-04-20,2026-04-20,1,2026-04-21,2026-04-21,220.0,220.0,229.5,209.0,225.0,-2.272727272727273,2.0000000000000027,True,False,False,False,42723000.0,0.3159890457130819,2026
3645,達邁,2026-04-20,2026-04-20,1,2026-04-21,2026-04-21,120.0,120.0,120.0,107.5,109.5,8.75,2.000000000000005,True,False,False,True,91371000.0,0.9012049775092754,2026
3653,健策,2026-04-20,2026-04-20,1,2026-04-21,2026-04-21,5200.0,5200.0,5520.0,5135.0,5370.0,-3.2692307692307696,-3.2692307692307696,False,False,False,False,115460000.0,0.0,2026
3680,家登,2026-04-20,2026-04-20,1,2026-04-21,2026-04-21,488.0,488.0,514.0,470.0,503.0,-3.0737704918032787,1.9999999999999982,True,False,False,False,149941000.0,0.7514422339453518,2026
3693,營邦,2026-04-17,2026-04-20,2,2026-04-21,2026-04-21,740.0,740.0,755.0,698.0,704.0,4.864864864864865,2.000000000000009,True,False,False,False,128128000.0,0.8571428571428571,2026
4722,國精化,2026-04-20,2026-04-20,1,2026-04-21,2026-04-21,202.0,202.0,207.5,190.0,193.5,4.207920792079208,1.9999999999999962,True,False,False,True,82962000.0,1.2501627251030591,2026
4749,新應材,2026-04-20,2026-04-20,1,2026-04-21,2026-04-21,1000.0,1000.0,1005.0,965.0,990.0,1.0,2.0,True,False,False,False,74784000.0,0.2780006418485237,2026
4919,新唐,2026-04-16,2026-04-20,3,2026-04-21,2026-04-21,150.5,150.5,155.5,142.0,144.5,3.986710963455149,1.9999999999999938,True,False,False,False,192253500.0,0.936508308041206,2026
4956,光鋐,2026-04-17,2026-04-20,2,2026-04-21,2026-04-22,60.1,53.0,55.0,50.9,54.3,-2.45283018867924,2.000000000000004,True,False,True,False,70694750.0,1.0768720449538332,2026
4958,臻鼎-KY,2026-04-17,2026-04-20,2,2026-04-21,2026-04-21,323.5,323.5,325.5,303.5,315.0,2.627511591962906,2.0000000000000084,True,False,False,True,307372000.0,2.276118189034785,2026
4979,華星光,2026-04-15,2026-04-20,4,2026-04-21,2026-04-21,708.0,708.0,708.0,651.0,655.0,7.4858757062146895,1.9999999999999956,True,False,False,False,149481000.0,1.2006208146854784,2026
5439,高技,2026-04-20,2026-04-20,1,2026-04-21,2026-04-21,453.0,453.0,463.5,426.5,438.5,3.200883002207505,2.0000000000000004,True,False,False,False,57395000.0,1.31408659290879,2026
6147,頎邦,2026-04-20,2026-04-20,1,2026-04-21,2026-04-21,133.0,133.0,139.0,130.0,135.5,-1.8796992481203008,1.9999999999999973,True,False,False,False,64135500.0,0.0,2026
6191,精成科,2026-04-20,2026-04-20,1,2026-04-21,2026-04-21,116.0,116.0,116.0,109.0,113.5,2.155172413793104,2.000000000000006,True,False,False,False,445634000.0,0.4133672475619006,2026
6217,中探針,2026-04-20,2026-04-20,1,2026-04-21,2026-04-21,281.5,281.5,288.0,268.0,283.0,-0.5328596802841918,1.9999999999999982,True,False,False,False,216276000.0,0.6372459265013224,2026
6442,光聖,2026-04-20,2026-04-20,1,2026-04-21,2026-04-21,2405.0,2405.0,2460.0,2240.0,2340.0,2.702702702702702,1.9999999999999962,True,False,False,False,616200000.0,0.0759493670886076,2026
6568,宏觀,2026-04-20,2026-04-20,1,2026-04-21,2026-04-21,257.0,257.0,266.0,240.5,257.0,0.0,2.0000000000000058,True,False,False,False,72517500.0,1.0383838383838384,2026
6584,南俊國際,2026-04-20,2026-04-20,1,2026-04-21,2026-04-21,758.0,758.0,806.0,755.0,787.0,-3.825857519788918,-3.825857519788918,False,False,False,False,60106000.0,0.0,2026
6643,M31,2026-04-20,2026-04-20,1,2026-04-21,2026-04-21,565.0,565.0,588.0,556.0,578.0,-2.3008849557522124,-2.3008849557522124,False,False,False,False,42812000.0,0.972063907315706,2026
6693,廣閎科,2026-04-20,2026-04-20,1,2026-04-21,2026-04-21,163.5,163.5,165.0,147.0,155.0,5.198776758409786,2.000000000000006,True,False,False,False,68512500.0,0.9728151797117316,2026
6937,天虹,2026-04-20,2026-04-20,1,2026-04-21,2026-04-21,357.5,357.5,358.5,327.0,331.0,7.412587412587412,2.0000000000000093,True,False,False,False,171278500.0,0.3729773439164869,2026
8046,南電,2026-04-20,2026-04-20,1,2026-04-21,2026-04-21,812.0,812.0,820.0,780.0,789.0,2.832512315270936,2.000000000000001,True,False,False,False,639188000.0,0.0654220667471855,2026
8358,金居,2026-04-17,2026-04-20,2,2026-04-21,2026-04-21,404.0,404.0,416.0,385.0,393.5,2.599009900990099,1.9999999999999962,True,False,False,True,1146976500.0,0.6765456833684038,2026
2399,映泰,2026-04-21,2026-04-21,1,2026-04-22,2026-04-22,45.0,45.0,45.5,40.1,40.2,10.66666666666666,1.999999999999997,True,False,False,False,194983600.0,0.582845941915115,2026
2436,偉詮電,2026-04-21,2026-04-21,1,2026-04-22,2026-04-22,77.1,77.1,82.0,74.5,78.3,-1.5564202334630388,2.000000000000002,True,False,False,True,175283400.0,1.0041932093968966,2026
3189,景碩,2026-04-20,2026-04-21,2,2026-04-22,2026-04-22,496.0,496.0,509.0,484.5,491.5,0.9072580645161292,2.000000000000003,True,False,False,False,1368053000.0,0.7584183507510308,2026
3221,台嘉碩,2026-04-20,2026-04-21,2,2026-04-22,2026-04-22,53.6,53.6,53.7,50.0,50.4,5.970149253731349,2.000000000000005,True,False,False,False,97507200.0,0.9655410062026188,2026
3260,威剛,2026-04-21,2026-04-21,1,2026-04-22,2026-04-22,403.0,403.0,422.5,386.5,421.5,-4.590570719602978,2.000000000000001,True,False,False,False,702004000.0,0.9858960917601608,2026
3376,新日興,2026-04-21,2026-04-21,1,2026-04-22,2026-04-22,225.5,225.5,227.5,218.0,222.5,1.3303769401330376,1.9999999999999958,True,False,False,False,40768000.0,0.0,2026
3661,世芯-KY,2026-04-21,2026-04-21,1,2026-04-22,2026-04-22,4100.0,4100.0,4120.0,4010.0,4065.0,0.853658536585366,2.0,True,False,False,False,557900000.0,1.1147965585230328,2026
5289,宜鼎,2026-04-21,2026-04-21,1,2026-04-22,2026-04-22,1110.0,1110.0,1185.0,1075.0,1165.0,-4.954954954954955,2.000000000000004,True,False,False,False,278880000.0,0.7143395008605852,2026
5498,凱崴,2026-04-20,2026-04-21,2,2026-04-22,2026-04-22,86.7,86.7,87.2,79.0,80.3,7.381776239907733,1.9999999999999938,True,False,False,False,109355099.99999994,1.2696133970889336,2026
6153,嘉聯益,2026-04-21,2026-04-21,1,2026-04-22,2026-04-22,21.6,21.6,21.8,19.55,19.7,8.796296296296306,2.0000000000000098,True,False,False,False,80431750.0,0.9530154447714988,2026
6182,合晶,2026-04-20,2026-04-21,2,2026-04-22,2026-04-22,44.05,44.05,45.0,42.5,45.0,-2.1566401816118117,2.000000000000001,True,False,False,False,40352250.0,0.8051595635931081,2026
8150,南茂,2026-04-21,2026-04-21,1,2026-04-22,2026-04-22,76.6,76.6,80.7,75.0,79.8,-4.177545691906009,1.9999999999999956,True,False,False,True,415923300.0,1.0961093066918828,2026
1711,永光,2026-04-22,2026-04-22,1,2026-04-23,2026-04-23,63.7,63.7,64.3,54.3,56.5,11.302982731554165,2.0000000000000013,True,False,False,True,371427200.0,0.9644150993788284,2026
1727,中華化,2026-04-22,2026-04-22,1,2026-04-23,2026-04-23,68.9,68.9,70.3,59.3,64.3,6.676342525399141,2.0,True,False,False,False,131033100.0,1.0123464987091049,2026
2312,金寶,2026-04-21,2026-04-22,2,2026-04-23,2026-04-23,31.4,31.4,31.9,26.9,27.0,14.012738853503182,2.0000000000000004,True,False,False,False,344051100.00000006,0.8624590940124881,2026
2351,順德,2026-04-22,2026-04-22,1,2026-04-23,2026-04-23,169.0,169.0,172.5,149.5,151.0,10.650887573964498,1.9999999999999973,True,False,False,False,253648000.0,0.548283447927837,2026
2454,聯發科,2026-04-21,2026-04-22,2,2026-04-23,2026-04-23,2325.0,2325.0,2335.0,2170.0,2215.0,4.731182795698925,2.0,True,False,False,False,3573315000.0,0.0,2026
3227,原相,2026-04-22,2026-04-22,1,2026-04-23,2026-04-23,236.0,236.0,236.5,210.0,215.0,8.898305084745763,1.9999999999999993,True,False,False,True,85580000.0,-0.0,2026
3324,雙鴻,2026-04-22,2026-04-22,1,2026-04-23,2026-04-23,1185.0,1185.0,1210.0,1070.0,1105.0,6.751054852320674,2.000000000000004,True,False,False,False,516285000.0,0.7319794299660072,2026
3583,辛耘,2026-04-22,2026-04-22,1,2026-04-23,2026-04-24,931.0,869.0,869.0,805.0,815.0,6.214039125431531,1.9999999999999993,True,False,True,False,84700000.0,0.0,2026
3701,大眾控,2026-04-22,2026-04-22,1,2026-04-23,2026-04-23,78.7,78.7,79.8,70.8,70.9,9.911054637865307,1.9999999999999976,True,False,False,True,133384200.0,0.8999094345507191,2026
4931,新盛力,2026-04-22,2026-04-22,1,2026-04-23,2026-04-23,165.0,165.0,174.5,152.5,165.5,-0.303030303030303,2.000000000000007,True,False,False,False,158064500.0,1.212473389027897,2026
4961,天鈺,2026-04-22,2026-04-22,1,2026-04-23,2026-04-23,175.0,175.0,178.0,155.5,162.0,7.428571428571429,2.0,True,False,False,False,101231000.0,0.9601801819600716,2026
4967,十銓,2026-04-21,2026-04-22,2,2026-04-23,2026-04-23,270.0,270.0,275.5,237.5,250.0,7.4074074074074066,1.9999999999999918,True,False,False,False,256113500.0,0.5554178128056506,2026
5269,祥碩,2026-04-22,2026-04-22,1,2026-04-23,2026-04-23,1440.0,1440.0,1445.0,1245.0,1275.0,11.458333333333332,1.999999999999997,True,False,False,False,276000000.0,0.7391304347826086,2026
6231,系微,2026-04-20,2026-04-22,3,2026-04-23,2026-04-23,373.0,373.0,373.0,314.0,316.0,15.281501340482572,1.9999999999999944,True,False,False,False,124502500.0,0.987321539728118,2026
6462,神盾,2026-04-21,2026-04-22,2,2026-04-23,2026-04-23,144.0,144.0,144.5,129.5,129.5,10.069444444444445,1.999999999999997,True,False,False,False,208936000.0,0.8962409541677835,2026
6526,達發,2026-04-21,2026-04-22,2,2026-04-23,2026-04-23,618.0,618.0,621.0,549.0,556.0,10.032362459546926,2.000000000000002,True,False,False,False,168760000.0,0.698459350557004,2026
6672,騰輝電子-KY,2026-04-22,2026-04-22,1,2026-04-23,2026-04-23,226.0,226.0,226.0,185.5,191.5,15.265486725663717,2.0000000000000044,True,False,False,False,96202000.0,0.911696222531756,2026
8016,矽創,2026-04-22,2026-04-22,1,2026-04-23,2026-04-23,247.0,247.0,248.5,216.5,224.5,9.109311740890687,1.9999999999999991,True,False,False,False,157527500.0,0.9135198616114648,2026
8028,昇陽半導體,2026-04-21,2026-04-22,2,2026-04-23,2026-04-23,233.0,233.0,233.5,207.5,220.0,5.579399141630901,1.9999999999999987,True,False,False,False,219284000.0,1.2510716696156583,2026
8039,台虹,2026-04-22,2026-04-22,1,2026-04-23,2026-04-23,170.5,170.5,170.5,145.0,145.0,14.95601173020528,1.999999999999998,True,False,False,False,322161000.0,1.043748312179314,2026
8054,安國,2026-04-21,2026-04-22,2,2026-04-23,2026-04-23,130.0,130.0,130.0,112.5,112.5,13.461538461538462,2.0000000000000067,True,False,False,False,96843000.0,-0.0,2026
8271,宇瞻,2026-04-17,2026-04-22,4,2026-04-23,2026-04-23,254.5,254.5,256.0,214.5,222.0,12.770137524557956,2.0000000000000013,True,False,False,False,249830000.0,0.9250370251771204,2026
2474,可成,2026-04-23,2026-04-23,1,2026-04-24,2026-04-24,234.0,234.0,243.0,222.0,223.5,4.487179487179487,2.0000000000000027,True,False,False,False,204183000.0,1.8958581272681856,2026
3162,精確,2026-04-22,2026-04-23,2,2026-04-24,2026-04-24,82.7,82.7,84.1,77.1,81.8,1.088270858524795,1.9999999999999956,True,False,False,False,96904500.0,1.034903435856952,2026
6176,瑞儀,2026-04-22,2026-04-23,2,2026-04-24,2026-04-24,107.0,107.0,116.5,101.0,110.0,-2.803738317757009,2.0000000000000004,True,False,False,True,44274900.0,1.192549277355793,2026
6290,良維,2026-04-23,2026-04-23,1,2026-04-24,2026-04-24,318.5,318.5,329.5,301.5,317.0,0.4709576138147566,2.0000000000000013,True,False,False,False,386190000.0,0.9218027395841424,2026
8240,華宏,2026-04-23,2026-04-23,1,2026-04-24,2026-04-24,73.9,73.9,76.7,67.2,68.0,7.98376184032477,1.9999999999999925,True,False,False,False,48048000.0,0.9284049284049284,2026
1727,中華化,2026-04-24,2026-04-24,1,2026-04-27,2026-04-27,75.5,75.5,76.7,66.0,73.8,2.2516556291390764,2.0000000000000067,True,False,False,True,99969800.0,1.0394179042070706,2026
2368,金像電,2026-04-24,2026-04-24,1,2026-04-27,2026-04-27,1420.0,1420.0,1470.0,1385.0,1420.0,0.0,2.000000000000006,True,False,False,False,90350000.0,-0.0,2026
2454,聯發科,2026-04-24,2026-04-24,1,2026-04-27,2026-04-27,2470.0,2470.0,2575.0,2410.0,2435.0,1.417004048582996,2.0000000000000036,True,False,False,False,501610000.0,5.101941747572815,2026
3017,奇鋐,2026-04-24,2026-04-24,1,2026-04-27,2026-04-27,2990.0,2990.0,3010.0,2820.0,2835.0,5.183946488294314,2.0000000000000058,True,False,False,False,209095000.0,0.5965709366555871,2026
3035,智原,2026-04-24,2026-04-24,1,2026-04-27,2026-04-27,195.0,195.0,198.5,182.5,186.5,4.358974358974359,2.0000000000000027,True,False,False,False,45510000.0,-0.0,2026
3189,景碩,2026-04-24,2026-04-24,1,2026-04-27,2026-04-27,546.0,546.0,555.0,502.0,515.0,5.677655677655678,1.9999999999999925,True,False,False,False,542306000.0,0.1547926816225525,2026
3324,雙鴻,2026-04-24,2026-04-24,1,2026-04-27,2026-04-27,1270.0,1270.0,1305.0,1165.0,1180.0,7.086614173228346,2.000000000000007,True,False,False,False,504225000.0,0.6716446031037732,2026
6672,騰輝電子-KY,2026-04-24,2026-04-24,1,2026-04-27,2026-04-27,218.0,218.0,218.5,200.5,207.5,4.81651376146789,2.000000000000006,True,False,False,True,45047000.0,0.9627167180944348,2026
6789,采鈺,2026-04-24,2026-04-24,1,2026-04-27,2026-04-27,586.0,586.0,593.0,546.0,557.0,4.948805460750854,2.0000000000000044,True,False,False,False,138670000.0,1.004182591764621,2026
8027,鈦昇,2026-04-24,2026-04-24,1,2026-04-27,2026-04-28,172.0,153.5,169.0,148.5,163.0,-6.188925081433225,1.9999999999999956,True,False,True,False,274501000.0,0.7564781184767997,2026
8028,昇陽半導體,2026-04-24,2026-04-24,1,2026-04-27,2026-04-27,253.5,253.5,257.0,226.0,229.5,9.467455621301776,1.9999999999999973,True,False,False,False,120516000.0,-0.0,2026
8046,南電,2026-04-24,2026-04-24,1,2026-04-27,2026-04-27,930.0,930.0,959.0,860.0,913.0,1.827956989247312,2.0000000000000027,True,False,False,False,138092000.0,0.9983416852533094,2026
8064,東捷,2026-04-24,2026-04-24,1,2026-04-27,2026-04-27,89.0,89.0,90.5,77.1,78.5,11.797752808988765,2.0000000000000013,True,False,False,False,166631800.00000003,0.9233531654822188,2026
8210,勤誠,2026-04-24,2026-04-24,1,2026-04-27,2026-04-27,1300.0,1300.0,1300.0,1110.0,1165.0,10.384615384615383,2.0,True,False,False,False,87120000.0,0.0,2026
2313,華通,2026-04-27,2026-04-27,1,2026-04-28,2026-04-28,236.0,236.0,242.0,230.0,239.5,-1.4830508474576272,1.9999999999999993,True,False,False,False,154252500.0,0.0,2026
2408,南亞科,2026-04-27,2026-04-27,1,2026-04-28,2026-04-28,234.5,234.5,242.5,231.5,237.5,-1.279317697228145,-1.279317697228145,False,False,False,False,1471797000.0,0.5525218491408802,2026
3374,精材,2026-04-27,2026-04-27,1,2026-04-28,2026-04-28,220.0,220.0,231.0,211.0,213.0,3.1818181818181817,2.0000000000000027,True,False,False,False,284054000.0,1.0985411224626302,2026
4967,十銓,2026-04-27,2026-04-27,1,2026-04-28,2026-04-28,292.0,292.0,310.0,279.0,303.0,-3.767123287671233,2.0000000000000107,True,False,False,False,252476000.0,0.1728164261157496,2026
5483,中美晶,2026-04-27,2026-04-27,1,2026-04-28,2026-04-28,145.0,145.0,145.0,134.0,134.5,7.241379310344828,2.000000000000004,True,False,False,False,254540000.0,1.0546947434587883,2026
6735,美達科技,2026-04-17,2026-04-27,7,2026-04-28,2026-04-28,135.0,135.0,146.5,135.0,145.0,-7.4074074074074066,-7.4074074074074066,False,False,False,False,47266000.0,0.5521939660644015,2026
6781,AES-KY,2026-04-27,2026-04-27,1,2026-04-28,2026-04-28,1225.0,1225.0,1270.0,1180.0,1205.0,1.6326530612244898,2.0,True,False,False,False,79625000.0,-0.0,2026
8155,博智,2026-04-27,2026-04-27,1,2026-04-28,2026-04-28,427.0,427.0,428.0,402.5,411.0,3.747072599531616,2.000000000000005,True,False,False,True,219079000.0,0.2345044481670995,2026
1597,直得,2026-04-28,2026-04-28,1,2026-04-29,2026-04-29,121.5,121.5,133.5,120.5,130.5,-7.4074074074074066,-7.4074074074074066,False,False,False,False,92583000.0,1.1811995722756878,2026
1785,光洋科,2026-04-28,2026-04-28,1,2026-04-29,2026-04-29,164.5,164.5,174.0,160.5,174.0,-5.775075987841945,1.9999999999999951,True,False,False,False,129492000.0,0.5347975164488926,2026
2312,金寶,2026-04-28,2026-04-28,1,2026-04-29,2026-04-29,29.65,29.65,30.15,28.5,28.55,3.709949409780769,2.0,True,False,False,True,327698700.0,0.9341297356382556,2026
2337,旺宏,2026-04-27,2026-04-28,2,2026-04-29,2026-04-29,161.5,161.5,171.5,159.0,167.0,-3.4055727554179565,-3.4055727554179565,False,False,False,True,3719554500.0,0.6740514220184165,2026
2464,盟立,2026-04-28,2026-04-28,1,2026-04-29,2026-04-29,109.5,109.5,116.5,108.0,114.5,-4.5662100456621,-4.5662100456621,False,False,False,False,82644000.0,0.9975315812400174,2026
2492,華新科,2026-04-28,2026-04-28,1,2026-04-29,2026-04-29,140.0,140.0,141.5,134.0,134.5,3.928571428571429,2.000000000000008,True,False,False,True,99968000.0,-0.0,2026
3006,晶豪科,2026-04-28,2026-04-28,1,2026-04-29,2026-04-29,181.5,181.5,187.5,175.0,175.0,3.581267217630854,1.9999999999999976,True,False,False,True,106087500.0,1.6446329680688112,2026
3167,大量,2026-04-28,2026-04-28,1,2026-04-29,2026-04-29,761.0,761.0,816.0,748.0,814.0,-6.964520367936925,-6.964520367936925,False,False,False,True,100912000.0,0.7259790708736324,2026
3260,威剛,2026-04-27,2026-04-28,2,2026-04-29,2026-04-29,464.5,464.5,482.0,455.0,455.0,2.045209903121636,2.0000000000000044,True,False,False,False,387420000.0,1.4304630633421094,2026
4958,臻鼎-KY,2026-04-28,2026-04-28,1,2026-04-29,2026-04-29,393.5,393.5,396.0,380.0,383.0,2.6683608640406606,2.000000000000001,True,False,False,True,1138266000.0,0.8859431802408224,2026
5289,宜鼎,2026-04-27,2026-04-28,2,2026-04-29,2026-04-29,1235.0,1235.0,1355.0,1235.0,1315.0,-6.477732793522267,-6.477732793522267,False,False,False,False,124920000.0,-0.0,2026
8103,瀚荃,2026-04-27,2026-04-28,2,2026-04-29,2026-04-29,126.0,126.0,130.0,122.5,124.5,1.1904761904761905,1.999999999999997,True,False,False,False,51072000.0,1.0628524436090223,2026
2426,鼎元,2026-04-28,2026-04-29,2,2026-04-30,2026-04-30,62.6,62.6,64.7,56.0,57.3,8.466453674121412,2.000000000000004,True,False,False,True,71777800.0,0.7240553485896754,2026
6147,頎邦,2026-04-28,2026-04-29,2,2026-04-30,2026-04-30,164.5,164.5,173.0,155.0,163.0,0.911854103343465,1.9999999999999951,True,False,False,False,535936000.0,0.2119861326725579,2026
6197,佳必琪,2026-04-29,2026-04-29,1,2026-04-30,2026-04-30,207.5,207.5,210.0,197.5,208.0,-0.2409638554216867,2.0000000000000027,True,False,False,False,113781500.0,0.9542500318593092,2026
6706,惠特,2026-04-28,2026-04-29,2,2026-04-30,2026-04-30,151.5,151.5,160.0,150.5,151.5,0.0,0.0,False,False,False,True,60702000.0,0.5515716121379856,2026
2388,威盛,2026-04-30,2026-04-30,1,2026-05-04,2026-05-04,83.0,83.0,84.2,75.2,83.1,-0.1204819277108365,1.9999999999999958,True,False,False,False,279501600.0,0.4730280613778238,2026
2467,志聖,2026-04-30,2026-04-30,1,2026-05-04,2026-05-04,643.0,643.0,649.0,571.0,580.0,9.79782270606532,2.000000000000002,True,False,False,False,222894000.0,0.5880822274264897,2026
3037,欣興,2026-04-30,2026-04-30,1,2026-05-04,2026-05-04,912.0,912.0,920.0,862.0,911.0,0.1096491228070175,2.000000000000001,True,False,False,False,1042823000.0,1.048308293929075,2026
4576,大銀微系統,2026-04-30,2026-04-30,1,2026-05-04,2026-05-04,232.5,232.5,243.0,210.0,233.0,-0.2150537634408602,2.0000000000000027,True,False,False,False,194250000.0,0.7304864864864865,2026
4958,臻鼎-KY,2026-04-30,2026-04-30,1,2026-05-04,2026-05-04,429.0,429.0,447.5,421.0,432.5,-0.8158508158508158,-0.8158508158508158,False,False,False,True,1541281000.0,1.0761421830282731,2026
8027,鈦昇,2026-04-30,2026-04-30,1,2026-05-04,2026-05-04,205.0,205.0,207.5,186.5,202.0,1.4634146341463417,1.9999999999999973,True,False,False,False,387000000.0,1.067937984496124,2026
8046,南電,2026-04-30,2026-04-30,1,2026-05-04,2026-05-04,1020.0,1020.0,1025.0,960.0,986.0,3.333333333333333,1.9999999999999976,True,False,False,False,1178865000.0,1.0045136635662268,2026
8996,高力,2026-04-30,2026-04-30,1,2026-05-04,2026-05-04,1255.0,1255.0,1310.0,1220.0,1245.0,0.796812749003984,1.9999999999999927,True,False,False,False,551250000.0,0.9508299319727892,2026
1514,亞力,2026-05-04,2026-05-04,1,2026-05-05,2026-05-05,123.0,123.0,123.0,116.0,120.0,2.4390243902439024,2.0000000000000067,True,False,False,False,132374000.0,0.9346246241709096,2026
2313,華通,2026-05-04,2026-05-04,1,2026-05-05,2026-05-05,272.0,272.0,285.0,270.0,274.5,-0.9191176470588236,-0.9191176470588236,False,False,False,True,1216305000.0,0.6032520625994302,2026
2408,南亞科,2026-05-04,2026-05-04,1,2026-05-05,2026-05-05,243.0,243.0,259.0,242.5,256.5,-5.555555555555555,-5.555555555555555,False,False,False,True,2170683000.0,0.400581291694826,2026
2449,京元電子,2026-05-04,2026-05-04,1,2026-05-05,2026-05-05,341.0,341.0,364.5,341.0,354.0,-3.812316715542522,-3.812316715542522,False,False,False,False,155277500.0,2.4826906667096007,2026
2485,兆赫,2026-05-04,2026-05-04,1,2026-05-05,2026-05-05,65.8,65.8,69.5,65.0,68.7,-4.407294832826756,-4.407294832826756,False,False,False,False,126226500.0,1.0689260971349124,2026
3265,台星科,2026-05-04,2026-05-04,1,2026-05-05,2026-05-05,185.0,185.0,193.0,181.0,190.0,-2.702702702702702,2.000000000000009,True,False,False,False,198706500.0,0.860565708721154,2026
3491,昇達科,2026-05-04,2026-05-04,1,2026-05-05,2026-05-05,1725.0,1725.0,1750.0,1670.0,1695.0,1.7391304347826086,2.0,True,False,False,False,405790000.0,0.9648956356736242,2026
3535,晶彩科,2026-05-04,2026-05-04,1,2026-05-05,2026-05-05,140.0,140.0,148.5,133.0,145.5,-3.928571428571429,2.000000000000008,True,False,False,False,174981000.0,1.0360724878701115,2026
3711,日月光投控,2026-05-04,2026-05-04,1,2026-05-05,2026-05-05,525.0,525.0,544.0,519.0,520.0,0.9523809523809524,0.9523809523809524,False,False,False,False,431025000.0,0.9205034510759236,2026
4510,高鋒,2026-05-04,2026-05-04,1,2026-05-05,2026-05-05,51.0,51.0,51.9,48.4,48.4,5.098039215686277,2.000000000000006,True,False,False,False,169214100.0,0.935026100070857,2026
4919,新唐,2026-05-04,2026-05-04,1,2026-05-05,2026-05-05,162.5,162.5,167.5,160.0,165.0,-1.5384615384615383,-1.5384615384615385,False,False,False,False,72090000.0,1.2016229712858926,2026
6147,頎邦,2026-05-04,2026-05-04,1,2026-05-05,2026-05-05,179.0,179.0,193.5,176.0,177.5,0.8379888268156425,0.8379888268156425,False,False,False,False,66767000.0,4.476912247068163,2026
6187,萬潤,2026-04-30,2026-05-04,2,2026-05-05,2026-05-05,1345.0,1345.0,1430.0,1320.0,1345.0,0.0,0.0,False,False,False,False,805190000.0,0.0,2026
6239,力成,2026-05-04,2026-05-04,1,2026-05-05,2026-05-05,224.5,224.5,237.0,220.0,227.5,-1.33630289532294,2.000000000000004,True,False,False,False,89200000.0,1.833772421524664,2026
6510,精測,2026-05-04,2026-05-04,1,2026-05-05,2026-05-05,3800.0,3800.0,3860.0,3620.0,3660.0,3.684210526315789,2.0,True,False,False,False,86940000.0,-0.0,2026
6531,愛普*,2026-05-04,2026-05-04,1,2026-05-05,2026-05-05,930.0,930.0,990.0,924.0,935.0,-0.5376344086021506,-0.5376344086021506,False,False,False,False,243012000.0,0.4193825819301104,2026
1802,台玻,2026-05-05,2026-05-05,1,2026-05-06,2026-05-06,73.8,73.8,75.5,69.4,71.2,3.523035230352296,1.9999999999999991,True,False,False,True,691163200.0,0.9801852876426292,2026
2342,茂矽,2026-05-05,2026-05-05,1,2026-05-06,2026-05-06,42.0,42.0,43.6,38.65,41.8,0.476190476190483,2.000000000000008,True,False,False,False,149708700.0,1.0654611255057322,2026
2417,圓剛,2026-04-29,2026-05-05,4,2026-05-06,2026-05-06,58.4,58.4,58.8,52.5,53.8,7.876712328767126,1.9999999999999987,True,False,False,False,60598500.0,0.3861976781603505,2026
2454,聯發科,2026-05-04,2026-05-05,2,2026-05-06,2026-05-07,3470.0,3430.0,3430.0,3295.0,3420.0,0.2915451895043732,1.9999999999999973,True,False,True,True,1872835000.0,2.384545355036616,2026
3030,德律,2026-05-04,2026-05-05,2,2026-05-06,2026-05-06,426.0,426.0,435.5,400.0,413.0,3.051643192488263,1.9999999999999958,True,False,False,False,168084000.0,1.3047226386806596,2026
3264,欣銓,2026-05-04,2026-05-05,2,2026-05-06,2026-05-06,244.0,244.0,249.0,218.5,226.0,7.377049180327869,1.9999999999999982,True,False,False,False,933138000.0,0.7481358598620997,2026
3450,聯鈞,2026-05-04,2026-05-05,2,2026-05-06,2026-05-06,374.0,374.0,375.0,330.0,343.5,8.155080213903744,2.000000000000005,True,False,False,False,232324000.0,0.901908541519602,2026
3481,群創,2026-05-05,2026-05-05,1,2026-05-06,2026-05-06,27.8,27.8,28.9,26.8,28.1,-1.0791366906474844,2.000000000000003,True,False,False,False,633589750.0,0.3472197900928795,2026
3707,漢磊,2026-05-05,2026-05-05,1,2026-05-06,2026-05-06,77.6,77.6,80.3,72.6,73.1,5.798969072164948,2.000000000000009,True,False,False,False,60928500.0,0.8446359257162083,2026
3715,定穎投控,2026-05-05,2026-05-05,1,2026-05-06,2026-05-06,198.0,198.0,200.0,183.0,186.5,5.808080808080808,2.000000000000004,True,False,False,False,843378000.0,0.9232366744211966,2026
4542,科嶠,2026-05-04,2026-05-05,2,2026-05-06,2026-05-07,264.0,221.5,229.5,212.5,213.0,3.837471783295711,2.000000000000003,True,False,True,False,58405000.0,-0.0,2026
4991,環宇-KY,2026-05-05,2026-05-05,1,2026-05-06,2026-05-06,752.0,752.0,771.0,685.0,725.0,3.590425531914894,1.9999999999999951,True,False,False,False,82584000.0,7.435762375278505,2026
5289,宜鼎,2026-05-05,2026-05-05,1,2026-05-06,2026-05-07,1560.0,1590.0,1620.0,1530.0,1575.0,0.9433962264150944,1.9999999999999973,True,False,True,False,227200000.0,1.3438600352112675,2026
6182,合晶,2026-05-04,2026-05-05,2,2026-05-06,2026-05-06,51.5,51.5,53.0,48.6,50.6,1.7475728155339778,2.000000000000002,True,False,False,True,257624100.0,0.909575618119578,2026
6274,台燿,2026-05-04,2026-05-05,2,2026-05-06,2026-05-06,1275.0,1275.0,1340.0,1160.0,1315.0,-3.1372549019607843,2.0,True,False,False,False,84360000.0,7.60692271218587,2026
6683,雍智科技,2026-04-30,2026-05-05,3,2026-05-06,2026-05-06,2420.0,2420.0,2530.0,2310.0,2395.0,1.0330578512396695,2.000000000000004,True,False,False,False,77100000.0,2.2055123216601817,2026
6831,邁科,2026-05-05,2026-05-05,1,2026-05-06,2026-05-06,535.0,535.0,569.0,490.0,561.0,-4.859813084112149,2.0000000000000084,True,False,False,True,108160000.0,0.0778014053254437,2026
8064,東捷,2026-04-28,2026-05-05,5,2026-05-06,2026-05-06,127.5,127.5,127.5,112.5,112.5,11.76470588235294,1.9999999999999976,True,False,False,True,64593500.0,1.7259863608567425,2026
8155,博智,2026-05-05,2026-05-05,1,2026-05-06,2026-05-06,474.5,474.5,475.0,412.0,444.0,6.42781875658588,2.0000000000000018,True,False,False,False,82170000.0,0.0,2026
8210,勤誠,2026-05-05,2026-05-05,1,2026-05-06,2026-05-06,1275.0,1275.0,1350.0,1215.0,1325.0,-3.92156862745098,2.0,True,False,False,False,155595000.0,0.0,2026
2303,聯電,2026-05-06,2026-05-06,1,2026-05-07,2026-05-07,97.4,97.4,98.8,93.0,96.5,0.92402464065709,2.0000000000000075,True,False,False,False,281786200.0,0.3688275011338383,2026
2344,華邦電,2026-05-06,2026-05-06,1,2026-05-07,2026-05-07,113.0,113.0,117.0,106.5,114.0,-0.8849557522123894,2.0000000000000044,True,False,False,True,2342515000.0,1.0457273485975542,2026
2354,鴻準,2026-05-05,2026-05-06,2,2026-05-07,2026-05-07,64.8,64.8,65.3,62.5,63.3,2.314814814814815,1.9999999999999991,True,False,False,True,164459100.0,0.9430004177330412,2026
2408,南亞科,2026-05-06,2026-05-06,1,2026-05-07,2026-05-07,293.0,293.0,296.0,278.0,287.0,2.04778156996587,2.0000000000000044,True,False,False,True,2895858000.0,0.7033628720745285,2026
3006,晶豪科,2026-05-06,2026-05-06,1,2026-05-07,2026-05-07,205.0,205.0,210.0,192.0,196.5,4.146341463414634,1.9999999999999973,True,False,False,True,408200000.0,1.07781357177854,2026
3228,金麗科,2026-05-05,2026-05-06,2,2026-05-07,2026-05-07,244.0,244.0,262.0,244.0,257.5,-5.532786885245901,-5.532786885245901,False,False,False,False,42900000.0,-0.0,2026
3532,台勝科,2026-05-04,2026-05-06,3,2026-05-07,2026-05-07,250.5,250.5,273.0,246.0,263.0,-4.990019960079841,-4.990019960079841,False,False,False,False,281398500.0,0.0,2026
3661,世芯-KY,2026-05-06,2026-05-06,1,2026-05-07,2026-05-07,4770.0,4770.0,4870.0,4635.0,4795.0,-0.5241090146750524,1.9999999999999925,True,False,False,False,438240000.0,0.0,2026
8299,群聯,2026-05-06,2026-05-06,1,2026-05-07,2026-05-07,2395.0,2395.0,2500.0,2320.0,2390.0,0.208768267223382,2.000000000000004,True,False,False,False,792825000.0,0.6541544477028348,2026
1504,東元,2026-05-07,2026-05-07,1,2026-05-08,2026-05-08,74.6,74.6,74.7,70.5,72.8,2.412868632707771,2.0000000000000058,True,False,False,True,102194000.0,0.9567137013914712,2026
1605,華新,2026-05-07,2026-05-07,1,2026-05-08,2026-05-08,36.0,36.0,36.05,32.65,33.75,6.25,1.999999999999997,True,False,False,False,424571550.0,-0.0,2026
2301,光寶科,2026-05-07,2026-05-07,1,2026-05-08,2026-05-08,208.0,208.0,214.5,198.5,204.0,1.9230769230769231,1.9999999999999982,True,False,False,False,95848500.0,0.7811076855662843,2026
2327,國巨*,2026-05-07,2026-05-07,1,2026-05-08,2026-05-08,390.0,390.0,400.0,369.5,389.0,0.2564102564102564,2.0000000000000027,True,False,False,False,1852299000.0,0.7980353063949179,2026
2338,光罩,2026-05-07,2026-05-07,1,2026-05-08,2026-05-08,54.0,54.0,57.0,50.2,51.5,4.62962962962963,1.999999999999997,True,False,False,False,132437700.0,0.9468791741324412,2026
2342,茂矽,2026-05-07,2026-05-07,1,2026-05-08,2026-05-08,45.75,45.75,46.7,42.4,43.8,4.262295081967219,1.9999999999999982,True,False,False,False,95621950.0,0.7425052511478795,2026
3090,日電貿,2026-05-07,2026-05-07,1,2026-05-08,2026-05-08,120.0,120.0,123.5,112.0,113.5,5.416666666666667,2.000000000000005,True,False,False,False,297656000.0,0.9357412583653614,2026
3264,欣銓,2026-05-07,2026-05-07,1,2026-05-08,2026-05-08,240.0,240.0,244.5,224.0,224.0,6.666666666666667,2.000000000000005,True,False,False,False,208988500.0,0.7084791746914304,2026
3443,創意,2026-05-07,2026-05-07,1,2026-05-08,2026-05-08,5465.0,5465.0,5555.0,5210.0,5210.0,4.6660567246111615,2.000000000000003,True,False,False,False,495950000.0,0.2521221897368686,2026
4919,新唐,2026-05-07,2026-05-07,1,2026-05-08,2026-05-08,172.5,172.5,179.0,164.0,167.5,2.898550724637681,2.0000000000000098,True,False,False,False,50622000.0,2.4022164276401563,2026
5347,世界,2026-05-06,2026-05-07,2,2026-05-08,2026-05-08,178.5,178.5,184.5,167.0,167.5,6.162464985994398,1.9999999999999962,True,False,False,True,501231000.0,1.0917570940344872,2026
6147,頎邦,2026-05-07,2026-05-07,1,2026-05-08,2026-05-08,189.0,189.0,202.5,181.5,198.0,-4.761904761904762,2.000000000000001,True,False,False,False,317432500.0,-0.0,2026
6182,合晶,2026-05-07,2026-05-07,1,2026-05-08,2026-05-08,56.3,56.3,60.0,53.0,56.9,-1.0657193605683863,1.9999999999999958,True,False,False,False,81454000.0,0.9402533945539814,2026
6274,台燿,2026-05-07,2026-05-07,1,2026-05-08,2026-05-08,1400.0,1400.0,1475.0,1320.0,1370.0,2.142857142857143,2.0,True,False,False,False,190740000.0,-0.0,2026
6285,啟碁,2026-05-07,2026-05-07,1,2026-05-08,2026-05-08,250.0,250.0,270.0,241.5,247.5,1.0,2.0,True,False,False,False,199936000.0,0.0,2026
6488,環球晶,2026-05-07,2026-05-07,1,2026-05-08,2026-05-08,808.0,808.0,842.0,772.0,802.0,0.7425742574257426,1.9999999999999962,True,False,False,False,66612000.0,-0.0,2026
6526,達發,2026-05-06,2026-05-07,2,2026-05-08,2026-05-08,750.0,750.0,787.0,734.0,753.0,-0.4,2.0,True,False,False,False,80640000.0,0.0,2026
6770,力積電,2026-05-07,2026-05-07,1,2026-05-08,2026-05-08,65.0,65.0,66.5,60.1,61.4,5.538461538461541,2.0000000000000067,True,False,False,False,719386200.0,0.3264658121048193,2026
6862,三集瑞-KY,2026-05-07,2026-05-07,1,2026-05-08,2026-05-08,195.0,195.0,198.5,180.5,187.0,4.102564102564102,2.0000000000000027,True,False,False,False,106168000.0,0.0,2026
8150,南茂,2026-05-07,2026-05-07,1,2026-05-08,2026-05-08,100.5,100.5,103.0,88.3,92.7,7.761194029850743,2.0000000000000053,True,False,False,False,312939000.0,0.1522590664634321,2026
2351,順德,2026-05-08,2026-05-08,1,2026-05-11,2026-05-11,185.0,185.0,193.0,176.5,190.5,-2.972972972972973,2.000000000000009,True,False,False,False,536739000.0,0.6729304186951199,2026
2379,瑞昱,2026-05-08,2026-05-08,1,2026-05-11,2026-05-11,615.0,615.0,615.0,581.0,584.0,5.040650406504065,1.9999999999999927,True,False,False,True,525696000.0,0.4410305575846116,2026
2464,盟立,2026-05-08,2026-05-08,1,2026-05-11,2026-05-11,120.5,120.5,123.0,114.0,120.0,0.4149377593360996,1.9999999999999973,True,False,False,False,64538000.0,0.8311382441352382,2026
2472,立隆電,2026-05-08,2026-05-08,1,2026-05-11,2026-05-11,219.0,219.0,228.0,203.5,225.0,-2.73972602739726,1.999999999999998,True,False,False,False,127362500.0,1.360290509372853,2026
3026,禾伸堂,2026-05-05,2026-05-08,4,2026-05-11,2026-05-11,329.0,329.0,351.5,311.0,329.5,-0.1519756838905775,1.9999999999999951,True,False,False,False,231694000.0,0.1976766769963831,2026
3034,聯詠,2026-05-08,2026-05-08,1,2026-05-11,2026-05-11,500.0,500.0,503.0,486.0,496.5,0.7000000000000001,2.0,True,False,False,True,694710000.0,0.5631731225979185,2026
4749,新應材,2026-05-08,2026-05-08,1,2026-05-11,2026-05-11,1145.0,1145.0,1190.0,1075.0,1175.0,-2.6200873362445414,2.000000000000008,True,False,False,False,209405000.0,-0.0,2026
6278,台表科,2026-05-07,2026-05-08,2,2026-05-11,2026-05-11,209.0,209.0,221.0,190.0,215.5,-3.110047846889952,2.000000000000003,True,False,False,True,393483000.0,0.658302899998221,2026
1560,中砂,2026-05-11,2026-05-11,1,2026-05-12,2026-05-12,646.0,646.0,683.0,645.0,668.0,-3.4055727554179565,-3.4055727554179565,False,False,False,False,171088000.0,1.6047180398391472,2026
2049,上銀,2026-05-11,2026-05-11,1,2026-05-12,2026-05-12,355.0,355.0,370.5,349.5,367.5,-3.5211267605633805,-3.5211267605633805,False,False,False,False,69498000.0,0.0,2026
2301,光寶科,2026-05-11,2026-05-11,1,2026-05-12,2026-05-12,245.0,245.0,246.0,230.0,234.5,4.285714285714286,2.0000000000000027,True,False,False,False,206752000.0,0.9708829902491874,2026
2344,華邦電,2026-05-11,2026-05-11,1,2026-05-12,2026-05-12,118.5,118.5,123.5,116.0,121.5,-2.5316455696202533,2.000000000000004,True,False,False,False,354497500.0,1.5800252470045628,2026
2408,南亞科,2026-05-11,2026-05-11,1,2026-05-12,2026-05-12,312.5,312.5,325.0,301.0,321.0,-2.72,2.0,True,False,False,False,1885464000.0,1.2184783162128792,2026
2451,創見,2026-05-11,2026-05-11,1,2026-05-12,2026-05-12,352.0,352.0,360.0,342.5,351.0,0.2840909090909091,2.0000000000000058,True,False,False,False,68013000.0,2.188169908693926,2026
2481,強茂,2026-05-11,2026-05-11,1,2026-05-12,2026-05-12,113.0,113.0,118.5,112.0,115.5,-2.2123893805309733,-2.2123893805309733,False,False,False,True,343350000.0,0.9223853211009174,2026
3006,晶豪科,2026-05-11,2026-05-11,1,2026-05-12,2026-05-12,227.0,227.0,227.5,210.0,220.0,3.0837004405286343,1.9999999999999967,True,False,False,False,606060000.0,0.9663069663069664,2026
3035,智原,2026-05-11,2026-05-11,1,2026-05-12,2026-05-12,200.5,200.5,210.5,187.0,208.5,-3.99002493765586,1.9999999999999956,True,False,False,False,49266000.0,-0.0,2026
3036,文曄,2026-05-08,2026-05-11,2,2026-05-12,2026-05-12,270.0,270.0,283.0,260.0,275.5,-2.037037037037037,1.9999999999999918,True,False,False,True,396177500.0,0.0,2026
3374,精材,2026-05-08,2026-05-11,2,2026-05-12,2026-05-12,248.0,248.0,265.0,236.5,255.5,-3.024193548387097,2.000000000000003,True,False,False,False,122989500.0,0.0,2026
3491,昇達科,2026-05-11,2026-05-11,1,2026-05-12,2026-05-12,1865.0,1865.0,1865.0,1745.0,1765.0,5.361930294906166,1.9999999999999976,True,False,False,False,132860000.0,1.076057504139696,2026
3661,世芯-KY,2026-05-11,2026-05-11,1,2026-05-12,2026-05-12,5555.0,5555.0,5640.0,5300.0,5310.0,4.41044104410441,2.0000000000000067,True,False,False,False,301000000.0,3.7752159468438538,2026
4919,新唐,2026-05-11,2026-05-11,1,2026-05-12,2026-05-12,186.0,186.0,197.0,179.5,181.0,2.6881720430107525,1.9999999999999993,True,False,False,False,160632000.0,1.2473666517256836,2026
4966,譜瑞-KY,2026-05-08,2026-05-11,2,2026-05-12,2026-05-12,787.0,787.0,787.0,723.0,761.0,3.303684879288437,2.000000000000001,True,False,False,False,413805000.0,0.5572262297458948,2026
5289,宜鼎,2026-05-11,2026-05-11,1,2026-05-12,2026-05-12,1820.0,1820.0,1910.0,1785.0,1795.0,1.3736263736263736,1.3736263736263736,False,False,False,False,362560000.0,1.5545840688437775,2026
5483,中美晶,2026-05-11,2026-05-11,1,2026-05-12,2026-05-12,167.0,167.0,167.0,155.0,155.0,7.18562874251497,2.000000000000002,True,False,False,False,553938000.0,0.9200307615653738,2026
6282,康舒,2026-05-11,2026-05-11,1,2026-05-12,2026-05-12,56.3,56.3,56.5,52.5,56.0,0.5328596802841868,1.9999999999999958,True,False,False,False,200769600.0,0.9648074210438232,2026
6415,矽力*-KY,2026-05-11,2026-05-11,1,2026-05-12,2026-05-12,488.0,488.0,492.0,462.0,476.5,2.3565573770491803,1.9999999999999982,True,False,False,False,102024000.0,0.0,2026
6715,嘉基,2026-05-11,2026-05-11,1,2026-05-12,2026-05-12,490.0,490.0,514.0,477.5,480.0,2.0408163265306123,2.0000000000000027,True,False,False,False,49439500.0,0.970883605214454,2026
7769,鴻勁,2026-05-11,2026-05-11,1,2026-05-12,2026-05-12,6515.0,6515.0,7000.0,6415.0,6870.0,-5.448963929393707,-5.448963929393707,False,False,False,False,70180000.0,0.0,2026
8210,勤誠,2026-05-08,2026-05-11,2,2026-05-12,2026-05-12,1505.0,1505.0,1590.0,1485.0,1550.0,-2.990033222591362,-2.990033222591362,False,False,False,False,813290000.0,0.0,2026
8299,群聯,2026-05-11,2026-05-11,1,2026-05-12,2026-05-12,2780.0,2780.0,2860.0,2645.0,2725.0,1.9784172661870505,1.9999999999999967,True,False,False,True,670170000.0,2.545398928630049,2026
2303,聯電,2026-05-12,2026-05-12,1,2026-05-13,2026-05-13,102.0,102.0,102.0,94.5,98.4,3.529411764705877,2.000000000000006,True,False,False,False,1916739000.0,0.965806612167854,2026
2316,楠梓電,2026-05-11,2026-05-12,2,2026-05-13,2026-05-13,140.0,140.0,146.0,135.5,142.5,-1.7857142857142856,2.000000000000008,True,False,False,False,120843000.0,1.0141257664904049,2026
2409,友達,2026-05-12,2026-05-12,1,2026-05-13,2026-05-13,20.2,20.2,20.5,19.25,20.2,0.0,1.9999999999999998,True,False,False,False,694422900.0,0.9482982200039776,2026
2492,華新科,2026-05-11,2026-05-12,2,2026-05-13,2026-05-13,184.5,184.5,205.0,181.5,200.0,-8.401084010840108,-8.401084010840108,False,False,False,False,124062500.0,0.0,2026
3008,大立光,2026-05-12,2026-05-12,1,2026-05-13,2026-05-13,2870.0,2870.0,2870.0,2735.0,2850.0,0.6968641114982579,2.000000000000003,True,False,False,False,134160000.0,0.0,2026
3081,聯亞,2026-05-12,2026-05-12,1,2026-05-13,2026-05-13,2965.0,2965.0,3050.0,2750.0,2835.0,4.3844856661045535,2.000000000000006,True,False,False,False,467415000.0,0.3578511601039761,2026
3305,昇貿,2026-05-12,2026-05-12,1,2026-05-13,2026-05-13,128.0,128.0,134.5,122.0,130.5,-1.953125,2.0000000000000018,True,False,False,False,258285000.0,0.1995760497125268,2026
3450,聯鈞,2026-05-12,2026-05-12,1,2026-05-13,2026-05-13,452.5,452.5,466.0,430.0,441.0,2.541436464088398,2.0000000000000027,True,False,False,False,179731000.0,0.6845730564009548,2026
3481,群創,2026-05-11,2026-05-12,2,2026-05-13,2026-05-13,35.8,35.8,37.95,33.85,37.5,-4.748603351955316,2.000000000000003,True,False,False,True,2920968600.0,0.7912315455907332,2026
3583,辛耘,2026-05-11,2026-05-12,2,2026-05-13,2026-05-13,915.0,915.0,971.0,895.0,966.0,-5.573770491803279,2.000000000000007,True,False,False,False,264996000.0,0.0,2026
3587,閎康,2026-05-11,2026-05-12,2,2026-05-13,2026-05-13,380.0,380.0,399.0,379.0,396.0,-4.2105263157894735,-4.2105263157894735,False,False,False,False,171024000.0,0.0,2026
3691,碩禾,2026-05-12,2026-05-12,1,2026-05-13,2026-05-13,155.0,155.0,157.0,146.5,154.0,0.6451612903225806,1.9999999999999962,True,False,False,False,100905000.0,0.6043704474505723,2026
4977,眾達-KY,2026-05-12,2026-05-12,1,2026-05-13,2026-05-13,268.0,268.0,273.0,243.5,243.5,9.14179104477612,2.0000000000000053,True,False,False,True,452276000.0,0.8921090219246655,2026
5269,祥碩,2026-05-12,2026-05-12,1,2026-05-13,2026-05-13,1490.0,1490.0,1545.0,1410.0,1430.0,4.026845637583892,1.999999999999997,True,False,False,False,207400000.0,3.013066538090646,2026
6116,彩晶,2026-05-12,2026-05-12,1,2026-05-13,2026-05-13,10.85,10.85,11.7,10.65,11.25,-3.686635944700464,-3.6866359447004644,False,False,False,False,171401100.0,0.2333342668162573,2026
6187,萬潤,2026-05-12,2026-05-12,1,2026-05-13,2026-05-13,1215.0,1215.0,1255.0,1155.0,1225.0,-0.823045267489712,1.9999999999999962,True,False,False,False,40260000.0,0.0,2026
6223,旺矽,2026-05-12,2026-05-12,1,2026-05-13,2026-05-13,5490.0,5490.0,5820.0,5315.0,5720.0,-4.189435336976321,2.000000000000003,True,False,False,True,76720000.0,0.0,2026
6531,愛普*,2026-05-11,2026-05-12,2,2026-05-13,2026-05-13,1025.0,1025.0,1105.0,980.0,1040.0,-1.4634146341463417,2.0,True,False,False,True,691025000.0,0.9571867877428458,2026
8042,金山電,2026-05-12,2026-05-12,1,2026-05-13,2026-05-13,99.7,99.7,106.0,99.7,106.0,-6.318956870611832,-6.3189568706118315,False,False,False,False,96527600.0,0.0,2026
8114,振樺電,2026-05-08,2026-05-12,3,2026-05-13,2026-05-13,237.5,237.5,259.5,233.5,247.0,-4.0,-4.0,False,False,False,False,42619500.0,0.0,2026
2337,旺宏,2026-05-13,2026-05-13,1,2026-05-14,2026-05-14,172.0,172.0,178.5,165.0,169.0,1.744186046511628,1.9999999999999987,True,False,False,True,1497552000.0,0.7088161212432023,2026
2377,微星,2026-05-13,2026-05-13,1,2026-05-14,2026-05-14,121.0,121.0,124.0,116.5,117.0,3.3057851239669422,2.0000000000000013,True,False,False,False,551397000.0,1.0418446237465928,2026
3044,健鼎,2026-05-13,2026-05-13,1,2026-05-14,2026-05-14,534.0,534.0,542.0,506.0,512.0,4.119850187265917,2.000000000000012,True,False,False,False,120083000.0,0.8612709542566391,2026
3615,安可,2026-05-13,2026-05-13,1,2026-05-14,2026-05-14,36.8,36.8,37.85,34.25,36.15,1.7663043478260834,1.9999999999999925,True,False,False,False,81983100.0,1.0031488196957663,2026
3673,TPK-KY,2026-05-13,2026-05-13,1,2026-05-14,2026-05-14,69.0,69.0,69.1,64.2,64.3,6.811594202898555,1.9999999999999933,True,False,False,False,133799400.0,0.5512139815275703,2026
6217,中探針,2026-05-12,2026-05-13,2,2026-05-14,2026-05-14,365.5,365.5,371.0,324.5,324.5,11.21751025991792,2.000000000000001,True,False,False,False,68696000.0,4.770947362291836,2026
6831,邁科,2026-05-13,2026-05-13,1,2026-05-14,2026-05-14,733.0,733.0,755.0,709.0,722.0,1.5006821282401093,1.9999999999999956,True,False,False,False,295152000.0,0.8317070526372852,2026
8069,元太,2026-05-11,2026-05-13,3,2026-05-14,2026-05-14,217.0,217.0,231.0,208.5,226.0,-4.147465437788019,2.0000000000000013,True,False,False,False,63235500.0,0.0,2026
2303,聯電,2026-05-14,2026-05-14,1,2026-05-15,2026-05-15,112.0,112.0,118.0,108.0,110.0,1.7857142857142856,2.000000000000008,True,False,False,False,1564704000.0,1.0190809252101356,2026
2327,國巨*,2026-05-14,2026-05-14,1,2026-05-15,2026-05-15,462.0,462.0,492.5,447.5,455.5,1.406926406926407,2.000000000000002,True,False,False,False,570108000.0,0.5544861675331691,2026
2344,華邦電,2026-05-14,2026-05-14,1,2026-05-15,2026-05-15,132.5,132.5,136.5,127.5,129.5,2.2641509433962264,2.000000000000004,True,False,False,False,2042294000.0,1.012262681083135,2026
2345,智邦,2026-05-14,2026-05-14,1,2026-05-15,2026-05-15,2640.0,2640.0,2640.0,2500.0,2505.0,5.113636363636364,2.000000000000007,True,False,False,False,433350000.0,0.0,2026
2492,華新科,2026-05-14,2026-05-14,1,2026-05-15,2026-05-15,215.0,215.0,222.5,204.5,206.0,4.186046511627907,2.0000000000000053,True,False,False,False,81840000.0,0.2290566959921798,2026
2498,宏達電,2026-05-14,2026-05-14,1,2026-05-15,2026-05-15,46.35,46.35,46.9,44.75,45.3,2.2653721682847987,1.9999999999999991,True,False,False,False,73294200.0,0.9338842636934436,2026
3624,光頡,2026-05-14,2026-05-14,1,2026-05-15,2026-05-15,74.1,74.1,80.5,71.4,76.2,-2.8340080971660035,1.9999999999999993,True,False,False,False,127002000.0,0.3527944441819813,2026
5439,高技,2026-05-14,2026-05-14,1,2026-05-15,2026-05-15,428.0,428.0,439.0,389.5,391.0,8.644859813084112,2.0000000000000004,True,False,False,False,129054000.0,0.0,2026
6278,台表科,2026-05-14,2026-05-14,1,2026-05-15,2026-05-15,236.0,236.0,243.0,220.0,220.5,6.567796610169492,1.9999999999999993,True,False,False,False,443186000.0,0.3104610705211807,2026
8021,尖點,2026-05-14,2026-05-14,1,2026-05-15,2026-05-15,470.0,470.0,472.5,441.5,441.5,6.0638297872340425,2.000000000000007,True,False,False,False,302148000.0,0.9132527767848868,2026
8299,群聯,2026-05-14,2026-05-14,1,2026-05-15,2026-05-15,2850.0,2850.0,2850.0,2650.0,2650.0,7.017543859649122,2.0,True,False,False,False,1324800000.0,0.5900890700483091,2026
1727,中華化,2026-05-15,2026-05-15,1,2026-05-18,2026-05-18,88.0,88.0,90.0,84.0,87.7,0.3409090909090876,2.0000000000000058,True,False,False,True,180481000.0,0.8095489275879455,2026
2359,所羅門,2026-05-15,2026-05-15,1,2026-05-18,2026-05-18,136.5,136.5,145.0,130.0,139.0,-1.831501831501832,1.9999999999999925,True,False,False,True,80460000.0,0.9743475018642804,2026
3008,大立光,2026-05-14,2026-05-15,2,2026-05-18,2026-05-18,3400.0,3400.0,3400.0,3125.0,3290.0,3.2352941176470598,2.0,True,False,False,False,1604410000.0,0.9289209117370248,2026
3090,日電貿,2026-05-15,2026-05-15,1,2026-05-18,2026-05-18,141.5,141.5,149.5,137.0,148.0,-4.593639575971731,2.000000000000009,True,False,False,False,55522000.0,0.25589856273189,2026
3305,昇貿,2026-05-15,2026-05-15,1,2026-05-18,2026-05-18,140.0,140.0,140.0,127.0,137.0,2.142857142857143,2.000000000000008,True,False,False,False,209689000.0,0.9832895383162684,2026
3498,陽程,2026-05-11,2026-05-15,5,2026-05-18,2026-05-18,148.5,148.5,153.5,138.5,144.5,2.6936026936026933,1.9999999999999993,True,False,False,False,94272000.0,0.8384408944331296,2026
6215,和椿,2026-05-15,2026-05-15,1,2026-05-18,2026-05-18,132.0,132.0,132.0,124.0,127.0,3.787878787878788,2.000000000000011,True,False,False,False,130108500.0,0.9722039682265188,2026
6451,訊芯-KY,2026-05-14,2026-05-15,2,2026-05-18,2026-05-18,569.0,569.0,583.0,520.0,520.0,8.611599297012303,1.9999999999999993,True,False,False,False,703299000.0,0.4458416690482995,2026
8028,昇陽半導體,2026-05-14,2026-05-15,2,2026-05-18,2026-05-18,285.0,285.0,285.0,270.0,278.5,2.280701754385965,1.9999999999999958,True,False,False,True,1177806500.0,0.149204050071043,2026
2313,華通,2026-05-18,2026-05-18,1,2026-05-19,2026-05-19,263.0,263.0,279.0,252.0,256.0,2.6615969581749046,1.9999999999999967,True,False,False,True,1229473000.0,0.8730634995644475,2026
2327,國巨*,2026-05-18,2026-05-18,1,2026-05-19,2026-05-19,501.0,501.0,516.0,485.5,497.0,0.7984031936127743,1.9999999999999962,True,False,False,False,1403301000.0,0.791912782788582,2026
2464,盟立,2026-05-15,2026-05-18,2,2026-05-19,2026-05-19,138.0,138.0,140.5,129.5,135.0,2.1739130434782608,1.9999999999999933,True,False,False,False,145137000.0,0.8492321048388763,2026
2481,強茂,2026-05-18,2026-05-18,1,2026-05-19,2026-05-19,130.0,130.0,140.5,126.5,135.0,-3.8461538461538463,2.0000000000000067,True,False,False,False,187695000.0,0.3143131143610645,2026
3138,耀登,2026-05-18,2026-05-18,1,2026-05-19,2026-05-19,167.0,167.0,174.5,162.0,167.0,0.0,2.000000000000002,True,False,False,False,63733000.0,1.0219195707090518,2026
3491,昇達科,2026-05-18,2026-05-18,1,2026-05-19,2026-05-19,1865.0,1865.0,1930.0,1730.0,1765.0,5.361930294906166,1.9999999999999976,True,False,False,False,200340000.0,0.4757412398921833,2026
6207,雷科,2026-05-15,2026-05-18,2,2026-05-19,2026-05-19,84.8,84.8,93.3,83.9,83.9,1.0613207547169712,1.0613207547169712,False,False,False,False,83044900.0,1.2911593607795302,2026
6285,啟碁,2026-05-18,2026-05-18,1,2026-05-19,2026-05-19,290.5,290.5,310.0,287.5,292.0,-0.5163511187607573,-0.5163511187607573,False,False,False,False,306020000.0,2.502829880399974,2026
6415,矽力*-KY,2026-05-18,2026-05-18,1,2026-05-19,2026-05-19,525.0,525.0,544.0,478.0,482.0,8.190476190476192,2.0,True,False,False,False,198918000.0,0.0,2026
6706,惠特,2026-05-18,2026-05-18,1,2026-05-19,2026-05-19,174.5,174.5,182.0,171.5,173.0,0.8595988538681949,0.8595988538681949,False,False,False,False,102660000.0,0.9942528735632185,2026
7751,竑騰,2026-05-18,2026-05-18,1,2026-05-19,2026-05-19,1795.0,1795.0,1825.0,1610.0,1610.0,10.30640668523677,2.000000000000005,True,False,False,False,49980000.0,0.0,2026
8064,東捷,2026-05-18,2026-05-18,1,2026-05-19,2026-05-19,130.5,130.5,143.5,130.5,137.0,-4.980842911877394,-4.980842911877394,False,False,False,False,69168000.0,0.0,2026
8096,擎亞,2026-05-18,2026-05-18,1,2026-05-19,2026-05-19,105.0,105.0,113.0,103.0,105.5,-0.4761904761904762,-0.4761904761904762,False,False,False,False,87570000.0,-0.0,2026
1582,信錦,2026-05-19,2026-05-19,1,2026-05-20,2026-05-20,114.0,114.0,118.5,106.5,107.0,6.140350877192982,2.000000000000001,True,False,False,False,311571000.0,0.8925509755400856,2026
3167,大量,2026-05-19,2026-05-19,1,2026-05-20,2026-05-20,793.0,793.0,828.0,753.0,780.0,1.639344262295082,2.0000000000000018,True,False,False,False,146608000.0,0.0,2026
5243,乙盛-KY,2026-05-19,2026-05-19,1,2026-05-20,2026-05-20,115.0,115.0,115.0,103.5,104.5,9.130434782608695,1.9999999999999976,True,False,False,False,222359000.0,0.4436429377718014,2026
2388,威盛,2026-05-20,2026-05-20,1,2026-05-21,2026-05-21,82.2,82.2,88.6,80.2,86.0,-4.622871046228707,2.0000000000000067,True,False,False,False,70752200.0,0.9882095539078644,2026
2472,立隆電,2026-05-20,2026-05-20,1,2026-05-21,2026-05-21,264.5,264.5,272.5,255.0,266.0,-0.5671077504725899,2.0000000000000075,True,False,False,True,593640000.0,0.3275486827033219,2026
3675,德微,2026-05-19,2026-05-20,2,2026-05-21,2026-05-21,324.0,324.0,332.0,311.0,316.5,2.314814814814815,2.0000000000000058,True,False,False,False,73825500.0,1.0846455493020704,2026
3694,海華,2026-05-20,2026-05-20,1,2026-05-21,2026-05-21,71.2,71.2,72.9,67.6,71.8,-0.8426966292134751,2.000000000000009,True,False,False,True,64578400.0,1.009538793156845,2026
3702,大聯大,2026-05-20,2026-05-20,1,2026-05-21,2026-05-21,117.0,117.0,127.5,114.0,123.5,-5.555555555555555,2.0000000000000027,True,False,False,True,83062000.0,0.0,2026
6127,九豪,2026-05-20,2026-05-20,1,2026-05-21,2026-05-21,52.7,52.7,56.6,51.5,53.0,-0.5692599620493305,2.000000000000004,True,False,False,True,155101700.0,0.9752439850755988,2026
6155,鈞寶,2026-05-20,2026-05-20,1,2026-05-21,2026-05-21,56.5,56.5,61.0,55.4,59.4,-5.132743362831856,-5.132743362831856,False,False,False,False,136787300.0,1.0613090542762376,2026
6175,立敦,2026-05-20,2026-05-20,1,2026-05-21,2026-05-21,83.0,83.0,87.0,81.1,85.2,-2.6506024096385574,1.9999999999999958,True,False,False,False,114100000.0,1.0431586327782647,2026
6683,雍智科技,2026-05-20,2026-05-20,1,2026-05-21,2026-05-21,1880.0,1880.0,1940.0,1620.0,1685.0,10.372340425531917,2.000000000000007,True,False,False,False,87220000.0,1.7000687915615684,2026
6719,力智,2026-05-20,2026-05-20,1,2026-05-21,2026-05-21,237.0,237.0,243.0,228.5,233.5,1.4767932489451476,2.000000000000004,True,False,False,False,43848000.0,-0.0,2026
1560,中砂,2026-05-21,2026-05-21,1,2026-05-22,2026-05-22,678.0,678.0,690.0,660.0,688.0,-1.4749262536873156,2.000000000000009,True,False,False,False,132462000.0,0.0,2026
2316,楠梓電,2026-05-21,2026-05-21,1,2026-05-22,2026-05-22,160.0,160.0,163.5,153.0,153.5,4.0625,1.9999999999999927,True,False,False,False,115364000.0,1.715106098956347,2026
3037,欣興,2026-05-21,2026-05-21,1,2026-05-22,2026-05-22,932.0,932.0,986.0,931.0,970.0,-4.07725321888412,-4.07725321888412,False,False,False,True,1723120000.0,0.318056780723339,2026
3090,日電貿,2026-05-19,2026-05-21,3,2026-05-22,2026-05-22,196.0,196.0,215.5,188.0,215.0,-9.693877551020408,2.000000000000008,True,False,False,False,66569000.0,-0.0,2026
3443,創意,2026-05-21,2026-05-21,1,2026-05-22,2026-05-22,5105.0,5105.0,5195.0,4955.0,5140.0,-0.6856023506366308,2.000000000000007,True,False,False,False,790140000.0,0.6049813957020275,2026
4916,事欣科,2026-05-18,2026-05-21,4,2026-05-22,2026-05-22,100.0,100.0,105.0,97.4,98.3,1.7000000000000028,2.0,True,False,False,False,117330600.0,1.3941052035871286,2026
4960,誠美材,2026-05-21,2026-05-21,1,2026-05-22,2026-05-22,37.0,37.0,37.35,35.6,35.8,3.243243243243251,2.0000000000000053,True,False,False,False,155896650.00000003,0.9787227628047168,2026
6207,雷科,2026-05-21,2026-05-21,1,2026-05-22,2026-05-22,90.0,90.0,93.5,88.1,89.9,0.1111111111111048,1.999999999999997,True,False,False,False,83378000.0,0.9908860850584088,2026
6415,矽力*-KY,2026-05-21,2026-05-21,1,2026-05-22,2026-05-22,564.0,564.0,573.0,547.0,562.0,0.3546099290780142,1.9999999999999951,True,False,False,False,175455000.0,0.8552278361973156,2026
6834,天二科技,2026-05-20,2026-05-21,2,2026-05-22,2026-05-25,73.2,68.8,77.5,67.0,77.5,-12.645348837209308,2.000000000000007,True,False,True,False,99633000.0,1.0507813676191624,2026
7610,聯友金屬-創,2026-05-20,2026-05-21,2,2026-05-22,2026-05-22,1270.0,1270.0,1310.0,1215.0,1250.0,1.574803149606299,2.000000000000007,True,False,False,False,147520000.0,-0.0,2026
8043,蜜望實,2026-05-21,2026-05-21,1,2026-05-22,2026-05-22,129.5,129.5,138.0,126.5,130.5,-0.7722007722007722,2.0000000000000027,True,False,False,False,42168000.0,1.0027034718269778,2026
1727,中華化,2026-05-21,2026-05-22,2,2026-05-25,2026-05-25,109.0,109.0,112.0,101.0,104.5,4.128440366972478,2.000000000000006,True,False,False,False,71292000.0,1.0392540537507715,2026
2344,華邦電,2026-05-22,2026-05-22,1,2026-05-25,2026-05-25,120.5,120.5,133.0,119.0,128.5,-6.639004149377594,-6.639004149377594,False,False,False,True,2276125000.0,0.5339570542039651,2026
2426,鼎元,2026-05-21,2026-05-22,2,2026-05-25,2026-05-25,83.2,83.2,88.8,78.0,78.2,6.009615384615384,2.0000000000000018,True,False,False,False,124217600.0,0.909685906022979,2026
2455,全新,2026-05-22,2026-05-22,1,2026-05-25,2026-05-25,435.0,435.0,460.0,422.5,444.0,-2.0689655172413794,1.9999999999999973,True,False,False,False,349350000.0,0.7612881064834693,2026
2478,大毅,2026-05-20,2026-05-22,3,2026-05-25,2026-05-25,134.0,134.0,134.0,119.0,120.0,10.44776119402985,2.0000000000000053,True,False,False,True,153835000.0,1.0897390060779406,2026
3048,益登,2026-05-20,2026-05-22,3,2026-05-25,2026-05-25,79.1,79.1,81.9,73.0,73.3,7.332490518331223,2.00000000000001,True,False,False,False,59552600.0,1.5274782293300375,2026
3105,穩懋,2026-05-22,2026-05-22,1,2026-05-25,2026-05-25,551.0,551.0,565.0,538.0,543.0,1.4519056261343013,1.9999999999999967,True,False,False,False,268686000.0,1.1499184922176815,2026
3163,波若威,2026-05-21,2026-05-22,2,2026-05-25,2026-05-25,1245.0,1245.0,1255.0,1145.0,1210.0,2.8112449799196786,2.000000000000007,True,False,False,False,113400000.0,0.0,2026
3714,富采,2026-05-22,2026-05-22,1,2026-05-25,2026-05-25,85.1,85.1,87.1,78.8,79.7,6.345475910693292,1.999999999999998,True,False,False,False,75946200.00000001,0.9067050095989,2026
4931,新盛力,2026-05-22,2026-05-22,1,2026-05-25,2026-05-25,231.5,231.5,233.0,220.0,223.5,3.455723542116631,1.999999999999998,True,False,False,False,49184000.0,1.2541883539362395,2026
4958,臻鼎-KY,2026-05-22,2026-05-22,1,2026-05-25,2026-05-25,558.0,558.0,558.0,525.0,529.0,5.197132616487455,1.9999999999999942,True,False,False,False,102168000.0,0.0,2026
4991,環宇-KY,2026-05-22,2026-05-22,1,2026-05-25,2026-05-25,865.0,865.0,895.0,840.0,840.0,2.8901734104046244,2.000000000000008,True,False,False,False,131054000.0,1.5318876188441406,2026
6261,久元,2026-05-22,2026-05-22,1,2026-05-25,2026-05-25,128.0,128.0,129.0,119.5,121.0,5.46875,2.0000000000000018,True,False,False,False,118544000.0,0.9033354703738696,2026
6271,同欣電,2026-05-21,2026-05-22,2,2026-05-25,2026-05-25,234.0,234.0,249.0,227.5,243.5,-4.05982905982906,2.0000000000000027,True,False,False,False,44100000.0,0.5411111111111111,2026
6291,沛亨,2026-05-22,2026-05-22,1,2026-05-25,2026-05-25,553.0,553.0,568.0,529.0,534.0,3.4358047016274864,2.0000000000000107,True,False,False,False,147693000.0,0.4374885742723081,2026
6706,惠特,2026-05-22,2026-05-22,1,2026-05-25,2026-05-25,189.0,189.0,195.5,178.0,179.5,5.026455026455026,2.000000000000001,True,False,False,False,41625000.0,1.5955555555555556,2026
6937,天虹,2026-05-22,2026-05-22,1,2026-05-25,2026-05-25,330.0,330.0,352.0,330.0,351.5,-6.515151515151516,-6.515151515151516,False,False,False,False,56612500.0,-0.0,2026
8028,昇陽半導體,2026-05-22,2026-05-22,1,2026-05-25,2026-05-25,308.0,308.0,321.0,305.5,311.5,-1.1363636363636365,-1.1363636363636365,False,False,False,False,935214000.0,0.0959267076840167,2026
8096,擎亞,2026-05-22,2026-05-22,1,2026-05-25,2026-05-25,121.0,121.0,126.5,117.5,124.5,-2.8925619834710745,2.0000000000000013,True,False,False,True,334170000.0,1.0487700870814256,2026
8289,泰藝,2026-05-21,2026-05-22,2,2026-05-25,2026-05-25,71.2,71.2,73.4,66.7,67.9,4.634831460674153,2.000000000000009,True,False,False,False,41282400.0,1.003308916148286,2026
8996,高力,2026-05-22,2026-05-22,1,2026-05-25,2026-05-25,1185.0,1185.0,1210.0,1130.0,1135.0,4.219409282700422,2.000000000000004,True,False,False,False,150930000.0,0.24816139932419,2026
2301,光寶科,2026-05-25,2026-05-25,1,2026-05-26,2026-05-26,234.0,234.0,241.5,224.0,239.5,-2.3504273504273505,2.0000000000000027,True,False,False,False,285512500.0,0.7759292500328356,2026
2316,楠梓電,2026-05-25,2026-05-25,1,2026-05-26,2026-05-26,175.0,175.0,177.0,165.0,171.5,2.0,2.0,True,False,False,False,70770000.0,1.046884272997033,2026
2327,國巨*,2026-05-21,2026-05-25,3,2026-05-26,2026-05-26,674.0,674.0,678.0,631.0,661.0,1.9287833827893173,2.0000000000000027,True,False,False,False,1932248000.0,0.1193889190207468,2026
2353,宏碁,2026-05-25,2026-05-25,1,2026-05-26,2026-05-26,34.25,34.25,34.25,31.2,31.9,6.861313868613143,2.0000000000000067,True,False,False,False,239557500.0,1.123622512340461,2026
2356,英業達,2026-05-22,2026-05-25,2,2026-05-26,2026-05-26,69.0,69.0,69.5,61.5,62.6,9.275362318840576,1.9999999999999933,True,False,False,True,367673500.0,-0.0,2026
2409,友達,2026-05-22,2026-05-25,2,2026-05-26,2026-05-26,25.5,25.5,25.8,22.0,22.0,13.725490196078432,2.000000000000006,True,False,False,False,1687760399.9999998,0.9854609694598832,2026
2441,超豐,2026-05-22,2026-05-25,2,2026-05-26,2026-05-26,130.5,130.5,137.5,125.0,136.0,-4.21455938697318,1.9999999999999998,True,False,False,False,109610500.0,1.3685550198201817,2026
2454,聯發科,2026-05-25,2026-05-25,1,2026-05-26,2026-05-26,4375.0,4375.0,4440.0,4180.0,4265.0,2.5142857142857142,2.0,True,False,False,True,2593695000.0,0.9751127252818856,2026
2489,瑞軒,2026-05-21,2026-05-25,3,2026-05-26,2026-05-26,57.5,57.5,57.7,50.9,51.7,10.086956521739124,1.9999999999999976,True,False,False,False,314949300.0,0.8352125246825443,2026
3189,景碩,2026-05-21,2026-05-25,3,2026-05-26,2026-05-26,670.0,670.0,719.0,654.0,696.0,-3.880597014925373,1.9999999999999967,True,False,False,False,333091000.0,0.8817770519167435,2026
3481,群創,2026-05-21,2026-05-25,3,2026-05-26,2026-05-26,52.0,52.0,52.2,44.65,45.7,12.11538461538461,1.9999999999999982,True,False,False,False,1444579050.0,0.921162881325186,2026
3711,日月光投控,2026-05-22,2026-05-25,2,2026-05-26,2026-05-26,636.0,636.0,636.0,590.0,611.0,3.930817610062893,2.000000000000004,True,False,False,False,754189000.0,-0.0,2026
4760,勤凱科技,2026-05-21,2026-05-25,3,2026-05-26,2026-05-27,412.5,400.0,414.0,376.0,387.0,3.25,2.0,True,False,True,False,75375000.0,1.0651608623548925,2026
4906,正文,2026-05-25,2026-05-25,1,2026-05-26,2026-05-26,44.45,44.45,44.45,42.0,42.85,3.5995500562429728,2.000000000000006,True,False,False,False,44565799.99999999,0.7538157062141823,2026
4908,前鼎,2026-05-22,2026-05-25,2,2026-05-26,2026-05-26,311.0,311.0,312.5,270.0,286.5,7.877813504823152,2.000000000000009,True,False,False,False,61984000.0,1.1555401393908105,2026
4919,新唐,2026-05-20,2026-05-25,4,2026-05-26,2026-05-26,226.0,226.0,230.0,206.0,211.0,6.637168141592921,2.0000000000000044,True,False,False,False,776848500.0,1.040538792312787,2026
4927,泰鼎-KY,2026-05-22,2026-05-25,2,2026-05-26,2026-05-26,63.9,63.9,65.9,59.7,61.2,4.22535211267605,1.999999999999998,True,False,False,False,89755000.0,0.991418862458916,2026
5243,乙盛-KY,2026-05-22,2026-05-25,2,2026-05-26,2026-05-26,143.0,143.0,143.5,126.5,132.0,7.6923076923076925,2.0000000000000093,True,False,False,False,77778000.0,1.4968757232122194,2026
6274,台燿,2026-05-21,2026-05-25,3,2026-05-26,2026-05-26,1640.0,1640.0,1700.0,1560.0,1580.0,3.658536585365853,1.9999999999999973,True,False,False,False,56885000.0,5.943921947789399,2026
6282,康舒,2026-05-25,2026-05-25,1,2026-05-26,2026-05-26,63.6,63.6,63.7,60.0,62.4,1.8867924528301927,1.9999999999999976,True,False,False,True,281173600.00000006,1.0774553514270184,2026
6415,矽力*-KY,2026-05-25,2026-05-25,1,2026-05-26,2026-05-26,646.0,646.0,651.0,612.0,630.0,2.476780185758514,1.9999999999999938,True,False,False,False,244728000.0,0.5998087672844954,2026
6531,愛普*,2026-05-22,2026-05-25,2,2026-05-26,2026-05-26,1055.0,1055.0,1125.0,1045.0,1080.0,-2.3696682464454977,-2.3696682464454977,False,False,False,False,665393000.0,0.172048699039515,2026
2351,順德,2026-05-26,2026-05-26,1,2026-05-27,2026-05-27,227.5,227.5,232.0,215.0,229.0,-0.6593406593406593,2.000000000000005,True,False,False,False,46440000.0,1.7357450473729543,2026
2464,盟立,2026-05-25,2026-05-26,2,2026-05-27,2026-05-27,177.0,177.0,184.0,173.0,177.0,0.0,1.9999999999999956,True,False,False,False,105488000.0,0.7751971788260276,2026
2481,強茂,2026-05-26,2026-05-26,1,2026-05-27,2026-05-27,157.5,157.5,161.5,143.0,147.5,6.349206349206349,2.0000000000000036,True,False,False,False,369264000.0,0.8032803089388622,2026
2493,揚博,2026-05-26,2026-05-26,1,2026-05-27,2026-05-27,171.0,171.0,171.5,151.0,158.0,7.602339181286549,2.0000000000000093,True,False,False,False,115104000.0,0.9347894078398664,2026
3037,欣興,2026-05-26,2026-05-26,1,2026-05-27,2026-05-27,1105.0,1105.0,1110.0,1045.0,1080.0,2.262443438914027,1.9999999999999918,True,False,False,False,1503810000.0,1.007600694236639,2026
3211,順達,2026-05-22,2026-05-26,3,2026-05-27,2026-05-27,470.0,470.0,492.5,455.0,464.0,1.276595744680851,2.000000000000007,True,False,False,True,555412000.0,0.9114387157641536,2026
5425,台半,2026-05-26,2026-05-26,1,2026-05-27,2026-05-27,108.5,108.5,110.5,98.4,104.5,3.686635944700461,2.0000000000000013,True,False,False,False,401799000.0,1.0351195498246637,2026
6147,頎邦,2026-05-25,2026-05-26,2,2026-05-27,2026-05-27,272.0,272.0,281.0,258.0,265.0,2.5735294117647056,1.9999999999999991,True,False,False,True,688403000.0,1.5594281256763842,2026
6182,合晶,2026-05-21,2026-05-26,4,2026-05-27,2026-05-27,85.4,85.4,92.8,79.3,90.2,-5.62060889929742,1.999999999999998,True,False,False,False,100864500.0,0.0,2026
6239,力成,2026-05-21,2026-05-26,4,2026-05-27,2026-05-27,343.0,343.0,353.5,332.0,340.5,0.7288629737609329,2.000000000000004,True,False,False,False,172896000.0,0.764124097723487,2026
6442,光聖,2026-05-25,2026-05-26,2,2026-05-27,2026-05-27,2280.0,2280.0,2305.0,2040.0,2040.0,10.526315789473683,1.9999999999999958,True,False,False,False,361405000.0,0.186273017805509,2026
6456,GIS-KY,2026-05-26,2026-05-26,1,2026-05-27,2026-05-27,80.7,80.7,85.9,77.4,79.0,2.1065675340768317,2.0000000000000053,True,False,False,False,209510000.0,0.3683976898477399,2026
6488,環球晶,2026-05-25,2026-05-26,2,2026-05-27,2026-05-27,883.0,883.0,949.0,854.0,930.0,-5.322763306908267,1.9999999999999962,True,False,False,True,55058000.0,1.841149333430201,2026
7712,博盛半導體,2026-05-26,2026-05-26,1,2026-05-27,2026-05-27,195.0,195.0,198.5,168.0,169.5,13.076923076923078,2.0000000000000027,True,False,False,False,55568000.0,0.9089943852577024,2026
8050,廣積,2026-05-26,2026-05-26,1,2026-05-27,2026-05-27,66.0,66.0,66.1,56.8,57.9,12.272727272727275,2.000000000000011,True,False,False,False,51385500.0,0.1205651399713927,2026
8086,宏捷科,2026-05-26,2026-05-26,1,2026-05-27,2026-05-27,182.5,182.5,183.0,170.5,173.5,4.931506849315069,2.000000000000003,True,False,False,False,78223000.0,1.104572823849763,2026
8996,高力,2026-05-26,2026-05-26,1,2026-05-27,2026-05-27,1260.0,1260.0,1260.0,1175.0,1215.0,3.571428571428571,2.0000000000000036,True,False,False,False,98355000.0,0.0,2026
2303,聯電,2026-05-27,2026-05-27,1,2026-05-28,2026-05-28,145.0,145.0,151.0,137.0,142.0,2.0689655172413794,2.000000000000004,True,False,False,False,787384500.0,0.8420257193277236,2026
2344,華邦電,2026-05-26,2026-05-27,2,2026-05-28,2026-05-28,151.0,151.0,156.5,142.0,144.0,4.635761589403973,2.0000000000000067,True,False,False,False,917958000.0,1.54156072500049,2026
3481,群創,2026-05-27,2026-05-27,1,2026-05-28,2026-05-28,50.2,50.2,52.2,46.2,46.4,7.569721115537857,1.9999999999999956,True,False,False,False,951490800.0,1.5732751173211554,2026
6706,惠特,2026-05-26,2026-05-27,2,2026-05-28,2026-05-28,215.0,215.0,222.0,195.0,202.5,5.813953488372093,2.0000000000000053,True,False,False,True,404081500.0,-0.0,2026
8110,華東,2026-05-26,2026-05-27,2,2026-05-28,2026-05-28,61.9,61.9,66.0,60.3,62.0,-0.1615508885298892,1.9999999999999993,True,False,False,False,232294400.0,1.02410561769892,2026
2375,凱美,2026-05-27,2026-05-28,2,2026-05-29,2026-05-29,171.5,171.5,176.5,158.5,166.5,2.915451895043732,2.000000000000004,True,False,False,True,330504500.0,1.032235567140538,2026
2472,立隆電,2026-05-26,2026-05-28,3,2026-05-29,2026-05-29,404.0,404.0,404.0,362.0,371.0,8.16831683168317,1.9999999999999962,True,False,False,True,416074500.0,0.9933173025503846,2026
3042,晶技,2026-05-28,2026-05-28,1,2026-05-29,2026-05-29,222.0,222.0,228.0,212.0,215.5,2.927927927927928,1.9999999999999991,True,False,False,False,60030000.0,0.0,2026
5425,台半,2026-05-28,2026-05-28,1,2026-05-29,2026-06-01,125.5,115.5,115.5,105.0,106.5,7.792207792207792,2.000000000000002,True,False,True,False,77058500.0,0.9887423191471416,2026
6175,立敦,2026-05-28,2026-05-28,1,2026-05-29,2026-05-29,115.0,115.0,115.5,102.0,103.0,10.434782608695652,1.9999999999999976,True,False,False,False,42907000.0,0.9698184445428484,2026
6187,萬潤,2026-05-28,2026-05-28,1,2026-05-29,2026-05-29,1225.0,1225.0,1285.0,1120.0,1120.0,8.571428571428571,2.0,True,False,False,True,1085000000.0,0.2663225806451613,2026
2313,華通,2026-05-29,2026-05-29,1,2026-06-01,2026-06-01,288.5,288.5,291.5,278.5,282.0,2.253032928942808,1.9999999999999938,True,False,False,False,207400500.0,0.9164298060997924,2026
2317,鴻海,2026-05-29,2026-05-29,1,2026-06-01,2026-06-01,302.0,302.0,304.5,293.0,293.5,2.814569536423841,2.0000000000000067,True,False,False,False,1434307000.0,0.2592642300428011,2026
2344,華邦電,2026-05-29,2026-05-29,1,2026-06-01,2026-06-01,168.0,168.0,173.5,166.0,168.0,0.0,0.0,False,False,False,False,2025876000.0,0.6718752776576651,2026
2464,盟立,2026-05-29,2026-05-29,1,2026-06-01,2026-06-01,194.5,194.5,202.0,191.5,199.0,-2.313624678663239,-2.313624678663239,False,False,False,False,193356000.0,0.8295268830550901,2026
2481,強茂,2026-05-29,2026-05-29,1,2026-06-01,2026-06-01,163.5,163.5,163.5,151.0,157.0,3.9755351681957194,2.000000000000006,True,False,False,False,723450000.0,-0.0,2026
3491,昇達科,2026-05-29,2026-05-29,1,2026-06-01,2026-06-01,2180.0,2180.0,2200.0,2085.0,2165.0,0.6880733944954129,1.9999999999999958,True,False,False,False,63800000.0,1.018025078369906,2026
5328,華容,2026-05-29,2026-05-29,1,2026-06-01,2026-06-01,41.7,41.7,43.35,39.8,39.8,4.55635491606716,2.000000000000007,True,False,False,True,55162800.0,0.9978354978354976,2026
6147,頎邦,2026-05-29,2026-05-29,1,2026-06-01,2026-06-01,313.0,313.0,313.5,284.0,285.5,8.78594249201278,1.9999999999999973,True,False,False,True,1539109000.0,0.5561198069792328,2026
6274,台燿,2026-05-29,2026-05-29,1,2026-06-01,2026-06-01,1690.0,1690.0,1815.0,1650.0,1705.0,-0.8875739644970414,1.9999999999999973,True,False,False,False,111540000.0,7.520710059171598,2026
6770,力積電,2026-05-29,2026-05-29,1,2026-06-01,2026-06-01,93.2,93.2,94.5,87.0,87.0,6.652360515021462,2.0000000000000044,True,False,False,True,254480300.00000003,5.883980017313717,2026
8150,南茂,2026-05-27,2026-05-29,3,2026-06-01,2026-06-01,113.0,113.0,114.0,103.0,106.5,5.752212389380531,2.0000000000000044,True,False,False,False,526350100.0,0.7008947086739415,2026
1303,南亞,2026-06-01,2026-06-01,1,2026-06-02,2026-06-02,110.0,110.0,118.0,108.5,112.5,-2.272727272727273,-2.272727272727273,False,False,False,False,431505000.0,1.0780581916779644,2026
2328,廣宇,2026-06-01,2026-06-01,1,2026-06-02,2026-06-02,64.4,64.4,64.5,59.0,61.7,4.192546583850936,2.0000000000000058,True,False,False,False,213805000.0,0.413536166132691,2026
2356,英業達,2026-05-29,2026-06-01,2,2026-06-02,2026-06-02,77.0,77.0,83.5,75.3,80.6,-4.675324675324668,2.000000000000008,True,False,False,False,667407600.0,0.3084358044469377,2026
2382,廣達,2026-05-29,2026-06-01,2,2026-06-02,2026-06-02,375.0,375.0,409.5,369.5,400.5,-6.800000000000001,-6.800000000000001,False,False,False,False,4692155500.0,0.3362995962090344,2026
3450,聯鈞,2026-06-01,2026-06-01,1,2026-06-02,2026-06-02,555.0,555.0,592.0,540.0,548.0,1.2612612612612613,2.000000000000004,True,False,False,False,354123000.0,0.7164855149199572,2026
3481,群創,2026-05-29,2026-06-01,2,2026-06-02,2026-06-02,58.0,58.0,58.8,53.6,56.2,3.103448275862064,2.000000000000006,True,False,False,False,2190087900.0,0.7091950053694193,2026
3532,台勝科,2026-05-29,2026-06-01,2,2026-06-02,2026-06-02,324.5,324.5,328.5,315.5,315.5,2.773497688751926,2.0000000000000027,True,False,False,True,144120000.0,0.9369553150152652,2026
3661,世芯-KY,2026-06-01,2026-06-01,1,2026-06-02,2026-06-02,4870.0,4870.0,4870.0,4500.0,4575.0,6.057494866529774,1.9999999999999925,True,False,False,False,495210000.0,0.9330889925486158,2026
6213,聯茂,2026-06-01,2026-06-01,1,2026-06-02,2026-06-02,293.0,293.0,294.5,268.0,273.0,6.825938566552901,2.0000000000000044,True,False,False,False,245735000.0,0.8654322746047571,2026
6548,長科*,2026-06-01,2026-06-01,1,2026-06-02,2026-06-02,77.5,77.5,82.5,74.1,81.1,-4.645161290322573,1.9999999999999962,True,False,False,False,93075000.0,0.0,2026
6805,富世達,2026-06-01,2026-06-01,1,2026-06-02,2026-06-02,2150.0,2150.0,2245.0,2100.0,2190.0,-1.8604651162790695,2.0,True,False,False,False,345560000.0,0.0,2026
8358,金居,2026-05-29,2026-06-01,2,2026-06-02,2026-06-02,662.0,662.0,687.0,613.0,627.0,5.287009063444108,2.0000000000000013,True,False,False,False,592032000.0,0.7328725474298686,2026
2324,仁寶,2026-06-01,2026-06-02,2,2026-06-03,2026-06-03,45.0,45.0,47.75,43.3,47.05,-4.555555555555549,1.999999999999997,True,False,False,False,353438250.0,-0.0,2026
2344,華邦電,2026-06-02,2026-06-02,1,2026-06-03,2026-06-03,188.0,188.0,193.0,177.0,177.5,5.585106382978723,1.9999999999999951,True,False,False,False,1016410500.0,1.529096757658446,2026
2353,宏碁,2026-05-29,2026-06-02,3,2026-06-03,2026-06-03,44.0,44.0,44.2,41.8,43.4,1.3636363636363669,2.0000000000000058,True,False,False,False,329251899.99999994,0.7301175786684907,2026
2408,南亞科,2026-06-01,2026-06-02,2,2026-06-03,2026-06-03,430.0,430.0,430.5,400.0,401.5,6.627906976744185,2.0000000000000053,True,False,False,False,4255102000.0,0.5192483047409909,2026
2474,可成,2026-06-01,2026-06-02,2,2026-06-03,2026-06-03,241.0,241.0,266.0,233.0,257.0,-6.639004149377594,1.9999999999999973,True,False,False,False,206938500.0,0.0,2026
3059,華晶科,2026-06-02,2026-06-02,1,2026-06-03,2026-06-03,54.0,54.0,54.5,50.2,50.6,6.296296296296294,1.999999999999997,True,False,False,False,200940000.0,0.7692992933213895,2026
3231,緯創,2026-05-29,2026-06-02,3,2026-06-03,2026-06-03,193.0,193.0,201.0,188.0,194.0,-0.5181347150259068,2.000000000000007,True,False,False,False,280857500.0,1.054762646537835,2026
3260,威剛,2026-06-02,2026-06-02,1,2026-06-03,2026-06-03,480.5,480.5,481.0,456.5,462.0,3.850156087408949,2.0000000000000027,True,False,False,False,775614000.0,0.3383332430822548,2026
6127,九豪,2026-05-29,2026-06-02,3,2026-06-03,2026-06-03,79.8,79.8,80.5,74.4,74.6,6.516290726817046,2.0000000000000044,True,False,False,False,139772600.0,0.8262048498775868,2026
1504,東元,2026-06-03,2026-06-03,1,2026-06-04,2026-06-04,83.5,83.5,89.6,83.2,87.0,-4.191616766467066,-4.191616766467066,False,False,False,True,458492000.0,0.1981016026451934,2026
1519,華城,2026-06-03,2026-06-03,1,2026-06-04,2026-06-04,946.0,946.0,997.0,910.0,910.0,3.8054968287526423,2.0000000000000075,True,False,False,False,209440000.0,0.5604946524064172,2026
1608,華榮,2026-06-03,2026-06-03,1,2026-06-04,2026-06-04,38.6,38.6,39.4,38.25,38.8,-0.5181347150258957,-0.5181347150258957,False,False,False,True,71668599.99999999,-0.0,2026
1609,大亞,2026-06-03,2026-06-03,1,2026-06-04,2026-06-04,43.6,43.6,44.65,42.2,43.0,1.376146788990829,1.9999999999999998,True,False,False,False,100527750.0,0.0444852292028817,2026
2301,光寶科,2026-06-03,2026-06-03,1,2026-06-04,2026-06-04,247.0,247.0,258.5,242.5,248.5,-0.6072874493927125,-0.6072874493927125,False,False,False,False,664250000.0,0.4141354911554384,2026
2349,錸德,2026-06-03,2026-06-03,1,2026-06-04,2026-06-04,16.0,16.0,16.1,14.8,14.9,6.874999999999998,2.0000000000000018,True,False,False,True,61030849.99999999,-0.0,2026
2409,友達,2026-06-02,2026-06-03,2,2026-06-04,2026-06-04,28.4,28.4,29.6,27.5,29.25,-2.9929577464788784,2.000000000000005,True,False,False,False,1242346349.9999998,0.5467189161862955,2026
2486,一詮,2026-06-03,2026-06-03,1,2026-06-04,2026-06-04,278.5,278.5,286.0,269.0,274.5,1.436265709156194,1.9999999999999976,True,False,False,False,205254500.0,0.9949988916199156,2026
2883,凱基金,2026-06-03,2026-06-03,1,2026-06-04,2026-06-04,26.9,26.9,28.15,26.0,27.4,-1.858736059479554,2.000000000000001,True,False,False,False,51579900.0,3.32274781455567,2026
2891,中信金,2026-06-03,2026-06-03,1,2026-06-04,2026-06-04,68.0,68.0,69.2,66.0,68.0,0.0,1.9999999999999991,True,False,False,False,265362000.0,0.1240268011245016,2026
3049,精金,2026-06-02,2026-06-03,2,2026-06-04,2026-06-04,16.15,16.15,17.35,16.0,17.3,-7.120743034055741,-7.120743034055741,False,False,False,False,73398400.0,1.1971201007106422,2026
3081,聯亞,2026-06-03,2026-06-03,1,2026-06-04,2026-06-04,2700.0,2700.0,2755.0,2560.0,2580.0,4.444444444444445,2.0,True,False,False,False,220740000.0,0.911660777385159,2026
3211,順達,2026-06-03,2026-06-03,1,2026-06-04,2026-06-04,454.0,454.0,470.0,452.5,454.0,0.0,0.0,False,False,False,True,489056000.0,0.1373912190015049,2026
3324,雙鴻,2026-06-03,2026-06-03,1,2026-06-04,2026-06-04,1265.0,1265.0,1295.0,1180.0,1185.0,6.324110671936759,1.9999999999999967,True,False,False,False,117760000.0,0.4830163043478261,2026
3363,上詮,2026-06-03,2026-06-03,1,2026-06-04,2026-06-04,860.0,860.0,884.0,840.0,840.0,2.3255813953488373,2.0000000000000053,True,False,False,False,557804000.0,0.9502262443438914,2026
4931,新盛力,2026-06-03,2026-06-03,1,2026-06-04,2026-06-04,258.5,258.5,274.0,257.0,260.0,-0.5802707930367506,-0.5802707930367506,False,False,False,False,85598000.0,0.8110002570153508,2026
6116,彩晶,2026-05-29,2026-06-03,4,2026-06-04,2026-06-04,21.6,21.6,21.6,20.45,20.45,5.324074074074084,2.0000000000000098,True,False,False,False,59917850.00000004,-0.0,2026
6442,光聖,2026-06-03,2026-06-03,1,2026-06-04,2026-06-04,1950.0,1950.0,2200.0,1950.0,2145.0,-10.0,-10.0,False,False,False,True,45430000.0,0.0,2026
6451,訊芯-KY,2026-06-03,2026-06-03,1,2026-06-04,2026-06-04,700.0,700.0,756.0,676.0,680.0,2.857142857142857,2.0,True,False,False,False,346072000.0,0.8959985205390786,2026
6530,創威,2026-06-03,2026-06-03,1,2026-06-04,2026-06-04,119.5,119.5,120.0,109.5,109.5,8.368200836820083,2.0000000000000004,True,False,False,False,112808000.0,0.9153473157932062,2026
1503,士電,2026-06-03,2026-06-04,2,2026-06-05,2026-06-05,268.0,268.0,269.5,241.5,241.5,9.888059701492535,2.0000000000000053,True,False,False,False,977572000.0,0.9763045586412048,2026
1514,亞力,2026-06-03,2026-06-04,2,2026-06-05,2026-06-05,145.5,145.5,145.5,135.0,135.0,7.216494845360824,1.9999999999999976,True,False,False,True,675446000.0,-0.0,2026
1714,和桐,2026-06-03,2026-06-04,2,2026-06-05,2026-06-05,12.1,12.1,12.15,10.9,11.5,4.958677685950411,2.000000000000007,True,False,False,False,97695400.0,0.938877367818751,2026
1718,中纖,2026-06-01,2026-06-04,4,2026-06-05,2026-06-05,9.89,9.89,10.2,8.72,9.85,0.4044489383215462,2.000000000000009,True,False,False,False,41025600.00000001,1.0984300046800044,2026
6207,雷科,2026-06-03,2026-06-04,2,2026-06-05,2026-06-05,155.0,155.0,164.0,141.5,144.5,6.774193548387098,1.9999999999999962,True,False,False,False,69615000.0,0.8863247863247863,2026
6282,康舒,2026-06-04,2026-06-04,1,2026-06-05,2026-06-05,68.7,68.7,68.8,63.8,63.8,7.132459970887926,1.9999999999999931,True,False,False,False,279376800.0,0.8967910005412044,2026
6485,點序,2026-06-04,2026-06-04,1,2026-06-05,2026-06-05,121.0,121.0,122.5,112.0,112.0,7.43801652892562,2.0000000000000013,True,False,False,False,202988000.0,0.6290026996669754,2026
6548,長科*,2026-06-03,2026-06-04,2,2026-06-05,2026-06-05,96.9,96.9,96.9,89.5,89.7,7.430340557275544,2.0000000000000027,True,False,False,False,190709600.0,0.5644183617395244,2026
3114,好德,2026-06-03,2026-06-05,3,2026-06-08,2026-06-08,40.25,40.25,48.8,40.25,44.7,-11.05590062111802,-11.05590062111802,False,False,False,False,60188200.0,0.9981491388677516,2026
3376,新日興,2026-06-05,2026-06-05,1,2026-06-08,2026-06-08,223.0,223.0,244.5,219.0,236.5,-6.053811659192825,-6.053811659192825,False,False,False,False,602928000.0,0.9143405182708384,2026
6155,鈞寶,2026-06-05,2026-06-05,1,2026-06-08,2026-06-08,72.3,72.3,86.7,72.3,77.3,-6.915629322268327,-6.915629322268327,False,False,False,False,100314500.0,0.967844130210488,2026
4939,亞電,2026-06-05,2026-06-08,2,2026-06-09,2026-06-09,66.0,66.0,72.1,62.0,65.6,0.6060606060606146,2.000000000000011,True,False,False,False,53660799.99999999,0.9596577017114916,2026
7788,松川精密,2026-06-05,2026-06-08,2,2026-06-09,2026-06-09,250.0,250.0,251.5,229.0,235.0,6.0,2.0,True,False,False,False,66912000.0,0.547883787661406,2026
2059,川湖,2026-06-08,2026-06-09,2,2026-06-10,2026-06-10,6610.0,6610.0,6875.0,6345.0,6370.0,3.630862329803328,1.9999999999999973,True,False,False,False,185400000.0,-0.0,2026
2327,國巨*,2026-06-09,2026-06-09,1,2026-06-10,2026-06-10,864.0,864.0,908.0,803.0,819.0,5.208333333333334,1.999999999999997,True,False,False,False,894558000.0,-0.0,2026
2368,金像電,2026-06-09,2026-06-09,1,2026-06-10,2026-06-10,1500.0,1500.0,1580.0,1415.0,1420.0,5.333333333333334,2.0,True,False,False,False,769925000.0,-0.0,2026
2454,聯發科,2026-06-09,2026-06-09,1,2026-06-10,2026-06-10,4315.0,4315.0,4520.0,4120.0,4155.0,3.7079953650057935,2.000000000000004,True,False,False,False,5383425000.0,0.4291282965769932,2026
2478,大毅,2026-06-09,2026-06-09,1,2026-06-10,2026-06-10,164.0,164.0,183.5,163.5,170.0,-3.658536585365853,-3.6585365853658534,False,False,False,False,624747000.0,1.0310253590653498,2026
2492,華新科,2026-06-09,2026-06-09,1,2026-06-10,2026-06-10,450.0,450.0,482.5,407.5,407.5,9.444444444444445,2.0,True,False,False,False,154000000.0,0.0,2026
3008,大立光,2026-06-09,2026-06-09,1,2026-06-10,2026-06-10,4180.0,4180.0,4270.0,4100.0,4130.0,1.1961722488038278,1.1961722488038278,False,False,False,False,112665000.0,0.0,2026
3090,日電貿,2026-06-09,2026-06-09,1,2026-06-10,2026-06-10,238.0,238.0,253.0,211.0,212.0,10.92436974789916,1.9999999999999962,True,False,False,False,49680000.0,1.6770531400966184,2026
3105,穩懋,2026-06-09,2026-06-09,1,2026-06-10,2026-06-10,493.5,493.5,524.0,476.0,478.0,3.1408308004052685,2.000000000000001,True,False,False,False,120153000.0,0.7280217722403935,2026
3167,大量,2026-06-09,2026-06-09,1,2026-06-10,2026-06-10,940.0,940.0,1015.0,856.0,858.0,8.72340425531915,2.000000000000007,True,False,False,False,161670000.0,0.4564112080163295,2026
3221,台嘉碩,2026-06-09,2026-06-09,1,2026-06-10,2026-06-10,63.4,63.4,67.9,58.1,58.5,7.728706624605676,2.000000000000001,True,False,False,False,67925700.0,0.9017131954473784,2026
3450,聯鈞,2026-06-09,2026-06-09,1,2026-06-10,2026-06-10,507.0,507.0,528.0,466.0,472.0,6.903353057199212,1.9999999999999973,True,False,False,True,90246000.0,7.411120714491501,2026
4739,康普,2026-06-09,2026-06-09,1,2026-06-10,2026-06-10,128.5,128.5,134.5,124.0,125.0,2.723735408560312,2.0000000000000058,True,False,False,False,58760000.0,0.9487746766507827,2026
6127,九豪,2026-06-09,2026-06-09,1,2026-06-10,2026-06-10,83.2,83.2,91.2,76.0,77.0,7.451923076923079,2.0000000000000018,True,False,False,False,128381600.0,1.1587641842756284,2026
6209,今國光,2026-06-09,2026-06-09,1,2026-06-10,2026-06-10,88.0,88.0,95.9,80.9,81.0,7.954545454545454,2.0000000000000058,True,False,False,False,192896000.0,0.913735899137359,2026
8043,蜜望實,2026-06-05,2026-06-09,3,2026-06-10,2026-06-10,198.5,198.5,211.5,197.0,199.0,-0.2518891687657431,-0.2518891687657431,False,False,False,False,292967500.0,0.5304991167962316,2026
8046,南電,2026-06-09,2026-06-09,1,2026-06-10,2026-06-10,894.0,894.0,912.0,843.0,847.0,5.257270693512305,1.9999999999999993,True,False,False,False,764104000.0,0.0953299550846481,2026
8150,南茂,2026-06-09,2026-06-09,1,2026-06-10,2026-06-10,92.8,92.8,102.0,88.2,88.3,4.849137931034483,1.9999999999999942,True,False,False,True,125916700.0,1.151464420525633,2026
8210,勤誠,2026-06-09,2026-06-09,1,2026-06-10,2026-06-10,1490.0,1490.0,1565.0,1425.0,1445.0,3.02013422818792,1.999999999999997,True,False,False,False,96640000.0,0.0,2026
8996,高力,2026-06-09,2026-06-09,1,2026-06-10,2026-06-10,1335.0,1335.0,1385.0,1215.0,1220.0,8.614232209737828,2.0000000000000036,True,False,False,False,606480000.0,-0.0,2026
3362,先進光,2026-06-09,2026-06-10,2,2026-06-11,2026-06-11,166.0,166.0,172.0,160.0,164.0,1.2048192771084338,1.9999999999999958,True,False,False,True,223619000.0,0.82286388902553,2026
6244,茂迪,2026-06-09,2026-06-10,2,2026-06-11,2026-06-11,29.8,29.8,31.8,29.1,31.25,-4.865771812080535,2.0000000000000004,True,False,False,False,156468000.0,0.984626249456758,2026
8021,尖點,2026-06-09,2026-06-10,2,2026-06-11,2026-06-11,529.0,529.0,581.0,501.0,570.0,-7.750472589792061,2.0000000000000075,True,False,False,False,137126000.0,3.0676895701763343,2026
2406,國碩,2026-06-11,2026-06-11,1,2026-06-12,2026-06-12,42.2,42.2,43.3,38.7,39.0,7.582938388625599,2.0000000000000027,True,False,False,False,235769600.0,0.0875049200575477,2026
3042,晶技,2026-06-11,2026-06-11,1,2026-06-12,2026-06-12,244.5,244.5,247.0,224.5,224.5,8.1799591002045,2.0000000000000058,True,False,False,False,128545000.0,0.9710373799058696,2026
6155,鈞寶,2026-06-11,2026-06-11,1,2026-06-12,2026-06-12,88.6,88.6,89.5,80.7,82.0,7.449209932279905,2.000000000000006,True,False,False,False,70391700.0,0.9715349963134858,2026
8150,南茂,2026-06-11,2026-06-11,1,2026-06-12,2026-06-12,101.5,101.5,104.0,96.7,97.0,4.433497536945813,2.000000000000001,True,False,False,False,144193500.0,0.9263177605093156,2026
1342,八貫,2026-06-12,2026-06-12,1,2026-06-15,2026-06-15,119.5,119.5,122.0,114.5,115.5,3.3472803347280333,2.0000000000000004,True,False,False,False,58750000.0,0.9770808510638298,2026
2408,南亞科,2026-06-12,2026-06-12,1,2026-06-15,2026-06-15,391.0,391.0,399.5,382.0,395.5,-1.1508951406649617,1.9999999999999982,True,False,False,False,963798000.0,0.8075800115791898,2026
3576,聯合再生,2026-06-12,2026-06-12,1,2026-06-15,2026-06-16,21.75,20.95,20.95,18.9,19.0,9.307875894988063,2.0000000000000027,True,False,True,False,373883400.0,0.4542244988678288,2026
4939,亞電,2026-06-12,2026-06-12,1,2026-06-15,2026-06-15,68.6,68.6,71.4,66.5,70.5,-2.769679300291554,2.0,True,False,False,False,158151800.00000003,1.0676293282782745,2026
5425,台半,2026-06-12,2026-06-12,1,2026-06-15,2026-06-15,105.0,105.0,106.5,98.9,101.0,3.8095238095238098,2.000000000000008,True,False,False,False,39895000.0,-0.0,2026
6278,台表科,2026-06-12,2026-06-12,1,2026-06-15,2026-06-15,213.5,213.5,220.0,209.5,216.0,-1.1709601873536302,-1.1709601873536302,False,False,False,False,90730000.0,0.0,2026
6834,天二科技,2026-06-12,2026-06-12,1,2026-06-15,2026-06-15,89.1,89.1,92.5,86.1,90.9,-2.020202020202033,1.9999999999999962,True,False,False,False,54749100.0,1.0742149186014016,2026
1303,南亞,2026-06-12,2026-06-15,2,2026-06-16,2026-06-16,120.5,120.5,123.0,114.0,115.0,4.564315352697095,1.9999999999999973,True,False,False,False,69544500.0,0.0,2026
2316,楠梓電,2026-06-15,2026-06-15,1,2026-06-16,2026-06-16,174.0,174.0,180.5,168.5,170.0,2.2988505747126435,1.9999999999999942,True,False,False,False,98612500.0,1.1119280010140702,2026
2327,國巨*,2026-06-15,2026-06-15,1,2026-06-16,2026-06-16,970.0,970.0,1000.0,950.0,950.0,2.061855670103093,1.9999999999999976,True,False,False,False,1542540000.0,1.8586876191217083,2026
2344,華邦電,2026-06-12,2026-06-15,2,2026-06-16,2026-06-16,198.5,198.5,201.0,191.5,197.0,0.7556675062972292,1.9999999999999993,True,False,False,False,3292749000.0,0.4293288070241612,2026
3016,嘉晶,2026-06-12,2026-06-15,2,2026-06-16,2026-06-16,125.5,125.5,134.5,119.0,119.5,4.780876494023905,2.000000000000004,True,False,False,True,111272000.0,0.9837335538140772,2026
3026,禾伸堂,2026-06-12,2026-06-15,2,2026-06-16,2026-06-16,882.0,882.0,915.0,785.0,815.0,7.596371882086168,1.9999999999999982,True,False,False,True,631892000.0,0.5842691472593418,2026
3090,日電貿,2026-06-11,2026-06-15,3,2026-06-16,2026-06-16,286.5,286.5,309.0,274.0,275.0,4.013961605584642,2.000000000000006,True,False,False,False,293994000.0,0.0,2026
3357,臺慶科,2026-06-15,2026-06-15,1,2026-06-16,2026-06-16,335.5,335.5,341.5,301.0,301.0,10.283159463487332,1.9999999999999938,True,False,False,False,79212000.0,0.9841816896429834,2026
3443,創意,2026-06-15,2026-06-15,1,2026-06-16,2026-06-16,5055.0,5055.0,5055.0,4845.0,4920.0,2.6706231454005933,2.000000000000007,True,False,False,False,650025000.0,-0.0,2026
4919,新唐,2026-06-15,2026-06-15,1,2026-06-16,2026-06-16,200.0,200.0,205.5,181.5,183.0,8.5,2.0,True,False,False,True,188561000.0,0.9345994134524106,2026
6139,亞翔,2026-06-12,2026-06-15,2,2026-06-16,2026-06-16,884.0,884.0,884.0,797.0,812.0,8.144796380090497,2.000000000000007,True,False,False,False,272895000.0,0.0,2026
6155,鈞寶,2026-06-15,2026-06-15,1,2026-06-16,2026-06-16,92.5,92.5,95.0,87.5,87.6,5.297297297297304,2.000000000000009,True,False,False,False,39868400.0,0.9865557684782934,2026
6173,信昌電,2026-06-11,2026-06-15,3,2026-06-16,2026-06-16,309.5,309.5,311.0,287.0,287.0,7.269789983844912,1.9999999999999993,True,False,False,False,328152500.0,0.5938488964734384,2026
6191,精成科,2026-06-15,2026-06-15,1,2026-06-16,2026-06-16,104.5,104.5,105.5,100.0,100.5,3.827751196172249,2.000000000000003,True,False,False,False,43878000.0,1.605599617120197,2026
6274,台燿,2026-06-15,2026-06-15,1,2026-06-16,2026-06-16,1590.0,1590.0,1660.0,1580.0,1610.0,-1.257861635220126,-1.257861635220126,False,False,False,False,172700000.0,0.848349739432542,2026
6683,雍智科技,2026-06-15,2026-06-15,1,2026-06-16,2026-06-16,1635.0,1635.0,1740.0,1565.0,1725.0,-5.504587155963304,2.0000000000000027,True,False,False,False,61815000.0,0.0,2026
8043,蜜望實,2026-06-15,2026-06-15,1,2026-06-16,2026-06-16,207.5,207.5,222.5,207.0,211.0,-1.686746987951807,-1.6867469879518073,False,False,False,False,89505000.0,0.8486676721970839,2026
2492,華新科,2026-06-15,2026-06-16,2,2026-06-17,2026-06-17,487.5,487.5,542.0,487.5,542.0,-11.17948717948718,-11.179487179487179,False,False,False,False,279391500.0,-0.0,2026
2493,揚博,2026-06-12,2026-06-16,3,2026-06-17,2026-06-17,245.5,245.5,259.0,240.5,249.0,-1.4256619144602851,1.9999999999999987,True,False,False,False,204272500.0,0.3730017501132066,2026
3008,大立光,2026-06-15,2026-06-16,2,2026-06-17,2026-06-17,5065.0,5065.0,5310.0,4960.0,5145.0,-1.5794669299111548,2.0000000000000036,True,False,False,False,1362300000.0,0.0,2026
3532,台勝科,2026-06-11,2026-06-16,4,2026-06-17,2026-06-17,387.0,387.0,426.0,384.5,395.5,-2.196382428940568,-2.1963824289405682,False,False,False,False,97109000.0,-0.0,2026
5328,華容,2026-06-15,2026-06-16,2,2026-06-17,2026-06-17,53.0,53.0,53.3,48.25,51.4,3.0188679245283048,2.000000000000004,True,False,False,False,144456150.0,1.0364958501247608,2026
6182,合晶,2026-06-12,2026-06-16,3,2026-06-17,2026-06-17,107.0,107.0,117.5,103.5,114.0,-6.5420560747663545,2.0000000000000004,True,False,False,False,457610100.0,0.0,2026
6415,矽力*-KY,2026-06-15,2026-06-16,2,2026-06-17,2026-06-17,580.0,580.0,582.0,550.0,572.0,1.3793103448275863,2.000000000000004,True,False,False,False,264787000.0,0.0,2026
6488,環球晶,2026-06-12,2026-06-16,3,2026-06-17,2026-06-17,1035.0,1035.0,1145.0,1025.0,1100.0,-6.280193236714976,-6.280193236714976,False,False,False,False,310261000.0,0.0,2026
2409,友達,2026-06-17,2026-06-17,1,2026-06-18,2026-06-18,27.45,27.45,28.6,26.05,28.15,-2.550091074681236,1.9999999999999982,True,False,False,True,385691250.0,0.5229435461654885,2026
3026,禾伸堂,2026-06-17,2026-06-17,1,2026-06-18,2026-06-18,869.0,869.0,910.0,869.0,902.0,-3.79746835443038,-3.79746835443038,False,False,False,False,180992000.0,0.1345584335219236,2026
3041,揚智,2026-06-17,2026-06-17,1,2026-06-18,2026-06-18,29.0,29.0,29.8,28.0,28.15,2.931034482758625,2.000000000000006,True,False,False,False,71543000.0,0.6637833191227652,2026
3189,景碩,2026-06-17,2026-06-17,1,2026-06-18,2026-06-18,738.0,738.0,738.0,702.0,724.0,1.8970189701897016,1.9999999999999987,True,False,False,False,480786000.0,0.206303844121917,2026
6207,雷科,2026-06-15,2026-06-17,3,2026-06-18,2026-06-18,164.5,164.5,171.0,160.5,165.5,-0.60790273556231,1.9999999999999951,True,False,False,False,82052500.0,0.7402394808202066,2026
6949,沛爾生醫-創,2026-06-16,2026-06-17,2,2026-06-18,2026-06-18,938.0,938.0,968.0,895.0,911.0,2.878464818763326,1.9999999999999991,True,False,False,False,130200000.0,0.0,2026
8996,高力,2026-06-15,2026-06-17,3,2026-06-18,2026-06-18,1555.0,1555.0,1660.0,1555.0,1590.0,-2.2508038585209005,-2.2508038585209005,False,False,False,False,501875000.0,0.0633623910336239,2026
2327,國巨*,2026-06-18,2026-06-18,1,2026-06-22,2026-06-22,1115.0,1115.0,1120.0,1040.0,1065.0,4.484304932735426,1.9999999999999958,True,False,False,True,1910520000.0,0.3461701526286037,2026
2332,友訊,2026-06-17,2026-06-18,2,2026-06-22,2026-06-22,20.8,20.8,20.8,18.35,18.95,8.894230769230775,2.0000000000000018,True,False,False,True,61137500.0,1.0315371089756695,2026
2342,茂矽,2026-06-18,2026-06-18,1,2026-06-22,2026-06-22,57.1,57.1,60.7,56.7,58.6,-2.626970227670753,-2.626970227670753,False,False,False,False,84511200.0,1.0602074044623673,2026
2344,華邦電,2026-06-18,2026-06-18,1,2026-06-22,2026-06-22,229.5,229.5,233.5,219.0,222.0,3.2679738562091507,2.0000000000000013,True,False,False,True,3437223500.0,0.8326557758027664,2026
2375,凱美,2026-06-17,2026-06-18,2,2026-06-22,2026-06-22,224.5,224.5,228.0,214.5,219.0,2.4498886414253898,2.000000000000004,True,False,False,False,57855000.0,1.0826030593725693,2026
2472,立隆電,2026-06-18,2026-06-18,1,2026-06-22,2026-06-22,429.5,429.5,432.5,382.5,393.5,8.381839348079161,2.000000000000007,True,False,False,False,192960000.0,0.0,2026
3090,日電貿,2026-06-17,2026-06-18,2,2026-06-22,2026-06-22,339.0,339.0,365.0,335.0,335.5,1.0324483775811208,1.0324483775811208,False,False,False,False,146107500.0,0.0,2026
3481,群創,2026-06-17,2026-06-18,2,2026-06-22,2026-06-22,69.4,69.4,69.9,66.0,66.0,4.899135446685887,2.000000000000007,True,False,False,True,4457302800.0,0.7238184491302677,2026
3550,聯穎,2026-06-16,2026-06-18,3,2026-06-22,2026-06-22,38.4,38.4,39.7,35.8,35.9,6.510416666666667,2.0000000000000018,True,False,False,False,96422300.0,1.1262695455304426,2026
6155,鈞寶,2026-06-18,2026-06-18,1,2026-06-22,2026-06-22,99.0,99.0,103.0,96.1,96.7,2.3232323232323204,2.000000000000004,True,False,False,False,150803500.0,0.9753135703083814,2026
6274,台燿,2026-06-18,2026-06-18,1,2026-06-22,2026-06-22,1900.0,1900.0,1920.0,1835.0,1900.0,0.0,2.0,True,False,False,False,55050000.0,0.0,2026
6525,捷敏-KY,2026-06-18,2026-06-18,1,2026-06-22,2026-06-23,157.0,153.5,170.5,153.0,170.5,-11.074918566775244,-11.074918566775244,False,False,True,False,94523000.0,1.121631772161273,2026
6531,愛普*,2026-06-18,2026-06-18,1,2026-06-22,2026-06-22,1115.0,1115.0,1115.0,1070.0,1115.0,0.0,1.9999999999999958,True,False,False,False,160925000.0,-0.0,2026
6789,采鈺,2026-06-18,2026-06-18,1,2026-06-22,2026-06-22,579.0,579.0,593.0,554.0,555.0,4.145077720207254,2.000000000000007,True,False,False,False,55929000.0,0.4862414847395805,2026
1303,南亞,2026-06-17,2026-06-22,3,2026-06-23,2026-06-23,157.0,157.0,165.0,153.0,154.5,1.5923566878980893,2.0000000000000093,True,False,False,False,79171500.0,11.82584642200792,2026
1409,新纖,2026-06-22,2026-06-22,1,2026-06-23,2026-06-23,28.5,28.5,29.25,27.55,28.55,-0.1754385964912305,2.000000000000001,True,False,False,False,91937900.0,1.0132779843785862,2026
2059,川湖,2026-06-22,2026-06-22,1,2026-06-23,2026-06-23,7600.0,7600.0,7695.0,7220.0,7475.0,1.644736842105263,2.0,True,False,False,False,120800000.0,0.0,2026
2303,聯電,2026-06-22,2026-06-22,1,2026-06-23,2026-06-23,173.0,173.0,176.0,167.5,170.0,1.7341040462427744,2.0000000000000044,True,False,False,False,1255520000.0,-0.0,2026
2316,楠梓電,2026-06-17,2026-06-22,3,2026-06-23,2026-06-23,237.5,237.5,248.5,216.5,217.5,8.421052631578947,2.0,True,False,False,False,342542500.0,0.5676521891444127,2026
2337,旺宏,2026-06-22,2026-06-22,1,2026-06-23,2026-06-23,188.0,188.0,192.0,168.5,172.0,8.51063829787234,1.9999999999999951,True,False,False,False,158973500.0,0.0,2026
2379,瑞昱,2026-06-17,2026-06-22,3,2026-06-23,2026-06-23,948.0,948.0,970.0,857.0,863.0,8.966244725738397,2.000000000000004,True,False,False,False,63670000.0,-0.0,2026
2408,南亞科,2026-06-22,2026-06-22,1,2026-06-23,2026-06-23,488.0,488.0,500.0,454.5,454.5,6.864754098360656,1.9999999999999982,True,False,False,True,2226040000.0,1.3902223230490018,2026
2409,友達,2026-06-22,2026-06-22,1,2026-06-23,2026-06-23,31.1,31.1,33.0,29.0,29.05,6.591639871382639,1.9999999999999998,True,False,False,True,1287458099.9999998,0.9952007758543756,2026
2449,京元電子,2026-06-18,2026-06-22,2,2026-06-23,2026-06-23,338.5,338.5,353.5,325.0,329.5,2.658788774002954,1.9999999999999944,True,False,False,False,1005962000.0,0.8290218716015118,2026
2492,華新科,2026-06-22,2026-06-22,1,2026-06-23,2026-06-23,645.0,645.0,645.0,570.0,577.0,10.542635658914728,1.9999999999999967,True,False,False,False,360945000.0,0.0,2026
3035,智原,2026-06-22,2026-06-22,1,2026-06-23,2026-06-23,232.5,232.5,245.0,232.0,233.0,-0.2150537634408602,-0.21505376344086022,False,False,False,True,222156000.0,1.0267874826698355,2026
3149,正達,2026-06-22,2026-06-22,1,2026-06-23,2026-06-23,103.0,103.0,106.5,94.1,94.1,8.640776699029132,2.000000000000002,True,False,False,False,104709000.0,0.892390338939346,2026
3189,景碩,2026-06-22,2026-06-22,1,2026-06-23,2026-06-23,780.0,780.0,788.0,727.0,727.0,6.794871794871795,2.0000000000000027,True,False,False,True,1773488000.0,0.5406932553250995,2026
3711,日月光投控,2026-06-22,2026-06-22,1,2026-06-23,2026-06-23,679.0,679.0,700.0,662.0,662.0,2.503681885125184,2.0000000000000058,True,False,False,False,430686000.0,-0.0,2026
4919,新唐,2026-06-22,2026-06-22,1,2026-06-23,2026-06-23,219.0,219.0,228.5,194.5,194.5,11.187214611872143,1.999999999999998,True,False,False,True,52920000.0,0.8526832955404384,2026
5347,世界,2026-06-22,2026-06-22,1,2026-06-23,2026-06-23,201.5,201.5,201.5,183.5,186.5,7.444168734491314,2.000000000000001,True,False,False,True,564733500.0,-0.0,2026
5425,台半,2026-06-17,2026-06-22,3,2026-06-23,2026-06-23,135.0,135.0,143.0,129.5,134.0,0.7407407407407408,1.9999999999999918,True,False,False,False,180684000.0,2.856744371388723,2026
6147,頎邦,2026-06-18,2026-06-22,2,2026-06-23,2026-06-23,277.5,277.5,278.0,256.5,258.0,7.027027027027027,2.000000000000004,True,False,False,False,1073792000.0,0.5386853319823578,2026
6271,同欣電,2026-06-22,2026-06-22,1,2026-06-23,2026-06-23,268.0,268.0,268.5,244.5,244.5,8.768656716417912,2.0000000000000053,True,False,False,False,466375000.0,0.4865097829000268,2026
6770,力積電,2026-06-22,2026-06-22,1,2026-06-23,2026-06-23,82.8,82.8,86.1,78.3,78.6,5.072463768115946,2.000000000000007,True,False,False,False,1475001599.9999998,0.8624142509404737,2026
8150,南茂,2026-06-18,2026-06-22,2,2026-06-23,2026-06-23,108.5,108.5,112.0,103.0,106.5,1.8433179723502304,2.0000000000000013,True,False,False,False,340290000.0,1.061275676628758,2026
2369,菱生,2026-06-22,2026-06-23,2,2026-06-24,2026-06-24,43.65,43.65,45.6,41.9,43.3,0.8018327605956505,1.9999999999999944,True,False,False,True,251456400.0,1.0161336120297595,2026
2481,強茂,2026-06-18,2026-06-23,3,2026-06-24,2026-06-24,186.5,186.5,201.0,186.0,195.0,-4.557640750670242,-4.557640750670242,False,False,False,True,455266000.0,1.260120457051482,2026
3016,嘉晶,2026-06-22,2026-06-23,2,2026-06-24,2026-06-24,151.5,151.5,153.0,137.5,137.5,9.24092409240924,2.000000000000001,True,False,False,True,221735000.0,0.2864906307078269,2026
3374,精材,2026-06-22,2026-06-23,2,2026-06-24,2026-06-24,296.5,296.5,315.0,286.0,312.0,-5.227655986509275,2.0000000000000027,True,False,False,False,276863500.0,1.6407796621800996,2026
3450,聯鈞,2026-06-23,2026-06-23,1,2026-06-24,2026-06-24,586.0,586.0,604.0,568.0,581.0,0.8532423208191127,2.0000000000000044,True,False,False,False,258876000.0,1.4184088134859931,2026
3707,漢磊,2026-06-22,2026-06-23,2,2026-06-24,2026-06-24,95.5,95.5,95.5,90.5,90.5,5.235602094240837,1.9999999999999967,True,False,False,False,390885000.0,0.905266254780818,2026
6525,捷敏-KY,2026-06-23,2026-06-23,1,2026-06-24,2026-06-24,166.0,166.0,173.5,160.0,166.0,0.0,1.9999999999999958,True,False,False,False,145266000.0,0.97474976938857,2026
6907,雅特力-KY,2026-06-23,2026-06-23,1,2026-06-24,2026-06-24,158.0,158.0,175.0,152.5,155.5,1.5822784810126582,1.999999999999998,True,False,False,False,47360000.0,0.958741554054054,2026
7828,創新服務,2026-06-23,2026-06-23,1,2026-06-24,2026-06-24,2240.0,2240.0,2365.0,2240.0,2325.0,-3.7946428571428568,-3.7946428571428568,False,False,False,False,51520000.0,0.0,2026
8261,富鼎,2026-06-17,2026-06-23,4,2026-06-24,2026-06-24,249.5,249.5,268.5,240.0,246.5,1.2024048096192386,2.0000000000000036,True,False,False,True,89995500.0,1.5694618064236543,2026
2312,金寶,2026-06-24,2026-06-24,1,2026-06-25,2026-06-25,38.5,38.5,38.55,36.25,36.4,5.454545454545459,2.000000000000008,True,False,False,False,316388000.0,0.9576646396197076,2026
2351,順德,2026-06-24,2026-06-24,1,2026-06-25,2026-06-25,225.5,225.5,226.0,207.5,209.0,7.317073170731707,1.9999999999999958,True,False,False,True,294495000.0,0.9552420244825888,2026
5285,界霖,2026-06-24,2026-06-24,1,2026-06-25,2026-06-25,115.0,115.0,115.5,101.0,101.5,11.73913043478261,1.9999999999999976,True,False,False,False,59070000.0,0.9261638733705772,2026
6683,雍智科技,2026-06-23,2026-06-24,2,2026-06-25,2026-06-25,2000.0,2000.0,2010.0,1840.0,1885.0,5.75,2.0,True,False,False,True,107385000.0,0.0,2026
8040,九暘,2026-06-22,2026-06-24,3,2026-06-25,2026-06-25,126.0,126.0,126.5,116.0,116.5,7.5396825396825395,1.999999999999997,True,False,False,False,123929000.0,0.931593896505257,2026
8054,安國,2026-06-22,2026-06-24,3,2026-06-25,2026-06-25,138.0,138.0,138.5,124.5,130.0,5.797101449275362,1.9999999999999933,True,False,False,False,123009000.0,0.9701729141770116,2026
9105,泰金寶-DR,2026-06-24,2026-06-24,1,2026-06-25,2026-06-25,10.2,10.2,10.2,9.61,9.62,5.686274509803923,2.000000000000006,True,False,False,False,131380000.0,0.96419668138225,2026
2363,矽統,2026-06-25,2026-06-25,1,2026-06-26,2026-06-26,74.0,74.0,74.2,68.5,68.6,7.297297297297304,2.0000000000000053,True,False,False,True,333546300.0,0.3765792035468538,2026
2458,義隆,2026-06-25,2026-06-25,1,2026-06-26,2026-06-26,176.5,176.5,179.5,170.5,172.0,2.549575070821529,2.000000000000001,True,False,False,False,45000000.0,0.0,2026
2472,立隆電,2026-06-25,2026-06-25,1,2026-06-26,2026-06-26,386.0,386.0,396.5,372.0,376.0,2.5906735751295336,2.000000000000007,True,False,False,False,77812000.0,1.067907263661132,2026
3037,欣興,2026-06-25,2026-06-25,1,2026-06-26,2026-06-26,1000.0,1000.0,1090.0,964.0,975.0,2.5,2.0,True,False,False,True,1332120000.0,0.0,2026
3189,景碩,2026-06-25,2026-06-25,1,2026-06-26,2026-06-26,828.0,828.0,893.0,790.0,797.0,3.7439613526570046,2.000000000000007,True,False,False,True,1664600000.0,0.3030764147542953,2026
6584,南俊國際,2026-06-25,2026-06-25,1,2026-06-26,2026-06-26,730.0,730.0,748.0,702.0,708.0,3.0136986301369864,2.000000000000003,True,False,False,False,93912000.0,0.0,2026
6672,騰輝電子-KY,2026-06-25,2026-06-25,1,2026-06-26,2026-06-26,289.0,289.0,311.5,284.0,292.0,-1.038062283737024,-1.0380622837370241,False,False,False,False,120142500.0,0.0,2026
8110,華東,2026-06-25,2026-06-25,1,2026-06-26,2026-06-26,63.6,63.6,63.9,56.9,57.0,10.37735849056604,1.9999999999999976,True,False,False,False,124567200.0,1.1389274223069956,2026
8932,智通*,2026-06-25,2026-06-25,1,2026-06-26,2026-06-26,120.0,120.0,122.5,109.5,111.0,7.5,2.000000000000005,True,False,False,False,111294000.0,0.9255485470914874,2026
2484,希華,2026-06-26,2026-06-26,1,2026-06-29,2026-06-29,76.8,76.8,77.2,69.2,69.2,9.895833333333323,2.0000000000000018,True,False,False,False,210355200.0,0.9609137306802972,2026
5328,華容,2026-06-24,2026-06-26,3,2026-06-29,2026-06-29,71.2,71.2,74.3,63.5,64.7,9.129213483146067,2.000000000000009,True,False,False,False,282514900.00000006,0.9277376166708372,2026
3227,原相,2026-06-29,2026-06-29,1,2026-06-30,2026-06-30,233.5,233.5,241.0,232.5,238.0,-1.9271948608137044,-1.9271948608137044,False,False,False,True,85928000.0,0.2603575086118611,2026
4707,磐亞,2026-06-29,2026-06-29,1,2026-06-30,2026-06-30,30.3,30.3,31.0,29.0,29.3,3.3003300330033,2.0000000000000053,True,False,False,True,51297900.0,0.2810173515874918,2026
5434,崇越,2026-06-29,2026-06-29,1,2026-06-30,2026-06-30,531.0,531.0,587.0,519.0,549.0,-3.389830508474576,2.000000000000001,True,False,False,False,312081000.0,0.0,2026
6446,藥華藥,2026-06-29,2026-06-29,1,2026-06-30,2026-06-30,1295.0,1295.0,1380.0,1285.0,1340.0,-3.474903474903475,-3.474903474903475,False,False,False,False,205740000.0,1.1007096335180324,2026
8069,元太,2026-06-29,2026-06-29,1,2026-06-30,2026-06-30,228.0,228.0,232.0,209.5,214.5,5.921052631578947,2.000000000000001,True,False,False,False,95238000.0,0.0,2026
1718,中纖,2026-06-25,2026-06-30,4,2026-07-01,2026-07-01,14.35,14.35,14.5,12.15,12.4,13.588850174216024,2.0000000000000058,True,False,False,False,331736250.0,1.0035164984230696,2026
1815,富喬,2026-06-30,2026-06-30,1,2026-07-01,2026-07-01,115.5,115.5,118.5,103.5,104.0,9.956709956709958,2.000000000000002,True,False,False,False,515706000.0,0.4983149313756287,2026
2327,國巨*,2026-06-30,2026-06-30,1,2026-07-01,2026-07-01,1200.0,1200.0,1220.0,1130.0,1140.0,5.0,2.0,True,False,False,True,3251280000.0,0.3955119214586255,2026
2352,佳世達,2026-06-30,2026-06-30,1,2026-07-01,2026-07-01,34.1,34.1,34.75,32.25,32.35,5.131964809384164,2.000000000000006,True,False,False,True,153450000.0,0.0971870316063864,2026
3016,嘉晶,2026-06-30,2026-06-30,1,2026-07-01,2026-07-01,136.5,136.5,142.0,120.5,122.0,10.622710622710622,1.9999999999999925,True,False,False,False,645205500.0,0.7676933938101892,2026
3037,欣興,2026-06-30,2026-06-30,1,2026-07-01,2026-07-01,1085.0,1085.0,1115.0,1035.0,1040.0,4.147465437788019,2.000000000000004,True,False,False,False,1270090000.0,0.3340865607949043,2026
3189,景碩,2026-06-30,2026-06-30,1,2026-07-01,2026-07-01,900.0,900.0,939.0,872.0,888.0,1.3333333333333337,2.0,True,False,False,False,1280367000.0,0.6623413443176839,2026
3357,臺慶科,2026-06-30,2026-06-30,1,2026-07-01,2026-07-01,325.0,325.0,331.5,300.0,305.5,6.0,2.0,True,False,False,True,95700000.0,0.9512957157784744,2026
4958,臻鼎-KY,2026-06-30,2026-06-30,1,2026-07-01,2026-07-01,641.0,641.0,659.0,602.0,603.0,5.928237129485179,2.0000000000000075,True,False,False,False,523530000.0,0.0,2026
6127,九豪,2026-06-30,2026-06-30,1,2026-07-01,2026-07-01,94.8,94.8,102.0,94.0,96.9,-2.2151898734177307,-2.2151898734177307,False,False,False,True,72276200.00000001,0.7561493271644054,2026
8021,尖點,2026-06-30,2026-06-30,1,2026-07-01,2026-07-01,591.0,591.0,623.0,556.0,561.0,5.076142131979696,2.0000000000000084,True,False,False,False,158998000.0,1.0796739581629955,2026
8028,昇陽半導體,2026-06-30,2026-06-30,1,2026-07-01,2026-07-01,315.0,315.0,319.0,307.0,312.0,0.9523809523809524,2.0000000000000036,True,False,False,False,629562000.0,0.3141993957703927,2026
8046,南電,2026-06-30,2026-06-30,1,2026-07-01,2026-07-01,1200.0,1200.0,1285.0,1150.0,1175.0,2.083333333333333,2.0,True,False,False,False,1381710000.0,1.2390262790310558,2026
1303,南亞,2026-06-30,2026-07-01,2,2026-07-02,2026-07-02,174.5,174.5,200.0,174.5,197.0,-12.893982808022924,-12.893982808022923,False,False,False,False,53280000.0,-0.0,2026
2375,凱美,2026-06-30,2026-07-01,2,2026-07-02,2026-07-02,225.5,225.5,237.0,213.5,217.0,3.76940133037694,1.9999999999999958,True,False,False,True,467803500.0,0.8057421545584845,2026
2464,盟立,2026-07-01,2026-07-01,1,2026-07-02,2026-07-02,186.5,186.5,206.5,183.0,183.5,1.6085790884718498,1.6085790884718498,False,False,False,False,544350000.0,0.8269045650776154,2026
3532,台勝科,2026-06-30,2026-07-01,2,2026-07-02,2026-07-02,399.0,399.0,414.5,394.0,407.0,-2.0050125313283207,-2.0050125313283207,False,False,False,False,179692000.0,0.0452997351022861,2026
4916,事欣科,2026-07-01,2026-07-01,1,2026-07-02,2026-07-02,114.0,114.0,116.0,110.5,115.0,-0.8771929824561403,2.000000000000001,True,False,False,True,63450000.0,1.0059101654846336,2026
5328,華容,2026-06-30,2026-07-01,2,2026-07-02,2026-07-02,81.0,81.0,84.6,79.5,81.9,-1.111111111111118,-1.111111111111118,False,False,False,True,226323500.0,1.0939372181854734,2026
5483,中美晶,2026-06-30,2026-07-01,2,2026-07-02,2026-07-02,194.0,194.0,209.5,189.5,201.0,-3.608247422680412,1.9999999999999976,True,False,False,False,71280000.0,0.0,2026
6173,信昌電,2026-06-30,2026-07-01,2,2026-07-02,2026-07-02,330.0,330.0,348.0,314.0,319.0,3.333333333333333,2.000000000000007,True,False,False,False,169022500.0,0.824760017157479,2026
6207,雷科,2026-06-30,2026-07-01,2,2026-07-02,2026-07-02,156.0,156.0,172.0,151.0,152.0,2.564102564102564,2.0000000000000027,True,False,False,True,241017000.0,0.9422073961587772,2026
6488,環球晶,2026-06-30,2026-07-01,2,2026-07-02,2026-07-02,1085.0,1085.0,1205.0,1085.0,1205.0,-11.059907834101384,-11.059907834101383,False,False,False,False,638340000.0,-0.0,2026
6515,穎崴,2026-07-01,2026-07-01,1,2026-07-02,2026-07-02,8830.0,8830.0,9560.0,8680.0,9310.0,-5.436013590033975,-5.436013590033975,False,False,False,True,293370000.0,0.285612025769506,2026
6640,均華,2026-07-01,2026-07-01,1,2026-07-02,2026-07-02,1085.0,1085.0,1225.0,1060.0,1170.0,-7.834101382488479,2.000000000000004,True,False,False,False,50625000.0,0.9244444444444444,2026
6719,力智,2026-07-01,2026-07-01,1,2026-07-02,2026-07-02,297.0,297.0,326.5,292.0,300.0,-1.0101010101010102,-1.0101010101010102,False,False,False,False,150876000.0,0.984251968503937,2026
8033,雷虎,2026-06-29,2026-07-01,3,2026-07-02,2026-07-02,185.5,185.5,198.0,179.5,186.0,-0.2695417789757413,2.000000000000004,True,False,False,False,55978500.0,1.3290817010102092,2026
8043,蜜望實,2026-06-30,2026-07-01,2,2026-07-02,2026-07-02,208.0,208.0,221.5,194.5,197.0,5.288461538461538,1.9999999999999982,True,False,False,True,428193000.0,0.9417692489134571,2026
1301,台塑,2026-07-02,2026-07-02,1,2026-07-03,2026-07-03,60.6,60.6,64.0,59.0,62.1,-2.4752475247524752,2.0000000000000053,True,False,False,False,161727300.00000003,0.7721831750112689,2026
1708,東鹼,2026-07-02,2026-07-02,1,2026-07-03,2026-07-03,58.0,58.0,62.2,57.2,60.7,-4.6551724137931085,-4.6551724137931085,False,False,False,True,45543000.0,1.0609138616252771,2026
3016,嘉晶,2026-07-02,2026-07-02,1,2026-07-03,2026-07-03,131.0,131.0,137.5,127.0,135.5,-3.435114503816794,2.0000000000000036,True,False,False,False,84420000.0,1.5729684908789383,2026
3289,宜特,2026-07-02,2026-07-02,1,2026-07-03,2026-07-03,189.0,189.0,191.0,174.5,180.0,4.761904761904762,2.000000000000001,True,False,False,True,208597500.0,0.3822672850825154,2026
3317,尼克森,2026-07-02,2026-07-02,1,2026-07-03,2026-07-03,97.3,97.3,102.0,92.5,96.2,1.13052415210688,1.999999999999998,True,False,False,True,101970400.0,0.9169955202686272,2026
3661,世芯-KY,2026-07-02,2026-07-02,1,2026-07-03,2026-07-03,4880.0,4880.0,4890.0,4630.0,4650.0,4.713114754098361,2.000000000000007,True,False,False,True,792990000.0,0.0469110581470132,2026
4540,全球傳動,2026-07-02,2026-07-02,1,2026-07-03,2026-07-03,64.0,64.0,66.5,63.0,64.0,0.0,0.0,False,False,False,False,47223400.0,1.0232215384745698,2026
4576,大銀微系統,2026-07-02,2026-07-02,1,2026-07-03,2026-07-03,237.0,237.0,237.5,222.0,222.5,6.118143459915612,2.000000000000004,True,False,False,False,143350000.0,0.9437042204394838,2026
4919,新唐,2026-07-02,2026-07-02,1,2026-07-03,2026-07-03,185.0,185.0,192.0,176.5,176.5,4.594594594594595,2.000000000000009,True,False,False,False,251970000.0,0.5799976187641386,2026
5439,高技,2026-07-02,2026-07-02,1,2026-07-03,2026-07-03,348.5,348.5,361.5,340.0,351.0,-0.7173601147776184,2.0000000000000075,True,False,False,True,221676000.0,0.9753694581280788,2026
6138,茂達,2026-07-02,2026-07-02,1,2026-07-03,2026-07-03,428.0,428.0,441.0,399.0,400.0,6.5420560747663545,2.0000000000000004,True,False,False,False,132246000.0,0.955794504181601,2026
6548,長科*,2026-07-02,2026-07-02,1,2026-07-03,2026-07-03,90.6,90.6,93.2,87.5,91.6,-1.1037527593818983,1.9999999999999976,True,False,False,True,108448200.0,1.0009018130314749,2026
8261,富鼎,2026-06-30,2026-07-02,3,2026-07-03,2026-07-03,319.5,319.5,352.5,316.5,320.0,-0.1564945226917058,-0.1564945226917058,False,False,False,True,368423000.0,1.1795137654272398,2026
1313,聯成,2026-07-03,2026-07-03,1,2026-07-06,2026-07-06,14.5,14.5,14.5,13.4,13.55,6.551724137931029,2.000000000000006,True,False,False,True,40140100.0,0.1579816692036143,2026
1314,中石化,2026-07-03,2026-07-03,1,2026-07-06,2026-07-06,10.5,10.5,10.7,9.5,10.4,0.952380952380949,2.000000000000008,True,False,False,False,97288360.0,1.06086277947331,2026
1326,台化,2026-07-02,2026-07-03,2,2026-07-06,2026-07-06,72.8,72.8,73.0,67.2,67.6,7.142857142857147,2.000000000000004,True,False,False,False,359161100.0,1.132121490885288,2026
1409,新纖,2026-07-02,2026-07-03,2,2026-07-06,2026-07-07,34.1,31.35,33.25,30.8,31.7,-1.1164274322168992,-1.1164274322168992,False,False,True,False,829327800.0,0.9766267934102776,2026
1717,長興,2026-07-03,2026-07-03,1,2026-07-06,2026-07-06,82.4,82.4,88.6,80.7,85.4,-3.640776699029126,1.9999999999999951,True,False,False,False,82742400.0,0.4985134586378931,2026
1718,中纖,2026-07-02,2026-07-03,2,2026-07-06,2026-07-06,15.8,15.8,16.2,15.1,15.2,3.797468354430389,2.0000000000000044,True,False,False,True,90128550.0,1.0972239096268608,2026
2208,台船,2026-07-03,2026-07-03,1,2026-07-06,2026-07-06,22.35,22.35,22.45,20.25,20.3,9.17225950782998,1.9999999999999962,True,False,False,False,100817600.0,0.955624811540842,2026
2332,友訊,2026-07-03,2026-07-03,1,2026-07-06,2026-07-06,20.55,20.55,21.1,19.4,19.5,5.109489051094894,2.0000000000000067,True,False,False,False,46860000.0,0.976248399487836,2026
2484,希華,2026-07-01,2026-07-03,3,2026-07-06,2026-07-06,98.1,98.1,99.4,93.6,95.8,2.3445463812436262,2.0000000000000036,True,False,False,False,295822100.0,0.2457970516739621,2026
2634,漢翔,2026-07-03,2026-07-03,1,2026-07-06,2026-07-06,63.4,63.4,64.5,60.3,60.3,4.8895899053627785,2.000000000000001,True,False,False,False,210180000.0,0.968564087924636,2026
3026,禾伸堂,2026-07-03,2026-07-03,1,2026-07-06,2026-07-06,1015.0,1015.0,1020.0,891.0,963.0,5.123152709359606,2.0000000000000067,True,False,False,False,284544000.0,0.4602732793522267,2026
3042,晶技,2026-07-01,2026-07-03,3,2026-07-06,2026-07-06,250.0,250.0,250.0,224.5,224.5,10.2,2.0,True,False,False,False,738583000.0,0.2838990336901878,2026
3167,大量,2026-07-03,2026-07-03,1,2026-07-06,2026-07-06,911.0,911.0,964.0,884.0,905.0,0.6586169045005488,2.000000000000003,True,False,False,False,326244000.0,0.188631821581393,2026
3363,上詮,2026-07-03,2026-07-03,1,2026-07-06,2026-07-06,610.0,610.0,618.0,567.0,574.0,5.901639344262295,2.000000000000007,True,False,False,False,85407000.0,0.6451930169658224,2026
4989,榮科,2026-07-02,2026-07-03,2,2026-07-06,2026-07-06,116.0,116.0,117.5,106.5,111.0,4.310344827586207,2.000000000000006,True,False,False,False,313929000.0,1.0002866890284108,2026
4991,環宇-KY,2026-07-03,2026-07-03,1,2026-07-06,2026-07-06,578.0,578.0,586.0,521.0,521.0,9.86159169550173,2.00000000000001,True,False,False,True,209236000.0,0.7270832935058976,2026
6143,振曜,2026-07-03,2026-07-03,1,2026-07-06,2026-07-06,107.0,107.0,111.0,105.0,108.5,-1.4018691588785046,-1.4018691588785046,False,False,False,False,89992500.0,1.058565991610412,2026
6182,合晶,2026-06-30,2026-07-03,4,2026-07-06,2026-07-06,168.5,168.5,174.0,154.5,156.0,7.418397626112759,2.0000000000000027,True,False,False,False,436057500.0,3.22762938373953,2026
6213,聯茂,2026-07-03,2026-07-03,1,2026-07-06,2026-07-06,409.5,409.5,411.0,379.0,396.0,3.296703296703297,1.9999999999999993,True,False,False,True,211578000.0,0.0,2026
1609,大亞,2026-07-06,2026-07-06,1,2026-07-07,2026-07-07,43.9,43.9,44.25,41.55,41.95,4.441913439635526,2.0000000000000004,True,False,False,True,228068750.0,0.5413229563454003,2026
2351,順德,2026-07-06,2026-07-06,1,2026-07-07,2026-07-07,231.5,231.5,233.0,211.5,213.5,7.775377969762419,1.999999999999998,True,False,False,False,68856000.0,0.8278799233182293,2026
2352,佳世達,2026-07-06,2026-07-06,1,2026-07-07,2026-07-07,36.1,36.1,36.3,34.1,34.45,4.570637119113569,2.0000000000000036,True,False,False,False,100252800.0,0.9979052954131954,2026
2481,強茂,2026-07-06,2026-07-06,1,2026-07-07,2026-07-07,227.0,227.0,232.5,212.5,216.0,4.845814977973569,1.9999999999999967,True,False,False,True,201110000.0,0.600387847446671,2026
2645,長榮航太,2026-07-03,2026-07-06,2,2026-07-07,2026-07-07,235.5,235.5,235.5,214.5,214.5,8.9171974522293,2.0000000000000036,True,False,False,False,168767500.0,0.9672152517516702,2026
4931,新盛力,2026-07-06,2026-07-06,1,2026-07-07,2026-07-07,270.5,270.5,273.0,243.5,247.5,8.502772643253234,2.0000000000000093,True,False,False,False,130500000.0,0.9463793103448276,2026
5285,界霖,2026-07-06,2026-07-06,1,2026-07-07,2026-07-07,104.0,104.0,108.5,102.0,103.0,0.9615384615384616,0.9615384615384616,False,False,False,False,56232000.0,0.7106985346421966,2026
5371,中光電,2026-07-03,2026-07-06,2,2026-07-07,2026-07-07,104.0,104.0,104.0,91.8,91.8,11.730769230769234,1.9999999999999982,True,False,False,True,413217800.0,0.827986112892523,2026
5425,台半,2026-07-06,2026-07-06,1,2026-07-07,2026-07-07,136.5,136.5,140.0,130.5,131.0,4.029304029304029,1.9999999999999925,True,False,False,True,49680000.0,1.0283816425120773,2026
6138,茂達,2026-07-06,2026-07-06,1,2026-07-07,2026-07-07,434.5,434.5,436.0,396.0,396.0,8.860759493670885,1.9999999999999993,True,False,False,False,139480000.0,-0.0,2026
8150,南茂,2026-07-06,2026-07-06,1,2026-07-07,2026-07-07,118.0,118.0,118.5,107.0,109.0,7.627118644067797,1.9999999999999993,True,False,False,False,426888000.0,0.9935135211109236,2026
8261,富鼎,2026-07-06,2026-07-06,1,2026-07-07,2026-07-07,357.0,357.0,380.5,337.5,342.0,4.201680672268908,1.9999999999999962,True,False,False,False,234080000.0,0.9116883116883115,2026
6919,康霈*,2026-07-07,2026-07-07,1,2026-07-08,2026-07-08,110.5,110.5,111.0,103.0,104.5,5.429864253393665,2.000000000000007,True,False,False,True,171050000.0,0.8608038585209004,2026
2645,長榮航太,2026-07-08,2026-07-08,1,2026-07-09,2026-07-09,238.0,238.0,256.5,237.0,240.0,-0.8403361344537815,-0.8403361344537815,False,False,False,True,110214000.0,0.9777342261418694,2026
3026,禾伸堂,2026-07-08,2026-07-08,1,2026-07-09,2026-07-09,966.0,966.0,1045.0,948.0,1005.0,-4.037267080745342,-4.037267080745342,False,False,False,False,480312000.0,0.0,2026
3081,聯亞,2026-07-08,2026-07-08,1,2026-07-09,2026-07-09,2095.0,2095.0,2120.0,2000.0,2005.0,4.295942720763723,2.000000000000004,True,False,False,False,125700000.0,0.1435560859188544,2026
3211,順達,2026-07-08,2026-07-08,1,2026-07-09,2026-07-09,455.0,455.0,470.0,433.5,454.0,0.2197802197802197,2.000000000000005,True,False,False,True,256500000.0,0.0,2026
4931,新盛力,2026-07-08,2026-07-08,1,2026-07-09,2026-07-09,274.5,274.5,275.0,255.0,255.0,7.103825136612022,2.000000000000003,True,False,False,True,308448000.0,0.941633597883598,2026
6182,合晶,2026-07-08,2026-07-08,1,2026-07-09,2026-07-09,161.0,161.0,175.0,159.0,172.5,-7.142857142857142,-7.142857142857142,False,False,False,True,968000000.0,0.233801652892562,2026
8096,擎亞,2026-07-08,2026-07-08,1,2026-07-09,2026-07-09,169.5,169.5,177.0,163.0,166.5,1.7699115044247788,2.000000000000009,True,False,False,False,55257000.0,0.9039578695911832,2026
2332,友訊,2026-07-08,2026-07-09,2,2026-07-13,2026-07-13,24.85,24.85,26.45,23.9,25.95,-4.426559356136812,1.9999999999999993,True,False,False,False,44757050.0,0.696336107942771,2026
2408,南亞科,2026-07-09,2026-07-09,1,2026-07-13,2026-07-13,466.5,466.5,466.5,420.5,423.0,9.32475884244373,1.9999999999999967,True,False,False,True,601861000.0,0.9832453008252736,2026
3006,晶豪科,2026-07-09,2026-07-09,1,2026-07-13,2026-07-13,238.0,238.0,243.5,222.5,228.0,4.201680672268908,1.9999999999999962,True,False,False,False,162345000.0,0.9718562320983092,2026
3374,精材,2026-07-08,2026-07-09,2,2026-07-13,2026-07-13,371.5,371.5,378.0,345.0,358.0,3.633916554508749,2.0000000000000018,True,False,False,True,82509500.0,0.0,2026
8027,鈦昇,2026-07-09,2026-07-09,1,2026-07-13,2026-07-13,243.5,243.5,261.0,235.5,241.0,1.026694045174538,2.0000000000000018,True,False,False,False,124146000.0,0.9919852431814156,2026
8046,南電,2026-07-09,2026-07-09,1,2026-07-13,2026-07-13,1280.0,1280.0,1335.0,1265.0,1270.0,0.78125,0.78125,False,False,False,False,363285000.0,0.0,2026
8150,南茂,2026-07-09,2026-07-09,1,2026-07-13,2026-07-13,121.5,121.5,123.0,112.5,115.0,5.349794238683128,2.0000000000000058,True,False,False,False,159471000.0,0.0,2026
1301,台塑,2026-07-13,2026-07-13,1,2026-07-14,2026-07-14,61.5,61.5,63.6,59.4,63.6,-3.4146341463414656,2.0000000000000067,True,False,False,True,318879400.0,1.0710381416924393,2026
1303,南亞,2026-07-13,2026-07-13,1,2026-07-14,2026-07-14,203.0,203.0,210.0,188.5,210.0,-3.4482758620689653,2.000000000000001,True,False,False,False,2163976500.0,0.0918032150533982,2026
2634,漢翔,2026-07-13,2026-07-13,1,2026-07-14,2026-07-14,66.0,66.0,69.5,64.0,67.1,-1.666666666666658,2.000000000000011,True,False,False,False,53911000.0,0.8251989389920423,2026
3008,大立光,2026-07-13,2026-07-13,1,2026-07-14,2026-07-14,4485.0,4485.0,4485.0,4150.0,4265.0,4.905239687848384,1.9999999999999958,True,False,False,True,173800000.0,0.6380322209436133,2026
3532,台勝科,2026-07-13,2026-07-13,1,2026-07-14,2026-07-14,459.0,459.0,510.0,430.5,510.0,-11.11111111111111,2.0000000000000013,True,False,False,True,100082500.0,0.0,2026
3702,大聯大,2026-07-13,2026-07-13,1,2026-07-14,2026-07-14,116.5,116.5,119.5,112.5,119.5,-2.575107296137339,1.9999999999999987,True,False,False,True,49725000.0,-0.0,2026
4958,臻鼎-KY,2026-07-13,2026-07-13,1,2026-07-14,2026-07-14,643.0,643.0,644.0,591.0,629.0,2.177293934681182,2.000000000000002,True,False,False,False,574940000.0,1.1148137196924897,2026
5483,中美晶,2026-07-13,2026-07-13,1,2026-07-14,2026-07-14,232.5,232.5,253.0,230.5,253.0,-8.817204301075268,-8.817204301075268,False,False,False,False,76858000.0,-0.0,2026
6182,合晶,2026-07-13,2026-07-13,1,2026-07-14,2026-07-14,185.0,185.0,194.5,171.0,186.5,-0.8108108108108109,2.000000000000009,True,False,False,False,106309500.0,5.22609456351502,2026
6488,環球晶,2026-07-09,2026-07-13,2,2026-07-14,2026-07-14,1495.0,1495.0,1575.0,1385.0,1515.0,-1.3377926421404682,2.0000000000000058,True,False,False,False,1276290000.0,1.024410596337823,2026
6538,倉和,2026-07-09,2026-07-13,2,2026-07-14,2026-07-14,147.0,147.0,158.0,135.0,156.0,-6.122448979591836,1.9999999999999982,True,False,False,False,48288500.0,0.9627136895948312,2026
8039,台虹,2026-07-09,2026-07-14,3,2026-07-15,2026-07-15,186.0,186.0,194.0,180.0,181.5,2.419354838709677,1.9999999999999993,True,False,False,False,145988500.0,0.9523284368289284,2026
2344,華邦電,2026-07-15,2026-07-15,1,2026-07-16,2026-07-16,176.0,176.0,180.5,171.0,172.0,2.272727272727273,2.0000000000000058,True,False,False,False,1410607500.0,0.5046818480690057,2026
3006,晶豪科,2026-07-15,2026-07-15,1,2026-07-16,2026-07-16,233.5,233.5,236.0,219.0,220.0,5.781584582441114,2.000000000000007,True,False,False,False,52580000.0,0.9790794979079498,2026
3033,威健,2026-07-15,2026-07-15,1,2026-07-16,2026-07-16,56.0,56.0,59.4,53.3,54.2,3.214285714285709,2.000000000000008,True,False,False,False,156625200.0,0.9755122419636176,2026
3055,蔚華科,2026-07-15,2026-07-15,1,2026-07-16,2026-07-16,195.0,195.0,201.0,180.0,180.0,7.6923076923076925,2.0000000000000027,True,False,False,False,62146000.0,0.4894924854375181,2026
3374,精材,2026-07-15,2026-07-15,1,2026-07-16,2026-07-16,413.0,413.0,418.0,383.0,395.0,4.358353510895883,1.999999999999998,True,False,False,False,249240000.0,1.410487883164821,2026
4764,雙鍵,2026-07-15,2026-07-15,1,2026-07-16,2026-07-16,355.0,355.0,374.0,328.5,328.5,7.464788732394366,2.000000000000006,True,False,False,False,289413000.0,0.8864788382000809,2026
5351,鈺創,2026-07-15,2026-07-15,1,2026-07-16,2026-07-16,103.0,103.0,105.5,96.6,97.7,5.145631067961162,2.000000000000002,True,False,False,False,540369500.0,0.389447961071082,2026
5483,中美晶,2026-07-15,2026-07-15,1,2026-07-16,2026-07-16,272.5,272.5,279.5,257.0,259.0,4.954128440366973,1.9999999999999958,True,False,False,False,384474000.0,-0.0,2026
6147,頎邦,2026-07-15,2026-07-15,1,2026-07-16,2026-07-16,203.0,203.0,204.5,197.0,198.0,2.4630541871921183,2.000000000000001,True,False,False,False,735995500.0,0.1611450070007221,2026
6187,萬潤,2026-07-15,2026-07-15,1,2026-07-16,2026-07-16,1055.0,1055.0,1110.0,1045.0,1075.0,-1.895734597156398,-1.8957345971563981,False,False,False,True,183600000.0,0.9719498910675382,2026
6207,雷科,2026-07-15,2026-07-15,1,2026-07-16,2026-07-16,145.5,145.5,154.0,139.5,140.5,3.436426116838488,1.9999999999999976,True,False,False,False,190525500.0,0.9476028143214426,2026
6770,力積電,2026-07-15,2026-07-15,1,2026-07-16,2026-07-16,74.9,74.9,79.5,74.8,76.5,-2.136181575433904,-2.136181575433904,False,False,False,True,751791899.9999999,0.7319372555091377,2026
8046,南電,2026-07-15,2026-07-15,1,2026-07-16,2026-07-16,1405.0,1405.0,1415.0,1275.0,1275.0,9.252669039145909,2.0000000000000098,True,False,False,True,578735000.0,-0.0,2026
2484,希華,2026-07-16,2026-07-16,1,2026-07-17,2026-07-17,86.5,86.5,87.4,80.7,80.7,6.705202312138725,2.0000000000000044,True,False,False,True,202048000.0,0.8643233291099146,2026
6505,台塑化,2026-07-15,2026-07-16,2,2026-07-17,2026-07-17,79.6,79.6,84.0,78.2,81.3,-2.135678391959803,-2.135678391959803,False,False,False,True,60457600.0,-0.0,2026
8028,昇陽半導體,2026-07-16,2026-07-16,1,2026-07-17,2026-07-17,331.0,331.0,351.5,315.0,315.0,4.833836858006042,2.0000000000000013,True,False,False,False,997500000.0,0.5576842105263158,2026
3532,台勝科,2026-07-20,2026-07-20,1,2026-07-21,2026-07-21,470.0,470.0,470.0,432.0,433.5,7.76595744680851,2.000000000000007,True,False,False,False,108578000.0,-0.0,2026
2383,台光電,2026-07-21,2026-07-21,1,2026-07-22,2026-07-22,5210.0,5210.0,5250.0,5045.0,5125.0,1.6314779270633395,1.9999999999999967,True,False,False,False,265650000.0,0.0,2026
2454,聯發科,2026-07-21,2026-07-21,1,2026-07-22,2026-07-22,4000.0,4000.0,4000.0,3830.0,3850.0,3.75,2.0,True,False,False,True,737670000.0,0.0,2026
2630,亞航,2026-07-21,2026-07-21,1,2026-07-22,2026-07-22,59.2,59.2,61.2,53.1,53.2,10.135135135135137,2.0000000000000075,True,False,False,True,53952400.0,0.9515424707705312,2026
2634,漢翔,2026-07-21,2026-07-21,1,2026-07-22,2026-07-22,73.0,73.0,75.3,64.4,64.4,11.780821917808211,2.0000000000000107,True,False,False,True,527026500.0,0.8793151767510742,2026
3189,景碩,2026-07-21,2026-07-21,1,2026-07-22,2026-07-22,804.0,804.0,819.0,770.0,796.0,0.9950248756218906,2.0000000000000053,True,False,False,False,324510000.0,0.9934362577424424,2026
3443,創意,2026-07-21,2026-07-21,1,2026-07-22,2026-07-22,4305.0,4305.0,4450.0,4235.0,4370.0,-1.509872241579559,-1.5098722415795587,False,False,False,False,242785000.0,0.0,2026
3653,健策,2026-07-21,2026-07-21,1,2026-07-22,2026-07-22,3545.0,3545.0,3615.0,3405.0,3500.0,1.2693935119887163,2.0000000000000027,True,False,False,False,841280000.0,0.0,2026
4541,晟田,2026-07-21,2026-07-21,1,2026-07-22,2026-07-22,79.8,79.8,81.6,68.6,70.6,11.528822055137848,2.0000000000000044,True,False,False,False,69568300.0,0.9042135570367538,2026
4916,事欣科,2026-07-21,2026-07-21,1,2026-07-22,2026-07-22,109.0,109.0,112.5,106.0,106.5,2.293577981651376,2.000000000000006,True,False,False,False,92769000.0,0.9872910131617244,2026
6213,聯茂,2026-07-21,2026-07-21,1,2026-07-22,2026-07-22,373.0,373.0,387.5,363.0,367.0,1.6085790884718498,1.9999999999999944,True,False,False,True,176186500.0,0.9248608718602164,2026
6505,台塑化,2026-07-21,2026-07-21,1,2026-07-22,2026-07-22,87.4,87.4,92.8,84.1,85.1,2.6315789473684337,2.0000000000000053,True,False,False,True,357057400.0,1.0293776294791817,2026
6515,穎崴,2026-07-21,2026-07-21,1,2026-07-22,2026-07-22,7000.0,7000.0,7180.0,6490.0,6500.0,7.142857142857142,2.0,True,False,False,False,219615000.0,0.4143614962548095,2026
2337,旺宏,2026-07-22,2026-07-22,1,2026-07-23,2026-07-23,132.0,132.0,134.5,125.5,129.5,1.893939393939394,2.000000000000011,True,False,False,True,120285000.0,3.4699131229995426,2026
2344,華邦電,2026-07-22,2026-07-22,1,2026-07-23,2026-07-23,172.0,172.0,172.0,157.0,161.0,6.395348837209303,1.9999999999999987,True,False,False,True,1067040000.0,1.0435185185185183,2026
2408,南亞科,2026-07-22,2026-07-22,1,2026-07-23,2026-07-23,452.0,452.0,452.0,415.0,426.0,5.752212389380531,2.0000000000000044,True,False,False,True,1680426000.0,0.7202138029285431,2026
2481,強茂,2026-07-22,2026-07-22,1,2026-07-23,2026-07-23,154.5,154.5,154.5,142.0,144.5,6.472491909385113,2.000000000000002,True,False,False,False,201757500.0,0.9819188877736889,2026
2492,華新科,2026-07-22,2026-07-22,1,2026-07-23,2026-07-23,293.0,293.0,300.0,282.0,300.0,-2.389078498293516,2.0000000000000044,True,False,False,True,60600000.0,0.0,2026
3037,欣興,2026-07-21,2026-07-22,2,2026-07-23,2026-07-23,915.0,915.0,918.0,872.0,896.0,2.076502732240437,2.000000000000007,True,False,False,True,388575000.0,0.0,2026
3374,精材,2026-07-21,2026-07-22,2,2026-07-23,2026-07-23,411.0,411.0,418.5,393.5,403.0,1.9464720194647205,2.0000000000000067,True,False,False,False,551950000.0,-0.0,2026
3529,力旺,2026-07-22,2026-07-22,1,2026-07-23,2026-07-23,2620.0,2620.0,2710.0,2480.0,2505.0,4.3893129770992365,2.0000000000000036,True,False,False,False,184600000.0,0.0,2026
4958,臻鼎-KY,2026-07-22,2026-07-22,1,2026-07-23,2026-07-23,555.0,555.0,558.0,504.0,506.0,8.82882882882883,2.000000000000004,True,False,False,False,612105000.0,0.7233236127788533,2026
4991,環宇-KY,2026-07-21,2026-07-22,2,2026-07-23,2026-07-23,435.0,435.0,454.0,414.0,436.0,-0.2298850574712643,1.9999999999999973,True,False,False,False,112071000.0,1.1826788375226418,2026
5274,信驊,2026-07-22,2026-07-22,1,2026-07-23,2026-07-23,15575.0,15575.0,16210.0,15315.0,15540.0,0.2247191011235955,0.22471910112359553,False,False,False,False,434280000.0,0.0,2026
6414,樺漢,2026-07-21,2026-07-22,2,2026-07-23,2026-07-23,490.0,490.0,505.0,477.0,503.0,-2.653061224489796,2.0000000000000027,True,False,False,False,203230500.0,1.098909858510411,2026
6669,緯穎,2026-07-22,2026-07-22,1,2026-07-23,2026-07-23,5470.0,5470.0,5675.0,5410.0,5470.0,0.0,0.0,False,False,False,False,473000000.0,-0.0,2026
8046,南電,2026-07-22,2026-07-22,1,2026-07-23,2026-07-23,1280.0,1280.0,1310.0,1175.0,1230.0,3.90625,1.9999999999999927,True,False,False,True,685125000.0,0.9012370005473452,2026
6715,嘉基,2026-07-23,2026-07-23,1,2026-07-24,2026-07-24,421.0,421.0,463.0,410.5,424.5,-0.831353919239905,2.000000000000004,True,False,False,False,83823500.0,-0.0,2026
8039,台虹,2026-07-21,2026-07-23,3,2026-07-24,2026-07-24,251.5,251.5,257.5,235.0,240.0,4.572564612326044,2.0000000000000004,True,False,False,True,313252000.0,1.1515329511064574,2026
6187,萬潤,2026-07-27,2026-07-27,1,2026-07-28,2026-07-28,990.0,990.0,1040.0,958.0,962.0,2.8282828282828283,2.000000000000007,True,False,False,False,83835000.0,0.9179936780580904,2026
3529,力旺,2026-07-30,2026-07-30,1,2026-07-31,2026-08-03,2515.0,2410.0,2435.0,2330.0,2390.0,0.8298755186721992,1.9999999999999925,True,False,True,False,54960000.0,0.0,2026
1303,南亞,2026-07-31,2026-07-31,1,2026-08-03,2026-08-03,166.0,166.0,175.0,162.0,165.0,0.6024096385542169,1.9999999999999958,True,False,False,False,46574000.0,4.49574870099197,2026
1605,華新,2026-07-31,2026-07-31,1,2026-08-03,2026-08-03,31.15,31.15,33.2,31.1,32.8,-5.296950240770461,-5.296950240770461,False,False,False,False,41765600.0,-0.0,2026
2303,聯電,2026-07-31,2026-07-31,1,2026-08-03,2026-08-03,125.5,125.5,126.0,116.0,118.0,5.9760956175298805,2.000000000000004,True,False,False,False,465850000.0,4.661487603305785,2026
2330,台積電,2026-07-31,2026-07-31,1,2026-08-03,2026-08-03,2390.0,2390.0,2395.0,2365.0,2370.0,0.8368200836820083,0.8368200836820083,False,False,False,False,5502325000.0,0.3290754362928398,2026
2360,致茂,2026-07-31,2026-07-31,1,2026-08-03,2026-08-03,2170.0,2170.0,2170.0,1890.0,1960.0,9.67741935483871,2.000000000000004,True,False,False,False,546000000.0,0.4128205128205128,2026
2383,台光電,2026-07-31,2026-07-31,1,2026-08-03,2026-08-03,5135.0,5135.0,5195.0,4930.0,4980.0,3.018500486854917,1.9999999999999967,True,False,False,False,237250000.0,0.0,2026
2449,京元電子,2026-07-31,2026-07-31,1,2026-08-03,2026-08-03,234.0,234.0,242.5,229.0,233.5,0.2136752136752137,2.0000000000000027,True,False,False,False,228193500.0,1.0253008959501475,2026
3481,群創,2026-07-31,2026-07-31,1,2026-08-03,2026-08-03,45.0,45.0,46.7,43.8,45.8,-1.7777777777777717,1.999999999999997,True,False,False,False,359541000.0,0.2552788138209551,2026
3665,貿聯-KY,2026-07-31,2026-07-31,1,2026-08-03,2026-08-03,2100.0,2100.0,2300.0,2060.0,2095.0,0.2380952380952381,0.2380952380952381,False,False,False,False,58800000.0,0.0,2026
5347,世界,2026-07-31,2026-07-31,1,2026-08-03,2026-08-03,147.5,147.5,156.5,145.5,151.0,-2.3728813559322037,-2.3728813559322033,False,False,False,False,126199500.0,-0.0,2026
6510,精測,2026-07-31,2026-07-31,1,2026-08-03,2026-08-03,2595.0,2595.0,2690.0,2470.0,2655.0,-2.312138728323699,2.0000000000000036,True,False,False,False,67365000.0,2.167668670674683,2026
8046,南電,2026-07-31,2026-07-31,1,2026-08-03,2026-08-03,945.0,945.0,998.0,940.0,953.0,-0.8465608465608466,-0.8465608465608466,False,False,False,False,287960000.0,0.7347062091957216,2026
8299,群聯,2026-07-31,2026-07-31,1,2026-08-03,2026-08-03,1675.0,1675.0,1800.0,1670.0,1760.0,-5.074626865671641,-5.074626865671641,False,False,False,False,265680000.0,0.8943089430894309,2026
2313,華通,2026-07-31,2026-08-03,2,2026-08-04,2026-08-04,185.5,185.5,202.0,185.5,198.5,-7.008086253369273,-7.008086253369273,False,False,False,False,143020500.0,1.1589072895144403,2026
2327,國巨*,2026-07-31,2026-08-03,2,2026-08-04,2026-08-04,581.0,581.0,583.0,545.0,566.0,2.5817555938037864,2.000000000000001,True,False,False,False,998598000.0,0.909138612334493,2026
2345,智邦,2026-07-31,2026-08-03,2,2026-08-04,2026-08-04,2355.0,2355.0,2360.0,2280.0,2320.0,1.48619957537155,1.9999999999999962,True,False,False,False,419805000.0,0.0,2026
2368,金像電,2026-07-31,2026-08-03,2,2026-08-04,2026-08-04,901.0,901.0,903.0,858.0,897.0,0.4439511653718091,1.999999999999998,True,False,False,False,122080000.0,0.0,2026
2481,強茂,2026-07-31,2026-08-03,2,2026-08-04,2026-08-04,127.5,127.5,130.0,121.0,130.0,-1.96078431372549,1.9999999999999976,True,False,False,False,91415000.0,-0.0,2026
3017,奇鋐,2026-07-31,2026-08-03,2,2026-08-04,2026-08-04,2595.0,2595.0,2675.0,2560.0,2600.0,-0.1926782273603083,-0.1926782273603083,False,False,False,False,554920000.0,-0.0,2026
3037,欣興,2026-07-31,2026-08-03,2,2026-08-04,2026-08-04,878.0,878.0,948.0,873.0,924.0,-5.239179954441914,-5.239179954441914,False,False,False,False,780001000.0,1.500905768069528,2026
3441,聯一光電,2026-07-31,2026-08-03,2,2026-08-04,2026-08-04,93.5,93.5,95.8,85.5,89.6,4.171122994652412,2.000000000000005,True,False,False,False,152829600.0,0.9263127038217728,2026
3443,創意,2026-07-31,2026-08-03,2,2026-08-04,2026-08-04,4200.0,4200.0,4335.0,4085.0,4145.0,1.3095238095238095,2.0,True,False,False,False,874670000.0,0.8103570489441733,2026
3711,日月光投控,2026-07-31,2026-08-03,2,2026-08-04,2026-08-04,606.0,606.0,606.0,573.0,585.0,3.4653465346534658,2.000000000000001,True,False,False,False,283190000.0,-0.0,2026
5274,信驊,2026-07-31,2026-08-03,2,2026-08-04,2026-08-04,16215.0,16215.0,16405.0,15255.0,15500.0,4.40949737897009,2.0000000000000067,True,False,False,False,383400000.0,0.1212832550860719,2026
5483,中美晶,2026-08-03,2026-08-03,1,2026-08-04,2026-08-04,177.0,177.0,184.5,170.0,181.0,-2.2598870056497176,1.9999999999999956,True,False,False,False,68655000.0,3.704100211200932,2026
6223,旺矽,2026-07-31,2026-08-03,2,2026-08-04,2026-08-04,5910.0,5910.0,6090.0,5805.0,5900.0,0.1692047377326565,0.1692047377326565,False,False,False,False,59625000.0,0.0,2026
6446,藥華藥,2026-08-03,2026-08-03,1,2026-08-04,2026-08-04,1205.0,1205.0,1275.0,1200.0,1215.0,-0.8298755186721992,-0.8298755186721992,False,False,False,False,106015000.0,-0.0,2026
6669,緯穎,2026-07-31,2026-08-03,2,2026-08-04,2026-08-04,5935.0,5935.0,6385.0,5800.0,6205.0,-4.549283909014322,1.999999999999997,True,False,False,False,1246910000.0,0.0,2026
2059,川湖,2026-07-31,2026-08-04,3,2026-08-05,2026-08-05,9500.0,9500.0,9575.0,9275.0,9470.0,0.3157894736842105,2.0,True,False,False,False,358300000.0,0.0,2026
2301,光寶科,2026-07-31,2026-08-04,3,2026-08-05,2026-08-05,260.0,260.0,268.5,247.0,249.0,4.230769230769231,2.0000000000000067,True,False,False,False,623072500.0,1.5777489778476823,2026
2344,華邦電,2026-07-31,2026-08-04,3,2026-08-05,2026-08-05,167.0,167.0,172.5,164.5,169.0,-1.1976047904191618,-1.1976047904191618,False,False,False,False,511206000.0,0.0,2026
2408,南亞科,2026-07-31,2026-08-04,3,2026-08-05,2026-08-05,469.0,469.0,470.5,441.5,445.0,5.11727078891258,1.9999999999999991,True,False,False,False,1345181500.0,0.6126608193764187,2026
3008,大立光,2026-08-04,2026-08-04,1,2026-08-05,2026-08-05,4410.0,4410.0,4730.0,4340.0,4575.0,-3.741496598639456,-3.741496598639456,False,False,False,False,161135000.0,0.0,2026
3653,健策,2026-08-04,2026-08-04,1,2026-08-05,2026-08-05,4200.0,4200.0,4430.0,4180.0,4340.0,-3.333333333333333,-3.3333333333333335,False,False,False,False,451805000.0,-0.0,2026
3665,貿聯-KY,2026-08-04,2026-08-04,1,2026-08-05,2026-08-05,2400.0,2400.0,2450.0,2330.0,2355.0,1.875,2.0,True,False,False,False,197800000.0,0.0,2026
6182,合晶,2026-08-04,2026-08-04,1,2026-08-05,2026-08-05,105.0,105.0,105.0,98.0,104.0,0.9523809523809524,2.000000000000008,True,False,False,False,53004300.0,0.612176747924225,2026
6488,環球晶,2026-08-04,2026-08-04,1,2026-08-05,2026-08-05,993.0,993.0,996.0,868.0,872.0,12.185297079556898,2.0000000000000013,True,False,False,False,313208000.0,1.1108528517790095,2026
6531,愛普*,2026-07-31,2026-08-04,3,2026-08-05,2026-08-05,866.0,866.0,880.0,819.0,855.0,1.2702078521939952,2.0000000000000058,True,False,False,False,242018000.0,0.0,2026
8046,南電,2026-08-04,2026-08-04,1,2026-08-05,2026-08-05,1140.0,1140.0,1145.0,1055.0,1060.0,7.017543859649122,1.9999999999999958,True,False,False,False,280060000.0,0.677497679068771,2026
8996,高力,2026-07-31,2026-08-04,3,2026-08-05,2026-08-05,1050.0,1050.0,1085.0,1030.0,1035.0,1.4285714285714286,1.4285714285714286,False,False,False,False,197840000.0,-0.0,2026
2313,華通,2026-08-05,2026-08-05,1,2026-08-06,2026-08-06,213.5,213.5,223.0,209.0,220.5,-3.278688524590164,2.000000000000005,True,False,False,False,558952000.0,0.3901488857719446,2026
2359,所羅門,2026-08-05,2026-08-05,1,2026-08-06,2026-08-06,148.0,148.0,151.5,143.0,144.5,2.364864864864865,2.0000000000000053,True,False,False,False,47995000.0,0.9544015001562662,2026
2455,全新,2026-07-31,2026-08-05,4,2026-08-06,2026-08-06,384.0,384.0,402.0,365.5,372.0,3.125,2.0000000000000018,True,False,False,False,850757000.0,0.8828231798269071,2026
3105,穩懋,2026-08-04,2026-08-05,2,2026-08-06,2026-08-06,378.0,378.0,394.0,365.5,382.0,-1.058201058201058,2.000000000000001,True,False,False,False,104904000.0,0.0,2026
3147,大綜,2026-08-05,2026-08-05,1,2026-08-06,2026-08-06,249.5,249.5,251.0,244.5,244.5,2.004008016032064,2.0000000000000036,True,False,False,False,55929000.0,0.9005524861878453,2026
3163,波若威,2026-07-31,2026-08-05,4,2026-08-06,2026-08-06,722.0,722.0,757.0,706.0,710.0,1.662049861495845,2.0000000000000075,True,False,False,False,119841000.0,1.17305429694345,2026
3167,大量,2026-07-31,2026-08-05,4,2026-08-06,2026-08-06,645.0,645.0,709.0,645.0,705.0,-9.30232558139535,-9.30232558139535,False,False,False,False,105262000.0,0.066975736733104,2026
3605,宏致,2026-08-04,2026-08-05,2,2026-08-06,2026-08-06,102.5,102.5,111.5,98.0,108.0,-5.365853658536586,1.9999999999999973,True,False,False,False,594188500.0,0.0,2026
4958,臻鼎-KY,2026-08-05,2026-08-05,1,2026-08-06,2026-08-06,486.5,486.5,490.0,453.0,482.0,0.9249743062692704,2.000000000000004,True,False,False,False,900360000.0,1.0283908658758718,2026
4979,華星光,2026-08-03,2026-08-05,3,2026-08-06,2026-08-06,472.5,472.5,494.5,472.5,488.0,-3.28042328042328,-3.28042328042328,False,False,False,False,82911000.0,-0.0,2026
6147,頎邦,2026-08-05,2026-08-05,1,2026-08-06,2026-08-06,153.0,153.0,154.5,146.5,151.0,1.30718954248366,2.0000000000000013,True,False,False,False,52463500.0,1.1886930913873457,2026
6446,藥華藥,2026-08-05,2026-08-05,1,2026-08-06,2026-08-06,1390.0,1390.0,1390.0,1250.0,1290.0,7.194244604316546,1.9999999999999967,True,False,False,False,275010000.0,0.6332497000109087,2026
6770,力積電,2026-08-04,2026-08-05,2,2026-08-06,2026-08-06,66.4,66.4,68.5,65.0,66.6,-0.3012048192770912,2.000000000000004,True,False,False,False,1222845600.0,1.0844153996219963,2026
