d0,code,market,d1,net_amt_wan,influence_pct,lock_streak,d0_locked,d1_frozen,censored,short_ret_open_to_close_pct,short_mae_pct,success,gap_pct,d0_close,d1_open,d1_high,d1_low,d1_close,exit_price,exit_date,exit_kind,year,d1_intraday_close,has_intraday,d0_disposal,d1_disposal,d1_disposal_type,mktcap_billion,taiex_2day_mom_pct,day_trade_short_suspended_d1,city_ga_net_amt_wan,city_ga_influence_pct,unicenter_city_net_amt_wan,unicenter_city_influence_pct,fubon_net_amt_wan,fubon_influence_pct,taishin_taipei_net_amt_wan,taishin_taipei_influence_pct,d0_top3_net_buy_branches,top3_available,v1_candidate_d1,other_branch_active_count
2026-04-07,2481,TSE,2026-04-08,28235.9,5.880087902744129,1,True,False,False,5.116279069767442,1.8604651162790695,True,2.8708133971291865,104.5,107.5,109.5,101.0,102.0,102.0,2026-04-08,d1_close,2026,"[109.0, 108.0, 107.0, 108.0, 107.0, 107.5, 107.0, 107.0, 107.0, 106.5, 106.0, 105.5, 105.5, 105.0, 102.5, 103.5, 103.0, 102.5, 103.5, 104.0, 104.5, 105.5, 105.5, 107.5, 107.0, 107.0, 108.0, 109.0, 108.5, 108.0, 108.0, 107.5, 107.0, 106.5, 105.5, 105.0, 105.0, 105.0, 105.0, 105.5, 104.5, 104.5, 105.0, 105.0, 104.5, 105.0, 105.5, 105.5, 106.0, 106.0, 106.0, 106.0, 105.5, 105.5, 105.5, 105.5, 105.0, 105.5, 105.0, 105.0, 105.5, 105.5, 105.5, 106.0, 106.0, 106.0, 106.0, 106.0, 106.0, 106.0, 105.5, 105.0, 104.0, 104.5, 104.0, 103.5, 103.5, 103.5, 104.0, 104.0, 103.5, 104.0, 103.5, 103.5, 103.0, 103.5, 104.0, 104.0, 104.5, 104.0, 104.5, 104.5, 104.0, 104.0, 104.5, 104.5, 104.0, 104.5, 104.5, 104.0, 104.5, 104.0, 104.0, 104.0, 104.0, 104.0, 104.0, 104.0, 103.5, 103.5, 103.5, 103.5, 103.5, 103.5, 103.5, 104.0, 104.0, 103.5, 103.5, 104.0, 103.5, 103.5, 103.5, 103.5, 102.5, 102.5, 103.0, 102.5, 103.0, 103.0, 103.0, 103.0, 102.5, 102.5, 102.5, 102.5, 103.0, 103.0, 103.5, 103.5, 103.5, 103.0, 103.5, 103.0, 103.0, 103.0, 103.0, 103.5, 103.0, 103.5, 103.0, 103.5, 103.5, 104.0, 104.5, 104.0, 104.0, 104.0, 104.5, 103.5, 103.5, 103.5, 103.5, 103.5, 103.0, 103.0, 103.5, 103.5, 103.0, 103.5, 103.5, 103.5, 103.5, 103.0, 103.0, 103.5, 103.0, 103.0, 103.5, 103.5, 103.0, 103.5, 103.5, 103.5, 103.0, 103.0, 103.5, 103.0, 103.5, 103.0, 103.0, 102.5, 102.5, 102.5, 102.5, 102.5, 102.0, 102.5, 102.0, 102.5, 102.5, 102.5, 102.5, 102.5, 102.5, 102.0, 102.5, 102.5, 102.0, 102.5, 102.5, 102.0, 102.0, 101.0, 102.0, 102.0, 101.5, 101.0, 101.5, 101.5, 102.0, 101.5, 101.0, 101.0, 101.0, 101.0, 101.0, 101.0, 101.5, 101.0, 101.0, 101.5, 101.5, 102.0, 101.5, 101.5, 101.5, 101.5, 101.5, 101.5, 101.5, 101.5, 101.5, 101.5, 101.5, 101.5, 102.0, 101.5, 101.5, 101.5, 101.0, 101.0, 101.5, 102.0, 102.0, 102.0, 102.5, 102.0, 102.5, 102.0, 102.0, 102.5, 102.0, 102.0, 101.5, 102.0]",True,False,False,,399.3100705,0.1657883901103306,False,0.0,0.0,0.0,0.0,21850.95,4.550430719703173,28235.9,5.880087902744129,"台新-台北(28,235.90萬)／新加坡商瑞銀(28,194.10萬)／元大證券(27,410.35萬)",True,False,1
2026-04-07,3004,TSE,2026-04-08,485.9,4.371564050970692,1,True,False,False,-1.818181818181818,5.909090909090909,False,-2.6548672566371683,113.0,110.0,116.5,110.0,112.0,112.0,2026-04-08,d1_close,2026,"[113.0, 113.5, 113.0, 113.0, 113.5, 114.0, 113.5, 114.0, 115.0, 115.0, 115.0, 114.5, 114.5, 114.0, 115.0, 115.5, 114.5, 114.0, 113.5, 113.5, 113.5, 113.0, 113.5, 113.0, 113.5, 113.0, 113.0, 113.0, 113.0, 113.5, 114.0, 113.0, 113.0, 113.0, 112.5, 112.5, 112.5, 113.0, 113.0, 113.5, 113.5, 113.5, 113.0, 113.0, 113.0, 113.5, 113.0, 113.0, 112.0, 112.0, 112.0, 112.0, 112.0, 111.5, 112.0, 112.0, 111.5, 112.0, 112.0, 112.0, 112.5, 112.5, 112.5, 112.5, 112.0, 112.0, 112.5, 112.0, 112.0, 111.5, 111.5, 111.5, 111.5, 112.0, 112.0, 112.0, 112.0, 112.0, 111.5, 111.5, 112.0, 112.0, 112.0, 112.0, 112.0, 112.5, 112.5, 113.0, 112.5, 112.5, 112.5, 112.5, 112.0, 112.0, 112.0, 112.0, 112.0, 112.0, 112.0, 112.0, 112.0, 112.0, 112.0, 111.5, 112.0, 111.5, 112.0, 112.0, 112.5, 112.5, 112.5, 112.5, 112.5, 112.5, 112.5, 113.0, 112.5, 112.5, 112.5, 112.5, 112.5, 112.5, 112.5, 112.0, 112.0, 112.0, 112.5, 112.5, 112.0]",True,False,False,,72.611992,0.1657883901103306,True,0.0,0.0,0.0,0.0,0.0,0.0,485.9,4.371564050970692,"華南永昌(2,847.60萬)／凱基-台北(858.80萬)／元大證券(485.90萬)",True,False,0
2026-04-07,5425,OTC,2026-04-08,1763.86,3.8562511578963297,1,True,False,False,3.833333333333329,0.8333333333333334,True,2.3890784982935127,58.6,60.0,60.5,57.6,57.7,57.7,2026-04-08,d1_close,2026,"[60.1, 58.8, 58.7, 58.6, 58.6, 58.6, 59.1, 59.0, 59.0, 59.0, 58.8, 58.4, 58.2, 58.4, 57.9, 58.0, 58.0, 58.0, 58.1, 58.2, 58.1, 58.5, 58.6, 59.2, 58.9, 59.0, 59.1, 59.5, 59.1, 59.0, 58.9, 58.8, 58.7, 58.7, 58.6, 58.5, 58.4, 58.3, 58.6, 58.5, 58.5, 58.4, 58.3, 58.4, 58.1, 58.2, 58.2, 58.4, 58.4, 58.5, 58.6, 58.5, 58.4, 58.4, 58.4, 58.2, 58.1, 58.0, 58.0, 58.3, 58.3, 58.4, 58.2, 58.2, 58.3, 58.4, 58.3, 58.4, 58.4, 58.4, 58.4, 58.1, 58.1, 58.1, 58.1, 58.0, 57.9, 58.1, 58.1, 58.1, 57.9, 57.9, 57.9, 57.9, 57.8, 57.8, 57.8, 57.9, 57.9, 58.0, 58.0, 58.1, 58.1, 58.1, 58.1, 58.2, 58.3, 58.4, 58.2, 58.1, 58.0, 58.2, 58.3, 58.3, 58.2, 58.2, 58.2, 58.2, 58.1, 58.1, 58.2, 58.2, 58.0, 58.0, 57.9, 57.9, 57.9, 58.0, 57.9, 57.9, 57.9, 57.9, 57.9, 58.0, 58.0, 57.8, 58.0, 57.8, 57.9, 58.0, 57.9, 57.9, 57.9, 57.9, 57.9, 57.9, 57.9, 57.9, 57.9, 57.9, 58.0, 57.9, 57.6, 57.7, 57.8, 57.8, 57.9, 57.8, 57.8, 57.9, 57.9, 58.0, 58.0, 58.0, 58.0, 58.0, 58.0, 58.1, 57.9, 57.9, 57.9, 57.9, 57.9, 57.8, 57.8, 57.8, 57.8, 57.8, 57.9, 57.8, 57.8, 57.8, 57.9, 57.9, 57.8, 57.8, 58.0, 58.0, 58.1, 57.8, 57.9, 57.9, 57.9, 57.9, 57.9, 57.8, 57.8, 57.9, 57.9, 57.8, 57.8, 57.8, 57.6, 57.6, 57.8, 57.7, 57.7, 57.7, 57.8, 57.7, 57.8, 57.7, 57.8, 57.9, 58.0, 58.1, 58.1, 58.1, 58.0, 58.1, 58.0, 58.0, 58.0, 58.1, 58.1, 58.0, 58.0, 58.0, 58.0, 58.0, 58.0, 58.0, 58.0, 58.0, 58.0, 58.0, 58.0, 58.0, 58.0, 58.0, 58.0, 58.0, 58.0, 58.1, 58.0, 58.1, 58.0, 58.0, 58.0, 57.9, 57.9, 58.0, 57.9, 57.9, 57.9, 57.8, 57.9, 57.8, 57.9, 57.8, 57.9, 58.1, 58.1, 58.1, 58.1, 58.2, 58.2, 58.1, 58.1, 57.9, 57.9, 57.7]",True,False,False,,154.4024444,0.1657883901103306,False,0.0,0.0,0.0,0.0,0.0,0.0,1763.8600000000001,3.8562511578963297,"美林(4,506.34萬)／元大證券(1,933.80萬)／凱基-台北(1,816.60萬)",True,False,0
2026-04-07,6213,TSE,2026-04-08,20607.4,4.150528952804296,1,True,False,False,-1.5463917525773196,3.0927835051546397,False,3.7433155080213902,187.0,194.0,200.0,187.5,197.0,197.0,2026-04-08,d1_close,2026,"[192.5, 193.5, 193.0, 192.5, 195.0, 194.0, 194.0, 195.0, 195.0, 195.0, 195.0, 195.5, 195.0, 195.0, 194.0, 193.0, 193.0, 194.5, 196.0, 195.5, 196.0, 198.5, 198.5, 199.0, 199.5, 198.5, 197.0, 197.0, 199.0, 198.5, 196.0, 195.5, 196.0, 197.0, 197.5, 196.0, 196.5, 195.5, 194.5, 195.5, 195.5, 194.0, 194.5, 194.5, 195.0, 195.5, 195.5, 196.0, 196.5, 196.5, 195.5, 195.0, 195.0, 195.5, 195.0, 194.0, 193.5, 192.5, 193.0, 194.0, 193.5, 193.0, 192.5, 192.5, 193.0, 193.5, 193.0, 192.5, 193.0, 192.5, 190.5, 190.0, 191.5, 190.5, 191.5, 191.0, 189.0, 190.0, 189.5, 189.5, 187.5, 187.5, 189.0, 189.5, 189.0, 189.0, 189.0, 190.0, 191.0, 190.0, 190.5, 190.5, 191.0, 191.0, 191.0, 191.0, 191.0, 191.0, 190.5, 190.5, 190.5, 190.5, 190.5, 190.5, 190.5, 191.5, 191.5, 191.5, 191.5, 191.0, 191.0, 191.0, 190.5, 191.0, 191.0, 191.0, 191.0, 189.5, 190.0, 189.5, 189.5, 190.0, 190.0, 189.5, 189.0, 190.0, 189.5, 192.5, 193.0, 192.5, 193.5, 193.0, 193.5, 193.5, 193.0, 193.0, 194.5, 194.0, 194.5, 195.0, 195.0, 194.0, 194.0, 193.5, 194.0, 194.0, 194.0, 193.5, 195.0, 195.0, 195.0, 194.5, 195.5, 196.0, 195.5, 197.0, 197.5, 197.0, 196.0, 196.5, 195.5, 196.0, 196.0, 195.5, 195.5, 195.5, 195.5, 195.5, 195.5, 195.5, 196.0, 196.0, 196.0, 195.5, 195.5, 195.0, 195.0, 194.5, 194.5, 194.5, 194.5, 194.5, 194.0, 194.0, 194.0, 195.0, 194.5, 194.5, 194.5, 194.5, 195.0, 194.5, 194.5, 194.5, 194.5, 195.0, 194.5, 194.5, 195.0, 195.0, 194.5, 196.0, 196.0, 195.5, 195.0, 195.0, 195.0, 195.5, 195.0, 195.0, 195.0, 195.0, 195.0, 194.5, 194.5, 194.0, 194.0, 194.0, 194.0, 194.0, 194.5, 194.5, 194.5, 194.0, 194.5, 194.5, 194.5, 194.5, 194.5, 194.5, 194.5, 194.5, 194.5, 194.5, 195.5, 196.0, 196.0, 196.0, 195.5, 195.5, 196.0, 195.5, 195.5, 195.5, 195.5, 195.5, 195.5, 195.5, 195.5, 196.0, 196.0, 195.5, 195.5, 195.5, 196.0, 196.0, 195.5, 195.5, 196.0, 196.0, 196.0, 196.0, 195.5, 196.0, 196.0, 197.0]",True,False,False,,683.207492,0.1657883901103306,False,0.0,0.0,0.0,0.0,13426.6,2.7042466316819285,20607.4,4.150528952804296,"元大證券(25,936.90萬)／台新-台北(20,607.40萬)／富邦證券(13,426.60萬)",True,False,1
2026-04-07,8021,TSE,2026-04-08,33872.15,9.507713872455447,1,True,False,False,-6.159420289855073,6.159420289855073,False,3.564727954971857,266.5,276.0,293.0,272.0,293.0,293.0,2026-04-08,d1_close,2026,"[280.0, 275.0, 275.5, 276.0, 275.5, 281.0, 282.0, 280.0, 281.0, 282.0, 282.5, 282.5, 285.5, 287.0, 287.5, 282.5, 282.0, 283.0, 285.0, 282.5, 281.5, 284.0, 283.5, 284.5, 282.5, 284.0, 283.0, 284.0, 284.0, 283.0, 282.5, 282.0, 281.5, 279.5, 282.0, 281.5, 281.0, 282.0, 282.0, 282.5, 282.0, 281.5, 280.5, 281.0, 280.5, 280.0, 280.0, 280.0, 280.5, 281.5, 282.0, 282.5, 282.0, 282.5, 282.0, 280.0, 279.5, 279.0, 279.0, 282.5, 284.0, 283.5, 283.5, 282.0, 283.5, 284.5, 285.0, 286.0, 286.5, 285.5, 285.5, 285.0, 285.0, 285.0, 285.0, 287.0, 287.0, 287.5, 287.0, 285.5, 285.0, 286.0, 287.0, 286.5, 286.0, 286.0, 286.5, 290.0, 288.5, 289.0, 289.0, 288.5, 288.5, 288.0, 288.5, 288.5, 289.5, 290.0, 290.0, 289.5, 289.0, 289.0, 289.0, 289.0, 290.0, 291.0, 290.0, 289.5, 290.0, 290.0, 291.0, 291.5, 291.0, 291.5, 292.0, 292.0, 291.0, 290.5, 291.0, 291.0, 291.0, 289.5, 288.0, 288.0, 288.0, 288.5, 288.5, 288.5, 288.5, 288.5, 288.0, 287.5, 287.0, 287.0, 287.0, 287.5, 287.5, 287.0, 287.0, 287.0, 288.5, 289.0, 288.5, 288.5, 288.5, 288.0, 288.0, 288.0, 288.5, 288.0, 289.0, 290.0, 290.0, 290.0, 290.0, 290.5, 291.5, 292.0, 293.0, 293.0, 293.0, 293.0, 293.0, 293.0, 293.0, 293.0, 293.0, 293.0, 293.0, 293.0, 293.0, 293.0, 293.0, 293.0, 293.0, 293.0, 293.0, 293.0, 293.0, 293.0, 293.0, 293.0, 293.0, 293.0, 293.0, 293.0, 293.0, 293.0, 293.0, 293.0, 293.0, 293.0, 293.0, 293.0, 293.0, 293.0, 293.0, 293.0, 293.0, 293.0, 293.0, 293.0, 293.0, 293.0, 293.0, 293.0, 293.0, 293.0, 293.0, 293.0, 293.0, 293.0, 293.0, 293.0, 293.0, 293.0, 293.0, 293.0, 293.0, 293.0, 293.0, 293.0, 293.0, 293.0, 293.0, 293.0, 293.0, 293.0, 293.0, 293.0, 293.0, 293.0, 293.0, 293.0, 293.0, 293.0, 293.0, 293.0, 293.0, 293.0, 293.0, 293.0, 293.0, 293.0, 293.0, 293.0, 293.0, 293.0, 293.0, 293.0, 293.0, 293.0, 293.0, 293.0, 293.0, 293.0, 293.0, 293.0, 293.0, 293.0, 293.0, 293.0, 293.0, 293.0]",True,False,False,,378.5432625,0.1657883901103306,False,0.0,0.0,0.0,0.0,0.0,0.0,33872.15,9.507713872455447,"台新-台北(33,872.15萬)／凱基-台北(15,616.90萬)／摩根大通(12,845.30萬)",True,False,0
2026-04-08,3037,TSE,2026-04-09,18476.0,0.7436371633075656,1,True,False,False,-0.1602564102564102,4.967948717948718,False,0.6451612903225806,620.0,624.0,655.0,614.0,625.0,625.0,2026-04-09,d1_close,2026,"[621.0, 619.0, 635.0, 634.0, 630.0, 623.0, 629.0, 633.0, 636.0, 638.0, 645.0, 644.0, 638.0, 641.0, 642.0, 651.0, 649.0, 650.0, 652.0, 652.0, 648.0, 652.0, 647.0, 644.0, 645.0, 644.0, 643.0, 643.0, 643.0, 646.0, 646.0, 645.0, 648.0, 647.0, 647.0, 646.0, 644.0, 646.0, 644.0, 639.0, 636.0, 626.0, 635.0, 631.0, 632.0, 633.0, 639.0, 637.0, 635.0, 636.0, 636.0, 636.0, 637.0, 636.0, 636.0, 633.0, 628.0, 630.0, 629.0, 629.0, 625.0, 626.0, 623.0, 624.0, 627.0, 626.0, 626.0, 625.0, 625.0, 625.0, 621.0, 621.0, 620.0, 621.0, 624.0, 623.0, 625.0, 627.0, 628.0, 628.0, 627.0, 627.0, 626.0, 625.0, 627.0, 627.0, 626.0, 626.0, 626.0, 628.0, 630.0, 629.0, 630.0, 629.0, 626.0, 626.0, 626.0, 625.0, 625.0, 624.0, 626.0, 624.0, 623.0, 623.0, 625.0, 626.0, 628.0, 627.0, 628.0, 629.0, 629.0, 628.0, 628.0, 629.0, 630.0, 630.0, 629.0, 629.0, 629.0, 626.0, 628.0, 627.0, 627.0, 626.0, 626.0, 627.0, 625.0, 629.0, 628.0, 628.0, 627.0, 627.0, 627.0, 626.0, 627.0, 628.0, 627.0, 627.0, 628.0, 629.0, 630.0, 629.0, 627.0, 628.0, 628.0, 628.0, 629.0, 628.0, 629.0, 628.0, 628.0, 629.0, 627.0, 628.0, 627.0, 628.0, 627.0, 627.0, 628.0, 629.0, 627.0, 628.0, 628.0, 628.0, 628.0, 627.0, 627.0, 628.0, 627.0, 628.0, 629.0, 629.0, 630.0, 630.0, 630.0, 630.0, 631.0, 631.0, 630.0, 629.0, 629.0, 628.0, 627.0, 629.0, 629.0, 629.0, 629.0, 628.0, 629.0, 629.0, 627.0, 628.0, 629.0, 627.0, 628.0, 627.0, 627.0, 626.0, 624.0, 623.0, 624.0, 625.0, 622.0, 621.0, 621.0, 623.0, 623.0, 625.0, 625.0, 624.0, 624.0, 624.0, 622.0, 622.0, 623.0, 623.0, 622.0, 623.0, 623.0, 621.0, 621.0, 621.0, 622.0, 622.0, 621.0, 620.0, 620.0, 618.0, 618.0, 617.0, 618.0, 618.0, 618.0, 618.0, 617.0, 616.0, 615.0, 615.0, 616.0, 617.0, 618.0, 619.0, 618.0, 616.0, 615.0, 614.0, 615.0, 618.0, 618.0, 619.0, 618.0, 619.0, 620.0, 619.0, 619.0, 620.0, 623.0, 623.0, 623.0, 624.0, 622.0, 623.0, 622.0, 622.0, 623.0, 625.0]",True,False,False,,10541.87922,6.720253907982908,False,0.0,0.0,0.0,0.0,-19530.0,-0.7860594175902119,18476.0,0.7436371633075656,"美商高盛(268,088.00萬)／元大證券(67,890.00萬)／永豐金-匯立(53,630.00萬)",True,False,1
2026-04-08,3455,OTC,2026-04-09,502.5,2.751206401269438,3,True,False,True,0.0,0.0,False,9.850746268656716,167.5,184.0,184.0,171.5,184.0,184.0,2026-04-09,d1_close,2026,"[178.0, 178.0, 179.0, 181.0, 183.5, 184.0, 184.0, 184.0, 183.5, 183.5, 180.5, 180.0, 180.0, 180.5, 182.0, 181.0, 180.5, 182.5, 181.5, 182.5, 183.5, 184.0, 184.0, 184.0, 184.0, 184.0, 184.0, 184.0, 184.0, 184.0, 184.0, 184.0, 184.0, 184.0, 184.0, 184.0, 184.0, 184.0, 184.0, 184.0, 184.0, 184.0, 184.0, 184.0, 184.0, 184.0, 184.0, 184.0, 184.0, 184.0, 184.0, 184.0, 184.0, 184.0, 184.0, 184.0, 184.0, 184.0, 184.0, 184.0, 184.0, 184.0, 184.0, 184.0, 184.0, 184.0, 184.0, 184.0, 184.0, 184.0, 184.0, 184.0, 184.0, 184.0, 184.0, 184.0, 184.0, 184.0, 184.0, 184.0, 184.0, 184.0, 184.0, 184.0, 184.0, 184.0, 184.0, 184.0, 184.0, 184.0, 184.0, 184.0, 184.0, 184.0, 184.0, 184.0, 184.0, 184.0, 184.0, 184.0, 184.0, 184.0, 184.0, 184.0, 184.0, 184.0, 184.0, 184.0, 184.0, 184.0, 184.0, 184.0, 184.0, 184.0, 184.0, 184.0, 184.0, 184.0, 184.0, 184.0, 184.0, 184.0, 184.0, 184.0, 184.0, 184.0, 184.0, 184.0, 184.0, 184.0, 184.0, 184.0, 184.0, 184.0, 184.0, 184.0, 184.0, 184.0, 184.0, 184.0, 184.0, 184.0, 184.0, 184.0, 184.0, 184.0, 184.0, 184.0, 184.0, 184.0, 184.0, 184.0, 184.0, 184.0, 184.0, 184.0, 184.0, 184.0, 184.0, 184.0, 184.0, 184.0, 184.0, 184.0]",True,False,False,,100.2499225,6.720253907982908,False,-368.5,-2.017551360930921,0.0,0.0,0.0,0.0,502.5,2.751206401269438,"華南永昌(5,494.00萬)／國票-博愛(3,065.25萬)／永豐金-內湖(686.75萬)",True,False,1
2026-04-08,6257,TSE,2026-04-09,1312.85,0.2895152523397308,1,True,False,False,0.8695652173913043,1.4492753623188406,True,1.1730205278592376,170.5,172.5,175.0,167.0,171.0,171.0,2026-04-09,d1_close,2026,"[170.5, 170.0, 171.5, 171.0, 172.0, 172.5, 170.5, 173.0, 172.0, 171.5, 171.5, 170.5, 169.0, 167.5, 169.0, 170.0, 169.5, 170.0, 170.0, 173.5, 173.0, 173.0, 172.0, 172.0, 172.0, 173.0, 173.0, 173.0, 173.0, 173.0, 173.0, 173.0, 173.5, 174.0, 174.0, 174.0, 174.0, 174.5, 174.5, 174.5, 173.5, 171.0, 171.5, 171.5, 172.0, 172.5, 172.5, 172.0, 172.0, 172.5, 172.5, 173.0, 173.0, 174.0, 174.5, 174.5, 174.5, 173.5, 173.0, 172.5, 172.0, 172.0, 171.5, 171.5, 171.5, 172.0, 172.5, 172.5, 173.0, 172.5, 172.5, 173.0, 172.5, 172.0, 170.5, 170.5, 171.0, 171.0, 171.5, 171.5, 171.5, 171.5, 171.5, 172.0, 172.5, 172.5, 171.5, 172.5, 172.5, 172.5, 172.5, 173.0, 173.0, 173.0, 173.0, 172.5, 172.5, 172.0, 171.5, 171.5, 172.0, 172.0, 172.0, 170.5, 170.5, 171.0, 171.0, 171.0, 171.5, 171.5, 172.0, 173.0, 173.0, 172.5, 172.5, 172.5, 172.5, 172.5, 173.0, 172.5, 172.0, 171.5, 171.5, 171.5, 171.5, 171.5, 171.5, 171.5, 171.0, 171.5, 171.0, 171.0, 171.0, 171.0, 171.0, 171.5, 171.0, 171.0, 171.0, 171.5, 171.5, 171.5, 171.0, 171.5, 171.5, 171.5, 171.0, 171.0, 171.0, 171.0, 171.0, 171.0, 171.5, 171.5, 172.0, 171.5, 171.5, 172.0, 172.0, 171.5, 171.5, 171.5, 172.5, 172.5, 172.0, 172.0, 171.5, 171.0, 171.5, 171.0, 171.5, 171.5, 171.5, 171.5, 171.5, 171.5, 171.5, 171.5, 171.5, 172.0, 172.0, 172.0, 172.0, 171.5, 171.5, 172.0, 172.0, 171.5, 171.5, 171.0, 171.0, 171.0, 171.0, 170.5, 170.5, 170.5, 170.5, 171.0, 170.5, 170.5, 170.0, 170.0, 170.5, 170.5, 170.5, 170.0, 170.0, 170.5, 170.5, 170.5, 170.5, 170.0, 170.0, 170.5, 170.0, 170.5, 170.0, 170.5, 170.5, 170.5, 170.0, 170.5, 171.0, 171.0, 171.0, 171.0, 170.5, 170.0, 170.5, 170.5, 170.5, 171.0, 171.0, 170.5, 170.5, 170.5, 171.0, 170.0, 170.0, 170.5, 170.5, 170.0, 169.5, 169.5, 169.0, 169.5, 169.5, 169.5, 170.0, 169.5, 170.0, 170.0, 169.5, 170.0, 170.0, 170.5, 170.5, 170.5, 170.0, 170.5, 170.0, 170.5, 171.0, 170.5, 171.5, 171.0]",True,False,False,,825.0704715,6.720253907982908,False,0.0,0.0,5609.45,1.2370197145424864,4842.2,1.0678224891491372,1312.85,0.28951525233973086,"元大證券(60,987.85萬)／富邦-台北(32,548.45萬)／台灣摩根士丹利(16,828.35萬)",True,False,2
2026-04-09,3042,TSE,2026-04-10,2150.0,1.735292632820535,1,True,False,False,-2.608695652173913,2.608695652173913,False,6.976744186046512,107.5,115.0,118.0,105.0,118.0,118.0,2026-04-10,d1_close,2026,"[115.0, 114.0, 114.0, 115.0, 114.0, 114.0, 114.0, 116.0, 117.0, 116.0, 117.0, 118.0, 118.0, 118.0, 117.0, 115.5, 116.0, 114.5, 115.0, 114.5, 115.5, 115.5, 115.5, 115.5, 115.5, 114.5, 114.5, 114.5, 114.5, 114.5, 114.5, 114.5, 114.0, 114.0, 112.0, 112.0, 112.0, 111.0, 111.5, 110.5, 110.0, 109.0, 109.5, 108.5, 109.5, 109.5, 110.5, 110.0, 110.5, 109.5, 109.0, 108.0, 107.5, 108.0, 107.5, 108.0, 107.0, 106.5, 106.5, 106.0, 106.0, 106.0, 106.5, 106.5, 106.0, 106.5, 105.5, 107.0, 108.5, 108.0, 108.5, 110.5, 110.0, 109.5, 110.0, 109.5, 109.5, 109.5, 109.5, 109.0, 109.0, 109.0, 109.0, 109.0, 109.0, 109.5, 109.0, 109.0, 109.0, 109.0, 109.5, 109.5, 109.0, 109.5, 109.5, 109.5, 109.5, 109.5, 110.0, 110.0, 110.0, 111.0, 111.0, 110.5, 111.0, 110.5, 110.5, 110.5, 111.0, 112.0, 112.5, 112.5, 112.5, 112.0, 112.5, 112.5, 114.0, 113.5, 113.0, 113.5, 113.5, 113.0, 113.5, 113.0, 113.5, 113.0, 113.0, 113.0, 113.0, 113.0, 114.0, 114.0, 114.0, 114.5, 114.0, 113.5, 113.5, 113.5, 113.5, 114.0, 113.5, 113.5, 113.0, 113.0, 113.0, 113.0, 112.5, 112.5, 112.5, 112.5, 112.5, 112.5, 113.5, 113.0, 113.5, 113.0, 113.0, 113.0, 113.5, 113.5, 113.5, 113.5, 113.5, 113.5, 113.5, 113.0, 113.5, 113.5, 113.5, 113.0, 113.0, 113.0, 113.0, 113.0, 113.5, 113.0, 113.5, 113.5, 114.0, 113.5, 114.0, 113.0, 113.0, 112.5, 112.5, 112.5, 113.0, 112.5, 112.5, 112.5, 112.5, 113.0, 113.0, 113.5, 113.5, 113.5, 113.0, 113.0, 113.5, 113.0, 112.5, 112.5, 112.5, 112.5, 112.5, 112.5, 113.0, 112.5, 112.5, 112.5, 112.5, 112.5, 113.0, 112.5, 112.5, 112.5, 112.5, 112.0, 112.5, 112.0, 112.0, 112.0, 112.0, 112.5, 113.0, 113.0, 113.0, 114.5, 115.5, 116.0, 117.5, 117.5, 117.5, 117.5, 118.0, 118.0, 118.0, 118.0, 118.0, 118.0, 118.0, 118.0, 118.0, 118.0, 118.0, 118.0, 118.0, 118.0, 118.0, 118.0, 118.0, 118.0, 118.0, 118.0, 118.0, 118.0, 118.0, 118.0, 118.0, 118.0, 118.0, 118.0, 118.0]",True,False,False,,368.717475,4.909265232252247,False,1988.75,1.6051456853589947,2988.5,2.412056759620544,5192.25,4.190731708261592,2150.0,1.735292632820535,"元大-松江(19,242.50萬)／富邦證券(5,192.25萬)／元大證券(4,826.75萬)",True,False,3
2026-04-09,3264,OTC,2026-04-10,37056.65,7.459108779757438,1,True,False,False,0.2638522427440633,3.693931398416887,True,4.986149584487535,180.5,189.5,196.5,176.0,189.0,189.0,2026-04-10,d1_close,2026,"[189.5, 192.5, 193.5, 196.0, 196.0, 195.5, 194.5, 193.5, 190.5, 190.0, 187.5, 188.0, 186.0, 183.0, 182.5, 183.0, 186.5, 185.5, 184.0, 183.0, 182.5, 181.5, 181.5, 183.0, 181.0, 182.0, 180.5, 181.5, 182.0, 182.5, 181.5, 181.5, 182.5, 182.0, 181.5, 182.5, 184.0, 183.0, 181.5, 182.5, 182.0, 181.5, 182.0, 181.5, 180.5, 181.0, 181.5, 180.5, 181.0, 179.5, 178.5, 178.0, 178.0, 177.0, 176.5, 178.5, 181.5, 182.0, 182.0, 182.0, 182.0, 181.5, 181.5, 181.5, 181.5, 182.0, 182.0, 182.5, 183.0, 183.0, 183.5, 183.5, 183.5, 183.5, 183.0, 183.5, 182.0, 181.5, 181.5, 182.5, 183.0, 182.5, 182.5, 181.0, 180.5, 181.0, 182.0, 182.5, 183.5, 183.0, 183.0, 183.0, 183.0, 182.5, 183.0, 183.0, 183.0, 182.5, 182.5, 182.5, 182.5, 182.0, 182.5, 182.0, 181.0, 181.5, 181.5, 181.5, 182.5, 182.5, 183.0, 183.5, 183.5, 183.0, 183.0, 182.5, 182.5, 183.5, 183.5, 184.5, 184.5, 184.5, 184.5, 184.0, 183.5, 183.0, 182.5, 183.0, 183.5, 183.5, 183.0, 183.0, 182.5, 182.0, 182.0, 182.0, 182.0, 181.5, 182.0, 182.0, 182.0, 181.5, 182.0, 182.0, 182.0, 182.0, 182.0, 182.5, 182.5, 182.5, 182.5, 183.0, 183.0, 183.0, 183.5, 183.0, 184.0, 184.0, 184.0, 184.5, 184.5, 184.0, 184.5, 184.0, 185.5, 185.5, 185.0, 185.5, 185.5, 185.0, 185.0, 185.0, 185.5, 185.5, 186.0, 186.5, 186.0, 186.0, 185.5, 185.0, 184.5, 185.0, 183.5, 184.0, 184.0, 184.0, 184.0, 184.0, 184.0, 184.0, 184.0, 184.5, 184.5, 184.5, 184.5, 184.5, 184.0, 184.0, 184.5, 184.5, 184.0, 184.0, 184.0, 184.0, 183.5, 184.0, 184.0, 184.0, 184.0, 184.0, 184.5, 184.0, 184.0, 184.0, 184.0, 184.0, 183.5, 183.5, 184.5, 185.0, 185.0, 184.5, 185.5, 185.0, 185.5, 185.0, 185.5, 185.5, 185.0, 185.0, 185.0, 185.0, 186.5, 186.0, 189.0, 188.5, 187.5, 187.5, 187.5, 187.0, 187.0, 187.0, 187.0, 187.0, 187.0, 188.0, 188.0, 190.5, 190.0, 191.0, 191.0, 190.5, 190.5, 189.5, 189.5, 189.0, 189.5, 188.5, 188.5, 188.5, 189.0, 188.0, 189.0]",True,False,False,,884.7570305,4.909265232252247,False,0.0,0.0,0.0,0.0,10162.15,2.045532509987062,37056.65,7.459108779757438,"元大證券(58,824.95萬)／台新-台北(37,056.65萬)／美商高盛(15,811.80萬)",True,False,1
2026-04-09,6217,OTC,2026-04-10,23908.0,5.993080941928781,1,True,False,False,-2.8260869565217392,2.8260869565217392,False,6.976744186046512,215.0,230.0,236.5,215.0,236.5,236.5,2026-04-10,d1_close,2026,"[236.0, 236.5, 236.5, 236.5, 236.5, 236.5, 236.5, 236.5, 236.5, 236.5, 236.5, 236.5, 236.5, 236.5, 236.5, 236.5, 236.5, 236.5, 236.5, 236.5, 236.5, 236.5, 236.5, 236.5, 236.5, 236.5, 236.5, 236.5, 236.5, 236.5, 236.5, 236.5, 236.5, 236.5, 228.0, 227.0, 229.0, 233.0, 233.0, 234.5, 232.0, 231.5, 229.5, 228.5, 227.0, 224.5, 227.0, 226.0, 225.5, 226.5, 224.0, 220.5, 222.0, 221.5, 222.0, 222.0, 222.0, 219.5, 221.5, 224.0, 227.5, 225.5, 227.5, 229.5, 228.0, 229.0, 228.5, 228.5, 228.5, 228.5, 227.5, 226.0, 225.5, 224.5, 225.5, 225.0, 225.0, 224.0, 224.0, 224.0, 226.5, 227.0, 227.5, 228.0, 227.0, 227.5, 227.0, 225.5, 226.0, 226.0, 228.0, 228.0, 228.0, 227.5, 227.5, 228.5, 228.0, 227.5, 227.0, 227.0, 226.5, 226.0, 226.0, 226.0, 226.5, 226.0, 226.5, 225.5, 226.0, 226.0, 227.0, 226.5, 226.5, 226.0, 226.0, 226.5, 224.5, 223.5, 222.5, 223.5, 224.0, 223.0, 222.5, 223.5, 223.5, 224.5, 224.5, 225.0, 225.5, 224.5, 224.5, 225.0, 224.5, 224.5, 224.0, 225.5, 225.0, 224.0, 224.0, 223.5, 222.5, 223.0, 224.0, 224.0, 223.0, 223.5, 222.0, 223.0, 222.5, 222.5, 222.5, 222.5, 222.0, 223.0, 223.0, 223.5, 224.0, 223.5, 224.0, 224.0, 223.5, 223.5, 223.0, 223.5, 223.0, 224.0, 224.5, 224.5, 225.0, 224.5, 224.5, 224.5, 225.0, 224.5, 224.0, 224.5, 224.0, 224.5, 224.0, 224.0, 224.0, 224.5, 224.0, 224.0, 224.5, 224.0, 224.0, 224.5, 224.5, 224.5, 224.5, 226.0, 226.0, 228.5, 228.5, 227.5, 226.5, 226.5, 228.0, 227.5, 227.5, 227.5, 227.0, 227.0, 227.5, 227.5, 227.0, 227.0, 227.5, 227.0, 226.5, 227.0, 226.5, 226.5, 226.0, 226.0, 226.0, 226.0, 226.0, 226.5, 226.5, 225.0, 226.5, 227.0, 228.5, 229.5, 229.0, 230.0, 229.5, 230.0, 229.0, 229.0, 228.0, 228.0, 228.5, 229.0, 230.5, 230.5, 231.0, 233.0, 232.0, 233.5, 235.5, 236.5, 236.5, 236.5, 236.5, 236.5, 236.5, 233.0, 236.5, 236.0, 236.5, 236.0, 236.0, 236.5, 236.5, 236.5, 236.5, 236.5, 236.5, 236.5, 236.5]",True,False,False,,252.0015,4.909265232252247,False,0.0,0.0,0.0,0.0,24144.5,6.052365015994623,23908.0,5.993080941928781,"富邦證券(24,144.50萬)／台新-台北(23,908.00萬)／富邦-嘉義(12,319.50萬)",True,False,1
2026-04-09,8064,OTC,2026-04-10,461.97,0.3395770235592345,2,True,False,False,2.750000000000004,2.375000000000007,True,2.1711366538952785,78.3,80.0,81.9,74.3,77.8,77.8,2026-04-10,d1_close,2026,"[81.6, 79.8, 78.2, 77.7, 78.2, 76.8, 77.1, 77.0, 77.7, 77.2, 77.0, 76.5, 75.5, 76.3, 76.8, 75.8, 75.5, 75.6, 75.5, 75.7, 75.9, 76.3, 76.1, 76.2, 76.0, 76.0, 75.7, 76.1, 76.3, 75.6, 75.6, 75.9, 75.9, 76.1, 76.0, 77.3, 76.9, 76.9, 77.5, 77.2, 76.9, 76.9, 76.7, 76.9, 76.6, 76.5, 76.4, 76.3, 76.4, 76.1, 75.8, 75.8, 75.6, 75.6, 75.9, 76.3, 76.2, 76.0, 76.0, 76.4, 76.2, 76.2, 76.9, 76.6, 76.4, 76.3, 76.2, 76.2, 76.7, 76.7, 76.9, 77.6, 77.6, 77.0, 76.8, 76.8, 76.7, 76.6, 76.5, 76.5, 76.2, 76.0, 75.9, 75.5, 76.1, 76.3, 76.2, 76.2, 76.2, 76.2, 76.5, 77.0, 76.8, 76.7, 76.5, 76.2, 76.1, 76.2, 76.4, 76.4, 76.3, 76.3, 76.6, 76.4, 76.3, 76.6, 76.6, 76.6, 76.8, 76.5, 76.5, 76.5, 76.2, 76.2, 76.2, 76.2, 76.3, 76.2, 76.2, 76.3, 76.2, 76.2, 76.2, 75.8, 75.9, 75.9, 75.6, 75.6, 75.3, 75.6, 75.6, 75.5, 75.6, 75.6, 75.4, 75.1, 75.2, 75.4, 75.5, 75.1, 75.1, 75.2, 75.2, 75.0, 75.1, 75.1, 75.0, 74.7, 74.5, 74.5, 74.7, 74.7, 74.7, 74.8, 74.6, 74.7, 74.8, 75.0, 74.6, 75.2, 75.1, 74.9, 74.9, 74.9, 74.9, 75.0, 74.9, 74.9, 75.0, 75.0, 75.2, 75.2, 75.6, 75.5, 75.6, 75.6, 75.5, 75.4, 75.5, 75.5, 75.4, 75.5, 75.6, 75.4, 75.3, 75.3, 75.3, 75.4, 75.3, 75.4, 75.4, 75.6, 75.6, 75.5, 75.5, 76.0, 75.8, 75.7, 75.8, 75.8, 75.8, 75.8, 75.8, 75.7, 75.7, 75.7, 75.4, 75.5, 75.5, 75.6, 75.7, 76.0, 75.9, 75.9, 75.9, 75.7, 75.8, 75.9, 76.0, 76.1, 76.0, 75.9, 75.9, 75.9, 75.8, 75.8, 75.8, 75.8, 75.8, 75.7, 76.0, 76.1, 76.2, 76.3, 76.3, 76.3, 76.2, 76.3, 76.3, 76.3, 76.3, 76.4, 76.5, 76.5, 76.3, 76.4, 76.5, 76.4, 76.4, 76.3, 76.9, 76.9, 77.1, 77.2, 77.0, 77.4, 77.1, 77.3, 77.2, 77.1, 77.2, 77.2, 76.9, 77.2, 77.1, 77.8]",True,False,False,,129.05233739999997,4.909265232252247,False,0.0,0.0,0.0,0.0,27389.339999999997,20.13288861712207,461.96999999999997,0.3395770235592345,"富邦證券(27,389.34萬)／凱基-站前(2,497.77萬)／國泰-館前(665.55萬)",True,False,1
2026-04-10,1785,OTC,2026-04-13,300.3,0.3504437361064609,2,True,True,True,0.0,0.0,False,9.956709956709958,115.5,127.0,127.0,127.0,127.0,127.0,2026-04-13,d1_close,2026,"[127.0, 127.0, 127.0, 127.0, 127.0, 127.0, 127.0, 127.0, 127.0, 127.0, 127.0, 127.0, 127.0, 127.0, 127.0, 127.0, 127.0, 127.0, 127.0, 127.0, 127.0, 127.0, 127.0, 127.0, 127.0, 127.0, 127.0, 127.0, 127.0, 127.0, 127.0, 127.0, 127.0, 127.0, 127.0, 127.0, 127.0, 127.0, 127.0, 127.0, 127.0, 127.0, 127.0, 127.0, 127.0, 127.0, 127.0, 127.0, 127.0, 127.0, 127.0, 127.0, 127.0, 127.0, 127.0, 127.0, 127.0, 127.0, 127.0, 127.0, 127.0, 127.0, 127.0, 127.0, 127.0, 127.0, 127.0, 127.0, 127.0, 127.0, 127.0, 127.0, 127.0, 127.0, 127.0, 127.0, 127.0, 127.0, 127.0, 127.0, 127.0, 127.0, 127.0, 127.0, 127.0, 127.0, 127.0, 127.0, 127.0, 127.0, 127.0, 127.0, 127.0, 127.0, 127.0, 127.0, 127.0, 127.0, 127.0, 127.0, 127.0, 127.0, 127.0, 127.0, 127.0, 127.0, 127.0, 127.0, 127.0, 127.0, 127.0, 127.0, 127.0, 127.0, 127.0, 127.0, 127.0, 127.0, 127.0, 127.0, 127.0, 127.0, 127.0, 127.0, 127.0, 127.0, 127.0, 127.0, 127.0, 127.0, 127.0, 127.0, 127.0, 127.0, 127.0, 127.0, 127.0, 127.0, 127.0, 127.0, 127.0, 127.0, 127.0, 127.0, 127.0, 127.0, 127.0, 127.0, 127.0, 127.0, 127.0, 127.0, 127.0, 127.0, 127.0, 127.0, 127.0, 127.0, 127.0, 127.0, 127.0, 127.0, 127.0, 127.0, 127.0, 127.0, 127.0, 127.0, 127.0, 127.0, 127.0, 127.0, 127.0, 127.0, 127.0, 127.0, 127.0, 127.0, 127.0, 127.0, 127.0, 127.0, 127.0, 127.0, 127.0, 127.0, 127.0, 127.0, 127.0, 127.0, 127.0, 127.0, 127.0, 127.0, 127.0, 127.0, 127.0, 127.0, 127.0, 127.0, 127.0, 127.0, 127.0, 127.0, 127.0]",True,False,False,,688.382541,1.888446315997824,False,-623.7,-0.7278446826826495,0.0,0.0,12797.4,14.934294600229178,300.3,0.3504437361064609,"元大證券(45,403.05萬)／富邦證券(12,797.40萬)／統一(6,953.10萬)",True,False,2
2026-04-10,3081,OTC,2026-04-13,20140.5,3.277123648470531,1,True,False,False,2.7253668763102725,0.8385744234800839,True,3.023758099352052,2315.0,2385.0,2405.0,2265.0,2320.0,2320.0,2026-04-13,d1_close,2026,"[2405.0, 2350.0, 2355.0, 2345.0, 2335.0, 2330.0, 2330.0, 2325.0, 2315.0, 2300.0, 2300.0, 2305.0, 2315.0, 2330.0, 2355.0, 2350.0, 2310.0, 2315.0, 2320.0, 2320.0, 2325.0, 2335.0, 2330.0, 2325.0, 2315.0, 2310.0, 2310.0, 2315.0, 2315.0, 2330.0, 2285.0, 2270.0, 2280.0, 2270.0, 2275.0, 2275.0, 2300.0, 2300.0, 2290.0, 2280.0, 2280.0, 2270.0, 2290.0, 2285.0, 2285.0, 2285.0, 2285.0, 2290.0, 2290.0, 2295.0, 2295.0, 2300.0, 2300.0, 2295.0, 2310.0, 2315.0, 2305.0, 2310.0, 2310.0, 2300.0, 2305.0, 2315.0, 2315.0, 2320.0, 2325.0, 2320.0, 2320.0, 2315.0, 2320.0, 2325.0, 2340.0, 2360.0, 2365.0, 2340.0, 2335.0, 2335.0, 2335.0, 2335.0, 2330.0, 2325.0, 2320.0, 2325.0, 2335.0, 2330.0, 2320.0, 2320.0, 2320.0, 2320.0, 2325.0, 2325.0, 2325.0, 2325.0, 2325.0, 2320.0, 2315.0, 2320.0, 2325.0, 2325.0, 2330.0, 2345.0, 2335.0, 2340.0, 2340.0, 2345.0, 2345.0, 2345.0, 2335.0, 2340.0, 2345.0, 2345.0, 2345.0, 2345.0, 2355.0, 2350.0, 2350.0, 2345.0, 2340.0, 2340.0, 2340.0, 2335.0, 2330.0, 2330.0, 2330.0, 2330.0, 2330.0, 2330.0, 2340.0, 2340.0, 2335.0, 2330.0, 2330.0, 2335.0, 2325.0, 2320.0, 2325.0, 2325.0, 2320.0, 2320.0, 2320.0, 2320.0, 2315.0, 2310.0, 2315.0, 2320.0, 2315.0, 2315.0, 2310.0, 2305.0, 2310.0, 2310.0, 2310.0, 2310.0, 2315.0, 2310.0, 2315.0, 2315.0, 2310.0, 2315.0, 2315.0, 2315.0, 2320.0, 2320.0, 2315.0, 2315.0, 2320.0, 2320.0, 2320.0, 2325.0, 2320.0, 2325.0, 2325.0, 2325.0, 2325.0, 2325.0, 2325.0, 2325.0, 2330.0, 2325.0, 2320.0, 2325.0, 2325.0, 2325.0, 2325.0, 2325.0, 2320.0, 2320.0, 2325.0, 2325.0, 2325.0, 2325.0, 2325.0, 2325.0, 2325.0, 2325.0, 2335.0, 2335.0, 2345.0, 2335.0, 2340.0, 2335.0, 2330.0, 2335.0, 2330.0, 2330.0, 2335.0, 2335.0, 2335.0, 2330.0, 2330.0, 2325.0, 2325.0, 2325.0, 2320.0, 2320.0, 2325.0, 2330.0, 2325.0, 2325.0, 2330.0, 2330.0, 2330.0, 2330.0, 2320.0]",True,False,False,,2141.87041,1.888446315997824,False,0.0,0.0,0.0,0.0,-32873.0,-5.348868483710522,20140.5,3.277123648470531,"台灣摩根士丹利(21,298.00萬)／台新-台北(20,140.50萬)／元大-嘉義(19,677.50萬)",True,False,1
2026-04-10,6442,TSE,2026-04-13,71145.0,9.130104971805048,1,True,False,False,6.302521008403361,0.8403361344537815,True,2.3655913978494625,2325.0,2380.0,2400.0,2170.0,2230.0,2230.0,2026-04-13,d1_close,2026,"[2390.0, 2385.0, 2390.0, 2390.0, 2380.0, 2360.0, 2350.0, 2335.0, 2320.0, 2310.0, 2305.0, 2305.0, 2310.0, 2325.0, 2330.0, 2340.0, 2310.0, 2305.0, 2315.0, 2320.0, 2290.0, 2275.0, 2290.0, 2275.0, 2265.0, 2260.0, 2245.0, 2245.0, 2235.0, 2230.0, 2215.0, 2200.0, 2195.0, 2190.0, 2195.0, 2195.0, 2200.0, 2210.0, 2200.0, 2200.0, 2175.0, 2185.0, 2170.0, 2175.0, 2180.0, 2190.0, 2185.0, 2195.0, 2200.0, 2205.0, 2195.0, 2200.0, 2210.0, 2210.0, 2215.0, 2205.0, 2210.0, 2205.0, 2205.0, 2210.0, 2215.0, 2195.0, 2200.0, 2200.0, 2205.0, 2200.0, 2215.0, 2220.0, 2225.0, 2210.0, 2220.0, 2225.0, 2230.0, 2235.0, 2240.0, 2235.0, 2250.0, 2250.0, 2250.0, 2240.0, 2250.0, 2250.0, 2245.0, 2240.0, 2235.0, 2235.0, 2240.0, 2245.0, 2245.0, 2240.0, 2225.0, 2225.0, 2230.0, 2225.0, 2225.0, 2230.0, 2225.0, 2220.0, 2210.0, 2215.0, 2220.0, 2220.0, 2220.0, 2215.0, 2220.0, 2215.0, 2220.0, 2220.0, 2220.0, 2215.0, 2220.0, 2220.0, 2220.0, 2225.0, 2225.0, 2235.0, 2240.0, 2240.0, 2240.0, 2240.0, 2245.0, 2250.0, 2245.0, 2240.0, 2245.0, 2245.0, 2240.0, 2245.0, 2245.0, 2250.0, 2250.0, 2240.0, 2250.0, 2250.0, 2250.0, 2250.0, 2245.0, 2250.0, 2245.0, 2240.0, 2240.0, 2235.0, 2235.0, 2235.0, 2235.0, 2235.0, 2230.0, 2230.0, 2225.0, 2225.0, 2225.0, 2220.0, 2215.0, 2215.0, 2210.0, 2210.0, 2210.0, 2220.0, 2215.0, 2220.0, 2220.0, 2215.0, 2220.0, 2210.0, 2215.0, 2210.0, 2205.0, 2205.0, 2205.0, 2205.0, 2205.0, 2205.0, 2205.0, 2200.0, 2195.0, 2195.0, 2195.0, 2195.0, 2195.0, 2200.0, 2205.0, 2205.0, 2205.0, 2200.0, 2205.0, 2205.0, 2205.0, 2210.0, 2210.0, 2210.0, 2220.0, 2210.0, 2220.0, 2205.0, 2205.0, 2205.0, 2205.0, 2205.0, 2210.0, 2210.0, 2215.0, 2210.0, 2210.0, 2215.0, 2205.0, 2200.0, 2195.0, 2200.0, 2200.0, 2195.0, 2195.0, 2200.0, 2195.0, 2195.0, 2195.0, 2195.0, 2200.0, 2200.0, 2195.0, 2200.0, 2195.0, 2190.0, 2190.0, 2190.0, 2195.0, 2200.0, 2195.0, 2200.0, 2200.0, 2200.0, 2200.0, 2210.0, 2205.0, 2195.0, 2210.0, 2215.0, 2210.0, 2215.0, 2215.0, 2210.0, 2220.0, 2220.0, 2225.0, 2220.0, 2225.0, 2220.0, 2225.0, 2225.0, 2220.0, 2220.0, 2215.0, 2220.0, 2220.0, 2215.0, 2220.0, 2215.0, 2220.0, 2215.0, 2220.0, 2230.0]",True,False,False,,1815.204225,1.888446315997824,False,0.0,0.0,0.0,0.0,45802.5,5.877878037403902,71145.0,9.130104971805048,"台新-台北(71,145.00萬)／元大證券(52,777.50萬)／富邦證券(45,802.50萬)",True,False,1
2026-04-13,1597,TSE,2026-04-14,381.5,2.744073585077257,2,True,False,True,0.0,0.0,False,9.63302752293578,109.0,119.5,119.5,116.0,119.5,119.5,2026-04-14,d1_close,2026,"[116.0, 119.5, 119.5, 119.5, 119.5, 119.5, 119.5, 119.5, 119.5, 119.5, 119.5, 119.5, 119.5, 119.5, 119.5, 119.5, 119.5, 119.5, 119.5, 119.5, 119.5, 119.5, 119.5, 119.5, 119.5, 119.5, 119.5, 119.5, 119.5, 119.5, 119.5, 119.5, 119.5, 119.5, 119.5, 119.5, 119.5, 119.5, 119.5, 119.5, 119.5, 119.5, 119.5, 119.5, 119.5, 119.5, 119.5, 119.5, 119.5, 119.5, 119.5, 119.5, 119.5, 119.5, 119.5, 119.5, 119.5, 119.5, 119.5, 119.5, 119.5, 119.5, 119.5, 119.5, 119.5, 119.5, 119.5, 119.5, 119.5, 119.5, 119.5, 119.5, 119.5, 119.5, 119.5, 119.5, 119.5, 119.5, 119.5, 119.5, 119.5, 119.5, 119.5, 119.5, 119.5, 119.5, 119.5, 119.5, 119.5, 119.5, 119.5, 119.5, 119.5, 119.5, 119.5, 119.5, 119.5, 119.5, 119.5, 119.5, 119.5, 119.5, 119.5, 119.5, 119.5, 119.5, 119.5, 119.5, 119.5, 119.5, 119.5, 119.5, 119.5, 119.5, 119.5, 119.5, 119.5, 119.5, 119.5, 119.5, 119.5, 119.5, 119.5, 119.5, 119.5, 119.5, 119.5, 119.5, 119.5, 119.5, 119.5, 119.5, 119.5, 119.5, 119.5, 119.5, 119.5, 119.5, 119.5, 119.5, 119.5, 119.5, 119.5, 119.5, 119.5, 119.5, 119.5, 119.5, 119.5, 119.5, 119.5, 119.5, 119.5, 119.5, 119.5, 119.5, 119.5, 119.5, 119.5, 119.5, 119.5, 119.5, 119.5, 119.5, 119.5, 119.5, 119.5, 119.5, 119.5, 119.5, 119.5, 119.5, 119.5, 119.5, 119.5, 119.5, 119.5, 119.5, 119.5, 119.5, 119.5, 119.5, 119.5, 119.5]",True,False,False,,97.295471,1.710011944525074,False,119.9,0.8624231267385667,0.0,0.0,1526.0,10.97629434030903,381.5,2.7440735850772575,"元大證券(3,215.50萬)／台新-松德(2,452.50萬)／富邦證券(1,526.00萬)",True,False,2
2026-04-13,1711,TSE,2026-04-14,12501.19,9.95582247178118,1,True,False,False,7.174392935982341,1.1037527593818983,True,6.46298472385429,42.55,45.3,45.8,41.35,42.05,42.05,2026-04-14,d1_close,2026,"[44.8, 45.3, 44.2, 44.25, 44.2, 44.15, 44.1, 43.45, 43.65, 43.4, 42.9, 43.05, 42.75, 42.05, 42.0, 42.05, 41.85, 42.5, 43.05, 42.4, 42.35, 42.0, 42.15, 41.5, 41.5, 41.5, 41.6, 41.9, 41.75, 41.95, 41.55, 42.1, 41.95, 42.35, 42.5, 42.85, 42.5, 42.35, 42.9, 42.85, 42.7, 42.6, 42.3, 42.15, 42.15, 42.1, 42.15, 42.1, 42.7, 42.7, 42.55, 42.2, 42.15, 42.25, 42.5, 42.3, 42.25, 41.95, 41.95, 41.95, 42.0, 41.85, 41.9, 41.95, 41.9, 41.95, 42.0, 42.2, 42.2, 42.2, 42.3, 42.2, 42.25, 42.35, 42.45, 42.5, 42.3, 42.3, 42.3, 42.2, 42.1, 42.05, 42.05, 42.05, 42.1, 42.1, 42.3, 42.25, 42.25, 42.3, 42.3, 42.2, 42.3, 42.45, 42.65, 42.55, 42.55, 42.5, 42.45, 42.4, 42.35, 42.4, 42.45, 42.45, 42.45, 42.5, 42.75, 42.65, 42.5, 42.4, 42.5, 42.6, 42.65, 42.65, 42.6, 42.5, 42.55, 42.5, 42.6, 42.55, 42.5, 42.5, 42.5, 42.55, 42.55, 42.55, 42.55, 42.65, 42.6, 42.65, 42.55, 42.55, 42.6, 42.65, 42.55, 42.55, 42.6, 42.6, 42.5, 42.5, 42.4, 42.35, 42.3, 42.3, 42.4, 42.3, 42.3, 42.3, 42.25, 42.05, 42.05, 42.1, 42.15, 42.2, 42.2, 42.25, 42.2, 42.2, 42.15, 42.2, 42.15, 42.2, 42.2, 42.25, 42.25, 42.2, 42.2, 42.2, 42.25, 42.05, 42.05, 42.1, 42.0, 42.0, 42.05, 42.05, 42.05, 42.0, 42.0, 42.1, 42.05, 42.0, 42.05, 41.95, 41.9, 41.85, 41.9, 41.95, 41.9, 41.9, 41.9, 42.0, 42.0, 42.05, 42.05, 42.1, 42.15, 42.05, 42.15, 42.15, 42.25, 42.3, 42.35, 42.25, 42.2, 42.2, 42.2, 42.15, 42.05, 42.05, 42.1, 42.15, 42.25, 42.25, 42.15, 42.2, 42.25, 42.2, 42.25, 42.25, 42.35, 42.5, 42.55, 42.55, 42.45, 42.5, 42.55, 42.4, 42.4, 42.3, 42.25, 42.25, 42.2, 42.0, 42.15, 42.15, 42.2, 42.2, 42.25, 42.15, 42.15, 42.15, 42.05, 42.0, 42.0, 41.95, 42.0, 41.95, 41.9, 41.9, 41.95, 42.0, 42.0, 41.95, 41.95, 42.0, 42.05, 42.0, 41.9, 41.95, 41.95, 42.0, 42.0, 41.95, 41.95, 42.05]",True,False,False,,233.0685611,1.710011944525074,False,0.0,0.0,0.0,0.0,0.0,0.0,12501.189999999999,9.955822471781179,"台新-台北(12,501.19萬)／台新-五權西(8,761.05萬)／港商野村(6,169.75萬)",True,False,0
2026-04-13,3673,TSE,2026-04-14,957.0,1.2650598367486414,1,True,False,True,0.0,0.0,False,10.0,55.0,60.5,60.5,59.9,60.5,60.5,2026-04-14,d1_close,2026,"[60.5, 60.5, 60.5, 60.5, 60.5, 60.5, 60.5, 60.5, 60.5, 60.5, 60.5, 60.5, 60.5, 60.5, 60.5, 60.5, 60.5, 60.5, 60.5, 60.5, 60.5, 60.5, 60.5, 60.5, 60.5, 60.5, 60.5, 60.5, 60.5, 60.5, 60.5, 60.5, 60.5, 60.5, 60.5, 60.5, 60.5, 60.5, 60.5, 60.5, 60.5, 60.5, 60.5, 60.5, 60.5, 60.5, 60.5, 60.5, 60.5, 60.5, 60.5, 60.5, 60.5, 60.4, 60.5, 60.5, 60.5, 60.5, 60.5, 60.5, 60.5, 60.5, 60.5, 60.5, 60.5, 60.5, 60.5, 60.5, 60.5, 60.5, 60.5, 60.5, 60.5, 60.5, 60.5, 60.5, 60.5, 60.5, 60.5, 60.5, 60.5, 60.5, 60.5, 60.5, 60.5, 60.5, 60.5, 60.5, 60.5, 60.5, 60.5, 60.5, 60.5, 60.5, 60.5, 60.5, 60.5, 60.5, 60.5, 60.5, 60.5, 60.5, 60.5, 60.5, 60.5, 60.5, 60.5, 60.5, 60.5, 60.5, 60.5, 60.5, 60.5, 60.5, 60.5, 60.5, 60.5, 60.5, 60.5, 60.5, 60.5, 60.5, 60.5, 60.5, 60.5, 60.5, 60.5, 60.5, 60.5, 60.5, 60.5, 60.5, 60.5, 60.5, 60.5, 60.5, 60.5, 60.5, 60.5, 60.5, 60.5, 60.5, 60.5, 60.5, 60.5, 60.5, 60.5, 60.5, 60.5, 60.5, 60.5, 60.5, 60.5, 60.5, 60.5, 60.5, 60.5, 60.5, 60.5, 60.5, 60.5, 60.5, 60.5, 60.5, 60.5, 60.5, 60.5, 60.5, 60.5, 60.5, 60.5, 60.5, 60.5, 60.5, 60.5, 60.5, 60.5, 60.5, 60.5, 60.5, 60.5, 60.5, 60.5, 60.5, 60.5, 60.5, 60.5, 60.5, 60.5, 60.5, 60.5, 60.5, 60.5, 60.5, 60.5, 60.5, 60.5, 60.5, 60.5, 60.5, 60.5, 60.5, 60.5, 60.5, 60.5, 60.5, 60.5, 60.5, 60.5, 60.5, 60.5, 60.5, 60.5, 60.5, 60.5, 60.5, 60.5, 60.5, 60.5, 60.5, 60.5, 60.5, 60.5, 60.5, 60.5, 60.5, 60.5, 60.5, 60.5, 60.5, 60.5, 60.5, 60.5, 60.5, 60.5, 60.5, 60.5, 60.5, 60.5, 60.5, 60.5, 60.5, 60.5, 60.5, 60.5, 60.5, 60.5, 60.5, 60.5, 60.5, 60.5, 60.5, 60.5, 60.5, 60.5, 60.5, 60.5, 60.5, 60.5, 60.5, 60.5, 60.5]",True,False,False,,223.66509,1.710011944525074,False,0.0,0.0,0.0,0.0,0.0,0.0,957.0,1.2650598367486414,"凱基-台北(8,497.50萬)／港商野村(6,319.50萬)／華南永昌(3,195.50萬)",True,False,0
2026-04-13,4764,TSE,2026-04-14,6905.25,8.639928034720247,1,True,True,True,0.0,0.0,False,9.97067448680352,170.5,187.5,187.5,187.5,187.5,187.5,2026-04-14,d1_close,2026,"[187.5, 187.5, 187.5, 187.5, 187.5, 187.5, 187.5, 187.5, 187.5, 187.5, 187.5, 187.5, 187.5, 187.5, 187.5, 187.5, 187.5, 187.5, 187.5, 187.5, 187.5, 187.5, 187.5, 187.5, 187.5, 187.5, 187.5, 187.5, 187.5, 187.5, 187.5, 187.5, 187.5, 187.5, 187.5, 187.5, 187.5, 187.5, 187.5, 187.5, 187.5, 187.5, 187.5, 187.5, 187.5, 187.5, 187.5, 187.5, 187.5, 187.5, 187.5, 187.5, 187.5, 187.5, 187.5, 187.5, 187.5, 187.5, 187.5, 187.5, 187.5, 187.5, 187.5, 187.5, 187.5, 187.5, 187.5, 187.5, 187.5, 187.5, 187.5, 187.5, 187.5, 187.5, 187.5, 187.5, 187.5, 187.5, 187.5, 187.5, 187.5, 187.5, 187.5, 187.5, 187.5, 187.5, 187.5, 187.5, 187.5, 187.5, 187.5, 187.5, 187.5, 187.5, 187.5, 187.5, 187.5, 187.5, 187.5, 187.5, 187.5, 187.5, 187.5, 187.5, 187.5, 187.5, 187.5, 187.5, 187.5, 187.5, 187.5, 187.5, 187.5, 187.5, 187.5, 187.5, 187.5, 187.5, 187.5, 187.5, 187.5, 187.5, 187.5, 187.5, 187.5, 187.5, 187.5]",True,False,False,,145.8492805,1.710011944525074,False,0.0,0.0,0.0,0.0,0.0,0.0,6905.25,8.639928034720247,"凱基-台北(9,428.65萬)／台新-台北(6,905.25萬)／港商野村(4,296.60萬)",True,False,0
2026-04-13,7795,TSE,2026-04-14,718.2,1.7488688347059034,1,True,False,False,-0.2624671916010498,5.774278215223097,False,0.7936507936507936,378.0,381.0,403.0,373.0,382.0,382.0,2026-04-14,d1_close,2026,"[384.0, 385.0, 385.5, 381.5, 378.0, 376.0, 376.5, 376.5, 377.5, 377.0, 375.5, 376.0, 379.0, 379.0, 380.5, 376.0, 373.0, 374.0, 375.0, 378.0, 380.0, 378.5, 387.0, 388.5, 391.0, 395.5, 389.0, 389.5, 391.5, 390.0, 387.5, 385.5, 386.0, 392.0, 392.0, 394.0, 398.0, 395.0, 395.0, 397.0, 398.5, 399.5, 396.5, 396.5, 398.5, 398.5, 399.0, 397.5, 399.0, 403.0, 402.0, 402.0, 399.5, 399.0, 398.0, 395.0, 390.0, 390.5, 390.0, 390.0, 388.5, 388.5, 388.0, 388.0, 391.5, 391.5, 391.5, 391.5, 392.0, 393.0, 389.0, 388.5, 388.0, 386.0, 383.0, 386.0, 383.5, 384.5, 385.0, 387.5, 388.0, 388.0, 387.5, 387.0, 387.0, 385.5, 387.5, 387.5, 388.0, 388.5, 388.0, 387.5, 387.5, 387.0, 386.5, 386.0, 385.5, 384.5, 384.0, 381.5, 381.5, 382.0, 382.0, 381.0, 382.0, 385.5, 385.5, 385.5, 385.0, 385.0, 383.5, 383.0, 383.0, 383.0, 384.0, 384.0, 384.0, 385.0, 384.5, 384.0, 382.0, 382.0, 382.0, 382.5, 383.5, 383.5, 383.5, 383.5, 382.5, 382.5, 382.5, 382.0, 382.0]",True,False,False,,267.73173,1.710011944525074,False,0.0,0.0,0.0,0.0,1890.0,4.602286407120798,718.2,1.7488688347059034,"凱基-台北(4,460.40萬)／統一(2,835.00萬)／富邦證券(1,890.00萬)",True,False,1
2026-04-13,8021,TSE,2026-04-14,2094.0,0.3103915631221139,2,True,False,False,5.405405405405405,0.2702702702702703,True,6.017191977077363,349.0,370.0,371.0,337.0,350.0,350.0,2026-04-14,d1_close,2026,"[366.0, 358.5, 357.5, 353.5, 348.0, 348.5, 350.0, 352.5, 353.0, 351.5, 350.5, 351.0, 350.0, 348.5, 346.5, 347.5, 346.5, 346.5, 346.0, 346.5, 344.0, 342.5, 340.5, 339.5, 342.5, 342.5, 342.0, 340.0, 338.0, 337.5, 339.5, 340.0, 342.5, 343.5, 343.5, 343.0, 341.5, 340.5, 339.0, 339.5, 340.0, 340.0, 340.0, 341.0, 340.5, 338.5, 338.5, 343.0, 342.0, 342.0, 341.5, 339.5, 339.0, 339.0, 338.0, 338.0, 338.5, 338.5, 340.5, 341.0, 340.0, 340.0, 340.0, 340.0, 340.5, 340.0, 340.0, 340.5, 341.0, 342.0, 342.5, 341.5, 342.0, 340.5, 341.0, 341.0, 341.0, 341.0, 340.0, 339.0, 338.0, 338.0, 338.5, 339.0, 339.0, 339.5, 339.5, 339.0, 339.5, 339.0, 339.0, 338.5, 339.0, 339.0, 340.0, 341.0, 340.5, 340.5, 339.5, 341.0, 340.5, 339.5, 339.5, 340.0, 340.0, 340.5, 340.0, 340.5, 341.0, 342.0, 343.5, 342.5, 342.5, 344.0, 343.5, 342.5, 343.5, 343.5, 343.0, 343.0, 342.5, 342.5, 341.0, 340.5, 341.5, 341.5, 341.0, 342.0, 342.0, 342.0, 342.0, 341.5, 341.5, 342.0, 342.5, 342.5, 342.0, 342.5, 342.0, 342.5, 341.5, 341.5, 342.0, 342.0, 342.0, 342.0, 342.0, 343.0, 343.0, 342.5, 342.5, 342.0, 342.0, 342.0, 342.0, 342.0, 346.5, 346.5, 346.0, 346.5, 349.0, 350.0, 351.0, 350.5, 351.0, 350.5, 350.0, 349.5, 350.5, 349.0, 350.0, 352.0, 353.0, 354.0, 355.0, 354.0, 354.0, 353.5, 352.5, 350.5, 350.5, 350.0, 350.0, 348.5, 350.5, 350.0, 350.5, 350.5, 350.0, 349.5, 350.0, 349.5, 349.5, 349.5, 349.0, 349.5, 348.0, 349.0, 350.0, 349.5, 349.5, 349.5, 349.0, 349.0, 348.5, 348.0, 348.5, 348.5, 348.5, 349.5, 349.0, 349.0, 349.0, 349.0, 348.0, 349.0, 349.0, 349.0, 349.0, 349.0, 349.5, 349.5, 349.0, 348.5, 348.5, 349.0, 349.5, 349.5, 349.0, 349.0, 349.5, 349.0, 348.5, 349.0, 348.0, 348.0, 346.5, 348.0, 348.0, 347.5, 346.5, 347.5, 347.5, 346.5, 347.5, 347.0, 347.0, 347.0, 346.5, 346.5, 347.0, 346.5, 346.5, 346.5, 348.0, 348.5, 349.0, 348.5, 349.0, 349.5, 349.0, 350.5, 351.5, 351.0, 350.0]",True,False,False,,495.728325,1.710011944525074,False,8376.0,1.2415662524884559,6980.0,1.0346385437403798,-15460.7,-2.291724374384941,2094.0,0.31039156312211397,"凱基-台北(11,447.20萬)／港商野村(11,307.60萬)／國泰證券(9,702.20萬)",True,False,3
2026-04-14,1597,TSE,2026-04-15,1171.1,1.719293015671837,3,True,False,False,0.8583690987124464,2.145922746781116,True,-2.510460251046025,119.5,116.5,119.0,109.0,115.5,115.5,2026-04-15,d1_close,2026,"[117.5, 115.0, 114.0, 113.0, 112.5, 113.5, 114.0, 113.0, 112.0, 111.0, 111.0, 111.5, 111.5, 111.5, 111.0, 110.5, 110.5, 110.0, 110.5, 110.5, 111.0, 110.5, 110.5, 110.5, 111.0, 110.5, 110.5, 110.5, 111.0, 112.0, 110.5, 110.5, 111.0, 111.0, 111.0, 111.0, 110.5, 110.5, 110.0, 110.5, 111.0, 110.0, 110.0, 109.5, 109.5, 110.5, 110.0, 109.5, 110.0, 110.0, 109.5, 110.5, 110.0, 110.0, 111.0, 111.0, 111.0, 111.0, 111.0, 111.0, 111.5, 111.5, 111.5, 111.5, 111.5, 111.5, 111.5, 111.5, 112.0, 111.5, 111.0, 111.0, 111.0, 111.0, 111.0, 111.0, 111.0, 111.0, 111.0, 110.5, 111.0, 111.5, 111.5, 112.0, 112.0, 111.0, 111.0, 111.5, 111.5, 111.5, 111.5, 111.5, 112.0, 112.0, 112.0, 112.5, 112.0, 113.5, 113.5, 115.0, 115.5, 116.0, 115.5, 115.0, 116.0, 116.0, 115.0, 114.5, 115.0, 115.5, 114.5, 115.5, 115.5, 115.5, 115.0, 115.0, 115.0, 115.0, 115.0, 114.5, 114.0, 114.0, 114.0, 113.5, 113.5, 113.5, 113.5, 113.5, 114.5, 114.0, 113.5, 113.5, 114.0, 114.5, 114.0, 114.5, 113.5, 113.5, 113.5, 113.5, 113.5, 114.0, 114.0, 114.5, 114.0, 114.0, 115.0, 114.5, 114.5, 114.5, 114.0, 114.0, 114.5, 114.5, 114.5, 114.0, 114.0, 113.5, 113.5, 113.5, 113.5, 113.5, 113.0, 112.5, 112.0, 112.5, 112.5, 112.5, 112.5, 113.0, 114.0, 114.0, 114.0, 113.5, 113.0, 113.0, 112.5, 113.0, 113.0, 113.0, 113.0, 113.5, 113.5, 113.5, 113.5, 113.5, 113.5, 114.0, 114.0, 114.0, 114.5, 114.5, 115.0, 115.0, 114.0, 115.5, 115.5, 115.0, 115.0, 115.5, 115.5, 115.5, 115.0, 115.0, 115.0, 115.5, 115.0, 116.0, 116.0, 115.5, 116.0, 116.0, 116.0, 116.0, 115.5, 115.5, 115.5, 115.0, 115.0, 115.0, 115.0, 115.0, 115.0, 115.5, 115.5, 115.5, 115.5, 115.5, 116.0, 116.5, 116.5, 116.5, 116.5, 116.5, 116.5, 116.5, 116.5, 116.5, 117.0, 117.0, 116.5, 116.5, 115.5, 114.5, 115.0, 115.0, 115.0, 114.5, 115.0, 115.5, 115.0, 115.5, 115.0, 115.0, 115.0, 115.5]",True,False,False,,106.6679705,2.4797961930474024,False,0.0,0.0,0.0,0.0,20685.45,30.368328674774993,1171.1,1.7192930156718367,"富邦證券(20,685.45萬)／凱基-台北(3,405.75萬)／統一(2,868.00萬)",True,False,1
2026-04-14,2409,TSE,2026-04-15,18853.56,1.765304041033248,1,True,False,False,-0.5012531328320874,3.2581453634085324,False,0.7575757575757504,19.8,19.95,20.6,19.3,20.05,20.05,2026-04-15,d1_close,2026,"[19.75, 19.65, 19.45, 19.3, 19.55, 19.5, 19.6, 19.7, 19.85, 19.9, 19.8, 19.8, 19.95, 20.05, 20.0, 20.0, 20.0, 20.05, 20.15, 20.2, 20.1, 20.0, 19.85, 19.9, 19.95, 19.9, 19.8, 19.7, 19.8, 19.55, 19.5, 19.5, 19.45, 19.45, 19.5, 19.55, 19.5, 19.55, 19.55, 19.55, 19.6, 19.65, 19.7, 19.6, 19.55, 19.55, 19.5, 19.45, 19.45, 19.5, 19.55, 19.55, 19.55, 19.6, 19.65, 19.65, 19.7, 19.75, 19.8, 19.75, 19.65, 19.75, 19.8, 19.8, 19.8, 19.9, 19.85, 19.8, 19.85, 19.8, 19.85, 19.9, 19.9, 19.85, 19.8, 19.85, 19.85, 19.85, 19.85, 19.9, 19.85, 19.85, 19.85, 19.85, 19.8, 19.75, 19.75, 19.75, 19.8, 19.75, 19.7, 19.7, 19.65, 19.75, 19.75, 19.8, 19.75, 19.8, 19.85, 19.85, 19.85, 19.85, 19.85, 19.9, 19.9, 19.8, 19.85, 19.8, 19.8, 19.8, 19.8, 19.8, 19.8, 19.85, 19.85, 19.8, 19.8, 19.8, 19.85, 19.85, 19.85, 20.0, 20.05, 20.05, 19.95, 20.0, 20.1, 20.15, 20.35, 20.35, 20.4, 20.35, 20.25, 20.25, 20.2, 20.25, 20.25, 20.1, 20.1, 20.1, 20.1, 20.15, 20.15, 20.25, 20.2, 20.2, 20.2, 20.2, 20.2, 20.3, 20.3, 20.25, 20.2, 20.2, 20.25, 20.25, 20.25, 20.2, 20.15, 20.15, 20.15, 20.2, 20.15, 20.15, 20.15, 20.15, 20.1, 20.1, 20.1, 20.1, 20.1, 20.15, 20.1, 20.1, 20.15, 20.35, 20.35, 20.5, 20.45, 20.55, 20.5, 20.45, 20.4, 20.5, 20.5, 20.35, 20.4, 20.3, 20.3, 20.3, 20.35, 20.35, 20.4, 20.35, 20.3, 20.3, 20.35, 20.3, 20.25, 20.2, 20.2, 20.2, 20.2, 20.2, 20.2, 20.2, 20.25, 20.25, 20.25, 20.25, 20.15, 20.15, 20.15, 20.15, 20.15, 20.1, 20.05, 20.05, 19.95, 20.0, 20.05, 20.0, 20.0, 20.0, 20.0, 20.0, 20.0, 20.0, 20.0, 20.0, 20.0, 19.95, 20.05, 20.1, 20.1, 20.1, 20.15, 20.15, 20.15, 20.2, 20.2, 20.1, 20.1, 20.15, 20.1, 20.1, 20.1, 20.1, 20.1, 20.15, 20.15, 20.1, 20.1, 20.1, 20.1, 20.05, 20.05, 20.1, 20.05, 20.05, 20.05, 20.05, 20.0, 20.05, 20.05]",True,False,False,,1494.325602,2.4797961930474024,False,0.0,0.0,0.0,0.0,52697.7,4.934212040758233,18853.56,1.7653040410332481,"元大證券(56,574.54萬)／富邦證券(52,697.70萬)／摩根大通(48,494.16萬)",True,False,1
2026-04-14,3691,OTC,2026-04-15,1855.05,5.874321924792472,1,True,False,False,2.4390243902439024,6.910569105691057,True,-1.2048192771084338,124.5,123.0,131.5,120.0,120.0,120.0,2026-04-15,d1_close,2026,"[127.0, 128.0, 130.5, 129.5, 129.5, 128.5, 128.0, 126.0, 130.5, 128.0, 125.5, 128.0, 127.5, 127.0, 127.0, 127.0, 128.0, 127.5, 128.5, 128.0, 129.0, 129.5, 129.0, 128.5, 128.0, 128.0, 128.5, 127.5, 127.0, 126.0, 126.5, 126.5, 125.5, 125.0, 125.5, 125.5, 125.5, 125.5, 125.5, 126.5, 126.5, 126.5, 126.0, 126.0, 125.5, 125.0, 125.0, 125.5, 125.0, 125.0, 125.5, 124.5, 124.5, 124.5, 124.5, 125.5, 125.5, 125.5, 125.5, 125.5, 126.0, 125.5, 125.0, 124.5, 124.0, 124.5, 125.0, 125.0, 125.0, 125.0, 125.0, 125.0, 125.0, 125.0, 125.0, 125.0, 124.0, 124.5, 124.5, 124.0, 124.5, 124.5, 124.0, 124.0, 123.5, 124.0, 125.0, 125.0, 125.0, 125.0, 124.5, 124.5, 125.0, 125.0, 124.5, 124.5, 123.5, 124.0, 124.0, 123.5, 123.5, 123.5, 123.5, 123.5, 123.5, 124.0, 124.0, 123.5, 124.0, 124.0, 124.0, 124.5, 124.0, 124.0, 124.5, 124.5, 124.5, 124.5, 123.5, 123.5, 123.0, 123.0, 123.0, 122.0, 121.5, 122.0, 122.0, 121.5, 121.5, 122.0, 122.5, 122.5, 122.5, 122.5, 122.0, 121.5, 121.5, 122.0, 122.5, 122.5, 122.5, 122.5, 122.5, 122.0, 122.0, 122.0, 122.0, 121.5, 121.0, 122.0, 122.0, 122.5, 122.5, 122.5, 122.5, 122.0, 121.5, 121.5, 121.5, 121.5, 121.5, 121.0, 121.5, 121.5, 121.5, 121.0, 121.0, 120.5, 120.5, 121.0, 120.5, 121.0, 121.0, 121.5, 121.0, 121.5, 121.5, 121.0, 121.0, 121.0, 121.0, 121.0, 121.0, 121.0, 121.0, 121.0, 121.0, 120.5, 120.5, 120.5, 120.5, 120.5, 121.5, 121.5, 121.0, 120.0]",True,False,False,,114.394833,2.4797961930474024,False,0.0,0.0,0.0,0.0,8316.6,26.33588621316357,1855.05,5.874321924792472,"富邦證券(8,316.60萬)／台新-台北(1,855.05萬)／凱基-站前(1,655.85萬)",True,False,1
2026-04-14,4764,TSE,2026-04-15,8100.0,34.611396909142435,2,True,False,False,-4.545454545454546,9.62566844919786,False,-0.2666666666666666,187.5,187.0,205.0,177.0,195.5,195.5,2026-04-15,d1_close,2026,"[180.5, 183.0, 188.0, 191.0, 189.0, 194.0, 195.0, 198.0, 194.5, 195.0, 192.5, 198.5, 198.0, 200.0, 200.0, 199.5, 200.5, 200.5, 199.0, 199.5, 201.5, 201.0, 198.0, 197.5, 196.5, 198.0, 199.5, 199.0, 201.5, 201.0, 200.0, 202.5, 201.0, 201.0, 201.0, 203.5, 202.0, 202.0, 202.0, 204.5, 204.0, 205.0, 204.0, 204.0, 203.5, 203.5, 202.0, 201.0, 201.5, 201.5, 199.5, 200.0, 200.5, 200.5, 200.0, 201.5, 200.5, 200.0, 199.5, 198.5, 199.5, 200.0, 200.0, 200.0, 200.0, 200.5, 200.0, 200.0, 199.0, 198.5, 198.5, 197.5, 198.0, 198.5, 199.0, 200.5, 200.5, 201.0, 200.5, 200.5, 199.5, 200.0, 200.5, 200.0, 200.5, 199.5, 201.5, 202.0, 202.5, 202.5, 202.5, 203.0, 204.0, 203.5, 203.5, 202.5, 202.0, 202.0, 201.5, 200.5, 201.0, 201.0, 200.0, 201.0, 201.5, 201.0, 201.0, 201.5, 202.0, 202.5, 203.0, 203.0, 203.0, 202.5, 202.0, 201.5, 202.0, 202.0, 202.0, 203.0, 203.5, 202.5, 203.0, 204.5, 204.5, 204.0, 204.0, 204.0, 204.0, 204.0, 203.5, 202.0, 202.0, 201.5, 200.5, 200.5, 200.5, 200.0, 200.5, 200.5, 200.5, 200.5, 200.5, 201.0, 200.5, 200.0, 201.0, 200.5, 200.5, 201.5, 201.5, 201.0, 201.0, 201.5, 201.5, 201.0, 200.5, 200.5, 200.5, 200.5, 200.0, 200.0, 200.0, 200.0, 200.0, 200.0, 200.0, 200.0, 199.0, 198.5, 198.5, 198.0, 197.0, 198.0, 197.5, 196.0, 195.5, 197.0, 196.0, 196.0, 196.0, 196.0, 194.5, 194.5, 195.0, 196.0, 195.5, 195.0, 194.0, 195.0, 193.5, 194.0, 194.5, 195.0, 195.0, 195.0, 197.0, 196.5, 196.5, 196.0, 195.5, 195.0, 194.5, 194.5, 193.5, 194.0, 194.5, 194.0, 193.5, 193.0, 194.5, 193.5, 193.5, 194.0, 193.5, 193.0, 196.0, 196.0, 196.5, 195.5, 195.5, 195.5, 195.5, 195.5, 196.0, 196.0, 196.5, 197.0, 197.0, 197.0, 196.5, 196.5, 196.0, 196.0, 196.5, 194.5, 196.0, 196.5, 196.0, 196.0, 196.0, 196.0, 196.0, 195.5, 195.5, 195.5, 195.5, 196.5, 196.5, 196.0, 195.5, 195.0, 196.0, 195.5]",True,False,False,,160.3914375,2.4797961930474024,False,0.0,0.0,0.0,0.0,0.0,0.0,8100.0,34.611396909142435,"台新-台北(8,100.00萬)／元大證券(5,381.25萬)／群益金鼎-台北(2,531.25萬)",True,False,0
2026-04-14,4989,TSE,2026-04-15,1510.86,0.8278417686039468,1,True,False,False,-2.1829521829521767,2.1829521829521767,False,7.606263982102905,89.4,96.2,98.3,96.0,98.3,98.3,2026-04-15,d1_close,2026,"[98.3, 98.3, 97.5, 98.3, 98.3, 98.3, 97.7, 97.6, 97.8, 97.6, 98.2, 98.3, 98.0, 97.9, 98.1, 98.3, 98.3, 98.3, 98.3, 98.3, 98.3, 98.3, 98.3, 98.3, 98.3, 98.3, 98.3, 98.3, 98.3, 98.3, 98.3, 98.3, 98.3, 98.3, 98.3, 98.3, 98.3, 98.3, 98.3, 98.3, 98.3, 98.3, 98.3, 98.3, 98.3, 98.3, 98.3, 98.3, 98.3, 98.3, 98.3, 98.3, 98.3, 98.3, 98.3, 98.3, 98.3, 98.3, 98.3, 98.3, 98.3, 98.3, 98.3, 98.3, 98.3, 98.3, 98.3, 98.3, 98.3, 98.3, 98.3, 98.3, 98.3, 98.3, 98.3, 98.3, 98.3, 98.3, 98.3, 98.3, 98.3, 98.3, 98.3, 98.3, 98.3, 98.3, 98.3, 98.3, 98.3, 98.3, 98.3, 98.3, 98.3, 98.3, 98.3, 98.3, 98.3, 98.3, 98.3, 98.3, 98.3, 98.3, 98.3, 98.3, 98.3, 98.3, 98.3, 98.3, 98.3, 98.3, 98.3, 98.3, 98.3, 98.3, 98.3, 98.3, 98.3, 98.3, 98.3, 98.3, 98.3, 98.3, 98.3, 98.3, 98.3, 98.3, 98.3, 98.3, 98.3, 98.3, 98.3, 98.3, 98.3, 98.3, 98.3, 98.3, 98.3, 98.3, 98.3, 98.3, 98.3, 98.3, 98.3, 98.3, 98.3, 98.3, 98.3, 98.3, 98.3, 98.3, 98.3, 98.3, 98.3, 98.3, 98.3, 98.3, 98.3, 98.3, 98.3, 98.3, 98.3, 98.3, 98.3, 98.3, 98.3, 98.3, 98.3, 98.3, 98.3, 98.3, 98.3, 98.3, 98.3, 98.3, 98.3, 98.3, 98.3, 98.3, 98.3, 98.3, 98.3, 98.3, 98.3, 98.3, 98.3, 98.3, 98.3, 98.3, 98.3, 98.3, 98.3, 98.3, 98.3, 98.3, 98.3, 98.3, 98.3, 98.3, 98.3, 98.3, 98.3, 98.3, 98.3, 98.3, 98.3, 98.3, 98.3, 98.3, 98.3, 98.3, 98.3, 98.3, 98.3, 98.3, 98.3, 98.3, 98.3, 98.3, 98.3, 98.3, 98.3, 98.3, 98.3, 98.3, 98.3, 98.3, 98.3, 98.3, 98.3, 98.3, 98.3, 98.3, 98.3, 98.3, 98.3, 98.3, 98.3]",True,False,False,,123.172191,2.4797961930474024,False,0.0,0.0,0.0,0.0,0.0,0.0,1510.8600000000001,0.8278417686039468,"群益金鼎-台北(16,181.40萬)／凱基-台北(14,375.52萬)／統一(10,486.62萬)",True,False,0
2026-04-14,6234,OTC,2026-04-15,711.045,4.178545727985943,1,True,False,False,5.116959064327485,0.877192982456132,True,-0.4366812227074194,34.35,34.2,34.5,32.2,32.45,32.45,2026-04-15,d1_close,2026,"[33.85, 33.95, 33.8, 33.6, 33.3, 33.7, 33.5, 33.2, 33.3, 33.25, 33.4, 33.4, 33.35, 33.4, 33.5, 33.5, 33.65, 33.75, 33.75, 33.45, 33.5, 33.25, 33.95, 34.15, 34.0, 33.9, 33.9, 33.9, 33.65, 33.85, 33.6, 33.55, 33.65, 33.65, 33.35, 33.35, 33.3, 33.35, 33.4, 33.35, 33.3, 33.4, 33.5, 33.75, 33.75, 33.95, 33.75, 33.8, 33.7, 33.7, 33.7, 33.7, 33.65, 33.65, 33.5, 33.5, 33.45, 33.4, 33.5, 33.5, 33.65, 33.8, 33.8, 33.7, 33.6, 33.8, 33.75, 33.75, 33.8, 33.8, 33.75, 33.95, 33.85, 33.75, 33.75, 33.8, 33.85, 33.75, 33.7, 33.7, 33.75, 33.65, 33.55, 33.55, 33.55, 33.65, 33.6, 33.7, 33.75, 33.6, 33.65, 33.55, 33.6, 33.6, 33.65, 33.7, 33.45, 33.65, 33.65, 33.65, 33.7, 33.7, 33.85, 33.55, 33.55, 33.7, 33.75, 33.65, 33.6, 33.65, 33.65, 33.5, 33.5, 33.45, 33.45, 33.5, 33.55, 33.6, 33.55, 33.6, 33.5, 33.5, 33.35, 33.45, 33.45, 33.45, 33.45, 33.45, 33.3, 33.35, 33.4, 33.4, 33.3, 33.1, 33.1, 33.0, 32.95, 33.0, 33.0, 33.0, 32.65, 32.6, 32.7, 32.75, 32.7, 32.8, 32.7, 32.7, 32.75, 32.8, 32.8, 32.6, 32.6, 32.55, 32.6, 32.65, 32.65, 32.65, 32.7, 32.65, 32.65, 32.6, 32.55, 32.3, 32.5, 32.55, 32.55, 32.55, 32.45, 32.4, 32.2, 32.4, 32.45, 32.4, 32.45, 32.6, 32.55, 32.85, 32.85, 32.95, 32.9, 32.9, 32.9, 32.9, 32.85, 32.95, 32.95, 32.9, 32.9, 32.9, 32.95, 32.9, 32.8, 32.8, 32.7, 32.75, 33.0, 33.1, 32.95, 33.05, 33.0, 33.0, 33.0, 32.95, 33.05, 33.05, 33.05, 33.05, 33.05, 33.05, 33.0, 33.0, 33.0, 32.9, 32.85, 32.8, 32.6, 32.6, 32.7, 32.75, 32.85, 32.8, 32.9, 32.9, 32.9, 32.9, 32.9, 32.95, 33.0, 32.9, 32.9, 32.8, 32.7, 32.65, 32.65, 32.65, 32.9, 32.9, 32.8, 32.75, 32.8, 32.75, 32.75, 32.7, 32.5, 32.5, 32.45, 32.45]",True,False,False,,34.4827284,2.4797961930474024,False,7862.715000000001,46.20623754280109,0.0,0.0,0.0,0.0,711.0450000000001,4.178545727985944,"凱基-城中(7,862.72萬)／凱基-信義(1,233.16萬)／台新-台北(711.05萬)",True,False,1
2026-04-14,8358,OTC,2026-04-15,14576.1,1.389392428850059,1,True,False,False,-4.21875,7.5,False,1.4263074484944531,315.5,320.0,344.0,298.5,333.5,333.5,2026-04-15,d1_close,2026,"[310.5, 309.0, 308.5, 305.5, 303.0, 298.5, 305.5, 309.5, 308.5, 310.5, 311.0, 309.0, 308.5, 309.5, 315.0, 315.5, 313.5, 314.5, 313.5, 314.5, 312.0, 310.0, 313.0, 312.0, 310.5, 310.5, 308.5, 309.0, 306.5, 307.5, 309.5, 310.5, 310.0, 311.5, 312.5, 315.0, 314.0, 315.0, 316.5, 317.0, 315.5, 315.5, 314.0, 313.5, 313.5, 316.0, 315.5, 316.0, 315.5, 317.0, 317.0, 315.5, 318.5, 321.5, 321.5, 319.5, 318.5, 319.0, 321.0, 321.0, 322.5, 320.5, 320.5, 321.0, 320.5, 321.0, 320.5, 319.0, 317.5, 318.5, 319.5, 318.5, 319.0, 319.0, 318.5, 319.0, 319.0, 320.5, 321.0, 322.0, 320.5, 320.0, 319.5, 319.0, 320.0, 321.0, 321.5, 321.5, 325.5, 327.0, 328.5, 329.5, 329.5, 330.0, 330.5, 330.5, 331.0, 332.0, 334.0, 335.5, 332.5, 330.5, 330.5, 331.5, 333.0, 332.5, 331.0, 331.5, 334.0, 336.0, 336.5, 335.5, 337.0, 338.0, 342.5, 341.0, 339.5, 339.0, 340.5, 339.0, 342.0, 341.5, 341.0, 343.5, 343.0, 342.5, 341.0, 341.5, 341.0, 341.5, 341.0, 341.5, 341.5, 341.0, 337.5, 338.0, 336.0, 338.0, 337.0, 336.0, 336.5, 336.5, 338.5, 339.5, 339.5, 338.5, 337.0, 336.5, 337.5, 340.0, 339.0, 339.0, 339.0, 339.0, 338.0, 338.0, 337.5, 336.5, 338.0, 338.5, 338.5, 338.0, 337.0, 337.5, 337.5, 335.5, 333.5, 334.5, 335.0, 334.5, 334.0, 334.0, 336.0, 335.0, 334.0, 335.0, 335.0, 333.5, 333.5, 333.0, 333.0, 332.0, 332.0, 332.5, 332.5, 332.0, 331.0, 330.0, 330.5, 332.5, 332.5, 333.5, 333.5, 333.0, 333.0, 333.5, 333.0, 333.5, 334.0, 335.0, 335.5, 335.0, 334.5, 334.5, 335.0, 335.5, 335.5, 336.0, 333.5, 333.5, 334.0, 334.0, 333.5, 333.5, 332.0, 332.5, 331.5, 329.5, 329.5, 328.0, 329.0, 327.5, 328.0, 327.0, 326.5, 327.0, 326.0, 327.5, 326.5, 326.0, 327.0, 327.0, 328.5, 328.0, 329.0, 328.0, 329.5, 329.5, 329.5, 331.0, 331.5, 330.5, 331.0, 331.0, 331.5, 333.0, 333.0, 334.0, 333.5, 333.0, 334.0, 333.5, 334.5, 334.5, 333.5, 333.5, 335.0, 334.0, 334.5, 335.0, 335.0, 332.5, 331.0, 333.5]",True,False,False,,796.91514,2.4797961930474024,False,23378.55,2.2284411034153546,23851.8,2.2735512472091877,108500.45,10.342252300466132,14576.1,1.389392428850059,"富邦證券(108,500.45萬)／元大證券(60,702.20萬)／國票-安和(60,386.70萬)",True,False,3
2026-04-15,2360,TSE,2026-04-16,14140.0,2.4340669950947182,1,True,False,False,1.4423076923076923,1.4423076923076923,True,2.9702970297029703,2020.0,2080.0,2110.0,1915.0,2050.0,2050.0,2026-04-16,d1_close,2026,"[2025.0, 2015.0, 2015.0, 2015.0, 1980.0, 1975.0, 1955.0, 1950.0, 1945.0, 1935.0, 1935.0, 1920.0, 1935.0, 1935.0, 1940.0, 1940.0, 1925.0, 1925.0, 1925.0, 1930.0, 1930.0, 1920.0, 1930.0, 1945.0, 1950.0, 1955.0, 1955.0, 1955.0, 1975.0, 1985.0, 1985.0, 1990.0, 2000.0, 2000.0, 1990.0, 1995.0, 2000.0, 2015.0, 2020.0, 2020.0, 2010.0, 2010.0, 2020.0, 2020.0, 2025.0, 2030.0, 2025.0, 2025.0, 2025.0, 2020.0, 2015.0, 2020.0, 2025.0, 2035.0, 2035.0, 2030.0, 2030.0, 2040.0, 2040.0, 2040.0, 2040.0, 2045.0, 2055.0, 2055.0, 2050.0, 2055.0, 2065.0, 2080.0, 2065.0, 2060.0, 2065.0, 2070.0, 2070.0, 2070.0, 2070.0, 2065.0, 2065.0, 2060.0, 2060.0, 2060.0, 2055.0, 2060.0, 2045.0, 2045.0, 2040.0, 2045.0, 2045.0, 2045.0, 2045.0, 2035.0, 2030.0, 2045.0, 2045.0, 2045.0, 2040.0, 2045.0, 2050.0, 2045.0, 2040.0, 2035.0, 2035.0, 2045.0, 2050.0, 2050.0, 2050.0, 2055.0, 2060.0, 2060.0, 2065.0, 2065.0, 2060.0, 2065.0, 2055.0, 2055.0, 2060.0, 2065.0, 2065.0, 2065.0, 2070.0, 2075.0, 2080.0, 2070.0, 2070.0, 2075.0, 2080.0, 2080.0, 2080.0, 2090.0, 2090.0, 2095.0, 2095.0, 2095.0, 2100.0, 2100.0, 2105.0, 2095.0, 2095.0, 2095.0, 2085.0, 2080.0, 2090.0, 2095.0, 2090.0, 2090.0, 2090.0, 2100.0, 2095.0, 2100.0, 2090.0, 2090.0, 2090.0, 2090.0, 2095.0, 2085.0, 2085.0, 2090.0, 2090.0, 2095.0, 2100.0, 2095.0, 2100.0, 2090.0, 2090.0, 2090.0, 2090.0, 2095.0, 2095.0, 2095.0, 2090.0, 2090.0, 2095.0, 2095.0, 2100.0, 2100.0, 2100.0, 2095.0, 2095.0, 2095.0, 2100.0, 2095.0, 2095.0, 2100.0, 2100.0, 2105.0, 2100.0, 2095.0, 2100.0, 2095.0, 2095.0, 2080.0, 2085.0, 2090.0, 2090.0, 2090.0, 2090.0, 2090.0, 2095.0, 2090.0, 2095.0, 2095.0, 2095.0, 2095.0, 2100.0, 2095.0, 2100.0, 2095.0, 2095.0, 2085.0, 2085.0, 2085.0, 2085.0, 2095.0, 2085.0, 2095.0, 2090.0, 2085.0, 2090.0, 2090.0, 2085.0, 2085.0, 2080.0, 2080.0, 2090.0, 2085.0, 2085.0, 2085.0, 2085.0, 2085.0, 2090.0, 2090.0, 2090.0, 2090.0, 2095.0, 2095.0, 2090.0, 2095.0, 2100.0, 2095.0, 2095.0, 2095.0, 2095.0, 2085.0, 2080.0, 2085.0, 2095.0, 2090.0, 2100.0, 2095.0, 2090.0, 2085.0, 2085.0, 2080.0, 2090.0, 2090.0, 2080.0, 2070.0, 2060.0, 2065.0, 2070.0, 2055.0, 2035.0, 2035.0, 2050.0, 2035.0, 2050.0]",True,False,False,,8589.96314,3.5672494993272146,False,0.0,0.0,0.0,0.0,25250.0,4.3465482055262825,14140.0,2.4340669950947182,"港商麥格理(107,868.00萬)／群益金鼎(32,926.00萬)／富邦證券(25,250.00萬)",True,False,1
2026-04-15,4989,TSE,2026-04-16,973.17,0.5290444348230023,2,True,False,False,-6.490872210953352,8.519269776876275,False,0.3051881993896207,98.3,98.6,107.0,93.1,105.0,105.0,2026-04-16,d1_close,2026,"[96.4, 95.4, 93.8, 96.5, 96.9, 96.5, 95.4, 96.8, 97.6, 97.9, 96.5, 96.8, 97.9, 97.7, 99.5, 101.5, 102.5, 101.0, 102.0, 102.5, 101.0, 100.0, 99.5, 98.4, 98.6, 98.2, 98.2, 98.8, 98.1, 98.3, 98.1, 97.8, 97.8, 98.0, 96.9, 97.5, 97.3, 97.0, 97.5, 97.0, 99.3, 98.3, 98.7, 98.2, 98.2, 98.1, 97.7, 98.0, 98.1, 98.3, 98.4, 98.6, 98.7, 98.4, 98.3, 97.9, 97.9, 97.7, 98.0, 98.3, 98.3, 98.5, 98.9, 98.6, 98.5, 98.7, 98.5, 98.6, 98.6, 98.8, 98.3, 98.0, 98.1, 98.5, 98.6, 98.7, 98.7, 98.5, 99.5, 99.8, 99.4, 98.8, 99.0, 98.6, 98.9, 98.7, 98.5, 98.6, 98.5, 98.5, 99.2, 98.8, 98.9, 98.9, 98.9, 98.8, 98.7, 98.6, 98.4, 98.5, 98.6, 99.3, 98.8, 98.7, 98.9, 98.8, 99.3, 99.1, 99.2, 99.3, 99.7, 99.6, 99.7, 99.8, 100.0, 99.9, 100.5, 100.0, 100.5, 100.5, 100.5, 100.0, 100.0, 100.0, 100.0, 101.5, 101.0, 100.0, 100.5, 100.0, 100.5, 100.5, 100.5, 100.0, 100.0, 100.5, 100.0, 100.0, 100.0, 100.0, 100.0, 100.0, 100.0, 100.0, 100.0, 100.0, 100.0, 100.0, 100.0, 101.5, 101.0, 102.0, 103.0, 102.0, 102.0, 101.5, 101.5, 101.5, 101.5, 102.0, 102.5, 104.0, 103.5, 105.0, 106.5, 106.0, 105.5, 106.0, 105.0, 105.0, 105.0, 104.5, 104.5, 104.5, 105.5, 105.5, 105.5, 105.5, 106.5, 106.0, 106.0, 106.0, 106.5, 106.5, 106.5, 105.5, 106.0, 106.0, 106.0, 106.0, 106.0, 105.5, 106.0, 106.0, 106.0, 106.0, 106.5, 106.5, 106.5, 106.5, 106.5, 106.5, 106.5, 106.5, 106.0, 106.5, 106.0, 105.5, 105.5, 106.5, 106.5, 106.5, 106.5, 106.5, 106.0, 106.0, 107.0, 106.5, 106.5, 106.5, 106.5, 106.0, 106.5, 106.5, 106.0, 107.0, 106.5, 107.0, 106.5, 106.5, 107.0, 106.5, 106.5, 106.5, 106.5, 106.5, 105.5, 105.0, 104.0, 104.5, 104.0, 105.0, 104.5, 104.5, 104.5, 105.0, 104.5, 104.5, 104.5, 104.5, 104.5, 105.0, 104.5, 104.0, 104.0, 104.0, 104.0, 104.0, 105.0, 105.0, 105.0, 104.5, 104.5, 105.0]",True,False,False,,135.4342995,3.5672494993272146,False,0.0,0.0,0.0,0.0,1946.3399999999997,1.0580888696460045,973.1699999999998,0.5290444348230022,"凱基-台北(10,429.63萬)／摩根大通(8,345.67萬)／凱基-信義(8,198.22萬)",True,False,1
2026-04-15,8155,OTC,2026-04-16,1792.5,1.1175151277508506,1,True,False,False,-4.545454545454546,6.451612903225806,False,-4.881450488145049,358.5,341.0,363.0,331.5,356.5,356.5,2026-04-16,d1_close,2026,"[342.0, 337.0, 342.5, 344.5, 343.5, 345.5, 351.5, 349.5, 347.5, 346.0, 348.5, 349.0, 353.0, 353.5, 352.5, 353.5, 352.0, 352.0, 354.0, 351.5, 354.0, 354.0, 355.0, 355.0, 354.0, 352.5, 353.5, 351.5, 351.0, 349.5, 348.0, 349.5, 348.5, 355.5, 357.5, 354.5, 353.5, 352.0, 350.5, 354.0, 356.0, 353.0, 353.0, 353.0, 352.0, 351.0, 349.5, 349.0, 348.5, 349.5, 349.5, 351.5, 352.0, 352.5, 353.0, 353.5, 353.0, 353.5, 352.5, 352.5, 352.5, 352.5, 352.5, 352.0, 353.0, 353.0, 353.5, 354.5, 355.5, 355.0, 355.0, 356.0, 356.5, 358.0, 357.0, 357.0, 356.5, 358.0, 358.0, 361.0, 359.0, 359.0, 358.5, 359.0, 359.0, 360.0, 359.5, 359.5, 358.5, 359.0, 359.5, 357.5, 355.5, 355.0, 355.0, 353.5, 353.0, 352.0, 352.5, 352.5, 352.5, 351.0, 350.5, 350.0, 352.0, 351.5, 351.0, 350.5, 351.0, 354.0, 351.5, 351.0, 351.0, 350.5, 351.0, 352.5, 352.5, 353.0, 352.0, 352.0, 352.0, 351.5, 351.0, 351.5, 351.5, 352.0, 352.0, 352.0, 352.0, 351.5, 351.5, 351.5, 352.0, 352.5, 353.0, 353.0, 354.0, 354.5, 354.0, 354.0, 354.0, 353.5, 353.5, 353.5, 353.5, 353.5, 354.0, 354.5, 355.0, 354.0, 354.5, 356.0, 355.0, 356.0, 357.0, 357.0, 357.0, 358.5, 359.5, 361.5, 362.5, 362.5, 361.0, 361.0, 360.0, 359.5, 359.5, 359.0, 359.0, 358.5, 359.5, 359.0, 359.5, 360.0, 360.0, 360.0, 359.0, 359.0, 359.0, 359.5, 359.5, 359.0, 359.0, 359.0, 359.5, 359.5, 359.0, 359.5, 359.0, 359.0, 358.5, 358.5, 356.5, 355.5, 355.0, 355.5, 356.0, 355.5, 356.0, 356.5, 357.0, 357.0, 357.0, 356.5, 356.0, 356.5, 358.0, 358.0, 358.0, 357.0, 357.0, 356.0, 356.5, 356.0, 355.0, 355.0, 355.0, 355.0, 355.5, 356.5, 356.5, 357.0, 356.5, 357.0, 357.0, 357.0, 356.5, 355.5, 355.5, 355.5, 355.0, 356.5, 356.5, 356.5, 357.0, 356.5, 356.5, 356.5, 357.0, 357.0, 357.0, 358.0, 357.5, 358.0, 357.5, 357.5, 358.5, 358.0, 357.0, 357.0, 356.0, 356.5]",True,False,False,,205.681488,3.5672494993272146,False,0.0,0.0,0.0,0.0,0.0,0.0,1792.5,1.1175151277508506,"凱基-台北(66,788.55萬)／美商高盛(11,113.50萬)／元大-竹科(6,739.80萬)",True,False,0
2026-04-17,3105,OTC,2026-04-20,4797.1,0.3011713920757344,1,True,False,False,-8.424908424908425,8.424908424908425,False,1.2987012987012987,539.0,546.0,592.0,539.0,592.0,592.0,2026-04-20,d1_close,2026,"[549.0, 556.0, 549.0, 553.0, 558.0, 573.0, 569.0, 578.0, 578.0, 577.0, 583.0, 583.0, 584.0, 582.0, 588.0, 587.0, 587.0, 589.0, 585.0, 584.0, 587.0, 589.0, 587.0, 590.0, 586.0, 587.0, 587.0, 586.0, 581.0, 576.0, 577.0, 577.0, 578.0, 583.0, 584.0, 583.0, 581.0, 581.0, 582.0, 581.0, 583.0, 583.0, 585.0, 582.0, 583.0, 583.0, 585.0, 588.0, 588.0, 589.0, 588.0, 589.0, 589.0, 589.0, 590.0, 590.0, 588.0, 588.0, 588.0, 589.0, 588.0, 587.0, 587.0, 589.0, 587.0, 585.0, 581.0, 582.0, 581.0, 581.0, 580.0, 578.0, 579.0, 577.0, 573.0, 575.0, 579.0, 578.0, 579.0, 579.0, 578.0, 582.0, 582.0, 582.0, 583.0, 580.0, 578.0, 577.0, 578.0, 575.0, 579.0, 582.0, 581.0, 578.0, 579.0, 578.0, 577.0, 578.0, 577.0, 579.0, 580.0, 580.0, 579.0, 580.0, 579.0, 582.0, 582.0, 585.0, 584.0, 583.0, 583.0, 585.0, 585.0, 580.0, 578.0, 578.0, 579.0, 580.0, 579.0, 581.0, 581.0, 582.0, 585.0, 581.0, 579.0, 582.0, 580.0, 577.0, 580.0, 579.0, 578.0, 581.0, 580.0, 580.0, 582.0, 584.0, 584.0, 584.0, 585.0, 586.0, 587.0, 587.0, 588.0, 587.0, 587.0, 589.0, 589.0, 589.0, 589.0, 588.0, 589.0, 590.0, 590.0, 589.0, 588.0, 588.0, 588.0, 588.0, 588.0, 588.0, 588.0, 588.0, 589.0, 589.0, 589.0, 589.0, 588.0, 589.0, 589.0, 589.0, 589.0, 590.0, 590.0, 589.0, 590.0, 589.0, 590.0, 590.0, 590.0, 588.0, 586.0, 586.0, 585.0, 587.0, 588.0, 588.0, 588.0, 587.0, 589.0, 588.0, 589.0, 587.0, 587.0, 587.0, 588.0, 588.0, 588.0, 587.0, 587.0, 587.0, 587.0, 586.0, 585.0, 586.0, 586.0, 584.0, 585.0, 585.0, 586.0, 586.0, 587.0, 587.0, 587.0, 587.0, 588.0, 588.0, 589.0, 589.0, 589.0, 590.0, 592.0, 592.0, 592.0, 592.0, 592.0, 592.0, 592.0, 592.0, 592.0, 592.0, 592.0, 592.0, 592.0, 592.0, 592.0, 592.0, 592.0, 592.0, 592.0, 592.0, 592.0, 592.0, 592.0, 592.0, 592.0, 592.0, 592.0, 592.0, 592.0, 592.0, 592.0, 592.0, 592.0, 592.0, 592.0, 592.0, 592.0, 592.0, 592.0, 592.0, 592.0, 592.0, 592.0, 592.0, 592.0]",True,False,False,,2285.038756,0.2238431638243225,False,0.0,0.0,0.0,0.0,33633.6,2.111583692755711,4797.1,0.3011713920757344,"港商野村(97,559.00萬)／凱基-台北(61,823.30萬)／元大-土城永寧(53,738.30萬)",True,False,1
2026-04-17,4764,TSE,2026-04-20,573.75,1.857033678589906,1,True,True,True,0.0,0.0,False,9.88235294117647,212.5,233.5,233.5,233.5,233.5,233.5,2026-04-20,d1_close,2026,"[233.5, 233.5, 233.5, 233.5, 233.5, 233.5, 233.5, 233.5, 233.5, 233.5, 233.5, 233.5, 233.5, 233.5, 233.5, 233.5, 233.5, 233.5, 233.5, 233.5, 233.5, 233.5, 233.5, 233.5, 233.5, 233.5, 233.5, 233.5, 233.5, 233.5, 233.5, 233.5, 233.5, 233.5, 233.5, 233.5, 233.5, 233.5]",True,True,True,5分鐘,181.7769625,0.2238431638243225,True,0.0,0.0,0.0,0.0,913.75,2.957498080717258,573.75,1.857033678589906,"台灣摩根士丹利(3,952.50萬)／華南永昌-忠孝(1,657.50萬)／富邦-南京(1,041.25萬)",True,False,1
2026-04-20,3042,TSE,2026-04-21,1748.25,1.4150429313098387,1,True,False,False,-2.7777777777777777,5.555555555555555,False,-2.702702702702702,166.5,162.0,171.0,160.0,166.5,166.5,2026-04-21,d1_close,2026,"[162.0, 160.0, 160.5, 162.0, 165.0, 167.0, 168.5, 170.0, 170.5, 171.0, 162.5, 161.0, 164.0, 165.0, 166.5]",True,True,True,5分鐘,571.083345,-0.4664976481214701,False,0.0,0.0,0.0,0.0,0.0,0.0,1748.25,1.4150429313098387,"統一(4,329.00萬)／群益金鼎-新莊(3,313.35萬)／元大-羅東(3,280.05萬)",True,False,0
2026-04-20,3443,TSE,2026-04-21,11456.0,2.794563515268176,1,True,False,False,-3.606102635228849,6.2413314840499305,False,0.6983240223463687,3580.0,3605.0,3830.0,3605.0,3735.0,3735.0,2026-04-21,d1_close,2026,"[3605.0, 3650.0, 3720.0, 3705.0, 3710.0, 3735.0, 3765.0, 3785.0, 3810.0, 3830.0, 3700.0, 3660.0, 3700.0, 3700.0, 3705.0, 3695.0, 3670.0, 3650.0, 3635.0, 3625.0, 3625.0, 3620.0, 3620.0, 3620.0, 3635.0, 3655.0, 3675.0, 3685.0, 3640.0, 3635.0, 3650.0, 3630.0, 3630.0, 3630.0, 3630.0, 3630.0, 3640.0, 3650.0, 3680.0, 3690.0, 3700.0, 3685.0, 3680.0, 3680.0, 3690.0, 3680.0, 3680.0, 3680.0, 3680.0, 3680.0, 3680.0, 3700.0, 3735.0, 3735.0]",True,True,True,5分鐘,4797.62602,-0.4664976481214701,False,-3222.0,-0.7859709886691744,0.0,0.0,9666.0,2.357912966007523,11456.0,2.794563515268176,"群益金鼎(18,258.00萬)／美商高盛(15,752.00萬)／國票-安和(15,036.00萬)",True,False,2
2026-04-20,4919,TSE,2026-04-21,410.35,0.7048516693296581,3,True,False,False,3.986710963455149,3.322259136212625,True,6.36042402826855,141.5,150.5,155.5,142.0,144.5,144.5,2026-04-21,d1_close,2026,"[155.5, 155.5, 155.5, 155.5, 155.5, 155.5, 155.5, 155.5, 155.5, 155.5, 155.5, 155.5, 155.5, 155.5, 155.5, 155.5, 155.5, 155.5, 155.5, 155.5, 155.5, 155.5, 155.5, 155.5, 155.5, 155.5, 153.0, 154.0, 153.0, 153.5, 155.5, 155.0, 155.5, 155.5, 155.5, 155.5, 155.5, 155.5, 155.5, 155.5, 155.5, 155.5, 155.5, 154.5, 154.0, 155.5, 154.5, 154.5, 154.0, 153.0, 152.0, 151.5, 149.5, 151.0, 151.0, 150.0, 152.5, 152.0, 152.0, 151.5, 152.0, 150.0, 150.0, 150.0, 150.0, 150.0, 148.0, 148.0, 149.5, 151.0, 151.0, 152.0, 152.0, 149.5, 149.5, 149.5, 149.5, 149.5, 150.5, 152.0, 151.5, 151.5, 151.5, 150.5, 149.5, 149.5, 149.5, 149.5, 149.0, 149.5, 149.0, 149.0, 150.0, 149.5, 149.5, 150.5, 150.5, 151.0, 151.0, 150.5, 150.0, 150.0, 150.0, 151.0, 150.5, 150.0, 150.5, 150.5, 149.5, 149.5, 149.0, 149.0, 149.0, 149.0, 150.0, 149.0, 149.5, 148.5, 149.0, 149.0, 148.0, 148.0, 148.0, 148.5, 149.0, 149.0, 148.5, 148.5, 148.5, 149.0, 148.5, 149.0, 148.5, 148.5, 149.0, 149.5, 149.5, 149.5, 149.5, 149.0, 149.0, 149.0, 149.0, 148.5, 148.5, 148.0, 147.5, 147.5, 146.5, 146.5, 146.5, 147.0, 146.0, 146.0, 146.5, 146.0, 145.5, 144.5, 145.5, 145.5, 146.0, 145.5, 146.0, 146.0, 146.0, 146.5, 147.0, 147.0, 146.5, 146.5, 147.0, 147.0, 146.5, 147.0, 146.5, 147.0, 146.5, 145.5, 146.0, 145.5, 145.5, 146.0, 146.0, 145.5, 145.5, 145.0, 145.0, 144.0, 144.5, 144.0, 145.5, 145.0, 145.0, 145.0, 145.0, 145.0, 144.5, 145.0, 143.0, 143.0, 143.0, 142.5, 142.5, 143.5, 143.5, 143.5, 143.5, 144.0, 144.0, 143.5, 143.5, 143.5, 143.5, 144.5, 144.5, 144.5, 144.5, 145.0, 145.0, 145.0, 145.0, 145.5, 144.0, 144.0, 144.0, 144.0, 144.0, 144.0, 143.5, 144.0, 143.5, 143.5, 144.5, 145.0, 144.5, 144.5, 144.5, 144.5, 144.5, 144.5, 145.0, 145.0, 145.0, 145.0, 144.5, 145.0, 144.5, 144.5, 144.5, 144.5, 144.0, 143.5, 144.5, 144.5, 144.5, 144.0, 144.5, 144.0, 144.5, 144.0, 144.0, 145.0, 144.5, 144.5, 145.0, 144.5]",True,False,False,,593.9678995,-0.4664976481214701,False,0.0,0.0,0.0,0.0,8956.95,15.385210575368054,410.35,0.7048516693296581,"國票-安和(23,389.95萬)／富邦證券(8,956.95萬)／凱基-信義(4,287.45萬)",True,False,1
2026-04-20,4960,TSE,2026-04-21,803.5200000000001,2.4039303255595166,1,True,False,False,-1.1124845488257002,1.1124845488257002,False,8.736559139784946,37.2,40.45,40.9,36.85,40.9,40.9,2026-04-21,d1_close,2026,"[40.45, 39.8, 38.75, 36.85, 37.0, 39.0, 39.75, 39.5, 39.5, 39.75, 39.8, 40.0, 40.1, 40.9, 40.9]",True,True,True,20分鐘,212.67440880000004,-0.4664976481214701,False,0.0,0.0,0.0,0.0,0.0,0.0,803.5200000000001,2.4039303255595166,"統一(2,600.28萬)／富邦-板橋(2,194.80萬)／華南永昌(1,108.56萬)",True,False,0
2026-04-20,6442,TSE,2026-04-21,6162.0,0.5797193974660758,1,True,False,False,2.702702702702702,2.2869022869022877,True,1.4767932489451476,2370.0,2405.0,2460.0,2240.0,2340.0,2340.0,2026-04-21,d1_close,2026,"[2435.0, 2440.0, 2445.0, 2440.0, 2415.0, 2450.0, 2455.0, 2445.0, 2440.0, 2435.0, 2355.0, 2340.0, 2330.0, 2345.0, 2315.0, 2325.0, 2325.0, 2345.0, 2325.0, 2335.0, 2310.0, 2300.0, 2285.0, 2295.0, 2280.0, 2275.0, 2285.0, 2290.0, 2280.0, 2280.0, 2285.0, 2290.0, 2290.0, 2285.0, 2275.0, 2285.0, 2290.0, 2295.0, 2300.0, 2310.0, 2305.0, 2300.0, 2295.0, 2280.0, 2260.0, 2265.0, 2270.0, 2260.0, 2255.0, 2255.0, 2255.0, 2245.0, 2245.0, 2265.0, 2260.0, 2245.0, 2245.0, 2295.0, 2285.0, 2285.0, 2300.0, 2290.0, 2280.0, 2290.0, 2290.0, 2300.0, 2305.0, 2305.0, 2300.0, 2305.0, 2300.0, 2295.0, 2290.0, 2300.0, 2305.0, 2305.0, 2305.0, 2300.0, 2305.0, 2305.0, 2305.0, 2310.0, 2305.0, 2310.0, 2315.0, 2315.0, 2315.0, 2310.0, 2310.0, 2320.0, 2310.0, 2315.0, 2320.0, 2315.0, 2310.0, 2315.0, 2315.0, 2315.0, 2310.0, 2315.0, 2315.0, 2305.0, 2305.0, 2305.0, 2305.0, 2300.0, 2300.0, 2305.0, 2305.0, 2305.0, 2305.0, 2310.0, 2310.0, 2320.0, 2325.0, 2325.0, 2325.0, 2325.0, 2325.0, 2320.0, 2310.0, 2315.0, 2315.0, 2325.0, 2325.0, 2315.0, 2325.0, 2315.0, 2315.0, 2310.0, 2315.0, 2315.0, 2320.0, 2315.0, 2320.0, 2315.0, 2315.0, 2330.0, 2335.0, 2335.0, 2340.0, 2340.0, 2330.0, 2320.0, 2320.0, 2315.0, 2320.0, 2320.0, 2320.0, 2325.0, 2325.0, 2330.0, 2335.0, 2335.0, 2325.0, 2325.0, 2315.0, 2315.0, 2320.0, 2320.0, 2320.0, 2320.0, 2320.0, 2315.0, 2310.0, 2310.0, 2315.0, 2310.0, 2310.0, 2310.0, 2310.0, 2310.0, 2310.0, 2305.0, 2310.0, 2310.0, 2305.0, 2305.0, 2305.0, 2305.0, 2305.0, 2310.0, 2310.0, 2310.0, 2300.0, 2295.0, 2295.0, 2305.0, 2305.0, 2305.0, 2310.0, 2315.0, 2315.0, 2320.0, 2325.0, 2330.0, 2330.0, 2330.0, 2330.0, 2330.0, 2330.0, 2330.0, 2330.0, 2335.0, 2335.0, 2335.0, 2335.0, 2335.0, 2325.0, 2325.0, 2330.0, 2325.0, 2325.0, 2325.0, 2330.0, 2330.0, 2330.0, 2335.0, 2340.0, 2350.0, 2350.0, 2350.0, 2350.0, 2350.0, 2350.0, 2350.0, 2350.0, 2350.0, 2350.0, 2345.0, 2350.0, 2345.0, 2345.0, 2340.0, 2345.0, 2345.0, 2345.0, 2350.0, 2345.0, 2350.0, 2350.0, 2345.0, 2345.0, 2345.0, 2340.0, 2350.0, 2345.0, 2350.0, 2340.0, 2340.0]",True,False,False,,1850.33721,-0.4664976481214701,False,0.0,0.0,-4977.0,-0.468234897953369,61620.0,5.797193974660759,6162.0,0.5797193974660758,"台灣摩根士丹利(63,753.00萬)／富邦證券(61,620.00萬)／港商麥格理(49,059.00萬)",True,False,2
2026-04-20,6788,OTC,2026-04-21,1659.0,2.030861229206657,2,True,False,False,-2.5227043390514634,5.146316851664985,False,4.5358649789029535,474.0,495.5,521.0,489.0,508.0,508.0,2026-04-21,d1_close,2026,"[511.0, 517.0, 517.0, 517.0, 519.0, 519.0, 517.0, 509.0, 506.0, 498.5, 495.0, 497.0, 500.0, 498.5, 500.0, 505.0, 511.0, 509.0, 510.0, 509.0, 509.0, 509.0, 505.0, 499.0, 504.0, 503.0, 503.0, 509.0, 509.0, 508.0, 508.0, 515.0, 513.0, 512.0, 513.0, 515.0, 515.0, 513.0, 517.0, 518.0, 516.0, 515.0, 515.0, 516.0, 517.0, 517.0, 515.0, 516.0, 517.0, 517.0, 519.0, 516.0, 516.0, 516.0, 513.0, 513.0, 515.0, 516.0, 518.0, 517.0, 516.0, 516.0, 514.0, 514.0, 513.0, 513.0, 513.0, 512.0, 512.0, 513.0, 514.0, 514.0, 514.0, 514.0, 513.0, 513.0, 513.0, 511.0, 509.0, 508.0, 507.0, 507.0, 508.0, 506.0, 506.0, 507.0, 507.0, 505.0, 507.0, 507.0, 508.0, 508.0, 508.0, 508.0, 508.0, 508.0, 508.0, 508.0, 509.0, 510.0, 512.0, 513.0, 508.0, 508.0, 509.0, 509.0, 508.0, 509.0, 508.0, 508.0, 508.0, 507.0, 507.0, 506.0, 507.0, 508.0, 508.0, 508.0, 508.0, 508.0, 505.0, 502.0, 502.0, 499.0, 500.0, 499.5, 498.5, 498.5, 502.0, 500.0, 503.0, 503.0, 502.0, 500.0, 500.0, 500.0, 499.0, 500.0, 500.0, 500.0, 500.0, 499.0, 495.0, 495.5, 492.0, 492.5, 492.0, 491.0, 491.0, 491.5, 491.0, 493.0, 493.0, 493.0, 492.0, 491.5, 491.5, 493.5, 491.0, 490.0, 489.5, 491.5, 493.5, 494.5, 495.0, 496.5, 496.0, 494.0, 494.0, 495.5, 494.0, 495.0, 495.0, 495.0, 497.0, 496.5, 498.0, 496.0, 491.5, 492.5, 492.0, 494.0, 495.0, 495.0, 496.0, 497.0, 495.5, 497.5, 498.0, 500.0, 504.0, 501.0, 502.0, 504.0, 506.0, 504.0, 505.0, 506.0, 507.0, 509.0, 509.0, 508.0, 509.0, 509.0, 510.0, 510.0, 511.0, 508.0, 508.0, 508.0, 507.0, 510.0, 511.0, 511.0, 510.0, 510.0, 509.0, 509.0, 511.0, 510.0, 510.0, 511.0, 509.0, 510.0, 508.0, 509.0, 509.0, 510.0, 510.0, 509.0, 509.0, 509.0, 510.0, 510.0, 509.0, 509.0, 509.0, 509.0, 509.0, 510.0, 512.0, 510.0, 512.0, 511.0, 510.0, 509.0, 509.0, 509.0, 508.0, 508.0]",True,False,False,,183.626178,-0.4664976481214701,False,0.0,0.0,0.0,0.0,0.0,0.0,1659.0,2.0308612292066575,"摩根大通(7,394.40萬)／台灣摩根士丹利(4,787.40萬)／新加坡商瑞銀(3,223.20萬)",True,False,0
2026-04-21,8271,TSE,2026-04-22,3875.35,1.3999732320392877,3,True,False,False,-4.385964912280701,4.385964912280701,False,5.311778290993072,216.5,228.0,238.0,225.0,238.0,238.0,2026-04-22,d1_close,2026,"[230.5, 229.0, 230.5, 232.0, 231.5, 230.5, 229.5, 235.5, 234.5, 234.5, 233.5, 232.0, 233.0, 231.5, 230.5, 230.0, 229.5, 230.5, 230.0, 232.5, 233.0, 233.5, 233.0, 234.5, 234.5, 234.0, 234.0, 234.0, 234.5, 234.0, 234.0, 233.5, 233.5, 233.5, 233.5, 233.5, 233.0, 233.0, 233.5, 233.5, 233.0, 232.0, 232.0, 231.5, 232.0, 231.5, 231.5, 232.5, 233.0, 233.0, 233.0, 234.0, 233.5, 236.0, 235.0, 234.0, 233.5, 234.0, 234.0, 233.0, 232.0, 232.0, 234.5, 234.0, 234.0, 233.0, 233.0, 233.0, 234.0, 234.0, 233.0, 233.5, 234.0, 234.0, 234.0, 235.5, 235.0, 234.5, 235.0, 235.0, 237.0, 238.0, 238.0, 238.0, 238.0, 238.0, 238.0, 238.0, 238.0, 238.0, 238.0, 238.0, 238.0, 238.0, 238.0, 238.0, 238.0, 238.0, 238.0, 238.0, 238.0, 238.0, 238.0, 238.0, 238.0, 238.0, 238.0, 238.0, 238.0, 238.0, 238.0, 238.0, 238.0, 238.0, 238.0, 238.0, 238.0, 238.0, 238.0, 238.0, 238.0, 238.0, 238.0, 238.0, 238.0, 238.0, 238.0, 238.0, 238.0, 238.0, 238.0, 238.0, 238.0, 238.0, 238.0, 238.0, 238.0, 238.0, 238.0, 238.0, 238.0, 238.0, 238.0, 238.0, 238.0, 238.0, 238.0, 238.0, 238.0, 238.0, 238.0, 238.0, 238.0, 238.0, 238.0, 238.0, 238.0, 238.0, 238.0, 238.0, 238.0, 238.0, 238.0, 238.0, 238.0, 238.0, 238.0, 238.0, 238.0, 238.0, 238.0, 238.0, 238.0, 238.0, 238.0, 238.0, 238.0, 238.0, 238.0, 238.0, 238.0, 238.0, 238.0, 238.0, 238.0, 238.0, 238.0, 238.0, 238.0, 238.0, 238.0, 238.0, 238.0, 238.0, 238.0, 238.0, 238.0, 238.0]",True,False,False,,277.399718,2.175748838316362,False,0.0,0.0,2662.95,0.9619927795577226,-12362.15,-4.46583639941024,3875.35,1.3999732320392875,"永豐金-中正(21,433.50萬)／摩根大通(17,190.10萬)／新加坡商瑞銀(15,523.05萬)",True,False,2
2026-04-22,2312,TSE,2026-04-23,982.065,0.2760561126924161,2,True,False,False,14.012738853503182,1.5923566878980893,True,5.192629815745383,29.85,31.4,31.9,26.9,27.0,27.0,2026-04-23,d1_close,2026,"[31.5, 30.95, 30.95, 30.6, 30.35, 29.55, 29.85, 29.65, 29.35, 28.9, 28.8, 28.75, 28.8, 29.0, 28.95, 28.75, 28.45, 28.45, 28.65, 28.65, 28.3, 28.25, 28.3, 28.35, 28.35, 28.25, 28.4, 28.4, 28.6, 28.55, 28.4, 28.2, 28.0, 28.05, 28.1, 28.1, 28.15, 28.0, 28.0, 28.05, 28.1, 28.2, 28.05, 27.9, 27.85, 27.75, 27.75, 27.6, 27.55, 27.55, 27.55, 27.55, 27.8, 27.8, 27.85, 27.55, 27.5, 27.6, 27.5, 27.45, 27.4, 27.35, 27.2, 27.2, 27.2, 27.15, 27.15, 27.1, 27.05, 27.0, 26.95, 26.95, 26.95, 26.9, 27.1, 27.2, 27.25, 27.35, 27.35, 27.35, 27.35, 27.3, 27.2, 27.2, 27.25, 27.1, 27.05, 27.0, 27.0, 26.95, 27.0, 26.95, 26.95, 26.9, 27.0, 26.95, 26.9, 26.95, 27.0, 27.0, 27.0, 26.95, 27.0, 27.05, 27.05, 27.1, 27.05, 27.1, 27.15, 27.2, 27.3, 27.35, 27.35, 27.3, 27.3, 27.3, 27.3, 27.2, 27.2, 27.25, 27.25, 27.15, 27.15, 27.15, 27.0, 27.0, 27.0, 27.05, 27.05, 27.05, 27.05, 27.05, 27.0, 27.0, 27.0, 27.05, 27.05, 27.1, 27.05, 27.05, 27.05, 27.05, 27.05, 26.95, 26.95, 26.95, 26.9, 27.0, 27.0, 27.0, 27.0, 27.05, 27.0, 27.0, 27.0, 27.0, 27.0, 26.95, 26.9, 26.95, 26.95, 26.95, 26.9, 26.95, 26.95, 26.95, 27.0, 27.0, 27.05, 27.05, 27.0, 27.0, 27.1, 27.1, 27.1, 27.15, 27.15, 27.25, 27.35, 27.3, 27.2, 27.2, 27.25, 27.3, 27.25, 27.2, 27.2, 27.2, 27.2, 27.25, 27.2, 27.25, 27.25, 27.25, 27.25, 27.3, 27.3, 27.35, 27.35, 27.45, 27.5, 27.65, 27.5, 27.45, 27.5, 27.55, 27.5, 27.5, 27.5, 27.5, 27.5, 27.5, 27.5, 27.55, 27.55, 27.6, 27.55, 27.4, 27.4, 27.35, 27.4, 27.4, 27.45, 27.55, 27.55, 27.5, 27.5, 27.5, 27.5, 27.45, 27.45, 27.45, 27.4, 27.35, 27.35, 27.35, 27.35, 27.4, 27.4, 27.45, 27.45, 27.45, 27.45, 27.45, 27.4, 27.35, 27.35, 27.4, 27.35, 27.35, 27.3, 27.35, 27.3, 27.3, 27.25, 27.2, 27.1, 27.05, 27.05, 27.0, 27.0, 27.05, 27.0, 27.0]",True,False,False,,449.38733220000006,2.4883654231197934,False,1641.75,0.461491981704647,0.0,0.0,34405.11,9.671193783868658,982.0649999999999,0.27605611269241614,"富邦證券(34,405.11萬)／富邦-南京(9,572.90萬)／陽信-石牌(9,113.20萬)",True,False,2
2026-04-22,2388,TSE,2026-04-23,1600.0,2.1418796616504827,2,True,False,False,7.195121951219519,0.2439024390243937,True,2.5,80.0,82.0,82.2,72.6,76.1,76.1,2026-04-23,d1_close,2026,"[79.2, 81.7, 81.3, 80.2, 79.5, 78.9, 76.7, 76.3, 76.4, 75.9, 76.2, 75.9, 76.3, 75.1, 76.1, 76.0, 76.6, 76.4, 76.6, 77.8, 78.9, 79.2, 79.1, 79.2, 78.6, 78.4, 78.2, 78.5, 78.6, 78.1, 78.6, 78.4, 78.4, 78.4, 77.7, 78.2, 77.1, 77.5, 78.5, 78.3, 77.6, 77.6, 77.5, 77.8, 78.0, 77.5, 77.5, 77.4, 77.3, 77.8, 78.4, 78.9, 79.0, 77.8, 77.9, 78.2, 78.0, 77.9, 77.8, 77.7, 77.6, 76.7, 76.5, 77.1, 77.0, 76.6, 76.3, 76.1, 75.8, 75.5, 75.1, 75.1, 76.1, 76.4, 76.4, 76.2, 76.2, 76.2, 75.8, 76.2, 76.2, 75.6, 75.8, 75.2, 74.8, 74.7, 75.1, 74.7, 74.6, 74.6, 74.7, 74.6, 74.6, 74.0, 73.9, 74.3, 74.0, 74.0, 74.1, 74.5, 74.4, 74.1, 74.2, 74.2, 74.0, 74.4, 75.0, 75.3, 75.0, 74.9, 74.7, 74.6, 74.7, 75.1, 74.9, 74.9, 74.6, 74.6, 74.6, 74.4, 74.3, 74.1, 73.9, 74.2, 74.2, 74.2, 74.1, 74.2, 73.9, 73.9, 73.5, 73.9, 73.9, 73.8, 73.8, 73.7, 73.6, 73.8, 73.9, 73.9, 73.9, 73.7, 73.7, 73.7, 73.8, 74.0, 73.9, 74.2, 74.0, 73.6, 73.9, 73.6, 73.5, 73.5, 73.0, 73.0, 73.0, 73.2, 72.9, 72.8, 72.9, 72.7, 73.2, 73.4, 73.3, 73.2, 73.7, 73.6, 73.8, 73.6, 73.9, 73.9, 74.2, 74.5, 74.4, 74.4, 74.5, 74.4, 74.9, 74.9, 74.9, 75.0, 75.2, 74.9, 75.0, 74.7, 75.0, 74.9, 74.9, 75.2, 75.3, 75.2, 75.2, 75.3, 75.3, 75.3, 75.4, 75.5, 75.5, 75.5, 75.4, 75.3, 75.3, 75.5, 75.5, 75.6, 75.5, 75.4, 75.4, 75.7, 76.0, 76.1, 76.0, 76.2, 76.4, 76.3, 76.1, 76.2, 76.4, 76.5, 76.6, 76.6, 76.8, 76.6, 76.4, 76.6, 76.4, 76.3, 76.4, 76.5, 76.5, 76.4, 76.5, 76.5, 76.3, 76.6, 76.8, 76.8, 76.8, 76.7, 76.6, 76.6, 76.6, 76.7, 76.6, 76.5, 76.6, 76.3, 76.4, 76.4, 76.3, 76.3, 76.3, 76.2, 76.2, 76.1, 76.2, 76.1, 76.1, 76.1, 76.1, 76.1]",True,False,False,,444.72664,2.4883654231197934,False,-680.0,-0.910298856201455,0.0,0.0,-3888.0,-5.204767577810673,1600.0,2.1418796616504827,"元大證券(6,448.00萬)／美林(4,352.00萬)／摩根大通(3,848.00萬)",True,False,2
2026-04-22,6104,OTC,2026-04-23,988.0,2.278549592762188,1,True,False,False,10.50228310502283,0.0,True,5.288461538461538,104.0,109.5,109.5,94.3,98.0,98.0,2026-04-23,d1_close,2026,"[107.0, 107.5, 106.0, 106.0, 105.0, 105.0, 105.0, 105.0, 104.5, 104.0, 104.5, 104.0, 103.5, 102.5, 103.0, 102.5, 103.5, 103.0, 103.0, 103.5, 104.5, 104.5, 104.0, 104.0, 105.5, 105.0, 104.5, 104.5, 103.0, 103.0, 102.5, 103.0, 102.5, 101.5, 101.5, 101.5, 102.0, 101.5, 101.5, 101.5, 101.0, 102.0, 102.0, 101.0, 101.0, 101.0, 101.0, 100.5, 101.0, 101.0, 100.5, 100.5, 100.5, 101.5, 101.5, 101.5, 100.5, 101.0, 101.0, 100.5, 100.0, 100.0, 100.0, 99.4, 99.3, 99.1, 99.2, 99.0, 98.7, 98.4, 97.6, 97.1, 96.9, 96.1, 96.3, 97.8, 97.9, 97.7, 97.6, 97.7, 97.8, 98.1, 97.8, 98.0, 97.6, 97.9, 97.5, 97.2, 97.5, 96.9, 96.5, 96.5, 96.6, 96.6, 96.4, 96.1, 96.1, 95.8, 95.7, 96.0, 96.1, 96.2, 96.1, 96.1, 96.1, 96.1, 96.1, 96.2, 96.5, 96.3, 96.7, 97.0, 97.1, 97.5, 97.6, 97.2, 97.1, 97.2, 96.8, 97.0, 97.1, 96.7, 96.6, 96.6, 96.7, 96.4, 96.4, 96.5, 96.4, 96.4, 96.3, 96.2, 96.0, 96.3, 96.1, 96.2, 96.2, 96.3, 96.4, 96.4, 96.6, 96.5, 96.2, 96.1, 96.1, 96.1, 96.5, 96.1, 96.2, 96.0, 95.1, 95.3, 95.3, 94.7, 94.6, 94.6, 95.0, 94.6, 94.6, 94.4, 94.4, 94.4, 94.7, 94.9, 94.7, 94.7, 94.8, 94.7, 95.1, 95.4, 95.2, 95.3, 95.4, 95.6, 95.8, 96.0, 96.0, 96.0, 96.0, 96.2, 96.5, 96.6, 96.6, 96.7, 96.6, 96.6, 96.9, 96.9, 97.0, 97.1, 97.2, 97.2, 97.3, 97.3, 96.9, 96.9, 96.9, 97.0, 97.2, 97.1, 97.1, 97.0, 97.1, 97.5, 97.8, 98.1, 97.9, 98.0, 98.0, 98.4, 98.6, 98.3, 98.4, 98.5, 98.7, 98.7, 98.7, 98.7, 98.8, 98.8, 98.9, 99.1, 99.4, 99.5, 99.5, 99.4, 99.2, 99.0, 98.7, 98.9, 99.3, 99.0, 99.0, 99.0, 99.2, 99.2, 99.2, 99.3, 99.2, 99.1, 99.0, 99.0, 98.9, 98.9, 98.8, 98.8, 98.7, 98.7, 98.5, 98.3, 98.0, 98.1, 98.1, 98.0, 97.7, 97.8, 97.7, 97.7, 97.9, 97.9, 97.9, 98.0]",True,False,False,,94.772184,2.4883654231197934,False,0.0,0.0,0.0,0.0,0.0,0.0,988.0,2.278549592762188,"凱基-台北(8,413.60萬)／富邦-板橋(2,891.20萬)／元大證券(1,653.60萬)",True,False,0
2026-04-22,6533,TSE,2026-04-23,988.65,1.922945185296527,1,True,False,False,10.754716981132075,4.716981132075472,True,4.536489151873767,253.5,265.0,277.5,230.0,236.5,236.5,2026-04-23,d1_close,2026,"[270.0, 274.0, 272.0, 268.0, 266.0, 263.0, 264.0, 263.0, 263.5, 265.0, 266.0, 264.5, 262.5, 261.5, 260.0, 259.0, 257.5, 257.0, 256.5, 257.0, 254.5, 256.5, 257.0, 257.5, 258.0, 259.0, 259.5, 259.0, 259.0, 258.5, 256.5, 256.0, 253.5, 254.5, 254.0, 252.0, 250.5, 251.0, 250.0, 248.0, 249.5, 249.0, 248.0, 247.0, 244.5, 244.0, 244.0, 243.0, 243.5, 246.0, 245.0, 245.5, 248.0, 249.0, 249.5, 248.0, 247.0, 246.5, 246.0, 245.0, 244.0, 243.5, 242.0, 240.5, 241.0, 241.0, 239.0, 239.5, 238.0, 238.0, 235.5, 234.0, 234.5, 236.0, 238.5, 238.0, 239.5, 240.0, 239.0, 239.0, 239.5, 240.0, 238.0, 238.0, 237.0, 236.5, 237.5, 234.5, 234.0, 233.0, 233.0, 233.5, 233.0, 234.5, 233.0, 231.5, 231.0, 233.0, 233.5, 232.0, 233.0, 232.0, 230.0, 231.0, 232.0, 232.0, 234.5, 235.0, 235.5, 236.0, 235.5, 236.0, 235.5, 235.5, 235.5, 235.5, 235.5, 234.5, 234.0, 234.0, 234.0, 234.0, 233.0, 233.0, 233.0, 232.0, 232.0, 232.0, 231.0, 230.5, 231.0, 231.0, 231.5, 231.5, 232.0, 231.5, 231.0, 231.5, 231.5, 233.0, 233.0, 233.0, 234.0, 232.5, 232.5, 232.0, 231.5, 231.5, 231.0, 231.5, 231.5, 230.5, 231.0, 231.0, 231.5, 232.5, 233.5, 233.5, 233.0, 233.0, 234.0, 234.5, 234.5, 235.0, 235.0, 235.0, 235.0, 235.0, 235.0, 235.0, 235.0, 235.0, 234.5, 235.0, 235.0, 235.0, 235.0, 235.5, 235.5, 235.5, 235.5, 235.0, 235.5, 234.5, 234.0, 235.0, 235.5, 236.5, 238.0, 238.0, 238.5, 240.0, 239.5, 240.5, 240.0, 240.0, 240.0, 240.5, 241.5, 241.5, 241.0, 242.0, 242.0, 241.5, 242.5, 240.5, 241.0, 241.0, 240.5, 240.5, 241.0, 241.0, 241.5, 241.0, 241.5, 242.0, 241.5, 241.5, 241.0, 241.5, 241.0, 242.0, 242.0, 242.0, 243.0, 242.5, 243.0, 241.5, 240.5, 239.5, 239.5, 239.0, 239.5, 239.0, 238.0, 237.5, 238.0, 237.5, 236.5]",True,False,False,,128.4000315,2.4883654231197934,False,811.2,1.5778011776792014,0.0,0.0,2484.3,4.832016106642555,988.65,1.922945185296527,"凱基-台北(4,157.40萬)／港商野村(3,143.40萬)／富邦證券(2,484.30萬)",True,False,2
2026-04-22,6548,OTC,2026-04-23,1215.89,0.8282872136258729,1,True,False,False,11.904761904761903,0.0,True,3.10965630114566,61.1,63.0,63.0,55.0,55.5,55.5,2026-04-23,d1_close,2026,"[62.2, 61.1, 61.9, 61.5, 61.1, 60.8, 60.7, 60.5, 60.4, 59.6, 59.8, 60.0, 59.9, 60.0, 60.3, 59.6, 59.8, 59.6, 59.4, 59.3, 59.4, 59.7, 59.6, 59.8, 59.8, 60.4, 60.3, 60.3, 60.1, 59.7, 59.6, 59.7, 59.6, 59.4, 59.2, 59.3, 59.2, 59.2, 59.0, 59.1, 59.0, 59.4, 59.7, 59.5, 59.2, 58.7, 58.5, 58.5, 58.3, 57.8, 57.7, 57.8, 58.0, 57.9, 58.3, 58.5, 58.4, 57.9, 57.8, 57.8, 57.6, 57.6, 57.6, 57.3, 57.3, 57.0, 56.9, 56.9, 56.9, 56.9, 56.6, 56.4, 56.1, 56.0, 55.9, 56.0, 56.8, 57.1, 56.9, 56.9, 56.7, 56.6, 56.9, 56.8, 56.7, 56.2, 56.5, 55.8, 55.7, 55.8, 55.7, 55.6, 55.5, 55.5, 55.4, 55.2, 55.2, 55.2, 55.1, 55.0, 55.0, 55.0, 55.0, 55.0, 55.0, 55.0, 55.0, 55.0, 55.0, 55.0, 55.0, 55.0, 55.0, 55.0, 55.0, 55.0, 55.0, 55.0, 55.0, 55.0, 55.0, 55.0, 55.0, 55.0, 55.0, 55.0, 55.0, 55.0, 55.0, 55.0, 55.0, 55.0, 55.0, 55.0, 55.0, 55.0, 55.0, 55.0, 55.0, 55.0, 55.0, 55.0, 55.0, 55.0, 55.0, 55.0, 55.0, 55.0, 55.0, 55.0, 55.0, 55.0, 55.0, 55.0, 55.0, 55.0, 55.0, 55.0, 55.0, 55.0, 55.0, 55.0, 55.0, 55.0, 55.0, 55.0, 55.0, 55.0, 55.0, 55.0, 55.0, 55.0, 55.0, 55.0, 55.0, 55.0, 55.0, 55.0, 55.0, 55.0, 55.0, 55.0, 55.0, 55.0, 55.0, 55.0, 55.0, 55.0, 55.0, 55.1, 55.1, 55.4, 55.4, 55.3, 55.3, 55.3, 55.2, 55.2, 55.2, 55.4, 55.8, 55.8, 55.7, 55.6, 55.8, 55.9, 55.9, 55.8, 55.9, 55.8, 55.7, 55.6, 55.5, 55.7, 55.6, 55.6, 55.6, 55.7, 55.5, 55.4, 55.4, 55.6, 55.6, 55.6, 55.6, 55.6, 55.6, 55.7, 55.8, 55.8, 55.8, 55.7, 55.6, 55.7, 55.8, 56.0, 56.2, 56.2, 56.3, 56.1, 56.1, 56.2, 56.3, 56.2, 56.3, 56.3, 56.2, 56.1, 56.4, 56.4, 56.4, 56.4, 56.4, 56.3, 56.1, 56.2, 56.0, 56.0, 56.0, 55.9, 55.8, 55.6, 55.6, 55.5]",True,False,False,,580.5876561931034,2.4883654231197934,False,0.0,0.0,0.0,0.0,2236.26,1.5233825135028618,1215.8899999999999,0.8282872136258727,"凱基(37,741.47萬)／凱基-台北(9,494.94萬)／富邦證券(2,236.26萬)",True,False,1
2026-04-22,6658,TSE,2026-04-23,301.62,1.4505718437762691,1,True,False,False,-0.5,0.5,False,9.40919037199124,91.4,100.0,100.5,88.0,100.5,100.5,2026-04-23,d1_close,2026,"[99.8, 100.5, 100.5, 100.5, 100.5, 100.5, 100.5, 100.5, 100.5, 100.5, 100.5, 100.5, 100.5, 100.5, 100.5, 100.5, 100.5, 100.5, 100.5, 100.5, 100.5, 100.5, 100.5, 100.5, 100.5, 100.5, 100.5, 100.5, 100.5, 97.0, 97.7, 99.2, 97.5, 97.0, 97.1, 96.1, 96.7, 96.3, 96.9, 96.9, 96.7, 96.7, 95.6, 96.3, 96.4, 96.2, 95.4, 95.1, 94.3, 95.6, 95.0, 95.5, 95.2, 95.2, 94.0, 94.0, 94.5, 94.1, 94.4, 94.4, 94.5, 94.1, 94.4, 94.2, 96.4, 95.3, 94.9, 95.0, 94.1, 93.9, 93.5, 92.6, 92.0, 92.9, 94.3, 94.9, 94.1, 93.5, 94.5, 94.9, 94.9, 94.4, 94.5, 94.7, 94.0, 93.6, 93.3, 92.9, 92.4, 91.1, 91.6, 91.8, 91.6, 92.0, 91.5, 91.5, 91.5, 91.9, 92.0, 92.3, 92.0, 92.0, 92.0, 92.4, 93.1, 92.0, 92.6, 93.9, 93.6, 93.8, 94.4, 94.5, 94.6, 95.2, 94.6, 94.4, 94.3, 94.2, 95.3, 95.0, 94.8, 94.3, 93.7, 93.4, 93.4, 93.4, 93.4, 93.3, 93.5, 93.0, 92.6, 92.8, 92.8, 92.6, 92.3, 91.6, 91.8, 91.3, 91.0, 91.3, 91.3, 91.0, 91.4, 91.8, 91.4, 91.5, 91.5, 91.5, 90.5, 89.9, 90.3, 90.3, 90.3, 90.2, 89.9, 89.6, 89.8, 91.6, 91.0, 90.5, 91.3, 91.3, 91.6, 91.8, 91.7, 91.9, 92.0, 92.0, 92.0, 92.3, 93.4, 92.6, 92.7, 93.2, 93.3, 94.0, 93.6, 93.6, 94.0, 94.5, 93.8, 94.2, 94.8, 95.3, 96.0, 95.9, 95.7, 96.3, 95.6, 96.5, 96.7, 96.2, 96.3, 96.1, 96.3, 96.9, 97.5, 98.2, 98.6, 98.9, 98.9, 97.6, 97.6, 97.5, 97.6, 98.2, 97.6, 97.6, 97.5, 97.3, 97.7, 99.4, 98.7, 99.2, 99.6, 100.5, 100.5, 100.5, 100.5, 100.5, 100.5, 100.5, 100.5, 100.5, 100.5, 100.5, 100.5, 100.5, 100.5, 100.5, 100.5, 100.5, 100.5, 100.5, 100.5, 100.5, 100.5, 100.5, 100.5, 100.5, 100.5, 100.5, 100.5, 100.5, 100.5, 100.5, 100.5, 100.5]",True,False,False,,33.242180000000005,2.4883654231197934,False,0.0,0.0,0.0,0.0,0.0,0.0,301.62,1.4505718437762691,"凱基-台北(1,846.28萬)／港商野村(1,681.76萬)／元大-蘆洲中正(1,188.20萬)",True,False,0
2026-04-22,6907,OTC,2026-04-23,969.0,4.444854893996472,1,True,False,False,-2.941176470588235,2.941176470588235,False,6.666666666666667,127.5,136.0,140.0,117.5,140.0,140.0,2026-04-23,d1_close,2026,"[139.5, 140.0, 140.0, 140.0, 140.0, 140.0, 140.0, 140.0, 140.0, 140.0, 140.0, 140.0, 140.0, 140.0, 140.0, 140.0, 140.0, 140.0, 140.0, 140.0, 140.0, 140.0, 140.0, 140.0, 140.0, 140.0, 140.0, 140.0, 140.0, 140.0, 140.0, 140.0, 140.0, 140.0, 140.0, 140.0, 137.5, 136.0, 134.5, 135.5, 135.5, 134.0, 133.5, 131.0, 131.5, 132.0, 132.0, 133.0, 132.5, 128.5, 126.5, 124.0, 125.0, 129.0, 129.0, 127.5, 127.5, 128.0, 129.0, 127.5, 128.0, 126.0, 123.5, 124.0, 122.5, 124.5, 127.5, 126.5, 126.0, 128.5, 128.5, 129.5, 128.5, 127.0, 125.5, 125.5, 126.0, 125.0, 125.0, 125.0, 125.0, 123.5, 123.5, 122.5, 122.5, 122.0, 126.5, 124.5, 125.5, 125.0, 125.5, 125.0, 125.0, 124.5, 124.0, 124.0, 123.5, 123.5, 123.0, 123.5, 125.0, 125.5, 126.0, 126.0, 125.5, 126.0, 126.5, 125.0, 126.0, 127.5, 127.0, 126.0, 126.0, 126.5, 126.0, 125.5, 126.0, 126.5, 126.0, 124.5, 125.0, 124.5, 124.0, 124.5, 124.0, 124.0, 120.5, 120.0, 121.0, 121.5, 121.5, 120.5, 120.5, 120.0, 121.0, 121.0, 121.0, 120.0, 118.0, 119.0, 119.0, 118.5, 118.0, 117.5, 117.5, 118.5, 118.5, 119.0, 119.5, 120.0, 120.0, 120.5, 120.5, 120.0, 120.0, 120.5, 121.0, 121.5, 121.0, 121.5, 124.0, 124.5, 123.0, 123.5, 122.5, 122.5, 122.5, 122.5, 122.5, 124.0, 124.5, 124.0, 125.0, 125.5, 127.5, 126.0, 125.5, 123.5, 124.5, 126.0, 127.5, 128.0, 127.0, 128.0, 130.0, 130.5, 130.5, 133.0, 133.5, 136.0, 136.5, 138.5, 140.0, 140.0, 140.0, 140.0, 140.0, 140.0, 140.0, 140.0, 140.0, 140.0, 140.0, 140.0, 140.0, 140.0, 140.0, 140.0, 140.0, 140.0, 140.0, 140.0, 140.0, 140.0, 140.0, 140.0, 140.0, 140.0, 140.0, 140.0, 140.0, 140.0, 140.0, 140.0, 140.0, 140.0, 140.0, 140.0, 140.0, 140.0, 140.0, 140.0, 140.0, 140.0, 140.0, 140.0]",True,False,False,,65.24685,2.4883654231197934,False,0.0,0.0,0.0,0.0,-229.5,-1.052728790683375,969.0,4.444854893996472,"港商野村(1,925.25萬)／台新-台北(969.00萬)／統一(905.25萬)",True,False,1
2026-04-22,8021,TSE,2026-04-23,1336.5,0.7554145836700646,1,True,False,False,-0.7478632478632479,4.273504273504273,False,5.05050505050505,445.5,468.0,488.0,438.0,471.5,471.5,2026-04-23,d1_close,2026,"[468.0, 470.5, 476.0, 482.0, 484.0, 482.0, 480.0, 476.5, 472.0, 466.5, 455.0, 450.5, 465.0, 466.5, 461.5, 438.0, 446.0, 458.0, 447.5, 440.0, 440.0, 438.5, 450.0, 457.0, 461.0, 458.0, 454.0, 451.5, 450.5, 448.0, 447.0, 445.0, 438.5, 438.0, 440.0, 446.0, 450.0, 451.5, 452.0, 456.0, 459.0, 458.0, 456.0, 459.5, 461.5, 465.0, 470.0, 475.0, 485.0, 488.0, 488.0, 486.0, 484.0, 471.5]",True,True,True,5分鐘,632.7993375,2.4883654231197934,False,0.0,0.0,0.0,0.0,0.0,0.0,1336.5,0.7554145836700646,"富邦-仁愛(47,356.65萬)／台灣摩根士丹利(4,900.50萬)／統一(3,341.25萬)",True,False,0
2026-04-22,8039,TSE,2026-04-23,1239.7,0.8064295324967911,1,True,False,False,14.95601173020528,0.0,True,5.900621118012422,161.0,170.5,170.5,145.0,145.0,145.0,2026-04-23,d1_close,2026,"[168.0, 165.0, 160.5, 158.5, 158.0, 155.5, 156.0, 150.5, 151.0, 152.0, 153.0, 151.0, 148.5, 148.5, 148.0, 148.5, 147.0, 146.5, 146.5, 146.0, 146.5, 147.5, 147.0, 147.0, 147.0, 146.0, 145.5, 145.0, 145.5, 145.5, 145.5, 146.0, 146.5, 146.0, 145.5, 145.5, 145.0, 145.5, 145.0, 145.5, 145.5, 145.5, 145.5, 145.0, 145.0, 145.0, 145.0, 145.0, 145.0, 145.0, 145.0, 145.0, 145.0, 145.0, 145.0, 145.0, 145.0, 145.0, 145.0, 145.0, 145.0, 145.0, 145.0, 145.0, 145.0, 145.0, 145.0, 145.0, 145.0, 145.0, 145.0, 145.0, 145.0, 145.0, 145.0, 145.0, 145.0, 145.0, 145.0, 145.0, 145.0, 145.0, 145.0, 145.0, 145.0, 145.0, 145.0, 145.0, 145.0, 145.0, 145.0, 145.0, 145.0, 145.0, 145.0, 145.0, 145.0, 145.0, 145.0, 145.0, 145.0, 145.0, 145.0, 145.0, 145.0, 145.0, 145.0, 145.0, 145.0, 145.0, 145.0, 145.0, 145.0, 145.0, 145.0, 145.0, 145.0, 145.0, 145.0, 145.0, 145.0, 145.0, 145.0, 145.0, 145.0, 145.0, 145.0, 145.0, 145.0, 145.0, 145.0, 145.0, 145.0, 145.0, 145.0, 145.0, 145.0, 145.0, 145.0, 145.0, 145.0, 145.0, 145.0, 145.0, 145.0, 145.0, 145.0, 145.0, 145.0, 145.0, 145.0, 145.0, 145.0, 145.0, 145.0, 145.0, 145.0, 145.0, 145.0, 145.0, 145.0, 145.0, 145.0, 145.0, 145.0, 145.0, 145.0, 145.0, 145.0, 145.0, 145.0, 145.0, 145.0, 145.0, 145.0, 145.0, 145.0, 145.0, 145.0, 145.0, 145.0, 145.0, 145.0, 145.0, 145.0, 145.0, 145.0, 145.0, 145.0, 145.0, 145.0, 145.0, 145.0, 145.0, 145.0, 145.0, 145.0, 145.0, 145.0, 145.0, 145.0, 145.0, 145.0, 145.0, 145.0, 145.0, 145.0, 145.0, 145.0, 145.0, 145.0, 145.0, 145.0, 145.0, 145.0, 145.0, 145.0, 145.0, 145.0, 145.0, 145.0, 145.0, 145.0, 145.0, 145.0, 145.0, 145.0, 145.0, 145.0, 145.0, 145.0, 145.0, 145.0, 145.0, 145.0, 145.0, 145.0, 145.0, 145.0, 145.0, 145.0, 145.0, 145.0, 145.0, 145.0, 145.0, 145.0, 145.0]",True,False,False,,423.31247,2.4883654231197934,False,0.0,0.0,0.0,0.0,32216.1,20.95669473410492,1239.7,0.8064295324967911,"富邦證券(32,216.10萬)／港商野村(7,341.60萬)／新加坡商瑞銀(5,957.00萬)",True,False,1
2026-04-24,2454,TSE,2026-04-27,87173.0,1.5745935440743306,1,True,False,False,1.417004048582996,4.251012145748987,True,1.4373716632443532,2435.0,2470.0,2575.0,2410.0,2435.0,2435.0,2026-04-27,d1_close,2026,"[2425.0, 2415.0, 2440.0, 2450.0, 2450.0, 2460.0, 2455.0, 2450.0, 2450.0, 2460.0, 2460.0, 2455.0, 2470.0, 2475.0, 2485.0, 2485.0, 2470.0, 2460.0, 2480.0, 2480.0, 2495.0, 2490.0, 2495.0, 2505.0, 2520.0, 2515.0, 2510.0, 2490.0, 2510.0, 2525.0, 2525.0, 2540.0, 2550.0, 2555.0, 2570.0, 2570.0, 2565.0, 2545.0, 2530.0, 2515.0, 2505.0, 2505.0, 2500.0, 2500.0, 2510.0, 2510.0, 2485.0, 2485.0, 2480.0, 2495.0, 2470.0, 2470.0, 2465.0, 2470.0, 2470.0, 2455.0, 2445.0, 2445.0, 2450.0, 2455.0, 2465.0, 2485.0, 2485.0, 2470.0, 2475.0, 2475.0, 2475.0, 2465.0, 2465.0, 2460.0, 2460.0, 2460.0, 2465.0, 2460.0, 2455.0, 2455.0, 2465.0, 2465.0, 2470.0, 2455.0, 2455.0, 2455.0, 2450.0, 2440.0, 2430.0, 2425.0, 2420.0, 2420.0, 2425.0, 2430.0, 2430.0, 2435.0, 2435.0, 2425.0, 2420.0, 2435.0, 2435.0, 2430.0, 2430.0, 2440.0, 2440.0, 2435.0, 2440.0, 2455.0, 2450.0, 2460.0, 2460.0, 2460.0, 2465.0, 2460.0, 2460.0, 2455.0, 2450.0, 2435.0, 2440.0, 2435.0, 2440.0, 2445.0, 2455.0, 2450.0, 2435.0, 2440.0, 2445.0, 2455.0, 2455.0, 2455.0, 2455.0, 2455.0, 2450.0, 2455.0, 2455.0, 2455.0, 2455.0, 2450.0, 2450.0, 2450.0, 2450.0, 2455.0, 2455.0, 2455.0, 2460.0, 2455.0, 2445.0, 2445.0, 2440.0, 2440.0, 2440.0, 2435.0, 2435.0, 2435.0, 2455.0, 2445.0, 2445.0, 2450.0, 2445.0, 2445.0, 2445.0, 2445.0, 2450.0, 2450.0, 2450.0, 2455.0, 2455.0, 2460.0, 2460.0, 2460.0, 2465.0, 2465.0, 2455.0, 2455.0, 2450.0, 2455.0, 2455.0, 2450.0, 2450.0, 2450.0, 2450.0, 2445.0, 2445.0, 2450.0, 2450.0, 2445.0, 2445.0, 2450.0, 2445.0, 2445.0, 2440.0, 2450.0, 2450.0, 2440.0, 2440.0, 2440.0, 2440.0, 2435.0, 2445.0, 2440.0, 2440.0, 2435.0, 2435.0, 2435.0, 2435.0, 2445.0, 2440.0, 2445.0, 2445.0, 2440.0, 2445.0, 2440.0, 2440.0, 2440.0, 2435.0, 2435.0, 2435.0, 2435.0, 2440.0, 2440.0, 2440.0, 2440.0, 2440.0, 2440.0, 2445.0, 2445.0, 2440.0, 2445.0, 2445.0, 2440.0, 2440.0, 2440.0, 2440.0, 2445.0, 2440.0, 2440.0, 2445.0, 2440.0, 2440.0, 2440.0, 2435.0, 2440.0, 2440.0, 2440.0, 2440.0, 2440.0, 2440.0, 2445.0, 2445.0, 2450.0, 2450.0, 2455.0, 2460.0, 2455.0, 2450.0, 2450.0, 2450.0, 2450.0, 2450.0, 2445.0, 2450.0, 2450.0, 2450.0, 2450.0, 2445.0, 2455.0, 2450.0, 2450.0, 2435.0]",True,False,False,,39055.26207,2.7823985498886312,False,0.0,0.0,0.0,0.0,50161.0,0.9060510337410952,87173.0,1.5745935440743306,"美商高盛(186,277.50萬)／法銀巴黎(132,220.50萬)／元大-土城永寧(120,776.00萬)",True,False,1
2026-04-24,8210,TSE,2026-04-27,7018.0,1.0954003957106615,1,True,False,False,10.384615384615383,0.0,True,7.43801652892562,1210.0,1300.0,1300.0,1110.0,1165.0,1165.0,2026-04-27,d1_close,2026,"[1260.0, 1240.0, 1245.0, 1245.0, 1245.0, 1230.0, 1210.0, 1210.0, 1190.0, 1190.0, 1190.0, 1185.0, 1175.0, 1175.0, 1170.0, 1175.0, 1185.0, 1195.0, 1200.0, 1205.0, 1185.0, 1190.0, 1200.0, 1200.0, 1190.0, 1195.0, 1180.0, 1180.0, 1180.0, 1170.0, 1180.0, 1180.0, 1180.0, 1175.0, 1165.0, 1165.0, 1155.0, 1150.0, 1140.0, 1140.0, 1145.0, 1140.0, 1130.0, 1130.0, 1130.0, 1135.0, 1130.0, 1130.0, 1145.0, 1140.0, 1150.0, 1155.0, 1150.0, 1150.0, 1140.0, 1135.0, 1140.0, 1145.0, 1140.0, 1140.0, 1140.0, 1135.0, 1140.0, 1140.0, 1135.0, 1135.0, 1140.0, 1135.0, 1140.0, 1135.0, 1135.0, 1135.0, 1130.0, 1130.0, 1130.0, 1130.0, 1130.0, 1120.0, 1125.0, 1120.0, 1120.0, 1120.0, 1120.0, 1125.0, 1130.0, 1130.0, 1130.0, 1130.0, 1130.0, 1120.0, 1120.0, 1120.0, 1120.0, 1115.0, 1115.0, 1115.0, 1120.0, 1120.0, 1120.0, 1120.0, 1125.0, 1125.0, 1125.0, 1125.0, 1130.0, 1130.0, 1135.0, 1135.0, 1135.0, 1135.0, 1135.0, 1140.0, 1130.0, 1135.0, 1130.0, 1125.0, 1125.0, 1125.0, 1125.0, 1130.0, 1125.0, 1125.0, 1125.0, 1125.0, 1125.0, 1125.0, 1120.0, 1120.0, 1125.0, 1130.0, 1125.0, 1130.0, 1130.0, 1130.0, 1130.0, 1125.0, 1125.0, 1125.0, 1130.0, 1130.0, 1130.0, 1130.0, 1130.0, 1135.0, 1140.0, 1140.0, 1140.0, 1135.0, 1135.0, 1140.0, 1140.0, 1140.0, 1140.0, 1140.0, 1135.0, 1135.0, 1140.0, 1140.0, 1135.0, 1140.0, 1135.0, 1140.0, 1145.0, 1145.0, 1140.0, 1140.0, 1130.0, 1135.0, 1135.0, 1135.0, 1140.0, 1140.0, 1140.0, 1145.0, 1145.0, 1145.0, 1145.0, 1140.0, 1135.0, 1135.0, 1135.0, 1135.0, 1140.0, 1140.0, 1140.0, 1140.0, 1135.0, 1140.0, 1140.0, 1140.0, 1140.0, 1135.0, 1140.0, 1145.0, 1145.0, 1145.0, 1140.0, 1145.0, 1145.0, 1145.0, 1150.0, 1150.0, 1150.0, 1155.0, 1150.0, 1155.0, 1155.0, 1155.0, 1160.0, 1160.0, 1160.0, 1160.0, 1160.0, 1165.0, 1160.0, 1165.0, 1165.0, 1160.0, 1160.0, 1165.0, 1165.0, 1165.0, 1165.0, 1160.0, 1165.0, 1165.0, 1165.0, 1170.0, 1175.0, 1175.0, 1180.0, 1180.0, 1180.0, 1180.0, 1175.0, 1175.0, 1175.0, 1170.0, 1175.0, 1170.0, 1175.0, 1170.0, 1170.0, 1165.0, 1165.0, 1165.0, 1165.0]",True,False,False,,1516.36232,2.7823985498886312,False,-7139.0,-1.114286609429811,2904.0,0.45326912925958407,8712.0,1.3598073877787522,7018.0,1.0954003957106615,"元大證券(33,880.00萬)／港商野村(32,549.00萬)／美商高盛(23,111.00萬)",True,False,3
2026-04-27,2313,TSE,2026-04-28,17332.8,0.7529389836376527,1,True,False,False,-1.4830508474576272,2.5423728813559325,False,0.2123142250530785,235.5,236.0,242.0,230.0,239.5,239.5,2026-04-28,d1_close,2026,"[233.0, 231.0, 233.0, 232.5, 235.5, 235.0, 232.5, 232.5, 233.0, 233.5, 236.0, 237.0, 236.5, 237.0, 237.0, 238.0, 238.5, 239.0, 240.0, 238.0, 238.0, 239.5, 239.0, 239.0, 238.5, 237.5, 238.5, 238.5, 237.0, 237.0, 234.0, 235.5, 234.0, 233.5, 233.5, 235.0, 235.0, 237.0, 236.5, 236.5, 235.0, 235.0, 235.5, 235.5, 235.0, 235.0, 234.0, 234.0, 233.0, 233.5, 233.5, 234.0, 234.0, 232.0, 233.0, 233.0, 233.5, 234.0, 234.5, 232.0, 232.5, 231.5, 231.5, 231.5, 232.5, 232.5, 233.0, 233.0, 233.5, 233.5, 234.0, 234.0, 233.5, 234.5, 234.5, 234.0, 233.5, 233.5, 233.5, 233.0, 234.5, 234.0, 234.0, 234.0, 233.5, 233.5, 233.0, 233.0, 234.0, 234.5, 233.0, 234.0, 234.5, 234.0, 234.5, 234.0, 234.0, 234.0, 234.0, 234.0, 234.0, 234.0, 234.0, 234.0, 233.0, 233.5, 233.5, 233.5, 233.5, 234.0, 234.0, 234.0, 233.5, 234.0, 234.0, 234.0, 234.0, 235.0, 234.5, 233.5, 234.0, 234.0, 235.0, 235.0, 235.0, 234.5, 234.5, 234.5, 235.5, 235.5, 236.0, 236.0, 236.0, 235.5, 236.5, 237.0, 236.0, 236.0, 236.5, 236.0, 236.5, 237.0, 237.0, 236.5, 236.5, 237.0, 237.0, 237.0, 237.0, 237.0, 237.0, 236.5, 237.5, 237.5, 237.5, 237.0, 237.0, 237.0, 237.5, 238.0, 237.5, 237.5, 238.5, 238.5, 237.5, 237.5, 237.0, 237.0, 236.5, 237.0, 236.5, 236.5, 236.0, 236.0, 235.5, 236.0, 237.0, 237.0, 236.5, 237.0, 236.5, 236.5, 236.5, 236.0, 235.5, 235.0, 235.0, 235.5, 235.5, 236.0, 236.5, 236.5, 237.0, 237.5, 237.0, 237.5, 237.5, 237.5, 237.5, 237.5, 238.5, 238.0, 238.0, 239.0, 238.5, 238.5, 238.5, 238.5, 239.0, 239.5, 240.0, 240.0, 240.0, 240.0, 239.0, 239.5, 239.0, 238.5, 239.5, 239.5, 239.0, 239.5, 238.5, 238.5, 239.0, 238.5, 238.0, 238.5, 238.0, 238.0, 238.0, 238.0, 238.0, 238.0, 238.0, 239.0, 239.0, 239.0, 239.5, 240.5, 240.0, 240.5, 240.5, 241.5, 241.0, 241.0, 241.0, 240.5, 240.5, 241.0, 240.0, 239.5, 239.5, 240.0, 239.0, 239.0, 239.5, 239.5, 239.0, 239.0, 239.0, 238.5, 239.0, 239.5, 239.5, 239.5]",True,False,False,,2806.737513,5.044472697913107,False,0.0,0.0,0.0,0.0,15425.25,0.6700747748405741,17332.8,0.7529389836376527,"台灣摩根士丹利(44,792.10萬)／港商野村(29,884.95萬)／元大證券(29,366.85萬)",True,False,1
2026-04-27,2408,TSE,2026-04-28,117462.9,3.956744808848861,1,True,False,False,-1.279317697228145,3.411513859275053,False,3.532008830022075,226.5,234.5,242.5,231.5,237.5,237.5,2026-04-28,d1_close,2026,"[234.5, 232.0, 233.5, 235.5, 238.0, 239.5, 238.5, 237.5, 236.0, 236.5, 239.0, 237.5, 236.0, 236.0, 234.5, 237.0, 238.5, 239.0, 239.0, 239.5, 239.5, 238.5, 238.5, 240.5, 241.0, 241.5, 242.0, 242.0, 241.0, 241.5, 241.5, 241.5, 240.5, 240.0, 239.0, 237.5, 237.0, 238.0, 238.5, 239.5, 238.5, 239.5, 239.0, 238.5, 237.0, 238.0, 239.5, 241.0, 241.0, 240.0, 239.5, 239.0, 239.0, 237.5, 237.5, 238.0, 238.0, 237.5, 238.0, 236.0, 235.0, 235.5, 235.0, 235.5, 236.5, 236.5, 236.5, 236.0, 236.5, 236.5, 238.0, 237.5, 238.0, 238.5, 238.0, 237.0, 237.0, 236.5, 237.5, 237.5, 238.5, 238.0, 238.5, 238.0, 237.5, 237.0, 236.5, 236.5, 238.0, 237.0, 236.5, 237.0, 237.0, 237.5, 237.0, 237.5, 237.5, 238.5, 237.5, 237.5, 236.5, 235.5, 236.0, 235.0, 234.5, 236.0, 235.5, 235.5, 236.0, 235.5, 235.5, 236.5, 236.5, 236.5, 236.5, 235.5, 236.0, 235.5, 235.5, 236.0, 236.5, 236.5, 236.5, 236.0, 236.5, 236.5, 236.0, 235.0, 235.0, 236.0, 237.0, 237.0, 236.0, 237.0, 237.0, 238.0, 237.5, 238.5, 238.5, 238.0, 238.0, 237.5, 237.5, 237.0, 237.0, 237.0, 237.5, 237.5, 237.5, 237.5, 236.5, 235.5, 236.0, 236.0, 236.0, 236.0, 235.5, 236.0, 236.0, 236.0, 236.5, 236.5, 237.0, 237.0, 237.0, 236.5, 236.5, 236.5, 236.0, 236.0, 235.5, 234.5, 235.5, 235.5, 234.5, 234.5, 235.5, 236.5, 237.0, 237.0, 237.0, 237.0, 237.0, 237.0, 236.5, 237.0, 236.0, 236.5, 237.0, 236.5, 237.5, 237.0, 237.5, 237.5, 237.0, 237.0, 237.5, 238.0, 237.5, 237.5, 238.0, 237.5, 237.5, 238.0, 238.0, 237.5, 237.5, 237.5, 237.5, 237.5, 238.0, 238.0, 238.0, 238.0, 238.5, 238.5, 239.5, 239.5, 240.0, 239.5, 239.5, 239.5, 239.5, 239.5, 239.5, 239.5, 239.5, 239.5, 239.5, 238.5, 238.0, 238.0, 238.0, 238.0, 239.0, 238.5, 239.0, 239.0, 239.5, 239.0, 239.0, 238.5, 238.5, 238.5, 238.5, 239.0, 238.5, 238.5, 238.0, 238.0, 238.5, 238.0, 238.0, 238.0, 238.0, 237.5, 238.0, 238.0, 238.5, 239.0, 239.0, 238.5, 238.5, 238.0, 237.5, 237.5]",True,False,False,,7018.3921935,5.044472697913107,False,0.0,0.0,0.0,0.0,147179.7,4.957756993424586,117462.9,3.9567448088488613,"摩根大通(171,845.55萬)／台灣摩根士丹利(147,700.65萬)／富邦證券(147,179.70萬)",True,False,1
2026-04-27,5289,OTC,2026-04-28,35700.0,6.609604194794745,1,True,False,False,-6.967213114754098,6.967213114754098,False,2.5210084033613445,1190.0,1220.0,1305.0,1190.0,1305.0,1305.0,2026-04-28,d1_close,2026,"[1220.0, 1205.0, 1200.0, 1215.0, 1225.0, 1230.0, 1230.0, 1225.0, 1215.0, 1205.0, 1215.0, 1220.0, 1215.0, 1200.0, 1195.0, 1205.0, 1205.0, 1210.0, 1210.0, 1215.0, 1210.0, 1205.0, 1205.0, 1205.0, 1215.0, 1230.0, 1225.0, 1220.0, 1220.0, 1220.0, 1220.0, 1220.0, 1210.0, 1200.0, 1190.0, 1195.0, 1195.0, 1205.0, 1205.0, 1205.0, 1205.0, 1205.0, 1205.0, 1200.0, 1200.0, 1195.0, 1215.0, 1235.0, 1230.0, 1225.0, 1230.0, 1225.0, 1220.0, 1215.0, 1210.0, 1210.0, 1210.0, 1210.0, 1215.0, 1200.0, 1200.0, 1195.0, 1200.0, 1200.0, 1210.0, 1210.0, 1210.0, 1210.0, 1220.0, 1220.0, 1225.0, 1225.0, 1220.0, 1230.0, 1235.0, 1230.0, 1230.0, 1225.0, 1225.0, 1220.0, 1220.0, 1225.0, 1225.0, 1225.0, 1225.0, 1220.0, 1215.0, 1225.0, 1235.0, 1230.0, 1230.0, 1235.0, 1235.0, 1240.0, 1235.0, 1230.0, 1245.0, 1255.0, 1255.0, 1260.0, 1255.0, 1250.0, 1245.0, 1235.0, 1245.0, 1245.0, 1240.0, 1240.0, 1245.0, 1245.0, 1245.0, 1245.0, 1245.0, 1245.0, 1250.0, 1250.0, 1250.0, 1255.0, 1255.0, 1250.0, 1250.0, 1250.0, 1250.0, 1245.0, 1245.0, 1240.0, 1235.0, 1240.0, 1245.0, 1245.0, 1245.0, 1245.0, 1245.0, 1245.0, 1245.0, 1245.0, 1245.0, 1250.0, 1250.0, 1250.0, 1250.0, 1245.0, 1245.0, 1250.0, 1260.0, 1260.0, 1260.0, 1255.0, 1255.0, 1255.0, 1255.0, 1255.0, 1255.0, 1250.0, 1255.0, 1255.0, 1255.0, 1260.0, 1255.0, 1255.0, 1255.0, 1255.0, 1255.0, 1255.0, 1255.0, 1250.0, 1250.0, 1255.0, 1250.0, 1250.0, 1250.0, 1245.0, 1245.0, 1260.0, 1270.0, 1280.0, 1290.0, 1295.0, 1285.0, 1280.0, 1285.0, 1285.0, 1290.0, 1290.0, 1300.0, 1300.0, 1300.0, 1300.0, 1305.0, 1305.0, 1300.0, 1295.0, 1300.0, 1300.0, 1295.0, 1295.0, 1295.0, 1295.0, 1300.0, 1300.0, 1295.0, 1295.0, 1295.0, 1290.0, 1295.0, 1290.0, 1290.0, 1295.0, 1305.0, 1305.0, 1305.0, 1305.0, 1305.0, 1305.0, 1305.0, 1305.0, 1305.0, 1305.0, 1305.0, 1305.0, 1305.0, 1305.0, 1305.0, 1305.0, 1305.0, 1305.0, 1305.0, 1305.0, 1305.0, 1305.0, 1305.0, 1305.0, 1305.0, 1305.0, 1305.0, 1305.0, 1305.0, 1305.0, 1305.0, 1305.0, 1305.0, 1305.0, 1305.0, 1305.0, 1305.0, 1305.0, 1305.0, 1305.0, 1305.0, 1305.0, 1305.0, 1305.0, 1305.0, 1305.0]",True,False,False,,1142.88433,5.044472697913107,False,0.0,0.0,0.0,0.0,19278.0,3.5691862651891624,35700.0,6.609604194794745,"台新-台北(35,700.00萬)／摩根大通(27,489.00萬)／元大證券(23,562.00萬)",True,False,1
2026-04-27,8103,TSE,2026-04-28,2854.25,3.792505973118845,1,True,False,False,-4.489795918367347,4.489795918367347,False,5.150214592274678,116.5,122.5,128.0,120.0,128.0,128.0,2026-04-28,d1_close,2026,"[122.5, 122.5, 123.0, 124.5, 125.0, 123.5, 125.0, 124.0, 124.0, 123.5, 123.5, 124.0, 124.0, 124.5, 124.5, 125.0, 128.0, 128.0, 128.0, 128.0, 128.0, 128.0, 128.0, 128.0, 128.0, 128.0, 128.0, 128.0, 128.0, 128.0, 128.0, 128.0, 128.0, 128.0, 128.0, 128.0, 128.0, 128.0, 128.0, 128.0, 128.0, 128.0, 128.0, 128.0, 128.0, 128.0, 128.0, 128.0, 128.0, 128.0, 128.0, 128.0, 128.0, 128.0, 128.0, 128.0, 128.0, 128.0, 128.0, 128.0, 128.0, 128.0, 128.0, 128.0, 128.0, 128.0, 128.0, 128.0, 128.0, 126.5, 128.0, 128.0, 128.0, 128.0, 128.0, 128.0, 128.0, 128.0, 128.0, 126.5, 126.0, 125.0, 127.5, 127.0, 126.5, 124.5, 124.5, 125.0, 125.5, 125.0, 125.0, 125.0, 126.0, 126.5, 126.5, 126.5, 126.0, 125.5, 126.5, 127.0, 127.0, 127.0, 127.0, 127.0, 126.5, 126.0, 126.5, 126.0, 126.5, 126.0, 126.5, 126.5, 126.5, 126.0, 126.5, 126.5, 126.0, 126.5, 126.5, 126.5, 126.0, 126.5, 126.0, 126.5, 126.5, 126.5, 126.5, 126.5, 126.5, 126.0, 127.0, 127.0, 126.5, 127.0, 126.5, 126.5, 126.5, 128.0, 127.5, 128.0, 128.0, 127.5, 128.0, 127.0, 127.0, 127.0, 127.0, 127.0, 127.5, 127.5, 127.5, 127.5, 126.5, 126.5, 127.0, 127.0, 127.0, 127.5, 127.5, 128.0, 128.0, 128.0, 128.0, 128.0, 128.0, 128.0, 128.0, 128.0, 128.0, 128.0, 127.5, 128.0, 128.0, 128.0, 128.0, 128.0, 128.0, 128.0, 128.0, 128.0, 128.0, 128.0, 128.0, 128.0, 127.5, 128.0, 128.0, 128.0, 128.0, 128.0, 128.0, 128.0, 128.0, 128.0, 128.0, 128.0, 128.0, 128.0, 128.0, 128.0, 128.0, 128.0, 128.0, 128.0, 128.0, 128.0, 128.0, 128.0, 128.0, 128.0, 128.0, 128.0, 128.0, 128.0, 128.0, 128.0]",True,False,False,,91.3787555,5.044472697913107,False,0.0,0.0,0.0,0.0,0.0,0.0,2854.25,3.7925059731188453,"元大證券(4,671.65萬)／台灣摩根士丹利(4,531.85萬)／新光(3,355.20萬)",True,False,0
2026-04-27,8155,OTC,2026-04-28,5122.95,1.6144973385358277,1,True,False,False,3.747072599531616,0.234192037470726,True,2.5210084033613445,416.5,427.0,428.0,402.5,411.0,411.0,2026-04-28,d1_close,2026,"[416.0, 412.5, 407.5, 417.5, 413.0, 410.0, 408.0, 403.0, 406.0, 412.0, 412.5, 416.0, 417.5, 419.0, 419.0, 423.0, 419.5, 417.0, 412.0, 418.0, 416.0, 418.0, 418.0, 416.0, 415.5, 415.0, 414.0, 416.0, 415.0, 412.5, 413.0, 413.0, 413.0, 408.0, 413.5, 411.5, 413.0, 414.5, 416.5, 415.5, 414.5, 412.0, 413.5, 412.0, 412.5, 411.0, 411.5, 410.0, 408.5, 409.5, 410.5, 410.0, 409.5, 410.5, 410.5, 410.5, 410.5, 410.5, 409.5, 409.0, 407.5, 408.5, 409.0, 409.0, 410.0, 410.0, 409.0, 409.5, 410.0, 410.0, 409.5, 409.0, 409.5, 409.0, 411.0, 411.5, 411.5, 412.5, 413.5, 414.0, 413.5, 414.5, 412.0, 414.5, 416.0, 415.5, 417.0, 416.5, 416.5, 416.0, 415.0, 417.0, 417.0, 418.0, 418.0, 418.5, 418.5, 417.0, 417.0, 416.5, 416.0, 415.5, 416.0, 417.0, 417.0, 416.5, 416.5, 416.5, 416.5, 416.5, 415.5, 415.5, 414.0, 413.5, 413.5, 414.5, 414.0, 415.0, 416.0, 415.5, 414.0, 413.5, 413.0, 412.5, 412.0, 412.0, 412.0, 412.5, 412.5, 413.0, 413.5, 411.5, 412.0, 412.0, 410.5, 411.0, 412.0, 412.0, 413.0, 413.0, 413.0, 412.0, 412.0, 411.5, 411.5, 412.0, 411.5, 412.5, 413.0, 414.0, 413.5, 413.0, 413.0, 413.0, 413.5, 413.5, 413.0, 412.0, 412.0, 411.5, 411.5, 412.0, 411.5, 412.0, 411.5, 411.0, 411.0, 410.5, 410.0, 411.0, 411.0, 412.0, 411.5, 411.5, 412.5, 412.0, 413.0, 412.0, 412.0, 411.5, 412.5, 412.5, 413.0, 413.0, 413.5, 414.0, 414.0, 413.5, 413.5, 414.0, 414.0, 415.0, 415.0, 415.5, 415.5, 415.0, 414.0, 414.0, 414.0, 414.5, 413.5, 414.5, 415.0, 415.0, 415.0, 414.0, 413.5, 414.0, 414.0, 413.5, 415.0, 415.0, 415.5, 415.0, 414.5, 414.5, 414.5, 415.0, 415.0, 414.5, 414.5, 414.5, 413.5, 413.5, 413.0, 412.5, 413.0, 413.0, 412.0, 412.0, 412.0, 412.5, 412.0, 412.0, 413.5, 414.0, 414.0, 413.5, 413.0, 413.0, 413.0, 413.5, 413.5, 413.0, 412.5, 411.5, 412.0, 412.5, 412.5, 412.0, 411.0]",True,False,False,,238.957712,5.044472697913107,False,3207.05,1.0107015859126725,6539.05,2.0607811556920725,21907.9,6.904273171299555,5122.95,1.6144973385358277,"富邦證券(21,907.90萬)／國票-安和(10,870.65萬)／統一(7,705.25萬)",True,False,3
2026-04-28,1736,TSE,2026-04-29,469.0,1.1102809728874663,2,True,False,False,4.814814814814815,3.333333333333333,True,0.7462686567164178,134.0,135.0,139.5,128.0,128.5,128.5,2026-04-29,d1_close,2026,"[134.5, 136.5, 137.5, 139.5, 139.0, 138.0, 138.0, 136.0, 136.0, 135.5, 136.5, 136.0, 135.5, 135.5, 135.0, 135.0, 136.0, 136.5, 137.5, 138.5, 138.0, 137.5, 137.5, 136.0, 136.0, 136.0, 137.5, 136.5, 136.5, 135.5, 135.0, 137.5, 136.5, 136.0, 135.5, 135.5, 135.0, 134.0, 134.0, 133.5, 134.0, 134.0, 134.0, 134.0, 135.0, 134.0, 133.0, 132.5, 133.0, 133.0, 133.0, 132.5, 132.5, 131.5, 131.5, 132.0, 132.5, 132.0, 132.0, 132.0, 132.0, 132.0, 132.0, 132.0, 132.0, 133.0, 132.5, 132.5, 133.0, 133.0, 132.5, 133.0, 133.5, 133.5, 133.5, 133.5, 134.0, 134.5, 134.0, 134.0, 133.5, 133.5, 133.5, 133.0, 133.0, 133.0, 132.5, 132.0, 132.0, 132.5, 131.5, 131.5, 131.5, 132.0, 131.5, 131.5, 132.0, 132.0, 132.0, 131.5, 131.5, 131.0, 131.5, 131.0, 131.5, 131.5, 131.5, 131.5, 131.5, 131.0, 130.5, 130.5, 130.5, 130.0, 130.5, 131.5, 131.0, 131.5, 132.0, 132.0, 131.5, 132.0, 131.5, 132.0, 131.5, 131.5, 131.5, 131.5, 132.0, 132.0, 131.5, 131.5, 132.0, 132.0, 132.5, 132.5, 133.0, 133.5, 132.5, 133.0, 133.0, 133.0, 133.0, 132.5, 132.0, 132.0, 131.5, 133.0, 133.0, 132.5, 132.5, 132.0, 132.0, 132.0, 131.5, 131.5, 131.5, 131.0, 132.0, 131.5, 131.0, 131.0, 131.0, 131.0, 131.0, 130.5, 131.0, 131.5, 131.5, 131.5, 131.0, 131.5, 130.5, 130.5, 131.0, 131.0, 131.0, 131.0, 130.5, 131.0, 131.0, 130.5, 130.5, 130.5, 130.5, 129.5, 130.0, 130.0, 129.5, 128.5, 128.0, 128.5, 128.5, 129.0, 128.5]",True,False,False,,406.548764,1.513726356453755,False,0.0,0.0,0.0,0.0,0.0,0.0,469.0,1.1102809728874665,"台灣摩根士丹利(6,552.60萬)／美林(3,108.80萬)／國泰-館前(1,045.20萬)",True,False,0
2026-04-28,5475,OTC,2026-04-29,813.6,1.6844087535841046,1,True,False,False,-5.014749262536873,7.669616519174041,False,0.0,339.0,339.0,365.0,339.0,356.0,356.0,2026-04-29,d1_close,2026,"[339.0, 345.0, 353.5, 354.5, 356.5, 357.0, 360.0, 363.0, 363.5, 364.5, 365.0, 364.5, 363.0, 359.5, 357.0, 355.0, 353.0, 350.5, 345.0, 350.0, 354.0, 355.0, 354.5, 353.5, 345.5, 350.0, 351.5, 351.5, 352.0, 351.5, 351.5, 350.0, 352.5, 353.0, 353.0, 353.0, 353.0, 353.5, 353.5, 354.0, 354.5, 354.5, 360.0, 359.5, 359.0, 358.5, 358.0, 357.5, 357.0, 357.0, 356.0, 356.0, 356.0, 356.0]",True,True,True,5分鐘,430.96053,1.513726356453755,False,0.0,0.0,0.0,0.0,0.0,0.0,813.6,1.6844087535841046,"元大-和平(4,576.50萬)／台新(1,423.80萬)／富邦-南京(1,152.60萬)",True,False,0
2026-04-28,8996,TSE,2026-04-29,2937.5,1.7338909211730098,1,True,False,False,4.201680672268908,4.201680672268908,True,1.276595744680851,1175.0,1190.0,1240.0,1135.0,1140.0,1140.0,2026-04-29,d1_close,2026,"[1195.0, 1215.0, 1230.0, 1235.0, 1195.0, 1195.0, 1140.0, 1155.0, 1165.0, 1175.0, 1175.0, 1180.0, 1190.0, 1195.0, 1195.0, 1195.0, 1175.0, 1175.0, 1185.0, 1185.0, 1185.0, 1180.0, 1165.0, 1170.0, 1180.0, 1180.0, 1175.0, 1170.0, 1165.0, 1165.0, 1175.0, 1180.0, 1170.0, 1170.0, 1180.0, 1180.0, 1170.0, 1165.0, 1175.0, 1180.0, 1190.0, 1180.0, 1180.0, 1180.0, 1180.0, 1180.0, 1180.0, 1180.0, 1180.0, 1180.0, 1175.0, 1175.0, 1180.0, 1175.0, 1170.0, 1180.0, 1175.0, 1180.0, 1185.0, 1180.0, 1180.0, 1180.0, 1175.0, 1175.0, 1175.0, 1175.0, 1175.0, 1175.0, 1170.0, 1170.0, 1165.0, 1170.0, 1170.0, 1170.0, 1170.0, 1155.0, 1165.0, 1160.0, 1160.0, 1170.0, 1180.0, 1185.0, 1195.0, 1190.0, 1195.0, 1190.0, 1190.0, 1185.0, 1185.0, 1180.0, 1180.0, 1185.0, 1190.0, 1180.0, 1185.0, 1180.0, 1185.0, 1180.0, 1180.0, 1180.0, 1185.0, 1185.0, 1180.0, 1180.0, 1185.0, 1190.0, 1195.0, 1195.0, 1200.0, 1190.0, 1195.0, 1190.0, 1195.0, 1190.0, 1190.0, 1195.0, 1195.0, 1200.0, 1200.0, 1200.0, 1205.0, 1205.0, 1205.0, 1205.0, 1210.0, 1210.0, 1210.0, 1205.0, 1200.0, 1205.0, 1200.0, 1195.0, 1195.0, 1195.0, 1190.0, 1195.0, 1200.0, 1195.0, 1190.0, 1190.0, 1190.0, 1185.0, 1185.0, 1190.0, 1190.0, 1190.0, 1190.0, 1190.0, 1190.0, 1185.0, 1190.0, 1185.0, 1185.0, 1190.0, 1190.0, 1190.0, 1195.0, 1195.0, 1190.0, 1190.0, 1190.0, 1190.0, 1190.0, 1190.0, 1190.0, 1190.0, 1195.0, 1190.0, 1190.0, 1190.0, 1190.0, 1190.0, 1190.0, 1185.0, 1190.0, 1190.0, 1190.0, 1195.0, 1190.0, 1190.0, 1185.0, 1190.0, 1190.0, 1190.0, 1190.0, 1190.0, 1190.0, 1190.0, 1190.0, 1185.0, 1185.0, 1175.0, 1185.0, 1180.0, 1185.0, 1180.0, 1175.0, 1175.0, 1175.0, 1180.0, 1175.0, 1170.0, 1175.0, 1170.0, 1170.0, 1175.0, 1175.0, 1170.0, 1175.0, 1175.0, 1165.0, 1170.0, 1165.0, 1165.0, 1165.0, 1165.0, 1165.0, 1165.0, 1160.0, 1165.0, 1165.0, 1160.0, 1165.0, 1165.0, 1165.0, 1160.0, 1160.0, 1160.0, 1155.0, 1155.0, 1150.0, 1155.0, 1155.0, 1155.0, 1155.0, 1150.0, 1150.0, 1150.0, 1145.0, 1145.0, 1145.0, 1145.0, 1155.0, 1155.0, 1160.0, 1150.0, 1150.0, 1150.0, 1145.0, 1150.0, 1145.0, 1145.0, 1145.0, 1140.0, 1140.0, 1140.0, 1140.0, 1140.0]",True,True,False,,1086.674075,1.513726356453755,False,0.0,0.0,0.0,0.0,-10575.0,-6.2420073162228356,2937.5,1.7338909211730098,"元大證券(21,032.50萬)／花旗環球(13,160.00萬)／新加坡商瑞銀(8,577.50萬)",True,False,1
2026-05-04,3163,OTC,2026-05-05,81198.5,12.42442059134172,2,True,False,False,3.1746031746031744,3.1746031746031744,True,0.398406374501992,1255.0,1260.0,1300.0,1205.0,1220.0,1220.0,2026-05-05,d1_close,2026,"[1290.0, 1270.0, 1285.0, 1275.0, 1280.0, 1295.0, 1275.0, 1255.0, 1280.0, 1280.0, 1260.0, 1250.0, 1260.0, 1245.0, 1255.0, 1255.0, 1260.0, 1260.0, 1270.0, 1260.0, 1255.0, 1255.0, 1255.0, 1250.0, 1240.0, 1250.0, 1255.0, 1265.0, 1265.0, 1260.0, 1250.0, 1240.0, 1255.0, 1255.0, 1255.0, 1260.0, 1255.0, 1255.0, 1255.0, 1255.0, 1250.0, 1250.0, 1235.0, 1235.0, 1225.0, 1230.0, 1230.0, 1225.0, 1235.0, 1235.0, 1245.0, 1245.0, 1250.0, 1245.0, 1245.0, 1250.0, 1250.0, 1250.0, 1240.0, 1250.0, 1240.0, 1250.0, 1255.0, 1255.0, 1250.0, 1250.0, 1250.0, 1250.0, 1250.0, 1255.0, 1255.0, 1255.0, 1255.0, 1250.0, 1255.0, 1260.0, 1265.0, 1265.0, 1260.0, 1260.0, 1255.0, 1255.0, 1255.0, 1250.0, 1255.0, 1255.0, 1260.0, 1255.0, 1250.0, 1250.0, 1250.0, 1255.0, 1255.0, 1245.0, 1240.0, 1240.0, 1245.0, 1245.0, 1255.0, 1255.0, 1260.0, 1260.0, 1260.0, 1275.0, 1265.0, 1265.0, 1265.0, 1260.0, 1260.0, 1260.0, 1255.0, 1260.0, 1260.0, 1255.0, 1260.0, 1260.0, 1255.0, 1245.0, 1250.0, 1250.0, 1250.0, 1245.0, 1240.0, 1235.0, 1235.0, 1230.0, 1230.0, 1225.0, 1225.0, 1230.0, 1230.0, 1230.0, 1230.0, 1230.0, 1225.0, 1225.0, 1230.0, 1230.0, 1225.0, 1210.0, 1210.0, 1210.0, 1215.0, 1220.0, 1225.0, 1225.0, 1220.0, 1230.0, 1230.0, 1230.0, 1230.0, 1230.0, 1230.0, 1235.0, 1235.0, 1235.0, 1235.0, 1235.0, 1230.0, 1235.0, 1240.0, 1240.0, 1240.0, 1240.0, 1240.0, 1240.0, 1240.0, 1250.0, 1250.0, 1255.0, 1255.0, 1255.0, 1245.0, 1245.0, 1245.0, 1245.0, 1240.0, 1240.0, 1235.0, 1235.0, 1235.0, 1230.0, 1235.0, 1235.0, 1235.0, 1235.0, 1235.0, 1235.0, 1235.0, 1235.0, 1235.0, 1230.0, 1225.0, 1220.0, 1225.0, 1225.0, 1225.0, 1225.0, 1225.0, 1225.0, 1220.0, 1225.0, 1225.0, 1220.0, 1220.0, 1220.0, 1225.0, 1225.0, 1220.0, 1220.0, 1220.0, 1235.0, 1235.0, 1240.0, 1235.0, 1235.0, 1230.0, 1230.0, 1230.0, 1230.0, 1235.0, 1235.0, 1235.0, 1235.0, 1235.0, 1235.0, 1240.0, 1235.0, 1235.0, 1235.0, 1235.0, 1240.0, 1240.0, 1235.0, 1230.0, 1235.0, 1230.0, 1225.0, 1225.0, 1220.0, 1220.0, 1220.0, 1225.0, 1220.0, 1215.0, 1215.0, 1220.0, 1215.0, 1215.0, 1215.0, 1220.0, 1220.0, 1220.0, 1220.0, 1225.0, 1220.0, 1220.0]",True,False,False,,1010.785785,3.5661963947231143,False,7530.0,1.1521873809590466,0.0,0.0,4392.5,0.6721093055594439,81198.5,12.42442059134172,"台新-台北(81,198.50萬)／兆豐證券(37,650.00萬)／台新-西松(24,974.50萬)",True,False,2
2026-05-04,3443,TSE,2026-05-05,95105.5,12.937974570681732,1,True,False,False,-2.872340425531915,4.893617021276596,False,0.3201707577374599,4685.0,4700.0,4930.0,4570.0,4835.0,4835.0,2026-05-05,d1_close,2026,"[4710.0, 4645.0, 4625.0, 4665.0, 4665.0, 4670.0, 4690.0, 4710.0, 4675.0, 4685.0, 4640.0, 4630.0, 4625.0, 4620.0, 4645.0, 4660.0, 4670.0, 4640.0, 4640.0, 4655.0, 4650.0, 4645.0, 4640.0, 4645.0, 4625.0, 4610.0, 4600.0, 4590.0, 4575.0, 4600.0, 4575.0, 4635.0, 4635.0, 4650.0, 4680.0, 4680.0, 4690.0, 4685.0, 4670.0, 4670.0, 4685.0, 4685.0, 4670.0, 4685.0, 4685.0, 4705.0, 4705.0, 4700.0, 4705.0, 4705.0, 4705.0, 4750.0, 4760.0, 4775.0, 4760.0, 4780.0, 4780.0, 4775.0, 4790.0, 4785.0, 4785.0, 4780.0, 4755.0, 4750.0, 4730.0, 4715.0, 4715.0, 4715.0, 4705.0, 4685.0, 4690.0, 4700.0, 4705.0, 4720.0, 4720.0, 4715.0, 4725.0, 4745.0, 4745.0, 4725.0, 4720.0, 4720.0, 4730.0, 4730.0, 4735.0, 4735.0, 4725.0, 4725.0, 4715.0, 4715.0, 4715.0, 4720.0, 4720.0, 4710.0, 4710.0, 4710.0, 4710.0, 4725.0, 4715.0, 4730.0, 4745.0, 4750.0, 4740.0, 4740.0, 4760.0, 4765.0, 4765.0, 4765.0, 4770.0, 4780.0, 4770.0, 4790.0, 4790.0, 4775.0, 4780.0, 4790.0, 4790.0, 4800.0, 4825.0, 4845.0, 4840.0, 4825.0, 4825.0, 4845.0, 4830.0, 4830.0, 4785.0, 4800.0, 4800.0, 4810.0, 4780.0, 4780.0, 4780.0, 4785.0, 4785.0, 4800.0, 4815.0, 4815.0, 4815.0, 4830.0, 4830.0, 4840.0, 4825.0, 4830.0, 4830.0, 4840.0, 4835.0, 4835.0, 4820.0, 4795.0, 4800.0, 4785.0, 4780.0, 4785.0, 4800.0, 4800.0, 4785.0, 4785.0, 4795.0, 4805.0, 4785.0, 4795.0, 4810.0, 4820.0, 4815.0, 4825.0, 4830.0, 4830.0, 4825.0, 4825.0, 4825.0, 4830.0, 4835.0, 4840.0, 4855.0, 4870.0, 4880.0, 4880.0, 4885.0, 4865.0, 4860.0, 4875.0, 4865.0, 4885.0, 4885.0, 4880.0, 4915.0, 4925.0, 4925.0, 4920.0, 4915.0, 4925.0, 4925.0, 4910.0, 4910.0, 4905.0, 4920.0, 4900.0, 4915.0, 4900.0, 4885.0, 4890.0, 4890.0, 4890.0, 4890.0, 4895.0, 4890.0, 4910.0, 4905.0, 4920.0, 4905.0, 4895.0, 4905.0, 4885.0, 4890.0, 4895.0, 4890.0, 4895.0, 4895.0, 4905.0, 4905.0, 4900.0, 4905.0, 4905.0, 4915.0, 4895.0, 4900.0, 4890.0, 4890.0, 4890.0, 4900.0, 4910.0, 4905.0, 4910.0, 4915.0, 4920.0, 4920.0, 4900.0, 4890.0, 4895.0, 4895.0, 4890.0, 4885.0, 4890.0, 4875.0, 4875.0, 4880.0, 4875.0, 4860.0, 4865.0, 4875.0, 4855.0, 4870.0, 4850.0, 4845.0, 4835.0]",True,False,False,,6278.457515,3.5661963947231143,False,0.0,0.0,0.0,0.0,0.0,0.0,95105.5,12.937974570681732,"台新-台北(95,105.50萬)／元大證券(41,228.00萬)／群益金鼎-大安(40,291.00萬)",True,False,0
2026-05-04,3498,OTC,2026-05-05,983.28,1.3588731051408829,2,True,False,False,-2.538071065989848,7.106598984771575,False,2.178423236514517,96.4,98.5,105.5,98.1,101.0,101.0,2026-05-05,d1_close,2026,"[101.5, 103.0, 102.5, 102.5, 101.5, 101.5, 101.5, 101.5, 100.5, 99.2, 101.5, 102.0, 103.0, 105.5, 104.5, 104.0, 104.0, 104.0, 104.5, 104.5, 104.5, 103.5, 103.5, 103.0, 102.5, 102.5, 101.0, 100.5, 100.5, 101.0, 101.0, 102.0, 101.5, 101.5, 102.5, 104.0, 104.0, 104.0, 103.5, 103.0, 103.0, 103.0, 103.0, 103.0, 103.0, 103.0, 102.5, 102.5, 102.5, 102.5, 102.5, 103.0, 103.0, 103.0, 101.5, 101.5, 101.5, 101.5, 101.0, 101.5, 101.5, 102.0, 102.5, 103.0, 103.0, 104.0, 104.0, 104.5, 104.5, 104.5, 104.0, 104.0, 103.5, 103.5, 103.5, 104.0, 104.0, 104.5, 104.5, 104.5, 105.0, 104.5, 104.5, 104.0, 104.0, 104.0, 103.5, 103.0, 103.0, 102.5, 102.5, 102.5, 102.5, 103.0, 103.0, 103.0, 103.0, 103.0, 103.0, 103.5, 103.5, 103.5, 102.5, 102.5, 102.5, 102.5, 102.0, 102.0, 102.5, 102.5, 102.5, 102.5, 102.0, 102.5, 102.0, 102.5, 102.0, 101.5, 101.5, 101.5, 102.0, 102.0, 102.0, 102.0, 102.5, 102.5, 102.0, 101.5, 101.5, 101.5, 101.5, 102.0, 102.0, 101.5, 101.5, 101.5, 101.5, 101.5, 101.5, 102.0, 102.0, 102.5, 101.5, 103.0, 103.0, 103.5, 103.0, 102.0, 101.5, 102.0, 102.5, 102.0, 101.5, 101.0, 101.0, 101.5, 101.0, 101.5, 101.5, 101.0, 101.0, 102.0, 102.5, 102.5, 102.5, 102.5, 102.5, 103.0, 102.5, 102.5, 102.5, 102.5, 102.5, 102.5, 102.5, 102.5, 102.5, 102.0, 102.0, 102.5, 102.0, 102.0, 102.0, 102.0, 102.5, 102.5, 102.0, 102.0, 102.0, 101.5, 102.0, 102.0, 102.0, 102.0, 102.0, 102.0, 101.5, 102.0, 102.0, 102.0, 101.5, 101.5, 101.5, 101.5, 101.5, 101.5, 101.5, 101.5, 101.5, 101.5, 101.5, 101.5, 102.0, 102.0, 102.0, 101.5, 101.5, 101.5, 102.0, 102.0, 102.0, 101.5, 101.5, 101.5, 102.0, 102.0, 101.5, 101.5, 101.5, 101.5, 101.5, 101.5, 101.5, 101.5, 101.0, 101.5, 101.5, 101.5, 101.5, 101.0, 101.0, 101.5, 102.0, 101.5, 101.5, 101.5, 102.0, 101.0]",True,False,False,,59.067172,3.5661963947231143,False,0.0,0.0,0.0,0.0,0.0,0.0,983.2800000000001,1.3588731051408829,"富邦-南京(2,072.60萬)／摩根大通(1,580.96萬)／元大-竹科(1,417.08萬)",True,False,0
2026-05-04,3526,OTC,2026-05-05,2250.6,2.6997902775417875,1,True,False,False,2.351313969571231,2.7662517289073305,True,-0.4132231404958678,363.0,361.5,371.5,343.0,353.0,353.0,2026-05-05,d1_close,2026,"[362.0, 363.0, 366.0, 367.5, 365.5, 365.0, 366.0, 367.5, 370.5, 370.5, 369.0, 367.5, 367.5, 367.0, 366.5, 365.5, 364.0, 363.0, 363.5, 362.5, 361.5, 361.0, 365.0, 364.5, 364.0, 365.0, 364.5, 364.0, 360.0, 358.5, 360.0, 360.5, 358.0, 357.0, 358.0, 357.0, 358.0, 358.0, 357.5, 357.0, 356.0, 355.5, 353.5, 353.0, 351.0, 353.0, 353.0, 353.5, 353.5, 353.0, 353.0, 352.5, 352.5, 352.0, 351.5, 351.5, 355.0, 356.5, 355.0, 354.5, 355.5, 355.5, 357.0, 357.0, 353.0, 352.5, 352.5, 355.5, 355.0, 355.0, 355.0, 355.5, 355.0, 355.0, 357.0, 356.0, 355.0, 355.5, 355.5, 354.5, 356.0, 356.0, 356.5, 357.0, 357.0, 355.0, 355.0, 355.0, 354.5, 354.5, 354.5, 354.5, 355.0, 355.0, 355.5, 355.0, 354.0, 353.5, 352.5, 352.5, 352.5, 352.0, 351.5, 351.0, 351.5, 352.0, 352.5, 351.5, 351.5, 350.5, 350.5, 350.5, 350.5, 350.0, 350.5, 350.0, 350.0, 350.0, 350.0, 350.5, 350.0, 350.0, 350.0, 350.0, 349.5, 349.5, 348.0, 347.5, 346.0, 343.5, 345.0, 345.5, 346.0, 346.0, 345.0, 345.5, 346.0, 347.0, 347.0, 346.5, 346.0, 347.0, 347.5, 346.0, 345.0, 345.0, 346.0, 345.5, 345.5, 344.5, 344.5, 345.5, 345.5, 345.5, 346.0, 346.5, 346.5, 347.0, 346.5, 347.0, 347.0, 347.0, 346.0, 346.0, 345.5, 346.0, 346.5, 346.5, 346.5, 347.0, 347.0, 347.0, 347.0, 347.0, 346.5, 346.5, 347.0, 347.0, 347.0, 347.0, 347.0, 347.5, 352.0, 352.0, 352.0, 352.0, 352.5, 352.0, 352.0, 354.5, 353.0, 353.0, 353.0, 353.0, 354.0, 353.0, 352.5, 355.5, 354.5, 355.0, 354.0, 353.5, 353.0, 352.5, 354.5, 353.5, 353.0, 352.0, 351.5, 352.0, 351.0, 350.5, 355.5, 355.5, 355.5, 356.0, 355.5, 355.5, 355.5, 355.0, 355.5, 355.5, 355.0, 355.0, 354.5, 354.5, 354.0, 353.5, 353.0, 352.5, 353.0, 353.0, 354.0, 352.5, 353.5, 353.0, 353.0]",True,False,False,,238.206045,3.5661963947231143,False,7332.6,8.796090904249048,0.0,0.0,0.0,0.0,2250.6,2.6997902775417875,"凱基-城中(7,332.60萬)／凱基(5,808.00萬)／富邦-新店(3,630.00萬)",True,False,1
2026-05-04,6147,OTC,2026-05-05,35656.8,9.519692537574883,1,True,False,False,0.8379888268156425,8.100558659217876,True,0.0,179.0,179.0,193.5,176.0,177.5,177.5,2026-05-05,d1_close,2026,"[179.0, 181.5, 184.5, 183.5, 185.0, 187.0, 186.5, 188.0, 189.0, 191.5, 186.5, 189.0, 190.0, 190.5, 190.0, 189.0, 191.0, 190.0, 190.5, 192.0, 193.0, 191.5, 189.5, 192.0, 190.5, 188.5, 188.5, 186.0, 184.0, 184.5, 185.5, 186.5, 186.5, 184.5, 185.0, 184.5, 185.0, 182.5, 184.0, 183.0, 184.0, 183.5, 183.0, 182.5, 181.0, 181.0, 179.5, 179.0, 179.0, 180.0, 181.0, 181.0, 180.0, 178.5, 177.0, 180.0, 181.5, 181.5, 181.0, 181.0, 179.5, 180.0, 180.0, 179.5, 180.0, 180.5, 180.0, 180.0, 180.5, 181.0, 180.5, 179.0, 180.0, 179.0, 179.5, 179.5, 180.5, 179.5, 179.5, 180.0, 179.5, 179.5, 179.5, 178.5, 179.0, 179.0, 179.5, 179.0, 180.5, 180.5, 180.5, 179.5, 179.5, 180.0, 180.0, 179.5, 179.0, 178.5, 179.5, 180.0, 179.5, 179.5, 179.5, 179.5, 179.5, 178.5, 179.0, 178.0, 179.0, 179.5, 178.5, 179.0, 178.5, 178.5, 178.0, 178.5, 178.0, 178.5, 178.5, 178.5, 178.5, 178.0, 179.0, 179.0, 178.5, 177.5, 177.5, 178.0, 178.0, 178.5, 178.0, 178.0, 178.0, 178.0, 180.0, 180.0, 180.0, 180.0, 180.0, 179.5, 179.5, 179.5, 179.5, 179.5, 179.5, 179.5, 179.0, 179.0, 179.0, 178.5, 178.5, 178.5, 178.5, 179.0, 178.5, 180.0, 179.5, 179.5, 178.5, 179.0, 179.5, 179.0, 179.5, 179.0, 179.0, 179.0, 178.5, 179.0, 179.0, 179.0, 179.0, 178.5, 177.5, 177.5, 178.0, 178.0, 178.0, 178.5, 178.0, 179.0, 178.5, 178.5, 179.0, 179.0, 179.0, 178.5, 178.5, 178.0, 177.5, 177.5, 178.0, 178.0, 178.0, 178.0, 178.0, 178.5, 178.5, 178.5, 178.5, 178.5, 178.0, 178.0, 178.0, 178.5, 178.5, 178.5, 178.5, 178.0, 178.5, 178.5, 178.5, 178.5, 179.0, 179.0, 179.0, 179.0, 179.0, 179.0, 179.0, 178.5, 179.0, 178.5, 178.0, 178.5, 178.0, 178.0, 178.0, 178.0, 178.0, 178.0, 178.0, 178.5, 178.5, 178.0, 178.0, 178.0, 178.0, 177.5, 177.5, 177.0, 178.5, 178.5, 179.0, 178.5, 178.5, 179.5, 179.5, 179.5, 179.0, 179.0, 179.5, 179.0, 179.0, 179.5, 179.0, 179.5, 179.0, 179.0, 179.0, 179.0, 178.5, 178.0, 178.5, 177.5]",True,False,False,,1332.822365,3.5661963947231143,False,0.0,0.0,0.0,0.0,6676.7,1.7825528697366626,35656.8,9.519692537574885,"凱基-信義(41,134.20萬)／台新-台北(35,656.80萬)／美商高盛(17,094.50萬)",True,False,1
2026-05-04,6531,TSE,2026-05-05,2679.6,1.2529937290380644,1,True,False,False,-0.5376344086021506,6.451612903225806,False,0.6493506493506493,924.0,930.0,990.0,924.0,935.0,935.0,2026-05-05,d1_close,2026,"[930.0, 960.0, 967.0, 943.0, 935.0, 940.0, 939.0, 924.0, 930.0, 935.0, 937.0, 937.0, 938.0, 939.0, 946.0, 950.0, 950.0, 950.0, 950.0, 952.0, 956.0, 960.0, 967.0, 980.0, 990.0, 987.0, 980.0, 980.0, 985.0, 985.0, 984.0, 982.0, 970.0, 975.0, 976.0, 965.0, 950.0, 945.0, 950.0, 941.0, 940.0, 941.0, 945.0, 944.0, 942.0, 944.0, 943.0, 943.0, 941.0, 940.0, 938.0, 935.0, 936.0, 935.0]",True,True,True,5分鐘,1503.832176,3.5661963947231143,False,0.0,0.0,0.0,0.0,24301.2,11.363356921965897,2679.6,1.2529937290380644,"富邦-仁愛(31,323.60萬)／富邦證券(24,301.20萬)／國泰證券(9,517.20萬)",True,False,1
2026-05-06,2303,TSE,2026-05-07,180240.8,7.779924538850688,1,True,False,False,0.92402464065709,1.4373716632443445,True,6.564551422319474,91.4,97.4,98.8,93.0,96.5,96.5,2026-05-07,d1_close,2026,"[95.3, 95.3, 94.0, 95.0, 93.2, 93.9, 94.5, 94.4, 94.8, 95.2, 95.2, 95.2, 95.7, 95.6, 95.9, 95.8, 95.7, 96.4, 96.9, 97.2, 97.4, 97.0, 96.9, 96.8, 97.6, 97.2, 97.1, 97.7, 98.2, 97.4, 97.3, 97.4, 97.2, 97.2, 97.2, 97.5, 97.3, 97.1, 97.2, 97.6, 97.3, 97.1, 97.1, 97.8, 98.2, 97.8, 98.8, 98.5, 98.6, 98.1, 98.0, 98.4, 98.4, 98.5, 98.2, 98.5, 97.8, 97.8, 97.5, 97.7, 98.0, 97.8, 97.6, 97.5, 97.7, 97.3, 97.2, 97.5, 97.6, 97.5, 97.3, 97.2, 97.3, 97.0, 97.3, 97.3, 97.0, 96.9, 96.9, 96.9, 97.0, 97.3, 97.2, 97.4, 97.5, 97.6, 97.6, 97.5, 97.5, 97.4, 97.3, 97.4, 97.5, 97.6, 97.5, 97.4, 97.2, 97.0, 96.9, 96.9, 97.0, 95.7, 95.7, 96.0, 95.9, 95.6, 95.5, 95.5, 95.7, 95.8, 95.8, 95.7, 95.8, 95.7, 95.8, 95.8, 95.7, 95.7, 95.6, 95.1, 95.0, 96.2, 96.2, 96.3, 96.3, 96.2, 96.1, 96.2, 96.1, 96.2, 96.1, 95.9, 96.0, 96.1, 95.6, 96.0, 96.0, 96.3, 96.3, 96.3, 96.2, 96.3, 96.2, 95.9, 95.9, 95.9, 95.7, 95.7, 95.6, 95.9, 95.6, 95.4, 95.8, 95.9, 96.1, 96.0, 96.2, 96.2, 96.1, 96.3, 96.5, 96.5, 96.5, 96.5, 96.3, 96.4, 96.5, 96.4, 96.4, 96.5, 96.5, 96.6, 96.6, 96.5, 96.6, 96.6, 97.2, 97.2, 97.0, 97.1, 97.1, 97.3, 97.4, 97.4, 97.4, 97.1, 97.0, 96.9, 97.0, 97.1, 97.3, 96.8, 97.2, 97.1, 97.0, 96.8, 96.6, 96.5, 96.7, 96.9, 96.9, 96.9, 96.9, 96.9, 96.8, 96.9, 96.5, 96.4, 96.5, 96.7, 96.7, 96.7, 96.6, 96.6, 96.6, 96.5, 96.4, 96.3, 96.2, 96.2, 96.3, 96.3, 96.4, 96.4, 96.7, 96.7, 96.8, 96.8, 96.6, 96.5, 96.5, 96.5, 96.5, 96.4, 96.5, 96.5, 96.5, 96.5, 96.5, 96.7, 96.5, 96.5, 96.5, 96.5, 96.5, 96.6, 96.7, 96.7, 96.6, 96.6, 96.2, 96.1, 96.0, 96.2, 96.2, 96.2, 96.1, 96.1, 96.0, 96.0, 96.0, 96.1, 96.0, 96.0, 96.5]",True,False,False,,11496.7714844,1.0654919747235831,False,0.0,0.0,0.0,0.0,28178.620000000003,1.216303618320318,180240.8,7.779924538850688,"台新-台北(180,240.80萬)／港商野村(131,222.98萬)／元大證券(109,917.64萬)",True,False,1
2026-05-06,3533,TSE,2026-05-07,38016.5,6.262124300328391,1,True,False,False,0.0,3.684210526315789,False,4.204753199268739,2735.0,2850.0,2955.0,2800.0,2850.0,2850.0,2026-05-07,d1_close,2026,"[2840.0, 2845.0, 2845.0, 2850.0, 2870.0, 2885.0, 2890.0, 2885.0, 2890.0, 2930.0, 2925.0, 2915.0, 2910.0, 2900.0, 2900.0, 2915.0, 2920.0, 2910.0, 2930.0, 2930.0, 2930.0, 2925.0, 2910.0, 2910.0, 2910.0, 2910.0, 2915.0, 2915.0, 2900.0, 2900.0, 2910.0, 2885.0, 2905.0, 2905.0, 2920.0, 2920.0, 2900.0, 2900.0, 2905.0, 2910.0, 2915.0, 2905.0, 2905.0, 2905.0, 2905.0, 2905.0, 2900.0, 2900.0, 2895.0, 2895.0, 2895.0, 2895.0, 2895.0, 2895.0, 2895.0, 2875.0, 2860.0, 2865.0, 2885.0, 2880.0, 2875.0, 2880.0, 2890.0, 2900.0, 2900.0, 2900.0, 2905.0, 2905.0, 2905.0, 2900.0, 2910.0, 2920.0, 2930.0, 2930.0, 2935.0, 2930.0, 2935.0, 2940.0, 2945.0, 2935.0, 2930.0, 2930.0, 2935.0, 2945.0, 2925.0, 2920.0, 2935.0, 2935.0, 2925.0, 2925.0, 2905.0, 2895.0, 2895.0, 2905.0, 2910.0, 2900.0, 2905.0, 2905.0, 2915.0, 2910.0, 2920.0, 2890.0, 2895.0, 2900.0, 2895.0, 2890.0, 2890.0, 2900.0, 2895.0, 2895.0, 2900.0, 2900.0, 2915.0, 2895.0, 2895.0, 2890.0, 2885.0, 2885.0, 2885.0, 2890.0, 2890.0, 2890.0, 2890.0, 2895.0, 2905.0, 2895.0, 2900.0, 2905.0, 2910.0, 2915.0, 2910.0, 2905.0, 2900.0, 2905.0, 2910.0, 2915.0, 2915.0, 2905.0, 2905.0, 2910.0, 2890.0, 2885.0, 2900.0, 2890.0, 2890.0, 2895.0, 2895.0, 2885.0, 2875.0, 2875.0, 2875.0, 2870.0, 2855.0, 2855.0, 2855.0, 2855.0, 2855.0, 2860.0, 2865.0, 2860.0, 2865.0, 2855.0, 2855.0, 2850.0, 2855.0, 2850.0, 2850.0, 2855.0, 2850.0, 2850.0, 2850.0, 2855.0, 2855.0, 2850.0, 2845.0, 2845.0, 2850.0, 2855.0, 2855.0, 2850.0, 2840.0, 2840.0, 2835.0, 2825.0, 2830.0, 2845.0, 2835.0, 2835.0, 2830.0, 2835.0, 2835.0, 2840.0, 2840.0, 2835.0, 2835.0, 2835.0, 2830.0, 2830.0, 2835.0, 2835.0, 2835.0, 2845.0, 2845.0, 2850.0, 2845.0, 2840.0, 2840.0, 2840.0, 2835.0, 2830.0, 2835.0, 2835.0, 2840.0, 2840.0, 2850.0]",True,False,False,,3077.824045,1.0654919747235831,False,0.0,0.0,0.0,0.0,-5470.0,-0.9010250791839413,38016.5,6.262124300328391,"台新-台北(38,016.50萬)／摩根大通(31,452.50萬)／美商高盛(24,068.00萬)",True,False,1
2026-05-06,6108,TSE,2026-05-07,660.0,2.876320932411204,1,True,False,True,0.0,0.0,False,9.999999999999996,22.0,24.2,24.2,24.1,24.2,24.2,2026-05-07,d1_close,2026,"[24.2, 24.2, 24.2, 24.2, 24.2, 24.2, 24.2, 24.2, 24.2, 24.2, 24.2, 24.2, 24.2, 24.2, 24.2, 24.2, 24.2, 24.2, 24.2, 24.2, 24.2, 24.2, 24.2, 24.2, 24.2, 24.2, 24.2, 24.2, 24.2, 24.2, 24.2, 24.2, 24.2, 24.2, 24.2, 24.2, 24.2, 24.2, 24.2, 24.2, 24.2, 24.2, 24.2, 24.2, 24.2, 24.2, 24.2, 24.2, 24.2, 24.2, 24.2, 24.2, 24.2, 24.2, 24.2, 24.2, 24.2, 24.2, 24.2, 24.2, 24.2, 24.2, 24.2, 24.2, 24.2, 24.2, 24.2, 24.2, 24.2, 24.2, 24.2, 24.2, 24.2, 24.2, 24.2, 24.2, 24.2, 24.2, 24.2, 24.2, 24.2, 24.2, 24.2, 24.2, 24.2, 24.2, 24.2, 24.2, 24.2, 24.2, 24.2, 24.2, 24.2, 24.2, 24.2, 24.2, 24.2, 24.2, 24.2, 24.2, 24.2, 24.2, 24.2, 24.2, 24.2, 24.2, 24.2, 24.2, 24.2, 24.2, 24.2, 24.2, 24.2, 24.2, 24.2, 24.2, 24.2, 24.2, 24.2, 24.2, 24.2, 24.2, 24.2, 24.2, 24.2, 24.2, 24.2, 24.2, 24.2, 24.2, 24.2, 24.2, 24.2, 24.2, 24.2, 24.2, 24.2, 24.2, 24.2, 24.2, 24.2, 24.2]",True,False,False,,34.538746,1.0654919747235831,False,0.0,0.0,0.0,0.0,0.0,0.0,660.0,2.876320932411204,"兆豐-台南(1,097.80萬)／凱基-永和(706.20萬)／元大證券(682.00萬)",True,False,0
2026-05-07,3055,TSE,2026-05-08,852.6,2.615317319063799,1,True,False,False,-8.185053380782925,13.523131672597872,False,-3.1034482758620725,87.0,84.3,95.7,84.3,91.2,91.2,2026-05-08,d1_close,2026,"[86.3, 87.1, 87.0, 86.1, 86.8, 87.2, 87.8, 87.9, 87.2, 86.8, 86.4, 86.5, 86.6, 87.4, 87.1, 86.7, 86.5, 86.3, 86.3, 87.0, 88.3, 88.3, 88.0, 87.6, 87.2, 87.2, 87.1, 86.7, 86.5, 86.8, 87.5, 87.2, 88.0, 88.8, 90.2, 91.2, 94.3, 94.9, 94.1, 93.8, 93.0, 93.9, 94.9, 94.6, 95.4, 95.1, 95.0, 94.4, 94.9, 95.0, 94.6, 94.0, 94.3, 94.2, 93.0, 92.5, 93.0, 92.9, 92.0, 92.4, 91.6, 91.5, 90.9, 92.0, 92.0, 91.5, 91.5, 91.1, 90.9, 92.0, 90.8, 90.5, 90.5, 90.5, 89.5, 89.9, 89.0, 88.7, 89.2, 89.8, 90.9, 89.8, 88.0, 89.0, 88.4, 88.8, 88.5, 89.2, 89.4, 89.2, 89.0, 88.9, 89.1, 89.3, 89.3, 88.8, 88.2, 88.3, 88.7, 89.5, 89.3, 89.5, 89.9, 89.9, 89.9, 89.5, 89.5, 89.7, 89.8, 89.8, 90.1, 90.1, 91.4, 91.8, 91.3, 91.1, 91.1, 91.1, 90.8, 91.0, 90.2, 90.2, 90.8, 90.7, 90.5, 90.5, 90.9, 90.5, 90.3, 90.3, 90.1, 89.8, 90.3, 89.7, 90.3, 90.0, 90.0, 90.3, 90.3, 91.1, 91.0, 91.2, 91.6, 91.4, 91.7, 91.3, 90.7, 90.9, 90.7, 90.7, 90.7, 90.6, 90.6, 90.0, 90.0, 90.0, 90.4, 90.5, 90.5, 90.2, 90.1, 90.0, 89.9, 89.9, 89.8, 89.8, 89.9, 90.0, 90.0, 90.0, 90.0, 89.9, 90.1, 89.5, 89.4, 89.1, 88.9, 89.0, 89.0, 89.0, 88.9, 88.9, 88.8, 88.7, 88.7, 88.7, 88.7, 88.9, 88.6, 88.6, 88.4, 88.3, 87.7, 88.0, 87.8, 87.8, 87.6, 87.1, 87.6, 87.7, 87.5, 87.8, 87.9, 87.8, 88.1, 88.2, 88.8, 88.1, 88.1, 88.0, 88.3, 88.3, 88.3, 88.1, 88.4, 88.3, 88.1, 88.3, 88.3, 88.9, 88.8, 88.7, 88.7, 89.5, 89.0, 89.0, 88.8, 88.8, 88.8, 88.8, 89.1, 89.2, 89.2, 89.2, 89.2, 88.8, 88.8, 88.6, 89.1, 90.0, 90.3, 90.2, 90.5, 90.3, 90.6, 91.2, 91.4, 91.2]",True,False,False,,100.028163,2.8562920767077324,False,0.0,0.0,0.0,0.0,0.0,0.0,852.6,2.615317319063799,"凱基-站前(18,130.80萬)／凱基-台北(1,270.20萬)／台新-台北(852.60萬)",True,False,0
2026-05-07,3354,OTC,2026-05-08,684.0000000000001,2.544410414649769,1,True,False,False,1.6666666666666703,4.444444444444448,True,5.263157894736834,34.2,36.0,37.6,33.7,35.4,35.4,2026-05-08,d1_close,2026,"[36.5, 36.55, 36.55, 36.7, 36.55, 36.9, 37.4, 37.4, 36.25, 35.8, 35.9, 36.05, 36.1, 36.35, 35.3, 35.3, 35.4, 35.25, 35.4, 35.5, 35.8, 35.7, 35.75, 36.05, 35.7, 36.0, 35.8, 35.6, 35.65, 35.6, 35.65, 35.65, 35.7, 35.85, 35.7, 35.65, 35.65, 35.6, 35.65, 35.65, 35.65, 35.0, 34.85, 35.1, 35.1, 35.1, 35.05, 35.15, 35.2, 35.3, 35.35, 35.25, 35.25, 35.2, 35.25, 35.2, 34.8, 34.9, 34.95, 34.75, 34.75, 34.7, 34.6, 34.55, 34.6, 34.65, 34.65, 34.7, 34.7, 34.7, 34.7, 34.8, 34.9, 34.65, 34.65, 34.55, 34.45, 34.4, 34.2, 34.05, 34.0, 33.8, 34.15, 34.3, 34.55, 34.65, 34.6, 34.6, 34.7, 34.75, 34.8, 34.75, 34.85, 35.15, 35.5, 35.4, 35.35, 35.3, 35.25, 35.45, 35.85, 35.95, 36.0, 35.9, 35.8, 35.9, 35.9, 36.05, 36.1, 36.0, 35.85, 35.9, 35.9, 35.9, 36.2, 36.2, 36.2, 36.25, 36.0, 36.0, 36.1, 35.95, 35.9, 35.7, 35.7, 35.7, 35.75, 35.75, 35.65, 35.7, 35.7, 35.7, 35.25, 35.4, 35.5, 35.55, 35.7, 35.6, 35.6, 35.65, 35.6, 35.4, 35.35, 35.2, 35.25, 35.2, 35.25, 35.2, 35.15, 35.3, 35.2, 35.1, 35.05, 35.05, 35.05, 35.2, 35.3, 35.5, 35.7, 35.8, 35.85, 35.8, 35.65, 35.65, 35.65, 35.6, 35.5, 35.45, 35.4, 35.3, 35.3, 35.2, 35.3, 35.3, 35.3, 35.3, 35.3, 35.3, 35.3, 35.25, 35.35, 35.5, 35.45, 35.55, 35.55, 35.6, 35.55, 35.55, 35.45, 35.4, 35.1, 35.0, 35.0, 35.4, 35.25, 35.2, 35.15, 34.95, 34.9, 34.85, 35.0, 34.9, 35.0, 35.05, 35.05, 34.95, 34.95, 34.9, 34.85, 34.95, 34.95, 34.95, 34.95, 34.7, 34.7, 34.75, 34.7, 34.6, 34.55, 34.6, 34.7, 34.65, 34.7, 34.8, 34.95, 35.0, 34.95, 34.85, 34.95, 34.9, 34.95, 35.0, 35.05, 35.1, 35.2, 35.2, 35.4, 35.2, 35.35, 35.3, 35.55, 35.35, 35.3, 35.35, 35.35, 35.4, 35.45, 35.3, 35.25, 35.1, 35.2, 35.15, 35.1, 35.15, 35.45, 35.4]",True,False,False,,23.9784408,2.8562920767077324,False,0.0,0.0,0.0,0.0,0.0,0.0,684.0000000000001,2.5444104146497692,凱基-台北(957.60萬)／台新-台北(684.00萬)／華南永昌-古亭(533.52萬),True,False,0
2026-05-08,2472,TSE,2026-05-11,1018.9,0.4378360485672788,1,True,False,False,-2.73972602739726,4.10958904109589,False,-1.1286681715575622,221.5,219.0,228.0,203.5,225.0,225.0,2026-05-11,d1_close,2026,"[211.5, 208.5, 210.0, 210.5, 209.0, 207.0, 205.0, 205.5, 205.0, 204.5, 206.5, 210.0, 211.0, 211.0, 210.5, 211.0, 212.5, 213.0, 216.5, 216.5, 218.0, 216.0, 217.0, 218.0, 218.5, 219.0, 217.5, 215.5, 214.0, 213.0, 215.5, 216.5, 215.5, 216.5, 216.5, 216.0, 215.5, 216.0, 217.0, 217.0, 215.5, 217.5, 217.0, 215.5, 217.0, 219.5, 219.5, 219.0, 218.0, 217.5, 216.0, 217.0, 218.5, 219.0, 219.0, 219.0, 219.5, 218.5, 219.0, 218.5, 219.5, 220.0, 220.5, 221.0, 221.0, 221.0, 220.5, 219.5, 220.0, 220.0, 220.0, 220.0, 220.5, 221.0, 221.5, 222.5, 222.0, 222.5, 223.0, 222.5, 224.5, 224.5, 224.0, 224.5, 226.0, 225.0, 225.5, 225.0, 225.0, 225.0, 224.0, 223.0, 223.0, 224.0, 225.5, 224.5, 225.0, 225.0, 225.0, 225.0, 225.0, 225.0, 225.0, 224.0, 224.0, 224.5, 224.0, 224.0, 223.0, 223.0, 223.0, 223.5, 223.5, 223.0, 223.0, 224.0, 223.5, 223.5, 224.0, 223.5, 223.5, 222.5, 223.0, 223.0, 223.5, 223.5, 223.5, 224.0, 224.5, 224.0, 224.0, 224.0, 225.0, 225.5, 225.5, 226.0, 225.5, 225.0, 225.5, 225.0, 225.5, 225.5, 225.5, 225.5, 225.5, 225.5, 226.0, 225.5, 226.0, 225.0, 225.5, 226.0, 226.5, 226.0, 226.0, 226.0, 225.5, 227.0, 227.0, 227.0, 227.0, 226.5, 226.0, 226.5, 226.5, 226.5, 226.0, 225.5, 225.0, 224.5, 224.5, 224.0, 224.5, 224.5, 224.5, 224.5, 224.5, 224.5, 224.5, 224.0, 222.5, 220.5, 220.5, 221.5, 222.0, 222.5, 222.0, 222.0, 223.0, 223.0, 223.0, 222.5, 222.5, 222.5, 223.0, 222.0, 221.5, 222.0, 222.5, 222.0, 222.5, 222.0, 222.0, 223.0, 224.0, 224.0, 224.0, 224.0, 224.0, 224.5, 224.5, 223.5, 224.5, 224.0, 224.5, 224.5, 225.0, 225.0, 225.0, 225.5, 225.0, 225.0, 224.5, 224.5, 225.5, 226.0, 226.5, 228.0, 227.0, 227.5, 227.5, 227.5, 227.0, 227.5, 227.5, 227.0, 227.0, 226.5, 225.5, 225.0, 224.0, 224.0, 223.5, 223.5, 223.5, 223.0, 223.5, 223.5, 225.0, 225.0, 226.0, 225.5, 225.0, 225.5, 226.0, 226.5, 226.0, 226.0, 225.5, 226.5, 226.0, 226.0, 226.0, 225.0]",True,False,False,,364.8882465,1.1305371929453638,False,0.0,0.0,0.0,0.0,12736.25,5.4729506070909855,1018.9,0.43783604856727887,"凱基-站前(53,248.60萬)／凱基-台北(13,622.25萬)／富邦證券(12,736.25萬)",True,False,1
2026-05-08,4722,TSE,2026-05-11,22987.8,9.372732638658574,1,True,False,False,3.0927835051546397,1.0309278350515465,True,2.536997885835095,236.5,242.5,245.0,232.5,235.0,235.0,2026-05-11,d1_close,2026,"[243.0, 234.5, 242.0, 244.5, 242.0, 241.5, 240.0, 241.5, 240.0, 238.5, 237.0, 237.0, 239.5, 238.0, 238.5, 240.5, 240.0, 239.5, 238.5, 239.5, 239.0, 238.5, 239.0, 239.0, 239.0, 236.0, 235.0, 233.5, 235.0, 235.5, 237.0, 236.0, 235.5, 237.0, 237.5, 239.5, 240.0, 240.0, 238.5, 239.0, 239.5, 239.5, 238.5, 238.5, 237.0, 238.0, 238.5, 242.0, 242.5, 245.0, 242.0, 242.0, 242.0, 241.5, 241.5, 240.5, 240.0, 240.5, 240.0, 239.0, 239.0, 239.0, 239.0, 239.0, 239.0, 239.5, 239.5, 239.5, 239.5, 239.5, 240.0, 241.0, 241.0, 241.0, 241.0, 241.0, 241.0, 240.5, 241.0, 240.5, 240.5, 242.0, 242.5, 241.5, 241.5, 241.0, 241.0, 241.0, 241.0, 239.5, 239.5, 239.5, 239.5, 239.5, 240.0, 240.0, 240.0, 239.5, 240.0, 240.0, 240.0, 240.0, 240.5, 240.5, 239.5, 239.0, 238.5, 237.0, 237.0, 237.0, 237.5, 237.0, 237.5, 237.0, 237.5, 237.0, 237.0, 236.5, 235.5, 236.0, 236.0, 236.0, 236.5, 237.5, 237.5, 237.5, 237.5, 237.0, 238.0, 238.0, 237.0, 237.5, 237.5, 237.5, 237.5, 237.0, 237.0, 237.5, 237.5, 237.5, 237.5, 238.0, 238.5, 238.0, 237.5, 237.5, 237.0, 237.5, 237.5, 237.0, 238.0, 238.0, 236.5, 237.0, 237.0, 237.0, 237.0, 237.0, 237.5, 237.0, 237.0, 237.0, 237.5, 237.5, 237.5, 238.0, 237.5, 237.5, 237.5, 237.5, 238.0, 237.5, 237.5, 240.0, 239.5, 239.5, 239.0, 238.0, 238.0, 237.5, 237.0, 236.0, 236.5, 236.5, 236.5, 236.5, 237.0, 237.0, 238.5, 237.5, 237.5, 237.5, 238.0, 237.5, 238.0, 238.5, 238.5, 238.0, 237.5, 238.0, 237.5, 237.5, 237.0, 237.0, 236.5, 237.0, 236.5, 237.0, 236.5, 236.5, 236.5, 236.5, 236.0, 236.0, 235.5, 235.0, 235.0, 235.5, 235.0, 235.5, 235.5, 235.5, 236.0, 236.0, 236.0, 237.0, 237.0, 236.5, 236.0, 237.0, 237.0, 237.5, 237.0, 237.0, 237.0, 236.0, 237.0, 235.5, 236.0, 236.0, 236.0, 235.0, 235.0]",True,False,False,,245.7790775,1.1305371929453638,False,0.0,0.0,0.0,0.0,0.0,0.0,22987.8,9.372732638658574,"台新-台北(22,987.80萬)／統一(6,976.75萬)／華南永昌-中正(5,108.40萬)",True,False,0
2026-05-08,8114,TSE,2026-05-11,813.85,1.268909978310799,1,True,False,False,-4.05727923627685,4.05727923627685,False,5.541561712846348,198.5,209.5,218.0,208.0,218.0,218.0,2026-05-11,d1_close,2026,"[211.0, 216.5, 218.0, 216.5, 215.0, 213.5, 214.0, 212.5, 211.0, 210.0, 210.0, 211.0, 211.0, 213.0, 214.5, 216.5, 217.0, 216.0, 215.5, 215.0, 216.0, 216.5, 218.0, 217.5, 218.0, 217.5, 217.0, 218.0, 217.5, 216.5, 217.0, 217.5, 218.0, 218.0, 218.0, 218.0, 218.0, 218.0, 218.0, 218.0, 218.0, 218.0, 218.0, 218.0, 218.0, 218.0, 218.0, 218.0, 218.0, 218.0, 218.0, 218.0, 218.0, 218.0, 218.0, 218.0, 218.0, 218.0, 218.0, 218.0, 218.0, 218.0, 218.0, 218.0, 218.0, 218.0, 218.0, 218.0, 218.0, 218.0, 218.0, 218.0, 218.0, 218.0, 218.0, 218.0, 218.0, 218.0, 218.0, 218.0, 218.0, 218.0, 218.0, 218.0, 218.0, 218.0, 218.0, 218.0, 218.0, 218.0, 218.0, 218.0, 218.0, 218.0, 218.0, 218.0, 218.0, 218.0, 218.0, 218.0, 218.0, 218.0, 218.0, 218.0, 218.0, 218.0, 218.0, 218.0, 218.0, 218.0, 218.0, 218.0, 218.0, 218.0, 218.0, 218.0, 218.0, 218.0, 218.0, 218.0, 218.0, 218.0, 218.0, 218.0, 218.0, 218.0, 218.0, 218.0, 218.0]",True,False,False,,213.5302215,1.1305371929453638,False,0.0,0.0,0.0,0.0,1885.75,2.940157266817706,813.85,1.2689099783107993,"統一(5,538.15萬)／國票-北高雄(2,878.25萬)／凱基-台北(2,818.70萬)",True,False,1
2026-05-11,3189,TSE,2026-05-12,24345.2,1.869846426696209,1,True,False,False,5.904761904761905,1.3333333333333337,True,4.3737574552683895,503.0,525.0,532.0,494.0,494.0,494.0,2026-05-12,d1_close,2026,"[520.0, 521.0, 521.0, 519.0, 521.0, 521.0, 524.0, 525.0, 525.0, 519.0, 522.0, 525.0, 527.0, 530.0, 528.0, 526.0, 522.0, 526.0, 527.0, 528.0, 529.0, 525.0, 527.0, 524.0, 524.0, 515.0, 512.0, 510.0, 517.0, 518.0, 512.0, 512.0, 515.0, 516.0, 510.0, 510.0, 507.0, 512.0, 510.0, 510.0, 506.0, 512.0, 509.0, 510.0, 511.0, 510.0, 510.0, 510.0, 512.0, 513.0, 515.0, 512.0, 513.0, 511.0, 511.0, 512.0, 512.0, 512.0, 510.0, 510.0, 510.0, 509.0, 506.0, 505.0, 509.0, 508.0, 509.0, 510.0, 510.0, 509.0, 512.0, 513.0, 514.0, 514.0, 513.0, 510.0, 512.0, 512.0, 513.0, 513.0, 512.0, 512.0, 512.0, 512.0, 513.0, 512.0, 512.0, 513.0, 511.0, 511.0, 512.0, 512.0, 513.0, 514.0, 512.0, 512.0, 510.0, 510.0, 510.0, 509.0, 509.0, 507.0, 508.0, 509.0, 510.0, 508.0, 510.0, 510.0, 511.0, 510.0, 511.0, 513.0, 513.0, 513.0, 512.0, 512.0, 511.0, 511.0, 510.0, 510.0, 509.0, 509.0, 509.0, 508.0, 508.0, 509.0, 509.0, 509.0, 510.0, 509.0, 509.0, 510.0, 512.0, 512.0, 511.0, 509.0, 509.0, 509.0, 508.0, 509.0, 508.0, 508.0, 509.0, 507.0, 505.0, 504.0, 503.0, 501.0, 500.0, 502.0, 503.0, 504.0, 504.0, 501.0, 501.0, 501.0, 503.0, 502.0, 503.0, 504.0, 502.0, 503.0, 504.0, 504.0, 503.0, 502.0, 502.0, 502.0, 502.0, 502.0, 503.0, 502.0, 502.0, 502.0, 501.0, 501.0, 501.0, 501.0, 501.0, 501.0, 501.0, 501.0, 501.0, 501.0, 501.0, 502.0, 502.0, 503.0, 502.0, 501.0, 502.0, 500.0, 500.0, 500.0, 500.0, 500.0, 500.0, 500.0, 500.0, 500.0, 500.0, 501.0, 501.0, 501.0, 501.0, 501.0, 501.0, 502.0, 502.0, 501.0, 501.0, 501.0, 501.0, 501.0, 499.5, 499.0, 498.5, 498.5, 499.0, 498.5, 499.5, 499.5, 499.5, 498.5, 498.5, 498.5, 498.0, 498.5, 498.5, 498.5, 498.0, 497.5, 497.0, 496.5, 497.0, 497.0, 497.0, 496.5, 496.0, 496.0, 495.0, 495.5, 497.5, 497.5, 499.5, 499.5, 498.5, 497.5, 497.0, 495.5, 497.0, 496.5, 498.0, 497.0, 495.5, 496.0, 496.0, 495.5, 497.0, 496.0, 496.0, 496.0, 496.0, 496.0, 495.5, 494.0]",True,False,False,,2650.386474,-0.3427308484949393,False,23188.3,1.7809900882375047,14033.7,1.0778660186947155,-35008.8,-2.6888700681416555,24345.2,1.869846426696209,"元大證券(109,704.30萬)／美林(61,869.00萬)／新加坡商瑞銀(35,511.80萬)",True,False,3
2026-05-11,3443,TSE,2026-05-12,5730.0,0.4236280566954514,1,True,False,False,6.386554621848739,0.0,True,3.8394415357766154,5730.0,5950.0,5950.0,5510.0,5570.0,5570.0,2026-05-12,d1_close,2026,"[5900.0, 5895.0, 5815.0, 5750.0, 5785.0, 5755.0, 5740.0, 5730.0, 5710.0, 5700.0, 5700.0, 5680.0, 5710.0, 5715.0, 5720.0, 5705.0, 5705.0, 5730.0, 5730.0, 5765.0, 5770.0, 5735.0, 5730.0, 5740.0, 5725.0, 5705.0, 5680.0, 5680.0, 5675.0, 5660.0, 5665.0, 5660.0, 5620.0, 5620.0, 5620.0, 5640.0, 5635.0, 5575.0, 5560.0, 5605.0, 5620.0, 5620.0, 5615.0, 5660.0, 5645.0, 5640.0, 5645.0, 5610.0, 5610.0, 5630.0, 5670.0, 5665.0, 5630.0, 5640.0, 5660.0, 5665.0, 5665.0, 5670.0, 5650.0, 5665.0, 5620.0, 5610.0, 5600.0, 5595.0, 5605.0, 5635.0, 5655.0, 5670.0, 5665.0, 5675.0, 5665.0, 5660.0, 5645.0, 5615.0, 5645.0, 5640.0, 5625.0, 5630.0, 5630.0, 5640.0, 5635.0, 5620.0, 5635.0, 5630.0, 5600.0, 5590.0, 5580.0, 5590.0, 5580.0, 5565.0, 5565.0, 5575.0, 5565.0, 5560.0, 5560.0, 5515.0, 5525.0, 5525.0, 5515.0, 5525.0, 5525.0, 5520.0, 5550.0, 5550.0, 5535.0, 5525.0, 5520.0, 5555.0, 5540.0, 5530.0, 5535.0, 5540.0, 5545.0, 5540.0, 5540.0, 5540.0, 5540.0, 5540.0, 5540.0, 5540.0, 5545.0, 5545.0, 5545.0, 5550.0, 5550.0, 5540.0, 5530.0, 5530.0, 5525.0, 5515.0, 5540.0, 5550.0, 5530.0, 5525.0, 5530.0, 5555.0, 5535.0, 5530.0, 5545.0, 5530.0, 5530.0, 5515.0, 5525.0, 5545.0, 5520.0, 5520.0, 5525.0, 5525.0, 5530.0, 5525.0, 5525.0, 5525.0, 5525.0, 5525.0, 5520.0, 5520.0, 5520.0, 5520.0, 5520.0, 5520.0, 5520.0, 5530.0, 5520.0, 5520.0, 5525.0, 5525.0, 5525.0, 5530.0, 5530.0, 5530.0, 5530.0, 5530.0, 5530.0, 5530.0, 5540.0, 5535.0, 5550.0, 5570.0, 5575.0, 5570.0, 5560.0, 5540.0, 5535.0, 5535.0, 5525.0, 5520.0, 5525.0, 5560.0, 5550.0, 5540.0, 5540.0, 5540.0, 5535.0, 5530.0, 5545.0, 5555.0, 5540.0, 5545.0, 5540.0, 5540.0, 5540.0, 5560.0, 5545.0, 5560.0, 5575.0, 5580.0, 5580.0, 5570.0, 5580.0, 5580.0, 5575.0, 5580.0, 5565.0, 5565.0, 5570.0, 5570.0, 5570.0, 5570.0, 5580.0, 5560.0, 5580.0, 5575.0, 5580.0, 5585.0, 5565.0, 5580.0, 5565.0, 5570.0, 5580.0, 5580.0, 5570.0, 5575.0, 5580.0, 5565.0, 5570.0, 5570.0, 5560.0, 5565.0, 5560.0, 5565.0, 5560.0, 5555.0, 5560.0, 5570.0, 5585.0, 5585.0, 5585.0, 5570.0, 5565.0, 5560.0, 5555.0, 5550.0, 5580.0, 5570.0, 5560.0, 5555.0, 5545.0, 5570.0]",True,False,False,,7678.88187,-0.3427308484949393,False,0.0,0.0,-9741.0,-0.7201676963822674,-69333.0,-5.125899486014962,5730.0,0.4236280566954514,"港商野村(176,484.00萬)／美林(112,308.00萬)／國票-安和(52,716.00萬)",True,False,2
2026-05-11,3583,TSE,2026-05-12,43733.0,13.812363211930675,1,True,False,False,-5.077262693156733,5.077262693156733,False,4.618937644341801,866.0,906.0,952.0,847.0,952.0,952.0,2026-05-12,d1_close,2026,"[883.0, 875.0, 859.0, 863.0, 847.0, 847.0, 860.0, 864.0, 872.0, 878.0, 882.0, 885.0, 886.0, 875.0, 875.0, 881.0, 883.0, 882.0, 887.0, 891.0, 886.0, 883.0, 884.0, 879.0, 873.0, 880.0, 881.0, 877.0, 883.0, 883.0, 883.0, 879.0, 881.0, 873.0, 880.0, 880.0, 878.0, 875.0, 872.0, 883.0, 886.0, 886.0, 887.0, 891.0, 896.0, 891.0, 891.0, 889.0, 888.0, 887.0, 883.0, 884.0, 884.0, 885.0, 886.0, 881.0, 883.0, 880.0, 875.0, 877.0, 878.0, 878.0, 881.0, 879.0, 878.0, 879.0, 879.0, 883.0, 883.0, 884.0, 884.0, 883.0, 882.0, 880.0, 880.0, 883.0, 882.0, 882.0, 884.0, 884.0, 886.0, 886.0, 886.0, 890.0, 892.0, 898.0, 898.0, 900.0, 901.0, 903.0, 902.0, 896.0, 910.0, 922.0, 926.0, 927.0, 925.0, 922.0, 920.0, 920.0, 922.0, 928.0, 930.0, 939.0, 942.0, 943.0, 943.0, 939.0, 937.0, 942.0, 944.0, 943.0, 938.0, 939.0, 940.0, 940.0, 942.0, 943.0, 939.0, 939.0, 939.0, 943.0, 944.0, 943.0, 951.0, 952.0, 952.0, 952.0, 952.0, 952.0, 952.0, 952.0, 952.0, 952.0, 952.0, 952.0, 952.0, 952.0, 952.0, 952.0, 952.0, 952.0, 952.0, 952.0, 952.0, 952.0, 952.0, 952.0, 952.0, 952.0, 952.0, 952.0, 952.0, 952.0, 952.0, 952.0, 952.0, 952.0, 952.0, 952.0, 952.0, 952.0, 952.0, 952.0, 952.0, 952.0, 952.0, 952.0, 952.0, 952.0, 952.0, 952.0, 952.0, 952.0, 952.0, 952.0, 952.0, 952.0, 952.0, 952.0, 952.0, 952.0, 952.0, 952.0, 952.0, 952.0, 952.0, 952.0, 952.0, 952.0, 952.0, 952.0, 952.0, 952.0, 952.0, 952.0, 952.0, 952.0, 952.0, 952.0, 952.0, 952.0, 952.0, 952.0, 952.0, 952.0, 952.0, 952.0]",True,False,False,,695.797226,-0.3427308484949393,False,0.0,0.0,0.0,0.0,26499.6,8.369471570001558,43733.0,13.812363211930675,"台新-台北(43,733.00萬)／台灣摩根士丹利(29,703.80萬)／富邦證券(26,499.60萬)",True,False,1
2026-05-11,4966,OTC,2026-05-12,7129.5,1.3848059281198712,2,True,False,False,3.303684879288437,0.0,True,7.07482993197279,735.0,787.0,787.0,723.0,761.0,761.0,2026-05-12,d1_close,2026,"[777.0, 774.0, 764.0, 768.0, 765.0, 752.0, 745.0, 753.0, 759.0, 758.0, 757.0, 755.0, 760.0, 756.0, 757.0, 750.0, 742.0, 749.0, 748.0, 760.0, 766.0, 772.0, 765.0, 765.0, 765.0, 767.0, 765.0, 758.0, 767.0, 767.0, 760.0, 765.0, 766.0, 765.0, 763.0, 768.0, 771.0, 780.0, 780.0, 778.0, 770.0, 771.0, 773.0, 770.0, 746.0, 753.0, 757.0, 755.0, 754.0, 752.0, 750.0, 748.0, 750.0, 747.0, 746.0, 745.0, 750.0, 749.0, 750.0, 754.0, 752.0, 749.0, 745.0, 749.0, 748.0, 745.0, 745.0, 745.0, 739.0, 743.0, 743.0, 743.0, 744.0, 744.0, 745.0, 742.0, 741.0, 734.0, 728.0, 724.0, 727.0, 729.0, 735.0, 738.0, 740.0, 740.0, 742.0, 738.0, 741.0, 742.0, 735.0, 731.0, 734.0, 731.0, 730.0, 725.0, 728.0, 731.0, 734.0, 735.0, 737.0, 744.0, 742.0, 740.0, 740.0, 743.0, 747.0, 747.0, 743.0, 746.0, 746.0, 749.0, 749.0, 749.0, 749.0, 749.0, 750.0, 752.0, 752.0, 750.0, 748.0, 760.0, 753.0, 756.0, 759.0, 759.0, 759.0, 758.0, 759.0, 756.0, 753.0, 752.0, 755.0, 754.0, 752.0, 751.0, 750.0, 749.0, 750.0, 750.0, 750.0, 750.0, 749.0, 751.0, 755.0, 756.0, 758.0, 757.0, 754.0, 755.0, 754.0, 755.0, 754.0, 755.0, 755.0, 753.0, 756.0, 756.0, 753.0, 754.0, 756.0, 756.0, 756.0, 754.0, 754.0, 755.0, 757.0, 758.0, 759.0, 763.0, 763.0, 762.0, 762.0, 760.0, 759.0, 762.0, 762.0, 763.0, 762.0, 760.0, 762.0, 763.0, 764.0, 764.0, 763.0, 763.0, 764.0, 764.0, 764.0, 765.0, 766.0, 764.0, 762.0, 764.0, 763.0, 760.0, 761.0, 761.0, 760.0, 758.0, 758.0, 755.0, 759.0, 758.0, 757.0, 757.0, 756.0, 759.0, 760.0, 760.0, 761.0, 762.0, 765.0, 770.0, 768.0, 768.0, 769.0, 769.0, 768.0, 767.0, 763.0, 764.0, 768.0, 768.0, 767.0, 767.0, 770.0, 769.0, 769.0, 769.0, 766.0, 764.0, 764.0, 766.0, 767.0, 766.0, 769.0, 766.0, 767.0, 766.0, 764.0, 766.0, 762.0, 764.0, 765.0, 765.0, 764.0, 764.0, 763.0, 763.0, 763.0, 763.0, 763.0, 763.0, 763.0, 763.0, 762.0, 764.0, 764.0, 763.0, 763.0, 760.0, 759.0, 761.0, 765.0, 761.0]",True,False,False,,588.42483,-0.3427308484949393,False,0.0,0.0,0.0,0.0,41380.5,8.037584923005028,7129.5,1.3848059281198712,"元大證券(49,318.50萬)／富邦證券(41,380.50萬)／統一(33,369.00萬)",True,False,1
2026-05-11,5009,OTC,2026-05-12,1059.96,1.4294056800864592,1,True,False,False,7.081807081807096,0.0,True,1.9925280199252908,40.15,40.95,40.95,37.3,38.05,38.05,2026-05-12,d1_close,2026,"[40.3, 39.55, 39.6, 39.0, 39.2, 39.05, 39.05, 39.15, 39.15, 39.25, 38.9, 38.65, 38.6, 38.8, 38.8, 38.8, 38.9, 38.9, 38.85, 38.7, 38.7, 38.65, 38.6, 38.6, 38.65, 38.55, 38.25, 38.3, 38.4, 38.1, 38.15, 38.15, 38.0, 37.7, 37.75, 37.8, 37.65, 37.55, 37.35, 37.45, 37.5, 37.45, 37.55, 37.55, 37.55, 37.5, 37.6, 37.7, 37.75, 37.8, 37.7, 37.7, 37.75, 37.75, 37.7, 37.6, 37.6, 37.7, 37.95, 38.0, 38.05, 38.1, 38.1, 38.05, 38.2, 38.2, 38.1, 38.0, 38.1, 38.0, 38.05, 38.1, 38.1, 38.15, 38.25, 38.2, 38.2, 38.15, 38.15, 38.35, 38.4, 38.35, 38.35, 38.2, 38.25, 38.25, 38.25, 38.0, 38.0, 38.1, 38.2, 38.1, 38.05, 38.05, 38.1, 38.1, 38.1, 38.1, 38.15, 38.1, 38.2, 38.2, 38.2, 38.3, 38.3, 38.4, 38.4, 38.35, 38.35, 38.45, 38.4, 38.4, 38.4, 38.4, 38.45, 38.45, 38.5, 38.5, 38.4, 38.4, 38.3, 38.35, 38.25, 38.35, 38.3, 38.4, 38.3, 38.35, 38.25, 38.35, 38.3, 38.35, 38.3, 38.25, 38.25, 38.25, 38.25, 38.3, 38.25, 38.35, 38.35, 38.4, 38.45, 38.55, 38.55, 38.55, 38.55, 38.4, 38.45, 38.45, 38.45, 38.4, 38.4, 38.45, 38.45, 38.4, 38.5, 38.45, 38.5, 38.5, 38.45, 38.45, 38.4, 38.45, 38.45, 38.35, 38.35, 38.3, 38.3, 38.3, 38.2, 38.25, 38.2, 38.2, 38.1, 38.2, 38.2, 38.2, 38.25, 38.1, 38.15, 38.15, 38.2, 38.2, 38.15, 38.15, 38.2, 38.15, 38.2, 38.2, 38.2, 38.25, 38.25, 38.2, 38.25, 38.15, 38.15, 38.15, 38.2, 38.2, 38.2, 38.2, 38.25, 38.2, 38.2, 38.1, 38.25, 38.2, 38.15, 38.15, 38.15, 38.15, 38.15, 38.1, 38.05, 38.1, 38.1, 38.1, 38.1, 38.15, 38.2, 38.1, 38.15, 38.15, 38.15, 38.15, 38.15, 38.2, 38.2, 38.2, 38.2, 38.1, 38.15, 38.15, 38.2, 38.2, 38.25, 38.25, 38.25, 38.25, 38.3, 38.3, 38.25, 38.25, 38.25, 38.2, 38.2, 38.2, 38.2, 38.15, 38.15, 38.25, 38.25, 38.3, 38.3, 38.2, 38.15, 38.2, 38.15, 38.1, 38.1, 38.1, 38.15, 38.2, 38.05]",True,False,False,,241.8921868,-0.3427308484949393,False,0.0,0.0,0.0,0.0,0.0,0.0,1059.96,1.4294056800864592,"凱基-台北(5,360.02萬)／港商野村(5,211.47萬)／美商高盛(2,894.81萬)",True,False,0
2026-05-11,6415,TSE,2026-05-12,41605.2,10.024346173102884,1,True,False,False,2.3565573770491803,0.819672131147541,True,4.273504273504273,468.0,488.0,492.0,462.0,476.5,476.5,2026-05-12,d1_close,2026,"[490.0, 478.0, 474.0, 473.5, 475.5, 476.0, 480.0, 479.0, 476.5, 478.0, 481.5, 487.0, 480.0, 481.0, 479.0, 478.0, 477.5, 474.0, 474.0, 474.5, 480.0, 484.0, 482.0, 481.5, 480.0, 480.0, 477.5, 473.5, 475.5, 478.5, 476.0, 476.5, 475.5, 475.5, 473.0, 474.0, 472.5, 473.5, 472.5, 471.5, 470.0, 471.5, 473.5, 476.5, 475.0, 474.5, 473.0, 472.0, 470.5, 470.5, 471.0, 471.0, 472.0, 470.5, 470.5, 469.5, 470.0, 471.0, 468.0, 468.5, 468.0, 463.0, 462.5, 463.5, 465.5, 466.5, 466.5, 466.0, 464.0, 464.5, 466.0, 468.0, 469.0, 469.5, 470.0, 468.5, 466.0, 466.5, 466.0, 465.5, 464.5, 465.0, 465.5, 466.5, 467.0, 467.5, 467.0, 467.5, 467.5, 468.0, 467.5, 467.5, 467.5, 464.5, 464.0, 464.5, 465.5, 465.0, 465.0, 465.0, 465.0, 465.5, 465.0, 465.0, 465.5, 466.0, 468.0, 469.5, 468.0, 469.0, 469.5, 473.0, 474.0, 474.0, 474.0, 473.0, 472.0, 473.5, 473.5, 473.0, 476.0, 479.0, 478.0, 479.5, 478.5, 481.0, 482.0, 484.0, 486.0, 486.5, 486.0, 486.5, 488.0, 487.5, 484.0, 482.0, 482.5, 480.5, 480.5, 480.0, 480.0, 480.0, 482.5, 482.5, 481.5, 482.0, 481.5, 481.5, 481.5, 482.0, 482.5, 484.5, 485.0, 484.5, 483.5, 482.5, 482.5, 482.5, 483.0, 484.0, 484.5, 484.5, 484.0, 480.5, 479.0, 479.0, 478.5, 477.5, 477.0, 477.0, 477.0, 477.0, 475.5, 475.5, 475.5, 477.5, 478.0, 478.0, 477.0, 479.0, 479.0, 477.5, 477.0, 476.5, 475.5, 474.5, 474.5, 474.0, 474.0, 474.0, 472.5, 474.0, 483.5, 484.0, 486.5, 480.0, 479.0, 478.0, 478.5, 478.5, 479.0, 479.0, 479.0, 479.0, 478.5, 479.0, 479.0, 478.5, 478.5, 478.0, 479.5, 479.5, 479.0, 479.0, 479.5, 482.0, 484.5, 483.5, 482.5, 482.0, 479.0, 481.0, 481.0, 480.5, 480.5, 479.0, 479.0, 479.5, 481.0, 480.0, 480.0, 480.0, 478.0, 478.0, 478.0, 477.5, 478.0, 477.5, 478.0, 477.5, 479.5, 479.5, 479.5, 480.0, 479.5, 476.0, 476.5, 476.5, 477.0, 477.5, 478.5, 478.5, 476.5, 476.5, 477.5, 477.0, 477.0, 475.0, 475.5, 474.5, 475.5, 476.5, 476.0, 476.5]",True,False,False,,1818.8258098550723,-0.3427308484949393,False,0.0,0.0,0.0,0.0,10202.4,2.4581636284999195,41605.2,10.024346173102883,"台新-台北(41,605.20萬)／元大證券(40,528.80萬)／富邦證券(10,202.40萬)",True,False,1
2026-05-11,6435,OTC,2026-05-12,694.5,2.352794594368201,1,True,False,False,-2.6859504132231407,5.1652892561983474,False,4.535637149028078,231.5,242.0,254.5,240.5,248.5,248.5,2026-05-12,d1_close,2026,"[247.0, 247.0, 245.0, 247.5, 246.5, 247.0, 247.0, 249.0, 248.5, 244.5, 244.0, 248.0, 248.0, 247.0, 248.5, 246.5, 247.0, 245.5, 244.5, 244.0, 245.0, 243.5, 249.0, 248.0, 248.5, 246.5, 246.0, 243.5, 246.5, 246.0, 245.5, 245.0, 246.0, 247.0, 247.0, 246.0, 246.0, 246.0, 246.0, 245.5, 245.5, 248.0, 250.5, 250.5, 250.0, 250.0, 251.0, 250.5, 251.0, 251.0, 251.0, 251.0, 252.0, 251.5, 252.0, 252.0, 252.5, 252.5, 252.0, 251.0, 251.0, 251.0, 251.5, 251.0, 251.5, 252.0, 252.5, 252.5, 253.0, 254.0, 253.0, 252.0, 253.5, 252.5, 254.0, 252.5, 253.0, 251.5, 253.0, 252.5, 253.0, 251.5, 253.0, 253.0, 252.5, 252.0, 252.0, 251.0, 249.0, 248.5, 247.5, 247.5, 247.0, 247.0, 247.0, 247.0, 246.0, 246.5, 247.0, 246.0, 247.0, 247.5, 248.0, 248.0, 248.5, 249.0, 249.0, 249.5, 249.5, 250.0, 250.0, 248.5, 250.0, 250.0, 249.0, 249.0, 247.5, 248.0, 248.5, 248.5, 248.0, 247.5, 247.0, 247.5, 247.0, 247.0, 247.5, 247.5, 248.0, 249.0, 249.5, 249.5, 249.5, 250.0, 250.0, 250.0, 250.0, 250.0, 250.0, 250.5, 250.5, 250.5, 251.0, 252.0, 252.5, 251.5, 251.5, 251.5, 251.5, 251.5, 250.0, 249.5, 248.5, 248.5, 248.0, 248.0, 247.5, 247.5, 247.5, 248.0, 248.0, 248.0, 247.5, 247.5, 247.0, 247.5, 247.0, 246.5, 246.5, 244.0, 244.0, 245.5, 245.5, 244.5, 246.0, 246.5, 246.0, 246.0, 246.0, 246.5, 247.0, 246.0, 246.0, 246.0, 246.0, 248.0, 248.5, 248.5, 249.0, 249.0, 248.5, 248.0, 248.0, 248.0, 247.0, 247.0, 247.0, 247.5, 248.0, 248.5, 248.5, 248.5, 248.5, 248.5]",True,False,False,,86.7229095,-0.3427308484949393,False,1273.25,4.313456756341702,0.0,0.0,0.0,0.0,694.5,2.352794594368201,"凱基-台北(4,606.85萬)／永豐金-信義(2,268.70萬)／凱基-城中(1,273.25萬)",True,False,1
2026-05-11,7769,TSE,2026-05-12,249458.0,27.01168987245172,1,True,False,False,-5.448963929393707,7.444359171143515,False,2.115987460815047,6380.0,6515.0,7000.0,6415.0,6870.0,6870.0,2026-05-12,d1_close,2026,"[6505.0, 6450.0, 6495.0, 6485.0, 6535.0, 6575.0, 6615.0, 6625.0, 6585.0, 6630.0, 6680.0, 6695.0, 6730.0, 6800.0, 6770.0, 6765.0, 6770.0, 6810.0, 6815.0, 6780.0, 6760.0, 6765.0, 6785.0, 6830.0, 6805.0, 6735.0, 6790.0, 6795.0, 6800.0, 6775.0, 6800.0, 6805.0, 6805.0, 6795.0, 6800.0, 6815.0, 6810.0, 6800.0, 6795.0, 6790.0, 6795.0, 6805.0, 6840.0, 6840.0, 6835.0, 6805.0, 6790.0, 6825.0, 6840.0, 6820.0, 6825.0, 6825.0, 6830.0, 6830.0, 6830.0, 6820.0, 6820.0, 6850.0, 6860.0, 6855.0, 6855.0, 6860.0, 6865.0, 6920.0, 6960.0, 6990.0, 6980.0, 6975.0, 6990.0, 6990.0, 6960.0, 6915.0, 6940.0, 6950.0, 6945.0, 6935.0, 6910.0, 6890.0, 6930.0, 6955.0, 6930.0, 6955.0, 6960.0, 6970.0, 6975.0, 6965.0, 6950.0, 6950.0, 6960.0, 6955.0, 6960.0, 6940.0, 6940.0, 6940.0, 6960.0, 6960.0, 6970.0, 6960.0, 6960.0, 6960.0, 6990.0, 6975.0, 6995.0, 7000.0, 7000.0, 6975.0, 6975.0, 7000.0, 7000.0, 7000.0, 6975.0, 6980.0, 6965.0, 6960.0, 6955.0, 6945.0, 6950.0, 6955.0, 6955.0, 6950.0, 6955.0, 6925.0, 6910.0, 6930.0, 6910.0, 6900.0, 6880.0, 6900.0, 6900.0, 6915.0, 6925.0, 6930.0, 6920.0, 6925.0, 6925.0, 6930.0, 6905.0, 6910.0, 6910.0, 6910.0, 6890.0, 6880.0, 6875.0, 6865.0, 6860.0, 6890.0, 6895.0, 6920.0, 6925.0, 6925.0, 6910.0, 6920.0, 6905.0, 6920.0, 6925.0, 6925.0, 6940.0, 6925.0, 6945.0, 6945.0, 6950.0, 6950.0, 6950.0, 6950.0, 6950.0, 6950.0, 6955.0, 6955.0, 6920.0, 6955.0, 6950.0, 6920.0, 6920.0, 6945.0, 6945.0, 6920.0, 6940.0, 6920.0, 6920.0, 6945.0, 6920.0, 6870.0, 6875.0, 6885.0, 6870.0, 6865.0, 6870.0, 6870.0, 6910.0, 6910.0, 6905.0, 6905.0, 6900.0, 6885.0, 6880.0, 6870.0, 6865.0, 6860.0, 6855.0, 6840.0, 6870.0, 6880.0, 6895.0, 6880.0, 6900.0, 6885.0, 6885.0, 6880.0, 6855.0, 6880.0, 6885.0, 6900.0, 6890.0, 6870.0]",True,False,False,,11479.534,-0.3427308484949393,False,0.0,0.0,0.0,0.0,7018.0,0.759919663930867,249458.0,27.011689872451722,"台新-台北(249,458.00萬)／元大證券(55,506.00萬)／凱基-台北(50,402.00萬)",True,False,1
2026-05-11,8114,TSE,2026-05-12,1111.8,1.4556587681951552,2,True,False,False,-7.640449438202247,7.640449438202247,False,2.064220183486239,218.0,222.5,239.5,219.5,239.5,239.5,2026-05-12,d1_close,2026,"[221.0, 226.0, 228.5, 229.0, 230.0, 230.5, 230.0, 229.5, 230.0, 230.0, 229.0, 226.0, 227.0, 227.0, 226.0, 225.5, 225.0, 223.5, 226.0, 225.0, 229.5, 232.5, 230.5, 231.0, 230.0, 231.5, 229.5, 229.0, 229.0, 231.0, 231.5, 232.0, 233.0, 231.5, 231.0, 229.0, 229.0, 229.5, 228.5, 230.5, 231.0, 232.0, 233.5, 234.5, 233.5, 234.0, 233.0, 233.5, 232.5, 233.5, 232.0, 231.5, 233.5, 233.0, 232.0, 231.5, 231.0, 231.0, 231.5, 234.0, 235.0, 233.5, 233.0, 235.0, 236.0, 237.0, 237.5, 238.0, 239.0, 239.5, 239.5, 239.5, 239.5, 239.0, 238.5, 238.5, 239.5, 239.5, 238.5, 238.5, 238.5, 239.5, 239.5, 239.5, 239.5, 239.5, 239.5, 239.5, 239.5, 239.5, 239.5, 239.5, 239.5, 239.5, 239.5, 239.5, 239.5, 239.5, 239.5, 239.5, 239.5, 239.5, 239.5, 239.5, 239.5, 239.5, 239.5, 239.5, 239.5, 239.5, 239.5, 239.5, 239.5, 239.5, 239.5, 239.5, 239.5, 239.5, 239.5, 239.5, 239.5, 239.5, 239.5, 239.5, 239.5, 239.5, 239.5, 239.5, 239.5, 239.5, 239.5, 239.5, 239.5, 239.5, 239.5, 239.5, 239.5, 239.5, 239.5, 239.5, 239.5, 239.5, 239.5, 239.5, 239.5, 239.5, 239.5, 239.5, 239.5, 239.5, 239.5, 239.5, 239.5, 239.5, 239.5, 239.5, 239.5, 239.5, 239.5, 239.5, 239.5, 239.5, 239.5, 239.5, 239.5, 239.5, 239.5, 239.5, 239.5, 239.5, 239.5, 239.5, 239.5, 239.5, 239.5, 239.5, 239.5, 239.5, 239.5, 239.5, 239.5, 239.5, 239.5, 239.5, 239.5, 239.5, 239.5, 239.5, 239.5, 239.5, 239.5, 239.5, 239.5, 239.5, 239.5]",True,False,False,,234.506742,-0.3427308484949393,False,0.0,0.0,0.0,0.0,2376.2,3.1111138379072925,1111.8,1.4556587681951552,"台新(6,867.00萬)／凱基-台北(4,578.00萬)／富邦證券(2,376.20萬)",True,False,1
2026-05-11,8390,OTC,2026-05-12,393.3,1.0562542396703714,1,True,False,False,-4.245283018867925,6.60377358490566,False,2.415458937198068,103.5,106.0,113.0,104.0,110.5,110.5,2026-05-12,d1_close,2026,"[106.5, 106.0, 104.5, 106.0, 107.0, 106.5, 106.0, 107.0, 107.0, 107.0, 108.0, 108.0, 109.0, 108.5, 109.0, 109.0, 109.0, 108.0, 108.0, 108.0, 108.0, 107.5, 107.5, 107.5, 107.5, 108.5, 108.5, 108.0, 107.5, 108.0, 108.0, 107.5, 107.5, 107.5, 107.5, 107.5, 108.5, 108.5, 108.5, 108.5, 108.0, 108.0, 108.5, 108.5, 109.0, 109.0, 109.0, 109.0, 108.5, 108.5, 108.5, 108.5, 109.0, 108.5, 108.5, 108.0, 108.5, 109.0, 109.0, 109.5, 109.0, 110.0, 110.0, 112.5, 113.0, 113.0, 112.5, 113.0, 112.5, 113.0, 113.0, 113.0, 112.5, 112.5, 112.5, 113.0, 113.0, 112.5, 112.5, 112.5, 112.5, 112.5, 112.5, 112.0, 112.5, 112.0, 112.0, 112.0, 112.0, 112.0, 112.0, 111.5, 111.5, 111.5, 112.0, 111.5, 111.5, 111.5, 111.5, 111.0, 110.5, 111.0, 110.5, 111.0, 111.0, 110.5, 110.5, 110.5, 110.5, 110.0, 110.5, 110.0, 110.0, 110.5, 110.0, 110.5, 111.5, 111.5, 111.5, 111.5, 111.5, 111.5, 111.5, 111.5, 112.0, 112.0, 112.0, 112.0, 111.5, 112.0, 112.0, 111.5, 111.5, 111.5, 111.5, 111.0, 111.0, 111.0, 111.0, 111.0, 111.5, 111.0, 111.0, 110.5, 110.5, 111.0, 110.5, 110.5, 111.0, 110.5, 110.5, 110.5, 111.0, 111.0, 111.0, 111.0, 110.5, 110.5, 110.5, 110.0, 110.5, 110.5, 110.5, 110.5, 110.5, 110.0, 110.0, 110.5, 110.0, 110.5, 110.5, 110.0, 110.0, 110.5, 110.5, 110.0, 110.0, 110.0, 110.0, 110.0, 110.0, 110.0, 110.0, 110.0, 110.0, 109.5, 110.0, 109.5, 109.5, 109.5, 110.0, 110.5, 110.5, 110.5, 110.5, 110.5, 110.5, 110.5, 110.5, 110.5, 110.5, 110.5, 110.5, 110.5, 110.5, 111.0, 111.0, 111.0, 111.0, 111.0, 110.5, 111.0, 110.5, 111.0, 111.0, 111.0, 111.0, 111.0, 110.5, 111.0, 110.5]",True,False,False,,99.4801635,-0.3427308484949393,False,0.0,0.0,0.0,0.0,0.0,0.0,393.3,1.0562542396703714,"凱基-台北(6,396.30萬)／凱基(2,566.80萬)／港商野村(2,256.30萬)",True,False,0
2026-05-12,3583,TSE,2026-05-13,17802.4,3.3419354512312363,2,True,False,False,-5.573770491803279,6.120218579234972,False,-3.88655462184874,952.0,915.0,971.0,895.0,966.0,966.0,2026-05-13,d1_close,2026,"[904.0, 915.0, 918.0, 921.0, 926.0, 925.0, 925.0, 918.0, 918.0, 918.0, 922.0, 923.0, 916.0, 917.0, 909.0, 909.0, 909.0, 909.0, 919.0, 926.0, 928.0, 932.0, 936.0, 937.0, 935.0, 928.0, 922.0, 931.0, 933.0, 943.0, 949.0, 949.0, 949.0, 950.0, 956.0, 957.0, 953.0, 968.0, 963.0, 958.0, 969.0, 960.0, 959.0, 951.0, 946.0, 956.0, 955.0, 954.0, 957.0, 959.0, 963.0, 964.0, 964.0, 961.0, 959.0, 958.0, 958.0, 952.0, 955.0, 957.0, 958.0, 954.0, 947.0, 941.0, 942.0, 946.0, 941.0, 939.0, 934.0, 936.0, 939.0, 940.0, 940.0, 942.0, 942.0, 943.0, 943.0, 940.0, 938.0, 944.0, 944.0, 944.0, 945.0, 945.0, 946.0, 948.0, 949.0, 949.0, 953.0, 954.0, 955.0, 956.0, 955.0, 953.0, 953.0, 949.0, 951.0, 953.0, 955.0, 955.0, 955.0, 950.0, 948.0, 950.0, 949.0, 947.0, 947.0, 948.0, 946.0, 948.0, 948.0, 948.0, 950.0, 952.0, 953.0, 951.0, 952.0, 952.0, 952.0, 952.0, 952.0, 952.0, 952.0, 952.0, 952.0, 952.0, 952.0, 953.0, 953.0, 952.0, 955.0, 953.0, 953.0, 952.0, 952.0, 953.0, 953.0, 953.0, 953.0, 950.0, 952.0, 965.0, 965.0, 962.0, 960.0, 960.0, 960.0, 960.0, 959.0, 954.0, 953.0, 956.0, 956.0, 955.0, 954.0, 955.0, 956.0, 956.0, 956.0, 957.0, 954.0, 954.0, 953.0, 955.0, 955.0, 956.0, 958.0, 958.0, 959.0, 959.0, 957.0, 958.0, 957.0, 955.0, 956.0, 956.0, 955.0, 953.0, 953.0, 960.0, 959.0, 959.0, 959.0, 961.0, 961.0, 961.0, 961.0, 961.0, 961.0, 962.0, 961.0, 962.0, 962.0, 962.0, 962.0, 963.0, 963.0, 963.0, 963.0, 964.0, 963.0, 958.0, 958.0, 960.0, 961.0, 962.0, 965.0, 964.0, 963.0, 963.0, 965.0, 964.0, 965.0, 965.0, 966.0, 966.0, 967.0, 968.0, 966.0, 966.0, 963.0, 961.0, 961.0, 958.0, 958.0, 960.0, 960.0, 961.0, 965.0, 965.0, 965.0, 965.0, 963.0, 959.0, 962.0, 961.0, 959.0, 960.0, 958.0, 957.0, 959.0, 957.0, 958.0, 959.0, 960.0, 961.0, 964.0, 964.0, 963.0, 963.0, 963.0, 961.0, 961.0, 963.0, 962.0, 962.0, 962.0, 962.0, 962.0, 962.0, 962.0, 962.0, 962.0, 966.0, 967.0, 966.0]",True,False,False,,764.894872,0.7075772150426074,False,0.0,0.0,0.0,0.0,0.0,0.0,17802.4,3.3419354512312363,"港商麥格理(33,320.00萬)／永豐金證券(30,464.00萬)／台新-台北(17,802.40萬)",True,False,0
2026-05-12,5285,TSE,2026-05-13,685.4,1.7090456289250513,2,True,False,False,-0.6915629322268327,6.362378976486872,False,-2.953020134228192,74.5,72.3,76.9,71.9,72.8,72.8,2026-05-13,d1_close,2026,"[73.2, 74.2, 74.5, 74.8, 75.8, 74.7, 74.8, 74.9, 74.4, 75.4, 76.8, 76.4, 76.3, 75.6, 75.5, 75.1, 74.0, 74.7, 75.2, 75.5, 76.4, 76.2, 75.8, 75.3, 74.8, 74.4, 74.8, 74.6, 74.8, 74.8, 75.4, 75.7, 75.6, 75.4, 75.3, 75.3, 75.2, 74.8, 74.7, 74.6, 74.6, 75.8, 75.6, 76.0, 75.9, 75.7, 75.6, 75.7, 76.1, 76.0, 76.0, 76.3, 76.4, 76.5, 75.8, 75.8, 75.9, 75.8, 76.0, 75.7, 75.3, 75.3, 75.3, 75.4, 75.4, 75.3, 75.0, 74.8, 75.0, 74.8, 74.9, 74.9, 74.9, 74.8, 74.7, 74.2, 74.0, 74.0, 73.9, 73.9, 73.7, 73.8, 74.1, 74.2, 74.4, 74.4, 74.5, 74.5, 74.0, 73.4, 73.4, 73.4, 73.4, 73.5, 73.5, 73.4, 73.0, 72.8, 72.6, 72.7, 72.0, 72.3, 72.4, 72.8, 72.5, 72.8, 72.8, 72.5, 72.8, 72.7, 73.2, 73.5, 73.8, 73.5, 73.5, 73.4, 73.7, 73.5, 73.5, 73.3, 73.3, 73.3, 73.5, 73.5, 73.7, 73.7, 73.7, 73.7, 73.7, 73.7, 73.7, 73.7, 73.8, 73.8, 73.7, 74.0, 74.0, 74.0, 74.0, 74.0, 73.8, 73.7, 73.5, 73.5, 73.6, 73.6, 73.5, 73.5, 73.5, 73.4, 73.4, 73.5, 73.6, 73.5, 73.6, 73.6, 73.6, 73.5, 73.4, 73.4, 73.3, 73.3, 73.2, 73.3, 73.4, 73.4, 73.4, 73.3, 73.3, 73.2, 73.3, 73.2, 73.4, 73.3, 73.4, 73.5, 73.5, 73.7, 74.3, 74.4, 74.1, 74.2, 74.2, 74.2, 74.0, 74.2, 74.2, 73.9, 73.8, 73.6, 73.1, 73.2, 73.0, 73.2, 73.5, 73.7, 73.9, 73.9, 73.0, 73.6, 73.6, 73.1, 73.5, 73.2, 72.5, 73.1, 73.1, 73.1, 73.1, 73.0, 73.0, 73.0, 72.9, 72.9, 72.8, 72.8, 72.8, 72.7, 72.8, 72.9, 72.9, 73.0, 73.0, 73.1, 73.2, 73.2, 73.2, 73.1, 73.2, 73.3, 73.3, 73.1, 73.4, 73.3, 73.2, 73.3, 73.2, 72.7, 73.0, 72.8, 72.5, 72.8]",True,False,False,,76.0204705,0.7075772150426074,False,0.0,0.0,0.0,0.0,0.0,0.0,685.4,1.7090456289250513,"台灣摩根士丹利(2,018.95萬)／新加坡商瑞銀(1,899.75萬)／凱基-市政(737.55萬)",True,False,0
2026-05-12,6218,OTC,2026-05-13,405.9,2.3826577175005488,1,True,False,False,-2.500000000000003,2.500000000000003,False,7.317073170731707,41.0,44.0,45.1,43.95,45.1,45.1,2026-05-13,d1_close,2026,"[44.4, 45.1, 45.1, 45.1, 45.1, 45.1, 45.1, 45.1, 45.1, 45.1, 45.1, 45.1, 45.1, 45.1, 45.1, 45.1, 45.1, 45.1, 45.1, 45.1, 45.1, 45.1, 45.1, 45.1, 45.1, 45.1, 45.1, 45.1, 45.1, 45.1, 45.1, 45.1, 45.1, 45.1, 45.1, 45.1, 45.1, 45.1, 45.1, 45.1, 45.1, 45.1, 45.1, 45.1, 45.1, 45.1, 45.1, 45.1, 45.1, 45.1, 45.1, 45.1, 45.1, 45.1, 45.1, 45.1, 45.1, 45.1, 45.1, 45.1, 45.1, 45.1, 45.1, 45.1, 45.1, 45.1, 45.1, 45.1, 45.1, 45.1, 45.1, 45.1, 45.1, 45.1, 45.1, 45.1, 45.1, 45.1, 45.1, 45.1, 45.1, 45.1, 45.1, 45.1, 45.1, 45.1, 45.1, 45.1, 45.1, 45.1, 45.1, 45.1, 45.1, 45.1, 45.1, 45.1, 45.1, 45.1, 45.1, 45.1, 45.1, 45.1, 45.1, 45.1, 45.1, 45.1, 45.1, 45.1, 45.1, 45.1, 45.1, 45.1, 45.1, 45.1, 45.1, 45.1, 45.1, 45.1, 45.1, 45.1, 45.1, 45.1, 45.1, 45.1, 45.1, 45.1, 45.1, 45.1, 45.1, 45.1, 45.1, 45.1, 45.1, 45.1, 45.1, 45.1, 45.1, 45.1, 45.1]",True,False,False,,26.34742,0.7075772150426074,False,0.0,0.0,0.0,0.0,0.0,0.0,405.9,2.3826577175005488,"港商野村(2,050.00萬)／凱基-台北(1,426.80萬)／元大-竹科(807.70萬)",True,False,0
2026-05-12,8021,TSE,2026-05-13,5233.65,1.272724589776886,1,True,False,False,3.358613217768147,7.6923076923076925,True,-2.1208907741251326,471.5,461.5,497.0,446.0,446.0,446.0,2026-05-13,d1_close,2026,"[454.5, 465.0, 477.5, 485.5, 491.5, 487.0, 482.5, 483.5, 484.0, 482.5, 482.0, 475.0, 486.0, 478.5, 476.5, 474.5, 465.5, 476.0, 478.0, 476.5, 478.5, 477.5, 473.0, 471.5, 473.0, 468.5, 475.5, 480.0, 483.0, 481.5, 479.0, 482.0, 486.5, 495.5, 492.5, 493.0, 493.0, 492.5, 486.5, 489.0, 488.5, 486.5, 485.5, 485.0, 483.5, 484.0, 482.0, 483.0, 489.0, 488.0, 487.5, 484.5, 484.0, 485.5, 484.0, 486.0, 482.5, 487.0, 487.0, 483.5, 484.0, 484.0, 486.0, 485.5, 485.0, 484.5, 484.0, 483.5, 480.5, 481.0, 479.0, 479.0, 478.0, 479.0, 478.0, 475.5, 476.5, 473.5, 475.0, 476.5, 476.5, 477.0, 477.5, 472.5, 474.5, 474.5, 473.0, 475.0, 473.5, 476.0, 475.0, 474.5, 475.0, 473.0, 470.5, 473.0, 470.0, 471.0, 472.5, 472.0, 471.0, 470.5, 470.5, 468.0, 465.5, 462.5, 464.5, 464.0, 462.0, 461.5, 459.5, 458.5, 456.5, 457.5, 457.0, 458.5, 459.5, 460.0, 457.5, 459.5, 457.5, 455.5, 455.0, 453.0, 446.5, 449.5, 452.0, 453.0, 453.5, 457.0, 457.0, 457.0, 457.0, 457.5, 460.0, 460.5, 462.5, 462.0, 463.5, 462.0, 459.0, 461.5, 460.5, 460.5, 461.5, 463.0, 462.5, 462.5, 462.0, 462.0, 461.5, 461.0, 460.0, 462.0, 460.5, 461.0, 460.5, 460.0, 461.0, 460.5, 460.5, 461.0, 462.0, 462.0, 462.5, 460.0, 459.5, 459.0, 459.0, 459.0, 458.0, 458.5, 458.0, 458.0, 458.0, 456.5, 453.5, 454.0, 453.5, 454.5, 453.0, 453.0, 453.0, 453.0, 452.5, 452.0, 452.0, 454.5, 454.0, 453.5, 452.0, 452.0, 452.0, 453.0, 453.0, 452.5, 452.5, 452.5, 452.0, 451.5, 451.0, 450.5, 450.0, 451.5, 452.0, 452.5, 451.5, 451.5, 452.5, 452.0, 453.0, 453.0, 453.0, 453.0, 452.5, 453.0, 454.5, 454.0, 454.5, 455.5, 455.5, 454.0, 452.5, 452.0, 452.5, 452.0, 453.0, 452.0, 453.5, 453.0, 452.5, 453.0, 452.5, 453.0, 453.0, 453.5, 453.5, 453.5, 452.5, 453.0, 451.0, 450.5, 451.0, 452.5, 454.0, 453.0, 453.5, 454.5, 454.5, 454.5, 453.5, 453.5, 453.5, 452.0, 452.5, 451.5, 450.5, 451.0, 451.0, 450.0, 450.0, 449.0, 447.5, 446.5, 446.0]",True,False,False,,669.7303875,0.7075772150426074,False,0.0,0.0,0.0,0.0,1744.55,0.4242415299256286,5233.65,1.272724589776886,"元大證券(34,702.40萬)／凱基-信義(25,319.55萬)／摩根大通(22,396.25萬)",True,False,1
2026-05-12,8289,OTC,2026-05-13,323.91,0.8614859092265136,1,True,False,False,0.9124087591240876,7.481751824817522,True,-0.1821493624772339,54.9,54.8,58.9,54.3,54.3,54.3,2026-05-13,d1_close,2026,"[55.6, 56.5, 57.6, 57.2, 58.6, 57.0, 58.0, 57.5, 57.1, 56.7, 55.5, 56.1, 55.3, 55.3, 55.8, 57.1, 56.3, 56.1, 56.0, 56.1, 55.9, 55.7, 55.6, 55.4, 56.1, 56.8, 56.7, 57.1, 56.7, 56.6, 56.5, 57.3, 56.9, 56.6, 56.7, 56.6, 56.3, 55.9, 56.0, 56.3, 56.1, 55.8, 55.6, 55.7, 55.4, 55.5, 55.9, 56.0, 55.9, 56.2, 56.1, 55.9, 55.6, 55.9, 55.5, 55.6, 55.8, 55.5, 55.8, 55.9, 56.0, 55.8, 55.9, 55.4, 55.5, 55.5, 55.3, 55.0, 54.5, 55.1, 55.0, 54.9, 54.7, 54.5, 54.6, 54.5, 54.6, 54.9, 55.4, 55.4, 55.5, 55.5, 55.4, 55.8, 56.0, 56.1, 56.5, 56.3, 56.4, 56.1, 55.9, 55.8, 55.6, 55.7, 55.7, 55.7, 55.4, 55.3, 55.9, 55.8, 55.6, 55.5, 55.5, 55.5, 55.9, 55.5, 55.5, 55.4, 55.4, 55.4, 55.5, 55.5, 55.4, 55.5, 55.5, 55.8, 55.9, 55.8, 55.8, 55.7, 55.6, 55.4, 55.4, 55.5, 55.5, 55.5, 55.5, 55.6, 55.6, 55.7, 55.7, 55.7, 55.7, 55.7, 55.6, 55.6, 55.6, 55.6, 55.5, 55.6, 55.5, 55.6, 55.6, 55.4, 55.3, 55.3, 55.2, 55.3, 55.3, 55.4, 55.4, 55.4, 55.4, 55.5, 55.5, 55.5, 55.6, 55.5, 55.3, 55.2, 55.2, 55.0, 55.0, 54.9, 54.7, 54.9, 55.0, 54.9, 54.9, 55.0, 54.9, 54.9, 54.9, 54.9, 55.0, 55.0, 55.0, 55.0, 54.9, 54.9, 54.8, 54.8, 54.9, 54.9, 54.9, 55.0, 55.0, 55.1, 55.2, 55.2, 55.5, 56.2, 56.0, 56.3, 56.0, 56.0, 55.7, 55.7, 55.7, 55.6, 55.6, 55.6, 55.5, 55.5, 55.7, 55.7, 55.6, 55.5, 55.6, 55.5, 55.4, 55.5, 55.5, 55.6, 55.5, 55.4, 55.5, 55.7, 55.5, 55.3, 55.4, 55.1, 55.1, 55.1, 55.1, 55.1, 55.1, 55.0, 55.0, 55.0, 55.1, 55.2, 55.2, 55.2, 55.3, 55.2, 55.2, 55.2, 55.2, 55.2, 55.0, 55.0, 55.0, 55.0, 55.0, 54.8, 54.8, 55.0, 54.9, 54.9, 54.8, 54.3]",True,False,False,,37.5152562,0.7075772150426074,False,0.0,0.0,0.0,0.0,0.0,0.0,323.90999999999997,0.8614859092265134,"凱基-站前(3,497.13萬)／凱基-台北(2,508.93萬)／港商野村(1,498.77萬)",True,False,0
2026-05-13,3044,TSE,2026-05-14,2803.7,0.4407747407173636,1,True,False,False,4.119850187265917,1.49812734082397,True,0.945179584120983,529.0,534.0,542.0,506.0,512.0,512.0,2026-05-14,d1_close,2026,"[532.0, 528.0, 530.0, 536.0, 535.0, 532.0, 528.0, 525.0, 528.0, 527.0, 525.0, 529.0, 528.0, 529.0, 531.0, 529.0, 535.0, 532.0, 531.0, 531.0, 535.0, 532.0, 532.0, 531.0, 532.0, 532.0, 532.0, 528.0, 530.0, 530.0, 533.0, 533.0, 532.0, 533.0, 533.0, 531.0, 531.0, 531.0, 530.0, 531.0, 529.0, 530.0, 530.0, 528.0, 525.0, 521.0, 522.0, 522.0, 525.0, 526.0, 524.0, 522.0, 521.0, 521.0, 522.0, 522.0, 520.0, 521.0, 520.0, 521.0, 522.0, 523.0, 524.0, 524.0, 525.0, 525.0, 525.0, 525.0, 524.0, 524.0, 524.0, 524.0, 523.0, 524.0, 524.0, 523.0, 524.0, 523.0, 524.0, 524.0, 524.0, 524.0, 525.0, 526.0, 524.0, 523.0, 524.0, 523.0, 522.0, 521.0, 522.0, 523.0, 523.0, 524.0, 525.0, 526.0, 525.0, 526.0, 525.0, 525.0, 523.0, 522.0, 522.0, 520.0, 519.0, 518.0, 518.0, 518.0, 516.0, 518.0, 517.0, 519.0, 519.0, 520.0, 520.0, 521.0, 520.0, 520.0, 520.0, 521.0, 521.0, 521.0, 521.0, 521.0, 521.0, 521.0, 521.0, 520.0, 521.0, 520.0, 519.0, 518.0, 518.0, 518.0, 518.0, 518.0, 518.0, 516.0, 517.0, 517.0, 517.0, 517.0, 518.0, 518.0, 515.0, 515.0, 515.0, 514.0, 513.0, 515.0, 516.0, 516.0, 517.0, 518.0, 517.0, 517.0, 516.0, 517.0, 517.0, 516.0, 515.0, 515.0, 514.0, 514.0, 516.0, 516.0, 517.0, 518.0, 518.0, 518.0, 519.0, 519.0, 519.0, 519.0, 518.0, 518.0, 518.0, 519.0, 519.0, 519.0, 518.0, 519.0, 519.0, 518.0, 519.0, 519.0, 519.0, 518.0, 518.0, 519.0, 519.0, 520.0, 519.0, 519.0, 519.0, 519.0, 518.0, 517.0, 518.0, 517.0, 517.0, 518.0, 518.0, 518.0, 518.0, 519.0, 519.0, 517.0, 516.0, 515.0, 514.0, 514.0, 514.0, 514.0, 514.0, 514.0, 514.0, 514.0, 514.0, 517.0, 517.0, 517.0, 518.0, 516.0, 517.0, 516.0, 516.0, 516.0, 516.0, 515.0, 515.0, 514.0, 511.0, 511.0, 513.0, 512.0, 510.0, 510.0, 510.0, 511.0, 512.0, 512.0, 511.0, 510.0, 508.0, 508.0, 508.0, 508.0, 507.0, 507.0, 508.0, 508.0, 509.0, 509.0, 512.0]",True,False,False,,2780.455211,-0.994399146591313,False,0.0,0.0,0.0,0.0,12008.3,1.8878465309970105,2803.7,0.44077474071736367,"新加坡商瑞銀(79,931.90萬)／元大證券(52,529.70萬)／花旗環球(24,704.30萬)",True,False,1
2026-05-13,3357,OTC,2026-05-14,3642.3,1.7179997804811074,1,True,False,False,0.2155172413793103,0.8620689655172413,True,8.92018779342723,213.0,232.0,234.0,223.0,231.5,231.5,2026-05-14,d1_close,2026,"[234.0, 233.0, 230.5, 232.0, 230.5, 231.0, 233.0, 234.0, 231.5, 229.0, 229.0, 228.0, 226.5, 224.0, 228.5, 228.0, 232.5, 228.5, 227.0, 225.5, 226.5, 229.5, 229.0, 226.5, 225.0, 224.0, 225.0, 225.0, 226.5, 227.5, 226.0, 226.0, 227.5, 226.5, 226.0, 226.0, 225.5, 225.5, 226.5, 223.5, 224.0, 223.5, 224.0, 223.5, 226.5, 226.5, 225.0, 224.5, 226.5, 226.5, 226.5, 226.5, 227.0, 227.0, 226.0, 225.0, 226.5, 225.0, 225.5, 228.0, 226.5, 226.5, 228.5, 229.0, 230.0, 229.5, 229.5, 227.5, 229.0, 230.5, 229.5, 228.5, 230.0, 230.0, 229.5, 230.0, 232.0, 231.0, 231.0, 229.5, 232.0, 230.0, 231.0, 231.5, 231.0, 231.0, 230.5, 230.5, 230.0, 229.0, 229.0, 229.0, 228.5, 228.5, 229.5, 230.0, 230.5, 230.5, 230.0, 230.0, 230.5, 230.0, 229.5, 228.5, 227.5, 229.0, 229.0, 228.5, 228.0, 227.5, 227.0, 227.5, 229.0, 229.5, 229.0, 229.0, 229.0, 228.0, 227.5, 228.0, 228.0, 227.5, 227.0, 227.5, 227.5, 227.5, 227.0, 227.5, 229.0, 228.5, 228.5, 229.0, 228.5, 228.5, 230.5, 230.5, 232.0, 232.0, 232.0, 232.5, 231.5, 231.5, 231.5, 232.0, 231.5, 231.5, 231.5, 231.5, 232.0, 231.5, 231.5, 231.5, 231.5, 231.5, 230.5, 230.0, 230.0, 231.5, 232.0, 231.5, 231.0, 230.5, 230.5, 230.5, 230.0, 230.0, 230.0, 230.5, 230.5, 230.0, 230.0, 230.0, 230.0, 230.0, 230.0, 230.0, 229.5, 229.0, 229.0, 229.0, 229.0, 229.0, 230.0, 230.0, 230.5, 230.5, 230.5, 230.5, 230.0, 230.5, 230.5, 231.0, 231.0, 231.0, 231.0, 231.5, 231.5, 231.0, 232.0, 231.5, 232.0, 232.0, 232.0, 231.5, 231.5, 231.5, 232.0, 232.0, 232.5, 232.5, 233.0, 232.5, 232.5, 233.0, 233.5, 233.0, 233.0, 232.5, 233.5, 233.0, 233.0, 233.0, 233.0, 233.0, 232.5, 232.5, 232.5, 233.0, 232.5, 233.0, 233.0, 233.0, 233.0, 232.5, 232.0, 231.5, 232.0, 231.0, 231.0, 230.5, 230.5, 230.0, 230.0, 230.0, 230.0, 230.0, 230.0, 230.0, 229.5, 230.0, 229.0, 228.0, 233.0, 231.5, 231.0, 232.0, 232.0, 231.5]",True,False,False,,244.81581,-0.994399146591313,False,0.0,0.0,0.0,0.0,0.0,0.0,3642.3,1.7179997804811074,"富邦-新店(39,085.50萬)／港商野村(6,603.00萬)／元大-竹科(4,238.70萬)",True,False,0
2026-05-14,2345,TSE,2026-05-15,3210.0,0.157146966944471,1,True,False,False,5.113636363636364,0.0,True,-1.3084112149532712,2675.0,2640.0,2640.0,2500.0,2505.0,2505.0,2026-05-15,d1_close,2026,"[2615.0, 2595.0, 2585.0, 2570.0, 2555.0, 2535.0, 2520.0, 2525.0, 2570.0, 2590.0, 2615.0, 2610.0, 2570.0, 2570.0, 2585.0, 2565.0, 2565.0, 2565.0, 2570.0, 2575.0, 2560.0, 2570.0, 2570.0, 2580.0, 2570.0, 2595.0, 2600.0, 2595.0, 2600.0, 2590.0, 2590.0, 2585.0, 2590.0, 2600.0, 2590.0, 2590.0, 2590.0, 2580.0, 2570.0, 2565.0, 2560.0, 2555.0, 2550.0, 2560.0, 2575.0, 2555.0, 2555.0, 2560.0, 2560.0, 2550.0, 2550.0, 2545.0, 2545.0, 2545.0, 2560.0, 2560.0, 2555.0, 2550.0, 2555.0, 2555.0, 2555.0, 2560.0, 2565.0, 2565.0, 2565.0, 2565.0, 2570.0, 2565.0, 2570.0, 2570.0, 2580.0, 2575.0, 2585.0, 2585.0, 2580.0, 2590.0, 2590.0, 2590.0, 2585.0, 2580.0, 2585.0, 2580.0, 2580.0, 2595.0, 2595.0, 2600.0, 2600.0, 2590.0, 2590.0, 2590.0, 2580.0, 2575.0, 2575.0, 2570.0, 2570.0, 2570.0, 2570.0, 2565.0, 2560.0, 2560.0, 2555.0, 2565.0, 2570.0, 2575.0, 2575.0, 2570.0, 2575.0, 2575.0, 2580.0, 2580.0, 2580.0, 2585.0, 2585.0, 2585.0, 2585.0, 2580.0, 2575.0, 2580.0, 2580.0, 2575.0, 2580.0, 2575.0, 2575.0, 2575.0, 2575.0, 2570.0, 2575.0, 2565.0, 2565.0, 2570.0, 2570.0, 2565.0, 2565.0, 2560.0, 2560.0, 2555.0, 2555.0, 2550.0, 2550.0, 2550.0, 2550.0, 2555.0, 2560.0, 2560.0, 2550.0, 2550.0, 2555.0, 2550.0, 2550.0, 2540.0, 2540.0, 2540.0, 2535.0, 2540.0, 2545.0, 2550.0, 2550.0, 2540.0, 2545.0, 2535.0, 2535.0, 2540.0, 2540.0, 2540.0, 2545.0, 2540.0, 2535.0, 2530.0, 2525.0, 2530.0, 2545.0, 2545.0, 2550.0, 2550.0, 2550.0, 2540.0, 2550.0, 2545.0, 2535.0, 2535.0, 2540.0, 2535.0, 2530.0, 2525.0, 2530.0, 2530.0, 2520.0, 2520.0, 2525.0, 2525.0, 2535.0, 2530.0, 2530.0, 2530.0, 2535.0, 2530.0, 2525.0, 2530.0, 2530.0, 2525.0, 2530.0, 2530.0, 2525.0, 2525.0, 2525.0, 2520.0, 2510.0, 2505.0, 2520.0, 2530.0, 2530.0, 2530.0, 2525.0, 2525.0, 2525.0, 2525.0, 2525.0, 2530.0, 2530.0, 2525.0, 2525.0, 2525.0, 2525.0, 2520.0, 2520.0, 2515.0, 2510.0, 2505.0, 2525.0, 2525.0, 2515.0, 2515.0, 2510.0, 2515.0, 2525.0, 2515.0, 2520.0, 2520.0, 2515.0, 2520.0, 2515.0, 2515.0, 2500.0, 2505.0, 2510.0, 2515.0, 2525.0, 2515.0, 2525.0, 2520.0, 2520.0, 2510.0, 2510.0, 2505.0, 2500.0, 2510.0, 2515.0, 2515.0, 2510.0, 2505.0, 2505.0]",True,False,False,,15009.903825,-0.3498230955322307,False,0.0,0.0,0.0,0.0,43335.0,2.1214840537503585,3210.0,0.157146966944471,"新加坡商瑞銀(260,010.00萬)／美林(180,562.50萬)／美商高盛(128,935.00萬)",True,False,1
2026-05-14,6223,OTC,2026-05-15,189329.0,55.22337948735825,1,True,False,False,6.130573248407643,6.130573248407643,True,-0.1589825119236884,6290.0,6280.0,6665.0,5895.0,5895.0,5895.0,2026-05-15,d1_close,2026,"[6200.0, 6185.0, 6190.0, 6145.0, 6260.0, 6320.0, 6360.0, 6335.0, 6400.0, 6460.0, 6465.0, 6500.0, 6520.0, 6595.0, 6640.0, 6625.0, 6615.0, 6615.0, 6660.0, 6560.0, 6540.0, 6550.0, 6450.0, 6440.0, 6425.0, 6420.0, 6380.0, 6370.0, 6310.0, 6360.0, 6300.0, 6280.0, 6255.0, 6325.0, 6325.0, 6330.0, 6355.0, 6375.0, 6375.0, 6375.0, 6325.0, 6325.0, 6325.0, 6260.0, 6275.0, 6285.0, 6260.0, 6260.0, 6225.0, 6180.0, 6160.0, 6210.0, 6170.0, 6160.0, 6135.0, 6135.0, 6105.0, 6060.0, 6075.0, 6085.0, 6155.0, 6130.0, 6130.0, 6120.0, 6115.0, 6130.0, 6105.0, 6105.0, 6080.0, 6070.0, 6120.0, 6140.0, 6140.0, 6155.0, 6210.0, 6200.0, 6195.0, 6210.0, 6225.0, 6205.0, 6205.0, 6170.0, 6170.0, 6140.0, 6160.0, 6160.0, 6150.0, 6140.0, 6100.0, 6100.0, 6105.0, 6125.0, 6125.0, 6145.0, 6145.0, 6115.0, 6100.0, 6115.0, 6145.0, 6110.0, 6140.0, 6090.0, 6085.0, 6075.0, 6070.0, 6035.0, 6045.0, 6070.0, 6030.0, 6005.0, 6020.0, 6030.0, 6020.0, 6040.0, 6100.0, 6095.0, 6085.0, 6070.0, 6065.0, 6060.0, 6065.0, 6095.0, 6080.0, 6070.0, 6055.0, 6015.0, 6025.0, 6025.0, 6050.0, 6055.0, 6060.0, 6045.0, 6030.0, 6050.0, 6050.0, 6080.0, 6085.0, 6075.0, 6055.0, 6085.0, 6085.0, 6100.0, 6110.0, 6070.0, 6060.0, 6065.0, 6065.0, 6070.0, 6060.0, 6060.0, 6095.0, 6090.0, 6095.0, 6065.0, 6055.0, 6075.0, 6100.0, 6065.0, 6095.0, 6090.0, 6060.0, 6060.0, 6055.0, 6050.0, 6050.0, 6050.0, 6050.0, 6040.0, 6065.0, 6030.0, 6080.0, 6080.0, 6050.0, 6065.0, 6050.0, 6040.0, 6030.0, 6005.0, 6020.0, 6020.0, 6015.0, 6005.0, 6000.0, 6010.0, 6005.0, 5990.0, 6005.0, 5980.0, 5970.0, 5980.0, 5990.0, 5985.0, 5975.0, 5985.0, 5960.0, 5970.0, 5990.0, 5990.0, 5975.0, 5980.0, 5930.0, 5960.0, 5950.0, 5935.0, 5945.0, 5930.0, 5930.0, 5935.0, 5930.0, 5895.0]",True,False,False,,6163.02377,-0.3498230955322307,False,0.0,0.0,0.0,0.0,-43401.0,-12.659180015374483,189329.0,55.22337948735825,"台新-台北(189,329.00萬)／元大證券(30,192.00萬)／富邦-台北(20,128.00萬)",True,False,1
2026-05-14,6510,OTC,2026-05-15,4980.0,0.8941564117916159,1,True,False,False,11.071428571428571,0.0,True,1.2048192771084338,4150.0,4200.0,4200.0,3735.0,3735.0,3735.0,2026-05-15,d1_close,2026,"[4120.0, 4110.0, 4070.0, 4075.0, 4130.0, 4135.0, 4035.0, 4045.0, 4030.0, 4080.0, 4080.0, 4080.0, 4090.0, 4145.0, 4135.0, 4110.0, 4100.0, 4110.0, 4115.0, 4105.0, 4110.0, 4085.0, 4080.0, 4070.0, 4105.0, 4115.0, 4120.0, 4090.0, 4065.0, 4060.0, 4095.0, 4055.0, 4045.0, 4060.0, 4065.0, 4070.0, 4070.0, 4060.0, 4030.0, 4035.0, 3985.0, 3980.0, 3980.0, 3980.0, 3980.0, 3960.0, 3955.0, 3980.0, 3955.0, 3940.0, 3920.0, 3905.0, 3910.0, 3890.0, 3875.0, 3870.0, 3850.0, 3860.0, 3865.0, 3860.0, 3865.0, 3875.0, 3880.0, 3880.0, 3870.0, 3855.0, 3830.0, 3815.0, 3800.0, 3830.0, 3850.0, 3845.0, 3840.0, 3870.0, 3870.0, 3860.0, 3870.0, 3870.0, 3850.0, 3845.0, 3865.0, 3835.0, 3795.0, 3795.0, 3790.0, 3780.0, 3780.0, 3775.0, 3780.0, 3780.0, 3790.0, 3780.0, 3780.0, 3770.0, 3785.0, 3795.0, 3815.0, 3805.0, 3800.0, 3805.0, 3835.0, 3825.0, 3800.0, 3800.0, 3785.0, 3805.0, 3815.0, 3855.0, 3855.0, 3850.0, 3835.0, 3830.0, 3815.0, 3815.0, 3820.0, 3820.0, 3810.0, 3805.0, 3805.0, 3800.0, 3800.0, 3790.0, 3780.0, 3770.0, 3800.0, 3800.0, 3815.0, 3810.0, 3805.0, 3815.0, 3820.0, 3840.0, 3840.0, 3840.0, 3825.0, 3825.0, 3820.0, 3805.0, 3805.0, 3800.0, 3800.0, 3795.0, 3810.0, 3800.0, 3795.0, 3815.0, 3795.0, 3790.0, 3785.0, 3785.0, 3785.0, 3800.0, 3805.0, 3790.0, 3790.0, 3795.0, 3785.0, 3795.0, 3795.0, 3795.0, 3805.0, 3795.0, 3805.0, 3800.0, 3800.0, 3795.0, 3790.0, 3775.0, 3765.0, 3755.0, 3755.0, 3750.0, 3750.0, 3745.0, 3750.0, 3745.0, 3740.0, 3735.0, 3735.0, 3735.0, 3735.0, 3735.0, 3735.0, 3735.0, 3735.0, 3735.0, 3735.0, 3735.0, 3735.0, 3735.0, 3735.0, 3735.0]",True,False,False,,1360.7435,-0.3498230955322307,False,0.0,0.0,0.0,0.0,0.0,0.0,4980.0,0.8941564117916159,"美商高盛(24,070.00萬)／新加坡商瑞銀(20,335.00萬)／台灣摩根士丹利(14,110.00萬)",True,False,0
2026-05-14,6525,TSE,2026-05-15,605.8,2.56582849433101,1,True,False,False,8.296943231441048,0.4366812227074235,True,-1.7167381974248928,116.5,114.5,115.0,105.0,105.0,105.0,2026-05-15,d1_close,2026,"[113.5, 113.0, 113.5, 114.5, 113.5, 113.5, 113.0, 112.0, 112.5, 112.5, 112.0, 112.5, 112.0, 111.5, 111.5, 112.0, 112.0, 112.0, 111.5, 110.0, 111.0, 110.0, 111.0, 112.0, 112.0, 112.0, 112.0, 112.0, 112.0, 111.0, 111.0, 110.5, 111.0, 111.5, 111.5, 112.0, 111.5, 112.0, 112.0, 112.0, 111.0, 111.0, 110.5, 110.5, 110.5, 110.5, 110.5, 111.0, 110.5, 110.5, 110.0, 109.5, 109.5, 109.5, 110.0, 109.5, 109.5, 109.5, 110.0, 109.5, 109.5, 109.5, 109.0, 109.0, 109.5, 110.0, 110.0, 110.0, 110.0, 110.0, 110.0, 109.5, 109.0, 109.0, 109.0, 109.0, 109.5, 109.0, 109.0, 108.5, 108.5, 109.0, 109.0, 109.0, 109.0, 108.5, 108.5, 108.0, 108.5, 108.5, 108.5, 108.5, 109.0, 109.0, 109.0, 108.5, 108.5, 108.5, 109.0, 109.0, 109.0, 109.0, 109.0, 109.0, 109.0, 109.0, 109.0, 109.0, 109.0, 109.0, 109.0, 108.5, 109.0, 109.0, 109.0, 109.0, 109.0, 109.0, 109.0, 108.5, 108.5, 107.0, 107.0, 107.0, 107.5, 107.0, 107.0, 107.5, 107.5, 107.0, 107.0, 107.0, 106.5, 106.0, 106.0, 106.5, 105.5, 106.0, 106.5, 106.5, 106.0, 106.0, 106.0, 106.5, 106.5, 106.5, 106.5, 106.5, 106.5, 106.5, 107.0, 106.5, 106.5, 107.0, 106.5, 106.5, 106.5, 106.5, 106.5, 106.5, 106.0, 106.0, 106.0, 106.0, 106.0, 106.0, 106.0, 105.5, 105.5, 105.5, 105.0, 105.0, 105.0, 105.0, 105.0, 105.0, 105.0, 105.5, 105.5, 105.5, 105.0, 105.0, 105.5, 105.0, 105.5, 105.0, 105.0, 105.5, 105.0, 105.5, 105.5, 105.5, 105.5, 105.5, 105.5, 105.5, 105.5, 105.5, 105.5, 105.0, 105.0, 105.0, 105.0, 105.5, 105.0, 105.5, 105.0, 105.5, 105.5, 105.5, 105.5, 105.0, 105.0, 105.5, 105.0, 105.0, 105.0, 105.0, 105.0, 105.5, 105.5, 105.0, 105.0, 105.0, 105.0, 105.0, 105.0, 105.0, 105.0, 105.0, 105.0, 105.0]",True,False,False,,150.340221,-0.3498230955322307,False,11801.45,49.98431278379448,0.0,0.0,0.0,0.0,605.8,2.56582849433101,"凱基-城中(11,801.45萬)／元大-新盛(3,483.35萬)／台新-台北(605.80萬)",True,False,1
2026-05-14,8021,TSE,2026-05-15,5444.55,1.7901153202445637,1,True,False,False,6.0638297872340425,0.5319148936170213,True,-4.17940876656473,490.5,470.0,472.5,441.5,441.5,441.5,2026-05-15,d1_close,2026,"[464.0, 454.0, 455.5, 456.0, 447.5, 445.0, 441.5, 441.5, 441.5, 441.5, 441.5, 441.5, 441.5, 441.5, 441.5, 441.5, 441.5, 441.5, 441.5, 441.5, 441.5, 441.5, 441.5, 441.5, 441.5, 441.5, 441.5, 441.5, 445.0, 443.0, 441.5, 441.5, 441.5, 441.5, 441.5, 441.5, 441.5, 441.5, 441.5, 441.5, 441.5, 441.5, 441.5, 441.5, 441.5, 441.5, 441.5, 441.5, 441.5, 441.5, 441.5, 441.5, 441.5, 441.5, 441.5, 441.5, 441.5, 441.5, 441.5, 441.5, 441.5, 441.5, 441.5, 441.5, 441.5, 441.5, 441.5, 441.5, 441.5, 441.5, 441.5, 441.5, 441.5, 441.5, 441.5, 441.5, 441.5, 441.5, 441.5, 441.5, 441.5, 441.5, 441.5, 441.5, 441.5, 441.5, 441.5, 441.5, 441.5, 441.5, 441.5, 441.5, 441.5, 441.5, 441.5, 441.5, 441.5, 441.5, 441.5, 441.5, 441.5, 441.5, 441.5, 441.5, 441.5, 441.5, 441.5, 441.5, 441.5, 441.5, 441.5, 441.5, 441.5, 441.5, 441.5, 441.5, 441.5, 441.5, 441.5, 441.5, 441.5, 441.5, 441.5, 441.5, 441.5, 441.5, 441.5, 441.5, 441.5, 441.5, 441.5, 441.5, 441.5, 441.5, 441.5, 441.5, 441.5, 441.5, 441.5, 441.5, 441.5, 441.5, 441.5, 441.5, 441.5, 441.5, 441.5, 441.5, 441.5, 441.5, 441.5, 441.5, 441.5, 441.5, 441.5, 441.5, 441.5, 441.5, 441.5, 441.5, 441.5, 441.5, 441.5, 441.5, 441.5, 441.5, 441.5, 441.5, 441.5, 441.5, 441.5, 441.5, 441.5, 441.5, 441.5, 441.5, 441.5, 441.5, 441.5, 441.5, 441.5, 441.5, 441.5, 441.5, 441.5, 441.5, 441.5, 441.5, 441.5, 441.5, 441.5, 441.5, 441.5, 441.5, 441.5, 441.5, 441.5, 441.5, 441.5, 441.5, 441.5, 441.5, 441.5, 441.5, 441.5, 441.5, 441.5, 441.5, 441.5, 441.5, 441.5, 441.5, 441.5, 441.5, 441.5, 441.5, 441.5, 441.5, 441.5, 441.5, 441.5, 441.5, 441.5]",True,False,False,,711.4334625,-0.3498230955322307,False,0.0,0.0,0.0,0.0,30214.8,9.934333669104966,5444.55,1.7901153202445637,"元大證券(42,967.80萬)／凱基-信義(41,251.05萬)／富邦證券(30,214.80萬)",True,False,1
2026-05-15,4576,TSE,2026-05-18,38763.0,17.39483681771335,1,True,False,False,5.656934306569343,0.0,True,3.2015065913371,265.5,274.0,274.0,251.5,258.5,258.5,2026-05-18,d1_close,2026,"[265.0, 260.5, 258.0, 258.5, 263.0, 261.0, 263.5, 255.0, 258.5, 255.5, 258.0, 255.0, 255.0, 255.0, 255.5, 259.0, 261.5, 263.0, 261.5, 261.5, 261.0, 263.0, 261.5, 262.5, 264.0, 262.5, 263.0, 262.5, 264.0, 263.0, 265.0, 265.5, 264.0, 262.0, 262.5, 263.0, 261.5, 258.0, 259.5, 260.0, 260.0, 260.0, 260.5, 260.5, 259.0, 256.5, 255.5, 259.0, 259.0, 259.5, 258.5, 257.5, 259.0, 259.0, 259.0, 259.0, 259.5, 259.5, 260.0, 259.5, 260.0, 260.0, 260.0, 260.0, 259.0, 257.5, 258.0, 257.0, 257.5, 258.0, 258.0, 259.5, 260.0, 260.5, 261.5, 261.5, 261.5, 261.5, 262.0, 261.0, 260.0, 259.0, 259.0, 259.0, 260.0, 260.5, 258.5, 259.0, 259.0, 259.5, 260.0, 260.0, 259.5, 258.5, 258.5, 259.0, 257.5, 256.5, 257.0, 256.5, 257.0, 257.0, 257.5, 257.5, 257.5, 256.5, 256.5, 257.0, 256.0, 255.0, 256.0, 255.5, 255.0, 255.0, 255.0, 255.5, 255.0, 255.0, 255.0, 255.0, 255.5, 255.5, 256.0, 255.0, 255.0, 255.0, 255.0, 255.0, 254.5, 254.0, 254.5, 254.5, 254.0, 254.5, 254.5, 254.5, 253.0, 252.0, 253.5, 254.0, 254.5, 254.5, 254.0, 254.0, 253.0, 253.5, 253.5, 253.5, 254.0, 254.5, 254.5, 254.5, 255.0, 255.5, 256.0, 256.0, 256.5, 256.5, 257.0, 256.5, 256.0, 256.0, 257.0, 256.5, 257.0, 256.5, 256.0, 256.5, 257.0, 257.0, 256.5, 257.0, 257.0, 256.5, 256.0, 255.5, 255.0, 255.0, 254.5, 254.5, 253.5, 255.0, 255.0, 256.0, 257.0, 257.0, 257.5, 257.5, 258.0, 258.5, 258.5, 258.0, 257.5, 257.0, 257.0, 256.5, 256.5, 256.0, 256.0, 256.0, 256.0, 256.0, 256.0, 256.0, 256.5, 256.5, 258.0, 257.5, 257.0, 257.0, 256.5, 256.5, 257.0, 257.0, 256.5, 256.5, 257.5, 257.0, 257.0, 257.0, 257.0, 256.5, 256.5, 257.5, 257.5, 257.0, 257.0, 257.0, 259.5, 258.0, 258.5, 258.5, 259.0, 259.0, 260.0, 259.0, 259.0, 259.0, 259.0, 258.5, 258.5, 258.5, 258.0, 258.5, 259.0, 258.5, 258.0, 258.0, 259.0, 258.5, 258.5, 258.5, 258.5, 258.5]",True,False,False,,318.073779,-0.4885617953087032,False,0.0,0.0,0.0,0.0,0.0,0.0,38763.0,17.39483681771335,"台新-台北(38,763.00萬)／凱基-台北(5,442.75萬)／摩根大通(4,433.85萬)",True,False,0
2026-05-15,8043,OTC,2026-05-18,16690.1,15.12816978170887,1,True,False,False,-8.928571428571429,10.714285714285714,False,-0.8849557522123894,113.0,112.0,124.0,105.5,122.0,122.0,2026-05-18,d1_close,2026,"[112.5, 108.5, 110.5, 112.5, 114.0, 111.0, 109.5, 107.0, 110.0, 109.0, 110.0, 110.0, 110.0, 111.0, 111.5, 111.5, 111.5, 110.0, 110.0, 112.5, 111.5, 111.5, 112.5, 112.0, 111.5, 111.5, 111.0, 110.5, 110.0, 109.5, 108.5, 108.0, 108.5, 108.5, 108.0, 107.5, 109.5, 110.5, 110.5, 110.0, 110.0, 111.0, 110.5, 110.0, 109.5, 109.5, 110.0, 110.0, 111.0, 111.5, 112.0, 112.0, 112.0, 112.0, 113.0, 113.0, 112.0, 112.0, 111.0, 111.0, 111.5, 111.5, 111.5, 111.0, 110.5, 110.5, 111.0, 111.0, 111.5, 112.0, 112.0, 112.5, 113.5, 114.0, 113.0, 113.5, 114.0, 115.0, 115.0, 115.0, 115.5, 115.5, 115.0, 116.5, 115.5, 115.5, 115.0, 115.0, 115.0, 115.0, 115.0, 113.5, 114.5, 114.5, 115.0, 114.5, 114.5, 114.5, 115.0, 115.5, 116.0, 116.0, 115.5, 115.5, 114.5, 114.5, 114.5, 114.5, 114.5, 113.5, 113.5, 114.0, 113.0, 113.0, 114.0, 114.0, 114.0, 114.0, 114.0, 114.0, 115.5, 116.0, 116.0, 115.5, 116.0, 117.5, 117.0, 118.0, 118.0, 119.0, 121.0, 120.0, 119.0, 120.5, 120.5, 122.0, 121.0, 120.5, 122.0, 122.0, 121.5, 121.5, 121.0, 119.5, 120.0, 120.0, 120.5, 120.5, 121.5, 121.0, 119.5, 117.5, 118.0, 118.5, 119.0, 119.5, 119.5, 119.5, 119.0, 119.0, 119.0, 118.5, 116.5, 118.0, 118.5, 118.5, 118.5, 118.5, 119.5, 119.0, 119.0, 119.0, 117.5, 118.0, 118.0, 117.5, 117.5, 116.5, 117.0, 117.0, 117.0, 117.5, 118.5, 118.5, 119.0, 118.5, 119.5, 120.5, 120.5, 121.5, 121.0, 120.5, 120.0, 120.5, 122.0, 122.0, 122.0, 121.0, 120.5, 120.0, 120.0, 120.0, 120.0, 119.5, 119.0, 119.0, 119.0, 119.0, 119.5, 120.0, 120.5, 120.5, 121.0, 121.0, 120.0, 121.0, 121.0, 121.0, 121.0, 121.0, 121.0, 121.0, 121.0, 120.5, 121.0, 121.0, 120.0, 120.0, 120.0, 119.5, 119.5, 119.5, 120.0, 120.0, 120.0, 120.0, 120.0, 120.5, 121.0, 121.5, 121.0, 121.0, 123.0, 123.0, 122.5, 122.5, 122.5, 123.0, 123.0, 122.5, 123.5, 123.0, 123.0, 121.5, 122.0, 122.0, 122.0, 122.0, 122.0, 121.5, 121.0, 122.0, 122.0]",True,False,False,,90.295136,-0.4885617953087032,False,0.0,0.0,0.0,0.0,0.0,0.0,16690.1,15.12816978170887,"台新-城東(19,820.20萬)／台新-台北(16,690.10萬)／凱基-台北(9,345.10萬)",True,False,0
2026-05-18,6207,OTC,2026-05-19,1010.31,0.3211532963231266,2,True,False,False,1.0613207547169712,10.023584905660378,True,-0.1177856301531313,84.9,84.8,93.3,83.9,83.9,83.9,2026-05-19,d1_close,2026,"[87.7, 87.3, 88.3, 88.6, 89.0, 87.8, 88.1, 88.1, 88.7, 89.1, 89.5, 88.8, 89.8, 90.8, 91.4, 92.3, 92.4, 92.5, 90.8, 91.0, 91.9, 91.4, 91.9, 91.6, 91.8, 91.6, 91.6, 91.6, 91.6, 91.6, 92.3, 91.9, 91.7, 91.5, 91.4, 91.2, 90.7, 91.4, 91.6, 91.9, 91.8, 91.6, 91.7, 91.6, 91.0, 91.6, 91.4, 91.1, 90.6, 90.0, 90.5, 90.0, 89.7, 88.2, 89.3, 88.8, 89.9, 89.6, 89.5, 89.8, 89.8, 89.3, 89.2, 89.6, 89.5, 89.7, 89.7, 89.8, 90.4, 91.0, 91.1, 90.9, 90.9, 91.3, 91.5, 90.7, 90.6, 90.4, 90.5, 90.4, 90.0, 89.8, 89.3, 89.7, 90.2, 90.6, 90.1, 90.0, 90.0, 89.7, 89.9, 89.8, 89.8, 89.7, 89.5, 89.1, 88.9, 88.8, 88.1, 86.5, 86.9, 87.8, 88.1, 88.4, 88.7, 88.7, 88.7, 88.5, 88.0, 88.0, 87.9, 87.9, 87.8, 87.8, 87.7, 87.9, 87.6, 87.7, 87.7, 87.0, 86.9, 86.7, 86.9, 87.1, 87.4, 87.5, 87.8, 87.5, 87.6, 87.9, 87.8, 87.5, 87.7, 88.2, 88.2, 88.5, 88.4, 88.4, 88.7, 88.6, 88.0, 88.1, 88.5, 89.2, 89.3, 88.9, 89.3, 89.3, 89.0, 89.0, 89.0, 89.0, 88.9, 88.9, 88.9, 88.5, 88.8, 88.8, 88.8, 88.7, 88.5, 88.6, 88.6, 88.5, 88.2, 88.1, 88.4, 88.2, 88.2, 88.0, 87.4, 88.0, 87.6, 87.6, 87.6, 87.5, 87.5, 87.4, 87.4, 87.2, 87.2, 87.1, 87.5, 87.2, 87.6, 87.9, 88.3, 88.0, 87.9, 88.0, 87.8, 87.3, 87.0, 87.3, 86.9, 87.0, 87.0, 86.8, 87.1, 87.3, 87.4, 87.0, 86.9, 87.2, 87.3, 87.3, 87.6, 87.8, 87.7, 87.6, 87.5, 87.4, 87.3, 87.3, 87.2, 87.7, 87.7, 87.5, 87.5, 87.6, 87.6, 87.9, 87.7, 87.9, 87.7, 87.7, 87.6, 87.5, 87.5, 88.3, 88.0, 87.9, 87.6, 87.5, 87.9, 87.6, 87.9, 87.9, 87.8, 88.3, 88.0, 87.7, 87.7, 87.5, 87.8, 87.5, 87.0, 87.3, 87.6, 87.7, 87.8, 87.6, 87.4, 87.2, 87.2, 87.1, 87.1, 86.7, 86.8, 86.7, 86.9, 86.7, 86.7, 87.1, 83.9]",True,False,False,,67.71725880000001,-2.0596262432113632,False,0.0,0.0,3998.79,1.2711193493125432,-20027.91,-6.366391815346686,1010.3100000000001,0.3211532963231266,"國票-敦北法人(4,041.24萬)／統一-城中(3,998.79萬)／統一(3,472.41萬)",True,False,2
2026-05-18,6719,TSE,2026-05-19,1122.0,1.4130305252072757,1,True,False,False,4.090909090909091,2.9545454545454546,True,0.0,220.0,220.0,226.5,210.0,211.0,211.0,2026-05-19,d1_close,2026,"[223.0, 222.5, 225.0, 225.5, 225.0, 222.0, 223.0, 220.5, 220.5, 220.5, 219.0, 219.5, 221.0, 220.5, 223.0, 223.0, 222.5, 222.0, 222.0, 221.0, 220.0, 219.5, 220.5, 222.5, 223.0, 222.5, 222.0, 224.5, 222.5, 223.5, 222.5, 221.5, 221.5, 222.0, 222.0, 222.5, 222.5, 222.5, 221.5, 221.5, 220.0, 219.0, 219.0, 219.5, 219.5, 218.5, 217.5, 218.0, 218.0, 218.0, 218.0, 217.5, 216.5, 216.5, 213.5, 213.0, 214.5, 214.5, 214.5, 215.0, 215.0, 215.0, 215.0, 215.0, 215.5, 215.5, 216.0, 216.0, 217.0, 216.5, 216.5, 216.0, 216.5, 216.0, 216.0, 214.5, 215.5, 215.0, 216.0, 216.5, 216.5, 216.0, 215.5, 215.5, 215.0, 215.0, 215.0, 215.0, 214.0, 214.0, 214.0, 214.0, 213.5, 213.5, 214.0, 214.0, 214.0, 214.0, 214.0, 214.5, 214.5, 214.5, 214.5, 214.5, 215.0, 215.0, 216.0, 214.5, 215.0, 215.5, 215.5, 215.5, 215.5, 215.0, 215.0, 214.5, 214.5, 215.0, 215.0, 215.0, 215.0, 214.0, 215.0, 215.0, 214.5, 215.0, 215.0, 215.5, 215.0, 215.0, 214.5, 214.5, 213.0, 213.5, 213.5, 214.0, 214.0, 214.0, 214.0, 214.0, 214.0, 214.0, 214.0, 213.5, 213.5, 213.5, 213.5, 213.5, 212.0, 212.5, 212.5, 213.0, 212.5, 212.5, 212.5, 212.0, 212.0, 212.5, 211.5, 211.5, 211.5, 211.5, 212.0, 211.0, 211.5, 211.5, 210.5, 210.5, 211.0, 211.5, 213.0, 212.5, 212.5, 212.5, 212.5, 212.5, 212.0, 212.0, 212.0, 211.5, 211.0, 211.0, 211.5, 212.0, 212.0, 212.5, 212.5, 213.5, 213.0, 213.0, 213.0, 213.0, 212.5, 212.5, 212.5, 212.5, 212.0, 212.0, 212.5, 212.5, 212.5, 213.5, 214.0, 214.0, 214.0, 214.0, 214.5, 214.5, 214.0, 213.0, 212.5, 212.5, 212.5, 212.5, 212.5, 212.0, 212.0, 211.5, 211.0, 211.0, 211.5, 211.0, 211.5, 211.0, 211.5, 211.5, 211.5, 211.5, 212.0, 211.5, 211.0, 212.0, 211.5, 211.5, 211.0, 210.5, 210.5, 211.0, 210.0, 211.0]",True,False,False,,232.0648,-2.0596262432113632,False,0.0,0.0,0.0,0.0,1826.0,2.2996379135726253,1122.0,1.4130305252072757,"統一(3,784.00萬)／富邦證券(1,826.00萬)／美商高盛(1,804.00萬)",True,False,1
2026-05-18,8027,OTC,2026-05-19,1194.6,0.8090544579939891,1,True,False,False,2.0257826887661143,6.8139963167587485,True,0.0,271.5,271.5,290.0,257.0,266.0,266.0,2026-05-19,d1_close,2026,"[271.5, 268.0, 274.0, 280.0, 285.0, 282.5, 279.0, 286.0, 290.0, 290.0, 284.0, 278.5, 278.0, 276.0, 275.0, 278.0, 279.0, 278.0, 274.5, 272.5, 272.0, 273.0, 275.0, 275.5, 275.0, 274.0, 273.5, 273.5, 274.0, 273.5, 273.0, 271.0, 270.0, 270.0, 269.5, 268.0, 264.0, 257.0, 263.0, 266.0, 267.0, 268.0, 268.0, 271.5, 274.0, 275.0, 273.5, 271.5, 271.5, 268.0, 267.0, 266.5, 268.0, 266.0]",True,True,True,5分鐘,297.9726075,-2.0596262432113632,False,0.0,0.0,0.0,0.0,0.0,0.0,1194.6,0.8090544579939891,"元大-崇德(13,466.40萬)／富邦-嘉義(5,185.65萬)／美商高盛(2,905.05萬)",True,False,0
2026-05-18,8064,OTC,2026-05-19,620.4,0.922860792951357,1,True,False,False,-4.980842911877394,9.961685823754788,False,-1.1363636363636365,132.0,130.5,143.5,130.5,137.0,137.0,2026-05-19,d1_close,2026,"[130.5, 133.5, 137.0, 139.0, 138.5, 137.5, 137.0, 138.0, 141.5, 143.5, 142.0, 138.5, 135.0, 136.0, 136.5, 137.0, 138.0, 136.0, 134.5, 134.0, 134.5, 137.0, 136.5, 136.0, 135.5, 135.0, 136.0, 136.5, 137.0, 137.0, 136.5, 136.5, 136.5, 136.5, 136.5, 136.0, 135.0, 134.5, 134.0, 133.0, 131.5, 130.5, 132.0, 133.0, 133.5, 132.5, 132.5, 133.0, 133.5, 134.0, 134.5, 135.5, 136.0, 137.0]",True,True,True,5分鐘,243.959496,-2.0596262432113632,False,0.0,0.0,0.0,0.0,6916.8,10.288916074606618,620.4,0.922860792951357,"富邦證券(6,916.80萬)／永豐金-松山(818.40萬)／富邦-嘉義(712.80萬)",True,False,1
2026-05-19,1582,TSE,2026-05-20,994.5,0.3489020630596881,1,True,False,False,6.140350877192982,3.947368421052632,True,-2.564102564102564,117.0,114.0,118.5,106.5,107.0,107.0,2026-05-20,d1_close,2026,"[112.0, 111.5, 110.5, 110.0, 110.0, 110.0, 112.0, 112.0, 113.0, 113.0, 113.0, 115.5, 115.5, 117.0, 117.0, 118.0, 118.5, 117.0, 116.0, 117.0, 116.5, 116.5, 116.0, 116.5, 116.5, 117.5, 116.5, 117.0, 117.5, 115.0, 114.5, 114.5, 115.5, 115.0, 117.0, 116.5, 115.5, 115.0, 115.5, 115.5, 116.0, 115.5, 116.5, 115.5, 115.0, 115.0, 114.5, 114.5, 114.0, 115.5, 115.0, 115.0, 114.5, 114.0, 114.5, 115.5, 115.5, 115.0, 114.5, 114.5, 114.0, 113.0, 112.5, 113.5, 113.0, 113.0, 113.0, 113.0, 113.0, 113.5, 114.0, 114.5, 114.5, 114.5, 114.0, 113.5, 113.5, 113.5, 114.0, 114.0, 114.5, 114.5, 114.0, 115.0, 114.5, 114.5, 114.0, 114.0, 114.5, 114.0, 114.5, 114.5, 114.5, 114.5, 114.0, 115.0, 114.5, 113.5, 113.0, 113.5, 113.5, 114.0, 113.5, 113.0, 113.0, 113.5, 114.0, 113.5, 113.5, 112.5, 112.0, 111.5, 111.0, 111.5, 111.0, 111.5, 112.0, 111.5, 112.0, 111.5, 111.5, 112.0, 111.5, 111.5, 111.5, 111.0, 111.5, 110.0, 110.5, 110.5, 110.5, 109.5, 110.5, 110.5, 110.5, 110.5, 111.0, 111.0, 110.5, 110.5, 110.0, 109.5, 109.5, 110.0, 109.5, 109.5, 109.0, 110.0, 110.0, 109.5, 109.5, 110.0, 109.5, 109.5, 108.5, 108.5, 108.5, 109.0, 108.5, 108.5, 109.0, 108.5, 108.5, 108.5, 108.5, 108.5, 108.5, 109.0, 109.5, 109.0, 109.0, 109.5, 109.0, 109.5, 109.5, 109.5, 109.5, 109.5, 109.0, 109.0, 109.0, 109.0, 109.0, 109.0, 109.0, 109.0, 109.0, 109.5, 109.0, 109.5, 109.0, 109.0, 108.5, 109.0, 108.5, 108.5, 108.0, 108.0, 108.5, 109.0, 109.0, 109.5, 109.0, 109.5, 109.0, 109.0, 109.0, 109.0, 109.0, 109.0, 109.5, 109.0, 109.0, 108.5, 108.5, 109.0, 108.5, 108.0, 108.0, 108.5, 108.0, 107.0, 107.5, 107.5, 108.0, 107.5, 107.0, 107.0, 107.0, 107.0, 107.0, 107.0, 107.0, 107.0, 107.0, 107.5, 107.0, 107.5, 107.5, 108.0, 108.0, 108.0, 107.5, 107.5, 107.5, 107.5, 108.0, 108.0, 107.5, 107.5, 107.5, 108.0, 107.5, 107.5, 107.0, 107.5, 107.5, 107.5, 108.0, 107.5, 107.5, 107.5, 107.5, 107.0]",True,False,False,,168.794262,-2.421041689133202,False,0.0,0.0,0.0,0.0,31157.1,10.930896399152347,994.5,0.3489020630596881,"富邦證券(31,157.10萬)／元大證券(26,079.30萬)／凱基-信義(21,960.90萬)",True,False,1
2026-05-19,3167,TSE,2026-05-20,9408.0,1.9888906777794524,1,True,False,False,1.639344262295082,4.4136191677175285,True,1.1479591836734695,784.0,793.0,828.0,753.0,780.0,780.0,2026-05-20,d1_close,2026,"[807.0, 820.0, 820.0, 819.0, 820.0, 819.0, 800.0, 795.0, 805.0, 803.0, 792.0, 792.0, 788.0, 790.0, 788.0, 785.0, 786.0, 794.0, 784.0, 792.0, 783.0, 786.0, 788.0, 778.0, 786.0, 776.0, 779.0, 782.0, 779.0, 769.0, 773.0, 769.0, 775.0, 764.0, 767.0, 765.0, 762.0, 757.0, 763.0, 763.0, 771.0, 763.0, 756.0, 757.0, 759.0, 759.0, 760.0, 766.0, 772.0, 775.0, 780.0, 786.0, 781.0, 778.0, 779.0, 774.0, 775.0, 778.0, 778.0, 777.0, 773.0, 773.0, 773.0, 773.0, 773.0, 773.0, 771.0, 771.0, 771.0, 772.0, 773.0, 775.0, 778.0, 779.0, 777.0, 778.0, 779.0, 780.0, 780.0, 778.0, 780.0, 791.0, 791.0, 797.0, 800.0, 799.0, 803.0, 800.0, 800.0, 808.0, 803.0, 804.0, 804.0, 803.0, 803.0, 802.0, 798.0, 797.0, 796.0, 796.0, 790.0, 789.0, 790.0, 795.0, 799.0, 801.0, 801.0, 800.0, 802.0, 804.0, 800.0, 795.0, 792.0, 793.0, 794.0, 789.0, 781.0, 777.0, 778.0, 777.0, 783.0, 784.0, 784.0, 778.0, 780.0, 780.0, 779.0, 772.0, 768.0, 772.0, 765.0, 759.0, 765.0, 765.0, 766.0, 769.0, 772.0, 771.0, 771.0, 772.0, 776.0, 776.0, 778.0, 777.0, 778.0, 777.0, 780.0, 782.0, 778.0, 777.0, 782.0, 780.0, 780.0, 780.0, 779.0, 780.0, 780.0, 779.0, 779.0, 779.0, 779.0, 781.0, 783.0, 780.0, 780.0, 782.0, 783.0, 783.0, 784.0, 782.0, 785.0, 794.0, 794.0, 799.0, 799.0, 802.0, 799.0, 798.0, 796.0, 795.0, 797.0, 794.0, 793.0, 795.0, 796.0, 796.0, 797.0, 798.0, 798.0, 797.0, 798.0, 796.0, 795.0, 796.0, 795.0, 795.0, 794.0, 790.0, 788.0, 787.0, 788.0, 788.0, 788.0, 789.0, 789.0, 789.0, 791.0, 793.0, 791.0, 789.0, 787.0, 787.0, 785.0, 783.0, 783.0, 783.0, 783.0, 785.0, 784.0, 785.0, 783.0, 783.0, 783.0, 782.0, 783.0, 783.0, 787.0, 788.0, 786.0, 786.0, 785.0, 783.0, 785.0, 788.0, 791.0, 791.0, 791.0, 790.0, 788.0, 789.0, 788.0, 788.0, 787.0, 787.0, 784.0, 781.0, 778.0, 774.0, 774.0, 773.0, 770.0, 770.0, 771.0, 770.0, 770.0, 768.0, 768.0, 769.0, 780.0]",True,False,False,,701.718416,-2.421041689133202,False,0.0,0.0,0.0,0.0,14660.8,3.0993546395396465,9408.0,1.9888906777794524,"華南永昌(16,307.20萬)／合庫-高雄(15,915.20萬)／富邦證券(14,660.80萬)",True,False,1
2026-05-19,3663,OTC,2026-05-20,683.8800000000001,0.5728783688601776,2,True,False,False,8.070175438596499,0.5847953216374269,True,2.5179856115107846,83.4,85.5,86.0,78.6,78.6,78.6,2026-05-20,d1_close,2026,"[82.7, 80.8, 81.5, 80.6, 80.5, 80.9, 79.9, 80.1, 80.6, 80.7, 81.3, 81.3, 81.3, 81.3, 80.8, 81.1, 81.1, 81.2, 80.7, 80.8, 80.3, 80.3, 80.4, 80.5, 80.2, 79.8, 81.1, 80.8, 80.6, 80.4, 80.4, 80.2, 81.4, 81.0, 82.1, 82.2, 82.4, 82.2, 83.5, 83.4, 84.4, 84.2, 83.8, 83.7, 84.1, 84.6, 84.6, 84.1, 83.9, 84.4, 83.9, 83.6, 83.5, 82.8, 82.6, 82.6, 82.7, 82.5, 82.1, 82.5, 82.0, 81.7, 81.7, 81.5, 81.2, 81.1, 81.5, 81.2, 81.2, 81.2, 81.6, 81.4, 81.7, 81.8, 82.2, 82.2, 82.1, 82.3, 82.3, 82.3, 82.3, 81.9, 81.8, 81.7, 81.8, 81.9, 82.0, 82.0, 81.9, 81.9, 81.9, 81.6, 81.5, 81.7, 81.9, 82.4, 82.0, 82.0, 82.4, 82.3, 82.3, 82.2, 82.0, 81.8, 82.0, 82.1, 82.4, 82.3, 82.4, 82.4, 82.4, 82.6, 82.7, 82.7, 82.7, 82.6, 82.7, 82.9, 82.7, 82.7, 82.6, 82.9, 82.9, 83.1, 83.1, 82.9, 82.6, 82.5, 82.0, 82.0, 82.5, 82.3, 82.1, 82.0, 82.1, 82.2, 82.4, 82.6, 82.7, 82.8, 82.8, 82.8, 82.7, 82.5, 82.5, 82.5, 82.6, 82.6, 83.2, 83.7, 83.7, 83.5, 84.2, 84.0, 84.0, 83.5, 83.1, 82.9, 82.6, 82.6, 82.7, 82.5, 82.5, 82.5, 82.9, 83.0, 82.9, 82.7, 82.7, 82.8, 82.8, 82.8, 82.7, 82.8, 82.8, 82.9, 83.1, 83.2, 83.4, 83.5, 83.5, 83.4, 83.0, 83.2, 83.2, 83.0, 82.9, 83.0, 83.1, 83.1, 83.0, 82.9, 83.0, 82.9, 82.7, 82.6, 82.5, 82.2, 82.1, 81.9, 81.5, 81.8, 81.9, 81.9, 81.8, 81.8, 81.8, 81.8, 81.8, 81.6, 81.5, 81.2, 81.0, 81.1, 81.2, 81.3, 80.8, 80.3, 80.2, 79.8, 80.0, 79.9, 80.0, 79.9, 79.9, 79.9, 79.8, 79.8, 79.6, 79.6, 79.7, 80.0, 79.8, 79.8, 79.7, 79.1, 79.5, 79.6, 79.8, 79.9, 80.0, 79.9, 79.8, 79.9, 79.7, 79.8, 79.5, 79.5, 79.4, 79.2, 79.3, 79.2, 79.1, 79.0, 78.7, 78.8, 78.8, 78.8, 79.1, 79.1, 78.8, 79.2, 78.6, 78.6]",True,False,False,,90.483996,-2.421041689133202,False,8348.34,6.993307893037044,0.0,0.0,0.0,0.0,683.88,0.5728783688601775,"凱基-城中(8,348.34萬)／凱基-台北(4,903.92萬)／美林(2,960.70萬)",True,False,1
2026-05-19,3673,TSE,2026-05-20,68847.74,30.289164568039663,1,True,False,False,6.640624999999993,0.0,True,1.8567639257294315,75.4,76.8,76.8,70.3,71.7,71.7,2026-05-20,d1_close,2026,"[74.3, 72.9, 72.6, 72.3, 70.7, 70.7, 71.6, 72.4, 72.6, 72.8, 73.0, 72.6, 73.2, 73.3, 73.9, 73.4, 73.6, 73.9, 74.8, 74.6, 74.3, 73.4, 72.8, 72.9, 72.8, 72.7, 73.1, 73.3, 72.7, 72.4, 72.7, 73.5, 73.3, 73.3, 73.0, 73.1, 73.1, 72.9, 72.7, 73.0, 73.2, 72.8, 73.0, 73.0, 73.0, 73.0, 73.0, 73.0, 73.0, 72.8, 72.7, 72.6, 72.3, 71.9, 71.8, 72.2, 72.4, 72.2, 72.1, 71.9, 71.9, 71.7, 71.5, 71.7, 71.8, 71.7, 71.8, 71.7, 71.5, 71.7, 71.9, 71.9, 71.9, 72.3, 72.2, 72.3, 72.3, 72.3, 72.4, 72.3, 72.2, 72.2, 72.3, 72.1, 71.9, 72.0, 72.0, 71.8, 71.6, 71.5, 71.3, 71.6, 71.6, 71.5, 71.6, 71.5, 71.5, 71.4, 71.3, 71.1, 71.0, 70.9, 71.0, 71.1, 71.1, 71.5, 71.4, 71.3, 71.4, 71.3, 71.2, 71.0, 70.7, 70.8, 71.1, 71.0, 70.9, 71.0, 70.9, 71.0, 71.0, 71.4, 71.4, 71.3, 71.5, 71.4, 71.4, 71.4, 71.4, 71.1, 71.2, 71.2, 71.2, 71.1, 71.0, 71.1, 71.1, 71.1, 71.1, 71.0, 71.0, 70.9, 70.9, 70.7, 70.7, 70.8, 70.9, 70.8, 70.9, 70.9, 70.8, 70.7, 70.9, 71.0, 71.0, 71.1, 70.8, 70.7, 70.7, 70.8, 70.9, 71.0, 71.2, 71.3, 71.4, 71.5, 71.4, 71.4, 71.6, 71.9, 71.8, 71.6, 71.5, 71.6, 71.6, 71.7, 71.6, 72.0, 72.1, 72.1, 72.0, 71.7, 71.9, 71.9, 71.9, 72.0, 72.1, 72.3, 72.4, 72.4, 72.4, 72.5, 72.4, 72.5, 72.4, 72.4, 72.1, 72.2, 72.2, 72.5, 72.5, 72.3, 72.4, 72.3, 72.4, 72.3, 72.6, 72.6, 72.5, 72.4, 72.5, 72.5, 72.6, 72.6, 72.5, 72.3, 72.3, 72.4, 72.4, 72.3, 72.2, 72.1, 72.3, 72.3, 72.5, 72.5, 72.5, 72.4, 72.5, 72.4, 72.4, 72.4, 72.4, 72.4, 72.4, 72.6, 72.9, 72.4, 72.5, 72.4, 72.0, 72.2, 72.9, 72.7, 72.6, 72.6, 72.4, 72.3, 72.1, 72.2, 72.1, 72.1, 72.0, 72.0, 72.0, 72.0, 72.0, 71.6, 71.5, 71.7, 71.6, 71.6, 71.4, 71.7]",True,False,False,,306.62450520000004,-2.421041689133202,False,0.0,0.0,0.0,0.0,0.0,0.0,68847.74,30.289164568039666,"台新-台北(68,847.74萬)／統一(9,862.32萬)／美林(4,652.18萬)",True,False,0
2026-05-19,5236,TSE,2026-05-20,2971.4,9.04210156649982,1,True,False,False,3.910614525139665,0.2793296089385474,True,0.0,179.0,179.0,179.5,171.5,172.0,172.0,2026-05-20,d1_close,2026,"[177.5, 178.0, 176.0, 175.5, 175.5, 177.0, 178.5, 178.5, 179.0, 179.0, 179.0, 177.5, 177.5, 177.0, 177.5, 178.0, 178.0, 177.5, 177.0, 177.5, 177.5, 177.5, 177.5, 177.0, 177.0, 177.0, 176.0, 175.0, 175.5, 174.5, 174.0, 173.0, 173.0, 173.0, 174.0, 174.0, 173.5, 173.5, 173.0, 174.5, 175.5, 176.0, 175.0, 175.0, 175.5, 175.5, 175.5, 175.5, 175.5, 175.5, 175.5, 175.5, 175.0, 175.0, 175.0, 175.0, 174.5, 175.0, 174.0, 174.5, 174.5, 174.5, 174.5, 175.0, 178.0, 177.0, 176.5, 176.5, 175.5, 176.0, 175.5, 175.5, 175.5, 174.0, 174.5, 175.0, 174.5, 174.5, 174.0, 174.0, 174.0, 173.5, 173.5, 174.0, 174.0, 174.0, 174.0, 174.0, 174.0, 174.0, 174.0, 174.0, 173.5, 173.5, 173.5, 173.5, 173.0, 172.5, 172.5, 172.5, 172.5, 172.5, 172.5, 172.5, 173.5, 174.0, 173.5, 173.5, 173.5, 173.5, 173.5, 174.5, 175.0, 175.0, 175.0, 175.0, 175.0, 175.0, 175.0, 175.0, 175.0, 175.5, 176.0, 175.0, 174.5, 174.5, 174.0, 174.0, 173.0, 173.0, 173.0, 173.0, 173.0, 172.5, 172.0, 172.0, 172.0, 172.0, 172.5, 172.0, 172.0, 172.0, 172.0, 172.0, 172.5, 172.5, 172.5, 172.5, 172.0, 172.0, 172.0, 172.0, 172.5, 172.5, 172.5, 172.0, 172.0, 172.0, 172.0, 172.5, 172.5, 172.5, 172.0, 172.5, 172.0, 172.0]",True,False,False,,107.40716,-2.421041689133202,False,6139.7,18.683378538008665,0.0,0.0,0.0,0.0,2971.4,9.04210156649982,"凱基-城中(6,139.70萬)／統一(2,989.30萬)／台新-台北(2,971.40萬)",True,False,1
2026-05-19,5425,OTC,2026-05-20,1266.88,0.572858789010298,1,True,False,False,-1.51869158878506,4.32242990654206,False,0.0,85.6,85.6,89.3,78.7,86.9,86.9,2026-05-20,d1_close,2026,"[82.7, 82.5, 81.5, 80.8, 80.1, 78.9, 80.0, 80.9, 80.6, 81.4, 82.1, 82.4, 81.9, 81.7, 82.1, 82.8, 82.5, 82.3, 82.4, 82.0, 81.4, 81.1, 80.7, 80.9, 80.3, 80.3, 80.7, 81.0, 80.2, 80.0, 80.3, 80.8, 81.1, 81.3, 81.0, 81.4, 81.6, 81.0, 81.1, 81.8, 81.5, 81.9, 81.8, 82.0, 81.8, 82.2, 81.8, 81.4, 81.4, 81.2, 81.3, 82.1, 82.0, 82.9, 83.2, 82.8, 83.8, 84.0, 84.3, 83.4, 83.5, 83.1, 83.0, 82.9, 82.6, 82.9, 82.5, 82.5, 83.0, 83.2, 83.3, 83.4, 83.2, 83.6, 83.5, 83.8, 83.7, 83.6, 83.3, 83.2, 83.6, 83.7, 84.1, 84.5, 84.8, 84.7, 84.7, 84.1, 84.0, 84.1, 84.1, 84.5, 84.0, 84.3, 84.2, 83.6, 83.3, 83.4, 83.3, 82.9, 83.0, 83.0, 82.7, 82.9, 83.0, 83.3, 83.2, 83.0, 82.8, 82.6, 82.8, 82.4, 82.8, 82.7, 82.3, 83.1, 82.9, 82.6, 82.6, 82.5, 82.6, 82.8, 82.7, 82.8, 83.0, 83.3, 83.2, 82.9, 82.7, 82.6, 82.5, 82.4, 82.5, 82.3, 82.3, 82.5, 82.6, 82.8, 82.8, 83.1, 83.1, 82.8, 82.6, 82.6, 82.5, 84.2, 83.9, 84.2, 84.2, 83.9, 85.0, 85.6, 86.3, 85.7, 86.9, 87.0, 87.2, 86.8, 86.9, 86.6, 86.8, 87.0, 87.2, 87.7, 88.5, 87.9, 87.1, 88.1, 87.4, 88.3, 88.2, 87.4, 87.3, 87.5, 87.5, 87.9, 89.0, 88.0, 87.8, 88.2, 87.9, 87.7, 87.3, 86.7, 87.4, 87.0, 87.2, 87.2, 87.1, 86.9, 86.7, 87.0, 87.0, 87.0, 86.7, 86.6, 86.5, 87.0, 86.9, 86.8, 87.7, 88.0, 87.7, 87.6, 87.7, 88.2, 88.1, 88.4, 88.3, 88.0, 87.8, 88.0, 88.0, 88.7, 88.7, 88.9, 88.7, 88.7, 89.0, 88.5, 88.4, 88.1, 87.9, 87.9, 87.9, 87.7, 87.8, 87.8, 88.0, 88.4, 88.2, 88.0, 87.9, 87.8, 87.9, 87.8, 87.6, 87.6, 87.9, 87.8, 87.9, 87.3, 87.9, 88.1, 88.2, 88.1, 88.0, 87.8, 88.0, 88.0, 87.9, 87.7, 87.7, 87.7, 87.6, 87.7, 87.5, 87.3, 87.6, 87.5, 87.3, 87.1, 86.8, 86.9]",True,False,False,,225.5435024,-2.421041689133202,False,0.0,0.0,0.0,0.0,2045.8399999999997,0.9250895309017647,1266.8799999999999,0.5728587890102979,"元大證券(33,837.68萬)／凱基-信義(33,717.84萬)／元大-嘉義(12,377.76萬)",True,False,1
2026-05-20,3675,OTC,2026-05-21,2554.3,1.6676706357715287,2,True,False,False,2.314814814814815,2.469135802469136,True,4.012841091492777,311.5,324.0,332.0,311.0,316.5,316.5,2026-05-21,d1_close,2026,"[322.5, 318.5, 317.5, 313.0, 315.0, 322.5, 322.0, 323.5, 330.0, 328.0, 323.5, 327.5, 331.0, 328.0, 325.5, 325.5, 325.0, 324.0, 325.0, 327.5, 328.0, 326.0, 325.0, 322.5, 323.0, 324.0, 324.0, 322.5, 316.5, 319.0, 316.0, 316.0, 315.5, 315.0, 317.0, 318.5, 317.5, 317.5, 315.5, 315.5, 315.0, 314.0, 314.0, 315.0, 316.0, 318.0, 321.0, 319.5, 320.0, 318.5, 318.5, 320.5, 320.0, 318.0, 318.5, 318.0, 317.0, 315.5, 315.0, 314.5, 315.0, 315.0, 320.0, 317.0, 319.5, 319.5, 318.5, 317.0, 318.0, 318.5, 318.5, 318.5, 317.0, 316.0, 316.5, 321.0, 321.5, 321.5, 321.0, 320.0, 318.5, 317.0, 317.0, 317.0, 318.0, 318.0, 318.0, 317.0, 318.0, 318.0, 318.0, 318.0, 318.0, 319.0, 319.0, 319.5, 322.0, 322.0, 322.5, 323.0, 322.5, 322.0, 322.0, 320.5, 319.5, 319.5, 320.0, 319.5, 320.0, 320.0, 319.5, 319.5, 319.0, 319.0, 321.0, 322.0, 321.5, 321.5, 321.0, 321.0, 318.0, 317.5, 317.5, 317.0, 317.0, 317.5, 317.5, 317.0, 317.0, 317.0, 316.5, 316.5, 316.0, 316.5, 316.0, 315.0, 315.0, 315.0, 315.5, 315.0, 315.5, 316.0, 315.5, 316.0, 316.0, 316.5, 315.5, 316.0, 315.0, 315.0, 315.5, 314.0, 313.5, 314.0, 314.0, 316.0, 318.5, 318.5, 318.5, 318.5, 318.5, 318.0, 318.5, 319.0, 319.0, 319.5, 320.0, 319.0, 319.0, 319.0, 318.0, 318.0, 318.0, 317.5, 318.0, 319.5, 319.0, 319.0, 320.0, 320.5, 320.5, 320.0, 319.5, 317.0, 318.0, 317.0, 318.0, 318.0, 318.0, 317.5, 316.5, 317.0, 317.0, 316.5, 316.0, 316.0, 317.5, 317.5, 317.5, 319.0, 318.5, 319.5, 318.5, 318.5, 319.0, 319.5, 318.5, 319.0, 318.5, 319.0, 319.0, 319.0, 318.5, 318.5, 318.5, 318.5, 318.0, 318.0, 318.5, 318.0, 318.0, 318.0, 317.0, 316.0, 316.5, 316.0, 316.0, 315.5, 315.5, 316.5, 316.5]",True,False,False,,165.2753585,-2.130010354149069,False,-27038.2,-17.65290380304496,0.0,0.0,7382.55,4.819974886315272,2554.3,1.6676706357715287,"美林(10,653.30萬)／富邦證券(7,382.55萬)／國票-安和(7,102.20萬)",True,False,2
2026-05-20,6224,TSE,2026-05-21,1195.5,4.142251722215215,1,True,False,False,2.683780630105014,1.0501750291715186,True,7.528230865746549,79.7,85.7,86.6,80.6,83.4,83.4,2026-05-21,d1_close,2026,"[83.9, 82.9, 82.2, 83.4, 82.9, 82.6, 82.6, 84.0, 84.4, 84.5, 84.1, 83.8, 84.0, 84.5, 84.8, 84.9, 84.1, 83.7, 84.3, 84.4, 84.6, 84.3, 84.2, 83.7, 83.6, 83.1, 83.1, 83.0, 83.2, 83.2, 82.7, 82.8, 82.5, 82.3, 82.1, 81.1, 82.3, 82.3, 82.2, 82.2, 82.0, 81.8, 81.8, 81.6, 81.3, 81.1, 80.6, 81.2, 81.4, 81.5, 81.5, 81.7, 81.6, 81.5, 81.5, 81.4, 81.3, 81.5, 81.7, 81.9, 81.9, 81.5, 81.4, 81.4, 81.5, 81.5, 81.4, 81.4, 81.7, 81.8, 81.8, 81.5, 81.5, 81.5, 81.8, 81.7, 81.7, 81.8, 81.9, 81.8, 81.9, 81.9, 81.9, 82.0, 82.0, 82.0, 82.1, 82.1, 82.3, 82.0, 81.9, 81.8, 81.7, 81.5, 81.5, 81.7, 81.7, 81.7, 81.8, 81.9, 81.9, 81.9, 82.0, 82.0, 81.8, 81.8, 81.6, 81.6, 81.6, 81.6, 81.7, 82.2, 82.2, 82.2, 82.2, 82.1, 82.0, 82.0, 82.0, 82.0, 82.0, 81.9, 81.8, 81.8, 81.9, 81.9, 81.8, 81.8, 81.9, 81.9, 81.7, 81.8, 81.7, 81.6, 81.6, 81.6, 81.6, 81.5, 81.6, 81.6, 81.7, 81.5, 81.5, 81.5, 81.5, 81.4, 81.4, 81.4, 81.4, 81.3, 81.1, 81.8, 82.1, 83.2, 82.8, 82.7, 83.0, 82.7, 82.6, 82.3, 82.3, 82.2, 82.3, 82.3, 82.3, 83.0, 83.8, 83.6, 83.8, 83.6, 84.2, 84.0, 83.9, 83.4, 83.5, 83.9, 85.3, 85.6, 85.9, 85.4, 84.9, 84.9, 84.2, 84.4, 84.5, 84.4, 84.3, 84.3, 84.5, 84.4, 84.2, 84.6, 85.2, 85.2, 85.1, 84.8, 85.0, 84.3, 84.5, 84.8, 84.5, 84.5, 84.5, 84.5, 84.6, 84.5, 84.5, 84.4, 84.3, 84.2, 84.2, 84.2, 84.1, 84.1, 84.1, 84.0, 84.0, 84.0, 84.1, 84.1, 83.9, 83.9, 83.7, 83.6, 83.7, 83.6, 83.7, 83.7, 84.2, 84.3, 83.7, 83.6, 83.6, 83.7, 83.6, 83.5, 83.5, 83.6, 83.7, 83.6, 83.7, 83.8, 83.8, 83.7, 83.6, 83.4, 83.3, 83.2, 83.2, 83.2, 83.2, 83.3, 83.4, 83.4]",True,False,False,,68.25930410000001,-2.130010354149069,False,1944.6799999999998,6.738062801470083,0.0,0.0,0.0,0.0,1195.5,4.142251722215215,"凱基-城中(1,944.68萬)／元大-竹科(1,195.50萬)／台新-台北(1,195.50萬)",True,False,1
2026-05-20,8114,TSE,2026-05-21,426.6,1.909375779851998,1,True,False,False,2.419354838709677,0.0,True,4.641350210970464,237.0,248.0,248.0,235.0,242.0,242.0,2026-05-21,d1_close,2026,"[248.0, 246.5, 238.0, 244.0, 245.0, 244.5, 244.0, 243.0, 243.5, 240.5, 240.0, 237.5, 235.0, 235.0, 239.5, 238.5, 238.5, 239.0, 237.5, 239.0, 239.5, 239.5, 239.0, 239.5, 240.0, 240.0, 240.5, 242.0, 243.0, 242.0, 241.0, 241.5, 241.0, 241.0, 241.0, 241.0, 241.0, 240.0, 240.0, 239.5, 239.5, 239.5, 239.0, 239.0, 238.5, 238.5, 238.5, 240.5, 241.5, 241.5, 241.5, 241.5, 242.0, 242.0]",True,True,True,5分鐘,255.108933,-2.130010354149069,False,0.0,0.0,0.0,0.0,0.0,0.0,426.6,1.9093757798519981,"國票-安和(2,441.10萬)／摩根大通(1,990.80萬)／台灣摩根士丹利(995.40萬)",True,False,0
2026-05-20,8261,TSE,2026-05-21,2026.4,1.2366851073378071,1,True,False,False,-0.6711409395973155,4.697986577181208,False,0.0,149.0,149.0,156.0,143.5,150.0,150.0,2026-05-21,d1_close,2026,"[147.5, 149.0, 147.5, 146.0, 147.0, 148.0, 149.0, 148.0, 148.0, 148.0, 149.0, 149.0, 149.5, 149.5, 148.0, 147.5, 148.0, 148.0, 148.0, 148.0, 147.5, 149.0, 148.0, 147.5, 148.0, 147.0, 147.0, 145.5, 145.5, 145.5, 146.0, 144.0, 144.5, 144.5, 145.0, 144.5, 145.5, 145.5, 147.0, 145.0, 145.5, 146.5, 147.5, 148.0, 147.0, 147.5, 148.0, 148.0, 148.0, 147.5, 147.0, 147.0, 147.0, 147.0, 147.0, 147.5, 147.0, 149.0, 149.0, 149.5, 150.5, 151.0, 149.5, 149.5, 150.0, 150.0, 150.5, 150.0, 150.0, 150.0, 149.0, 147.5, 148.0, 148.5, 149.0, 149.5, 150.0, 149.5, 150.0, 149.5, 149.5, 149.5, 151.0, 151.0, 151.0, 150.0, 150.0, 149.5, 149.5, 149.0, 149.5, 149.5, 148.5, 148.5, 148.5, 149.0, 149.0, 149.0, 150.5, 150.0, 150.0, 150.0, 150.0, 150.0, 150.0, 150.0, 150.0, 150.5, 150.0, 150.0, 150.5, 150.0, 150.0, 149.5, 151.0, 151.5, 152.5, 152.0, 151.5, 153.5, 153.0, 153.0, 152.5, 152.0, 152.5, 153.0, 153.0, 152.5, 152.5, 153.5, 153.5, 153.0, 153.0, 153.0, 153.0, 153.0, 153.0, 152.5, 152.5, 153.5, 153.5, 153.5, 153.5, 154.5, 155.5, 155.5, 154.5, 155.0, 155.5, 156.0, 155.5, 155.0, 154.5, 154.0, 154.0, 154.0, 154.0, 154.0, 154.0, 154.0, 154.0, 154.0, 154.0, 154.0, 154.5, 154.5, 155.0, 154.5, 153.5, 153.0, 153.0, 151.5, 153.0, 153.0, 154.0, 155.0, 153.5, 153.5, 153.5, 153.0, 153.0, 152.5, 152.5, 152.5, 152.5, 152.5, 152.5, 152.5, 153.0, 152.5, 152.5, 153.0, 152.5, 153.0, 153.0, 152.5, 152.5, 152.0, 152.0, 152.5, 152.5, 152.0, 152.5, 152.5, 152.5, 152.5, 153.0, 153.5, 153.5, 153.0, 153.0, 152.5, 152.5, 153.0, 152.5, 152.5, 152.5, 152.0, 152.0, 151.5, 151.0, 151.0, 151.5, 151.0, 151.0, 150.5, 150.5, 150.5, 151.0, 151.0, 151.0, 150.5, 150.5, 151.0, 151.0, 151.0, 150.5, 151.0, 151.5, 151.5, 151.5, 151.0, 152.0, 152.5, 152.5, 152.0, 151.5, 151.5, 151.0, 151.0, 151.5, 150.5, 151.0, 151.0, 151.0, 150.5, 150.5, 150.0, 150.0, 149.0, 150.0, 150.0, 150.0]",True,False,False,,177.128816,-2.130010354149069,False,7017.9,4.282931511441966,8820.8,5.383217526058691,0.0,0.0,2026.4,1.2366851073378073,"凱基-台北(24,719.10萬)／統一-城中(8,820.80萬)／凱基-城中(7,017.90萬)",True,False,2
2026-05-21,2360,TSE,2026-05-22,204527.0,59.96122981878729,1,True,False,False,4.621848739495799,0.0,True,4.845814977973569,2270.0,2380.0,2380.0,2245.0,2270.0,2270.0,2026-05-22,d1_close,2026,"[2330.0, 2300.0, 2300.0, 2285.0, 2280.0, 2315.0, 2320.0, 2305.0, 2300.0, 2290.0, 2305.0, 2300.0, 2310.0, 2320.0, 2315.0, 2320.0, 2320.0, 2320.0, 2325.0, 2325.0, 2330.0, 2320.0, 2305.0, 2305.0, 2295.0, 2285.0, 2295.0, 2285.0, 2275.0, 2280.0, 2285.0, 2275.0, 2295.0, 2295.0, 2275.0, 2270.0, 2270.0, 2275.0, 2285.0, 2285.0, 2290.0, 2290.0, 2295.0, 2300.0, 2295.0, 2290.0, 2285.0, 2290.0, 2295.0, 2295.0, 2290.0, 2290.0, 2305.0, 2305.0, 2305.0, 2295.0, 2295.0, 2295.0, 2290.0, 2290.0, 2280.0, 2285.0, 2285.0, 2290.0, 2290.0, 2290.0, 2285.0, 2285.0, 2290.0, 2290.0, 2290.0, 2290.0, 2290.0, 2290.0, 2290.0, 2290.0, 2290.0, 2290.0, 2290.0, 2300.0, 2300.0, 2300.0, 2300.0, 2300.0, 2295.0, 2295.0, 2285.0, 2285.0, 2285.0, 2275.0, 2275.0, 2280.0, 2280.0, 2280.0, 2280.0, 2275.0, 2280.0, 2290.0, 2295.0, 2295.0, 2290.0, 2290.0, 2290.0, 2290.0, 2290.0, 2285.0, 2290.0, 2290.0, 2290.0, 2285.0, 2285.0, 2285.0, 2280.0, 2285.0, 2280.0, 2270.0, 2280.0, 2280.0, 2275.0, 2275.0, 2260.0, 2250.0, 2250.0, 2255.0, 2255.0, 2255.0, 2255.0, 2275.0, 2275.0, 2270.0, 2270.0, 2270.0, 2270.0, 2275.0, 2270.0, 2275.0, 2275.0, 2280.0, 2280.0, 2280.0, 2280.0, 2290.0, 2285.0, 2285.0, 2285.0, 2285.0, 2285.0, 2290.0, 2290.0, 2290.0, 2290.0, 2290.0, 2290.0, 2290.0, 2290.0, 2290.0, 2290.0, 2285.0, 2280.0, 2285.0, 2285.0, 2285.0, 2290.0, 2290.0, 2285.0, 2290.0, 2290.0, 2290.0, 2290.0, 2290.0, 2295.0, 2295.0, 2300.0, 2300.0, 2305.0, 2305.0, 2305.0, 2305.0, 2305.0, 2305.0, 2305.0, 2305.0, 2305.0, 2305.0, 2300.0, 2305.0, 2295.0, 2295.0, 2300.0, 2300.0, 2300.0, 2300.0, 2300.0, 2300.0, 2300.0, 2300.0, 2300.0, 2300.0, 2300.0, 2300.0, 2300.0, 2300.0, 2300.0, 2300.0, 2300.0, 2300.0, 2300.0, 2300.0, 2300.0, 2300.0, 2300.0, 2300.0, 2300.0, 2300.0, 2300.0, 2300.0, 2300.0, 2300.0, 2300.0, 2300.0, 2300.0, 2300.0, 2295.0, 2300.0, 2300.0, 2295.0, 2300.0, 2300.0, 2300.0, 2290.0, 2275.0, 2280.0, 2280.0, 2280.0, 2280.0, 2280.0, 2280.0, 2275.0, 2280.0, 2280.0, 2275.0, 2280.0, 2280.0, 2280.0, 2280.0, 2280.0, 2280.0, 2280.0, 2280.0, 2280.0, 2275.0, 2270.0]",True,False,False,,9653.07739,2.968595832889452,False,0.0,0.0,0.0,0.0,1362.0,0.39929786782766225,204527.0,59.96122981878729,"台新-台北(204,527.00萬)／統一(6,129.00萬)／美林(4,767.00萬)",True,False,1
2026-05-21,3163,OTC,2026-05-22,4702.5,1.7617459673171192,1,True,False,False,-0.881057268722467,0.881057268722467,False,8.61244019138756,1045.0,1135.0,1145.0,1080.0,1145.0,1145.0,2026-05-22,d1_close,2026,"[1135.0, 1125.0, 1125.0, 1115.0, 1110.0, 1120.0, 1085.0, 1095.0, 1100.0, 1105.0, 1100.0, 1110.0, 1125.0, 1105.0, 1105.0, 1100.0, 1100.0, 1090.0, 1105.0, 1105.0, 1090.0, 1090.0, 1095.0, 1095.0, 1090.0, 1090.0, 1095.0, 1105.0, 1115.0, 1115.0, 1115.0, 1125.0, 1120.0, 1115.0, 1100.0, 1105.0, 1110.0, 1110.0, 1105.0, 1100.0, 1100.0, 1095.0, 1100.0, 1100.0, 1105.0, 1105.0, 1085.0, 1090.0, 1090.0, 1090.0, 1090.0, 1095.0, 1090.0, 1095.0, 1105.0, 1115.0, 1125.0, 1130.0, 1125.0, 1125.0, 1125.0, 1140.0, 1145.0, 1145.0, 1145.0, 1145.0, 1145.0, 1145.0, 1145.0, 1145.0, 1145.0, 1145.0, 1145.0, 1145.0, 1145.0, 1145.0, 1145.0, 1145.0, 1145.0, 1145.0, 1145.0, 1145.0, 1145.0, 1145.0, 1145.0, 1145.0, 1145.0, 1145.0, 1145.0, 1145.0, 1145.0, 1145.0, 1145.0, 1145.0, 1145.0, 1145.0, 1145.0, 1145.0, 1145.0, 1145.0, 1145.0, 1145.0, 1145.0, 1145.0, 1145.0, 1145.0, 1145.0, 1145.0, 1145.0, 1145.0, 1145.0, 1145.0, 1145.0, 1145.0, 1145.0, 1145.0, 1145.0, 1145.0, 1145.0, 1145.0, 1145.0, 1145.0, 1145.0, 1145.0, 1145.0, 1145.0, 1145.0, 1145.0, 1145.0, 1145.0, 1145.0, 1145.0, 1145.0, 1145.0, 1145.0, 1145.0, 1145.0, 1145.0, 1145.0]",True,False,False,,841.650315,2.968595832889452,False,0.0,0.0,0.0,0.0,1149.5,0.43064901423307356,4702.5,1.7617459673171192,"元大證券(30,409.50萬)／康和(24,035.00萬)／台新-台北(4,702.50萬)",True,False,1
2026-05-21,3189,TSE,2026-05-22,27312.2,1.4184486327858818,1,True,False,False,-3.571428571428571,3.571428571428571,False,6.137184115523466,554.0,588.0,609.0,588.0,609.0,609.0,2026-05-22,d1_close,2026,"[608.0, 609.0, 609.0, 609.0, 609.0, 609.0, 609.0, 609.0, 609.0, 609.0, 609.0, 609.0, 609.0, 609.0, 609.0, 609.0, 609.0, 609.0, 609.0, 609.0, 609.0, 609.0, 609.0, 609.0, 609.0, 609.0, 609.0, 609.0, 609.0, 609.0, 609.0, 609.0, 609.0, 609.0, 609.0, 609.0, 609.0, 609.0, 609.0, 609.0, 609.0, 609.0, 609.0, 609.0, 609.0, 609.0, 609.0, 609.0, 609.0, 609.0, 609.0, 609.0, 609.0, 609.0, 609.0, 609.0, 609.0, 609.0, 609.0, 609.0, 609.0, 609.0, 609.0, 609.0, 609.0, 609.0, 609.0, 609.0, 609.0, 609.0, 609.0, 609.0, 609.0, 609.0, 609.0, 609.0, 609.0, 609.0, 609.0, 609.0, 609.0, 609.0, 609.0, 609.0, 609.0, 609.0, 609.0, 609.0, 609.0, 609.0, 609.0, 609.0, 609.0, 609.0, 609.0, 609.0, 609.0, 609.0, 609.0, 609.0, 609.0, 609.0, 609.0, 609.0, 609.0, 609.0, 609.0, 609.0, 609.0, 609.0, 609.0, 609.0, 609.0, 609.0, 609.0, 609.0, 609.0, 609.0, 609.0, 609.0, 609.0, 609.0, 609.0, 609.0, 609.0, 609.0, 609.0, 609.0, 609.0, 609.0, 609.0, 609.0, 609.0, 609.0, 609.0, 609.0, 609.0, 609.0, 609.0, 609.0, 609.0, 609.0, 609.0, 609.0, 609.0, 609.0, 609.0, 609.0, 609.0, 609.0, 609.0, 609.0, 609.0, 609.0, 609.0, 609.0, 609.0, 609.0, 609.0, 609.0, 609.0, 609.0, 609.0, 609.0, 609.0, 609.0, 609.0, 609.0, 609.0, 609.0, 609.0, 609.0, 609.0, 609.0, 609.0, 609.0, 609.0, 609.0, 609.0, 609.0, 609.0, 609.0, 609.0, 609.0, 609.0, 609.0, 609.0, 609.0, 609.0, 609.0, 609.0, 609.0, 609.0, 609.0, 609.0, 609.0, 609.0, 609.0, 609.0, 609.0, 609.0, 609.0, 609.0, 609.0, 609.0, 609.0, 609.0, 609.0, 609.0, 609.0, 609.0, 609.0, 609.0, 609.0, 609.0, 609.0, 609.0, 609.0, 609.0, 609.0, 609.0, 609.0, 609.0, 609.0, 609.0, 609.0, 609.0, 609.0, 609.0, 609.0, 609.0, 609.0, 609.0, 609.0, 609.0, 609.0]",True,False,False,,2919.113532,2.968595832889452,False,0.0,0.0,0.0,0.0,52630.0,2.7333188664230987,27312.2,1.4184486327858818,"台灣摩根士丹利(179,717.60萬)／港商野村(134,843.60萬)／美商高盛(75,233.20萬)",True,False,1
2026-05-21,3532,TSE,2026-05-22,565.0,2.6145856506930416,1,True,False,False,-5.74468085106383,5.74468085106383,False,3.982300884955752,226.0,235.0,248.5,235.0,248.5,248.5,2026-05-22,d1_close,2026,"[235.0, 245.5, 244.0, 240.0, 245.0, 246.0, 248.5, 245.5, 245.5, 247.0, 248.5, 248.5, 248.5, 248.5, 248.5]",True,True,True,20分鐘,876.537158,2.968595832889452,False,0.0,0.0,0.0,0.0,248.6,1.1504176863049382,565.0,2.6145856506930416,"國泰證券(3,932.40萬)／元大-台北(2,260.00萬)／統一(1,717.60萬)",True,False,1
2026-05-21,4768,OTC,2026-05-22,981.2,2.9959445804724334,1,True,False,False,4.311251314405888,3.0494216614090432,True,6.614349775784753,446.0,475.5,490.0,448.0,455.0,455.0,2026-05-22,d1_close,2026,"[480.0, 483.0, 481.5, 482.5, 485.0, 474.0, 473.5, 468.0, 466.5, 473.5, 472.5, 471.5, 479.0, 479.0, 480.5, 480.0, 481.5, 482.0, 482.0, 481.5, 484.0, 482.0, 482.5, 482.5, 485.0, 484.5, 483.5, 482.5, 482.0, 482.5, 485.0, 485.5, 485.0, 486.5, 487.5, 488.5, 489.0, 489.5, 489.5, 489.5, 489.5, 488.5, 489.0, 489.5, 489.5, 487.0, 481.0, 481.0, 481.0, 481.0, 482.0, 483.0, 481.0, 480.5, 481.5, 480.5, 480.0, 478.0, 477.0, 476.0, 473.0, 477.0, 479.0, 478.0, 478.0, 474.5, 474.0, 474.5, 475.0, 474.5, 476.5, 473.5, 474.0, 474.5, 473.0, 471.0, 474.5, 473.0, 470.5, 470.0, 470.5, 469.5, 469.0, 469.5, 469.0, 469.0, 468.5, 468.5, 469.0, 469.0, 469.5, 469.0, 469.0, 469.0, 468.0, 469.0, 469.5, 469.5, 471.0, 471.0, 472.5, 473.0, 472.0, 470.0, 470.5, 470.5, 470.0, 470.5, 470.5, 469.5, 470.5, 469.5, 470.0, 470.5, 470.5, 470.5, 469.0, 469.0, 469.0, 468.0, 468.0, 468.0, 465.5, 467.0, 467.0, 467.0, 466.0, 466.0, 467.5, 467.5, 465.5, 465.0, 465.5, 462.5, 461.0, 461.5, 461.5, 463.5, 460.5, 460.5, 460.5, 461.5, 462.0, 462.0, 462.0, 465.0, 465.0, 462.0, 464.0, 462.0, 463.0, 462.0, 461.5, 461.0, 460.5, 461.0, 461.0, 461.0, 461.0, 459.0, 459.0, 458.5, 458.5, 458.5, 457.5, 457.0, 457.0, 455.5, 454.5, 455.0, 455.5, 457.0, 458.0, 458.0, 458.0, 457.5, 457.5, 456.0, 457.0, 456.5, 456.5, 457.0, 454.5, 455.0, 453.5, 453.5, 453.0, 453.0, 454.0, 454.0, 453.0, 453.0, 452.5, 452.5, 452.0, 451.0, 451.0, 451.0, 451.0, 450.0, 449.0, 448.0, 450.0, 452.0, 452.0, 452.0, 452.0, 452.0, 452.5, 453.0, 456.0, 455.5, 455.5, 455.0, 455.0, 454.5, 454.5, 454.5, 455.0, 455.0, 455.0, 455.5, 455.5, 454.0, 453.5, 453.5, 453.5, 454.0, 454.0, 454.5, 455.0, 453.5, 455.0]",True,False,False,,211.796034,2.968595832889452,False,2720.6,8.306937245855384,0.0,0.0,0.0,0.0,981.2,2.9959445804724334,"國票-安和(8,117.20萬)／凱基-台北(7,403.60萬)／元大證券(6,779.20萬)",True,False,1
2026-05-21,6538,OTC,2026-05-22,1029.6,8.443304171951729,1,True,False,False,-1.593625498007968,2.3904382470119523,False,7.264957264957266,117.0,125.5,128.5,120.0,127.5,127.5,2026-05-22,d1_close,2026,"[122.0, 123.0, 122.0, 122.5, 124.0, 123.5, 125.5, 124.5, 128.5, 128.5, 128.5, 128.5, 128.5, 128.5, 128.5, 128.0, 127.5, 127.0, 127.0, 126.0, 127.0, 126.5, 126.0, 126.5, 126.5, 126.5, 126.0, 125.0, 125.5, 125.0, 124.5, 125.0, 125.0, 125.0, 124.5, 124.5, 124.0, 124.0, 124.0, 124.5, 125.0, 126.0, 126.0, 126.5, 126.5, 127.0, 127.5, 127.5, 127.5, 127.5, 127.5, 127.0, 126.5, 126.5, 126.5, 126.5, 127.0, 127.5, 127.5, 127.5, 127.0, 127.0, 126.5, 126.5, 126.5, 126.5, 126.5, 126.0, 126.0, 126.5, 126.5, 126.5, 127.0, 127.0, 127.0, 127.0, 127.0, 127.0, 127.5, 127.0, 127.0, 126.5, 126.0, 126.0, 126.0, 125.5, 126.0, 125.5, 125.0, 125.0, 125.0, 125.0, 125.0, 124.5, 124.5, 124.5, 124.0, 124.0, 124.0, 124.0, 124.5, 124.0, 124.0, 124.0, 125.5, 126.0, 126.0, 126.0, 126.0, 125.5, 125.0, 124.5, 124.0, 124.0, 124.0, 124.5, 124.0, 124.5, 124.5, 124.5, 124.0, 124.0, 124.0, 124.0, 124.0, 124.5, 124.5, 125.0, 125.0, 125.0, 125.0, 125.0, 125.0, 125.0, 125.0, 125.0, 125.0, 125.0, 125.0, 125.0, 125.0, 125.0, 125.0, 125.5, 125.5, 125.5, 125.0, 125.5, 125.5, 125.5, 125.5, 125.5, 125.5, 125.0, 125.0, 125.0, 125.0, 127.0, 127.0, 127.0, 127.0, 127.0, 126.5, 126.5, 126.0, 126.0, 125.5, 126.0, 126.0, 126.5, 126.5, 126.5, 126.5, 126.5, 126.5, 126.5, 126.5, 127.0, 126.5, 127.0, 127.0, 127.0, 127.5, 127.5, 127.5]",True,False,False,,44.54541,2.968595832889452,False,0.0,0.0,0.0,0.0,0.0,0.0,1029.6,8.443304171951729,"元大證券(1,544.40萬)／台新-台北(1,029.60萬)／台新-松德(1,006.20萬)",True,False,0
2026-05-22,4931,OTC,2026-05-25,1038.8,0.4106243044645674,1,True,False,False,3.455723542116631,0.6479481641468683,True,9.19811320754717,212.0,231.5,233.0,220.0,223.5,223.5,2026-05-25,d1_close,2026,"[233.0, 233.0, 232.5, 231.0, 230.5, 229.5, 228.5, 229.0, 230.5, 230.5, 229.0, 229.5, 229.5, 231.0, 231.0, 230.5, 231.5, 232.0, 232.0, 231.5, 231.0, 227.0, 226.0, 224.5, 224.0, 225.5, 226.5, 227.5, 226.0, 225.5, 225.0, 226.0, 225.5, 225.0, 225.5, 227.0, 227.0, 226.5, 226.0, 226.0, 225.0, 225.5, 225.5, 225.5, 225.5, 225.5, 225.0, 227.5, 228.0, 228.5, 228.0, 227.5, 227.5, 227.5, 227.5, 228.0, 228.0, 228.0, 228.0, 228.0, 226.5, 226.0, 226.5, 225.5, 226.5, 226.5, 227.0, 229.0, 230.0, 231.0, 231.0, 230.0, 229.0, 229.0, 229.5, 230.0, 230.0, 230.5, 230.5, 230.0, 230.0, 229.0, 228.5, 229.5, 229.5, 228.5, 228.5, 228.0, 227.5, 227.5, 227.5, 227.5, 226.0, 226.0, 225.5, 225.5, 225.5, 226.0, 225.5, 224.5, 223.0, 223.0, 223.0, 223.0, 221.5, 221.5, 220.5, 222.5, 222.5, 222.5, 222.5, 222.0, 222.0, 222.5, 222.0, 223.5, 223.5, 223.5, 223.5, 222.5, 222.0, 222.0, 222.0, 224.5, 225.5, 224.5, 223.0, 223.0, 223.0, 222.5, 222.5, 223.0, 223.0, 223.0, 223.5, 223.5, 223.5, 223.0, 222.0, 222.0, 222.5, 223.5, 223.0, 222.5, 223.0, 223.0, 223.5, 223.5, 224.0, 224.5, 224.5, 224.0, 224.0, 224.0, 224.5, 224.5, 224.5, 224.5, 225.0, 225.0, 224.0, 224.0, 223.0, 222.5, 222.5, 222.5, 224.0, 223.5, 223.0, 222.5, 222.5, 223.0, 223.5, 224.5, 224.5, 224.0, 224.0, 224.0, 223.5, 223.5, 224.0, 224.0, 224.0, 224.5, 225.5, 225.5, 225.0, 224.5, 224.5, 224.0, 223.5, 223.5, 223.5, 223.0, 222.5, 223.0, 222.5, 222.0, 221.5, 222.0, 222.0, 222.5, 222.5, 223.0, 224.0, 224.0, 226.5, 227.0, 226.5, 226.5, 227.0, 226.5, 226.5, 226.0, 225.0, 228.5, 229.0, 228.5, 228.0, 228.0, 228.0, 227.0, 226.5, 226.0, 226.5, 227.0, 227.0, 227.5, 227.5, 227.0, 226.0, 225.5, 225.0, 224.5, 224.5, 224.0, 224.5, 225.0, 224.5, 225.0, 224.0, 224.0, 224.5, 225.0, 224.5, 225.0, 225.0, 224.5, 225.0, 225.0, 225.0, 225.0, 226.0, 226.5, 226.5, 226.5, 226.0, 226.0, 226.0, 225.5, 226.0, 226.0, 225.5, 225.5, 225.5, 223.5]",True,False,False,,138.999496,5.614952417266816,False,0.0,0.0,0.0,0.0,4918.4,1.9441803803220334,1038.8,0.41062430446456744,"元大-士林(18,677.20萬)／新加坡商瑞銀(11,405.60萬)／凱基-信義(10,642.40萬)",True,False,1
2026-05-22,4958,TSE,2026-05-25,11558.4,0.4345779764097945,1,True,False,False,5.197132616487455,0.0,True,8.13953488372093,516.0,558.0,558.0,525.0,529.0,529.0,2026-05-25,d1_close,2026,"[550.0, 550.0, 552.0, 553.0, 552.0, 549.0, 550.0, 548.0, 548.0, 542.0, 542.0, 542.0, 542.0, 541.0, 543.0, 540.0, 540.0, 536.0, 532.0, 531.0, 527.0, 531.0, 532.0, 534.0, 535.0, 533.0, 535.0, 536.0, 533.0, 535.0, 535.0, 539.0, 535.0, 533.0, 535.0, 534.0, 534.0, 536.0, 536.0, 537.0, 538.0, 538.0, 541.0, 542.0, 543.0, 540.0, 540.0, 543.0, 542.0, 540.0, 542.0, 544.0, 544.0, 543.0, 543.0, 541.0, 541.0, 541.0, 541.0, 542.0, 542.0, 542.0, 542.0, 543.0, 543.0, 542.0, 537.0, 538.0, 540.0, 540.0, 539.0, 539.0, 539.0, 541.0, 540.0, 540.0, 539.0, 539.0, 539.0, 538.0, 538.0, 537.0, 540.0, 539.0, 539.0, 537.0, 537.0, 539.0, 539.0, 541.0, 541.0, 541.0, 543.0, 543.0, 544.0, 543.0, 542.0, 541.0, 541.0, 542.0, 540.0, 540.0, 539.0, 539.0, 540.0, 540.0, 539.0, 539.0, 538.0, 537.0, 538.0, 537.0, 538.0, 537.0, 538.0, 537.0, 534.0, 534.0, 534.0, 535.0, 534.0, 535.0, 536.0, 537.0, 537.0, 538.0, 537.0, 537.0, 537.0, 537.0, 537.0, 537.0, 537.0, 535.0, 535.0, 537.0, 536.0, 536.0, 534.0, 534.0, 534.0, 533.0, 533.0, 532.0, 532.0, 534.0, 533.0, 535.0, 538.0, 536.0, 536.0, 537.0, 536.0, 537.0, 537.0, 537.0, 537.0, 537.0, 538.0, 539.0, 540.0, 539.0, 538.0, 538.0, 538.0, 538.0, 537.0, 536.0, 536.0, 536.0, 535.0, 536.0, 536.0, 535.0, 536.0, 536.0, 535.0, 536.0, 535.0, 534.0, 534.0, 535.0, 534.0, 531.0, 531.0, 530.0, 529.0, 529.0, 530.0, 530.0, 530.0, 530.0, 530.0, 531.0, 531.0, 531.0, 532.0, 532.0, 532.0, 532.0, 532.0, 533.0, 533.0, 533.0, 532.0, 532.0, 533.0, 533.0, 532.0, 533.0, 533.0, 535.0, 535.0, 534.0, 534.0, 533.0, 534.0, 533.0, 533.0, 533.0, 532.0, 532.0, 532.0, 531.0, 530.0, 531.0, 531.0, 532.0, 531.0, 531.0, 531.0, 530.0, 528.0, 528.0, 527.0, 527.0, 527.0, 530.0, 530.0, 530.0, 530.0, 529.0, 529.0, 528.0, 526.0, 527.0, 527.0, 527.0, 528.0, 527.0, 527.0, 527.0, 529.0, 528.0, 528.0, 530.0, 530.0, 530.0, 529.0, 529.0, 530.0, 528.0, 528.0, 528.0, 528.0, 529.0]",True,False,False,,5524.286712,5.614952417266816,False,0.0,0.0,0.0,0.0,10216.8,0.38413588986222913,11558.4,0.43457797640979456,"凱基(469,147.20萬)／元大證券(36,739.20萬)／統一(22,033.20萬)",True,False,1
2026-05-25,2454,TSE,2026-05-26,339175.5,17.30826761137892,1,True,False,False,2.5142857142857142,1.4857142857142858,True,3.0624263839811543,4245.0,4375.0,4440.0,4180.0,4265.0,4265.0,2026-05-26,d1_close,2026,"[4320.0, 4305.0, 4315.0, 4290.0, 4290.0, 4295.0, 4360.0, 4335.0, 4320.0, 4305.0, 4310.0, 4330.0, 4300.0, 4315.0, 4320.0, 4310.0, 4320.0, 4345.0, 4365.0, 4320.0, 4305.0, 4295.0, 4290.0, 4315.0, 4300.0, 4330.0, 4325.0, 4305.0, 4305.0, 4310.0, 4320.0, 4320.0, 4325.0, 4325.0, 4315.0, 4320.0, 4325.0, 4320.0, 4285.0, 4265.0, 4275.0, 4265.0, 4285.0, 4305.0, 4330.0, 4360.0, 4380.0, 4390.0, 4380.0, 4390.0, 4425.0, 4415.0, 4385.0, 4385.0, 4365.0, 4345.0, 4335.0, 4335.0, 4330.0, 4310.0, 4325.0, 4320.0, 4330.0, 4320.0, 4325.0, 4335.0, 4330.0, 4345.0, 4350.0, 4345.0, 4335.0, 4325.0, 4325.0, 4320.0, 4315.0, 4330.0, 4330.0, 4335.0, 4340.0, 4325.0, 4320.0, 4325.0, 4335.0, 4330.0, 4330.0, 4335.0, 4330.0, 4330.0, 4330.0, 4335.0, 4330.0, 4355.0, 4340.0, 4340.0, 4335.0, 4330.0, 4330.0, 4290.0, 4305.0, 4315.0, 4310.0, 4300.0, 4305.0, 4290.0, 4285.0, 4280.0, 4275.0, 4290.0, 4290.0, 4285.0, 4280.0, 4290.0, 4280.0, 4280.0, 4285.0, 4285.0, 4275.0, 4270.0, 4265.0, 4280.0, 4275.0, 4270.0, 4265.0, 4255.0, 4255.0, 4255.0, 4275.0, 4265.0, 4255.0, 4260.0, 4270.0, 4280.0, 4280.0, 4275.0, 4275.0, 4290.0, 4285.0, 4285.0, 4295.0, 4295.0, 4295.0, 4285.0, 4280.0, 4280.0, 4275.0, 4270.0, 4285.0, 4270.0, 4285.0, 4275.0, 4290.0, 4285.0, 4280.0, 4285.0, 4275.0, 4260.0, 4255.0, 4260.0, 4255.0, 4260.0, 4255.0, 4255.0, 4240.0, 4230.0, 4220.0, 4205.0, 4200.0, 4195.0, 4225.0, 4235.0, 4220.0, 4225.0, 4225.0, 4220.0, 4230.0, 4235.0, 4230.0, 4235.0, 4255.0, 4255.0, 4255.0, 4260.0, 4245.0, 4245.0, 4240.0, 4240.0, 4260.0, 4245.0, 4245.0, 4250.0, 4245.0, 4245.0, 4240.0, 4240.0, 4245.0, 4250.0, 4245.0, 4245.0, 4250.0, 4245.0, 4255.0, 4250.0, 4270.0, 4265.0, 4275.0, 4270.0, 4280.0, 4295.0, 4290.0, 4285.0, 4285.0, 4285.0, 4285.0, 4295.0, 4305.0, 4295.0, 4290.0, 4295.0, 4285.0, 4280.0, 4285.0, 4290.0, 4280.0, 4290.0, 4295.0, 4290.0, 4285.0, 4280.0, 4275.0, 4275.0, 4280.0, 4280.0, 4275.0, 4280.0, 4280.0, 4295.0, 4290.0, 4290.0, 4285.0, 4285.0, 4280.0, 4295.0, 4280.0, 4280.0, 4265.0, 4260.0, 4250.0, 4250.0, 4255.0, 4260.0, 4260.0, 4260.0, 4260.0, 4250.0, 4255.0, 4250.0, 4245.0, 4250.0, 4250.0, 4240.0, 4240.0, 4240.0, 4240.0, 4240.0, 4235.0, 4265.0]",True,False,False,,68085.737535,5.502268529385251,False,155367.0,7.928442985938277,73438.5,3.7475973676702785,259369.5,13.23573405576035,339175.5,17.30826761137892,"台新-台北(339,175.50萬)／富邦證券(259,369.50萬)／凱基-城中(155,367.00萬)",True,False,3
2026-05-25,3042,TSE,2026-05-26,561.15,1.2651323890760036,2,True,False,False,2.8708133971291865,1.4354066985645932,True,8.010335917312661,193.5,209.0,212.0,182.0,203.0,203.0,2026-05-26,d1_close,2026,"[211.0, 203.0, 202.0, 200.5, 197.0, 195.5, 191.0, 191.0, 189.0, 190.0, 188.5, 190.0, 182.0, 185.5, 189.0, 190.5, 190.5, 189.5, 194.0, 193.5, 192.5, 194.5, 197.0, 198.0, 201.0, 203.0, 202.0, 200.0, 199.5, 201.0, 202.5, 202.0, 200.0, 197.0, 196.0, 195.5, 193.5, 196.0, 193.5, 195.0, 193.0, 194.5, 197.0, 202.0, 204.5, 202.0, 202.5, 204.0, 202.5, 203.0, 207.0, 207.0, 205.0, 205.0, 203.5, 204.0, 204.0, 205.0, 205.0, 205.0, 207.5, 206.5, 207.0, 210.5, 210.5, 210.5, 208.5, 205.0, 202.5, 204.5, 204.0, 203.0, 203.0, 205.0, 203.5, 202.0, 201.5, 201.5, 202.0, 201.5, 201.5, 201.5, 202.0, 202.0, 203.0, 203.0, 204.0, 204.0, 204.0, 206.0, 205.0, 204.5, 204.0, 203.0, 204.5, 203.5, 203.5, 203.5, 202.5, 203.5, 203.0, 203.5, 203.5, 203.0, 203.0, 203.0, 202.5, 201.0, 201.5, 201.0, 201.5, 201.0, 201.5, 202.0, 201.0, 201.5, 201.0, 201.0, 200.5, 199.0, 199.5, 199.0, 199.0, 199.0, 198.5, 198.0, 198.5, 199.5, 199.0, 199.0, 199.0, 198.5, 198.0, 198.0, 198.0, 197.5, 198.0, 201.0, 200.5, 200.5, 200.5, 201.0, 201.0, 201.0, 201.0, 202.0, 201.0, 201.0, 200.5, 200.5, 200.0, 200.0, 202.5, 201.5, 202.0, 201.0, 202.0, 202.0, 202.0, 201.5, 201.0, 201.0, 200.0, 200.0, 201.0, 201.0, 201.0, 200.0, 200.0, 200.5, 199.5, 199.5, 199.5, 200.0, 200.0, 201.5, 200.0, 200.0, 199.5, 199.0, 199.0, 199.0, 200.5, 201.5, 203.0, 202.0, 201.5, 201.0, 202.0, 203.0, 203.5, 203.0, 203.0, 203.0, 203.0, 202.5, 203.0, 202.0, 205.0, 204.0, 204.0, 203.0, 202.5, 202.5, 202.0, 201.5, 201.5, 201.5, 201.5, 202.5, 201.5, 201.5, 201.5, 201.0, 201.5, 201.0, 201.5, 202.0, 203.0, 202.5, 203.0, 203.0, 203.5, 203.5, 203.0, 202.5, 202.5, 203.0, 204.0, 202.0, 202.0, 202.0, 201.0, 202.5, 202.0, 202.5, 203.0, 202.5, 201.5, 201.0, 201.0, 201.0, 201.5, 201.5, 201.5, 201.5, 201.0, 201.0, 200.5, 201.0, 201.5, 201.5, 201.5, 201.0, 200.5, 200.5, 201.0, 200.5, 200.5, 200.5, 201.0, 200.5, 203.0]",True,False,False,,663.691455,5.502268529385251,False,0.0,0.0,0.0,0.0,0.0,0.0,561.15,1.2651323890760036,"元大證券(23,103.90萬)／台新-松德(2,999.25萬)／元大-彰化(1,935.00萬)",True,False,0
2026-05-25,3189,TSE,2026-05-26,66498.6,11.685280621994105,3,True,False,False,-3.880597014925373,7.313432835820896,False,0.1494768310911808,669.0,670.0,719.0,654.0,696.0,696.0,2026-05-26,d1_close,2026,"[664.0, 657.0, 669.0, 673.0, 675.0, 670.0, 678.0, 681.0, 679.0, 673.0, 677.0, 680.0, 685.0, 690.0, 696.0, 691.0, 692.0, 693.0, 704.0, 702.0, 702.0, 702.0, 694.0, 697.0, 696.0, 692.0, 690.0, 693.0, 686.0, 683.0, 685.0, 683.0, 682.0, 682.0, 682.0, 672.0, 669.0, 672.0, 668.0, 670.0, 669.0, 668.0, 671.0, 665.0, 669.0, 671.0, 675.0, 679.0, 680.0, 679.0, 678.0, 676.0, 675.0, 675.0, 671.0, 672.0, 672.0, 670.0, 670.0, 673.0, 672.0, 674.0, 674.0, 674.0, 672.0, 674.0, 676.0, 678.0, 680.0, 681.0, 679.0, 678.0, 677.0, 680.0, 678.0, 679.0, 677.0, 678.0, 679.0, 676.0, 678.0, 677.0, 677.0, 676.0, 675.0, 673.0, 672.0, 674.0, 677.0, 677.0, 679.0, 679.0, 678.0, 680.0, 681.0, 681.0, 679.0, 678.0, 678.0, 680.0, 680.0, 680.0, 680.0, 680.0, 678.0, 677.0, 677.0, 676.0, 675.0, 676.0, 676.0, 678.0, 680.0, 682.0, 683.0, 686.0, 683.0, 683.0, 681.0, 682.0, 681.0, 680.0, 679.0, 680.0, 682.0, 681.0, 681.0, 685.0, 682.0, 681.0, 683.0, 683.0, 682.0, 682.0, 682.0, 683.0, 682.0, 682.0, 682.0, 683.0, 682.0, 684.0, 681.0, 681.0, 681.0, 681.0, 679.0, 679.0, 680.0, 680.0, 680.0, 679.0, 679.0, 678.0, 676.0, 676.0, 676.0, 675.0, 675.0, 675.0, 676.0, 676.0, 678.0, 677.0, 678.0, 678.0, 678.0, 678.0, 679.0, 679.0, 678.0, 676.0, 676.0, 676.0, 676.0, 676.0, 678.0, 679.0, 681.0, 682.0, 681.0, 684.0, 684.0, 688.0, 687.0, 693.0, 696.0, 699.0, 711.0, 713.0, 712.0, 709.0, 706.0, 704.0, 704.0, 704.0, 705.0, 703.0, 704.0, 704.0, 706.0, 708.0, 709.0, 707.0, 707.0, 705.0, 706.0, 704.0, 705.0, 704.0, 704.0, 705.0, 705.0, 705.0, 705.0, 703.0, 705.0, 706.0, 706.0, 707.0, 708.0, 713.0, 712.0, 712.0, 711.0, 710.0, 710.0, 711.0, 712.0, 703.0, 706.0, 706.0, 708.0, 708.0, 707.0, 706.0, 707.0, 704.0, 706.0, 707.0, 706.0, 705.0, 705.0, 704.0, 702.0, 701.0, 700.0, 701.0, 700.0, 696.0, 693.0, 695.0, 694.0, 694.0, 696.0, 694.0, 695.0, 696.0, 694.0, 693.0, 693.0, 693.0, 690.0, 689.0, 691.0, 696.0]",True,False,False,,3525.066702,5.502268529385251,False,0.0,0.0,3679.5,0.6465698533296537,-11038.5,-1.9397095599889609,66498.6,11.685280621994105,"台新-台北(66,498.60萬)／摩根大通(46,361.70萬)／兆豐證券(36,661.20萬)",True,False,2
2026-05-25,3211,OTC,2026-05-26,7335.8,0.7910741558973126,2,True,False,False,-4.1065482796892345,4.1065482796892345,False,5.627198124267292,426.5,450.5,469.0,448.0,469.0,469.0,2026-05-26,d1_close,2026,"[464.0, 465.5, 467.5, 466.5, 468.0, 464.5, 464.5, 464.5, 461.5, 459.5, 458.5, 456.0, 453.5, 455.0, 449.5, 453.5, 456.5, 458.5, 458.0, 456.5, 454.0, 454.5, 456.0, 456.5, 456.5, 453.5, 456.0, 455.0, 453.5, 452.5, 454.0, 456.0, 455.0, 457.5, 457.5, 455.0, 453.0, 454.0, 453.5, 452.0, 452.0, 454.0, 455.0, 457.5, 457.0, 458.5, 459.0, 459.5, 460.0, 459.5, 459.0, 464.0, 463.5, 465.0, 464.0, 461.0, 459.5, 456.5, 456.5, 458.0, 458.0, 459.0, 459.0, 459.5, 460.5, 463.0, 461.5, 461.5, 460.5, 461.0, 459.5, 458.0, 459.0, 457.5, 459.0, 458.5, 458.5, 460.0, 460.5, 461.0, 460.0, 457.5, 458.5, 458.0, 460.5, 461.5, 463.0, 461.5, 462.5, 463.0, 462.5, 463.0, 463.0, 464.0, 463.5, 465.0, 465.0, 464.5, 465.0, 464.5, 465.0, 464.5, 462.5, 462.5, 463.0, 462.0, 463.0, 462.5, 462.5, 462.0, 461.0, 462.5, 461.0, 460.5, 460.5, 460.5, 460.0, 462.0, 462.5, 462.0, 462.0, 461.0, 461.0, 462.5, 464.0, 464.5, 466.0, 469.0, 469.0, 469.0, 469.0, 469.0, 469.0, 469.0, 469.0, 469.0, 469.0, 469.0, 469.0, 469.0, 469.0, 469.0, 469.0, 469.0, 469.0, 469.0, 469.0, 469.0, 469.0, 469.0, 469.0, 469.0, 469.0, 469.0, 469.0, 469.0, 469.0, 469.0, 469.0, 469.0, 469.0, 469.0, 469.0, 469.0, 469.0, 469.0, 469.0, 469.0, 469.0, 469.0, 469.0, 469.0, 469.0, 469.0, 469.0, 469.0, 469.0, 469.0, 469.0, 469.0, 469.0, 469.0, 469.0, 469.0, 469.0, 469.0, 469.0, 469.0, 469.0, 469.0, 469.0, 469.0, 469.0, 469.0, 469.0, 469.0, 469.0, 469.0, 469.0, 469.0, 469.0, 469.0, 469.0, 469.0, 469.0, 469.0, 469.0, 469.0, 469.0, 469.0, 469.0, 469.0, 469.0, 469.0, 469.0, 469.0, 469.0, 469.0, 469.0, 469.0, 469.0, 469.0, 469.0, 469.0, 469.0, 469.0, 469.0, 469.0, 469.0, 469.0, 469.0, 469.0, 469.0, 469.0, 469.0, 469.0, 469.0, 469.0, 469.0, 469.0, 469.0, 469.0, 469.0, 469.0, 469.0, 469.0, 469.0, 469.0, 469.0, 469.0, 469.0]",True,False,False,,658.110825,5.502268529385251,False,0.0,0.0,0.0,0.0,22945.7,2.474406371353222,7335.8,0.7910741558973126,"台灣摩根士丹利(109,354.60萬)／凱基-台北(68,410.60萬)／美林(64,785.35萬)",True,False,1
2026-05-25,8021,TSE,2026-05-26,22643.2,5.415232038154871,2,True,False,False,-5.568181818181818,5.568181818181818,False,-5.172413793103448,464.0,440.0,464.5,425.0,464.5,464.5,2026-05-26,d1_close,2026,"[440.0, 435.0, 430.0, 427.5, 425.0, 425.0, 428.0, 431.0, 438.0, 440.0, 440.0, 450.0, 450.0, 460.0, 464.5]",True,False,True,20分鐘,672.9972,5.502268529385251,False,-13502.4,-3.2291650063587447,0.0,0.0,-24638.4,-5.892393877582451,22643.2,5.415232038154871,"美林(34,707.20萬)／新加坡商瑞銀(24,545.60萬)／台灣摩根士丹利(24,406.40萬)",True,False,2
2026-05-26,6442,TSE,2026-05-27,6795.0,0.4440099286540179,2,True,False,False,10.526315789473683,1.0964912280701753,True,0.6622516556291391,2265.0,2280.0,2305.0,2040.0,2040.0,2040.0,2026-05-27,d1_close,2026,"[2280.0, 2230.0, 2265.0, 2250.0, 2250.0, 2230.0, 2230.0, 2255.0, 2270.0, 2265.0, 2265.0, 2255.0, 2240.0, 2255.0, 2260.0, 2260.0, 2290.0, 2290.0, 2295.0, 2270.0, 2265.0, 2250.0, 2245.0, 2265.0, 2255.0, 2250.0, 2215.0, 2210.0, 2210.0, 2220.0, 2205.0, 2190.0, 2210.0, 2200.0, 2195.0, 2175.0, 2175.0, 2180.0, 2165.0, 2175.0, 2185.0, 2205.0, 2195.0, 2190.0, 2180.0, 2175.0, 2170.0, 2170.0, 2175.0, 2185.0, 2185.0, 2190.0, 2195.0, 2195.0, 2190.0, 2175.0, 2160.0, 2160.0, 2155.0, 2150.0, 2150.0, 2170.0, 2165.0, 2160.0, 2165.0, 2155.0, 2150.0, 2135.0, 2130.0, 2145.0, 2160.0, 2160.0, 2160.0, 2170.0, 2170.0, 2170.0, 2180.0, 2185.0, 2185.0, 2185.0, 2190.0, 2200.0, 2195.0, 2190.0, 2185.0, 2180.0, 2180.0, 2175.0, 2170.0, 2185.0, 2180.0, 2175.0, 2170.0, 2180.0, 2190.0, 2190.0, 2190.0, 2175.0, 2160.0, 2160.0, 2165.0, 2170.0, 2180.0, 2180.0, 2180.0, 2175.0, 2175.0, 2175.0, 2180.0, 2170.0, 2170.0, 2170.0, 2175.0, 2175.0, 2175.0, 2170.0, 2170.0, 2175.0, 2175.0, 2170.0, 2155.0, 2155.0, 2155.0, 2140.0, 2140.0, 2150.0, 2155.0, 2165.0, 2165.0, 2165.0, 2165.0, 2160.0, 2155.0, 2145.0, 2145.0, 2150.0, 2150.0, 2150.0, 2150.0, 2140.0, 2140.0, 2140.0, 2145.0, 2145.0, 2145.0, 2145.0, 2150.0, 2145.0, 2145.0, 2140.0, 2135.0, 2135.0, 2135.0, 2135.0, 2135.0, 2135.0, 2125.0, 2120.0, 2115.0, 2110.0, 2105.0, 2115.0, 2110.0, 2105.0, 2100.0, 2105.0, 2105.0, 2105.0, 2105.0, 2100.0, 2085.0, 2090.0, 2090.0, 2090.0, 2090.0, 2080.0, 2090.0, 2090.0, 2090.0, 2090.0, 2090.0, 2080.0, 2085.0, 2090.0, 2085.0, 2085.0, 2080.0, 2070.0, 2075.0, 2070.0, 2075.0, 2065.0, 2055.0, 2050.0, 2045.0, 2050.0, 2045.0, 2045.0, 2045.0, 2040.0, 2040.0, 2040.0, 2040.0, 2040.0, 2040.0, 2040.0, 2040.0, 2040.0, 2040.0, 2040.0, 2040.0, 2040.0, 2040.0, 2040.0, 2040.0, 2040.0, 2040.0, 2040.0, 2040.0, 2040.0, 2040.0, 2040.0, 2040.0, 2040.0, 2040.0, 2040.0, 2040.0, 2040.0, 2040.0, 2040.0, 2040.0, 2040.0, 2040.0, 2040.0, 2040.0, 2040.0, 2040.0, 2040.0, 2040.0, 2040.0, 2040.0, 2040.0, 2040.0, 2040.0, 2040.0, 2040.0, 2040.0, 2040.0, 2040.0, 2040.0, 2040.0, 2040.0]",True,False,False,,1768.360245,2.9748294039198035,False,0.0,0.0,0.0,0.0,28312.5,1.8500413693917412,6795.0,0.4440099286540179,"摩根大通(71,121.00萬)／元大-土城永寧(48,924.00萬)／富邦-仁愛(43,261.50萬)",True,False,1
2026-05-26,6456,TSE,2026-05-27,1213.6,0.6476673772430607,1,True,False,False,2.1065675340768317,6.443618339529124,True,-1.585365853658533,82.0,80.7,85.9,77.4,79.0,79.0,2026-05-27,d1_close,2026,"[79.6, 79.4, 79.7, 79.4, 79.2, 79.3, 79.2, 79.2, 80.4, 82.9, 82.0, 80.8, 80.6, 81.0, 80.6, 82.0, 81.5, 81.7, 81.2, 81.7, 81.5, 81.0, 80.9, 80.9, 80.8, 80.3, 80.8, 80.1, 80.6, 79.9, 80.0, 79.8, 79.5, 79.1, 79.5, 79.7, 80.0, 79.6, 79.8, 80.2, 80.8, 81.7, 81.9, 81.9, 81.4, 81.2, 80.9, 81.4, 81.1, 81.1, 81.2, 81.3, 81.2, 82.5, 81.9, 81.9, 81.9, 82.0, 81.6, 81.8, 81.9, 82.0, 82.2, 82.3, 81.4, 81.5, 81.5, 81.5, 81.3, 81.3, 81.5, 81.4, 81.2, 80.8, 80.8, 80.9, 81.0, 81.0, 81.1, 81.2, 80.7, 80.5, 81.5, 81.7, 81.8, 81.6, 81.5, 82.0, 81.9, 81.6, 81.5, 81.6, 81.6, 81.6, 81.4, 81.5, 81.9, 82.0, 81.9, 82.9, 83.0, 83.0, 82.9, 82.2, 82.3, 82.4, 82.3, 81.8, 82.0, 82.0, 82.0, 82.4, 82.2, 83.7, 85.1, 84.9, 84.8, 84.9, 84.2, 84.0, 83.2, 82.7, 83.0, 82.7, 83.2, 83.2, 83.3, 83.3, 83.3, 82.8, 82.7, 82.6, 82.5, 82.4, 82.3, 82.2, 82.1, 83.2, 83.2, 82.8, 82.8, 82.2, 82.1, 82.4, 82.3, 82.3, 82.6, 82.6, 82.4, 82.5, 82.4, 82.2, 82.3, 81.9, 82.1, 82.0, 81.9, 81.9, 81.8, 82.0, 82.0, 81.9, 81.8, 82.0, 81.9, 81.8, 81.7, 81.6, 81.7, 81.7, 81.6, 81.5, 81.5, 81.4, 81.0, 81.0, 81.3, 81.0, 80.9, 80.8, 81.0, 81.1, 81.0, 80.8, 80.6, 80.6, 80.5, 80.4, 80.4, 80.4, 80.1, 80.0, 79.9, 79.8, 79.6, 79.6, 79.5, 79.2, 79.1, 79.1, 78.9, 78.9, 78.5, 78.5, 78.6, 78.4, 78.3, 78.1, 78.1, 78.2, 78.2, 78.3, 79.0, 78.8, 79.1, 78.6, 78.3, 78.5, 78.6, 78.5, 78.3, 77.6, 77.9, 78.1, 78.3, 78.4, 78.4, 78.5, 78.6, 78.6, 78.5, 78.6, 78.7, 78.8, 78.7, 78.7, 78.6, 78.7, 78.6, 78.6, 78.2, 78.1, 78.3, 78.1, 78.4, 78.3, 78.4, 78.6, 78.6, 79.0, 78.7, 78.7, 78.6, 78.6, 78.7, 78.7, 78.6, 79.7, 80.9, 80.2, 80.8, 80.3, 79.7, 79.0, 79.0]",True,False,False,,277.110636,2.9748294039198035,False,0.0,0.0,0.0,0.0,20951.0,11.181014519297433,1213.6,0.6476673772430607,"富邦證券(20,951.00萬)／永豐金-信義(15,030.60萬)／凱基-台北(11,791.60萬)",True,False,1
2026-05-26,8996,TSE,2026-05-27,3112.5,0.5393874787017006,1,True,False,False,3.571428571428571,0.0,True,1.2048192771084338,1245.0,1260.0,1260.0,1175.0,1215.0,1215.0,2026-05-27,d1_close,2026,"[1240.0, 1250.0, 1240.0, 1245.0, 1240.0, 1235.0, 1245.0, 1240.0, 1235.0, 1240.0, 1240.0, 1230.0, 1225.0, 1230.0, 1225.0, 1225.0, 1225.0, 1225.0, 1225.0, 1215.0, 1220.0, 1235.0, 1240.0, 1230.0, 1230.0, 1225.0, 1215.0, 1210.0, 1215.0, 1220.0, 1215.0, 1215.0, 1210.0, 1215.0, 1205.0, 1195.0, 1200.0, 1200.0, 1200.0, 1205.0, 1205.0, 1205.0, 1215.0, 1210.0, 1195.0, 1200.0, 1200.0, 1195.0, 1195.0, 1195.0, 1195.0, 1190.0, 1195.0, 1195.0, 1195.0, 1195.0, 1205.0, 1205.0, 1195.0, 1190.0, 1190.0, 1190.0, 1190.0, 1190.0, 1190.0, 1185.0, 1185.0, 1180.0, 1185.0, 1185.0, 1185.0, 1185.0, 1185.0, 1190.0, 1190.0, 1185.0, 1190.0, 1195.0, 1190.0, 1185.0, 1185.0, 1185.0, 1180.0, 1190.0, 1185.0, 1185.0, 1185.0, 1185.0, 1185.0, 1195.0, 1195.0, 1195.0, 1210.0, 1215.0, 1215.0, 1210.0, 1220.0, 1220.0, 1215.0, 1220.0, 1225.0, 1215.0, 1220.0, 1220.0, 1220.0, 1225.0, 1225.0, 1225.0, 1225.0, 1225.0, 1225.0, 1240.0, 1240.0, 1235.0, 1230.0, 1235.0, 1240.0, 1240.0, 1240.0, 1250.0, 1245.0, 1240.0, 1240.0, 1245.0, 1250.0, 1250.0, 1240.0, 1235.0, 1235.0, 1235.0, 1235.0, 1235.0, 1235.0, 1235.0, 1225.0, 1225.0, 1220.0, 1220.0, 1215.0, 1220.0, 1215.0, 1215.0, 1215.0, 1215.0, 1215.0, 1215.0, 1215.0, 1220.0, 1210.0, 1215.0, 1215.0, 1210.0, 1210.0, 1210.0, 1210.0, 1210.0, 1205.0, 1205.0, 1210.0, 1210.0, 1205.0, 1210.0, 1210.0, 1205.0, 1210.0, 1205.0, 1200.0, 1200.0, 1205.0, 1200.0, 1210.0, 1215.0, 1210.0, 1215.0, 1215.0, 1210.0, 1210.0, 1215.0, 1215.0, 1210.0, 1210.0, 1205.0, 1205.0, 1205.0, 1210.0, 1205.0, 1205.0, 1205.0, 1205.0, 1200.0, 1195.0, 1195.0, 1195.0, 1190.0, 1195.0, 1190.0, 1185.0, 1180.0, 1190.0, 1190.0, 1185.0, 1185.0, 1180.0, 1180.0, 1180.0, 1180.0, 1190.0, 1195.0, 1190.0, 1185.0, 1190.0, 1190.0, 1195.0, 1190.0, 1190.0, 1185.0, 1190.0, 1190.0, 1185.0, 1185.0, 1185.0, 1190.0, 1195.0, 1190.0, 1195.0, 1195.0, 1200.0, 1200.0, 1200.0, 1200.0, 1195.0, 1195.0, 1215.0, 1210.0, 1210.0, 1210.0, 1210.0, 1210.0, 1210.0, 1215.0, 1215.0, 1215.0, 1215.0, 1215.0, 1225.0, 1220.0, 1220.0, 1225.0, 1220.0, 1225.0, 1225.0, 1220.0, 1220.0, 1220.0, 1215.0, 1215.0, 1215.0]",True,False,False,,1162.67313,2.9748294039198035,False,0.0,0.0,0.0,0.0,9835.5,1.7044644326973737,3112.5,0.5393874787017006,"美商高盛(111,303.00萬)／凱基-站前(32,743.50萬)／統一(15,936.00萬)",True,False,1
2026-05-28,1319,TSE,2026-05-29,942.85,2.613111004891743,1,True,False,True,0.0,0.0,False,9.9421965317919,86.5,95.1,95.1,91.8,95.1,95.1,2026-05-29,d1_close,2026,"[91.8, 95.1, 95.1, 95.1, 95.1, 95.1, 95.1, 95.1, 95.1, 95.1, 95.1, 95.1, 95.1, 95.1, 95.1, 95.1, 95.1, 95.1, 95.1, 95.1, 95.1, 95.1, 95.1, 95.1, 95.1, 95.1, 95.1, 95.1, 95.1, 95.1, 95.1, 95.1, 95.1, 95.1, 95.1, 95.1, 95.1, 95.1, 95.1, 95.1, 95.1, 95.1, 95.1, 95.1, 95.1, 95.1, 95.1, 95.1, 95.1, 95.1, 95.1, 95.1, 95.1, 95.1, 95.1, 95.1, 95.1, 95.1, 95.1, 95.1, 95.1, 95.1, 95.1, 95.1, 95.1, 95.1, 95.1, 95.1, 95.1, 95.1, 95.1, 95.1, 95.1, 95.1, 95.1, 95.1, 95.1, 95.1, 95.1, 95.1, 95.1, 95.1, 95.1, 95.1, 95.1, 95.1, 95.1, 95.1, 95.1, 95.1, 95.1, 95.1, 95.1, 95.1, 95.1, 95.1, 95.1, 95.1, 95.1, 95.1, 95.1, 95.1, 95.1, 95.1, 95.1, 95.1, 95.1, 95.1, 95.1, 95.1, 95.1, 95.1, 95.1, 95.1, 95.1, 95.1, 95.1, 95.1, 95.1, 95.1, 95.1, 95.1, 95.1, 95.1, 95.1, 95.1, 95.1, 95.1, 95.1, 95.1, 95.1, 95.1, 95.1, 95.1, 95.1, 95.1, 95.1, 95.1, 95.1, 95.1, 95.1, 95.1, 95.1, 95.1, 95.1, 95.1, 95.1, 95.1, 95.1, 95.1, 95.1, 95.1, 95.1, 95.1, 95.1, 95.1, 95.1, 95.1, 95.1, 95.1, 95.1, 95.1, 95.1, 95.1, 95.1, 95.1, 95.1, 95.1, 95.1, 95.1, 95.1, 95.1, 95.1, 95.1, 95.1, 95.1, 95.1, 95.1, 95.1, 95.1, 95.1, 95.1, 95.1, 95.1, 95.1, 95.1, 95.1, 95.1, 95.1, 95.1, 95.1, 95.1, 95.1, 95.1, 95.1, 95.1, 95.1, 95.1, 95.1, 95.1, 95.1, 95.1, 95.1, 95.1, 95.1, 95.1, 95.1, 95.1, 95.1, 95.1, 95.1, 95.1, 95.1, 95.1, 95.1, 95.1]",True,False,False,,511.6276915,0.2551845050369467,False,0.0,0.0,3070.75,8.510590887491459,-709.3,-1.965826627533238,942.85,2.613111004891743,"元大證券(7,897.45萬)／國票-敦北法人(4,480.70萬)／統一-城中(3,070.75萬)",True,False,2
2026-05-28,3042,TSE,2026-05-29,33734.25,7.561415111681713,1,True,False,False,2.927927927927928,2.702702702702702,True,2.0689655172413794,217.5,222.0,228.0,212.0,215.5,215.5,2026-05-29,d1_close,2026,"[221.5, 221.5, 219.0, 220.5, 222.0, 217.0, 218.5, 218.5, 216.5, 214.0, 217.0, 217.0, 216.0, 216.0, 216.0, 216.0, 216.5, 220.0, 217.0, 217.0, 216.5, 217.0, 216.0, 216.5, 218.0, 216.0, 215.0, 214.5, 217.0, 217.0, 216.5, 218.5, 218.0, 217.5, 217.5, 217.5, 217.5, 217.5, 218.0, 217.5, 217.5, 217.5, 217.5, 218.0, 221.0, 226.0, 227.5, 226.0, 227.5, 226.0, 223.5, 223.0, 218.5, 221.0, 223.5, 222.0, 221.5, 221.0, 222.0, 223.0, 219.5, 219.5, 220.5, 220.5, 220.5, 221.0, 220.0, 219.5, 219.5, 219.0, 218.5, 218.0, 219.5, 220.0, 219.0, 219.0, 218.5, 217.0, 217.0, 217.0, 217.5, 217.0, 216.0, 216.0, 215.5, 216.5, 216.5, 215.5, 217.0, 217.0, 217.0, 216.5, 216.5, 217.0, 216.5, 216.0, 216.0, 216.5, 217.0, 216.0, 216.5, 217.0, 217.0, 216.5, 215.5, 216.0, 216.0, 215.5, 214.0, 214.5, 214.5, 214.5, 214.5, 215.0, 215.0, 214.5, 213.5, 213.5, 213.5, 214.0, 212.5, 213.0, 212.5, 214.0, 213.5, 213.0, 213.0, 213.5, 213.5, 213.5, 214.0, 213.5, 213.5, 214.5, 214.0, 213.0, 213.5, 213.5, 213.0, 213.5, 214.0, 214.0, 214.0, 214.0, 214.5, 215.0, 214.0, 214.0, 213.5, 212.5, 213.0, 213.0, 214.0, 214.5, 214.0, 214.0, 214.5, 214.0, 213.5, 214.0, 213.5, 213.5, 213.5, 214.0, 214.0, 213.5, 213.5, 213.5, 214.0, 213.5, 214.0, 214.0, 214.0, 214.0, 213.5, 213.5, 213.0, 213.5, 213.5, 213.0, 213.0, 213.0, 213.0, 213.0, 212.5, 213.0, 213.0, 213.0, 213.0, 213.0, 213.0, 213.0, 213.5, 213.0, 213.0, 212.5, 212.5, 212.5, 213.0, 212.5, 213.0, 214.0, 214.0, 214.5, 214.5, 215.5, 215.0, 215.0, 214.5, 214.5, 215.0, 214.5, 215.0, 215.0, 215.0, 214.5, 214.5, 217.5, 216.5, 216.5, 216.0, 216.5, 216.5, 216.0, 216.5, 216.0, 216.0, 216.5, 216.5, 216.0, 216.0, 216.5, 216.0, 215.5, 215.5, 216.0, 216.0, 216.0, 215.5, 215.5, 215.5, 216.0, 215.5, 215.5, 216.0, 215.5, 215.5, 215.5, 216.0, 216.5, 216.5, 217.0, 218.5, 218.5, 218.5, 218.5, 218.5, 219.5, 219.0, 219.0, 218.5, 218.5, 218.0, 217.5, 217.5, 215.5]",True,False,False,,746.009775,0.2551845050369467,False,0.0,0.0,0.0,0.0,6003.0,1.3455516252895892,33734.25,7.561415111681713,"摩根大通(62,792.25萬)／元大證券(55,636.50萬)／台新-台北(33,734.25萬)",True,False,1
2026-05-28,5425,OTC,2026-05-29,4030.4,0.5347159490065747,1,True,False,True,7.171314741035857,0.0,True,9.60698689956332,114.5,125.5,125.5,113.0,116.5,116.5,2026-05-29,d1_close,2026,"[123.0, 121.5, 117.5, 116.0, 116.0, 116.0, 114.5, 113.5, 116.0, 117.0, 117.5, 117.5, 119.0, 120.0, 119.0, 119.5, 120.0, 117.0, 117.5, 117.0, 118.0, 118.0, 116.5, 116.0, 117.5, 116.5, 117.0, 117.0, 118.0, 119.0, 118.5, 116.0, 118.5, 118.5, 118.5, 119.0, 119.5, 118.5, 117.0, 118.5, 118.0, 118.0, 117.0, 117.5, 117.5, 117.0, 116.0, 116.0, 115.5, 116.5, 117.0, 117.0, 116.5, 117.5, 117.5, 118.0, 118.0, 118.5, 119.5, 119.0, 119.5, 119.0, 119.0, 119.5, 120.5, 121.0, 121.0, 120.0, 121.0, 120.0, 119.5, 119.0, 119.0, 119.5, 119.5, 119.5, 119.0, 119.0, 119.0, 118.0, 118.5, 119.0, 119.0, 119.0, 118.5, 120.5, 119.5, 119.5, 119.5, 119.5, 119.0, 119.0, 119.0, 118.5, 119.0, 119.0, 118.5, 118.5, 118.5, 118.0, 118.0, 118.5, 118.5, 119.5, 119.0, 119.0, 119.0, 118.0, 118.5, 118.5, 119.0, 119.0, 118.5, 119.0, 119.0, 118.5, 117.5, 118.0, 117.5, 117.5, 117.5, 117.5, 118.0, 118.0, 118.0, 117.5, 118.0, 118.0, 118.0, 117.5, 117.5, 117.0, 117.5, 117.5, 117.5, 118.0, 117.5, 117.5, 117.0, 117.0, 117.5, 117.0, 117.0, 118.0, 118.0, 118.0, 118.0, 117.5, 117.5, 117.5, 117.5, 117.5, 117.5, 117.5, 118.0, 118.0, 118.0, 117.5, 117.5, 118.0, 117.5, 117.5, 118.0, 117.5, 117.5, 118.5, 118.0, 118.0, 118.5, 117.5, 118.0, 117.5, 117.5, 117.5, 117.5, 117.0, 117.5, 117.5, 118.0, 118.0, 118.0, 117.5, 117.5, 118.0, 118.0, 117.5, 117.5, 117.5, 117.5, 117.5, 117.5, 118.0, 118.0, 118.0, 117.5, 117.5, 118.0, 117.5, 117.5, 117.5, 117.5, 118.5, 118.0, 118.0, 118.5, 118.0, 118.0, 117.5, 118.0, 118.0, 117.5, 117.5, 117.5, 118.0, 118.0, 118.0, 117.5, 118.0, 118.0, 118.0, 118.0, 118.0, 118.5, 118.0, 118.0, 118.0, 118.0, 118.0, 118.0, 117.5, 118.0, 117.5, 117.5, 117.5, 117.0, 117.0, 118.0, 117.5, 118.0, 117.5, 117.5, 117.5, 117.5, 117.0, 117.0, 117.5, 117.5, 117.5, 118.0, 118.0, 117.5, 117.5, 117.5, 117.5, 118.0, 117.5, 117.5, 117.5, 117.0, 117.0, 117.0, 116.5]",True,False,False,,301.690783,0.2551845050369467,False,3343.4,0.4435711849713631,0.0,0.0,7705.85,1.0223404365949569,4030.4,0.5347159490065747,"摩根大通(54,719.55萬)／永豐金證券(20,071.85萬)／凱基-台北(17,884.90萬)",True,False,2
2026-05-28,6411,OTC,2026-05-29,8114.1,8.314775868366649,1,True,False,False,5.982905982905983,0.4273504273504274,True,5.405405405405405,111.0,117.0,117.5,107.0,110.0,110.0,2026-05-29,d1_close,2026,"[116.5, 114.0, 115.0, 115.0, 115.0, 114.5, 113.5, 112.0, 112.5, 114.5, 116.5, 114.5, 115.0, 114.5, 113.5, 114.0, 113.0, 113.0, 113.0, 111.0, 111.0, 111.5, 111.0, 110.5, 110.0, 110.0, 110.5, 110.5, 110.5, 110.5, 111.0, 111.0, 110.5, 110.5, 111.0, 111.0, 111.5, 111.0, 111.0, 111.5, 111.5, 111.5, 111.0, 111.0, 111.0, 111.5, 111.0, 111.0, 111.0, 110.5, 110.0, 110.0, 110.5, 110.5, 110.5, 110.0, 110.5, 110.5, 110.5, 110.5, 110.5, 111.0, 111.0, 111.0, 110.5, 110.5, 110.0, 110.5, 110.5, 111.0, 111.0, 111.0, 110.5, 111.0, 110.5, 111.0, 110.5, 110.5, 110.5, 110.5, 110.5, 110.5, 110.5, 110.5, 111.0, 111.0, 110.5, 110.5, 110.5, 110.5, 111.0, 111.0, 111.0, 111.0, 111.0, 111.0, 111.0, 111.0, 111.0, 111.0, 111.0, 111.0, 111.0, 111.0, 111.0, 111.0, 111.0, 111.0, 111.0, 110.5, 111.0, 111.0, 111.0, 110.5, 110.5, 110.5, 110.5, 110.0, 110.0, 110.5, 110.0, 110.0, 110.0, 110.5, 110.5, 110.0, 110.5, 110.5, 110.5, 110.5, 110.5, 110.0, 110.0, 109.0, 109.5, 109.5, 109.5, 110.5, 110.0, 110.5, 110.0, 110.0, 110.0, 110.5, 110.5, 110.5, 110.0, 110.0, 110.5, 110.5, 110.5, 110.5, 110.5, 110.0, 110.0, 110.0, 110.0, 110.0, 110.0, 110.5, 110.5, 110.5, 110.5, 110.5, 110.5, 110.0, 110.0, 110.0, 110.0, 110.0, 110.0, 110.5, 110.0, 110.0, 109.5, 109.5, 109.5, 110.0, 110.0, 109.5, 109.0, 109.0, 109.0, 109.0, 108.5, 109.0, 108.5, 108.5, 108.0, 108.0, 108.0, 108.5, 108.5, 109.0, 109.5, 109.5, 109.5, 109.5, 109.5, 110.0, 109.5, 110.0, 110.5, 110.5, 110.5, 110.5, 110.5, 110.0, 110.5, 110.5, 110.5, 110.5, 110.0, 110.5, 110.0, 110.5, 110.0, 110.0, 109.5, 109.5, 109.5, 110.0, 110.0, 109.5, 110.0, 110.0, 110.0, 110.0, 110.0, 109.5, 110.0, 110.0, 110.0, 110.0, 110.0, 109.5, 110.0, 110.0, 109.5, 109.5, 109.5, 110.0, 110.0, 109.5, 110.0, 110.0, 110.0, 110.0, 110.0, 110.5, 110.5, 110.5, 110.0, 110.0, 110.0, 110.0, 110.0]",True,False,False,,110.145966,0.2551845050369467,False,0.0,0.0,0.0,0.0,0.0,0.0,8114.1,8.314775868366649,"台新-台北(8,114.10萬)／統一(4,817.40萬)／港商野村(4,684.20萬)",True,False,0
2026-05-29,2356,TSE,2026-06-01,6788.34,0.4407847534162434,1,True,False,False,-7.972027972027976,7.972027972027976,False,1.851851851851848,70.2,71.5,77.2,69.2,77.2,77.2,2026-06-01,d1_close,2026,"[69.8, 70.5, 71.0, 71.5, 72.0, 72.6, 72.3, 72.0, 72.4, 72.5, 72.2, 71.1, 72.1, 72.2, 72.9, 73.0, 73.3, 73.5, 72.7, 72.5, 72.5, 72.7, 73.1, 73.2, 73.6, 73.3, 73.0, 73.2, 73.0, 72.8, 73.0, 73.1, 73.5, 73.2, 73.4, 74.9, 75.4, 75.6, 75.5, 75.3, 75.9, 75.9, 75.9, 75.8, 76.0, 76.0, 76.1, 76.1, 76.0, 76.5, 76.6, 76.3, 76.2, 76.2, 76.2, 76.5, 76.5, 76.4, 76.1, 76.3, 76.4, 75.9, 76.2, 75.8, 75.8, 75.5, 75.5, 75.5, 75.7, 75.6, 75.6, 75.5, 75.0, 75.4, 76.2, 76.0, 75.9, 75.4, 76.0, 76.1, 76.2, 76.4, 76.5, 76.6, 76.6, 76.7, 76.7, 76.3, 76.6, 76.2, 76.3, 76.1, 76.2, 76.4, 76.5, 76.4, 76.4, 76.6, 76.6, 76.4, 76.4, 76.3, 76.2, 76.2, 76.2, 76.0, 76.1, 76.1, 76.0, 76.1, 76.1, 75.8, 75.4, 75.4, 75.1, 75.1, 75.4, 75.6, 75.5, 75.3, 75.7, 75.7, 75.9, 75.9, 76.0, 75.9, 76.0, 75.9, 76.1, 76.1, 76.1, 76.1, 76.2, 76.1, 76.1, 76.1, 76.0, 76.4, 76.5, 76.4, 76.3, 76.2, 76.1, 76.1, 76.1, 76.2, 76.2, 77.1, 76.9, 77.1, 77.1, 77.2, 77.1, 77.2, 77.1, 76.8, 76.8, 76.7, 76.5, 76.6, 76.8, 76.7, 76.8, 76.7, 76.6, 76.5, 76.7, 76.7, 76.9, 77.0, 77.1, 77.0, 77.0, 76.9, 77.1, 77.2, 77.1, 77.2, 77.2, 77.1, 77.1, 77.2, 77.1, 77.1, 77.1, 77.1, 77.0, 77.1, 77.1, 77.2, 77.2, 77.2, 77.2, 77.2, 77.2, 77.2, 77.2, 77.2, 77.2, 77.2, 77.2, 77.2, 77.2, 77.2, 77.2, 77.2, 77.2, 77.2, 77.2, 77.2, 77.2, 77.2, 77.2, 77.2, 77.2, 77.2, 77.2, 77.2, 77.2, 77.2, 77.2, 77.2, 77.2, 77.2, 77.2, 77.2, 77.2, 77.2, 77.2, 77.2, 77.2, 77.2, 77.2, 77.2, 77.2, 77.2, 77.2, 77.2, 77.2, 77.2, 77.2, 77.2, 77.2, 77.2, 77.2, 77.2, 77.2, 77.2, 77.2, 77.2, 77.2, 77.2, 77.2, 77.2, 77.2, 77.2, 77.2, 77.2, 77.2, 77.2, 77.2, 77.2, 77.2, 77.2, 77.2, 77.2]",True,False,False,,2518.4075202000004,1.075857269391369,False,0.0,0.0,0.0,0.0,37767.6,2.452349507114157,6788.340000000001,0.4407847534162435,"摩根大通(83,039.58萬)／凱基-站前(64,836.72萬)／兆豐證券(47,644.74萬)",True,False,1
2026-05-29,3231,TSE,2026-06-01,275362.05,15.273980836019032,1,True,False,True,0.0,0.0,False,9.779179810725552,158.5,174.0,174.0,172.5,174.0,174.0,2026-06-01,d1_close,2026,"[174.0, 173.0, 174.0, 174.0, 174.0, 174.0, 174.0, 174.0, 174.0, 174.0, 174.0, 174.0, 174.0, 174.0, 174.0, 174.0, 174.0, 174.0, 174.0, 174.0, 174.0, 174.0, 174.0, 174.0, 174.0, 174.0, 174.0, 174.0, 174.0, 174.0, 174.0, 174.0, 174.0, 174.0, 174.0, 174.0, 174.0, 174.0, 174.0, 174.0, 174.0, 174.0, 174.0, 174.0, 174.0, 174.0, 174.0, 174.0, 174.0, 174.0, 174.0, 174.0, 174.0, 174.0, 174.0, 174.0, 174.0, 174.0, 174.0, 174.0, 174.0, 174.0, 174.0, 174.0, 174.0, 174.0, 174.0, 174.0, 174.0, 174.0, 174.0, 174.0, 174.0, 174.0, 174.0, 174.0, 174.0, 174.0, 174.0, 174.0, 174.0, 174.0, 174.0, 174.0, 174.0, 174.0, 174.0, 174.0, 174.0, 174.0, 174.0, 174.0, 174.0, 174.0, 174.0, 174.0, 174.0, 174.0, 174.0, 174.0, 174.0, 174.0, 174.0, 174.0, 174.0, 174.0, 174.0, 174.0, 174.0, 174.0, 174.0, 174.0, 174.0, 174.0, 174.0, 174.0, 174.0, 174.0, 174.0, 174.0, 174.0, 174.0, 174.0, 174.0, 174.0, 174.0, 174.0, 174.0, 174.0, 174.0, 174.0, 174.0, 174.0, 174.0, 174.0, 174.0, 174.0, 174.0, 174.0, 174.0, 174.0, 174.0, 174.0, 174.0, 174.0, 174.0, 174.0, 174.0, 174.0, 174.0, 174.0, 174.0, 174.0, 174.0, 174.0, 174.0, 174.0, 174.0, 174.0, 174.0, 174.0, 174.0, 174.0, 174.0, 174.0, 174.0, 174.0, 174.0, 174.0, 174.0, 174.0, 174.0, 174.0, 174.0, 174.0, 174.0, 174.0, 174.0, 174.0, 174.0, 174.0, 174.0, 174.0, 174.0, 174.0, 174.0, 174.0, 174.0, 174.0, 174.0, 174.0, 174.0, 174.0, 174.0, 174.0, 174.0, 174.0, 174.0, 174.0, 174.0, 174.0, 174.0, 174.0, 174.0, 174.0, 174.0, 174.0, 174.0, 174.0, 174.0, 174.0, 174.0, 174.0, 174.0, 174.0, 174.0, 174.0, 174.0, 174.0, 174.0, 174.0, 174.0, 174.0, 174.0, 174.0, 174.0, 174.0, 174.0, 174.0, 174.0, 174.0, 174.0, 174.0, 174.0, 174.0, 174.0, 174.0, 174.0, 174.0, 174.0, 174.0, 174.0, 174.0, 174.0, 174.0, 174.0, 174.0, 174.0, 174.0, 174.0, 174.0, 174.0, 174.0, 174.0, 174.0, 174.0, 174.0, 174.0, 174.0, 174.0, 174.0, 174.0, 174.0, 174.0, 174.0, 174.0]",True,False,False,,5040.9534955,1.075857269391369,False,0.0,0.0,0.0,0.0,90804.65,5.0368178328183415,275362.05,15.273980836019033,"台新-台北(275,362.05萬)／元大證券(170,577.70萬)／新加坡商瑞銀(136,024.70萬)",True,False,1
2026-05-29,6862,TSE,2026-06-01,2245.0,6.347959333247675,2,True,False,False,6.140350877192982,7.456140350877193,True,1.55902004454343,224.5,228.0,245.0,209.5,214.0,214.0,2026-06-01,d1_close,2026,"[224.0, 225.5, 224.5, 220.5, 222.0, 223.0, 225.5, 227.5, 232.0, 230.0, 230.5, 229.0, 229.0, 230.5, 229.5, 228.5, 233.0, 236.5, 237.0, 237.5, 235.0, 235.0, 241.0, 240.0, 239.0, 239.5, 238.5, 237.0, 236.5, 237.0, 237.5, 240.0, 240.5, 239.5, 239.5, 238.5, 238.5, 238.5, 237.0, 236.5, 236.0, 236.0, 236.0, 236.5, 237.0, 239.0, 242.0, 241.0, 242.5, 239.5, 241.0, 241.0, 240.5, 241.0, 241.0, 241.0, 241.0, 241.5, 243.0, 242.0, 243.0, 244.0, 244.5, 244.5, 244.5, 244.5, 243.5, 244.5, 243.0, 241.0, 240.5, 240.5, 240.5, 240.5, 240.0, 238.5, 238.0, 238.0, 239.5, 239.5, 240.0, 239.5, 240.0, 240.0, 239.5, 239.5, 239.5, 239.5, 239.0, 236.5, 236.0, 236.0, 235.0, 236.0, 235.0, 235.0, 234.0, 235.0, 235.5, 233.0, 233.5, 232.0, 231.0, 231.0, 230.5, 230.5, 230.5, 230.0, 229.5, 228.5, 228.5, 227.0, 227.0, 226.5, 227.0, 229.0, 230.0, 230.0, 230.5, 230.0, 230.0, 229.0, 228.0, 228.0, 228.5, 228.5, 228.5, 228.0, 226.5, 226.0, 225.5, 226.0, 225.5, 225.5, 225.0, 225.0, 225.0, 224.5, 224.5, 224.5, 224.0, 224.0, 224.5, 224.0, 223.0, 223.5, 223.0, 223.5, 222.5, 223.0, 222.5, 221.0, 221.0, 220.5, 221.5, 221.0, 221.5, 221.5, 221.5, 221.5, 221.0, 220.5, 220.5, 221.0, 221.5, 221.5, 223.5, 223.5, 223.5, 224.5, 224.5, 223.0, 223.0, 222.5, 222.5, 221.0, 221.0, 221.0, 221.0, 221.0, 221.5, 221.5, 222.0, 222.0, 221.0, 221.0, 221.0, 221.5, 221.5, 221.0, 221.0, 220.5, 220.0, 220.0, 220.0, 219.0, 219.0, 218.5, 218.5, 219.0, 218.5, 218.5, 218.0, 218.0, 217.0, 217.5, 216.5, 216.0, 213.0, 212.0, 214.0, 213.5, 213.0, 214.0, 214.0, 213.5, 214.0, 211.5, 210.0, 212.0, 211.0, 211.5, 211.5, 211.5, 211.5, 210.0, 210.5, 212.0, 214.0, 214.0, 214.0, 214.5, 213.5, 214.0, 213.0, 213.5, 213.5, 215.0, 214.0, 213.5, 213.5, 213.5, 214.0, 215.0, 214.5, 214.5, 215.0, 215.0, 215.5, 215.5, 216.5, 217.0, 217.0, 216.5, 215.0, 214.5, 215.0, 216.0, 215.0, 214.0]",True,False,False,,112.25,1.075857269391369,False,0.0,0.0,0.0,0.0,0.0,0.0,2245.0,6.347959333247675,"摩根大通(4,310.40萬)／元大-竹科(3,569.55萬)／台新-台北(2,245.00萬)",True,False,0
2026-05-29,7717,OTC,2026-06-01,690.0,1.9694886138896692,1,True,False,False,5.774647887323944,0.0,True,2.898550724637681,690.0,710.0,710.0,643.0,669.0,669.0,2026-06-01,d1_close,2026,"[703.0, 693.0, 686.0, 680.0, 675.0, 676.0, 678.0, 680.0, 673.0, 663.0, 665.0, 666.0, 657.0, 658.0, 657.0, 659.0, 660.0, 668.0, 664.0, 666.0, 643.0, 662.0, 662.0, 661.0, 661.0, 662.0, 663.0, 665.0, 664.0, 664.0, 664.0, 667.0, 664.0, 661.0, 664.0, 666.0, 666.0, 665.0, 664.0, 666.0, 667.0, 667.0, 668.0, 668.0, 669.0, 667.0, 666.0, 665.0, 665.0, 666.0, 665.0, 672.0, 675.0, 690.0, 689.0, 688.0, 686.0, 686.0, 686.0, 686.0, 686.0, 685.0, 683.0, 676.0, 677.0, 677.0, 676.0, 674.0, 672.0, 675.0, 666.0, 663.0, 665.0, 663.0, 666.0, 665.0, 665.0, 665.0, 666.0, 667.0, 667.0, 665.0, 662.0, 662.0, 662.0, 662.0, 662.0, 663.0, 669.0, 669.0, 665.0, 664.0, 664.0, 663.0, 664.0, 664.0, 665.0, 665.0, 667.0, 668.0, 668.0, 668.0, 669.0, 670.0, 670.0, 670.0, 669.0, 669.0, 672.0, 674.0, 674.0, 674.0, 673.0, 672.0, 674.0, 676.0, 675.0, 675.0, 674.0, 674.0, 674.0, 674.0, 672.0, 671.0, 675.0, 675.0, 676.0, 676.0, 675.0, 675.0, 674.0, 674.0, 673.0, 672.0, 669.0]",True,False,False,,170.96613,1.075857269391369,False,0.0,0.0,0.0,0.0,0.0,0.0,690.0,1.9694886138896694,"凱基-台北(11,247.00萬)／元大-竹科(2,277.00萬)／元大證券(966.00萬)",True,False,0
2026-06-01,4540,TSE,2026-06-02,1176.24,0.8762466881066953,1,True,False,False,3.375000000000004,2.375000000000007,True,6.100795755968162,75.4,80.0,81.9,74.4,77.3,77.3,2026-06-02,d1_close,2026,"[80.7, 79.5, 78.8, 79.7, 78.1, 77.2, 76.6, 76.4, 77.3, 76.4, 76.2, 75.7, 76.1, 75.8, 76.0, 75.8, 74.8, 74.6, 74.5, 75.0, 75.4, 76.3, 76.1, 76.2, 77.2, 76.9, 76.3, 75.9, 76.1, 76.1, 75.8, 76.0, 76.7, 76.8, 76.9, 76.6, 77.1, 76.5, 76.6, 76.5, 76.1, 76.4, 76.7, 76.6, 75.9, 75.7, 75.6, 75.5, 75.1, 75.3, 75.8, 76.0, 76.4, 76.5, 76.1, 75.9, 75.5, 75.8, 76.1, 76.0, 75.6, 75.3, 75.4, 75.3, 75.4, 75.8, 76.1, 75.9, 76.0, 76.1, 76.0, 76.0, 76.0, 75.9, 76.0, 76.5, 76.8, 77.0, 76.9, 76.8, 77.4, 77.8, 77.7, 77.9, 78.3, 78.5, 78.3, 77.9, 77.8, 77.3, 77.5, 77.7, 78.0, 78.1, 78.0, 77.9, 77.7, 77.7, 77.8, 78.2, 78.2, 78.2, 78.3, 77.8, 77.7, 77.5, 77.1, 77.1, 77.2, 77.2, 77.4, 77.9, 77.5, 77.3, 77.2, 77.0, 77.7, 77.5, 77.5, 77.5, 77.3, 77.3, 77.2, 76.5, 76.4, 76.5, 76.6, 76.6, 76.2, 76.2, 76.1, 76.1, 76.2, 76.2, 76.3, 76.1, 75.8, 75.8, 75.4, 75.6, 75.4, 75.5, 75.5, 75.4, 75.5, 75.4, 75.3, 75.0, 74.9, 75.4, 76.2, 76.2, 76.1, 76.3, 76.2, 76.2, 76.3, 76.4, 76.4, 76.5, 76.2, 76.3, 76.2, 76.1, 76.2, 76.0, 76.0, 76.0, 76.1, 76.3, 76.7, 76.8, 76.9, 76.7, 76.6, 76.4, 76.4, 76.4, 76.1, 76.0, 76.0, 76.0, 76.0, 75.9, 76.2, 76.4, 76.3, 76.1, 76.0, 75.9, 75.9, 76.0, 75.9, 75.9, 75.9, 75.9, 76.0, 76.4, 76.4, 76.4, 76.2, 76.3, 76.2, 76.4, 76.3, 76.4, 76.3, 76.5, 76.6, 76.7, 76.7, 76.7, 76.7, 76.7, 76.9, 76.8, 76.8, 76.9, 77.0, 77.0, 77.0, 77.0, 76.8, 76.8, 76.7, 77.1, 77.1, 77.2, 77.2, 77.0, 77.0, 77.2, 77.1, 77.0, 77.0, 76.9, 77.0, 77.1, 77.1, 77.0, 77.0, 76.9, 76.9, 77.1, 77.1, 77.5, 77.7, 77.6, 77.5, 77.4, 77.7, 77.4, 77.6, 77.6, 77.5, 77.4, 77.5, 77.4, 77.5, 77.5, 77.3, 77.4, 77.4, 77.3, 77.3, 77.3]",True,False,False,,86.8508472,3.899195259741632,False,0.0,0.0,0.0,0.0,0.0,0.0,1176.2400000000002,0.8762466881066954,"摩根大通(12,614.42萬)／凱基-台北(8,633.30萬)／台灣摩根士丹利(7,788.82萬)",True,False,0
2026-06-01,6127,OTC,2026-06-02,710.4,1.0255422618228336,2,True,False,False,-4.358974358974367,4.358974358974367,False,5.405405405405405,74.0,78.0,81.4,73.0,81.4,81.4,2026-06-02,d1_close,2026,"[80.7, 77.6, 77.2, 75.8, 76.1, 76.7, 75.8, 74.6, 74.9, 75.8, 76.0, 75.3, 76.5, 76.1, 77.5, 77.2, 76.1, 75.8, 75.7, 74.8, 74.4, 73.8, 74.1, 73.7, 73.7, 74.2, 74.2, 75.0, 74.6, 74.7, 76.0, 76.4, 75.9, 75.7, 75.7, 74.9, 74.8, 75.1, 75.3, 74.5, 74.3, 74.6, 74.7, 74.7, 74.3, 74.1, 74.1, 74.6, 74.6, 75.3, 75.2, 74.5, 74.4, 74.3, 74.1, 74.2, 73.7, 74.0, 74.0, 73.4, 73.5, 73.2, 73.5, 74.2, 73.6, 73.2, 74.2, 74.6, 75.0, 74.9, 74.5, 74.2, 74.0, 74.1, 74.5, 74.8, 74.9, 74.9, 75.2, 75.2, 75.4, 75.0, 74.9, 74.8, 74.7, 74.7, 75.0, 75.1, 75.7, 75.9, 75.7, 76.2, 76.2, 76.3, 76.6, 76.5, 76.5, 76.4, 76.4, 76.3, 76.8, 77.3, 79.2, 79.8, 79.8, 79.7, 79.8, 79.9, 80.2, 80.1, 80.4, 80.4, 80.1, 80.0, 79.7, 79.4, 79.0, 78.6, 79.2, 78.8, 79.4, 79.2, 79.4, 79.4, 78.8, 78.8, 78.7, 78.0, 78.4, 77.9, 77.6, 77.5, 77.5, 77.2, 77.0, 77.3, 76.8, 76.6, 76.4, 76.9, 76.6, 77.1, 76.8, 76.8, 76.8, 76.4, 76.4, 76.7, 77.2, 76.7, 76.8, 77.4, 76.8, 76.7, 77.3, 76.8, 76.6, 77.1, 77.2, 76.7, 76.7, 76.2, 75.9, 76.0, 76.2, 76.4, 76.3, 76.4, 76.2, 76.1, 76.2, 76.2, 76.1, 75.6, 75.9, 75.8, 75.8, 76.0, 75.9, 75.7, 75.9, 75.9, 76.0, 76.3, 76.3, 76.5, 76.3, 76.2, 76.3, 76.5, 76.6, 76.6, 76.6, 76.3, 76.3, 76.2, 76.2, 76.2, 76.2, 76.7, 76.6, 76.7, 76.6, 76.7, 77.0, 76.9, 76.7, 76.8, 77.2, 77.0, 77.2, 78.5, 78.5, 78.2, 77.9, 77.9, 77.5, 77.5, 77.6, 77.8, 77.6, 77.5, 77.7, 77.9, 77.5, 77.6, 77.8, 77.5, 77.6, 77.7, 77.5, 77.5, 77.5, 77.5, 77.4, 77.4, 77.2, 77.8, 79.3, 78.8, 78.5, 78.6, 78.4, 79.5, 79.3, 79.4, 79.8, 80.0, 80.2, 81.4, 81.4, 81.4, 81.4, 81.4, 81.4, 81.4, 81.4, 81.4, 81.4, 81.4, 81.4, 81.4, 81.4, 81.4]",True,False,False,,79.979052,3.899195259741632,False,1376.4,1.9869881322817398,0.0,0.0,-4136.6,-5.971647128739208,710.4,1.0255422618228336,"凱基(7,237.20萬)／群益金鼎-東大(4,114.40萬)／凱基-信義(3,692.60萬)",True,False,2
2026-06-02,2474,TSE,2026-06-03,2602.3,0.5004745056233818,2,True,False,False,-6.639004149377594,10.37344398340249,False,-1.8329938900203664,245.5,241.0,266.0,233.0,257.0,257.0,2026-06-03,d1_close,2026,"[235.0, 240.0, 243.0, 238.5, 238.5, 237.0, 236.0, 236.0, 237.0, 237.5, 240.0, 238.0, 237.5, 237.5, 236.5, 236.5, 235.5, 234.0, 233.5, 235.0, 234.5, 238.0, 239.0, 240.5, 240.5, 238.5, 240.0, 240.0, 240.5, 241.0, 242.0, 243.5, 244.0, 243.0, 241.5, 241.5, 241.5, 240.5, 240.5, 241.5, 241.0, 241.0, 242.5, 244.5, 245.5, 241.5, 241.0, 243.5, 242.5, 242.5, 241.5, 240.5, 241.0, 240.0, 240.5, 240.0, 240.5, 239.5, 239.5, 240.5, 242.0, 242.5, 242.0, 242.0, 241.5, 241.5, 242.0, 242.5, 242.5, 242.0, 241.5, 241.0, 241.5, 241.0, 241.5, 244.0, 244.0, 247.5, 247.0, 248.5, 248.0, 251.0, 249.5, 249.0, 249.0, 247.5, 248.0, 247.0, 248.0, 249.0, 248.5, 247.0, 247.0, 246.0, 250.5, 250.0, 250.0, 249.0, 248.5, 249.0, 249.5, 249.5, 248.5, 249.0, 248.5, 248.5, 249.0, 249.0, 247.5, 248.0, 248.0, 248.5, 248.0, 248.0, 248.0, 248.0, 247.5, 247.0, 247.0, 248.0, 247.5, 247.5, 247.5, 248.5, 248.5, 248.5, 248.0, 248.5, 248.5, 248.0, 247.5, 247.0, 247.0, 247.5, 248.0, 248.5, 248.5, 248.5, 248.5, 249.0, 249.5, 249.5, 249.0, 249.5, 248.5, 249.0, 249.0, 249.0, 249.0, 249.0, 249.0, 248.5, 248.0, 247.0, 247.5, 247.5, 248.0, 248.0, 247.0, 248.0, 246.0, 246.5, 245.5, 245.5, 245.0, 245.0, 245.0, 244.5, 244.0, 243.0, 243.5, 244.0, 244.5, 244.0, 244.0, 243.5, 243.5, 243.5, 244.5, 245.5, 245.0, 245.0, 245.0, 245.5, 245.5, 245.0, 245.0, 245.0, 245.0, 245.0, 245.5, 247.0, 248.0, 248.5, 248.0, 247.5, 247.0, 247.5, 247.5, 247.5, 247.5, 246.0, 246.0, 246.0, 246.5, 247.0, 246.5, 246.5, 246.5, 246.5, 247.5, 247.5, 247.5, 248.0, 248.0, 248.0, 247.5, 247.5, 247.0, 247.5, 248.0, 248.0, 248.0, 248.0, 249.0, 248.5, 248.5, 248.5, 248.5, 249.0, 249.0, 249.5, 249.5, 249.5, 250.0, 250.0, 250.0, 252.5, 253.0, 253.5, 254.5, 254.0, 255.0, 255.0, 255.5, 256.0, 256.0, 254.0, 255.5, 255.0, 255.5, 256.0, 256.5, 257.0, 262.0, 263.0, 265.0, 261.5, 261.0, 260.0, 259.0, 258.0, 258.5, 258.0, 258.0, 257.0]",True,False,False,,1378.1611405,1.842870153403723,False,0.0,0.0,0.0,0.0,15687.45,3.017011406540953,2602.3,0.5004745056233818,"凱基(27,815.15萬)／國票-安和(17,651.45萬)／富邦證券(15,687.45萬)",True,False,1
2026-06-02,3231,TSE,2026-06-03,58999.9,1.1097929080004747,3,True,False,False,-0.5181347150259068,4.145077720207254,False,1.0471204188481675,191.0,193.0,201.0,188.0,194.0,194.0,2026-06-03,d1_close,2026,"[190.0, 191.5, 191.5, 191.0, 192.0, 192.0, 191.0, 189.5, 190.0, 190.0, 192.5, 191.0, 191.0, 190.5, 189.5, 190.0, 190.5, 191.0, 190.5, 192.0, 192.5, 193.0, 194.5, 195.5, 196.5, 196.5, 195.5, 196.0, 195.5, 195.0, 197.0, 197.5, 197.5, 196.5, 197.0, 197.0, 195.5, 194.5, 196.0, 194.5, 193.5, 195.5, 196.5, 197.0, 196.0, 194.5, 196.0, 196.0, 195.5, 195.5, 196.5, 197.0, 197.5, 198.5, 199.0, 199.5, 199.0, 199.0, 198.5, 198.0, 197.0, 196.5, 198.0, 198.0, 198.0, 198.5, 198.5, 198.0, 198.0, 198.0, 198.0, 196.5, 196.5, 197.5, 198.0, 198.5, 199.0, 199.0, 198.5, 198.0, 198.0, 199.0, 198.5, 198.5, 199.0, 199.0, 199.0, 198.5, 198.0, 198.0, 198.0, 198.5, 198.5, 198.0, 198.0, 198.0, 199.0, 199.0, 198.5, 199.0, 199.0, 199.5, 200.0, 200.0, 199.0, 199.0, 199.0, 200.0, 199.5, 200.5, 201.0, 201.0, 199.5, 200.0, 199.5, 199.5, 199.5, 199.5, 199.5, 199.5, 200.0, 200.0, 200.0, 200.0, 200.0, 199.5, 199.0, 198.5, 198.5, 198.0, 198.5, 198.0, 197.5, 198.0, 198.0, 198.0, 198.5, 197.5, 198.0, 198.0, 197.0, 197.0, 196.5, 197.0, 196.5, 196.0, 195.5, 196.5, 196.0, 196.0, 196.5, 196.5, 196.5, 196.0, 196.0, 195.5, 195.5, 194.0, 194.0, 194.0, 194.5, 195.0, 195.0, 195.0, 195.0, 194.0, 194.0, 195.0, 195.0, 194.5, 194.5, 195.0, 195.0, 195.0, 195.0, 195.0, 195.0, 195.0, 195.5, 195.5, 195.0, 194.0, 195.0, 195.0, 195.0, 194.5, 194.5, 195.0, 195.0, 195.0, 195.5, 195.5, 196.0, 195.5, 196.0, 196.0, 196.0, 195.5, 195.0, 194.5, 194.5, 194.5, 193.5, 193.5, 193.5, 194.0, 194.0, 194.0, 193.5, 194.0, 194.5, 194.0, 194.5, 194.5, 195.0, 195.0, 194.5, 194.5, 194.5, 194.5, 194.5, 194.5, 194.0, 194.5, 194.5, 195.0, 195.0, 194.5, 194.5, 195.0, 194.5, 195.0, 195.0, 195.0, 195.0, 195.0, 194.0, 194.5, 194.5, 195.0, 194.5, 194.0, 194.5, 194.0, 194.0, 194.5, 194.0, 194.0, 194.5, 194.0, 194.5, 194.5, 194.5, 195.0, 194.0, 194.5, 195.0, 195.0, 194.5, 195.0, 194.5, 194.5, 194.5, 194.5, 194.0, 194.0]",True,False,False,,6074.587493,1.842870153403723,False,0.0,0.0,0.0,0.0,-19653.9,-0.36969145429993155,58999.9,1.1097929080004747,"摩根大通(448,105.10萬)／美商高盛(376,652.00萬)／台灣摩根士丹利(299,850.90萬)",True,False,1
2026-06-02,6205,TSE,2026-06-03,1384.15,1.8301223149883357,1,True,False,False,-2.471910112359553,5.617977528089887,False,-0.3359462486002207,89.3,89.0,94.0,87.6,91.2,91.2,2026-06-03,d1_close,2026,"[90.7, 91.4, 92.1, 91.5, 92.9, 93.0, 92.1, 92.3, 93.0, 92.7, 92.0, 91.5, 91.1, 90.6, 90.6, 90.5, 91.8, 90.5, 90.4, 89.9, 90.3, 90.7, 90.5, 90.7, 90.2, 90.4, 90.3, 90.5, 91.3, 90.9, 90.7, 90.6, 90.8, 90.7, 90.6, 90.4, 89.8, 89.8, 89.5, 89.5, 89.4, 89.6, 90.0, 89.9, 90.1, 89.7, 88.3, 88.1, 87.6, 88.0, 88.1, 89.6, 89.8, 90.0, 89.7, 90.4, 90.4, 89.8, 90.0, 90.1, 90.4, 90.3, 90.6, 90.5, 90.4, 90.0, 90.0, 89.7, 89.8, 90.0, 89.8, 89.8, 89.9, 90.3, 90.1, 89.9, 89.8, 89.6, 89.5, 89.3, 89.4, 89.4, 89.4, 89.4, 89.3, 89.4, 89.3, 89.5, 89.7, 89.8, 90.1, 90.0, 89.6, 89.6, 89.6, 89.9, 89.9, 89.7, 90.0, 89.5, 89.7, 90.0, 90.0, 90.6, 91.2, 91.9, 91.6, 91.5, 91.2, 91.4, 91.6, 91.6, 91.5, 91.3, 91.1, 90.9, 90.7, 90.7, 90.8, 90.8, 90.8, 90.8, 91.0, 90.8, 90.7, 90.5, 90.4, 90.4, 90.3, 90.3, 90.3, 90.4, 90.5, 90.5, 90.7, 91.0, 90.9, 90.9, 91.0, 91.0, 91.3, 91.3, 91.3, 91.1, 91.1, 91.1, 91.1, 91.2, 91.2, 91.1, 91.0, 90.9, 90.8, 90.8, 90.8, 90.7, 90.8, 91.0, 91.0, 91.0, 91.0, 90.9, 90.9, 90.8, 90.9, 90.8, 90.8, 90.8, 90.7, 90.8, 90.8, 90.9, 90.7, 90.8, 90.7, 90.8, 90.8, 90.8, 90.9, 90.9, 90.8, 90.7, 90.7, 90.7, 90.5, 90.6, 90.6, 90.6, 90.6, 90.6, 90.7, 90.7, 90.7, 90.9, 90.8, 90.7, 90.9, 90.8, 90.7, 90.8, 90.7, 90.7, 90.6, 90.5, 90.2, 90.5, 90.5, 90.5, 90.1, 90.1, 90.2, 90.2, 90.1, 90.1, 90.2, 90.2, 90.5, 90.9, 91.0, 90.9, 90.7, 90.8, 91.0, 91.1, 91.0, 90.9, 91.0, 91.0, 90.6, 90.6, 91.0, 91.3, 91.3, 91.1, 91.0, 90.7, 90.8, 90.8, 90.8, 91.0, 91.0, 90.9, 90.9, 90.9, 90.7, 90.7, 90.7, 90.6, 90.7, 90.9, 90.8, 90.8, 90.6, 90.7, 90.6, 90.6, 90.6, 91.2]",True,False,False,,73.4366587,1.842870153403723,False,0.0,0.0,0.0,0.0,0.0,0.0,1384.15,1.8301223149883354,"凱基-站前(7,581.57萬)／台新-台北(1,384.15萬)／國泰-新竹(1,241.27萬)",True,False,0
2026-06-02,9910,TSE,2026-06-03,3065.2,3.213522229800549,1,True,False,False,-4.430379746835443,9.873417721518983,False,0.0,79.0,79.0,86.8,77.0,82.5,82.5,2026-06-03,d1_close,2026,"[77.6, 77.8, 77.4, 77.3, 78.5, 79.4, 80.7, 80.7, 80.3, 79.7, 80.0, 79.9, 79.9, 80.0, 79.6, 80.3, 80.2, 80.1, 80.7, 81.7, 81.9, 82.3, 82.5, 82.6, 82.5, 82.2, 82.5, 82.7, 83.3, 84.5, 84.8, 85.3, 86.7, 86.1, 86.1, 84.7, 84.9, 84.3, 84.1, 83.9, 83.9, 84.2, 84.5, 84.1, 84.7, 84.0, 83.0, 83.5, 83.7, 83.5, 83.3, 83.7, 84.0, 83.6, 83.6, 84.1, 84.1, 84.4, 84.3, 84.7, 85.0, 84.9, 84.9, 85.1, 85.1, 84.9, 85.0, 85.2, 84.8, 85.2, 84.8, 84.2, 84.5, 84.3, 84.1, 84.3, 84.5, 84.4, 84.6, 84.5, 84.8, 84.8, 84.8, 84.7, 84.8, 84.7, 84.6, 84.6, 84.7, 84.7, 84.6, 84.7, 84.7, 84.6, 84.7, 84.6, 84.6, 84.8, 84.8, 84.8, 84.7, 84.7, 84.6, 84.4, 84.4, 84.8, 84.7, 84.5, 84.6, 84.7, 84.8, 84.9, 84.9, 85.0, 85.2, 85.3, 85.2, 85.2, 85.4, 85.4, 85.4, 85.2, 85.4, 85.8, 85.6, 85.8, 85.9, 85.9, 86.0, 85.9, 85.8, 85.7, 86.0, 86.0, 86.0, 85.7, 86.0, 86.0, 85.8, 85.0, 85.0, 84.3, 83.8, 83.7, 83.7, 83.7, 83.3, 83.6, 82.7, 82.0, 82.5, 82.7, 82.6, 82.4, 82.3, 82.5, 82.7, 82.4, 82.7, 82.5, 82.5, 82.4, 82.4, 82.2, 82.3, 82.2, 82.1, 82.6, 82.5, 82.4, 82.4, 81.8, 82.5, 82.7, 82.2, 82.7, 82.2, 82.1, 82.2, 82.2, 82.2, 82.9, 82.4, 82.5, 82.9, 82.6, 82.6, 82.6, 82.9, 83.1, 83.1, 82.8, 83.0, 83.5, 83.8, 84.1, 84.0, 83.9, 83.9, 83.4, 83.9, 84.0, 84.4, 84.2, 84.5, 84.2, 84.5, 84.4, 84.5, 84.0, 84.3, 84.2, 84.4, 84.1, 84.2, 84.5, 84.5, 84.3, 84.1, 83.9, 84.0, 84.2, 84.3, 84.1, 84.3, 84.2, 84.2, 84.3, 84.5, 84.4, 84.3, 84.4, 84.3, 84.2, 84.1, 84.0, 84.0, 84.3, 84.4, 84.2, 83.7, 84.0, 83.9, 83.7, 84.1, 84.0, 83.7, 84.0, 83.9, 83.9, 84.1, 84.2, 84.3, 84.3, 84.3, 84.5, 84.4, 84.3, 84.6, 84.6, 84.3, 84.7, 84.0, 83.6, 83.2, 82.5]",True,False,False,,780.111412,1.842870153403723,False,0.0,0.0,0.0,0.0,-2425.3,-2.5426580529607437,3065.2,3.2135222298005495,"群益金鼎(28,218.80萬)／兆豐證券(14,030.40萬)／華南永昌(4,834.80萬)",True,False,1
2026-06-03,1519,TSE,2026-06-04,74426.0,8.977211948153721,1,True,False,False,3.8054968287526423,5.391120507399577,True,1.1764705882352942,935.0,946.0,997.0,910.0,910.0,910.0,2026-06-04,d1_close,2026,"[971.0, 979.0, 995.0, 985.0, 983.0, 980.0, 985.0, 987.0, 994.0, 994.0, 988.0, 988.0, 987.0, 988.0, 992.0, 992.0, 984.0, 982.0, 975.0, 974.0, 981.0, 980.0, 979.0, 979.0, 982.0, 978.0, 980.0, 978.0, 979.0, 980.0, 979.0, 972.0, 976.0, 974.0, 975.0, 974.0, 974.0, 973.0, 966.0, 967.0, 967.0, 960.0, 956.0, 962.0, 962.0, 961.0, 963.0, 967.0, 970.0, 969.0, 969.0, 970.0, 970.0, 970.0, 967.0, 961.0, 961.0, 963.0, 965.0, 962.0, 959.0, 958.0, 957.0, 959.0, 960.0, 963.0, 964.0, 964.0, 960.0, 960.0, 949.0, 950.0, 954.0, 955.0, 953.0, 953.0, 953.0, 954.0, 954.0, 957.0, 956.0, 954.0, 955.0, 949.0, 950.0, 951.0, 950.0, 954.0, 954.0, 955.0, 952.0, 950.0, 947.0, 947.0, 945.0, 939.0, 940.0, 938.0, 939.0, 948.0, 946.0, 944.0, 943.0, 946.0, 949.0, 952.0, 952.0, 951.0, 952.0, 948.0, 950.0, 950.0, 946.0, 947.0, 947.0, 948.0, 948.0, 948.0, 947.0, 947.0, 949.0, 949.0, 950.0, 950.0, 950.0, 951.0, 952.0, 953.0, 952.0, 952.0, 953.0, 954.0, 955.0, 958.0, 957.0, 957.0, 956.0, 955.0, 954.0, 954.0, 953.0, 952.0, 952.0, 952.0, 952.0, 951.0, 952.0, 952.0, 954.0, 955.0, 955.0, 953.0, 954.0, 951.0, 952.0, 952.0, 952.0, 951.0, 948.0, 949.0, 947.0, 947.0, 947.0, 948.0, 948.0, 948.0, 947.0, 948.0, 948.0, 947.0, 948.0, 948.0, 948.0, 948.0, 948.0, 947.0, 948.0, 948.0, 948.0, 946.0, 946.0, 945.0, 945.0, 944.0, 943.0, 944.0, 944.0, 943.0, 944.0, 944.0, 944.0, 944.0, 941.0, 948.0, 948.0, 947.0, 947.0, 946.0, 947.0, 946.0, 946.0, 946.0, 942.0, 940.0, 941.0, 943.0, 943.0, 942.0, 941.0, 941.0, 941.0, 940.0, 941.0, 938.0, 938.0, 938.0, 938.0, 937.0, 937.0, 935.0, 936.0, 936.0, 936.0, 936.0, 940.0, 940.0, 940.0, 939.0, 938.0, 943.0, 942.0, 941.0, 940.0, 941.0, 941.0, 941.0, 941.0, 941.0, 941.0, 940.0, 938.0, 936.0, 934.0, 928.0, 927.0, 924.0, 916.0, 921.0, 921.0, 917.0, 917.0, 917.0, 914.0, 914.0, 914.0, 913.0, 916.0, 914.0, 915.0, 914.0, 913.0, 912.0, 911.0, 910.0]",True,False,False,,2953.48548,2.4730959146550866,False,0.0,0.0,0.0,0.0,20944.0,2.526250598475419,74426.0,8.977211948153721,"台新-台北(74,426.00萬)／凱基-台北(69,470.50萬)／元大證券(46,656.50萬)",True,False,1
2026-06-03,2883,TSE,2026-06-04,120720.61,39.13496325015353,1,True,False,False,-1.858736059479554,4.646840148698885,False,4.669260700389103,25.7,26.9,28.15,26.0,27.4,27.4,2026-06-04,d1_close,2026,"[26.1, 26.4, 26.35, 26.45, 26.45, 26.4, 26.65, 26.6, 26.55, 26.45, 26.4, 26.3, 26.4, 26.4, 26.5, 26.45, 26.25, 26.6, 26.8, 26.85, 26.85, 26.85, 26.75, 26.95, 26.95, 27.15, 27.15, 27.2, 27.25, 27.25, 27.2, 27.15, 27.3, 27.3, 27.4, 27.3, 27.35, 27.35, 27.25, 27.05, 26.95, 27.0, 27.0, 27.15, 27.15, 27.05, 27.0, 27.1, 27.05, 27.15, 27.2, 27.3, 27.25, 27.3, 27.3, 27.3, 27.3, 27.15, 27.25, 27.2, 27.05, 27.15, 27.25, 27.3, 27.45, 27.45, 27.65, 27.7, 27.7, 27.7, 27.6, 27.6, 27.4, 27.5, 27.6, 27.55, 27.55, 27.55, 27.55, 27.65, 27.7, 27.75, 27.8, 27.8, 27.8, 27.8, 27.7, 27.75, 27.8, 27.85, 27.8, 27.85, 27.8, 27.7, 27.8, 27.8, 27.85, 27.9, 27.9, 27.95, 27.95, 27.9, 27.85, 27.9, 27.85, 27.8, 27.8, 27.75, 27.8, 27.8, 27.85, 27.9, 27.85, 27.8, 27.8, 27.65, 27.75, 27.8, 27.8, 27.8, 27.65, 27.75, 27.7, 27.8, 27.85, 27.85, 27.9, 27.9, 27.9, 27.95, 28.0, 27.95, 28.0, 28.05, 28.1, 28.05, 28.05, 28.1, 28.05, 28.05, 28.1, 28.0, 28.0, 28.1, 28.1, 28.05, 28.0, 28.05, 28.05, 28.1, 28.05, 28.05, 28.0, 28.0, 28.0, 27.9, 27.95, 27.95, 27.95, 27.95, 27.95, 27.85, 27.9, 27.9, 27.9, 27.9, 27.7, 27.85, 27.75, 27.8, 27.75, 27.8, 27.75, 27.8, 27.85, 27.9, 27.6, 27.6, 27.6, 27.65, 27.5, 27.4, 27.5, 27.5, 27.5, 27.4, 27.3, 27.3, 27.35, 27.4, 27.4, 27.45, 27.35, 27.35, 27.3, 27.25, 27.3, 27.25, 27.25, 27.25, 27.3, 27.3, 27.25, 27.25, 27.45, 27.5, 27.5, 27.45, 27.45, 27.45, 27.5, 27.55, 27.5, 27.6, 27.6, 27.7, 27.7, 27.65, 27.6, 27.65, 27.7, 27.7, 27.7, 27.55, 27.7, 27.75, 27.75, 27.8, 27.75, 27.75, 27.6, 27.75, 27.7, 27.7, 27.75, 27.75, 27.7, 27.7, 27.75, 27.7, 27.75, 27.7, 27.75, 27.75, 27.75, 27.75, 27.8, 27.75, 27.75, 27.75, 27.8, 27.75, 27.75, 27.7, 27.7, 27.75, 27.65, 27.65, 27.75, 27.65, 27.7, 27.7, 27.7, 27.55, 27.5, 27.4]",True,False,False,,4769.146275800001,2.4730959146550866,False,0.0,0.0,0.0,0.0,5157.99,1.6721067686342823,120720.60999999999,39.13496325015352,"台新-台北(120,720.61萬)／元大證券(15,944.28萬)／摩根大通(15,075.62萬)",True,False,1
2026-06-03,2891,TSE,2026-06-04,6591.75,1.1449599618231416,1,True,False,False,0.0,1.7647058823529451,False,-3.546099290780142,70.5,68.0,69.2,66.0,68.0,68.0,2026-06-04,d1_close,2026,"[67.4, 66.7, 67.6, 67.4, 67.3, 67.3, 67.3, 66.9, 67.0, 66.8, 66.7, 66.9, 66.9, 66.9, 66.6, 66.6, 66.5, 66.8, 67.1, 67.0, 66.9, 67.0, 67.0, 66.8, 67.0, 67.0, 67.0, 67.1, 67.0, 67.0, 66.9, 67.0, 67.0, 66.7, 66.8, 67.0, 66.9, 66.7, 66.6, 66.4, 66.5, 66.2, 66.4, 66.5, 66.3, 66.3, 66.1, 66.2, 66.1, 66.2, 66.3, 66.2, 66.3, 66.5, 66.5, 66.5, 66.6, 66.6, 67.0, 66.9, 66.9, 66.7, 67.0, 67.0, 67.1, 67.0, 67.1, 67.1, 67.2, 67.0, 66.9, 66.8, 66.7, 66.9, 66.8, 66.9, 66.9, 66.8, 67.0, 67.0, 66.9, 67.1, 67.1, 67.0, 67.0, 66.9, 67.0, 67.0, 67.0, 67.0, 66.9, 67.0, 67.0, 67.0, 67.1, 67.1, 67.0, 67.2, 67.4, 67.6, 67.7, 67.8, 67.8, 67.8, 67.7, 67.6, 67.7, 67.7, 67.6, 67.6, 67.6, 67.6, 67.7, 67.7, 67.6, 67.6, 67.6, 67.6, 67.6, 67.6, 67.9, 67.9, 67.9, 68.0, 68.0, 68.4, 68.6, 68.6, 68.6, 68.2, 68.2, 68.3, 68.3, 68.5, 68.5, 68.5, 68.5, 68.4, 68.5, 68.5, 68.4, 68.5, 68.5, 68.5, 68.8, 68.9, 68.6, 68.5, 68.4, 68.4, 68.4, 68.5, 68.5, 68.5, 68.4, 68.4, 68.5, 68.5, 68.5, 68.5, 68.5, 68.5, 68.6, 68.6, 68.6, 68.5, 68.5, 68.6, 68.5, 68.4, 68.4, 68.4, 68.5, 68.5, 68.5, 68.4, 68.3, 68.4, 68.4, 68.4, 68.4, 68.3, 68.4, 68.4, 68.3, 68.3, 68.4, 68.5, 68.5, 68.5, 68.5, 68.5, 68.5, 68.5, 68.6, 68.6, 68.7, 68.8, 68.7, 68.9, 68.8, 68.7, 68.7, 68.7, 68.7, 68.7, 69.2, 69.1, 69.1, 69.0, 68.9, 68.9, 68.7, 68.8, 68.7, 68.8, 68.7, 68.8, 68.6, 68.6, 68.7, 68.5, 68.6, 68.6, 68.5, 68.6, 68.6, 68.6, 68.6, 68.5, 68.6, 68.5, 68.7, 68.5, 68.7, 68.5, 68.5, 68.6, 68.6, 68.6, 68.4, 68.5, 68.6, 68.4, 68.4, 68.4, 68.4, 68.5, 68.7, 68.7, 68.6, 68.7, 68.6, 68.7, 68.7, 68.8, 68.8, 68.8, 68.9, 68.7, 68.8, 68.4, 68.3, 68.5, 68.3, 68.0]",True,False,False,,14225.3538645,2.4730959146550866,False,0.0,0.0,0.0,0.0,26536.2,4.6092291939062076,6591.75,1.1449599618231416,"美林(142,959.90萬)／國泰證券(72,396.45萬)／富邦證券(26,536.20萬)",True,False,1
2026-06-03,3163,OTC,2026-06-04,976.5,0.5880757833659498,1,True,False,False,1.4925373134328357,2.985074626865672,True,-7.373271889400922,1085.0,1005.0,1035.0,990.0,990.0,990.0,2026-06-04,d1_close,2026,"[1030.0, 1030.0, 1020.0, 1025.0, 1015.0, 1020.0, 1015.0, 1010.0, 1015.0, 1015.0, 1005.0, 1015.0, 1020.0, 1025.0, 1025.0, 1025.0, 1025.0, 1015.0, 1010.0, 1010.0, 1015.0, 1020.0, 1020.0, 1015.0, 1010.0, 1020.0, 1020.0, 1015.0, 1015.0, 1015.0, 1015.0, 1015.0, 1015.0, 1015.0, 1015.0, 1015.0, 1005.0, 1005.0, 1010.0, 1010.0, 1010.0, 1010.0, 1005.0, 1010.0, 1005.0, 1005.0, 1005.0, 1010.0, 1010.0, 1015.0, 1010.0, 1015.0, 1005.0, 1005.0, 1005.0, 1010.0, 1005.0, 1005.0, 1010.0, 1005.0, 1005.0, 1005.0, 1005.0, 1010.0, 1010.0, 1005.0, 1010.0, 1010.0, 1010.0, 1010.0, 1010.0, 1010.0, 1010.0, 1015.0, 1015.0, 1015.0, 1015.0, 1015.0, 1015.0, 1015.0, 1010.0, 1010.0, 1010.0, 1010.0, 1010.0, 1010.0, 1010.0, 1015.0, 1015.0, 1015.0, 1015.0, 1005.0, 1010.0, 1010.0, 1010.0, 1010.0, 1010.0, 1010.0, 1010.0, 1010.0, 1010.0, 1010.0, 1010.0, 1010.0, 1010.0, 1010.0, 1010.0, 1010.0, 1010.0, 1010.0, 1005.0, 1010.0, 1010.0, 1005.0, 1010.0, 1010.0, 1010.0, 1010.0, 1010.0, 1010.0, 1015.0, 1015.0, 1015.0, 1015.0, 1015.0, 1015.0, 1015.0, 1015.0, 1015.0, 1015.0, 1010.0, 1015.0, 1015.0, 1015.0, 1015.0, 1010.0, 1010.0, 1010.0, 1010.0, 1010.0, 1010.0, 1005.0, 1005.0, 1010.0, 1010.0, 1005.0, 1005.0, 1005.0, 1010.0, 1010.0, 1010.0, 1010.0, 1010.0, 1010.0, 1010.0, 1010.0, 1010.0, 1010.0, 1010.0, 1005.0, 1010.0, 1010.0, 1010.0, 1010.0, 1015.0, 1015.0, 1015.0, 1025.0, 1025.0, 1020.0, 1015.0, 1015.0, 1015.0, 1015.0, 1015.0, 1015.0, 1020.0, 1020.0, 1020.0, 1020.0, 1015.0, 1015.0, 1015.0, 1015.0, 1010.0, 1005.0, 1005.0, 1010.0, 1010.0, 1010.0, 1010.0, 1010.0, 1010.0, 1010.0, 1010.0, 1010.0, 1010.0, 1005.0, 1005.0, 1010.0, 1005.0, 1005.0, 1005.0, 1005.0, 1000.0, 1000.0, 1000.0, 1000.0, 1000.0, 1000.0, 1000.0, 1005.0, 991.0, 993.0, 990.0]",True,False,False,,873.866595,2.4730959146550866,False,11067.0,6.664858878147431,0.0,0.0,0.0,0.0,976.5,0.5880757833659498,"元大證券(29,295.00萬)／摩根大通(19,964.00萬)／康和(16,275.00萬)",True,False,1
2026-06-03,3324,OTC,2026-06-04,43776.0,3.806455340186441,1,True,False,False,6.324110671936759,2.371541501976284,True,-1.171875,1280.0,1265.0,1295.0,1180.0,1185.0,1185.0,2026-06-04,d1_close,2026,"[1285.0, 1280.0, 1285.0, 1290.0, 1285.0, 1285.0, 1275.0, 1290.0, 1280.0, 1270.0, 1280.0, 1280.0, 1285.0, 1260.0, 1260.0, 1245.0, 1235.0, 1245.0, 1240.0, 1230.0, 1230.0, 1240.0, 1245.0, 1245.0, 1240.0, 1240.0, 1225.0, 1220.0, 1230.0, 1235.0, 1230.0, 1225.0, 1225.0, 1225.0, 1215.0, 1220.0, 1210.0, 1210.0, 1210.0, 1200.0, 1200.0, 1200.0, 1210.0, 1225.0, 1225.0, 1215.0, 1210.0, 1205.0, 1210.0, 1210.0, 1210.0, 1205.0, 1205.0, 1200.0, 1200.0, 1200.0, 1195.0, 1195.0, 1200.0, 1210.0, 1200.0, 1200.0, 1200.0, 1205.0, 1205.0, 1200.0, 1200.0, 1205.0, 1190.0, 1190.0, 1190.0, 1190.0, 1190.0, 1190.0, 1190.0, 1190.0, 1190.0, 1190.0, 1200.0, 1205.0, 1205.0, 1205.0, 1205.0, 1205.0, 1200.0, 1200.0, 1205.0, 1200.0, 1200.0, 1205.0, 1200.0, 1200.0, 1200.0, 1200.0, 1200.0, 1200.0, 1200.0, 1200.0, 1195.0, 1195.0, 1195.0, 1195.0, 1195.0, 1195.0, 1200.0, 1200.0, 1195.0, 1200.0, 1200.0, 1200.0, 1200.0, 1200.0, 1200.0, 1200.0, 1200.0, 1200.0, 1200.0, 1200.0, 1200.0, 1195.0, 1195.0, 1195.0, 1195.0, 1195.0, 1200.0, 1200.0, 1200.0, 1200.0, 1205.0, 1205.0, 1205.0, 1205.0, 1205.0, 1205.0, 1205.0, 1205.0, 1205.0, 1205.0, 1205.0, 1205.0, 1205.0, 1210.0, 1210.0, 1210.0, 1210.0, 1210.0, 1210.0, 1210.0, 1205.0, 1200.0, 1205.0, 1200.0, 1205.0, 1205.0, 1205.0, 1205.0, 1205.0, 1205.0, 1205.0, 1200.0, 1195.0, 1200.0, 1200.0, 1195.0, 1200.0, 1200.0, 1200.0, 1195.0, 1195.0, 1195.0, 1195.0, 1195.0, 1195.0, 1195.0, 1195.0, 1195.0, 1195.0, 1195.0, 1190.0, 1190.0, 1185.0, 1185.0, 1185.0, 1185.0, 1185.0, 1190.0, 1190.0, 1190.0, 1190.0, 1190.0, 1195.0, 1190.0, 1195.0, 1195.0, 1195.0, 1195.0, 1195.0, 1195.0, 1195.0, 1195.0, 1195.0, 1195.0, 1195.0, 1195.0, 1195.0, 1200.0, 1195.0, 1195.0, 1195.0, 1195.0, 1190.0, 1195.0, 1190.0, 1190.0, 1190.0, 1195.0, 1190.0, 1190.0, 1190.0, 1195.0, 1200.0, 1200.0, 1195.0, 1195.0, 1200.0, 1200.0, 1195.0, 1195.0, 1195.0, 1195.0, 1195.0, 1190.0, 1190.0, 1190.0, 1190.0, 1195.0, 1190.0, 1190.0, 1190.0, 1190.0, 1190.0, 1185.0, 1185.0, 1185.0, 1190.0, 1185.0, 1185.0, 1190.0, 1185.0, 1190.0, 1190.0, 1190.0, 1190.0, 1185.0, 1185.0]",True,False,False,,1191.38304,2.4730959146550866,False,0.0,0.0,0.0,0.0,11776.0,1.023958746482902,43776.0,3.8064553401864405,"台灣摩根士丹利(136,832.00萬)／摩根大通(57,344.00萬)／台新-台北(43,776.00萬)",True,False,1
2026-06-03,4931,OTC,2026-06-04,22885.4,8.625484691142429,1,True,False,False,-0.5802707930367506,5.996131528046422,False,1.7716535433070866,254.0,258.5,274.0,257.0,260.0,260.0,2026-06-04,d1_close,2026,"[261.5, 267.5, 268.5, 265.0, 268.0, 266.0, 270.5, 268.5, 268.5, 270.5, 268.5, 271.0, 271.5, 268.5, 266.5, 270.5, 268.0, 266.5, 265.5, 266.5, 267.5, 266.0, 267.5, 266.0, 268.0, 266.5, 266.5, 269.5, 267.5, 267.5, 267.5, 267.0, 267.5, 266.5, 264.5, 265.0, 266.0, 268.5, 267.5, 267.5, 265.5, 266.0, 265.0, 265.0, 265.0, 263.5, 266.0, 266.5, 266.0, 265.5, 265.5, 266.0, 266.0, 265.5, 264.0, 264.0, 263.5, 263.5, 264.5, 264.0, 263.0, 261.5, 260.0, 262.0, 261.0, 263.0, 264.0, 262.0, 261.5, 261.0, 260.0, 262.5, 261.5, 261.0, 260.5, 261.5, 261.5, 262.5, 263.0, 262.5, 263.5, 263.5, 262.0, 261.5, 261.5, 262.0, 263.0, 261.5, 261.0, 261.5, 262.5, 262.5, 266.0, 266.0, 265.5, 265.0, 264.5, 263.5, 264.0, 263.5, 263.5, 263.5, 263.5, 264.5, 265.0, 266.0, 266.0, 266.0, 265.0, 265.0, 268.0, 268.5, 267.5, 266.5, 266.5, 266.0, 265.5, 266.0, 265.5, 265.5, 265.5, 265.5, 265.0, 263.5, 265.5, 265.5, 266.0, 265.0, 265.0, 265.5, 265.5, 266.0, 266.0, 265.5, 265.5, 265.0, 264.5, 264.5, 265.0, 265.0, 265.5, 265.5, 265.0, 265.0, 266.0, 266.0, 265.5, 266.0, 266.0, 266.0, 266.0, 265.5, 266.5, 266.5, 265.0, 265.5, 265.0, 265.5, 264.5, 264.5, 264.5, 264.0, 263.5, 264.5, 264.5, 264.5, 263.5, 263.0, 263.5, 263.5, 263.5, 264.0, 263.5, 263.0, 263.5, 263.5, 262.5, 262.0, 262.0, 262.5, 262.5, 262.0, 262.0, 262.0, 262.5, 262.5, 262.0, 262.5, 262.5, 262.5, 263.0, 263.0, 263.0, 263.0, 263.0, 263.0, 263.0, 263.5, 263.0, 262.5, 262.5, 262.0, 262.5, 263.0, 262.5, 262.0, 262.5, 262.5, 262.0, 262.5, 262.0, 262.0, 262.0, 262.0, 261.5, 261.5, 261.5, 262.0, 261.5, 261.5, 261.0, 261.5, 262.5, 263.0, 263.0, 262.5, 260.5, 261.0, 260.0, 260.5, 261.0, 261.0, 260.5, 260.5, 260.0, 260.0, 259.5, 259.5, 264.0, 264.0, 262.5, 262.5, 262.5, 262.5, 262.0, 262.0, 262.5, 262.0, 261.5, 261.0, 261.0, 261.5, 262.0, 263.0, 262.5, 264.0, 264.0, 264.0, 263.5, 263.0, 262.0, 261.0, 260.5, 260.0, 260.0]",True,False,False,,166.537132,2.4730959146550866,False,0.0,0.0,0.0,0.0,8559.8,3.2261801785960027,22885.4,8.625484691142429,"台新-台北(22,885.40萬)／富邦證券(8,559.80萬)／港商野村(7,416.80萬)",True,False,1
2026-06-04,1904,TSE,2026-06-05,1135.07,1.8851940585284204,1,True,False,False,0.0,4.566210045662101,False,-1.7937219730941798,22.3,21.9,22.9,20.8,21.9,21.9,2026-06-05,d1_close,2026,"[21.35, 21.15, 21.2, 21.2, 21.0, 20.95, 20.95, 20.95, 20.9, 20.95, 21.15, 21.15, 21.05, 20.9, 20.9, 20.85, 20.9, 21.0, 21.05, 21.1, 21.15, 21.05, 21.2, 21.15, 21.1, 21.0, 21.1, 21.1, 21.0, 21.1, 21.15, 21.1, 21.1, 21.25, 21.3, 21.3, 21.5, 21.45, 21.5, 21.65, 21.45, 21.3, 21.45, 21.4, 21.4, 21.4, 21.4, 21.35, 21.55, 21.55, 21.5, 21.7, 21.7, 21.8, 22.05, 22.0, 22.05, 22.2, 22.35, 22.5, 22.5, 22.6, 22.35, 22.25, 22.1, 22.05, 22.25, 22.25, 22.25, 22.15, 22.25, 22.25, 22.2, 22.4, 22.45, 22.45, 22.4, 22.4, 22.3, 22.3, 22.35, 22.55, 22.55, 22.45, 22.5, 22.5, 22.85, 22.8, 22.8, 22.7, 22.75, 22.7, 22.75, 22.7, 22.65, 22.6, 22.6, 22.55, 22.65, 22.6, 22.6, 22.5, 22.55, 22.5, 22.5, 22.5, 22.5, 22.45, 22.4, 22.5, 22.45, 22.5, 22.5, 22.45, 22.4, 22.45, 22.45, 22.5, 22.35, 22.4, 22.35, 22.3, 22.3, 22.3, 22.35, 22.3, 22.2, 22.3, 22.3, 22.35, 22.3, 22.3, 22.25, 22.3, 22.25, 22.2, 22.1, 22.2, 22.15, 22.15, 22.15, 22.25, 22.15, 22.15, 22.2, 22.2, 22.25, 22.15, 22.2, 22.2, 22.15, 22.2, 22.1, 22.05, 22.05, 22.15, 22.15, 22.2, 22.2, 22.15, 22.15, 22.15, 22.1, 22.1, 22.1, 22.15, 22.15, 22.2, 22.15, 22.1, 22.15, 22.15, 22.15, 22.2, 22.3, 22.3, 22.35, 22.3, 22.3, 22.35, 22.3, 22.25, 22.2, 22.15, 22.15, 22.15, 22.2, 22.25, 22.25, 22.3, 22.3, 22.3, 22.25, 22.25, 22.25, 22.25, 22.2, 22.2, 22.2, 22.3, 22.3, 22.2, 22.2, 22.2, 22.2, 22.2, 22.2, 22.2, 22.15, 22.1, 22.15, 22.1, 22.1, 22.2, 22.15, 22.15, 22.15, 22.1, 22.1, 22.1, 22.1, 22.1, 22.1, 22.1, 22.15, 22.1, 22.1, 22.1, 22.15, 22.1, 22.1, 22.1, 22.1, 22.05, 22.1, 22.05, 22.05, 22.0, 22.0, 22.0, 22.05, 22.05, 22.05, 22.05, 22.05, 22.05, 22.05, 22.0, 21.95, 21.95, 22.0, 21.95, 21.95, 21.9, 21.85, 21.85, 21.85, 21.9, 21.95, 21.9, 21.9]",True,False,False,,247.1452135,0.2637337454735616,False,0.0,0.0,0.0,0.0,0.0,0.0,1135.0700000000002,1.8851940585284208,"元大證券(5,180.29萬)／台新-台北(1,135.07萬)／國票證券(606.56萬)",True,False,0
2026-06-04,2072,TSE,2026-06-05,776.1,2.0033788774929016,1,True,False,False,4.411764705882353,1.4705882352941175,True,2.512562814070352,199.0,204.0,207.0,190.5,195.0,195.0,2026-06-05,d1_close,2026,"[205.0, 202.0, 200.0, 200.0, 201.0, 199.0, 198.0, 197.5, 195.5, 194.5, 194.0, 193.0, 192.0, 192.5, 191.5, 192.0, 192.0, 193.5, 194.5, 194.5, 193.0, 192.0, 191.0, 190.5, 191.0, 191.0, 191.0, 191.0, 192.0, 193.5, 193.5, 194.5, 193.0, 195.0, 198.5, 198.0, 198.5, 199.0, 197.0, 197.0, 197.0, 198.0, 197.5, 196.5, 196.5, 197.0, 197.0, 197.0, 197.0, 197.0, 196.5, 196.0, 196.0, 196.5, 198.5, 198.5, 198.0, 196.5, 196.0, 195.5, 196.0, 196.0, 195.5, 196.5, 198.0, 197.0, 197.0, 197.5, 197.5, 197.5, 197.5, 197.0, 197.0, 197.0, 198.5, 198.5, 198.5, 197.5, 199.5, 199.5, 199.5, 198.5, 196.5, 196.0, 196.0, 196.0, 196.0, 195.0, 195.5, 195.5, 196.0, 196.0, 196.0, 196.0, 196.5, 196.5, 196.0, 196.5, 199.0, 199.0, 199.0, 199.0, 198.0, 198.0, 196.5, 197.0, 196.5, 196.5, 196.5, 196.0, 196.0, 196.0, 195.5, 195.5, 194.0, 193.0, 193.0, 194.0, 194.0, 194.0, 194.0, 194.0, 193.0, 193.0, 193.0, 193.0, 192.5, 193.0, 193.0, 193.5, 193.5, 193.5, 193.0, 193.5, 193.0, 193.0, 193.0, 193.0, 193.0, 193.0, 192.5, 193.0, 193.0, 192.5, 192.5, 192.0, 192.0, 193.0, 193.0, 193.5, 193.5, 193.5, 193.5, 193.5, 194.0, 194.0, 194.0, 194.0, 194.5, 194.5, 194.0, 194.5, 194.0, 194.5, 195.0, 195.0, 195.0, 195.0, 194.5, 195.0]",True,False,False,,382.08,0.2637337454735616,False,0.0,0.0,0.0,0.0,0.0,0.0,776.1,2.0033788774929016,"台灣摩根士丹利(2,447.70萬)／統一(1,990.00萬)／陽信(1,592.00萬)",True,False,0
2026-06-04,7772,OTC,2026-06-05,471.8,3.329524351829187,1,True,False,False,-8.529411764705882,8.823529411764707,False,0.8902077151335311,168.5,170.0,185.0,153.0,184.5,184.5,2026-06-05,d1_close,2026,"[169.5, 165.0, 165.5, 166.5, 166.5, 165.0, 165.0, 164.5, 162.5, 161.5, 165.5, 162.5, 162.0, 161.5, 158.0, 157.5, 156.5, 154.0, 155.0, 159.0, 155.5, 155.5, 155.0, 155.5, 157.5, 158.5, 159.5, 159.0, 160.0, 160.0, 160.0, 160.0, 160.5, 161.0, 161.0, 162.0, 165.0, 164.5, 164.5, 164.5, 165.0, 165.0, 165.5, 166.0, 164.5, 166.5, 168.0, 169.0, 171.5, 173.0, 176.5, 178.0, 179.0, 181.0, 183.5, 182.5, 180.5, 180.0, 181.0, 181.0, 181.0, 180.0, 179.0, 179.0, 178.5, 178.5, 178.5, 177.0, 176.5, 178.0, 180.0, 180.0, 181.0, 181.5, 181.5, 181.0, 182.0, 182.0, 181.5, 182.0, 181.5, 181.0, 181.5, 181.5, 181.5, 181.0, 181.0, 181.5, 181.5, 184.0, 184.0, 184.0, 184.0, 184.0, 183.5, 184.0, 183.5, 183.5, 184.0, 183.0, 183.0, 183.0, 183.0, 182.5, 182.0, 181.5, 181.5, 180.0, 179.5, 179.5, 179.5, 179.5, 179.0, 180.0, 181.0, 181.0, 181.0, 181.0, 181.0, 179.0, 179.0, 179.0, 179.0, 179.0, 179.0, 178.5, 178.5, 179.0, 178.5, 178.5, 179.0, 179.5, 179.0, 179.0, 178.0, 178.0, 178.5, 178.5, 178.5, 179.0, 181.0, 181.0, 181.0, 181.0, 181.0, 181.0, 181.0, 181.5, 181.5, 181.5, 182.0, 183.0, 183.5, 183.5, 183.5, 183.5, 183.5, 183.5, 184.0, 184.0, 183.5, 184.0, 184.5, 184.5, 184.0, 184.5, 184.5, 184.5, 184.5, 184.5, 185.0, 185.0, 185.0, 185.0, 184.5, 184.5, 184.5, 184.5, 185.0, 185.0, 185.0, 185.0, 185.0, 185.0, 184.5, 184.5, 184.5, 185.0, 185.0, 184.5]",True,False,False,,40.572441,0.2637337454735616,False,0.0,0.0,0.0,0.0,0.0,0.0,471.8,3.329524351829187,"元大-台中(1,701.85萬)／台新-松德(1,095.25萬)／摩根大通(1,078.40萬)",True,False,0
2026-06-08,6585,TSE,2026-06-09,1242.3,2.9216789180137037,1,True,False,False,-3.252032520325204,6.910569105691057,False,0.0,123.0,123.0,131.5,120.0,127.0,127.0,2026-06-09,d1_close,2026,"[122.0, 120.5, 123.0, 125.0, 127.0, 128.5, 129.0, 130.0, 128.5, 126.5, 128.5, 128.5, 129.0, 128.5, 128.5, 127.5, 125.5, 126.5, 126.0, 126.0, 126.5, 127.0, 126.0, 125.0, 125.0, 125.0, 125.5, 126.0, 125.5, 125.5, 126.5, 126.5, 127.5, 128.0, 128.5, 128.5, 128.0, 127.5, 126.5, 126.0, 127.0, 126.5, 125.5, 125.5, 126.0, 126.5, 127.0, 126.5, 127.0, 126.5, 127.0, 127.0, 128.0, 127.0, 128.0, 128.5, 131.5, 131.0, 130.0, 130.0, 130.0, 130.0, 129.0, 129.0, 129.5, 130.0, 130.0, 130.0, 128.5, 129.5, 130.0, 129.0, 129.0, 128.0, 128.0, 127.5, 127.5, 129.0, 128.5, 127.5, 127.5, 127.5, 127.0, 129.0, 128.5, 128.0, 128.0, 128.0, 127.5, 127.5, 127.5, 127.5, 128.0, 128.0, 128.0, 128.0, 128.5, 128.0, 128.5, 128.5, 128.5, 128.5, 127.5, 128.0, 128.5, 127.0, 128.5, 127.5, 128.5, 128.5, 128.0, 128.5, 127.5, 128.0, 129.0, 129.0, 129.0, 128.0, 129.0, 129.0, 128.5, 128.5, 128.0, 127.5, 127.0, 127.0, 127.0, 127.5, 127.5, 126.5, 126.5, 126.5, 126.5, 126.5, 126.5, 126.5, 127.0, 127.5, 128.0, 127.5, 128.0, 128.5, 128.5, 128.5, 128.0, 128.5, 128.0, 128.0, 128.0, 127.0, 127.0, 126.5, 126.5, 126.0, 126.0, 125.5, 125.0, 125.0, 125.0, 125.0, 125.0, 126.0, 125.5, 125.5, 125.5, 127.0, 127.0, 127.0, 126.5, 125.5, 126.5, 127.0, 127.0, 127.0, 127.0, 126.5, 127.0, 127.0, 127.0, 126.5, 127.0, 126.5, 126.0, 126.0, 126.5, 126.5, 126.5, 127.0, 126.5, 127.0, 128.0, 128.5, 128.5, 127.5, 128.0, 126.5, 127.5, 127.5, 128.0, 127.5, 126.5, 127.5, 127.5, 128.0, 129.0, 128.5, 128.5, 127.0, 128.0, 127.5, 127.0, 126.5, 128.0, 127.0]",True,False,False,,88.724328,-4.760947740964581,False,0.0,0.0,0.0,0.0,0.0,0.0,1242.3,2.9216789180137033,"凱基-台北(1,500.60萬)／台新-台北(1,242.30萬)／華南永昌-朴子(799.50萬)",True,False,0
2026-06-09,2359,TSE,2026-06-10,20909.15,48.03952294791502,1,True,False,False,8.135593220338983,1.694915254237288,True,2.0761245674740483,144.5,147.5,150.0,135.0,135.5,135.5,2026-06-10,d1_close,2026,"[149.0, 148.0, 148.5, 147.0, 147.0, 148.0, 147.0, 147.5, 147.5, 147.5, 147.5, 147.0, 147.5, 147.0, 147.0, 146.5, 147.5, 146.5, 146.5, 146.5, 146.0, 146.5, 146.5, 146.5, 146.5, 146.5, 146.0, 146.0, 146.5, 146.5, 146.0, 145.5, 147.0, 146.5, 147.5, 147.0, 146.5, 146.5, 146.5, 146.5, 146.0, 145.5, 145.5, 145.5, 145.0, 144.5, 145.0, 144.5, 145.0, 145.0, 145.5, 145.0, 145.0, 144.5, 144.5, 144.5, 145.0, 145.0, 144.5, 144.5, 145.0, 145.0, 144.5, 144.0, 144.0, 144.0, 144.0, 144.0, 144.0, 143.5, 143.0, 143.0, 143.0, 143.5, 143.5, 144.0, 144.0, 143.5, 143.0, 143.0, 143.5, 143.5, 143.5, 143.0, 142.5, 143.0, 142.5, 142.5, 143.0, 142.5, 143.0, 143.5, 143.5, 143.5, 143.5, 143.0, 143.0, 143.0, 143.0, 143.0, 143.5, 143.5, 143.5, 143.5, 143.5, 143.5, 143.0, 143.0, 143.0, 142.5, 142.5, 142.5, 142.5, 142.5, 142.5, 142.0, 142.5, 142.5, 142.0, 142.0, 142.5, 142.5, 142.5, 143.0, 143.0, 143.0, 143.0, 143.0, 143.0, 143.0, 143.0, 143.0, 143.0, 142.5, 143.0, 143.0, 143.0, 143.5, 143.0, 143.5, 143.0, 143.0, 143.5, 143.0, 143.0, 143.0, 143.0, 143.0, 143.0, 143.0, 143.0, 143.0, 143.0, 142.5, 142.5, 142.5, 141.5, 141.5, 141.5, 141.5, 141.5, 141.5, 141.5, 141.0, 141.5, 141.5, 141.0, 141.5, 141.5, 141.0, 141.0, 141.0, 141.0, 141.5, 141.0, 140.5, 141.0, 140.5, 141.0, 140.5, 140.5, 140.5, 140.5, 140.0, 139.0, 139.5, 139.0, 138.5, 139.0, 139.0, 138.5, 138.5, 138.5, 138.0, 139.0, 139.0, 139.0, 139.0, 139.0, 139.0, 139.0, 138.5, 139.0, 138.5, 139.0, 138.5, 138.5, 138.5, 138.5, 138.0, 138.0, 138.0, 138.0, 137.5, 137.5, 137.5, 137.5, 137.5, 138.0, 137.5, 137.5, 137.5, 137.0, 137.5, 137.5, 138.0, 137.5, 138.0, 138.5, 138.5, 138.5, 138.5, 138.5, 138.0, 138.0, 138.5, 138.0, 138.0, 138.0, 137.5, 137.0, 137.5, 137.0, 137.0, 137.0, 137.0, 136.5, 137.0, 136.0, 136.0, 136.0, 136.0, 136.5, 136.0, 136.0, 136.0, 135.5, 135.0, 135.5, 135.5, 135.5, 135.0, 135.5]",True,False,False,,247.7757395,-0.8131625388776005,False,0.0,0.0,0.0,0.0,2326.45,5.345102415075549,20909.15,48.03952294791502,"台新-台北(20,909.15萬)／凱基-台北(3,887.05萬)／富邦證券(2,326.45萬)",True,False,1
2026-06-09,2454,TSE,2026-06-10,49225.0,0.684630008943272,1,True,False,False,3.7079953650057935,4.750869061413673,True,-3.575418994413408,4475.0,4315.0,4520.0,4120.0,4155.0,4155.0,2026-06-10,d1_close,2026,"[4325.0, 4345.0, 4400.0, 4380.0, 4375.0, 4380.0, 4390.0, 4435.0, 4430.0, 4425.0, 4420.0, 4450.0, 4470.0, 4480.0, 4485.0, 4475.0, 4460.0, 4480.0, 4480.0, 4470.0, 4440.0, 4435.0, 4475.0, 4480.0, 4505.0, 4520.0, 4495.0, 4500.0, 4505.0, 4485.0, 4440.0, 4450.0, 4445.0, 4475.0, 4490.0, 4490.0, 4485.0, 4485.0, 4490.0, 4490.0, 4495.0, 4485.0, 4465.0, 4455.0, 4440.0, 4410.0, 4395.0, 4395.0, 4410.0, 4405.0, 4385.0, 4385.0, 4390.0, 4380.0, 4400.0, 4400.0, 4400.0, 4400.0, 4390.0, 4385.0, 4360.0, 4365.0, 4365.0, 4380.0, 4370.0, 4365.0, 4350.0, 4345.0, 4350.0, 4340.0, 4335.0, 4330.0, 4345.0, 4355.0, 4345.0, 4340.0, 4345.0, 4350.0, 4355.0, 4350.0, 4355.0, 4350.0, 4360.0, 4350.0, 4355.0, 4330.0, 4320.0, 4325.0, 4330.0, 4345.0, 4355.0, 4360.0, 4345.0, 4340.0, 4345.0, 4340.0, 4345.0, 4345.0, 4355.0, 4345.0, 4335.0, 4335.0, 4340.0, 4340.0, 4340.0, 4340.0, 4335.0, 4330.0, 4330.0, 4330.0, 4310.0, 4300.0, 4305.0, 4295.0, 4295.0, 4290.0, 4295.0, 4295.0, 4295.0, 4295.0, 4300.0, 4300.0, 4305.0, 4305.0, 4305.0, 4305.0, 4325.0, 4320.0, 4315.0, 4320.0, 4315.0, 4310.0, 4305.0, 4310.0, 4305.0, 4330.0, 4335.0, 4330.0, 4320.0, 4320.0, 4315.0, 4315.0, 4320.0, 4325.0, 4320.0, 4325.0, 4320.0, 4320.0, 4320.0, 4315.0, 4305.0, 4305.0, 4305.0, 4310.0, 4310.0, 4310.0, 4305.0, 4285.0, 4290.0, 4280.0, 4280.0, 4280.0, 4280.0, 4270.0, 4275.0, 4270.0, 4265.0, 4275.0, 4280.0, 4270.0, 4270.0, 4265.0, 4265.0, 4270.0, 4275.0, 4275.0, 4270.0, 4270.0, 4275.0, 4270.0, 4270.0, 4265.0, 4265.0, 4265.0, 4255.0, 4255.0, 4245.0, 4225.0, 4225.0, 4230.0, 4220.0, 4220.0, 4220.0, 4220.0, 4230.0, 4235.0, 4235.0, 4230.0, 4225.0, 4240.0, 4235.0, 4230.0, 4230.0, 4235.0, 4235.0, 4235.0, 4230.0, 4225.0, 4220.0, 4225.0, 4205.0, 4205.0, 4195.0, 4195.0, 4195.0, 4195.0, 4190.0, 4190.0, 4200.0, 4195.0, 4205.0, 4185.0, 4170.0, 4180.0, 4180.0, 4175.0, 4180.0, 4195.0, 4185.0, 4175.0, 4180.0, 4175.0, 4170.0, 4180.0, 4185.0, 4195.0, 4185.0, 4185.0, 4185.0, 4195.0, 4190.0, 4180.0, 4195.0, 4200.0, 4205.0, 4210.0, 4210.0, 4210.0, 4205.0, 4200.0, 4200.0, 4195.0, 4190.0, 4190.0, 4185.0, 4175.0, 4180.0, 4175.0, 4170.0, 4170.0, 4165.0, 4150.0, 4145.0, 4135.0, 4130.0, 4155.0]",True,False,False,,71774.717425,-0.8131625388776005,False,0.0,0.0,34905.0,0.48546491543250186,538342.5,7.48736273417051,49225.0,0.684630008943272,"富邦證券(538,342.50萬)／永豐金-匯立(515,520.00萬)／國泰證券(116,797.50萬)",True,False,2
2026-06-09,2484,TSE,2026-06-10,608.0,0.1709266640429873,1,True,False,False,4.125412541254125,7.425742574257415,True,-0.3289473684210456,60.8,60.6,65.1,57.2,58.1,58.1,2026-06-10,d1_close,2026,"[62.7, 64.3, 64.7, 64.8, 64.7, 64.7, 63.8, 63.6, 63.2, 63.2, 63.7, 64.0, 63.9, 63.4, 63.5, 62.9, 62.4, 63.4, 63.4, 62.6, 62.8, 62.4, 62.3, 62.3, 61.7, 62.9, 63.0, 62.9, 62.2, 62.1, 62.4, 62.5, 62.8, 62.4, 62.0, 62.1, 61.9, 62.0, 62.2, 61.4, 61.2, 60.2, 60.2, 59.7, 59.9, 59.9, 60.8, 60.7, 59.9, 59.8, 59.4, 59.8, 60.0, 60.2, 60.1, 60.0, 59.8, 60.5, 60.1, 60.0, 60.2, 60.0, 59.9, 59.6, 59.4, 59.3, 59.1, 58.9, 58.8, 58.4, 58.9, 58.8, 60.0, 59.7, 59.6, 59.7, 59.7, 60.1, 60.3, 60.1, 60.0, 59.6, 59.9, 59.9, 60.2, 60.3, 60.4, 60.5, 60.8, 60.9, 60.6, 61.1, 61.2, 61.5, 61.2, 61.5, 61.6, 61.1, 62.0, 61.8, 61.5, 61.5, 61.2, 62.3, 62.2, 62.7, 62.4, 61.9, 61.7, 61.5, 61.4, 61.6, 61.1, 61.3, 61.2, 61.2, 61.1, 61.8, 62.1, 62.0, 62.2, 62.4, 62.0, 62.1, 62.6, 62.2, 62.1, 62.4, 62.6, 62.7, 62.7, 62.4, 62.3, 62.5, 62.5, 62.5, 62.4, 62.3, 61.9, 62.3, 62.0, 62.0, 61.8, 61.6, 61.5, 61.6, 61.5, 61.5, 61.6, 61.7, 61.6, 61.4, 61.5, 61.3, 61.2, 61.1, 60.9, 60.8, 61.1, 60.9, 60.7, 60.9, 60.7, 60.7, 60.7, 60.8, 60.8, 60.3, 60.2, 60.4, 60.2, 60.1, 60.5, 60.2, 60.3, 60.0, 60.0, 59.9, 60.1, 60.0, 59.9, 59.7, 59.7, 59.7, 59.5, 59.3, 59.3, 59.4, 59.2, 59.2, 59.1, 59.0, 59.1, 59.2, 59.3, 59.5, 59.3, 59.6, 59.4, 59.0, 59.0, 59.2, 59.2, 59.2, 59.0, 58.8, 58.5, 58.6, 58.4, 58.3, 58.2, 58.4, 58.5, 58.5, 58.4, 58.8, 58.5, 58.5, 58.6, 58.1, 58.1, 57.9, 58.5, 58.4, 58.9, 58.7, 58.5, 58.6, 58.8, 58.2, 58.2, 58.1, 58.2, 58.2, 58.1, 58.0, 58.3, 58.4, 58.5, 58.4, 58.3, 58.2, 58.7, 58.8, 59.2, 59.2, 58.6, 58.6, 58.5, 58.6, 58.6, 58.5, 58.6, 58.2, 58.2, 58.3, 58.1, 58.0, 57.9, 57.8, 57.6, 57.5, 57.2, 58.1]",True,False,False,,96.927968,-0.8131625388776005,False,0.0,0.0,0.0,0.0,2954.88,0.8307035872489186,608.0,0.17092666404298734,"元大證券(42,505.28萬)／富邦-台北(13,120.64萬)／凱基-信義(6,560.32萬)",True,False,1
2026-06-09,3008,TSE,2026-06-10,157342.5,18.232157230425205,1,True,False,False,1.1961722488038278,2.15311004784689,True,7.5933075933075935,3885.0,4180.0,4270.0,4100.0,4130.0,4130.0,2026-06-10,d1_close,2026,"[4195.0, 4215.0, 4250.0, 4270.0, 4270.0, 4270.0, 4270.0, 4270.0, 4270.0, 4270.0, 4270.0, 4270.0, 4270.0, 4270.0, 4270.0, 4270.0, 4270.0, 4270.0, 4270.0, 4270.0, 4270.0, 4270.0, 4270.0, 4270.0, 4270.0, 4270.0, 4270.0, 4270.0, 4270.0, 4270.0, 4270.0, 4270.0, 4270.0, 4270.0, 4270.0, 4270.0, 4270.0, 4270.0, 4270.0, 4270.0, 4270.0, 4270.0, 4270.0, 4270.0, 4270.0, 4270.0, 4270.0, 4270.0, 4270.0, 4270.0, 4270.0, 4270.0, 4270.0, 4270.0, 4270.0, 4270.0, 4270.0, 4270.0, 4270.0, 4270.0, 4270.0, 4270.0, 4270.0, 4270.0, 4270.0, 4270.0, 4270.0, 4270.0, 4270.0, 4270.0, 4270.0, 4270.0, 4270.0, 4270.0, 4270.0, 4270.0, 4270.0, 4270.0, 4270.0, 4270.0, 4270.0, 4270.0, 4270.0, 4270.0, 4270.0, 4270.0, 4270.0, 4270.0, 4270.0, 4270.0, 4270.0, 4270.0, 4270.0, 4270.0, 4270.0, 4270.0, 4270.0, 4270.0, 4270.0, 4270.0, 4270.0, 4270.0, 4270.0, 4270.0, 4270.0, 4270.0, 4270.0, 4270.0, 4270.0, 4270.0, 4270.0, 4270.0, 4270.0, 4270.0, 4270.0, 4270.0, 4270.0, 4270.0, 4270.0, 4270.0, 4270.0, 4270.0, 4270.0, 4270.0, 4270.0, 4270.0, 4270.0, 4270.0, 4270.0, 4270.0, 4270.0, 4270.0, 4270.0, 4270.0, 4270.0, 4270.0, 4270.0, 4270.0, 4135.0, 4110.0, 4155.0, 4165.0, 4145.0, 4180.0, 4165.0, 4170.0, 4180.0, 4215.0, 4210.0, 4200.0, 4215.0, 4205.0, 4215.0, 4220.0, 4205.0, 4220.0, 4235.0, 4230.0, 4220.0, 4205.0, 4195.0, 4200.0, 4200.0, 4190.0, 4155.0, 4160.0, 4160.0, 4140.0, 4160.0, 4165.0, 4180.0, 4165.0, 4170.0, 4190.0, 4155.0, 4155.0, 4135.0, 4155.0, 4145.0, 4135.0, 4130.0, 4130.0, 4145.0, 4120.0, 4115.0, 4120.0, 4110.0, 4115.0, 4110.0, 4110.0, 4110.0, 4130.0]",True,False,False,,5185.23957,-0.8131625388776005,False,0.0,0.0,37684.5,4.366714200867271,11266.5,1.3055124930427926,157342.5,18.232157230425205,"台新-台北(157,342.50萬)／元大證券(73,815.00萬)／美商高盛(54,390.00萬)",True,False,2
2026-06-09,3105,OTC,2026-06-10,18668.4,2.5209244374779907,1,True,False,False,3.1408308004052685,6.180344478216818,True,-0.6042296072507553,496.5,493.5,524.0,476.0,478.0,478.0,2026-06-10,d1_close,2026,"[499.5, 501.0, 505.0, 510.0, 515.0, 515.0, 514.0, 519.0, 511.0, 510.0, 517.0, 517.0, 516.0, 514.0, 515.0, 518.0, 517.0, 518.0, 521.0, 521.0, 519.0, 522.0, 520.0, 519.0, 520.0, 517.0, 520.0, 519.0, 518.0, 513.0, 510.0, 514.0, 512.0, 514.0, 513.0, 511.0, 511.0, 510.0, 506.0, 508.0, 512.0, 513.0, 513.0, 514.0, 513.0, 511.0, 515.0, 517.0, 518.0, 517.0, 515.0, 514.0, 516.0, 515.0, 514.0, 511.0, 512.0, 511.0, 511.0, 508.0, 510.0, 510.0, 507.0, 507.0, 509.0, 509.0, 509.0, 509.0, 505.0, 502.0, 502.0, 506.0, 506.0, 507.0, 507.0, 506.0, 502.0, 503.0, 506.0, 506.0, 505.0, 504.0, 503.0, 503.0, 503.0, 502.0, 503.0, 506.0, 506.0, 506.0, 506.0, 502.0, 503.0, 504.0, 503.0, 502.0, 502.0, 503.0, 500.0, 500.0, 503.0, 503.0, 503.0, 503.0, 505.0, 506.0, 507.0, 505.0, 506.0, 504.0, 504.0, 504.0, 506.0, 506.0, 507.0, 506.0, 505.0, 505.0, 506.0, 508.0, 507.0, 509.0, 509.0, 508.0, 507.0, 508.0, 508.0, 509.0, 510.0, 509.0, 509.0, 509.0, 509.0, 510.0, 511.0, 511.0, 512.0, 513.0, 512.0, 511.0, 509.0, 510.0, 509.0, 509.0, 509.0, 507.0, 506.0, 508.0, 507.0, 507.0, 506.0, 503.0, 503.0, 505.0, 504.0, 504.0, 503.0, 502.0, 503.0, 503.0, 501.0, 501.0, 504.0, 502.0, 502.0, 501.0, 502.0, 503.0, 502.0, 501.0, 502.0, 504.0, 505.0, 505.0, 505.0, 504.0, 504.0, 506.0, 505.0, 505.0, 505.0, 505.0, 505.0, 502.0, 502.0, 502.0, 499.5, 499.0, 498.5, 498.5, 498.0, 497.5, 497.0, 497.0, 497.0, 496.5, 499.0, 497.0, 498.5, 498.0, 497.0, 497.0, 498.0, 498.5, 498.5, 498.5, 497.0, 495.0, 495.0, 491.0, 489.0, 488.0, 489.0, 490.0, 489.0, 490.0, 490.5, 491.0, 490.0, 490.5, 488.5, 486.0, 488.0, 488.5, 487.5, 488.5, 489.5, 489.0, 489.0, 490.5, 487.5, 485.5, 485.5, 488.5, 488.0, 488.0, 487.5, 487.0, 488.0, 487.5, 487.0, 487.0, 486.0, 487.5, 488.0, 488.0, 489.5, 490.0, 488.0, 486.5, 485.0, 485.5, 485.0, 485.5, 484.0, 483.0, 483.5, 482.0, 480.5, 480.5, 480.5, 480.0, 477.5, 478.5, 478.0]",True,False,False,,2104.864086,-0.8131625388776005,True,0.0,0.0,0.0,0.0,12015.3,1.6225098773129623,18668.4,2.5209244374779907,"港商野村(41,557.05萬)／台灣摩根士丹利(40,762.65萬)／凱基-台北(34,308.15萬)",True,False,1
2026-06-09,6727,OTC,2026-06-10,1638.0,1.0290112716047748,1,True,False,False,8.152173913043478,8.26086956521739,True,-1.7094017094017095,468.0,460.0,498.0,421.5,422.5,422.5,2026-06-10,d1_close,2026,"[459.0, 460.0, 460.0, 464.5, 466.5, 464.0, 467.0, 466.0, 465.5, 468.5, 471.5, 473.0, 473.5, 482.0, 475.0, 476.0, 475.0, 476.5, 475.5, 480.5, 477.5, 480.0, 482.5, 483.0, 486.0, 493.5, 496.5, 493.5, 490.0, 485.0, 487.5, 489.0, 491.0, 490.0, 487.0, 487.0, 485.5, 487.5, 486.0, 481.5, 478.5, 474.0, 473.5, 472.0, 471.5, 474.5, 474.0, 475.5, 474.0, 473.0, 465.0, 468.0, 468.0, 468.0, 468.5, 466.0, 464.5, 464.0, 462.5, 466.5, 463.0, 460.5, 464.5, 467.0, 465.0, 464.5, 459.0, 455.0, 454.0, 455.0, 460.0, 458.0, 458.0, 459.0, 458.0, 458.0, 457.5, 457.5, 458.0, 460.0, 460.0, 459.5, 459.5, 459.0, 459.0, 459.0, 459.0, 460.0, 460.5, 459.5, 458.5, 459.5, 458.0, 458.0, 456.0, 455.5, 459.5, 459.5, 460.0, 460.5, 462.0, 463.0, 462.0, 461.5, 461.5, 464.0, 461.5, 460.5, 459.5, 459.0, 458.5, 460.0, 460.0, 460.0, 460.0, 459.5, 458.0, 457.5, 457.5, 457.5, 457.5, 456.5, 457.0, 450.5, 447.5, 448.0, 449.0, 451.0, 451.0, 452.5, 453.5, 451.5, 451.5, 452.0, 450.5, 449.5, 449.5, 449.5, 449.0, 449.0, 449.0, 448.0, 446.0, 446.0, 443.5, 443.0, 442.5, 441.5, 441.0, 440.0, 441.5, 442.5, 442.0, 440.0, 439.0, 439.5, 440.0, 438.5, 438.5, 437.5, 438.5, 437.0, 438.5, 438.0, 436.0, 436.5, 435.0, 436.5, 434.5, 436.0, 435.0, 434.0, 434.0, 435.5, 435.0, 434.5, 433.5, 433.5, 435.0, 435.5, 436.5, 436.5, 436.5, 435.5, 433.5, 432.5, 433.0, 432.0, 430.0, 431.0, 433.5, 433.5, 432.5, 432.0, 430.5, 430.5, 430.5, 428.5, 426.0, 425.0, 425.5, 427.0, 428.0, 428.0, 427.0, 427.5, 431.0, 430.0, 433.0, 433.0, 434.0, 432.5, 432.5, 432.5, 431.5, 431.0, 432.0, 432.0, 431.5, 432.0, 433.0, 434.0, 434.0, 432.0, 430.0, 427.0, 427.0, 428.5, 428.5, 428.5, 428.5, 428.0, 427.5, 426.0, 426.0, 426.0, 424.5, 423.0, 421.5, 422.5, 422.5]",True,False,False,,125.818056,-0.8131625388776005,False,0.0,0.0,0.0,0.0,0.0,0.0,1638.0,1.0290112716047748,"凱基-站前(11,793.60萬)／凱基(2,901.60萬)／永豐金-信義(2,527.20萬)",True,False,0
2026-06-09,8021,TSE,2026-06-10,93002.8,19.37789370308069,1,True,False,False,-7.129094412331407,7.129094412331407,False,2.569169960474309,506.0,519.0,556.0,517.0,556.0,556.0,2026-06-10,d1_close,2026,"[537.0, 553.0, 556.0, 556.0, 556.0, 556.0, 556.0, 556.0, 556.0, 556.0, 556.0, 556.0, 556.0, 556.0, 556.0, 556.0, 556.0, 556.0, 556.0, 556.0, 556.0, 556.0, 556.0, 556.0, 556.0, 556.0, 556.0, 556.0, 556.0, 556.0, 556.0, 556.0, 556.0, 556.0, 556.0, 556.0, 556.0, 556.0, 556.0, 556.0, 556.0, 556.0, 556.0, 556.0, 556.0, 556.0, 556.0, 556.0, 556.0, 556.0, 556.0, 556.0, 556.0, 556.0, 556.0, 556.0, 556.0, 556.0, 556.0, 556.0, 556.0, 556.0, 556.0, 556.0, 556.0, 556.0, 556.0, 556.0, 556.0, 556.0, 556.0, 556.0, 556.0, 556.0, 556.0, 556.0, 556.0, 556.0, 556.0, 556.0, 556.0, 556.0, 556.0, 556.0, 556.0, 556.0, 556.0, 556.0, 556.0, 556.0, 556.0, 556.0, 556.0, 556.0, 556.0, 556.0, 556.0, 556.0, 556.0, 556.0, 556.0, 556.0, 556.0, 556.0, 556.0, 556.0, 556.0, 556.0, 556.0, 556.0, 556.0, 556.0, 556.0, 556.0, 556.0, 556.0, 556.0, 556.0, 556.0, 556.0, 556.0, 556.0, 556.0, 556.0, 556.0, 556.0, 556.0, 556.0, 556.0, 556.0, 556.0, 556.0, 556.0, 556.0, 556.0, 556.0, 556.0, 556.0, 556.0, 556.0, 556.0, 556.0, 556.0, 556.0, 556.0, 556.0, 556.0, 556.0, 556.0, 556.0, 556.0, 556.0, 556.0, 556.0, 556.0, 556.0, 556.0, 556.0, 556.0, 556.0, 556.0, 540.0, 542.0, 537.0, 540.0, 540.0, 541.0, 535.0, 534.0, 540.0, 537.0, 540.0, 551.0, 547.0, 545.0, 545.0, 540.0, 543.0, 545.0, 552.0, 550.0, 542.0, 541.0, 540.0, 539.0, 542.0, 542.0, 538.0, 539.0, 543.0, 543.0, 542.0, 541.0, 540.0, 538.0, 537.0, 533.0, 532.0, 537.0, 540.0, 540.0, 540.0, 540.0, 539.0, 541.0, 547.0, 544.0, 545.0, 543.0, 547.0, 546.0, 546.0, 548.0, 549.0, 550.0, 546.0, 546.0, 551.0, 551.0, 551.0, 554.0, 555.0, 556.0, 556.0, 556.0, 556.0, 556.0, 556.0, 556.0, 556.0, 556.0, 556.0, 556.0, 556.0, 556.0, 556.0, 556.0, 556.0, 556.0, 556.0, 556.0]",True,False,False,,733.91505,-0.8131625388776005,False,0.0,0.0,0.0,0.0,13712.6,2.8571323142191885,93002.8,19.377893703080694,"台新-台北(93,002.80萬)／元大證券(26,868.60萬)／凱基-永和(15,028.20萬)",True,False,1
2026-06-09,9910,TSE,2026-06-10,8724.93,10.777452171213596,1,True,False,False,-8.922363847045196,8.922363847045196,False,0.0,86.3,86.3,94.0,85.5,94.0,94.0,2026-06-10,d1_close,2026,"[87.4, 86.7, 87.0, 87.1, 87.4, 87.5, 88.2, 88.0, 88.5, 88.5, 88.5, 88.6, 89.4, 89.0, 88.9, 89.6, 89.6, 89.4, 89.0, 88.9, 88.3, 88.5, 89.0, 89.6, 88.6, 88.3, 90.0, 90.5, 89.6, 88.8, 88.9, 89.2, 89.7, 90.2, 90.8, 91.5, 91.2, 91.9, 92.3, 93.5, 93.5, 93.1, 92.8, 92.2, 92.6, 92.3, 92.5, 92.4, 92.0, 92.3, 92.5, 91.8, 91.7, 91.2, 92.0, 91.8, 91.7, 91.5, 91.6, 91.6, 91.3, 91.3, 91.9, 91.9, 91.8, 92.0, 92.7, 92.5, 92.3, 92.3, 92.5, 92.7, 92.6, 93.0, 92.8, 92.9, 92.2, 92.5, 92.8, 92.8, 92.8, 92.9, 92.8, 92.6, 92.9, 93.4, 93.3, 92.9, 92.7, 93.0, 93.1, 92.4, 93.0, 92.8, 92.5, 92.8, 92.7, 93.0, 93.0, 92.8, 92.6, 92.8, 93.1, 93.1, 93.0, 92.6, 92.5, 92.5, 92.6, 92.8, 93.0, 93.0, 93.0, 92.5, 92.6, 92.9, 92.4, 92.3, 92.4, 92.5, 92.5, 92.3, 92.3, 92.3, 92.2, 92.5, 92.3, 91.9, 92.0, 92.1, 92.1, 92.2, 92.4, 92.1, 92.4, 92.4, 92.4, 92.3, 92.4, 92.5, 92.4, 92.1, 92.5, 92.5, 92.5, 92.3, 92.4, 92.3, 92.5, 92.5, 92.5, 92.9, 92.9, 92.9, 92.9, 92.6, 93.0, 92.7, 92.9, 93.0, 93.0, 92.9, 92.8, 92.6, 92.5, 92.5, 92.6, 92.8, 92.5, 92.3, 92.5, 92.4, 92.5, 92.4, 92.5, 92.5, 92.3, 92.5, 92.6, 92.9, 92.6, 92.8, 92.7, 92.3, 92.7, 92.3, 92.2, 92.3, 91.5, 91.6, 91.6, 91.6, 92.0, 92.0, 91.6, 91.7, 91.5, 91.3, 91.5, 91.5, 91.9, 91.9, 91.6, 91.9, 91.7, 92.0, 91.9, 92.0, 92.1, 92.0, 91.9, 91.6, 91.4, 91.8, 91.5, 91.9, 91.7, 91.6, 91.5, 91.6, 91.8, 92.1, 92.0, 92.0, 91.7, 92.0, 92.0, 92.3, 91.8, 92.1, 92.6, 92.2, 92.3, 92.4, 92.5, 92.9, 92.8, 92.3, 92.8, 92.7, 92.7, 92.7, 92.3, 92.8, 92.8, 92.7, 92.3, 92.8, 92.5, 92.6, 92.9, 92.9, 92.9, 93.0, 93.0, 92.7, 93.0, 93.0, 93.1, 93.2, 93.2, 93.4, 93.2, 93.1, 93.1, 94.0]",True,False,False,,852.1976564,-0.8131625388776005,True,699.03,0.8634753965067273,0.0,0.0,-1113.27,-1.3751645203625658,8724.93,10.777452171213596,"兆豐證券(19,615.99萬)／台新-台北(8,724.93萬)／美商高盛(2,822.01萬)",True,False,2
2026-06-11,2243,TSE,2026-06-12,981.65,6.821632560484373,1,True,False,False,-7.982583454281567,7.982583454281567,False,1.772525849335307,33.85,34.45,37.2,34.1,37.2,37.2,2026-06-12,d1_close,2026,"[34.75, 34.25, 34.4, 34.55, 34.65, 34.45, 34.25, 35.4, 34.9, 34.95, 34.7, 34.4, 34.45, 34.85, 34.8, 35.0, 35.0, 35.15, 35.4, 35.2, 35.2, 35.4, 35.45, 35.45, 35.45, 35.65, 35.55, 35.3, 35.9, 35.75, 36.45, 36.8, 36.65, 36.65, 36.65, 36.6, 36.6, 36.6, 36.55, 36.65, 36.85, 36.9, 37.1, 37.1, 37.15, 37.1, 37.0, 36.9, 37.15, 37.2, 37.2, 37.2, 37.2, 37.2, 37.2, 37.2, 37.2, 37.2, 37.2, 37.2, 37.2, 37.2, 37.2, 37.2, 37.2, 37.2, 37.2, 37.2, 37.2, 37.2, 37.2, 37.2, 37.2, 37.2, 37.2, 37.2, 37.2, 37.2, 37.2, 37.2, 37.2, 37.2, 37.2, 37.2, 37.2, 37.2, 37.2, 37.2, 37.2, 37.2, 37.2, 37.2, 37.2, 37.2, 37.2, 37.2, 37.2, 37.2, 37.2, 37.2, 37.2, 37.2, 37.2, 37.2, 37.2, 37.2, 37.2, 37.2, 37.2, 37.2, 37.2, 37.2, 37.2, 37.2, 37.2, 37.2, 37.2, 37.2, 37.2, 37.2, 37.2, 37.2, 37.2, 37.2, 37.2, 37.2, 37.2, 37.2, 37.2, 37.2, 37.2, 37.2, 37.2, 37.2]",True,False,False,,23.482963600000005,-3.478356959621915,False,0.0,0.0,0.0,0.0,0.0,0.0,981.65,6.821632560484373,"凱基-台北(1,695.89萬)／台新-台北(981.65萬)／永豐金-萬盛(842.87萬)",True,False,0
2026-06-11,6173,OTC,2026-06-12,24797.9,2.662821791630856,1,True,False,True,0.0,0.0,False,9.940357852882704,251.5,276.5,276.5,267.0,276.5,276.5,2026-06-12,d1_close,2026,"[276.5, 276.5, 276.5, 276.5, 276.5, 267.0, 271.5, 271.5, 276.5, 276.5, 276.5, 276.5, 276.5, 276.5, 276.5, 276.5, 276.5, 276.5, 276.5, 276.5, 276.5, 276.5, 276.5, 276.5, 273.5, 270.0, 274.0, 274.0, 274.0, 276.5, 276.5, 276.5, 276.5, 276.5, 276.5, 276.5, 276.5, 276.5, 276.5, 276.5, 276.5, 276.5, 276.5, 276.5, 276.5, 276.5, 276.5, 276.5, 276.5, 276.5, 276.5, 276.5, 276.5, 276.5, 276.5, 276.5, 276.5, 276.5, 276.5, 276.5, 276.5, 276.5, 276.5, 276.5, 276.5, 276.5, 276.5, 276.5, 276.5, 276.5, 276.5, 276.5, 276.5, 276.5, 276.5, 276.5, 276.5, 276.5, 276.5, 276.5, 276.5, 276.5, 276.5, 276.5, 276.5, 276.5, 276.5, 276.5, 276.5, 276.5, 276.5, 276.5, 276.5, 276.5, 276.5, 276.5, 276.5, 276.5, 276.5, 276.5, 276.5, 276.5, 276.5, 276.5, 276.5, 276.5, 276.5, 276.5, 276.5, 276.5, 276.5, 276.5, 276.5, 276.5, 276.5, 276.5, 276.5, 276.5, 276.5, 276.5, 276.0, 276.5, 276.5, 276.5, 276.5, 276.5, 276.5, 276.5, 276.5, 276.5, 276.5, 276.5, 276.5, 276.5, 276.5, 276.5, 276.5, 276.5, 276.5, 276.5, 276.5, 276.5, 276.5, 276.5, 276.5, 276.5, 276.5, 276.5, 276.5, 276.5, 276.5, 276.5, 276.5, 276.5, 276.5, 276.5, 276.5, 276.5, 276.5, 276.5, 276.5, 276.5, 276.5, 276.5, 276.5, 276.5, 276.5, 276.5, 276.5, 276.5, 276.5, 276.5, 276.5, 276.5, 276.5, 276.5, 276.5, 276.5, 276.5, 276.5, 276.5, 276.5, 276.5, 276.5, 276.5, 276.5, 276.5, 276.5, 276.5]",True,False,False,,432.58,-3.478356959621915,False,0.0,0.0,0.0,0.0,2992.85,0.3213750438175171,24797.9,2.6628217916308556,"元大證券(42,050.80萬)／美林(28,394.35萬)／台新-台北(24,797.90萬)",True,False,1
2026-06-11,7828,OTC,2026-06-12,1432.0,1.1996340412478248,1,True,False,False,0.0,2.34375,False,7.262569832402235,1790.0,1920.0,1965.0,1850.0,1920.0,1920.0,2026-06-12,d1_close,2026,"[1920.0, 1940.0, 1940.0, 1920.0, 1915.0, 1910.0, 1900.0, 1880.0, 1860.0, 1850.0, 1880.0, 1890.0, 1930.0, 1930.0, 1915.0, 1915.0, 1900.0, 1920.0, 1945.0, 1950.0, 1955.0, 1965.0, 1965.0, 1965.0, 1965.0, 1965.0, 1955.0, 1965.0, 1960.0, 1965.0, 1960.0, 1960.0, 1955.0, 1955.0, 1955.0, 1950.0, 1955.0, 1955.0, 1950.0, 1950.0, 1940.0, 1930.0, 1910.0, 1890.0, 1885.0, 1880.0, 1880.0, 1880.0, 1900.0, 1920.0, 1920.0, 1925.0, 1920.0]",True,True,True,5分鐘,656.67761,-3.478356959621915,False,0.0,0.0,0.0,0.0,0.0,0.0,1432.0,1.1996340412478248,"新加坡商瑞銀(18,616.00萬)／香港上海匯豐(9,487.00萬)／元大證券(9,129.00萬)",True,False,0
2026-06-12,6182,OTC,2026-06-15,969.01,1.1628107864906634,1,True,False,False,-3.715498938428875,3.715498938428875,False,5.961754780652415,88.9,94.2,97.7,94.2,97.7,97.7,2026-06-15,d1_close,2026,"[94.2, 97.7, 97.7, 97.7, 97.7, 97.7, 97.7, 97.7, 97.7, 97.7, 97.7, 97.7, 97.7, 97.7, 97.7]",True,True,True,20分鐘,509.9671157000001,2.1827373353808883,False,0.0,0.0,0.0,0.0,7840.9800000000005,9.409166180594173,969.01,1.1628107864906634,"統一(11,325.86萬)／美林(9,521.19萬)／富邦證券(7,840.98萬)",True,False,1
2026-06-12,6269,TSE,2026-06-15,751.92,1.3000542678254536,1,True,False,False,-2.937062937062929,5.874125874125878,False,-1.1065006915629283,72.3,71.5,75.7,71.1,73.6,73.6,2026-06-15,d1_close,2026,"[73.0, 73.1, 72.7, 71.9, 72.2, 72.1, 72.3, 72.3, 71.9, 72.3, 72.3, 72.3, 72.2, 72.2, 72.3, 71.7, 71.6, 71.7, 71.8, 71.9, 72.2, 72.6, 72.1, 72.1, 71.9, 71.7, 71.8, 71.6, 71.7, 71.4, 71.4, 71.7, 71.9, 71.7, 71.7, 72.0, 71.8, 72.2, 72.6, 72.6, 72.7, 72.5, 72.4, 73.0, 73.1, 73.9, 73.9, 73.5, 73.1, 73.0, 73.1, 73.0, 73.3, 73.2, 73.0, 72.8, 73.2, 72.9, 73.1, 73.7, 73.7, 73.7, 74.0, 73.9, 74.0, 74.0, 73.8, 74.3, 74.0, 73.9, 74.3, 74.6, 74.4, 74.6, 74.6, 74.8, 74.7, 74.1, 74.3, 74.4, 74.3, 74.3, 74.1, 74.0, 73.9, 74.0, 74.0, 74.1, 74.0, 74.0, 73.9, 74.2, 74.6, 74.6, 74.5, 74.4, 74.5, 74.5, 74.3, 74.3, 74.5, 74.5, 74.2, 74.3, 74.2, 74.7, 74.3, 74.5, 74.3, 74.4, 74.5, 74.3, 74.4, 74.4, 74.5, 74.4, 74.4, 74.2, 74.1, 74.3, 74.1, 74.3, 74.3, 74.3, 74.3, 74.4, 74.2, 74.1, 74.1, 74.0, 74.1, 74.8, 74.6, 75.0, 74.9, 74.8, 74.9, 74.7, 74.5, 74.7, 74.6, 74.7, 74.7, 74.7, 74.8, 74.9, 74.9, 75.0, 74.9, 75.2, 75.3, 75.1, 75.2, 75.2, 75.3, 75.0, 74.8, 74.7, 74.7, 74.5, 74.5, 74.6, 74.6, 74.7, 74.6, 74.6, 74.6, 75.1, 74.9, 74.8, 74.7, 74.7, 74.6, 74.7, 74.6, 74.6, 74.6, 74.6, 74.6, 74.5, 74.8, 74.8, 74.8, 74.8, 74.8, 74.6, 75.4, 75.6, 75.2, 75.6, 75.5, 75.4, 75.2, 74.8, 74.7, 74.7, 74.9, 75.2, 75.0, 75.2, 75.0, 74.9, 74.8, 74.7, 74.6, 74.5, 74.5, 74.4, 74.4, 74.4, 74.2, 74.2, 73.9, 74.0, 74.0, 73.9, 73.5, 73.7, 73.7, 73.7, 73.6, 73.7, 74.0, 74.3, 74.3, 74.4, 74.2, 74.1, 74.1, 73.9, 74.1, 74.1, 74.0, 73.9, 73.9, 73.9, 73.9, 74.0, 73.9, 73.9, 73.8, 73.8, 73.9, 73.9, 74.0, 73.9, 73.9, 73.8, 73.9, 73.7, 73.7, 73.8, 73.8, 73.7, 73.7, 73.8, 73.7, 73.8, 73.7, 73.7, 73.7, 73.6, 73.7, 73.6]",True,False,False,,234.1301745,2.1827373353808883,False,0.0,0.0,0.0,0.0,0.0,0.0,751.92,1.3000542678254536,"美林(5,024.85萬)／美商高盛(4,865.79萬)／台灣摩根士丹利(4,410.30萬)",True,False,0
2026-06-15,6274,OTC,2026-06-16,6908.0,0.8959442071314891,1,True,False,False,-1.257861635220126,4.40251572327044,False,1.2738853503184715,1570.0,1590.0,1660.0,1580.0,1610.0,1610.0,2026-06-16,d1_close,2026,"[1610.0, 1610.0, 1595.0, 1605.0, 1630.0, 1625.0, 1625.0, 1630.0, 1610.0, 1595.0, 1600.0, 1610.0, 1615.0, 1605.0, 1620.0, 1615.0, 1615.0, 1620.0, 1615.0, 1605.0, 1610.0, 1610.0, 1605.0, 1600.0, 1595.0, 1590.0, 1595.0, 1605.0, 1610.0, 1610.0, 1610.0, 1605.0, 1610.0, 1610.0, 1600.0, 1605.0, 1615.0, 1615.0, 1615.0, 1620.0, 1610.0, 1615.0, 1615.0, 1615.0, 1615.0, 1615.0, 1610.0, 1610.0, 1615.0, 1615.0, 1615.0, 1610.0, 1610.0, 1605.0, 1600.0, 1605.0, 1610.0, 1610.0, 1615.0, 1620.0, 1615.0, 1620.0, 1615.0, 1620.0, 1620.0, 1620.0, 1610.0, 1610.0, 1610.0, 1600.0, 1605.0, 1600.0, 1590.0, 1585.0, 1590.0, 1605.0, 1605.0, 1605.0, 1605.0, 1605.0, 1605.0, 1600.0, 1600.0, 1595.0, 1595.0, 1595.0, 1600.0, 1600.0, 1595.0, 1605.0, 1605.0, 1600.0, 1600.0, 1600.0, 1600.0, 1605.0, 1605.0, 1605.0, 1605.0, 1605.0, 1615.0, 1615.0, 1615.0, 1615.0, 1615.0, 1615.0, 1610.0, 1615.0, 1615.0, 1610.0, 1610.0, 1615.0, 1610.0, 1615.0, 1610.0, 1610.0, 1615.0, 1615.0, 1620.0, 1630.0, 1630.0, 1625.0, 1620.0, 1625.0, 1630.0, 1630.0, 1630.0, 1630.0, 1630.0, 1620.0, 1620.0, 1620.0, 1620.0, 1620.0, 1625.0, 1625.0, 1620.0, 1625.0, 1620.0, 1615.0, 1615.0, 1615.0, 1615.0, 1615.0, 1615.0, 1615.0, 1620.0, 1620.0, 1620.0, 1620.0, 1620.0, 1625.0, 1625.0, 1630.0, 1630.0, 1630.0, 1635.0, 1645.0, 1655.0, 1660.0, 1645.0, 1645.0, 1640.0, 1635.0, 1635.0, 1635.0, 1635.0, 1630.0, 1635.0, 1635.0, 1640.0, 1640.0, 1645.0, 1640.0, 1645.0, 1645.0, 1640.0, 1640.0, 1640.0, 1640.0, 1640.0, 1640.0, 1635.0, 1640.0, 1635.0, 1630.0, 1635.0, 1635.0, 1635.0, 1635.0, 1635.0, 1635.0, 1620.0, 1620.0, 1620.0, 1625.0, 1625.0, 1625.0, 1620.0, 1620.0, 1625.0, 1625.0, 1620.0, 1615.0, 1620.0, 1620.0, 1620.0, 1620.0, 1615.0, 1610.0, 1610.0, 1605.0, 1610.0, 1610.0, 1605.0, 1610.0, 1610.0, 1615.0, 1610.0, 1615.0, 1615.0, 1615.0, 1615.0, 1610.0, 1610.0, 1605.0, 1610.0, 1605.0, 1605.0, 1605.0, 1600.0, 1605.0, 1600.0, 1600.0, 1605.0, 1605.0, 1605.0, 1610.0, 1610.0, 1605.0, 1605.0, 1610.0, 1610.0, 1605.0, 1610.0, 1605.0, 1610.0, 1610.0, 1610.0, 1605.0, 1610.0, 1605.0, 1610.0, 1615.0, 1610.0, 1610.0, 1615.0, 1610.0, 1610.0, 1610.0]",True,False,False,,4534.37038,5.20870944850758,False,0.0,0.0,0.0,0.0,17270.0,2.239860517828723,6908.0,0.8959442071314891,"美商高盛(74,575.00萬)／台灣摩根士丹利(45,844.00萬)／元大證券(36,267.00萬)",True,False,1
2026-06-16,3624,OTC,2026-06-17,2797.4,0.4582600932375684,2,True,False,False,-3.546099290780142,3.900709219858156,False,-0.7042253521126761,142.0,141.0,146.5,133.0,146.0,146.0,2026-06-17,d1_close,2026,"[143.0, 141.0, 142.0, 141.0, 141.5, 141.5, 139.5, 138.0, 139.0, 139.0, 137.5, 136.0, 135.5, 135.0, 136.5, 134.0, 134.0, 135.0, 135.0, 136.0, 136.5, 137.0, 137.5, 139.0, 140.5, 139.5, 142.5, 142.5, 143.5, 143.5, 141.5, 143.0, 142.0, 142.0, 141.0, 141.5, 142.5, 143.0, 141.0, 142.0, 143.0, 143.0, 142.0, 142.0, 141.0, 141.5, 142.0, 142.0, 142.0, 141.5, 141.5, 141.5, 141.5, 141.5, 139.5, 139.5, 138.5, 140.0, 139.0, 139.0, 139.0, 139.0, 139.0, 139.5, 139.5, 139.0, 139.0, 138.0, 138.0, 138.5, 138.5, 140.0, 140.0, 140.0, 139.0, 139.5, 140.0, 140.5, 141.0, 141.0, 140.5, 141.0, 141.5, 141.5, 142.0, 142.5, 142.5, 143.5, 143.0, 142.0, 142.5, 142.5, 142.5, 143.0, 143.0, 142.5, 141.5, 141.5, 142.0, 141.5, 142.0, 141.5, 141.5, 141.0, 141.5, 142.5, 142.5, 142.0, 142.5, 142.5, 142.5, 142.5, 144.0, 144.5, 143.5, 143.0, 143.5, 143.5, 143.0, 142.5, 142.5, 142.0, 142.5, 143.0, 143.0, 143.0, 142.5, 141.5, 141.0, 141.0, 141.0, 141.5, 140.5, 141.5, 140.5, 142.0, 142.0, 141.5, 141.5, 142.5, 142.0, 142.0, 141.0, 141.0, 141.0, 141.0, 141.5, 141.5, 142.0, 141.5, 141.5, 141.5, 142.0, 142.5, 142.5, 142.5, 142.5, 143.5, 143.5, 144.0, 143.5, 143.0, 143.5, 143.5, 144.0, 145.0, 145.0, 145.0, 144.5, 143.5, 143.5, 144.0, 143.5, 143.5, 143.0, 143.0, 143.5, 143.0, 143.5, 143.5, 143.5, 143.5, 143.0, 142.5, 142.5, 143.0, 143.0, 143.0, 143.0, 143.0, 143.5, 143.5, 143.5, 143.5, 143.5, 143.5, 143.5, 144.0, 144.0, 146.0, 146.0, 146.0, 146.0, 145.0, 144.5, 144.0, 144.0, 145.5, 145.5, 144.5, 144.0, 143.5, 143.0, 143.0, 143.5, 143.0, 143.5, 144.0, 144.0, 143.5, 143.5, 143.0, 143.0, 143.5, 143.5, 143.0, 143.5, 143.5, 144.0, 144.0, 144.0, 145.0, 144.5, 145.0, 144.5, 144.0, 144.0, 144.0, 144.0, 143.5, 144.0, 145.0, 145.0, 144.5, 144.0, 144.0, 144.5, 143.5, 144.0, 144.0, 144.5, 144.0, 144.0, 144.0, 144.0, 144.0, 143.0, 143.5, 143.5, 143.5, 143.5, 143.0, 143.0, 143.5, 143.5, 146.0]",True,False,False,,166.623936,3.713347629923588,False,1562.0,0.2558812703356981,0.0,0.0,-4600.8,-0.7536866508069654,2797.4,0.45826009323756844,"群益金鼎(13,021.40萬)／凱基-台北(12,098.40萬)／兆豐證券(10,877.20萬)",True,False,2
2026-06-16,6488,OTC,2026-06-17,10554.5,0.7795877056926271,3,True,False,False,-6.280193236714976,10.628019323671497,False,-0.9569377990430622,1045.0,1035.0,1145.0,1025.0,1100.0,1100.0,2026-06-17,d1_close,2026,"[1045.0, 1055.0, 1055.0, 1065.0, 1060.0, 1045.0, 1035.0, 1060.0, 1040.0, 1040.0, 1040.0, 1025.0, 1035.0, 1045.0, 1050.0, 1060.0, 1070.0, 1055.0, 1055.0, 1065.0, 1080.0, 1070.0, 1075.0, 1075.0, 1085.0, 1085.0, 1090.0, 1105.0, 1100.0, 1105.0, 1105.0, 1095.0, 1090.0, 1095.0, 1100.0, 1110.0, 1115.0, 1105.0, 1110.0, 1115.0, 1115.0, 1120.0, 1120.0, 1130.0, 1120.0, 1105.0, 1115.0, 1125.0, 1125.0, 1125.0, 1125.0, 1125.0, 1130.0, 1140.0, 1135.0, 1140.0, 1135.0, 1140.0, 1130.0, 1140.0, 1135.0, 1130.0, 1140.0, 1140.0, 1135.0, 1130.0, 1120.0, 1130.0, 1125.0, 1130.0, 1135.0, 1140.0, 1135.0, 1135.0, 1130.0, 1130.0, 1130.0, 1135.0, 1130.0, 1125.0, 1130.0, 1135.0, 1135.0, 1130.0, 1135.0, 1135.0, 1140.0, 1140.0, 1135.0, 1135.0, 1140.0, 1135.0, 1135.0, 1140.0, 1140.0, 1140.0, 1145.0, 1140.0, 1145.0, 1140.0, 1145.0, 1145.0, 1140.0, 1145.0, 1140.0, 1145.0, 1145.0, 1145.0, 1140.0, 1140.0, 1140.0, 1140.0, 1140.0, 1130.0, 1135.0, 1135.0, 1140.0, 1135.0, 1130.0, 1130.0, 1130.0, 1125.0, 1130.0, 1140.0, 1135.0, 1135.0, 1135.0, 1130.0, 1130.0, 1125.0, 1125.0, 1135.0, 1135.0, 1130.0, 1125.0, 1130.0, 1125.0, 1135.0, 1130.0, 1135.0, 1130.0, 1130.0, 1125.0, 1135.0, 1130.0, 1130.0, 1130.0, 1130.0, 1130.0, 1130.0, 1135.0, 1135.0, 1135.0, 1135.0, 1135.0, 1135.0, 1135.0, 1135.0, 1140.0, 1130.0, 1125.0, 1130.0, 1130.0, 1130.0, 1135.0, 1135.0, 1135.0, 1135.0, 1130.0, 1130.0, 1125.0, 1125.0, 1125.0, 1125.0, 1125.0, 1120.0, 1125.0, 1125.0, 1125.0, 1120.0, 1125.0, 1120.0, 1120.0, 1110.0, 1110.0, 1110.0, 1115.0, 1115.0, 1120.0, 1120.0, 1120.0, 1115.0, 1110.0, 1110.0, 1105.0, 1105.0, 1100.0, 1100.0, 1105.0, 1110.0, 1110.0, 1110.0, 1105.0, 1095.0, 1090.0, 1095.0, 1095.0, 1095.0, 1090.0, 1085.0, 1085.0, 1090.0, 1095.0, 1100.0, 1095.0, 1100.0, 1100.0, 1095.0, 1095.0, 1095.0, 1090.0, 1095.0, 1090.0, 1095.0, 1090.0, 1090.0, 1090.0, 1085.0, 1090.0, 1090.0, 1090.0, 1090.0, 1075.0, 1085.0, 1080.0, 1085.0, 1085.0, 1080.0, 1080.0, 1080.0, 1080.0, 1085.0, 1080.0, 1090.0, 1090.0, 1090.0, 1090.0, 1085.0, 1080.0, 1085.0, 1085.0, 1085.0, 1085.0, 1085.0, 1080.0, 1080.0, 1085.0, 1085.0, 1090.0, 1090.0, 1090.0, 1090.0, 1090.0, 1095.0, 1100.0]",True,False,False,,4996.288165,3.713347629923588,False,0.0,0.0,-7733.0,-0.5711830714975684,13689.5,1.0111484103538035,10554.5,0.7795877056926271,"摩根大通(92,378.00萬)／國泰證券(75,240.00萬)／元大證券(60,505.50萬)",True,False,2
2026-06-16,8071,OTC,2026-06-17,1006.4,3.53373802850122,2,True,False,False,-2.02702702702702,4.7297297297297245,False,0.0,29.6,29.6,31.0,29.0,30.2,30.2,2026-06-17,d1_close,2026,"[30.6, 30.15, 30.4, 30.3, 30.85, 30.8, 30.85, 30.7, 30.65, 30.35, 30.45, 30.65, 30.8, 30.55, 29.9, 29.85, 29.8, 29.8, 29.95, 29.9, 29.9, 29.95, 30.0, 30.15, 30.35, 30.3, 30.4, 30.4, 30.35, 30.45, 30.35, 30.5, 30.35, 30.25, 30.15, 30.05, 29.8, 29.55, 29.45, 29.3, 29.0, 29.15, 29.2, 29.3, 29.4, 29.4, 29.3, 29.4, 29.4, 29.4, 29.3, 29.35, 29.3, 29.35, 29.35, 29.35, 29.35, 29.35, 29.45, 29.4, 29.6, 29.6, 29.6, 30.0, 30.0, 29.95, 29.8, 29.8, 29.6, 29.8, 29.8, 29.8, 29.7, 29.7, 29.65, 29.7, 29.9, 29.9, 29.8, 29.7, 29.7, 29.7, 29.65, 29.7, 29.75, 29.75, 29.95, 29.95, 29.9, 29.95, 29.95, 29.95, 29.95, 29.95, 29.95, 29.9, 29.9, 29.85, 29.85, 29.85, 29.8, 29.95, 29.95, 29.95, 29.95, 29.95, 30.0, 29.95, 29.9, 29.85, 29.8, 29.85, 29.95, 29.95, 29.95, 29.95, 29.9, 29.9, 29.85, 29.85, 29.85, 29.95, 29.9, 29.9, 29.85, 29.85, 29.85, 29.85, 29.8, 29.7, 29.7, 29.7, 29.7, 29.7, 29.7, 29.7, 29.7, 29.8, 29.8, 29.85, 29.85, 29.8, 29.8, 29.75, 29.8, 29.7, 29.6, 29.6, 29.6, 29.65, 29.6, 29.6, 29.6, 29.6, 29.65, 29.75, 29.8, 30.1, 30.1, 30.05, 29.95, 29.9, 29.95, 29.85, 29.85, 29.9, 29.9, 29.9, 29.9, 29.85, 29.85, 29.85, 29.85, 29.9, 29.8, 29.85, 29.85, 29.75, 29.6, 29.6, 29.6, 29.65, 29.6, 29.6, 29.7, 29.85, 29.85, 29.85, 29.7, 29.8, 29.8, 29.8, 29.8, 29.95, 30.1, 30.05, 30.25, 30.25, 30.3, 30.25, 30.3, 30.45, 30.45, 30.25, 30.25, 30.25, 30.2, 30.2, 30.25, 30.25, 30.15, 30.15, 30.15, 30.1, 30.1, 30.1, 30.15, 30.1, 30.05, 30.05, 30.05, 30.05, 30.0, 30.05, 30.05, 30.0, 30.05, 30.0, 30.05, 30.0, 30.05, 30.05, 30.05, 30.05, 30.1, 30.1, 30.1, 30.05, 30.1, 30.1, 30.05, 30.05, 30.0, 30.0, 30.0, 30.0, 29.95, 29.9, 29.9, 29.9, 29.95, 29.95, 29.95, 29.95, 30.2]",True,False,False,,17.7849528,3.713347629923588,False,0.0,0.0,0.0,0.0,0.0,0.0,1006.4,3.5337380285012197,"群益金鼎(1,263.92萬)／富邦-南京(1,216.56萬)／台新-台北(1,006.40萬)",True,False,0
2026-06-16,8996,TSE,2026-06-17,2898.0,0.611182657232765,2,True,False,False,-8.214285714285714,8.214285714285714,False,1.4492753623188406,1380.0,1400.0,1515.0,1395.0,1515.0,1515.0,2026-06-17,d1_close,2026,"[1445.0, 1465.0, 1455.0, 1460.0, 1460.0, 1470.0, 1475.0, 1485.0, 1470.0, 1470.0, 1460.0, 1475.0, 1470.0, 1470.0, 1495.0, 1505.0, 1515.0, 1515.0, 1515.0, 1515.0, 1515.0, 1515.0, 1515.0, 1515.0, 1515.0, 1515.0, 1515.0, 1515.0, 1515.0, 1515.0, 1515.0, 1515.0, 1515.0, 1515.0, 1515.0, 1515.0, 1515.0, 1515.0, 1515.0, 1515.0, 1515.0, 1515.0, 1515.0, 1515.0, 1515.0, 1515.0, 1515.0, 1515.0, 1515.0, 1515.0, 1515.0, 1515.0, 1515.0, 1515.0, 1515.0, 1515.0, 1515.0, 1515.0, 1515.0, 1515.0, 1515.0, 1515.0, 1515.0, 1515.0, 1515.0, 1515.0, 1515.0, 1515.0, 1515.0, 1515.0, 1515.0, 1515.0, 1515.0, 1515.0, 1515.0, 1515.0, 1515.0, 1515.0, 1515.0, 1515.0, 1515.0, 1515.0, 1515.0, 1515.0, 1515.0, 1505.0, 1500.0, 1515.0, 1515.0, 1515.0, 1515.0, 1515.0, 1515.0, 1515.0, 1515.0, 1515.0, 1515.0, 1515.0, 1515.0, 1515.0, 1515.0, 1515.0, 1515.0, 1515.0, 1515.0, 1515.0, 1515.0, 1515.0, 1515.0, 1515.0, 1515.0, 1515.0, 1515.0, 1515.0, 1515.0, 1515.0, 1515.0, 1515.0, 1515.0, 1515.0, 1515.0, 1515.0, 1515.0, 1515.0, 1515.0, 1515.0, 1515.0, 1515.0, 1515.0, 1515.0, 1515.0, 1515.0, 1515.0, 1515.0, 1515.0, 1515.0, 1515.0, 1515.0, 1515.0, 1515.0, 1515.0, 1515.0]",True,False,False,,1288.74612,3.713347629923588,False,0.0,0.0,0.0,0.0,23598.0,4.97677306603823,2898.0,0.611182657232765,"統一(26,082.00萬)／富邦證券(23,598.00萬)／美商高盛(20,838.00萬)",True,False,1
2026-06-17,1303,TSE,2026-06-18,123400.75,10.833823193948351,1,True,False,True,0.0,0.0,False,9.881422924901186,126.5,139.0,139.0,135.0,139.0,139.0,2026-06-18,d1_close,2026,"[139.0, 139.0, 139.0, 139.0, 139.0, 139.0, 139.0, 139.0, 139.0, 137.5, 137.0, 137.5, 137.0, 137.5, 138.5, 138.0, 138.0, 139.0, 138.0, 138.5, 138.0, 139.0, 139.0, 139.0, 139.0, 139.0, 139.0, 139.0, 139.0, 139.0, 139.0, 139.0, 139.0, 139.0, 139.0, 139.0, 139.0, 139.0, 139.0, 139.0, 139.0, 139.0, 139.0, 139.0, 139.0, 139.0, 139.0, 139.0, 139.0, 139.0, 139.0, 138.0, 139.0, 139.0, 139.0, 139.0, 139.0, 139.0, 138.5, 138.0, 138.5, 139.0, 139.0, 139.0, 139.0, 139.0, 139.0, 139.0, 139.0, 139.0, 139.0, 139.0, 139.0, 139.0, 139.0, 139.0, 139.0, 139.0, 139.0, 139.0, 139.0, 139.0, 139.0, 139.0, 139.0, 139.0, 139.0, 139.0, 139.0, 139.0, 139.0, 139.0, 139.0, 139.0, 139.0, 139.0, 139.0, 139.0, 139.0, 139.0, 139.0, 139.0, 139.0, 139.0, 139.0, 139.0, 139.0, 139.0, 139.0, 139.0, 139.0, 139.0, 139.0, 139.0, 139.0, 139.0, 139.0, 139.0, 139.0, 139.0, 139.0, 139.0, 139.0, 139.0, 139.0, 139.0, 139.0, 139.0, 139.0, 139.0, 139.0, 139.0, 139.0, 139.0, 139.0, 139.0, 139.0, 139.0, 139.0, 139.0, 139.0, 139.0, 139.0, 139.0, 139.0, 139.0, 139.0, 139.0, 139.0, 139.0, 139.0, 139.0, 139.0, 139.0, 139.0, 139.0, 139.0, 139.0, 139.0, 139.0, 139.0, 139.0, 139.0, 139.0, 139.0, 139.0, 139.0, 139.0, 139.0, 139.0, 139.0, 139.0, 139.0, 139.0, 139.0, 139.0, 139.0, 139.0, 139.0, 139.0, 139.0, 139.0, 139.0, 139.0, 139.0, 139.0, 139.0, 139.0, 139.0, 139.0, 139.0, 139.0, 139.0, 139.0, 139.0, 139.0, 139.0, 139.0, 139.0, 139.0, 139.0, 139.0, 139.0, 139.0, 139.0, 139.0, 139.0, 139.0, 139.0, 139.0, 139.0, 139.0, 139.0, 139.0, 139.0, 139.0, 139.0, 139.0, 139.0, 139.0, 139.0, 139.0, 139.0, 139.0, 139.0, 139.0, 139.0, 139.0, 139.0, 139.0, 139.0, 139.0, 139.0, 139.0, 139.0, 139.0, 139.0, 139.0, 139.0, 139.0, 139.0, 139.0, 139.0, 139.0, 139.0, 139.0, 139.0, 139.0, 139.0, 139.0, 139.0, 139.0, 139.0, 139.0, 139.0, 139.0, 139.0, 139.0, 139.0, 139.0, 139.0, 139.0, 139.0, 139.0, 139.0, 139.0]",True,False,False,,10032.489324,1.0582199392514824,False,0.0,0.0,4920.85,0.43202021757518283,-31384.65,-2.7553783028381202,123400.75,10.833823193948353,"台新-台北(123,400.75萬)／大和國泰(79,631.75萬)／元大證券(67,260.05萬)",True,False,2
2026-06-17,3189,TSE,2026-06-18,82955.0,4.005925377258349,1,True,False,False,1.8970189701897016,0.0,True,4.53257790368272,706.0,738.0,738.0,702.0,724.0,724.0,2026-06-18,d1_close,2026,"[724.0, 720.0, 713.0, 713.0, 718.0, 721.0, 720.0, 707.0, 710.0, 713.0, 713.0, 716.0, 714.0, 712.0, 710.0, 708.0, 710.0, 708.0, 715.0, 711.0, 709.0, 709.0, 707.0, 711.0, 710.0, 712.0, 712.0, 712.0, 716.0, 714.0, 719.0, 720.0, 722.0, 721.0, 719.0, 715.0, 714.0, 713.0, 715.0, 716.0, 714.0, 716.0, 715.0, 716.0, 718.0, 714.0, 711.0, 709.0, 710.0, 709.0, 711.0, 710.0, 709.0, 710.0, 707.0, 706.0, 704.0, 706.0, 707.0, 704.0, 703.0, 706.0, 706.0, 709.0, 708.0, 707.0, 707.0, 708.0, 709.0, 707.0, 709.0, 709.0, 709.0, 709.0, 710.0, 709.0, 707.0, 707.0, 707.0, 712.0, 710.0, 709.0, 709.0, 708.0, 706.0, 708.0, 708.0, 709.0, 708.0, 709.0, 708.0, 709.0, 709.0, 709.0, 708.0, 709.0, 709.0, 709.0, 710.0, 709.0, 709.0, 711.0, 711.0, 712.0, 711.0, 709.0, 710.0, 709.0, 709.0, 710.0, 710.0, 710.0, 711.0, 711.0, 710.0, 710.0, 710.0, 710.0, 710.0, 709.0, 710.0, 709.0, 709.0, 709.0, 714.0, 712.0, 713.0, 714.0, 714.0, 712.0, 712.0, 712.0, 712.0, 712.0, 712.0, 712.0, 712.0, 712.0, 711.0, 711.0, 712.0, 711.0, 711.0, 709.0, 708.0, 710.0, 708.0, 708.0, 709.0, 710.0, 710.0, 710.0, 710.0, 710.0, 710.0, 708.0, 709.0, 710.0, 711.0, 710.0, 711.0, 710.0, 711.0, 711.0, 712.0, 713.0, 713.0, 712.0, 712.0, 713.0, 713.0, 713.0, 713.0, 711.0, 711.0, 711.0, 711.0, 711.0, 710.0, 711.0, 711.0, 711.0, 711.0, 711.0, 710.0, 710.0, 710.0, 710.0, 710.0, 709.0, 710.0, 710.0, 710.0, 709.0, 709.0, 707.0, 707.0, 707.0, 707.0, 707.0, 707.0, 707.0, 707.0, 705.0, 705.0, 704.0, 704.0, 705.0, 705.0, 705.0, 705.0, 705.0, 704.0, 705.0, 705.0, 705.0, 702.0, 702.0, 703.0, 702.0, 702.0, 702.0, 702.0, 705.0, 706.0, 705.0, 708.0, 707.0, 706.0, 707.0, 705.0, 705.0, 706.0, 705.0, 704.0, 705.0, 705.0, 707.0, 706.0, 708.0, 708.0, 708.0, 707.0, 711.0, 714.0, 714.0, 717.0, 715.0, 715.0, 715.0, 719.0, 718.0, 716.0, 717.0, 717.0, 717.0, 717.0, 718.0, 720.0, 721.0, 723.0, 722.0, 724.0, 724.0, 724.0]",True,False,False,,3720.025548,1.0582199392514824,False,0.0,0.0,0.0,0.0,48078.6,2.321732069713137,82955.0,4.005925377258349,"元大證券(199,374.40萬)／台新-台北(82,955.00萬)／國票-安和(71,447.20萬)",True,False,1
2026-06-18,2241,TSE,2026-06-22,895.62,2.15448328324893,1,True,False,False,4.621072088724584,1.6635859519408478,True,6.91699604743083,50.6,54.1,55.0,51.0,51.6,51.6,2026-06-22,d1_close,2026,"[54.3, 53.6, 54.0, 54.3, 54.4, 54.4, 54.7, 54.7, 54.2, 54.0, 54.0, 54.0, 53.8, 54.1, 54.0, 53.7, 53.5, 52.8, 52.8, 52.8, 53.1, 52.8, 52.6, 52.2, 52.1, 52.1, 51.8, 52.0, 52.2, 52.2, 52.3, 52.7, 52.3, 52.3, 51.8, 51.7, 51.9, 52.1, 52.7, 52.4, 51.9, 51.6, 51.4, 51.4, 51.4, 51.7, 51.4, 51.1, 51.5, 51.7, 51.5, 51.3, 51.4, 52.1, 52.0, 52.3, 52.2, 52.6, 52.8, 52.6, 52.8, 53.1, 53.2, 52.7, 52.9, 53.1, 52.8, 52.5, 52.3, 52.5, 52.6, 52.5, 52.4, 52.2, 52.2, 52.1, 52.1, 52.2, 52.2, 52.2, 52.3, 52.2, 52.2, 52.2, 52.4, 52.4, 52.4, 52.4, 52.5, 53.0, 52.8, 53.1, 52.9, 52.7, 52.5, 52.4, 52.3, 52.2, 52.4, 52.6, 52.6, 52.6, 52.6, 52.5, 52.4, 52.5, 52.6, 52.6, 52.6, 52.7, 52.9, 52.0, 52.1, 52.1, 52.1, 51.8, 51.8, 51.8, 51.8, 51.8, 51.8, 51.9, 51.8, 51.7, 51.6, 51.6, 51.6, 51.5, 51.7, 51.9, 51.9, 51.9, 52.1, 52.4, 52.1, 52.2, 52.2, 52.2, 52.4, 52.4, 52.2, 52.3, 52.3, 52.5, 52.4, 52.3, 52.3, 52.2, 52.2, 52.3, 52.2, 52.1, 52.1, 52.2, 52.3, 52.4, 52.4, 52.4, 52.4, 52.3, 52.3, 52.2, 52.2, 52.2, 52.2, 52.3, 52.2, 52.1, 52.0, 52.0, 52.1, 52.3, 52.3, 52.6, 52.6, 52.5, 52.5, 52.6, 52.5, 52.3, 52.3, 52.3, 52.5, 52.5, 52.4, 52.3, 52.3, 52.3, 52.1, 52.0, 51.8, 51.8, 51.7, 51.7, 51.9, 52.0, 52.1, 51.8, 51.9, 52.0, 51.9, 52.2, 52.0, 52.0, 52.0, 51.9, 51.9, 51.8, 51.7, 51.6, 51.6, 51.6, 51.6, 51.6, 51.5, 51.4, 51.5, 51.6, 51.6, 51.6, 51.7, 51.7, 51.7, 51.6, 51.7, 51.6, 51.6, 51.6, 51.5, 51.5, 51.6, 51.5, 51.5, 51.6, 51.6, 51.6]",True,False,False,,52.92876380000001,1.4320488967388303,False,0.0,0.0,0.0,0.0,0.0,0.0,895.6200000000001,2.1544832832489305,"港商野村(4,720.98萬)／臺銀-高雄(2,919.62萬)／美商高盛(2,317.48萬)",True,False,0
2026-06-18,3624,OTC,2026-06-22,529.65,0.8964652352922844,1,True,False,False,-2.915451895043732,2.915451895043732,False,6.853582554517133,160.5,171.5,176.5,165.5,176.5,176.5,2026-06-22,d1_close,2026,"[169.5, 174.0, 174.5, 172.0, 170.0, 174.5, 176.0, 176.5, 176.5, 174.0, 174.5, 174.5, 174.0, 172.5, 174.0, 174.0, 173.0, 172.5, 172.0, 172.5, 172.0, 172.0, 170.0, 169.5, 172.0, 171.0, 171.5, 170.5, 170.5, 170.0, 170.0, 169.0, 168.0, 169.0, 171.0, 173.5, 173.5, 173.0, 173.5, 175.0, 175.0, 175.5, 176.5, 176.0, 176.0, 176.0, 176.5, 176.0, 176.0, 175.5, 176.0, 175.5, 175.5, 175.5, 175.5, 176.0, 176.0, 175.5, 176.0, 176.0, 175.5, 175.5, 175.5, 175.5, 175.5, 175.5, 176.5, 176.5, 176.5, 176.5, 176.5, 176.5, 176.5, 176.5, 176.5, 176.5, 176.5, 176.5, 176.5, 176.5, 176.5, 176.5, 176.5, 176.5, 176.5, 176.5, 176.5, 176.5, 176.5, 176.5, 176.5, 176.5, 176.5, 176.5, 176.5, 176.5, 176.5, 176.5, 176.5, 176.5, 176.5, 176.5, 176.5, 176.5, 176.5, 176.5, 176.5, 176.5, 176.5, 176.5, 176.5, 176.5, 176.5, 176.5, 176.5, 176.5, 176.5, 176.5, 176.5, 176.5, 176.5, 176.5, 176.5, 176.5, 176.5, 176.5, 176.5, 176.5, 176.5, 176.5, 176.5, 176.5, 176.5, 176.5, 176.5, 176.5, 176.5, 176.5, 176.5, 176.5, 176.5, 176.5, 176.5, 176.5, 176.5, 176.5, 176.5, 176.5, 176.5, 176.5, 176.5, 176.5, 176.5, 176.5, 176.5, 176.5, 176.5, 176.5, 176.5, 176.5, 176.5, 176.5, 176.5, 176.5, 176.5, 176.5, 176.5, 176.5, 176.5, 176.5, 176.5, 176.5, 176.5, 176.5, 176.5, 176.5, 176.5, 176.5, 176.5, 176.5, 176.5, 176.5, 176.5, 176.5, 176.5, 176.5, 176.5, 176.5, 176.5, 176.5, 176.5, 176.5, 176.5, 176.5, 176.5, 176.5, 176.5, 176.5, 176.5, 176.5, 176.5, 176.5, 176.5, 176.5, 176.5, 176.5, 176.5, 176.5, 176.5, 176.5]",True,False,False,,188.331984,1.4320488967388303,False,0.0,0.0,0.0,0.0,0.0,0.0,529.65,0.8964652352922844,"元大證券(24,604.65萬)／凱基-信義(11,443.65萬)／元大-土城永寧(5,216.25萬)",True,False,0
2026-06-18,6861,TSE,2026-06-22,371.0,0.6927651205347355,1,True,False,True,7.230392156862746,0.0,True,9.973045822102426,371.0,408.0,408.0,375.5,378.5,378.5,2026-06-22,d1_close,2026,"[401.5, 397.0, 394.0, 385.5, 391.0, 397.5, 394.0, 393.5, 393.5, 392.0, 395.0, 394.0, 394.0, 393.0, 391.0, 388.5, 394.0, 393.5, 392.0, 391.0, 389.0, 392.5, 391.0, 391.0, 392.0, 394.5, 392.5, 390.5, 394.5, 395.5, 394.5, 394.5, 394.5, 393.0, 392.0, 392.0, 390.5, 390.0, 390.0, 389.5, 389.5, 386.0, 388.0, 387.0, 387.0, 388.0, 389.0, 388.5, 387.5, 387.0, 386.5, 386.5, 386.5, 386.0, 386.0, 383.5, 388.0, 389.0, 390.0, 390.0, 389.5, 387.0, 389.5, 389.0, 387.5, 389.5, 392.5, 391.5, 391.5, 390.0, 391.0, 391.5, 391.5, 391.0, 391.0, 390.0, 390.5, 388.5, 388.0, 388.0, 388.0, 388.0, 387.5, 385.0, 385.0, 387.0, 387.0, 386.0, 380.0, 380.0, 380.5, 382.5, 383.0, 385.5, 383.5, 379.5, 382.5, 383.5, 383.5, 384.0, 384.0, 382.5, 383.0, 383.0, 383.0, 381.0, 380.5, 383.0, 383.0, 383.0, 381.5, 382.0, 381.0, 381.0, 380.5, 379.5, 379.0, 379.5, 379.5, 379.5, 378.0, 378.0, 378.0, 378.0, 378.0, 377.5, 377.0, 376.0, 377.0, 376.0, 377.0, 377.5, 378.5, 379.0, 381.0, 381.0, 379.5, 379.5, 379.5, 379.0, 379.0, 379.0, 380.0, 380.0, 379.0, 380.0, 379.5, 379.5, 379.5, 379.0, 379.0, 379.0, 379.0, 380.0, 380.5, 380.5, 380.0, 381.0, 380.0, 380.0, 381.0, 380.0, 381.0, 381.0, 380.5, 380.5, 380.5, 380.0, 379.5, 379.0, 379.0, 378.5, 378.5, 379.0, 379.0, 378.0, 378.0, 378.5]",True,False,False,,154.333032,1.4320488967388303,False,0.0,0.0,0.0,0.0,1409.8,2.632507458031995,371.0,0.6927651205347355,"凱基-台北(7,568.40萬)／台新-宜蘭(5,008.50萬)／永豐金-南京(2,448.60萬)",True,False,1
2026-06-22,2337,TSE,2026-06-23,277248.3,11.1679057015868,1,True,False,False,8.51063829787234,2.127659574468085,True,1.3477088948787064,185.5,188.0,192.0,168.5,172.0,172.0,2026-06-23,d1_close,2026,"[189.5, 190.5, 190.0, 191.0, 191.5, 188.5, 185.0, 189.0, 189.0, 187.5, 188.0, 187.5, 187.5, 187.5, 187.0, 185.5, 183.5, 183.0, 181.0, 182.0, 182.5, 181.0, 179.0, 178.5, 178.5, 181.0, 181.5, 181.5, 181.5, 180.5, 181.5, 182.0, 181.0, 180.5, 181.0, 179.5, 180.5, 181.5, 180.5, 180.5, 181.0, 181.5, 180.0, 178.0, 179.0, 178.0, 177.5, 177.5, 176.0, 176.0, 177.0, 178.0, 177.5, 178.5, 179.0, 179.0, 180.0, 180.0, 180.5, 180.5, 181.5, 180.5, 181.0, 180.0, 180.5, 179.5, 178.5, 178.5, 178.0, 177.0, 178.0, 179.0, 178.5, 179.0, 179.0, 179.5, 179.5, 179.5, 179.5, 179.5, 180.0, 179.5, 179.0, 178.5, 179.0, 179.0, 179.0, 178.5, 179.5, 179.0, 179.0, 179.0, 178.5, 178.5, 178.0, 178.0, 177.5, 178.0, 177.5, 177.0, 176.0, 176.0, 177.0, 176.5, 177.5, 177.5, 176.5, 176.5, 176.5, 177.0, 177.0, 177.0, 177.0, 177.0, 176.5, 176.0, 176.5, 175.5, 175.0, 174.0, 173.5, 173.5, 173.5, 174.5, 174.0, 173.5, 173.5, 173.5, 173.5, 173.5, 173.0, 173.5, 173.5, 174.0, 173.5, 173.5, 173.0, 173.0, 173.0, 172.5, 172.5, 172.0, 172.5, 172.5, 172.5, 172.5, 172.5, 172.5, 173.5, 173.5, 173.0, 172.0, 171.0, 171.0, 170.0, 170.5, 170.0, 169.5, 169.0, 169.0, 169.5, 170.0, 170.0, 170.0, 171.0, 171.5, 171.5, 170.5, 170.5, 170.5, 171.0, 171.0, 171.5, 171.5, 172.0, 172.0, 172.5, 172.5, 172.5, 172.5, 172.5, 172.0, 172.0, 171.5, 171.5, 171.5, 171.5, 171.5, 171.0, 171.0, 171.0, 170.5, 170.0, 170.5, 170.5, 170.5, 170.5, 170.5, 170.5, 170.0, 170.0, 169.0, 168.5, 169.0, 169.5, 169.5, 169.0, 169.0, 169.5, 169.5, 169.5, 169.5, 169.5, 169.5, 169.5, 169.5, 169.0, 169.5, 169.0, 169.0, 169.0, 169.0, 169.5, 170.0, 169.5, 169.5, 170.0, 170.0, 170.0, 169.5, 169.5, 169.5, 169.0, 169.5, 173.0, 173.0, 172.5, 172.0, 172.5, 171.5, 171.5, 171.0, 171.0, 170.5, 170.0, 170.5, 171.5, 171.5, 171.5, 171.5, 172.5, 172.5, 172.0, 173.0, 173.5, 173.0, 174.0, 173.0, 173.5, 173.0, 172.5, 172.5, 172.5, 172.0, 172.0, 172.0]",True,False,False,,3675.327824,4.0632651508728,False,0.0,0.0,0.0,0.0,15897.35,0.640364993059005,277248.3,11.1679057015868,"凱基-松山(511,924.35萬)／台新-台北(277,248.30萬)／摩根大通(143,484.25萬)",True,False,1
2026-06-22,3016,TSE,2026-06-23,44007.4,36.035882031414026,1,True,False,False,-1.6666666666666667,1.6666666666666667,False,7.913669064748201,139.0,150.0,152.5,149.0,152.5,152.5,2026-06-23,d1_close,2026,"[152.5, 152.5, 152.5, 152.5, 152.5, 152.5, 152.5, 152.5, 152.5, 152.5, 152.5, 152.5, 152.5, 152.5, 152.5, 152.5, 152.5, 152.5, 152.5, 152.5, 152.5, 152.5, 152.5, 152.5, 152.5, 152.5, 152.5, 152.5, 152.5, 152.5, 152.5, 152.5, 152.5, 152.5, 152.5, 152.5, 152.5, 152.5, 152.5, 152.5, 152.5, 152.5, 152.5, 152.5, 152.5, 152.5, 152.5, 152.5, 152.5, 152.5, 152.5, 152.5, 152.5, 152.5, 152.5, 152.5, 152.5, 152.5, 152.5, 152.5, 152.5, 152.5, 152.5, 152.5, 152.5, 152.5, 152.5, 152.5, 152.5, 152.5, 152.5, 152.5, 152.5, 152.5, 152.5, 152.5, 152.5, 152.5, 152.5, 152.5, 152.5, 152.5, 152.5, 152.5, 152.5, 152.5, 152.5, 152.5, 152.5, 152.5, 152.5, 152.5, 152.5, 152.5, 152.5, 152.5, 152.5, 152.5, 152.5, 152.5, 152.5, 152.5, 152.5, 152.5, 152.5, 152.5, 152.5, 152.5, 152.5, 152.5, 152.5, 152.5, 152.5, 152.5, 152.5, 152.5, 152.5, 152.5, 152.5, 152.5, 152.5, 152.5, 152.5, 152.5, 152.5, 152.5, 152.5, 152.5, 152.5, 152.5, 152.5, 152.5, 152.5, 152.5, 152.5, 152.5, 152.5, 152.5, 152.5, 152.5, 152.5, 152.5, 152.5, 152.5, 152.5, 152.5, 152.5, 152.5, 152.5, 152.5, 152.5, 152.5, 152.5, 152.5, 152.5, 152.5, 152.5, 152.5, 152.5, 152.5, 152.5, 152.5, 152.5, 152.5, 152.5, 152.5, 152.5, 152.5, 152.5, 152.5, 152.5, 152.5, 152.5, 152.5, 152.5, 152.5, 152.5, 152.5, 152.5, 152.5, 152.5, 152.5, 152.5, 152.5, 152.5, 152.5, 152.5, 152.5, 152.5, 152.5, 152.5, 152.5, 152.5, 152.5, 152.5, 152.5, 152.5, 152.5, 152.5, 152.5, 152.5, 152.5, 152.5, 152.5, 152.5, 152.5, 152.5, 152.5, 152.5, 152.5, 152.5, 152.5, 152.5, 152.5, 152.5, 152.5, 152.5, 152.5, 152.5, 152.5, 152.5, 152.5, 152.5, 152.5, 152.5, 152.5, 152.5, 152.5, 152.5, 152.5, 152.5, 152.5, 152.5, 152.5, 152.5, 152.5, 152.5, 152.5, 152.5, 152.5, 152.5, 152.5, 152.5, 152.5, 152.5, 152.5, 152.5, 152.5, 152.5, 152.5, 152.5, 152.5, 152.5, 152.5, 152.5]",True,False,False,,401.073102,4.0632651508728,False,0.0,0.0,0.0,0.0,0.0,0.0,44007.4,36.035882031414026,"台新-台北(44,007.40萬)／摩根大通(9,632.70萬)／凱基-台北(6,685.90萬)",True,False,0
2026-06-22,3034,TSE,2026-06-23,10376.1,1.6605494519923067,1,True,False,False,9.333333333333334,1.0,True,5.82010582010582,567.0,600.0,606.0,543.0,544.0,544.0,2026-06-23,d1_close,2026,"[588.0, 588.0, 593.0, 605.0, 601.0, 597.0, 591.0, 597.0, 593.0, 593.0, 593.0, 590.0, 585.0, 584.0, 583.0, 583.0, 580.0, 578.0, 576.0, 577.0, 577.0, 577.0, 572.0, 572.0, 574.0, 574.0, 577.0, 574.0, 571.0, 573.0, 575.0, 577.0, 576.0, 574.0, 577.0, 574.0, 574.0, 576.0, 574.0, 576.0, 576.0, 574.0, 571.0, 570.0, 568.0, 567.0, 569.0, 568.0, 566.0, 564.0, 567.0, 570.0, 566.0, 566.0, 565.0, 565.0, 566.0, 563.0, 563.0, 563.0, 563.0, 564.0, 564.0, 563.0, 562.0, 559.0, 559.0, 558.0, 558.0, 559.0, 560.0, 560.0, 560.0, 560.0, 560.0, 562.0, 559.0, 560.0, 560.0, 563.0, 562.0, 562.0, 562.0, 562.0, 563.0, 562.0, 563.0, 565.0, 565.0, 564.0, 561.0, 564.0, 560.0, 560.0, 560.0, 560.0, 560.0, 560.0, 559.0, 559.0, 557.0, 555.0, 556.0, 557.0, 559.0, 559.0, 560.0, 560.0, 558.0, 558.0, 560.0, 560.0, 559.0, 560.0, 559.0, 560.0, 559.0, 560.0, 559.0, 557.0, 557.0, 557.0, 559.0, 560.0, 560.0, 558.0, 557.0, 557.0, 557.0, 557.0, 558.0, 557.0, 557.0, 558.0, 558.0, 559.0, 558.0, 559.0, 560.0, 558.0, 559.0, 557.0, 559.0, 558.0, 555.0, 555.0, 555.0, 555.0, 556.0, 557.0, 559.0, 560.0, 558.0, 558.0, 556.0, 556.0, 554.0, 553.0, 552.0, 553.0, 551.0, 553.0, 552.0, 553.0, 555.0, 553.0, 554.0, 554.0, 554.0, 555.0, 554.0, 556.0, 555.0, 556.0, 556.0, 558.0, 557.0, 558.0, 557.0, 557.0, 559.0, 557.0, 557.0, 557.0, 556.0, 556.0, 555.0, 554.0, 553.0, 555.0, 554.0, 555.0, 554.0, 553.0, 552.0, 550.0, 550.0, 551.0, 553.0, 551.0, 551.0, 553.0, 552.0, 551.0, 550.0, 552.0, 552.0, 550.0, 550.0, 551.0, 551.0, 550.0, 550.0, 549.0, 548.0, 550.0, 549.0, 549.0, 549.0, 550.0, 549.0, 548.0, 549.0, 547.0, 548.0, 548.0, 548.0, 548.0, 547.0, 548.0, 546.0, 547.0, 545.0, 546.0, 547.0, 547.0, 547.0, 546.0, 547.0, 546.0, 546.0, 546.0, 545.0, 544.0, 544.0, 545.0, 545.0, 544.0, 544.0, 545.0, 545.0, 545.0, 546.0, 547.0, 547.0, 547.0, 547.0, 548.0, 548.0, 547.0, 546.0, 547.0, 546.0, 545.0, 545.0, 544.0]",True,False,False,,3450.260205,4.0632651508728,False,0.0,0.0,4422.6,0.7077751762590161,-8561.7,-1.370180148911685,10376.1,1.6605494519923067,"台灣摩根士丹利(122,075.10萬)／美商高盛(65,715.30萬)／摩根大通(34,643.70萬)",True,False,2
2026-06-22,6213,TSE,2026-06-23,24301.2,2.197359579841613,1,True,False,False,7.565789473684211,2.631578947368421,True,-1.2987012987012987,308.0,304.0,312.0,281.0,281.0,281.0,2026-06-23,d1_close,2026,"[305.0, 301.5, 300.0, 299.5, 299.0, 296.0, 298.0, 299.5, 302.0, 306.0, 307.5, 311.5, 310.5, 307.0, 303.0, 302.0, 301.0, 299.0, 301.5, 303.0, 305.5, 305.5, 304.5, 302.5, 302.5, 305.0, 304.5, 305.0, 306.0, 306.0, 305.5, 305.0, 304.5, 302.5, 300.0, 297.0, 296.5, 298.5, 297.5, 296.5, 297.0, 294.5, 294.0, 294.0, 291.5, 292.0, 291.5, 291.5, 289.5, 288.0, 290.0, 291.0, 290.0, 290.5, 290.5, 291.0, 291.0, 289.0, 288.5, 289.5, 288.5, 289.5, 289.0, 288.0, 287.5, 288.5, 286.5, 287.0, 286.0, 284.0, 286.5, 286.5, 287.0, 287.5, 288.5, 288.5, 286.5, 287.0, 287.0, 287.5, 287.5, 288.0, 288.0, 286.0, 286.0, 285.5, 285.0, 285.5, 285.5, 285.5, 285.5, 286.5, 286.5, 287.0, 286.5, 286.5, 287.5, 287.5, 287.5, 287.5, 286.5, 286.5, 287.0, 286.5, 288.5, 289.0, 287.5, 287.0, 287.5, 287.5, 288.5, 288.0, 287.5, 288.0, 287.5, 287.5, 288.0, 287.5, 287.5, 287.0, 287.5, 287.0, 287.5, 287.5, 287.5, 287.0, 286.5, 286.0, 286.5, 286.0, 286.0, 286.5, 287.0, 288.5, 288.5, 289.0, 287.0, 287.0, 287.0, 287.0, 287.0, 286.5, 286.0, 285.5, 286.0, 285.5, 285.5, 285.5, 286.0, 286.0, 285.5, 284.0, 283.5, 283.5, 283.5, 283.0, 283.5, 282.5, 282.0, 281.5, 281.5, 283.0, 283.0, 283.5, 285.0, 285.5, 285.0, 285.0, 284.5, 285.0, 286.0, 286.0, 287.0, 287.5, 287.0, 287.0, 288.0, 287.5, 288.0, 288.0, 288.0, 287.5, 287.5, 286.5, 287.0, 286.5, 286.0, 286.5, 286.5, 286.5, 285.0, 285.5, 284.5, 284.5, 284.5, 284.5, 285.0, 285.0, 284.5, 284.5, 284.0, 283.5, 284.0, 284.0, 284.0, 284.5, 284.5, 284.5, 283.5, 283.0, 284.0, 284.0, 284.0, 284.0, 284.0, 283.5, 283.5, 283.5, 282.5, 282.5, 283.0, 283.0, 283.0, 282.5, 282.0, 282.5, 282.0, 282.0, 282.0, 282.5, 282.5, 282.0, 282.5, 282.0, 282.0, 282.0, 281.5, 282.0, 281.5, 281.5, 283.0, 283.0, 282.5, 283.0, 281.5, 281.5, 281.0, 281.5, 281.5, 281.5, 282.0, 282.5, 282.0, 282.0, 281.5, 282.5, 282.5, 283.0, 282.5, 283.0, 282.0, 282.0, 281.5, 282.0, 282.0, 281.0]",True,False,False,,1123.09428,4.0632651508728,False,0.0,0.0,0.0,0.0,0.0,0.0,24301.2,2.1973595798416135,"台灣摩根士丹利(189,912.80萬)／美商高盛(100,315.60萬)／摩根大通(74,228.00萬)",True,False,0
2026-06-22,6271,TSE,2026-06-23,4930.25,0.6940144776869119,1,True,False,False,8.768656716417912,0.1865671641791044,True,0.5628517823639775,266.5,268.0,268.5,244.5,244.5,244.5,2026-06-23,d1_close,2026,"[264.0, 259.0, 256.0, 258.5, 258.5, 254.5, 253.5, 253.5, 253.5, 258.0, 259.0, 262.0, 259.0, 257.0, 258.0, 255.0, 253.5, 255.0, 258.0, 260.0, 259.5, 257.0, 256.0, 257.0, 259.0, 260.0, 259.0, 258.5, 258.5, 258.0, 257.5, 256.0, 256.5, 257.0, 256.5, 256.0, 257.0, 256.0, 255.5, 256.5, 256.0, 255.5, 254.5, 252.5, 253.5, 254.0, 254.5, 253.5, 250.5, 252.0, 254.0, 253.0, 253.0, 253.5, 252.5, 252.5, 253.0, 253.0, 253.0, 253.0, 253.5, 253.5, 252.5, 252.0, 251.5, 251.5, 248.5, 251.5, 252.5, 254.5, 253.5, 254.5, 256.0, 256.0, 255.5, 253.5, 254.0, 251.0, 252.0, 251.5, 252.0, 251.5, 251.0, 252.0, 252.0, 251.5, 252.5, 254.0, 253.5, 253.0, 253.0, 253.0, 253.5, 253.0, 252.5, 254.0, 254.5, 255.0, 257.5, 256.5, 256.0, 256.0, 255.0, 255.5, 257.0, 255.5, 254.0, 254.5, 254.0, 255.0, 255.0, 254.5, 254.5, 253.5, 255.0, 255.0, 254.5, 253.0, 253.5, 253.0, 252.0, 252.0, 253.0, 253.5, 253.0, 253.0, 253.0, 253.0, 252.0, 252.5, 252.0, 251.5, 251.5, 251.5, 251.5, 251.0, 251.0, 251.0, 251.0, 251.0, 250.5, 250.5, 250.5, 250.5, 251.5, 251.5, 252.0, 252.0, 251.5, 251.0, 250.5, 250.0, 249.5, 249.0, 248.5, 248.0, 247.0, 247.5, 246.5, 247.0, 246.5, 248.0, 248.0, 248.5, 249.0, 249.0, 249.0, 248.5, 248.0, 248.5, 249.0, 250.0, 249.5, 250.0, 251.0, 250.0, 250.0, 249.5, 250.0, 250.5, 251.0, 251.0, 250.5, 250.5, 250.0, 249.5, 249.0, 249.5, 250.0, 249.5, 248.5, 248.5, 248.5, 248.0, 248.0, 247.5, 247.0, 247.5, 247.0, 246.5, 246.0, 245.5, 246.0, 247.0, 247.5, 247.5, 249.0, 248.5, 248.5, 248.5, 248.5, 248.0, 248.0, 247.0, 247.0, 247.5, 248.0, 247.0, 247.0, 248.0, 247.5, 247.5, 247.5, 247.5, 247.5, 247.5, 247.0, 247.0, 246.5, 247.0, 247.0, 247.0, 247.0, 247.5, 247.5, 247.5, 247.0, 247.5, 247.0, 247.0, 247.0, 247.5, 247.0, 246.5, 247.0, 247.0, 246.0, 246.0, 246.5, 247.0, 247.0, 247.0, 247.0, 246.5, 246.5, 247.0, 246.5, 246.5, 247.0, 247.0, 246.0, 245.5, 246.0, 245.5, 244.5]",True,False,False,,557.1398365,4.0632651508728,False,0.0,0.0,0.0,0.0,46637.5,6.5650018159572765,4930.25,0.6940144776869119,"統一(62,227.75萬)／富邦證券(46,637.50萬)／美商高盛(26,196.95萬)",True,False,1
2026-06-22,6451,TSE,2026-06-23,2653.1,0.622236250161785,1,True,False,False,6.289308176100629,1.8867924528301887,True,3.079416531604538,617.0,636.0,648.0,595.0,596.0,596.0,2026-06-23,d1_close,2026,"[638.0, 639.0, 632.0, 630.0, 633.0, 624.0, 621.0, 628.0, 636.0, 638.0, 638.0, 637.0, 635.0, 632.0, 630.0, 631.0, 625.0, 623.0, 615.0, 623.0, 621.0, 624.0, 620.0, 618.0, 621.0, 627.0, 628.0, 630.0, 630.0, 627.0, 629.0, 628.0, 631.0, 627.0, 624.0, 620.0, 623.0, 625.0, 621.0, 622.0, 625.0, 625.0, 625.0, 624.0, 622.0, 620.0, 616.0, 612.0, 612.0, 610.0, 612.0, 618.0, 617.0, 619.0, 620.0, 620.0, 620.0, 624.0, 620.0, 625.0, 623.0, 622.0, 618.0, 621.0, 625.0, 621.0, 619.0, 618.0, 618.0, 618.0, 618.0, 618.0, 618.0, 620.0, 620.0, 619.0, 623.0, 622.0, 625.0, 625.0, 626.0, 624.0, 625.0, 624.0, 623.0, 622.0, 622.0, 625.0, 625.0, 623.0, 623.0, 623.0, 622.0, 622.0, 625.0, 626.0, 626.0, 625.0, 623.0, 623.0, 623.0, 621.0, 620.0, 629.0, 625.0, 627.0, 627.0, 627.0, 627.0, 627.0, 631.0, 632.0, 632.0, 631.0, 631.0, 630.0, 626.0, 625.0, 625.0, 624.0, 621.0, 622.0, 624.0, 624.0, 623.0, 623.0, 621.0, 620.0, 619.0, 616.0, 620.0, 619.0, 618.0, 617.0, 619.0, 619.0, 619.0, 620.0, 620.0, 620.0, 618.0, 617.0, 617.0, 617.0, 617.0, 619.0, 620.0, 618.0, 616.0, 613.0, 613.0, 612.0, 612.0, 609.0, 608.0, 607.0, 605.0, 605.0, 607.0, 609.0, 612.0, 612.0, 609.0, 609.0, 611.0, 613.0, 613.0, 613.0, 617.0, 618.0, 618.0, 621.0, 620.0, 621.0, 621.0, 621.0, 623.0, 629.0, 627.0, 623.0, 623.0, 623.0, 623.0, 622.0, 622.0, 622.0, 622.0, 622.0, 621.0, 620.0, 619.0, 619.0, 617.0, 617.0, 617.0, 618.0, 620.0, 621.0, 621.0, 620.0, 618.0, 619.0, 619.0, 619.0, 617.0, 618.0, 618.0, 618.0, 617.0, 616.0, 616.0, 617.0, 617.0, 618.0, 621.0, 620.0, 619.0, 618.0, 618.0, 617.0, 617.0, 616.0, 616.0, 613.0, 614.0, 615.0, 616.0, 616.0, 615.0, 613.0, 614.0, 615.0, 614.0, 613.0, 610.0, 610.0, 609.0, 608.0, 608.0, 602.0, 605.0, 603.0, 601.0, 600.0, 600.0, 604.0, 605.0, 605.0, 602.0, 600.0, 604.0, 604.0, 604.0, 602.0, 601.0, 602.0, 600.0, 599.0, 598.0, 595.0, 596.0]",True,False,False,,670.322374,4.0632651508728,False,0.0,0.0,0.0,0.0,0.0,0.0,2653.1,0.622236250161785,"凱基-台北(20,978.00萬)／美商高盛(11,414.50萬)／元大證券(8,514.60萬)",True,False,0
2026-06-24,2302,TSE,2026-06-25,993.96,1.816201869174972,1,True,False,False,10.112359550561797,2.2471910112359605,True,6.374501992031864,50.2,53.4,54.6,47.5,48.0,48.0,2026-06-25,d1_close,2026,"[53.2, 52.7, 51.6, 51.5, 51.4, 51.7, 52.0, 51.2, 51.2, 51.0, 51.5, 50.8, 51.1, 51.6, 51.2, 51.0, 51.2, 50.7, 50.9, 50.6, 49.9, 50.1, 50.0, 50.2, 50.3, 50.2, 50.3, 50.3, 50.0, 49.9, 50.1, 50.2, 50.0, 49.9, 49.95, 49.95, 50.3, 50.0, 50.0, 50.2, 50.1, 50.0, 50.0, 49.9, 49.75, 49.4, 49.6, 49.45, 49.45, 49.4, 49.35, 49.75, 50.0, 50.1, 49.8, 49.8, 49.8, 49.5, 49.7, 49.6, 49.8, 49.45, 49.5, 49.4, 49.5, 49.35, 49.35, 49.35, 49.35, 48.9, 48.65, 48.35, 48.15, 48.0, 48.15, 48.1, 48.1, 48.1, 48.3, 48.35, 48.25, 48.1, 48.2, 47.95, 48.15, 48.15, 48.0, 48.0, 48.0, 48.05, 48.05, 48.15, 48.25, 48.25, 48.2, 48.3, 48.35, 48.25, 48.35, 48.4, 48.3, 48.25, 48.3, 48.3, 48.3, 48.2, 48.4, 48.35, 48.4, 48.45, 48.5, 48.75, 48.65, 48.6, 48.45, 48.35, 48.4, 48.55, 48.55, 48.5, 48.55, 48.65, 48.8, 49.15, 49.0, 48.95, 48.85, 48.7, 48.7, 48.7, 48.7, 48.65, 48.55, 48.5, 48.4, 48.4, 48.45, 48.4, 48.45, 48.5, 48.45, 48.45, 48.55, 48.45, 48.45, 48.4, 48.3, 48.0, 48.1, 48.2, 48.05, 48.05, 48.0, 48.05, 48.0, 47.85, 47.95, 47.9, 48.0, 48.0, 47.95, 47.95, 47.75, 47.9, 47.95, 47.85, 47.8, 47.8, 47.85, 47.8, 47.65, 47.7, 47.85, 47.9, 47.9, 47.95, 47.95, 48.05, 48.0, 47.85, 47.9, 47.75, 47.85, 47.8, 47.85, 47.9, 47.9, 47.9, 47.9, 47.95, 48.0, 48.05, 48.25, 48.25, 48.2, 48.05, 48.0, 48.0, 47.95, 48.0, 47.9, 47.9, 47.9, 47.85, 47.8, 47.75, 47.8, 47.8, 47.9, 47.85, 47.85, 47.8, 47.8, 47.8, 47.7, 47.75, 47.65, 47.65, 47.7, 47.65, 47.65, 47.65, 47.65, 47.65, 47.85, 47.95, 48.0, 48.0, 48.15, 48.0, 48.0, 48.05, 48.1, 48.05, 48.05, 48.0, 47.95, 47.85, 47.8, 47.85, 47.85, 47.8, 47.9, 47.95, 48.0, 48.0, 47.9, 48.0, 48.0, 47.9, 47.9, 48.0, 47.9, 47.9, 47.9, 47.85, 47.9, 47.9, 47.9, 47.85, 47.9, 47.85, 48.0]",True,False,False,,83.48405580000001,-3.556464803899172,False,0.0,0.0,0.0,0.0,0.0,0.0,993.96,1.816201869174972,"永豐金證券(11,626.32萬)／凱基-台北(4,643.50萬)／凱基-彰化(4,432.66萬)",True,False,0
2026-06-24,6243,TSE,2026-06-25,314.985,0.8051643687646828,1,True,False,False,3.1763417305585886,0.0,True,0.0,45.65,45.65,45.65,43.0,44.2,44.2,2026-06-25,d1_close,2026,"[45.2, 44.8, 44.65, 44.45, 44.6, 44.5, 44.45, 44.2, 43.85, 43.65, 43.55, 43.45, 43.45, 43.25, 43.2, 43.0, 43.1, 43.1, 43.8, 44.0, 44.1, 44.2, 44.0, 43.85, 44.0, 43.8, 43.85, 43.85, 44.0, 44.0, 43.8, 44.0, 43.9, 44.0, 44.0, 44.1, 44.1, 44.1, 44.0, 44.45, 44.45, 44.45, 44.25, 44.3, 43.9, 43.9, 43.8, 43.85, 43.9, 44.85, 44.75, 44.65, 44.5, 44.5, 44.95, 44.9, 44.8, 44.9, 44.75, 44.75, 44.75, 44.7, 44.7, 44.8, 44.8, 44.75, 44.65, 44.5, 44.4, 44.1, 43.9, 43.95, 43.9, 43.85, 43.8, 44.0, 43.95, 44.2, 44.2, 44.1, 44.1, 44.2, 44.1, 44.2, 44.45, 44.4, 44.4, 44.55, 45.1, 44.9, 44.95, 44.95, 44.85, 44.85, 44.9, 44.7, 44.85, 44.85, 44.85, 44.8, 44.7, 44.7, 44.7, 44.65, 44.6, 44.95, 44.9, 44.95, 45.05, 45.15, 45.0, 45.0, 45.1, 44.95, 44.95, 44.8, 44.75, 44.8, 44.7, 44.75, 44.75, 44.75, 44.75, 44.9, 44.8, 44.8, 44.7, 44.65, 44.65, 44.6, 44.65, 44.65, 44.6, 44.55, 44.5, 44.5, 44.4, 44.45, 44.45, 44.45, 44.45, 44.45, 44.45, 44.45, 44.3, 44.15, 44.15, 44.0, 43.85, 44.0, 43.9, 44.0, 44.0, 44.0, 44.0, 44.0, 44.0, 43.95, 43.9, 43.9, 43.8, 43.75, 43.75, 43.6, 43.55, 43.6, 43.75, 43.85, 43.85, 43.85, 43.85, 43.75, 43.7, 43.7, 43.7, 43.7, 43.75, 43.7, 43.75, 43.75, 43.8, 43.8, 43.7, 43.8, 43.75, 43.7, 43.8, 43.8, 43.75, 43.7, 43.7, 43.7, 43.75, 43.75, 43.65, 43.6, 43.6, 43.55, 43.6, 43.6, 43.6, 43.6, 43.55, 43.55, 43.55, 43.55, 43.55, 43.4, 43.35, 43.5, 43.55, 43.55, 43.55, 43.65, 43.65, 43.8, 43.8, 43.85, 43.85, 43.8, 43.85, 43.7, 43.5, 43.5, 43.35, 43.35, 43.35, 43.35, 43.5, 43.55, 43.55, 43.8, 43.55, 44.2]",True,False,False,,20.6652072,-3.556464803899172,False,173.47,0.44342385526170935,0.0,0.0,0.0,0.0,314.985,0.8051643687646828,港商野村(944.95萬)／統一-高雄(506.71萬)／台新-台北(314.99萬),True,False,1
2026-06-25,2472,TSE,2026-06-26,40374.9,6.265680029198591,1,True,False,False,2.5906735751295336,2.7202072538860103,True,-2.770780856423174,397.0,386.0,396.5,372.0,376.0,376.0,2026-06-26,d1_close,2026,"[389.0, 391.0, 387.0, 387.0, 383.5, 381.5, 381.5, 378.5, 382.0, 381.5, 386.0, 387.0, 386.5, 386.5, 386.5, 385.5, 388.0, 389.0, 389.0, 387.5, 389.5, 389.5, 391.0, 394.5, 390.0, 390.5, 394.0, 391.5, 391.0, 391.5, 390.5, 394.5, 394.0, 396.5, 394.0, 393.0, 392.0, 392.0, 390.5, 391.0, 390.5, 391.0, 387.5, 389.5, 390.0, 388.0, 386.5, 387.5, 387.5, 387.5, 388.0, 389.0, 389.0, 387.0, 384.0, 384.0, 386.0, 387.0, 388.0, 388.5, 390.0, 390.0, 389.0, 389.0, 388.5, 388.0, 388.5, 387.0, 386.0, 385.5, 385.5, 385.0, 385.0, 386.0, 385.5, 386.5, 385.5, 384.5, 383.5, 385.0, 387.0, 385.5, 384.5, 381.0, 383.0, 383.0, 381.5, 383.0, 384.5, 384.5, 386.5, 385.0, 385.5, 385.5, 384.0, 383.0, 383.0, 382.5, 383.5, 383.5, 381.0, 383.0, 382.0, 382.0, 380.0, 379.5, 380.0, 379.0, 379.0, 380.0, 378.5, 378.0, 378.0, 381.0, 381.5, 381.5, 381.0, 382.0, 381.5, 380.5, 380.5, 378.0, 375.5, 376.0, 375.5, 374.5, 375.5, 376.0, 375.5, 377.0, 376.0, 374.5, 377.5, 379.0, 381.0, 382.0, 382.5, 384.5, 385.5, 382.5, 382.0, 382.0, 381.5, 381.5, 381.5, 381.5, 385.0, 385.0, 384.5, 384.5, 384.0, 384.0, 383.5, 383.0, 384.0, 384.0, 382.5, 383.0, 384.0, 384.0, 384.0, 385.0, 384.5, 387.5, 387.5, 387.5, 386.5, 385.5, 385.0, 385.0, 385.5, 388.0, 387.0, 389.0, 391.5, 391.5, 390.5, 390.0, 391.5, 392.5, 391.5, 390.5, 390.5, 391.0, 390.5, 388.0, 389.0, 390.0, 391.0, 391.0, 392.0, 392.0, 392.0, 392.0, 392.0, 391.5, 392.0, 391.5, 390.0, 390.5, 391.0, 392.0, 392.0, 390.5, 391.5, 390.5, 391.0, 391.0, 391.0, 391.5, 391.5, 390.5, 390.0, 389.5, 389.0, 388.0, 387.0, 387.5, 387.0, 387.5, 386.0, 386.5, 386.0, 386.0, 385.5, 386.0, 385.5, 386.5, 384.5, 385.5, 385.0, 385.0, 384.0, 384.0, 383.5, 383.5, 385.0, 385.0, 384.5, 383.5, 384.0, 384.5, 382.0, 383.0, 383.0, 383.0, 381.5, 381.5, 379.5, 380.5, 381.0, 380.0, 380.0, 380.0, 378.5, 378.5, 377.0, 377.0, 376.0, 375.5, 376.0, 376.0, 375.5, 375.5, 376.0]",True,False,False,,653.998347,-1.7948584573673598,False,0.0,0.0,0.0,0.0,7781.2,1.207545020376523,40374.9,6.265680029198591,"台新-台北(40,374.90萬)／新加坡商瑞銀(32,633.40萬)／美林(25,924.10萬)",True,False,1
2026-06-25,5347,OTC,2026-06-26,114994.0,7.440915582231068,1,True,False,False,6.046511627906977,0.2325581395348837,True,-2.272727272727273,220.0,215.0,215.5,200.0,202.0,202.0,2026-06-26,d1_close,2026,"[210.5, 207.5, 208.0, 203.5, 204.0, 205.5, 205.0, 205.0, 205.5, 206.0, 206.5, 206.0, 206.0, 208.5, 208.5, 209.0, 210.0, 211.0, 209.5, 210.5, 209.5, 209.5, 211.5, 211.0, 210.5, 210.0, 210.0, 209.5, 211.0, 211.0, 211.5, 211.5, 209.5, 212.0, 211.5, 211.5, 210.5, 209.5, 209.5, 210.0, 210.5, 209.0, 208.0, 207.5, 207.5, 206.0, 207.5, 207.0, 207.5, 207.5, 208.0, 208.0, 207.5, 207.0, 207.5, 207.5, 208.0, 208.5, 208.5, 209.5, 208.5, 209.0, 209.0, 209.0, 209.0, 209.5, 207.5, 207.0, 207.5, 207.5, 207.5, 207.0, 208.0, 208.5, 208.5, 209.5, 209.0, 209.0, 208.5, 208.0, 208.0, 207.5, 207.0, 208.0, 207.5, 207.5, 208.0, 208.5, 208.0, 208.5, 209.0, 207.5, 207.0, 207.5, 206.5, 206.5, 206.5, 206.5, 207.0, 207.0, 206.5, 206.5, 206.5, 206.5, 205.5, 205.5, 206.0, 206.0, 205.0, 205.5, 206.0, 205.0, 205.5, 205.5, 205.0, 206.0, 206.5, 206.5, 207.5, 206.5, 206.0, 205.5, 205.0, 204.0, 203.5, 203.5, 204.0, 203.0, 203.5, 204.0, 202.5, 203.5, 204.5, 204.5, 205.5, 204.5, 205.0, 205.5, 205.5, 205.5, 204.0, 203.5, 203.0, 203.5, 204.0, 205.0, 205.5, 205.5, 206.0, 205.5, 205.0, 205.5, 205.5, 204.5, 205.0, 205.0, 203.5, 204.5, 205.0, 204.5, 205.5, 205.5, 205.5, 206.0, 206.0, 206.0, 205.5, 205.0, 205.5, 205.5, 205.5, 206.0, 206.0, 206.5, 206.5, 206.5, 207.0, 207.0, 207.5, 207.0, 206.5, 206.5, 206.5, 206.5, 206.0, 205.5, 206.0, 206.5, 206.0, 206.0, 206.5, 206.0, 206.0, 206.0, 206.0, 206.0, 206.5, 206.5, 206.0, 206.0, 205.0, 205.0, 205.5, 205.0, 204.5, 205.0, 204.5, 205.0, 205.0, 205.0, 205.0, 205.0, 205.0, 204.5, 204.0, 204.0, 203.5, 203.0, 203.0, 203.5, 203.5, 203.0, 203.0, 203.0, 203.0, 202.5, 203.0, 203.0, 202.5, 203.0, 203.0, 202.5, 202.5, 202.5, 202.5, 203.0, 203.0, 203.0, 203.0, 202.5, 202.0, 202.5, 202.0, 202.0, 202.5, 201.5, 201.5, 201.0, 201.0, 201.5, 201.5, 201.5, 201.5, 202.0, 201.0, 200.5, 200.0, 200.0, 200.5, 201.0, 201.0, 201.0, 200.5, 200.5, 202.0]",True,False,False,,4107.57204,-1.7948584573673598,False,0.0,0.0,0.0,0.0,-6864.0,-0.4441487778182693,114994.0,7.440915582231068,"台新-台北(114,994.00萬)／凱基(69,300.00萬)／凱基-信義(66,638.00萬)",True,False,1
2026-06-25,6584,OTC,2026-06-26,2912.0,1.7781415727339922,1,True,False,False,3.0136986301369864,2.4657534246575343,True,0.2747252747252747,728.0,730.0,748.0,702.0,708.0,708.0,2026-06-26,d1_close,2026,"[735.0, 738.0, 744.0, 736.0, 736.0, 738.0, 735.0, 731.0, 740.0, 735.0, 734.0, 735.0, 747.0, 745.0, 741.0, 741.0, 741.0, 740.0, 741.0, 739.0, 737.0, 735.0, 733.0, 730.0, 734.0, 740.0, 740.0, 742.0, 740.0, 738.0, 734.0, 737.0, 738.0, 740.0, 740.0, 737.0, 728.0, 728.0, 730.0, 731.0, 733.0, 731.0, 732.0, 732.0, 732.0, 734.0, 736.0, 737.0, 739.0, 740.0, 738.0, 735.0, 736.0, 737.0, 740.0, 739.0, 739.0, 740.0, 741.0, 741.0, 740.0, 740.0, 738.0, 735.0, 733.0, 735.0, 735.0, 733.0, 733.0, 733.0, 731.0, 730.0, 730.0, 728.0, 727.0, 722.0, 724.0, 725.0, 724.0, 723.0, 723.0, 722.0, 720.0, 720.0, 724.0, 724.0, 721.0, 720.0, 720.0, 716.0, 717.0, 717.0, 716.0, 716.0, 715.0, 716.0, 715.0, 714.0, 715.0, 714.0, 719.0, 720.0, 720.0, 720.0, 719.0, 716.0, 717.0, 719.0, 719.0, 720.0, 720.0, 718.0, 718.0, 717.0, 717.0, 714.0, 714.0, 708.0, 708.0, 705.0, 706.0, 706.0, 704.0, 702.0, 705.0, 703.0, 702.0, 706.0, 709.0, 710.0, 709.0, 709.0, 709.0, 708.0, 708.0, 709.0, 707.0, 706.0, 706.0, 707.0, 707.0, 709.0, 709.0, 710.0, 709.0, 710.0, 708.0, 708.0, 707.0, 713.0, 713.0, 715.0, 715.0, 716.0, 714.0, 714.0, 722.0, 722.0, 721.0, 724.0, 725.0, 724.0, 724.0, 719.0, 721.0, 721.0, 724.0, 721.0, 720.0, 719.0, 720.0, 719.0, 720.0, 720.0, 720.0, 720.0, 720.0, 720.0, 719.0, 718.0, 717.0, 716.0, 716.0, 716.0, 717.0, 715.0, 714.0, 714.0, 713.0, 713.0, 711.0, 709.0, 709.0, 709.0, 710.0, 709.0, 709.0, 709.0, 707.0, 708.0, 709.0, 706.0, 708.0, 709.0, 710.0, 709.0, 709.0, 709.0, 709.0, 710.0, 710.0, 709.0, 709.0, 707.0, 707.0, 706.0, 707.0, 704.0, 706.0, 706.0, 707.0, 707.0, 707.0, 706.0, 710.0, 713.0, 709.0, 712.0, 710.0, 708.0, 708.0, 705.0, 704.0, 705.0, 703.0, 708.0]",True,False,False,,514.283952,-1.7948584573673598,False,0.0,0.0,0.0,0.0,9391.2,5.734506572067125,2912.0,1.7781415727339922,"港商野村(16,962.40萬)／花旗環球(16,452.80萬)／凱基-台北(13,322.40萬)",True,False,1
2026-06-29,4707,OTC,2026-06-30,493.89,0.8476462432149106,1,True,False,False,3.3003300330033,2.310231023102308,True,0.0,30.3,30.3,31.0,29.0,29.3,29.3,2026-06-30,d1_close,2026,"[30.2, 30.1, 29.9, 29.85, 30.2, 30.45, 30.85, 30.55, 30.1, 30.2, 30.2, 30.3, 30.5, 29.9, 30.15, 30.05, 30.15, 30.55, 30.45, 30.4, 30.35, 30.2, 30.2, 30.4, 30.3, 30.35, 30.75, 30.7, 30.6, 30.7, 30.7, 30.5, 30.55, 30.5, 30.45, 30.2, 30.0, 29.7, 29.95, 29.95, 30.15, 29.95, 30.0, 30.05, 30.05, 30.0, 30.0, 30.05, 30.05, 30.15, 30.25, 30.25, 30.25, 30.5, 30.55, 30.45, 30.5, 30.6, 30.55, 30.45, 30.4, 30.35, 30.3, 30.4, 30.35, 30.25, 30.3, 30.3, 30.3, 30.3, 30.25, 30.1, 30.15, 30.2, 30.25, 30.0, 30.0, 29.95, 29.8, 29.85, 29.85, 30.0, 30.0, 30.1, 30.05, 30.1, 30.2, 30.25, 30.2, 30.15, 30.15, 30.15, 30.35, 30.3, 30.25, 30.25, 30.15, 30.15, 30.0, 29.95, 30.0, 30.05, 30.15, 30.25, 30.2, 30.15, 30.0, 29.9, 29.9, 29.95, 30.0, 29.95, 29.9, 29.8, 29.85, 29.85, 29.9, 30.15, 30.1, 30.05, 30.0, 29.95, 29.95, 29.95, 29.95, 29.95, 29.95, 30.1, 30.3, 30.15, 30.2, 30.2, 30.1, 30.15, 30.15, 30.15, 30.15, 30.1, 30.1, 30.1, 30.25, 30.25, 30.05, 30.15, 30.2, 30.2, 30.2, 30.2, 30.2, 30.15, 30.2, 30.15, 30.2, 30.2, 30.15, 30.2, 30.15, 30.1, 30.0, 30.0, 30.0, 30.0, 30.0, 29.95, 29.95, 29.95, 29.9, 29.9, 29.85, 29.75, 29.7, 29.85, 29.95, 29.85, 29.85, 29.85, 29.85, 29.9, 29.9, 29.85, 29.85, 30.0, 29.95, 29.9, 29.9, 29.85, 29.9, 29.9, 29.85, 29.85, 29.85, 29.85, 29.9, 30.0, 29.95, 29.95, 29.6, 29.8, 29.7, 29.65, 29.65, 29.75, 29.65, 29.65, 29.6, 29.35, 29.45, 29.5, 29.6, 29.75, 29.7, 29.55, 29.6, 29.55, 29.55, 29.55, 29.5, 29.45, 29.45, 29.55, 29.55, 29.5, 29.45, 29.45, 29.35, 29.1, 29.15, 29.3, 29.35, 29.3, 29.3, 29.25, 29.2, 29.25, 29.25, 29.2, 29.3, 29.35, 29.25, 29.25, 29.2, 29.25, 29.15, 29.15, 29.05, 29.15, 29.45, 29.4, 29.45, 29.55, 29.6, 29.65, 29.8, 29.95, 29.9, 29.8, 29.8, 29.85, 29.75, 29.65, 29.75, 29.4, 29.25, 29.25, 29.3]",True,False,False,,122.3257359,-2.713983231312505,False,3030.0,5.200283700704973,1751.3400000000001,3.005763979007474,5129.79,8.80408030529352,493.89000000000004,0.8476462432149106,"富邦證券(5,129.79萬)／凱基-台北(4,120.80萬)／凱基-城中(3,030.00萬)",True,False,3
2026-06-29,7795,TSE,2026-06-30,506.0,1.250975402332726,2,True,False,True,0.0,0.0,False,9.881422924901186,506.0,556.0,556.0,551.0,556.0,556.0,2026-06-30,d1_close,2026,"[556.0, 556.0, 556.0, 556.0, 556.0, 556.0, 556.0, 556.0, 556.0, 556.0, 556.0, 556.0, 556.0, 556.0, 556.0, 556.0, 556.0, 556.0, 556.0, 556.0, 556.0, 556.0, 556.0, 556.0, 556.0, 556.0, 556.0, 556.0, 556.0, 556.0, 556.0, 556.0, 556.0, 556.0, 556.0, 556.0, 556.0, 556.0, 556.0, 556.0, 556.0, 556.0, 556.0, 556.0, 556.0, 556.0, 556.0, 556.0, 556.0, 556.0, 556.0, 556.0, 556.0, 556.0, 556.0, 556.0, 556.0, 556.0, 556.0]",True,False,False,,398.87221,-2.713983231312505,False,10828.4,26.770873609920336,0.0,0.0,0.0,0.0,506.0,1.250975402332726,"凱基-城中(10,828.40萬)／元大-三民(1,568.60萬)／美商高盛(1,062.60萬)",True,False,1
2026-06-29,8069,OTC,2026-06-30,35821.5,25.472023857859185,1,True,False,False,5.921052631578947,1.7543859649122806,True,6.293706293706294,214.5,228.0,232.0,209.5,214.5,214.5,2026-06-30,d1_close,2026,"[230.0, 227.5, 226.0, 228.0, 227.5, 227.5, 225.5, 226.0, 225.5, 224.5, 224.5, 223.5, 220.5, 219.5, 218.0, 219.5, 220.5, 219.5, 217.5, 218.5, 218.5, 219.0, 217.5, 217.0, 217.0, 216.5, 216.5, 216.0, 216.0, 214.0, 216.5, 215.5, 215.0, 215.0, 215.0, 213.5, 213.0, 213.0, 213.0, 211.5, 211.5, 211.5, 211.5, 212.5, 213.0, 212.5, 212.0, 212.0, 213.0, 212.5, 212.0, 212.5, 212.5, 212.5, 211.5, 211.5, 211.5, 211.0, 210.0, 209.5, 210.0, 210.0, 211.5, 211.5, 212.0, 211.5, 213.0, 213.5, 213.5, 212.0, 212.0, 213.5, 214.0, 214.0, 213.0, 212.5, 212.0, 212.0, 212.5, 213.5, 213.5, 214.0, 214.0, 212.5, 213.5, 212.0, 212.0, 212.0, 212.5, 212.0, 212.5, 212.5, 213.0, 213.5, 212.5, 212.5, 212.5, 212.5, 212.0, 212.0, 211.5, 211.5, 211.5, 211.0, 212.0, 213.5, 214.0, 213.5, 213.5, 214.0, 213.5, 213.5, 213.5, 214.0, 214.0, 214.0, 214.5, 215.0, 216.5, 217.5, 216.5, 216.0, 216.5, 216.0, 215.0, 214.0, 214.5, 214.5, 214.0, 214.5, 214.5, 215.0, 214.0, 213.5, 214.0, 214.0, 214.0, 214.5, 213.5, 213.0, 213.0, 213.0, 213.0, 213.0, 213.0, 213.5, 213.5, 213.5, 213.5, 213.5, 213.0, 213.5, 213.5, 214.0, 214.0, 213.5, 213.5, 213.5, 213.5, 213.5, 214.0, 214.0, 214.0, 214.5, 214.5, 215.0, 215.0, 215.0, 215.0, 215.0, 215.0, 215.0, 215.0, 215.0, 215.5, 215.0, 215.0, 215.0, 215.0, 215.0, 215.0, 214.0, 214.0, 214.5, 214.5, 214.5, 215.0, 215.0, 215.0, 215.0, 215.0, 215.5, 215.5, 215.5, 216.0, 216.5, 216.5, 216.0, 216.5, 216.5, 217.0, 217.0, 217.0, 217.0, 216.5, 217.0, 217.0, 216.5, 216.5, 215.5, 215.0, 215.5, 216.0, 216.0, 216.0, 216.5, 216.5, 216.5, 217.5, 217.0, 217.5, 217.5, 217.5, 217.5, 218.0, 219.0, 219.0, 217.5, 218.5, 219.0, 218.5, 219.0, 218.5, 218.5, 218.5, 218.0, 218.0, 218.0, 218.0, 218.0, 217.5, 218.0, 218.5, 218.0, 218.0, 219.0, 219.0, 218.5, 218.5, 218.5, 218.5, 218.5, 218.0, 218.5, 218.0, 218.0, 218.0, 218.0, 218.0, 217.5, 218.0, 217.5, 218.0, 218.5, 218.0, 214.5]",True,False,False,,2499.489564,-2.713983231312505,False,0.0,0.0,0.0,0.0,9523.8,6.7722027502332205,35821.5,25.472023857859185,"台新-台北(35,821.50萬)／摩根大通(20,592.00萬)／台灣摩根士丹利(15,808.65萬)",True,False,1
2026-06-30,2406,TSE,2026-07-01,20231.2,7.735425902921844,2,True,False,False,10.66666666666666,2.1111111111111174,True,7.655502392344504,41.8,45.0,45.95,39.8,40.2,40.2,2026-07-01,d1_close,2026,"[45.25, 45.8, 45.95, 45.95, 45.95, 45.95, 45.95, 45.95, 45.95, 45.95, 45.95, 45.95, 45.95, 45.95, 45.95, 45.95, 45.95, 45.95, 45.95, 45.95, 45.95, 45.95, 45.95, 45.95, 45.95, 45.95, 45.95, 45.95, 45.95, 45.95, 45.95, 45.95, 45.95, 45.95, 45.95, 45.95, 45.95, 45.95, 45.95, 45.95, 45.95, 45.35, 45.55, 45.3, 45.2, 44.9, 45.25, 45.15, 45.05, 45.15, 45.35, 45.45, 45.7, 45.6, 45.65, 45.25, 45.2, 44.5, 44.25, 44.4, 44.6, 44.6, 44.8, 45.0, 45.2, 45.1, 44.9, 44.95, 44.65, 44.8, 44.6, 44.5, 44.5, 44.9, 44.7, 44.5, 44.85, 44.75, 44.7, 44.35, 44.25, 44.3, 44.35, 44.5, 44.5, 44.4, 44.45, 44.45, 44.35, 44.45, 44.3, 43.9, 44.05, 44.1, 44.15, 44.0, 43.9, 43.9, 43.9, 43.85, 43.95, 43.85, 43.9, 43.9, 43.95, 44.0, 44.15, 43.85, 43.9, 43.8, 43.7, 43.65, 43.8, 43.8, 43.7, 43.65, 43.55, 43.25, 43.55, 43.5, 43.35, 43.3, 43.35, 43.25, 43.3, 43.2, 43.05, 43.0, 43.15, 43.2, 43.1, 43.05, 43.0, 43.0, 42.7, 42.75, 42.65, 42.55, 42.45, 42.6, 42.65, 42.65, 42.7, 42.65, 42.65, 42.7, 42.35, 42.4, 42.7, 42.55, 42.5, 42.65, 42.65, 42.65, 42.35, 42.3, 42.35, 42.35, 42.3, 42.35, 42.25, 42.25, 42.15, 42.35, 42.2, 42.25, 42.3, 42.2, 42.1, 42.05, 41.85, 42.0, 42.1, 42.25, 42.55, 42.4, 42.4, 42.4, 42.25, 42.25, 42.35, 42.25, 42.2, 42.2, 42.2, 42.15, 42.1, 42.05, 41.9, 41.95, 42.0, 42.0, 41.95, 41.95, 41.4, 41.4, 41.45, 41.65, 41.75, 41.8, 41.95, 41.85, 41.75, 41.75, 41.65, 41.5, 41.35, 41.25, 41.3, 41.35, 41.6, 41.65, 41.55, 41.5, 41.5, 41.4, 41.35, 41.3, 41.3, 41.3, 41.25, 41.15, 41.3, 41.3, 41.2, 41.15, 41.2, 41.15, 41.0, 41.0, 41.1, 41.0, 40.95, 40.9, 40.95, 40.9, 40.85, 40.8, 40.7, 41.0, 40.85, 40.85, 40.65, 40.55, 40.6, 40.7, 40.7, 40.65, 40.55, 40.7, 40.65, 40.35, 40.45, 40.3, 40.3, 40.2, 40.3, 40.2, 40.2, 40.15, 40.05, 40.05, 39.9, 39.9, 40.0, 40.2]",True,False,False,,146.6785826,3.486849072147928,False,-37477.88,-14.329716662313482,0.0,0.0,1713.8,0.6552736818590819,20231.2,7.735425902921844,"台新-台北(20,231.20萬)／摩根大通(16,184.96萬)／新加坡商瑞銀(9,346.48萬)",True,False,2
2026-06-30,5483,OTC,2026-07-01,9432.0,2.083636186274244,1,True,False,False,-4.485488126649076,4.485488126649076,False,5.277777777777778,180.0,189.5,198.0,189.0,198.0,198.0,2026-07-01,d1_close,2026,"[196.0, 198.0, 198.0, 198.0, 198.0, 197.5, 198.0, 198.0, 197.0, 197.5, 198.0, 198.0, 197.0, 197.5, 197.0, 198.0, 198.0, 198.0, 198.0, 198.0, 198.0, 198.0, 198.0, 198.0, 198.0, 198.0, 198.0, 198.0, 198.0, 198.0, 198.0, 198.0, 198.0, 198.0, 198.0, 198.0, 198.0, 196.5, 195.5, 195.5, 194.0, 195.5, 195.0, 194.5, 195.5, 196.5, 195.0, 195.0, 196.0, 196.0, 194.5, 195.0, 195.0, 195.5, 195.5, 197.0, 196.5, 197.0, 197.5, 198.0, 198.0, 198.0, 198.0, 198.0, 198.0, 198.0, 198.0, 198.0, 198.0, 198.0, 198.0, 198.0, 198.0, 198.0, 198.0, 198.0, 198.0, 198.0, 198.0, 198.0, 198.0, 198.0, 198.0, 198.0, 198.0, 198.0, 198.0, 198.0, 198.0, 198.0, 198.0, 198.0, 198.0, 198.0, 198.0, 198.0, 198.0, 198.0, 198.0, 198.0, 198.0, 198.0, 198.0, 198.0, 198.0, 198.0, 198.0, 198.0, 198.0, 198.0, 198.0, 198.0, 198.0, 198.0, 198.0, 198.0, 198.0, 198.0, 198.0, 198.0, 198.0, 198.0, 198.0, 198.0, 198.0, 198.0, 198.0, 198.0, 198.0, 198.0, 198.0, 198.0, 198.0, 198.0, 198.0, 198.0, 198.0, 198.0, 198.0, 198.0, 198.0, 198.0, 198.0, 198.0, 198.0, 198.0, 198.0, 198.0, 198.0, 198.0, 198.0, 198.0, 198.0, 198.0, 198.0, 198.0, 198.0, 198.0, 198.0, 198.0, 198.0, 198.0, 198.0, 198.0, 198.0, 198.0, 198.0, 198.0, 198.0, 198.0, 198.0, 198.0, 198.0, 198.0, 198.0, 198.0, 198.0, 198.0, 198.0, 198.0, 198.0, 198.0, 198.0, 198.0, 198.0, 198.0, 198.0, 198.0, 198.0, 198.0, 198.0, 198.0, 198.0, 198.0, 198.0, 198.0, 198.0, 198.0, 198.0, 198.0, 198.0, 198.0, 198.0, 198.0, 198.0, 198.0, 198.0, 198.0, 198.0, 198.0, 198.0, 198.0, 198.0, 198.0, 198.0, 198.0, 198.0, 198.0, 198.0, 198.0, 198.0, 198.0, 198.0, 198.0, 198.0, 198.0, 198.0, 198.0, 198.0, 198.0, 198.0, 198.0, 198.0, 198.0, 198.0, 198.0, 198.0, 198.0, 198.0, 198.0, 198.0, 198.0, 198.0, 198.0, 198.0, 198.0, 198.0, 198.0, 198.0, 198.0, 198.0, 198.0, 198.0, 198.0, 198.0, 198.0, 198.0, 198.0, 198.0, 198.0, 198.0]",True,False,False,,1154.19906,3.486849072147928,False,0.0,0.0,0.0,0.0,7128.0,1.5746563545125962,9432.0,2.083636186274244,"中國信託(17,478.00萬)／港商麥格理(16,938.00萬)／港商野村(15,858.00萬)",True,False,1
2026-06-30,6182,OTC,2026-07-01,60958.8,20.901115080633836,1,True,True,True,0.0,0.0,False,9.75609756097561,123.0,135.0,135.0,135.0,135.0,135.0,2026-07-01,d1_close,2026,"[135.0, 135.0, 135.0, 135.0, 135.0, 135.0, 135.0, 135.0, 135.0, 135.0, 135.0, 135.0, 135.0, 135.0, 135.0, 135.0, 135.0, 135.0, 135.0, 135.0, 135.0, 135.0, 135.0, 135.0, 135.0, 135.0, 135.0, 135.0, 135.0, 135.0, 135.0, 135.0, 135.0, 135.0, 135.0, 135.0, 135.0, 135.0, 135.0, 135.0, 135.0, 135.0, 135.0, 135.0, 135.0, 135.0, 135.0, 135.0, 135.0, 135.0, 135.0, 135.0, 135.0, 135.0, 135.0, 135.0, 135.0, 135.0, 135.0, 135.0, 135.0, 135.0, 135.0, 135.0, 135.0, 135.0, 135.0, 135.0, 135.0, 135.0, 135.0, 135.0, 135.0, 135.0, 135.0, 135.0, 135.0, 135.0, 135.0, 135.0, 135.0, 135.0, 135.0, 135.0, 135.0, 135.0, 135.0, 135.0, 135.0, 135.0, 135.0, 135.0, 135.0, 135.0, 135.0, 135.0, 135.0, 135.0, 135.0, 135.0, 135.0, 135.0, 135.0, 135.0, 135.0, 135.0, 135.0, 135.0, 135.0, 135.0, 135.0, 135.0, 135.0, 135.0, 135.0, 135.0, 135.0, 135.0, 135.0, 135.0, 135.0, 135.0, 135.0, 135.0, 135.0, 135.0, 135.0, 135.0, 135.0, 135.0, 135.0, 135.0, 135.0, 135.0, 135.0, 135.0, 135.0, 135.0, 135.0, 135.0, 135.0, 135.0, 135.0, 135.0, 135.0, 135.0, 135.0, 135.0, 135.0, 135.0, 135.0, 135.0, 135.0, 135.0, 135.0, 135.0, 135.0, 135.0, 135.0, 135.0, 135.0, 135.0, 135.0, 135.0, 135.0, 135.0, 135.0, 135.0, 135.0, 135.0, 135.0, 135.0, 135.0, 135.0, 135.0, 135.0, 135.0, 135.0, 135.0, 135.0, 135.0, 135.0, 135.0, 135.0, 135.0, 135.0, 135.0, 135.0, 135.0, 135.0, 135.0, 135.0, 135.0, 135.0, 135.0, 135.0, 135.0, 135.0, 135.0, 135.0, 135.0, 135.0, 135.0, 135.0, 135.0, 135.0, 135.0, 135.0, 135.0, 135.0, 135.0, 135.0, 135.0, 135.0, 135.0, 135.0, 135.0, 135.0, 135.0, 135.0, 135.0, 135.0, 135.0, 135.0, 135.0, 135.0, 135.0, 135.0, 135.0, 135.0, 135.0, 135.0, 135.0, 135.0, 135.0, 135.0, 135.0, 135.0, 135.0, 135.0, 135.0, 135.0, 135.0, 135.0, 135.0, 135.0, 135.0, 135.0, 135.0, 135.0, 135.0, 135.0, 135.0, 135.0, 135.0, 135.0, 135.0, 135.0, 135.0, 135.0, 135.0, 135.0, 135.0, 135.0]",True,False,False,,705.578799,3.486849072147928,False,0.0,0.0,0.0,0.0,49347.6,16.919950303370246,60958.8,20.901115080633833,"台新-台北(60,958.80萬)／富邦證券(49,347.60萬)／元大證券(26,039.10萬)",True,False,1
2026-06-30,6435,OTC,2026-07-01,1126.85,1.2025977554400022,1,True,False,False,4.161073825503356,4.295302013422819,True,2.4759284731774414,363.5,372.5,388.5,352.5,357.0,357.0,2026-07-01,d1_close,2026,"[377.0, 377.5, 377.0, 385.5, 385.0, 378.0, 381.5, 387.5, 384.0, 382.0, 381.0, 381.5, 384.0, 385.0, 383.0, 381.0, 382.5, 382.0, 381.0, 381.0, 381.5, 381.5, 381.0, 382.5, 381.0, 380.5, 382.0, 384.0, 382.0, 383.0, 380.5, 375.0, 371.5, 371.0, 372.5, 370.5, 368.5, 368.5, 369.5, 369.0, 368.0, 369.0, 370.0, 369.0, 372.5, 371.5, 371.0, 375.0, 377.5, 377.0, 376.0, 375.5, 375.0, 375.0, 377.0, 376.0, 377.0, 376.5, 379.0, 378.0, 376.5, 375.5, 375.5, 375.5, 376.0, 373.0, 373.5, 374.5, 375.0, 378.0, 377.0, 375.5, 375.0, 375.5, 375.5, 375.5, 376.0, 376.0, 376.0, 376.0, 376.0, 376.0, 376.0, 375.0, 374.5, 374.0, 374.0, 373.0, 372.0, 372.5, 372.5, 373.0, 373.5, 374.5, 375.0, 374.5, 377.0, 377.5, 377.5, 377.5, 377.5, 377.5, 377.5, 378.0, 377.0, 377.0, 377.0, 375.0, 374.5, 374.5, 375.5, 374.0, 373.0, 373.0, 373.5, 373.0, 370.5, 368.0, 370.0, 370.5, 372.5, 371.5, 371.5, 371.0, 371.5, 371.5, 370.0, 370.0, 370.0, 369.5, 368.0, 369.0, 369.5, 368.0, 368.0, 368.0, 368.0, 368.0, 368.0, 368.5, 369.0, 369.0, 369.5, 370.0, 370.0, 369.5, 369.0, 368.5, 367.5, 367.5, 368.0, 367.5, 368.0, 367.5, 366.5, 365.5, 365.0, 365.0, 365.0, 364.0, 364.0, 365.0, 364.5, 365.0, 365.0, 365.5, 366.0, 365.5, 365.5, 365.0, 365.0, 365.0, 365.0, 365.0, 364.0, 364.0, 363.0, 362.0, 359.5, 359.0, 358.0, 357.5, 357.0, 357.5, 357.5, 357.5, 359.5, 359.0, 356.5, 357.0, 357.5, 361.5, 361.0, 363.5, 363.5, 363.0, 363.0, 362.0, 360.5, 360.5, 360.5, 360.5, 360.0, 360.0, 360.0, 360.0, 360.0, 360.0, 361.0, 362.0, 361.0, 360.5, 360.0, 360.0, 360.0, 359.0, 358.0, 358.0, 358.5, 357.5, 357.5, 356.5, 356.0, 354.5, 354.0, 354.5, 354.5, 354.5, 354.0, 354.5, 355.0, 355.5, 355.0, 355.5, 355.5, 355.5, 355.0, 355.0, 355.0, 354.5, 354.0, 353.5, 352.5, 357.0]",True,False,False,,136.1718255,3.486849072147928,False,0.0,0.0,0.0,0.0,0.0,0.0,1126.85,1.2025977554400022,"凱基(6,506.65萬)／國票-安和(2,399.10萬)／新光(2,253.70萬)",True,False,0
2026-06-30,6831,TSE,2026-07-01,2968.2,1.58745451967804,1,True,False,False,4.746835443037975,0.7383966244725738,True,8.59106529209622,873.0,948.0,955.0,877.0,903.0,903.0,2026-07-01,d1_close,2026,"[935.0, 928.0, 917.0, 909.0, 912.0, 907.0, 932.0, 930.0, 915.0, 910.0, 908.0, 905.0, 904.0, 905.0, 907.0, 895.0, 893.0, 900.0, 904.0, 900.0, 908.0, 910.0, 910.0, 939.0, 940.0, 936.0, 935.0, 934.0, 937.0, 937.0, 930.0, 935.0, 928.0, 929.0, 926.0, 930.0, 925.0, 928.0, 927.0, 926.0, 922.0, 925.0, 923.0, 920.0, 920.0, 920.0, 923.0, 925.0, 933.0, 930.0, 930.0, 931.0, 935.0, 938.0, 940.0, 940.0, 937.0, 935.0, 932.0, 935.0, 937.0, 936.0, 936.0, 932.0, 932.0, 934.0, 936.0, 935.0, 932.0, 934.0, 933.0, 943.0, 943.0, 945.0, 946.0, 947.0, 946.0, 949.0, 947.0, 945.0, 935.0, 939.0, 948.0, 947.0, 948.0, 950.0, 946.0, 945.0, 945.0, 949.0, 947.0, 946.0, 944.0, 942.0, 943.0, 942.0, 946.0, 944.0, 945.0, 947.0, 945.0, 945.0, 945.0, 945.0, 942.0, 944.0, 940.0, 942.0, 939.0, 939.0, 938.0, 938.0, 937.0, 936.0, 933.0, 933.0, 932.0, 931.0, 931.0, 931.0, 930.0, 921.0, 920.0, 915.0, 912.0, 918.0, 919.0, 919.0, 919.0, 888.0, 923.0, 919.0, 916.0, 917.0, 916.0, 916.0, 918.0, 918.0, 918.0, 913.0, 914.0, 914.0, 913.0, 912.0, 912.0, 912.0, 908.0, 911.0, 910.0, 908.0, 900.0, 899.0, 895.0, 902.0, 900.0, 896.0, 896.0, 900.0, 899.0, 890.0, 890.0, 893.0, 896.0, 895.0, 887.0, 894.0, 892.0, 890.0, 890.0, 890.0, 890.0, 890.0, 890.0, 891.0, 898.0, 892.0, 892.0, 891.0, 890.0, 892.0, 890.0, 890.0, 890.0, 890.0, 892.0, 890.0, 890.0, 889.0, 888.0, 888.0, 888.0, 888.0, 889.0, 890.0, 889.0, 887.0, 884.0, 881.0, 883.0, 881.0, 887.0, 889.0, 889.0, 890.0, 887.0, 887.0, 889.0, 888.0, 888.0, 885.0, 886.0, 885.0, 885.0, 885.0, 883.0, 883.0, 894.0, 903.0]",True,False,False,,589.275,3.486849072147928,False,0.0,0.0,0.0,0.0,0.0,0.0,2968.2,1.5874545196780399,"凱基-台北(86,252.40萬)／香港上海匯豐(6,111.00萬)／統一-敦南(4,365.00萬)",True,False,0
2026-06-30,8261,TSE,2026-07-01,1244.3,0.6593812138187413,1,True,False,True,0.0,0.0,False,9.981515711645102,270.5,297.5,297.5,291.5,297.5,297.5,2026-07-01,d1_close,2026,"[297.5, 297.5, 297.5, 297.5, 297.5, 297.5, 297.5, 297.5, 297.5, 297.5, 297.5, 297.5, 297.5, 297.5, 297.5, 297.5, 297.5, 297.5, 297.5, 297.5, 297.5, 297.5, 297.5, 297.5, 297.5, 297.5, 297.5, 297.5, 297.5, 297.5, 297.5, 297.5, 297.5, 297.5, 297.5, 297.5, 297.5, 297.5, 293.5, 295.0, 292.5, 295.0, 295.0, 297.5, 297.5, 297.5, 297.5, 297.5, 297.5, 297.5, 297.5, 297.5, 297.5, 297.5, 297.5, 297.5, 297.5, 297.5, 297.5, 297.5, 297.5, 297.5, 297.5, 297.5, 297.5, 297.5, 297.5, 297.5, 297.5, 297.5, 297.5, 297.5, 297.5, 297.5, 297.5, 297.5, 297.5, 297.5, 297.5, 297.5, 297.5, 297.5, 297.5, 297.5, 297.5, 297.5, 297.5, 297.5, 297.5, 297.5, 297.5, 297.5, 297.5, 297.5, 297.5, 297.5, 297.5, 297.5, 297.5, 297.5, 297.5, 297.5, 297.5, 297.5, 297.5, 297.5, 297.5, 297.5, 297.5, 297.5, 297.5, 297.5, 297.5, 297.5, 297.5, 297.5, 297.5, 297.5, 297.5, 297.5, 297.5, 297.5, 297.5, 297.5, 297.5, 297.5, 297.5, 297.5, 297.5, 297.5, 297.5, 297.5, 297.5, 297.5, 297.5, 297.5, 297.5, 297.5, 297.5, 297.5, 297.5, 297.5, 297.5, 297.5, 297.5, 297.5, 297.5, 297.5, 297.5, 297.5, 297.5, 297.5, 297.5, 297.5, 297.5, 297.5, 297.5, 297.5, 297.5, 297.5, 297.5, 297.5, 297.5, 297.5, 297.5, 297.5, 297.5, 297.5, 297.5, 297.5, 297.5, 297.5, 297.5, 297.5, 297.5, 297.5, 297.5, 297.5, 297.5, 297.5, 297.5, 297.5, 297.5, 297.5, 297.5, 297.5, 297.5, 297.5, 297.5, 297.5, 297.5, 297.5, 297.5, 297.5, 297.5, 297.5, 297.5, 297.5, 297.5, 297.5, 297.5, 297.5, 297.5, 297.5, 297.5, 297.5, 297.5, 297.5, 297.5, 297.5, 297.5, 297.5, 297.5, 297.5, 297.5, 297.5]",True,False,False,,321.566072,3.486849072147928,False,0.0,0.0,0.0,0.0,16798.05,8.901646386553006,1244.3,0.6593812138187413,"凱基-信義(43,712.80萬)／富邦證券(16,798.05萬)／永豐金-敦北(11,847.90萬)",True,False,1
2026-07-01,2484,TSE,2026-07-02,1125.18,0.8538503288127774,1,True,False,False,-8.94409937888199,8.94409937888199,False,0.877192982456144,79.8,80.5,87.7,79.2,87.7,87.7,2026-07-02,d1_close,2026,"[83.3, 82.2, 83.0, 83.2, 84.3, 84.8, 85.2, 84.9, 83.6, 83.5, 84.1, 84.2, 82.8, 82.4, 81.5, 81.1, 80.9, 80.9, 79.5, 80.5, 80.9, 80.9, 81.0, 81.5, 82.0, 82.1, 82.2, 82.4, 83.9, 85.3, 84.5, 84.9, 84.7, 84.3, 85.0, 85.1, 86.4, 87.0, 86.9, 87.2, 87.7, 87.7, 87.7, 87.7, 87.7, 87.7, 87.7, 87.7, 87.7, 87.7, 87.7, 87.7, 87.7, 87.7, 87.7, 87.7, 87.7, 87.7, 87.7, 87.7, 87.7, 87.7, 87.7, 87.7, 87.7, 87.7, 87.7, 87.7, 87.7, 87.7, 87.7, 87.7, 87.7, 87.7, 87.7, 87.7, 87.7, 87.7, 87.7, 87.7, 87.7, 87.7, 87.7, 87.7, 87.7, 87.7, 87.7, 87.7, 87.7, 87.7, 87.7, 87.7, 87.7, 87.7, 87.7, 87.7, 87.7, 87.7, 87.7, 87.7, 87.7, 87.7, 87.7, 87.7, 87.7, 87.7, 87.7, 87.7, 87.7, 87.7, 87.7, 87.7, 87.7, 87.7, 87.7, 87.7, 87.7, 87.7, 87.7, 87.7, 87.7, 87.7, 87.7, 87.7, 87.7, 87.7, 87.7, 87.7, 87.7, 87.7, 87.7, 87.7, 87.7, 87.7, 87.7, 87.7, 87.7, 87.7, 87.7, 87.7, 87.7, 87.7, 87.7, 87.7, 87.7, 87.7, 87.7, 87.7, 87.7, 87.7, 87.7, 87.7, 87.7, 87.7, 87.7, 87.7, 87.7, 87.7, 87.7, 87.7, 87.7, 87.7, 87.7, 87.7, 87.7, 87.7, 87.7, 87.7, 87.7, 87.7, 87.7, 87.7, 87.7, 87.7, 87.7, 87.7, 87.7, 87.7, 87.7, 87.7, 87.7, 87.7, 87.7, 87.7, 87.7, 87.7, 87.7, 87.7, 87.7, 87.7, 87.7, 87.7, 87.7, 87.7, 87.7, 87.7, 87.7, 87.7, 87.7, 87.7, 87.7, 87.7, 87.7, 87.7, 87.7, 87.7, 87.7, 87.7, 87.7, 87.7, 87.7, 87.7, 87.7, 87.7, 87.7, 87.7, 87.7, 87.7, 87.7, 87.7, 87.7, 87.7, 87.7, 87.7, 87.7, 87.7, 87.7, 87.7, 87.7, 87.7, 87.7, 87.7, 87.7, 87.7, 87.7, 87.7, 87.7, 87.7, 87.7, 87.7, 87.7, 87.7, 87.7, 87.7, 87.7, 87.7, 87.7, 87.7, 87.7, 87.7, 87.7, 87.7, 87.7, 87.7, 87.7, 87.7, 87.7, 87.7]",True,False,False,,127.217958,4.486876637503631,False,64231.02,48.742136855418764,0.0,0.0,0.0,0.0,1125.1799999999998,0.8538503288127772,"凱基-城中(64,231.02萬)／摩根大通(13,342.56萬)／凱基-台北(7,804.44萬)",True,False,1
2026-07-02,1515,TSE,2026-07-03,311.6,1.086315907903476,2,True,False,False,-7.6923076923076925,9.743589743589736,False,0.1283697047496717,38.95,39.0,42.8,38.05,42.0,42.0,2026-07-03,d1_close,2026,"[39.9, 40.2, 40.0, 40.6, 40.25, 40.55, 40.75, 40.3, 40.25, 39.75, 39.85, 39.8, 40.4, 40.3, 40.45, 41.3, 40.95, 40.95, 40.9, 40.6, 40.6, 40.8, 40.5, 40.5, 40.8, 40.9, 40.8, 40.8, 40.5, 40.45, 40.55, 40.5, 40.5, 40.75, 40.5, 40.75, 41.2, 41.3, 41.25, 41.3, 41.1, 40.85, 41.0, 40.95, 40.8, 40.55, 41.1, 41.05, 41.0, 40.8, 40.95, 40.9, 40.8, 40.85, 40.65, 40.65, 40.7, 40.6, 40.6, 40.6, 40.4, 40.4, 40.25, 40.2, 40.4, 40.6, 40.55, 40.7, 40.55, 40.6, 40.5, 40.5, 40.45, 40.45, 40.45, 40.6, 40.85, 40.9, 41.05, 41.0, 41.0, 41.4, 41.2, 41.2, 41.1, 41.1, 41.15, 41.15, 41.05, 41.0, 40.85, 40.9, 41.0, 41.2, 41.15, 41.1, 40.85, 40.8, 40.9, 40.9, 40.85, 40.8, 40.85, 40.85, 40.8, 40.85, 40.8, 40.6, 40.8, 40.6, 40.2, 40.1, 40.0, 39.8, 40.0, 39.95, 39.85, 39.85, 39.45, 39.3, 39.4, 39.2, 38.95, 39.0, 38.85, 38.95, 38.8, 38.8, 38.85, 39.05, 39.0, 39.05, 39.0, 39.0, 39.1, 39.45, 39.3, 39.35, 39.4, 39.65, 39.6, 39.7, 39.55, 39.35, 39.3, 39.35, 39.55, 39.65, 39.6, 39.55, 39.3, 39.2, 39.2, 39.2, 39.2, 39.15, 39.25, 39.3, 39.3, 39.3, 39.3, 39.3, 39.05, 39.15, 39.15, 39.3, 39.55, 39.45, 39.5, 39.5, 39.35, 39.35, 39.35, 39.25, 39.3, 39.4, 39.45, 39.55, 39.5, 39.55, 39.55, 39.55, 39.55, 39.5, 39.6, 39.6, 39.6, 39.6, 39.6, 39.6, 39.95, 39.85, 39.85, 39.75, 39.7, 39.75, 39.8, 39.8, 39.75, 39.7, 39.55, 39.55, 39.55, 39.7, 39.7, 39.75, 39.8, 39.85, 39.85, 39.95, 40.0, 40.0, 40.05, 40.6, 40.45, 40.85, 40.8, 40.45, 40.55, 40.65, 41.0, 41.25, 41.15, 40.95, 40.85, 41.15, 41.1, 40.95, 41.0, 41.2, 41.25, 41.4, 41.4, 41.55, 41.4, 41.8, 41.9, 41.9, 41.95, 41.95, 41.9, 42.4, 42.45, 42.2, 42.35, 42.1, 42.05, 41.95, 41.75, 42.45, 42.25, 42.1, 42.3, 42.1, 42.3, 42.3, 42.15, 42.35, 42.35, 42.2, 42.0]",True,False,False,,70.68392825,1.340352959974123,False,0.0,0.0,0.0,0.0,0.0,0.0,311.6,1.086315907903476,"摩根大通(2,527.86萬)／台灣摩根士丹利(1,935.82萬)／元大-高雄(705.00萬)",True,False,0
2026-07-02,2484,TSE,2026-07-03,3525.54,0.5999587498876634,2,True,False,False,-2.662406815761448,2.662406815761448,False,7.0695553021664805,87.7,93.9,96.4,88.0,96.4,96.4,2026-07-03,d1_close,2026,"[94.2, 93.3, 92.8, 91.7, 93.0, 91.9, 91.8, 90.9, 91.0, 90.4, 90.0, 89.7, 90.8, 90.5, 91.2, 91.5, 91.7, 91.5, 93.7, 93.0, 92.1, 93.1, 92.5, 92.6, 91.6, 91.5, 92.0, 92.1, 91.6, 91.4, 91.0, 90.9, 91.0, 91.2, 91.4, 91.2, 91.4, 91.7, 91.8, 92.0, 91.4, 92.8, 92.0, 91.1, 91.2, 91.0, 90.9, 91.4, 91.5, 91.1, 91.0, 91.0, 91.0, 90.9, 90.7, 91.0, 91.1, 90.9, 90.6, 90.7, 91.2, 91.5, 91.4, 91.3, 91.0, 91.3, 91.2, 91.1, 91.0, 91.4, 91.1, 91.3, 91.0, 91.1, 91.4, 91.4, 91.6, 91.3, 91.2, 91.0, 91.2, 91.0, 90.9, 90.0, 90.3, 90.2, 89.8, 89.6, 90.0, 90.3, 90.0, 89.8, 89.9, 89.8, 89.9, 89.6, 89.1, 89.5, 89.7, 89.8, 89.8, 89.7, 89.3, 88.5, 88.9, 89.0, 88.7, 88.6, 88.9, 89.4, 89.0, 88.9, 88.6, 89.4, 89.3, 89.6, 89.7, 89.5, 89.6, 89.1, 88.8, 88.4, 88.3, 88.5, 88.7, 88.8, 88.8, 88.6, 88.6, 88.5, 89.3, 89.1, 88.9, 89.0, 88.9, 89.0, 89.1, 89.0, 88.6, 88.6, 89.3, 89.4, 89.5, 89.6, 89.7, 89.8, 89.8, 90.2, 90.1, 90.0, 90.4, 90.4, 90.3, 90.5, 90.5, 90.5, 90.8, 90.7, 91.1, 91.0, 90.8, 90.6, 90.0, 90.1, 90.4, 90.2, 90.8, 91.7, 92.9, 92.9, 92.4, 93.4, 92.6, 92.7, 92.5, 92.0, 92.2, 92.3, 91.9, 92.3, 91.8, 91.7, 91.6, 91.5, 91.6, 91.3, 91.4, 91.6, 91.8, 91.9, 91.6, 91.6, 91.4, 91.3, 91.1, 91.2, 91.1, 91.3, 91.4, 91.6, 91.5, 91.7, 91.8, 91.4, 91.2, 91.1, 91.6, 91.5, 91.5, 91.5, 91.4, 91.5, 91.3, 91.8, 92.0, 91.6, 91.5, 91.6, 91.5, 91.8, 91.5, 91.6, 91.4, 91.5, 91.5, 91.7, 91.7, 92.0, 91.8, 91.9, 91.9, 93.0, 93.6, 93.0, 94.2, 94.0, 95.0, 96.4, 96.4, 96.4, 96.4, 96.4, 96.4, 96.4, 96.4, 96.4, 96.4, 96.4, 96.4, 96.4, 96.4, 96.4, 96.4, 96.4, 96.4, 96.4, 96.4, 96.4, 96.4, 96.4, 96.4, 96.4, 96.4, 96.4, 96.4, 96.4]",True,False,False,,139.812217,1.340352959974123,False,-53874.11,-9.168026369552031,10506.460000000001,1.787936772053286,27336.090000000004,4.651918963681212,3525.54,0.5999587498876634,"富邦證券(27,336.09萬)／摩根大通(12,672.65萬)／美商高盛(11,541.32萬)",True,False,3
2026-07-02,6739,OTC,2026-07-03,600.0,1.6242762597216656,1,True,False,False,-6.122448979591836,7.755102040816326,False,2.083333333333333,1200.0,1225.0,1320.0,1220.0,1300.0,1300.0,2026-07-03,d1_close,2026,"[1265.0, 1265.0, 1275.0, 1290.0, 1310.0, 1320.0, 1320.0, 1320.0, 1320.0, 1320.0, 1320.0, 1320.0, 1320.0, 1305.0, 1310.0, 1280.0, 1290.0, 1295.0, 1305.0, 1305.0, 1295.0, 1315.0, 1295.0, 1310.0, 1310.0, 1300.0, 1295.0, 1295.0, 1285.0, 1285.0, 1285.0, 1290.0, 1290.0, 1290.0, 1285.0, 1275.0, 1270.0, 1265.0, 1275.0, 1275.0, 1270.0, 1275.0, 1270.0, 1270.0, 1270.0, 1265.0, 1275.0, 1275.0, 1275.0, 1275.0, 1270.0, 1275.0, 1280.0, 1280.0, 1295.0, 1285.0, 1280.0, 1285.0, 1285.0, 1280.0, 1280.0, 1275.0, 1275.0, 1275.0, 1285.0, 1285.0, 1285.0, 1290.0, 1290.0, 1295.0, 1285.0, 1285.0, 1275.0, 1280.0, 1285.0, 1285.0, 1275.0, 1270.0, 1270.0, 1270.0, 1270.0, 1265.0, 1265.0, 1265.0, 1265.0, 1265.0, 1270.0, 1270.0, 1270.0, 1270.0, 1270.0, 1260.0, 1260.0, 1270.0, 1270.0, 1270.0, 1270.0, 1275.0, 1275.0, 1275.0, 1270.0, 1270.0, 1270.0, 1270.0, 1265.0, 1265.0, 1265.0, 1270.0, 1275.0, 1285.0, 1280.0, 1295.0, 1300.0, 1300.0, 1300.0, 1300.0, 1300.0, 1305.0, 1300.0, 1305.0, 1310.0, 1310.0, 1310.0, 1315.0, 1310.0, 1310.0, 1310.0, 1310.0, 1310.0, 1305.0, 1305.0, 1300.0, 1300.0, 1295.0, 1290.0, 1295.0, 1285.0, 1285.0, 1285.0, 1290.0, 1305.0, 1295.0, 1300.0]",True,False,False,,280.71,1.340352959974123,False,8040.0,21.765301880270318,0.0,0.0,360.0,0.9745657558329994,600.0,1.6242762597216656,"凱基-城中(8,040.00萬)／元大證券(1,920.00萬)／中國信託(960.00萬)",True,False,2
2026-07-03,2645,TSE,2026-07-06,1060.85,0.7114643620921903,1,True,False,False,-4.385964912280701,4.385964912280701,False,5.311778290993072,216.5,228.0,238.0,220.0,238.0,238.0,2026-07-06,d1_close,2026,"[229.0, 228.5, 224.5, 223.0, 220.5, 225.5, 224.5, 224.0, 223.5, 223.0, 225.0, 225.5, 225.5, 228.0, 227.5, 227.0, 225.0, 225.0, 225.5, 225.5, 227.0, 227.5, 226.0, 225.0, 224.5, 224.0, 226.5, 227.5, 226.5, 225.0, 228.0, 231.0, 234.5, 238.0, 238.0, 238.0, 238.0, 238.0, 238.0, 238.0, 238.0, 238.0, 238.0, 238.0, 238.0, 238.0, 238.0, 238.0, 238.0, 238.0, 238.0, 238.0, 238.0, 238.0, 238.0, 238.0, 238.0, 238.0, 238.0, 238.0, 238.0, 238.0, 238.0, 238.0, 238.0, 238.0, 238.0, 238.0, 238.0, 238.0, 238.0, 238.0, 238.0, 238.0, 238.0, 238.0, 234.0, 235.0, 237.5, 234.0, 234.5, 236.0, 234.5, 234.5, 235.0, 234.5, 235.0, 236.5, 237.0, 237.0, 236.5, 236.5, 236.5, 237.0, 236.5, 236.5, 236.5, 236.5, 235.0, 234.5, 235.5, 235.5, 235.5, 237.0, 236.0, 236.0, 235.5, 233.0, 235.0, 236.0, 235.0, 235.5, 235.5, 234.5, 234.5, 234.5, 234.5, 234.5, 235.5, 236.0, 236.0, 237.5, 238.0, 238.0, 238.0, 238.0, 238.0, 238.0, 238.0, 238.0, 238.0, 238.0, 238.0, 238.0, 238.0, 238.0, 238.0, 238.0, 238.0, 238.0, 238.0, 238.0, 238.0, 238.0, 238.0, 238.0, 238.0, 238.0, 238.0, 238.0, 238.0, 238.0, 238.0, 238.0, 238.0, 238.0, 238.0, 238.0, 238.0, 238.0, 238.0, 238.0, 238.0, 238.0, 238.0, 238.0, 238.0, 238.0, 238.0, 238.0, 238.0, 238.0, 238.0, 238.0, 238.0, 238.0, 238.0, 238.0, 238.0, 238.0, 238.0, 238.0, 238.0, 238.0, 238.0, 238.0, 238.0, 238.0, 238.0, 238.0, 238.0, 238.0, 238.0, 238.0, 238.0, 238.0, 238.0, 238.0, 238.0, 238.0, 238.0, 238.0, 238.0, 238.0, 238.0, 238.0, 238.0, 238.0, 238.0, 238.0, 238.0, 238.0, 238.0, 238.0, 238.0, 238.0, 238.0, 238.0, 238.0, 238.0, 238.0, 238.0, 238.0, 238.0, 238.0, 238.0, 238.0, 238.0, 238.0, 238.0, 238.0, 238.0, 238.0, 238.0, 238.0, 238.0]",True,False,False,,810.9459985,-0.5069653771805719,False,0.0,0.0,0.0,0.0,4048.55,2.7151803206375424,1060.85,0.7114643620921903,"元大證券(15,544.70萬)／台新(10,586.85萬)／富邦證券(4,048.55萬)",True,False,1
2026-07-03,6753,TSE,2026-07-06,539.0,0.7096675045663056,1,True,False,False,4.375,5.3125,True,3.896103896103896,154.0,160.0,168.5,151.0,153.0,153.0,2026-07-06,d1_close,2026,"[157.5, 159.5, 161.0, 159.0, 159.0, 158.5, 161.0, 163.5, 161.5, 161.0, 159.5, 162.0, 162.5, 161.5, 164.0, 161.5, 161.0, 161.5, 162.5, 164.0, 163.0, 163.0, 162.5, 163.5, 163.0, 162.5, 162.5, 164.0, 165.0, 163.5, 162.5, 164.0, 163.5, 164.0, 165.0, 166.0, 166.0, 167.0, 165.0, 164.5, 165.5, 164.5, 163.0, 164.0, 163.5, 163.0, 163.0, 162.5, 163.5, 163.5, 164.5, 164.0, 163.5, 164.0, 164.0, 165.0, 164.5, 165.0, 163.0, 163.0, 162.5, 162.5, 163.5, 164.0, 163.5, 164.0, 164.0, 164.5, 165.0, 165.5, 165.0, 165.5, 164.0, 163.5, 163.5, 163.5, 163.0, 163.0, 163.0, 161.5, 161.5, 162.5, 162.0, 162.0, 161.5, 162.0, 161.5, 161.5, 161.0, 160.5, 160.5, 161.0, 161.0, 161.0, 161.0, 160.5, 160.5, 161.0, 161.5, 161.0, 160.5, 160.5, 160.0, 160.0, 160.0, 159.5, 160.5, 161.0, 161.0, 161.0, 161.0, 160.5, 160.5, 161.0, 160.5, 161.0, 161.5, 161.0, 161.0, 160.5, 160.5, 161.0, 160.5, 160.5, 161.5, 163.0, 163.0, 163.5, 162.5, 162.5, 161.5, 162.0, 162.0, 161.0, 161.0, 162.0, 161.5, 161.0, 160.5, 160.0, 160.5, 160.5, 160.5, 160.5, 161.0, 161.0, 160.5, 160.5, 160.5, 160.5, 160.5, 161.0, 161.5, 161.0, 161.0, 161.0, 161.0, 161.0, 160.5, 160.5, 160.0, 159.0, 158.5, 159.0, 159.0, 159.0, 159.0, 158.5, 158.5, 158.0, 158.0, 158.0, 158.0, 158.0, 158.0, 158.0, 157.0, 157.0, 157.0, 157.0, 156.5, 157.5, 158.0, 157.5, 158.0, 158.0, 158.0, 157.5, 158.0, 158.0, 158.0, 158.0, 157.5, 157.5, 157.5, 158.0, 158.0, 158.0, 157.5, 157.0, 157.0, 157.0, 157.0, 157.0, 157.0, 156.5, 157.5, 157.5, 157.5, 157.0, 157.0, 157.0, 157.5, 157.5, 157.5, 157.5, 157.0, 157.0, 157.0, 157.5, 157.0, 157.0, 157.0, 156.5, 156.0, 157.0, 156.5, 157.0, 157.0, 156.5, 156.5, 156.5, 156.5, 156.5, 156.5, 156.5, 157.0, 157.0, 157.0, 157.0, 156.5, 157.0, 156.5, 156.5, 156.5, 157.0, 156.5, 156.0, 155.5, 155.0, 154.5, 155.0, 155.0, 155.5, 155.0, 154.5, 154.0, 154.5, 154.0, 151.5, 153.5, 153.0]",True,False,False,,180.569928,-0.5069653771805719,False,0.0,0.0,0.0,0.0,0.0,0.0,539.0,0.7096675045663056,"元大證券(34,511.40萬)／台灣摩根士丹利(2,972.20萬)／凱基-信義(2,587.20萬)",True,False,0
2026-07-06,4721,OTC,2026-07-07,420.0,2.060695054680715,1,True,False,False,7.312049433573629,2.780638516992794,True,-2.9000000000000057,100.0,97.1,99.8,90.0,90.0,90.0,2026-07-07,d1_close,2026,"[97.0, 97.2, 96.9, 96.5, 98.1, 98.7, 99.6, 98.2, 98.0, 97.6, 97.5, 98.0, 98.0, 97.8, 97.7, 97.1, 97.4, 97.8, 97.0, 96.8, 96.7, 96.8, 96.9, 96.6, 96.2, 96.2, 96.2, 96.3, 97.4, 97.0, 96.8, 96.7, 96.6, 96.7, 96.8, 96.7, 96.7, 96.7, 96.7, 96.8, 96.6, 96.6, 96.5, 96.7, 96.7, 96.8, 96.6, 96.6, 96.6, 96.3, 96.2, 96.4, 96.3, 96.4, 96.4, 96.2, 96.2, 96.2, 96.2, 95.9, 95.9, 95.9, 96.0, 96.0, 95.9, 95.9, 96.0, 96.1, 96.0, 96.1, 96.1, 95.9, 95.9, 95.8, 95.8, 95.9, 95.8, 95.8, 95.8, 95.8, 95.3, 94.7, 94.7, 94.6, 94.6, 94.6, 94.6, 94.5, 94.2, 94.4, 94.4, 94.2, 94.3, 94.4, 94.7, 95.2, 95.4, 95.4, 95.0, 95.0, 94.9, 94.8, 94.7, 94.7, 94.5, 94.4, 94.1, 94.1, 94.1, 94.1, 93.9, 93.8, 93.8, 93.6, 93.8, 94.2, 94.6, 94.7, 95.0, 95.0, 94.8, 94.6, 94.4, 94.1, 94.1, 94.1, 93.8, 93.6, 93.5, 93.2, 93.5, 93.3, 93.3, 93.2, 93.2, 93.3, 93.1, 93.0, 93.0, 92.6, 92.6, 92.5, 92.2, 92.7, 92.8, 92.9, 92.3, 92.5, 92.6, 92.5, 92.6, 92.0, 91.7, 91.3, 91.5, 91.5, 91.3, 91.2, 91.7, 91.5, 91.2, 91.4, 91.4, 91.2, 91.3, 91.5, 91.4, 91.6, 91.6, 91.6, 91.7, 92.1, 92.3, 92.3, 92.2, 92.2, 91.6, 91.7, 91.2, 91.2, 91.3, 91.4, 91.1, 91.0, 91.0, 90.9, 90.8, 90.7, 90.6, 90.7, 90.0, 90.0, 90.0, 90.0, 90.0, 90.0, 90.0, 90.0, 90.0, 90.0, 90.6, 90.2, 90.5, 90.4, 90.2, 90.2, 90.2, 90.3, 90.4, 90.0, 90.0, 90.0, 90.0, 90.0, 90.0, 90.0, 90.0, 90.0, 90.0, 90.0, 90.0, 90.0, 90.0, 90.0, 90.0, 90.0, 90.0, 90.0, 90.0, 90.0, 90.0, 90.0, 90.0, 90.0, 90.0, 90.0, 90.0, 90.0, 90.0, 90.0, 90.0, 90.0, 90.0, 90.0, 90.0, 90.0]",True,False,False,,74.9863,-0.401697238756679,False,0.0,0.0,0.0,0.0,-160.0,-0.7850266874974152,420.0,2.060695054680715,"元大-台北(10,400.00萬)／凱基-台北(1,650.00萬)／摩根大通(440.00萬)",True,False,1
2026-07-06,6727,OTC,2026-07-07,2251.7,1.9788350005764477,1,True,False,False,2.75049115913556,5.50098231827112,True,3.983656792645557,489.5,509.0,537.0,484.0,495.0,495.0,2026-07-07,d1_close,2026,"[510.0, 501.0, 501.0, 507.0, 511.0, 524.0, 536.0, 537.0, 530.0, 530.0, 530.0, 531.0, 530.0, 533.0, 526.0, 527.0, 529.0, 528.0, 524.0, 529.0, 525.0, 523.0, 522.0, 526.0, 526.0, 525.0, 525.0, 528.0, 527.0, 524.0, 518.0, 515.0, 514.0, 517.0, 519.0, 519.0, 518.0, 520.0, 520.0, 521.0, 521.0, 521.0, 528.0, 528.0, 528.0, 530.0, 528.0, 529.0, 527.0, 527.0, 525.0, 523.0, 523.0, 525.0, 522.0, 521.0, 523.0, 523.0, 523.0, 521.0, 522.0, 520.0, 519.0, 520.0, 520.0, 519.0, 522.0, 523.0, 527.0, 525.0, 525.0, 525.0, 522.0, 522.0, 526.0, 525.0, 524.0, 523.0, 520.0, 519.0, 518.0, 518.0, 518.0, 517.0, 515.0, 515.0, 517.0, 517.0, 519.0, 521.0, 524.0, 521.0, 519.0, 517.0, 520.0, 519.0, 513.0, 513.0, 513.0, 512.0, 515.0, 514.0, 514.0, 513.0, 514.0, 513.0, 514.0, 513.0, 513.0, 510.0, 510.0, 510.0, 511.0, 511.0, 512.0, 515.0, 515.0, 516.0, 515.0, 515.0, 514.0, 513.0, 510.0, 509.0, 508.0, 508.0, 503.0, 502.0, 505.0, 504.0, 500.0, 501.0, 500.0, 500.0, 499.0, 500.0, 498.0, 497.0, 496.0, 494.5, 495.0, 499.0, 500.0, 503.0, 501.0, 500.0, 500.0, 499.5, 499.5, 497.0, 497.5, 494.5, 492.0, 495.5, 495.0, 495.0, 496.0, 496.0, 496.0, 495.0, 494.0, 494.0, 494.5, 494.5, 493.0, 494.5, 494.0, 494.5, 495.0, 495.0, 497.0, 496.0, 496.5, 492.0, 492.0, 491.0, 491.0, 490.0, 489.0, 486.5, 487.0, 488.5, 487.5, 485.5, 484.0, 486.5, 485.5, 485.0, 485.0, 486.0, 492.0, 494.0, 494.0, 493.0, 494.5, 494.5, 492.5, 492.0, 492.0, 495.0, 495.0, 495.0, 493.5, 493.5, 491.0, 491.0, 489.5, 489.5, 488.5, 488.5, 488.0, 491.0, 489.5, 490.5, 490.0, 488.5, 488.5, 488.5, 488.0, 488.0, 488.5, 488.5, 487.5, 488.0, 489.5, 489.0, 489.0, 489.0, 490.5, 491.0, 490.0, 490.5, 490.5, 490.0, 491.0, 491.0, 492.0, 495.0, 495.0]",True,False,False,,131.598159,-0.401697238756679,False,0.0,0.0,0.0,0.0,0.0,0.0,2251.7,1.9788350005764475,"富邦-南京(7,293.55萬)／國票-安和(6,755.10萬)／統一(5,678.20萬)",True,False,0
2026-07-08,3374,OTC,2026-07-09,5062.2,0.918225110201529,1,True,False,False,-3.483309143686502,3.483309143686502,False,6.163328197226503,324.5,344.5,356.5,343.5,356.5,356.5,2026-07-09,d1_close,2026,"[351.5, 356.5, 356.5, 356.5, 356.5, 356.5, 356.5, 356.5, 356.5, 356.5, 356.5, 356.5, 356.5, 356.5, 356.5, 356.5, 356.5, 356.5, 356.5, 356.5, 356.5, 356.5, 356.5, 356.5, 356.5, 356.5, 356.5, 356.5, 356.5, 356.5, 356.5, 356.5, 356.5, 356.5, 356.5, 356.5, 356.5, 356.5, 356.5, 356.5, 356.5, 356.5, 356.5, 356.5, 356.5, 356.5, 356.5, 356.5, 356.5, 356.5, 356.5, 356.5, 356.5, 356.5, 356.5, 356.5, 356.5, 356.5, 356.5, 356.5, 356.5, 356.5, 356.5, 356.5, 356.5, 356.5, 356.5, 356.5, 356.5, 356.5, 356.5, 356.5, 356.5, 356.5, 356.5, 356.5, 356.5, 356.5, 356.5, 356.5, 356.5, 356.5, 356.5, 356.5, 356.5, 356.5, 356.5, 356.5, 356.5, 356.5, 356.5, 356.5, 356.5, 356.5, 356.5, 356.5, 356.5, 356.5, 356.5, 356.5, 356.5, 356.5, 356.5, 356.5, 356.5, 356.5, 356.5, 356.5, 356.5, 356.5, 356.5, 356.5, 356.5, 356.5, 356.5, 356.5, 356.5, 356.5, 356.5, 356.5, 356.5, 356.5, 356.5, 356.5, 356.5, 356.5, 356.5, 356.5, 356.5, 356.5, 356.5, 356.5, 354.0, 355.0, 356.5, 356.5, 356.5, 356.5, 356.5, 356.5, 356.5, 356.5, 356.5, 356.5, 356.5, 356.5, 356.5, 356.5, 356.5, 356.5, 356.5, 356.5, 356.5, 356.5, 356.5, 356.5, 356.5, 356.5, 356.5, 356.5, 356.5, 356.5, 356.5, 356.5, 356.5, 356.5, 356.5, 356.5, 356.5, 356.5, 356.5, 356.5, 356.5, 356.5, 356.5, 356.5, 356.5, 356.5, 356.5, 356.5, 356.5, 356.5, 356.5, 356.5, 356.5, 356.5, 356.5, 356.5, 356.5, 356.5, 356.5, 356.5, 356.5, 356.5, 356.5, 356.5, 356.5, 356.5, 356.5, 356.5, 356.5, 356.5, 356.5, 356.5, 356.5, 356.5, 356.5, 356.5, 356.5, 356.5, 356.5, 356.5, 356.5, 356.5, 356.5, 356.5, 356.5, 356.5, 356.5, 356.5, 356.5, 356.5, 356.5, 356.5, 356.5, 356.5, 356.5, 356.5, 356.5, 356.5, 356.5, 356.5, 356.5, 356.5, 356.5, 356.5, 356.5, 356.5, 356.5, 356.5, 356.5, 356.5, 356.5, 356.5, 356.5, 356.5, 356.5, 356.5, 356.5, 356.5, 356.5, 356.5, 356.5, 356.5, 356.5]",True,False,False,,880.5771535,-1.7655578536050498,False,16062.75,2.9135989073702357,0.0,0.0,9962.15,1.8070199284094188,5062.2,0.918225110201529,"凱基-台北(66,879.45萬)／台灣摩根士丹利(39,945.95萬)／摩根大通(32,904.30萬)",True,False,2
2026-07-09,2408,TSE,2026-07-13,87187.1,2.3758786522440847,1,True,False,False,9.32475884244373,0.0,True,7.1182548794489096,435.5,466.5,466.5,420.5,423.0,423.0,2026-07-13,d1_close,2026,"[458.0, 454.5, 456.0, 459.5, 458.0, 455.5, 460.0, 462.0, 460.5, 458.5, 458.5, 459.5, 457.5, 456.5, 455.0, 456.0, 456.0, 454.0, 450.5, 453.5, 452.0, 454.0, 453.0, 452.0, 451.0, 447.0, 446.5, 447.0, 446.0, 449.5, 446.5, 449.5, 447.5, 448.0, 446.0, 446.0, 447.5, 447.0, 448.0, 447.0, 445.5, 440.0, 439.5, 438.0, 436.5, 435.5, 438.5, 440.0, 441.5, 441.0, 439.0, 437.5, 439.5, 439.0, 440.5, 438.5, 439.5, 439.5, 439.0, 440.5, 441.0, 439.0, 438.0, 437.0, 436.5, 437.5, 438.0, 438.0, 438.0, 437.5, 438.0, 440.0, 441.0, 442.5, 442.5, 441.5, 439.0, 440.0, 440.5, 442.0, 442.0, 442.5, 443.0, 443.0, 445.0, 446.0, 443.5, 444.0, 444.0, 443.0, 442.5, 442.0, 441.5, 440.5, 439.5, 440.0, 439.5, 440.5, 440.5, 439.5, 439.0, 439.0, 439.0, 439.0, 439.0, 439.5, 438.5, 438.5, 439.0, 439.5, 439.5, 439.5, 439.0, 439.0, 439.0, 439.0, 439.5, 438.5, 437.5, 438.0, 437.0, 436.0, 434.0, 435.0, 432.5, 432.5, 434.0, 433.5, 434.5, 434.5, 434.5, 434.5, 433.0, 433.0, 432.0, 432.5, 430.5, 429.0, 427.5, 427.0, 430.0, 430.5, 431.5, 431.0, 430.5, 432.5, 433.0, 433.0, 432.0, 432.0, 431.5, 431.0, 431.0, 429.0, 430.0, 430.5, 430.0, 429.0, 429.5, 430.0, 429.5, 431.0, 431.0, 430.5, 429.0, 429.0, 430.0, 429.0, 429.0, 429.0, 428.5, 427.0, 426.0, 426.0, 427.0, 428.0, 427.5, 426.5, 425.5, 425.0, 424.5, 423.5, 422.5, 422.5, 422.0, 421.0, 421.0, 423.0, 423.0, 422.5, 421.5, 421.5, 421.5, 422.5, 423.5, 423.5, 424.0, 425.0, 426.5, 427.5, 428.5, 428.0, 428.0, 428.0, 428.0, 429.5, 430.0, 429.5, 429.0, 431.0, 430.5, 431.0, 429.0, 428.5, 427.5, 426.0, 427.0, 428.0, 427.5, 428.0, 427.0, 427.0, 427.0, 426.0, 425.5, 425.0, 425.0, 425.0, 423.5, 423.0, 422.0, 422.0, 423.5, 424.0, 424.5, 424.0, 423.5, 423.5, 424.5, 423.5, 423.0, 423.0, 423.5, 422.5, 422.5, 424.0, 425.5, 428.0, 428.5, 428.5, 428.0, 428.5, 428.5, 428.5, 428.5, 427.0, 428.5, 430.5, 430.0, 428.0, 428.0, 427.0, 426.0, 424.5, 424.5, 423.0]",True,False,False,,13494.5245045,-0.2737520589123226,False,61797.45,1.6840019018653125,0.0,0.0,60186.1,1.6400920566440182,87187.1,2.3758786522440847,"美商高盛(201,810.70萬)／台灣摩根士丹利(175,201.65萬)／元大證券(140,710.05萬)",True,False,2
2026-07-09,3374,OTC,2026-07-13,4064.1,0.8076456933267364,2,True,False,False,3.633916554508749,1.7496635262449527,True,4.207573632538569,356.5,371.5,378.0,345.0,358.0,358.0,2026-07-13,d1_close,2026,"[368.0, 363.5, 358.5, 357.5, 354.5, 357.0, 356.5, 356.5, 359.0, 357.5, 358.0, 357.0, 362.5, 359.5, 360.5, 358.5, 359.0, 359.0, 359.5, 358.5, 358.5, 358.5, 357.5, 358.0, 355.5, 356.0, 357.5, 355.0, 359.0, 352.5, 355.5, 352.5, 353.0, 350.0, 350.5, 351.5, 351.5, 350.0, 351.5, 350.5, 350.5, 350.0, 348.5, 346.5, 347.5, 347.5, 347.5, 348.5, 349.5, 349.0, 346.5, 348.5, 348.5, 350.0, 348.5, 352.5, 354.5, 357.0, 365.5, 366.5, 367.0, 366.0, 368.0, 367.5, 371.5, 368.0, 368.0, 368.0, 367.5, 368.0, 368.5, 368.5, 369.0, 369.0, 367.0, 366.0, 367.5, 366.0, 367.5, 367.5, 369.5, 370.5, 370.0, 371.0, 373.5, 372.0, 372.5, 376.5, 374.0, 372.0, 371.5, 374.0, 374.5, 376.0, 374.5, 375.5, 377.5, 375.5, 375.5, 374.5, 373.5, 373.0, 373.0, 374.5, 371.5, 373.0, 372.0, 373.5, 372.5, 373.5, 371.0, 368.0, 369.0, 368.0, 368.5, 368.5, 368.5, 369.0, 369.0, 369.0, 368.5, 367.0, 367.5, 367.5, 367.0, 367.0, 369.0, 370.0, 370.0, 370.0, 370.0, 368.5, 368.0, 367.5, 369.0, 368.0, 367.5, 366.0, 364.5, 366.0, 366.0, 364.5, 362.0, 363.0, 364.5, 363.5, 366.0, 366.0, 365.5, 365.0, 363.5, 362.0, 361.0, 362.5, 361.5, 361.5, 361.5, 361.0, 361.5, 362.5, 362.0, 362.5, 363.0, 360.0, 360.5, 360.0, 360.5, 360.5, 360.0, 360.0, 359.5, 359.0, 359.0, 360.0, 360.5, 360.0, 359.5, 360.0, 359.5, 359.0, 358.0, 357.5, 357.0, 357.0, 357.0, 356.5, 358.5, 358.5, 358.0, 357.5, 356.5, 357.5, 357.0, 357.5, 357.0, 358.5, 358.0, 359.0, 359.5, 361.5, 359.5, 359.0, 359.5, 359.0, 359.5, 359.5, 358.5, 359.0, 360.0, 360.0, 360.0, 359.5, 358.5, 358.5, 358.5, 358.5, 358.5, 359.0, 358.0, 356.5, 357.0, 358.0, 358.5, 358.5, 358.0, 358.0, 358.0, 358.0, 357.5, 357.0, 357.5, 357.0, 357.5, 358.0, 358.5, 358.0, 358.0, 358.5, 358.0, 357.5, 358.0, 357.5, 357.0, 357.5, 357.5, 358.0, 357.5, 359.0, 360.5, 360.5, 361.0, 361.0, 361.5, 360.5, 360.0, 359.5, 359.5, 359.5, 358.5, 359.5, 359.0, 359.0, 358.0, 358.0, 358.0]",True,False,False,,967.4137295,-0.2737520589123226,False,38965.45,7.7434802000537095,0.0,0.0,-1711.2,-0.3400613445586258,4064.1,0.8076456933267364,"凱基-城中(38,965.45萬)／凱基-信義(28,769.55萬)／摩根大通(19,857.05萬)",True,False,2
2026-07-09,8039,TSE,2026-07-13,15153.6,6.033810099880354,1,True,True,True,0.0,0.0,False,9.740259740259742,154.0,169.0,169.0,169.0,169.0,169.0,2026-07-13,d1_close,2026,"[169.0, 169.0, 169.0, 169.0, 169.0, 169.0, 169.0, 169.0, 169.0, 169.0, 169.0, 169.0, 169.0, 169.0, 169.0, 169.0, 169.0, 169.0, 169.0, 169.0, 169.0, 169.0, 169.0, 169.0, 169.0, 169.0, 169.0, 169.0, 169.0, 169.0, 169.0, 169.0, 169.0, 169.0, 169.0, 169.0, 169.0, 169.0, 169.0, 169.0, 169.0, 169.0, 169.0, 169.0, 169.0, 169.0, 169.0, 169.0, 169.0, 169.0, 169.0, 169.0, 169.0, 169.0, 169.0, 169.0, 169.0, 169.0, 169.0, 169.0, 169.0, 169.0, 169.0, 169.0, 169.0, 169.0, 169.0, 169.0, 169.0, 169.0, 169.0, 169.0, 169.0, 169.0, 169.0, 169.0, 169.0, 169.0, 169.0, 169.0, 169.0, 169.0, 169.0, 169.0, 169.0, 169.0, 169.0, 169.0, 169.0, 169.0, 169.0, 169.0, 169.0, 169.0, 169.0, 169.0, 169.0, 169.0, 169.0, 169.0, 169.0, 169.0, 169.0, 169.0, 169.0, 169.0, 169.0, 169.0, 169.0, 169.0, 169.0, 169.0, 169.0, 169.0, 169.0, 169.0, 169.0, 169.0, 169.0, 169.0, 169.0, 169.0, 169.0, 169.0, 169.0, 169.0, 169.0, 169.0, 169.0, 169.0, 169.0, 169.0, 169.0, 169.0, 169.0, 169.0, 169.0, 169.0, 169.0, 169.0, 169.0, 169.0, 169.0, 169.0, 169.0, 169.0, 169.0, 169.0, 169.0, 169.0, 169.0, 169.0, 169.0, 169.0, 169.0, 169.0, 169.0, 169.0, 169.0, 169.0, 169.0, 169.0, 169.0, 169.0, 169.0, 169.0, 169.0, 169.0, 169.0, 169.0, 169.0, 169.0, 169.0, 169.0, 169.0, 169.0, 169.0, 169.0, 169.0, 169.0, 169.0, 169.0, 169.0, 169.0, 169.0, 169.0, 169.0, 169.0, 169.0, 169.0, 169.0, 169.0, 169.0, 169.0, 169.0, 169.0, 169.0, 169.0, 169.0, 169.0, 169.0, 169.0, 169.0, 169.0, 169.0, 169.0, 169.0, 169.0, 169.0, 169.0, 169.0, 169.0, 169.0, 169.0, 169.0, 169.0, 169.0, 169.0, 169.0, 169.0, 169.0, 169.0, 169.0, 169.0, 169.0, 169.0, 169.0, 169.0, 169.0, 169.0, 169.0, 169.0, 169.0, 169.0, 169.0, 169.0, 169.0, 169.0, 169.0, 169.0, 169.0, 169.0, 169.0, 169.0, 169.0, 169.0, 169.0, 169.0, 169.0, 169.0, 169.0, 169.0, 169.0, 169.0]",True,False,False,,406.05026,-0.2737520589123226,False,0.0,0.0,0.0,0.0,0.0,0.0,15153.6,6.033810099880354,"美商高盛(24,147.20萬)／台灣摩根士丹利(16,585.80萬)／台新-台北(15,153.60萬)",True,False,0
2026-07-09,8046,TSE,2026-07-13,182857.5,6.247126299909027,1,True,False,False,0.78125,4.296875,True,5.349794238683128,1215.0,1280.0,1335.0,1265.0,1270.0,1270.0,2026-07-13,d1_close,2026,"[1310.0, 1320.0, 1315.0, 1320.0, 1315.0, 1315.0, 1320.0, 1315.0, 1310.0, 1300.0, 1300.0, 1285.0, 1285.0, 1285.0, 1295.0, 1280.0, 1290.0, 1295.0, 1305.0, 1310.0, 1315.0, 1300.0, 1300.0, 1290.0, 1290.0, 1290.0, 1290.0, 1280.0, 1295.0, 1285.0, 1295.0, 1310.0, 1305.0, 1300.0, 1295.0, 1295.0, 1300.0, 1295.0, 1315.0, 1320.0, 1310.0, 1310.0, 1295.0, 1290.0, 1295.0, 1285.0, 1285.0, 1300.0, 1300.0, 1300.0, 1300.0, 1295.0, 1305.0, 1305.0, 1300.0, 1310.0, 1310.0, 1305.0, 1305.0, 1315.0, 1315.0, 1315.0, 1310.0, 1310.0, 1315.0, 1310.0, 1310.0, 1310.0, 1315.0, 1315.0, 1320.0, 1320.0, 1315.0, 1315.0, 1320.0, 1315.0, 1310.0, 1315.0, 1320.0, 1320.0, 1330.0, 1330.0, 1335.0, 1335.0, 1335.0, 1335.0, 1335.0, 1335.0, 1335.0, 1335.0, 1335.0, 1335.0, 1335.0, 1335.0, 1335.0, 1335.0, 1335.0, 1335.0, 1335.0, 1335.0, 1335.0, 1335.0, 1335.0, 1335.0, 1335.0, 1335.0, 1335.0, 1335.0, 1335.0, 1335.0, 1335.0, 1335.0, 1335.0, 1335.0, 1335.0, 1335.0, 1335.0, 1335.0, 1335.0, 1335.0, 1335.0, 1335.0, 1335.0, 1335.0, 1335.0, 1335.0, 1335.0, 1335.0, 1335.0, 1335.0, 1335.0, 1335.0, 1335.0, 1335.0, 1335.0, 1335.0, 1335.0, 1335.0, 1335.0, 1335.0, 1335.0, 1335.0, 1335.0, 1335.0, 1335.0, 1335.0, 1335.0, 1335.0, 1335.0, 1335.0, 1335.0, 1335.0, 1335.0, 1335.0, 1335.0, 1335.0, 1335.0, 1335.0, 1335.0, 1335.0, 1335.0, 1335.0, 1335.0, 1335.0, 1335.0, 1315.0, 1325.0, 1310.0, 1305.0, 1315.0, 1310.0, 1315.0, 1295.0, 1295.0, 1300.0, 1295.0, 1300.0, 1300.0, 1290.0, 1295.0, 1295.0, 1295.0, 1295.0, 1300.0, 1300.0, 1285.0, 1290.0, 1290.0, 1295.0, 1295.0, 1295.0, 1280.0, 1290.0, 1295.0, 1300.0, 1300.0, 1295.0, 1300.0, 1290.0, 1295.0, 1290.0, 1290.0, 1280.0, 1285.0, 1285.0, 1285.0, 1285.0, 1285.0, 1285.0, 1280.0, 1285.0, 1285.0, 1290.0, 1290.0, 1290.0, 1290.0, 1290.0, 1290.0, 1290.0, 1280.0, 1275.0, 1280.0, 1275.0, 1270.0, 1270.0, 1270.0, 1270.0, 1280.0, 1275.0, 1280.0, 1275.0, 1275.0, 1280.0, 1285.0, 1280.0, 1280.0, 1280.0, 1285.0, 1285.0, 1285.0, 1285.0, 1285.0, 1290.0, 1290.0, 1290.0, 1295.0, 1295.0, 1295.0, 1300.0, 1295.0, 1295.0, 1290.0, 1290.0, 1290.0, 1285.0, 1285.0, 1275.0, 1270.0, 1265.0, 1270.0, 1270.0]",True,False,False,,7850.910825,-0.2737520589123226,False,0.0,0.0,0.0,0.0,36328.5,1.2411234310118269,182857.5,6.247126299909027,"台新-台北(182,857.50萬)／永豐金證券(159,772.50萬)／統一(126,724.50萬)",True,False,1
2026-07-13,3702,TSE,2026-07-14,12589.2,9.538521897881395,1,True,False,False,-2.575107296137339,2.575107296137339,False,-0.4273504273504274,117.0,116.5,119.5,112.5,119.5,119.5,2026-07-14,d1_close,2026,"[115.5, 117.0, 118.0, 118.0, 118.0, 119.0, 119.0, 118.0, 119.0, 118.0, 117.5, 118.5, 117.0, 116.5, 116.5, 117.0, 116.5, 117.0, 116.0, 117.0, 117.0, 116.5, 117.5, 118.0, 118.0, 118.5, 118.5, 118.0, 117.0, 116.0, 116.0, 116.0, 116.5, 116.0, 115.5, 115.0, 114.5, 114.5, 115.0, 114.5, 114.0, 114.5, 114.5, 114.5, 114.0, 114.0, 113.5, 114.5, 114.5, 114.0, 114.0, 114.5, 115.0, 114.5, 114.5, 114.5, 114.0, 114.5, 114.5, 114.5, 114.0, 114.0, 114.0, 114.0, 114.0, 114.0, 114.0, 114.0, 114.0, 114.0, 114.0, 114.0, 114.0, 114.0, 113.0, 113.5, 113.5, 113.5, 113.5, 113.0, 113.5, 114.0, 114.5, 114.5, 114.0, 114.0, 114.0, 114.0, 114.0, 114.5, 114.5, 114.5, 114.5, 114.5, 114.0, 114.5, 114.5, 114.0, 113.5, 114.0, 114.0, 114.5, 114.5, 114.5, 114.0, 114.5, 114.5, 114.5, 114.5, 115.0, 115.0, 115.0, 115.0, 115.0, 115.0, 115.0, 115.0, 115.0, 115.0, 115.0, 115.0, 115.0, 115.0, 115.0, 115.0, 114.5, 114.5, 114.0, 114.5, 114.5, 114.5, 114.0, 113.5, 113.5, 114.5, 114.5, 114.5, 114.5, 114.5, 114.0, 114.5, 114.5, 114.5, 114.0, 114.5, 114.5, 114.5, 114.5, 115.0, 114.5, 115.0, 115.0, 115.0, 115.0, 115.0, 115.0, 115.0, 115.5, 115.5, 115.5, 115.5, 115.5, 115.5, 116.0, 116.0, 116.0, 116.0, 116.0, 116.5, 116.5, 116.5, 116.5, 116.5, 116.5, 117.0, 117.0, 117.0, 117.0, 117.0, 117.0, 117.5, 117.5, 117.5, 117.5, 117.5, 117.5, 117.0, 117.0, 117.0, 117.0, 117.5, 117.5, 117.0, 117.5, 117.5, 117.5, 117.5, 117.5, 117.5, 117.5, 117.5, 117.0, 117.5, 117.5, 117.0, 117.5, 116.5, 116.5, 117.0, 117.0, 116.5, 117.0, 117.0, 117.0, 117.0, 117.0, 116.5, 117.0, 117.5, 117.5, 117.0, 117.5, 117.5, 117.5, 117.0, 117.0, 117.5, 117.0, 117.5, 117.5, 118.0, 117.5, 118.0, 118.0, 117.5, 118.0, 118.0, 118.5, 118.5, 118.5, 118.5, 119.0, 119.0, 119.0, 119.0, 118.5, 119.0, 119.0, 119.0, 119.0, 119.0, 119.0, 119.0, 119.0, 118.5, 119.0, 119.0, 119.0, 119.0, 118.5, 119.0, 119.0, 119.0, 119.0, 119.0, 119.5]",True,False,False,,1964.574963,-0.7737937364885797,False,23400.0,17.729594605727502,0.0,0.0,4972.5,3.7675388537170944,12589.2,9.538521897881397,"凱基-城中(23,400.00萬)／台新-台北(12,589.20萬)／摩根大通(7,909.20萬)",True,False,2
2026-07-13,5434,TSE,2026-07-14,3633.5,2.1717965186813686,1,True,False,False,-0.9174311926605504,3.302752293577982,False,-2.5044722719141324,559.0,545.0,563.0,523.0,550.0,550.0,2026-07-14,d1_close,2026,"[548.0, 550.0, 549.0, 551.0, 548.0, 548.0, 546.0, 551.0, 552.0, 549.0, 551.0, 560.0, 561.0, 559.0, 557.0, 556.0, 558.0, 559.0, 558.0, 557.0, 558.0, 557.0, 557.0, 559.0, 559.0, 561.0, 561.0, 562.0, 560.0, 557.0, 553.0, 552.0, 551.0, 547.0, 547.0, 548.0, 549.0, 546.0, 544.0, 544.0, 545.0, 545.0, 548.0, 548.0, 549.0, 548.0, 548.0, 544.0, 546.0, 548.0, 547.0, 543.0, 544.0, 543.0, 543.0, 543.0, 540.0, 535.0, 538.0, 538.0, 538.0, 539.0, 535.0, 535.0, 537.0, 537.0, 536.0, 538.0, 537.0, 536.0, 535.0, 534.0, 532.0, 529.0, 527.0, 526.0, 525.0, 525.0, 525.0, 528.0, 529.0, 527.0, 526.0, 523.0, 524.0, 526.0, 529.0, 528.0, 528.0, 528.0, 529.0, 528.0, 529.0, 531.0, 530.0, 530.0, 530.0, 531.0, 530.0, 530.0, 530.0, 531.0, 531.0, 531.0, 531.0, 531.0, 530.0, 530.0, 530.0, 531.0, 530.0, 530.0, 531.0, 531.0, 529.0, 530.0, 530.0, 530.0, 530.0, 531.0, 533.0, 534.0, 534.0, 533.0, 533.0, 533.0, 533.0, 534.0, 533.0, 532.0, 533.0, 534.0, 536.0, 534.0, 534.0, 534.0, 534.0, 534.0, 535.0, 533.0, 533.0, 533.0, 532.0, 532.0, 533.0, 532.0, 533.0, 533.0, 533.0, 533.0, 535.0, 533.0, 533.0, 534.0, 534.0, 535.0, 536.0, 536.0, 535.0, 537.0, 536.0, 536.0, 535.0, 536.0, 537.0, 537.0, 541.0, 543.0, 543.0, 544.0, 545.0, 546.0, 547.0, 548.0, 544.0, 546.0, 546.0, 544.0, 544.0, 540.0, 541.0, 543.0, 540.0, 542.0, 542.0, 542.0, 543.0, 544.0, 543.0, 543.0, 541.0, 543.0, 543.0, 544.0, 543.0, 544.0, 544.0, 544.0, 545.0, 545.0, 545.0, 543.0, 545.0, 546.0, 546.0, 547.0, 547.0, 547.0, 544.0, 547.0, 547.0, 548.0, 550.0, 550.0, 551.0, 551.0, 551.0, 550.0, 548.0, 550.0, 549.0, 547.0, 550.0, 550.0, 550.0, 550.0, 551.0, 550.0, 552.0, 552.0, 552.0, 550.0, 551.0, 550.0, 550.0, 550.0, 550.0, 550.0, 549.0, 551.0, 551.0, 550.0, 549.0, 550.0, 550.0, 549.0, 550.0, 549.0, 549.0, 548.0, 550.0, 550.0]",True,False,False,,1082.546543,-0.7737937364885797,True,0.0,0.0,0.0,0.0,0.0,0.0,3633.5,2.1717965186813686,"凱基-站前(38,962.30萬)／中國信託(12,633.40萬)／元大證券(12,465.70萬)",True,False,0
2026-07-14,8039,TSE,2026-07-15,6455.4,0.7220431712594044,3,True,False,False,2.419354838709677,4.301075268817205,True,0.2695417789757413,185.5,186.0,194.0,180.0,181.5,181.5,2026-07-15,d1_close,2026,"[188.0, 191.0, 192.5, 191.0, 192.5, 192.5, 191.5, 189.5, 190.5, 187.0, 187.0, 184.5, 183.5, 186.0, 187.0, 187.0, 187.5, 187.0, 186.0, 188.0, 189.0, 190.5, 190.0, 191.0, 192.0, 190.5, 190.5, 189.5, 189.0, 189.5, 189.0, 187.5, 188.0, 188.0, 187.0, 187.5, 187.0, 187.0, 186.0, 185.5, 186.0, 185.5, 185.5, 184.5, 186.5, 186.5, 187.0, 188.0, 190.5, 192.5, 190.5, 191.0, 190.5, 191.0, 190.5, 189.0, 188.5, 189.0, 188.5, 188.5, 188.0, 188.0, 189.0, 189.5, 188.5, 188.5, 189.0, 189.5, 190.0, 190.0, 190.0, 190.0, 190.0, 189.5, 189.5, 191.5, 193.5, 192.5, 191.5, 191.0, 191.5, 191.0, 192.0, 190.5, 190.5, 189.5, 190.0, 190.0, 191.0, 191.0, 191.0, 191.0, 192.5, 191.5, 191.5, 191.0, 190.5, 190.5, 190.0, 189.5, 190.0, 190.5, 191.5, 191.0, 190.5, 190.0, 190.5, 190.0, 190.0, 190.5, 190.5, 190.5, 190.0, 190.0, 190.0, 189.0, 189.5, 189.5, 189.5, 189.5, 189.5, 188.0, 187.5, 188.5, 188.5, 188.5, 189.0, 188.0, 188.0, 188.0, 187.0, 187.0, 187.0, 186.5, 185.5, 186.0, 186.5, 186.0, 186.0, 186.5, 186.0, 186.5, 187.0, 187.0, 187.0, 187.0, 187.0, 187.0, 187.0, 186.5, 186.5, 187.0, 187.0, 187.5, 187.5, 188.0, 187.5, 187.0, 186.5, 186.0, 186.0, 186.0, 186.0, 186.0, 186.0, 186.0, 186.0, 186.0, 185.5, 185.5, 185.5, 185.0, 185.0, 185.5, 185.5, 185.0, 185.5, 185.0, 185.0, 185.0, 185.5, 185.5, 185.5, 184.0, 183.0, 183.0, 183.5, 183.5, 184.0, 184.0, 184.5, 184.5, 184.0, 184.0, 185.0, 186.0, 185.5, 185.5, 185.5, 185.5, 185.5, 185.0, 184.5, 185.0, 185.0, 184.5, 185.0, 184.5, 184.5, 184.0, 184.0, 184.0, 183.5, 183.0, 182.5, 182.0, 182.0, 181.5, 181.0, 181.5, 182.0, 182.0, 182.0, 181.5, 181.0, 181.0, 181.0, 180.5, 180.5, 181.5, 181.0, 181.5, 182.0, 181.0, 180.5, 181.0, 180.5, 182.0, 182.0, 181.5, 181.0, 181.0, 181.0, 181.0, 182.5, 182.5, 182.5, 182.0, 182.0, 183.0, 183.0, 183.0, 182.0, 182.0, 183.0, 183.0, 182.0, 181.0, 181.0, 181.5, 181.0, 180.5, 181.5]",True,False,False,,489.105995,-1.3596412801256663,False,-35449.05,-3.9650129318296603,0.0,0.0,14598.85,1.6328964821297451,6455.4,0.7220431712594044,"凱基-站前(55,909.70萬)／摩根大通(54,166.00萬)／新加坡商瑞銀(45,187.80萬)",True,False,2
2026-07-21,2395,TSE,2026-07-22,4706.1,1.9345992671115104,1,True,False,False,-1.1884550084889642,4.923599320882852,False,3.880070546737213,567.0,589.0,618.0,584.0,596.0,596.0,2026-07-22,d1_close,2026,"[594.0, 584.0, 592.0, 598.0, 598.0, 599.0, 594.0, 596.0, 592.0, 592.0, 599.0, 601.0, 601.0, 601.0, 603.0, 603.0, 601.0, 601.0, 605.0, 603.0, 610.0, 605.0, 608.0, 607.0, 606.0, 603.0, 603.0, 605.0, 605.0, 603.0, 615.0, 616.0, 615.0, 617.0, 614.0, 612.0, 615.0, 616.0, 616.0, 617.0, 614.0, 615.0, 611.0, 614.0, 614.0, 613.0, 612.0, 609.0, 610.0, 610.0, 609.0, 610.0, 613.0, 612.0, 609.0, 611.0, 611.0, 611.0, 610.0, 610.0, 607.0, 605.0, 608.0, 609.0, 607.0, 607.0, 606.0, 606.0, 607.0, 607.0, 609.0, 609.0, 608.0, 608.0, 608.0, 610.0, 614.0, 614.0, 613.0, 614.0, 615.0, 613.0, 613.0, 614.0, 614.0, 613.0, 615.0, 616.0, 616.0, 615.0, 614.0, 611.0, 609.0, 607.0, 607.0, 606.0, 606.0, 609.0, 609.0, 609.0, 609.0, 611.0, 610.0, 611.0, 610.0, 610.0, 611.0, 612.0, 612.0, 612.0, 612.0, 613.0, 613.0, 612.0, 611.0, 612.0, 612.0, 612.0, 612.0, 612.0, 612.0, 613.0, 615.0, 616.0, 616.0, 615.0, 617.0, 615.0, 615.0, 614.0, 613.0, 613.0, 612.0, 611.0, 610.0, 611.0, 612.0, 612.0, 613.0, 613.0, 613.0, 613.0, 612.0, 603.0, 603.0, 602.0, 603.0, 604.0, 604.0, 606.0, 604.0, 605.0, 602.0, 600.0, 601.0, 599.0, 601.0, 602.0, 598.0, 597.0, 597.0, 599.0, 596.0, 598.0, 597.0, 600.0, 597.0, 597.0, 597.0, 600.0, 601.0, 601.0, 600.0, 598.0, 599.0, 600.0, 600.0, 600.0, 600.0, 599.0, 598.0, 600.0, 600.0, 604.0, 604.0, 604.0, 604.0, 605.0, 604.0, 605.0, 603.0, 603.0, 603.0, 602.0, 603.0, 603.0, 603.0, 603.0, 605.0, 604.0, 603.0, 603.0, 603.0, 603.0, 604.0, 603.0, 603.0, 603.0, 603.0, 604.0, 604.0, 604.0, 604.0, 604.0, 605.0, 607.0, 607.0, 603.0, 605.0, 604.0, 604.0, 605.0, 605.0, 604.0, 603.0, 604.0, 604.0, 605.0, 604.0, 604.0, 603.0, 603.0, 603.0, 604.0, 604.0, 603.0, 602.0, 603.0, 602.0, 602.0, 603.0, 604.0, 602.0, 601.0, 601.0, 601.0, 601.0, 601.0, 599.0, 598.0, 595.0, 593.0, 592.0, 593.0, 593.0, 591.0, 590.0, 592.0, 592.0, 592.0, 590.0, 588.0, 588.0, 591.0, 591.0, 596.0]",True,False,False,,4923.003015,3.659605162911734,False,0.0,0.0,0.0,0.0,-7200.9,-2.9601699629296605,4706.1,1.9345992671115104,"凱基(19,334.70萬)／永豐金證券(8,901.90萬)／國票-敦北法人(5,896.80萬)",True,False,1
2026-07-21,2454,TSE,2026-07-22,23855.0,0.8653871691788053,1,True,False,False,3.75,0.0,True,8.991825613079019,3670.0,4000.0,4000.0,3830.0,3850.0,3850.0,2026-07-22,d1_close,2026,"[3875.0, 3885.0, 3860.0, 3890.0, 3900.0, 3895.0, 3905.0, 3915.0, 3895.0, 3875.0, 3870.0, 3890.0, 3920.0, 3910.0, 3920.0, 3920.0, 3920.0, 3925.0, 3920.0, 3915.0, 3910.0, 3915.0, 3885.0, 3870.0, 3865.0, 3895.0, 3895.0, 3895.0, 3905.0, 3925.0, 3915.0, 3905.0, 3900.0, 3895.0, 3870.0, 3885.0, 3895.0, 3890.0, 3890.0, 3885.0, 3895.0, 3890.0, 3905.0, 3910.0, 3915.0, 3925.0, 3925.0, 3930.0, 3945.0, 3935.0, 3955.0, 3975.0, 3975.0, 3965.0, 3955.0, 3945.0, 3940.0, 3925.0, 3925.0, 3915.0, 3905.0, 3925.0, 3930.0, 3950.0, 3935.0, 3935.0, 3930.0, 3920.0, 3920.0, 3935.0, 3930.0, 3925.0, 3930.0, 3945.0, 3940.0, 3940.0, 3945.0, 3935.0, 3940.0, 3940.0, 3945.0, 3945.0, 3945.0, 3940.0, 3940.0, 3945.0, 3950.0, 3950.0, 3955.0, 3945.0, 3945.0, 3945.0, 3935.0, 3935.0, 3930.0, 3930.0, 3925.0, 3925.0, 3925.0, 3925.0, 3935.0, 3935.0, 3935.0, 3935.0, 3930.0, 3925.0, 3930.0, 3925.0, 3920.0, 3920.0, 3920.0, 3915.0, 3925.0, 3920.0, 3915.0, 3920.0, 3905.0, 3910.0, 3915.0, 3915.0, 3920.0, 3920.0, 3920.0, 3925.0, 3925.0, 3920.0, 3910.0, 3915.0, 3905.0, 3905.0, 3905.0, 3905.0, 3895.0, 3905.0, 3900.0, 3900.0, 3900.0, 3910.0, 3910.0, 3900.0, 3900.0, 3900.0, 3905.0, 3920.0, 3925.0, 3925.0, 3915.0, 3925.0, 3920.0, 3920.0, 3920.0, 3910.0, 3915.0, 3910.0, 3915.0, 3910.0, 3900.0, 3900.0, 3880.0, 3880.0, 3875.0, 3880.0, 3885.0, 3880.0, 3885.0, 3890.0, 3890.0, 3875.0, 3870.0, 3875.0, 3860.0, 3855.0, 3850.0, 3860.0, 3860.0, 3855.0, 3860.0, 3855.0, 3875.0, 3890.0, 3875.0, 3880.0, 3885.0, 3885.0, 3885.0, 3885.0, 3895.0, 3895.0, 3895.0, 3895.0, 3895.0, 3895.0, 3890.0, 3895.0, 3890.0, 3890.0, 3885.0, 3885.0, 3880.0, 3875.0, 3880.0, 3880.0, 3890.0, 3895.0, 3895.0, 3890.0, 3895.0, 3890.0, 3890.0, 3890.0, 3890.0, 3890.0, 3895.0, 3895.0, 3895.0, 3890.0, 3895.0, 3895.0, 3900.0, 3900.0, 3900.0, 3895.0, 3895.0, 3900.0, 3900.0, 3895.0, 3890.0, 3890.0, 3890.0, 3895.0, 3890.0, 3890.0, 3895.0, 3895.0, 3880.0, 3880.0, 3885.0, 3885.0, 3885.0, 3885.0, 3890.0, 3885.0, 3890.0, 3875.0, 3880.0, 3880.0, 3875.0, 3875.0, 3870.0, 3865.0, 3865.0, 3870.0, 3865.0, 3870.0, 3865.0, 3865.0, 3855.0, 3850.0, 3855.0, 3845.0, 3830.0, 3840.0, 3830.0, 3830.0, 3850.0]",True,False,False,,58863.28781,3.659605162911734,False,77804.0,2.822493536398565,24222.0,0.8787008179354023,73767.0,2.676043400075998,23855.0,0.8653871691788053,"美林(163,682.00萬)／花旗環球(120,743.00萬)／元大證券(89,548.00萬)",True,False,3
2026-07-21,3189,TSE,2026-07-22,3058.6,0.6315710347495342,1,True,False,False,0.9950248756218906,1.8656716417910448,True,7.774798927613941,746.0,804.0,819.0,770.0,796.0,796.0,2026-07-22,d1_close,2026,"[803.0, 804.0, 794.0, 796.0, 796.0, 793.0, 786.0, 789.0, 789.0, 789.0, 789.0, 785.0, 780.0, 785.0, 782.0, 783.0, 790.0, 781.0, 783.0, 781.0, 783.0, 782.0, 785.0, 778.0, 776.0, 771.0, 778.0, 775.0, 774.0, 782.0, 785.0, 780.0, 782.0, 781.0, 783.0, 781.0, 784.0, 794.0, 792.0, 793.0, 790.0, 788.0, 786.0, 794.0, 800.0, 808.0, 809.0, 805.0, 810.0, 806.0, 800.0, 804.0, 807.0, 814.0, 815.0, 813.0, 812.0, 811.0, 808.0, 808.0, 806.0, 809.0, 808.0, 808.0, 809.0, 811.0, 814.0, 813.0, 813.0, 814.0, 812.0, 813.0, 813.0, 812.0, 812.0, 812.0, 813.0, 810.0, 810.0, 810.0, 813.0, 813.0, 810.0, 810.0, 809.0, 809.0, 809.0, 810.0, 810.0, 810.0, 807.0, 809.0, 809.0, 809.0, 809.0, 810.0, 809.0, 808.0, 808.0, 808.0, 813.0, 814.0, 813.0, 814.0, 814.0, 813.0, 814.0, 814.0, 814.0, 813.0, 811.0, 812.0, 811.0, 811.0, 809.0, 810.0, 808.0, 807.0, 807.0, 809.0, 810.0, 809.0, 810.0, 810.0, 809.0, 810.0, 809.0, 809.0, 808.0, 810.0, 810.0, 808.0, 806.0, 807.0, 808.0, 809.0, 808.0, 809.0, 810.0, 810.0, 809.0, 810.0, 808.0, 810.0, 810.0, 810.0, 810.0, 811.0, 811.0, 811.0, 809.0, 809.0, 809.0, 809.0, 808.0, 809.0, 808.0, 808.0, 808.0, 809.0, 809.0, 809.0, 808.0, 808.0, 806.0, 808.0, 808.0, 808.0, 809.0, 809.0, 808.0, 808.0, 806.0, 805.0, 805.0, 804.0, 805.0, 804.0, 805.0, 806.0, 807.0, 807.0, 808.0, 809.0, 808.0, 810.0, 810.0, 809.0, 809.0, 811.0, 811.0, 814.0, 815.0, 815.0, 813.0, 813.0, 812.0, 813.0, 814.0, 815.0, 814.0, 816.0, 817.0, 817.0, 816.0, 817.0, 816.0, 814.0, 814.0, 814.0, 814.0, 815.0, 814.0, 814.0, 815.0, 815.0, 815.0, 814.0, 815.0, 815.0, 815.0, 815.0, 815.0, 814.0, 814.0, 813.0, 812.0, 810.0, 811.0, 810.0, 810.0, 810.0, 810.0, 808.0, 805.0, 805.0, 803.0, 804.0, 805.0, 806.0, 807.0, 804.0, 805.0, 804.0, 799.0, 798.0, 798.0, 798.0, 799.0, 799.0, 799.0, 797.0, 795.0, 802.0, 803.0, 803.0, 803.0, 801.0, 800.0, 799.0, 799.0, 798.0, 798.0, 797.0, 796.0, 796.0]",True,False,False,,3930.791868,3.659605162911734,False,0.0,0.0,29840.0,6.161668631702774,32451.0,6.700814636976767,3058.6,0.6315710347495342,"凱基-台北(41,253.80萬)／富邦證券(32,451.00萬)／國票-敦北法人(29,840.00萬)",True,False,2
2026-07-21,3653,TSE,2026-07-22,6688.0,0.965253399710188,1,True,False,False,1.2693935119887163,1.9746121297602257,True,0.7102272727272727,3520.0,3545.0,3615.0,3405.0,3500.0,3500.0,2026-07-22,d1_close,2026,"[3555.0, 3595.0, 3605.0, 3580.0, 3570.0, 3570.0, 3570.0, 3565.0, 3560.0, 3545.0, 3515.0, 3515.0, 3525.0, 3505.0, 3530.0, 3510.0, 3510.0, 3520.0, 3500.0, 3485.0, 3495.0, 3500.0, 3485.0, 3485.0, 3485.0, 3475.0, 3475.0, 3480.0, 3470.0, 3465.0, 3455.0, 3440.0, 3440.0, 3435.0, 3440.0, 3445.0, 3435.0, 3440.0, 3435.0, 3430.0, 3430.0, 3435.0, 3440.0, 3445.0, 3450.0, 3465.0, 3470.0, 3460.0, 3465.0, 3470.0, 3465.0, 3455.0, 3450.0, 3460.0, 3445.0, 3445.0, 3440.0, 3435.0, 3430.0, 3455.0, 3475.0, 3460.0, 3460.0, 3450.0, 3470.0, 3495.0, 3490.0, 3515.0, 3510.0, 3495.0, 3495.0, 3500.0, 3500.0, 3490.0, 3485.0, 3475.0, 3475.0, 3475.0, 3475.0, 3485.0, 3475.0, 3475.0, 3470.0, 3470.0, 3460.0, 3465.0, 3470.0, 3475.0, 3470.0, 3460.0, 3455.0, 3465.0, 3480.0, 3455.0, 3485.0, 3470.0, 3470.0, 3455.0, 3470.0, 3470.0, 3460.0, 3470.0, 3455.0, 3450.0, 3450.0, 3445.0, 3440.0, 3440.0, 3440.0, 3435.0, 3430.0, 3425.0, 3440.0, 3440.0, 3440.0, 3425.0, 3435.0, 3425.0, 3410.0, 3405.0, 3410.0, 3410.0, 3410.0, 3405.0, 3405.0, 3415.0, 3415.0, 3405.0, 3415.0, 3415.0, 3420.0, 3420.0, 3415.0, 3440.0, 3425.0, 3435.0, 3420.0, 3415.0, 3405.0, 3410.0, 3435.0, 3430.0, 3440.0, 3430.0, 3445.0, 3460.0, 3450.0, 3455.0, 3450.0, 3455.0, 3450.0, 3445.0, 3445.0, 3495.0, 3505.0, 3515.0, 3520.0, 3520.0, 3535.0, 3545.0, 3550.0, 3550.0, 3545.0, 3570.0, 3570.0, 3560.0, 3575.0, 3580.0, 3575.0, 3585.0, 3585.0, 3580.0, 3570.0, 3575.0, 3565.0, 3530.0, 3545.0, 3560.0, 3565.0, 3555.0, 3570.0, 3560.0, 3550.0, 3545.0, 3550.0, 3545.0, 3530.0, 3540.0, 3530.0, 3525.0, 3500.0, 3505.0, 3515.0, 3525.0, 3520.0, 3505.0, 3510.0, 3505.0, 3500.0, 3510.0, 3515.0, 3505.0, 3505.0, 3505.0, 3500.0, 3500.0, 3500.0, 3505.0, 3500.0, 3490.0, 3500.0, 3500.0, 3500.0, 3500.0, 3500.0, 3500.0, 3500.0, 3500.0]",True,False,False,,5164.99456,3.659605162911734,True,0.0,0.0,-5280.0,-0.7620421576659379,84128.0,12.141871712143944,6688.0,0.965253399710188,"富邦證券(84,128.00萬)／台灣摩根士丹利(49,280.00萬)／美商高盛(36,608.00萬)",True,False,2
2026-07-21,3665,TSE,2026-07-22,8200.0,1.6321327171664766,1,True,False,False,-2.669902912621359,6.553398058252427,False,3.0,2000.0,2060.0,2195.0,2040.0,2115.0,2115.0,2026-07-22,d1_close,2026,"[2075.0, 2060.0, 2095.0, 2115.0, 2115.0, 2105.0, 2110.0, 2105.0, 2090.0, 2075.0, 2080.0, 2075.0, 2070.0, 2070.0, 2075.0, 2075.0, 2065.0, 2070.0, 2060.0, 2065.0, 2065.0, 2060.0, 2055.0, 2065.0, 2060.0, 2055.0, 2065.0, 2055.0, 2045.0, 2055.0, 2065.0, 2065.0, 2065.0, 2070.0, 2065.0, 2065.0, 2065.0, 2060.0, 2065.0, 2065.0, 2060.0, 2070.0, 2075.0, 2080.0, 2080.0, 2085.0, 2090.0, 2090.0, 2095.0, 2095.0, 2090.0, 2090.0, 2085.0, 2100.0, 2100.0, 2110.0, 2105.0, 2105.0, 2105.0, 2110.0, 2095.0, 2100.0, 2090.0, 2085.0, 2085.0, 2085.0, 2085.0, 2085.0, 2090.0, 2090.0, 2095.0, 2095.0, 2095.0, 2100.0, 2100.0, 2110.0, 2110.0, 2110.0, 2105.0, 2105.0, 2105.0, 2105.0, 2105.0, 2105.0, 2105.0, 2100.0, 2095.0, 2100.0, 2100.0, 2100.0, 2100.0, 2095.0, 2095.0, 2100.0, 2100.0, 2100.0, 2095.0, 2100.0, 2100.0, 2105.0, 2105.0, 2105.0, 2110.0, 2110.0, 2110.0, 2110.0, 2105.0, 2110.0, 2105.0, 2100.0, 2105.0, 2105.0, 2100.0, 2100.0, 2095.0, 2095.0, 2100.0, 2100.0, 2095.0, 2095.0, 2095.0, 2100.0, 2100.0, 2100.0, 2100.0, 2100.0, 2100.0, 2105.0, 2100.0, 2105.0, 2105.0, 2105.0, 2105.0, 2110.0, 2110.0, 2110.0, 2105.0, 2110.0, 2105.0, 2115.0, 2105.0, 2110.0, 2105.0, 2110.0, 2110.0, 2115.0, 2110.0, 2115.0, 2115.0, 2120.0, 2120.0, 2120.0, 2120.0, 2120.0, 2120.0, 2125.0, 2125.0, 2125.0, 2125.0, 2125.0, 2125.0, 2125.0, 2130.0, 2130.0, 2130.0, 2130.0, 2130.0, 2130.0, 2130.0, 2125.0, 2125.0, 2125.0, 2125.0, 2125.0, 2125.0, 2125.0, 2120.0, 2125.0, 2125.0, 2125.0, 2125.0, 2125.0, 2130.0, 2130.0, 2130.0, 2125.0, 2130.0, 2130.0, 2130.0, 2135.0, 2135.0, 2135.0, 2140.0, 2140.0, 2140.0, 2160.0, 2160.0, 2165.0, 2175.0, 2170.0, 2175.0, 2170.0, 2170.0, 2180.0, 2180.0, 2190.0, 2185.0, 2190.0, 2185.0, 2190.0, 2190.0, 2190.0, 2185.0, 2190.0, 2195.0, 2195.0, 2190.0, 2185.0, 2190.0, 2190.0, 2190.0, 2190.0, 2185.0, 2185.0, 2190.0, 2185.0, 2180.0, 2180.0, 2175.0, 2180.0, 2175.0, 2165.0, 2155.0, 2150.0, 2135.0, 2125.0, 2135.0, 2130.0, 2125.0, 2135.0, 2140.0, 2140.0, 2145.0, 2145.0, 2145.0, 2140.0, 2135.0, 2140.0, 2135.0, 2140.0, 2145.0, 2145.0, 2145.0, 2145.0, 2140.0, 2135.0, 2135.0, 2125.0, 2130.0, 2125.0, 2120.0, 2115.0, 2110.0, 2090.0, 2115.0]",True,False,False,,3901.568,3.659605162911734,False,0.0,0.0,0.0,0.0,-10800.0,-2.149638212853408,8200.0,1.6321327171664766,"元大證券(63,800.00萬)／花旗環球(52,600.00萬)／兆豐證券(32,800.00萬)",True,False,1
2026-07-21,6213,TSE,2026-07-22,3225.95,0.8815584464553152,1,True,False,False,1.6085790884718498,3.8873994638069695,True,5.218617771509168,354.5,373.0,387.5,363.0,367.0,367.0,2026-07-22,d1_close,2026,"[379.5, 378.5, 378.0, 379.5, 382.0, 385.5, 385.0, 384.0, 386.5, 384.5, 380.5, 380.0, 379.5, 380.5, 379.5, 380.0, 381.0, 380.5, 380.5, 380.0, 379.0, 378.5, 379.5, 377.0, 374.0, 375.5, 379.0, 377.0, 374.5, 376.5, 377.0, 376.5, 377.0, 376.0, 375.0, 375.5, 375.0, 376.0, 375.0, 375.0, 374.0, 373.5, 373.5, 375.5, 375.5, 375.5, 375.5, 376.0, 377.5, 378.0, 377.0, 378.0, 377.0, 376.0, 376.5, 377.0, 375.5, 375.5, 374.5, 374.0, 374.5, 375.0, 376.0, 378.0, 377.0, 376.5, 377.0, 379.0, 380.5, 381.0, 381.0, 380.5, 380.5, 380.5, 379.0, 378.5, 377.0, 377.0, 378.5, 377.5, 378.0, 378.0, 377.5, 376.5, 377.0, 377.0, 377.5, 377.5, 377.5, 378.0, 377.0, 376.5, 377.5, 377.5, 377.0, 378.5, 379.5, 380.5, 379.5, 380.5, 380.5, 380.5, 379.5, 379.5, 380.5, 380.0, 382.0, 382.0, 381.0, 379.5, 379.5, 379.0, 378.5, 378.5, 377.5, 375.0, 374.5, 374.5, 375.5, 375.5, 374.5, 374.5, 374.5, 373.5, 373.5, 371.5, 370.5, 371.0, 373.0, 372.5, 372.5, 370.5, 371.5, 370.5, 369.0, 369.5, 370.0, 370.0, 370.5, 371.0, 371.0, 370.5, 370.5, 370.5, 370.5, 370.0, 371.0, 372.0, 372.0, 372.5, 371.0, 372.5, 372.5, 372.0, 372.0, 372.5, 372.0, 371.5, 371.0, 371.0, 371.5, 371.0, 370.0, 370.5, 370.5, 371.0, 370.5, 370.5, 370.5, 371.0, 371.5, 371.0, 369.5, 368.0, 368.5, 369.5, 368.5, 369.0, 369.0, 370.0, 370.5, 370.0, 370.0, 370.5, 372.0, 373.0, 372.5, 372.5, 373.5, 374.0, 374.5, 374.5, 374.0, 374.5, 375.0, 374.5, 374.5, 376.5, 376.0, 375.5, 375.5, 375.0, 376.5, 377.0, 376.0, 375.5, 375.5, 375.0, 375.0, 375.0, 374.5, 375.0, 374.5, 374.5, 374.0, 374.5, 375.5, 375.5, 375.0, 374.5, 375.5, 376.0, 376.5, 376.5, 376.0, 375.5, 375.5, 375.0, 375.0, 375.0, 375.0, 374.0, 373.5, 373.0, 372.0, 372.5, 372.0, 372.0, 372.5, 372.0, 372.5, 372.5, 370.5, 371.0, 370.5, 369.5, 369.5, 369.0, 367.5, 366.5, 367.5, 367.0, 366.5, 366.0, 365.0, 364.5, 364.5, 364.0, 364.0, 363.5, 364.5, 364.5, 364.0, 364.0, 364.0, 367.0]",True,False,False,,1292.652345,3.659605162911734,False,17866.8,4.8824775495986685,0.0,0.0,17618.65,4.814665361409799,3225.95,0.8815584464553152,"元大證券(33,712.95萬)／摩根大通(19,072.10萬)／凱基-城中(17,866.80萬)",True,False,2
2026-07-22,8021,TSE,2026-07-23,1255.5,0.6792909505546162,1,True,False,False,3.329369797859691,3.4482758620689653,True,0.4778972520908005,418.5,420.5,435.0,399.0,406.5,406.5,2026-07-23,d1_close,2026,"[435.0, 427.5, 425.5, 421.0, 425.5, 418.5, 419.0, 423.0, 425.5, 421.0, 416.0, 419.5, 416.5, 419.0, 420.5, 424.0, 420.0, 420.5, 420.5, 420.5, 421.5, 424.0, 422.0, 420.0, 419.0, 422.0, 421.0, 421.5, 418.5, 419.0, 417.5, 419.5, 421.0, 421.0, 419.5, 420.0, 418.0, 417.5, 416.0, 418.5, 416.5, 415.0, 416.0, 415.0, 413.5, 413.5, 413.0, 412.0, 412.5, 415.5, 415.0, 413.5, 411.0, 411.5, 412.5, 411.0, 409.0, 407.5, 407.0, 408.0, 409.0, 408.5, 412.0, 413.0, 411.5, 411.5, 411.0, 409.0, 410.0, 411.0, 410.0, 412.5, 412.0, 412.5, 412.0, 411.0, 409.5, 408.0, 407.5, 406.5, 406.0, 404.0, 403.0, 400.0, 400.5, 399.0, 402.0, 403.0, 405.0, 405.0, 405.5, 409.0, 411.5, 411.0, 410.0, 407.5, 407.0, 410.0, 408.5, 407.5, 408.0, 409.0, 409.0, 410.5, 412.5, 412.5, 412.5, 410.0, 412.5, 412.5, 414.0, 414.0, 414.0, 414.0, 414.0, 413.5, 413.5, 414.5, 415.0, 413.0, 413.0, 411.0, 410.0, 412.5, 411.0, 410.5, 410.5, 410.5, 411.0, 410.0, 408.5, 410.0, 411.0, 410.5, 409.5, 410.0, 409.5, 409.0, 408.5, 408.5, 408.5, 408.0, 408.0, 409.0, 409.0, 408.0, 408.0, 408.0, 408.0, 407.5, 407.5, 407.5, 406.5, 406.0, 406.5, 406.5, 406.5, 406.5, 406.5, 405.5, 404.5, 404.5, 404.0, 403.0, 404.0, 404.0, 404.5, 406.0, 405.0, 405.5, 406.0, 405.5, 404.5, 404.0, 403.5, 402.0, 403.0, 403.0, 404.5, 403.5, 402.5, 402.0, 402.5, 401.5, 401.0, 402.0, 403.0, 406.0, 405.0, 403.5, 402.5, 402.0, 402.0, 402.0, 403.0, 403.0, 403.0, 404.0, 404.5, 405.0, 404.5, 404.5, 405.0, 405.5, 406.0, 405.5, 407.0, 407.5, 407.0, 406.5, 406.0, 406.0, 406.0, 406.0, 406.0, 405.5, 404.0, 404.0, 405.0, 404.5, 404.5, 404.5, 404.5, 404.5, 404.0, 404.0, 403.5, 403.5, 403.0, 403.0, 403.0, 403.0, 403.0, 402.5, 402.5, 402.5, 402.0, 401.5, 401.5, 401.0, 400.5, 402.5, 403.0, 402.5, 404.0, 403.5, 403.0, 407.0, 406.0, 404.5, 404.5, 404.5, 405.0, 404.0, 404.0, 404.0, 403.0, 406.5]",True,False,False,,607.0028625,5.597401159489942,False,0.0,0.0,0.0,0.0,0.0,0.0,1255.5,0.6792909505546162,"國票-安和(19,962.45萬)／凱基-台北(9,458.10萬)／新加坡商瑞銀(7,072.65萬)",True,False,0
2026-07-23,3081,OTC,2026-07-24,69906.0,15.738296103681272,2,True,False,False,2.7624309392265194,11.049723756906078,True,-1.092896174863388,1830.0,1810.0,2010.0,1745.0,1760.0,1760.0,2026-07-24,d1_close,2026,"[1850.0, 1815.0, 1800.0, 1790.0, 1825.0, 1830.0, 1840.0, 1860.0, 1840.0, 1850.0, 1835.0, 1835.0, 1845.0, 1850.0, 1830.0, 1845.0, 1870.0, 1880.0, 1875.0, 1885.0, 1880.0, 1895.0, 1900.0, 1910.0, 1930.0, 1920.0, 1960.0, 1950.0, 1970.0, 1965.0, 1960.0, 1940.0, 1950.0, 1975.0, 1975.0, 1970.0, 1975.0, 1960.0, 1960.0, 1960.0, 1960.0, 1980.0, 2000.0, 2005.0, 2010.0, 2005.0, 2000.0, 1985.0, 1960.0, 1960.0, 1955.0, 1955.0, 1940.0, 1950.0, 1955.0, 1945.0, 1950.0, 1955.0, 1960.0, 1955.0, 1945.0, 1915.0, 1930.0, 1920.0, 1930.0, 1930.0, 1935.0, 1935.0, 1930.0, 1920.0, 1930.0, 1940.0, 1930.0, 1935.0, 1940.0, 1935.0, 1920.0, 1915.0, 1915.0, 1910.0, 1905.0, 1885.0, 1895.0, 1885.0, 1880.0, 1885.0, 1890.0, 1885.0, 1880.0, 1865.0, 1865.0, 1875.0, 1880.0, 1870.0, 1865.0, 1855.0, 1840.0, 1845.0, 1840.0, 1835.0, 1835.0, 1840.0, 1845.0, 1855.0, 1845.0, 1850.0, 1850.0, 1860.0, 1850.0, 1840.0, 1845.0, 1840.0, 1840.0, 1850.0, 1850.0, 1850.0, 1850.0, 1845.0, 1835.0, 1835.0, 1835.0, 1835.0, 1835.0, 1840.0, 1845.0, 1845.0, 1840.0, 1835.0, 1835.0, 1820.0, 1815.0, 1820.0, 1820.0, 1830.0, 1840.0, 1845.0, 1860.0, 1855.0, 1865.0, 1860.0, 1860.0, 1865.0, 1870.0, 1860.0, 1860.0, 1870.0, 1870.0, 1875.0, 1880.0, 1885.0, 1870.0, 1875.0, 1855.0, 1850.0, 1845.0, 1850.0, 1850.0, 1850.0, 1855.0, 1855.0, 1855.0, 1850.0, 1855.0, 1845.0, 1840.0, 1840.0, 1850.0, 1850.0, 1840.0, 1840.0, 1840.0, 1825.0, 1820.0, 1815.0, 1815.0, 1815.0, 1820.0, 1820.0, 1830.0, 1830.0, 1825.0, 1825.0, 1830.0, 1835.0, 1830.0, 1835.0, 1825.0, 1815.0, 1825.0, 1825.0, 1820.0, 1820.0, 1825.0, 1825.0, 1825.0, 1830.0, 1830.0, 1835.0, 1830.0, 1830.0, 1830.0, 1835.0, 1835.0, 1835.0, 1835.0, 1835.0, 1835.0, 1825.0, 1820.0, 1820.0, 1825.0, 1825.0, 1830.0, 1830.0, 1835.0, 1835.0, 1835.0, 1830.0, 1830.0, 1830.0, 1830.0, 1830.0, 1825.0, 1825.0, 1825.0, 1825.0, 1825.0, 1820.0, 1820.0, 1820.0, 1825.0, 1810.0, 1800.0, 1800.0, 1795.0, 1795.0, 1795.0, 1790.0, 1790.0, 1795.0, 1790.0, 1790.0, 1780.0, 1765.0, 1760.0, 1755.0, 1745.0, 1765.0, 1755.0, 1750.0, 1750.0, 1750.0, 1750.0, 1750.0, 1750.0, 1760.0]",True,False,False,,1693.06659,1.3970153869735222,False,0.0,0.0,0.0,0.0,-4392.0,-0.988793472482593,69906.0,15.738296103681273,"台新-台北(69,906.00萬)／元大-北投(18,483.00萬)／台新(13,176.00萬)",True,False,1
2026-07-27,5328,OTC,2026-07-28,6935.04,3.3121666109211785,1,True,False,False,5.692307692307697,1.8461538461538505,True,-3.273809523809528,67.2,65.0,66.2,61.0,61.3,61.3,2026-07-28,d1_close,2026,"[65.4, 65.3, 65.3, 65.6, 65.7, 64.8, 64.3, 64.4, 64.5, 64.6, 63.7, 63.8, 63.1, 63.5, 63.1, 62.8, 62.9, 63.2, 63.6, 63.3, 63.5, 64.1, 64.2, 64.7, 64.7, 64.7, 64.9, 65.2, 64.9, 64.9, 64.6, 64.4, 64.2, 64.6, 64.6, 64.6, 64.6, 64.4, 64.6, 64.4, 64.0, 64.3, 64.5, 64.4, 64.2, 63.8, 63.7, 64.0, 64.1, 63.8, 63.8, 63.4, 62.9, 63.3, 62.8, 62.6, 62.9, 63.0, 63.1, 63.1, 62.9, 62.8, 62.8, 63.0, 63.0, 63.1, 63.0, 62.9, 63.0, 62.8, 62.8, 62.8, 62.8, 62.9, 62.9, 62.9, 62.8, 62.7, 62.7, 63.2, 63.2, 63.2, 63.0, 63.1, 63.1, 63.1, 62.8, 62.8, 63.0, 62.9, 62.6, 63.1, 62.8, 62.9, 63.4, 63.2, 63.0, 63.0, 62.9, 63.1, 63.2, 62.9, 63.0, 63.0, 62.9, 62.9, 62.9, 62.8, 62.8, 63.0, 63.3, 63.2, 63.3, 63.8, 63.9, 63.6, 63.5, 63.5, 63.2, 63.3, 63.3, 63.2, 63.1, 63.3, 63.3, 63.2, 63.1, 63.1, 62.8, 62.8, 62.8, 62.7, 63.0, 62.9, 62.9, 62.9, 63.2, 63.3, 63.3, 63.3, 63.3, 63.2, 63.2, 63.1, 63.1, 63.3, 63.4, 63.2, 63.1, 63.2, 62.9, 63.0, 63.0, 63.0, 63.0, 63.1, 62.9, 63.1, 63.2, 63.3, 63.2, 63.5, 63.5, 63.5, 63.5, 63.5, 63.5, 63.4, 63.3, 63.4, 63.4, 63.4, 63.4, 63.4, 63.4, 63.5, 63.4, 63.4, 63.3, 63.4, 63.3, 63.3, 63.2, 63.2, 63.1, 63.1, 63.0, 62.9, 62.9, 62.9, 62.9, 62.9, 63.1, 63.1, 63.1, 63.0, 63.0, 63.1, 63.2, 63.1, 63.3, 63.2, 63.0, 63.0, 63.0, 62.9, 62.9, 62.9, 62.9, 63.0, 62.6, 62.6, 62.8, 62.8, 62.6, 62.7, 62.6, 62.5, 62.6, 62.6, 62.7, 62.9, 62.8, 62.7, 62.6, 62.7, 62.7, 62.8, 62.7, 62.7, 62.6, 62.5, 62.1, 62.3, 62.4, 62.4, 62.3, 62.4, 62.4, 62.3, 62.4, 62.6, 62.5, 62.3, 62.1, 61.7, 61.7, 61.3, 61.5, 61.5, 61.4, 61.3, 61.2, 61.3, 61.2, 61.0, 61.2, 61.5, 61.6, 61.5, 61.5, 61.5, 61.2, 61.2, 61.2, 61.3]",True,False,False,,116.0615904,-2.7125931504915863,False,0.0,0.0,0.0,0.0,0.0,0.0,6935.040000000001,3.3121666109211794,"台新-台北(6,935.04萬)／元大證券(6,552.00萬)／凱基-站前(5,496.96萬)",True,False,0
2026-07-31,2383,TSE,2026-08-03,21352.5,3.171426155103882,1,True,False,False,3.018500486854917,1.1684518013631937,True,8.21917808219178,4745.0,5135.0,5195.0,4930.0,4980.0,4980.0,2026-08-03,d1_close,2026,"[5050.0, 5000.0, 4960.0, 5060.0, 5015.0, 4970.0, 4955.0, 5000.0, 5035.0, 5075.0, 5050.0, 5085.0, 5070.0, 5085.0, 5070.0, 5025.0, 5020.0, 5010.0, 5075.0, 5100.0, 5065.0, 5065.0, 5110.0, 5135.0, 5160.0, 5185.0, 5165.0, 5170.0, 5140.0, 5145.0, 5135.0, 5160.0, 5160.0, 5160.0, 5155.0, 5140.0, 5135.0, 5105.0, 5155.0, 5155.0, 5150.0, 5160.0, 5140.0, 5150.0, 5160.0, 5155.0, 5140.0, 5125.0, 5125.0, 5165.0, 5155.0, 5150.0, 5170.0, 5165.0, 5170.0, 5170.0, 5175.0, 5165.0, 5165.0, 5165.0, 5155.0, 5155.0, 5170.0, 5155.0, 5165.0, 5170.0, 5170.0, 5125.0, 5135.0, 5115.0, 5125.0, 5135.0, 5130.0, 5140.0, 5135.0, 5145.0, 5135.0, 5160.0, 5160.0, 5165.0, 5185.0, 5180.0, 5180.0, 5185.0, 5170.0, 5180.0, 5170.0, 5135.0, 5135.0, 5130.0, 5145.0, 5140.0, 5155.0, 5125.0, 5125.0, 5110.0, 5120.0, 5085.0, 5070.0, 5050.0, 5080.0, 5085.0, 5080.0, 5055.0, 5060.0, 5075.0, 5075.0, 5070.0, 5085.0, 5090.0, 5095.0, 5100.0, 5095.0, 5090.0, 5105.0, 5100.0, 5090.0, 5100.0, 5075.0, 5075.0, 5045.0, 5050.0, 5030.0, 5040.0, 5030.0, 5035.0, 5040.0, 5060.0, 5060.0, 5070.0, 5065.0, 5060.0, 5060.0, 5050.0, 5040.0, 5045.0, 5055.0, 5055.0, 5055.0, 5055.0, 5060.0, 5045.0, 5045.0, 5045.0, 5035.0, 5045.0, 5050.0, 5035.0, 5050.0, 5065.0, 5055.0, 5070.0, 5070.0, 5060.0, 5070.0, 5080.0, 5050.0, 5075.0, 5085.0, 5090.0, 5075.0, 5085.0, 5075.0, 5075.0, 5075.0, 5090.0, 5090.0, 5080.0, 5085.0, 5075.0, 5065.0, 5070.0, 5070.0, 5075.0, 5055.0, 5025.0, 5015.0, 5035.0, 5035.0, 5045.0, 5055.0, 5050.0, 5035.0, 5030.0, 5040.0, 5040.0, 5035.0, 5025.0, 5035.0, 5025.0, 5040.0, 5045.0, 5045.0, 5045.0, 5040.0, 5035.0, 5035.0, 5035.0, 5020.0, 5040.0, 5050.0, 5060.0, 5060.0, 5070.0, 5050.0, 5060.0, 5070.0, 5060.0, 5050.0, 5055.0, 5055.0, 5055.0, 5055.0, 5045.0, 5050.0, 5045.0, 5050.0, 5050.0, 5040.0, 5040.0, 5035.0, 5035.0, 5035.0, 5035.0, 5035.0, 5035.0, 5035.0, 5030.0, 5040.0, 5045.0, 5045.0, 5040.0, 5045.0, 5020.0, 5030.0, 5015.0, 5020.0, 5030.0, 5020.0, 5015.0, 5030.0, 5015.0, 4985.0, 4980.0, 4995.0, 4990.0, 4995.0, 4990.0, 4980.0, 4975.0, 4935.0, 4965.0, 4980.0, 4980.0]",True,False,False,,17002.336195,7.69388883588525,False,8541.0,1.2685704620415528,0.0,0.0,23725.0,3.5238068390043136,21352.5,3.171426155103882,"摩根大通(116,252.50萬)／港商野村(52,669.50萬)／元大證券(51,720.50萬)",True,False,2
2026-07-31,3450,TSE,2026-08-03,1078.8,1.018941168984374,1,True,False,False,-6.78851174934726,6.78851174934726,False,2.956989247311828,372.0,383.0,409.0,382.0,409.0,409.0,2026-08-03,d1_close,2026,"[393.0, 395.0, 396.0, 392.0, 392.5, 393.0, 393.5, 398.0, 396.5, 397.5, 398.0, 396.0, 393.0, 395.0, 394.5, 396.5, 396.0, 396.0, 394.5, 401.0, 401.0, 401.0, 401.5, 402.0, 402.0, 403.0, 404.0, 401.5, 401.0, 400.5, 400.0, 400.5, 401.5, 401.0, 399.5, 397.0, 397.0, 395.5, 396.5, 395.5, 397.0, 398.5, 398.5, 398.5, 398.5, 404.0, 404.0, 404.5, 405.0, 407.0, 405.5, 404.0, 404.0, 405.0, 406.0, 407.5, 407.5, 409.0, 407.5, 408.0, 407.0, 408.5, 409.0, 408.0, 409.0, 409.0, 409.0, 409.0, 409.0, 409.0, 409.0, 408.0, 409.0, 409.0, 409.0, 409.0, 409.0, 409.0, 409.0, 409.0, 409.0, 409.0, 409.0, 409.0, 409.0, 409.0, 409.0, 409.0, 409.0, 409.0, 409.0, 409.0, 409.0, 409.0, 409.0, 409.0, 409.0, 409.0, 409.0, 409.0, 409.0, 409.0, 409.0, 409.0, 409.0, 409.0, 409.0, 409.0, 409.0, 409.0, 409.0, 409.0, 409.0, 409.0, 409.0, 409.0, 409.0, 409.0, 409.0, 409.0, 409.0, 409.0, 409.0, 409.0, 409.0, 409.0, 409.0, 409.0, 409.0, 409.0, 409.0, 409.0, 409.0, 409.0, 409.0, 409.0, 409.0, 409.0, 409.0, 409.0, 409.0, 409.0, 409.0, 409.0, 409.0, 409.0, 409.0, 409.0, 409.0, 409.0, 409.0, 409.0, 409.0, 409.0, 409.0, 409.0, 409.0, 409.0]",True,False,False,,541.934808,7.69388883588525,False,0.0,0.0,0.0,0.0,-9039.6,-8.53802427804148,1078.8,1.0189411689843741,"新加坡商瑞銀(11,197.20萬)／台新(9,374.40萬)／兆豐-新竹(3,050.40萬)",True,False,1
2026-07-31,5864,OTC,2026-08-03,613.05,4.314446305369774,1,True,False,False,0.8223684210526315,2.631578947368424,True,-0.327868852459021,30.5,30.4,31.2,29.75,30.15,30.15,2026-08-03,d1_close,2026,"[30.0, 30.05, 29.9, 29.95, 30.0, 30.05, 29.9, 30.05, 30.1, 30.1, 30.15, 30.2, 30.1, 30.4, 30.35, 30.5, 30.6, 30.35, 30.25, 30.15, 30.1, 30.2, 30.2, 30.15, 30.25, 30.3, 30.3, 30.35, 30.4, 30.4, 30.35, 30.4, 30.45, 30.35, 30.35, 30.3, 30.35, 30.35, 30.25, 30.3, 30.25, 30.25, 30.3, 30.4, 30.3, 30.4, 30.4, 30.35, 30.6, 30.65, 30.65, 30.6, 30.55, 30.45, 30.65, 30.7, 30.8, 30.7, 30.7, 30.65, 30.75, 30.85, 30.85, 30.9, 30.85, 30.85, 30.9, 30.85, 30.85, 30.85, 30.85, 30.9, 30.9, 30.9, 30.9, 30.95, 30.95, 30.95, 31.15, 31.2, 31.05, 31.1, 31.05, 30.9, 30.8, 30.8, 30.75, 30.75, 30.75, 30.8, 30.8, 30.8, 30.75, 30.75, 30.7, 30.7, 30.7, 30.65, 30.65, 30.65, 30.7, 30.7, 30.7, 30.7, 30.75, 30.7, 30.7, 30.7, 30.7, 30.7, 30.7, 30.7, 30.75, 30.8, 30.75, 30.75, 30.75, 30.65, 30.65, 30.6, 30.55, 30.55, 30.55, 30.55, 30.55, 30.55, 30.5, 30.55, 30.5, 30.5, 30.5, 30.45, 30.4, 30.5, 30.5, 30.5, 30.5, 30.5, 30.5, 30.55, 30.55, 30.6, 30.55, 30.5, 30.55, 30.5, 30.5, 30.5, 30.5, 30.45, 30.5, 30.5, 30.5, 30.5, 30.5, 30.5, 30.5, 30.5, 30.5, 30.5, 30.6, 30.6, 30.6, 30.55, 30.55, 30.55, 30.55, 30.55, 30.55, 30.55, 30.55, 30.5, 30.65, 30.65, 30.55, 30.5, 30.5, 30.5, 30.5, 30.5, 30.3, 30.35, 30.3, 30.3, 30.25, 30.25, 30.2, 30.2, 30.25, 30.2, 30.15, 30.0, 29.9, 30.0, 29.95, 29.95, 29.95, 30.0, 30.05, 30.2, 30.2, 30.1, 30.15]",True,False,False,,138.621158,7.69388883588525,False,0.0,0.0,0.0,0.0,0.0,0.0,613.05,4.314446305369774,"元大-台北(7,210.20萬)／台新-台北(613.05萬)／摩根大通(484.95萬)",True,False,0
2026-07-31,6274,OTC,2026-08-03,1110.0,1.1849773313836507,1,True,True,True,0.0,0.0,False,9.90990990990991,1110.0,1220.0,1220.0,1220.0,1220.0,1220.0,2026-08-03,d1_close,2026,"[1220.0, 1220.0, 1220.0, 1220.0, 1220.0, 1220.0, 1220.0, 1220.0, 1220.0, 1220.0, 1220.0, 1220.0, 1220.0, 1220.0, 1220.0, 1220.0, 1220.0, 1220.0, 1220.0, 1220.0, 1220.0, 1220.0, 1220.0, 1220.0, 1220.0, 1220.0, 1220.0, 1220.0, 1220.0, 1220.0, 1220.0, 1220.0, 1220.0, 1220.0, 1220.0, 1220.0, 1220.0, 1220.0, 1220.0, 1220.0, 1220.0, 1220.0, 1220.0, 1220.0, 1220.0, 1220.0, 1220.0, 1220.0, 1220.0, 1220.0, 1220.0, 1220.0, 1220.0, 1220.0, 1220.0, 1220.0, 1220.0, 1220.0, 1220.0, 1220.0, 1220.0, 1220.0, 1220.0, 1220.0, 1220.0, 1220.0, 1220.0, 1220.0, 1220.0, 1220.0, 1220.0, 1220.0, 1220.0, 1220.0, 1220.0, 1220.0, 1220.0, 1220.0, 1220.0, 1220.0, 1220.0, 1220.0, 1220.0, 1220.0, 1220.0, 1220.0, 1220.0, 1220.0, 1220.0, 1220.0, 1220.0, 1220.0, 1220.0, 1220.0, 1220.0, 1220.0, 1220.0, 1220.0, 1220.0, 1220.0, 1220.0, 1220.0]",True,False,False,,3322.63071,7.69388883588525,False,0.0,0.0,4773.0,5.095402524949698,777.0,0.8294841319685555,1110.0,1.1849773313836507,"元大證券(31,080.00萬)／統一(9,546.00萬)／統一-仁愛(7,881.00萬)",True,False,2
2026-07-31,7734,OTC,2026-08-03,4044.0,5.166673448670843,1,True,False,False,-9.171597633136097,9.319526627218936,False,0.2967359050445104,3370.0,3380.0,3695.0,3380.0,3690.0,3690.0,2026-08-03,d1_close,2026,"[3400.0, 3390.0, 3395.0, 3480.0, 3550.0, 3555.0, 3575.0, 3595.0, 3610.0, 3605.0, 3575.0, 3600.0, 3575.0, 3560.0, 3505.0, 3510.0, 3560.0, 3590.0, 3605.0, 3610.0, 3620.0, 3630.0, 3640.0, 3635.0, 3625.0, 3620.0, 3620.0, 3625.0, 3615.0, 3630.0, 3645.0, 3650.0, 3645.0, 3645.0, 3640.0, 3640.0, 3650.0, 3600.0, 3620.0, 3635.0, 3590.0, 3580.0, 3620.0, 3620.0, 3630.0, 3625.0, 3640.0, 3630.0, 3650.0, 3635.0, 3615.0, 3605.0, 3600.0, 3575.0, 3650.0, 3600.0, 3590.0, 3590.0, 3580.0, 3580.0, 3600.0, 3600.0, 3600.0, 3640.0, 3610.0, 3650.0, 3670.0, 3680.0, 3665.0, 3680.0, 3680.0, 3685.0, 3680.0, 3675.0, 3675.0, 3675.0, 3670.0, 3675.0, 3670.0, 3680.0, 3695.0, 3680.0, 3680.0, 3680.0, 3675.0, 3675.0, 3670.0, 3675.0, 3685.0, 3685.0, 3690.0]",True,False,False,,943.6,7.69388883588525,False,0.0,0.0,0.0,0.0,0.0,0.0,4044.0,5.166673448670843,"台灣摩根士丹利(10,110.00萬)／凱基-台北(4,381.00萬)／美商高盛(4,381.00萬)",True,False,0
2026-07-31,7769,TSE,2026-08-03,1236.0,0.7842245391700552,1,True,False,False,1.9832189168573608,1.9069412662090008,True,6.067961165048544,6180.0,6555.0,6680.0,6325.0,6425.0,6425.0,2026-08-03,d1_close,2026,"[6535.0, 6450.0, 6485.0, 6530.0, 6560.0, 6565.0, 6645.0, 6655.0, 6645.0, 6625.0, 6620.0, 6630.0, 6645.0, 6670.0, 6610.0, 6645.0, 6635.0, 6645.0, 6600.0, 6565.0, 6580.0, 6610.0, 6615.0, 6635.0, 6645.0, 6605.0, 6630.0, 6650.0, 6650.0, 6650.0, 6680.0, 6625.0, 6600.0, 6605.0, 6610.0, 6570.0, 6545.0, 6580.0, 6625.0, 6620.0, 6635.0, 6625.0, 6640.0, 6600.0, 6575.0, 6570.0, 6620.0, 6605.0, 6595.0, 6595.0, 6625.0, 6570.0, 6575.0, 6560.0, 6590.0, 6595.0, 6580.0, 6505.0, 6525.0, 6550.0, 6505.0, 6490.0, 6520.0, 6525.0, 6555.0, 6545.0, 6530.0, 6520.0, 6515.0, 6540.0, 6550.0, 6515.0, 6530.0, 6505.0, 6485.0, 6540.0, 6510.0, 6500.0, 6405.0, 6410.0, 6440.0, 6445.0, 6435.0, 6465.0, 6440.0, 6475.0, 6500.0, 6510.0, 6460.0, 6460.0, 6500.0, 6490.0, 6495.0, 6470.0, 6455.0, 6470.0, 6475.0, 6475.0, 6460.0, 6495.0, 6470.0, 6495.0, 6500.0, 6500.0, 6500.0, 6505.0, 6525.0, 6525.0, 6550.0, 6550.0, 6545.0, 6545.0, 6500.0, 6510.0, 6495.0, 6455.0, 6430.0, 6450.0, 6450.0, 6480.0, 6420.0, 6405.0, 6405.0, 6410.0, 6395.0, 6435.0, 6435.0, 6480.0, 6480.0, 6480.0, 6425.0, 6455.0, 6455.0, 6470.0, 6480.0, 6490.0, 6485.0, 6400.0, 6430.0, 6415.0, 6460.0, 6440.0, 6455.0, 6420.0, 6440.0, 6455.0, 6435.0, 6435.0, 6465.0, 6490.0, 6465.0, 6450.0, 6470.0, 6470.0, 6465.0, 6480.0, 6470.0, 6490.0, 6470.0, 6455.0, 6480.0, 6445.0, 6460.0, 6470.0, 6475.0, 6470.0, 6475.0, 6475.0, 6470.0, 6485.0, 6470.0, 6450.0, 6450.0, 6470.0, 6480.0, 6490.0, 6470.0, 6460.0, 6435.0, 6440.0, 6430.0, 6420.0, 6415.0, 6395.0, 6390.0, 6390.0, 6335.0, 6350.0, 6370.0, 6365.0, 6375.0, 6375.0, 6350.0, 6425.0]",True,False,False,,11119.674,7.69388883588525,False,71688.0,45.4850232718632,0.0,0.0,0.0,0.0,1236.0,0.7842245391700552,"凱基-城中(71,688.00萬)／港商麥格理(6,798.00萬)／群益金鼎-台北(6,798.00萬)",True,False,1
2026-07-31,8021,TSE,2026-08-03,613.7,3.067682769310256,1,True,False,False,-7.088989441930618,7.088989441930618,False,2.631578947368421,323.0,331.5,355.0,330.0,355.0,355.0,2026-08-03,d1_close,2026,"[343.0, 337.5, 345.5, 350.0, 345.5, 345.0, 345.0, 345.0, 347.0, 348.5, 351.0, 353.5, 352.0, 353.5, 354.0, 352.0, 353.0, 353.0, 352.0, 354.5, 355.0, 355.0, 355.0, 355.0, 355.0, 355.0, 355.0, 355.0, 355.0, 355.0, 355.0, 355.0, 355.0, 355.0, 355.0, 355.0, 355.0, 355.0, 355.0, 355.0, 355.0, 355.0, 355.0, 355.0, 355.0, 355.0, 355.0, 355.0, 355.0, 355.0, 355.0, 355.0, 355.0, 355.0, 355.0, 355.0, 355.0, 355.0, 355.0, 355.0, 355.0, 355.0, 355.0, 355.0, 355.0, 355.0, 355.0, 355.0, 355.0, 355.0, 355.0, 355.0, 355.0, 355.0, 355.0, 355.0, 355.0, 355.0, 355.0, 355.0, 355.0, 355.0, 355.0, 355.0, 355.0, 355.0, 355.0, 355.0, 355.0, 355.0, 355.0, 355.0, 355.0, 355.0, 355.0, 355.0, 355.0, 355.0, 355.0, 355.0, 355.0, 355.0, 355.0, 355.0, 355.0, 355.0, 355.0, 355.0, 355.0, 355.0, 355.0, 355.0, 355.0, 355.0, 355.0, 355.0, 355.0, 355.0, 355.0, 355.0, 355.0, 355.0, 355.0, 355.0, 355.0, 355.0, 355.0, 355.0, 355.0, 355.0, 355.0, 355.0, 355.0, 355.0, 355.0, 355.0, 355.0, 355.0, 355.0, 355.0, 355.0, 355.0, 355.0, 355.0, 355.0, 355.0, 355.0, 355.0, 355.0, 355.0, 355.0, 355.0, 355.0, 355.0, 355.0, 355.0]",True,False,False,,468.487275,7.69388883588525,False,0.0,0.0,0.0,0.0,0.0,0.0,613.7,3.067682769310256,"凱基-台北(7,429.00萬)／國票-安和(2,584.00萬)／凱基-興隆(1,324.30萬)",True,False,0
2026-07-31,8358,OTC,2026-08-03,1192.0,0.6799797382010695,1,True,False,False,-9.531772575250836,9.531772575250836,False,0.3355704697986577,298.0,299.0,327.5,298.0,327.5,327.5,2026-08-03,d1_close,2026,"[308.5, 315.0, 318.5, 322.0, 322.0, 323.0, 322.0, 324.5, 327.5, 327.5, 327.5, 327.5, 327.5, 327.5, 327.0, 327.5, 327.0, 327.5, 327.5, 327.5, 327.5, 327.5, 327.5, 327.0, 327.5, 327.0, 327.0, 327.5, 326.5, 327.0, 327.0, 327.0, 327.0, 327.5, 327.0, 327.0, 326.5, 326.5, 326.5, 327.0, 327.5, 327.5, 327.0, 327.5, 327.5, 327.5, 327.5, 327.5, 327.5, 327.5, 327.5, 327.5, 327.5, 327.5, 327.5, 327.5, 327.5, 327.5, 327.5, 327.5, 327.5, 327.5, 327.5, 327.5, 327.5, 327.5, 327.5, 327.5, 327.5, 327.5, 327.5, 327.5, 327.5, 327.5, 327.5, 327.5, 327.5, 327.5, 327.5, 327.5, 327.5, 327.5, 327.5, 327.5, 327.5, 327.5, 327.5, 327.5, 327.5, 327.5, 327.5, 327.5, 327.5, 327.5, 327.5, 327.5, 327.5, 327.5, 327.5, 327.5, 327.5, 327.5, 327.5, 327.5, 327.5, 327.5, 327.5, 327.5, 327.5, 327.5, 327.5, 327.5, 327.5, 327.5, 327.5, 327.5, 327.5, 327.5, 327.5, 327.5, 327.5, 327.5, 327.5, 327.5, 327.5, 327.5, 327.5, 327.5, 327.5, 327.5]",True,False,False,,752.71224,7.69388883588525,False,1281.4,0.7309782185661496,0.0,0.0,0.0,0.0,1192.0,0.6799797382010695,"統一(19,519.00萬)／美商高盛(17,462.80萬)／摩根大通(15,496.00萬)",True,False,1
2026-08-03,2301,TSE,2026-08-04,68436.9,12.791226997282957,2,True,False,False,-7.922912205567452,7.922912205567452,False,1.7429193899782136,229.5,233.5,252.0,233.0,252.0,252.0,2026-08-04,d1_close,2026,"[235.0, 241.5, 245.0, 245.0, 249.0, 250.0, 251.5, 251.5, 252.0, 252.0, 252.0, 252.0, 252.0, 252.0, 252.0, 252.0, 252.0, 252.0, 252.0, 252.0, 252.0, 252.0, 252.0, 252.0, 252.0, 252.0, 252.0, 252.0, 252.0, 252.0, 252.0, 252.0, 252.0, 252.0, 252.0, 252.0, 252.0, 252.0, 252.0, 252.0, 252.0, 252.0, 252.0, 252.0, 252.0, 252.0, 252.0, 252.0, 252.0, 252.0, 252.0, 252.0, 252.0, 252.0, 252.0, 252.0, 252.0, 252.0, 252.0, 252.0, 252.0, 252.0, 252.0, 252.0, 252.0, 252.0, 252.0, 252.0, 252.0, 252.0, 252.0, 252.0, 252.0, 252.0, 252.0, 252.0, 252.0, 252.0, 252.0, 252.0, 252.0, 252.0, 252.0, 252.0, 252.0, 252.0, 252.0, 252.0, 252.0, 252.0, 252.0, 252.0, 252.0, 252.0, 252.0, 252.0, 252.0, 252.0, 252.0, 252.0, 252.0, 252.0, 252.0, 252.0, 252.0, 252.0, 252.0, 252.0, 252.0, 252.0, 252.0, 252.0, 252.0, 252.0, 252.0, 252.0, 252.0, 252.0, 252.0, 252.0, 252.0, 252.0, 252.0, 252.0, 252.0, 252.0, 252.0, 252.0, 252.0, 252.0, 252.0, 252.0, 252.0, 252.0, 252.0, 252.0, 252.0, 252.0, 252.0, 252.0, 252.0, 252.0, 252.0, 252.0, 252.0, 252.0, 252.0, 252.0, 252.0, 252.0, 252.0, 252.0, 252.0, 252.0, 252.0, 252.0, 252.0, 252.0, 252.0, 252.0, 252.0, 252.0, 252.0, 252.0, 252.0, 252.0, 252.0, 252.0, 252.0, 252.0, 252.0, 252.0, 252.0, 252.0, 252.0, 252.0, 252.0, 252.0, 252.0, 252.0, 252.0, 252.0, 252.0, 252.0, 252.0, 252.0, 252.0, 252.0, 252.0, 252.0, 252.0, 252.0, 252.0, 252.0, 252.0, 252.0, 252.0, 252.0, 252.0, 252.0, 252.0, 252.0, 252.0, 252.0, 252.0, 252.0, 252.0, 252.0, 252.0, 252.0, 252.0, 252.0, 252.0, 252.0, 252.0, 252.0, 252.0, 252.0, 252.0, 252.0, 252.0, 252.0, 252.0, 252.0, 252.0, 252.0, 252.0, 252.0, 252.0, 252.0, 252.0, 252.0, 252.0, 252.0, 252.0, 252.0, 252.0, 252.0, 252.0, 252.0, 252.0, 252.0, 252.0, 252.0, 252.0, 252.0, 252.0, 252.0, 252.0, 252.0, 252.0, 252.0, 252.0, 252.0, 252.0, 252.0, 252.0, 252.0, 252.0, 252.0, 252.0, 252.0, 252.0, 252.0]",True,False,False,,5315.467401,8.647194196322367,False,65040.3,12.156384074547251,7229.25,1.3511859504172137,44270.55,8.274405391602556,68436.9,12.791226997282957,"台新-台北(68,436.90萬)／凱基-城中(65,040.30萬)／富邦證券(44,270.55萬)",True,False,3
2026-08-03,2368,TSE,2026-08-04,4796.0,1.1084361791196682,2,True,False,False,0.4439511653718091,0.2219755826859045,True,3.325688073394496,872.0,901.0,903.0,858.0,897.0,897.0,2026-08-04,d1_close,2026,"[882.0, 875.0, 873.0, 870.0, 864.0, 862.0, 873.0, 875.0, 873.0, 884.0, 883.0, 885.0, 887.0, 880.0, 882.0, 878.0, 870.0, 868.0, 866.0, 867.0, 869.0, 873.0, 872.0, 875.0, 867.0, 864.0, 865.0, 864.0, 866.0, 874.0, 873.0, 871.0, 870.0, 872.0, 875.0, 870.0, 865.0, 865.0, 865.0, 869.0, 869.0, 868.0, 874.0, 873.0, 877.0, 875.0, 877.0, 880.0, 880.0, 882.0, 883.0, 884.0, 881.0, 885.0, 887.0, 888.0, 891.0, 890.0, 888.0, 881.0, 881.0, 881.0, 878.0, 876.0, 879.0, 882.0, 879.0, 886.0, 882.0, 881.0, 882.0, 886.0, 890.0, 888.0, 887.0, 883.0, 882.0, 884.0, 883.0, 887.0, 886.0, 888.0, 891.0, 891.0, 888.0, 888.0, 888.0, 887.0, 885.0, 890.0, 891.0, 895.0, 897.0, 894.0, 896.0, 895.0, 895.0, 897.0, 898.0, 895.0, 894.0, 895.0, 893.0, 896.0, 893.0, 890.0, 890.0, 886.0, 889.0, 889.0, 893.0, 892.0, 891.0, 892.0, 892.0, 891.0, 890.0, 888.0, 888.0, 887.0, 888.0, 889.0, 889.0, 887.0, 882.0, 883.0, 885.0, 882.0, 882.0, 882.0, 883.0, 882.0, 881.0, 878.0, 878.0, 880.0, 880.0, 879.0, 880.0, 880.0, 880.0, 878.0, 877.0, 879.0, 880.0, 881.0, 881.0, 881.0, 880.0, 882.0, 880.0, 880.0, 881.0, 882.0, 881.0, 881.0, 881.0, 879.0, 880.0, 878.0, 877.0, 877.0, 878.0, 877.0, 879.0, 879.0, 878.0, 878.0, 878.0, 879.0, 879.0, 880.0, 880.0, 879.0, 879.0, 878.0, 878.0, 880.0, 879.0, 879.0, 877.0, 879.0, 877.0, 876.0, 876.0, 875.0, 879.0, 879.0, 880.0, 879.0, 878.0, 878.0, 877.0, 877.0, 877.0, 879.0, 880.0, 880.0, 882.0, 882.0, 881.0, 881.0, 881.0, 884.0, 885.0, 884.0, 886.0, 887.0, 885.0, 887.0, 884.0, 886.0, 883.0, 885.0, 885.0, 886.0, 885.0, 887.0, 886.0, 888.0, 890.0, 888.0, 890.0, 892.0, 891.0, 891.0, 890.0, 890.0, 892.0, 896.0, 894.0, 894.0, 894.0, 895.0, 896.0, 898.0, 897.0, 892.0, 892.0, 893.0, 893.0, 891.0, 893.0, 890.0, 888.0, 887.0, 889.0, 888.0, 889.0, 889.0, 890.0, 888.0, 889.0, 891.0, 893.0, 894.0, 892.0, 893.0, 894.0, 896.0, 896.0, 896.0, 893.0, 893.0, 897.0]",True,False,False,,4508.64984,8.647194196322367,False,0.0,0.0,0.0,0.0,12208.0,2.821473910486428,4796.0,1.1084361791196682,"國票-敦北法人(35,316.00萬)／摩根大通(33,397.60萬)／台灣摩根士丹利(22,323.20萬)",True,False,1
2026-08-03,2454,TSE,2026-08-04,276437.0,9.438694640669429,2,True,False,False,5.616605616605617,0.0,True,4.731457800511509,3910.0,4095.0,4095.0,3800.0,3865.0,3865.0,2026-08-04,d1_close,2026,"[3980.0, 3975.0, 3955.0, 3975.0, 3965.0, 3950.0, 3915.0, 3910.0, 3930.0, 3915.0, 3885.0, 3920.0, 3920.0, 3915.0, 3925.0, 3920.0, 3915.0, 3920.0, 3910.0, 3935.0, 3930.0, 3945.0, 3940.0, 3930.0, 3920.0, 3915.0, 3915.0, 3920.0, 3915.0, 3925.0, 3935.0, 3915.0, 3905.0, 3910.0, 3915.0, 3900.0, 3895.0, 3895.0, 3895.0, 3900.0, 3900.0, 3895.0, 3890.0, 3905.0, 3910.0, 3910.0, 3910.0, 3930.0, 3930.0, 3935.0, 3930.0, 3935.0, 3930.0, 3925.0, 3935.0, 3900.0, 3905.0, 3910.0, 3910.0, 3880.0, 3885.0, 3855.0, 3855.0, 3830.0, 3835.0, 3835.0, 3840.0, 3850.0, 3830.0, 3830.0, 3835.0, 3840.0, 3840.0, 3855.0, 3850.0, 3835.0, 3825.0, 3825.0, 3830.0, 3850.0, 3825.0, 3845.0, 3850.0, 3855.0, 3855.0, 3865.0, 3860.0, 3855.0, 3850.0, 3855.0, 3855.0, 3860.0, 3860.0, 3860.0, 3865.0, 3850.0, 3845.0, 3845.0, 3850.0, 3845.0, 3855.0, 3865.0, 3865.0, 3880.0, 3865.0, 3865.0, 3865.0, 3870.0, 3870.0, 3875.0, 3885.0, 3875.0, 3880.0, 3885.0, 3885.0, 3885.0, 3880.0, 3875.0, 3875.0, 3880.0, 3890.0, 3900.0, 3905.0, 3890.0, 3880.0, 3880.0, 3895.0, 3880.0, 3875.0, 3880.0, 3875.0, 3865.0, 3855.0, 3855.0, 3860.0, 3875.0, 3880.0, 3890.0, 3900.0, 3890.0, 3890.0, 3890.0, 3895.0, 3900.0, 3895.0, 3900.0, 3900.0, 3900.0, 3900.0, 3900.0, 3900.0, 3905.0, 3910.0, 3910.0, 3905.0, 3895.0, 3890.0, 3895.0, 3895.0, 3885.0, 3880.0, 3880.0, 3880.0, 3870.0, 3870.0, 3875.0, 3865.0, 3860.0, 3865.0, 3865.0, 3865.0, 3870.0, 3870.0, 3865.0, 3865.0, 3865.0, 3865.0, 3865.0, 3865.0, 3860.0, 3855.0, 3855.0, 3840.0, 3840.0, 3840.0, 3840.0, 3855.0, 3845.0, 3845.0, 3840.0, 3845.0, 3830.0, 3830.0, 3830.0, 3830.0, 3835.0, 3835.0, 3835.0, 3845.0, 3845.0, 3835.0, 3840.0, 3840.0, 3845.0, 3845.0, 3850.0, 3850.0, 3845.0, 3850.0, 3840.0, 3845.0, 3835.0, 3835.0, 3835.0, 3835.0, 3830.0, 3825.0, 3825.0, 3820.0, 3825.0, 3825.0, 3825.0, 3825.0, 3825.0, 3825.0, 3825.0, 3830.0, 3835.0, 3835.0, 3830.0, 3835.0, 3835.0, 3840.0, 3840.0, 3840.0, 3840.0, 3840.0, 3825.0, 3825.0, 3830.0, 3830.0, 3830.0, 3830.0, 3830.0, 3825.0, 3825.0, 3820.0, 3825.0, 3825.0, 3820.0, 3820.0, 3825.0, 3820.0, 3825.0, 3815.0, 3805.0, 3805.0, 3805.0, 3805.0, 3805.0, 3825.0, 3825.0, 3815.0, 3810.0, 3865.0]",True,False,False,,62712.31014,8.647194196322367,False,163829.0,5.593794985064341,-17986.0,-0.6141159172147009,-82892.0,-2.830273357598187,276437.0,9.438694640669427,"台新-台北(276,437.00萬)／新加坡商瑞銀(227,953.00萬)／凱基-城中(163,829.00萬)",True,False,3
2026-08-03,3037,TSE,2026-08-04,53803.0,2.779264706378322,2,True,False,False,-5.239179954441914,7.972665148063782,False,1.5028901734104043,865.0,878.0,948.0,873.0,924.0,924.0,2026-08-04,d1_close,2026,"[893.0, 908.0, 896.0, 897.0, 901.0, 890.0, 892.0, 888.0, 889.0, 888.0, 890.0, 891.0, 894.0, 888.0, 889.0, 887.0, 879.0, 887.0, 884.0, 889.0, 887.0, 891.0, 890.0, 896.0, 894.0, 896.0, 900.0, 899.0, 896.0, 901.0, 903.0, 908.0, 913.0, 913.0, 908.0, 910.0, 907.0, 910.0, 912.0, 914.0, 922.0, 917.0, 916.0, 923.0, 924.0, 928.0, 930.0, 938.0, 943.0, 942.0, 941.0, 945.0, 944.0, 947.0, 946.0, 939.0, 945.0, 945.0, 944.0, 941.0, 939.0, 933.0, 932.0, 932.0, 929.0, 931.0, 931.0, 936.0, 931.0, 920.0, 924.0, 931.0, 928.0, 928.0, 920.0, 918.0, 920.0, 922.0, 922.0, 925.0, 923.0, 927.0, 927.0, 925.0, 922.0, 924.0, 922.0, 924.0, 921.0, 922.0, 921.0, 922.0, 920.0, 917.0, 919.0, 919.0, 916.0, 920.0, 920.0, 918.0, 919.0, 920.0, 921.0, 921.0, 918.0, 918.0, 916.0, 916.0, 918.0, 915.0, 918.0, 920.0, 919.0, 919.0, 920.0, 917.0, 917.0, 916.0, 915.0, 915.0, 916.0, 919.0, 919.0, 916.0, 914.0, 913.0, 915.0, 910.0, 908.0, 909.0, 906.0, 903.0, 899.0, 901.0, 905.0, 908.0, 908.0, 911.0, 914.0, 911.0, 913.0, 915.0, 915.0, 916.0, 920.0, 919.0, 917.0, 916.0, 914.0, 917.0, 918.0, 918.0, 918.0, 918.0, 917.0, 916.0, 915.0, 914.0, 915.0, 914.0, 912.0, 911.0, 913.0, 912.0, 914.0, 913.0, 913.0, 911.0, 913.0, 913.0, 914.0, 916.0, 915.0, 914.0, 914.0, 912.0, 912.0, 916.0, 916.0, 917.0, 916.0, 915.0, 914.0, 913.0, 912.0, 912.0, 915.0, 913.0, 913.0, 913.0, 912.0, 913.0, 913.0, 913.0, 915.0, 915.0, 918.0, 920.0, 920.0, 919.0, 917.0, 918.0, 919.0, 919.0, 919.0, 919.0, 920.0, 920.0, 919.0, 916.0, 916.0, 914.0, 914.0, 913.0, 914.0, 915.0, 912.0, 913.0, 913.0, 913.0, 913.0, 913.0, 914.0, 913.0, 912.0, 910.0, 912.0, 915.0, 916.0, 917.0, 917.0, 918.0, 917.0, 918.0, 918.0, 918.0, 919.0, 917.0, 917.0, 918.0, 919.0, 920.0, 920.0, 919.0, 917.0, 917.0, 918.0, 919.0, 920.0, 920.0, 919.0, 918.0, 918.0, 918.0, 917.0, 917.0, 917.0, 917.0, 918.0, 917.0, 918.0, 918.0, 917.0, 917.0, 924.0]",True,False,False,,13764.94049,8.647194196322367,False,0.0,0.0,0.0,0.0,57695.5,2.980336911823699,53803.0,2.779264706378322,"台灣摩根士丹利(70,411.00萬)／摩根大通(70,151.50萬)／宏遠證券(66,951.00萬)",True,False,1
2026-08-03,3081,OTC,2026-08-04,2148.0,1.802480948875649,2,True,True,True,0.0,0.0,False,9.776536312849162,1790.0,1965.0,1965.0,1965.0,1965.0,1965.0,2026-08-04,d1_close,2026,"[1965.0, 1965.0, 1965.0, 1965.0, 1965.0, 1965.0, 1965.0, 1965.0, 1965.0, 1965.0, 1965.0, 1965.0, 1965.0, 1965.0, 1965.0, 1965.0, 1965.0, 1965.0, 1965.0, 1965.0, 1965.0, 1965.0, 1965.0, 1965.0, 1965.0, 1965.0, 1965.0, 1965.0, 1965.0, 1965.0, 1965.0, 1965.0, 1965.0, 1965.0, 1965.0, 1965.0, 1965.0, 1965.0, 1965.0, 1965.0, 1965.0, 1965.0, 1965.0, 1965.0, 1965.0, 1965.0]",True,False,False,,1656.05967,8.647194196322367,False,0.0,0.0,0.0,0.0,2685.0,2.253101186094561,2148.0,1.802480948875649,"凱基-台北(13,067.00萬)／元大-松江(8,234.00萬)／新加坡商瑞銀(7,160.00萬)",True,False,1
2026-08-03,3711,TSE,2026-08-04,99125.0,9.587243076345002,2,True,False,False,3.4653465346534658,0.0,True,-0.6557377049180327,610.0,606.0,606.0,573.0,585.0,585.0,2026-08-04,d1_close,2026,"[598.0, 587.0, 588.0, 586.0, 585.0, 589.0, 592.0, 593.0, 590.0, 593.0, 591.0, 587.0, 587.0, 580.0, 579.0, 583.0, 586.0, 588.0, 582.0, 585.0, 581.0, 580.0, 581.0, 581.0, 583.0, 584.0, 583.0, 583.0, 584.0, 584.0, 587.0, 589.0, 587.0, 584.0, 582.0, 582.0, 584.0, 585.0, 586.0, 584.0, 585.0, 588.0, 590.0, 590.0, 591.0, 591.0, 589.0, 590.0, 590.0, 590.0, 591.0, 593.0, 593.0, 589.0, 591.0, 593.0, 593.0, 591.0, 591.0, 589.0, 587.0, 585.0, 584.0, 586.0, 585.0, 587.0, 585.0, 584.0, 583.0, 585.0, 585.0, 585.0, 585.0, 583.0, 582.0, 583.0, 584.0, 586.0, 586.0, 586.0, 587.0, 587.0, 587.0, 587.0, 585.0, 585.0, 584.0, 586.0, 586.0, 586.0, 586.0, 585.0, 585.0, 585.0, 585.0, 585.0, 586.0, 583.0, 584.0, 585.0, 584.0, 584.0, 584.0, 583.0, 582.0, 583.0, 583.0, 583.0, 584.0, 584.0, 584.0, 583.0, 583.0, 583.0, 583.0, 581.0, 581.0, 581.0, 582.0, 585.0, 586.0, 583.0, 583.0, 580.0, 583.0, 580.0, 581.0, 581.0, 579.0, 578.0, 576.0, 575.0, 575.0, 577.0, 578.0, 578.0, 580.0, 581.0, 581.0, 581.0, 582.0, 581.0, 581.0, 581.0, 581.0, 580.0, 581.0, 582.0, 581.0, 583.0, 581.0, 580.0, 580.0, 578.0, 579.0, 579.0, 578.0, 577.0, 576.0, 577.0, 577.0, 577.0, 578.0, 577.0, 576.0, 576.0, 577.0, 576.0, 575.0, 577.0, 575.0, 574.0, 575.0, 575.0, 575.0, 577.0, 575.0, 574.0, 573.0, 574.0, 574.0, 573.0, 573.0, 573.0, 577.0, 576.0, 575.0, 574.0, 575.0, 575.0, 574.0, 574.0, 575.0, 574.0, 575.0, 574.0, 576.0, 574.0, 574.0, 575.0, 575.0, 575.0, 575.0, 575.0, 577.0, 576.0, 577.0, 577.0, 577.0, 577.0, 576.0, 576.0, 576.0, 576.0, 574.0, 576.0, 575.0, 575.0, 575.0, 575.0, 574.0, 576.0, 575.0, 576.0, 576.0, 577.0, 578.0, 579.0, 577.0, 578.0, 579.0, 579.0, 579.0, 579.0, 579.0, 579.0, 580.0, 579.0, 580.0, 581.0, 580.0, 581.0, 583.0, 582.0, 581.0, 583.0, 583.0, 582.0, 579.0, 580.0, 581.0, 579.0, 579.0, 579.0, 580.0, 579.0, 579.0, 581.0, 580.0, 580.0, 582.0, 583.0, 585.0]",True,False,False,,27214.45521,8.647194196322367,False,-17263.0,-1.6696552557573143,0.0,0.0,-10309.0,-0.9970732799398802,99125.0,9.587243076345002,"港商麥格理(166,713.00萬)／永豐金-匯立(110,471.00萬)／台新-台北(99,125.00萬)",True,False,2
2026-08-03,5274,OTC,2026-08-04,1597.5,0.3329907641775448,2,True,False,False,4.40949737897009,1.171754548257786,True,1.5023474178403755,15975.0,16215.0,16405.0,15255.0,15500.0,15500.0,2026-08-04,d1_close,2026,"[16405.0, 16000.0, 16000.0, 15985.0, 15930.0, 15975.0, 15900.0, 15975.0, 15965.0, 15900.0, 15850.0, 15815.0, 16090.0, 16050.0, 15860.0, 15840.0, 15880.0, 15875.0, 15965.0, 16100.0, 16030.0, 16125.0, 15980.0, 16095.0, 16125.0, 16135.0, 16060.0, 16100.0, 16130.0, 16120.0, 16050.0, 16135.0, 16200.0, 16135.0, 16075.0, 16075.0, 16290.0, 16295.0, 16100.0, 16100.0, 16055.0, 16050.0, 16010.0, 16000.0, 15975.0, 15975.0, 15940.0, 15900.0, 15935.0, 15935.0, 16000.0, 15840.0, 15820.0, 15800.0, 15780.0, 15780.0, 15700.0, 15685.0, 15575.0, 15520.0, 15520.0, 15590.0, 15590.0, 15660.0, 15660.0, 15500.0, 15300.0, 15300.0, 15295.0, 15255.0, 15390.0, 15480.0, 15500.0, 15500.0, 15395.0, 15390.0, 15415.0, 15480.0, 15480.0, 15475.0, 15475.0, 15475.0, 15495.0, 15460.0, 15425.0, 15480.0, 15480.0, 15430.0, 15310.0, 15255.0, 15370.0, 15300.0, 15270.0, 15260.0, 15345.0, 15355.0, 15350.0, 15295.0, 15390.0, 15275.0, 15385.0, 15390.0, 15395.0, 15300.0, 15300.0, 15475.0, 15390.0, 15500.0]",True,False,False,,6038.981325,8.647194196322367,False,0.0,0.0,0.0,0.0,38340.0,7.991778340261075,1597.5,0.3329907641775448,"港商麥格理(76,680.00萬)／香港上海匯豐(67,095.00萬)／美林(54,315.00萬)",True,False,1
2026-08-03,6531,TSE,2026-08-04,1392.7,1.0073026389107966,2,True,False,False,-8.91891891891892,8.91891891891892,False,0.9549795361527968,733.0,740.0,806.0,740.0,806.0,806.0,2026-08-04,d1_close,2026,"[740.0, 747.0, 745.0, 751.0, 775.0, 776.0, 780.0, 786.0, 790.0, 800.0, 794.0, 800.0, 795.0, 795.0, 793.0, 793.0, 787.0, 788.0, 791.0, 796.0, 796.0, 795.0, 795.0, 799.0, 799.0, 798.0, 795.0, 789.0, 789.0, 788.0, 789.0, 790.0, 794.0, 790.0, 787.0, 786.0, 786.0, 786.0, 792.0, 806.0, 806.0, 806.0, 806.0, 806.0, 806.0, 806.0, 806.0, 806.0, 806.0, 806.0, 806.0, 806.0, 806.0, 806.0]",True,True,True,5分鐘,1193.665578,8.647194196322367,False,0.0,0.0,0.0,0.0,1612.6,1.1663504240019753,1392.7,1.0073026389107966,"群益金鼎(22,356.50萬)／永豐金證券(11,508.10萬)／華南永昌(5,790.70萬)",True,False,1
2026-08-03,8039,TSE,2026-08-04,4152.9,1.2342802588283652,2,True,False,False,-4.43864229765013,6.266318537859007,False,0.5249343832020997,190.5,191.5,203.5,190.5,200.0,200.0,2026-08-04,d1_close,2026,"[198.0, 199.5, 200.0, 196.0, 197.0, 195.5, 198.5, 196.5, 196.0, 198.5, 196.0, 196.5, 196.5, 197.5, 197.0, 195.0, 194.0, 194.5, 195.5, 196.0, 197.0, 195.0, 193.0, 193.5, 192.0, 193.5, 196.0, 195.0, 194.5, 196.0, 197.0, 197.0, 196.0, 198.5, 199.0, 199.5, 196.5, 196.5, 195.5, 195.0, 197.5, 199.0, 198.5, 200.0, 198.5, 198.0, 198.0, 200.0, 199.0, 200.0, 200.0, 201.0, 200.0, 202.0, 201.0, 200.5, 200.5, 200.0, 200.0, 198.5, 199.0, 198.0, 197.5, 199.0, 201.0, 200.0, 202.0, 201.5, 200.5, 199.5, 200.5, 201.5, 199.5, 198.5, 197.5, 197.0, 196.0, 196.5, 196.0, 196.5, 195.5, 196.0, 196.5, 195.0, 194.5, 194.5, 194.0, 194.5, 194.0, 196.5, 196.0, 196.0, 196.5, 196.5, 196.0, 195.5, 195.0, 195.0, 196.0, 195.0, 195.5, 196.0, 196.5, 196.0, 196.0, 195.5, 195.5, 196.0, 195.5, 196.0, 196.0, 197.0, 196.5, 197.0, 197.5, 197.0, 196.5, 196.0, 195.5, 195.5, 196.0, 196.5, 196.5, 196.0, 195.5, 195.0, 195.5, 195.5, 194.5, 194.5, 194.0, 193.5, 192.5, 194.0, 193.5, 195.0, 195.0, 195.5, 197.0, 197.0, 197.0, 196.5, 197.0, 197.0, 197.0, 197.0, 196.5, 196.0, 196.0, 196.5, 196.5, 197.0, 197.0, 196.0, 196.5, 196.5, 196.5, 196.0, 196.0, 195.5, 195.5, 195.5, 196.0, 196.0, 196.5, 196.0, 196.0, 196.0, 196.0, 196.5, 196.0, 196.5, 196.5, 196.0, 196.0, 196.0, 196.5, 196.5, 196.5, 196.5, 197.5, 196.5, 196.0, 196.5, 196.0, 197.0, 197.0, 197.0, 196.5, 196.5, 196.5, 196.0, 195.5, 196.5, 196.5, 196.5, 197.0, 197.0, 196.5, 196.0, 196.5, 196.5, 196.5, 196.5, 196.5, 196.5, 198.5, 199.0, 199.5, 199.0, 199.0, 199.0, 200.0, 200.0, 199.5, 200.0, 200.0, 199.5, 200.0, 200.0, 200.0, 200.0, 199.5, 203.0, 202.5, 202.5, 200.5, 200.0, 200.0, 200.0, 200.0, 200.5, 200.5, 201.0, 201.5, 202.0, 201.5, 202.5, 201.5, 202.0, 202.0, 202.0, 203.0, 202.0, 202.0, 202.5, 202.5, 201.0, 202.0, 201.5, 200.5, 201.0, 201.0, 201.0, 201.0, 200.5, 201.0, 201.5, 202.0, 201.0, 200.5, 200.0, 200.0]",True,False,False,,502.54662,8.647194196322367,False,0.0,0.0,0.0,0.0,0.0,0.0,4152.9,1.2342802588283652,"凱基-台北(28,136.85萬)／美商高盛(25,603.20萬)／台灣摩根士丹利(16,802.10萬)",True,False,0
2026-08-04,2484,TSE,2026-08-05,671.0400000000001,0.3239394717880453,1,True,False,False,1.6736401673640209,3.207810320781028,True,2.5751072961373347,69.9,71.7,74.0,69.1,70.5,70.5,2026-08-05,d1_close,2026,"[71.9, 72.6, 72.6, 73.1, 73.0, 72.7, 73.0, 73.6, 73.1, 72.6, 72.5, 72.1, 71.6, 71.7, 71.6, 71.7, 71.5, 71.0, 71.3, 70.9, 71.5, 71.2, 71.2, 71.3, 71.4, 70.6, 71.0, 70.7, 71.0, 70.7, 71.1, 71.0, 70.9, 71.0, 71.0, 71.4, 71.1, 71.2, 71.3, 71.2, 70.9, 71.1, 71.6, 71.4, 71.2, 71.2, 71.2, 71.2, 71.6, 71.7, 71.5, 71.7, 72.5, 72.6, 72.6, 72.8, 72.5, 73.8, 73.1, 73.4, 72.7, 73.1, 72.9, 72.7, 72.6, 72.5, 72.9, 72.7, 72.7, 72.6, 72.4, 72.6, 72.6, 72.5, 72.4, 72.3, 72.5, 72.3, 72.3, 72.5, 72.4, 72.3, 72.2, 72.1, 72.0, 72.1, 72.2, 72.3, 72.2, 72.1, 72.1, 72.1, 72.0, 71.8, 71.7, 71.7, 71.9, 71.9, 71.9, 71.8, 71.6, 71.7, 71.6, 71.6, 71.7, 71.8, 71.7, 71.7, 71.7, 71.6, 71.6, 71.6, 71.6, 71.6, 71.5, 71.5, 71.4, 71.3, 71.3, 71.6, 71.9, 71.8, 71.9, 71.9, 72.0, 72.0, 72.0, 71.9, 71.9, 71.8, 71.8, 71.9, 71.8, 71.7, 71.7, 71.5, 71.4, 71.4, 71.4, 71.4, 71.3, 71.4, 71.3, 72.0, 71.8, 71.8, 71.5, 71.5, 71.4, 71.3, 71.3, 71.3, 70.9, 70.9, 70.8, 70.9, 71.1, 71.1, 71.5, 71.3, 71.3, 71.3, 71.3, 71.2, 71.3, 71.2, 71.3, 71.2, 71.1, 71.1, 71.1, 71.1, 71.2, 71.2, 71.2, 71.1, 71.0, 71.0, 71.1, 71.0, 71.0, 70.9, 71.1, 71.2, 71.1, 70.9, 70.8, 70.8, 70.9, 70.9, 71.0, 70.9, 70.8, 70.8, 70.6, 70.6, 70.7, 70.7, 70.7, 70.6, 70.6, 70.5, 70.4, 70.4, 70.5, 70.4, 70.4, 70.3, 70.4, 70.6, 70.9, 70.6, 70.7, 70.7, 70.8, 70.9, 70.7, 70.7, 70.8, 70.9, 70.9, 70.9, 70.9, 71.1, 71.1, 71.2, 71.2, 71.4, 71.1, 71.2, 71.2, 70.8, 70.7, 70.7, 70.9, 70.8, 70.9, 70.9, 71.0, 71.1, 70.9, 70.8, 70.8, 70.9, 71.0, 70.7, 70.7, 70.7, 70.5, 70.3, 70.6, 70.5, 70.6, 70.6, 70.6, 70.5, 70.1, 70.0, 69.9, 69.8, 69.6, 69.7, 69.1, 69.4, 69.4, 70.5]",True,False,False,,111.43527900000002,0.5586998996979423,False,0.0,0.0,0.0,0.0,3914.4,1.8896469187635976,671.0400000000001,0.32393947178804533,"元大證券(6,151.20萬)／富邦證券(3,914.40萬)／摩根大通(2,201.85萬)",True,False,1
2026-08-04,3042,TSE,2026-08-05,4135.8,1.313013583224888,1,True,False,False,-3.508771929824561,6.725146198830409,False,0.8849557522123894,169.5,171.0,182.5,169.5,177.0,177.0,2026-08-05,d1_close,2026,"[175.0, 176.5, 178.0, 177.5, 178.0, 177.5, 180.5, 178.5, 178.0, 177.5, 178.0, 177.0, 176.0, 175.5, 176.0, 175.5, 175.5, 176.5, 174.5, 176.5, 176.5, 175.5, 176.5, 176.5, 175.0, 176.0, 174.5, 175.0, 175.0, 175.5, 175.0, 175.5, 176.0, 176.0, 177.0, 176.5, 175.5, 175.5, 176.0, 177.0, 177.0, 178.0, 176.0, 177.0, 176.5, 176.0, 176.5, 176.5, 177.0, 177.0, 179.0, 180.0, 179.5, 178.5, 179.0, 180.5, 179.5, 179.5, 180.0, 179.0, 179.5, 179.0, 178.5, 178.0, 178.0, 178.5, 177.5, 177.5, 177.5, 177.5, 177.5, 178.0, 177.5, 177.5, 177.5, 178.5, 178.5, 178.0, 178.5, 178.5, 178.5, 178.0, 178.5, 178.0, 179.0, 179.5, 178.0, 178.0, 178.0, 178.0, 178.5, 178.5, 178.0, 177.5, 177.5, 178.5, 178.0, 177.5, 178.0, 177.5, 177.5, 177.5, 177.5, 177.0, 177.5, 177.5, 177.5, 177.0, 177.0, 177.0, 177.0, 177.5, 177.0, 177.0, 177.0, 176.5, 176.5, 176.0, 176.5, 176.5, 177.5, 177.5, 178.0, 177.5, 177.5, 177.5, 177.5, 177.0, 177.0, 177.5, 177.0, 177.0, 176.5, 176.5, 176.5, 176.5, 176.5, 176.5, 176.5, 176.0, 176.5, 177.5, 178.5, 178.5, 178.0, 177.5, 177.0, 177.0, 177.0, 176.5, 176.0, 176.0, 176.5, 176.5, 176.0, 177.0, 177.5, 177.5, 178.0, 177.5, 178.5, 178.5, 178.5, 179.0, 178.5, 178.5, 178.5, 178.5, 177.5, 177.5, 178.5, 178.0, 178.5, 178.0, 178.0, 178.0, 178.0, 178.0, 178.0, 178.0, 178.0, 177.5, 177.5, 177.0, 177.0, 177.0, 177.0, 177.0, 177.0, 177.0, 177.0, 177.0, 177.0, 177.0, 177.0, 177.0, 176.5, 176.5, 176.0, 175.5, 176.0, 176.0, 175.5, 175.5, 175.5, 175.5, 175.5, 175.0, 175.5, 175.0, 175.5, 175.0, 175.0, 176.0, 177.0, 177.0, 177.0, 177.0, 177.0, 178.0, 178.0, 179.0, 179.5, 179.5, 179.5, 180.5, 179.5, 179.0, 179.0, 178.5, 178.0, 178.0, 177.5, 178.0, 178.5, 179.0, 178.5, 178.0, 178.0, 178.0, 180.5, 179.0, 178.5, 178.0, 177.5, 177.5, 178.5, 178.5, 177.5, 177.5, 177.5, 177.5, 177.0, 177.0, 177.0, 177.5, 177.0, 177.5, 177.0, 176.0, 175.5, 176.0, 177.0]",True,False,False,,581.373135,0.5586998996979423,False,0.0,0.0,0.0,0.0,0.0,0.0,4135.8,1.3130135832248881,"凱基(20,373.90萬)／台新(11,034.45萬)／富邦-新店(10,136.10萬)",True,False,0
2026-08-04,3163,OTC,2026-08-05,985.5,0.4871082195633474,3,True,False,True,0.0,0.0,False,9.89345509893455,657.0,722.0,722.0,700.0,722.0,722.0,2026-08-05,d1_close,2026,"[722.0, 722.0, 722.0, 722.0, 722.0, 722.0, 722.0, 722.0, 722.0, 722.0, 722.0, 722.0, 722.0, 722.0, 709.0, 713.0, 712.0, 717.0, 716.0, 722.0, 718.0, 720.0, 720.0, 717.0, 718.0, 717.0, 719.0, 718.0, 720.0, 720.0, 720.0, 722.0, 722.0, 722.0, 722.0, 722.0, 722.0, 722.0, 722.0, 722.0, 722.0, 722.0, 722.0, 722.0, 722.0, 722.0, 722.0, 722.0, 722.0, 722.0, 722.0, 722.0, 722.0, 722.0, 722.0, 722.0, 722.0, 722.0, 722.0, 722.0, 722.0, 722.0, 722.0, 722.0, 722.0, 722.0, 722.0, 722.0, 722.0, 722.0, 722.0, 722.0, 722.0, 722.0, 722.0, 722.0, 722.0, 722.0, 722.0, 722.0, 722.0, 722.0, 722.0, 722.0, 722.0, 722.0, 722.0, 722.0, 722.0, 722.0, 722.0, 722.0, 722.0, 722.0, 722.0, 722.0, 722.0, 722.0, 722.0, 722.0, 722.0, 722.0, 722.0, 722.0, 722.0, 722.0, 722.0, 722.0, 722.0, 722.0, 722.0, 722.0, 722.0, 722.0, 722.0, 722.0, 722.0, 722.0, 722.0, 722.0, 722.0, 722.0, 722.0, 722.0, 722.0, 722.0]",True,False,False,,529.152399,0.5586998996979423,False,0.0,0.0,0.0,0.0,30550.5,15.10035480646377,985.5,0.4871082195633474,"富邦證券(30,550.50萬)／富邦-新店(4,204.80萬)／統一(4,139.10萬)",True,False,1
2026-08-04,3653,TSE,2026-08-05,5803.0,0.5145473417661031,1,True,False,False,-3.333333333333333,5.476190476190476,False,1.3268998793727382,4145.0,4200.0,4430.0,4180.0,4340.0,4340.0,2026-08-05,d1_close,2026,"[4230.0, 4230.0, 4205.0, 4260.0, 4310.0, 4325.0, 4335.0, 4290.0, 4310.0, 4300.0, 4285.0, 4280.0, 4260.0, 4225.0, 4240.0, 4240.0, 4250.0, 4240.0, 4230.0, 4230.0, 4225.0, 4235.0, 4215.0, 4210.0, 4195.0, 4215.0, 4215.0, 4230.0, 4250.0, 4260.0, 4250.0, 4260.0, 4265.0, 4265.0, 4275.0, 4290.0, 4265.0, 4255.0, 4240.0, 4240.0, 4225.0, 4215.0, 4215.0, 4220.0, 4220.0, 4225.0, 4230.0, 4225.0, 4240.0, 4240.0, 4245.0, 4245.0, 4235.0, 4245.0, 4260.0, 4260.0, 4245.0, 4245.0, 4270.0, 4295.0, 4325.0, 4310.0, 4315.0, 4320.0, 4310.0, 4310.0, 4340.0, 4365.0, 4375.0, 4355.0, 4320.0, 4340.0, 4350.0, 4350.0, 4350.0, 4375.0, 4385.0, 4380.0, 4375.0, 4385.0, 4385.0, 4385.0, 4380.0, 4390.0, 4400.0, 4380.0, 4395.0, 4385.0, 4370.0, 4380.0, 4380.0, 4380.0, 4385.0, 4400.0, 4400.0, 4395.0, 4400.0, 4400.0, 4400.0, 4405.0, 4415.0, 4430.0, 4425.0, 4425.0, 4375.0, 4370.0, 4370.0, 4365.0, 4385.0, 4405.0, 4395.0, 4405.0, 4405.0, 4400.0, 4395.0, 4390.0, 4380.0, 4385.0, 4385.0, 4380.0, 4375.0, 4390.0, 4390.0, 4395.0, 4390.0, 4400.0, 4385.0, 4390.0, 4385.0, 4385.0, 4390.0, 4370.0, 4350.0, 4350.0, 4365.0, 4360.0, 4350.0, 4365.0, 4370.0, 4365.0, 4365.0, 4375.0, 4365.0, 4370.0, 4340.0, 4345.0, 4345.0, 4345.0, 4335.0, 4335.0, 4330.0, 4320.0, 4320.0, 4325.0, 4335.0, 4355.0, 4360.0, 4365.0, 4380.0, 4380.0, 4380.0, 4380.0, 4370.0, 4355.0, 4365.0, 4365.0, 4365.0, 4375.0, 4390.0, 4385.0, 4385.0, 4390.0, 4390.0, 4390.0, 4385.0, 4385.0, 4370.0, 4375.0, 4365.0, 4365.0, 4370.0, 4360.0, 4365.0, 4365.0, 4375.0, 4375.0, 4365.0, 4360.0, 4360.0, 4360.0, 4355.0, 4355.0, 4355.0, 4345.0, 4330.0, 4320.0, 4320.0, 4315.0, 4320.0, 4325.0, 4335.0, 4335.0, 4335.0, 4320.0, 4325.0, 4330.0, 4330.0, 4330.0, 4345.0, 4345.0, 4335.0, 4340.0, 4340.0, 4340.0, 4345.0, 4335.0, 4335.0, 4335.0, 4340.0, 4345.0, 4345.0, 4345.0, 4345.0, 4350.0, 4350.0, 4365.0, 4365.0, 4365.0, 4360.0, 4360.0, 4345.0, 4345.0, 4340.0, 4340.0, 4340.0, 4350.0, 4360.0, 4350.0, 4335.0, 4345.0, 4320.0, 4325.0, 4325.0, 4325.0, 4320.0, 4340.0]",True,False,False,,6082.07456,0.5586998996979423,False,0.0,0.0,0.0,0.0,45180.5,4.00611858946466,5803.0,0.5145473417661031,"元大證券(88,703.00萬)／國票-安和(58,030.00萬)／美林(50,154.50萬)",True,False,1
2026-08-04,6274,OTC,2026-08-05,5628.0,0.4899919040417267,3,True,True,True,0.0,0.0,False,9.701492537313433,1340.0,1470.0,1470.0,1470.0,1470.0,1470.0,2026-08-05,d1_close,2026,"[1470.0, 1470.0, 1470.0, 1470.0, 1470.0, 1470.0, 1470.0, 1470.0, 1470.0, 1470.0, 1470.0, 1470.0, 1470.0, 1470.0, 1470.0, 1470.0, 1470.0, 1470.0, 1470.0, 1470.0, 1470.0, 1470.0, 1470.0, 1470.0, 1470.0, 1470.0, 1470.0, 1470.0, 1470.0, 1470.0, 1470.0, 1470.0, 1470.0, 1470.0, 1470.0, 1470.0, 1470.0, 1470.0, 1470.0, 1470.0, 1470.0, 1470.0, 1470.0, 1470.0, 1470.0, 1470.0, 1470.0, 1470.0, 1470.0, 1470.0, 1470.0, 1470.0, 1470.0, 1470.0, 1470.0, 1470.0, 1470.0, 1470.0, 1470.0, 1470.0, 1470.0, 1470.0, 1470.0, 1470.0, 1470.0, 1470.0, 1470.0, 1470.0, 1470.0, 1470.0, 1470.0, 1470.0, 1470.0, 1470.0, 1470.0, 1470.0, 1470.0, 1470.0, 1470.0, 1470.0, 1470.0, 1470.0, 1470.0, 1470.0, 1470.0, 1470.0, 1470.0, 1470.0, 1470.0, 1470.0, 1470.0, 1470.0, 1470.0, 1470.0, 1470.0, 1470.0, 1470.0, 1470.0, 1470.0, 1470.0, 1470.0, 1470.0, 1470.0, 1470.0, 1470.0, 1470.0, 1470.0, 1470.0, 1470.0, 1470.0, 1470.0, 1470.0, 1470.0, 1470.0, 1470.0, 1470.0, 1470.0, 1470.0, 1470.0, 1470.0, 1470.0, 1470.0, 1470.0, 1470.0, 1470.0, 1470.0, 1470.0, 1470.0, 1470.0, 1470.0, 1470.0, 1470.0, 1470.0, 1470.0, 1470.0, 1470.0, 1470.0, 1470.0, 1470.0, 1470.0, 1470.0, 1470.0, 1470.0, 1470.0, 1470.0, 1470.0, 1470.0, 1470.0, 1470.0, 1470.0, 1470.0, 1470.0]",True,False,False,,4011.10374,0.5586998996979423,False,0.0,0.0,-4154.0,-0.36166069107841736,-11926.0,-1.0383161776122305,5628.0,0.48999190404172677,"元大證券(98,222.00萬)／統一(51,456.00萬)／台新(47,302.00萬)",True,False,2
2026-08-04,6291,OTC,2026-08-05,1099.5,6.582551418123145,1,True,False,False,2.061855670103093,1.5463917525773196,True,5.866302864938609,366.5,388.0,394.0,375.0,380.0,380.0,2026-08-05,d1_close,2026,"[384.5, 389.0, 381.0, 382.5, 384.0, 382.5, 384.0, 384.0, 386.5, 384.0, 385.5, 384.0, 385.0, 381.0, 380.5, 380.0, 380.0, 375.0, 376.5, 376.0, 377.0, 376.5, 375.5, 376.5, 378.5, 380.0, 379.5, 380.5, 384.0, 383.0, 381.5, 379.5, 380.0, 382.0, 381.0, 379.5, 379.5, 381.0, 384.5, 382.5, 383.0, 384.5, 384.5, 383.0, 385.0, 384.0, 384.5, 384.5, 387.0, 387.0, 387.5, 389.0, 388.5, 387.0, 386.5, 387.0, 387.0, 386.0, 386.5, 385.0, 385.0, 384.5, 384.0, 384.0, 384.5, 385.0, 385.0, 385.5, 387.0, 390.5, 391.0, 392.0, 390.5, 391.0, 390.0, 390.0, 390.0, 389.5, 389.5, 389.5, 389.5, 389.5, 389.0, 388.5, 388.5, 389.0, 389.5, 389.0, 389.0, 389.0, 389.0, 391.0, 394.0, 394.0, 393.5, 392.0, 392.0, 392.0, 392.0, 391.0, 388.5, 388.0, 387.5, 387.0, 387.5, 388.0, 388.5, 388.5, 388.5, 388.5, 388.0, 388.0, 387.5, 386.5, 386.0, 386.0, 386.0, 385.5, 385.0, 381.5, 381.0, 380.5, 380.0, 380.0, 380.0, 380.0, 380.0, 381.5, 383.0, 383.5, 384.0, 384.5, 382.5, 383.0, 383.0, 382.0, 382.0, 382.5, 382.0, 382.0, 382.0, 384.0, 383.0, 382.5, 381.5, 381.5, 381.5, 381.0, 381.5, 381.0, 380.0, 380.0, 380.0, 380.0, 381.0, 381.5, 381.5, 382.5, 382.0, 382.0, 381.5, 382.0, 381.0, 380.5, 380.5, 382.0, 382.0, 383.0, 383.5, 381.5, 381.5, 381.0, 381.0, 381.5, 382.0, 382.0, 382.0, 381.5, 381.0, 381.0, 381.0, 380.0, 380.0]",True,False,False,,153.93,0.5586998996979423,False,0.0,0.0,0.0,0.0,0.0,0.0,1099.5,6.582551418123145,"台新-台北(1,099.50萬)／美商高盛(842.95萬)／元大-竹科(733.00萬)",True,False,0
2026-08-05,2313,TSE,2026-08-06,62021.0,9.876236514035543,1,True,False,False,-3.278688524590164,4.449648711943794,False,-2.064220183486239,218.0,213.5,223.0,209.0,220.5,220.5,2026-08-06,d1_close,2026,"[211.5, 213.0, 211.5, 215.0, 214.5, 213.0, 212.5, 213.5, 213.5, 212.0, 213.0, 211.0, 212.5, 213.0, 212.5, 210.0, 210.5, 210.0, 211.5, 210.5, 210.0, 209.5, 211.5, 209.5, 210.5, 210.5, 212.0, 212.5, 212.5, 213.5, 213.5, 214.0, 214.0, 214.0, 214.5, 214.5, 214.5, 214.0, 213.5, 216.0, 215.0, 217.5, 218.0, 215.0, 215.0, 215.0, 216.0, 216.0, 215.5, 216.0, 217.5, 216.0, 216.5, 216.5, 216.5, 216.0, 216.5, 217.5, 216.5, 217.0, 217.5, 217.0, 217.0, 218.0, 219.0, 218.5, 218.5, 219.5, 218.0, 218.0, 218.5, 218.5, 219.0, 219.0, 219.0, 219.0, 219.0, 219.0, 218.5, 218.0, 219.0, 219.0, 219.5, 221.0, 221.5, 221.5, 220.5, 220.5, 220.0, 220.0, 219.5, 220.5, 221.0, 221.0, 220.5, 220.5, 220.5, 220.5, 220.0, 220.0, 220.5, 220.0, 220.0, 220.0, 221.0, 221.0, 222.0, 221.0, 221.0, 220.5, 220.5, 220.5, 221.0, 221.0, 221.5, 221.5, 221.0, 221.5, 221.0, 220.5, 220.5, 220.5, 220.0, 220.5, 219.5, 219.0, 218.5, 218.0, 219.0, 219.0, 219.5, 219.5, 219.0, 219.5, 219.0, 219.5, 219.5, 220.0, 219.5, 220.0, 219.5, 219.0, 219.5, 219.5, 219.0, 218.5, 219.0, 218.5, 218.0, 218.5, 218.5, 219.0, 218.5, 218.0, 218.5, 218.0, 218.5, 218.5, 218.5, 219.0, 218.5, 218.5, 218.0, 218.0, 218.0, 218.0, 218.0, 218.0, 218.0, 218.5, 218.5, 218.5, 218.5, 218.5, 218.0, 218.5, 218.5, 220.0, 220.0, 220.5, 219.5, 219.5, 220.0, 219.5, 219.5, 220.0, 220.0, 220.5, 220.5, 220.0, 220.0, 220.0, 219.5, 219.5, 219.5, 219.0, 219.5, 219.0, 219.5, 219.0, 219.0, 219.0, 219.0, 219.0, 219.5, 219.5, 220.0, 219.0, 219.5, 219.0, 219.5, 219.5, 220.0, 219.5, 219.5, 219.5, 219.0, 218.5, 218.5, 219.0, 218.5, 218.5, 219.0, 218.0, 218.0, 218.0, 218.0, 218.0, 218.0, 218.5, 218.5, 218.5, 218.5, 219.0, 219.0, 218.5, 218.5, 218.0, 217.5, 217.5, 217.5, 217.5, 218.5, 219.0, 218.5, 218.5, 218.5, 218.5, 218.5, 218.5, 218.5, 219.0, 218.5, 218.5, 218.5, 219.0, 219.0, 218.5, 218.5, 219.0, 218.0, 218.5, 219.0, 219.0, 220.0, 220.5]",True,False,False,,2598.168908,2.82390269211026,False,0.0,0.0,0.0,0.0,55895.2,8.900762889977905,62021.0,9.876236514035545,"台灣摩根士丹利(73,117.20萬)／台新-台北(62,021.00萬)／富邦證券(55,895.20萬)",True,False,1
2026-08-05,2395,TSE,2026-08-06,55830.6,21.60844236973701,1,True,False,False,7.164179104477612,0.2985074626865672,True,5.845181674565561,633.0,670.0,672.0,614.0,622.0,622.0,2026-08-06,d1_close,2026,"[653.0, 667.0, 666.0, 663.0, 669.0, 668.0, 668.0, 665.0, 660.0, 658.0, 655.0, 651.0, 658.0, 659.0, 656.0, 654.0, 655.0, 650.0, 646.0, 649.0, 645.0, 643.0, 650.0, 649.0, 649.0, 647.0, 647.0, 649.0, 650.0, 650.0, 652.0, 652.0, 654.0, 653.0, 652.0, 652.0, 651.0, 651.0, 651.0, 650.0, 649.0, 648.0, 648.0, 646.0, 645.0, 645.0, 643.0, 644.0, 644.0, 646.0, 644.0, 643.0, 643.0, 646.0, 644.0, 646.0, 643.0, 645.0, 645.0, 646.0, 647.0, 647.0, 645.0, 645.0, 648.0, 652.0, 650.0, 646.0, 645.0, 643.0, 643.0, 644.0, 643.0, 643.0, 643.0, 644.0, 643.0, 643.0, 643.0, 643.0, 645.0, 644.0, 644.0, 645.0, 644.0, 644.0, 644.0, 643.0, 642.0, 641.0, 640.0, 644.0, 641.0, 642.0, 644.0, 644.0, 644.0, 644.0, 644.0, 643.0, 643.0, 643.0, 644.0, 645.0, 645.0, 648.0, 647.0, 647.0, 646.0, 644.0, 644.0, 644.0, 639.0, 639.0, 640.0, 639.0, 639.0, 637.0, 637.0, 636.0, 635.0, 634.0, 634.0, 635.0, 635.0, 635.0, 634.0, 635.0, 634.0, 633.0, 633.0, 632.0, 634.0, 635.0, 635.0, 634.0, 633.0, 633.0, 632.0, 633.0, 633.0, 633.0, 633.0, 634.0, 635.0, 634.0, 634.0, 634.0, 633.0, 633.0, 633.0, 633.0, 633.0, 633.0, 632.0, 632.0, 630.0, 630.0, 629.0, 627.0, 629.0, 627.0, 627.0, 626.0, 627.0, 627.0, 628.0, 627.0, 628.0, 628.0, 627.0, 626.0, 626.0, 625.0, 624.0, 623.0, 624.0, 624.0, 626.0, 624.0, 624.0, 622.0, 620.0, 618.0, 618.0, 618.0, 619.0, 620.0, 623.0, 623.0, 622.0, 622.0, 623.0, 622.0, 622.0, 622.0, 619.0, 617.0, 617.0, 620.0, 619.0, 621.0, 620.0, 621.0, 620.0, 620.0, 620.0, 620.0, 620.0, 620.0, 619.0, 620.0, 618.0, 618.0, 618.0, 619.0, 618.0, 617.0, 616.0, 615.0, 615.0, 615.0, 615.0, 615.0, 615.0, 616.0, 619.0, 619.0, 619.0, 618.0, 618.0, 618.0, 618.0, 619.0, 619.0, 619.0, 620.0, 619.0, 619.0, 619.0, 621.0, 619.0, 620.0, 620.0, 619.0, 619.0, 620.0, 620.0, 620.0, 619.0, 619.0, 618.0, 618.0, 616.0, 617.0, 617.0, 617.0, 617.0, 617.0, 617.0, 618.0, 619.0, 619.0, 622.0]",True,False,False,,5501.06118,2.82390269211026,False,0.0,0.0,0.0,0.0,0.0,0.0,55830.6,21.60844236973701,"台新-台北(55,830.60萬)／摩根大通(29,371.20萬)／凱基-站前(26,965.80萬)",True,False,0
2026-08-06,2421,TSE,2026-08-07,973.35,0.5378851035121959,1,True,False,False,1.3029315960912051,1.3029315960912051,True,-0.6472491909385114,154.5,153.5,155.5,149.5,151.5,151.5,2026-08-07,d1_close,2026,"[152.5, 152.0, 151.0, 150.5, 152.0, 152.0, 151.0, 150.5, 151.0, 149.5, 151.0, 151.0, 151.5, 151.5, 150.5, 150.0, 150.5, 151.0, 151.0, 151.0, 150.5, 151.0, 150.5, 150.5, 150.5, 150.5, 150.5, 151.5, 151.5, 152.0, 152.0, 152.0, 152.0, 152.0, 152.0, 151.0, 151.0, 151.5, 151.0, 151.0, 150.5, 151.5, 151.5, 151.0, 151.5, 151.0, 151.5, 151.5, 151.5, 151.5, 151.0, 151.5, 151.0, 151.0, 151.0, 151.0, 151.0, 151.0, 151.0, 151.5, 151.5, 151.5, 151.5, 152.0, 151.5, 152.0, 151.5, 151.5, 151.5, 151.5, 151.5, 152.5, 152.5, 152.5, 152.5, 152.5, 152.5, 152.5, 152.0, 152.0, 152.0, 152.0, 152.0, 152.0, 152.0, 152.0, 152.0, 152.0, 152.0, 152.0, 151.5, 152.0, 152.5, 152.5, 152.5, 152.5, 152.5, 152.5, 152.5, 153.0, 152.5, 152.5, 152.0, 152.0, 152.0, 152.0, 152.0, 152.0, 152.0, 152.0, 152.0, 152.0, 151.5, 151.5, 152.0, 151.5, 151.5, 151.5, 152.0, 151.5, 152.0, 151.5, 151.0, 151.0, 151.5, 151.5, 151.5, 151.0, 151.5, 151.0, 151.0, 151.0, 151.0, 151.0, 151.0, 151.0, 150.5, 150.5, 150.5, 150.5, 150.5, 151.0, 150.5, 150.5, 150.5, 150.5, 150.5, 151.0, 151.5, 151.0, 151.0, 151.0, 151.0, 151.0, 151.0, 151.0, 151.0, 151.0, 151.0, 151.0, 151.0, 151.0, 151.0, 151.0, 151.0, 151.0, 151.0, 151.0, 151.0, 151.0, 151.0, 151.0, 151.0, 151.0, 151.0, 150.5, 150.5, 150.5, 150.5, 150.5, 151.0, 150.5, 150.5, 150.5, 151.0, 150.5, 150.5, 150.5, 150.5, 150.5, 150.5, 150.5, 150.5, 150.5, 150.5, 150.5, 150.5, 151.0, 151.5, 151.5, 151.5, 151.5, 151.5, 151.5, 151.5, 151.5, 151.5, 151.5, 151.0, 151.5, 151.5, 151.0, 151.5, 151.0, 151.0, 151.5, 151.5, 151.5, 151.0, 151.0, 151.0, 151.0, 151.0, 150.5, 150.5, 150.5, 150.5, 151.0, 151.0, 151.0, 151.0, 151.5, 151.5, 152.0, 151.5, 152.0, 152.0, 151.5, 152.0, 151.5, 151.5, 151.5, 152.0, 152.0, 152.0, 152.0, 151.5, 151.5, 151.5, 151.5, 151.0, 151.0, 151.0, 151.0, 151.5, 152.0, 151.5]",True,False,False,,443.3280165,2.3893547745813684,False,0.0,0.0,0.0,0.0,27052.95,14.949790734124683,973.35,0.5378851035121959,"富邦證券(27,052.95萬)／台灣摩根士丹利(19,374.30萬)／港商野村(15,202.80萬)",True,False,1
2026-08-06,6187,OTC,2026-08-07,2115.0,0.4237780667011369,1,True,False,False,3.829787234042553,0.851063829787234,True,0.0,1175.0,1175.0,1185.0,1110.0,1130.0,1130.0,2026-08-07,d1_close,2026,"[1175.0, 1175.0, 1165.0, 1170.0, 1160.0, 1150.0, 1150.0, 1155.0, 1165.0, 1170.0, 1165.0, 1165.0, 1160.0, 1145.0, 1155.0, 1150.0, 1150.0, 1165.0, 1160.0, 1155.0, 1150.0, 1150.0, 1150.0, 1140.0, 1145.0, 1150.0, 1150.0, 1155.0, 1155.0, 1160.0, 1170.0, 1170.0, 1170.0, 1165.0, 1170.0, 1160.0, 1170.0, 1170.0, 1165.0, 1155.0, 1155.0, 1155.0, 1155.0, 1155.0, 1155.0, 1160.0, 1165.0, 1160.0, 1160.0, 1170.0, 1170.0, 1165.0, 1165.0, 1165.0, 1165.0, 1165.0, 1160.0, 1155.0, 1155.0, 1155.0, 1155.0, 1155.0, 1155.0, 1160.0, 1160.0, 1165.0, 1165.0, 1165.0, 1160.0, 1160.0, 1155.0, 1155.0, 1155.0, 1160.0, 1165.0, 1165.0, 1165.0, 1165.0, 1165.0, 1165.0, 1165.0, 1165.0, 1165.0, 1165.0, 1165.0, 1165.0, 1165.0, 1165.0, 1165.0, 1165.0, 1155.0, 1155.0, 1155.0, 1155.0, 1160.0, 1160.0, 1155.0, 1155.0, 1155.0, 1160.0, 1160.0, 1160.0, 1160.0, 1160.0, 1155.0, 1155.0, 1155.0, 1150.0, 1155.0, 1155.0, 1150.0, 1150.0, 1150.0, 1150.0, 1150.0, 1150.0, 1160.0, 1155.0, 1155.0, 1155.0, 1155.0, 1155.0, 1160.0, 1160.0, 1160.0, 1165.0, 1165.0, 1165.0, 1165.0, 1165.0, 1165.0, 1165.0, 1165.0, 1170.0, 1165.0, 1160.0, 1160.0, 1160.0, 1155.0, 1155.0, 1155.0, 1155.0, 1155.0, 1155.0, 1155.0, 1155.0, 1155.0, 1145.0, 1145.0, 1145.0, 1150.0, 1155.0, 1150.0, 1150.0, 1150.0, 1150.0, 1150.0, 1150.0, 1150.0, 1145.0, 1145.0, 1145.0, 1145.0, 1145.0, 1145.0, 1145.0, 1145.0, 1145.0, 1145.0, 1145.0, 1140.0, 1140.0, 1145.0, 1145.0, 1145.0, 1140.0, 1140.0, 1135.0, 1135.0, 1135.0, 1135.0, 1135.0, 1130.0, 1130.0, 1130.0, 1130.0, 1130.0, 1130.0, 1130.0, 1130.0, 1135.0, 1135.0, 1135.0, 1135.0, 1135.0, 1135.0, 1130.0, 1130.0, 1130.0, 1130.0, 1125.0, 1125.0, 1125.0, 1125.0, 1125.0, 1130.0, 1130.0, 1135.0, 1135.0, 1130.0, 1130.0, 1130.0, 1130.0, 1130.0, 1130.0, 1125.0, 1125.0, 1125.0, 1125.0, 1125.0, 1125.0, 1125.0, 1120.0, 1120.0, 1120.0, 1120.0, 1115.0, 1120.0, 1125.0, 1125.0, 1125.0, 1120.0, 1110.0, 1120.0, 1120.0, 1120.0, 1120.0, 1125.0, 1130.0, 1130.0, 1130.0, 1125.0, 1125.0, 1130.0, 1125.0, 1125.0, 1130.0, 1130.0, 1125.0, 1125.0, 1125.0, 1125.0, 1125.0, 1125.0, 1125.0, 1125.0, 1120.0, 1120.0, 1120.0, 1125.0, 1125.0, 1125.0, 1120.0, 1125.0, 1125.0, 1125.0, 1125.0, 1125.0, 1125.0, 1130.0]",True,False,False,,1147.217125,2.3893547745813684,False,0.0,0.0,0.0,0.0,5287.5,1.0594451667528422,2115.0,0.4237780667011369,"摩根大通(50,995.00萬)／富邦-仁愛(40,302.50萬)／永豐金-匯立(18,800.00萬)",True,False,1
2026-08-06,6426,TSE,2026-08-07,935.0,4.1239739613430855,1,True,False,False,-7.310704960835509,7.310704960835509,False,2.406417112299465,187.0,191.5,205.5,189.5,205.5,205.5,2026-08-07,d1_close,2026,"[195.0, 193.5, 197.0, 193.0, 191.5, 190.5, 190.0, 194.0, 196.5, 198.0, 199.5, 203.5, 204.5, 205.5, 204.5, 203.5, 202.0, 202.5, 201.5, 200.0, 200.5, 201.0, 201.5, 202.0, 205.0, 205.0, 205.0, 204.5, 204.5, 204.5, 203.5, 202.0, 202.0, 202.0, 202.0, 202.0, 201.0, 200.0, 198.5, 200.0, 200.5, 202.5, 204.5, 205.0, 204.5, 205.0, 205.5, 205.5, 205.5, 205.5, 205.5, 205.5, 205.5, 205.5, 205.5, 205.5, 205.5, 205.5, 205.5, 205.5, 205.5, 205.5, 205.5, 205.5, 205.5, 205.5, 205.5, 205.5, 205.5, 205.5, 205.5, 205.5, 205.5, 205.5, 205.5, 205.5, 205.5, 205.5, 205.5, 205.5, 205.5, 205.5, 205.5, 205.5, 205.5, 205.5, 205.5, 205.5, 205.5, 205.5, 205.5, 205.5, 205.5, 205.5, 205.5, 205.5, 205.5, 205.5, 205.5, 205.5, 205.5, 205.5, 205.5, 205.5, 205.5, 205.5, 205.5, 205.5, 205.5, 205.5, 205.5, 205.5, 205.5, 205.5, 205.5, 205.5, 205.5, 205.5, 205.5, 205.5, 205.5, 205.5, 205.5, 205.5, 205.5, 205.5, 205.5, 205.5, 205.5, 205.5, 205.5, 205.5, 205.5, 205.5, 205.5, 205.5, 205.5, 205.5]",True,False,False,,72.01183,2.3893547745813684,False,0.0,0.0,0.0,0.0,0.0,0.0,935.0,4.1239739613430855,"元大-竹科(1,327.70萬)／元大-士林(1,271.60萬)／新光(1,234.20萬)",True,False,0
2026-08-06,6831,TSE,2026-08-07,721.6,0.7850213991927038,1,True,False,False,8.345323741007196,0.0,True,5.945121951219512,656.0,695.0,695.0,626.0,637.0,637.0,2026-08-07,d1_close,2026,"[682.0, 672.0, 672.0, 665.0, 669.0, 667.0, 671.0, 669.0, 670.0, 669.0, 672.0, 669.0, 678.0, 675.0, 676.0, 671.0, 671.0, 669.0, 668.0, 668.0, 666.0, 666.0, 663.0, 663.0, 663.0, 663.0, 666.0, 670.0, 675.0, 672.0, 674.0, 673.0, 670.0, 669.0, 669.0, 669.0, 667.0, 668.0, 667.0, 662.0, 662.0, 661.0, 663.0, 661.0, 659.0, 658.0, 659.0, 659.0, 657.0, 659.0, 659.0, 661.0, 662.0, 663.0, 665.0, 665.0, 665.0, 664.0, 663.0, 662.0, 662.0, 662.0, 665.0, 666.0, 666.0, 661.0, 661.0, 660.0, 656.0, 657.0, 657.0, 658.0, 664.0, 668.0, 668.0, 666.0, 665.0, 667.0, 667.0, 667.0, 667.0, 665.0, 665.0, 665.0, 665.0, 665.0, 665.0, 665.0, 667.0, 666.0, 666.0, 666.0, 666.0, 666.0, 668.0, 667.0, 667.0, 667.0, 667.0, 663.0, 663.0, 663.0, 662.0, 662.0, 664.0, 664.0, 662.0, 662.0, 662.0, 662.0, 663.0, 665.0, 665.0, 665.0, 665.0, 665.0, 666.0, 666.0, 666.0, 665.0, 665.0, 666.0, 666.0, 666.0, 668.0, 669.0, 666.0, 666.0, 666.0, 666.0, 666.0, 666.0, 666.0, 665.0, 665.0, 664.0, 664.0, 661.0, 660.0, 659.0, 660.0, 660.0, 658.0, 658.0, 658.0, 657.0, 653.0, 650.0, 651.0, 653.0, 653.0, 653.0, 653.0, 654.0, 654.0, 654.0, 654.0, 654.0, 655.0, 655.0, 655.0, 655.0, 655.0, 655.0, 655.0, 655.0, 652.0, 651.0, 653.0, 653.0, 653.0, 651.0, 650.0, 650.0, 648.0, 647.0, 647.0, 647.0, 648.0, 648.0, 647.0, 645.0, 645.0, 643.0, 643.0, 643.0, 643.0, 643.0, 645.0, 645.0, 648.0, 648.0, 648.0, 648.0, 646.0, 647.0, 647.0, 645.0, 645.0, 645.0, 644.0, 645.0, 647.0, 647.0, 648.0, 649.0, 649.0, 649.0, 648.0, 648.0, 647.0, 647.0, 647.0, 647.0, 647.0, 647.0, 646.0, 644.0, 644.0, 643.0, 641.0, 641.0, 636.0, 637.0, 637.0, 637.0, 637.0, 637.0, 637.0, 637.0, 638.0, 637.0, 636.0, 633.0, 634.0, 634.0, 635.0, 637.0, 637.0, 638.0, 638.0, 640.0, 636.0, 642.0, 642.0, 642.0, 642.0, 640.0, 639.0, 639.0, 635.0, 640.0, 639.0, 639.0, 639.0, 638.0, 638.0, 635.0, 632.0, 632.0, 631.0, 633.0, 633.0, 636.0, 636.0, 636.0, 636.0, 636.0, 636.0, 637.0]",True,False,False,,442.8,2.3893547745813684,False,0.0,0.0,0.0,0.0,-5641.6,-6.137440030052047,721.6,0.7850213991927038,"台灣摩根士丹利(9,971.20萬)／凱基-信義(9,840.00萬)／凱基(2,164.80萬)",True,False,1
2026-08-06,6907,OTC,2026-08-07,390.0,0.8301026854262465,1,True,False,False,7.804878048780488,4.634146341463414,True,5.128205128205128,195.0,205.0,214.5,188.0,189.0,189.0,2026-08-07,d1_close,2026,"[212.0, 212.0, 214.5, 214.5, 214.5, 214.5, 214.5, 214.5, 214.5, 214.5, 214.5, 214.5, 208.0, 208.5, 206.0, 209.5, 207.5, 209.5, 209.5, 209.0, 207.5, 207.0, 207.0, 207.0, 205.5, 206.0, 205.0, 207.0, 210.5, 207.5, 207.5, 208.5, 207.0, 206.5, 204.0, 205.5, 203.0, 203.5, 202.0, 204.0, 204.5, 205.5, 205.5, 206.0, 206.0, 206.0, 205.0, 203.5, 203.0, 203.5, 205.0, 203.5, 204.5, 202.5, 202.0, 202.5, 201.0, 202.0, 201.0, 201.0, 199.0, 199.5, 199.5, 199.5, 199.5, 200.0, 200.0, 200.0, 200.0, 202.0, 201.5, 201.5, 203.5, 204.0, 203.0, 204.5, 204.0, 204.0, 203.0, 202.0, 202.0, 202.0, 202.5, 203.0, 202.5, 202.0, 202.0, 201.0, 201.0, 201.0, 201.0, 200.5, 201.0, 202.0, 201.5, 201.5, 200.5, 200.5, 200.5, 199.5, 200.0, 201.0, 201.5, 201.0, 200.5, 200.5, 200.0, 199.5, 199.5, 199.5, 198.5, 198.5, 199.0, 199.0, 199.5, 200.0, 200.5, 199.0, 199.5, 199.5, 199.5, 199.5, 199.5, 199.5, 199.5, 198.5, 198.5, 198.5, 198.0, 198.0, 199.0, 199.0, 199.0, 199.0, 199.0, 198.5, 198.5, 197.5, 198.0, 198.0, 198.0, 198.5, 198.0, 198.5, 199.5, 200.0, 200.0, 198.0, 198.0, 198.0, 198.5, 198.0, 198.0, 198.0, 197.5, 197.0, 195.5, 196.5, 195.5, 195.5, 196.0, 196.0, 195.5, 195.5, 195.5, 195.5, 195.5, 195.0, 194.0, 193.0, 194.0, 194.0, 195.0, 194.5, 193.5, 192.5, 192.0, 192.0, 192.0, 191.5, 191.0, 191.5, 193.0, 194.0, 194.0, 194.0, 193.5, 194.0, 194.0, 194.5, 194.5, 194.5, 193.0, 193.5, 192.5, 196.0, 196.5, 196.0, 196.0, 196.5, 195.0, 195.0, 195.5, 196.0, 196.0, 195.5, 195.5, 195.5, 195.0, 195.0, 195.0, 195.0, 194.5, 192.5, 193.0, 192.5, 193.0, 193.5, 194.0, 194.0, 194.0, 194.5, 194.5, 195.0, 195.0, 195.0, 195.0, 193.5, 192.0, 191.0, 189.5, 189.0, 189.0, 189.0, 188.5, 188.5, 188.5, 188.5, 189.5, 189.5, 189.5, 189.5, 190.5, 190.5, 190.0, 189.0]",True,False,False,,121.92414,2.3893547745813684,False,0.0,0.0,0.0,0.0,0.0,0.0,390.0,0.8301026854262465,"凱基-台北(5,518.50萬)／新光(897.00萬)／華南永昌-高雄(819.00萬)",True,False,0
2026-08-06,8996,TSE,2026-08-07,3178.0,0.6577994459610687,1,True,False,False,3.2407407407407405,5.092592592592593,True,-4.845814977973569,1135.0,1080.0,1135.0,1040.0,1045.0,1045.0,2026-08-07,d1_close,2026,"[1115.0, 1120.0, 1105.0, 1110.0, 1105.0, 1110.0, 1115.0, 1110.0, 1095.0, 1100.0, 1095.0, 1090.0, 1090.0, 1080.0, 1095.0, 1090.0, 1095.0, 1100.0, 1100.0, 1100.0, 1105.0, 1105.0, 1110.0, 1125.0, 1120.0, 1120.0, 1130.0, 1115.0, 1125.0, 1125.0, 1120.0, 1120.0, 1115.0, 1115.0, 1115.0, 1110.0, 1115.0, 1105.0, 1105.0, 1105.0, 1110.0, 1100.0, 1100.0, 1100.0, 1100.0, 1100.0, 1095.0, 1090.0, 1095.0, 1095.0, 1095.0, 1095.0, 1085.0, 1090.0, 1090.0, 1090.0, 1080.0, 1085.0, 1085.0, 1085.0, 1085.0, 1085.0, 1075.0, 1070.0, 1070.0, 1070.0, 1070.0, 1070.0, 1070.0, 1070.0, 1070.0, 1075.0, 1075.0, 1080.0, 1080.0, 1085.0, 1085.0, 1085.0, 1080.0, 1085.0, 1080.0, 1075.0, 1075.0, 1080.0, 1080.0, 1080.0, 1075.0, 1075.0, 1075.0, 1075.0, 1075.0, 1075.0, 1075.0, 1075.0, 1075.0, 1060.0, 1070.0, 1065.0, 1065.0, 1065.0, 1065.0, 1060.0, 1065.0, 1070.0, 1070.0, 1070.0, 1070.0, 1070.0, 1070.0, 1070.0, 1070.0, 1070.0, 1070.0, 1080.0, 1085.0, 1080.0, 1080.0, 1080.0, 1080.0, 1075.0, 1075.0, 1065.0, 1065.0, 1065.0, 1060.0, 1060.0, 1060.0, 1060.0, 1060.0, 1060.0, 1060.0, 1060.0, 1060.0, 1065.0, 1065.0, 1065.0, 1065.0, 1065.0, 1070.0, 1070.0, 1070.0, 1070.0, 1070.0, 1070.0, 1070.0, 1070.0, 1070.0, 1060.0, 1060.0, 1060.0, 1065.0, 1060.0, 1070.0, 1070.0, 1065.0, 1070.0, 1065.0, 1065.0, 1065.0, 1060.0, 1065.0, 1070.0, 1065.0, 1070.0, 1070.0, 1060.0, 1065.0, 1065.0, 1070.0, 1070.0, 1070.0, 1070.0, 1065.0, 1065.0, 1060.0, 1060.0, 1055.0, 1055.0, 1055.0, 1055.0, 1050.0, 1045.0, 1045.0, 1050.0, 1055.0, 1055.0, 1050.0, 1045.0, 1040.0, 1045.0, 1045.0, 1050.0, 1050.0, 1050.0, 1050.0, 1055.0, 1055.0, 1060.0, 1060.0, 1060.0, 1060.0, 1055.0, 1055.0, 1055.0, 1050.0, 1050.0, 1045.0, 1045.0, 1050.0, 1050.0, 1050.0, 1055.0, 1050.0, 1055.0, 1050.0, 1045.0, 1050.0, 1050.0, 1045.0, 1045.0]",True,False,False,,1059.94699,2.3893547745813684,False,0.0,0.0,11804.0,2.443255084998255,20089.5,4.158232211968184,3178.0,0.6577994459610687,"摩根大通(20,543.50萬)／富邦證券(20,089.50萬)／統一(15,436.00萬)",True,False,2
2026-08-07,6426,TSE,2026-08-10,1438.5,2.582086323703269,2,True,False,False,-3.818615751789976,7.398568019093078,False,1.9464720194647205,205.5,209.5,225.0,207.0,217.5,217.5,2026-08-10,d1_close,2026,"[210.5, 216.5, 215.5, 215.0, 211.5, 210.5, 212.0, 211.5, 213.0, 216.0, 217.0, 218.5, 218.0, 218.0, 217.5, 220.0, 220.5, 220.0, 219.0, 222.0, 220.0, 221.0, 224.5, 224.0, 221.5, 221.0, 223.0, 222.0, 222.5, 221.5, 220.5, 220.0, 220.0, 221.0, 218.5, 220.5, 220.0, 221.0, 221.5, 221.5, 222.5, 223.0, 220.0, 221.0, 221.0, 221.0, 221.5, 220.5, 220.5, 220.5, 220.5, 221.5, 222.5, 223.0, 223.0, 223.0, 223.5, 223.5, 223.0, 222.5, 222.5, 223.0, 224.5, 224.0, 224.5, 224.0, 223.0, 223.0, 223.0, 222.5, 222.5, 224.0, 223.5, 224.5, 224.0, 224.0, 224.5, 224.5, 224.5, 224.0, 224.0, 223.5, 223.5, 223.0, 223.0, 223.0, 222.0, 222.0, 222.0, 220.5, 220.5, 220.5, 220.0, 220.0, 219.5, 220.5, 220.5, 220.0, 220.0, 219.5, 219.0, 219.0, 218.5, 219.0, 218.0, 218.5, 219.0, 218.5, 218.5, 219.0, 219.5, 220.0, 220.0, 219.5, 219.5, 219.5, 219.5, 218.5, 218.5, 218.5, 217.5, 217.5, 217.5, 218.0, 218.0, 218.0, 217.5, 217.0, 217.0, 216.5, 216.5, 216.0, 216.0, 216.0, 216.0, 216.0, 215.0, 215.0, 216.0, 216.0, 216.0, 216.0, 216.0, 216.0, 215.5, 214.5, 214.5, 214.5, 214.5, 214.5, 216.5, 216.0, 217.0, 217.0, 217.0, 217.0, 217.5, 217.0, 217.0, 217.0, 217.5, 218.0, 218.5, 218.5, 218.0, 218.0, 218.0, 217.5, 217.5, 217.0, 217.0, 216.5, 216.5, 216.5, 216.5, 216.5, 216.5, 216.0, 216.0, 216.5, 216.5, 216.5, 216.5, 216.0, 216.0, 216.5, 216.5, 217.0, 217.0, 216.5, 216.0, 216.0, 216.5, 216.5, 217.0, 218.5, 218.0, 217.5, 218.0, 219.0, 219.5, 219.5, 218.5, 219.0, 219.0, 219.0, 219.0, 219.0, 219.0, 219.5, 218.5, 217.5, 217.0, 218.0, 217.5]",True,False,False,,,-0.8645509239749192,False,0.0,0.0,0.0,0.0,0.0,0.0,1438.5,2.582086323703269,"元大-士林(5,486.85萬)／凱基-台北(4,582.65萬)／國票-安和(2,692.05萬)",True,False,0
2026-08-10,3081,OTC,2026-08-11,4563.0,0.5564465213927722,1,True,False,False,-2.479338842975207,2.6859504132231407,False,-4.536489151873767,2535.0,2420.0,2485.0,2415.0,2480.0,2480.0,2026-08-11,d1_close,2026,"[2420.0, 2430.0, 2435.0, 2470.0, 2485.0, 2480.0, 2470.0, 2485.0, 2485.0, 2485.0, 2475.0, 2475.0, 2475.0, 2475.0, 2460.0, 2440.0, 2435.0, 2430.0, 2425.0, 2420.0, 2415.0, 2415.0, 2415.0, 2420.0, 2430.0, 2435.0, 2445.0, 2450.0, 2450.0, 2440.0, 2440.0, 2435.0, 2450.0, 2455.0, 2440.0, 2460.0, 2440.0, 2440.0, 2435.0, 2435.0, 2440.0, 2445.0, 2445.0, 2450.0, 2470.0, 2480.0, 2480.0, 2455.0, 2480.0, 2475.0, 2480.0, 2465.0, 2455.0, 2465.0, 2460.0, 2460.0, 2460.0, 2455.0, 2455.0, 2450.0, 2440.0, 2450.0, 2450.0, 2450.0, 2440.0, 2440.0, 2440.0, 2440.0, 2450.0, 2435.0, 2450.0, 2450.0, 2450.0, 2445.0, 2445.0, 2445.0, 2440.0, 2440.0, 2440.0, 2445.0, 2455.0, 2465.0, 2455.0, 2460.0, 2470.0, 2470.0, 2470.0, 2470.0, 2470.0, 2470.0, 2465.0, 2455.0, 2455.0, 2455.0, 2450.0, 2450.0, 2450.0, 2445.0, 2445.0, 2440.0, 2440.0, 2440.0, 2440.0, 2445.0, 2435.0, 2435.0, 2440.0, 2440.0, 2435.0, 2435.0, 2435.0, 2440.0, 2440.0, 2440.0, 2440.0, 2440.0, 2455.0, 2460.0, 2460.0, 2460.0, 2455.0, 2460.0, 2455.0, 2455.0, 2455.0, 2450.0, 2455.0, 2455.0, 2455.0, 2455.0, 2455.0, 2450.0, 2460.0, 2480.0]",True,False,True,2分鐘,,1.1984224052688712,False,0.0,0.0,0.0,0.0,0.0,0.0,4563.0,0.5564465213927722,"美商高盛(35,490.00萬)／群益金鼎(35,236.50萬)／統一(19,773.00萬)",True,False,0
2026-08-10,4991,OTC,2026-08-11,1890.7,1.033093869019167,1,True,False,False,2.0366598778004072,6.313645621181263,True,-3.9138943248532287,511.0,491.0,522.0,461.0,481.0,481.0,2026-08-11,d1_close,2026,"[508.0, 503.0, 509.0, 521.0, 511.0, 521.0, 510.0, 507.0, 507.0, 511.0, 512.0, 510.0, 505.0, 506.0, 505.0, 507.0, 501.0, 501.0, 498.5, 498.0, 491.0, 496.0, 495.0, 489.5, 485.0, 481.5, 485.0, 486.0, 485.0, 483.0, 490.5, 487.0, 486.0, 483.0, 482.5, 477.0, 480.0, 480.0, 476.0, 480.0, 482.5, 482.0, 480.5, 478.0, 477.5, 479.0, 479.5, 480.0, 477.5, 478.0, 478.0, 476.5, 472.5, 477.0, 477.5, 478.0, 478.5, 477.5, 474.5, 474.0, 474.0, 477.5, 476.0, 478.5, 479.5, 483.5, 482.5, 478.5, 475.0, 477.5, 477.5, 478.5, 479.0, 478.0, 478.5, 479.0, 480.0, 480.0, 479.0, 480.5, 482.5, 483.0, 482.0, 479.0, 480.5, 481.0, 482.0, 482.0, 482.5, 482.5, 482.5, 484.5, 482.0, 482.5, 485.0, 483.0, 481.5, 481.5, 481.0, 481.0, 480.5, 481.5, 481.5, 481.5, 482.0, 482.0, 482.0, 479.5, 479.5, 478.0, 477.0, 474.0, 475.5, 473.5, 471.0, 473.0, 475.5, 475.0, 475.5, 476.0, 477.0, 477.5, 478.0, 478.0, 480.0, 480.0, 480.0, 479.0, 478.0, 478.0, 477.5, 476.5, 476.5, 477.0, 477.5, 479.5, 481.0, 482.0, 484.5, 487.0, 487.0, 486.5, 487.5, 486.5, 485.0, 484.5, 484.5, 483.5, 482.0, 481.0, 482.0, 483.5, 483.5, 483.5, 483.0, 482.5, 482.5, 483.0, 482.0, 481.0, 481.0, 481.0, 481.0, 480.5, 480.5, 481.0, 480.5, 479.0, 477.0, 476.5, 477.0, 477.0, 476.0, 475.5, 475.5, 475.5, 475.5, 477.0, 476.5, 477.0, 477.5, 478.0, 478.0, 477.0, 476.5, 476.5, 476.0, 476.0, 476.0, 475.5, 476.0, 473.5, 471.5, 470.5, 470.5, 470.5, 470.5, 471.0, 471.5, 471.0, 469.5, 469.0, 467.0, 461.5, 464.0, 464.0, 465.0, 467.5, 468.0, 471.0, 473.0, 472.0, 470.0, 469.5, 470.0, 471.0, 472.0, 472.5, 471.0, 470.0, 469.5, 469.0, 467.5, 467.0, 466.5, 466.5, 466.0, 466.0, 466.5, 466.5, 466.0, 466.0, 467.0, 467.0, 466.0, 464.0, 464.0, 463.0, 462.5, 463.0, 462.5, 463.0, 464.0, 464.0, 465.5, 466.5, 466.5, 467.0, 467.0, 470.0, 472.5, 474.0, 476.0, 476.5, 479.0, 480.0, 481.0]",True,False,False,,,1.1984224052688712,False,0.0,0.0,0.0,0.0,0.0,0.0,1890.7,1.0330938690191673,"新加坡商瑞銀(32,652.90萬)／元大證券(22,075.20萬)／康和(14,052.50萬)",True,False,0
2026-08-10,6206,TSE,2026-08-11,1011.2,0.9334413021157602,1,True,False,False,7.142857142857142,1.2987012987012987,True,-2.5316455696202533,158.0,154.0,156.0,142.5,143.0,143.0,2026-08-11,d1_close,2026,"[153.0, 150.5, 149.5, 150.0, 149.0, 147.5, 147.0, 145.5, 145.5, 144.5, 144.0, 144.0, 144.0, 143.5, 144.0, 143.5, 143.5, 144.5, 144.5, 144.5, 144.5, 144.5, 145.0, 145.0, 144.0, 143.5, 144.0, 143.5, 144.0, 144.0, 143.5, 143.5, 143.0, 142.5, 142.5, 142.5, 142.5, 142.5, 142.5, 142.5, 142.5, 142.5, 142.5, 142.5, 142.5, 142.5, 142.5, 142.5, 142.5, 142.5, 142.5, 142.5, 142.5, 142.5, 142.5, 142.5, 142.5, 142.5, 142.5, 142.5, 142.5, 142.5, 142.5, 142.5, 142.5, 142.5, 142.5, 142.5, 142.5, 142.5, 142.5, 142.5, 142.5, 142.5, 142.5, 142.5, 142.5, 142.5, 142.5, 142.5, 142.5, 142.5, 142.5, 142.5, 142.5, 142.5, 142.5, 142.5, 142.5, 142.5, 142.5, 142.5, 142.5, 143.0, 143.0, 142.5, 142.5, 142.5, 142.5, 142.5, 142.5, 143.0, 142.5, 142.5, 142.5, 142.5, 142.5, 142.5, 142.5, 143.0, 143.0, 142.5, 142.5, 142.5, 142.5, 142.5, 142.5, 142.5, 142.5, 142.5, 142.5, 142.5, 142.5, 142.5, 142.5, 142.5, 143.0, 142.5, 142.5, 142.5, 143.0, 142.5, 142.5, 142.5, 142.5, 142.5, 142.5, 142.5, 142.5, 142.5, 142.5, 142.5, 142.5, 142.5, 142.5, 142.5, 142.5, 142.5, 142.5, 142.5, 142.5, 142.5, 142.5, 142.5, 142.5, 142.5, 142.5, 142.5, 142.5, 142.5, 142.5, 142.5, 142.5, 142.5, 142.5, 142.5, 142.5, 142.5, 142.5, 142.5, 142.5, 142.5, 142.5, 142.5, 142.5, 142.5, 142.5, 142.5, 142.5, 142.5, 142.5, 142.5, 142.5, 142.5, 142.5, 142.5, 142.5, 142.5, 142.5, 142.5, 142.5, 142.5, 142.5, 142.5, 142.5, 142.5, 142.5, 142.5, 142.5, 142.5, 142.5, 142.5, 142.5, 142.5, 142.5, 142.5, 142.5, 142.5, 142.5, 142.5, 142.5, 142.5, 142.5, 142.5, 142.5, 142.5, 142.5, 142.5, 142.5, 142.5, 142.5, 142.5, 142.5, 142.5, 142.5, 142.5, 142.5, 142.5, 142.5, 142.5, 142.5, 142.5, 142.5, 142.5, 142.5, 142.5, 142.5, 143.0, 143.0]",True,False,False,,,1.1984224052688712,False,0.0,0.0,0.0,0.0,0.0,0.0,1011.2,0.9334413021157602,"台灣摩根士丹利(9,448.40萬)／美商高盛(7,663.00萬)／凱基-台北(6,715.00萬)",True,False,0
2026-08-11,2492,TSE,2026-08-12,11809.65,0.7431114749870823,1,True,False,False,3.355704697986577,4.697986577181208,True,-0.8319467554076538,300.5,298.0,312.0,288.0,288.0,288.0,2026-08-12,d1_close,2026,,False,False,False,,1458.040424,2.023270973960734,False,9345.55,0.5880602257531364,0.0,0.0,26083.4,1.6412741992081106,11809.65,0.7431114749870823,"元大-館前(34,317.10萬)／富邦證券(26,083.40萬)／元大證券(13,432.35萬)",True,False,2
2026-08-11,3026,TSE,2026-08-12,19961.4,1.4130398074327355,2,True,False,False,-6.037151702786378,9.907120743034056,False,0.0,646.0,646.0,710.0,631.0,685.0,685.0,2026-08-12,d1_close,2026,,False,False,False,,1071.651338,2.023270973960734,False,8979.4,0.6356392661266997,0.0,0.0,0.0,0.0,19961.4,1.4130398074327355,"凱基-站前(55,233.00萬)／華南永昌(32,041.60萬)／凱基(31,008.00萬)",True,False,1
2026-08-11,3044,TSE,2026-08-12,3487.85,0.8914520878944497,1,True,True,True,0.0,0.0,False,9.966024915062288,441.5,485.5,485.5,485.5,485.5,485.5,2026-08-12,d1_close,2026,"[485.5, 485.5, 485.5, 485.5, 485.5, 485.5, 485.5, 485.5, 485.5, 485.5, 485.5, 485.5, 485.5, 485.5, 485.5, 485.5, 485.5, 485.5, 485.5, 485.5, 485.5, 485.5, 485.5, 485.5, 485.5, 485.5, 485.5, 485.5, 485.5, 485.5, 485.5, 485.5, 485.5, 485.5, 485.5, 485.5, 485.5, 485.5, 485.5, 485.5, 485.5, 485.5, 485.5, 485.5, 485.5, 485.5, 485.5, 485.5, 485.5, 485.5, 485.5, 485.5, 485.5, 485.5, 485.5, 485.5, 485.5, 485.5, 485.5, 485.5, 485.5, 485.5, 485.5, 485.5, 485.5, 485.5, 485.5, 485.5, 485.5, 485.5, 485.5, 485.5, 485.5, 485.5, 485.5, 485.5, 485.5, 485.5, 485.5, 485.5, 485.5, 485.5, 485.5, 485.5, 485.5, 485.5, 485.5, 485.5, 485.5, 485.5, 485.5, 485.5, 485.5, 485.5, 485.5, 485.5, 485.5, 485.5, 485.5, 485.5, 485.5, 485.5, 485.5, 485.5, 485.5, 485.5, 485.5, 485.5, 485.5, 485.5, 485.5, 485.5, 485.5, 485.5, 485.5, 485.5, 485.5, 485.5, 485.5, 485.5, 485.5, 485.5, 485.5, 485.5, 485.5, 485.5, 485.5, 485.5, 485.5, 485.5, 485.5, 485.5, 485.5, 485.5, 485.5, 485.5, 485.5, 485.5, 485.5, 485.5, 485.5, 485.5, 485.5, 485.5, 485.5, 485.5, 485.5, 485.5, 485.5, 485.5, 485.5, 485.5, 485.5, 485.5, 485.5, 485.5, 485.5, 485.5, 485.5, 485.5, 485.5, 485.5, 485.5, 485.5, 485.5, 485.5, 485.5, 485.5, 485.5, 485.5, 485.5, 485.5, 485.5, 485.5, 485.5, 485.5, 485.5, 485.5, 485.5, 485.5, 485.5, 485.5, 485.5, 485.5, 485.5, 485.5, 485.5, 485.5, 485.5, 485.5, 485.5, 485.5, 485.5, 485.5, 485.5, 485.5, 485.5, 485.5, 485.5, 485.5]",True,False,False,,2320.5500485,2.023270973960734,False,26887.35,6.8720800193382265,0.0,0.0,-4635.75,-1.1848413826445219,3487.85,0.8914520878944497,"凱基-城中(26,887.35萬)／富邦-台北(14,657.80萬)／台新(13,289.15萬)",True,False,2
2026-08-11,6173,OTC,2026-08-12,11803.0,3.490397035176381,1,True,False,False,-9.115281501340483,9.115281501340483,False,0.8108108108108109,185.0,186.5,203.5,182.5,203.5,203.5,2026-08-12,d1_close,2026,,False,False,False,,316.72,2.023270973960734,False,0.0,0.0,0.0,0.0,1517.0,0.4486090233298798,11803.0,3.490397035176381,"元大-館前(32,893.00萬)／台新-台北(11,803.00萬)／元大-松江(7,418.50萬)",True,False,1
2026-08-11,6274,OTC,2026-08-12,5457.0,0.9843267058368508,1,True,False,False,-1.2658227848101269,4.113924050632911,False,-1.557632398753894,1605.0,1580.0,1645.0,1580.0,1600.0,1600.0,2026-08-12,d1_close,2026,,False,True,True,2分鐘,4804.344405,2.023270973960734,False,10593.0,1.9107518407421222,0.0,0.0,11877.0,2.14235812446844,5457.0,0.9843267058368509,"摩根大通(45,421.50萬)／台灣摩根士丹利(30,495.00萬)／統一(25,359.00萬)",True,False,2
2026-08-12,2324,TSE,2026-08-13,38044.65,5.66490306062367,1,True,False,False,1.995012468827941,3.990024937655864,True,0.5012531328320874,39.9,40.1,41.7,39.1,39.3,39.3,2026-08-13,d1_close,2026,,False,False,False,,1758.4514933999997,1.3116542722300764,False,0.0,0.0,0.0,0.0,8853.81,1.3183450331960067,38044.65,5.66490306062367,"台灣摩根士丹利(57,715.35萬)／凱基-站前(38,120.46萬)／台新-台北(38,044.65萬)",True,False,1
2026-08-12,4979,OTC,2026-08-13,27489.0,2.818281208574088,1,True,False,False,2.5906735751295336,6.217616580310881,True,3.2085561497326207,561.0,579.0,615.0,560.0,564.0,564.0,2026-08-13,d1_close,2026,"[591.0, 592.0, 585.0, 593.0, 594.0, 598.0, 595.0, 590.0, 596.0, 586.0, 589.0, 590.0, 582.0, 587.0, 587.0, 587.0, 589.0, 592.0, 592.0, 592.0, 593.0, 595.0, 598.0, 601.0, 606.0, 614.0, 614.0, 614.0, 606.0, 602.0, 598.0, 602.0, 597.0, 598.0, 600.0, 595.0, 595.0, 594.0, 596.0, 599.0, 598.0, 599.0, 598.0, 594.0, 593.0, 595.0, 592.0, 591.0, 591.0, 592.0, 594.0, 592.0, 596.0, 596.0, 595.0, 594.0, 592.0, 595.0, 593.0, 595.0, 593.0, 595.0, 595.0, 594.0, 598.0, 598.0, 600.0, 602.0, 600.0, 601.0, 602.0, 599.0, 600.0, 599.0, 599.0, 594.0, 596.0, 597.0, 594.0, 594.0, 596.0, 597.0, 601.0, 604.0, 605.0, 603.0, 604.0, 604.0, 600.0, 603.0, 601.0, 599.0, 599.0, 599.0, 596.0, 596.0, 600.0, 602.0, 602.0, 604.0, 605.0, 608.0, 608.0, 609.0, 608.0, 604.0, 603.0, 606.0, 608.0, 607.0, 607.0, 608.0, 608.0, 608.0, 607.0, 607.0, 607.0, 608.0, 608.0, 608.0, 607.0, 606.0, 605.0, 607.0, 606.0, 607.0, 606.0, 607.0, 607.0, 605.0, 607.0, 606.0, 607.0, 606.0, 606.0, 606.0, 606.0, 607.0, 606.0, 605.0, 606.0, 606.0, 608.0, 609.0, 610.0, 610.0, 610.0, 610.0, 609.0, 609.0, 608.0, 606.0, 608.0, 609.0, 609.0, 604.0, 599.0, 599.0, 601.0, 603.0, 605.0, 606.0, 605.0, 602.0, 605.0, 604.0, 604.0, 605.0, 605.0, 605.0, 604.0, 603.0, 602.0, 602.0, 602.0, 600.0, 600.0, 600.0, 600.0, 598.0, 599.0, 600.0, 599.0, 600.0, 599.0, 598.0, 600.0, 600.0, 600.0, 600.0, 600.0, 600.0, 600.0, 598.0, 596.0, 599.0, 599.0, 596.0, 593.0, 594.0, 594.0, 593.0, 595.0, 593.0, 594.0, 595.0, 595.0, 596.0, 595.0, 595.0, 592.0, 592.0, 591.0, 583.0, 581.0, 584.0, 581.0, 577.0, 577.0, 580.0, 580.0, 580.0, 579.0, 580.0, 581.0, 581.0, 581.0, 583.0, 581.0, 580.0, 579.0, 576.0, 576.0, 573.0, 572.0, 569.0, 571.0, 570.0, 567.0, 566.0, 565.0, 566.0, 563.0, 564.0, 563.0, 563.0, 566.0, 569.0, 570.0, 566.0, 566.0, 564.0, 565.0, 565.0, 566.0, 567.0, 565.0, 563.0, 563.0, 562.0, 561.0, 561.0, 566.0, 565.0, 565.0, 564.0]",True,False,False,,798.635673,1.3116542722300764,False,30013.5,3.0771029522186466,0.0,0.0,0.0,0.0,27489.0,2.8182812085740876,"元大證券(62,551.50萬)／美商高盛(53,912.10萬)／港商野村(40,560.30萬)",True,False,1
2026-08-12,6173,OTC,2026-08-13,1465.2,0.2880087487858584,2,True,False,False,-7.710843373493977,7.710843373493977,False,1.9656019656019657,203.5,207.5,223.5,203.5,223.5,223.5,2026-08-13,d1_close,2026,,False,False,False,,348.392,1.3116542722300764,False,0.0,0.0,0.0,0.0,-1241.35,-0.24400741216579674,1465.2,0.28800874878585847,"元大-館前(16,849.80萬)／美林(7,448.10萬)／元大證券(3,520.55萬)",True,False,1
2026-08-12,6770,TSE,2026-08-13,117566.24,3.783832582727438,1,True,False,False,0.1333333333333257,3.200000000000008,True,1.763907734056984,73.7,75.0,77.4,72.7,74.9,74.9,2026-08-13,d1_close,2026,,False,False,False,,3127.6833269,1.3116542722300764,False,35471.810000000005,1.1416490860498472,0.0,0.0,38110.270000000004,1.2265670941125617,117566.24000000002,3.7838325827274386,"摩根大通(223,561.58萬)／台灣摩根士丹利(169,141.50萬)／美商高盛(152,249.46萬)",True,False,2
2026-08-12,8046,TSE,2026-08-13,251229.0,15.95789787346676,1,True,False,False,6.177606177606178,0.3861003861003861,True,2.371541501976284,1265.0,1295.0,1300.0,1215.0,1215.0,1215.0,2026-08-13,d1_close,2026,,False,False,False,,8173.993575,1.3116542722300764,False,6198.5,0.3937245698891598,-5186.5,-0.32944300745827654,35926.0,2.2819954662963546,251229.0,15.957897873466761,"台新-台北(251,229.00萬)／永豐金證券(65,653.50萬)／凱基-信義(61,479.00萬)",True,False,3
2026-08-13,2357,TSE,2026-08-14,13867.6,3.935971320598161,1,True,False,False,-2.8925619834710745,5.888429752066116,False,3.308431163287086,937.0,968.0,1025.0,966.0,996.0,996.0,2026-08-14,d1_close,2026,"[977.0, 993.0, 994.0, 999.0, 1010.0, 1005.0, 1015.0, 1015.0, 1010.0, 1005.0, 1005.0, 1005.0, 1005.0, 1005.0, 1005.0, 1005.0, 1010.0, 1005.0, 1010.0, 1015.0, 1010.0, 1015.0, 1015.0, 1015.0, 1015.0, 1015.0, 1010.0, 1010.0, 1015.0, 1015.0, 1015.0, 1005.0, 1005.0, 1000.0, 1010.0, 1005.0, 1005.0, 1005.0, 1005.0, 1005.0, 1005.0, 1005.0, 1005.0, 1005.0, 1005.0, 1005.0, 1005.0, 1005.0, 1005.0, 1005.0, 1005.0, 1000.0, 1000.0, 991.0, 993.0, 995.0, 992.0, 994.0, 1000.0, 1000.0, 1000.0, 1005.0, 1005.0, 1005.0, 1005.0, 1000.0, 1000.0, 1000.0, 1000.0, 1000.0, 1000.0, 1000.0, 1005.0, 1010.0, 1010.0, 1010.0, 1010.0, 1010.0, 1010.0, 1005.0, 1005.0, 1005.0, 1005.0, 1005.0, 1005.0, 1010.0, 1010.0, 1015.0, 1015.0, 1020.0, 1015.0, 1020.0, 1015.0, 1015.0, 1015.0, 1015.0, 1015.0, 1015.0, 1020.0, 1020.0, 1025.0, 1020.0, 1020.0, 1020.0, 1020.0, 1015.0, 1015.0, 1015.0, 1010.0, 1015.0, 1015.0, 1010.0, 1005.0, 1005.0, 1005.0, 1005.0, 1005.0, 1005.0, 1005.0, 1005.0, 1005.0, 1005.0, 1005.0, 1005.0, 1005.0, 1005.0, 1005.0, 1005.0, 1000.0, 1000.0, 1000.0, 1000.0, 1000.0, 1000.0, 1000.0, 1000.0, 1000.0, 1000.0, 1000.0, 1000.0, 1000.0, 1000.0, 1000.0, 1000.0, 1000.0, 1000.0, 1000.0, 1000.0, 1000.0, 1005.0, 1000.0, 1000.0, 1000.0, 1000.0, 1000.0, 1000.0, 1000.0, 1000.0, 1000.0, 1005.0, 1005.0, 1005.0, 1010.0, 1005.0, 1005.0, 1010.0, 1005.0, 1010.0, 1010.0, 1005.0, 1005.0, 1005.0, 1005.0, 1005.0, 1010.0, 1005.0, 1010.0, 1005.0, 1005.0, 1005.0, 1005.0, 1000.0, 1000.0, 1000.0, 1000.0, 1000.0, 1000.0, 1000.0, 1005.0, 1005.0, 1000.0, 1000.0, 1000.0, 1000.0, 1000.0, 1000.0, 1005.0, 1000.0, 1005.0, 1000.0, 1005.0, 1005.0, 998.0, 996.0, 997.0, 998.0, 997.0, 997.0, 998.0, 993.0, 991.0, 990.0, 991.0, 992.0, 994.0, 994.0, 994.0, 996.0, 996.0, 995.0, 994.0, 991.0, 992.0, 992.0, 994.0, 993.0, 992.0, 988.0, 989.0, 989.0, 988.0, 990.0, 990.0, 989.0, 989.0, 989.0, 990.0, 988.0, 985.0, 987.0, 985.0, 985.0, 982.0, 982.0, 981.0, 982.0, 982.0, 982.0, 982.0, 985.0, 985.0, 982.0, 981.0, 983.0, 983.0, 980.0, 980.0, 978.0, 981.0, 980.0, 981.0, 996.0]",True,False,False,,6959.664011,1.9963333918430424,False,0.0,0.0,18927.4,5.372068964600193,45913.0,13.031256399277696,13867.6,3.9359713205981612,"富邦證券(45,913.00萬)／元大證券(44,132.70萬)／凱基-台北(28,765.90萬)",True,False,2
2026-08-13,6187,OTC,2026-08-14,6350.0,0.8147374398963219,2,True,False,False,0.0,3.5294117647058822,False,0.3937007874015747,1270.0,1275.0,1320.0,1250.0,1275.0,1275.0,2026-08-14,d1_close,2026,,False,False,False,,1247.93756,1.9963333918430424,False,0.0,0.0,0.0,0.0,-33782.0,-4.334403180248433,6350.0,0.8147374398963219,"元大證券(93,091.00萬)／美林(41,656.00萬)／台灣摩根士丹利(37,084.00萬)",True,False,1
2026-08-13,7795,TSE,2026-08-14,1167.6,0.5900796455857528,2,True,False,False,4.114490161001789,6.261180679785331,True,0.539568345323741,556.0,559.0,594.0,530.0,536.0,536.0,2026-08-14,d1_close,2026,,False,False,False,,438.28646,1.9963333918430424,False,-23852.4,-12.054484188394664,-2057.2,-1.039664137460612,4726.0,2.3884176130851897,1167.6,0.5900796455857528,"群益金鼎-台北(12,343.20萬)／摩根大通(8,284.40萬)／新光(7,950.80萬)",True,False,3
2026-08-14,1303,TSE,2026-08-17,269314.25,8.500003771065588,1,True,False,False,6.088992974238876,0.702576112412178,True,2.891566265060241,207.5,213.5,215.0,200.0,200.5,200.5,2026-08-17,d1_close,2026,,False,False,False,,16456.45482,0.6435685871567102,False,0.0,0.0,-14525.0,-0.45843305645626875,18529.75,0.5848295991649256,269314.25,8.500003771065588,"台新-台北(269,314.25萬)／凱基-站前(248,336.00萬)／元大證券(154,753.50萬)",True,False,2
2026-08-14,7751,OTC,2026-08-17,1445.0,4.022849954781914,1,True,False,False,0.3367003367003366,6.397306397306397,True,2.768166089965398,1445.0,1485.0,1580.0,1425.0,1480.0,1480.0,2026-08-17,d1_close,2026,,False,False,False,,388.54027,0.6435685871567102,False,0.0,0.0,0.0,0.0,0.0,0.0,1445.0,4.022849954781914,"華南永昌-麻豆(8,381.00萬)／凱基-台北(6,213.50萬)／元大證券(3,757.00萬)",True,False,0
2026-08-17,3653,TSE,2026-08-18,8010.0,1.2523889318875756,1,True,False,False,4.0968342644320295,2.141527001862197,True,0.5617977528089888,5340.0,5370.0,5485.0,5120.0,5150.0,5150.0,2026-08-18,d1_close,2026,,False,False,False,,7835.53152,-0.3568116453447529,False,0.0,0.0,0.0,0.0,0.0,0.0,0.0,0.0,,False,False,0
2026-08-19,2478,TSE,2026-08-20,9872.3,6.484117018322502,1,True,False,False,5.166051660516605,0.3690036900369003,True,0.7434944237918215,134.5,135.5,136.0,126.0,128.5,128.5,2026-08-20,d1_close,2026,,False,False,False,,194.6635985,-2.4814386028649293,False,0.0,0.0,0.0,0.0,0.0,0.0,0.0,0.0,,False,False,0
2026-08-19,6173,OTC,2026-08-20,10418.8,5.047926542127993,1,True,False,False,-0.91324200913242,4.10958904109589,False,2.576112412177986,213.5,219.0,228.0,211.0,221.0,221.0,2026-08-20,d1_close,2026,,False,False,False,,365.512,-2.4814386028649293,False,0.0,0.0,0.0,0.0,0.0,0.0,0.0,0.0,,False,False,0
2026-08-20,7751,OTC,2026-08-21,945.0,0.857326748870361,1,True,True,True,0.0,0.0,False,9.841269841269842,1575.0,1730.0,1730.0,1730.0,1730.0,1730.0,2026-08-21,d1_close,2026,,False,False,False,,423.49545,-0.82752355619277,False,0.0,0.0,0.0,0.0,0.0,0.0,0.0,0.0,,False,False,0
2026-08-21,2615,TSE,2026-08-24,28236.6,2.680877760869158,1,True,False,False,4.230769230769231,0.0,True,4.417670682730924,124.5,130.0,130.0,123.0,124.5,124.5,2026-08-24,d1_close,2026,,False,False,False,,3493.652268,1.1291309019473723,False,0.0,0.0,0.0,0.0,0.0,0.0,0.0,0.0,,False,False,0
2026-08-24,2301,TSE,2026-08-25,45346.0,3.6018212602133017,1,True,False,False,-3.4965034965034967,3.4965034965034967,False,-0.3484320557491289,287.0,286.0,296.0,277.5,296.0,296.0,2026-08-25,d1_close,2026,,False,False,False,,6647.229386,-0.3814950636203402,False,0.0,0.0,0.0,0.0,0.0,0.0,0.0,0.0,,False,False,0
2026-08-25,4979,OTC,2026-08-26,11358.9,1.2550871110977402,1,True,False,False,2.127659574468085,2.454991816693944,True,1.6638935108153077,601.0,611.0,626.0,590.0,598.0,598.0,2026-08-26,d1_close,2026,,False,False,False,,858.24002,-0.1212401565618868,False,0.0,0.0,0.0,0.0,0.0,0.0,0.0,0.0,,False,False,0
2026-08-25,6213,TSE,2026-08-26,23108.0,1.768692130976517,1,True,False,False,-10.0,10.0,False,0.0,530.0,530.0,583.0,525.0,583.0,583.0,2026-08-26,d1_close,2026,,False,False,False,,1928.44528,-0.1212401565618868,False,0.0,0.0,0.0,0.0,0.0,0.0,0.0,0.0,,False,False,0
