急拉幅度,進場回落,停損距離,量能倍率,信號窗口,樣本數,勝率,均報酬,PF,停損率
>=3%,1.0%,0.3%,1.0,15,23355,0.7861699850139157,0.023422524259684857,10.180691620077356,0.07022050952686791
>=3%,1.0%,0.3%,1.0,20,26937,0.7795597134053532,0.022635269953116058,9.7187462672234,0.07469280172253777
>=3%,1.0%,0.3%,1.0,30,32573,0.7672305283517024,0.02121682111015042,8.861902872254651,0.0815706259785712
>=3%,1.0%,0.3%,1.0,45,39022,0.7519860591461227,0.019601607997237737,7.968712994771705,0.08894982317666957
>=3%,1.0%,0.3%,1.0,60,44094,0.7367895858847009,0.018280432877286368,7.215323808053204,0.0969519662539121
>=3%,1.0%,0.3%,1.0,90,51831,0.7080125793444078,0.0162058707364328,6.010000144622354,0.11442958847022053
>=3%,1.0%,0.3%,1.0,120,59730,0.6688598694123556,0.013957603052017589,4.800878864555847,0.141804788213628
>=3%,1.0%,0.3%,1.5,15,19227,0.7794247672543818,0.023547522646950717,9.77080436157128,0.06912154782337337
>=3%,1.0%,0.3%,1.5,20,22028,0.7743780642818231,0.022899294697634416,9.461240397988643,0.07258943163246777
>=3%,1.0%,0.3%,1.5,30,26138,0.7620705486265208,0.021518586953544434,8.636139942753815,0.0797306603412656
>=3%,1.0%,0.3%,1.5,45,30573,0.7478494096097864,0.019989880849691683,7.801713202912108,0.08824780034671115
>=3%,1.0%,0.3%,1.5,60,34031,0.7330962945549646,0.018697024026755917,7.080170597151981,0.09567747054156504
>=3%,1.0%,0.3%,1.5,90,38979,0.7033274327201826,0.016727036925381016,5.9631959013701845,0.11318915313373867
>=3%,1.0%,0.3%,1.5,120,44084,0.6664322656746212,0.014568897538059587,4.8453581104904515,0.14007349605298974
>=3%,1.0%,0.3%,2.0,15,16083,0.7729279363302867,0.023601105729896363,9.428202791261345,0.06820866753715103
>=3%,1.0%,0.3%,2.0,20,18280,0.7681072210065646,0.022939980901000512,9.156113549205156,0.07128008752735229
>=3%,1.0%,0.3%,2.0,30,21375,0.7554152046783625,0.021615207709086315,8.355852094027169,0.07962573099415204
>=3%,1.0%,0.3%,2.0,45,24555,0.7424149867644064,0.02027325274367331,7.661975691471279,0.08621462024027693
>=3%,1.0%,0.3%,2.0,60,26872,0.7286022625781483,0.01906836664612792,7.006150686040319,0.09258707948794284
>=3%,1.0%,0.3%,2.0,90,30100,0.7018272425249169,0.01718765379096737,6.00240364964887,0.10850498338870432
>=3%,1.0%,0.3%,2.0,120,33463,0.6661984878821385,0.015090846613531628,4.909708374179584,0.13516421121836059
>=3%,1.0%,0.5%,1.0,15,23355,0.787754228216656,0.023414226774254917,10.088414837308322,0.06015842432027403
>=3%,1.0%,0.5%,1.0,20,26937,0.7812302780562053,0.02262302873575194,9.619353606709753,0.063592827709099
>=3%,1.0%,0.5%,1.0,30,32573,0.7690111441991834,0.02120023773880527,8.755245905771247,0.06925981641236607
>=3%,1.0%,0.5%,1.0,45,39022,0.754113064425196,0.019589724955803092,7.87814181627029,0.07508584900825176
>=3%,1.0%,0.5%,1.0,60,44094,0.7392615775388942,0.01827090542414063,7.136052563069346,0.08141697283077062
>=3%,1.0%,0.5%,1.0,90,51831,0.7113889371225715,0.016204623842330457,5.952747558935611,0.09536763712835948
>=3%,1.0%,0.5%,1.0,120,59730,0.6734471789720409,0.013956126070075113,4.747759379303967,0.1190858864892014
>=3%,1.0%,0.5%,1.5,15,19227,0.7807250221043325,0.023527616876752044,9.652639161082394,0.06033182503770739
>=3%,1.0%,0.5%,1.5,20,22028,0.7757853640820773,0.02288092954583406,9.353628133884827,0.06251134919193753
>=3%,1.0%,0.5%,1.5,30,26138,0.7637539214936109,0.021496818131922505,8.525209501485385,0.06852092738541588
>=3%,1.0%,0.5%,1.5,45,30573,0.7500081771497726,0.0199781186308934,7.7128144447925235,0.07529519510679357
>=3%,1.0%,0.5%,1.5,60,34031,0.7353883224119185,0.01868185051449328,6.993876802042637,0.0811025241691399
>=3%,1.0%,0.5%,1.5,90,38979,0.706662561892301,0.01672178961129218,5.901483193603243,0.0950255265655866
>=3%,1.0%,0.5%,1.5,120,44084,0.6710824789039107,0.014568059955870138,4.7902533081621606,0.11818346792487071
>=3%,1.0%,0.5%,2.0,15,16083,0.774171485419387,0.02357885179997732,9.31145987351575,0.05987688864017907
>=3%,1.0%,0.5%,2.0,20,18280,0.7694201312910285,0.022922741500683252,9.058893611101297,0.06181619256017506
>=3%,1.0%,0.5%,2.0,30,21375,0.7570058479532163,0.02159980517029366,8.266613613458318,0.06839766081871346
>=3%,1.0%,0.5%,2.0,45,24555,0.7443697821217674,0.020266500664440745,7.59143401004742,0.07379352474037874
>=3%,1.0%,0.5%,2.0,60,26872,0.7306862161357547,0.01905366643897792,6.929422803937683,0.07933908901458768
>=3%,1.0%,0.5%,2.0,90,30100,0.7050830564784053,0.0171823353745662,5.941336959690086,0.09192691029900332
>=3%,1.0%,0.5%,2.0,120,33463,0.6708304694737471,0.015091683901727906,4.855188277990365,0.11469384095867077
>=3%,1.0%,1.0%,1.0,15,23355,0.7909655320059944,0.023415815573854068,9.971175091706458,0.04260329693855706
>=3%,1.0%,1.0%,1.0,20,26937,0.7843857890633701,0.02262266705809368,9.5023040146899,0.04503099825518803
>=3%,1.0%,1.0%,1.0,30,32573,0.7724802750744482,0.02118913294429835,8.616887762605884,0.049212537991588125
>=3%,1.0%,1.0%,1.0,45,39022,0.7580083030085593,0.019584482398890015,7.762325476993242,0.05299574598944185
>=3%,1.0%,1.0%,1.0,60,44094,0.7433437655916905,0.018268860680015066,7.0368708940487465,0.056901165691477296
>=3%,1.0%,1.0%,1.0,90,51831,0.7162701857961452,0.016198065253263335,5.865371458900423,0.06615731897898941
>=3%,1.0%,1.0%,1.0,120,59730,0.6806462414197221,0.013965871072539843,4.683510182592625,0.08181818181818182
>=3%,1.0%,1.0%,1.5,15,19227,0.7838456337442139,0.023520927363335234,9.520583058197754,0.04306444063036355
>=3%,1.0%,1.0%,1.5,20,22028,0.7788723442890866,0.022874937485224553,9.226773310580532,0.04462502269838387
>=3%,1.0%,1.0%,1.5,30,26138,0.7672354426505471,0.021488464351581752,8.399576397096965,0.04897084704261994
>=3%,1.0%,1.0%,1.5,45,30573,0.754031334837929,0.019973392957846565,7.604609892768333,0.05321689072057044
>=3%,1.0%,1.0%,1.5,60,34031,0.7397960682906761,0.018687692686012725,6.913375033878969,0.05688930680849814
>=3%,1.0%,1.0%,1.5,90,38979,0.7118448395289771,0.01672152894505763,5.826228106071789,0.06600990276815721
>=3%,1.0%,1.0%,1.5,120,44084,0.6783413483349968,0.014579581149407696,4.730980523599931,0.08141275746302513
>=3%,1.0%,1.0%,2.0,15,16083,0.7772803581421377,0.02357548095256804,9.200652895592317,0.04271591121059504
>=3%,1.0%,1.0%,2.0,20,18280,0.7723741794310722,0.022919104929866096,8.956401181514122,0.04338074398249453
>=3%,1.0%,1.0%,2.0,30,21375,0.76046783625731,0.021595746550302046,8.16836504846449,0.048467836257309944
>=3%,1.0%,1.0%,2.0,45,24555,0.748116473223376,0.02026084887700004,7.494601529484585,0.05216860109957239
>=3%,1.0%,1.0%,2.0,60,26872,0.7348541232509676,0.01905702367554382,6.8531916367512915,0.05570854420958619
>=3%,1.0%,1.0%,2.0,90,30100,0.7098006644518272,0.017178310285533,5.868142632988168,0.0639202657807309
>=3%,1.0%,1.0%,2.0,120,33463,0.677404894958611,0.015089515753460047,4.78732547178822,0.07949078086244508
>=3%,1.5%,0.3%,1.0,15,22876,0.747202308095821,0.020045681007700943,7.103954899078323,0.06884944920440636
>=3%,1.5%,0.3%,1.0,20,26308,0.7410673559373575,0.019260260505875298,6.741865674243995,0.07301961380568649
>=3%,1.5%,0.3%,1.0,30,31693,0.725586091565961,0.017821393652842157,6.0636138477475665,0.07913419367052661
>=3%,1.5%,0.3%,1.0,45,37676,0.7085147043210532,0.016306865303600804,5.447369758717009,0.08480199596560144
>=3%,1.5%,0.3%,1.0,60,42214,0.6937745771544985,0.015138166556511887,4.977042540611324,0.09053868384896006
>=3%,1.5%,0.3%,1.0,90,48816,0.6672402490986562,0.013362484891042912,4.251583609635513,0.10267125532612258
>=3%,1.5%,0.3%,1.0,120,54734,0.63885336354003,0.011708377693474754,3.623330400961349,0.1180070888296123
>=3%,1.5%,0.3%,1.5,15,18808,0.7439919183326245,0.02026155525426686,6.923219536578393,0.06794980859208848
>=3%,1.5%,0.3%,1.5,20,21494,0.7394621754908347,0.01960571792714054,6.6593356564905095,0.07136875407090351
>=3%,1.5%,0.3%,1.5,30,25415,0.7248081841432225,0.018196760864406084,5.997751536031627,0.07806413535313791
>=3%,1.5%,0.3%,1.5,45,29515,0.7088937828222938,0.016758974505009575,5.413025430199179,0.08490598001016432
>=3%,1.5%,0.3%,1.5,60,32595,0.6936033133916245,0.015610950401200694,4.956118908080913,0.0901365240067495
>=3%,1.5%,0.3%,1.5,90,36772,0.666159034047645,0.01392081135044359,4.260904964344915,0.10312194060698357
>=3%,1.5%,0.3%,1.5,120,40598,0.638258042268092,0.012292270932179113,3.658074925394852,0.11892211438987142
>=3%,1.5%,0.3%,2.0,15,15713,0.7413606567810094,0.020407717108274517,6.76698199349906,0.06720549863170623
>=3%,1.5%,0.3%,2.0,20,17806,0.7364933168594856,0.019742896818941685,6.526486265927669,0.07014489497922048
>=3%,1.5%,0.3%,2.0,30,20757,0.7210097798333093,0.01837540833029812,5.872351540502701,0.07814231343643108
>=3%,1.5%,0.3%,2.0,45,23693,0.7070864812391846,0.017117282773860897,5.38066852495617,0.08310471447262904
>=3%,1.5%,0.3%,2.0,60,25730,0.6923047026816945,0.016057237035283337,4.96872808480282,0.08736883015934707
>=3%,1.5%,0.3%,2.0,90,28456,0.6662566769749789,0.014391525139952802,4.313198465072573,0.09983834692156311
>=3%,1.5%,0.3%,2.0,120,30951,0.6387838842040645,0.012791528496046086,3.710065850184037,0.11621595425026655
>=3%,1.5%,0.5%,1.0,15,22876,0.7483388704318937,0.020040744369281903,7.07336666237148,0.059188669347788075
>=3%,1.5%,0.5%,1.0,20,26308,0.7422076934772692,0.019251307562067454,6.706881961684396,0.06252850843849779
>=3%,1.5%,0.5%,1.0,30,31693,0.7267535417915628,0.017806991118605054,6.022842781838246,0.06764900766730823
>=3%,1.5%,0.5%,1.0,45,37676,0.709921435396539,0.016299435416585416,5.4174771845948655,0.0722210425735216
>=3%,1.5%,0.5%,1.0,60,42214,0.6953143506893448,0.01513103262654164,4.949904840742232,0.07682285497702183
>=3%,1.5%,0.5%,1.0,90,48816,0.6692682726974762,0.013367967825234733,4.238668134909007,0.08638561127499181
>=3%,1.5%,0.5%,1.0,120,54734,0.641447729016699,0.011714069519853262,3.6100739399809756,0.09993788138999525
>=3%,1.5%,0.5%,1.5,15,18808,0.7448957890259464,0.02024420237241458,6.871093650635763,0.05944279030199915
>=3%,1.5%,0.5%,1.5,20,21494,0.7403926677212245,0.019590885377548172,6.61576163884909,0.06155206104029031
>=3%,1.5%,0.5%,1.5,30,25415,0.7259098957308676,0.01817893184454895,5.953178179119811,0.06720440684635058
>=3%,1.5%,0.5%,1.5,45,29515,0.7103845502286973,0.01675100958613559,5.381078495640662,0.07277655429442656
>=3%,1.5%,0.5%,1.5,60,32595,0.6951372909955514,0.015598421177631794,4.922380806688296,0.07688295750882038
>=3%,1.5%,0.5%,1.5,90,36772,0.6683617970194713,0.013922939938771972,4.244558531747169,0.08704992929402806
>=3%,1.5%,0.5%,1.5,120,40598,0.6410660623676043,0.012296327370508347,3.642049860664653,0.1008177742745948
>=3%,1.5%,0.5%,2.0,15,15713,0.7421879971997709,0.02038762953032666,6.7120181653442,0.05899573601476484
>=3%,1.5%,0.5%,2.0,20,17806,0.7374480512186903,0.019728325339087565,6.484391733264779,0.060934516455127485
>=3%,1.5%,0.5%,2.0,30,20757,0.7221660162836634,0.018362611717417383,5.835304953066124,0.06720624367683191
>=3%,1.5%,0.5%,2.0,45,23693,0.7086059173595577,0.017112388278445984,5.3543732183029,0.07149791077533449
>=3%,1.5%,0.5%,2.0,60,25730,0.6937815779246016,0.016045053569475286,4.937995071404834,0.075204041974349
>=3%,1.5%,0.5%,2.0,90,28456,0.6684706213100928,0.014393892530238551,4.297232292979471,0.08486786617936463
>=3%,1.5%,0.5%,2.0,120,30951,0.6417886336467319,0.012801616086183016,3.697740340125708,0.0988982585376886
>=3%,1.5%,1.0%,1.0,15,22876,0.7506994229760448,0.02003973518144653,7.028192076489171,0.04240251792271376
>=3%,1.5%,1.0%,1.0,20,26308,0.7445263798084233,0.019248723085741576,6.661614418614536,0.0447392428158735
>=3%,1.5%,1.0%,1.0,30,31693,0.7292146530779667,0.017794140172734608,5.967064983868249,0.04878048780487805
>=3%,1.5%,1.0%,1.0,45,37676,0.7127879817390381,0.016296147668978002,5.379926566488824,0.051518207877694025
>=3%,1.5%,1.0%,1.0,60,42214,0.6983465201118112,0.015130949905408012,4.918077291325953,0.05455536078078363
>=3%,1.5%,1.0%,1.0,90,48816,0.6724844313339888,0.013363908832046741,4.210195762221439,0.061352835136020974
>=3%,1.5%,1.0%,1.0,120,54734,0.645631600102313,0.011727041833178905,3.594520658359503,0.07023056966419411
>=3%,1.5%,1.0%,1.5,15,18808,0.7471820501914079,0.020235665185096258,6.8164656842337195,0.04290727350063803
>=3%,1.5%,1.0%,1.5,20,21494,0.7426723736856797,0.019584073604861876,6.56561647137249,0.0443379547780776
>=3%,1.5%,1.0%,1.5,30,25415,0.728428093645485,0.01816979878109015,5.904360055954347,0.04863269722604761
>=3%,1.5%,1.0%,1.5,45,29515,0.713332203964086,0.01675043127512616,5.349127476660178,0.05177028629510418
>=3%,1.5%,1.0%,1.5,60,32595,0.6983279644117196,0.01560825775418341,4.902766563749997,0.054609602699800586
>=3%,1.5%,1.0%,1.5,90,36772,0.6717611225932775,0.013924621255705366,4.222264294466935,0.061758947024910256
>=3%,1.5%,1.0%,1.5,120,40598,0.6454258830484261,0.012315655282452901,3.631979512466951,0.07064387408246711
>=3%,1.5%,1.0%,2.0,15,15713,0.7445427353147076,0.020381789694575398,6.666480532029671,0.04257621078088207
>=3%,1.5%,1.0%,2.0,20,17806,0.7396383241603953,0.01972352293567494,6.444445115613915,0.04313152869819162
>=3%,1.5%,1.0%,2.0,30,20757,0.7246711952594306,0.018357344898847175,5.798504688778374,0.04817651876475406
>=3%,1.5%,1.0%,2.0,45,23693,0.7114337568058077,0.017109527402301258,5.32379777829901,0.0509433165913983
>=3%,1.5%,1.0%,2.0,60,25730,0.6968130586863583,0.016049356327362155,4.914427479613075,0.053556160124368445
>=3%,1.5%,1.0%,2.0,90,28456,0.6714928310373911,0.014390911106244431,4.272485835092316,0.06012791678380658
>=3%,1.5%,1.0%,2.0,120,30951,0.6456334205679946,0.012800883122849875,3.6751864581802733,0.06969080158960939
>=3%,2.0%,0.3%,1.0,15,21984,0.7113810043668122,0.016847418517780446,5.1209110723548745,0.06513828238719069
>=3%,2.0%,0.3%,1.0,20,25177,0.7048893831671764,0.016109473129977202,4.867336601356775,0.0687135083608055
>=3%,2.0%,0.3%,1.0,30,30039,0.6903026066114052,0.014833666769940112,4.423581478094034,0.07357102433503113
>=3%,2.0%,0.3%,1.0,45,35279,0.6732050228181071,0.013513998622733153,4.0120093764673,0.07763825505258086
>=3%,2.0%,0.3%,1.0,60,39131,0.658940481970816,0.012506737103496066,3.700190407273486,0.08195548286524751
>=3%,2.0%,0.3%,1.0,90,44364,0.6355603642593094,0.011088720604841095,3.2630516641993226,0.08939680822288341
>=3%,2.0%,0.3%,1.0,120,48540,0.615265760197775,0.009930673226685472,2.9319805611423884,0.0969097651421508
>=3%,2.0%,0.3%,1.5,15,18084,0.7096328245963283,0.017108625397165074,5.04975249386599,0.06436629064366291
>=3%,2.0%,0.3%,1.5,20,20582,0.7052278690117578,0.016507752703436553,4.866829279718041,0.06724322223301914
>=3%,2.0%,0.3%,1.5,30,24118,0.6900655112364209,0.015245221438135078,4.427446938528529,0.07289161622025044
>=3%,2.0%,0.3%,1.5,45,27724,0.6747944019621989,0.013954700127752555,4.0186905877965176,0.07812725436444957
>=3%,2.0%,0.3%,1.5,60,30315,0.6606630380999505,0.012983932487125914,3.719996203864386,0.08203859475507175
>=3%,2.0%,0.3%,1.5,90,33616,0.635917420276059,0.01161427358799481,3.283528336999573,0.09070085673488815
>=3%,2.0%,0.3%,1.5,120,36252,0.6166004634227077,0.01049856148583092,2.973521567554697,0.09820147853911508
>=3%,2.0%,0.3%,2.0,15,15100,0.7093377483443709,0.017314659552345322,4.993475464298018,0.06410596026490066
>=3%,2.0%,0.3%,2.0,20,17059,0.7027375578873322,0.016670967980674942,4.807861559263819,0.06629931414502609
>=3%,2.0%,0.3%,2.0,30,19729,0.6873130924020477,0.015427036030578201,4.359282476408033,0.073090374575498
>=3%,2.0%,0.3%,2.0,45,22285,0.6743998205070675,0.014344511826666906,4.0314253025336795,0.07695759479470496
>=3%,2.0%,0.3%,2.0,60,23990,0.6621092121717382,0.01343260152509935,3.751274006637347,0.08040850354314298
>=3%,2.0%,0.3%,2.0,90,26114,0.6378570881519492,0.012053267052553137,3.324667150832735,0.08918587730719155
>=3%,2.0%,0.3%,2.0,120,27764,0.6193271862843971,0.010978340646370084,3.01778455784183,0.09696009220573404
>=3%,2.0%,0.5%,1.0,15,21984,0.7120178311499272,0.016842678335699808,5.108284129877249,0.05645014556040757
>=3%,2.0%,0.5%,1.0,20,25177,0.7054454462406164,0.016100254433115985,4.85121458480749,0.05926043611232474
>=3%,2.0%,0.5%,1.0,30,30039,0.6909351176803489,0.01481774632396286,4.401743542203818,0.06361729751323279
>=3%,2.0%,0.5%,1.0,45,35279,0.6740553870574563,0.013507256663741408,3.998627010484455,0.06675359278891126
>=3%,2.0%,0.5%,1.0,60,39131,0.659860468682119,0.012500544637926065,3.688343531378484,0.07035342822825892
>=3%,2.0%,0.5%,1.0,90,44364,0.6367775673969885,0.011095759274823558,3.260302829559122,0.07616535930033361
>=3%,2.0%,0.5%,1.0,120,48540,0.6165842604037907,0.009936721402655212,2.9291830967963257,0.08288009888751545
>=3%,2.0%,0.5%,1.5,15,18084,0.710130502101305,0.01709363560263688,5.0253524281142194,0.05640345056403451
>=3%,2.0%,0.5%,1.5,20,20582,0.7056651443008454,0.016494174764978164,4.845959368229526,0.058157613448644445
>=3%,2.0%,0.5%,1.5,30,24118,0.6906045277386185,0.015228195434374515,4.404728271675248,0.06327224479641762
>=3%,2.0%,0.5%,1.5,45,27724,0.6756961477420286,0.013948348149205583,4.004711429721036,0.06759486365603809
>=3%,2.0%,0.5%,1.5,60,30315,0.6615866732640607,0.01297343120391206,3.7045339990999375,0.07082302490516246
>=3%,2.0%,0.5%,1.5,90,33616,0.6371965730604474,0.011617621987498996,3.2782549138814305,0.07761185149928605
>=3%,2.0%,0.5%,1.5,120,36252,0.6180900364117842,0.010503924052206829,2.969750976393245,0.08418845856780316
>=3%,2.0%,0.5%,2.0,15,15100,0.7098675496688742,0.017296356121622145,4.965575716226271,0.05642384105960265
>=3%,2.0%,0.5%,2.0,20,17059,0.7032065185532563,0.01665815865829169,4.788043468025562,0.05774078199191043
>=3%,2.0%,0.5%,2.0,30,19729,0.6879720208829642,0.015417112492538259,4.34308684103245,0.06325713416797607
>=3%,2.0%,0.5%,2.0,45,22285,0.6753870316356293,0.01434321568367345,4.022340999556997,0.06654700471168948
>=3%,2.0%,0.5%,2.0,60,23990,0.6630262609420592,0.013427317882755238,3.740606749846858,0.06957065443934973
>=3%,2.0%,0.5%,2.0,90,26114,0.6392356590334687,0.01205965540049536,3.321435655268521,0.07647239028873401
>=3%,2.0%,0.5%,2.0,120,27764,0.6209840080680017,0.01099216122789086,3.018316290925912,0.08316524996398214
>=3%,2.0%,1.0%,1.0,15,21984,0.7134279475982532,0.01684333478062357,5.094618334086021,0.04107532751091703
>=3%,2.0%,1.0%,1.0,20,25177,0.7068753227151765,0.016098914870086585,4.835770911902949,0.043055169400643446
>=3%,2.0%,1.0%,1.0,30,30039,0.6924331702120576,0.014810767938919485,4.383482744647867,0.04633975831419155
>=3%,2.0%,1.0%,1.0,45,35279,0.6758128064854446,0.013505713492690766,3.9865357912813706,0.04855579806683863
>=3%,2.0%,1.0%,1.0,60,39131,0.6617004421047251,0.012502993020305313,3.6791599854572214,0.050931486545194346
>=3%,2.0%,1.0%,1.0,90,44364,0.6386033721035074,0.011093114252395824,3.2500182107289843,0.05520241637363628
>=3%,2.0%,1.0%,1.0,120,48540,0.6188504326328801,0.009954368065632317,2.9297869952949602,0.059044087350638645
>=3%,2.0%,1.0%,1.5,15,18084,0.7115682371156824,0.017083437160560308,5.000333202021531,0.041473125414731256
>=3%,2.0%,1.0%,1.5,20,20582,0.7071227285978039,0.016487659108599482,4.825354291452373,0.04265863375765232
>=3%,2.0%,1.0%,1.5,30,24118,0.6921386516294884,0.015225264962732942,4.3902988283986035,0.04635541918898748
>=3%,2.0%,1.0%,1.5,45,27724,0.6774274996393017,0.013948070488637781,3.994424523291144,0.04898283076035204
>=3%,2.0%,1.0%,1.5,60,30315,0.6634669305624279,0.012984426027416913,3.701822054903752,0.051261751608114796
>=3%,2.0%,1.0%,1.5,90,33616,0.6391599238457877,0.011623712996743689,3.273577778275514,0.05610423607805807
>=3%,2.0%,1.0%,1.5,120,36252,0.6204899040052962,0.010529863757128438,2.9745348878866116,0.05969325830299018
>=3%,2.0%,1.0%,2.0,15,15100,0.7112582781456953,0.017290064549018696,4.946245077691867,0.04145695364238411
>=3%,2.0%,1.0%,2.0,20,17059,0.7044961603845478,0.016655199252102328,4.773549050556569,0.04162025910076792
>=3%,2.0%,1.0%,2.0,30,19729,0.689289877844797,0.015416240094189215,4.3330082954976445,0.045922246439251864
>=3%,2.0%,1.0%,2.0,45,22285,0.676957594794705,0.014343417419757367,4.013873426083873,0.04819385236706305
>=3%,2.0%,1.0%,2.0,60,23990,0.6647353063776573,0.01343417929298729,3.735544565008501,0.05031263026260942
>=3%,2.0%,1.0%,2.0,90,26114,0.6409971662709658,0.012055966228312452,3.311162143231659,0.0549896607183886
>=3%,2.0%,1.0%,2.0,120,27764,0.623073044229938,0.011001409521131992,3.0147089570323518,0.058853191182826683
>=3%,2.5%,0.3%,1.0,15,20577,0.6765320503474753,0.014160805471808398,3.9379020116741548,0.06079603440734801
>=3%,2.5%,0.3%,1.0,20,23454,0.6687558625394389,0.013470680216916454,3.748013089277091,0.06331542594013814
>=3%,2.5%,0.3%,1.0,30,27671,0.6539337212243865,0.012356833940992108,3.4334621086346258,0.06729066531748039
>=3%,2.5%,0.3%,1.0,45,32004,0.6398575178102737,0.011297103230002945,3.1736771636241494,0.06946006749156355
>=3%,2.5%,0.3%,1.0,60,35092,0.6272369770887952,0.010470971076740289,2.9662569278329323,0.0720962042630799
>=3%,2.5%,0.3%,1.0,90,39000,0.6092307692307692,0.009399688983268997,2.698238951390861,0.07617948717948718
>=3%,2.5%,0.3%,1.0,120,41922,0.5929583512237011,0.008538989409738067,2.494396763391001,0.08017270168407996
>=3%,2.5%,0.3%,1.5,15,16945,0.6778990852758926,0.014441937620536551,3.9125959585983012,0.06078489229861316
>=3%,2.5%,0.3%,1.5,20,19201,0.6721524920577053,0.013886738614007878,3.7731669250736872,0.06260090620280194
>=3%,2.5%,0.3%,1.5,30,22237,0.6568332059180645,0.012821203063960368,3.4744084071904235,0.06700544138148132
>=3%,2.5%,0.3%,1.5,45,25274,0.6417266756350399,0.0116904256920936,3.1830993446561457,0.07074463875919917
>=3%,2.5%,0.3%,1.5,60,27362,0.6293765075652364,0.010884692630467322,2.9807402232105704,0.07250931949418903
>=3%,2.5%,0.3%,1.5,90,29762,0.6110812445400174,0.009879068962805035,2.71592691462787,0.07811975001679995
>=3%,2.5%,0.3%,1.5,120,31562,0.5960015208161713,0.009070251601510045,2.5321348219310136,0.08149039984791838
>=3%,2.5%,0.3%,2.0,15,14166,0.6774671749258788,0.014659140533792895,3.8919072884446266,0.060779330792037276
>=3%,2.5%,0.3%,2.0,20,15917,0.6707922347175975,0.014082249435330433,3.752323050783854,0.06188352076396306
>=3%,2.5%,0.3%,2.0,30,18215,0.6557782047762832,0.013011128030293128,3.4368849013537575,0.06725226461707384
>=3%,2.5%,0.3%,2.0,45,20353,0.6436397582665946,0.012105453595768619,3.2141419370815068,0.06942465484203802
>=3%,2.5%,0.3%,2.0,60,21744,0.6316685062545989,0.011316007477586798,3.017335004805447,0.07155997056659308
>=3%,2.5%,0.3%,2.0,90,23265,0.6136256178809371,0.010261267726626878,2.745722865816985,0.0771545239630346
>=3%,2.5%,0.3%,2.0,120,24358,0.5989407997372527,0.009475785758494186,2.559236133841007,0.08124640775104688
>=3%,2.5%,0.5%,1.0,15,20577,0.6769694318899743,0.014157310882818026,3.9325681491188833,0.053214754337366964
>=3%,2.5%,0.5%,1.0,20,23454,0.6691395923936215,0.013463324249214712,3.7403987870261886,0.05534237230323186
>=3%,2.5%,0.5%,1.0,30,27671,0.6543673882403961,0.0123415041448318,3.4209817434655148,0.058798019587293554
>=3%,2.5%,0.5%,1.0,45,32004,0.6405136857892764,0.011293238436781235,3.1680854137197882,0.06014873140857393
>=3%,2.5%,0.5%,1.0,60,35092,0.6279493901743988,0.01046782731360941,2.9615058999377912,0.062236407158326686
>=3%,2.5%,0.5%,1.0,90,39000,0.6101025641025641,0.009404046455881563,2.6973305257611524,0.06541025641025641
>=3%,2.5%,0.5%,1.0,120,41922,0.5938647965268833,0.008545401245941697,2.4939543722266415,0.06910452745575116
>=3%,2.5%,0.5%,1.5,15,16945,0.6783712009442313,0.01442874498990783,3.8994175172204537,0.05393921510770139
>=3%,2.5%,0.5%,1.5,20,19201,0.6725691370241134,0.0138758911547624,3.7626817965068144,0.05499713556585595
>=3%,2.5%,0.5%,1.5,30,22237,0.6572829068669335,0.012806430517393793,3.4620572332420445,0.058865854206952374
>=3%,2.5%,0.5%,1.5,45,25274,0.6424784363377384,0.011687605821948678,3.177573989987626,0.06156524491572367
>=3%,2.5%,0.5%,1.5,60,27362,0.6301439953219794,0.01088058441609321,2.9751757733901742,0.06289744901688472
>=3%,2.5%,0.5%,1.5,90,29762,0.6120220415294672,0.009884839855553993,2.7153847575869894,0.06719978496068812
>=3%,2.5%,0.5%,1.5,120,31562,0.5970470819339713,0.00908230447646793,2.533479492401373,0.07021101324377416
>=3%,2.5%,0.5%,2.0,15,14166,0.6779613158266271,0.014644949931866005,3.8780395738476567,0.05393194973881124
>=3%,2.5%,0.5%,2.0,20,15917,0.6712320160834329,0.014074454479065442,3.744087418015331,0.05453288936357354
>=3%,2.5%,0.5%,2.0,30,18215,0.65632720285479,0.013005858371814748,3.430597421528513,0.05868789459236893
>=3%,2.5%,0.5%,2.0,45,20353,0.6444258831621874,0.012108245225869358,3.212387006719746,0.06043335134869553
>=3%,2.5%,0.5%,2.0,60,21744,0.6323583517292126,0.01131542305708438,3.0141303188288866,0.06217807211184695
>=3%,2.5%,0.5%,2.0,90,23265,0.6145712443584784,0.010269753252318287,2.746598470461786,0.06662368364496024
>=3%,2.5%,0.5%,2.0,120,24358,0.60000821085475,0.009493301343783185,2.562544521528236,0.07016175383857459
>=3%,2.5%,1.0%,1.0,15,20577,0.6777469990766389,0.014156610522891439,3.926905207678337,0.03955873062156777
>=3%,2.5%,1.0%,1.0,20,23454,0.6699923254029163,0.013460480092150656,3.7332596251603403,0.04118700434893835
>=3%,2.5%,1.0%,1.0,30,27671,0.6553070001084168,0.012337651428821438,3.4144636514273183,0.04361967402695963
>=3%,2.5%,1.0%,1.0,45,32004,0.6415760529933758,0.011297965317264505,3.1669888400423143,0.0446506686664167
>=3%,2.5%,1.0%,1.0,60,35092,0.6291177476347886,0.010475506881445757,2.961182642009389,0.045936395759717315
>=3%,2.5%,1.0%,1.0,90,39000,0.6111538461538462,0.009406513108636735,2.695038990034217,0.048256410256410254
>=3%,2.5%,1.0%,1.0,120,41922,0.5951529030103525,0.008563122973360022,2.4976525508771528,0.05026000667907066
>=3%,2.5%,1.0%,1.5,15,16945,0.6790793744467395,0.014418642972706164,3.8871463665373667,0.040306875184420186
>=3%,2.5%,1.0%,1.5,20,19201,0.6734024269569293,0.013869545975609247,3.753231642067991,0.04124785167439196
>=3%,2.5%,1.0%,1.5,30,22237,0.6582722489544452,0.012810944279162817,3.460839473353091,0.043620992040293204
>=3%,2.5%,1.0%,1.5,45,25274,0.643507161509852,0.01169698172217282,3.1794196830241046,0.045303473925773524
>=3%,2.5%,1.0%,1.5,60,27362,0.6313135004751115,0.010897515193959414,2.979608225462842,0.046378188728894085
>=3%,2.5%,1.0%,1.5,90,29762,0.6130972380888381,0.009894288912539236,2.716296118767711,0.04942544183858612
>=3%,2.5%,1.0%,1.5,120,31562,0.5984094797541347,0.009112585087110997,2.5421644398978716,0.05075723971864901
>=3%,2.5%,1.0%,2.0,15,14166,0.6787378229563744,0.014643625946613645,3.872523510466999,0.04016659607510942
>=3%,2.5%,1.0%,2.0,20,15917,0.6720487529056983,0.014071253566811374,3.737452847736348,0.040271407928629765
>=3%,2.5%,1.0%,2.0,30,18215,0.6572604995882514,0.013010148639381797,3.429902097825716,0.04331594839418062
>=3%,2.5%,1.0%,2.0,45,20353,0.6454085392816784,0.012114314610675135,3.2125601027812785,0.04480911904878888
>=3%,2.5%,1.0%,2.0,60,21744,0.6335080941869021,0.01132792991109259,3.016294599156825,0.04608167770419426
>=3%,2.5%,1.0%,2.0,90,23265,0.6156028368794326,0.010269096783077268,2.7428194007885596,0.049086610788738445
>=3%,2.5%,1.0%,2.0,120,24358,0.6013219476147467,0.009510337021128861,2.5654576309942834,0.05103046227112242
>=3%,3.0%,0.3%,1.0,15,18712,0.643971782813168,0.011961215720658013,3.1623227175765813,0.05493800769559641
>=3%,3.0%,0.3%,1.0,20,21192,0.6361834654586637,0.011330495273640263,3.013557314277006,0.056908267270668174
>=3%,3.0%,0.3%,1.0,30,24662,0.6260238423485525,0.01044451637830357,2.8121030139780974,0.059605871381072095
>=3%,3.0%,0.3%,1.0,45,28143,0.61315424794798,0.009542796905096327,2.6198195758713694,0.0615073019933909
>=3%,3.0%,0.3%,1.0,60,30536,0.6034189153785695,0.008887051218070208,2.4877440507496087,0.06251637411579775
>=3%,3.0%,0.3%,1.0,90,33412,0.5878726206153477,0.008048049554168274,2.31075046013828,0.0645576439602538
>=3%,3.0%,0.3%,1.0,120,35351,0.5760515968430879,0.00743798789854306,2.187138617544556,0.06644790812141099
>=3%,3.0%,0.3%,1.5,15,15459,0.6468723720809885,0.012183892562446709,3.134861942317057,0.0558250857105893
>=3%,3.0%,0.3%,1.5,20,17417,0.6417293448929207,0.011699764577454672,3.0329112271019305,0.05695584773497158
>=3%,3.0%,0.3%,1.5,30,19931,0.6301239275500476,0.01083611583831283,2.835008657069857,0.06045858210827355
>=3%,3.0%,0.3%,1.5,45,22363,0.6147654608057953,0.009855595874558178,2.6157724079960727,0.0637213254035684
>=3%,3.0%,0.3%,1.5,60,23992,0.604701567189063,0.009198700659489871,2.4815223983557884,0.06439646548849616
>=3%,3.0%,0.3%,1.5,90,25747,0.5903600419466346,0.00844507734486468,2.3179313289012393,0.06688157843632268
>=3%,3.0%,0.3%,1.5,120,26910,0.5796729840208101,0.007886710155802319,2.2105123764010552,0.06826458565589
>=3%,3.0%,0.3%,2.0,15,12944,0.6489493201483313,0.012405331566838181,3.129016567466563,0.05647404202719407
>=3%,3.0%,0.3%,2.0,20,14466,0.6417115996128854,0.011886828204279757,3.020273155413563,0.05675376745472142
>=3%,3.0%,0.3%,2.0,30,16380,0.63003663003663,0.01100348837444484,2.8090567040734835,0.060866910866910866
>=3%,3.0%,0.3%,2.0,45,18095,0.6195634153080961,0.010262959395746524,2.6530932131987717,0.06233766233766234
>=3%,3.0%,0.3%,2.0,60,19159,0.6095829636202307,0.009629401457864993,2.523202100208047,0.06326008664335299
>=3%,3.0%,0.3%,2.0,90,20246,0.5934505581349402,0.008802513694175687,2.348489929122735,0.06618591326681814
>=3%,3.0%,0.3%,2.0,120,20905,0.5839751255680459,0.008285097768296593,2.242904478041116,0.06816551064338675
>=3%,3.0%,0.5%,1.0,15,18712,0.644185549380077,0.011953963366077822,3.1571680791789953,0.04900598546387345
>=3%,3.0%,0.5%,1.0,20,21192,0.6363722159305398,0.011320873193016591,3.0075942298614944,0.050443563608909024
>=3%,3.0%,0.5%,1.0,30,24662,0.6262265834076717,0.010426196744650281,2.8023487064700285,0.052712675371016135
>=3%,3.0%,0.5%,1.0,45,28143,0.6134385104644139,0.009535843883722847,2.6152957897387337,0.05397434530789184
>=3%,3.0%,0.5%,1.0,60,30536,0.603713649462929,0.008884001296380235,2.4851662905602536,0.05452580560649725
>=3%,3.0%,0.5%,1.0,90,33412,0.5882617023823776,0.008054643964108954,2.311757944955328,0.05599784508559799
>=3%,3.0%,0.5%,1.0,120,35351,0.5764193375010608,0.007442624079355774,2.1875202030640546,0.05776357104466635
>=3%,3.0%,0.5%,1.5,15,15459,0.6471311210298208,0.012169318326275422,3.1257059425276186,0.0502619833106928
>=3%,3.0%,0.5%,1.5,20,17417,0.6419590055692714,0.011689688338788176,3.0266271064684127,0.05058276396623988
>=3%,3.0%,0.5%,1.5,30,19931,0.6303747930359741,0.010819804575848642,2.8261654900198843,0.053584867793888914
>=3%,3.0%,0.5%,1.5,45,22363,0.6151231945624469,0.009853446725478979,2.6131072452610398,0.056119483074721636
>=3%,3.0%,0.5%,1.5,60,23992,0.6050350116705568,0.009196565298878074,2.4792049758860073,0.05635211737245749
>=3%,3.0%,0.5%,1.5,90,25747,0.590787276187517,0.00845457618010074,2.319765428283611,0.057909659377791585
>=3%,3.0%,0.5%,1.5,120,26910,0.5800817539947974,0.007898210880198512,2.213030957237726,0.059197324414715716
>=3%,3.0%,0.5%,2.0,15,12944,0.6492583436341162,0.012394546677948237,3.121867557210985,0.05067985166872682
>=3%,3.0%,0.5%,2.0,20,14466,0.6419881100511544,0.011882454229102805,3.016875912787391,0.05046315498410065
>=3%,3.0%,0.5%,2.0,30,16380,0.6303418803418803,0.010997846108647511,2.805243712436022,0.0536019536019536
>=3%,3.0%,0.5%,2.0,45,18095,0.619950262503454,0.010266714136203597,2.653347271595554,0.05493230174081238
>=3%,3.0%,0.5%,2.0,60,19159,0.6099483271569497,0.009632157500334504,2.5231479860760118,0.05543086799937366
>=3%,3.0%,0.5%,2.0,90,20246,0.5938950903882249,0.008815946850163618,2.351891011480639,0.057245875728538974
>=3%,3.0%,0.5%,2.0,120,20905,0.5844534800287012,0.00829935472333112,2.246413392824941,0.059076775890935185
>=3%,3.0%,1.0%,1.0,15,18712,0.6447734074390765,0.011963050759108097,3.160173773594464,0.03660752458315519
>=3%,3.0%,1.0%,1.0,20,21192,0.6369856549641374,0.011324681465587726,3.0075064240348506,0.037938844847112116
>=3%,3.0%,1.0%,1.0,30,24662,0.6267537101613819,0.010425903597996127,2.800556199390334,0.039534506528262105
>=3%,3.0%,1.0%,1.0,45,28143,0.6140781011263903,0.009546442154578698,2.618342757210536,0.0403652773336176
>=3%,3.0%,1.0%,1.0,60,30536,0.6044668587896254,0.008893506208771362,2.487031810820694,0.04070605187319885
>=3%,3.0%,1.0%,1.0,90,33412,0.5889500778163534,0.008054485349469565,2.3100618460470135,0.04190111337244104
>=3%,3.0%,1.0%,1.0,120,35351,0.5772396820457696,0.007459449676563255,2.1913869709961507,0.042714491810698425
>=3%,3.0%,1.0%,1.5,15,15459,0.6476486189274856,0.012166432532110166,3.1222675098898764,0.03797140824115402
>=3%,3.0%,1.0%,1.5,20,17417,0.6425331572601481,0.011688644056512704,3.0240768268817897,0.038468163288740885
>=3%,3.0%,1.0%,1.5,30,19931,0.6309266971050123,0.010826207864490296,2.8274438552832044,0.040238823942601976
>=3%,3.0%,1.0%,1.5,45,22363,0.6157045119170058,0.009866553900935191,2.6171912787208487,0.041765416089075705
>=3%,3.0%,1.0%,1.5,60,23992,0.605785261753918,0.009213331428001119,2.4837261400134385,0.04218072690896966
>=3%,3.0%,1.0%,1.5,90,25747,0.5914863867635064,0.008461128405293472,2.3204342853637083,0.04322833728201344
>=3%,3.0%,1.0%,1.5,120,26910,0.5809364548494983,0.007928843116070334,2.221362784079171,0.04344109996283909
>=3%,3.0%,1.0%,2.0,15,12944,0.6497991347342398,0.012398231947245686,3.1219277920873885,0.03808714462299135
>=3%,3.0%,1.0%,2.0,20,14466,0.6425411309276925,0.011882280518661983,3.014961572746426,0.03788193004285912
>=3%,3.0%,1.0%,2.0,30,16380,0.6308302808302808,0.011001772250231833,2.8056547410744055,0.04010989010989011
>=3%,3.0%,1.0%,2.0,45,18095,0.6205029013539651,0.0102787610219547,2.6571419876280156,0.041116330478032606
>=3%,3.0%,1.0%,2.0,60,19159,0.6106790542303878,0.009646240207729617,2.5265440319758588,0.0417036379769299
>=3%,3.0%,1.0%,2.0,90,20246,0.5945865850044453,0.008812525767108332,2.3488502821781907,0.042823273733083075
>=3%,3.0%,1.0%,2.0,120,20905,0.5853145180578809,0.00831536211697399,2.2495627557067377,0.04367376225783305
>=5%,1.0%,0.3%,1.0,15,11335,0.7517423908248787,0.026416485910524336,8.953879283887044,0.06475518306131452
>=5%,1.0%,0.3%,1.0,20,13287,0.7507337999548431,0.02561048684204598,8.77943729461194,0.06893956498833446
>=5%,1.0%,0.3%,1.0,30,16431,0.7438378674456819,0.02405309785726284,8.1811608976961,0.07814496987401863
>=5%,1.0%,0.3%,1.0,45,20109,0.7330051220846387,0.022198855200028116,7.5201729343651955,0.08667760704162315
>=5%,1.0%,0.3%,1.0,60,23176,0.7221694856748361,0.02066166318730674,6.918120816382876,0.09548671039005868
>=5%,1.0%,0.3%,1.0,90,28075,0.6952804986642921,0.018100371117125993,5.799979505238347,0.11718610863757792
>=5%,1.0%,0.3%,1.0,120,33082,0.657306087902787,0.015403253778438406,4.641473756588765,0.15059548999455896
>=5%,1.0%,0.3%,1.5,15,10165,0.7437284800787014,0.026078269435866178,8.555523976626679,0.0648303000491884
>=5%,1.0%,0.3%,1.5,20,11868,0.7435119649477587,0.025402162349250818,8.4477115753003,0.06841927873272666
>=5%,1.0%,0.3%,1.5,30,14468,0.7360381531656068,0.02381343070039916,7.8493372217827275,0.07810340060823887
>=5%,1.0%,0.3%,1.5,45,17358,0.7259476898260169,0.022134563345847628,7.2686869825223885,0.08658831662633944
>=5%,1.0%,0.3%,1.5,60,19766,0.7153698269756147,0.020620929582759972,6.7092434309953735,0.09410098148335526
>=5%,1.0%,0.3%,1.5,90,23424,0.689848019125683,0.0182471049207958,5.7126935200600855,0.11471140710382513
>=5%,1.0%,0.3%,1.5,120,27107,0.6543697199985243,0.015690880231863893,4.643898145454897,0.14653041649758364
>=5%,1.0%,0.3%,2.0,15,9056,0.7365282685512368,0.025713989239588102,8.225668375579913,0.06470848056537103
>=5%,1.0%,0.3%,2.0,20,10486,0.7360289910356667,0.02501996156384558,8.12365625959628,0.06761396147243945
>=5%,1.0%,0.3%,2.0,30,12615,0.728735632183908,0.023537106870518715,7.582337518978544,0.07752675386444709
>=5%,1.0%,0.3%,2.0,45,14887,0.7200913548733795,0.02204895813028246,7.100233505644013,0.08430173977295627
>=5%,1.0%,0.3%,2.0,60,16684,0.7104411412131383,0.020698890877312123,6.617542565961679,0.09014624790218173
>=5%,1.0%,0.3%,2.0,90,19339,0.6878328765706603,0.018447154471922047,5.717682634049189,0.1091576606856611
>=5%,1.0%,0.3%,2.0,120,22046,0.6548126644289214,0.016050047842625956,4.708158740685466,0.13957180440896308
>=5%,1.0%,0.5%,1.0,15,11335,0.7535068372298191,0.026435149542556935,8.946477519418227,0.05593295103661226
>=5%,1.0%,0.5%,1.0,20,13287,0.7526905998344247,0.02562331022956513,8.75734679691391,0.05923082712425679
>=5%,1.0%,0.5%,1.0,30,16431,0.7460897084778771,0.02406180292088286,8.144981575417226,0.066764043576167
>=5%,1.0%,0.5%,1.0,45,20109,0.7354915709383858,0.022209876877400222,7.481271150050872,0.07349942811676363
>=5%,1.0%,0.5%,1.0,60,23176,0.7249309630652399,0.020665045288705663,6.866597450446434,0.0808595098377632
>=5%,1.0%,0.5%,1.0,90,28075,0.6992698130008904,0.018121467269700566,5.772551281626698,0.09727515583259128
>=5%,1.0%,0.5%,1.0,120,33082,0.6628075690707937,0.015421838451300535,4.606998982959771,0.12653406686415575
>=5%,1.0%,0.5%,1.5,15,10165,0.7454008853910478,0.02608812841036045,8.528445780535115,0.05636989670437777
>=5%,1.0%,0.5%,1.5,20,11868,0.7454499494438828,0.02541217776435849,8.420486530503961,0.05889787664307381
>=5%,1.0%,0.5%,1.5,30,14468,0.738319048935582,0.023823732834299824,7.819242872585367,0.0667680398119989
>=5%,1.0%,0.5%,1.5,45,17358,0.7284249337481277,0.022148891409485626,7.236939466352263,0.07356838345431502
>=5%,1.0%,0.5%,1.5,60,19766,0.718051199028635,0.02062755512107085,6.668076069459603,0.07958109885662248
>=5%,1.0%,0.5%,1.5,90,23424,0.6938609972677595,0.018271966539893908,5.692315438843649,0.09511612021857924
>=5%,1.0%,0.5%,1.5,120,27107,0.6600140185192017,0.01571999445282504,4.6189544741243775,0.12284649721474158
>=5%,1.0%,0.5%,2.0,15,9056,0.7380742049469965,0.025717999095971642,8.188959835522631,0.05631625441696113
>=5%,1.0%,0.5%,2.0,20,10486,0.7378409307648293,0.025029952277235066,8.09955043715805,0.058268167079916076
>=5%,1.0%,0.5%,2.0,30,12615,0.7311137534680935,0.023558564072956173,7.572835908803266,0.06579468886246533
>=5%,1.0%,0.5%,2.0,45,14887,0.7225095721098945,0.022066707245901963,7.080255179734958,0.07153892658023779
>=5%,1.0%,0.5%,2.0,60,16684,0.7130783984655957,0.020708984487619042,6.588509735069452,0.07636058499160872
>=5%,1.0%,0.5%,2.0,90,19339,0.6917110502094214,0.018470399913529903,5.69835862159025,0.09080097212885878
>=5%,1.0%,0.5%,2.0,120,22046,0.6601651093168829,0.016074580538831165,4.678133892713228,0.1173455502131906
>=5%,1.0%,1.0%,1.0,15,11335,0.7575650639611822,0.026460954909769668,8.899785420794071,0.04014115571239524
>=5%,1.0%,1.0%,1.0,20,13287,0.7563031534582675,0.02564052781597604,8.704068381592887,0.04229698201249341
>=5%,1.0%,1.0%,1.0,30,16431,0.750106505994766,0.02406355389939718,8.059876885148572,0.04789726736047715
>=5%,1.0%,1.0%,1.0,45,20109,0.7403152817146551,0.022229960735107156,7.423681922183514,0.0521656969516137
>=5%,1.0%,1.0%,1.0,60,23176,0.7301087331722471,0.020687441834055315,6.809551979249947,0.056826026924404555
>=5%,1.0%,1.0%,1.0,90,28075,0.7054674977738201,0.018136965708906667,5.714078171052487,0.0677827248441674
>=5%,1.0%,1.0%,1.0,120,33082,0.6719968562964754,0.015468000486263723,4.571672618836196,0.08648207484432623
>=5%,1.0%,1.0%,1.5,15,10165,0.7489424495818987,0.026094286125180655,8.452040801565408,0.041121495327102804
>=5%,1.0%,1.0%,1.5,20,11868,0.7486518368722616,0.025416403103218382,8.348842712704657,0.04280417930569599
>=5%,1.0%,1.0%,1.5,30,14468,0.7423278960464473,0.02383393198717457,7.7532440152300275,0.048106165330384296
>=5%,1.0%,1.0%,1.5,45,17358,0.7330913699734992,0.022171041730064428,7.191540699552161,0.05167646042170757
>=5%,1.0%,1.0%,1.5,60,19766,0.7232621673580897,0.020658135465294145,6.631353814521305,0.05544875037943944
>=5%,1.0%,1.0%,1.5,90,23424,0.6998377732240437,0.018291930324523815,5.646724858884262,0.06604337431693989
>=5%,1.0%,1.0%,1.5,120,27107,0.6687940384402553,0.01576975104314755,4.593857306021967,0.08381598849005792
>=5%,1.0%,1.0%,2.0,15,9056,0.7414973498233216,0.025733929070907113,8.141123030426105,0.040746466431095404
>=5%,1.0%,1.0%,2.0,20,10486,0.7407972534808316,0.02504029911893984,8.052174439544833,0.04148388327293534
>=5%,1.0%,1.0%,2.0,30,12615,0.7347602061038446,0.023563414595531934,7.50981382838825,0.04716607213634562
>=5%,1.0%,1.0%,2.0,45,14887,0.7266071068717673,0.022080398762674962,7.031460139401122,0.050312353059716534
>=5%,1.0%,1.0%,2.0,60,16684,0.7176935986573963,0.020732977549453087,6.551967269193695,0.052984895708463195
>=5%,1.0%,1.0%,2.0,90,19339,0.6967785304307358,0.018476487884349645,5.644297166179703,0.06282641294792905
>=5%,1.0%,1.0%,2.0,120,22046,0.6678762587317427,0.01610086425891486,4.637566835078385,0.08046811212918444
>=5%,1.5%,0.3%,1.0,15,11041,0.7407843492437279,0.023549464342252132,6.781121931061451,0.06602662802282402
>=5%,1.5%,0.3%,1.0,20,12932,0.7377822455923291,0.022654345934615273,6.5652450576231125,0.07044540674296319
>=5%,1.5%,0.3%,1.0,30,15989,0.7253736944149103,0.020930972925454667,5.983594099736652,0.07936706485708925
>=5%,1.5%,0.3%,1.0,45,19504,0.7098031173092699,0.019033099325058537,5.417289875911066,0.08664889253486464
>=5%,1.5%,0.3%,1.0,60,22380,0.6955764075067025,0.01752427563401369,4.958913429377894,0.09410187667560321
>=5%,1.5%,0.3%,1.0,90,26830,0.6664181885948565,0.015114550797391007,4.180599984392351,0.11077152441297056
>=5%,1.5%,0.3%,1.0,120,30969,0.6347960864089897,0.012916583890245985,3.5096260707776956,0.13074364687267914
>=5%,1.5%,0.3%,1.5,15,9888,0.7341221682847896,0.023275687058896988,6.512068403701659,0.06624190938511326
>=5%,1.5%,0.3%,1.5,20,11534,0.7317496098491416,0.022517580364778154,6.358514961486555,0.07005375411825907
>=5%,1.5%,0.3%,1.5,30,14057,0.7194280429679163,0.020762605227334502,5.779584101673508,0.07960446752507648
>=5%,1.5%,0.3%,1.5,45,16810,0.705056513979774,0.019042852693091084,5.278878477861042,0.08685306365258774
>=5%,1.5%,0.3%,1.5,60,19060,0.6908184679958027,0.01755025929352558,4.847255262951387,0.0931794333683106
>=5%,1.5%,0.3%,1.5,90,22378,0.6628831888461882,0.015302117725309514,4.139180751363673,0.10966127446599339
>=5%,1.5%,0.3%,1.5,120,25413,0.6323535198520442,0.013196218166712667,3.5103832865097617,0.12918584976193287
>=5%,1.5%,0.3%,2.0,15,8795,0.7287094940306993,0.022982225898074714,6.295101340133714,0.06617396247868107
>=5%,1.5%,0.3%,2.0,20,10173,0.7263344146269537,0.022195431520662168,6.1404823122677215,0.0693993905435958
>=5%,1.5%,0.3%,2.0,30,12245,0.7127807268272764,0.020526107339015227,5.594879761779702,0.07921600653327888
>=5%,1.5%,0.3%,2.0,45,14408,0.6999583564686286,0.018996975447374158,5.171919176205776,0.0848833981121599
>=5%,1.5%,0.3%,2.0,60,16063,0.6872937807383428,0.017710676321621585,4.823058862311624,0.08933574052169582
>=5%,1.5%,0.3%,2.0,90,18473,0.661181183348671,0.015529902545062538,4.1569231313440165,0.10507226763384399
>=5%,1.5%,0.3%,2.0,120,20704,0.6326796754250387,0.013542385451224648,3.555776177503014,0.12432380216383307
>=5%,1.5%,0.5%,1.0,15,11041,0.7423240648491984,0.023570533153535588,6.791667246855364,0.05706004890861335
>=5%,1.5%,0.5%,1.0,20,12932,0.7394061243427158,0.02266915576894593,6.567118866801246,0.060547479121558924
>=5%,1.5%,0.5%,1.0,30,15989,0.7270623553693164,0.02094171825846967,5.976557779060235,0.06792169616611421
>=5%,1.5%,0.5%,1.0,45,19504,0.7116488925348646,0.01904549316607962,5.408254989772866,0.07383100902378999
>=5%,1.5%,0.5%,1.0,60,22380,0.6974530831099196,0.017530145970143504,4.943498301572412,0.07980339588918678
>=5%,1.5%,0.5%,1.0,90,26830,0.6690272083488632,0.015143397872103623,4.183734654351496,0.09243384271338054
>=5%,1.5%,0.5%,1.0,120,30969,0.6378959604766057,0.012938860196081781,3.5057195334690263,0.11030385223933611
>=5%,1.5%,0.5%,1.5,15,9888,0.7355380258899676,0.02328742783991305,6.507549872624189,0.05764563106796117
>=5%,1.5%,0.5%,1.5,20,11534,0.7333102132824693,0.022529282187791138,6.35535869365129,0.06034333275533206
>=5%,1.5%,0.5%,1.5,30,14057,0.7211353773920467,0.020775276382198057,5.77520026024078,0.06807996016219676
>=5%,1.5%,0.5%,1.5,45,16810,0.7069601427721595,0.01905697904620396,5.2706996905422,0.07406305770374777
>=5%,1.5%,0.5%,1.5,60,19060,0.6926547743966421,0.0175574833765281,4.834365692280629,0.0789087093389297
>=5%,1.5%,0.5%,1.5,90,22378,0.6656537670926803,0.015333517810272784,4.1446768420759135,0.09138439538832782
>=5%,1.5%,0.5%,1.5,120,25413,0.6356982646676897,0.013227308361927226,3.5113360098602455,0.10864518159996853
>=5%,1.5%,0.5%,2.0,15,8795,0.7300739056281979,0.02298811677882581,6.282675791234585,0.05764638999431495
>=5%,1.5%,0.5%,2.0,20,10173,0.7279072053474884,0.022206759861063248,6.136852655583806,0.05986434680035388
>=5%,1.5%,0.5%,2.0,30,12245,0.7146590445079625,0.020549428552715233,5.601706733716746,0.06729277256022867
>=5%,1.5%,0.5%,2.0,45,14408,0.7018323153803443,0.01901408175183234,5.169773591063785,0.07239033870072183
>=5%,1.5%,0.5%,2.0,60,16063,0.6890991720102098,0.017721786088195673,4.816806148905187,0.07588868828985867
>=5%,1.5%,0.5%,2.0,90,18473,0.6638337032425702,0.015558697838575906,4.161782026499139,0.08791208791208792
>=5%,1.5%,0.5%,2.0,120,20704,0.6360606646058733,0.013574153904562217,3.5567634114121165,0.10471406491499227
>=5%,1.5%,1.0%,1.0,15,11041,0.745131781541527,0.023596618298149775,6.787408086465985,0.04093832080427497
>=5%,1.5%,1.0%,1.0,20,12932,0.7418806062480668,0.02268646193517889,6.5555130034913445,0.04322610578410145
>=5%,1.5%,1.0%,1.0,30,15989,0.7296266183000814,0.020944305842284874,5.947093362499646,0.048783538682844456
>=5%,1.5%,1.0%,1.0,45,19504,0.7148789991796555,0.01906853059255263,5.401063427534204,0.05229696472518458
>=5%,1.5%,1.0%,1.0,60,22380,0.7009383378016085,0.017555101247540034,4.934580861798021,0.05612153708668454
>=5%,1.5%,1.0%,1.0,90,26830,0.6728661945583302,0.015160704125915081,4.172184464329154,0.06481550503168096
>=5%,1.5%,1.0%,1.0,120,30969,0.6428686751267396,0.0129769317286598,3.503701438760091,0.07620523749556007
>=5%,1.5%,1.0%,1.5,15,9888,0.7379652103559871,0.023293700074261663,6.480260016208341,0.04197006472491909
>=5%,1.5%,1.0%,1.5,20,11534,0.7355644182417201,0.022533574426737767,6.329517679490325,0.04378359632391191
>=5%,1.5%,1.0%,1.5,30,14057,0.7238386568969197,0.02078707379871361,5.756990146238627,0.04901472575940812
>=5%,1.5%,1.0%,1.5,45,16810,0.7101725163593099,0.019081825516041737,5.267967885845875,0.051873884592504464
>=5%,1.5%,1.0%,1.5,60,19060,0.6961175236096537,0.017590653513564977,4.8357351376696895,0.05508919202518363
>=5%,1.5%,1.0%,1.5,90,22378,0.6693627670033068,0.015353795628659288,4.13774262446975,0.0639467333988739
>=5%,1.5%,1.0%,1.5,120,25413,0.6405383071656239,0.01327276271440759,3.5158379297090954,0.07476488411442962
>=5%,1.5%,1.0%,2.0,15,8795,0.7325753268902786,0.02300448862822202,6.272651853858265,0.04161455372370665
>=5%,1.5%,1.0%,2.0,20,10173,0.7300697925882237,0.022217375185947984,6.124245227697465,0.04256364887447164
>=5%,1.5%,1.0%,2.0,30,12245,0.7171906900775827,0.02055390107160438,5.580049717199168,0.04826459779501838
>=5%,1.5%,1.0%,2.0,45,14408,0.7047473625763465,0.019029358363827104,5.160771053325887,0.05080510827318157
>=5%,1.5%,1.0%,2.0,60,16063,0.6922119155823944,0.017746371091073992,4.813402639737476,0.052792130984249515
>=5%,1.5%,1.0%,2.0,90,18473,0.6669192876089428,0.015564315293865892,4.145800317875672,0.061116223677800036
>=5%,1.5%,1.0%,2.0,120,20704,0.6402627511591963,0.013591660415856695,3.5462926617457518,0.0723048686244204
>=5%,2.0%,0.3%,1.0,15,10735,0.7207265952491849,0.020312224150405338,5.150587366623206,0.06604564508616674
>=5%,2.0%,0.3%,1.0,20,12563,0.7154342115736687,0.019358920535798543,4.9331603080381745,0.07020616094881796
>=5%,2.0%,0.3%,1.0,30,15439,0.7010816762743701,0.0177222115980193,4.502004253116412,0.07772524127210312
>=5%,2.0%,0.3%,1.0,45,18687,0.6837373575212715,0.015938143186480968,4.0707383886983814,0.08310590249906352
>=5%,2.0%,0.3%,1.0,60,21286,0.6684205581133139,0.0145450511783313,3.7314725936622155,0.08869679601616086
>=5%,2.0%,0.3%,1.0,90,25099,0.6388302322801706,0.012460713451340213,3.210579137288297,0.099286824176262
>=5%,2.0%,0.3%,1.0,120,28227,0.6153328373543061,0.010875454244727679,2.847574217513341,0.1086194069507918
>=5%,2.0%,0.3%,1.5,15,9606,0.7144493025192588,0.0200897939519147,4.975487507912949,0.0665209244222361
>=5%,2.0%,0.3%,1.5,20,11190,0.7114387846291331,0.01930324707913954,4.824240230251285,0.06979445933869527
>=5%,2.0%,0.3%,1.5,30,13562,0.6956938504645332,0.017612594458156636,4.38470393385058,0.07801209261170919
>=5%,2.0%,0.3%,1.5,45,16115,0.6801116971765436,0.015960892707461094,3.9869240429596586,0.08333850449891406
>=5%,2.0%,0.3%,1.5,60,18136,0.6653617115130128,0.0145843979623927,3.6636813706954783,0.08822232024702249
>=5%,2.0%,0.3%,1.5,90,20977,0.6360776088096487,0.012630255096373411,3.182078704650864,0.09896553367974448
>=5%,2.0%,0.3%,1.5,120,23213,0.6142247878344032,0.011161134305510108,2.8569138068314035,0.10761211390169302
>=5%,2.0%,0.3%,2.0,15,8534,0.711038200140614,0.01986109910284758,4.844337653725164,0.06644012186547926
>=5%,2.0%,0.3%,2.0,20,9866,0.7060612203527266,0.019001590957136473,4.674225510204839,0.06922765051692682
>=5%,2.0%,0.3%,2.0,30,11817,0.6892612338156893,0.01737394287649648,4.243361779038527,0.0776000676990776
>=5%,2.0%,0.3%,2.0,45,13794,0.6762360446570973,0.015977523444254026,3.9320258277184617,0.08141220820646658
>=5%,2.0%,0.3%,2.0,60,15273,0.6642440908793296,0.014796536656250598,3.668480395392188,0.08465920251424082
>=5%,2.0%,0.3%,2.0,90,17320,0.6364318706697459,0.012879900173401952,3.2059763570174025,0.09555427251732102
>=5%,2.0%,0.3%,2.0,120,18944,0.6157622466216216,0.011505194545630908,2.896467342962798,0.10414907094594594
>=5%,2.0%,0.5%,1.0,15,10735,0.7216581276199348,0.020336018138393874,5.165813558224019,0.05728924080111784
>=5%,2.0%,0.5%,1.0,20,12563,0.716230199793043,0.019378105209958255,4.944476335543335,0.06041550585051341
>=5%,2.0%,0.5%,1.0,30,15439,0.7020532417902714,0.01773682048196417,4.506272029849426,0.06684370749400868
>=5%,2.0%,0.5%,1.0,45,18687,0.684914646545727,0.01595580042249471,4.074201846124419,0.07106544656713223
>=5%,2.0%,0.5%,1.0,60,21286,0.6696889974631213,0.014555249208995537,3.7293597973052144,0.07568354787184065
>=5%,2.0%,0.5%,1.0,90,25099,0.6405434479461333,0.0124898149904255,3.2176732027955683,0.08370851428343759
>=5%,2.0%,0.5%,1.0,120,28227,0.6171041910227796,0.01090222639220362,2.8529683336604967,0.09214581783398873
>=5%,2.0%,0.5%,1.5,15,9606,0.7152821153445763,0.020105596773664483,4.981384212011313,0.05788049135956694
>=5%,2.0%,0.5%,1.5,20,11190,0.712153708668454,0.019320150356084802,4.832414138008333,0.06014298480786416
>=5%,2.0%,0.5%,1.5,30,13562,0.696578675711547,0.017629278358198067,4.390231792226038,0.06695177702403775
>=5%,2.0%,0.5%,1.5,45,16115,0.6812907229289482,0.015981448629975758,3.991468184612806,0.07123797704002482
>=5%,2.0%,0.5%,1.5,60,18136,0.6665747684164094,0.0145970521098368,3.663344068226228,0.07504411116012351
>=5%,2.0%,0.5%,1.5,90,20977,0.6378414453925728,0.01266391339287079,3.1917089510751633,0.08313867569242504
>=5%,2.0%,0.5%,1.5,120,23213,0.6161633567397579,0.01119676971383338,2.86618291425627,0.09102657993365787
>=5%,2.0%,0.5%,2.0,15,8534,0.7118584485587064,0.019871314689238338,4.844508921447824,0.05788610264823061
>=5%,2.0%,0.5%,2.0,20,9866,0.7067707277518751,0.019018503529371806,4.681750802196248,0.059699979728360025
>=5%,2.0%,0.5%,2.0,30,11817,0.6902767199796903,0.01740146347627568,4.256074632577665,0.06609122450706609
>=5%,2.0%,0.5%,2.0,45,13794,0.6774684645498043,0.016001471770129304,3.9401037622300077,0.0694504857184283
>=5%,2.0%,0.5%,2.0,60,15273,0.6654226412623584,0.014813651937110565,3.672352553272808,0.07202252340732011
>=5%,2.0%,0.5%,2.0,90,17320,0.6382217090069284,0.012912404881646394,3.215722643051479,0.08031177829099308
>=5%,2.0%,0.5%,2.0,120,18944,0.6178737331081081,0.0115429729749037,2.9067436334783374,0.08799619932432433
>=5%,2.0%,1.0%,1.0,15,10735,0.7236143455985096,0.020363406669404185,5.175788454760896,0.041173730787144855
>=5%,2.0%,1.0%,1.0,20,12563,0.7179017750537292,0.01939734701239512,4.948552376288915,0.04322216031202738
>=5%,2.0%,1.0%,1.0,30,15439,0.7037372886845003,0.017743120953199798,4.500313093664215,0.04806010751991709
>=5%,2.0%,1.0%,1.0,45,18687,0.687055172044737,0.015974479934981696,4.0764486098378505,0.050890993738962914
>=5%,2.0%,1.0%,1.0,60,21286,0.6719440007516677,0.014575347785305691,3.729787612724936,0.053885182749224846
>=5%,2.0%,1.0%,1.0,90,25099,0.6426949280847842,0.012499513556559034,3.2137834157335186,0.0596438105103789
>=5%,2.0%,1.0%,1.0,120,28227,0.6198675027455982,0.010936169112794079,2.858585123212339,0.06444184645906402
>=5%,2.0%,1.0%,1.5,15,9606,0.7170518425983761,0.020112779408243114,4.973203159923876,0.04216114928169894
>=5%,2.0%,1.0%,1.5,20,11190,0.7137622877569259,0.019326275534234404,4.825362786131419,0.04369973190348526
>=5%,2.0%,1.0%,1.5,30,13562,0.6984220616428255,0.017645328183937076,4.391723127663954,0.0482967113994986
>=5%,2.0%,1.0%,1.5,45,16115,0.6832764505119454,0.015998446620916647,3.9935192974362677,0.05063605336642879
>=5%,2.0%,1.0%,1.5,60,18136,0.6686700485222762,0.014623990509961427,3.669083471939774,0.053153947948831055
>=5%,2.0%,1.0%,1.5,90,20977,0.6398913095294847,0.01267675473695798,3.1901147788253574,0.05930304619344997
>=5%,2.0%,1.0%,1.5,120,23213,0.6187911945892388,0.011235633004689717,2.874565350776552,0.06336966355059664
>=5%,2.0%,1.0%,2.0,15,8534,0.7136161237403328,0.019889044646603175,4.847135907580864,0.04183266932270916
>=5%,2.0%,1.0%,2.0,20,9866,0.7081897425501723,0.01903036032434661,4.681261551679116,0.042570443948915467
>=5%,2.0%,1.0%,2.0,30,11817,0.6917999492256918,0.017408213152886143,4.252235022863439,0.04747397816704747
>=5%,2.0%,1.0%,2.0,45,13794,0.6792083514571553,0.016012267521419595,3.9389133971502335,0.04936929099608525
>=5%,2.0%,1.0%,2.0,60,15273,0.6671904668369018,0.014832711680987175,3.674228014581712,0.050808616512800366
>=5%,2.0%,1.0%,2.0,90,17320,0.6398960739030023,0.012909803297957156,3.206694430425341,0.05669745958429561
>=5%,2.0%,1.0%,2.0,120,18944,0.6200380067567568,0.011560373300881067,2.906217782477922,0.06107474662162162
>=5%,2.5%,0.3%,1.0,15,10285,0.6974234321827905,0.017374066194435454,4.09751830906896,0.0636849781234808
>=5%,2.5%,0.3%,1.0,20,12003,0.6889111055569441,0.01641241476190277,3.8997431250233054,0.06698325418645339
>=5%,2.5%,0.3%,1.0,30,14638,0.6729744500614838,0.014879080835085066,3.5521001946164357,0.07302910233638475
>=5%,2.5%,0.3%,1.0,45,17534,0.6545568609558572,0.013252632042582332,3.2186831821696793,0.07687920611383597
>=5%,2.5%,0.3%,1.0,60,19774,0.6396277940730252,0.012030713314942026,2.9720852681451086,0.08035804591888339
>=5%,2.5%,0.3%,1.0,90,22783,0.6151955405346091,0.010418881781457653,2.643487055795563,0.08616073388052495
>=5%,2.5%,0.3%,1.0,120,25105,0.5954590718980283,0.009225407033908197,2.418976945246141,0.09026090420235013
>=5%,2.5%,0.3%,1.5,15,9193,0.6937887523115414,0.01720698414362359,3.9802716199946033,0.06472315892526923
>=5%,2.5%,0.3%,1.5,20,10684,0.6872894047173344,0.016403892288445205,3.83444352802844,0.06692250093597904
>=5%,2.5%,0.3%,1.5,30,12841,0.6694961451600343,0.014832493699261795,3.4813800049393344,0.073748150455572
>=5%,2.5%,0.3%,1.5,45,15122,0.6515672530088613,0.013300578469511007,3.1681648755786194,0.07770136225367015
>=5%,2.5%,0.3%,1.5,60,16866,0.6368433534922329,0.012076722214788884,2.9278253958725804,0.08033914383967745
>=5%,2.5%,0.3%,1.5,90,19073,0.6136423216064594,0.010592109143775622,2.6262401032381364,0.08656215592722696
>=5%,2.5%,0.3%,1.5,120,20706,0.5954312759586593,0.009493172678625586,2.426327471762511,0.09002221578286487
>=5%,2.5%,0.3%,2.0,15,8158,0.690365285609218,0.01701848465102601,3.88700206834622,0.06484432458936014
>=5%,2.5%,0.3%,2.0,20,9402,0.6830461603914061,0.016164886576913343,3.734453919992386,0.06626249734099128
>=5%,2.5%,0.3%,2.0,30,11169,0.6655027307726744,0.014657268720433655,3.3897637450087243,0.0732384277912078
>=5%,2.5%,0.3%,2.0,45,12924,0.6502630764469205,0.013386963980217803,3.1458533195548597,0.07590529247910864
>=5%,2.5%,0.3%,2.0,60,14207,0.6375026395438869,0.012325209060500471,2.9487924434461044,0.07770817202787358
>=5%,2.5%,0.3%,2.0,90,15773,0.6149115577252267,0.010848345931979746,2.6525679943196576,0.08381411272427566
>=5%,2.5%,0.3%,2.0,120,16948,0.5972386122256313,0.009810785184937325,2.4563738885796185,0.08797498229879631
>=5%,2.5%,0.5%,1.0,15,10285,0.6981040350024307,0.017393900900960355,4.107750611326346,0.05580943121050073
>=5%,2.5%,0.5%,1.0,20,12003,0.6894942930933933,0.016429056958388963,3.907822079176871,0.0583187536449221
>=5%,2.5%,0.5%,1.0,30,14638,0.6736576034977456,0.014890726598100899,3.5555890062114344,0.06326000819784124
>=5%,2.5%,0.5%,1.0,45,17534,0.6554123417360557,0.01327260140260401,3.2246826033555145,0.06598608417930878
>=5%,2.5%,0.5%,1.0,60,19774,0.6405380803074745,0.01204469071523936,2.9748244101944716,0.06867603924345099
>=5%,2.5%,0.5%,1.0,90,22783,0.6163806346837555,0.010442532593205345,2.649390835879454,0.07316859061581003
>=5%,2.5%,0.5%,1.0,120,25105,0.5966142202748457,0.00924947983278035,2.423796996361567,0.07707627962557259
>=5%,2.5%,0.5%,1.5,15,9193,0.6945502012400739,0.017217847787789852,3.9832868162423987,0.05689111280321984
>=5%,2.5%,0.5%,1.5,20,10684,0.687944590041183,0.016418110868214993,3.840217305329894,0.05831149382253838
>=5%,2.5%,0.5%,1.5,30,12841,0.6701970251538042,0.014846427663427236,3.4857955631261643,0.06370220387820263
>=5%,2.5%,0.5%,1.5,45,15122,0.6524930564740113,0.013320736367621839,3.173462228603984,0.06672397830974738
>=5%,2.5%,0.5%,1.5,60,16866,0.6377920075892328,0.012092624587070566,2.9311869819910563,0.06854025850824143
>=5%,2.5%,0.5%,1.5,90,19073,0.6148482147538405,0.010622058824003782,2.6344736113509546,0.07314004089550674
>=5%,2.5%,0.5%,1.5,120,20706,0.5966869506423259,0.009530290017833442,2.435443550202281,0.07635467980295567
>=5%,2.5%,0.5%,2.0,15,8158,0.6911007599901937,0.0170256531770274,3.887310918535147,0.05687668546212307
>=5%,2.5%,0.5%,2.0,20,9402,0.6836843224845778,0.016179511231185623,3.7400785392900344,0.057753669432035734
>=5%,2.5%,0.5%,2.0,30,11169,0.6663085325454383,0.014681510343993242,3.3991865485645016,0.06267347121497001
>=5%,2.5%,0.5%,2.0,45,12924,0.6511915815536985,0.013410545315755243,3.1536722492477676,0.06507273290003095
>=5%,2.5%,0.5%,2.0,60,14207,0.6383472935876681,0.012344914808396612,2.9546878214379517,0.06616456676286338
>=5%,2.5%,0.5%,2.0,90,15773,0.6160527483674634,0.010877815088496497,2.661055538649918,0.07094401825905028
>=5%,2.5%,0.5%,2.0,120,16948,0.5985367004956337,0.009848329412026645,2.465522583772895,0.07469907953740855
>=5%,2.5%,1.0%,1.0,15,10285,0.6993680116674769,0.01742612461232797,4.123602115968619,0.040641711229946524
>=5%,2.5%,1.0%,1.0,20,12003,0.6905773556610847,0.016449478594879847,3.9157241178159667,0.04257269016079313
>=5%,2.5%,1.0%,1.0,30,14638,0.6747506489957644,0.014903581637622997,3.5590633766517317,0.04597622626041809
>=5%,2.5%,1.0%,1.0,45,17534,0.6567811109843732,0.013299935026016039,3.234774851578607,0.047735827535074715
>=5%,2.5%,1.0%,1.0,60,19774,0.642105795489026,0.012069854694863573,2.981267610682174,0.04961059977748559
>=5%,2.5%,1.0%,1.0,90,22783,0.617741298336479,0.010458643062804342,2.6520559064574165,0.052934205328534434
>=5%,2.5%,1.0%,1.0,120,25105,0.5983668591913961,0.009286238623326818,2.4326573299419194,0.055088627763393745
>=5%,2.5%,1.0%,1.5,15,9193,0.6956379854236919,0.017228071399037852,3.9841014333730027,0.04198846948765365
>=5%,2.5%,1.0%,1.5,20,10684,0.6888805690752527,0.016422589012996428,3.838089883557915,0.04333582927742419
>=5%,2.5%,1.0%,1.5,30,12841,0.6713651584767542,0.014869480614043112,3.494667250723775,0.0463359551436804
>=5%,2.5%,1.0%,1.5,45,15122,0.653749504033858,0.01334862578844458,3.1838418980694843,0.04787726491204867
>=5%,2.5%,1.0%,1.5,60,16866,0.6392149887347326,0.01212539520699823,2.941144263403914,0.049330013043993835
>=5%,2.5%,1.0%,1.5,90,19073,0.6161065380380643,0.010639473063710027,2.6377110408652555,0.05300686834792639
>=5%,2.5%,1.0%,1.5,120,20706,0.5983772819472617,0.009576058363665511,2.447486565861027,0.054187192118226604
>=5%,2.5%,1.0%,2.0,15,8158,0.6922039715616572,0.017047980119575184,3.8962718416853774,0.041554302525128706
>=5%,2.5%,1.0%,2.0,20,9402,0.6846415656243352,0.016190097890408765,3.7420363840586686,0.042118698149329926
>=5%,2.5%,1.0%,2.0,30,11169,0.6673829349091235,0.014695472937027018,3.4033098669658606,0.0453934998656997
>=5%,2.5%,1.0%,2.0,45,12924,0.652429588362736,0.013427464858761765,3.158566890561759,0.04696688331785825
>=5%,2.5%,1.0%,2.0,60,14207,0.6396846624903216,0.01236711145655515,2.959991528819426,0.047652565636657984
>=5%,2.5%,1.0%,2.0,90,15773,0.6171939390097001,0.010876560302811714,2.6568518987155643,0.05122677994040449
>=5%,2.5%,1.0%,2.0,120,16948,0.6001298088270003,0.009874840145686846,2.4705710313468563,0.0532806230823696
>=5%,3.0%,0.3%,1.0,15,9747,0.6680004103826819,0.014510730381363805,3.269795882609265,0.060326254232071407
>=5%,3.0%,0.3%,1.0,20,11320,0.6574204946996467,0.013604869024467581,3.105367430091478,0.06254416961130742
>=5%,3.0%,0.3%,1.0,30,13645,0.6444118724807621,0.012300379332290064,2.863868489222023,0.06669109563942836
>=5%,3.0%,0.3%,1.0,45,16112,0.6274826216484608,0.010908954950593932,2.6180054535460893,0.0695754716981132
>=5%,3.0%,0.3%,1.0,60,17943,0.6141670846569693,0.009922348688416219,2.4547134013128207,0.07100261940589644
>=5%,3.0%,0.3%,1.0,90,20254,0.5934630196504395,0.00868057420447597,2.2418979685725002,0.07331885059741286
>=5%,3.0%,0.3%,1.0,120,21874,0.5789521806711164,0.007833910186261152,2.1047739832505066,0.07483770686659962
>=5%,3.0%,0.3%,1.5,15,8704,0.6644071691176471,0.014375841444193587,3.1904599471397534,0.06112132352941176
>=5%,3.0%,0.3%,1.5,20,10076,0.6555180627233029,0.013606250387356203,3.0615011701494645,0.06252481143310838
>=5%,3.0%,0.3%,1.5,30,11961,0.6419195719421453,0.012277342591222259,2.814493687270744,0.0673856700944737
>=5%,3.0%,0.3%,1.5,45,13896,0.6247841105354058,0.010962579114018992,2.580429346587025,0.07081174438687392
>=5%,3.0%,0.3%,1.5,60,15323,0.6110422241075507,0.009936149439805728,2.4120046281660437,0.07172224760164458
>=5%,3.0%,0.3%,1.5,90,17001,0.5923180989353567,0.008822052926688194,2.223865272839003,0.07393682724545615
>=5%,3.0%,0.3%,1.5,120,18105,0.5789008561170947,0.00807288766132989,2.10784081197735,0.07511737089201878
>=5%,3.0%,0.3%,2.0,15,7715,0.6620868438107582,0.014221642258066236,3.1236009333847448,0.06143875567077123
>=5%,3.0%,0.3%,2.0,20,8853,0.6519823788546255,0.013411860389236314,2.9925689177942347,0.062012876990850556
>=5%,3.0%,0.3%,2.0,30,10388,0.6389102810935695,0.012149379620035254,2.7534543225084436,0.06690412013862149
>=5%,3.0%,0.3%,2.0,45,11875,0.6258526315789473,0.011087860840849024,2.5759910521600156,0.06896842105263158
>=5%,3.0%,0.3%,2.0,60,12906,0.6137455447078878,0.010230160006442321,2.4423969549036526,0.06927010692701069
>=5%,3.0%,0.3%,2.0,90,14087,0.5938098956484702,0.009082795732528442,2.2517031869650483,0.07183928444665294
>=5%,3.0%,0.3%,2.0,120,14863,0.5815784162013052,0.008389968697672123,2.1379505369904934,0.07374016012917985
>=5%,3.0%,0.5%,1.0,15,9747,0.6684107930645327,0.014530868585171091,3.2783414164387423,0.05324715297014466
>=5%,3.0%,0.5%,1.0,20,11320,0.657773851590106,0.013621280076763635,3.1118637891525993,0.05468197879858657
>=5%,3.0%,0.5%,1.0,30,13645,0.6447783070721876,0.01231107769122674,2.8671309206155087,0.0580432392817882
>=5%,3.0%,0.5%,1.0,45,16112,0.627979145978153,0.010931528609548737,2.624586766598972,0.060079443892750745
>=5%,3.0%,0.5%,1.0,60,17943,0.6146686730201193,0.009944880119028957,2.460923672714671,0.06091512010254695
>=5%,3.0%,0.5%,1.0,90,20254,0.5941048681741878,0.008714079504770187,2.2506480695713753,0.062407425693690136
>=5%,3.0%,0.5%,1.0,120,21874,0.579546493553991,0.007861354618740173,2.1112922637911793,0.06400292584803877
>=5%,3.0%,0.5%,1.5,15,8704,0.6648667279411765,0.014387845646686563,3.1944311916373955,0.05411305147058824
>=5%,3.0%,0.5%,1.5,20,10076,0.6559150456530369,0.013621297007514466,3.0669787531939297,0.05468439857086145
>=5%,3.0%,0.5%,1.5,30,11961,0.6423375971908704,0.01228888209897879,2.8177984225706294,0.058439929771758214
>=5%,3.0%,0.5%,1.5,45,13896,0.6253598157743235,0.010987345887212743,2.5872380444544505,0.06116868163500288
>=5%,3.0%,0.5%,1.5,60,15323,0.611564315081903,0.0099605141524472,2.4184377645147754,0.06141095085818704
>=5%,3.0%,0.5%,1.5,90,17001,0.5929651196988412,0.008860554616426378,2.2337769109054877,0.06252573378036586
>=5%,3.0%,0.5%,1.5,120,18105,0.5795084230875449,0.008109850953587665,2.1168804329603303,0.06379453189726594
>=5%,3.0%,0.5%,2.0,15,7715,0.6626053143227479,0.014230672609927886,3.1258112360908044,0.054309786130913806
>=5%,3.0%,0.5%,2.0,20,8853,0.652434203094996,0.0134274342892754,2.997871811067336,0.054218908844459505
>=5%,3.0%,0.5%,2.0,30,10388,0.6393916056988833,0.012171142693540003,2.760490483389427,0.057566422795533305
>=5%,3.0%,0.5%,2.0,45,11875,0.6264421052631579,0.011115303376911254,2.584331126774746,0.05953684210526316
>=5%,3.0%,0.5%,2.0,60,12906,0.6142879280954595,0.010259978316103521,2.4512475212577325,0.059119789245312256
>=5%,3.0%,0.5%,2.0,90,14087,0.594448782565486,0.009123229524873324,2.262573358628665,0.06062326968126642
>=5%,3.0%,0.5%,2.0,120,14863,0.582251227881316,0.008427789498376163,2.1474495305402597,0.06250420507300007
>=5%,3.0%,1.0%,1.0,15,9747,0.6692315584282343,0.01457141689291193,3.296069537344749,0.03847337642351493
>=5%,3.0%,1.0%,1.0,20,11320,0.6584805653710247,0.01364511468023737,3.120858349399798,0.03992932862190813
>=5%,3.0%,1.0%,1.0,30,13645,0.6452913155001833,0.012327578553834328,2.872595839775963,0.0422132649322096
>=5%,3.0%,1.0%,1.0,45,16112,0.6287239324726912,0.01096864243407578,2.637293583883269,0.04319761668321748
>=5%,3.0%,1.0%,1.0,60,17943,0.6156161177060692,0.00997918863908219,2.470827339877354,0.04380538371509781
>=5%,3.0%,1.0%,1.0,90,20254,0.5949442085513973,0.008736505258349786,2.25602501379772,0.04507751555248346
>=5%,3.0%,1.0%,1.0,120,21874,0.5805979701929231,0.007906466404588197,2.1224305399885375,0.045762091981347716
>=5%,3.0%,1.0%,1.5,15,8704,0.6655560661764706,0.014404505184356362,3.1999645796414673,0.03963694852941176
>=5%,3.0%,1.0%,1.5,20,10076,0.656510520047638,0.01362926500953359,3.0685899658752116,0.04059150456530369
>=5%,3.0%,1.0%,1.5,30,11961,0.6429228325390853,0.012317279435936765,2.8278046200423788,0.04247136527046234
>=5%,3.0%,1.0%,1.5,45,13896,0.6260074841681059,0.011025542626877157,2.599964934792842,0.04368163500287853
>=5%,3.0%,1.0%,1.5,60,15323,0.6124127129152255,0.010001403323904309,2.43014973301377,0.04411668733276773
>=5%,3.0%,1.0%,1.5,90,17001,0.5937297806011411,0.008886255775391552,2.2399901228444694,0.045232633374507385
>=5%,3.0%,1.0%,1.5,120,18105,0.5805026235846451,0.008162606023870382,2.1300472929394996,0.045346589339961337
>=5%,3.0%,1.0%,2.0,15,7715,0.6632534024627349,0.014258824645981657,3.136616532573728,0.03940375891121192
>=5%,3.0%,1.0%,2.0,20,8853,0.6529989833954591,0.013440497254643248,3.001766249687505,0.039534621032418386
>=5%,3.0%,1.0%,2.0,30,10388,0.6398729303041971,0.012190831421388625,2.766951727840287,0.041682710820177125
>=5%,3.0%,1.0%,2.0,45,11875,0.6270315789473684,0.011143585741995088,2.5933957072014966,0.042694736842105264
>=5%,3.0%,1.0%,2.0,60,12906,0.6150627615062761,0.010291135111940094,2.4596216106172126,0.042538354253835425
>=5%,3.0%,1.0%,2.0,90,14087,0.5951586569177255,0.009129751914504821,2.262703858964697,0.043728260097962664
>=5%,3.0%,1.0%,2.0,120,14863,0.5831931642333311,0.008463900501317519,2.1556266110329116,0.04460741438471372
>=7%,1.0%,0.3%,1.0,15,6076,0.6548716260697828,0.023545923829575644,6.109057539282407,0.050032916392363395
>=7%,1.0%,0.3%,1.0,20,7139,0.657515058131391,0.022849211146913205,6.025749758134852,0.05631040762011486
>=7%,1.0%,0.3%,1.0,30,8855,0.6587238848108413,0.021891434813125714,5.873925966180687,0.06470920383963862
>=7%,1.0%,0.3%,1.0,45,10868,0.6558704453441295,0.02049831607755135,5.630173120066185,0.07140228192859772
>=7%,1.0%,0.3%,1.0,60,12473,0.6519682514230738,0.01932480296407537,5.353408191008004,0.0788904032710655
>=7%,1.0%,0.3%,1.0,90,15193,0.6360824063713553,0.0171367187882098,4.730067208665499,0.09971697492266175
>=7%,1.0%,0.3%,1.0,120,17858,0.6089707694030686,0.014767778600870068,3.9905075107086643,0.13316160824280435
>=7%,1.0%,0.3%,1.5,15,5641,0.649530225137387,0.023200206220436365,5.9405578005981345,0.05034568338946995
>=7%,1.0%,0.3%,1.5,20,6635,0.654257724189902,0.02270184886666268,5.931990747180872,0.05561416729464959
>=7%,1.0%,0.3%,1.5,30,8140,0.653931203931204,0.02170055181299393,5.758464391558204,0.06425061425061425
>=7%,1.0%,0.3%,1.5,45,9889,0.6520376175548589,0.02046414725678247,5.561842502529855,0.07058347659015067
>=7%,1.0%,0.3%,1.5,60,11281,0.6479035546494105,0.019251531313203653,5.274994583937693,0.07738675649321869
>=7%,1.0%,0.3%,1.5,90,13471,0.634399821839507,0.017299247042090467,4.736522041047298,0.09605819909435083
>=7%,1.0%,0.3%,1.5,120,15648,0.6073619631901841,0.015003949371322035,4.016342693430787,0.1290260736196319
>=7%,1.0%,0.3%,2.0,15,5205,0.6455331412103746,0.022964536655727827,5.822095386425806,0.0505283381364073
>=7%,1.0%,0.3%,2.0,20,6090,0.6497536945812807,0.022396999389987123,5.808458785351258,0.054187192118226604
>=7%,1.0%,0.3%,2.0,30,7380,0.6505420054200542,0.021404868842464217,5.6440407185038195,0.06341463414634146
>=7%,1.0%,0.3%,2.0,45,8844,0.6486883763003166,0.020270189164226418,5.457192670127952,0.06987788331071913
>=7%,1.0%,0.3%,2.0,60,9956,0.6447368421052632,0.019186416075149627,5.210864348705119,0.07462836480514262
>=7%,1.0%,0.3%,2.0,90,11675,0.6316916488222698,0.017300908744785026,4.714143421989749,0.09259100642398287
>=7%,1.0%,0.3%,2.0,120,13403,0.6078489890323062,0.015179340640807075,4.052220816383757,0.12265910617026039
>=7%,1.0%,0.5%,1.0,15,6076,0.6566820276497696,0.02358018960093894,6.120099003708347,0.0413100724160632
>=7%,1.0%,0.5%,1.0,20,7139,0.6596161927440818,0.02288194558983399,6.036015527329841,0.046365037120044826
>=7%,1.0%,0.5%,1.0,30,8855,0.6608695652173913,0.021919851328065725,5.878550405772435,0.052625635234330885
>=7%,1.0%,0.5%,1.0,45,10868,0.6584468163415532,0.02053395786468246,5.636436422053984,0.05824438719175561
>=7%,1.0%,0.5%,1.0,60,12473,0.6550148320372003,0.019355195473042007,5.349621427871007,0.06349715385232102
>=7%,1.0%,0.5%,1.0,90,15193,0.6404923319949977,0.017201812504950523,4.747791708392441,0.0785230040150069
>=7%,1.0%,0.5%,1.0,120,17858,0.6147944898644865,0.01484308641775593,4.002937767478811,0.1072348527270691
>=7%,1.0%,0.5%,1.5,15,5641,0.6514802340010637,0.02322973598847876,5.942760263319766,0.0420138273355788
>=7%,1.0%,0.5%,1.5,20,6635,0.6565184626978147,0.022734546261048653,5.939581846312501,0.045968349660889224
>=7%,1.0%,0.5%,1.5,30,8140,0.6561425061425061,0.021727192815488693,5.758714566733847,0.05245700245700246
>=7%,1.0%,0.5%,1.5,45,9889,0.6545656790373142,0.02049843625959953,5.564077028861219,0.05784204671857619
>=7%,1.0%,0.5%,1.5,60,11281,0.6507401826079249,0.019275839323695233,5.266280628480132,0.0625831043347221
>=7%,1.0%,0.5%,1.5,90,13471,0.6386311335461361,0.01735899318676447,4.750432446784134,0.07556974240962067
>=7%,1.0%,0.5%,1.5,120,15648,0.6129217791411042,0.01507914824222729,4.029053494412724,0.10391104294478527
>=7%,1.0%,0.5%,2.0,15,5205,0.6476464937560038,0.022999854074777094,5.8286059223090945,0.04226705091258405
>=7%,1.0%,0.5%,2.0,20,6090,0.6520525451559934,0.02243686255774528,5.822774420808347,0.04499178981937603
>=7%,1.0%,0.5%,2.0,30,7380,0.6528455284552845,0.021443217096277042,5.655722936203276,0.051355013550135505
>=7%,1.0%,0.5%,2.0,45,8844,0.6510628674807779,0.020300505762490366,5.461719526627178,0.057327001356852106
>=7%,1.0%,0.5%,2.0,60,9956,0.6473483326637204,0.019206549289748766,5.206049903181524,0.06036560867818401
>=7%,1.0%,0.5%,2.0,90,11675,0.6358029978586723,0.017351534124187152,4.725047514383735,0.07331905781584583
>=7%,1.0%,0.5%,2.0,120,13403,0.613295530851302,0.01524670762701041,4.0615859443301146,0.09908229500858017
>=7%,1.0%,1.0%,1.0,15,6076,0.6598090849242922,0.023616698540654662,6.119442251431074,0.026333113890717578
>=7%,1.0%,1.0%,1.0,20,7139,0.6622776299201569,0.02289576695663652,6.012773955580717,0.03039641406359434
>=7%,1.0%,1.0%,1.0,30,8855,0.664257481648786,0.021937802577289726,5.8578189955135445,0.03365330321852061
>=7%,1.0%,1.0%,1.0,45,10868,0.6625874125874126,0.020563456836963527,5.621627175216969,0.03689731321310269
>=7%,1.0%,1.0%,1.0,60,12473,0.6593441834362223,0.019392255534310024,5.336934247235581,0.04008658702798044
>=7%,1.0%,1.0%,1.0,90,15193,0.6460870137563351,0.01725755085288498,4.752779769141383,0.04824590271835714
>=7%,1.0%,1.0%,1.0,120,17858,0.6243140329264195,0.014971142254267062,4.035066290941403,0.06462089819688654
>=7%,1.0%,1.0%,1.5,15,5641,0.6544938840631094,0.02325661183732559,5.932550207505385,0.026945577025350116
>=7%,1.0%,1.0%,1.5,20,6635,0.6592313489073097,0.02275418597066707,5.924304085699146,0.03014318010550113
>=7%,1.0%,1.0%,1.5,30,8140,0.6597051597051597,0.021755903816933736,5.750873182284275,0.033783783783783786
>=7%,1.0%,1.0%,1.5,45,9889,0.6589139447871373,0.02054303353254425,5.56651593335234,0.03599959551016281
>=7%,1.0%,1.0%,1.5,60,11281,0.655261058416807,0.019326719667386118,5.2690191407429126,0.03909227905327542
>=7%,1.0%,1.0%,1.5,90,13471,0.6439759483334571,0.017415636537247606,4.757081241790005,0.0465444287729196
>=7%,1.0%,1.0%,1.5,120,15648,0.6219325153374233,0.01519939780311377,4.060933192526096,0.06237218813905931
>=7%,1.0%,1.0%,2.0,15,5205,0.6509125840537944,0.02304172627991024,5.833638821344875,0.02670509125840538
>=7%,1.0%,1.0%,2.0,20,6090,0.6545155993431856,0.022452446400029028,5.805180221761227,0.02922824302134647
>=7%,1.0%,1.0%,2.0,30,7380,0.6560975609756098,0.021464807716870146,5.64247977528536,0.032926829268292684
>=7%,1.0%,1.0%,2.0,45,8844,0.6549072817729534,0.0203224203527836,5.443051536230241,0.03640886476707372
>=7%,1.0%,1.0%,2.0,60,9956,0.6511651265568501,0.019240203597190586,5.193660130703899,0.03786661309762957
>=7%,1.0%,1.0%,2.0,90,11675,0.6405995717344753,0.01739988340460312,4.727359964088069,0.044710920770877946
>=7%,1.0%,1.0%,2.0,120,13403,0.6215026486607476,0.015350348036033256,4.084360958454942,0.059762739685145116
>=7%,1.5%,0.3%,1.0,15,5793,0.6625237355428966,0.021498748243353738,4.850546924336459,0.0523045054375971
>=7%,1.5%,0.3%,1.0,20,6801,0.6622555506543155,0.020694125717896198,4.739732220684018,0.05896191736509337
>=7%,1.5%,0.3%,1.0,30,8449,0.6593679725411291,0.01949713571596759,4.529512353190286,0.06734524795833827
>=7%,1.5%,0.3%,1.0,45,10353,0.6535303776683087,0.017974157998328598,4.27440100830901,0.07369844489519946
>=7%,1.5%,0.3%,1.0,60,11847,0.6464927829830337,0.01676384589573726,4.039219868682759,0.0807799442896936
>=7%,1.5%,0.3%,1.0,90,14344,0.6259063022866704,0.01455495234325304,3.5433501132967415,0.09878694924707195
>=7%,1.5%,0.3%,1.0,120,16636,0.6002043760519356,0.012467196930075497,3.0664860987304374,0.12148352969463813
>=7%,1.5%,0.3%,1.5,15,5373,0.6575469942304113,0.02118460427721281,4.7263045198365985,0.05267076121347478
>=7%,1.5%,0.3%,1.5,20,6316,0.6595946801773275,0.02057670830882453,4.676803699704899,0.058264724509183026
>=7%,1.5%,0.3%,1.5,30,7757,0.6555369343818487,0.01935510368507173,4.455040784609742,0.0670362253448498
>=7%,1.5%,0.3%,1.5,45,9409,0.6504410670634498,0.01799198720161726,4.236273145557728,0.07290891699436709
>=7%,1.5%,0.3%,1.5,60,10704,0.6430306427503737,0.016731508629522353,3.9917582283464492,0.07950298953662183
>=7%,1.5%,0.3%,1.5,90,12716,0.6247247562126454,0.014749607614006217,3.558997435214221,0.09578483799937088
>=7%,1.5%,0.3%,1.5,120,14585,0.5992458004799451,0.012711266536597756,3.0893834406099034,0.11854645183407611
>=7%,1.5%,0.3%,2.0,15,4951,0.6546152292466169,0.020999682098637323,4.647474100986972,0.05291860230256514
>=7%,1.5%,0.3%,2.0,20,5788,0.6558396682791984,0.0203184905900471,4.590531797658235,0.056841741534208706
>=7%,1.5%,0.3%,2.0,30,7028,0.651678998292544,0.01907640111554093,4.365932640364696,0.0661639157655094
>=7%,1.5%,0.3%,2.0,45,8413,0.6467371924402711,0.017804188903401963,4.154821724134651,0.07226910733388803
>=7%,1.5%,0.3%,2.0,60,9434,0.6400254398982405,0.016725152125245422,3.961513374535088,0.0767436930252279
>=7%,1.5%,0.3%,2.0,90,11022,0.6220286699328615,0.014754719928109757,3.5382941418961527,0.09290509889312284
>=7%,1.5%,0.3%,2.0,120,12512,0.5991847826086957,0.012859672260957642,3.106533673867922,0.11357097186700767
>=7%,1.5%,0.5%,1.0,15,5793,0.6642499568444674,0.02153479937536232,4.864606877888552,0.043155532539271534
>=7%,1.5%,0.5%,1.0,20,6801,0.664019997059256,0.020728607569296897,4.754094849508168,0.04852227613586237
>=7%,1.5%,0.5%,1.0,30,8449,0.6611433305716653,0.01952745137672241,4.539849640493638,0.05468102734051367
>=7%,1.5%,0.5%,1.0,45,10353,0.6555587752342317,0.018011818298902024,4.286395485706539,0.06007920409543128
>=7%,1.5%,0.5%,1.0,60,11847,0.6486030218620747,0.01679686137809968,4.045950969370185,0.06482653836414282
>=7%,1.5%,0.5%,1.0,90,14344,0.6292526491912995,0.014631179384848682,3.569772934375438,0.07745398773006135
>=7%,1.5%,0.5%,1.0,120,16636,0.603931233469584,0.012540498235533881,3.085242563482659,0.09767973070449627
>=7%,1.5%,0.5%,1.5,15,5373,0.6594081518704634,0.021215718876239197,4.734462977334135,0.04392332030522985
>=7%,1.5%,0.5%,1.5,20,6316,0.6614946168461051,0.020611187697586138,4.689726371971651,0.048131728942368585
>=7%,1.5%,0.5%,1.5,30,7757,0.6574706716514116,0.019383357395181135,4.462232714540573,0.05466030681964677
>=7%,1.5%,0.5%,1.5,45,9409,0.6525666914656181,0.01802789536358098,4.245111423379397,0.05973004570092465
>=7%,1.5%,0.5%,1.5,60,10704,0.6450859491778774,0.01675782645780244,3.9943542779715355,0.06418161434977579
>=7%,1.5%,0.5%,1.5,90,12716,0.6281063227430009,0.014820550930216638,3.582891276570062,0.07518087448883297
>=7%,1.5%,0.5%,1.5,120,14585,0.6030853616729517,0.012785287864299479,3.1084148668686122,0.0953719574905725
>=7%,1.5%,0.5%,2.0,15,4951,0.6566350232276308,0.021036944277968376,4.658987468769558,0.04423348818420521
>=7%,1.5%,0.5%,2.0,20,5788,0.6579129232895646,0.02036060038769483,4.607967901656118,0.04716655148583276
>=7%,1.5%,0.5%,2.0,30,7028,0.6538133181559477,0.01911704828473152,4.381038686971571,0.053500284575981785
>=7%,1.5%,0.5%,2.0,45,8413,0.6486390110543206,0.017835682794946604,4.164244316802257,0.05931296802567455
>=7%,1.5%,0.5%,2.0,60,9434,0.6417214331142675,0.016747126318249535,3.9654783415711075,0.062009751960992156
>=7%,1.5%,0.5%,2.0,90,11022,0.6251134095445473,0.014816552672768121,3.5597003000514147,0.07358011250226819
>=7%,1.5%,0.5%,2.0,120,12512,0.602861253196931,0.01292975169782487,3.1250355416921805,0.09167199488491048
>=7%,1.5%,1.0%,1.0,15,5793,0.6666666666666666,0.021572343378598768,4.875585045603151,0.027446918694976695
>=7%,1.5%,1.0%,1.0,20,6801,0.6660785178650198,0.020742369635686014,4.747747311410183,0.031760035288928096
>=7%,1.5%,1.0%,1.0,30,8449,0.6636288318144159,0.0195459107763864,4.536823018589429,0.03503373180258019
>=7%,1.5%,1.0%,1.0,45,10353,0.6587462571235391,0.018044011000482255,4.290870738050001,0.03805660195112528
>=7%,1.5%,1.0%,1.0,60,11847,0.6519794040685406,0.016835850702011008,4.050646305221139,0.04102304380855913
>=7%,1.5%,1.0%,1.0,90,14344,0.6329475738984941,0.014678115632780346,3.5807685687551025,0.04831288343558282
>=7%,1.5%,1.0%,1.0,120,16636,0.6090406347679731,0.0126291055226119,3.1069281788420082,0.06029093532099062
>=7%,1.5%,1.0%,1.5,15,5373,0.661641541038526,0.021243068890700406,4.737598053426649,0.0281034803647869
>=7%,1.5%,1.0%,1.5,20,6316,0.6635528815706143,0.02063104425704361,4.688626156837706,0.03150728309056365
>=7%,1.5%,1.0%,1.5,30,7757,0.6600489880108289,0.019413149068972277,4.467824173457781,0.035194018306046154
>=7%,1.5%,1.0%,1.5,45,9409,0.6558614092889786,0.018076162544507186,4.261183993960255,0.03709214581783399
>=7%,1.5%,1.0%,1.5,60,10704,0.648542600896861,0.016811223398385002,4.0088878959372245,0.04017189835575486
>=7%,1.5%,1.0%,1.5,90,12716,0.6317238125196603,0.01486844656695679,3.594380804833148,0.04687008493236867
>=7%,1.5%,1.0%,1.5,120,14585,0.6080905039424066,0.012874892776832068,3.1317238218510908,0.058416181007884815
>=7%,1.5%,1.0%,2.0,15,4951,0.6590587760048475,0.021080051693120255,4.673293579823279,0.027873156937992326
>=7%,1.5%,1.0%,2.0,20,5788,0.659813407049067,0.020376099974805016,4.603994625608827,0.030580511402902556
>=7%,1.5%,1.0%,2.0,30,7028,0.6562322140011383,0.01913928273137425,4.3816586602416825,0.03429140580535003
>=7%,1.5%,1.0%,2.0,45,8413,0.6516106026387734,0.017860431166546547,4.164677908761903,0.03756091762748128
>=7%,1.5%,1.0%,2.0,60,9434,0.6447954208183168,0.01678267516479417,3.9683531204455598,0.03890184439262243
>=7%,1.5%,1.0%,2.0,90,11022,0.6282888767918708,0.014855612755513371,3.566755730434611,0.045182362547632006
>=7%,1.5%,1.0%,2.0,120,12512,0.6074168797953964,0.012998073926752663,3.1388777369391607,0.056265984654731455
>=7%,2.0%,0.3%,1.0,15,5536,0.6607658959537572,0.019041926548283784,3.9251421074501414,0.053829479768786125
>=7%,2.0%,0.3%,1.0,20,6500,0.6581538461538462,0.018129751435233966,3.796160403197509,0.060153846153846155
>=7%,2.0%,0.3%,1.0,30,8041,0.6540231314513121,0.01693293847997979,3.623070889887456,0.06827509016291507
>=7%,2.0%,0.3%,1.0,45,9812,0.6446188340807175,0.01538871149862078,3.3937893789334708,0.0732776192417448
>=7%,2.0%,0.3%,1.0,60,11189,0.6358923943158459,0.014161689754483104,3.1860249665377984,0.07936366073822504
>=7%,2.0%,0.3%,1.0,90,13430,0.6107967237527923,0.012029988479475484,2.789842792916029,0.09270290394638868
>=7%,2.0%,0.3%,1.0,120,15243,0.5901069343305123,0.010448090055319504,2.512888100360061,0.10437577904611953
>=7%,2.0%,0.3%,1.5,15,5131,0.6554277918534399,0.018751241712428833,3.8319782118848456,0.05437536542584292
>=7%,2.0%,0.3%,1.5,20,6032,0.656001326259947,0.018048478755255917,3.760556989536209,0.05935013262599469
>=7%,2.0%,0.3%,1.5,30,7374,0.6499864388391646,0.01682424775001184,3.5742671367548504,0.06794141578519121
>=7%,2.0%,0.3%,1.5,45,8928,0.6412410394265233,0.015363199874871126,3.352213397443423,0.07291666666666667
>=7%,2.0%,0.3%,1.5,60,10115,0.6331191300049431,0.014116438451606506,3.1469855802120055,0.07829955511616411
>=7%,2.0%,0.3%,1.5,90,11930,0.6090528080469405,0.012184351786373358,2.794458992838631,0.09044425817267393
>=7%,2.0%,0.3%,1.5,120,13382,0.5901957853833508,0.010691487092523832,2.5344800104389704,0.10177850844417875
>=7%,2.0%,0.3%,2.0,15,4726,0.6534066864155734,0.018591945375478473,3.777010113581446,0.05459162082099027
>=7%,2.0%,0.3%,2.0,20,5528,0.6517727930535456,0.017780209883724165,3.689217595828175,0.05788712011577424
>=7%,2.0%,0.3%,2.0,30,6693,0.6445540116539669,0.016470543518126834,3.478449069558295,0.06723442402510085
>=7%,2.0%,0.3%,2.0,45,7985,0.6371947401377583,0.015164134862225467,3.284830058458015,0.07251095804633688
>=7%,2.0%,0.3%,2.0,60,8919,0.6304518443771723,0.014093741351969127,3.1174933708324737,0.07601749075008409
>=7%,2.0%,0.3%,2.0,90,10335,0.6073536526366715,0.012204162835534885,2.7816745587585587,0.08834059022738268
>=7%,2.0%,0.3%,2.0,120,11490,0.5896431679721497,0.010820723869480839,2.5439479217520033,0.09834638816362054
>=7%,2.0%,0.5%,1.0,15,5536,0.6620303468208093,0.01908093119376004,3.939947461784496,0.0444364161849711
>=7%,2.0%,0.5%,1.0,20,6500,0.6592307692307692,0.018168241633385464,3.8115895982864028,0.04953846153846154
>=7%,2.0%,0.5%,1.0,30,8041,0.6551423952244746,0.016964378222265035,3.634014499890478,0.0559631886581271
>=7%,2.0%,0.5%,1.0,45,9812,0.6459437423562984,0.015431727645744431,3.4082065872120393,0.059722788422339995
>=7%,2.0%,0.5%,1.0,60,11189,0.6374117436768254,0.014200051773420437,3.1966735717412345,0.06390204665296273
>=7%,2.0%,0.5%,1.0,90,13430,0.6131794489947878,0.01210640094776554,2.8123670156145173,0.07334326135517498
>=7%,2.0%,0.5%,1.0,120,15243,0.5925342780292593,0.010519851567351237,2.5313882498776206,0.08403857508364496
>=7%,2.0%,0.5%,1.5,15,5131,0.6567920483336581,0.018785166363941425,3.8426388200798884,0.0452153576300916
>=7%,2.0%,0.5%,1.5,20,6032,0.6571618037135278,0.018087159171631857,3.7752999760433883,0.04907161803713528
>=7%,2.0%,0.5%,1.5,30,7374,0.6512069433143477,0.016852956868109555,3.5828712680304013,0.055871982641714134
>=7%,2.0%,0.5%,1.5,45,8928,0.6426971326164874,0.015406184518621755,3.3654494999944724,0.059587813620071685
>=7%,2.0%,0.5%,1.5,60,10115,0.6346020761245674,0.014149654027507294,3.1553430159017934,0.06327236777063766
>=7%,2.0%,0.5%,1.5,90,11930,0.6114836546521375,0.012256686721255551,2.815562232222578,0.07158424140821458
>=7%,2.0%,0.5%,1.5,120,13382,0.5927365117321776,0.01076551913371543,2.5539076691434746,0.08197578837244059
>=7%,2.0%,0.5%,2.0,15,4726,0.6548878544223444,0.018632458067015484,3.7904316428112343,0.04549301735082522
>=7%,2.0%,0.5%,2.0,20,5528,0.6530390738060782,0.017827140385923233,3.707541666159017,0.04793777134587554
>=7%,2.0%,0.5%,2.0,30,6693,0.6458987001344688,0.016512471923836952,3.49302603890151,0.05468399820708202
>=7%,2.0%,0.5%,2.0,45,7985,0.6385723231058235,0.015202341317172158,3.2975395036403676,0.0593613024420789
>=7%,2.0%,0.5%,2.0,60,8919,0.6316851664984864,0.014122542657178085,3.1259258610530325,0.06144186568000897
>=7%,2.0%,0.5%,2.0,90,10335,0.6095791001451378,0.012269149305997916,2.801272639419966,0.07005321722302854
>=7%,2.0%,0.5%,2.0,120,11490,0.5921671018276763,0.010892149129801387,2.5631458493127144,0.07911227154046997
>=7%,2.0%,1.0%,1.0,15,5536,0.6638367052023122,0.01911933469928211,3.9527695721405167,0.028179190751445087
>=7%,2.0%,1.0%,1.0,20,6500,0.6607692307692308,0.018183991518441796,3.812272297242545,0.03230769230769231
>=7%,2.0%,1.0%,1.0,30,8041,0.6570078348464121,0.016986464269579657,3.6385915796422847,0.03581644074120134
>=7%,2.0%,1.0%,1.0,45,9812,0.6481858948226661,0.015455371907869572,3.4128706451466213,0.038320423970648186
>=7%,2.0%,1.0%,1.0,60,11189,0.6397354544642059,0.014230943503797956,3.2018959680359664,0.040843685762802756
>=7%,2.0%,1.0%,1.0,90,13430,0.6154132539091586,0.012144948169497785,2.821451711512298,0.04616530156366344
>=7%,2.0%,1.0%,1.0,120,15243,0.5956176605655055,0.010605627810212648,2.553192759272085,0.051564652627435544
>=7%,2.0%,1.0%,1.5,15,5131,0.6583511985967647,0.018812766051090526,3.8488666424785305,0.028844279867472226
>=7%,2.0%,1.0%,1.5,20,6032,0.6586538461538461,0.018109412967918383,3.779622412447184,0.031996021220159154
>=7%,2.0%,1.0%,1.5,30,7374,0.6531055058312991,0.016887266134354602,3.5937961536591,0.0359370762137239
>=7%,2.0%,1.0%,1.5,45,8928,0.6449372759856631,0.015444406774299665,3.377347402976221,0.03763440860215054
>=7%,2.0%,1.0%,1.5,60,10115,0.6368759268413248,0.014194262148638287,3.1669331115038037,0.04003954522985665
>=7%,2.0%,1.0%,1.5,90,11930,0.6137468566638726,0.012300942172424185,2.8264695248824174,0.04509639564124057
>=7%,2.0%,1.0%,1.5,120,13382,0.595650874308773,0.010850916049940464,2.576147697159841,0.05014198176655209
>=7%,2.0%,1.0%,2.0,15,4726,0.6565806178586543,0.018676559201553537,3.8051453261897614,0.028565382987727466
>=7%,2.0%,1.0%,2.0,20,5528,0.6543053545586107,0.017844921626222754,3.709206400307402,0.03093342981186686
>=7%,2.0%,1.0%,2.0,30,6693,0.6475422082773047,0.016538332104691186,3.49932896187654,0.03496190049305244
>=7%,2.0%,1.0%,2.0,45,7985,0.6405760801502818,0.015224513007975247,3.3010437396887866,0.03807138384470883
>=7%,2.0%,1.0%,2.0,60,8919,0.6337033299697276,0.014154289856167663,3.130743437265338,0.03901782711066263
>=7%,2.0%,1.0%,2.0,90,10335,0.6114175133043057,0.012303015715587722,2.807919328621959,0.04354136429608128
>=7%,2.0%,1.0%,2.0,120,11490,0.5945169712793734,0.01095767291181798,2.578550585981004,0.048302872062663184
>=7%,2.5%,0.3%,1.0,15,5248,0.655297256097561,0.016678916580235497,3.2937650930071483,0.0546875
>=7%,2.5%,0.3%,1.0,20,6161,0.6492452523940919,0.015633151898672367,3.14128187229198,0.06119136503814316
>=7%,2.5%,0.3%,1.0,30,7603,0.6406681573063264,0.01436778732157634,2.9637514043330233,0.06826252794949363
>=7%,2.5%,0.3%,1.0,45,9217,0.6286210263643268,0.012868327377986905,2.7648761957958277,0.0716068134967994
>=7%,2.5%,0.3%,1.0,60,10446,0.6191843767949454,0.01171173469199746,2.5977662299464708,0.07533984300210607
>=7%,2.5%,0.3%,1.0,90,12279,0.5972799087873605,0.0100216641048661,2.3379023973975745,0.08249857480250834
>=7%,2.5%,0.3%,1.0,120,13689,0.5781284242822704,0.008775097541527834,2.154253670479365,0.0878807801884725
>=7%,2.5%,0.3%,1.5,15,4860,0.6516460905349795,0.016409503738502453,3.2172642485204666,0.05596707818930041
>=7%,2.5%,0.3%,1.5,20,5718,0.6481287163343826,0.0155476422066459,3.108533693250403,0.060860440713536204
>=7%,2.5%,0.3%,1.5,30,6969,0.6375376668101593,0.014273938495164878,2.923481100576826,0.06873296025254699
>=7%,2.5%,0.3%,1.5,45,8385,0.625283243887895,0.012858020405140516,2.7361914309173634,0.07191413237924865
>=7%,2.5%,0.3%,1.5,60,9450,0.6160846560846561,0.011652628296907216,2.5643798138728324,0.07492063492063492
>=7%,2.5%,0.3%,1.5,90,10935,0.5956104252400549,0.010118817289657026,2.331758637107764,0.08157293095564701
>=7%,2.5%,0.3%,1.5,120,12055,0.578598092077976,0.008964147050998869,2.1647285744226474,0.08643716300290336
>=7%,2.5%,0.3%,2.0,15,4477,0.6490953763681037,0.016246169677382488,3.168333344118044,0.05628769265132901
>=7%,2.5%,0.3%,2.0,20,5235,0.6448901623686724,0.015308812497779115,3.0524488927416016,0.05959885386819484
>=7%,2.5%,0.3%,2.0,30,6321,0.634076886568581,0.013934059341127368,2.8466789029805732,0.06802721088435375
>=7%,2.5%,0.3%,2.0,45,7497,0.6227824463118581,0.012660763153572088,2.6797704745224515,0.0714952647725757
>=7%,2.5%,0.3%,2.0,60,8326,0.6157818880614941,0.011666074787927931,2.5492716213563615,0.07314436704299784
>=7%,2.5%,0.3%,2.0,90,9477,0.595125039569484,0.010136936768589594,2.320463585026616,0.07987759839611691
>=7%,2.5%,0.3%,2.0,120,10363,0.578693428543858,0.009068019031492566,2.1673179300830654,0.08395252340055968
>=7%,2.5%,0.5%,1.0,15,5248,0.6564405487804879,0.016719870322841834,3.3079451552500765,0.045160060975609755
>=7%,2.5%,0.5%,1.0,20,6161,0.650219120272683,0.015673734723711877,3.1552948507703036,0.050641129686739166
>=7%,2.5%,0.5%,1.0,30,7603,0.6415888465079573,0.014398620993291386,2.9730195302883233,0.056030514270682626
>=7%,2.5%,0.5%,1.0,45,9217,0.6297059780839752,0.012914843922073621,2.778374363698591,0.05837040251708799
>=7%,2.5%,0.5%,1.0,60,10446,0.6204288722956155,0.0117566502799887,2.6098968348346787,0.06059735784032166
>=7%,2.5%,0.5%,1.0,90,12279,0.5989901457773434,0.01008726734259958,2.35470000550008,0.06572196432934278
>=7%,2.5%,0.5%,1.0,120,13689,0.5798816568047337,0.008844039168805601,2.1695053024569155,0.07093286580466068
>=7%,2.5%,0.5%,1.5,15,4860,0.652880658436214,0.0164476460264554,3.2293463977509402,0.046296296296296294
>=7%,2.5%,0.5%,1.5,20,5718,0.6491780342777195,0.015590585975861618,3.1230163897702328,0.05036726128016789
>=7%,2.5%,0.5%,1.5,30,6969,0.6385421150810733,0.014303444666668736,2.931703702515496,0.05653608839144784
>=7%,2.5%,0.5%,1.5,45,8385,0.6264758497316637,0.012904108292220893,2.748799130601379,0.05891472868217054
>=7%,2.5%,0.5%,1.5,60,9450,0.6173544973544973,0.011694998856360318,2.5753603022767115,0.06052910052910053
>=7%,2.5%,0.5%,1.5,90,10935,0.5973479652491999,0.010184701670499854,2.3482963443033804,0.06502057613168724
>=7%,2.5%,0.5%,1.5,120,12055,0.5804230609705516,0.009041004029053243,2.1818097055738908,0.06968063044379925
>=7%,2.5%,0.5%,2.0,15,4477,0.6504355595264686,0.01629147855088012,3.1827917094606724,0.04668304668304668
>=7%,2.5%,0.5%,2.0,20,5235,0.64603629417383,0.015359296800873633,3.0693233273172678,0.04947468958930277
>=7%,2.5%,0.5%,2.0,30,6321,0.6351843062806518,0.013976366357439358,2.85912608939613,0.05537098560354374
>=7%,2.5%,0.5%,2.0,45,7497,0.6238495398159264,0.012701395077859832,2.691456501555916,0.05869014272375617
>=7%,2.5%,0.5%,2.0,60,8326,0.6167427336055729,0.011701744609319708,2.559082722538892,0.05909200096084554
>=7%,2.5%,0.5%,2.0,90,9477,0.596602300306004,0.010194118708493656,2.33498750720478,0.0639442861665084
>=7%,2.5%,0.5%,2.0,120,10363,0.5804303773038695,0.009142156316726581,2.1837693359392567,0.0677410016404516
>=7%,2.5%,1.0%,1.0,15,5248,0.6577743902439024,0.01675820022304634,3.320468354251094,0.02934451219512195
>=7%,2.5%,1.0%,1.0,20,6161,0.6513552994643727,0.015690758052606175,3.1587063505344344,0.03359844181139426
>=7%,2.5%,1.0%,1.0,30,7603,0.6429041167960016,0.014427951261715956,2.9817459336324967,0.03616993292121531
>=7%,2.5%,1.0%,1.0,45,9217,0.6311164153195182,0.012944629234517226,2.7866811201348387,0.0378648150157318
>=7%,2.5%,1.0%,1.0,60,10446,0.6220562894887995,0.011791791245741024,2.6177864219177422,0.03924947348267279
>=7%,2.5%,1.0%,1.0,90,12279,0.6003746233406629,0.010128339804780933,2.364429690551807,0.04186008632624807
>=7%,2.5%,1.0%,1.0,120,13689,0.5819270947476076,0.008923181280417766,2.1876260766899662,0.044561326612608664
>=7%,2.5%,1.0%,1.5,15,4860,0.6541152263374486,0.016476148973156923,3.2369420166545315,0.030246913580246913
>=7%,2.5%,1.0%,1.5,20,5718,0.6502273522210563,0.015613948044432852,3.128980397174331,0.033403287862889125
>=7%,2.5%,1.0%,1.5,30,6969,0.6398335485722485,0.01434440907849978,2.94470690456306,0.03659061558329746
>=7%,2.5%,1.0%,1.5,45,8385,0.627906976744186,0.01294893877099434,2.762362568473912,0.03756708407871199
>=7%,2.5%,1.0%,1.5,60,9450,0.6189417989417989,0.011743927796932303,2.58768595202842,0.038835978835978835
>=7%,2.5%,1.0%,1.5,90,10935,0.5988111568358482,0.010233157417402388,2.359845257807297,0.04133516232281664
>=7%,2.5%,1.0%,1.5,120,12055,0.5824968892575695,0.009129325561169126,2.202471621826427,0.04338448776441311
>=7%,2.5%,1.0%,2.0,15,4477,0.6517757426848336,0.016337102001474826,3.1971604397304394,0.029930757203484475
>=7%,2.5%,1.0%,2.0,20,5235,0.6471824259789876,0.015377184028996547,3.072530116711065,0.03247373447946514
>=7%,2.5%,1.0%,2.0,30,6321,0.6364499288087327,0.014007915892710023,2.867852773246472,0.03559563360227812
>=7%,2.5%,1.0%,2.0,45,7497,0.6253167933840202,0.012732733448387375,2.699402688309713,0.037881819394424435
>=7%,2.5%,1.0%,2.0,60,8326,0.6184242133077108,0.011740703786343154,2.5672442628292926,0.03795339899111218
>=7%,2.5%,1.0%,2.0,90,9477,0.598079561042524,0.010238884654605448,2.3449074146767663,0.039991558510077026
>=7%,2.5%,1.0%,2.0,120,10363,0.582553314677217,0.009218341677373322,2.2004810584158707,0.04207275885361382
>=7%,3.0%,0.3%,1.0,15,4967,0.640225488222267,0.014144950361377449,2.7513816213332225,0.05395611032816589
>=7%,3.0%,0.3%,1.0,20,5824,0.6306662087912088,0.013015259966076904,2.5931359013977033,0.05992445054945055
>=7%,3.0%,0.3%,1.0,30,7144,0.6226203807390818,0.011824545842417603,2.4487919089505445,0.06466965285554312
>=7%,3.0%,0.3%,1.0,45,8569,0.6081223013187069,0.010481723532933944,2.2896983999217873,0.06640214727506127
>=7%,3.0%,0.3%,1.0,60,9632,0.5957225913621262,0.009460922559101198,2.1627394645169673,0.06862541528239202
>=7%,3.0%,0.3%,1.0,90,11108,0.5756211739287,0.008128496691448595,1.9891557728071274,0.07157003961109111
>=7%,3.0%,0.3%,1.0,120,12146,0.5607607442779516,0.007226746208143468,1.8729522360834385,0.07385147373620946
>=7%,3.0%,0.3%,1.5,15,4595,0.6365614798694232,0.013893616327702859,2.6898223456624972,0.055059847660500545
>=7%,3.0%,0.3%,1.5,20,5404,0.6291635825314582,0.012920802417789227,2.564239635333017,0.05958549222797927
>=7%,3.0%,0.3%,1.5,30,6545,0.6195569136745608,0.011727979305692042,2.4133614116493987,0.06524064171122995
>=7%,3.0%,0.3%,1.5,45,7792,0.6047227926078029,0.010475320666817969,2.2667652034716594,0.06686344969199179
>=7%,3.0%,0.3%,1.5,60,8716,0.5923588802202845,0.009375612510449195,2.1299885946165658,0.06849472234970169
>=7%,3.0%,0.3%,1.5,90,9908,0.5738796931772305,0.008188624346707736,1.978418968019717,0.07105369398465886
>=7%,3.0%,0.3%,1.5,120,10719,0.5612463849239668,0.0074036528944999205,1.883075544056527,0.07267468980315328
>=7%,3.0%,0.3%,2.0,15,4230,0.6349881796690308,0.013750088730158747,2.6517977728211974,0.05555555555555555
>=7%,3.0%,0.3%,2.0,20,4946,0.625353821269713,0.012703346523078522,2.522304970162146,0.05863323898099474
>=7%,3.0%,0.3%,2.0,30,5927,0.6156571621393623,0.011440108207589509,2.3603615637137167,0.06428209886957989
>=7%,3.0%,0.3%,2.0,45,6966,0.6032156187194947,0.010305891769336627,2.2281595728883454,0.06646569049669825
>=7%,3.0%,0.3%,2.0,60,7678,0.5931232091690545,0.009414620527271208,2.124711620597673,0.06694451680125033
>=7%,3.0%,0.3%,2.0,90,8591,0.574671167500873,0.008224855764592932,1.9756132546826273,0.06984053078803398
>=7%,3.0%,0.3%,2.0,120,9229,0.5619243688373605,0.007499172638434833,1.8862837242249675,0.07097193628778849
>=7%,3.0%,0.5%,1.0,15,4967,0.6410308033017919,0.014191892743060281,2.7653102853136304,0.044694986913629955
>=7%,3.0%,0.5%,1.0,20,5824,0.631353021978022,0.01305899593026851,2.605440179702854,0.04979395604395604
>=7%,3.0%,0.5%,1.0,30,7144,0.6231802911534154,0.011856308109228154,2.4571366142318753,0.0530515117581187
>=7%,3.0%,0.5%,1.0,45,8569,0.6087057999766601,0.010531327634909372,2.301794567905436,0.05391527599486521
>=7%,3.0%,0.5%,1.0,60,9632,0.5963455149501661,0.009513526630669636,2.175036314986823,0.05492109634551495
>=7%,3.0%,0.5%,1.0,90,11108,0.5764314007922218,0.008201220892101986,2.0050193467506388,0.056445804825351095
>=7%,3.0%,0.5%,1.0,120,12146,0.5615017289642681,0.007294786206685128,1.8869543147227281,0.05894944837806685
>=7%,3.0%,0.5%,1.5,15,4595,0.6374319912948857,0.013937895786509582,2.7021798345388,0.04570184983677911
>=7%,3.0%,0.5%,1.5,20,5404,0.6299037749814952,0.012966406417696388,2.576744805718628,0.049592894152479645
>=7%,3.0%,0.5%,1.5,30,6545,0.6201680672268908,0.011757654572850228,2.4207439792415295,0.05362872421695951
>=7%,3.0%,0.5%,1.5,45,7792,0.605364476386037,0.010525425905436855,2.2784982786557997,0.05454312114989733
>=7%,3.0%,0.5%,1.5,60,8716,0.5929325378614043,0.009426318571350612,2.1414267443101673,0.05507113354749885
>=7%,3.0%,0.5%,1.5,90,9908,0.5746871215179653,0.008261081013902796,1.9937920768146338,0.05601534113847396
>=7%,3.0%,0.5%,1.5,120,10719,0.5619927232017912,0.00747564064973143,1.897796830530128,0.05793450881612091
>=7%,3.0%,0.5%,2.0,15,4230,0.6359338061465721,0.01380066050062459,2.6656875535281888,0.046335697399527184
>=7%,3.0%,0.5%,2.0,20,4946,0.6261625556004853,0.012754321584255662,2.5359830939779937,0.04892842701172665
>=7%,3.0%,0.5%,2.0,30,5927,0.6163320398177831,0.011481138999642938,2.3705880172175307,0.05230302007761093
>=7%,3.0%,0.5%,2.0,45,6966,0.6037898363479759,0.010350946094871822,2.2391490687491755,0.05426356589147287
>=7%,3.0%,0.5%,2.0,60,7678,0.5936441781713988,0.009461071375370524,2.135702155670083,0.05365980724146913
>=7%,3.0%,0.5%,2.0,90,8591,0.5753695728087533,0.00829103471300226,1.9898999051996156,0.05505761843790013
>=7%,3.0%,0.5%,2.0,120,9229,0.5626828475457796,0.007569845733079805,1.9009869764602512,0.056452486726622605
>=7%,3.0%,1.0%,1.0,15,4967,0.6418361183813167,0.014242906215313303,2.7806181776609056,0.028588685323132676
>=7%,3.0%,1.0%,1.0,20,5824,0.6320398351648352,0.01308248695025258,2.6111990709055943,0.03279532967032967
>=7%,3.0%,1.0%,1.0,30,7144,0.6237402015677491,0.01188640707625638,2.464934286671143,0.03429451287793953
>=7%,3.0%,1.0%,1.0,45,8569,0.6092892986346131,0.010570842724443422,2.311868103250049,0.03442642081923212
>=7%,3.0%,1.0%,1.0,60,9632,0.5972799003322259,0.009562012968217709,2.1858510591987987,0.03509136212624585
>=7%,3.0%,1.0%,1.0,90,11108,0.5772416276557436,0.008240046256384677,2.0129243024544814,0.03583003240907454
>=7%,3.0%,1.0%,1.0,120,12146,0.5626543718096493,0.007369330205202595,1.901797988723349,0.03688457105219826
>=7%,3.0%,1.0%,1.5,15,4595,0.6383025027203482,0.013979333493733847,2.713525670767382,0.029379760609358
>=7%,3.0%,1.0%,1.5,20,5404,0.6306439674315322,0.012994485771645251,2.5836996030362966,0.03275351591413768
>=7%,3.0%,1.0%,1.5,30,6545,0.6207792207792208,0.011797975470375727,2.43120478587425,0.03483575248281131
>=7%,3.0%,1.0%,1.5,45,7792,0.606006160164271,0.010578131162398988,2.2918737536830216,0.034394250513347026
>=7%,3.0%,1.0%,1.5,60,8716,0.593850390087196,0.009486725195575968,2.1548485493725122,0.03510784763653052
>=7%,3.0%,1.0%,1.5,90,9908,0.5755954784012919,0.008309860487922802,2.003726399717454,0.03572870407751312
>=7%,3.0%,1.0%,1.5,120,10719,0.5631122306185279,0.007553259640812715,1.9133014872754996,0.03610411418975651
>=7%,3.0%,1.0%,2.0,15,4230,0.6368794326241135,0.013858327913879687,2.681839315278753,0.029314420803782507
>=7%,3.0%,1.0%,2.0,20,4946,0.6269712899312576,0.01277585853131715,2.5406070482998335,0.03214718964820057
>=7%,3.0%,1.0%,2.0,30,5927,0.6170069174962038,0.011509767519827881,2.3772590371896247,0.033912603340644505
>=7%,3.0%,1.0%,2.0,45,6966,0.6045076083835774,0.010388430031409629,2.247854765907755,0.03474016652311226
>=7%,3.0%,1.0%,2.0,60,7678,0.5946861161760876,0.00951042084475842,2.1458008943689397,0.034253711904141705
>=7%,3.0%,1.0%,2.0,90,8591,0.5763007798859271,0.00832968554266203,1.9970947616136479,0.034571062740076826
>=7%,3.0%,1.0%,2.0,120,9229,0.5638747426590096,0.007640445830581668,1.9145126441119984,0.03499837468848196
>=10%,1.0%,0.3%,1.0,15,218,0.3577981651376147,0.00697550690060718,1.8983728765675396,0.0
>=10%,1.0%,0.3%,1.0,20,257,0.35797665369649806,0.006428327824358749,1.8316081362891266,0.0
>=10%,1.0%,0.3%,1.0,30,308,0.3961038961038961,0.008202896428266104,2.1272421990150394,0.0
>=10%,1.0%,0.3%,1.0,45,369,0.4065040650406504,0.007503896358137363,2.060462191112068,0.0
>=10%,1.0%,0.3%,1.0,60,407,0.4103194103194103,0.007918925314336507,2.1394160518047833,0.0
>=10%,1.0%,0.3%,1.0,90,471,0.40764331210191085,0.0073862160757277836,2.078651990751715,0.0
>=10%,1.0%,0.3%,1.0,120,517,0.3984526112185687,0.006773220060196114,1.9805850263655198,0.0
>=10%,1.0%,0.3%,1.5,15,207,0.3671497584541063,0.007258901700195786,1.939551218096445,0.0
>=10%,1.0%,0.3%,1.5,20,244,0.3729508196721312,0.007112349786649665,1.9417243130146276,0.0
>=10%,1.0%,0.3%,1.5,30,288,0.3958333333333333,0.008113365647776169,2.105943368483767,0.0
>=10%,1.0%,0.3%,1.5,45,342,0.40058479532163743,0.007670012227091857,2.06442735391626,0.0
>=10%,1.0%,0.3%,1.5,60,367,0.39509536784741145,0.007547177771042879,2.0549920368963424,0.0
>=10%,1.0%,0.3%,1.5,90,426,0.3967136150234742,0.007094491832392669,2.008207854136244,0.0
>=10%,1.0%,0.3%,1.5,120,461,0.3839479392624729,0.006491383652747652,1.9134158764402325,0.0
>=10%,1.0%,0.3%,2.0,15,189,0.3492063492063492,0.006434886216455133,1.8096833137859014,0.0
>=10%,1.0%,0.3%,2.0,20,225,0.36,0.006528336711299242,1.8415742758721851,0.0
>=10%,1.0%,0.3%,2.0,30,261,0.3831417624521073,0.007705288563811895,2.0287170632633416,0.0
>=10%,1.0%,0.3%,2.0,45,299,0.391304347826087,0.007229682411553573,1.9782604611459103,0.0
>=10%,1.0%,0.3%,2.0,60,330,0.3878787878787879,0.007618006925884952,2.047431942291774,0.0
>=10%,1.0%,0.3%,2.0,90,376,0.3882978723404255,0.007023228309386038,1.9877209963365439,0.0
>=10%,1.0%,0.3%,2.0,120,408,0.38480392156862747,0.0067387317138683026,1.9454245527687326,0.0
>=10%,1.0%,0.5%,1.0,15,218,0.3577981651376147,0.00697550690060718,1.8983728765675396,0.0
>=10%,1.0%,0.5%,1.0,20,257,0.35797665369649806,0.006428327824358749,1.8316081362891266,0.0
>=10%,1.0%,0.5%,1.0,30,308,0.3961038961038961,0.008202896428266104,2.1272421990150394,0.0
>=10%,1.0%,0.5%,1.0,45,369,0.4065040650406504,0.007503896358137363,2.060462191112068,0.0
>=10%,1.0%,0.5%,1.0,60,407,0.4103194103194103,0.007918925314336507,2.1394160518047833,0.0
>=10%,1.0%,0.5%,1.0,90,471,0.40764331210191085,0.0073862160757277836,2.078651990751715,0.0
>=10%,1.0%,0.5%,1.0,120,517,0.3984526112185687,0.006773220060196114,1.9805850263655198,0.0
>=10%,1.0%,0.5%,1.5,15,207,0.3671497584541063,0.007258901700195786,1.939551218096445,0.0
>=10%,1.0%,0.5%,1.5,20,244,0.3729508196721312,0.007112349786649665,1.9417243130146276,0.0
>=10%,1.0%,0.5%,1.5,30,288,0.3958333333333333,0.008113365647776169,2.105943368483767,0.0
>=10%,1.0%,0.5%,1.5,45,342,0.40058479532163743,0.007670012227091857,2.06442735391626,0.0
>=10%,1.0%,0.5%,1.5,60,367,0.39509536784741145,0.007547177771042879,2.0549920368963424,0.0
>=10%,1.0%,0.5%,1.5,90,426,0.3967136150234742,0.007094491832392669,2.008207854136244,0.0
>=10%,1.0%,0.5%,1.5,120,461,0.3839479392624729,0.006491383652747652,1.9134158764402325,0.0
>=10%,1.0%,0.5%,2.0,15,189,0.3492063492063492,0.006434886216455133,1.8096833137859014,0.0
>=10%,1.0%,0.5%,2.0,20,225,0.36,0.006528336711299242,1.8415742758721851,0.0
>=10%,1.0%,0.5%,2.0,30,261,0.3831417624521073,0.007705288563811895,2.0287170632633416,0.0
>=10%,1.0%,0.5%,2.0,45,299,0.391304347826087,0.007229682411553573,1.9782604611459103,0.0
>=10%,1.0%,0.5%,2.0,60,330,0.3878787878787879,0.007618006925884952,2.047431942291774,0.0
>=10%,1.0%,0.5%,2.0,90,376,0.3882978723404255,0.007023228309386038,1.9877209963365439,0.0
>=10%,1.0%,0.5%,2.0,120,408,0.38480392156862747,0.0067387317138683026,1.9454245527687326,0.0
>=10%,1.0%,1.0%,1.0,15,218,0.3577981651376147,0.00697550690060718,1.8983728765675396,0.0
>=10%,1.0%,1.0%,1.0,20,257,0.35797665369649806,0.006428327824358749,1.8316081362891266,0.0
>=10%,1.0%,1.0%,1.0,30,308,0.3961038961038961,0.008202896428266104,2.1272421990150394,0.0
>=10%,1.0%,1.0%,1.0,45,369,0.4065040650406504,0.007503896358137363,2.060462191112068,0.0
>=10%,1.0%,1.0%,1.0,60,407,0.4103194103194103,0.007918925314336507,2.1394160518047833,0.0
>=10%,1.0%,1.0%,1.0,90,471,0.40764331210191085,0.0073862160757277836,2.078651990751715,0.0
>=10%,1.0%,1.0%,1.0,120,517,0.3984526112185687,0.006773220060196114,1.9805850263655198,0.0
>=10%,1.0%,1.0%,1.5,15,207,0.3671497584541063,0.007258901700195786,1.939551218096445,0.0
>=10%,1.0%,1.0%,1.5,20,244,0.3729508196721312,0.007112349786649665,1.9417243130146276,0.0
>=10%,1.0%,1.0%,1.5,30,288,0.3958333333333333,0.008113365647776169,2.105943368483767,0.0
>=10%,1.0%,1.0%,1.5,45,342,0.40058479532163743,0.007670012227091857,2.06442735391626,0.0
>=10%,1.0%,1.0%,1.5,60,367,0.39509536784741145,0.007547177771042879,2.0549920368963424,0.0
>=10%,1.0%,1.0%,1.5,90,426,0.3967136150234742,0.007094491832392669,2.008207854136244,0.0
>=10%,1.0%,1.0%,1.5,120,461,0.3839479392624729,0.006491383652747652,1.9134158764402325,0.0
>=10%,1.0%,1.0%,2.0,15,189,0.3492063492063492,0.006434886216455133,1.8096833137859014,0.0
>=10%,1.0%,1.0%,2.0,20,225,0.36,0.006528336711299242,1.8415742758721851,0.0
>=10%,1.0%,1.0%,2.0,30,261,0.3831417624521073,0.007705288563811895,2.0287170632633416,0.0
>=10%,1.0%,1.0%,2.0,45,299,0.391304347826087,0.007229682411553573,1.9782604611459103,0.0
>=10%,1.0%,1.0%,2.0,60,330,0.3878787878787879,0.007618006925884952,2.047431942291774,0.0
>=10%,1.0%,1.0%,2.0,90,376,0.3882978723404255,0.007023228309386038,1.9877209963365439,0.0
>=10%,1.0%,1.0%,2.0,120,408,0.38480392156862747,0.0067387317138683026,1.9454245527687326,0.0
>=10%,1.5%,0.3%,1.0,15,185,0.3891891891891892,0.005751641805903104,1.5793088677894962,0.0
>=10%,1.5%,0.3%,1.0,20,215,0.3953488372093023,0.005430769209507579,1.556938412563512,0.0
>=10%,1.5%,0.3%,1.0,30,261,0.4329501915708812,0.007221479803549497,1.793892285204252,0.0
>=10%,1.5%,0.3%,1.0,45,313,0.4440894568690096,0.006282312062643767,1.7083761362532988,0.0
>=10%,1.5%,0.3%,1.0,60,347,0.4438040345821326,0.006650607727385874,1.7612879304277433,0.0
>=10%,1.5%,0.3%,1.0,90,394,0.43908629441624364,0.00638271017334178,1.7471056056818937,0.0
>=10%,1.5%,0.3%,1.0,120,431,0.42923433874709976,0.005747231064427372,1.6671216193586291,0.0
>=10%,1.5%,0.3%,1.5,15,175,0.4,0.006172040530109322,1.628394669841019,0.0
>=10%,1.5%,0.3%,1.5,20,204,0.4117647058823529,0.006281841819852836,1.6650490471086656,0.0
>=10%,1.5%,0.3%,1.5,30,242,0.43388429752066116,0.007288452013189296,1.7982921642660015,0.0
>=10%,1.5%,0.3%,1.5,45,287,0.4425087108013937,0.006710027308790839,1.7472580002483367,0.0
>=10%,1.5%,0.3%,1.5,60,309,0.4336569579288026,0.006481634936421126,1.72296630103666,0.0
>=10%,1.5%,0.3%,1.5,90,355,0.428169014084507,0.006103907087678514,1.6941593932316348,0.0
>=10%,1.5%,0.3%,1.5,120,384,0.4166666666666667,0.005359997333584401,1.598030805796887,0.0
>=10%,1.5%,0.3%,2.0,15,157,0.3821656050955414,0.005506238949740934,1.5452342927668703,0.0
>=10%,1.5%,0.3%,2.0,20,185,0.4,0.005863080802911603,1.6044215967259365,0.0
>=10%,1.5%,0.3%,2.0,30,217,0.423963133640553,0.007017330068116354,1.752396936286075,0.0
>=10%,1.5%,0.3%,2.0,45,252,0.43253968253968256,0.006094124587343317,1.656182678315174,0.0
>=10%,1.5%,0.3%,2.0,60,279,0.4265232974910394,0.00645939407108792,1.7018849023305658,0.0
>=10%,1.5%,0.3%,2.0,90,315,0.4253968253968254,0.005906023174026518,1.6590615150077446,0.0
>=10%,1.5%,0.3%,2.0,120,343,0.41690962099125367,0.005527852808798547,1.6145302684194653,0.0
>=10%,1.5%,0.5%,1.0,15,185,0.3891891891891892,0.005751641805903104,1.5793088677894962,0.0
>=10%,1.5%,0.5%,1.0,20,215,0.3953488372093023,0.005430769209507579,1.556938412563512,0.0
>=10%,1.5%,0.5%,1.0,30,261,0.4329501915708812,0.007221479803549497,1.793892285204252,0.0
>=10%,1.5%,0.5%,1.0,45,313,0.4440894568690096,0.006282312062643767,1.7083761362532988,0.0
>=10%,1.5%,0.5%,1.0,60,347,0.4438040345821326,0.006650607727385874,1.7612879304277433,0.0
>=10%,1.5%,0.5%,1.0,90,394,0.43908629441624364,0.00638271017334178,1.7471056056818937,0.0
>=10%,1.5%,0.5%,1.0,120,431,0.42923433874709976,0.005747231064427372,1.6671216193586291,0.0
>=10%,1.5%,0.5%,1.5,15,175,0.4,0.006172040530109322,1.628394669841019,0.0
>=10%,1.5%,0.5%,1.5,20,204,0.4117647058823529,0.006281841819852836,1.6650490471086656,0.0
>=10%,1.5%,0.5%,1.5,30,242,0.43388429752066116,0.007288452013189296,1.7982921642660015,0.0
>=10%,1.5%,0.5%,1.5,45,287,0.4425087108013937,0.006710027308790839,1.7472580002483367,0.0
>=10%,1.5%,0.5%,1.5,60,309,0.4336569579288026,0.006481634936421126,1.72296630103666,0.0
>=10%,1.5%,0.5%,1.5,90,355,0.428169014084507,0.006103907087678514,1.6941593932316348,0.0
>=10%,1.5%,0.5%,1.5,120,384,0.4166666666666667,0.005359997333584401,1.598030805796887,0.0
>=10%,1.5%,0.5%,2.0,15,157,0.3821656050955414,0.005506238949740934,1.5452342927668703,0.0
>=10%,1.5%,0.5%,2.0,20,185,0.4,0.005863080802911603,1.6044215967259365,0.0
>=10%,1.5%,0.5%,2.0,30,217,0.423963133640553,0.007017330068116354,1.752396936286075,0.0
>=10%,1.5%,0.5%,2.0,45,252,0.43253968253968256,0.006094124587343317,1.656182678315174,0.0
>=10%,1.5%,0.5%,2.0,60,279,0.4265232974910394,0.00645939407108792,1.7018849023305658,0.0
>=10%,1.5%,0.5%,2.0,90,315,0.4253968253968254,0.005906023174026518,1.6590615150077446,0.0
>=10%,1.5%,0.5%,2.0,120,343,0.41690962099125367,0.005527852808798547,1.6145302684194653,0.0
>=10%,1.5%,1.0%,1.0,15,185,0.3891891891891892,0.005751641805903104,1.5793088677894962,0.0
>=10%,1.5%,1.0%,1.0,20,215,0.3953488372093023,0.005430769209507579,1.556938412563512,0.0
>=10%,1.5%,1.0%,1.0,30,261,0.4329501915708812,0.007221479803549497,1.793892285204252,0.0
>=10%,1.5%,1.0%,1.0,45,313,0.4440894568690096,0.006282312062643767,1.7083761362532988,0.0
>=10%,1.5%,1.0%,1.0,60,347,0.4438040345821326,0.006650607727385874,1.7612879304277433,0.0
>=10%,1.5%,1.0%,1.0,90,394,0.43908629441624364,0.00638271017334178,1.7471056056818937,0.0
>=10%,1.5%,1.0%,1.0,120,431,0.42923433874709976,0.005747231064427372,1.6671216193586291,0.0
>=10%,1.5%,1.0%,1.5,15,175,0.4,0.006172040530109322,1.628394669841019,0.0
>=10%,1.5%,1.0%,1.5,20,204,0.4117647058823529,0.006281841819852836,1.6650490471086656,0.0
>=10%,1.5%,1.0%,1.5,30,242,0.43388429752066116,0.007288452013189296,1.7982921642660015,0.0
>=10%,1.5%,1.0%,1.5,45,287,0.4425087108013937,0.006710027308790839,1.7472580002483367,0.0
>=10%,1.5%,1.0%,1.5,60,309,0.4336569579288026,0.006481634936421126,1.72296630103666,0.0
>=10%,1.5%,1.0%,1.5,90,355,0.428169014084507,0.006103907087678514,1.6941593932316348,0.0
>=10%,1.5%,1.0%,1.5,120,384,0.4166666666666667,0.005359997333584401,1.598030805796887,0.0
>=10%,1.5%,1.0%,2.0,15,157,0.3821656050955414,0.005506238949740934,1.5452342927668703,0.0
>=10%,1.5%,1.0%,2.0,20,185,0.4,0.005863080802911603,1.6044215967259365,0.0
>=10%,1.5%,1.0%,2.0,30,217,0.423963133640553,0.007017330068116354,1.752396936286075,0.0
>=10%,1.5%,1.0%,2.0,45,252,0.43253968253968256,0.006094124587343317,1.656182678315174,0.0
>=10%,1.5%,1.0%,2.0,60,279,0.4265232974910394,0.00645939407108792,1.7018849023305658,0.0
>=10%,1.5%,1.0%,2.0,90,315,0.4253968253968254,0.005906023174026518,1.6590615150077446,0.0
>=10%,1.5%,1.0%,2.0,120,343,0.41690962099125367,0.005527852808798547,1.6145302684194653,0.0
>=10%,2.0%,0.3%,1.0,15,163,0.38650306748466257,0.003890279771180276,1.3220602304785194,0.0
>=10%,2.0%,0.3%,1.0,20,187,0.39037433155080214,0.0038749441032946783,1.3311162331462798,0.0
>=10%,2.0%,0.3%,1.0,30,223,0.4484304932735426,0.006690838217495056,1.6528928865389356,0.0
>=10%,2.0%,0.3%,1.0,45,268,0.4552238805970149,0.005280606989931422,1.5202140005778229,0.0
>=10%,2.0%,0.3%,1.0,60,296,0.4594594594594595,0.005784355181470798,1.580947569232165,0.0
>=10%,2.0%,0.3%,1.0,90,332,0.4578313253012048,0.0056183375652687495,1.5727779043837222,0.0
>=10%,2.0%,0.3%,1.0,120,356,0.449438202247191,0.005276129224797079,1.5374292529196212,0.0
>=10%,2.0%,0.3%,1.5,15,154,0.3961038961038961,0.0047039256967963475,1.4058925762646182,0.0
>=10%,2.0%,0.3%,1.5,20,178,0.4044943820224719,0.005071398930275031,1.460695976030575,0.0
>=10%,2.0%,0.3%,1.5,30,206,0.45145631067961167,0.00690556947382725,1.6775294722016934,0.0
>=10%,2.0%,0.3%,1.5,45,245,0.46122448979591835,0.0058367003355356125,1.5683579979525812,0.0
>=10%,2.0%,0.3%,1.5,60,262,0.4541984732824427,0.005742243160735154,1.5621119473887664,0.0
>=10%,2.0%,0.3%,1.5,90,298,0.4463087248322148,0.005362307997301521,1.5283723812993604,0.0
>=10%,2.0%,0.3%,1.5,120,316,0.43670886075949367,0.004893405493932074,1.4759498646304021,0.0
>=10%,2.0%,0.3%,2.0,15,137,0.38686131386861317,0.004279011977394532,1.3618607458349938,0.0
>=10%,2.0%,0.3%,2.0,20,161,0.39751552795031053,0.004730675284870571,1.419598812120584,0.0
>=10%,2.0%,0.3%,2.0,30,186,0.44086021505376344,0.006468826849083506,1.6168666176314435,0.0
>=10%,2.0%,0.3%,2.0,45,216,0.44907407407407407,0.005291211292284935,1.5075253428659983,0.0
>=10%,2.0%,0.3%,2.0,60,237,0.4472573839662447,0.00565355384462568,1.5358295596764249,0.0
>=10%,2.0%,0.3%,2.0,90,261,0.4482758620689655,0.005466150276206828,1.5335303427885663,0.0
>=10%,2.0%,0.3%,2.0,120,281,0.43416370106761565,0.005180756527987649,1.501948442758079,0.0
>=10%,2.0%,0.5%,1.0,15,163,0.38650306748466257,0.003890279771180276,1.3220602304785194,0.0
>=10%,2.0%,0.5%,1.0,20,187,0.39037433155080214,0.0038749441032946783,1.3311162331462798,0.0
>=10%,2.0%,0.5%,1.0,30,223,0.4484304932735426,0.006690838217495056,1.6528928865389356,0.0
>=10%,2.0%,0.5%,1.0,45,268,0.4552238805970149,0.005280606989931422,1.5202140005778229,0.0
>=10%,2.0%,0.5%,1.0,60,296,0.4594594594594595,0.005784355181470798,1.580947569232165,0.0
>=10%,2.0%,0.5%,1.0,90,332,0.4578313253012048,0.0056183375652687495,1.5727779043837222,0.0
>=10%,2.0%,0.5%,1.0,120,356,0.449438202247191,0.005276129224797079,1.5374292529196212,0.0
>=10%,2.0%,0.5%,1.5,15,154,0.3961038961038961,0.0047039256967963475,1.4058925762646182,0.0
>=10%,2.0%,0.5%,1.5,20,178,0.4044943820224719,0.005071398930275031,1.460695976030575,0.0
>=10%,2.0%,0.5%,1.5,30,206,0.45145631067961167,0.00690556947382725,1.6775294722016934,0.0
>=10%,2.0%,0.5%,1.5,45,245,0.46122448979591835,0.0058367003355356125,1.5683579979525812,0.0
>=10%,2.0%,0.5%,1.5,60,262,0.4541984732824427,0.005742243160735154,1.5621119473887664,0.0
>=10%,2.0%,0.5%,1.5,90,298,0.4463087248322148,0.005362307997301521,1.5283723812993604,0.0
>=10%,2.0%,0.5%,1.5,120,316,0.43670886075949367,0.004893405493932074,1.4759498646304021,0.0
>=10%,2.0%,0.5%,2.0,15,137,0.38686131386861317,0.004279011977394532,1.3618607458349938,0.0
>=10%,2.0%,0.5%,2.0,20,161,0.39751552795031053,0.004730675284870571,1.419598812120584,0.0
>=10%,2.0%,0.5%,2.0,30,186,0.44086021505376344,0.006468826849083506,1.6168666176314435,0.0
>=10%,2.0%,0.5%,2.0,45,216,0.44907407407407407,0.005291211292284935,1.5075253428659983,0.0
>=10%,2.0%,0.5%,2.0,60,237,0.4472573839662447,0.00565355384462568,1.5358295596764249,0.0
>=10%,2.0%,0.5%,2.0,90,261,0.4482758620689655,0.005466150276206828,1.5335303427885663,0.0
>=10%,2.0%,0.5%,2.0,120,281,0.43416370106761565,0.005180756527987649,1.501948442758079,0.0
>=10%,2.0%,1.0%,1.0,15,163,0.38650306748466257,0.003890279771180276,1.3220602304785194,0.0
>=10%,2.0%,1.0%,1.0,20,187,0.39037433155080214,0.0038749441032946783,1.3311162331462798,0.0
>=10%,2.0%,1.0%,1.0,30,223,0.4484304932735426,0.006690838217495056,1.6528928865389356,0.0
>=10%,2.0%,1.0%,1.0,45,268,0.4552238805970149,0.005280606989931422,1.5202140005778229,0.0
>=10%,2.0%,1.0%,1.0,60,296,0.4594594594594595,0.005784355181470798,1.580947569232165,0.0
>=10%,2.0%,1.0%,1.0,90,332,0.4578313253012048,0.0056183375652687495,1.5727779043837222,0.0
>=10%,2.0%,1.0%,1.0,120,356,0.449438202247191,0.005276129224797079,1.5374292529196212,0.0
>=10%,2.0%,1.0%,1.5,15,154,0.3961038961038961,0.0047039256967963475,1.4058925762646182,0.0
>=10%,2.0%,1.0%,1.5,20,178,0.4044943820224719,0.005071398930275031,1.460695976030575,0.0
>=10%,2.0%,1.0%,1.5,30,206,0.45145631067961167,0.00690556947382725,1.6775294722016934,0.0
>=10%,2.0%,1.0%,1.5,45,245,0.46122448979591835,0.0058367003355356125,1.5683579979525812,0.0
>=10%,2.0%,1.0%,1.5,60,262,0.4541984732824427,0.005742243160735154,1.5621119473887664,0.0
>=10%,2.0%,1.0%,1.5,90,298,0.4463087248322148,0.005362307997301521,1.5283723812993604,0.0
>=10%,2.0%,1.0%,1.5,120,316,0.43670886075949367,0.004893405493932074,1.4759498646304021,0.0
>=10%,2.0%,1.0%,2.0,15,137,0.38686131386861317,0.004279011977394532,1.3618607458349938,0.0
>=10%,2.0%,1.0%,2.0,20,161,0.39751552795031053,0.004730675284870571,1.419598812120584,0.0
>=10%,2.0%,1.0%,2.0,30,186,0.44086021505376344,0.006468826849083506,1.6168666176314435,0.0
>=10%,2.0%,1.0%,2.0,45,216,0.44907407407407407,0.005291211292284935,1.5075253428659983,0.0
>=10%,2.0%,1.0%,2.0,60,237,0.4472573839662447,0.00565355384462568,1.5358295596764249,0.0
>=10%,2.0%,1.0%,2.0,90,261,0.4482758620689655,0.005466150276206828,1.5335303427885663,0.0
>=10%,2.0%,1.0%,2.0,120,281,0.43416370106761565,0.005180756527987649,1.501948442758079,0.0
>=10%,2.5%,0.3%,1.0,15,144,0.3888888888888889,0.0016047747988439584,1.110470009352707,0.0
>=10%,2.5%,0.3%,1.0,20,166,0.39759036144578314,0.0013777684291935899,1.0969051060636952,0.0
>=10%,2.5%,0.3%,1.0,30,200,0.45,0.004309216080651838,1.3484677878460047,0.0
>=10%,2.5%,0.3%,1.0,45,238,0.4495798319327731,0.0029647611859407222,1.245503449747798,0.0
>=10%,2.5%,0.3%,1.0,60,262,0.44656488549618323,0.0036616301005246033,1.3101950263018576,0.0
>=10%,2.5%,0.3%,1.0,90,288,0.4548611111111111,0.00395301776307738,1.3444844135992202,0.0
>=10%,2.5%,0.3%,1.0,120,309,0.44336569579288027,0.0034382212631616674,1.2957735733530202,0.0
>=10%,2.5%,0.3%,1.5,15,136,0.39705882352941174,0.002450195978494724,1.1749906374173815,0.0
>=10%,2.5%,0.3%,1.5,20,159,0.4088050314465409,0.0024917149238656783,1.184555269861017,0.0
>=10%,2.5%,0.3%,1.5,30,184,0.45108695652173914,0.004523636898583811,1.365902869212509,0.0
>=10%,2.5%,0.3%,1.5,45,218,0.44954128440366975,0.0035039447071063463,1.286494535585658,0.0
>=10%,2.5%,0.3%,1.5,60,234,0.43162393162393164,0.003330360002560121,1.271818010564129,0.0
>=10%,2.5%,0.3%,1.5,90,258,0.4418604651162791,0.0037051642207508967,1.311246480572697,0.0
>=10%,2.5%,0.3%,1.5,120,272,0.43014705882352944,0.003209578804986779,1.2641766537093233,0.0
>=10%,2.5%,0.3%,2.0,15,121,0.39669421487603307,0.0019816436593867812,1.1386023109707701,0.0
>=10%,2.5%,0.3%,2.0,20,143,0.4125874125874126,0.0022716123154453206,1.1649121739457755,0.0
>=10%,2.5%,0.3%,2.0,30,166,0.4397590361445783,0.004071832341175353,1.3191871845764445,0.0
>=10%,2.5%,0.3%,2.0,45,190,0.4473684210526316,0.0031223607412530214,1.2506178821269005,0.0
>=10%,2.5%,0.3%,2.0,60,209,0.4354066985645933,0.003565234299014532,1.2837282558189749,0.0
>=10%,2.5%,0.3%,2.0,90,225,0.4533333333333333,0.003988589546321002,1.334743951316928,0.0
>=10%,2.5%,0.3%,2.0,120,242,0.4380165289256198,0.003547494939231252,1.2911858203775703,0.0
>=10%,2.5%,0.5%,1.0,15,144,0.3888888888888889,0.0016047747988439584,1.110470009352707,0.0
>=10%,2.5%,0.5%,1.0,20,166,0.39759036144578314,0.0013777684291935899,1.0969051060636952,0.0
>=10%,2.5%,0.5%,1.0,30,200,0.45,0.004309216080651838,1.3484677878460047,0.0
>=10%,2.5%,0.5%,1.0,45,238,0.4495798319327731,0.0029647611859407222,1.245503449747798,0.0
>=10%,2.5%,0.5%,1.0,60,262,0.44656488549618323,0.0036616301005246033,1.3101950263018576,0.0
>=10%,2.5%,0.5%,1.0,90,288,0.4548611111111111,0.00395301776307738,1.3444844135992202,0.0
>=10%,2.5%,0.5%,1.0,120,309,0.44336569579288027,0.0034382212631616674,1.2957735733530202,0.0
>=10%,2.5%,0.5%,1.5,15,136,0.39705882352941174,0.002450195978494724,1.1749906374173815,0.0
>=10%,2.5%,0.5%,1.5,20,159,0.4088050314465409,0.0024917149238656783,1.184555269861017,0.0
>=10%,2.5%,0.5%,1.5,30,184,0.45108695652173914,0.004523636898583811,1.365902869212509,0.0
>=10%,2.5%,0.5%,1.5,45,218,0.44954128440366975,0.0035039447071063463,1.286494535585658,0.0
>=10%,2.5%,0.5%,1.5,60,234,0.43162393162393164,0.003330360002560121,1.271818010564129,0.0
>=10%,2.5%,0.5%,1.5,90,258,0.4418604651162791,0.0037051642207508967,1.311246480572697,0.0
>=10%,2.5%,0.5%,1.5,120,272,0.43014705882352944,0.003209578804986779,1.2641766537093233,0.0
>=10%,2.5%,0.5%,2.0,15,121,0.39669421487603307,0.0019816436593867812,1.1386023109707701,0.0
>=10%,2.5%,0.5%,2.0,20,143,0.4125874125874126,0.0022716123154453206,1.1649121739457755,0.0
>=10%,2.5%,0.5%,2.0,30,166,0.4397590361445783,0.004071832341175353,1.3191871845764445,0.0
>=10%,2.5%,0.5%,2.0,45,190,0.4473684210526316,0.0031223607412530214,1.2506178821269005,0.0
>=10%,2.5%,0.5%,2.0,60,209,0.4354066985645933,0.003565234299014532,1.2837282558189749,0.0
>=10%,2.5%,0.5%,2.0,90,225,0.4533333333333333,0.003988589546321002,1.334743951316928,0.0
>=10%,2.5%,0.5%,2.0,120,242,0.4380165289256198,0.003547494939231252,1.2911858203775703,0.0
>=10%,2.5%,1.0%,1.0,15,144,0.3888888888888889,0.0016047747988439584,1.110470009352707,0.0
>=10%,2.5%,1.0%,1.0,20,166,0.39759036144578314,0.0013777684291935899,1.0969051060636952,0.0
>=10%,2.5%,1.0%,1.0,30,200,0.45,0.004309216080651838,1.3484677878460047,0.0
>=10%,2.5%,1.0%,1.0,45,238,0.4495798319327731,0.0029647611859407222,1.245503449747798,0.0
>=10%,2.5%,1.0%,1.0,60,262,0.44656488549618323,0.0036616301005246033,1.3101950263018576,0.0
>=10%,2.5%,1.0%,1.0,90,288,0.4548611111111111,0.00395301776307738,1.3444844135992202,0.0
>=10%,2.5%,1.0%,1.0,120,309,0.44336569579288027,0.0034382212631616674,1.2957735733530202,0.0
>=10%,2.5%,1.0%,1.5,15,136,0.39705882352941174,0.002450195978494724,1.1749906374173815,0.0
>=10%,2.5%,1.0%,1.5,20,159,0.4088050314465409,0.0024917149238656783,1.184555269861017,0.0
>=10%,2.5%,1.0%,1.5,30,184,0.45108695652173914,0.004523636898583811,1.365902869212509,0.0
>=10%,2.5%,1.0%,1.5,45,218,0.44954128440366975,0.0035039447071063463,1.286494535585658,0.0
>=10%,2.5%,1.0%,1.5,60,234,0.43162393162393164,0.003330360002560121,1.271818010564129,0.0
>=10%,2.5%,1.0%,1.5,90,258,0.4418604651162791,0.0037051642207508967,1.311246480572697,0.0
>=10%,2.5%,1.0%,1.5,120,272,0.43014705882352944,0.003209578804986779,1.2641766537093233,0.0
>=10%,2.5%,1.0%,2.0,15,121,0.39669421487603307,0.0019816436593867812,1.1386023109707701,0.0
>=10%,2.5%,1.0%,2.0,20,143,0.4125874125874126,0.0022716123154453206,1.1649121739457755,0.0
>=10%,2.5%,1.0%,2.0,30,166,0.4397590361445783,0.004071832341175353,1.3191871845764445,0.0
>=10%,2.5%,1.0%,2.0,45,190,0.4473684210526316,0.0031223607412530214,1.2506178821269005,0.0
>=10%,2.5%,1.0%,2.0,60,209,0.4354066985645933,0.003565234299014532,1.2837282558189749,0.0
>=10%,2.5%,1.0%,2.0,90,225,0.4533333333333333,0.003988589546321002,1.334743951316928,0.0
>=10%,2.5%,1.0%,2.0,120,242,0.4380165289256198,0.003547494939231252,1.2911858203775703,0.0
>=10%,3.0%,0.3%,1.0,15,124,0.4032258064516129,0.0006209294499687053,1.0385262574017955,0.0
>=10%,3.0%,0.3%,1.0,20,144,0.4097222222222222,9.747487415156699e-05,1.006136544403856,0.0
>=10%,3.0%,0.3%,1.0,30,176,0.44886363636363635,0.0030581118647087413,1.2239759703558677,0.0
>=10%,3.0%,0.3%,1.0,45,208,0.44711538461538464,0.0015295977541370462,1.1136812615106535,0.0
>=10%,3.0%,0.3%,1.0,60,228,0.4517543859649123,0.0024157813015818715,1.1849905138064796,0.0
>=10%,3.0%,0.3%,1.0,90,255,0.45098039215686275,0.002302607431784925,1.1794319007083938,0.0
>=10%,3.0%,0.3%,1.0,120,274,0.43795620437956206,0.001671022440729345,1.1276770960214797,0.0
>=10%,3.0%,0.3%,1.5,15,117,0.41025641025641024,0.0015861832969528958,1.1021611401270561,0.0
>=10%,3.0%,0.3%,1.5,20,138,0.42028985507246375,0.001307308305437,1.0867590875880286,0.0
>=10%,3.0%,0.3%,1.5,30,164,0.4451219512195122,0.00287950823276992,1.208162962578502,0.0
>=10%,3.0%,0.3%,1.5,45,190,0.4473684210526316,0.0022929283976038726,1.1702257064286055,0.0
>=10%,3.0%,0.3%,1.5,60,204,0.43137254901960786,0.0020209361718926924,1.148153151768391,0.0
>=10%,3.0%,0.3%,1.5,90,228,0.44298245614035087,0.0020024524485290837,1.149043589348953,0.0
>=10%,3.0%,0.3%,1.5,120,239,0.4351464435146444,0.001663027355829991,1.1221437987149658,0.0
>=10%,3.0%,0.3%,2.0,15,104,0.40384615384615385,0.0010899539346606048,1.0688683238118029,0.0
>=10%,3.0%,0.3%,2.0,20,125,0.416,0.00093769791041393,1.061097985616291,0.0
>=10%,3.0%,0.3%,2.0,30,147,0.43537414965986393,0.002614384359189246,1.1842376800696701,0.0
>=10%,3.0%,0.3%,2.0,45,167,0.437125748502994,0.0016573433180597419,1.1197893228703768,0.0
>=10%,3.0%,0.3%,2.0,60,182,0.43956043956043955,0.002460276681246891,1.1778518020574118,0.0
>=10%,3.0%,0.3%,2.0,90,199,0.45226130653266333,0.002442902287562187,1.18422596831288,0.0
>=10%,3.0%,0.3%,2.0,120,214,0.4392523364485981,0.0020708948165822027,1.1532314090235973,0.0
>=10%,3.0%,0.5%,1.0,15,124,0.4032258064516129,0.0006209294499687053,1.0385262574017955,0.0
>=10%,3.0%,0.5%,1.0,20,144,0.4097222222222222,9.747487415156699e-05,1.006136544403856,0.0
>=10%,3.0%,0.5%,1.0,30,176,0.44886363636363635,0.0030581118647087413,1.2239759703558677,0.0
>=10%,3.0%,0.5%,1.0,45,208,0.44711538461538464,0.0015295977541370462,1.1136812615106535,0.0
>=10%,3.0%,0.5%,1.0,60,228,0.4517543859649123,0.0024157813015818715,1.1849905138064796,0.0
>=10%,3.0%,0.5%,1.0,90,255,0.45098039215686275,0.002302607431784925,1.1794319007083938,0.0
>=10%,3.0%,0.5%,1.0,120,274,0.43795620437956206,0.001671022440729345,1.1276770960214797,0.0
>=10%,3.0%,0.5%,1.5,15,117,0.41025641025641024,0.0015861832969528958,1.1021611401270561,0.0
>=10%,3.0%,0.5%,1.5,20,138,0.42028985507246375,0.001307308305437,1.0867590875880286,0.0
>=10%,3.0%,0.5%,1.5,30,164,0.4451219512195122,0.00287950823276992,1.208162962578502,0.0
>=10%,3.0%,0.5%,1.5,45,190,0.4473684210526316,0.0022929283976038726,1.1702257064286055,0.0
>=10%,3.0%,0.5%,1.5,60,204,0.43137254901960786,0.0020209361718926924,1.148153151768391,0.0
>=10%,3.0%,0.5%,1.5,90,228,0.44298245614035087,0.0020024524485290837,1.149043589348953,0.0
>=10%,3.0%,0.5%,1.5,120,239,0.4351464435146444,0.001663027355829991,1.1221437987149658,0.0
>=10%,3.0%,0.5%,2.0,15,104,0.40384615384615385,0.0010899539346606048,1.0688683238118029,0.0
>=10%,3.0%,0.5%,2.0,20,125,0.416,0.00093769791041393,1.061097985616291,0.0
>=10%,3.0%,0.5%,2.0,30,147,0.43537414965986393,0.002614384359189246,1.1842376800696701,0.0
>=10%,3.0%,0.5%,2.0,45,167,0.437125748502994,0.0016573433180597419,1.1197893228703768,0.0
>=10%,3.0%,0.5%,2.0,60,182,0.43956043956043955,0.002460276681246891,1.1778518020574118,0.0
>=10%,3.0%,0.5%,2.0,90,199,0.45226130653266333,0.002442902287562187,1.18422596831288,0.0
>=10%,3.0%,0.5%,2.0,120,214,0.4392523364485981,0.0020708948165822027,1.1532314090235973,0.0
>=10%,3.0%,1.0%,1.0,15,124,0.4032258064516129,0.0006209294499687053,1.0385262574017955,0.0
>=10%,3.0%,1.0%,1.0,20,144,0.4097222222222222,9.747487415156699e-05,1.006136544403856,0.0
>=10%,3.0%,1.0%,1.0,30,176,0.44886363636363635,0.0030581118647087413,1.2239759703558677,0.0
>=10%,3.0%,1.0%,1.0,45,208,0.44711538461538464,0.0015295977541370462,1.1136812615106535,0.0
>=10%,3.0%,1.0%,1.0,60,228,0.4517543859649123,0.0024157813015818715,1.1849905138064796,0.0
>=10%,3.0%,1.0%,1.0,90,255,0.45098039215686275,0.002302607431784925,1.1794319007083938,0.0
>=10%,3.0%,1.0%,1.0,120,274,0.43795620437956206,0.001671022440729345,1.1276770960214797,0.0
>=10%,3.0%,1.0%,1.5,15,117,0.41025641025641024,0.0015861832969528958,1.1021611401270561,0.0
>=10%,3.0%,1.0%,1.5,20,138,0.42028985507246375,0.001307308305437,1.0867590875880286,0.0
>=10%,3.0%,1.0%,1.5,30,164,0.4451219512195122,0.00287950823276992,1.208162962578502,0.0
>=10%,3.0%,1.0%,1.5,45,190,0.4473684210526316,0.0022929283976038726,1.1702257064286055,0.0
>=10%,3.0%,1.0%,1.5,60,204,0.43137254901960786,0.0020209361718926924,1.148153151768391,0.0
>=10%,3.0%,1.0%,1.5,90,228,0.44298245614035087,0.0020024524485290837,1.149043589348953,0.0
>=10%,3.0%,1.0%,1.5,120,239,0.4351464435146444,0.001663027355829991,1.1221437987149658,0.0
>=10%,3.0%,1.0%,2.0,15,104,0.40384615384615385,0.0010899539346606048,1.0688683238118029,0.0
>=10%,3.0%,1.0%,2.0,20,125,0.416,0.00093769791041393,1.061097985616291,0.0
>=10%,3.0%,1.0%,2.0,30,147,0.43537414965986393,0.002614384359189246,1.1842376800696701,0.0
>=10%,3.0%,1.0%,2.0,45,167,0.437125748502994,0.0016573433180597419,1.1197893228703768,0.0
>=10%,3.0%,1.0%,2.0,60,182,0.43956043956043955,0.002460276681246891,1.1778518020574118,0.0
>=10%,3.0%,1.0%,2.0,90,199,0.45226130653266333,0.002442902287562187,1.18422596831288,0.0
>=10%,3.0%,1.0%,2.0,120,214,0.4392523364485981,0.0020708948165822027,1.1532314090235973,0.0
